# Blender 4.5.3 LTS
# www.blender.org
o KB3D_SBO_VehicFighter_A_Body.001
v -1.563608 1.320095 1.786596
v -1.563107 0.000000 2.118681
v -1.563413 1.048297 2.079013
v 5.999359 1.121968 1.997021
v 5.999348 1.485454 1.605593
v 2.218333 1.387893 1.724854
v 2.217952 1.085250 2.037789
v 2.218089 0.000000 2.066795
v 6.404973 0.470022 1.904258
v 5.679040 0.543393 1.906527
v -5.127507 1.016566 2.114209
v 6.555779 0.232660 1.929569
v -5.255309 1.272936 1.857194
v 5.397259 0.000000 1.935340
v -5.124366 0.000000 2.155636
v 6.591713 0.000000 1.930421
v 6.074623 0.622037 1.906442
v 5.413033 0.240235 1.906527
v -5.557722 1.196048 1.771099
v -5.568742 0.000000 1.868643
v -5.349203 1.013631 2.117551
v 9.486338 0.000000 1.854200
v 9.432566 0.674578 1.953032
v 9.450808 1.152380 1.949351
v 9.447949 1.566555 1.465224
v 4.936083 0.000000 1.973862
v -1.292453 0.593205 2.033770
v -1.828577 0.594745 2.046144
v 4.866601 0.539783 1.917223
v 4.810837 0.602940 1.917838
v 2.549073 0.684588 1.977445
v -4.857183 0.557714 2.073116
v 5.272544 0.488208 2.039992
v 1.948144 0.627933 2.000161
v 8.701728 0.000000 1.983533
v 8.521358 0.754299 1.982174
v 8.864743 0.631344 1.975361
v -5.517887 0.310085 1.801724
v -5.246612 0.000000 1.292257
v -5.475508 0.291316 1.360175
v 8.589923 1.139032 1.961802
v 8.452491 1.514792 1.537813
v -11.940762 0.000000 0.817477
v -11.851738 0.789926 0.748691
v -11.677630 0.679731 0.966431
v -6.895826 1.012597 1.320595
v -6.895805 1.088873 0.941085
v -9.656797 0.844922 1.103593
v -6.884702 0.701052 1.340960
v -6.325996 1.219245 1.039762
v -6.306672 0.737894 1.445216
v -6.881671 1.145638 0.991051
v -9.658802 0.000000 1.115945
v -9.658105 0.924329 0.855002
v -5.544007 0.713820 1.410654
v -8.937603 0.521138 0.909905
v -9.015495 0.000000 1.022792
v -7.273530 0.425875 1.266689
v -9.057108 0.483961 1.127257
v 9.992541 1.739616 -0.824142
v 9.737780 2.190122 -0.746221
v 9.771319 1.629925 -0.266360
v 9.814404 1.455966 1.239364
v 10.007059 1.286981 -0.827856
v 10.300666 1.334941 0.946640
v 10.289695 1.537647 -0.441444
v 10.196411 1.196133 -0.575954
v 10.193473 0.000000 1.044221
v 10.325259 0.000000 0.421168
v 10.296535 0.673495 0.944054
v 9.576284 0.722329 1.359588
v 10.305024 0.609488 0.562120
v 9.471635 1.435193 1.221903
v 8.092712 1.156803 1.958151
v 5.995364 0.775320 2.004759
v 10.288168 0.000000 -0.198971
v 10.180949 0.620063 -0.564332
v 10.336054 0.623688 -0.263410
v 10.092752 0.285052 1.085786
v 9.519167 0.280683 1.738246
v -1.563608 -1.320095 1.786596
v -1.563413 -1.048297 2.079013
v 5.999359 -1.121968 1.997021
v 5.999348 -1.485454 1.605593
v 2.218333 -1.387893 1.724854
v 2.217952 -1.085250 2.037789
v 6.404973 -0.470022 1.904258
v 5.679040 -0.543393 1.906527
v 6.555779 -0.232660 1.929569
v -5.255309 -1.272936 1.857194
v -5.349203 -1.013631 2.117551
v 6.074623 -0.622037 1.906442
v -5.127507 -1.016566 2.114209
v 5.413033 -0.240235 1.906527
v -5.557722 -1.196048 1.771099
v 9.432566 -0.674578 1.953032
v 9.447949 -1.566555 1.465224
v -1.292453 -0.593205 2.033770
v -1.828577 -0.594745 2.046144
v 5.272544 -0.488208 2.039992
v 2.549073 -0.684588 1.977445
v 2.520804 -0.477114 1.940543
v -4.857183 -0.557714 2.073116
v 1.948144 -0.627933 2.000161
v 9.450808 -1.152380 1.949351
v 9.471413 -0.717696 1.287814
v 8.521358 -0.754299 1.982174
v 8.864743 -0.631344 1.975361
v -5.517887 -0.310085 1.801724
v -5.475508 -0.291316 1.360175
v 8.092712 -1.156803 1.958151
v 8.452491 -1.514792 1.537813
v 8.589923 -1.139032 1.961802
v -11.851738 -0.789926 0.748691
v -11.677630 -0.679731 0.966431
v -6.895826 -1.012597 1.320595
v -6.895805 -1.088873 0.941085
v -9.656797 -0.844922 1.103593
v -6.884702 -0.701052 1.340960
v -6.325996 -1.219245 1.039762
v -6.306672 -0.737894 1.445216
v -6.881672 -1.145633 0.991051
v -9.658105 -0.924329 0.855002
v -5.544008 -0.713814 1.410654
v -8.937603 -0.521138 0.909905
v -7.273530 -0.425875 1.266689
v -9.057108 -0.483961 1.127257
v 9.992541 -1.739616 -0.824142
v 9.737782 -2.190116 -0.746222
v 9.771319 -1.629925 -0.266360
v 9.814404 -1.455966 1.239364
v 10.007059 -1.286981 -0.827856
v 10.300666 -1.334941 0.946640
v 10.289695 -1.537647 -0.441444
v 10.196411 -1.196133 -0.575954
v 10.336054 -0.623688 -0.263410
v 10.296535 -0.673495 0.944054
v 9.802696 -0.717363 1.295126
v 10.305024 -0.609488 0.562120
v 9.471635 -1.435193 1.221903
v 5.995364 -0.775320 2.004759
v 10.180949 -0.620063 -0.564332
v 10.092752 -0.285052 1.085786
v 9.519167 -0.280683 1.738246
v -12.459585 1.132321 0.526957
v -10.614185 0.373636 -0.541553
v -9.657336 1.325544 -0.578038
v -12.471363 1.046058 0.760036
v -12.470025 1.354612 -0.320295
v -10.638739 0.000000 -0.542307
v -12.470287 0.995983 -0.551302
v -12.178287 0.000000 -0.566542
v -12.467435 1.378901 0.455569
v -12.507236 0.000000 0.666624
v -12.520519 0.000000 -0.455997
v -12.459491 1.132940 -0.308628
v -12.180514 1.003105 -0.304821
v -12.179828 1.210269 0.427746
v -12.140290 1.065601 0.780059
v -12.143536 0.000000 0.792279
v -12.144423 1.405172 0.479993
v -11.826429 0.487425 0.760642
v -10.361397 1.207467 0.817782
v -10.372922 1.520845 0.529886
v -10.363230 0.871349 0.822100
v -11.817265 0.000000 0.760910
v -12.149824 1.436376 -0.091586
v -10.402281 1.540970 -0.037587
v -9.653739 0.914367 0.854511
v -9.653351 1.275279 0.834520
v -9.653692 1.585862 0.547136
v -9.654998 1.597509 -0.237513
v -12.179015 1.128284 -0.550152
v -11.690008 0.788592 0.764628
v -9.692039 0.463595 -0.548257
v -12.459585 -1.132321 0.526957
v -10.614185 -0.373636 -0.541553
v -9.657336 -1.325544 -0.578038
v -12.471363 -1.046058 0.760036
v -12.470025 -1.354612 -0.320295
v -12.470287 -0.995983 -0.551302
v -12.467435 -1.378901 0.455569
v -12.459491 -1.132940 -0.308628
v -12.179015 -1.128284 -0.550152
v -12.180601 -1.003110 -0.304821
v -12.179813 -1.206958 0.444662
v -12.140290 -1.065601 0.780059
v -11.826429 -0.487425 0.760642
v -10.361397 -1.207467 0.817782
v -10.372922 -1.520845 0.529886
v -10.363230 -0.871349 0.822100
v -12.149824 -1.436376 -0.091586
v -10.402281 -1.540970 -0.037587
v -9.654998 -1.597509 -0.237513
v -9.653739 -0.914367 0.854511
v -9.653323 -1.275300 0.834556
v -9.653708 -1.585850 0.547101
v -12.144423 -1.405172 0.479993
v -11.690010 -0.788586 0.764628
v -9.692039 -0.463595 -0.548257
v 9.470891 0.878071 1.279401
v 9.470922 0.981660 1.279401
v 9.470894 1.180885 1.279401
v 9.470926 1.284474 1.279402
v 10.328202 0.930088 0.915617
v 9.468642 0.930387 1.901799
v 9.468090 1.233200 1.632810
v 10.326641 1.232901 0.916512
v 9.470870 -0.878062 1.279400
v 9.470901 -0.981651 1.279400
v 9.470867 -1.180876 1.279400
v 9.470898 -1.284465 1.279400
v 10.328184 -0.930097 0.915616
v 10.326613 -1.232907 0.916512
v 9.468621 -0.930378 1.901798
v 9.468062 -1.233190 1.632809
v 10.291031 0.769795 0.123881
v 10.291492 0.964786 0.296192
v 10.291332 0.988777 -0.002475
v 10.602880 0.873357 0.233851
v 10.598057 1.018467 0.129277
v 10.605285 0.936486 0.052318
v 10.291031 -0.769795 0.123881
v 10.291492 -0.964786 0.296192
v 10.291332 -0.988777 -0.002475
v 10.605285 -0.936486 0.052318
v -2.417689 1.163311 -0.687731
v -2.237736 1.170050 -0.688226
v -2.331369 1.166187 -0.888491
v -2.419198 1.324041 -0.830772
v -2.259538 1.419197 -0.691758
v -2.417689 -1.163307 -0.687731
v -2.237737 -1.170046 -0.688226
v -2.331369 -1.166187 -0.888491
v -2.259538 -1.419197 -0.691758
v -2.419198 -1.324041 -0.830772
v -6.748361 0.412630 -0.599456
v -10.625139 0.357661 -0.542114
v -10.665281 -0.346703 -0.551882
v -6.704523 0.000000 -0.594588
v -6.748361 -0.412630 -0.599456
v -10.615730 -0.373344 -0.538376
v -1.871547 0.427355 -0.933392
v -1.816373 0.333380 -0.916660
v -5.722951 0.408443 -0.861449
v -5.771794 0.000000 -0.878193
v -1.871547 -0.427355 -0.933392
v -1.808927 0.000000 -0.920835
v -5.722951 -0.408443 -0.861449
v 3.247263 1.231608 -0.715374
v 3.427343 1.231608 -0.715284
v 3.334284 1.231251 -0.915852
v 3.252235 1.392282 -0.858400
v 3.414897 1.481402 -0.718856
v 3.247263 -1.231603 -0.715375
v 3.427342 -1.231603 -0.715284
v 3.334284 -1.231251 -0.915852
v 3.414897 -1.481402 -0.718856
v 3.252235 -1.392282 -0.858400
v 1.355289 1.231608 -0.705442
v 1.535369 1.231608 -0.705351
v 1.442309 1.231251 -0.905921
v 1.360261 1.392282 -0.848468
v 1.522922 1.481402 -0.708923
v 1.355288 -1.231603 -0.705442
v 1.535368 -1.231603 -0.705351
v 1.442309 -1.231251 -0.905921
v 1.522922 -1.481402 -0.708923
v 1.360261 -1.392282 -0.848468
v -0.536685 1.231608 -0.695509
v -0.356605 1.231608 -0.695420
v -0.449665 1.231251 -0.895989
v -0.531713 1.392282 -0.838536
v -0.369051 1.481402 -0.698992
v -0.536686 -1.231603 -0.695510
v -0.356606 -1.231603 -0.695420
v -0.449665 -1.231251 -0.895989
v -0.369051 -1.481402 -0.698992
v -0.531713 -1.392282 -0.838536
v -4.308295 1.092514 -0.671641
v -4.128343 1.099252 -0.672135
v -4.221975 1.095389 -0.872401
v -4.309805 1.253244 -0.814681
v -4.150138 1.348405 -0.675668
v -4.308295 -1.092509 -0.671641
v -4.128343 -1.099248 -0.672135
v -4.221975 -1.095389 -0.872401
v -4.150138 -1.348405 -0.675668
v -4.309805 -1.253244 -0.814681
v 5.427627 1.185884 -1.347638
v -1.630599 0.000000 -1.270281
v -1.860116 0.401463 -0.916596
v -5.722922 0.360502 -0.873464
v -5.138885 1.066971 -0.669543
v 4.760144 1.250558 -0.748042
v -1.580400 1.219615 -0.704734
v -5.729375 0.000000 -0.882066
v -9.261396 0.874666 -0.614965
v -1.579738 1.180401 -1.238952
v -6.635448 0.000000 -0.855462
v -0.254463 1.231715 -1.332254
v -5.134890 1.044013 -0.957424
v 1.412390 0.924280 -1.344951
v 5.431767 0.953132 -1.349414
v 0.715488 0.234240 -1.344366
v 0.690189 0.000000 -1.344291
v 0.989303 0.680495 -1.342446
v -5.145553 0.404516 -0.875900
v -1.548697 0.820140 -1.286542
v -6.665821 0.458381 -0.852600
v 2.205065 1.254437 -0.734120
v 2.203757 0.955389 -1.343094
v 2.204753 1.225305 -1.331728
v -6.754499 0.403395 -0.588245
v -6.712542 0.000000 -0.588825
v -9.281671 0.422708 -0.549855
v -9.292263 0.436423 -0.615511
v -1.767399 0.468522 -1.227973
v 5.427627 -1.185884 -1.347638
v -1.579738 -1.180401 -1.238952
v -0.254463 -1.231715 -1.332254
v -1.860116 -0.401463 -0.916596
v -5.722922 -0.360502 -0.873464
v -6.754499 -0.403395 -0.588245
v -1.767399 -0.468522 -1.227973
v -5.138885 -1.066971 -0.669543
v 4.760145 -1.250553 -0.748042
v -1.580400 -1.219615 -0.704734
v -9.261396 -0.874666 -0.614965
v -5.134890 -1.044013 -0.957424
v 1.412390 -0.924280 -1.344951
v 5.431767 -0.953132 -1.349414
v 0.715488 -0.234240 -1.344366
v 0.989303 -0.680495 -1.342446
v -5.145553 -0.404516 -0.875900
v -6.665821 -0.458381 -0.852600
v 2.205065 -1.254437 -0.734120
v 2.203757 -0.955389 -1.343094
v 2.204753 -1.225305 -1.331728
v -1.548697 -0.820140 -1.286542
v -9.292263 -0.436423 -0.615511
v -9.281671 -0.422708 -0.549855
v 4.949884 2.178314 -0.752203
v -5.341953 1.566844 -0.678601
v -6.953405 1.816479 0.622822
v -9.227589 0.869016 -0.617074
v -6.917349 1.076850 0.936493
v 4.953919 1.220392 -0.760570
v -6.335618 1.179096 1.025167
v -6.363785 1.827279 0.879684
v -6.371725 1.923342 -0.241904
v -6.905358 1.159540 1.017462
v -5.611440 1.808707 -0.483897
v -6.954453 1.821532 -0.297819
v -6.947629 1.710574 -0.463295
v 2.161762 2.011554 -0.728366
v -1.611860 1.785879 -0.699693
v 2.206465 1.223909 -0.737286
v -1.570446 1.190773 -0.708127
v -5.132697 1.059377 -0.701873
v -9.662169 0.914130 0.854369
v -9.653323 1.275300 0.834556
v -9.657565 1.323944 -0.574130
v -9.667173 1.599016 -0.244909
v -9.653708 1.585850 0.547101
v -9.624851 0.461219 -0.549347
v -9.278204 0.409206 -0.556900
v 4.949884 -2.178314 -0.752203
v -5.341953 -1.566844 -0.678601
v -9.657565 -1.323944 -0.574130
v -6.953405 -1.816479 0.622822
v -9.227589 -0.869016 -0.617074
v -6.917349 -1.076850 0.936493
v 4.953919 -1.220392 -0.760570
v -6.335618 -1.179096 1.025167
v -6.363785 -1.827279 0.879684
v -6.371725 -1.923342 -0.241904
v -6.905358 -1.159540 1.017462
v -6.954453 -1.821532 -0.297819
v -5.611440 -1.808702 -0.483897
v -9.667173 -1.599016 -0.244909
v -6.947629 -1.710574 -0.463295
v 2.161762 -2.011554 -0.728366
v 2.206465 -1.223909 -0.737286
v -1.570446 -1.190773 -0.708127
v -5.132697 -1.059377 -0.701873
v -9.662169 -0.914130 0.854369
v -9.653351 -1.275279 0.834520
v -9.653692 -1.585862 0.547136
v -1.611860 -1.785879 -0.699693
v -9.624851 -0.461219 -0.549347
v -9.278204 -0.409206 -0.556900
v -11.595555 1.424684 0.214656
v -11.582292 1.394058 0.455965
v -11.844986 1.386930 0.356940
v -11.625376 1.728840 0.325467
v -11.698791 1.699349 0.474216
v -11.796227 1.707327 0.353632
v -11.582292 -1.394058 0.455965
v -11.844986 -1.386930 0.356940
v -11.595555 -1.424684 0.214656
v -11.625376 -1.728840 0.325467
v -11.698791 -1.699349 0.474216
v -11.796227 -1.707327 0.353632
v -12.170342 1.226185 0.437913
v -12.170156 1.226180 0.331128
v -12.169970 1.226170 0.224346
v -12.169785 1.226170 0.117555
v -12.169601 1.226159 0.010765
v -12.169414 1.226159 -0.096023
v -12.169230 1.226150 -0.202816
v -12.169044 1.226144 -0.309601
v -12.179813 1.206958 0.444662
v -12.180155 0.955016 -0.326746
v -12.178875 1.148458 -0.183112
v -12.169930 0.000000 0.437931
v -12.169744 0.000000 0.331148
v -12.169560 0.000000 0.224358
v -12.169375 0.000000 0.117565
v -12.169190 0.000000 0.010779
v -12.169005 0.000000 -0.096011
v -12.168820 0.000000 -0.202802
v -12.168637 0.000000 -0.309589
v -12.170342 -1.226185 0.437913
v -12.170156 -1.226180 0.331128
v -12.169970 -1.226170 0.224346
v -12.169785 -1.226170 0.117555
v -12.169601 -1.226159 0.010765
v -12.169414 -1.226159 -0.096023
v -12.169230 -1.226150 -0.202816
v -12.169044 -1.226144 -0.309601
v -12.179828 -1.210269 0.427746
v -12.180155 -0.955016 -0.326746
v -12.178875 -1.148458 -0.183112
v 7.081372 3.036512 0.172375
v -5.592390 1.710474 -0.531636
v -1.995462 2.536256 0.183090
v -5.577884 2.072421 -0.365831
v 5.531463 2.948930 -0.064117
v -2.021676 2.511929 0.010443
v -6.403313 1.898625 -0.243829
v 5.051633 2.692809 -0.096940
v -0.111007 2.614952 -0.027183
v 7.062802 3.046125 -0.041827
v -5.266995 2.375658 0.261917
v -5.265203 2.312627 0.380556
v -6.802160 2.166792 -0.110429
v -6.997878 2.040998 -0.032973
v -7.011527 1.706733 -0.459595
v -5.334625 2.009446 -0.548122
v -6.882646 1.670814 -0.353396
v -6.888766 1.857613 -0.235390
v -7.010588 2.148369 -0.054938
v -6.846340 1.629546 -0.503384
v -5.582952 2.257939 -0.169646
v -5.186870 1.553481 -0.721043
v 5.909928 2.683947 -0.638519
v 2.136362 2.459762 -0.604177
v -1.649658 2.487083 -0.302351
v 5.894369 3.023929 -0.081369
v 2.120580 2.803073 -0.056446
v -1.611043 1.764727 -0.751280
v -5.247810 2.159069 -0.420557
v 9.731988 3.221879 -0.280603
v 9.750827 2.737897 -0.720349
v 9.803716 2.208531 -0.701156
v -1.649386 2.552565 0.266710
v 2.124989 2.772387 0.236258
v 9.727487 3.210003 0.172282
v 5.898217 2.994087 0.208348
v -3.657776 2.396418 0.550693
v -4.852513 2.325152 0.562947
v 9.577481 3.187953 0.305933
v 7.211186 3.051220 0.323876
v 9.760883 2.613622 -0.682603
v 9.741748 2.965223 -0.500193
v 9.732475 3.174943 -0.110653
v -5.615542 2.203382 0.351173
v 5.019602 2.928860 -0.044528
v -2.062382 2.551988 -0.015907
v -1.652529 2.571267 -0.023038
v 5.503968 2.759929 -0.520112
v 5.040965 2.743504 -0.512738
v -0.605093 2.404038 -0.472160
v -0.646485 2.585208 -0.022751
v -0.131764 2.475176 -0.448996
v -5.579242 1.523492 -0.556026
v 2.163625 1.979847 -0.720858
v 5.937388 2.200957 -0.753566
v 9.763793 1.750818 -0.525544
v 9.776283 1.591720 -0.076706
v 9.721852 2.422096 -0.825117
v 9.827225 1.829471 -0.501102
v 9.834237 1.665285 -0.077513
v -3.654114 2.341225 0.902895
v 5.912908 2.859788 1.099034
v -6.391276 1.820579 0.689103
v 2.138382 2.638295 1.128078
v 7.096620 2.895684 1.107780
v -1.942084 2.364125 1.244638
v -5.561479 1.639107 1.768403
v -1.938376 2.312405 1.395383
v 5.553294 2.734386 1.357784
v -6.380728 1.750590 1.552475
v 5.081723 2.475406 1.328686
v -1.644046 2.390024 1.184265
v -0.087446 2.398901 1.405429
v -0.622927 2.369189 1.409645
v 7.085133 2.841373 1.315869
v -5.434392 2.122859 1.135261
v -6.780773 1.959077 1.434893
v -6.758330 1.616558 1.758583
v -6.996737 1.860307 1.574361
v -5.244156 1.763929 1.785454
v -6.856450 1.779596 1.465600
v -5.549511 2.081392 1.474662
v -5.224071 1.849807 1.822070
v -5.214077 1.674895 1.881410
v -1.628547 2.362284 1.514310
v 2.144582 2.588512 1.441375
v 5.918480 2.802842 1.384654
v 5.947344 2.361498 1.793113
v -1.583760 1.643134 1.887805
v 2.186308 1.930377 1.880095
v 5.042606 2.717655 1.350825
v 5.079646 2.395526 1.741112
v -5.223779 2.221893 1.202587
v 9.805687 2.161894 1.783584
v 9.763440 2.837424 1.629004
v -4.847125 2.272826 0.908763
v 9.588453 3.092059 0.944504
v 7.221232 2.955055 0.963155
v 9.743976 3.078165 1.077159
v 9.791412 2.405852 1.709434
v 9.771747 2.725289 1.587381
v 9.755934 2.961385 1.327203
v 9.817087 1.961423 1.658667
v -5.314430 2.240920 1.047693
v 5.538472 2.418062 1.738520
v -0.567982 2.063781 1.784089
v -0.095306 2.140875 1.767721
v -5.507416 0.625153 1.324177
v -5.531526 1.103605 1.759730
v -6.338299 1.029787 1.584363
v -6.327090 0.793507 1.238148
v -6.727881 1.075463 1.774783
v -6.713550 0.559545 1.330545
v -6.721713 0.582404 1.235468
v -6.939699 0.633314 1.226924
v -6.903856 0.666434 1.295556
v -6.964875 1.225747 1.749324
v -6.913086 0.706066 1.556725
v -1.550370 1.272076 1.820560
v 5.983572 1.730463 1.764368
v -5.327311 1.219193 1.891568
v 2.217837 1.367369 1.712503
v 5.987391 1.472034 1.599306
v 9.792664 1.453492 0.832844
v 9.796189 1.446033 1.226302
v 9.843539 1.730038 1.532270
v 9.850327 1.503013 1.113014
v 9.422908 1.573572 1.423256
v 9.456793 1.437385 1.223246
v -6.615531 2.065404 0.049522
v -6.614915 1.840168 0.010926
v -6.609045 1.996884 0.449452
v -6.608623 1.842567 0.423006
v -6.589041 1.592718 1.615218
v -6.586784 0.767472 1.473791
v -6.590939 1.710607 1.532500
v -6.588406 0.784609 1.373806
v -6.592730 1.790141 1.443207
v -6.590608 1.013907 1.310183
v -6.594450 1.842713 1.349302
v -6.592379 1.085495 1.219532
v -6.596072 1.859843 1.249319
v -6.594024 1.111148 1.121011
v -6.597693 1.876979 1.149334
v -6.595671 1.137337 1.022581
v -6.599314 1.894110 1.049350
v -6.598059 1.434615 0.970606
v -6.600935 1.911233 0.949370
v -6.600102 1.606552 0.897154
v -6.602557 1.928369 0.849387
v -6.601930 1.699131 0.810102
v -6.604180 1.945501 0.749402
v -6.603747 1.787275 0.722284
v -6.605800 1.962630 0.649418
v -6.605436 1.829316 0.626571
v -6.607423 1.979761 0.549438
v -6.607069 1.850443 0.527276
v -6.610668 2.014014 0.349470
v -6.610240 1.857777 0.322690
v -6.612288 2.031152 0.249486
v -6.611763 1.839265 0.216601
v -6.613911 2.048275 0.149503
v -6.613338 1.838902 0.113619
v 7.081372 -3.036512 0.172375
v -5.592390 -1.710474 -0.531636
v -1.995462 -2.536256 0.183090
v -5.577884 -2.072421 -0.365831
v 5.531463 -2.948930 -0.064117
v -2.021676 -2.511929 0.010443
v -6.403313 -1.898625 -0.243829
v 5.051633 -2.692809 -0.096940
v -0.111007 -2.614952 -0.027183
v -0.646485 -2.585208 -0.022751
v 7.062802 -3.046125 -0.041827
v -5.265203 -2.312627 0.380556
v -6.802160 -2.166792 -0.110429
v -6.997878 -2.040998 -0.032973
v -7.011527 -1.706733 -0.459595
v -5.334625 -2.009446 -0.548122
v -6.882646 -1.670814 -0.353396
v -6.888766 -1.857613 -0.235390
v -7.010588 -2.148369 -0.054938
v -6.846340 -1.629546 -0.503384
v -5.266995 -2.375658 0.261917
v -5.186870 -1.553481 -0.721043
v -5.582952 -2.257939 -0.169646
v -1.649658 -2.487083 -0.302351
v 2.120580 -2.803073 -0.056446
v 5.894369 -3.023929 -0.081369
v -1.611043 -1.764727 -0.751280
v 5.909928 -2.683947 -0.638519
v 2.136362 -2.459762 -0.604177
v 2.163625 -1.979847 -0.720858
v -5.247810 -2.159069 -0.420557
v 9.750827 -2.737897 -0.720349
v 9.731988 -3.221879 -0.280603
v 9.803716 -2.208531 -0.701156
v -1.649386 -2.552565 0.266710
v 2.124989 -2.772387 0.236258
v 9.727487 -3.210003 0.172282
v 5.898217 -2.994087 0.208348
v -3.657776 -2.396418 0.550693
v -4.852513 -2.325152 0.562947
v 7.211186 -3.051220 0.323876
v 9.577481 -3.187953 0.305933
v 9.760883 -2.613622 -0.682603
v 9.741748 -2.965223 -0.500193
v 9.732475 -3.174943 -0.110653
v -5.615542 -2.203382 0.351173
v 5.019602 -2.928860 -0.044528
v -2.062382 -2.551988 -0.015907
v -1.652529 -2.571267 -0.023038
v 5.503968 -2.759929 -0.520112
v 5.040965 -2.743504 -0.512738
v -0.605093 -2.404038 -0.472160
v -0.131764 -2.475176 -0.448996
v -5.579242 -1.523492 -0.556026
v 5.937388 -2.200957 -0.753566
v 9.827225 -1.829471 -0.501102
v 9.776283 -1.591720 -0.076706
v 9.763793 -1.750818 -0.525544
v 9.721852 -2.422096 -0.825117
v 9.834237 -1.665285 -0.077513
v 5.912908 -2.859788 1.099034
v -4.847125 -2.272826 0.908763
v -3.654114 -2.341225 0.902895
v -6.391277 -1.820573 0.689103
v 2.138382 -2.638295 1.128078
v 7.096620 -2.895684 1.107780
v -1.942084 -2.364125 1.244638
v -5.561479 -1.639107 1.768403
v -1.938376 -2.312405 1.395383
v 5.553294 -2.734386 1.357784
v -6.380728 -1.750590 1.552475
v 5.081723 -2.475406 1.328686
v -6.327090 -0.793507 1.238148
v -1.644046 -2.390024 1.184265
v -0.087446 -2.398901 1.405429
v 7.085133 -2.841373 1.315869
v -6.780773 -1.959077 1.434893
v -6.758330 -1.616558 1.758583
v -6.996737 -1.860307 1.574361
v -5.244156 -1.763929 1.785454
v -6.856450 -1.779596 1.465600
v -5.549511 -2.081392 1.474662
v 5.947344 -2.361498 1.793113
v -1.628547 -2.362284 1.514310
v 5.918480 -2.802842 1.384654
v 2.186308 -1.930377 1.880095
v -1.583760 -1.643134 1.887805
v 5.042606 -2.717655 1.350825
v 2.144582 -2.588512 1.441375
v 5.079646 -2.395526 1.741112
v -5.223779 -2.221893 1.202587
v -5.214077 -1.674895 1.881410
v 9.763440 -2.837424 1.629004
v 9.805687 -2.161894 1.783584
v 9.588453 -3.092059 0.944504
v 7.221232 -2.955055 0.963155
v 9.743976 -3.078165 1.077159
v 9.791412 -2.405852 1.709434
v 9.771747 -2.725289 1.587381
v 9.755934 -2.961385 1.327203
v 9.817087 -1.961423 1.658667
v -5.224071 -1.849807 1.822070
v -5.314430 -2.240920 1.047693
v 5.538472 -2.418062 1.738520
v -0.567982 -2.063781 1.784089
v -0.622927 -2.369189 1.409645
v -0.095306 -2.140875 1.767721
v -5.507416 -0.625153 1.324177
v -5.531526 -1.103605 1.759730
v -6.338299 -1.029787 1.584363
v -6.727881 -1.075463 1.774783
v -6.913086 -0.706066 1.556725
v -6.721713 -0.582398 1.235468
v -6.713550 -0.559545 1.330545
v -6.939699 -0.633314 1.226924
v -6.903856 -0.666434 1.295556
v -6.964875 -1.225747 1.749324
v 2.217837 -1.367369 1.712503
v -1.550370 -1.272076 1.820560
v 5.983572 -1.730463 1.764368
v -5.327311 -1.219193 1.891568
v 5.987391 -1.472034 1.599306
v 9.792664 -1.453492 0.832844
v 9.796189 -1.446033 1.226302
v 9.843539 -1.730038 1.532270
v 9.850327 -1.503013 1.113014
v 9.422908 -1.573572 1.423256
v 9.456793 -1.437385 1.223246
v -6.615531 -2.065404 0.049522
v -6.614915 -1.840168 0.010926
v -6.609045 -1.996884 0.449452
v -6.608623 -1.842567 0.423006
v -6.589041 -1.592718 1.615218
v -6.586784 -0.767472 1.473791
v -6.590939 -1.710607 1.532500
v -6.588406 -0.784609 1.373806
v -6.592730 -1.790141 1.443207
v -6.590608 -1.013907 1.310183
v -6.594450 -1.842713 1.349302
v -6.592379 -1.085495 1.219532
v -6.596072 -1.859843 1.249319
v -6.594024 -1.111148 1.121011
v -6.597693 -1.876979 1.149334
v -6.595671 -1.137337 1.022581
v -6.599314 -1.894110 1.049350
v -6.598059 -1.434615 0.970606
v -6.600935 -1.911233 0.949370
v -6.600102 -1.606552 0.897154
v -6.602557 -1.928369 0.849387
v -6.601930 -1.699131 0.810102
v -6.604180 -1.945501 0.749402
v -6.603747 -1.787275 0.722284
v -6.605800 -1.962630 0.649418
v -6.605436 -1.829316 0.626571
v -6.607423 -1.979761 0.549438
v -6.607069 -1.850443 0.527276
v -6.610668 -2.014014 0.349470
v -6.610240 -1.857777 0.322690
v -6.612288 -2.031152 0.249486
v -6.611763 -1.839265 0.216601
v -6.613911 -2.048275 0.149503
v -6.613338 -1.838902 0.113619
v 10.761052 2.065652 -0.515792
v 10.756457 2.138019 -0.603616
v 11.116144 2.086659 -0.528636
v 11.155189 2.324939 -0.533586
v 11.112792 2.157068 -0.597169
v 11.302235 2.585134 -0.507291
v 10.706991 3.002058 -0.375794
v 10.709064 2.958010 -0.475618
v 11.063777 3.024202 -0.387302
v 11.055451 2.976310 -0.474328
v 10.784316 1.752360 0.343418
v 10.782569 1.768246 0.237925
v 11.148962 1.785739 0.259869
v 11.237284 2.146374 0.363712
v 11.266310 2.632016 0.416736
v 10.710087 3.048314 0.534724
v 10.708489 3.062746 0.438930
v 11.047060 3.075450 0.483881
v 10.772016 1.883860 -0.312440
v 10.768466 1.936610 -0.407483
v 11.129112 1.905939 -0.329398
v 11.216075 2.283810 -0.349387
v 11.195057 2.235518 -0.279683
v 11.124231 1.956081 -0.402839
v 11.219168 2.764667 -0.230851
v 10.701325 3.115991 -0.129942
v 10.702300 3.093818 -0.236751
v 11.058445 3.139314 -0.142229
v 11.043902 3.110458 -0.229010
v 10.776975 1.819386 -0.100784
v 10.775373 1.833844 -0.196580
v 11.153011 1.848140 -0.151861
v 11.174572 2.160988 -0.114696
v 11.140857 2.843016 -0.040634
v 11.286262 2.295777 -0.069159
v 11.196446 2.763216 0.018607
v 10.702801 3.113755 0.100992
v 10.701056 3.129686 -0.004502
v 11.078552 3.144188 0.045647
v 10.780660 1.785458 0.123930
v 10.779036 1.800747 0.022905
v 11.156672 1.815042 0.067626
v 11.215217 2.173896 0.085471
v 11.236484 2.697626 0.193094
v 10.706430 3.081411 0.315238
v 10.704715 3.096514 0.215208
v 11.048172 3.105389 0.288114
v 10.791547 1.782399 1.362585
v 10.790493 1.825930 1.465871
v 11.139897 1.800351 1.368947
v 11.136098 1.848652 1.455830
v 11.309923 2.133638 1.453386
v 11.280464 2.448792 1.479755
v 10.738276 2.718861 1.502583
v 10.742980 2.646970 1.586909
v 11.086181 2.738534 1.511132
v 11.101491 2.668235 1.578953
v 10.795441 1.668981 1.112369
v 10.795461 1.690605 1.223549
v 11.153007 1.686823 1.123581
v 11.136521 1.713853 1.210601
v 11.270289 2.077805 1.209380
v 10.724897 2.899803 1.303626
v 10.728961 2.847782 1.394284
v 11.082339 2.920188 1.310745
v 11.213310 2.554908 1.328614
v 11.184245 2.601890 1.260015
v 11.084466 2.869895 1.384215
v 10.793134 1.670550 0.885831
v 10.794842 1.655372 0.986864
v 11.170904 1.684042 0.936226
v 11.246521 2.080426 0.961618
v 11.278718 2.548053 1.084420
v 11.202929 1.996891 1.021153
v 10.719087 2.964936 1.087602
v 10.720654 2.949857 1.187631
v 11.096442 2.980032 1.134139
v 11.145487 2.683352 1.078551
v 10.789725 1.702906 0.671573
v 10.791306 1.687800 0.771610
v 11.142960 1.711497 0.746708
v 11.252072 2.098788 0.750043
v 11.276258 2.579781 0.861067
v 10.715378 2.998863 0.862884
v 10.717083 2.983572 0.963908
v 11.093082 3.013333 0.913432
v 11.137216 2.724193 0.860053
v 10.786015 1.736756 0.446849
v 10.787736 1.720903 0.552118
v 11.163783 1.750249 0.497247
v 11.295785 2.201937 0.544367
v 11.183501 2.056717 0.554513
v 10.711963 3.031142 0.648623
v 10.713519 3.016683 0.744415
v 11.089524 3.046436 0.693941
v 11.154982 2.730547 0.685750
v 11.201710 2.682889 0.604044
v 10.761052 -2.065652 -0.515792
v 10.756457 -2.138019 -0.603616
v 11.116144 -2.086659 -0.528636
v 11.155189 -2.324939 -0.533586
v 11.112792 -2.157068 -0.597169
v 11.302235 -2.585134 -0.507291
v 10.706991 -3.002058 -0.375794
v 10.709064 -2.958010 -0.475618
v 11.063777 -3.024202 -0.387302
v 11.055451 -2.976310 -0.474328
v 10.784316 -1.752360 0.343418
v 10.782569 -1.768246 0.237925
v 11.148962 -1.785739 0.259869
v 11.237284 -2.146374 0.363712
v 11.266310 -2.632016 0.416736
v 10.710087 -3.048314 0.534724
v 10.708489 -3.062746 0.438930
v 11.047060 -3.075450 0.483881
v 10.772016 -1.883860 -0.312440
v 10.768466 -1.936610 -0.407483
v 11.129112 -1.905939 -0.329398
v 11.216075 -2.283810 -0.349387
v 11.195057 -2.235518 -0.279683
v 11.124231 -1.956081 -0.402839
v 11.219168 -2.764667 -0.230851
v 10.701325 -3.115991 -0.129942
v 10.702300 -3.093818 -0.236751
v 11.058445 -3.139314 -0.142229
v 11.043902 -3.110458 -0.229010
v 10.776975 -1.819386 -0.100784
v 10.775373 -1.833844 -0.196580
v 11.153011 -1.848140 -0.151861
v 11.286262 -2.295777 -0.069159
v 11.174572 -2.160988 -0.114696
v 11.140857 -2.843016 -0.040634
v 10.702801 -3.113755 0.100992
v 10.701056 -3.129686 -0.004502
v 11.078552 -3.144188 0.045647
v 11.196446 -2.763216 0.018607
v 10.780660 -1.785458 0.123930
v 10.779036 -1.800747 0.022905
v 11.156672 -1.815042 0.067626
v 11.216415 -2.183864 0.157806
v 11.236484 -2.697626 0.193094
v 11.215217 -2.173896 0.085471
v 10.706430 -3.081411 0.315238
v 10.704715 -3.096514 0.215208
v 11.048172 -3.105389 0.288114
v 10.791547 -1.782399 1.362585
v 10.790493 -1.825930 1.465871
v 11.139897 -1.800351 1.368947
v 11.309923 -2.133638 1.453386
v 11.136098 -1.848652 1.455830
v 11.101491 -2.668235 1.578953
v 11.280464 -2.448792 1.479755
v 10.738276 -2.718861 1.502583
v 10.742980 -2.646970 1.586909
v 11.086181 -2.738534 1.511132
v 10.795441 -1.668981 1.112369
v 10.795461 -1.690605 1.223549
v 11.153007 -1.686823 1.123581
v 11.270289 -2.077805 1.209380
v 11.136521 -1.713853 1.210601
v 10.724897 -2.899803 1.303626
v 10.728961 -2.847782 1.394284
v 11.082339 -2.920188 1.310745
v 11.213310 -2.554908 1.328614
v 11.184245 -2.601890 1.260015
v 11.084466 -2.869895 1.384215
v 10.793134 -1.670550 0.885831
v 10.794842 -1.655372 0.986864
v 11.170904 -1.684042 0.936226
v 11.246521 -2.080426 0.961618
v 11.278718 -2.548053 1.084420
v 11.202929 -1.996891 1.021153
v 10.719087 -2.964936 1.087602
v 10.720654 -2.949857 1.187631
v 11.096442 -2.980032 1.134139
v 11.145487 -2.683352 1.078551
v 10.789725 -1.702906 0.671573
v 10.791306 -1.687800 0.771610
v 11.142960 -1.711497 0.746708
v 11.252072 -2.098788 0.750043
v 11.276258 -2.579781 0.861067
v 11.137216 -2.724193 0.860053
v 10.715378 -2.998863 0.862884
v 10.717083 -2.983572 0.963908
v 11.093082 -3.013333 0.913432
v 10.786015 -1.736756 0.446849
v 10.787736 -1.720903 0.552118
v 11.163783 -1.750249 0.497247
v 11.183501 -2.056717 0.554513
v 11.295785 -2.201937 0.544367
v 10.711963 -3.031142 0.648623
v 10.713519 -3.016683 0.744415
v 11.089524 -3.046436 0.693941
v 11.154982 -2.730547 0.685750
v 11.201710 -2.682889 0.604044
v -6.302495 1.296898 0.927780
v -6.306209 1.357880 0.924152
v -6.309723 1.341609 1.170528
v -8.396079 1.197696 0.888558
v -6.302495 -1.296898 0.927780
v -6.306209 -1.357880 0.924152
v -6.309723 -1.341609 1.170528
v -8.396079 -1.197696 0.888558
v -6.323493 1.685523 0.756992
v -6.325943 1.735353 0.721548
v -6.337160 1.851866 0.938984
v -8.416464 1.581045 0.701756
v -6.323493 -1.685523 0.756992
v -6.325943 -1.735353 0.721548
v -6.337160 -1.851866 0.938984
v -8.416464 -1.581045 0.701756
v -6.340070 1.853595 0.423356
v -6.338778 1.856868 0.362255
v -6.358054 2.099221 0.405481
v -8.429037 1.699374 0.340306
v -6.340070 -1.853595 0.423356
v -6.338778 -1.856868 0.362255
v -6.358054 -2.099221 0.405481
v -8.429037 -1.699374 0.340306
v -6.339708 1.855342 -0.038341
v -6.339859 1.855349 -0.099544
v -6.358121 2.099693 -0.068868
v -8.430050 1.699428 -0.063763
v -6.339708 -1.855342 -0.038341
v -6.339859 -1.855349 -0.099544
v -6.358121 -2.099693 -0.068868
v -8.430050 -1.699428 -0.063763
v 9.731403 3.191373 -0.070896
v 9.733540 3.136688 -0.287230
v 9.741475 2.969121 -0.518993
v 9.757643 2.670075 -0.684592
v 10.713743 3.126769 -0.232330
v 10.754487 2.380324 -0.658071
v 9.735406 3.094036 -0.370075
v 9.734488 3.162900 0.216381
v 11.135297 3.195359 -0.108625
v 11.151854 2.861566 -0.581964
v 10.884161 3.137111 -0.313022
v 10.892797 2.968002 -0.514538
v 10.881914 3.202352 -0.075075
v 10.922163 2.441120 -0.686345
v 10.906588 2.720115 -0.642090
v 10.888516 3.173029 0.198759
v 9.739043 3.126258 0.487158
v 10.737282 2.924479 1.275096
v 10.891737 3.133630 0.469267
v 9.817263 1.693890 -0.298137
v 9.807570 1.842870 -0.521501
v 9.794830 2.038522 -0.660319
v 9.774687 2.372857 -0.729695
v 9.822019 1.636270 -0.015286
v 11.188568 2.219477 -0.625808
v 10.952468 1.945764 -0.493808
v 10.938509 2.168032 -0.632694
v 10.961774 1.811271 -0.286591
v 10.969485 1.760826 -0.015544
v 9.827027 1.591576 0.254277
v 10.787200 1.867617 -0.283776
v 11.210375 1.881073 -0.339297
v 10.972359 1.718898 0.254589
v 10.895621 3.093273 0.734092
v 9.754022 2.983838 1.304284
v 9.765162 2.835067 1.527687
v 9.780143 2.597285 1.680220
v 9.797453 2.305044 1.735874
v 9.747732 3.041495 1.021494
v 11.182104 2.622115 1.610655
v 11.159942 2.960772 1.323832
v 10.913693 2.866327 1.482505
v 10.927855 2.644070 1.621391
v 10.904111 3.000797 1.275288
v 10.944275 2.370986 1.675036
v 10.901764 3.051560 1.004201
v 9.743400 3.086225 0.751926
v 9.839882 1.486490 1.077092
v 9.838097 1.562953 1.334641
v 9.829003 1.745105 1.550901
v 9.814493 2.007835 1.690776
v 10.810380 1.665310 1.223634
v 10.770261 2.411787 1.649369
v 9.835260 1.514860 0.789826
v 11.235279 1.646295 1.094891
v 11.219700 1.980200 1.566530
v 10.981997 1.674981 1.301716
v 10.973591 1.846351 1.500339
v 10.983987 1.607613 1.063871
v 10.960655 2.092049 1.630728
v 10.982731 1.639359 0.789897
v 9.831384 1.551632 0.519049
v 10.977222 1.678646 0.519414
v 9.731403 -3.191373 -0.070896
v 9.733540 -3.136689 -0.287230
v 9.741481 -2.968996 -0.519118
v 9.757643 -2.670075 -0.684592
v 10.713743 -3.126769 -0.232330
v 10.754487 -2.380324 -0.658071
v 9.735398 -3.094038 -0.370075
v 9.734488 -3.162900 0.216381
v 11.135297 -3.195359 -0.108625
v 11.151854 -2.861566 -0.581964
v 10.884161 -3.137111 -0.313022
v 10.892797 -2.968002 -0.514538
v 10.881914 -3.202352 -0.075075
v 10.922163 -2.441120 -0.686345
v 10.906588 -2.720115 -0.642090
v 10.888516 -3.173029 0.198759
v 9.739043 -3.126258 0.487158
v 10.737282 -2.924479 1.275096
v 10.891737 -3.133630 0.469267
v 10.787200 -1.867617 -0.283776
v 9.817263 -1.693890 -0.298137
v 9.807570 -1.842870 -0.521501
v 9.794844 -2.038320 -0.660210
v 9.774687 -2.372857 -0.729695
v 9.822019 -1.636270 -0.015286
v 11.188568 -2.219477 -0.625808
v 10.952468 -1.945764 -0.493808
v 10.938509 -2.168032 -0.632694
v 10.961774 -1.811271 -0.286591
v 10.969485 -1.760826 -0.015544
v 9.827027 -1.591576 0.254277
v 11.210375 -1.881073 -0.339297
v 10.972359 -1.718898 0.254589
v 10.895621 -3.093273 0.734092
v 9.754022 -2.983838 1.304284
v 9.765162 -2.835067 1.527687
v 9.780143 -2.597285 1.680220
v 9.797453 -2.305044 1.735874
v 9.747732 -3.041495 1.021494
v 11.182104 -2.622115 1.610655
v 11.159942 -2.960772 1.323832
v 10.913693 -2.866327 1.482505
v 10.927855 -2.644070 1.621391
v 10.904111 -3.000797 1.275288
v 10.944275 -2.370986 1.675036
v 10.901764 -3.051560 1.004201
v 9.743400 -3.086225 0.751926
v 9.839882 -1.486490 1.077092
v 9.838097 -1.562953 1.334641
v 9.829003 -1.745105 1.550901
v 9.814493 -2.007835 1.690776
v 10.810380 -1.665310 1.223634
v 10.770261 -2.411787 1.649369
v 9.835260 -1.514860 0.789826
v 11.235279 -1.646295 1.094891
v 11.219700 -1.980200 1.566530
v 10.981997 -1.674981 1.301716
v 10.973591 -1.846351 1.500339
v 10.983987 -1.607613 1.063871
v 10.960655 -2.092049 1.630728
v 10.982731 -1.639359 0.789897
v 9.831384 -1.551632 0.519049
v 10.977222 -1.678646 0.519414
v 10.891088 3.151987 -0.274892
v 10.894861 3.116677 -0.345689
v 10.901221 2.662714 -0.658136
v 10.881189 3.203141 -0.028403
v 9.733773 3.143556 -0.185779
v 9.750899 2.794893 -0.596726
v 9.740077 3.003514 -0.433738
v 9.735285 3.149288 0.080690
v 10.884231 3.006344 -0.477648
v 10.903346 2.928769 -0.535950
v 10.897594 3.182484 0.155812
v 10.901845 3.173591 0.231284
v 9.739838 3.107213 0.343363
v 9.744346 3.067569 0.621229
v 10.907103 3.133801 0.499858
v 10.874772 3.197332 -0.127132
v 10.897695 2.791905 -0.614124
v 10.888387 3.141732 0.412771
v 10.961657 1.921139 -0.461673
v 10.960241 1.976017 -0.518793
v 10.977701 1.799553 -0.253228
v 9.812328 1.773475 -0.393686
v 9.782781 2.237856 -0.686691
v 9.766465 2.518674 -0.688687
v 9.799237 1.972576 -0.583826
v 9.818680 1.693296 -0.152429
v 10.925732 2.218000 -0.649520
v 10.935993 2.478351 -0.691426
v 10.960567 1.765761 -0.072879
v 10.980158 1.753582 0.020012
v 9.823264 1.652160 0.122558
v 9.827806 1.611108 0.392644
v 10.971886 1.725229 0.200559
v 10.933252 2.121802 -0.612924
v 10.953019 1.832601 -0.334231
v 10.933656 2.396640 -0.683947
v 10.989669 1.710524 0.283685
v 10.920132 2.892609 1.450040
v 10.925321 2.837201 1.507339
v 10.960086 2.334310 1.679616
v 10.918053 3.014262 1.241700
v 9.760642 2.893377 1.416531
v 9.788489 2.450264 1.690518
v 9.805667 2.159233 1.694875
v 9.773703 2.693476 1.599209
v 9.753148 2.984588 1.158631
v 10.921242 2.592971 1.638361
v 10.896746 2.979190 1.319195
v 10.894359 3.045678 1.061647
v 10.898485 3.061064 0.955184
v 9.748722 3.025735 0.883633
v 10.908435 3.089871 0.774666
v 10.923265 2.704772 1.599052
v 10.949794 2.415910 1.672125
v 10.884445 3.101038 0.683076
v 10.992952 1.658159 1.260454
v 10.990739 1.696543 1.334235
v 10.996820 1.607294 1.030538
v 9.838206 1.539898 1.205449
v 9.820265 1.896719 1.613943
v 9.832403 1.668491 1.432691
v 9.836554 1.529407 0.934067
v 10.967474 1.807985 1.467993
v 10.961602 1.889073 1.531544
v 10.944865 2.147582 1.647369
v 10.975695 1.627123 0.846385
v 10.978693 1.645471 0.739002
v 9.832147 1.570685 0.662826
v 10.991836 1.670767 0.556707
v 10.965605 1.685449 0.468256
v 10.976866 1.613904 1.115945
v 10.973606 2.046575 1.616689
v 10.891088 -3.151987 -0.274892
v 10.894861 -3.116677 -0.345689
v 10.901221 -2.662714 -0.658136
v 10.881189 -3.203141 -0.028403
v 9.733773 -3.143556 -0.185779
v 9.750899 -2.794893 -0.596726
v 9.740077 -3.003514 -0.433738
v 9.735285 -3.149288 0.080690
v 10.903346 -2.928769 -0.535950
v 10.897594 -3.182484 0.155812
v 10.901845 -3.173591 0.231284
v 9.739838 -3.107213 0.343363
v 9.744346 -3.067569 0.621229
v 10.888387 -3.141732 0.412771
v 10.935993 -2.478351 -0.691426
v 10.884231 -3.006344 -0.477648
v 10.897695 -2.791905 -0.614124
v 10.874772 -3.197332 -0.127132
v 10.961657 -1.921139 -0.461673
v 10.960241 -1.976017 -0.518793
v 10.977701 -1.799553 -0.253228
v 9.812328 -1.773475 -0.393686
v 9.782781 -2.237856 -0.686691
v 9.766465 -2.518674 -0.688687
v 9.799237 -1.972576 -0.583826
v 9.818680 -1.693296 -0.152429
v 10.933252 -2.121802 -0.612924
v 10.925732 -2.218000 -0.649520
v 10.960567 -1.765761 -0.072879
v 10.980158 -1.753582 0.020012
v 9.823264 -1.652160 0.122558
v 9.827806 -1.611108 0.392644
v 10.971886 -1.725229 0.200559
v 10.989669 -1.710524 0.283685
v 10.953019 -1.832601 -0.334231
v 10.933656 -2.396640 -0.683947
v 10.907103 -3.133801 0.499858
v 10.920132 -2.892609 1.450040
v 10.925321 -2.837201 1.507339
v 10.960086 -2.334310 1.679616
v 10.918053 -3.014262 1.241700
v 9.760642 -2.893377 1.416531
v 9.788489 -2.450264 1.690518
v 9.805667 -2.159233 1.694875
v 9.773703 -2.693476 1.599209
v 9.753148 -2.984588 1.158631
v 10.923265 -2.704772 1.599052
v 10.921242 -2.592971 1.638361
v 10.896746 -2.979190 1.319195
v 10.894359 -3.045678 1.061647
v 10.898485 -3.061064 0.955184
v 9.748722 -3.025735 0.883633
v 10.908435 -3.089871 0.774666
v 10.884445 -3.101038 0.683076
v 10.949794 -2.415910 1.672125
v 10.992952 -1.658159 1.260454
v 10.990739 -1.696543 1.334235
v 10.996820 -1.607294 1.030538
v 9.838206 -1.539898 1.205449
v 9.820265 -1.896719 1.613943
v 9.832403 -1.668491 1.432691
v 9.836554 -1.529407 0.934067
v 10.961602 -1.889073 1.531544
v 10.944865 -2.147582 1.647369
v 10.975695 -1.627123 0.846385
v 10.978693 -1.645471 0.739002
v 9.832147 -1.570685 0.662826
v 10.991836 -1.670767 0.556707
v 10.965605 -1.685449 0.468256
v 10.976866 -1.613904 1.115945
v 10.973606 -2.046575 1.616689
v 10.967474 -1.807985 1.467993
v 5.826074 1.228060 -0.707802
v 6.619316 2.525621 -0.680950
v 8.014593 1.291785 -1.445460
v 12.011357 2.227784 -1.182831
v 9.830390 1.288154 -0.783295
v 5.087412 2.147763 -1.228764
v 9.814361 1.303847 -1.504583
v 11.670231 2.264317 -1.176536
v 9.677483 1.323587 -1.531839
v 4.038646 2.064813 -0.650878
v 5.864797 2.490085 -1.465962
v 4.091782 2.212777 -0.839876
v 10.895938 2.350393 -1.159899
v 5.804254 1.310982 -1.503780
v 10.554701 2.386864 -1.154068
v 7.124464 2.312220 -1.510726
v 9.677779 2.494256 -1.544172
v 9.706483 2.402483 -0.759237
v 4.045268 1.340078 -0.666537
v 5.084187 1.458350 -1.250458
v 5.677798 1.461863 -1.419578
v 5.683261 2.235371 -1.396774
v 4.904042 1.521044 -0.647540
v 4.903949 2.008276 -0.648847
v 4.092670 1.281684 -0.860266
v 4.082054 1.999436 -0.852062
v 4.081295 1.444472 -0.866543
v 9.693193 2.488689 -1.125203
v 7.240352 2.482267 -0.765387
v 7.234739 2.493796 -1.064324
v 12.516032 1.615977 -0.810319
v 12.509665 1.625399 -1.296261
v 12.509826 2.171714 -0.809971
v 12.336472 2.193775 -1.188745
v 12.505787 2.194632 -1.242438
v 12.342794 2.184945 -0.850972
v 12.336930 1.635316 -1.010059
v 12.190496 1.555251 -0.796934
v 10.873796 1.406474 -0.793229
v 10.884217 1.714625 -0.762708
v 12.175498 1.550060 -1.052750
v 10.878381 1.410696 -1.170059
v 12.171542 1.863464 -0.770323
v 9.832941 1.605494 -0.755031
v 9.701904 1.597150 -0.754029
v 8.015822 1.502882 -1.524984
v 7.121097 1.477285 -1.538049
v 9.653679 1.524479 -1.567571
v 9.667321 2.277145 -1.537549
v 8.018527 2.283454 -1.498952
v 10.285844 1.719968 -1.504734
v 10.287089 2.085715 -1.490216
v 11.993552 2.168697 -1.346720
v 10.871848 2.275862 -1.448763
v 11.669025 2.195264 -1.378716
v 10.549803 2.313360 -1.477554
v 11.397525 1.905478 -1.417204
v 11.157239 2.008981 -1.434824
v 11.206842 1.742386 -1.439524
v 11.310448 1.808280 -1.739869
v 11.322907 1.953156 -1.728394
v 11.228895 1.993914 -1.737403
v 11.173121 1.862702 -1.756785
v 5.826074 -1.228060 -0.707802
v 7.240352 -2.482267 -0.765387
v 8.014593 -1.291785 -1.445460
v 12.011357 -2.227784 -1.182831
v 9.830390 -1.288154 -0.783295
v 5.087412 -2.147763 -1.228764
v 9.814361 -1.303847 -1.504583
v 11.670231 -2.264317 -1.176536
v 9.677483 -1.323587 -1.531839
v 4.038646 -2.064813 -0.650878
v 4.091782 -2.212777 -0.839876
v 10.895938 -2.350393 -1.159899
v 5.804254 -1.310982 -1.503780
v 10.554701 -2.386864 -1.154068
v 5.864797 -2.490085 -1.465962
v 9.706483 -2.402483 -0.759237
v 9.677779 -2.494256 -1.544172
v 4.045268 -1.340078 -0.666537
v 5.084187 -1.458350 -1.250458
v 5.677798 -1.461863 -1.419578
v 5.683261 -2.235371 -1.396774
v 4.904042 -1.521044 -0.647540
v 4.903949 -2.008276 -0.648847
v 4.082054 -1.999436 -0.852062
v 4.081295 -1.444472 -0.866543
v 4.092670 -1.281684 -0.860266
v 12.509826 -2.171714 -0.809971
v 9.693193 -2.488689 -1.125203
v 7.234739 -2.493796 -1.064324
v 12.342794 -2.184945 -0.850972
v 12.516032 -1.615977 -0.810319
v 12.336472 -2.193775 -1.188745
v 12.509665 -1.625399 -1.296261
v 12.505787 -2.194632 -1.242438
v 12.336930 -1.635316 -1.010059
v 12.190496 -1.555251 -0.796934
v 12.175498 -1.550060 -1.052750
v 10.873796 -1.406474 -0.793229
v 10.884217 -1.714625 -0.762708
v 10.878381 -1.410696 -1.170059
v 12.171542 -1.863464 -0.770323
v 9.832941 -1.605494 -0.755031
v 9.701902 -1.597144 -0.754028
v 7.124464 -2.312220 -1.510726
v 8.015821 -1.502876 -1.524983
v 7.121097 -1.477285 -1.538049
v 9.653679 -1.524479 -1.567571
v 8.018525 -2.283449 -1.498952
v 9.667321 -2.277145 -1.537549
v 10.285844 -1.719968 -1.504734
v 10.287089 -2.085715 -1.490216
v 11.993552 -2.168697 -1.346720
v 11.669025 -2.195264 -1.378716
v 10.871848 -2.275862 -1.448763
v 10.549803 -2.313360 -1.477554
v 11.397525 -1.905478 -1.417204
v 11.157239 -2.008981 -1.434824
v 11.206842 -1.742386 -1.439524
v 11.101464 -1.836240 -1.445809
v 11.322907 -1.953156 -1.728394
v 11.310448 -1.808280 -1.739869
v -4.850202 2.274378 0.915037
v -4.562446 2.362915 0.557091
v -4.551529 2.289416 0.910857
v -4.854612 2.327369 0.561402
v -4.258222 2.360045 0.557779
v -4.261014 2.326195 0.917901
v -4.297399 2.435854 0.604780
v -4.556747 2.344585 0.559477
v -4.252798 2.308851 0.909827
v -3.960823 2.344980 0.915940
v -3.968605 2.400167 0.552663
v -4.259501 2.362850 0.556345
v -3.954652 2.326290 0.907553
v -3.668156 2.414270 0.550234
v -3.961354 2.380295 0.554071
v -4.589470 2.376750 0.889332
v -4.551817 2.291939 0.913193
v -3.656452 2.341975 0.904131
v -3.695512 2.428295 0.882812
v -4.850202 -2.274378 0.915037
v -4.562446 -2.362915 0.557091
v -4.551529 -2.289416 0.910857
v -4.854612 -2.327369 0.561402
v -4.556747 -2.344585 0.559477
v -4.258222 -2.360045 0.557779
v -4.261014 -2.326195 0.917901
v -4.297399 -2.435854 0.604780
v -3.960823 -2.344980 0.915940
v -3.968605 -2.400167 0.552663
v -4.259501 -2.362850 0.556345
v -3.668156 -2.414270 0.550234
v -3.961354 -2.380295 0.554071
v -4.589470 -2.376750 0.889332
v -4.551817 -2.291939 0.913193
v -4.252798 -2.308851 0.909827
v -3.656452 -2.341975 0.904131
v -3.695512 -2.428295 0.882812
v -3.954652 -2.326290 0.907553
v -2.565933 2.443085 0.461386
v -2.656884 2.603198 0.544479
v -3.071745 2.624127 0.553386
v -2.619638 2.647704 0.528625
v -3.120814 2.410777 0.472114
v -2.648777 2.425009 0.532458
v -3.154116 2.407608 0.473741
v -2.561907 2.431236 0.522390
v -3.071404 2.398700 0.548647
v -3.120814 -2.410777 0.472114
v -2.565933 -2.443085 0.461386
v -2.656884 -2.603198 0.544479
v -3.154116 -2.407608 0.473741
v -2.619638 -2.647704 0.528625
v -3.071745 -2.624127 0.553386
v -2.648777 -2.425009 0.532458
v -3.071404 -2.398700 0.548647
v -2.561907 -2.431236 0.522390
v -3.078489 2.537014 0.932708
v -3.059822 2.513808 0.980410
v -2.562573 2.377966 0.898044
v -2.653526 2.538080 0.981137
v -3.101043 2.555446 0.964947
v -2.616280 2.582585 0.965283
v -3.071833 2.347580 0.879890
v -2.645420 2.359890 0.969115
v -3.140991 2.336299 0.929329
v -2.558547 2.366116 0.959048
v -3.068044 2.333581 0.985305
v -3.078489 -2.537014 0.932708
v -3.059822 -2.513808 0.980410
v -2.562573 -2.377966 0.898044
v -2.653526 -2.538080 0.981137
v -3.101043 -2.555446 0.964947
v -2.616280 -2.582585 0.965283
v -2.645420 -2.359890 0.969115
v -3.068044 -2.333581 0.985305
v -3.071833 -2.347580 0.879890
v -3.140991 -2.336299 0.929329
v -2.558547 -2.366116 0.959048
v -3.075133 2.471893 1.369366
v -3.056462 2.448689 1.417069
v -2.559215 2.312847 1.334703
v -2.650167 2.472961 1.417796
v -3.097684 2.490326 1.401607
v -2.612920 2.517466 1.401942
v -3.068476 2.282461 1.316547
v -2.642059 2.294771 1.405775
v -3.137632 2.271179 1.365989
v -2.556703 2.300786 1.396202
v -3.064684 2.268462 1.421963
v -3.075133 -2.471893 1.369366
v -3.056462 -2.448689 1.417069
v -2.559215 -2.312847 1.334703
v -2.650167 -2.472961 1.417796
v -3.097684 -2.490326 1.401607
v -2.612920 -2.517466 1.401942
v -2.642059 -2.294771 1.405775
v -3.064684 -2.268462 1.421963
v -3.068476 -2.282461 1.316547
v -3.137632 -2.271179 1.365989
v -2.556703 -2.300786 1.396202
v -3.085211 2.667251 0.059391
v -3.066542 2.644046 0.107093
v -2.569347 2.508199 0.024718
v -2.660243 2.668317 0.107820
v -3.107762 2.685683 0.091629
v -2.622998 2.712823 0.091967
v -3.078553 2.477818 0.006574
v -2.652137 2.490128 0.095799
v -3.147710 2.466537 0.056012
v -2.566809 2.496119 0.086314
v -3.074764 2.463819 0.111988
v -3.085211 -2.667251 0.059391
v -3.066542 -2.644046 0.107093
v -2.569347 -2.508199 0.024718
v -2.660243 -2.668317 0.107820
v -3.107762 -2.685683 0.091629
v -2.622998 -2.712823 0.091967
v -2.652137 -2.490128 0.095799
v -3.074764 -2.463819 0.111988
v -3.078553 -2.477818 0.006574
v -3.147710 -2.466537 0.056012
v -2.566809 -2.496119 0.086314
v 4.533174 8.768440 1.724852
v 4.694087 8.946949 1.753997
v 5.446551 8.734132 1.882051
v 5.383925 8.952706 1.734318
v 4.536269 8.696676 2.074890
v 4.698366 8.869963 2.111705
v 5.392729 8.875096 2.105615
v 4.533174 -8.768440 1.724852
v 4.694087 -8.946949 1.753997
v 5.446551 -8.734132 1.882051
v 5.383925 -8.952706 1.734318
v 4.536269 -8.696676 2.074890
v 4.698366 -8.869963 2.111705
v 5.392729 -8.875096 2.105615
v 4.152864 8.808606 1.224889
v -2.158757 2.408878 0.013196
v 7.023346 8.780835 1.577270
v 7.013515 8.838925 1.169919
v -0.087131 2.616668 -0.018674
v 3.668549 7.484162 0.977719
v 6.504492 8.149059 1.048086
v 4.739072 3.679049 0.153283
v -2.158725 2.380054 0.169611
v 7.018395 8.590276 1.322667
v 7.096777 3.012162 0.000850
v -1.272590 2.923549 0.376844
v 6.665841 4.048062 0.478967
v 6.906322 6.583859 0.934358
v 7.048702 6.505434 0.741629
v 0.875021 5.410686 0.770063
v 2.985160 7.532111 1.171956
v 4.286047 8.171533 1.101593
v 1.493820 5.312689 0.556663
v 0.359529 3.101161 0.110923
v -0.048574 3.789665 0.256688
v 2.680041 3.253701 0.101397
v 3.156384 3.242512 0.077091
v 5.750365 3.813300 0.161928
v 6.228247 3.805250 0.137908
v 1.771961 5.651594 0.599970
v 3.935153 7.826052 1.017179
v 6.538730 3.854401 0.154163
v 4.229515 3.292091 0.074756
v 4.041237 8.601965 1.399108
v 4.189121 8.758224 1.626649
v 6.981043 8.512398 1.600071
v 4.085438 8.599788 1.595667
v -1.529664 2.409906 0.216328
v 6.943262 2.965773 0.178743
v -1.543406 2.648243 0.265918
v 6.707000 3.389826 0.271287
v 6.938102 3.220222 0.231823
v -0.393692 3.785239 0.480324
v -0.178371 3.904614 0.501482
v 1.398128 3.977676 0.488403
v 1.706261 4.166719 0.522014
v 2.345414 4.199532 0.517372
v 2.678199 4.043481 0.479124
v 6.645639 4.226314 0.446477
v 0.407222 4.608125 0.636415
v 0.628630 4.741293 0.660201
v 2.040702 4.789099 0.645016
v 2.356789 4.970194 0.677108
v 2.995687 4.992145 0.670567
v 3.325343 4.833343 0.631885
v 6.599540 4.929963 0.594477
v 6.612885 4.759203 0.558588
v 7.030188 8.671127 2.114593
v 4.177873 8.532858 2.552281
v -2.133704 2.132668 1.342754
v 7.040143 8.560090 2.511012
v -0.060787 2.326135 1.379890
v 7.119884 2.747998 1.271850
v 6.529340 7.875112 2.366815
v 4.763900 3.405315 1.470983
v -2.139540 2.168515 1.187902
v 4.059709 8.413998 2.311759
v 7.038728 8.403268 2.274857
v 7.029874 8.469477 2.075913
v 6.960602 2.779672 1.077057
v -1.257414 2.756220 1.182348
v 7.041237 3.574162 1.247478
v 6.919793 6.390846 1.832128
v 0.893213 5.210315 1.734643
v 3.005250 7.339472 2.136971
v 1.518545 5.040095 1.868881
v 2.704953 2.979033 1.423541
v 3.181767 2.962661 1.424163
v 5.775200 3.539490 1.479993
v 6.253564 3.526116 1.481545
v 1.797476 5.370296 1.954077
v 4.310639 7.900386 2.406829
v 3.960441 7.547244 2.359321
v -0.023393 3.512036 1.593136
v 0.384531 2.825505 1.437875
v 6.563617 3.580013 1.475005
v 4.254622 3.015258 1.407292
v 4.098467 8.483738 2.130767
v 4.200748 8.649505 2.163172
v 7.072573 6.248989 1.971940
v 3.692879 7.215907 2.268989
v -1.512369 2.219216 1.134252
v -1.526103 2.457480 1.184191
v 6.724057 3.201756 1.176597
v 6.955155 3.032202 1.136895
v -0.376384 3.594407 1.398933
v -0.161080 3.713965 1.419209
v 1.415367 3.787602 1.403358
v 1.723495 3.976703 1.436691
v 2.362628 4.009749 1.430929
v 2.695396 3.853873 1.391837
v 6.662688 4.038340 1.351323
v 6.673641 3.870005 1.315894
v 0.424520 4.417403 1.554491
v 0.645917 4.550688 1.577714
v 2.057936 4.599087 1.559674
v 2.374007 4.780352 1.590948
v 3.012871 4.802676 1.582612
v 3.342509 4.644081 1.542935
v 6.616552 4.742383 1.497457
v 6.629905 4.571545 1.461913
v 7.013515 -8.838925 1.169919
v 4.152864 -8.808606 1.224889
v -2.158757 -2.408878 0.013196
v -0.087131 -2.616668 -0.018674
v 6.504492 -8.149059 1.048086
v 4.739072 -3.679049 0.153283
v -2.158725 -2.380054 0.169611
v 7.018395 -8.590276 1.322667
v 7.026233 -8.613332 1.543245
v 7.096777 -3.012162 0.000850
v -1.272590 -2.923549 0.376844
v 6.665841 -4.048062 0.478967
v 6.906322 -6.583859 0.934358
v 0.875021 -5.410686 0.770063
v 2.985160 -7.532111 1.171956
v 1.493820 -5.312689 0.556663
v 2.680041 -3.253701 0.101397
v 3.156384 -3.242512 0.077091
v 5.750365 -3.813300 0.161928
v 6.228247 -3.805250 0.137908
v 1.771961 -5.651594 0.599970
v 4.286047 -8.171533 1.101593
v 3.935153 -7.826052 1.017179
v -0.048574 -3.789665 0.256688
v 0.359529 -3.101161 0.110923
v 6.538730 -3.854401 0.154163
v 4.229515 -3.292091 0.074756
v 4.041237 -8.601965 1.399108
v 4.189121 -8.758224 1.626649
v 7.023346 -8.780835 1.577270
v 6.981043 -8.512398 1.600071
v 4.085438 -8.599788 1.595667
v 7.048702 -6.505434 0.741629
v 3.668549 -7.484162 0.977719
v -1.529664 -2.409901 0.216328
v 6.943262 -2.965767 0.178742
v -1.543406 -2.648238 0.265917
v 6.707000 -3.389820 0.271286
v 6.938102 -3.220216 0.231822
v -0.393692 -3.785239 0.480324
v -0.178371 -3.904608 0.501481
v 1.398128 -3.977669 0.488402
v 1.706260 -4.166712 0.522013
v 2.345414 -4.199527 0.517371
v 2.678199 -4.043474 0.479123
v 6.645639 -4.226314 0.446477
v 0.407222 -4.608125 0.636415
v 0.628629 -4.741287 0.660200
v 2.040701 -4.789092 0.645015
v 2.356788 -4.970188 0.677108
v 2.995687 -4.992137 0.670566
v 3.325343 -4.833338 0.631884
v 6.599540 -4.929963 0.594477
v 6.612885 -4.759203 0.558588
v 7.030188 -8.671127 2.114593
v 4.177873 -8.532858 2.552281
v -2.133704 -2.132668 1.342754
v 7.040143 -8.560090 2.511012
v -0.060787 -2.326135 1.379890
v 7.119884 -2.747998 1.271850
v 3.692879 -7.215907 2.268989
v 6.529340 -7.875112 2.366815
v 4.763900 -3.405315 1.470983
v -2.139540 -2.168515 1.187902
v 4.059709 -8.413998 2.311759
v 7.038728 -8.403268 2.274857
v 6.960602 -2.779672 1.077057
v -1.257414 -2.756220 1.182348
v 7.041237 -3.574162 1.247478
v 6.919793 -6.390846 1.832128
v 7.072573 -6.248989 1.971940
v 0.893213 -5.210315 1.734643
v 3.005250 -7.339472 2.136971
v 4.310639 -7.900386 2.406829
v 1.518545 -5.040095 1.868881
v 0.384531 -2.825505 1.437875
v -0.023393 -3.512036 1.593136
v 2.704953 -2.979033 1.423541
v 3.181767 -2.962661 1.424163
v 5.775200 -3.539490 1.479993
v 6.253564 -3.526116 1.481545
v 1.797476 -5.370296 1.954077
v 3.960441 -7.547244 2.359321
v 6.563617 -3.580013 1.475005
v 4.254622 -3.015258 1.407292
v 4.200748 -8.649505 2.163172
v 4.098467 -8.483738 2.130767
v -1.512369 -2.219209 1.134252
v -1.526103 -2.457474 1.184190
v 6.724057 -3.201751 1.176596
v 6.955155 -3.032195 1.136895
v -0.376384 -3.594407 1.398933
v -0.161080 -3.713960 1.419209
v 1.415367 -3.787596 1.403357
v 1.723495 -3.976697 1.436690
v 2.362627 -4.009744 1.430929
v 2.695396 -3.853867 1.391837
v 6.662688 -4.038340 1.351323
v 6.673641 -3.870005 1.315894
v 0.424520 -4.417403 1.554491
v 0.645916 -4.550682 1.577713
v 2.057935 -4.599080 1.559674
v 2.374007 -4.780347 1.590947
v 3.012871 -4.802671 1.582611
v 3.342509 -4.644075 1.542934
v 6.616552 -4.742383 1.497457
v 6.629905 -4.571545 1.461913
v -0.202104 2.906659 -0.127689
v -0.558285 2.314076 -0.280852
v -0.398775 2.562774 -0.225512
v -0.599122 2.875861 -0.132288
v -0.184453 2.338747 -0.287805
v -0.133185 2.294933 -0.064303
v -0.591337 2.265707 -0.060857
v -0.193273 2.991298 0.082168
v -0.616488 2.967644 0.085950
v -0.541632 2.529076 1.601788
v -0.171017 2.540308 1.602208
v -0.202157 2.203011 1.556762
v -0.147241 1.963747 1.518291
v -0.155858 2.687449 1.435398
v -0.188063 2.684725 1.506598
v -0.565752 1.983619 1.297025
v -0.629519 2.665136 1.441046
v -0.107569 2.012488 1.295275
v -0.599122 -2.875861 -0.132288
v -0.202104 -2.906659 -0.127689
v -0.558285 -2.314076 -0.280852
v -0.398775 -2.562774 -0.225512
v -0.184453 -2.338747 -0.287805
v -0.133185 -2.294933 -0.064303
v -0.591337 -2.265707 -0.060857
v -0.193273 -2.991298 0.082168
v -0.616488 -2.967644 0.085950
v -0.171017 -2.540308 1.602208
v -0.202157 -2.203011 1.556762
v -0.541632 -2.529076 1.601788
v -0.520123 -1.942909 1.511533
v -0.565752 -1.983619 1.297025
v -0.155858 -2.687449 1.435398
v -0.629519 -2.665136 1.441046
v -0.107569 -2.012488 1.295275
v 5.445149 3.240109 -0.183726
v 5.273418 2.904909 -0.267789
v 5.472435 2.680081 -0.330472
v 5.069303 3.253611 -0.148807
v 5.093335 2.656173 -0.328641
v 5.058230 2.607373 -0.107258
v 5.453166 3.339144 0.037053
v 4.990076 3.264540 0.029584
v 5.516382 2.636600 -0.110703
v 5.105728 2.860368 1.579922
v 5.125445 2.277971 1.491250
v 5.283828 2.529193 1.533984
v 5.452004 2.887240 1.572617
v 5.526607 2.304109 1.485537
v 5.542393 2.349813 1.269828
v 5.084210 2.320933 1.271578
v 5.513807 3.043674 1.415502
v 5.029364 3.009596 1.416545
v 5.445149 -3.240109 -0.183726
v 5.273418 -2.904909 -0.267789
v 5.472435 -2.680081 -0.330472
v 5.069303 -3.253611 -0.148807
v 5.453166 -3.339144 0.037053
v 5.058230 -2.607373 -0.107258
v 4.990076 -3.264540 0.029584
v 5.516382 -2.636600 -0.110703
v 5.125445 -2.277971 1.491250
v 5.462783 -2.299940 1.486418
v 5.283828 -2.529193 1.533984
v 5.105728 -2.860368 1.579922
v 5.542393 -2.349813 1.269828
v 5.084210 -2.320933 1.271578
v 5.513807 -3.043674 1.415502
v 5.452004 -2.887240 1.572617
v 5.267481 8.841830 1.035095
v 4.781225 8.843283 1.040681
v 5.223953 8.782341 1.273262
v 4.756905 8.731310 1.248867
v 5.024578 8.773202 1.028040
v 5.029419 8.892376 1.151757
v 5.026645 8.636139 1.194525
v 5.267481 -8.841830 1.035095
v 4.781225 -8.843283 1.040681
v 5.223953 -8.782341 1.273262
v 4.756905 -8.731310 1.248867
v 5.029419 -8.892376 1.151757
v 5.024578 -8.773202 1.028040
v 5.026645 -8.636139 1.194525
v 6.432074 8.836704 1.022999
v 5.946000 8.837931 1.029111
v 6.388722 8.776985 1.261695
v 5.921676 8.725959 1.237299
v 6.190200 8.748244 1.024167
v 6.188356 8.889166 1.110698
v 6.191415 8.630782 1.182957
v 6.432074 -8.836704 1.022999
v 5.946000 -8.837931 1.029111
v 6.388722 -8.776985 1.261695
v 5.921676 -8.725959 1.237299
v 6.188356 -8.889166 1.110698
v 6.190200 -8.748244 1.024167
v 6.191415 -8.630782 1.182957
v 5.519761 8.194661 3.094149
v 5.882398 8.163353 3.079442
v 5.647650 8.099652 3.071434
v 4.358533 8.101258 3.215740
v 4.353979 8.193097 3.108557
v 6.017304 8.109893 3.239900
v 4.358125 8.095343 3.126947
v 5.329950 8.169056 3.246130
v 5.336863 8.045816 3.144535
v 5.328318 8.048856 3.166678
v 5.327584 8.250081 3.124555
v 5.944725 8.058942 3.070179
v 5.374242 8.284820 2.503600
v 5.896432 8.280795 2.491176
v 5.635335 8.372729 2.515813
v 5.634159 8.192893 2.478301
v 5.519761 -8.194661 3.094149
v 5.882398 -8.163353 3.079442
v 5.647650 -8.099652 3.071434
v 4.358533 -8.101258 3.215740
v 4.353979 -8.193097 3.108557
v 4.359790 -8.198980 3.217637
v 6.092014 -8.224504 3.084367
v 6.017304 -8.109893 3.239900
v 5.329950 -8.169056 3.246130
v 5.328318 -8.048856 3.166678
v 5.325803 -8.128675 3.045048
v 5.327584 -8.250081 3.124555
v 5.944725 -8.058942 3.070179
v 5.945120 -8.240846 3.080522
v 5.374242 -8.284820 2.503600
v 5.896432 -8.280795 2.491176
v 5.635335 -8.372729 2.515813
v 5.634159 -8.192893 2.478301
v -1.689790 2.342965 1.202408
v -1.705056 2.512960 0.210240
v 6.958573 3.046063 0.143666
v 6.723978 8.413003 2.324659
v 6.908202 3.140543 1.192338
v 6.894023 3.317583 0.201794
v -1.330454 2.782030 1.285259
v -1.349469 2.953644 0.293445
v 0.398467 4.599158 0.597676
v 0.625936 4.753655 0.624953
v -0.377144 3.841262 0.456954
v -0.374744 3.608282 1.436435
v 0.430333 4.441312 1.592070
v 6.696071 4.157005 0.378377
v 6.660622 4.861603 0.524574
v 6.679252 4.639543 1.505982
v 6.738627 3.929401 1.358152
v 6.687046 7.934998 2.238116
v 4.640942 7.816480 2.256199
v 4.653777 8.037029 1.218576
v 4.166341 8.451247 2.376864
v 6.705261 8.621511 1.285651
v 4.501770 7.895954 2.057101
v 6.465423 8.000128 1.390833
v 4.497616 8.024860 1.441651
v 4.200902 8.342278 1.504209
v 4.209204 8.213358 2.106228
v 6.675272 8.121359 2.040036
v 4.098835 8.652950 1.336678
v 6.669823 8.263254 1.452671
v 6.468798 7.879928 2.013978
v -1.359877 2.737081 0.995908
v -1.306064 2.877104 0.529114
v 6.753694 3.220965 0.943950
v 6.758797 3.288736 0.470941
v -1.465314 2.718784 0.511457
v 6.976753 2.873643 1.135331
v 3.126513 4.748862 1.600767
v 2.164141 4.659139 1.601805
v 2.270057 4.934725 0.628919
v 3.237792 4.888991 0.599803
v 2.543009 3.924601 1.442441
v 1.491886 3.840108 1.446361
v 1.597723 4.117612 0.473872
v 2.481984 4.147200 0.462007
v 5.000015 7.996390 2.062325
v 5.958699 7.921607 2.253207
v 6.397131 7.975152 1.174571
v 5.986150 8.087344 1.422952
v 6.008218 7.944541 2.057236
v 4.983715 8.117772 1.446530
v -1.019139 2.863160 0.543408
v -1.005573 2.789186 0.982799
v -0.769846 2.877419 0.541628
v -0.755645 2.803264 0.980981
v -0.520257 2.891583 0.539880
v -0.506057 2.817428 0.979230
v -0.270664 2.905745 0.538144
v -0.256463 2.831590 0.977497
v -0.020768 2.919812 0.536441
v -0.007201 2.845837 0.975845
v 0.228523 2.934071 0.534660
v 0.242719 2.859916 0.974009
v 0.478114 2.948233 0.532923
v 0.492312 2.874078 0.972278
v 0.727708 2.962394 0.531183
v 0.741907 2.888241 0.970535
v 0.977297 2.976557 0.529447
v 0.991501 2.902402 0.968794
v 1.227191 2.990623 0.527746
v 1.240760 2.916649 0.967146
v 1.476488 3.004881 0.525963
v 1.490684 2.930728 0.965308
v 1.726379 3.018949 0.524268
v 1.739946 2.944973 0.963667
v 1.975970 3.033113 0.522525
v 1.989537 2.959136 0.961920
v 2.225261 3.047370 0.520741
v 2.239459 2.973216 0.960092
v 2.474855 3.061532 0.519006
v 2.489054 2.987378 0.958349
v 2.724751 3.075597 0.517306
v 2.738317 3.001622 0.956707
v 2.974037 3.089857 0.515526
v 2.988238 3.015703 0.954875
v 3.223935 3.103922 0.513826
v 3.237498 3.029949 0.953225
v 3.473228 3.118182 0.512043
v 3.487426 3.044027 0.951390
v 3.722820 3.132344 0.510303
v 3.737015 3.058190 0.949649
v 3.972715 3.146411 0.508602
v 3.986275 3.072437 0.948000
v 4.236202 3.086515 0.946173
v 4.222002 3.160670 0.506825
v 4.471594 3.174833 0.505082
v 4.485795 3.100677 0.944433
v 4.721489 3.188899 0.503383
v 4.735050 3.114924 0.942785
v 4.971083 3.203060 0.501647
v 4.984649 3.129085 0.941050
v 5.220674 3.217223 0.499907
v 5.234239 3.143247 0.939307
v -1.689790 -2.342965 1.202408
v -1.705056 -2.512960 0.210240
v 6.958573 -3.046063 0.143666
v 6.723978 -8.413003 2.324659
v 6.908202 -3.140543 1.192338
v -1.330454 -2.782030 1.285259
v -1.349469 -2.953644 0.293445
v 0.625936 -4.753655 0.624953
v -0.377144 -3.841262 0.456954
v -0.374744 -3.608282 1.436435
v 0.430333 -4.441312 1.592070
v 0.423736 -4.671010 0.611996
v 6.696071 -4.157005 0.378377
v 6.660622 -4.861603 0.524574
v 6.679252 -4.639543 1.505982
v 6.738627 -3.929401 1.358152
v 6.687046 -7.934998 2.238116
v 4.640942 -7.816480 2.256199
v 4.653777 -8.037029 1.218576
v 4.166341 -8.451247 2.376864
v 6.705261 -8.621511 1.285651
v 4.501770 -7.895954 2.057101
v 6.465423 -8.000128 1.390833
v 6.468798 -7.879928 2.013978
v 6.669823 -8.263254 1.452671
v 4.497616 -8.024860 1.441651
v 4.200902 -8.342278 1.504209
v 4.209204 -8.213358 2.106228
v 4.098835 -8.652950 1.336678
v 6.675272 -8.121359 2.040036
v -1.359877 -2.737081 0.995908
v -1.306064 -2.877104 0.529114
v 6.753694 -3.220965 0.943950
v 6.758797 -3.288736 0.470941
v 6.894023 -3.317583 0.201794
v 6.976753 -2.873643 1.135331
v -1.465314 -2.718784 0.511457
v 3.126513 -4.748862 1.600767
v 2.164141 -4.659139 1.601805
v 2.270057 -4.934725 0.628919
v 3.237792 -4.888991 0.599803
v 2.543009 -3.924601 1.442441
v 1.491886 -3.840108 1.446361
v 1.597723 -4.117612 0.473872
v 2.481984 -4.147200 0.462007
v 4.983715 -8.117772 1.446530
v 5.958699 -7.921607 2.253207
v 6.397131 -7.975152 1.174571
v 5.986150 -8.087344 1.422952
v 6.008218 -7.944541 2.057236
v 5.000015 -7.996390 2.062325
v 0.398467 -4.599158 0.597676
v -1.019139 -2.863160 0.543408
v -1.005573 -2.789186 0.982799
v -0.769846 -2.877419 0.541628
v -0.755645 -2.803264 0.980981
v -0.520257 -2.891583 0.539880
v -0.506057 -2.817428 0.979230
v -0.270664 -2.905745 0.538144
v -0.256463 -2.831590 0.977497
v -0.020768 -2.919812 0.536441
v -0.007201 -2.845837 0.975845
v 0.228523 -2.934071 0.534660
v 0.242719 -2.859916 0.974009
v 0.478114 -2.948233 0.532923
v 0.492312 -2.874078 0.972278
v 0.727708 -2.962394 0.531183
v 0.741907 -2.888241 0.970535
v 0.977297 -2.976557 0.529447
v 0.991501 -2.902402 0.968794
v 1.227191 -2.990623 0.527746
v 1.240760 -2.916649 0.967146
v 1.476488 -3.004881 0.525963
v 1.490684 -2.930728 0.965308
v 1.726379 -3.018949 0.524268
v 1.739946 -2.944973 0.963667
v 1.975970 -3.033113 0.522525
v 1.989537 -2.959136 0.961920
v 2.225261 -3.047370 0.520741
v 2.239459 -2.973216 0.960092
v 2.474855 -3.061532 0.519006
v 2.489054 -2.987378 0.958349
v 2.724751 -3.075597 0.517306
v 2.738317 -3.001622 0.956707
v 2.974037 -3.089857 0.515526
v 2.988238 -3.015703 0.954875
v 3.223935 -3.103922 0.513826
v 3.237498 -3.029949 0.953225
v 3.473228 -3.118182 0.512043
v 3.487426 -3.044027 0.951390
v 3.722820 -3.132344 0.510303
v 3.737015 -3.058190 0.949649
v 3.972715 -3.146411 0.508602
v 3.986275 -3.072437 0.948000
v 4.236202 -3.086515 0.946173
v 4.222002 -3.160670 0.506825
v 4.471594 -3.174833 0.505082
v 4.485795 -3.100677 0.944433
v 4.721489 -3.188899 0.503383
v 4.735050 -3.114924 0.942785
v 4.971083 -3.203060 0.501647
v 4.984649 -3.129085 0.941050
v 5.220674 -3.217223 0.499907
v 5.234239 -3.143247 0.939307
v 0.829613 7.211413 1.867838
v 0.824943 5.660445 0.953452
v 0.825281 5.557226 1.650648
v 0.904365 7.122008 1.912889
v 0.894872 7.209113 1.323413
v 0.899669 5.517712 1.044670
v 0.908535 5.544752 1.633145
v 1.046017 7.162490 1.227391
v 1.060210 7.065859 1.989991
v 1.270182 7.039521 1.988554
v 1.267256 5.373580 1.307305
v 1.058140 5.378354 1.446184
v 1.259804 5.631374 0.932224
v 1.056059 5.584108 0.944034
v 1.258019 7.192247 1.237710
v 1.060624 5.591350 1.712561
v 1.272213 5.512382 1.672901
v 1.148320 7.305287 1.590856
v 1.421933 6.939990 1.986168
v 1.417490 5.375400 1.343277
v 1.423220 5.557567 1.691611
v 1.407231 7.150908 1.216846
v 1.409233 5.776083 0.925329
v 1.409462 5.521316 1.029393
v 0.847293 6.922293 1.995239
v 0.853586 5.466034 1.643206
v 0.870362 5.392130 1.191390
v 0.820361 7.243303 1.298164
v 1.414769 7.223386 1.856521
v 1.410361 7.333872 1.565513
v 0.829613 -7.211413 1.867838
v 0.824943 -5.660445 0.953452
v 0.904365 -7.122008 1.912889
v 0.894872 -7.209113 1.323413
v 0.899669 -5.517712 1.044670
v 0.908535 -5.544752 1.633145
v 1.267256 -5.373580 1.307305
v 1.058140 -5.378354 1.446184
v 1.259804 -5.631374 0.932224
v 1.056059 -5.584108 0.944034
v 1.258019 -7.192247 1.237710
v 1.060624 -5.591350 1.712561
v 1.148320 -7.305287 1.590856
v 1.414769 -7.223386 1.856521
v 1.421933 -6.939990 1.986168
v 1.417490 -5.375400 1.343277
v 1.423220 -5.557567 1.691611
v 1.407231 -7.150908 1.216846
v 1.410361 -7.333872 1.565513
v 1.409233 -5.776083 0.925329
v 1.409462 -5.521316 1.029393
v 1.060210 -7.065859 1.989991
v 0.820361 -7.243303 1.298164
v 0.853586 -5.466034 1.643206
v 0.870362 -5.392130 1.191390
v 0.819228 -5.431104 1.243067
v 7.710400 6.896538 1.112798
v 7.720891 6.727205 1.775872
v 7.409592 7.010877 1.108514
v 7.410135 6.758765 1.056363
v 7.424398 6.857707 1.860517
v 7.422203 6.606669 1.791115
v 7.707533 7.173180 1.725231
v 7.415910 6.862190 1.831133
v 7.403967 7.220976 1.228402
v 7.406806 7.312736 1.433171
v 7.439776 7.283139 1.690817
v 7.651677 7.263616 1.345906
v 7.414919 7.125299 1.802310
v 7.708098 6.898593 1.827523
v 7.436380 6.887618 1.876767
v 7.432784 7.229652 1.192515
v 7.427031 7.326658 1.452060
v 7.700872 7.274734 1.490688
v 7.707870 7.059488 1.790027
v 7.404569 7.038954 1.111663
v 7.416245 7.080096 1.828884
v 7.691244 6.647317 1.705243
v 7.410283 7.265713 1.659851
v 7.698583 7.186811 1.226581
v 7.698529 6.754017 1.142997
v 7.704889 7.255983 1.628406
v 7.416620 6.734478 1.089881
v 7.463990 6.733000 1.672992
v 7.201749 7.006188 1.248976
v 7.209192 6.808506 1.666145
v 7.206797 7.107069 1.614261
v 7.289039 7.208668 1.628751
v 7.281154 7.180492 1.265731
v 7.282762 6.810460 1.183207
v 7.292120 7.015349 1.796158
v 7.290596 6.697958 1.686419
v 7.470029 7.134017 1.273125
v 7.446606 6.819012 1.211478
v 7.484489 7.161402 1.629803
v 7.375287 6.991961 1.858129
v 7.372279 7.164030 1.790683
v 7.363644 7.138690 1.149283
v 7.364765 7.256634 1.262552
v 7.367167 7.323640 1.444096
v 7.287528 6.700999 1.760800
v 7.277804 6.910730 1.142572
v 7.286514 6.971979 1.803609
v 7.285299 7.112876 1.754457
v 7.282751 7.221604 1.645266
v 7.276504 7.098136 1.194163
v 7.373618 6.766706 1.834154
v 7.277328 7.223236 1.307986
v 7.279355 7.264383 1.438606
v 7.361237 6.922441 1.081934
v 7.370731 7.278743 1.660981
v 7.287095 6.858686 1.793579
v 7.200220 6.843876 1.301690
v 7.200775 6.836868 1.335536
v 7.201331 6.829871 1.369401
v 7.201887 6.822865 1.403241
v 7.202443 6.815854 1.437068
v 7.182247 6.976139 1.279043
v 7.188661 6.856451 1.284012
v 7.188156 7.086941 1.331733
v 7.213785 7.103865 1.351909
v 7.188629 7.117638 1.373383
v 7.201014 7.128584 1.394380
v 7.200988 7.141065 1.432089
v 7.201299 7.145973 1.469186
v 7.201726 7.144502 1.504532
v 7.491892 6.884285 1.270459
v 7.495109 7.066309 1.308087
v 7.205225 6.780797 1.606442
v 7.204668 6.787817 1.572599
v 7.204112 6.794800 1.538752
v 7.203559 6.801819 1.504933
v 7.203003 6.808800 1.471063
v 7.188837 6.893078 1.680295
v 7.194310 6.785239 1.628025
v 7.193805 7.015729 1.675745
v 7.218906 7.039385 1.663179
v 7.193167 7.060438 1.649707
v 7.204957 7.078900 1.634412
v 7.203827 7.105300 1.604777
v 7.203000 7.124553 1.572659
v 7.202302 7.137224 1.539666
v 7.497974 6.807380 1.641957
v 7.501199 6.989406 1.679587
v 7.712319 6.019385 0.931196
v 7.429209 5.656264 0.902341
v 7.413085 6.166740 0.933950
v 7.423496 6.014884 1.668589
v 7.670375 5.783351 1.592312
v 7.710078 5.971263 1.623546
v 7.704700 5.603570 0.990860
v 7.708692 5.562266 1.455324
v 7.417100 5.764102 1.603865
v 7.407955 5.911320 0.894066
v 7.418586 5.543897 1.510130
v 7.454501 5.442466 1.301852
v 7.708352 5.487779 1.302228
v 7.418109 5.523140 1.460423
v 7.410756 5.508923 1.059716
v 7.442418 5.558380 1.519438
v 7.440197 5.905455 0.858884
v 7.437854 5.445791 1.271971
v 7.425152 6.198569 0.938014
v 7.702458 5.798414 0.904105
v 7.708057 5.499150 1.173953
v 7.410654 5.505741 1.065652
v 7.699017 6.133271 1.014652
v 7.410321 6.183499 0.940559
v 7.446110 6.037789 1.667155
v 7.417967 5.755984 1.615840
v 7.408650 5.694165 0.891651
v 7.712911 5.666693 1.540426
v 7.708367 6.021698 1.546851
v 7.208186 5.620907 1.184734
v 7.204390 5.946983 1.050298
v 7.211624 5.842257 1.486748
v 7.283380 6.044670 0.992955
v 7.287016 5.580772 1.054674
v 7.292584 5.571181 1.414036
v 7.292691 5.946165 1.557026
v 7.477949 5.943976 1.500352
v 7.414141 5.714070 1.554394
v 7.459273 6.039431 1.043553
v 7.463201 5.730644 0.970827
v 7.378258 5.634466 1.577074
v 7.377024 5.506602 1.451865
v 7.371503 5.449241 1.283472
v 7.366617 5.781201 0.868233
v 7.366802 5.620613 0.927602
v 7.290225 5.861495 1.586448
v 7.289354 5.674077 1.534890
v 7.279817 5.992719 0.952515
v 7.287140 5.511382 1.287300
v 7.288391 5.561609 1.432621
v 7.375593 5.850690 1.644499
v 7.279346 5.800233 0.925449
v 7.283108 5.550608 1.083792
v 7.363247 6.006399 0.892282
v 7.371174 5.494411 1.065378
v 7.281171 5.653563 0.979715
v 7.202088 5.990573 1.125043
v 7.202643 5.983563 1.158876
v 7.203201 5.976541 1.192736
v 7.203755 5.969552 1.226566
v 7.204312 5.962573 1.260415
v 7.184651 5.878104 1.051702
v 7.190567 5.986004 1.103797
v 7.191070 5.755514 1.056077
v 7.216824 5.732189 1.067853
v 7.191709 5.710805 1.082115
v 7.204158 5.692491 1.097046
v 7.204220 5.666071 1.126674
v 7.204580 5.646829 1.158787
v 7.205031 5.634131 1.191828
v 7.493902 5.967107 1.080572
v 7.497878 5.785132 1.042832
v 7.207093 5.927473 1.429782
v 7.206537 5.934499 1.395949
v 7.205981 5.941487 1.362119
v 7.205426 5.948504 1.328267
v 7.204869 5.955517 1.294388
v 7.191242 5.795042 1.452964
v 7.196215 5.914793 1.447810
v 7.196721 5.684302 1.400090
v 7.221929 5.667668 1.379155
v 7.196247 5.653606 1.358439
v 7.208088 5.642833 1.337143
v 7.207053 5.630324 1.299447
v 7.206278 5.625386 1.262254
v 7.205608 5.626861 1.226920
v 7.499984 5.890214 1.452068
v 7.504001 5.708226 1.414330
v 7.710400 -6.896538 1.112798
v 7.711757 -6.842745 1.818494
v 7.699427 -7.219313 1.247366
v 7.409592 -7.010877 1.108514
v 7.439776 -7.283139 1.690817
v 7.424398 -6.857707 1.860517
v 7.422203 -6.606669 1.791115
v 7.720891 -6.727205 1.775872
v 7.702085 -7.269584 1.390219
v 7.415910 -6.862190 1.831133
v 7.406806 -7.312736 1.433171
v 7.410135 -6.758765 1.056363
v 7.415312 -7.104312 1.835034
v 7.707533 -7.173180 1.725231
v 7.414919 -7.125299 1.802310
v 7.403967 -7.220976 1.228402
v 7.409498 -7.260191 1.654746
v 7.651677 -7.263616 1.345906
v 7.704889 -7.255983 1.628406
v 7.436380 -6.887618 1.876767
v 7.416620 -6.734478 1.089881
v 7.699910 -7.095593 1.168167
v 7.700872 -7.274734 1.490688
v 7.691244 -6.647317 1.705243
v 7.427031 -7.326658 1.452060
v 7.417652 -6.597348 1.781395
v 7.404569 -7.038954 1.111663
v 7.432784 -7.229652 1.192515
v 7.410283 -7.265713 1.659851
v 7.700747 -7.301987 1.453536
v 7.414085 -6.859699 1.832778
v 7.403268 -7.214318 1.235649
v 7.416245 -7.080096 1.828884
v 7.708098 -6.898593 1.827523
v 7.484489 -7.161402 1.629803
v 7.201749 -7.006188 1.248976
v 7.209192 -6.808506 1.666145
v 7.206797 -7.107069 1.614261
v 7.290596 -6.697958 1.686419
v 7.292120 -7.015349 1.796158
v 7.281154 -7.180492 1.265731
v 7.470029 -7.134017 1.273125
v 7.463990 -6.733000 1.672992
v 7.375287 -6.991961 1.858129
v 7.372279 -7.164030 1.790683
v 7.370731 -7.278743 1.660981
v 7.363644 -7.138690 1.149283
v 7.367167 -7.323640 1.444096
v 7.288218 -6.779484 1.776500
v 7.286514 -6.971979 1.803609
v 7.277102 -6.832435 1.125850
v 7.285299 -7.112876 1.754457
v 7.282751 -7.221604 1.645266
v 7.373618 -6.766706 1.834154
v 7.276504 -7.098136 1.194163
v 7.277328 -7.223236 1.307986
v 7.279355 -7.264383 1.438606
v 7.361237 -6.922441 1.081934
v 7.276661 -6.990175 1.158380
v 7.364765 -7.256634 1.262552
v 7.200220 -6.843876 1.301690
v 7.200775 -6.836868 1.335536
v 7.201331 -6.829871 1.369401
v 7.201887 -6.822865 1.403241
v 7.202443 -6.815854 1.437068
v 7.182247 -6.976139 1.279043
v 7.188662 -6.856451 1.284016
v 7.188158 -7.086939 1.331736
v 7.213785 -7.103865 1.351909
v 7.188631 -7.117637 1.373386
v 7.201014 -7.128584 1.394380
v 7.200988 -7.141065 1.432089
v 7.201299 -7.145973 1.469186
v 7.201726 -7.144502 1.504532
v 7.491892 -6.884285 1.270459
v 7.495109 -7.066309 1.308087
v 7.205225 -6.780797 1.606442
v 7.204668 -6.787817 1.572599
v 7.204112 -6.794800 1.538752
v 7.203559 -6.801819 1.504933
v 7.203003 -6.808800 1.471063
v 7.188837 -6.893078 1.680295
v 7.194312 -6.785237 1.628029
v 7.193807 -7.015730 1.675749
v 7.218906 -7.039385 1.663179
v 7.193169 -7.060437 1.649710
v 7.204957 -7.078900 1.634412
v 7.203827 -7.105300 1.604777
v 7.203000 -7.124553 1.572659
v 7.202302 -7.137224 1.539666
v 7.497974 -6.807380 1.641957
v 7.501199 -6.989406 1.679587
v 7.712319 -6.019385 0.931196
v 7.708352 -5.487779 1.302228
v 7.429209 -5.656264 0.902341
v 7.410901 -5.914874 0.881500
v 7.413085 -6.166740 0.933950
v 7.454501 -5.442466 1.301852
v 7.423496 -6.014884 1.668589
v 7.670375 -5.783351 1.592312
v 7.710078 -5.971263 1.623546
v 7.708692 -5.562266 1.455324
v 7.417100 -5.764102 1.603865
v 7.704700 -5.603570 0.990860
v 7.410756 -5.508923 1.059716
v 7.440197 -5.905455 0.858884
v 7.437854 -5.445791 1.271971
v 7.708057 -5.499150 1.173953
v 7.699017 -6.133271 1.014652
v 7.446110 -6.037789 1.667155
v 7.410321 -6.183499 0.940559
v 7.439230 -6.099697 1.288697
v 7.417967 -5.755984 1.615840
v 7.408650 -5.694165 0.891651
v 7.442418 -5.558380 1.519438
v 7.702458 -5.798414 0.904105
v 7.410654 -5.505741 1.065652
v 7.712911 -5.666693 1.540426
v 7.708367 -6.021698 1.546851
v 7.493829 -5.620251 1.180433
v 7.208186 -5.620907 1.184734
v 7.204390 -5.946983 1.050298
v 7.211624 -5.842257 1.486748
v 7.292584 -5.571181 1.414036
v 7.287016 -5.580772 1.054674
v 7.283380 -6.044670 0.992955
v 7.292691 -5.946165 1.557026
v 7.463201 -5.730644 0.970827
v 7.477949 -5.943976 1.500352
v 7.414141 -5.714070 1.554394
v 7.472408 -5.547835 1.269494
v 7.459273 -6.039431 1.043553
v 7.378258 -5.634466 1.577074
v 7.377024 -5.506602 1.451865
v 7.371503 -5.449241 1.283472
v 7.366617 -5.781201 0.868233
v 7.366802 -5.620613 0.927602
v 7.371174 -5.494411 1.065378
v 7.290225 -5.861495 1.586448
v 7.287140 -5.511382 1.287300
v 7.279817 -5.992719 0.952515
v 7.289354 -5.674077 1.534890
v 7.288391 -5.561609 1.432621
v 7.375593 -5.850690 1.644499
v 7.279346 -5.800233 0.925449
v 7.283108 -5.550608 1.083792
v 7.363247 -6.006399 0.892282
v 7.281171 -5.653563 0.979715
v 7.202088 -5.990573 1.125043
v 7.202643 -5.983563 1.158876
v 7.203201 -5.976541 1.192736
v 7.203755 -5.969552 1.226566
v 7.204312 -5.962573 1.260415
v 7.184651 -5.878104 1.051702
v 7.190567 -5.986003 1.103800
v 7.191072 -5.755513 1.056079
v 7.216824 -5.732189 1.067853
v 7.191710 -5.710805 1.082118
v 7.204158 -5.692491 1.097046
v 7.204220 -5.666071 1.126674
v 7.204580 -5.646829 1.158787
v 7.205031 -5.634131 1.191828
v 7.493902 -5.967107 1.080572
v 7.497878 -5.785132 1.042832
v 7.207093 -5.927473 1.429782
v 7.206537 -5.934499 1.395949
v 7.205981 -5.941487 1.362119
v 7.205426 -5.948504 1.328267
v 7.204869 -5.955517 1.294388
v 7.191242 -5.795042 1.452964
v 7.196217 -5.914793 1.447813
v 7.196722 -5.684302 1.400092
v 7.221929 -5.667668 1.379155
v 7.196249 -5.653606 1.358442
v 7.208088 -5.642833 1.337143
v 7.207053 -5.630324 1.299447
v 7.206278 -5.625386 1.262254
v 7.205608 -5.626861 1.226920
v 7.499984 -5.890214 1.452068
v 7.504001 -5.708226 1.414330
v 7.420225 6.660278 1.908994
v 7.410228 7.315204 1.585892
v 7.404837 6.923762 0.993888
v 7.412562 7.251301 1.716606
v 7.411680 7.278987 1.669648
v 7.296318 7.219079 1.813956
v 7.287036 7.247428 1.206448
v 7.417220 6.036999 1.696091
v 7.406307 6.158696 0.843077
v 7.411946 5.547979 1.548686
v 7.291728 5.532485 0.925654
v 7.420225 -6.660278 1.908994
v 7.410230 -7.315194 1.585921
v 7.404837 -6.923762 0.993888
v 7.406587 -7.322536 1.349663
v 7.412562 -7.251301 1.716606
v 7.296318 -7.219079 1.813956
v 7.287036 -7.247428 1.206448
v 7.415596 -5.442232 1.282786
v 7.406307 -6.158696 0.843077
v 7.412853 -5.438022 1.098927
v 7.411946 -5.547979 1.548686
v 7.417690 -5.491041 1.434742
v 7.417220 -6.036999 1.696091
v 7.291728 -5.532485 0.925654
v 7.407839 7.313989 1.430918
v 7.404680 7.218622 1.191214
v 7.410533 7.110728 1.834256
v 7.376886 6.577836 1.799256
v 7.417419 6.578052 1.798639
v 7.364878 6.761909 1.079472
v 7.363681 7.133166 1.131343
v 7.366433 7.309785 1.372777
v 7.371851 7.315327 1.656338
v 7.375416 6.956535 1.835787
v 7.416789 6.618648 1.771973
v 7.405406 6.762126 1.078851
v 7.376261 6.618431 1.772593
v 7.364487 7.173150 1.197881
v 7.419007 5.678937 1.587882
v 7.418597 6.038131 1.686854
v 7.406569 6.153394 0.941676
v 7.390003 5.757104 0.855782
v 7.415010 5.417904 1.235472
v 7.378596 5.561186 1.555087
v 7.387903 5.486807 1.451352
v 7.371197 5.489607 1.046795
v 7.365581 6.195313 0.927097
v 7.418119 6.011466 1.646263
v 7.366207 6.154725 0.953762
v 7.367160 5.802745 0.892811
v 7.408084 5.754544 0.901116
v 7.377989 6.031209 1.679987
v 7.416789 -6.618648 1.771973
v 7.417419 -6.578052 1.798639
v 7.407839 -7.313989 1.430918
v 7.411493 -7.264737 1.652331
v 7.404927 -6.735445 1.038260
v 7.404680 -7.218622 1.191214
v 7.409322 -7.189830 1.778405
v 7.376886 -6.577836 1.799256
v 7.364399 -6.735236 1.038879
v 7.364877 -6.761919 1.079478
v 7.363681 -7.133166 1.131343
v 7.366433 -7.309785 1.372777
v 7.375897 -6.967936 1.871218
v 7.405406 -6.762126 1.078851
v 7.410533 -7.110728 1.834256
v 7.364487 -7.173150 1.197881
v 7.375416 -6.956535 1.835787
v 7.378596 -5.561186 1.555087
v 7.419007 -5.678937 1.587882
v 7.418597 -6.038131 1.686854
v 7.406569 -6.153394 0.941676
v 7.406110 -6.195539 0.926475
v 7.415010 -5.417904 1.235472
v 7.410323 -5.586124 0.988339
v 7.387903 -5.486807 1.451352
v 7.371197 -5.489607 1.046795
v 7.365581 -6.195313 0.927097
v 7.418119 -6.011466 1.646263
v 7.377989 -6.031209 1.679987
v 7.366194 -6.154811 0.952983
v 1.265982 7.023806 1.791000
v 1.259989 7.094031 1.717487
v 1.259003 7.131105 1.664286
v 1.256681 7.106892 1.408090
v 1.257065 7.134007 1.516531
v 1.262782 7.148427 1.580655
v 1.264576 5.687943 1.084323
v 1.262848 5.669919 1.171370
v 1.264773 5.618699 1.179374
v 1.267481 5.560925 1.324727
v 1.266932 5.567944 1.416701
v 1.270636 5.573033 1.392189
v 1.266858 5.606238 1.497478
v 1.267544 5.581644 1.224691
v 1.267623 5.565725 1.301542
v 1.265982 -7.023806 1.791000
v 1.259989 -7.094031 1.717487
v 1.259003 -7.131105 1.664286
v 1.256681 -7.106892 1.408090
v 1.257065 -7.134007 1.516531
v 1.262782 -7.148427 1.580655
v 1.262848 -5.669919 1.171370
v 1.262383 -5.620847 1.168972
v 1.267570 -5.613175 1.206079
v 1.267481 -5.560925 1.324727
v 1.268855 -5.569160 1.410849
v 1.143986 -5.606288 1.495938
v 1.272291 -5.603462 1.510919
v 1.271732 -5.610503 1.476902
v 1.267544 -5.581644 1.224691
v 1.267623 -5.565725 1.301542
v 1.252845 6.848911 1.248300
v 1.252993 6.781517 1.234347
v 1.262640 6.725453 1.844702
v 1.262787 6.658087 1.830751
v 1.031794 6.724230 1.687257
v 0.900194 6.812901 1.248793
v 0.901310 6.755412 1.544504
v 0.899032 6.688924 1.841251
v 1.264537 5.858722 1.665252
v 1.254742 5.982182 1.068854
v 1.264390 5.926098 1.679201
v 1.254596 6.049564 1.082805
v 0.909421 5.950820 1.379092
v 0.911706 5.888175 1.674990
v 0.901945 6.013185 1.083225
v 1.252845 -6.848911 1.248300
v 1.252993 -6.781517 1.234347
v 1.262640 -6.725453 1.844702
v 1.031794 -6.724230 1.687257
v 1.262787 -6.658087 1.830751
v 0.900194 -6.812901 1.248793
v 0.901310 -6.755412 1.544504
v 0.899032 -6.688924 1.841251
v 1.264537 -5.858722 1.665252
v 1.254742 -5.982182 1.068854
v 1.264390 -5.926098 1.679201
v 1.254596 -6.049564 1.082805
v 0.909421 -5.950820 1.379092
v 0.901945 -6.013185 1.083225
v 0.911706 -5.888175 1.674990
v 7.407574 7.175978 1.861870
v 7.420163 6.574821 1.906122
v 7.409304 7.327219 1.531627
v 7.412179 7.266865 1.698202
v 7.272237 7.387743 1.238322
v 7.284509 7.034133 1.915980
v 7.597753 6.513382 1.859411
v 7.593364 7.287247 1.741497
v 7.290352 6.308156 1.776513
v 7.404424 6.789125 0.897989
v 7.407453 7.325083 1.409976
v 7.397027 7.370685 1.400625
v 7.584785 7.265786 1.173715
v 7.394354 7.171702 1.120394
v 7.277992 6.472141 0.954163
v 7.588898 6.651750 0.999926
v 7.419875 6.021966 1.740517
v 7.418315 5.527591 1.490217
v 7.416181 5.443834 1.321550
v 7.281477 5.375755 1.137508
v 7.286579 6.284279 1.788710
v 7.409650 5.498291 1.519779
v 7.507161 5.405926 1.284470
v 7.597295 5.440869 1.351964
v 7.411247 6.237271 1.782687
v 7.602918 6.118084 1.727337
v 7.277997 6.470052 0.953732
v 7.405736 6.200997 0.893824
v 7.412805 5.441888 1.100388
v 7.279973 5.802469 0.827341
v 7.588656 5.620303 0.850674
v 7.589906 6.289309 0.924885
v 7.420163 -6.574821 1.906122
v 7.412179 -7.266865 1.698202
v 7.272237 -7.387743 1.238322
v 7.284509 -7.034133 1.915980
v 7.597753 -6.513382 1.859411
v 7.290352 -6.308156 1.776513
v 7.277992 -6.472141 0.954163
v 7.404424 -6.789125 0.897989
v 7.407822 -7.327567 1.434948
v 7.397027 -7.370685 1.400625
v 7.584785 -7.265786 1.173715
v 7.394354 -7.171702 1.120394
v 7.588898 -6.651750 0.999926
v 7.411247 -6.237271 1.782687
v 7.286579 -6.284279 1.788710
v 7.419875 -6.021966 1.740517
v 7.418315 -5.527591 1.490217
v 7.417211 -5.370627 1.287724
v 7.281477 -5.375755 1.137508
v 7.287561 -5.627536 1.623029
v 7.507161 -5.405926 1.284470
v 7.600159 -5.588970 1.590811
v 7.602918 -6.118084 1.727337
v 7.405736 -6.200997 0.893824
v 7.408079 -5.699873 0.882043
v 7.403179 -5.484888 0.977509
v 7.279973 -5.802469 0.827341
v 7.588656 -5.620303 0.850674
v 7.277997 -6.470052 0.953732
v 7.589906 -6.289309 0.924885
v 0.952182 7.166410 1.374377
v 0.890099 6.953876 1.892728
v 0.890224 7.152156 1.783286
v 1.260130 7.041255 1.791418
v 1.253965 7.101246 1.409802
v 1.113023 6.994368 1.830163
v 0.882742 7.281869 1.515731
v 0.875057 7.207655 1.383448
v 1.105114 7.174527 1.574272
v 1.104120 7.072348 1.362879
v 1.260637 5.514163 1.290004
v 1.115159 5.528526 1.266163
v 0.885917 5.465682 1.397583
v 0.893356 5.582173 1.651872
v 0.883097 5.614808 0.992845
v 1.104124 5.756572 1.079321
v 0.903991 5.698445 1.048746
v 1.111512 5.652109 1.569853
v 1.260130 -7.041255 1.791418
v 1.253965 -7.101246 1.409802
v 1.070631 -7.144038 1.755902
v 1.113023 -6.994368 1.830163
v 0.875057 -7.207655 1.383448
v 0.890224 -7.152156 1.783286
v 0.890099 -6.953876 1.892728
v 1.105114 -7.174527 1.574272
v 1.104120 -7.072348 1.362879
v 0.952182 -7.166410 1.374377
v 0.914941 -5.631873 1.604029
v 1.260637 -5.514163 1.290004
v 1.115159 -5.528526 1.266163
v 0.973163 -5.469400 1.354862
v 1.111512 -5.652109 1.569853
v 1.104124 -5.756572 1.079321
v 0.883097 -5.614808 0.992845
v 0.885917 -5.465682 1.397583
v 0.903991 -5.698445 1.048746
v 7.306649 6.789286 1.872973
v 7.291503 7.171256 1.829231
v 7.296054 7.352181 1.544038
v 7.282353 7.304938 1.279544
v 5.922323 7.062088 2.016789
v 6.661428 7.030702 0.999428
v 6.055867 7.334009 1.214244
v 6.097770 6.873947 1.033274
v 1.429269 7.204532 1.251124
v 1.405038 7.441636 1.588313
v 2.586513 6.898406 2.078457
v 2.579258 7.443560 1.676336
v 2.596094 7.092342 2.060059
v 5.898994 7.044863 1.999361
v 2.598105 7.307234 1.919471
v 5.910228 6.921729 2.023020
v 5.905279 7.454387 1.575474
v 2.574210 7.433428 1.535286
v 1.403378 7.339399 1.300570
v 6.703112 7.099370 2.023776
v 7.215834 7.481941 1.445807
v 7.298771 7.141421 1.106847
v 6.079435 5.985458 0.837397
v 1.736007 6.956267 1.089726
v 1.714469 5.987667 0.911690
v 7.178355 6.886628 0.927991
v 7.257288 6.771662 1.969017
v 1.415897 6.743762 2.065315
v 1.399211 7.092643 1.245763
v 1.400799 7.272215 1.408476
v 1.401589 7.314372 1.583243
v 1.406491 7.192085 1.860623
v 1.409636 6.905055 1.965527
v 6.768599 7.294758 1.911148
v 6.750428 6.759485 2.021544
v 7.188565 7.185685 2.007617
v 7.101120 6.429461 1.944290
v 6.780508 7.058098 2.058578
v 7.183069 6.879708 2.045012
v 7.296426 5.615761 1.607516
v 7.293650 5.427108 1.359934
v 7.293558 5.791165 0.830359
v 6.681058 5.549761 0.831338
v 1.409417 5.279364 1.214915
v 7.244743 5.316957 1.105764
v 7.211716 5.459415 0.858647
v 6.056675 5.568903 0.846124
v 1.760053 5.592790 0.885615
v 6.675590 5.940103 0.771549
v 5.910250 5.316242 1.131282
v 2.581169 5.294637 1.475001
v 2.596717 5.438964 1.714436
v 5.905490 5.324227 1.457661
v 2.590080 5.615190 1.814472
v 5.929614 5.580841 1.728451
v 2.573227 5.321045 1.137438
v 6.757158 5.453223 1.644387
v 7.287137 5.458561 1.598412
v 7.189538 6.070654 0.746944
v 1.409463 5.494487 0.906024
v 7.298148 5.479661 1.015078
v 7.289847 6.109544 0.887262
v 7.301842 5.837809 1.669807
v 7.219174 5.789069 1.779469
v 1.418672 5.490567 1.767370
v 1.398121 5.753877 0.968750
v 1.404911 5.530701 1.047909
v 1.405730 5.422612 1.191573
v 1.410359 5.424743 1.494717
v 1.412390 5.646090 1.704677
v 6.780159 5.403304 1.662945
v 6.988428 6.056958 1.892810
v 7.193000 5.405013 1.649395
v 7.185702 5.663689 1.793483
v 7.306649 -6.789286 1.872973
v 7.291503 -7.171256 1.829231
v 7.296054 -7.352181 1.544038
v 7.282353 -7.304938 1.279544
v 7.298771 -7.141421 1.106847
v 6.756634 -7.017770 2.024215
v 6.661428 -7.030702 0.999428
v 6.733523 -7.380774 1.196663
v 1.411751 -7.259974 1.946025
v 1.405038 -7.441636 1.588313
v 6.055867 -7.334009 1.214244
v 6.097770 -6.873947 1.033274
v 1.429269 -7.204532 1.251124
v 2.586513 -6.898406 2.078457
v 5.901850 -7.460793 1.629515
v 2.579258 -7.443560 1.676336
v 2.596094 -7.092342 2.060059
v 5.898994 -7.044863 1.999361
v 5.902095 -7.317873 1.871512
v 2.598105 -7.307234 1.919471
v 5.910228 -6.921729 2.023020
v 5.905279 -7.454387 1.575474
v 1.415897 -6.743762 2.065315
v 7.264419 -7.224075 1.942701
v 6.079435 -5.985458 0.837397
v 1.736007 -6.956267 1.089726
v 1.714469 -5.987667 0.911690
v 1.403378 -7.339399 1.300570
v 7.215834 -7.481941 1.445807
v 7.178355 -6.886628 0.927991
v 7.257288 -6.771662 1.969017
v 2.559061 -7.440094 1.572018
v 7.287243 -6.829415 1.036979
v 1.399211 -7.092643 1.245763
v 1.400799 -7.272215 1.408476
v 1.401589 -7.314372 1.583243
v 1.406491 -7.192085 1.860623
v 1.409636 -6.905055 1.965527
v 6.703112 -7.099370 2.023776
v 7.188565 -7.185685 2.007617
v 7.101120 -6.429461 1.944290
v 6.780508 -7.058098 2.058578
v 7.185702 -5.663689 1.793483
v 7.296426 -5.615761 1.607516
v 7.293650 -5.427108 1.359934
v 7.293558 -5.791165 0.830359
v 1.409417 -5.279364 1.214915
v 1.418672 -5.490567 1.767370
v 5.905490 -5.324227 1.457661
v 6.056675 -5.568903 0.846124
v 1.760053 -5.592790 0.885615
v 6.675590 -5.940103 0.771549
v 5.910250 -5.316242 1.131282
v 2.581169 -5.294637 1.475001
v 2.596717 -5.438964 1.714436
v 2.590080 -5.615190 1.814472
v 2.573227 -5.321045 1.137438
v 1.409463 -5.494487 0.906024
v 6.756292 -5.460294 1.649289
v 7.244743 -5.316957 1.105764
v 7.189538 -6.070654 0.746944
v 7.287137 -5.458561 1.598412
v 7.298148 -5.479661 1.015078
v 6.681058 -5.549761 0.831338
v 5.929614 -5.580841 1.728451
v 7.289847 -6.109544 0.887262
v 7.301842 -5.837809 1.669807
v 1.421348 -5.755782 1.864910
v 7.219174 -5.789069 1.779469
v 1.414572 -5.761645 1.860847
v 1.404911 -5.530701 1.047909
v 1.405730 -5.422612 1.191573
v 1.410359 -5.424743 1.494717
v 1.412390 -5.646090 1.704677
v 6.988428 -6.056958 1.892810
v 7.193000 -5.405013 1.649395
v 6.780159 -5.403304 1.662945
v 0.753876 0.368068 -1.456332
v 1.309597 0.904919 -1.462873
v 6.033113 0.881171 -1.896023
v 4.548902 0.000000 -2.765915
v 4.550124 0.508258 -2.763575
v 4.955911 0.847649 -1.927499
v 3.487087 0.977910 -1.516775
v 3.487545 0.506387 -2.765678
v 5.196275 0.754178 -2.184491
v 5.076298 0.623495 -2.506722
v 6.049727 0.686061 -2.351104
v 5.540478 0.980725 -1.427071
v 0.667563 0.000000 -1.539915
v 1.586770 0.947096 -1.700246
v 1.063946 0.752165 -1.684739
v 2.296426 0.346313 -2.773763
v 2.370636 0.508813 -2.764322
v 2.210068 0.000000 -2.776707
v 5.369750 0.957504 -1.276177
v 1.019260 0.857713 -1.276176
v 6.904366 0.000000 -2.722294
v 6.906126 0.561699 -2.698594
v 2.200959 0.530056 -2.604752
v 3.374409 0.904947 -1.781063
v 3.600362 0.904862 -1.780463
v 3.596648 0.574058 -2.605961
v 3.378580 0.574038 -2.606043
v 4.383333 0.573855 -2.607478
v 4.692440 0.889749 -1.812335
v 2.490785 0.573280 -2.606385
v 1.939578 0.897372 -1.794777
v 1.003714 0.541475 -1.782890
v 0.840110 0.252833 -1.806690
v 0.816899 0.000000 -1.778505
v 1.983606 0.309555 -2.616826
v 6.544050 0.000000 -2.756142
v 5.677171 0.000000 -2.757667
v 5.713318 0.316942 -2.756342
v 6.509780 0.319004 -2.756218
v 0.686547 0.000003 -1.276177
v 1.387789 0.834894 -1.781214
v 3.375968 0.886702 -1.779920
v 3.596195 0.885861 -1.783437
v 3.596767 0.547437 -2.605186
v 3.381399 0.553380 -2.599866
v 4.381116 0.550809 -2.605157
v 4.707702 0.830861 -1.912776
v 4.617422 0.886510 -1.781021
v 2.492447 0.550632 -2.605323
v 1.989947 0.887148 -1.778771
v 1.943320 0.857378 -1.841205
v 1.026495 0.564466 -1.782307
v 2.014045 0.258981 -2.605089
v 1.420467 0.785673 -1.779709
v 1.972623 0.000000 -2.607756
v 0.869354 0.241174 -1.773353
v 0.839388 0.000000 -1.775174
v 1.963922 -0.250908 -2.609471
v 1.963922 0.250908 -2.609471
v 2.194626 0.507792 -2.603350
v 1.411252 0.841017 -1.778622
v 1.962439 0.222345 -2.610525
v 8.533963 1.258478 -2.813243
v 7.999195 1.253556 -2.815374
v 10.425219 0.000000 -2.153900
v 9.849312 0.000000 -2.711119
v 9.832129 1.314415 -1.520397
v 10.326418 1.261215 -2.124638
v 9.665052 1.267316 -2.800848
v 9.568018 1.161376 -2.865196
v 6.876689 0.555928 -2.678589
v 5.249107 1.084575 -1.137771
v 5.508465 1.348150 -1.190935
v 5.802706 0.940206 -1.682073
v 6.865341 0.000000 -2.677449
v 7.994864 1.305480 -1.553159
v 8.535264 1.305896 -1.561245
v 6.102544 1.314415 -1.519903
v 7.065763 1.259185 -2.831838
v 9.992552 1.314415 -0.836273
v 10.174257 1.255662 -0.578156
v 10.319058 1.259803 -0.782330
v 10.409351 0.686753 -2.129316
v 7.229506 0.000000 -2.879153
v 10.310135 0.000000 -0.171228
v 10.291557 0.688910 -0.180774
v 10.283854 0.663732 -0.271274
v 10.252435 0.653154 -0.507699
v 10.378951 0.682964 -0.826950
v 10.422997 0.000000 -0.863755
v 9.854576 0.414706 -2.677475
v 10.110874 0.626666 -2.463136
v 10.427701 0.575952 -2.147472
v 10.427636 0.088080 -2.146332
v 9.966582 0.415503 -2.561465
v 10.391637 0.555398 -1.831205
v 9.963331 0.103273 -2.584936
v 10.389727 0.107793 -1.842834
v 10.179221 0.093524 -1.955688
v 10.179221 0.566499 -1.955688
v 10.109091 0.093530 -2.283580
v 10.109091 0.566504 -2.283580
v 10.006091 0.566499 -2.389564
v 10.006091 0.093525 -2.389564
v 9.903090 0.093530 -2.495574
v 9.903090 0.566504 -2.495574
v 9.800093 0.093530 -2.601570
v 10.016649 0.531407 -2.515306
v 9.824758 0.407729 -2.509090
v 9.797294 0.452018 -2.459527
v 10.179223 0.093524 -2.061674
v 10.179223 0.566499 -2.061674
v 10.179222 0.093524 -2.167676
v 10.179222 0.566499 -2.167677
v 1.586770 -0.947096 -1.700246
v 0.753876 -0.368068 -1.456332
v 1.309597 -0.904919 -1.462873
v 6.033113 -0.881171 -1.896023
v 2.296426 -0.346313 -2.773763
v 4.550124 -0.508258 -2.763575
v 4.955911 -0.847649 -1.927499
v 3.487087 -0.977910 -1.516775
v 3.487545 -0.506387 -2.765678
v 5.196275 -0.754178 -2.184491
v 5.076298 -0.623495 -2.506722
v 6.049727 -0.686061 -2.351104
v 5.540478 -0.980725 -1.427071
v 1.063946 -0.752165 -1.684739
v 2.370636 -0.508813 -2.764322
v 5.369750 -0.957504 -1.276177
v 1.019260 -0.857713 -1.276176
v 6.906126 -0.561699 -2.698594
v 3.374409 -0.904947 -1.781063
v 3.600362 -0.904862 -1.780463
v 3.596648 -0.574058 -2.605961
v 3.378580 -0.574038 -2.606043
v 4.383333 -0.573855 -2.607478
v 4.692440 -0.889749 -1.812335
v 2.490785 -0.573280 -2.606385
v 1.939578 -0.897372 -1.794777
v 1.003714 -0.541475 -1.782890
v 0.840110 -0.252833 -1.806690
v 1.387789 -0.834894 -1.781214
v 1.983606 -0.309555 -2.616826
v 2.200959 -0.530056 -2.604752
v 5.713318 -0.316942 -2.756342
v 6.509780 -0.319004 -2.756218
v 1.981658 -0.273769 -2.610529
v 3.596195 -0.885861 -1.783437
v 3.596767 -0.547437 -2.605186
v 3.375968 -0.886702 -1.779920
v 4.707702 -0.830861 -1.912776
v 4.617422 -0.886510 -1.781021
v 3.381399 -0.553380 -2.599866
v 4.381116 -0.550809 -2.605157
v 2.492447 -0.550632 -2.605323
v 1.989947 -0.887148 -1.778771
v 1.943320 -0.857378 -1.841205
v 1.026495 -0.564466 -1.782307
v 2.014045 -0.258981 -2.605089
v 1.420467 -0.785673 -1.779709
v 2.194626 -0.507792 -2.603350
v 1.411252 -0.841017 -1.778622
v 0.869354 -0.241174 -1.773353
v 8.533963 -1.258478 -2.813243
v 7.999195 -1.253556 -2.815374
v 7.065763 -1.259185 -2.831838
v 9.832129 -1.314415 -1.520397
v 10.326418 -1.261215 -2.124638
v 9.665052 -1.267316 -2.800848
v 9.612174 -1.154316 -2.863148
v 6.876689 -0.555928 -2.678589
v 5.249107 -1.084575 -1.137771
v 5.802706 -0.940206 -1.682073
v 7.994864 -1.305480 -1.553159
v 8.535264 -1.305896 -1.561245
v 6.102544 -1.314415 -1.519903
v 5.508465 -1.348150 -1.190935
v 9.612149 -1.154327 -2.863147
v 9.992552 -1.314415 -0.836273
v 10.319058 -1.259803 -0.782330
v 10.174257 -1.255662 -0.578156
v 10.409351 -0.686753 -2.129316
v 9.563756 -0.620146 -2.863147
v 10.291557 -0.688910 -0.180774
v 10.283854 -0.663732 -0.271274
v 10.252435 -0.653154 -0.507699
v 10.378951 -0.682964 -0.826950
v 9.854576 -0.414706 -2.677475
v 10.110874 -0.626666 -2.463136
v 10.427701 -0.575952 -2.147472
v 10.427636 -0.088080 -2.146332
v 9.966582 -0.415503 -2.561465
v 10.391637 -0.555398 -1.831205
v 9.963331 -0.103273 -2.584936
v 10.389727 -0.107793 -1.842834
v 10.179221 -0.093524 -1.955688
v 10.179221 -0.566499 -1.955688
v 10.109091 -0.093530 -2.283580
v 10.109091 -0.566504 -2.283580
v 10.006091 -0.566499 -2.389564
v 10.006091 -0.093525 -2.389564
v 9.903090 -0.093530 -2.495574
v 9.903090 -0.566504 -2.495574
v 9.800093 -0.093530 -2.601570
v 10.016649 -0.531407 -2.515306
v 9.824758 -0.407729 -2.509090
v 9.797294 -0.452018 -2.459527
v 10.179223 -0.093524 -2.061674
v 10.179223 -0.566499 -2.061674
v 10.179222 -0.093524 -2.167676
v 10.179222 -0.566499 -2.167677
v 9.558059 -0.814715 -2.868611
v 7.335215 0.912027 -2.855280
v 9.331222 0.812283 -2.853144
v 7.335215 -0.912027 -2.855280
v 8.534002 0.930865 -2.835176
v 8.534002 -0.930865 -2.835176
v 9.147166 -0.686145 -2.836678
v 8.000241 -0.938687 -2.840433
v 8.032532 0.000000 -2.850608
v 8.199961 0.769953 -2.847714
v 8.199961 -0.769953 -2.847714
v 11.689138 6.198418 -0.887026
v 11.709662 5.939642 -1.004138
v 11.139019 5.712526 -0.868042
v 8.322659 5.474883 -0.797854
v 11.093331 6.185351 -0.995064
v 8.312072 5.575685 -1.020928
v 11.114272 5.950118 -1.102449
v 8.283371 5.878186 -1.022523
v 11.111079 6.069324 -0.607625
v 8.312887 5.618999 -0.597629
v 8.279021 5.941760 -0.679475
v 7.715509 5.614370 -0.904652
v 7.717341 5.597274 -0.719311
v 7.697674 5.776616 -0.841305
v 11.717940 5.928702 -0.728219
v 8.964325 5.964830 -1.040564
v 8.977676 5.934988 -0.606612
v 9.034360 5.585171 -0.665376
v 9.006783 5.535052 -0.950735
v 10.401419 6.085290 -0.665486
v 10.468361 5.645624 -0.833834
v 10.445015 5.843997 -1.099978
v 10.403926 6.138381 -1.005152
v 10.444091 5.860074 -0.596856
v 11.689138 -6.198418 -0.887026
v 11.717940 -5.928702 -0.728219
v 11.709662 -5.939642 -1.004138
v 11.093331 -6.185351 -0.995064
v 11.139019 -5.712526 -0.868042
v 8.312072 -5.575685 -1.020928
v 11.114272 -5.950118 -1.102449
v 11.111079 -6.069324 -0.607625
v 8.283371 -5.878186 -1.022523
v 8.312887 -5.618999 -0.597629
v 8.322659 -5.474883 -0.797854
v 8.279021 -5.941760 -0.679475
v 7.715509 -5.614370 -0.904652
v 7.717341 -5.597274 -0.719311
v 7.697674 -5.776616 -0.841305
v 8.964325 -5.964830 -1.040564
v 9.034360 -5.585171 -0.665376
v 9.006783 -5.535052 -0.950735
v 8.977676 -5.934988 -0.606612
v 10.401419 -6.085290 -0.665486
v 10.468361 -5.645624 -0.833834
v 10.445015 -5.843997 -1.099978
v 10.444091 -5.860074 -0.596856
v 10.403926 -6.138381 -1.005152
v 9.159181 5.781653 -0.961819
v 10.433230 5.892071 -0.985461
v 10.377331 5.898139 -1.017674
v 12.484818 3.217102 -1.131695
v 12.507519 3.236633 -0.957911
v 7.162051 2.403729 -1.060336
v 12.523172 1.690506 -1.159621
v 12.135286 2.868859 -1.135548
v 9.768101 2.386660 -1.133794
v 9.370437 5.095701 -1.009619
v 10.595831 5.156532 -1.032880
v 8.156322 3.050876 -1.063553
v 12.255651 1.702731 -1.204701
v 9.175117 5.772977 -0.696177
v 10.480927 5.889998 -0.800433
v 10.385983 5.884914 -0.671077
v 10.383419 5.885969 -0.681199
v 12.442112 3.202771 -0.817052
v 7.154410 2.393652 -0.782814
v 12.140880 2.858202 -0.845913
v 9.774189 2.374487 -0.797058
v 9.373942 5.087955 -0.709321
v 10.601357 5.145488 -0.727499
v 8.161800 3.039926 -0.760864
v 12.261934 1.695052 -0.863082
v 12.524609 1.681965 -0.920519
v 9.159181 -5.781653 -0.961819
v 10.433230 -5.892071 -0.985461
v 10.377331 -5.898132 -1.017674
v 12.484818 -3.217102 -1.131695
v 12.507519 -3.236633 -0.957911
v 7.162051 -2.403729 -1.060336
v 12.135286 -2.868859 -1.135548
v 9.768101 -2.386660 -1.133794
v 9.370437 -5.095701 -1.009619
v 10.595831 -5.156532 -1.032880
v 8.156322 -3.050876 -1.063553
v 12.255651 -1.702731 -1.204701
v 12.523172 -1.690506 -1.159621
v 9.175117 -5.772977 -0.696177
v 10.480927 -5.889998 -0.800433
v 10.385983 -5.884914 -0.671077
v 10.383419 -5.885962 -0.681199
v 12.442112 -3.202771 -0.817052
v 7.154410 -2.393652 -0.782814
v 12.140880 -2.858202 -0.845913
v 9.774189 -2.374487 -0.797058
v 9.373942 -5.087955 -0.709321
v 10.601357 -5.145488 -0.727499
v 8.161800 -3.039926 -0.760864
v 12.261934 -1.695052 -0.863082
v 12.524609 -1.681965 -0.920519
v 10.714580 5.839457 -1.215532
v 10.156882 5.798604 -1.230325
v 10.696949 6.069575 -1.252500
v 10.778016 5.961915 -1.006110
v 10.094443 5.899984 -0.996328
v 10.131684 6.022638 -1.239292
v 10.432625 5.851994 -1.256088
v 10.409814 6.050375 -1.224178
v 10.417097 6.062757 -0.991920
v 10.440690 5.798167 -1.010298
v 10.714580 -5.839457 -1.215532
v 10.156882 -5.798604 -1.230325
v 10.696949 -6.069575 -1.252500
v 10.778016 -5.961915 -1.006110
v 10.094443 -5.899984 -0.996328
v 10.131684 -6.022638 -1.239292
v 10.409814 -6.050375 -1.224178
v 10.417097 -6.062757 -0.991920
v 10.432625 -5.851994 -1.256088
v 10.440690 -5.798167 -1.010298
v 5.089656 1.005816 -2.037552
v 5.108949 0.989803 -1.987273
v 5.533454 1.001532 -2.041399
v 5.514715 0.985776 -1.990218
v 5.069137 1.030641 -2.007844
v 5.556066 1.023949 -2.011621
v 5.089981 0.786352 -2.054425
v 5.523221 0.782587 -2.053958
v 5.019655 0.802786 -2.011822
v 5.601500 0.796193 -2.004839
v 5.095283 0.807457 -1.964551
v 5.541747 0.803732 -1.962481
v 5.089656 -1.005816 -2.037552
v 5.108949 -0.989803 -1.987273
v 5.533454 -1.001532 -2.041399
v 5.514715 -0.985776 -1.990218
v 5.069137 -1.030641 -2.007844
v 5.556066 -1.023949 -2.011621
v 5.089981 -0.786352 -2.054425
v 5.601500 -0.796193 -2.004839
v 5.095283 -0.807457 -1.964551
v 5.541747 -0.803732 -1.962481
v 5.019655 -0.802786 -2.011822
v 5.523221 -0.782587 -2.053958
v 5.761050 0.239696 -2.766386
v 6.387344 0.259866 -2.762084
v 5.739436 0.283988 -2.674518
v 6.440483 0.293079 -2.673500
v 6.513762 0.328676 -2.765388
v 5.697553 0.319444 -2.765432
v 5.760712 -0.005462 -2.755953
v 6.524116 0.000000 -2.803616
v 6.489845 0.000003 -2.783639
v 6.435762 0.137334 -2.785099
v 6.514528 0.126833 -2.839322
v 6.494205 0.000000 -2.850719
v 6.472711 0.000000 -2.691304
v 6.530371 0.000000 -2.773744
v 5.731827 0.000000 -2.766427
v 5.740077 0.000000 -2.687764
v 5.761050 -0.239696 -2.766386
v 6.387344 -0.259866 -2.762084
v 5.739436 -0.283988 -2.674518
v 6.440483 -0.293079 -2.673500
v 6.513762 -0.328676 -2.765388
v 5.697553 -0.319444 -2.765432
v 5.760712 0.005462 -2.755953
v 6.435762 -0.137334 -2.785099
v 6.514528 -0.126833 -2.839322
v 11.731524 2.413660 -1.282480
v 11.703556 2.046696 -1.303702
v 11.930478 2.024142 -1.314677
v 11.973173 2.356824 -1.305225
v 11.678064 2.046207 -1.167346
v 11.975820 2.484883 -1.167618
v 11.734286 2.492074 -1.161278
v 11.964792 2.018282 -1.173507
v 11.975820 -2.484883 -1.167618
v 11.930478 -2.024142 -1.314677
v 11.703556 -2.046696 -1.303702
v 11.734286 -2.492074 -1.161278
v 11.973173 -2.356824 -1.305225
v 11.678064 -2.046207 -1.167346
v 11.964792 -2.018282 -1.173507
v 9.800163 4.772978 -0.746178
v 10.074890 4.886592 -0.747939
v 9.955821 4.626298 -0.754652
v 10.059337 4.764647 -0.438101
v 9.800163 -4.772978 -0.746178
v 9.955821 -4.626298 -0.754652
v 10.074890 -4.886592 -0.747939
v 9.900520 -4.688999 -0.437169
v 9.905375 -4.840852 -0.433113
v 10.059337 -4.764647 -0.438101
v 5.082245 0.763650 -2.645588
v 5.101537 0.747636 -2.595308
v 5.526042 0.759364 -2.649435
v 5.507301 0.743609 -2.598252
v 5.061724 0.788473 -2.615880
v 5.548652 0.781781 -2.619657
v 5.082569 0.544185 -2.662459
v 5.515808 0.540420 -2.661993
v 5.012241 0.560618 -2.619857
v 5.594088 0.554025 -2.612878
v 5.087869 0.565289 -2.572587
v 5.534334 0.561564 -2.570516
v 5.082245 -0.763650 -2.645588
v 5.101537 -0.747636 -2.595308
v 5.526042 -0.759364 -2.649435
v 5.507301 -0.743609 -2.598252
v 5.061724 -0.788473 -2.615880
v 5.548652 -0.781781 -2.619657
v 5.082569 -0.544185 -2.662459
v 5.594088 -0.554025 -2.612878
v 5.087869 -0.565289 -2.572587
v 5.534334 -0.561564 -2.570516
v 5.012241 -0.560618 -2.619857
v 5.515808 -0.540420 -2.661993
v 9.206550 5.977027 -0.973653
v 9.274030 5.718513 -1.215995
v 8.717813 5.659907 -1.190812
v 8.655479 5.769611 -0.976235
v 9.151891 5.659674 -0.993774
v 8.693334 5.883294 -1.232107
v 9.252522 5.950756 -1.217693
v 8.974927 5.914134 -1.216483
v 8.994508 5.701035 -1.207129
v 9.206550 -5.977027 -0.973653
v 9.274030 -5.718513 -1.215995
v 8.717813 -5.659907 -1.190812
v 8.655479 -5.769611 -0.976235
v 9.151891 -5.659674 -0.993774
v 8.693334 -5.883294 -1.232107
v 9.252522 -5.950756 -1.217693
v 8.974927 -5.914134 -1.216483
v 8.994508 -5.701035 -1.207129
v 10.859866 2.601865 -1.143866
v 10.842607 2.401799 -1.300869
v 10.614310 2.533267 -1.256802
v 10.728680 2.150795 -1.301487
v 10.561728 2.164720 -1.143194
v 10.616311 2.610315 -1.136997
v 10.848460 2.136789 -1.149354
v 10.842607 -2.401799 -1.300869
v 10.614310 -2.533267 -1.256802
v 10.728680 -2.150795 -1.301487
v 10.561728 -2.164720 -1.143194
v 10.859866 -2.601865 -1.143866
v 10.616311 -2.610315 -1.136997
v 10.848460 -2.136789 -1.149354
v 4.182579 1.816691 -2.219962
v 6.672770 1.707837 -2.378145
v 4.178251 1.924533 -2.533967
v 6.672772 2.154810 -2.357590
v 4.180316 2.098787 -2.295563
v 5.244180 2.097558 -2.402834
v 5.247994 1.757466 -2.419860
v 3.487703 2.086150 -2.430599
v 4.968224 1.876795 -2.415010
v 4.894832 2.001995 -2.261797
v 3.980849 1.927885 -2.188583
v 3.978688 1.747863 -2.380657
v 4.000469 2.011714 -2.520309
v 3.487540 1.781062 -2.293588
v 3.489260 1.914195 -2.543344
v 3.493215 2.031397 -2.227514
v 3.782533 2.070865 -2.417816
v 3.747052 1.857412 -2.218026
v 3.680640 1.753798 -2.419990
v 5.240242 1.908809 -2.169629
v 5.243583 1.913341 -2.528998
v 4.122760 1.753498 -2.449588
v 3.497592 1.790411 -2.195351
v 3.491623 1.742198 -2.421869
v 3.491770 2.081584 -2.212065
v 7.311484 2.216769 -2.295949
v 8.021071 1.848511 -1.967691
v 8.772840 1.591012 -2.484143
v 8.529875 1.568029 -2.264628
v 8.726276 2.231006 -2.632190
v 8.861771 1.816479 -2.648384
v 7.290218 2.281815 -2.250136
v 7.274880 1.973890 -1.995332
v 7.280904 2.154025 -2.630059
v 7.289130 1.887689 -2.727545
v 7.276883 1.597751 -2.503945
v 7.277375 1.641515 -2.170705
v 8.721293 1.563120 -1.905242
v 8.908589 1.746778 -1.905611
v 8.770760 2.248412 -1.903511
v 8.901224 2.128758 -2.393438
v 8.018957 2.228133 -1.907613
v 8.024830 1.570963 -1.906176
v 8.528627 1.650619 -2.613644
v 8.528707 2.042569 -2.699491
v 8.528457 2.281216 -2.263839
v 6.684687 1.925603 -2.542550
v 6.684688 1.925603 -2.172786
v 5.894073 1.925609 -2.178812
v 5.894072 1.746753 -2.357668
v 6.684688 1.740722 -2.357668
v 5.894072 1.925603 -2.536524
v 6.684687 2.110490 -2.357669
v 5.894072 2.104464 -2.357668
v 6.684688 2.056334 -2.488400
v 6.684688 1.794878 -2.226938
v 5.894072 1.799133 -2.231198
v 5.894071 1.799138 -2.484139
v 6.684688 1.794872 -2.488400
v 5.894071 2.052078 -2.484139
v 6.684688 2.056334 -2.226937
v 5.894070 2.052078 -2.231199
v 6.680837 2.117395 -2.199183
v 6.681297 1.686069 -2.453964
v 7.337018 2.094272 -2.160514
v 7.337018 1.698380 -2.246675
v 7.337023 1.735713 -2.546117
v 7.337024 2.115394 -2.547457
v 6.801054 1.742543 -2.162107
v 6.827431 2.065354 -2.580572
v 6.827415 2.180732 -2.296975
v 6.827372 1.670602 -2.418509
v 6.863310 1.822813 -2.603495
v 6.681033 2.129560 -2.515533
v 6.635188 1.723435 -2.178802
v 6.867529 2.027909 -2.111764
v 6.672775 1.990467 -2.141157
v 6.672772 1.769081 -2.199602
v 6.672768 1.820053 -2.556002
v 6.672769 2.028499 -2.549859
v 4.183698 -1.790493 -2.391291
v 6.672768 -1.820053 -2.556002
v 4.180316 -2.098787 -2.295563
v 4.182579 -1.816691 -2.219962
v 5.240242 -1.908809 -2.169629
v 5.254493 -1.924608 -2.225389
v 5.243583 -1.913341 -2.528998
v 5.244180 -2.097558 -2.402834
v 4.968224 -1.876795 -2.415010
v 4.894832 -2.001995 -2.261797
v 3.980849 -1.927885 -2.188583
v 3.978688 -1.747863 -2.380657
v 4.000469 -2.011714 -2.520309
v 3.918475 -2.074085 -2.471393
v 3.982023 -2.079189 -2.298199
v 3.782533 -2.070865 -2.417816
v 3.747052 -1.857412 -2.218026
v 3.680640 -1.753798 -2.419990
v 3.489260 -1.914195 -2.543344
v 3.493215 -2.031397 -2.227514
v 4.122760 -1.753498 -2.449588
v 8.021071 -1.848511 -1.967691
v 8.528457 -2.281216 -2.263839
v 8.529875 -1.568029 -2.264628
v 8.861771 -1.816479 -2.648384
v 7.277375 -1.641515 -2.170705
v 7.289130 -1.887689 -2.727545
v 7.280904 -2.154025 -2.630059
v 7.290218 -2.281815 -2.250136
v 7.274880 -1.973890 -1.995332
v 8.721293 -1.563120 -1.905242
v 8.772840 -1.591012 -2.484143
v 8.770760 -2.248412 -1.903511
v 8.018957 -2.228133 -1.907613
v 8.024830 -1.570963 -1.906176
v 8.528627 -1.650619 -2.613644
v 8.528707 -2.042569 -2.699491
v 8.527032 -2.253086 -2.508534
v 6.684687 -1.925603 -2.542550
v 6.684688 -1.925603 -2.172786
v 5.894073 -1.925609 -2.178812
v 5.894072 -1.746753 -2.357668
v 6.684688 -1.740722 -2.357668
v 5.894072 -1.925603 -2.536524
v 6.684687 -2.110490 -2.357669
v 5.894072 -2.104464 -2.357668
v 6.684688 -2.056334 -2.488400
v 6.684688 -1.794878 -2.226938
v 5.894072 -1.799133 -2.231198
v 5.894071 -1.799138 -2.484139
v 6.684688 -1.794872 -2.488400
v 5.894071 -2.052078 -2.484139
v 6.684688 -2.056334 -2.226937
v 5.894070 -2.052078 -2.231199
v 6.680837 -2.117395 -2.199183
v 6.681297 -1.686069 -2.453964
v 7.337018 -2.094272 -2.160514
v 7.337018 -1.698380 -2.246675
v 7.337023 -1.735713 -2.546117
v 7.337024 -2.115394 -2.547457
v 6.801054 -1.742543 -2.162107
v 6.827431 -2.065354 -2.580572
v 6.827415 -2.180732 -2.296975
v 6.867529 -2.027909 -2.111764
v 6.681033 -2.129560 -2.515533
v 6.635188 -1.723435 -2.178802
v 6.863310 -1.822813 -2.603495
v 6.827372 -1.670602 -2.418509
v 6.672772 -1.769081 -2.199602
v 6.672770 -1.707837 -2.378145
v 6.672772 -2.154810 -2.357590
v 6.672775 -1.990467 -2.141157
v 9.360348 2.281302 -2.318569
v 9.216590 2.292569 -1.883426
v 9.149631 2.248269 -2.293050
v 8.808205 2.192527 -2.147616
v 8.020280 2.249176 -1.958520
v 7.681393 2.195017 -1.476274
v 7.616536 2.100231 -1.878160
v 8.008561 2.290096 -1.747829
v 10.363100 1.902432 -1.481218
v 10.291605 2.084228 -2.093233
v 8.021532 1.905313 -1.959013
v 7.607043 1.902177 -1.844043
v 7.617723 1.900555 -1.481270
v 9.912722 2.235341 -1.488650
v 9.650762 2.281856 -2.319443
v 9.995478 2.165580 -2.216077
v 8.808248 1.913630 -2.244408
v 9.360849 1.551754 -2.331347
v 9.217117 1.525059 -1.896870
v 9.150087 1.583584 -2.304693
v 8.808588 1.633726 -2.157405
v 8.020746 1.569410 -1.970425
v 7.616799 1.714894 -1.884909
v 7.681792 1.606185 -1.486587
v 8.009089 1.521122 -1.761298
v 10.292126 1.748452 -2.109409
v 8.021526 1.913086 -1.958872
v 7.607038 1.911619 -1.843876
v 9.913182 1.569385 -1.500315
v 9.644855 1.551368 -2.332652
v 9.996064 1.652165 -2.211917
v 9.226488 1.917081 -2.361685
v 8.808247 1.915849 -2.244370
v 9.360348 -2.281302 -2.318569
v 9.216590 -2.292569 -1.883426
v 9.149631 -2.248269 -2.293050
v 8.808205 -2.192527 -2.147616
v 8.020280 -2.249176 -1.958520
v 7.616536 -2.100231 -1.878160
v 7.681393 -2.195017 -1.476274
v 8.008561 -2.290096 -1.747829
v 10.363100 -1.902432 -1.481218
v 10.291605 -2.084228 -2.093233
v 8.021532 -1.905313 -1.959013
v 7.607043 -1.902177 -1.844043
v 7.617723 -1.900551 -1.481270
v 9.912722 -2.235341 -1.488650
v 9.650762 -2.281856 -2.319443
v 9.995478 -2.165580 -2.216077
v 8.808248 -1.913626 -2.244408
v 9.360849 -1.551754 -2.331347
v 9.217117 -1.525059 -1.896870
v 9.150087 -1.583584 -2.304693
v 8.808588 -1.633726 -2.157405
v 8.020746 -1.569410 -1.970425
v 7.681792 -1.606185 -1.486587
v 7.616799 -1.714894 -1.884909
v 8.009089 -1.521122 -1.761298
v 10.292126 -1.748452 -2.109409
v 8.021526 -1.913086 -1.958872
v 7.607038 -1.911619 -1.843876
v 9.913182 -1.569385 -1.500315
v 9.644855 -1.551368 -2.332652
v 9.996064 -1.652165 -2.211917
v 9.226488 -1.917081 -2.361685
v 8.808247 -1.915844 -2.244370
v 2.519506 0.420406 -2.650549
v 2.479951 0.103485 -2.632021
v 2.567289 0.103486 -2.657655
v 2.519619 -0.417927 -2.650582
v 4.196561 0.494446 -0.820064
v 3.877116 0.547996 -0.909355
v 4.206767 0.636875 -0.814673
v 3.919082 0.557648 -0.881070
v 4.154311 0.551231 -0.805119
v 4.146907 0.583220 -0.801765
v 3.894482 0.563743 -0.775221
v 3.876971 0.065828 -0.908556
v 4.196175 0.127645 -0.820458
v 4.206781 -0.016063 -0.814587
v 3.919082 0.063185 -0.881070
v 4.154311 0.069602 -0.805119
v 4.146907 0.037612 -0.801765
v 3.894482 0.057090 -0.775221
v 3.819638 -0.142556 -1.351395
v 3.819638 0.101351 -1.328225
v 3.819638 0.764134 -1.351395
v 3.819640 0.520226 -1.328225
v 3.797534 -0.110568 -1.910159
v 3.711942 -0.145940 -0.772532
v 3.560045 -0.160234 -1.831849
v 3.801937 -0.197962 -1.662057
v 3.804262 -0.203648 -0.959084
v 3.805876 0.765320 -1.891657
v 3.805222 0.825264 -0.959314
v 3.545405 -0.043768 -1.722803
v 3.545402 0.565967 -1.722803
v 3.549359 -0.150312 -1.016724
v 3.545413 0.576687 -1.068696
v 3.620849 -0.118356 -1.909685
v 3.612508 0.771813 -1.896494
v 3.717457 0.767627 -0.772512
v 3.574250 0.818864 -0.959469
v 3.543299 0.725864 -1.853978
v 4.143984 0.564955 -1.733275
v 4.142946 0.563898 -1.754462
v 4.143984 0.564955 -1.761793
v 4.142951 0.563901 -1.782979
v 4.134639 0.548769 -1.733275
v 4.133603 0.547712 -1.754463
v 4.134634 0.548762 -1.761789
v 4.133602 0.547708 -1.782978
v 4.124812 0.531747 -1.733271
v 4.123778 0.530693 -1.754460
v 4.124810 0.531746 -1.761791
v 4.123778 0.530692 -1.782978
v 4.124250 0.530780 -1.783432
v 4.124715 0.532323 -1.804562
v 4.134077 0.547795 -1.783429
v 4.134541 0.549342 -1.804562
v 4.143424 0.563984 -1.783427
v 4.143887 0.565531 -1.804563
v 4.129395 0.523271 -1.821146
v 4.134666 0.527100 -1.820329
v 4.191387 0.627853 -1.739883
v 4.190116 0.623906 -1.742642
v 4.129692 0.543410 -1.826253
v 4.137174 0.557086 -1.816870
v 4.185796 0.638602 -1.738538
v 4.176865 0.624677 -1.744360
v 4.122097 0.530056 -1.823135
v 4.125398 0.532776 -1.818702
v 4.157472 0.591050 -1.780038
v 4.156523 0.582883 -1.785196
v 4.158557 0.596548 -1.771637
v 4.157912 0.596366 -1.793490
v 4.150311 0.582481 -1.794256
v 4.150386 0.578493 -1.782978
v 4.149283 0.581387 -1.770742
v 4.181308 0.630273 -1.832652
v 4.181102 0.629847 -1.798418
v 4.147893 0.572400 -1.741794
v 4.165041 0.602031 -1.741311
v 4.191393 0.647695 -1.790759
v 4.192118 0.649298 -1.832418
v 4.165636 0.602529 -1.742176
v 4.175880 0.621020 -1.740608
v 4.170377 0.610743 -1.830437
v 4.169274 0.609572 -1.809299
v 4.188052 0.641359 -1.742182
v 4.198297 0.659846 -1.740608
v 4.188052 0.641358 -1.771648
v 4.198298 0.659844 -1.770074
v 4.176827 0.621912 -1.771648
v 4.187073 0.640402 -1.770079
v 4.165480 0.602260 -1.771509
v 4.175725 0.620747 -1.769947
v 4.337385 0.768434 -1.724219
v 4.333252 0.774423 -1.726476
v 4.343294 0.777627 -1.728141
v 4.328865 0.776942 -1.727175
v 4.330984 0.767762 -1.717629
v 4.344861 0.769654 -1.719126
v 4.329868 0.747927 -1.696530
v 4.331085 0.757778 -1.707101
v 4.329999 0.756646 -1.706217
v 4.331206 0.766503 -1.716783
v 4.343888 0.788597 -1.741747
v 4.345102 0.798453 -1.752315
v 4.343289 0.747812 -1.696452
v 4.344511 0.757669 -1.707023
v 4.330336 0.780112 -1.732278
v 4.331548 0.789963 -1.742842
v 4.330460 0.788710 -1.741825
v 4.331675 0.798559 -1.752391
v 4.343422 0.756535 -1.706138
v 4.344631 0.766392 -1.716708
v 4.343762 0.780002 -1.732200
v 4.344975 0.789852 -1.742764
v 2.611730 0.690981 -1.638985
v 2.610284 0.689248 -1.633586
v 2.616847 0.699465 -1.641773
v 2.602535 0.695885 -1.638327
v 2.606230 0.687237 -1.630032
v 2.620798 0.689949 -1.632501
v 2.604808 0.666593 -1.610097
v 2.606025 0.676909 -1.620215
v 2.604940 0.675738 -1.619381
v 2.606152 0.686058 -1.629496
v 2.618836 0.709252 -1.653439
v 2.620050 0.719571 -1.663552
v 2.618236 0.666481 -1.610023
v 2.619449 0.676801 -1.620135
v 2.605283 0.700351 -1.644364
v 2.606496 0.710663 -1.654478
v 2.605409 0.709365 -1.653519
v 2.606625 0.719680 -1.663629
v 2.618361 0.675627 -1.619306
v 2.619577 0.685949 -1.629419
v 2.618709 0.700239 -1.644287
v 2.619923 0.710551 -1.654401
v 4.039546 0.073834 -1.801940
v 4.039773 0.076918 -1.807228
v 4.039725 0.083453 -1.802083
v 4.078635 0.081145 -1.806246
v 4.072964 0.074923 -1.797781
v 4.056377 0.078833 -1.803279
v 4.050163 0.077809 -1.807446
v 4.053017 0.083198 -1.804060
v 4.049959 0.076139 -1.799417
v 4.040049 0.083589 -1.788378
v 4.040029 0.065513 -1.812139
v 4.040030 0.087668 -1.816628
v 4.040049 0.093541 -1.799682
v 4.040051 0.067557 -1.792630
v 4.041360 0.088826 -1.797058
v 4.041007 0.066664 -1.796701
v 4.040713 0.086826 -1.816158
v 4.041149 0.069829 -1.813375
v 4.039569 -0.020056 -1.802126
v 4.039783 -0.029896 -1.802095
v 4.039660 -0.023087 -1.807085
v 4.076444 -0.019818 -1.800878
v 4.076959 -0.030334 -1.805355
v 4.056379 -0.025204 -1.803270
v 4.050163 -0.021409 -1.805477
v 4.050877 -0.024353 -1.798810
v 4.051460 -0.029332 -1.805150
v 4.040051 -0.036606 -1.813450
v 4.040053 -0.030690 -1.788722
v 4.040031 -0.011790 -1.812058
v 4.040970 -0.028044 -1.817981
v 4.040049 -0.039920 -1.799681
v 4.040044 -0.014252 -1.792342
v 4.040813 -0.017336 -1.789024
v 4.041203 -0.034611 -1.793979
v 4.040988 -0.015965 -1.816235
v 4.040803 -0.034199 -1.815499
v 4.039954 0.049122 -1.803202
v 4.039593 0.045841 -1.785782
v 4.039591 0.045969 -1.820368
v 4.039693 0.032292 -1.785013
v 4.039692 0.032296 -1.821130
v 4.039693 0.046627 -1.807990
v 4.039692 0.046588 -1.798121
v 4.039954 0.004584 -1.803202
v 4.039593 0.007865 -1.785782
v 4.039592 0.007737 -1.820368
v 4.039693 0.021413 -1.785013
v 4.039692 0.021410 -1.821130
v 4.039693 0.007079 -1.807990
v 4.039692 0.007118 -1.798121
v 4.040481 0.056338 -1.753708
v 4.040482 0.100870 -1.753700
v 4.040482 0.049120 -1.753706
v 4.040123 0.045840 -1.736285
v 4.040122 0.045968 -1.770871
v 4.040223 0.032293 -1.735516
v 4.040223 0.032296 -1.771634
v 4.040223 0.046627 -1.758494
v 4.040224 0.046588 -1.748626
v 4.040123 0.097590 -1.736285
v 4.040122 0.097717 -1.770871
v 4.040123 0.059618 -1.736284
v 4.040123 0.059486 -1.770876
v 4.040223 0.084042 -1.735516
v 4.040223 0.073163 -1.735516
v 4.040223 0.073159 -1.771635
v 4.040223 0.084046 -1.771634
v 4.040223 0.098376 -1.758494
v 4.040224 0.098338 -1.748626
v 4.040224 0.058869 -1.748626
v 4.040223 0.058824 -1.758495
v 4.040480 -0.002628 -1.753689
v 4.040482 -0.047166 -1.753684
v 4.040482 0.004585 -1.753706
v 4.040123 0.007866 -1.736285
v 4.040122 0.007738 -1.770871
v 4.040223 0.021413 -1.735516
v 4.040223 0.021410 -1.771635
v 4.040223 0.007079 -1.758495
v 4.040224 0.007118 -1.748626
v 4.040123 -0.043883 -1.736285
v 4.040122 -0.044012 -1.770871
v 4.040123 -0.005912 -1.736284
v 4.040123 -0.005779 -1.770875
v 4.040223 -0.030336 -1.735516
v 4.040223 -0.019457 -1.735516
v 4.040223 -0.019453 -1.771635
v 4.040223 -0.030339 -1.771635
v 4.040223 -0.044670 -1.758495
v 4.040224 -0.044631 -1.748627
v 4.040224 -0.005163 -1.748626
v 4.040223 -0.005118 -1.758495
v 4.044492 0.418952 -1.784445
v 4.037376 0.419322 -1.748442
v 4.046126 0.183448 -1.778605
v 4.036260 0.207468 -1.753783
v 4.046120 0.375390 -1.762349
v 4.045992 0.371747 -1.754278
v 4.083930 0.376685 -1.755372
v 4.063319 0.371790 -1.759144
v 4.084877 0.367534 -1.762720
v 4.057642 0.369954 -1.763290
v 4.057132 0.376045 -1.757387
v 4.058378 0.368504 -1.755873
v 4.046469 0.372269 -1.775068
v 4.046469 0.359144 -1.768260
v 4.046469 0.356572 -1.755955
v 4.047457 0.384634 -1.767789
v 4.046446 0.385872 -1.750325
v 4.046464 0.366149 -1.744060
v 4.046139 0.368586 -1.762428
v 4.045978 0.326921 -1.758772
v 4.046474 0.334299 -1.762955
v 4.045951 0.333821 -1.754939
v 4.083923 0.334136 -1.753904
v 4.063319 0.331634 -1.759144
v 4.085374 0.329671 -1.763212
v 4.057642 0.329798 -1.763290
v 4.058378 0.328347 -1.755873
v 4.057132 0.335888 -1.757387
v 4.046469 0.332112 -1.775068
v 4.046469 0.318988 -1.768260
v 4.046469 0.316415 -1.755955
v 4.047457 0.344477 -1.767789
v 4.046446 0.345715 -1.750325
v 4.046465 0.325992 -1.744060
v 4.047272 0.339426 -1.744320
v 4.047372 0.341024 -1.772505
v 4.047245 0.322153 -1.771772
v 4.047658 0.321719 -1.749551
v 4.047272 0.379585 -1.744322
v 4.047370 0.381079 -1.772571
v 4.047245 0.362310 -1.771772
v 4.047658 0.361876 -1.749551
v 4.046069 0.251737 -1.754829
v 4.045950 0.244773 -1.757655
v 4.046160 0.250484 -1.763698
v 4.083922 0.254553 -1.762586
v 4.084216 0.244463 -1.755610
v 4.063321 0.249455 -1.759135
v 4.058245 0.252918 -1.762247
v 4.057642 0.250351 -1.754687
v 4.057039 0.245032 -1.760692
v 4.046469 0.248969 -1.775068
v 4.046446 0.235366 -1.750325
v 4.046464 0.255088 -1.744060
v 4.046469 0.262093 -1.768260
v 4.046469 0.264666 -1.755955
v 4.047457 0.236604 -1.767789
v 4.046127 0.291382 -1.763297
v 4.046092 0.284877 -1.757295
v 4.045964 0.293667 -1.756938
v 4.083878 0.295377 -1.757139
v 4.085557 0.284842 -1.760499
v 4.063320 0.289612 -1.759135
v 4.058152 0.286564 -1.762727
v 4.057642 0.288659 -1.754701
v 4.056905 0.294159 -1.759755
v 4.046469 0.289125 -1.775068
v 4.046446 0.275522 -1.750325
v 4.046464 0.295245 -1.744060
v 4.046469 0.302250 -1.768260
v 4.046469 0.304822 -1.755955
v 4.047457 0.276760 -1.767789
v 4.047381 0.299191 -1.772504
v 4.047258 0.297567 -1.744284
v 4.047657 0.279902 -1.749547
v 4.047245 0.280329 -1.771757
v 4.047381 0.259034 -1.772504
v 4.047258 0.257411 -1.744284
v 4.047321 0.241215 -1.744704
v 4.047334 0.240599 -1.772941
v 2.281337 0.029528 -1.395621
v 2.281339 0.074061 -1.395616
v 2.281338 0.022311 -1.395622
v 2.280979 0.019031 -1.378202
v 2.280978 0.019160 -1.412788
v 2.281080 0.005483 -1.377433
v 2.281079 0.005486 -1.413551
v 2.281079 0.019817 -1.400412
v 2.281079 0.019778 -1.390542
v 2.280979 0.070780 -1.378202
v 2.280978 0.070909 -1.412788
v 2.280979 0.032807 -1.378201
v 2.280979 0.032676 -1.412792
v 2.281080 0.057232 -1.377433
v 2.281080 0.046353 -1.377433
v 2.281079 0.046349 -1.413551
v 2.281079 0.057236 -1.413551
v 2.281079 0.071566 -1.400412
v 2.281079 0.071528 -1.390542
v 2.281079 0.032059 -1.390542
v 2.281079 0.032014 -1.400412
v 2.281337 -0.029438 -1.395601
v 2.281338 -0.073977 -1.395598
v 2.281338 -0.022226 -1.395621
v 2.280979 -0.018945 -1.378202
v 2.280978 -0.019074 -1.412788
v 2.281080 -0.005397 -1.377433
v 2.281079 -0.005400 -1.413551
v 2.281079 -0.019731 -1.400412
v 2.281079 -0.019692 -1.390542
v 2.280979 -0.070694 -1.378202
v 2.280978 -0.070823 -1.412788
v 2.280979 -0.032721 -1.378201
v 2.280979 -0.032589 -1.412791
v 2.281080 -0.057146 -1.377433
v 2.281080 -0.046267 -1.377433
v 2.281079 -0.046263 -1.413551
v 2.281079 -0.057149 -1.413551
v 2.281079 -0.071481 -1.400412
v 2.281079 -0.071442 -1.390542
v 2.281079 -0.031973 -1.390542
v 2.281079 -0.031928 -1.400412
v 2.274320 0.093334 -1.424720
v 2.278177 0.123510 -1.406336
v 2.281137 -0.125287 -1.432508
v 2.271791 -0.099357 -1.413028
v 2.281767 0.058628 -1.440917
v 2.281158 0.063721 -1.435194
v 2.281317 0.056763 -1.432643
v 2.319806 0.057737 -1.432231
v 2.298079 0.059313 -1.436347
v 2.318405 0.061110 -1.440926
v 2.292579 0.058432 -1.440715
v 2.292578 0.055075 -1.434378
v 2.292578 0.062703 -1.433797
v 2.281717 0.041056 -1.428621
v 2.281765 0.059784 -1.451741
v 2.281717 0.063418 -1.416160
v 2.281749 0.047769 -1.446363
v 2.282716 0.044571 -1.433259
v 2.281723 0.075025 -1.439390
v 2.282715 0.067747 -1.423836
v 2.282235 0.053499 -1.422008
v 2.281551 0.019717 -1.440836
v 2.281289 0.025226 -1.435769
v 2.281297 0.017583 -1.432866
v 2.298545 0.016919 -1.437740
v 2.318415 0.024648 -1.440128
v 2.318764 0.018403 -1.431420
v 2.292578 0.023739 -1.439246
v 2.293649 0.021796 -1.431916
v 2.291294 0.016467 -1.438425
v 2.281717 0.002148 -1.428621
v 2.281762 0.020874 -1.451740
v 2.281717 0.024510 -1.416160
v 2.281749 0.008861 -1.446363
v 2.282665 0.005669 -1.433260
v 2.281726 0.036117 -1.439391
v 2.282715 0.028838 -1.423836
v 2.282320 0.014586 -1.421997
v 2.282579 0.012220 -1.422359
v 2.282626 0.028449 -1.450196
v 2.282591 0.011634 -1.449728
v 2.282562 0.028976 -1.422906
v 2.282579 0.051128 -1.422359
v 2.282626 0.067357 -1.450196
v 2.282591 0.050542 -1.449728
v 2.282562 0.067884 -1.422906
v 2.281415 -0.058684 -1.441056
v 2.281285 -0.063076 -1.434342
v 2.318886 -0.054096 -1.435109
v 2.319770 -0.063676 -1.437354
v 2.298081 -0.059220 -1.436339
v 2.293649 -0.056048 -1.439533
v 2.290826 -0.063710 -1.436444
v 2.293292 -0.058316 -1.431967
v 2.281717 -0.040970 -1.428621
v 2.281765 -0.059698 -1.451741
v 2.281717 -0.063333 -1.416160
v 2.281751 -0.047683 -1.446363
v 2.282716 -0.044485 -1.433259
v 2.281724 -0.074940 -1.439390
v 2.282715 -0.067661 -1.423836
v 2.282234 -0.053413 -1.422008
v 2.281317 -0.056677 -1.432644
v 2.281158 -0.024727 -1.435194
v 2.281767 -0.019634 -1.440917
v 2.319168 -0.015484 -1.434229
v 2.298081 -0.020311 -1.436339
v 2.317645 -0.025838 -1.438667
v 2.292578 -0.020340 -1.431922
v 2.293072 -0.016696 -1.439215
v 2.291864 -0.024430 -1.437526
v 2.281717 -0.002062 -1.428621
v 2.281765 -0.020790 -1.451741
v 2.281717 -0.024424 -1.416160
v 2.281751 -0.008774 -1.446363
v 2.282716 -0.005577 -1.433259
v 2.281723 -0.036031 -1.439390
v 2.282715 -0.028752 -1.423836
v 2.282234 -0.014505 -1.422008
v 2.281317 -0.017768 -1.432644
v 2.282636 -0.011029 -1.449292
v 2.282517 -0.012603 -1.421948
v 2.282578 -0.028295 -1.422355
v 2.282590 -0.028892 -1.449716
v 2.282636 -0.049938 -1.449292
v 2.282517 -0.051511 -1.421948
v 2.282578 -0.067204 -1.422355
v 2.282590 -0.067801 -1.449716
v 4.054699 -0.036744 -1.642426
v 4.050605 -0.046742 -1.642129
v 4.051588 -0.049409 -1.630887
v 4.051060 -0.030070 -1.632287
v 4.047189 -0.033041 -1.650333
v 4.047805 -0.052454 -1.646245
v 4.051017 0.103806 -1.637496
v 4.058956 0.103355 -1.606371
v 4.038199 -0.031863 -1.689122
v 4.042745 -0.033335 -1.669817
v 4.038199 0.104456 -1.689122
v 4.042745 0.102985 -1.669816
v 4.042599 -0.031865 -1.671799
v 4.047139 -0.033332 -1.652484
v 4.042599 0.104455 -1.671799
v 4.047140 0.102988 -1.652484
v 4.058773 -0.050285 -1.608082
v 4.063313 -0.051756 -1.588780
v 4.038199 -0.050282 -1.689123
v 4.042745 -0.051754 -1.669817
v 4.058815 0.104458 -1.607915
v 4.063356 0.102985 -1.588615
v 4.054433 -0.031863 -1.625169
v 4.058974 -0.033337 -1.605863
v 4.047202 0.104456 -1.653665
v 4.051746 0.102981 -1.634353
v 4.058773 -0.031866 -1.608082
v 4.063313 -0.033338 -1.588780
v 4.042599 -0.050283 -1.671799
v 4.047139 -0.051751 -1.652484
v 4.054433 -0.050282 -1.625169
v 4.058974 -0.051755 -1.605863
v 4.042599 0.086017 -1.671799
v 4.047140 0.084550 -1.652484
v 4.038199 0.086019 -1.689122
v 4.042745 0.084547 -1.669817
v 4.058815 0.086020 -1.607915
v 4.063356 0.084547 -1.588615
v 4.047201 0.086018 -1.653665
v 4.051746 0.084543 -1.634353
v 4.051016 0.085884 -1.637496
v 4.058956 0.085432 -1.606371
v 4.027279 0.026493 -1.843571
v 4.027865 0.025324 -1.732525
v 4.024069 0.118298 -1.707539
v 4.074161 -0.063505 -1.579906
v 4.024040 -0.064871 -1.707522
v 4.024438 0.100688 -1.579187
v 4.075763 0.098306 -1.585504
v 4.076643 0.094534 -1.584203
v 4.147751 0.597680 -1.732836
v 4.146762 0.597225 -1.844086
v 4.141889 0.495089 -1.580541
v 4.097965 0.519135 -1.708079
v 4.180803 0.661844 -1.579464
v 4.189496 0.677701 -1.708113
v 4.152507 0.509601 -1.584002
v 4.154662 0.512898 -1.586059
v 4.202688 0.646722 -1.641217
v 4.201715 0.638936 -1.643457
v 4.205294 0.648989 -1.630395
v 4.194452 0.633172 -1.636874
v 4.189924 0.630813 -1.654586
v 4.202988 0.652766 -1.650472
v 4.128147 0.517512 -1.638023
v 4.135198 0.513820 -1.606852
v 4.185288 0.642108 -1.689640
v 4.189909 0.640990 -1.670283
v 4.116723 0.523347 -1.689637
v 4.121344 0.522231 -1.670282
v 4.189101 0.639911 -1.672310
v 4.193714 0.638792 -1.652951
v 4.120534 0.521151 -1.672309
v 4.125150 0.520035 -1.652948
v 4.212316 0.647776 -1.608595
v 4.216931 0.646661 -1.589241
v 4.194497 0.658059 -1.689642
v 4.199119 0.656942 -1.670282
v 4.134575 0.513038 -1.608429
v 4.139195 0.511925 -1.589077
v 4.199348 0.633992 -1.625680
v 4.203964 0.632876 -1.606328
v 4.124520 0.518848 -1.654175
v 4.129139 0.517733 -1.634815
v 4.203106 0.631823 -1.608594
v 4.207721 0.630707 -1.589243
v 4.198308 0.655861 -1.672309
v 4.202925 0.654745 -1.652952
v 4.208559 0.649942 -1.625679
v 4.213175 0.648824 -1.606328
v 4.129752 0.537117 -1.672312
v 4.134370 0.536001 -1.652950
v 4.125942 0.539314 -1.689643
v 4.130561 0.538197 -1.670281
v 4.143797 0.529012 -1.608429
v 4.148414 0.527895 -1.589080
v 4.133739 0.534813 -1.654177
v 4.138361 0.533702 -1.634818
v 4.137110 0.533032 -1.638024
v 4.144158 0.529346 -1.606850
v 4.111405 0.350461 -1.507717
v 4.111363 0.337328 -1.507710
v 4.111406 0.317592 -1.507713
v 4.111405 0.392239 -1.507716
v 4.110894 0.370604 -1.507662
v 4.111480 0.271620 -1.507625
v 4.111424 0.284662 -1.507624
v 4.111405 0.304434 -1.507713
v 4.111480 0.229841 -1.507623
v 4.110945 0.251395 -1.507579
v 4.063596 0.162551 -1.659807
v 4.067196 0.167349 -1.661794
v 4.060156 0.167755 -1.669352
v 4.062499 0.175193 -1.656510
v 4.065607 0.163708 -1.651214
v 4.063593 0.156513 -1.662768
v 4.091334 0.164976 -1.569334
v 4.085284 0.166157 -1.578599
v 4.086628 0.175155 -1.567962
v 4.084013 0.169177 -1.581543
v 4.089635 0.165647 -1.561980
v 4.089112 0.157010 -1.568927
v 4.086511 0.162689 -1.578491
v 4.078244 0.156488 -1.615760
v 4.073919 0.179794 -1.616430
v 4.084060 0.156552 -1.594753
v 4.079741 0.179858 -1.595419
v 4.071928 0.156417 -1.636620
v 4.067604 0.179724 -1.637287
v 4.065238 0.458750 -1.653340
v 4.065416 0.455907 -1.663745
v 4.061429 0.445928 -1.660034
v 4.060757 0.458867 -1.669572
v 4.064465 0.451752 -1.651789
v 4.065250 0.464770 -1.656473
v 4.085889 0.453504 -1.574959
v 4.090582 0.458560 -1.570352
v 4.087967 0.448701 -1.564212
v 4.089506 0.456117 -1.561811
v 4.085227 0.460346 -1.581165
v 4.084381 0.451628 -1.579786
v 4.089119 0.464990 -1.568877
v 4.073865 0.442227 -1.616612
v 4.078246 0.465499 -1.615754
v 4.079687 0.442162 -1.595601
v 4.084063 0.465433 -1.594747
v 4.067551 0.442297 -1.637472
v 4.071929 0.465569 -1.636616
v 4.111045 0.149679 -1.489298
v 4.052678 0.152949 -1.717420
v 3.964808 0.118717 -1.606337
v 3.964812 0.475311 -1.719167
v 4.052899 0.469014 -1.716680
v 4.111352 0.472386 -1.491491
v 3.964812 0.475414 -1.477856
v 4.028258 0.470171 -1.763744
v 4.027531 0.151079 -1.758622
v 4.020101 0.446985 -1.434422
v 3.996624 0.440795 -1.399202
v 4.014386 0.178054 -1.441401
v 4.007050 0.177442 -1.399737
v 3.962853 0.397147 -1.474858
v 3.962820 0.398829 -1.362469
v 3.962831 0.222585 -1.474085
v 3.962841 0.224653 -1.361705
v 3.963493 0.209103 -1.421916
v 3.959465 0.406870 -1.437703
v 3.870425 0.241021 -1.451831
v 3.870424 0.401298 -1.416911
v 3.870424 0.241387 -1.384943
v 3.960888 0.341716 -1.348956
v 3.870424 0.370362 -1.449199
v 3.870424 0.355865 -1.387494
v 3.870424 0.251254 -1.449199
v 3.870424 0.265751 -1.387494
v 3.870425 0.243152 -1.384996
v 3.870425 0.378464 -1.384996
v 4.038543 0.240719 -1.413059
v 4.038543 0.380897 -1.413059
v 4.166927 0.307709 -1.085708
v 3.926476 0.429908 -0.775681
v 4.274259 0.401119 -0.775776
v 3.926600 0.389639 -1.145314
v 4.174352 0.421052 -1.113743
v 3.680658 0.578601 -0.776558
v 3.701564 0.493890 -1.299027
v 3.895256 0.387451 -1.294789
v 3.920675 0.383981 -1.194723
v 3.894349 0.361821 -1.273577
v 3.913548 0.336984 -1.203035
v 3.898374 0.388026 -1.262124
v 3.898371 0.335180 -1.262122
v 3.913024 0.387781 -1.206273
v 3.895221 0.361643 -1.274674
v 3.916430 0.361444 -1.193831
v 4.027054 0.727349 -1.869476
v 4.027051 0.426656 -1.812480
v 3.960384 0.750572 -1.438422
v 3.975445 0.475120 -1.476075
v 3.881453 0.465420 -1.296741
v 3.721573 0.756504 -0.774687
v 4.027054 0.475325 -1.717529
v 3.672545 0.497677 -0.762147
v 3.926476 0.190925 -0.775681
v 4.166751 0.205124 -1.086314
v 3.926887 0.227857 -1.161680
v 4.267097 0.215900 -0.775760
v 3.654914 0.116381 -0.804198
v 3.701564 0.126943 -1.299027
v 3.899179 0.201404 -1.297083
v 3.928455 0.182697 -0.772297
v 3.920675 0.236852 -1.194723
v 3.899304 0.236590 -1.275796
v 3.913553 0.283833 -1.203051
v 3.897254 0.283836 -1.265195
v 3.898399 0.232807 -1.262077
v 3.913020 0.233061 -1.206282
v 3.895221 0.259190 -1.274674
v 3.916431 0.259389 -1.193832
v 4.027054 -0.106516 -1.869476
v 4.027052 0.193379 -1.816266
v 3.969678 -0.128275 -1.442191
v 3.974557 0.145712 -1.477395
v 3.886355 0.157303 -1.307465
v 3.731365 -0.138653 -0.775501
v 4.027054 0.145508 -1.717529
v 3.675140 0.123260 -0.763266
v 2.973553 0.679666 -1.611485
v 2.992616 0.680810 -1.612163
v 2.955399 0.679668 -1.611490
v 2.974474 0.680815 -1.612161
v 2.955405 0.692155 -1.623977
v 2.974473 0.693302 -1.624656
v 2.973548 0.692155 -1.623976
v 2.992614 0.693300 -1.624653
v 2.955405 0.704054 -1.635873
v 2.974472 0.705199 -1.636551
v 2.973549 0.704053 -1.635875
v 2.992616 0.705197 -1.636547
v 2.955409 0.716558 -1.648377
v 2.974472 0.717700 -1.649054
v 2.973547 0.716557 -1.648379
v 2.992617 0.717703 -1.649054
v 2.993021 0.680379 -1.612199
v 3.012039 0.679615 -1.610965
v 2.993021 0.717267 -1.649089
v 3.012040 0.716507 -1.647854
v 2.993021 0.704763 -1.636583
v 3.012037 0.704001 -1.635352
v 2.993021 0.692868 -1.624690
v 3.012038 0.692107 -1.623458
v 3.011770 0.683513 -1.615334
v 3.030836 0.684658 -1.616011
v 3.011768 0.711601 -1.643423
v 3.030835 0.712746 -1.644099
v 2.711560 0.571401 -1.445599
v 2.732693 0.569832 -1.445229
v 2.831704 0.571384 -1.445597
v 2.852836 0.569814 -1.445231
v 2.731326 0.571405 -1.445599
v 2.752460 0.569832 -1.445228
v 2.850762 0.571384 -1.445598
v 2.871893 0.569815 -1.445229
v 2.652116 0.571362 -1.445599
v 2.673249 0.569795 -1.445231
v 2.750558 0.571403 -1.445598
v 2.771689 0.569835 -1.445231
v 2.870699 0.571385 -1.445599
v 2.891833 0.569816 -1.445228
v 2.671885 0.571368 -1.445600
v 2.693018 0.569796 -1.445228
v 2.691113 0.571364 -1.445600
v 2.712247 0.569796 -1.445229
v 2.791946 0.571444 -1.445599
v 2.813082 0.569876 -1.445229
v 2.772894 0.571444 -1.445598
v 2.794026 0.569877 -1.445229
v 2.811888 0.571444 -1.445599
v 2.833024 0.569879 -1.445228
v 2.995194 0.569583 -1.445105
v 2.971589 0.571538 -1.445773
v 2.966154 0.571445 -1.445767
v 2.942516 0.569683 -1.445106
v 2.147635 0.000000 -1.359680
v 2.296507 0.000000 -1.362523
v 2.292657 0.000003 -1.356226
v 2.214347 0.000000 -1.804894
v 1.790400 -0.000849 -1.690127
v 2.216501 0.500742 -1.569806
v 2.216510 0.180264 -1.569632
v 2.219986 0.498334 -1.859377
v 2.219244 0.180977 -1.860367
v 2.238182 0.179500 -1.382230
v 2.217017 0.117849 -1.797918
v 1.611923 0.561289 -1.418849
v 2.290512 0.556728 -1.458137
v 2.238531 0.521826 -1.879057
v 2.239325 0.133050 -1.836453
v 1.790563 0.550367 -1.744814
v 1.807733 0.546757 -1.686574
v 1.790731 0.161230 -1.758714
v 1.790373 0.134587 -1.704031
v 1.790761 0.079492 -1.689919
v 2.270028 0.621986 -1.439021
v 1.790400 0.000849 -1.690127
v 2.216501 -0.500742 -1.569806
v 2.216510 -0.180264 -1.569632
v 2.219986 -0.498334 -1.859377
v 2.219244 -0.180977 -1.860367
v 2.238182 -0.179500 -1.382230
v 1.611923 -0.561289 -1.418849
v 2.290512 -0.556728 -1.458137
v 2.239325 -0.133050 -1.836453
v 2.238531 -0.521826 -1.879057
v 2.270028 -0.621986 -1.439021
v 2.217017 -0.117849 -1.797918
v 1.790563 -0.550367 -1.744814
v 1.790731 -0.161230 -1.758714
v 1.790373 -0.134587 -1.704031
v 1.807733 -0.546757 -1.686574
v 1.790761 -0.079492 -1.689919
v 2.682521 0.516379 -1.446378
v 2.651816 0.424288 -1.446516
v 3.015891 0.469613 -1.440298
v 2.913996 0.519789 -1.445425
v 2.903551 0.423558 -1.444747
v 2.449484 0.511973 -1.445471
v 2.810504 0.462227 -1.437866
v 2.728257 0.459074 -1.436115
v 2.807192 0.458821 -1.434593
v 3.039133 0.495568 -1.391399
v 2.544801 0.442842 -1.391398
v 3.039133 0.442842 -1.391399
v 2.339448 0.495568 -1.391399
v 2.339448 0.442842 -1.391399
v 3.011564 0.441436 -1.449564
v 2.435331 0.525756 -1.436729
v 2.468272 0.471765 -1.443195
v 3.021142 0.494631 -1.438518
v 2.953251 0.526405 -1.436315
v 2.373774 0.496189 -1.438433
v 2.413498 0.442842 -1.391399
v 3.039133 0.495568 -1.391399
v 2.544801 0.442842 -1.391398
v 3.039133 0.442842 -1.391399
v 2.339448 0.495568 -1.391399
v 2.339448 0.442842 -1.391399
v 2.413498 0.442842 -1.391399
v 3.039133 0.495568 -1.391399
v 2.544801 0.442842 -1.391398
v 3.039133 0.442842 -1.391399
v 2.339448 0.495568 -1.391399
v 2.339448 0.442842 -1.391399
v 2.413498 0.442842 -1.391399
v 2.994954 0.487076 -1.385691
v 2.383754 0.484585 -1.387354
v 2.065690 0.244586 -0.908560
v 2.384896 0.182769 -0.820458
v 2.399318 0.326125 -0.807671
v 2.107800 0.247228 -0.881070
v 2.343030 0.240817 -0.805120
v 2.335627 0.272807 -0.801764
v 2.083201 0.253329 -0.775221
v 2.065690 -0.244586 -0.908560
v 2.420974 -0.220066 -0.803063
v 2.379718 -0.328978 -0.822688
v 2.107800 -0.247228 -0.881070
v 2.343030 -0.240817 -0.805120
v 2.335627 -0.272807 -0.801764
v 2.083201 -0.253329 -0.775221
v 2.266262 0.214155 -1.587847
v 2.268728 0.215308 -1.584368
v 2.243798 0.460713 -1.636309
v 2.245676 0.464424 -1.645333
v 2.243197 0.472834 -1.631330
v 2.242631 0.453893 -1.632298
v 2.238873 0.453441 -1.648386
v 2.239879 0.475600 -1.647757
v 2.242597 0.207299 -1.638021
v 2.250548 0.207628 -1.606853
v 2.229784 0.455229 -1.689640
v 2.234346 0.456573 -1.670281
v 2.229784 0.206641 -1.689640
v 2.234346 0.207986 -1.670281
v 2.234185 0.455231 -1.672306
v 2.238738 0.456572 -1.652949
v 2.234183 0.206645 -1.672307
v 2.238740 0.207985 -1.652949
v 2.250359 0.473647 -1.608595
v 2.254911 0.474994 -1.589242
v 2.229784 0.473648 -1.689640
v 2.234346 0.474992 -1.670281
v 2.250401 0.206642 -1.608430
v 2.254956 0.207988 -1.589079
v 2.246020 0.455230 -1.625679
v 2.250574 0.456572 -1.606328
v 2.238787 0.206643 -1.654179
v 2.243346 0.207987 -1.634820
v 2.250359 0.455229 -1.608595
v 2.254911 0.456575 -1.589242
v 2.234185 0.473650 -1.672306
v 2.238738 0.474991 -1.652949
v 2.246020 0.473648 -1.625679
v 2.250574 0.474991 -1.606328
v 2.234183 0.225083 -1.672307
v 2.238740 0.226423 -1.652950
v 2.229784 0.225079 -1.689640
v 2.234345 0.226423 -1.670280
v 2.250401 0.225080 -1.608430
v 2.254956 0.226426 -1.589079
v 2.238787 0.225081 -1.654179
v 2.243346 0.226425 -1.634820
v 2.242597 0.225222 -1.638022
v 2.250548 0.225550 -1.606853
v 2.267606 -0.213643 -1.582223
v 2.268107 -0.215440 -1.586454
v 2.245669 -0.460562 -1.645237
v 2.243648 -0.469188 -1.636912
v 2.243221 -0.472738 -1.631268
v 2.242597 -0.453677 -1.632434
v 2.239531 -0.457233 -1.650962
v 2.239504 -0.476659 -1.645893
v 2.242597 -0.207230 -1.638024
v 2.250535 -0.207676 -1.606899
v 2.229779 -0.455175 -1.689657
v 2.234327 -0.456647 -1.670346
v 2.229779 -0.206576 -1.689656
v 2.234327 -0.208048 -1.670346
v 2.234179 -0.455176 -1.672320
v 2.238721 -0.456643 -1.653011
v 2.234181 -0.206576 -1.672318
v 2.238722 -0.208044 -1.653011
v 2.250354 -0.473594 -1.608609
v 2.254893 -0.475066 -1.589305
v 2.229779 -0.473593 -1.689657
v 2.234327 -0.475066 -1.670346
v 2.250397 -0.206574 -1.608442
v 2.254938 -0.208048 -1.589141
v 2.246014 -0.455173 -1.625700
v 2.250557 -0.456645 -1.606390
v 2.238783 -0.206577 -1.654191
v 2.243328 -0.208050 -1.634882
v 2.250354 -0.455175 -1.608609
v 2.254893 -0.456647 -1.589305
v 2.234181 -0.473594 -1.672319
v 2.238721 -0.475062 -1.653011
v 2.246014 -0.473592 -1.625700
v 2.250557 -0.475064 -1.606390
v 2.234181 -0.225014 -1.672319
v 2.238722 -0.226482 -1.653012
v 2.229779 -0.225014 -1.689657
v 2.234327 -0.226486 -1.670346
v 2.250397 -0.225011 -1.608442
v 2.254938 -0.226486 -1.589141
v 2.238783 -0.225015 -1.654191
v 2.243328 -0.226488 -1.634882
v 2.242596 -0.225152 -1.638024
v 2.250535 -0.225599 -1.606899
v 2.302871 0.039489 -1.507718
v 2.302829 0.026358 -1.507712
v 2.302873 0.006619 -1.507717
v 2.302871 0.081267 -1.507718
v 2.302360 0.059635 -1.507664
v 2.302944 -0.039352 -1.507626
v 2.302889 -0.026309 -1.507625
v 2.302872 -0.006535 -1.507717
v 2.302945 -0.081130 -1.507626
v 2.302411 -0.059577 -1.507583
v 2.257190 -0.143101 -1.661773
v 2.255630 -0.150489 -1.658891
v 2.253995 -0.136417 -1.656520
v 2.257034 -0.146773 -1.651087
v 2.254130 -0.153517 -1.666107
v 2.251311 -0.138013 -1.666299
v 2.277750 -0.145524 -1.575216
v 2.282598 -0.145690 -1.570084
v 2.281258 -0.151790 -1.565269
v 2.279493 -0.154557 -1.573358
v 2.276227 -0.145394 -1.580319
v 2.277291 -0.134846 -1.570974
v 2.280441 -0.141966 -1.562027
v 2.269708 -0.154482 -1.615761
v 2.265385 -0.131176 -1.616424
v 2.275527 -0.154418 -1.594753
v 2.271206 -0.131112 -1.595415
v 2.263391 -0.154554 -1.636629
v 2.259070 -0.131247 -1.637288
v 2.588624 0.473475 -1.451308
v 2.571446 0.467238 -1.450984
v 2.621703 0.492100 -1.450824
v 2.617777 0.487201 -1.452058
v 2.909342 0.500122 -1.452087
v 2.930475 0.498559 -1.451719
v 2.889179 0.500128 -1.452088
v 2.910313 0.498559 -1.451717
v 2.889179 0.480498 -1.452088
v 2.910312 0.478930 -1.451717
v 2.909342 0.480493 -1.452087
v 2.930475 0.478930 -1.451720
v 2.889179 0.461805 -1.452088
v 2.910312 0.460237 -1.451717
v 2.909342 0.461800 -1.452087
v 2.930475 0.460236 -1.451720
v 2.889179 0.442155 -1.452088
v 2.910313 0.440587 -1.451717
v 2.647820 0.483766 -1.451696
v 2.642013 0.491605 -1.454957
v 2.651674 0.495930 -1.451540
v 2.652429 0.486023 -1.451576
v 2.640802 0.480996 -1.451571
v 2.634148 0.489797 -1.451557
v 2.638624 0.498220 -1.451589
v 2.909342 0.442150 -1.452087
v 2.930475 0.440587 -1.451720
v 2.931005 0.499011 -1.452089
v 2.952193 0.500441 -1.451721
v 2.931005 0.441039 -1.452089
v 2.952193 0.442469 -1.451721
v 2.607342 0.463976 -1.454258
v 2.615607 0.462348 -1.451681
v 2.609022 0.453666 -1.451561
v 2.602181 0.466858 -1.451597
v 2.614240 0.472458 -1.451577
v 2.621151 0.462429 -1.451635
v 2.931005 0.460688 -1.452089
v 2.952193 0.462119 -1.451721
v 2.639894 0.449493 -1.454942
v 2.651123 0.452830 -1.451693
v 2.648085 0.460288 -1.451570
v 2.647099 0.442924 -1.451563
v 2.653504 0.450246 -1.451518
v 2.635339 0.446665 -1.451648
v 2.636573 0.457758 -1.451558
v 2.931005 0.479382 -1.452089
v 2.952193 0.480812 -1.451721
v 2.951810 0.494080 -1.452088
v 2.972943 0.492516 -1.451718
v 2.951810 0.449939 -1.452088
v 2.972943 0.448375 -1.451718
v 2.988114 0.469843 -1.451514
v 3.011753 0.471604 -1.450854
v 2.954166 0.471792 -1.450851
v 2.977770 0.469836 -1.451519
v 2.390598 0.506451 -1.439800
v 2.426490 0.461521 -1.439993
v 2.392452 0.464991 -1.444789
v 2.427581 0.486425 -1.443887
v 2.389598 0.492339 -1.443883
v 2.423187 0.479715 -1.462415
v 2.421948 0.495624 -1.462224
v 2.392334 0.492179 -1.460929
v 2.423536 0.479725 -1.468313
v 2.413903 0.487957 -1.474315
v 2.394657 0.480312 -1.469901
v 2.393150 0.486968 -1.471097
v 2.591081 0.491585 -1.451355
v 2.589680 0.497003 -1.451530
v 2.594807 0.494576 -1.451372
v 2.589434 0.490655 -1.463437
v 2.593182 0.499725 -1.464406
v 2.591655 0.493109 -1.477772
v 2.590808 0.492174 -1.454625
v 2.591803 0.491983 -1.454624
v 2.589963 0.492732 -1.454625
v 2.589394 0.493570 -1.454625
v 2.589190 0.494563 -1.454625
v 2.589381 0.495558 -1.454625
v 2.589939 0.496404 -1.454625
v 2.590778 0.496972 -1.454625
v 2.591770 0.497176 -1.454625
v 2.592766 0.496985 -1.454625
v 2.593612 0.496427 -1.454625
v 2.594180 0.495588 -1.454625
v 2.594383 0.494596 -1.454625
v 2.594192 0.493601 -1.454625
v 2.593635 0.492755 -1.454625
v 2.592795 0.492187 -1.454625
v 2.591803 0.491983 -1.454624
v 2.592795 0.492187 -1.454625
v 2.593635 0.492755 -1.454625
v 2.594192 0.493601 -1.454625
v 2.594383 0.494596 -1.454625
v 2.594180 0.495588 -1.454625
v 2.593612 0.496427 -1.454625
v 2.592766 0.496985 -1.454625
v 2.591770 0.497176 -1.454625
v 2.590778 0.496972 -1.454625
v 2.589939 0.496404 -1.454625
v 2.589381 0.495558 -1.454625
v 2.589190 0.494563 -1.454625
v 2.589394 0.493570 -1.454625
v 2.589963 0.492732 -1.454625
v 2.590808 0.492174 -1.454625
v 2.590212 0.492190 -1.463225
v 2.590231 0.497226 -1.463225
v 2.594756 0.494009 -1.463226
v 2.590331 0.484550 -1.451675
v 2.583144 0.489288 -1.451677
v 2.582942 0.500411 -1.451161
v 2.599035 0.503072 -1.451648
v 2.599829 0.487929 -1.451675
v 2.520376 0.496138 -1.451436
v 2.525835 0.497290 -1.451380
v 2.524035 0.492414 -1.451406
v 2.519610 0.496265 -1.476229
v 2.525245 0.497318 -1.462983
v 2.526344 0.493266 -1.476204
v 2.522418 0.492972 -1.454625
v 2.523412 0.492781 -1.454624
v 2.521572 0.493530 -1.454625
v 2.521003 0.494369 -1.454625
v 2.520799 0.495361 -1.454625
v 2.520990 0.496356 -1.454624
v 2.521549 0.497202 -1.454624
v 2.522388 0.497770 -1.454625
v 2.523380 0.497975 -1.454625
v 2.524375 0.497783 -1.454624
v 2.525221 0.497226 -1.454625
v 2.525789 0.496387 -1.454625
v 2.525993 0.495394 -1.454625
v 2.525802 0.494399 -1.454624
v 2.525244 0.493553 -1.454624
v 2.524405 0.492985 -1.454625
v 2.523412 0.492781 -1.454624
v 2.524405 0.492985 -1.454625
v 2.525244 0.493553 -1.454624
v 2.525802 0.494399 -1.454624
v 2.525993 0.495394 -1.454625
v 2.525789 0.496387 -1.454625
v 2.525221 0.497226 -1.454625
v 2.524375 0.497783 -1.454624
v 2.523380 0.497975 -1.454625
v 2.522388 0.497770 -1.454625
v 2.521549 0.497202 -1.454624
v 2.520990 0.496356 -1.454624
v 2.520799 0.495361 -1.454625
v 2.521003 0.494369 -1.454625
v 2.521572 0.493530 -1.454625
v 2.522418 0.492972 -1.454625
v 2.524616 0.492487 -1.463225
v 2.520586 0.495918 -1.463226
v 2.524672 0.498030 -1.463225
v 2.521492 0.485485 -1.451677
v 2.514751 0.490089 -1.451678
v 2.513612 0.497866 -1.451679
v 2.517747 0.503715 -1.452319
v 2.524850 0.505407 -1.451675
v 2.532880 0.499486 -1.451677
v 2.530996 0.488269 -1.451672
v 2.514448 0.488551 -1.452232
v 2.532667 0.489127 -1.452230
v 2.532337 0.500293 -1.452235
v 2.554728 0.494942 -1.451500
v 2.557982 0.497736 -1.451448
v 2.557612 0.494584 -1.462609
v 2.556919 0.490959 -1.476025
v 2.558303 0.498062 -1.476625
v 2.556675 0.492174 -1.454625
v 2.557670 0.491983 -1.454625
v 2.555829 0.492732 -1.454625
v 2.555260 0.493570 -1.454625
v 2.555057 0.494563 -1.454625
v 2.555248 0.495558 -1.454625
v 2.555806 0.496404 -1.454626
v 2.556645 0.496972 -1.454625
v 2.557636 0.497176 -1.454624
v 2.558632 0.496985 -1.454625
v 2.559478 0.496427 -1.454625
v 2.560046 0.495588 -1.454625
v 2.560250 0.494596 -1.454625
v 2.560058 0.493601 -1.454625
v 2.559500 0.492755 -1.454625
v 2.558662 0.492187 -1.454625
v 2.557670 0.491983 -1.454625
v 2.558662 0.492187 -1.454625
v 2.559500 0.492755 -1.454625
v 2.560058 0.493601 -1.454625
v 2.560250 0.494596 -1.454625
v 2.560046 0.495588 -1.454625
v 2.559478 0.496427 -1.454625
v 2.558632 0.496985 -1.454625
v 2.557636 0.497176 -1.454624
v 2.556645 0.496972 -1.454625
v 2.555806 0.496404 -1.454626
v 2.555248 0.495558 -1.454625
v 2.555057 0.494563 -1.454625
v 2.555260 0.493570 -1.454625
v 2.555829 0.492732 -1.454625
v 2.556675 0.492174 -1.454625
v 2.557672 0.491683 -1.463225
v 2.555053 0.496293 -1.463226
v 2.560431 0.495551 -1.463226
v 2.514087 0.500076 -1.452239
v 2.567359 0.498254 -1.451678
v 2.551734 0.485598 -1.451663
v 2.547768 0.496482 -1.452291
v 2.550802 0.502214 -1.451677
v 2.560019 0.504433 -1.451674
v 2.564936 0.487247 -1.451673
v 2.559231 0.491828 -1.451350
v 2.583067 0.467765 -1.459147
v 2.577504 0.478153 -1.459688
v 2.254256 0.141514 -1.658862
v 2.258002 0.148614 -1.661788
v 2.252597 0.149595 -1.669292
v 2.252139 0.136161 -1.663306
v 2.256124 0.158421 -1.661401
v 2.256016 0.141107 -1.651617
v 2.257173 0.150713 -1.652668
v 2.254292 0.153192 -1.664527
v 2.277673 0.140418 -1.572560
v 2.283134 0.148480 -1.571720
v 2.276989 0.134464 -1.571589
v 2.281691 0.149876 -1.563335
v 2.276280 0.146368 -1.580594
v 2.278541 0.136982 -1.566998
v 2.280641 0.155436 -1.569878
v 2.265332 0.131255 -1.616607
v 2.269710 0.154528 -1.615758
v 2.271152 0.131191 -1.595599
v 2.275527 0.154464 -1.594749
v 2.259020 0.131326 -1.637470
v 2.263394 0.154598 -1.636624
v 2.566982 0.489127 -1.452231
v 2.548401 0.500076 -1.452239
v 2.548762 0.488551 -1.452232
v 2.566652 0.500293 -1.452236
v 2.601151 0.489127 -1.452231
v 2.582571 0.500076 -1.452239
v 2.582931 0.488551 -1.452232
v 2.600821 0.500293 -1.452235
v 2.744561 0.498644 -1.451967
v 2.738007 0.497810 -1.450922
v 2.845237 0.491191 -1.451589
v 2.841187 0.495879 -1.454899
v 2.840053 0.485416 -1.451488
v 2.833408 0.498317 -1.451486
v 2.849253 0.492869 -1.453287
v 2.847838 0.504477 -1.451521
v 2.703017 0.495666 -1.451513
v 2.708258 0.497499 -1.451456
v 2.702757 0.495816 -1.476965
v 2.706062 0.495383 -1.462705
v 2.710174 0.495063 -1.475708
v 2.705122 0.492972 -1.454722
v 2.706117 0.492781 -1.454721
v 2.704277 0.493530 -1.454722
v 2.703708 0.494369 -1.454722
v 2.703504 0.495361 -1.454722
v 2.703696 0.496356 -1.454721
v 2.704254 0.497202 -1.454722
v 2.705092 0.497770 -1.454721
v 2.706084 0.497975 -1.454721
v 2.707080 0.497783 -1.454722
v 2.707926 0.497226 -1.454721
v 2.708494 0.496387 -1.454722
v 2.708698 0.495394 -1.454722
v 2.708507 0.494399 -1.454722
v 2.707948 0.493553 -1.454722
v 2.707109 0.492985 -1.454721
v 2.706117 0.492781 -1.454721
v 2.707109 0.492985 -1.454721
v 2.707948 0.493553 -1.454722
v 2.708507 0.494399 -1.454722
v 2.708698 0.495394 -1.454722
v 2.708494 0.496387 -1.454722
v 2.707926 0.497226 -1.454721
v 2.707080 0.497783 -1.454722
v 2.706084 0.497975 -1.454721
v 2.705092 0.497770 -1.454721
v 2.704254 0.497202 -1.454722
v 2.703696 0.496356 -1.454721
v 2.703504 0.495361 -1.454722
v 2.703708 0.494369 -1.454722
v 2.704277 0.493530 -1.454722
v 2.705122 0.492972 -1.454722
v 2.703055 0.495762 -1.463322
v 2.707511 0.497819 -1.463322
v 2.707983 0.492952 -1.463322
v 2.700920 0.486667 -1.451772
v 2.708129 0.485512 -1.452419
v 2.695737 0.495311 -1.451768
v 2.700450 0.503718 -1.451775
v 2.708468 0.505231 -1.451772
v 2.717316 0.495213 -1.451738
v 2.707975 0.492841 -1.451587
v 2.697152 0.488551 -1.452328
v 2.715372 0.489126 -1.452326
v 2.714882 0.500468 -1.452365
v 2.696593 0.499835 -1.452308
v 2.748862 0.495152 -1.459461
v 2.738430 0.501593 -1.459253
v 2.761671 0.493396 -1.451206
v 2.778387 0.503573 -1.451200
v 2.771054 0.502030 -1.459240
v 2.772196 0.491155 -1.459585
v 2.805787 0.492620 -1.451797
v 2.806738 0.497388 -1.451399
v 2.801319 0.495618 -1.451455
v 2.804359 0.498722 -1.477026
v 2.805087 0.491338 -1.475984
v 2.804494 0.495383 -1.462705
v 2.804549 0.492781 -1.454722
v 2.804549 0.492781 -1.454722
v 2.805542 0.492985 -1.454721
v 2.805542 0.492985 -1.454721
v 2.806381 0.493553 -1.454722
v 2.806381 0.493553 -1.454722
v 2.806938 0.494399 -1.454722
v 2.806938 0.494399 -1.454722
v 2.807130 0.495394 -1.454722
v 2.807130 0.495394 -1.454722
v 2.806926 0.496387 -1.454721
v 2.806926 0.496387 -1.454721
v 2.806358 0.497226 -1.454721
v 2.806358 0.497226 -1.454721
v 2.805512 0.497783 -1.454722
v 2.805512 0.497783 -1.454722
v 2.804517 0.497975 -1.454721
v 2.804517 0.497975 -1.454721
v 2.803524 0.497770 -1.454722
v 2.803524 0.497770 -1.454722
v 2.802685 0.497202 -1.454722
v 2.802685 0.497202 -1.454722
v 2.802128 0.496356 -1.454722
v 2.802128 0.496356 -1.454722
v 2.801936 0.495361 -1.454722
v 2.801936 0.495361 -1.454722
v 2.802140 0.494369 -1.454722
v 2.802140 0.494369 -1.454722
v 2.802709 0.493530 -1.454722
v 2.802709 0.493530 -1.454722
v 2.803555 0.492972 -1.454722
v 2.803555 0.492972 -1.454722
v 2.803406 0.492608 -1.463322
v 2.803495 0.498376 -1.463322
v 2.807264 0.494853 -1.463323
v 2.798614 0.486396 -1.451760
v 2.811815 0.488044 -1.451769
v 2.794648 0.497282 -1.452389
v 2.797682 0.503012 -1.451774
v 2.806900 0.505231 -1.451772
v 2.814239 0.499051 -1.451773
v 2.813804 0.489127 -1.452326
v 2.795224 0.500076 -1.452335
v 2.795584 0.488551 -1.452328
v 2.813475 0.500293 -1.452331
v 2.570594 0.001483 -0.771452
v 2.571431 -0.001673 -0.771437
v 2.570546 -0.001751 -0.771424
v 2.570756 0.002054 -0.775164
v 2.570758 0.004767 -0.775168
v 2.570756 -0.002054 -0.775164
v 2.570758 -0.004767 -0.775168
v 2.570345 -0.001893 -0.773463
v 2.570348 0.000000 -0.773252
v 2.570345 0.001893 -0.773463
v 2.570749 0.001947 -0.773546
v 2.570793 0.005078 -0.773689
v 2.570793 -0.005078 -0.773689
v 2.570749 -0.001947 -0.773546
v 2.570785 0.001594 -0.774807
v 2.570785 -0.001594 -0.774807
v 2.571104 0.001738 -0.771196
v 2.570806 0.001866 -0.771488
v 2.571104 -0.001738 -0.771196
v 2.570806 -0.001866 -0.771488
v 2.153872 0.225664 -1.491959
v 2.153872 0.401317 -1.491959
v 2.153888 0.226827 -1.379622
v 2.153888 0.400149 -1.379622
v 2.150509 0.409657 -1.455374
v 2.154538 0.211904 -1.439631
v 2.061468 0.383556 -1.469074
v 2.061469 0.382610 -1.402201
v 2.061468 0.223000 -1.437440
v 2.151932 0.348165 -1.367798
v 2.061468 0.374211 -1.466410
v 2.061469 0.356309 -1.404667
v 2.061468 0.252898 -1.466469
v 2.061469 0.268434 -1.405203
v 2.061469 0.246934 -1.402272
v 2.061469 0.380041 -1.402272
v 2.229586 0.243402 -1.430768
v 2.229587 0.383574 -1.430769
v 2.153888 -0.226827 -1.379622
v 2.153872 -0.225664 -1.491959
v 2.153888 -0.400149 -1.379622
v 2.153872 -0.401317 -1.491959
v 2.150509 -0.409657 -1.455374
v 2.154538 -0.211904 -1.439631
v 2.151932 -0.348165 -1.367798
v 2.061468 -0.383556 -1.469074
v 2.061469 -0.382610 -1.402201
v 2.061468 -0.223000 -1.437440
v 2.061468 -0.374211 -1.466410
v 2.061469 -0.356309 -1.404667
v 2.061468 -0.252898 -1.466469
v 2.061469 -0.268434 -1.405203
v 2.061469 -0.246934 -1.402272
v 2.061469 -0.380041 -1.402272
v 2.229587 -0.383574 -1.430769
v 2.229586 -0.243402 -1.430768
v 2.115216 0.000000 -1.152806
v 2.470875 0.000000 -0.772864
v 2.353610 0.000000 -1.081859
v 2.115195 0.119494 -0.772730
v 2.457461 0.094105 -0.772788
v 2.353154 0.094088 -1.091424
v 2.115506 0.082278 -1.159702
v 2.084778 0.000000 -1.295991
v 2.171011 0.000000 -0.769919
v 1.921212 0.278189 -0.768895
v 1.890283 0.183476 -1.296075
v 1.817760 0.198763 -0.912142
v 2.085406 0.137314 -1.296637
v 2.115314 0.104234 -1.198789
v 2.084184 0.023068 -1.235704
v 2.055899 0.066673 -1.247634
v 2.103856 0.051013 -1.191459
v 2.088085 0.028506 -1.273009
v 2.087118 0.077607 -1.259126
v 2.087090 0.024766 -1.259171
v 2.101743 0.077367 -1.203320
v 2.101742 0.024759 -1.203319
v 2.083940 0.051223 -1.271722
v 2.105147 0.051025 -1.190879
v 2.215773 0.527533 -1.866524
v 2.215773 0.117035 -1.813313
v 2.215773 0.000000 -1.756308
v 2.184778 0.536901 -1.486353
v 2.180023 0.164376 -1.475803
v 2.068003 0.562163 -1.397693
v 2.070011 0.156074 -1.326187
v 1.910322 0.556706 -0.771737
v 2.086718 0.000000 -1.467552
v 2.215773 0.164911 -1.714577
v 1.861265 0.187264 -0.759194
v 2.115195 -0.119494 -0.772730
v 2.353154 -0.094088 -1.091424
v 2.115506 -0.082278 -1.159702
v 2.457461 -0.094105 -0.772788
v 1.921212 -0.278189 -0.768895
v 1.890283 -0.183476 -1.296075
v 1.817760 -0.198758 -0.912142
v 2.085406 -0.137314 -1.296637
v 2.115314 -0.104234 -1.198789
v 2.084184 -0.023068 -1.235704
v 2.103856 -0.051013 -1.191459
v 2.088024 -0.073825 -1.272848
v 2.088085 -0.028506 -1.273009
v 2.087118 -0.077607 -1.259126
v 2.087090 -0.024766 -1.259171
v 2.101743 -0.077367 -1.203320
v 2.101742 -0.024759 -1.203319
v 2.083940 -0.051223 -1.271722
v 2.105147 -0.051025 -1.190879
v 2.215773 -0.527533 -1.866524
v 2.215773 -0.117035 -1.813313
v 2.184778 -0.536901 -1.486353
v 2.180023 -0.164376 -1.475803
v 2.068003 -0.562163 -1.397693
v 2.070011 -0.156074 -1.326187
v 1.910322 -0.556706 -0.771737
v 2.215773 -0.164911 -1.714577
v 1.861265 -0.187264 -0.759194
v 3.545450 -0.770370 -1.676545
v 3.555566 -0.770370 -1.406570
v 3.558027 -0.769899 -1.691280
v 3.555566 -0.637183 -1.465945
v 3.545451 -0.671463 -1.423462
v 2.267224 -0.665721 -1.423445
v 2.011326 -0.387733 -1.423429
v 3.545331 0.458657 -1.443919
v 3.545449 0.804134 -1.243762
v 1.999141 0.612463 -1.458731
v 2.326287 0.492297 -1.433401
v 1.999141 0.804134 -1.243763
v 1.999141 0.804134 -1.468136
v 2.154273 0.549376 -1.447901
v 2.382930 0.525812 -1.457471
v 3.027518 0.517965 -1.453677
v 3.121149 0.591593 -1.441528
v 3.545450 0.804134 -1.468135
v 3.545918 0.609403 -1.455199
v 3.046381 0.440442 -1.382938
v 1.998949 0.432986 -1.401113
v 2.340492 0.458602 -1.402844
v 3.340519 0.531857 -1.494117
v 3.545450 0.490845 -1.277939
v 3.354596 0.511555 -1.394980
v 3.167890 0.532070 -1.397915
v 2.310574 0.554369 -1.445377
v 2.294979 0.456667 -1.455136
v 5.397177 0.853043 -1.780810
v 4.184195 0.853957 -1.768519
v 5.397181 0.757572 -1.508920
v 4.181116 0.766477 -1.516618
v 4.789961 0.764039 -1.485265
v 4.781760 0.851355 -1.753424
v 4.780648 0.738577 -1.686538
v 4.317322 0.750597 -1.731391
v 4.308753 0.735442 -1.497260
v 2.285359 0.658014 -1.460879
v 1.994879 0.396920 -1.484792
v 2.276175 0.651565 -1.580812
v 3.545477 0.698642 -1.649538
v 3.008370 0.661127 -1.466272
v 3.090140 0.657623 -1.595530
v 3.091083 0.749499 -1.662497
v 2.503509 0.677382 -1.488451
v 2.903743 0.658759 -1.598483
v 2.601029 0.691640 -1.635641
v 2.242896 0.745223 -1.665811
v 1.940285 0.450373 -1.665895
v 2.920451 0.749817 -1.662793
v 2.503509 -0.677382 -1.488451
v 2.002038 -0.392994 -1.495694
v 2.276175 -0.651565 -1.580812
v 3.545477 -0.698642 -1.649538
v 3.008370 -0.661127 -1.466272
v 2.921545 -0.656545 -1.594198
v 3.090140 -0.657623 -1.595530
v 3.091083 -0.749499 -1.662497
v 2.242896 -0.745223 -1.665811
v 1.942157 -0.452129 -1.665895
v 2.920451 -0.749817 -1.662793
v 5.401530 0.000000 -2.674906
v 3.621921 0.531225 -2.606915
v 5.400114 0.496211 -2.675233
v 5.397313 0.762618 -0.724653
v 2.485671 0.531596 -2.621574
v 5.401271 0.854987 -1.772864
v 2.057423 0.734750 -0.714452
v 4.703869 0.846007 -1.821587
v 3.388982 0.542037 -2.576349
v 1.942829 0.860344 -1.782571
v 2.795455 0.000000 -2.668610
v 1.880296 0.000000 -1.717534
v 1.890417 0.415056 -0.808955
v 4.900987 0.757810 -1.605589
v 5.396886 0.763659 -1.662283
v 2.805731 0.763701 -1.016711
v 3.453602 0.759196 -0.995747
v 4.660073 0.757690 -0.931957
v 4.547624 0.763817 -1.548910
v 3.662148 0.763596 -1.548911
v 2.493460 0.000000 -2.626503
v 2.526081 0.411217 -2.641949
v 3.279425 0.385509 -2.674323
v 4.727469 0.252951 -2.706745
v 4.304338 0.524273 -2.618726
v 4.191399 0.000000 -2.672645
v 3.587820 0.000000 -2.672972
v 1.884618 0.000000 -0.720011
v 4.600979 0.612727 -2.381819
v 5.214721 0.590111 -2.433615
v 5.179233 0.806575 -1.913321
v 2.559551 0.000003 -2.662188
v 2.238886 0.761633 -1.631879
v 1.893886 0.413177 -1.650025
v 2.202025 0.479540 -2.601880
v 1.970520 0.000000 -2.610385
v 1.175455 0.646159 -1.782419
v 3.487316 0.851265 -1.792629
v 2.011607 0.264868 -2.610320
v 0.862127 0.000000 -1.773881
v 0.893662 0.260637 -1.766397
v 1.422938 0.785990 -1.781579
v 1.893014 0.738819 -1.765040
v 1.697391 0.081657 -1.763119
v 5.395236 0.860334 -0.698574
v 5.500220 0.000000 -2.676515
v 5.484786 0.000000 -0.705450
v 5.396454 0.859957 -1.772709
v 5.397005 0.657138 -2.283092
v 5.505186 0.468407 -2.443979
v 5.502491 0.481987 -1.615277
v 5.413119 0.491722 -1.819482
v 5.415077 0.492577 -2.182433
v 5.393230 0.496871 -2.678548
v 5.412202 0.391916 -2.543606
v 5.502430 0.423022 -0.924639
v 5.406301 0.499537 -1.100452
v 5.578894 0.397039 -2.544105
v 5.578903 0.437041 -0.902464
v 5.535230 0.000000 -0.858365
v 5.581520 0.000000 -2.738428
v 5.428695 0.484227 -1.866362
v 5.428696 0.484230 -1.854245
v 5.428697 0.484223 -1.842127
v 5.428701 0.484218 -1.805773
v 5.428699 0.484227 -1.830009
v 5.406296 0.506793 -1.878523
v 5.428699 0.484220 -1.817890
v 5.406297 0.506789 -1.866398
v 5.406299 0.506786 -1.854274
v 5.428693 0.484228 -1.878481
v 5.406301 0.506777 -1.842152
v 5.406303 0.506774 -1.830027
v 5.406305 0.506770 -1.817903
v 5.406307 0.506767 -1.805779
v 5.428693 0.484231 -1.989689
v 5.428696 0.484230 -1.977572
v 5.428698 0.484229 -1.965453
v 5.428701 0.484218 -1.929099
v 5.428698 0.484222 -1.953335
v 5.406295 0.506787 -2.001849
v 5.428699 0.484224 -1.941217
v 5.406297 0.506789 -1.989725
v 5.406299 0.506781 -1.977602
v 5.428692 0.484227 -2.001807
v 5.406302 0.506777 -1.965477
v 5.406303 0.506774 -1.953353
v 5.406304 0.506775 -1.941229
v 5.406307 0.506766 -1.929105
v 5.428694 0.484231 -2.113013
v 5.428696 0.484230 -2.100894
v 5.428697 0.484223 -2.088776
v 5.428700 0.484223 -2.052422
v 5.428698 0.484221 -2.076658
v 5.406296 0.506788 -2.125172
v 5.428700 0.484225 -2.064541
v 5.406297 0.506789 -2.113049
v 5.406299 0.506786 -2.100924
v 5.428693 0.484228 -2.125131
v 5.406301 0.506778 -2.088800
v 5.406303 0.506774 -2.076676
v 5.406305 0.506776 -2.064553
v 5.406307 0.506772 -2.052428
v 5.428694 0.484226 -2.236335
v 5.428696 0.484225 -2.224217
v 5.428697 0.484223 -2.212099
v 5.428701 0.484224 -2.175745
v 5.428699 0.484222 -2.199980
v 5.406295 0.506793 -2.248495
v 5.428699 0.484225 -2.187864
v 5.406297 0.506789 -2.236371
v 5.406299 0.506781 -2.224247
v 5.428692 0.484233 -2.248453
v 5.406301 0.506782 -2.212123
v 5.406304 0.506774 -2.199999
v 5.406305 0.506775 -2.187876
v 5.406308 0.506767 -2.175752
v 3.621921 -0.531225 -2.606915
v 5.400114 -0.496211 -2.675233
v 5.397313 -0.762618 -0.724653
v 2.485671 -0.531596 -2.621574
v 5.401271 -0.854987 -1.772864
v 2.057423 -0.734750 -0.714452
v 4.703869 -0.846007 -1.821587
v 3.388982 -0.542037 -2.576349
v 3.487316 -0.851265 -1.792629
v 1.942829 -0.860344 -1.782571
v 2.236962 -0.759460 -0.809566
v 1.890417 -0.415056 -0.808955
v 5.214721 -0.590111 -2.433615
v 4.900987 -0.757810 -1.605589
v 5.396886 -0.763659 -1.662283
v 2.805731 -0.763701 -1.016711
v 3.453602 -0.759196 -0.995747
v 4.660073 -0.757690 -0.931957
v 4.547624 -0.763817 -1.548910
v 3.662148 -0.763596 -1.548911
v 2.526081 -0.411217 -2.641949
v 3.279425 -0.385509 -2.674323
v 4.727469 -0.252951 -2.706745
v 4.304338 -0.524273 -2.618726
v 5.179233 -0.806575 -1.913321
v 4.600979 -0.612727 -2.381819
v 2.238886 -0.761633 -1.631879
v 2.241684 -0.752565 -1.668594
v 1.893886 -0.413177 -1.650025
v 2.202025 -0.479540 -2.601880
v 1.175455 -0.646159 -1.782419
v 2.011607 -0.264868 -2.610320
v 1.893014 -0.738819 -1.765040
v 1.697391 -0.081657 -1.763119
v 0.893662 -0.260637 -1.766397
v 1.422938 -0.785990 -1.781579
v 5.395236 -0.860334 -0.698574
v 5.396454 -0.859957 -1.772709
v 5.397005 -0.657138 -2.283092
v 5.505186 -0.468407 -2.443979
v 5.502491 -0.481987 -1.615277
v 5.413119 -0.491722 -1.819482
v 5.415077 -0.492577 -2.182433
v 5.393230 -0.496871 -2.678548
v 5.412202 -0.391916 -2.543606
v 5.502430 -0.423022 -0.924639
v 5.406301 -0.499537 -1.100452
v 5.578894 -0.397039 -2.544105
v 5.578903 -0.437041 -0.902464
v 7.603335 -0.425616 -0.884121
v 5.428695 -0.484227 -1.866362
v 5.428696 -0.484230 -1.854245
v 5.428697 -0.484223 -1.842127
v 5.428701 -0.484218 -1.805773
v 5.428699 -0.484227 -1.830009
v 5.406296 -0.506793 -1.878523
v 5.428699 -0.484220 -1.817890
v 5.406297 -0.506789 -1.866398
v 5.406299 -0.506786 -1.854274
v 5.428693 -0.484228 -1.878481
v 5.406301 -0.506777 -1.842152
v 5.406303 -0.506774 -1.830027
v 5.406305 -0.506770 -1.817903
v 5.406307 -0.506767 -1.805779
v 5.428693 -0.484231 -1.989689
v 5.428696 -0.484230 -1.977572
v 5.428698 -0.484229 -1.965453
v 5.428701 -0.484218 -1.929099
v 5.428698 -0.484222 -1.953335
v 5.406295 -0.506787 -2.001849
v 5.428699 -0.484224 -1.941217
v 5.406297 -0.506789 -1.989725
v 5.406299 -0.506781 -1.977602
v 5.428692 -0.484227 -2.001807
v 5.406302 -0.506777 -1.965477
v 5.406303 -0.506774 -1.953353
v 5.406304 -0.506775 -1.941229
v 5.406307 -0.506766 -1.929105
v 5.428694 -0.484231 -2.113013
v 5.428696 -0.484230 -2.100894
v 5.428697 -0.484223 -2.088776
v 5.428700 -0.484223 -2.052422
v 5.428698 -0.484221 -2.076658
v 5.406296 -0.506788 -2.125172
v 5.428700 -0.484225 -2.064541
v 5.406297 -0.506789 -2.113049
v 5.406299 -0.506786 -2.100924
v 5.428693 -0.484228 -2.125131
v 5.406301 -0.506778 -2.088800
v 5.406303 -0.506774 -2.076676
v 5.406305 -0.506776 -2.064553
v 5.406307 -0.506772 -2.052428
v 5.428694 -0.484226 -2.236335
v 5.428696 -0.484225 -2.224217
v 5.428697 -0.484223 -2.212099
v 5.428701 -0.484224 -2.175745
v 5.428699 -0.484222 -2.199980
v 5.406295 -0.506793 -2.248495
v 5.428699 -0.484225 -2.187864
v 5.406297 -0.506789 -2.236371
v 5.406299 -0.506781 -2.224247
v 5.428692 -0.484233 -2.248453
v 5.406301 -0.506782 -2.212123
v 5.406304 -0.506774 -2.199999
v 5.406305 -0.506775 -2.187876
v 5.406308 -0.506767 -2.175752
v 5.686010 0.268224 -2.756376
v 7.603349 0.361826 -2.559525
v 6.526589 0.279193 -2.755971
v 6.547798 0.000003 -2.757475
v 6.547798 0.000003 -2.617879
v 7.603349 -0.361826 -2.559525
v 5.686010 -0.268224 -2.756376
v 6.526589 -0.279193 -2.755971
v 7.603335 0.425616 -0.884121
v 7.603336 0.000003 -0.861572
v 7.603336 0.000003 -2.617879
v 5.417173 0.754552 -0.768004
v 5.426525 0.000003 -0.775223
v 1.882728 0.762577 -0.777460
v 1.909279 0.224975 -0.744743
v 3.375509 0.233708 -0.803959
v 2.440701 0.000000 -0.774714
v 5.337457 0.024625 -0.805115
v 2.449785 0.128689 -0.781691
v 2.113147 0.118672 -0.784890
v 3.649252 0.742854 -0.759687
v 3.375509 -0.233708 -0.803959
v 5.417173 -0.754552 -0.768004
v 1.882728 -0.762577 -0.777460
v 1.909279 -0.224975 -0.744743
v 2.449785 -0.128689 -0.781691
v 2.113147 -0.118672 -0.784890
v 5.049322 0.638253 -0.789209
v 3.740782 0.017518 -0.762701
v 5.233368 -0.053422 -0.799127
v 4.499647 0.023163 -0.782729
v 4.392618 0.396583 -0.780612
v 4.160564 -0.523035 -0.776689
v 3.548116 -0.768550 -0.784768
v 4.808281 -0.527818 -0.775877
v 4.323243 0.759221 -1.734148
v 4.425561 0.783034 -1.712620
v 4.774585 0.741772 -1.693228
v 4.760895 0.796746 -1.756821
v 3.814458 -0.151643 -0.772398
v 3.813503 -0.171858 -1.462750
v 3.816914 -0.139850 -1.462753
v 3.813988 0.778274 -0.772398
v 3.823351 0.782204 -1.462753
v 3.813504 0.753004 -1.462750
v 3.926645 -0.151643 -1.311813
v 3.926646 0.773220 -1.311813
v 3.770709 0.431023 -1.379538
v 3.770709 0.202147 -1.356725
v 4.063461 0.433349 -1.378973
v 3.770709 0.187744 -1.394207
v 4.063843 0.186301 -1.385116
v 4.112447 0.350235 -1.508696
v 4.112405 0.337103 -1.508688
v 4.112450 0.317365 -1.508694
v 4.112451 0.392012 -1.508694
v 4.111938 0.370381 -1.508640
v 4.112523 0.271394 -1.508601
v 4.112467 0.284436 -1.508600
v 4.112449 0.304210 -1.508694
v 4.112524 0.229616 -1.508601
v 4.111988 0.251169 -1.508557
v 4.196863 0.688522 -1.567984
v 4.092959 0.508168 -1.567990
v 4.198792 0.685203 -1.857708
v 4.094744 0.507237 -1.859188
v 4.024883 -0.077915 -1.567982
v 4.024827 0.130524 -1.567920
v 4.027587 0.130108 -1.857780
v 4.028192 -0.075825 -1.858287
v 4.054751 0.495000 -1.722019
v 3.761666 0.499145 -1.727334
v 3.761666 0.484500 -1.727724
v 4.055836 0.127328 -1.723181
v 3.761666 0.122963 -1.728725
v 3.761666 0.136627 -1.726479
v 3.964415 0.741662 -1.499592
v 4.221177 0.738505 -1.528956
v 4.024762 0.454762 -1.885595
v 4.006608 0.457454 -1.519743
v 4.216659 0.733104 -1.868014
v 3.974609 -0.141450 -1.389485
v 3.974609 0.763027 -1.389485
v 3.974610 0.763027 -1.476468
v 3.974609 0.151372 -1.389869
v 3.974609 0.470205 -1.389869
v 3.974610 0.470205 -1.476468
v 3.974609 0.151372 -1.476468
v 3.974609 -0.141450 -1.476468
v 3.973452 0.601587 -1.433071
v 3.973451 0.019994 -1.433072
v 3.974610 0.536410 -1.476468
v 3.974610 0.666821 -1.476468
v 3.974609 -0.045244 -1.476468
v 3.974609 0.085167 -1.476468
v 3.974609 0.085167 -1.389782
v 3.974609 -0.045244 -1.389573
v 3.974610 0.666821 -1.389573
v 3.974609 0.536410 -1.389782
v 3.974609 -0.141450 -1.389485
v 3.974609 0.763027 -1.389485
v 3.974610 0.763027 -1.476468
v 3.974609 0.151372 -1.389869
v 3.974609 0.470205 -1.389869
v 3.974610 0.470205 -1.476468
v 3.974609 0.151372 -1.476468
v 3.974609 -0.141450 -1.476468
v 3.974610 0.536410 -1.476468
v 3.974610 0.666821 -1.476468
v 3.974609 -0.045244 -1.476468
v 3.974609 0.085167 -1.476468
v 3.974609 0.085167 -1.389782
v 3.974609 -0.045244 -1.389573
v 3.974610 0.666821 -1.389573
v 3.974609 0.536410 -1.389782
v 3.949446 -0.141958 -1.427534
v 3.964994 0.775366 -1.385963
v 3.964993 0.775365 -1.479946
v 3.964993 0.162508 -1.386412
v 3.948491 0.472949 -1.433168
v 3.964992 0.162508 -1.479946
v 2.507887 -0.266552 -2.639257
v 2.507873 -0.279630 -2.639299
v 2.540880 -0.266554 -2.648833
v 2.540866 -0.279627 -2.648874
v 2.540880 -0.300430 -2.648833
v 2.540866 -0.313502 -2.648874
v 2.540880 -0.333813 -2.648833
v 2.540866 -0.346886 -2.648874
v 2.540880 -0.368789 -2.648833
v 2.540866 -0.381862 -2.648874
v 2.517494 0.190771 -2.650690
v 2.521727 0.185078 -2.651852
v 2.525636 0.191842 -2.652943
v 2.536517 0.191983 -2.618026
v 2.529103 0.186874 -2.636059
v 2.527670 0.189617 -2.613724
v 2.521555 0.193149 -2.646809
v 2.522982 0.193435 -2.647223
v 2.520341 0.192316 -2.646456
v 2.519526 0.191063 -2.646219
v 2.519234 0.189581 -2.646134
v 2.519508 0.188095 -2.646214
v 2.520308 0.186832 -2.646446
v 2.521511 0.185983 -2.646796
v 2.522934 0.185678 -2.647209
v 2.524362 0.185964 -2.647623
v 2.525575 0.186797 -2.647977
v 2.526390 0.188050 -2.648212
v 2.526683 0.189532 -2.648298
v 2.526407 0.191018 -2.648218
v 2.525608 0.192282 -2.647986
v 2.524405 0.193130 -2.647636
v 2.522982 0.193435 -2.647223
v 2.524405 0.193130 -2.647636
v 2.525608 0.192282 -2.647986
v 2.526407 0.191018 -2.648218
v 2.526683 0.189532 -2.648298
v 2.526390 0.188050 -2.648212
v 2.525575 0.186797 -2.647977
v 2.524362 0.185964 -2.647623
v 2.522934 0.185678 -2.647209
v 2.521511 0.185983 -2.646796
v 2.520308 0.186832 -2.646446
v 2.519508 0.188095 -2.646214
v 2.519234 0.189581 -2.646134
v 2.519526 0.191063 -2.646219
v 2.520341 0.192316 -2.646456
v 2.521555 0.193149 -2.646809
v 2.522040 0.189587 -2.633573
v 2.529553 0.186379 -2.635756
v 2.528606 0.193176 -2.635481
v 2.504200 0.197249 -2.646389
v 2.510660 0.172553 -2.648266
v 2.530165 0.176210 -2.653930
v 2.514053 0.202119 -2.648214
v 2.524669 0.204445 -2.652304
v 2.507066 0.189659 -2.646672
v 2.513895 0.177105 -2.648172
v 2.535718 0.194857 -2.655508
v 2.517588 0.230192 -2.650355
v 2.522645 0.223864 -2.652255
v 2.524662 0.231636 -2.652806
v 2.536318 0.231547 -2.617907
v 2.526224 0.228457 -2.635748
v 2.527738 0.225341 -2.614619
v 2.521555 0.232058 -2.646809
v 2.522982 0.232343 -2.647223
v 2.520341 0.231225 -2.646456
v 2.519526 0.229972 -2.646219
v 2.519234 0.228490 -2.646134
v 2.519508 0.227003 -2.646214
v 2.520308 0.225740 -2.646446
v 2.521511 0.224892 -2.646796
v 2.522934 0.224587 -2.647209
v 2.524362 0.224873 -2.647623
v 2.525575 0.225706 -2.647977
v 2.526390 0.226958 -2.648212
v 2.526683 0.228441 -2.648298
v 2.526407 0.229927 -2.648218
v 2.525608 0.231190 -2.647986
v 2.524405 0.232039 -2.647636
v 2.522982 0.232343 -2.647223
v 2.524405 0.232039 -2.647636
v 2.525608 0.231190 -2.647986
v 2.526407 0.229927 -2.648218
v 2.526683 0.228441 -2.648298
v 2.526390 0.226958 -2.648212
v 2.525575 0.225706 -2.647977
v 2.524362 0.224873 -2.647623
v 2.522934 0.224587 -2.647209
v 2.521511 0.224892 -2.646796
v 2.520308 0.225740 -2.646446
v 2.519508 0.227003 -2.646214
v 2.519234 0.228490 -2.646134
v 2.519526 0.229972 -2.646219
v 2.520341 0.231225 -2.646456
v 2.521555 0.232058 -2.646809
v 2.522040 0.228495 -2.633573
v 2.529553 0.225288 -2.635756
v 2.528606 0.232084 -2.635481
v 2.518837 0.243137 -2.650594
v 2.509330 0.236363 -2.647842
v 2.507698 0.224748 -2.647367
v 2.518742 0.212745 -2.650604
v 2.536836 0.225234 -2.655854
v 2.529333 0.241361 -2.653652
v 2.535334 0.236643 -2.654534
v 2.508694 0.220283 -2.646785
v 2.509055 0.237229 -2.646890
v 2.534869 0.219959 -2.654391
v 2.535334 0.197735 -2.654534
v 2.508694 0.181375 -2.646785
v 2.509055 0.198320 -2.646890
v 2.534868 0.181050 -2.654391
v 2.523798 0.301393 -2.652463
v 2.523540 0.309527 -2.652448
v 2.517223 0.304596 -2.650517
v 2.526363 0.304831 -2.614673
v 2.537464 0.305630 -2.618106
v 2.526232 0.305258 -2.635750
v 2.521555 0.301665 -2.646809
v 2.522982 0.301380 -2.647223
v 2.520341 0.302498 -2.646456
v 2.519526 0.303751 -2.646219
v 2.519234 0.305233 -2.646134
v 2.519508 0.306719 -2.646214
v 2.520308 0.307983 -2.646446
v 2.521511 0.308831 -2.646796
v 2.522934 0.309136 -2.647209
v 2.524362 0.308850 -2.647623
v 2.525575 0.308017 -2.647977
v 2.526390 0.306765 -2.648212
v 2.526682 0.305282 -2.648298
v 2.526407 0.303796 -2.648218
v 2.525608 0.302533 -2.647986
v 2.524405 0.301684 -2.647636
v 2.522982 0.301380 -2.647223
v 2.524405 0.301684 -2.647636
v 2.525608 0.302533 -2.647986
v 2.526407 0.303796 -2.648218
v 2.526682 0.305282 -2.648298
v 2.526390 0.306765 -2.648212
v 2.525575 0.308017 -2.647977
v 2.524362 0.308850 -2.647623
v 2.522934 0.309136 -2.647209
v 2.521511 0.308831 -2.646796
v 2.520308 0.307983 -2.646446
v 2.519508 0.306719 -2.646214
v 2.519234 0.305233 -2.646134
v 2.519526 0.303751 -2.646219
v 2.520341 0.302498 -2.646456
v 2.521555 0.301665 -2.646809
v 2.522040 0.305228 -2.633573
v 2.529553 0.308435 -2.635756
v 2.528606 0.301639 -2.635481
v 2.529081 0.287008 -2.653617
v 2.541049 0.309370 -2.657092
v 2.512048 0.293724 -2.648633
v 2.524908 0.290524 -2.651365
v 2.506892 0.305734 -2.647129
v 2.518742 0.320978 -2.650604
v 2.533956 0.313698 -2.653989
v 2.535577 0.299454 -2.654966
v 2.517588 0.264622 -2.650355
v 2.522645 0.270950 -2.652255
v 2.530843 0.260362 -2.616472
v 2.532766 0.271848 -2.616029
v 2.526232 0.266349 -2.635749
v 2.521555 0.262757 -2.646809
v 2.522982 0.262471 -2.647223
v 2.520341 0.263590 -2.646456
v 2.519526 0.264843 -2.646219
v 2.519234 0.266325 -2.646134
v 2.519508 0.267811 -2.646214
v 2.520308 0.269074 -2.646446
v 2.521511 0.269923 -2.646796
v 2.522934 0.270228 -2.647209
v 2.524362 0.269942 -2.647623
v 2.525575 0.269109 -2.647977
v 2.526390 0.267856 -2.648212
v 2.526683 0.266374 -2.648298
v 2.526407 0.264888 -2.648218
v 2.525608 0.263624 -2.647986
v 2.524405 0.262776 -2.647636
v 2.522982 0.262471 -2.647223
v 2.524405 0.262776 -2.647636
v 2.525608 0.263624 -2.647986
v 2.526407 0.264888 -2.648218
v 2.526683 0.266374 -2.648298
v 2.526390 0.267856 -2.648212
v 2.525575 0.269109 -2.647977
v 2.524362 0.269942 -2.647623
v 2.522934 0.270228 -2.647209
v 2.521511 0.269923 -2.646796
v 2.520308 0.269074 -2.646446
v 2.519508 0.267811 -2.646214
v 2.519234 0.266325 -2.646134
v 2.519526 0.264843 -2.646219
v 2.520341 0.263590 -2.646456
v 2.521555 0.262757 -2.646809
v 2.526270 0.261619 -2.634802
v 2.523727 0.269626 -2.634063
v 2.530016 0.268501 -2.635890
v 2.508583 0.275200 -2.647638
v 2.523814 0.281328 -2.652053
v 2.506603 0.260057 -2.649987
v 2.534912 0.273146 -2.655277
v 2.532886 0.254341 -2.654754
v 2.524662 0.263178 -2.652806
v 2.509486 0.257067 -2.646969
v 2.535712 0.258640 -2.654708
v 2.535337 0.274334 -2.654536
v 2.509067 0.274930 -2.646894
v 2.509486 0.295976 -2.646969
v 2.535712 0.297549 -2.654708
v 2.535337 0.313242 -2.654536
v 2.509067 0.313838 -2.646894
v 2.535825 -0.087240 -2.655954
v 2.538634 -0.080171 -2.656578
v 2.551630 -0.087285 -2.626912
v 2.544025 -0.081128 -2.624290
v 2.542755 -0.084161 -2.642655
v 2.538655 -0.087309 -2.652346
v 2.539905 -0.087560 -2.652711
v 2.537592 -0.086580 -2.652037
v 2.536877 -0.085482 -2.651831
v 2.536621 -0.084182 -2.651756
v 2.536862 -0.082880 -2.651826
v 2.537563 -0.081773 -2.652030
v 2.538617 -0.081029 -2.652335
v 2.539864 -0.080762 -2.652699
v 2.541115 -0.081013 -2.653061
v 2.542179 -0.081743 -2.653370
v 2.542893 -0.082841 -2.653577
v 2.543149 -0.084140 -2.653651
v 2.542908 -0.085442 -2.653581
v 2.542207 -0.086549 -2.653378
v 2.541152 -0.087293 -2.653073
v 2.539905 -0.087560 -2.652711
v 2.541152 -0.087293 -2.653073
v 2.542207 -0.086549 -2.653378
v 2.542908 -0.085442 -2.653581
v 2.543149 -0.084140 -2.653651
v 2.542893 -0.082841 -2.653577
v 2.542179 -0.081743 -2.653370
v 2.541115 -0.081013 -2.653061
v 2.539864 -0.080762 -2.652699
v 2.538617 -0.081029 -2.652335
v 2.537563 -0.081773 -2.652030
v 2.536862 -0.082880 -2.651826
v 2.536621 -0.084182 -2.651756
v 2.536877 -0.085482 -2.651831
v 2.537592 -0.086580 -2.652037
v 2.538655 -0.087309 -2.652346
v 2.541607 -0.087786 -2.641482
v 2.542214 -0.080057 -2.641659
v 2.546248 -0.085327 -2.642830
v 2.540635 -0.071035 -2.656943
v 2.538765 -0.097656 -2.656388
v 2.525475 -0.086745 -2.652552
v 2.531943 -0.073249 -2.653541
v 2.550361 -0.078204 -2.659767
v 2.550448 -0.090393 -2.659787
v 2.542409 -0.084414 -2.657895
v 2.528656 -0.112279 -2.652775
v 2.546863 -0.111917 -2.657698
v 2.529459 -0.129054 -2.653015
v 2.544502 -0.128721 -2.656891
v 2.542242 -0.121614 -2.657794
v 2.535611 -0.122542 -2.655840
v 2.539394 -0.116265 -2.656854
v 2.550448 -0.126392 -2.659787
v 2.538765 -0.133656 -2.656389
v 2.550361 -0.114204 -2.659766
v 2.540635 -0.107035 -2.656943
v 2.531943 -0.109249 -2.653541
v 2.525475 -0.122745 -2.652552
v 2.542284 -0.124164 -2.641679
v 2.546336 -0.118447 -2.642855
v 2.540433 -0.117497 -2.641141
v 2.538655 -0.123309 -2.652346
v 2.537592 -0.122580 -2.652037
v 2.536877 -0.121482 -2.651831
v 2.536621 -0.120182 -2.651756
v 2.536862 -0.118880 -2.651826
v 2.537563 -0.117773 -2.652030
v 2.538617 -0.117029 -2.652335
v 2.539864 -0.116762 -2.652699
v 2.541115 -0.117013 -2.653061
v 2.542179 -0.117743 -2.653370
v 2.542893 -0.118841 -2.653577
v 2.543149 -0.120140 -2.653651
v 2.542908 -0.121442 -2.653581
v 2.542207 -0.122549 -2.653378
v 2.541152 -0.123293 -2.653073
v 2.539905 -0.123560 -2.652711
v 2.541152 -0.123293 -2.653073
v 2.542207 -0.122549 -2.653378
v 2.542908 -0.121442 -2.653581
v 2.543149 -0.120140 -2.653651
v 2.542893 -0.118841 -2.653577
v 2.542179 -0.117743 -2.653370
v 2.541115 -0.117013 -2.653061
v 2.539864 -0.116762 -2.652699
v 2.538617 -0.117029 -2.652335
v 2.537563 -0.117773 -2.652030
v 2.536862 -0.118880 -2.651826
v 2.536621 -0.120182 -2.651756
v 2.536877 -0.121482 -2.651831
v 2.537592 -0.122580 -2.652037
v 2.539905 -0.123560 -2.652711
v 2.538655 -0.123309 -2.652346
v 2.543429 -0.121996 -2.624069
v 2.552357 -0.118272 -2.627436
v 2.542755 -0.120161 -2.642655
v 2.544502 -0.092721 -2.656891
v 2.550734 -0.077164 -2.659119
v 2.529459 -0.093054 -2.653015
v 2.527711 -0.076641 -2.652422
v 2.527712 -0.148641 -2.652422
v 2.550734 -0.149164 -2.659119
v 2.529459 -0.165054 -2.653015
v 2.544502 -0.164721 -2.656891
v 2.542379 -0.157182 -2.657617
v 2.535724 -0.158886 -2.656044
v 2.550448 -0.162392 -2.659787
v 2.550361 -0.150204 -2.659767
v 2.536190 -0.142384 -2.655673
v 2.525772 -0.155747 -2.652625
v 2.535881 -0.169890 -2.655576
v 2.541607 -0.159786 -2.641482
v 2.546248 -0.157327 -2.642830
v 2.542214 -0.152057 -2.641659
v 2.538655 -0.159309 -2.652346
v 2.537592 -0.158580 -2.652037
v 2.536877 -0.157481 -2.651831
v 2.536621 -0.156182 -2.651756
v 2.536862 -0.154880 -2.651826
v 2.537563 -0.153773 -2.652030
v 2.538617 -0.153029 -2.652335
v 2.539864 -0.152762 -2.652699
v 2.541115 -0.153013 -2.653061
v 2.542179 -0.153743 -2.653370
v 2.542893 -0.154841 -2.653577
v 2.543149 -0.156140 -2.653651
v 2.542908 -0.157442 -2.653581
v 2.542207 -0.158549 -2.653378
v 2.541152 -0.159293 -2.653073
v 2.539905 -0.159560 -2.652711
v 2.541152 -0.159293 -2.653073
v 2.542207 -0.158549 -2.653378
v 2.542908 -0.157442 -2.653581
v 2.543149 -0.156140 -2.653651
v 2.542893 -0.154841 -2.653577
v 2.542179 -0.153743 -2.653370
v 2.541115 -0.153013 -2.653061
v 2.539864 -0.152762 -2.652699
v 2.538617 -0.153029 -2.652335
v 2.537563 -0.153773 -2.652030
v 2.536862 -0.154880 -2.651826
v 2.536621 -0.156182 -2.651756
v 2.536877 -0.157481 -2.651831
v 2.537592 -0.158580 -2.652037
v 2.539905 -0.159560 -2.652711
v 2.538655 -0.159309 -2.652346
v 2.544969 -0.154335 -2.623665
v 2.551273 -0.159003 -2.626213
v 2.542755 -0.156161 -2.642655
v 2.539059 -0.152151 -2.656715
v 2.527784 -0.184528 -2.652442
v 2.550777 -0.185230 -2.659133
v 2.529459 -0.201054 -2.653015
v 2.544502 -0.200721 -2.656891
v 2.542499 -0.192241 -2.657945
v 2.536112 -0.195261 -2.655834
v 2.536948 -0.188544 -2.656231
v 2.550448 -0.198392 -2.659787
v 2.550361 -0.186204 -2.659767
v 2.536190 -0.178384 -2.655673
v 2.525772 -0.191747 -2.652625
v 2.535881 -0.205890 -2.655576
v 2.541607 -0.195786 -2.641482
v 2.546248 -0.193327 -2.642830
v 2.542214 -0.188057 -2.641659
v 2.538655 -0.195309 -2.652346
v 2.537592 -0.194580 -2.652037
v 2.536877 -0.193482 -2.651831
v 2.536621 -0.192182 -2.651756
v 2.536862 -0.190880 -2.651826
v 2.537563 -0.189773 -2.652030
v 2.538617 -0.189029 -2.652335
v 2.539864 -0.188762 -2.652699
v 2.541115 -0.189013 -2.653061
v 2.542179 -0.189743 -2.653370
v 2.542893 -0.190840 -2.653577
v 2.543149 -0.192140 -2.653651
v 2.542908 -0.193442 -2.653581
v 2.542207 -0.194549 -2.653378
v 2.541152 -0.195293 -2.653073
v 2.539905 -0.195560 -2.652711
v 2.541152 -0.195293 -2.653073
v 2.542207 -0.194549 -2.653378
v 2.542908 -0.193442 -2.653581
v 2.543149 -0.192140 -2.653651
v 2.542893 -0.190840 -2.653577
v 2.542179 -0.189743 -2.653370
v 2.541115 -0.189013 -2.653061
v 2.539864 -0.188762 -2.652699
v 2.538617 -0.189029 -2.652335
v 2.537563 -0.189773 -2.652030
v 2.536862 -0.190880 -2.651826
v 2.536621 -0.192182 -2.651756
v 2.536877 -0.193482 -2.651831
v 2.537592 -0.194580 -2.652037
v 2.539905 -0.195560 -2.652711
v 2.538655 -0.195309 -2.652346
v 2.549635 -0.187434 -2.626431
v 2.546407 -0.196320 -2.624325
v 2.542755 -0.192161 -2.642655
v 2.504355 -0.080521 -2.646734
v 2.507331 -0.085404 -2.647660
v 2.501464 -0.086733 -2.645855
v 2.513835 -0.088976 -2.615316
v 2.511333 -0.081218 -2.632801
v 2.510261 -0.081010 -2.614448
v 2.504139 -0.087309 -2.642325
v 2.505389 -0.087560 -2.642689
v 2.503076 -0.086580 -2.642016
v 2.502361 -0.085482 -2.641809
v 2.502105 -0.084182 -2.641734
v 2.502346 -0.082880 -2.641804
v 2.503047 -0.081773 -2.642008
v 2.504101 -0.081029 -2.642313
v 2.505348 -0.080762 -2.642676
v 2.506599 -0.081013 -2.643039
v 2.507662 -0.081743 -2.643348
v 2.508377 -0.082841 -2.643555
v 2.508633 -0.084140 -2.643630
v 2.508392 -0.085442 -2.643560
v 2.507691 -0.086549 -2.643357
v 2.506637 -0.087293 -2.643050
v 2.505389 -0.087560 -2.642689
v 2.506637 -0.087293 -2.643050
v 2.507691 -0.086549 -2.643357
v 2.508392 -0.085442 -2.643560
v 2.508633 -0.084140 -2.643630
v 2.508377 -0.082841 -2.643555
v 2.507662 -0.081743 -2.643348
v 2.506599 -0.081013 -2.643039
v 2.505348 -0.080762 -2.642676
v 2.504101 -0.081029 -2.642313
v 2.503047 -0.081773 -2.642008
v 2.502346 -0.082880 -2.641804
v 2.502105 -0.084182 -2.641734
v 2.502361 -0.085482 -2.641809
v 2.503076 -0.086580 -2.642016
v 2.504139 -0.087309 -2.642325
v 2.506417 -0.087466 -2.631264
v 2.506861 -0.080712 -2.631394
v 2.512266 -0.084136 -2.632963
v 2.504993 -0.070756 -2.646594
v 2.516158 -0.089731 -2.649827
v 2.497782 -0.095562 -2.644498
v 2.507078 -0.097073 -2.646318
v 2.491265 -0.084250 -2.642608
v 2.497426 -0.073249 -2.643517
v 2.515841 -0.078200 -2.649745
v 2.494140 -0.112279 -2.642753
v 2.512351 -0.111918 -2.647676
v 2.493564 -0.128295 -2.642465
v 2.516546 -0.126916 -2.649248
v 2.506441 -0.116917 -2.647231
v 2.506313 -0.123478 -2.647460
v 2.500210 -0.120133 -2.645551
v 2.506843 -0.133077 -2.647127
v 2.516361 -0.125271 -2.649896
v 2.514774 -0.112762 -2.649429
v 2.506119 -0.107035 -2.646920
v 2.497426 -0.109249 -2.643518
v 2.491187 -0.125685 -2.642619
v 2.510294 -0.123874 -2.632391
v 2.510280 -0.116966 -2.632388
v 2.505002 -0.118934 -2.630853
v 2.504139 -0.123309 -2.642325
v 2.503076 -0.122580 -2.642016
v 2.502361 -0.121482 -2.641809
v 2.502105 -0.120182 -2.641734
v 2.502346 -0.118880 -2.641804
v 2.503047 -0.117773 -2.642008
v 2.504101 -0.117029 -2.642313
v 2.505348 -0.116762 -2.642676
v 2.506599 -0.117013 -2.643039
v 2.507662 -0.117743 -2.643348
v 2.508377 -0.118840 -2.643555
v 2.508633 -0.120140 -2.643630
v 2.508392 -0.121442 -2.643560
v 2.507691 -0.122549 -2.643357
v 2.506637 -0.123293 -2.643050
v 2.505389 -0.123560 -2.642689
v 2.506637 -0.123293 -2.643050
v 2.507691 -0.122549 -2.643357
v 2.508392 -0.121442 -2.643560
v 2.508633 -0.120140 -2.643630
v 2.508377 -0.118840 -2.643555
v 2.507662 -0.117743 -2.643348
v 2.506599 -0.117013 -2.643039
v 2.505348 -0.116762 -2.642676
v 2.504101 -0.117029 -2.642313
v 2.503047 -0.117773 -2.642008
v 2.502346 -0.118880 -2.641804
v 2.502105 -0.120182 -2.641734
v 2.502361 -0.121482 -2.641809
v 2.503076 -0.122580 -2.642016
v 2.505389 -0.123560 -2.642689
v 2.504139 -0.123309 -2.642325
v 2.512034 -0.121028 -2.633147
v 2.511325 -0.124771 -2.615619
v 2.512594 -0.116028 -2.614236
v 2.493564 -0.092295 -2.642465
v 2.516546 -0.090916 -2.649248
v 2.512351 -0.075918 -2.647676
v 2.494139 -0.076279 -2.642753
v 2.494139 -0.148279 -2.642753
v 2.512351 -0.147918 -2.647676
v 2.494945 -0.165055 -2.642994
v 2.509985 -0.164721 -2.646869
v 2.505848 -0.152587 -2.647275
v 2.506939 -0.158803 -2.647572
v 2.516158 -0.161731 -2.649827
v 2.507077 -0.169073 -2.646318
v 2.515841 -0.150200 -2.649745
v 2.504993 -0.142756 -2.646594
v 2.497426 -0.145249 -2.643518
v 2.491265 -0.156250 -2.642608
v 2.497782 -0.167562 -2.644497
v 2.512266 -0.156136 -2.632962
v 2.506861 -0.152712 -2.631394
v 2.506417 -0.159466 -2.631264
v 2.504139 -0.159309 -2.642325
v 2.503076 -0.158580 -2.642016
v 2.502361 -0.157481 -2.641809
v 2.502105 -0.156182 -2.641734
v 2.502346 -0.154880 -2.641804
v 2.503047 -0.153773 -2.642008
v 2.504101 -0.153029 -2.642313
v 2.505348 -0.152762 -2.642676
v 2.506599 -0.153013 -2.643039
v 2.507662 -0.153743 -2.643348
v 2.508377 -0.154841 -2.643555
v 2.508633 -0.156140 -2.643630
v 2.508392 -0.157442 -2.643560
v 2.507691 -0.158549 -2.643357
v 2.506637 -0.159293 -2.643050
v 2.505389 -0.159560 -2.642689
v 2.506637 -0.159293 -2.643050
v 2.507691 -0.158549 -2.643357
v 2.508392 -0.157442 -2.643560
v 2.508633 -0.156140 -2.643630
v 2.508377 -0.154841 -2.643555
v 2.507662 -0.153743 -2.643348
v 2.506599 -0.153013 -2.643039
v 2.505348 -0.152762 -2.642676
v 2.504101 -0.153029 -2.642313
v 2.503047 -0.153773 -2.642008
v 2.502346 -0.154880 -2.641804
v 2.502105 -0.156182 -2.641734
v 2.502361 -0.157481 -2.641809
v 2.503076 -0.158580 -2.642016
v 2.505389 -0.159560 -2.642689
v 2.504139 -0.159309 -2.642325
v 2.515262 -0.160954 -2.616830
v 2.511589 -0.151900 -2.614458
v 2.508239 -0.156161 -2.632635
v 2.500265 -0.157070 -2.645510
v 2.494139 -0.184279 -2.642753
v 2.512351 -0.183918 -2.647676
v 2.493564 -0.200295 -2.642465
v 2.516546 -0.198916 -2.649248
v 2.507837 -0.193915 -2.647868
v 2.500599 -0.193306 -2.645300
v 2.503242 -0.188447 -2.646562
v 2.516157 -0.197730 -2.649829
v 2.515886 -0.186374 -2.649753
v 2.507268 -0.179265 -2.647253
v 2.495682 -0.182169 -2.643885
v 2.491443 -0.192250 -2.642199
v 2.501384 -0.205919 -2.645560
v 2.512266 -0.192136 -2.632963
v 2.506861 -0.188712 -2.631394
v 2.506416 -0.195465 -2.631264
v 2.504139 -0.195309 -2.642325
v 2.503076 -0.194579 -2.642016
v 2.502361 -0.193481 -2.641809
v 2.502105 -0.192182 -2.641734
v 2.502346 -0.190880 -2.641804
v 2.503047 -0.189773 -2.642008
v 2.504101 -0.189029 -2.642313
v 2.505348 -0.188762 -2.642676
v 2.506599 -0.189013 -2.643039
v 2.507662 -0.189743 -2.643348
v 2.508377 -0.190840 -2.643555
v 2.508633 -0.192140 -2.643630
v 2.508392 -0.193442 -2.643560
v 2.507691 -0.194549 -2.643357
v 2.506637 -0.195293 -2.643050
v 2.505389 -0.195560 -2.642689
v 2.506637 -0.195293 -2.643050
v 2.507691 -0.194549 -2.643357
v 2.508392 -0.193442 -2.643560
v 2.508633 -0.192140 -2.643630
v 2.508377 -0.190840 -2.643555
v 2.507662 -0.189743 -2.643348
v 2.506599 -0.189013 -2.643039
v 2.505348 -0.188762 -2.642676
v 2.504101 -0.189029 -2.642313
v 2.503047 -0.189773 -2.642008
v 2.502346 -0.190880 -2.641804
v 2.502105 -0.192182 -2.641734
v 2.502361 -0.193481 -2.641809
v 2.503076 -0.194579 -2.642016
v 2.505389 -0.195560 -2.642689
v 2.504139 -0.195309 -2.642325
v 2.515170 -0.196427 -2.615455
v 2.511073 -0.187305 -2.615609
v 2.508239 -0.192161 -2.632635
v 2.521510 -0.016574 -2.651395
v 2.521516 -0.061106 -2.651396
v 2.521510 -0.009357 -2.651395
v 2.538143 -0.006074 -2.656598
v 2.504929 -0.006207 -2.646954
v 2.538910 0.007471 -2.656716
v 2.504221 0.007469 -2.646644
v 2.516840 -0.006863 -2.650308
v 2.526318 -0.006824 -2.653060
v 2.538143 -0.057823 -2.656598
v 2.504929 -0.057956 -2.646954
v 2.538145 -0.019855 -2.656599
v 2.504922 -0.019723 -2.646951
v 2.538910 -0.044278 -2.656716
v 2.538910 -0.033398 -2.656716
v 2.504221 -0.033395 -2.646644
v 2.504221 -0.044281 -2.646644
v 2.516840 -0.058613 -2.650308
v 2.526319 -0.058573 -2.653060
v 2.526318 -0.019105 -2.653060
v 2.516840 -0.019059 -2.650308
v 2.521529 0.042392 -2.651401
v 2.521532 0.086931 -2.651401
v 2.521510 0.035180 -2.651395
v 2.538144 0.031896 -2.656598
v 2.504929 0.032030 -2.646954
v 2.538910 0.018352 -2.656716
v 2.504221 0.018354 -2.646644
v 2.516840 0.032686 -2.650308
v 2.526318 0.032646 -2.653060
v 2.538144 0.083645 -2.656598
v 2.504929 0.083779 -2.646954
v 2.538144 0.045678 -2.656598
v 2.504922 0.045546 -2.646951
v 2.538910 0.070101 -2.656716
v 2.538908 0.059221 -2.656715
v 2.504221 0.059218 -2.646644
v 2.504221 0.070104 -2.646644
v 2.516840 0.084436 -2.650308
v 2.526318 0.084396 -2.653060
v 2.526318 0.044929 -2.653060
v 2.516840 0.044882 -2.650308
v 2.507886 -0.224946 -2.639257
v 2.507750 -0.246490 -2.639752
v 2.540879 -0.224949 -2.648832
v 2.540743 -0.246487 -2.649327
v 4.696984 0.759949 -1.709698
v 4.694372 0.750768 -1.699291
v 4.694470 0.769415 -1.719563
v 4.683580 0.750294 -1.698894
v 4.683583 0.769768 -1.720065
v 4.694996 0.762683 -1.712363
v 4.694966 0.757362 -1.706577
v 4.655771 0.759939 -1.709684
v 4.620302 0.759937 -1.709681
v 4.661515 0.759947 -1.709694
v 4.664127 0.750768 -1.699291
v 4.664022 0.769413 -1.719561
v 4.674917 0.750294 -1.698893
v 4.674914 0.769767 -1.720063
v 4.663501 0.762683 -1.712363
v 4.663534 0.757362 -1.706577
v 4.622916 0.750768 -1.699290
v 4.622811 0.769414 -1.719562
v 4.653156 0.750767 -1.699290
v 4.653262 0.769417 -1.719567
v 4.633705 0.750294 -1.698894
v 4.642369 0.750294 -1.698894
v 4.642371 0.769768 -1.720066
v 4.633703 0.769768 -1.720065
v 4.622289 0.762682 -1.712362
v 4.622320 0.757362 -1.706577
v 4.653753 0.757362 -1.706578
v 4.653789 0.762683 -1.712363
v 4.696981 0.783801 -1.735571
v 4.694370 0.774621 -1.725169
v 4.694471 0.793269 -1.745442
v 4.683582 0.774147 -1.724771
v 4.683583 0.793620 -1.745941
v 4.694997 0.786536 -1.738240
v 4.694965 0.781215 -1.732455
v 4.655771 0.783793 -1.735563
v 4.620301 0.783791 -1.735560
v 4.661515 0.783802 -1.735575
v 4.664129 0.774620 -1.725168
v 4.664026 0.793268 -1.745440
v 4.674916 0.774147 -1.724771
v 4.674915 0.793621 -1.745943
v 4.663500 0.786537 -1.738240
v 4.663532 0.781216 -1.732456
v 4.622914 0.774621 -1.725168
v 4.622813 0.793268 -1.745441
v 4.653156 0.774620 -1.725167
v 4.653262 0.793269 -1.745444
v 4.633703 0.774148 -1.724771
v 4.642368 0.774148 -1.724772
v 4.642371 0.793621 -1.745942
v 4.633702 0.793620 -1.745942
v 4.622287 0.786537 -1.738240
v 4.622319 0.781216 -1.732455
v 4.653751 0.781215 -1.732455
v 4.653786 0.786537 -1.738241
v 4.568969 0.756241 -1.706471
v 4.574425 0.757537 -1.707891
v 4.573431 0.754325 -1.704287
v 4.573352 0.741142 -1.725632
v 4.573173 0.735427 -1.721090
v 4.568418 0.747407 -1.715723
v 4.571226 0.752155 -1.706784
v 4.572221 0.752025 -1.706644
v 4.570381 0.752536 -1.707190
v 4.569812 0.753110 -1.707802
v 4.569608 0.753789 -1.708526
v 4.569799 0.754469 -1.709253
v 4.570357 0.755048 -1.709869
v 4.571196 0.755436 -1.710284
v 4.572188 0.755576 -1.710433
v 4.573183 0.755445 -1.710294
v 4.574029 0.755064 -1.709886
v 4.574598 0.754490 -1.709275
v 4.574801 0.753811 -1.708550
v 4.574610 0.753131 -1.707825
v 4.574052 0.752553 -1.707207
v 4.573213 0.752164 -1.706793
v 4.572221 0.752025 -1.706644
v 4.573213 0.752164 -1.706793
v 4.574052 0.752553 -1.707207
v 4.574610 0.753131 -1.707825
v 4.574801 0.753811 -1.708550
v 4.574598 0.754490 -1.709275
v 4.574029 0.755064 -1.709886
v 4.573183 0.755445 -1.710294
v 4.572188 0.755576 -1.710433
v 4.571196 0.755436 -1.710284
v 4.570357 0.755048 -1.709869
v 4.569799 0.754469 -1.709253
v 4.569608 0.753789 -1.708526
v 4.569812 0.753110 -1.707802
v 4.570381 0.752536 -1.707190
v 4.571226 0.752155 -1.706784
v 4.569164 0.747235 -1.714110
v 4.573298 0.749360 -1.716377
v 4.574332 0.746088 -1.712886
v 4.562420 0.757651 -1.708338
v 4.570301 0.749188 -1.699303
v 4.563562 0.752334 -1.702660
v 4.566555 0.761184 -1.713044
v 4.573657 0.762811 -1.713839
v 4.580544 0.759815 -1.710647
v 4.581735 0.753097 -1.703468
v 4.576054 0.749148 -1.700384
v 4.563256 0.751519 -1.702604
v 4.581476 0.751914 -1.703023
v 4.580976 0.759656 -1.711340
v 4.562705 0.759266 -1.710832
v 4.597053 0.755040 -1.705063
v 4.599257 0.758535 -1.708760
v 4.602823 0.756269 -1.706750
v 4.597933 0.735633 -1.721724
v 4.598553 0.749349 -1.715974
v 4.602786 0.739217 -1.724403
v 4.598669 0.752156 -1.706783
v 4.599664 0.752025 -1.706643
v 4.597823 0.752537 -1.707190
v 4.597254 0.753111 -1.707802
v 4.597050 0.753789 -1.708527
v 4.597242 0.754470 -1.709252
v 4.597799 0.755048 -1.709870
v 4.598638 0.755437 -1.710284
v 4.599631 0.755576 -1.710433
v 4.600626 0.755445 -1.710294
v 4.601472 0.755064 -1.709886
v 4.602040 0.754490 -1.709275
v 4.602244 0.753812 -1.708551
v 4.602052 0.753131 -1.707825
v 4.601494 0.752553 -1.707207
v 4.600656 0.752164 -1.706792
v 4.599664 0.752025 -1.706643
v 4.600656 0.752164 -1.706792
v 4.601494 0.752553 -1.707207
v 4.602052 0.753131 -1.707825
v 4.602244 0.753812 -1.708551
v 4.602040 0.754490 -1.709275
v 4.601472 0.755064 -1.709886
v 4.600626 0.755445 -1.710294
v 4.599631 0.755576 -1.710433
v 4.598638 0.755437 -1.710284
v 4.597799 0.755048 -1.709870
v 4.597242 0.754470 -1.709252
v 4.597050 0.753789 -1.708527
v 4.597254 0.753111 -1.707802
v 4.597823 0.752537 -1.707190
v 4.598669 0.752156 -1.706783
v 4.596869 0.746859 -1.713709
v 4.599811 0.749534 -1.716563
v 4.602096 0.746260 -1.713069
v 4.594104 0.749712 -1.700840
v 4.602839 0.749163 -1.699269
v 4.589315 0.755839 -1.706397
v 4.593585 0.761504 -1.712449
v 4.603833 0.762469 -1.713473
v 4.610020 0.755732 -1.706286
v 4.590649 0.751554 -1.702690
v 4.608841 0.751855 -1.702921
v 4.603715 0.759999 -1.712122
v 4.590926 0.759399 -1.710848
v 2.848292 0.677494 -1.621463
v 2.848736 0.673931 -1.617677
v 2.844160 0.674722 -1.618556
v 2.843759 0.656343 -1.635942
v 2.850253 0.660085 -1.638176
v 2.846789 0.667688 -1.627372
v 2.844551 0.668621 -1.623649
v 2.847547 0.672957 -1.626419
v 2.849688 0.669275 -1.624426
v 2.839720 0.670040 -1.614261
v 2.848858 0.667985 -1.613117
v 2.836976 0.677090 -1.621313
v 2.841177 0.680854 -1.625988
v 2.848145 0.682491 -1.626719
v 2.854944 0.679704 -1.623930
v 2.856357 0.672461 -1.616679
v 2.837830 0.670894 -1.615950
v 2.856022 0.671202 -1.616171
v 2.855769 0.679156 -1.624171
v 2.837516 0.679000 -1.624020
v 5.076154 0.586396 -2.454041
v 5.091600 0.567542 -2.500650
v 5.215025 0.573138 -2.470242
v 5.224656 0.570055 -2.477339
v 5.209924 0.524600 -2.458308
v 5.225415 0.522485 -2.454902
v 5.218425 0.549624 -2.466640
v 5.213456 0.565620 -2.470973
v 5.213062 0.564857 -2.472876
v 5.214605 0.566269 -2.469355
v 5.216334 0.566705 -2.468266
v 5.218381 0.566861 -2.467877
v 5.220431 0.566715 -2.468243
v 5.222174 0.566287 -2.469310
v 5.223346 0.565643 -2.470913
v 5.223766 0.564883 -2.472812
v 5.223371 0.564118 -2.474716
v 5.222222 0.563470 -2.476334
v 5.220494 0.563033 -2.477422
v 5.218447 0.562876 -2.477811
v 5.216397 0.563024 -2.477445
v 5.214653 0.563452 -2.476377
v 5.213482 0.564095 -2.474773
v 5.213062 0.564857 -2.472876
v 5.213482 0.564095 -2.474773
v 5.214653 0.563452 -2.476377
v 5.216397 0.563024 -2.477445
v 5.218447 0.562876 -2.477811
v 5.220494 0.563033 -2.477422
v 5.222222 0.563470 -2.476334
v 5.223371 0.564118 -2.474716
v 5.223766 0.564883 -2.472812
v 5.223346 0.565643 -2.470913
v 5.222174 0.566287 -2.469310
v 5.220431 0.566715 -2.468243
v 5.218381 0.566861 -2.467877
v 5.216334 0.566705 -2.468266
v 5.214605 0.566269 -2.469355
v 5.213456 0.565620 -2.470973
v 5.211892 0.548239 -2.466679
v 5.222937 0.549922 -2.462493
v 5.221628 0.546646 -2.470648
v 5.234148 0.575763 -2.461998
v 5.196749 0.572304 -2.470696
v 5.218272 0.577793 -2.455111
v 5.238803 0.569045 -2.478743
v 5.227802 0.563460 -2.492686
v 5.209645 0.563265 -2.493160
v 5.214683 0.569247 -2.479821
v 5.159039 0.572191 -2.473069
v 5.184273 0.570857 -2.476705
v 5.168114 0.563658 -2.466849
v 5.173152 0.525652 -2.455427
v 5.158165 0.521446 -2.456491
v 5.164731 0.549624 -2.466639
v 5.159763 0.565620 -2.470973
v 5.159368 0.564857 -2.472876
v 5.160912 0.566269 -2.469354
v 5.162641 0.566705 -2.468266
v 5.164687 0.566861 -2.467877
v 5.166737 0.566715 -2.468243
v 5.168480 0.566287 -2.469310
v 5.169652 0.565643 -2.470914
v 5.170073 0.564883 -2.472812
v 5.169678 0.564118 -2.474716
v 5.168529 0.563470 -2.476335
v 5.166799 0.563033 -2.477421
v 5.164754 0.562876 -2.477811
v 5.162704 0.563024 -2.477444
v 5.160960 0.563452 -2.476378
v 5.159788 0.564095 -2.474774
v 5.159368 0.564857 -2.472876
v 5.159788 0.564095 -2.474774
v 5.160960 0.563452 -2.476378
v 5.162704 0.563024 -2.477444
v 5.164754 0.562876 -2.477811
v 5.166799 0.563033 -2.477421
v 5.168529 0.563470 -2.476335
v 5.169678 0.564118 -2.474716
v 5.170073 0.564883 -2.472812
v 5.169652 0.565643 -2.470914
v 5.168480 0.566287 -2.469310
v 5.166737 0.566715 -2.468243
v 5.164687 0.566861 -2.467877
v 5.162641 0.566705 -2.468266
v 5.160912 0.566269 -2.469354
v 5.159763 0.565620 -2.470973
v 5.158996 0.547667 -2.468105
v 5.163566 0.550502 -2.461035
v 5.170712 0.547511 -2.468506
v 5.180453 0.575768 -2.462001
v 5.149518 0.576098 -2.461181
v 5.145047 0.567422 -2.482827
v 5.168643 0.576912 -2.455726
v 5.185111 0.569044 -2.478742
v 5.174109 0.563463 -2.492684
v 5.160801 0.561682 -2.493532
v 5.165524 0.568536 -2.481280
v 5.153826 0.562244 -2.492867
v 5.152292 0.576115 -2.457689
v 5.175703 0.576338 -2.458134
v 5.178522 0.565662 -2.482322
v 5.204934 0.565580 -2.482632
v 5.204450 0.575401 -2.460148
v 5.229398 0.576338 -2.458134
v 5.232216 0.565662 -2.482322
v 5.023062 0.570647 -2.474765
v 4.961610 0.570641 -2.474770
v 4.966139 0.562153 -2.497263
v 4.965959 0.579924 -2.452966
v 5.018538 0.562147 -2.497265
v 5.018721 0.579920 -2.452957
v 4.984833 0.561629 -2.498197
v 4.999846 0.561629 -2.498197
v 4.999850 0.580183 -2.451933
v 4.984830 0.580183 -2.451934
v 4.965051 0.573436 -2.468766
v 4.965106 0.568361 -2.481405
v 5.019572 0.568360 -2.481405
v 5.019634 0.573431 -2.468764
v 4.608441 0.569014 -2.479839
v 4.599591 0.566655 -2.469001
v 4.584791 0.566840 -2.494612
v 4.618631 0.568723 -2.490798
v 4.621042 0.579121 -2.464294
v 4.579535 0.575890 -2.468991
v 4.602069 0.578076 -2.459184
v 4.691809 0.582981 -2.447726
v 4.689175 0.570310 -2.480779
v 4.691795 0.571041 -2.477321
v 4.689178 0.558375 -2.510379
v 4.722945 0.558376 -2.510377
v 4.725573 0.571039 -2.477323
v 4.658929 0.582981 -2.447724
v 4.656300 0.570309 -2.480779
v 4.714601 0.577980 -2.457959
v 4.736394 0.572641 -2.475167
v 4.755822 0.558375 -2.510376
v 4.758447 0.571040 -2.477317
v 4.658920 0.571040 -2.477315
v 4.656299 0.558374 -2.510377
v 4.755824 0.570309 -2.480777
v 4.758456 0.582981 -2.447722
v 4.828683 0.580605 -2.450699
v 4.827881 0.559090 -2.503841
v 4.796694 0.580604 -2.450700
v 4.795888 0.559090 -2.503840
v 4.895633 0.580604 -2.450699
v 4.894832 0.559091 -2.503839
v 4.863645 0.580606 -2.450698
v 4.862836 0.559091 -2.503840
v 5.076154 -0.586396 -2.454041
v 5.091600 -0.567542 -2.500650
v 5.215025 -0.573138 -2.470242
v 5.224656 -0.570055 -2.477339
v 5.214683 -0.569247 -2.479821
v 5.209924 -0.524600 -2.458308
v 5.218425 -0.549624 -2.466640
v 5.225415 -0.522485 -2.454902
v 5.213456 -0.565615 -2.470973
v 5.213062 -0.564852 -2.472876
v 5.214605 -0.566264 -2.469355
v 5.216334 -0.566700 -2.468266
v 5.218381 -0.566856 -2.467877
v 5.220431 -0.566710 -2.468242
v 5.222174 -0.566282 -2.469310
v 5.223346 -0.565638 -2.470913
v 5.223767 -0.564877 -2.472812
v 5.223371 -0.564113 -2.474716
v 5.222222 -0.563464 -2.476334
v 5.220494 -0.563028 -2.477422
v 5.218448 -0.562871 -2.477811
v 5.216397 -0.563018 -2.477445
v 5.214653 -0.563447 -2.476377
v 5.213482 -0.564090 -2.474773
v 5.213062 -0.564852 -2.472876
v 5.213482 -0.564090 -2.474773
v 5.214653 -0.563447 -2.476377
v 5.216397 -0.563018 -2.477445
v 5.218448 -0.562871 -2.477811
v 5.220494 -0.563028 -2.477422
v 5.222222 -0.563464 -2.476334
v 5.223371 -0.564113 -2.474716
v 5.223767 -0.564877 -2.472812
v 5.223346 -0.565638 -2.470913
v 5.222174 -0.566282 -2.469310
v 5.220431 -0.566710 -2.468242
v 5.218381 -0.566856 -2.467877
v 5.216334 -0.566700 -2.468266
v 5.214605 -0.566264 -2.469355
v 5.213456 -0.565615 -2.470973
v 5.211892 -0.548239 -2.466679
v 5.222937 -0.549922 -2.462493
v 5.221628 -0.546646 -2.470648
v 5.209645 -0.563265 -2.493160
v 5.196749 -0.572304 -2.470696
v 5.218272 -0.577793 -2.455111
v 5.234148 -0.575763 -2.461998
v 5.238803 -0.569045 -2.478743
v 5.227802 -0.563460 -2.492686
v 5.159039 -0.572191 -2.473069
v 5.168114 -0.563658 -2.466849
v 5.165524 -0.568536 -2.481280
v 5.173152 -0.525652 -2.455427
v 5.158165 -0.521446 -2.456491
v 5.164731 -0.549624 -2.466639
v 5.159763 -0.565614 -2.470973
v 5.159368 -0.564852 -2.472876
v 5.160912 -0.566264 -2.469354
v 5.162641 -0.566700 -2.468265
v 5.164687 -0.566856 -2.467877
v 5.166738 -0.566710 -2.468242
v 5.168480 -0.566282 -2.469310
v 5.169652 -0.565638 -2.470914
v 5.170073 -0.564877 -2.472812
v 5.169678 -0.564113 -2.474716
v 5.168529 -0.563464 -2.476335
v 5.166800 -0.563028 -2.477421
v 5.164754 -0.562871 -2.477811
v 5.162704 -0.563018 -2.477444
v 5.160960 -0.563447 -2.476378
v 5.159789 -0.564090 -2.474774
v 5.159368 -0.564852 -2.472876
v 5.159789 -0.564090 -2.474774
v 5.160960 -0.563447 -2.476378
v 5.162704 -0.563018 -2.477444
v 5.164754 -0.562871 -2.477811
v 5.166800 -0.563028 -2.477421
v 5.168529 -0.563464 -2.476335
v 5.169678 -0.564113 -2.474716
v 5.170073 -0.564877 -2.472812
v 5.169652 -0.565638 -2.470914
v 5.168480 -0.566282 -2.469310
v 5.166738 -0.566710 -2.468242
v 5.164687 -0.566856 -2.467877
v 5.162641 -0.566700 -2.468265
v 5.160912 -0.566264 -2.469354
v 5.159763 -0.565614 -2.470973
v 5.158996 -0.547667 -2.468105
v 5.163566 -0.550502 -2.461035
v 5.170712 -0.547511 -2.468506
v 5.149518 -0.576098 -2.461181
v 5.145047 -0.567422 -2.482827
v 5.168643 -0.576912 -2.455726
v 5.180453 -0.575768 -2.462001
v 5.185111 -0.569044 -2.478742
v 5.174109 -0.563463 -2.492684
v 5.160801 -0.561682 -2.493532
v 5.178522 -0.565662 -2.482322
v 5.153826 -0.562244 -2.492867
v 5.175703 -0.576338 -2.458134
v 5.152292 -0.576115 -2.457689
v 5.232216 -0.565662 -2.482322
v 5.204450 -0.575401 -2.460148
v 5.204934 -0.565580 -2.482632
v 5.229398 -0.576338 -2.458134
v 5.023062 -0.570647 -2.474765
v 4.961610 -0.570641 -2.474770
v 4.966139 -0.562153 -2.497263
v 4.965959 -0.579924 -2.452966
v 5.018538 -0.562147 -2.497265
v 5.018721 -0.579920 -2.452957
v 4.984833 -0.561629 -2.498197
v 4.999846 -0.561629 -2.498197
v 4.999850 -0.580183 -2.451933
v 4.984830 -0.580183 -2.451934
v 4.965051 -0.573436 -2.468766
v 4.965106 -0.568361 -2.481405
v 5.019572 -0.568360 -2.481405
v 5.019634 -0.573431 -2.468764
v 4.608441 -0.569014 -2.479839
v 4.599591 -0.566655 -2.469001
v 4.584791 -0.566840 -2.494612
v 4.618631 -0.568723 -2.490798
v 4.621042 -0.579121 -2.464294
v 4.579535 -0.575890 -2.468991
v 4.691809 -0.582981 -2.447726
v 4.689175 -0.570310 -2.480779
v 4.691795 -0.571041 -2.477321
v 4.689178 -0.558375 -2.510379
v 4.722945 -0.558376 -2.510377
v 4.725573 -0.571039 -2.477323
v 4.658929 -0.582981 -2.447724
v 4.656300 -0.570309 -2.480779
v 4.736394 -0.572641 -2.475167
v 4.732794 -0.583848 -2.447394
v 4.714601 -0.577980 -2.457959
v 4.755822 -0.558375 -2.510376
v 4.758447 -0.571040 -2.477317
v 4.658920 -0.571040 -2.477315
v 4.656299 -0.558374 -2.510377
v 4.755824 -0.570309 -2.480777
v 4.758456 -0.582981 -2.447722
v 4.828683 -0.580605 -2.450699
v 4.827881 -0.559090 -2.503841
v 4.796694 -0.580604 -2.450700
v 4.795888 -0.559090 -2.503840
v 4.895633 -0.580604 -2.450699
v 4.894832 -0.559091 -2.503839
v 4.863645 -0.580606 -2.450698
v 4.862836 -0.559091 -2.503840
v 5.387742 -0.625248 -2.099703
v 5.388058 -0.622354 -2.084334
v 5.388059 -0.622469 -2.114840
v 5.387969 -0.610406 -2.083656
v 5.387970 -0.610409 -2.115515
v 5.387970 -0.623049 -2.103924
v 5.387969 -0.623015 -2.095220
v 5.387742 -0.579605 -2.099685
v 5.387742 -0.540320 -2.099680
v 5.387742 -0.585966 -2.099702
v 5.388058 -0.588861 -2.084334
v 5.388059 -0.588746 -2.114841
v 5.387969 -0.600809 -2.083656
v 5.387970 -0.600806 -2.115514
v 5.387970 -0.588166 -2.103924
v 5.387969 -0.588200 -2.095220
v 5.388058 -0.543216 -2.084334
v 5.388059 -0.543101 -2.114840
v 5.388058 -0.576706 -2.084333
v 5.388058 -0.576823 -2.114845
v 5.387969 -0.555164 -2.083656
v 5.387969 -0.564761 -2.083656
v 5.387970 -0.564764 -2.115514
v 5.387970 -0.555161 -2.115514
v 5.387970 -0.542521 -2.103924
v 5.387969 -0.542555 -2.095220
v 5.387969 -0.577368 -2.095220
v 5.387969 -0.577410 -2.103926
v 5.394655 -0.636879 -2.102099
v 5.394493 -0.529410 -2.094880
v 2.512418 0.137616 -2.658733
v 2.542666 0.157689 -2.657023
v 2.503930 0.355421 -2.652557
v 2.539327 0.348927 -2.661036
v 4.496402 0.732375 -1.559061
v 4.544942 0.732272 -1.561235
v 4.498290 0.732374 -1.558979
v 4.449753 0.732274 -1.561419
v 4.496403 0.732376 -1.640221
v 4.544942 0.732272 -1.642401
v 4.498291 0.732374 -1.640150
v 4.449753 0.732273 -1.642583
v 4.496401 0.732377 -1.613226
v 4.544943 0.732273 -1.615402
v 4.498291 0.732375 -1.613147
v 4.449753 0.732275 -1.615586
v 4.496403 0.732376 -1.586056
v 4.544941 0.732272 -1.588235
v 4.498291 0.732375 -1.585978
v 4.449753 0.732275 -1.588415
v 4.378892 0.732377 -1.559061
v 4.427433 0.732272 -1.561235
v 4.380782 0.732376 -1.558982
v 4.332242 0.732274 -1.561418
v 4.380781 0.732375 -1.640147
v 4.332243 0.732274 -1.642584
v 4.378893 0.732376 -1.613221
v 4.427433 0.732272 -1.615402
v 4.380782 0.732374 -1.613148
v 4.332243 0.732273 -1.615582
v 4.378891 0.732377 -1.586059
v 4.427432 0.732272 -1.588235
v 4.380780 0.732374 -1.585980
v 4.332244 0.732273 -1.588421
v 2.532754 0.657887 -1.483969
v 2.575098 0.657791 -1.486028
v 2.534398 0.657881 -1.483968
v 2.492056 0.657796 -1.486031
v 2.532754 0.657886 -1.554785
v 2.575098 0.657793 -1.556840
v 2.534397 0.657880 -1.554780
v 2.492054 0.657798 -1.556843
v 2.532754 0.657887 -1.531226
v 2.575097 0.657791 -1.533287
v 2.534397 0.657881 -1.531225
v 2.492054 0.657797 -1.533287
v 2.532755 0.657886 -1.507525
v 2.575098 0.657792 -1.509583
v 2.534397 0.657881 -1.507523
v 2.492055 0.657797 -1.509589
v 2.430232 0.657886 -1.483968
v 2.472575 0.657792 -1.486026
v 2.431875 0.657881 -1.483965
v 2.389531 0.657797 -1.486030
v 2.431875 0.657881 -1.554781
v 2.389532 0.657798 -1.556842
v 2.430232 0.657887 -1.531228
v 2.472575 0.657793 -1.533283
v 2.431875 0.657881 -1.531226
v 2.389533 0.657797 -1.533290
v 2.430232 0.657886 -1.507524
v 2.472574 0.657792 -1.509584
v 2.431875 0.657881 -1.507521
v 2.389531 0.657797 -1.509584
v 2.532754 -0.657887 -1.483969
v 2.575098 -0.657791 -1.486028
v 2.534398 -0.657881 -1.483968
v 2.492056 -0.657796 -1.486031
v 2.532754 -0.657886 -1.554785
v 2.575098 -0.657793 -1.556840
v 2.534397 -0.657880 -1.554780
v 2.492054 -0.657798 -1.556843
v 2.532754 -0.657887 -1.531226
v 2.575097 -0.657791 -1.533287
v 2.534397 -0.657881 -1.531225
v 2.492054 -0.657797 -1.533287
v 2.532755 -0.657886 -1.507525
v 2.575098 -0.657792 -1.509583
v 2.534397 -0.657881 -1.507523
v 2.492055 -0.657797 -1.509589
v 2.430232 -0.657886 -1.483968
v 2.472575 -0.657792 -1.486026
v 2.431875 -0.657881 -1.483965
v 2.389531 -0.657797 -1.486030
v 2.431875 -0.657881 -1.554781
v 2.389532 -0.657798 -1.556842
v 2.430232 -0.657887 -1.531228
v 2.472575 -0.657793 -1.533283
v 2.431875 -0.657881 -1.531226
v 2.389533 -0.657797 -1.533290
v 2.430232 -0.657886 -1.507524
v 2.472574 -0.657792 -1.509584
v 2.431875 -0.657881 -1.507521
v 2.389531 -0.657797 -1.509584
v 2.863883 0.711180 -1.672173
v 2.893981 0.661188 -1.606274
v 2.592390 0.683655 -1.644008
v 2.881223 0.715862 -1.670022
v 2.881380 0.716934 -1.673235
v 2.799540 0.693978 -1.637020
v 2.799304 0.710153 -1.653641
v 2.800014 0.667059 -1.609720
v 2.799046 0.677247 -1.619803
v 2.800011 0.676062 -1.618947
v 2.799046 0.686251 -1.629031
v 2.800015 0.685480 -1.628605
v 2.799044 0.695668 -1.638688
v 2.786720 0.676063 -1.618945
v 2.785753 0.686251 -1.629030
v 2.786724 0.667061 -1.609719
v 2.785755 0.677248 -1.619805
v 2.786723 0.685478 -1.628600
v 2.785751 0.695666 -1.638686
v 2.786616 0.693978 -1.637022
v 2.786384 0.710150 -1.653642
v 2.826583 0.693978 -1.637023
v 2.826344 0.710149 -1.653643
v 2.827057 0.667061 -1.609719
v 2.826090 0.677246 -1.619805
v 2.827058 0.676062 -1.618948
v 2.826089 0.686249 -1.629032
v 2.827056 0.709237 -1.652959
v 2.826092 0.719421 -1.663045
v 2.827056 0.685475 -1.628598
v 2.826088 0.695666 -1.638689
v 2.813763 0.676065 -1.618946
v 2.812796 0.686250 -1.629030
v 2.813768 0.667061 -1.609720
v 2.812798 0.677248 -1.619804
v 2.813761 0.709238 -1.652961
v 2.812793 0.719424 -1.663041
v 2.813767 0.685479 -1.628598
v 2.812796 0.695666 -1.638687
v 2.813658 0.693978 -1.637022
v 2.813421 0.710148 -1.653643
v 2.853262 0.693979 -1.637020
v 2.853028 0.710150 -1.653641
v 2.853738 0.709237 -1.652960
v 2.852765 0.719423 -1.663041
v 2.853739 0.685479 -1.628599
v 2.852770 0.695666 -1.638688
v 2.840448 0.709239 -1.652961
v 2.839478 0.719423 -1.663046
v 2.840445 0.685478 -1.628604
v 2.839474 0.695666 -1.638690
v 2.840341 0.693977 -1.637020
v 2.840106 0.710151 -1.653638
v 2.880306 0.693977 -1.637020
v 2.880068 0.710150 -1.653639
v 2.880780 0.667060 -1.609717
v 2.879810 0.677247 -1.619803
v 2.880779 0.676062 -1.618947
v 2.879811 0.686251 -1.629030
v 2.880782 0.709239 -1.652959
v 2.879810 0.719425 -1.663040
v 2.880780 0.685477 -1.628601
v 2.879810 0.695664 -1.638688
v 2.867487 0.676065 -1.618948
v 2.866518 0.686250 -1.629027
v 2.867490 0.667063 -1.609720
v 2.866520 0.677248 -1.619805
v 2.867488 0.709242 -1.652963
v 2.866517 0.719425 -1.663041
v 2.867488 0.685477 -1.628598
v 2.866520 0.695666 -1.638689
v 2.867383 0.693978 -1.637022
v 2.867148 0.710151 -1.653640
v 3.043684 0.697724 -1.629074
v 3.064840 0.699358 -1.629907
v 3.062996 0.713774 -1.645516
v 3.041847 0.715423 -1.646353
v 3.062924 0.682140 -1.613123
v 3.041773 0.683789 -1.613960
v 3.043684 -0.697724 -1.629074
v 3.064840 -0.699358 -1.629907
v 3.062996 -0.713774 -1.645516
v 3.041847 -0.715423 -1.646353
v 3.062924 -0.682140 -1.613123
v 3.041773 -0.683789 -1.613960
v 3.340409 0.497125 -1.445796
v 3.364044 0.498889 -1.445135
v 3.338566 0.495414 -1.445155
v 3.317618 0.500509 -1.445742
v 3.185217 0.503082 -1.452118
v 3.206404 0.504516 -1.451750
v 3.185216 0.522732 -1.452118
v 3.206404 0.524166 -1.451750
v 3.206019 0.556132 -1.452119
v 3.227153 0.554564 -1.451748
v 3.206019 0.511991 -1.452119
v 3.227153 0.510422 -1.451748
v 3.234831 0.530175 -1.450902
v 3.213883 0.535270 -1.451491
v 3.316420 0.562178 -1.452117
v 3.337557 0.560610 -1.451748
v 3.296259 0.562174 -1.452119
v 3.317395 0.560607 -1.451748
v 3.296259 0.542545 -1.452119
v 3.317395 0.540978 -1.451748
v 3.316420 0.542548 -1.452117
v 3.337557 0.540981 -1.451748
v 3.338087 0.561054 -1.452120
v 3.359276 0.562490 -1.451750
v 3.338087 0.541424 -1.452120
v 3.359276 0.542861 -1.451749
v 3.253724 0.562173 -1.452118
v 3.274860 0.560609 -1.451748
v 3.233563 0.562182 -1.452120
v 3.254696 0.560608 -1.451748
v 3.233564 0.542553 -1.452120
v 3.254696 0.540979 -1.451748
v 3.253724 0.542543 -1.452118
v 3.274860 0.540980 -1.451748
v 3.233563 0.523859 -1.452120
v 3.254696 0.522286 -1.451748
v 3.253724 0.523850 -1.452118
v 3.274859 0.522286 -1.451748
v 3.233563 0.504209 -1.452120
v 3.254696 0.502636 -1.451748
v 3.253724 0.504200 -1.452118
v 3.274860 0.502636 -1.451748
v 3.275390 0.561057 -1.452117
v 3.296577 0.562489 -1.451753
v 3.275390 0.503084 -1.452117
v 3.296577 0.504516 -1.451753
v 3.275390 0.522734 -1.452117
v 3.296577 0.524166 -1.451753
v 3.275390 0.541427 -1.452117
v 3.296577 0.542860 -1.451753
v 3.195388 0.552425 -1.452236
v 3.190678 0.549195 -1.452209
v 3.191259 0.554512 -1.452410
v 3.195674 0.551699 -1.464014
v 3.189656 0.549341 -1.477531
v 3.193546 0.554880 -1.477026
v 3.193882 0.554319 -1.460957
v 3.189533 0.552416 -1.459393
v 3.193323 0.548756 -1.458925
v 3.192161 0.541233 -1.452533
v 3.181950 0.549526 -1.452519
v 3.202988 0.549294 -1.452522
v 3.187925 0.560796 -1.452533
v 3.196731 0.561043 -1.452537
v 3.158566 0.510669 -1.452152
v 3.158758 0.516167 -1.452531
v 3.162908 0.512207 -1.452190
v 3.164064 0.512550 -1.476646
v 3.156352 0.513787 -1.477358
v 3.160043 0.513148 -1.463468
v 3.162826 0.513850 -1.459784
v 3.159180 0.510223 -1.459454
v 3.158400 0.515744 -1.460176
v 3.169803 0.515798 -1.452538
v 3.167648 0.506081 -1.452532
v 3.158142 0.503298 -1.452536
v 3.151406 0.507896 -1.452534
v 3.151201 0.519019 -1.452024
v 3.162410 0.523436 -1.452531
v 3.166162 0.504240 -1.453091
v 3.165587 0.522461 -1.453089
v 3.154421 0.522131 -1.453094
v 3.157802 0.552489 -1.452367
v 3.162462 0.554090 -1.452321
v 3.162729 0.549073 -1.452202
v 3.164206 0.551440 -1.477663
v 3.157959 0.551348 -1.478142
v 3.160841 0.551505 -1.463468
v 3.160293 0.548643 -1.459307
v 3.163733 0.550981 -1.460262
v 3.159193 0.554191 -1.459785
v 3.154637 0.503880 -1.453098
v 3.165612 0.560831 -1.452535
v 3.168221 0.544262 -1.452534
v 3.170712 0.553573 -1.453179
v 3.155010 0.542544 -1.452518
v 3.150817 0.553000 -1.452534
v 3.155551 0.560186 -1.452534
v 3.166299 0.560875 -1.453089
v 3.155349 0.542294 -1.453098
v 3.166874 0.542655 -1.453091
v 3.155133 0.560545 -1.453094
v 3.197929 0.560968 -1.453089
v 3.186979 0.542388 -1.453097
v 3.198504 0.542747 -1.453091
v 3.186762 0.560638 -1.453094
v 3.069800 0.537642 -1.444908
v 3.067900 0.533412 -1.444960
v 3.073622 0.533460 -1.445086
v 3.073037 0.532349 -1.470431
v 3.069432 0.538060 -1.469720
v 3.067965 0.534809 -1.456536
v 3.068238 0.533903 -1.452499
v 3.071586 0.537587 -1.452499
v 3.073262 0.533032 -1.452499
v 3.073207 0.524976 -1.445251
v 3.063492 0.527129 -1.445247
v 3.060748 0.537100 -1.445247
v 3.065074 0.543106 -1.445264
v 3.076432 0.543735 -1.445231
v 3.080352 0.531181 -1.445249
v 3.030526 0.564555 -1.444924
v 3.031536 0.570318 -1.445158
v 3.035197 0.566637 -1.444943
v 3.029383 0.570012 -1.469456
v 3.034780 0.564515 -1.470040
v 3.032142 0.567164 -1.456182
v 3.032254 0.570170 -1.452021
v 3.030052 0.565052 -1.453215
v 3.034944 0.566001 -1.452108
v 3.025354 0.559543 -1.445253
v 3.034234 0.557190 -1.445247
v 3.021837 0.567478 -1.445253
v 3.026535 0.575496 -1.445890
v 3.033637 0.577188 -1.445248
v 3.041375 0.571711 -1.445250
v 3.041745 0.563271 -1.445575
v 3.023236 0.560332 -1.445806
v 3.041455 0.560908 -1.445804
v 3.041125 0.572074 -1.445809
v 3.071590 0.563606 -1.445043
v 3.067610 0.566808 -1.445062
v 3.072886 0.568150 -1.444883
v 3.069321 0.562775 -1.469839
v 3.071896 0.569848 -1.469967
v 3.070500 0.566366 -1.456182
v 3.069005 0.568791 -1.452830
v 3.068926 0.563693 -1.452499
v 3.073292 0.565238 -1.452108
v 3.022874 0.571857 -1.445813
v 3.067883 0.555904 -1.445240
v 3.060213 0.566292 -1.445639
v 3.068172 0.576885 -1.445239
v 3.080092 0.570386 -1.445246
v 3.078735 0.560397 -1.445251
v 3.079869 0.560908 -1.445804
v 3.061832 0.572476 -1.445836
v 3.080117 0.571439 -1.445772
v 3.061648 0.560332 -1.445805
v 3.079886 0.529163 -1.445777
v 3.061382 0.540227 -1.445812
v 3.061695 0.528789 -1.445839
v 3.079632 0.540444 -1.445809
v 2.527553 0.570305 -1.445238
v 2.579901 0.572202 -1.445331
v 2.529201 0.570234 -1.445240
v 2.476854 0.572363 -1.445329
v 2.625666 0.572236 -1.444956
v 2.630374 0.572505 -1.445001
v 2.627545 0.568869 -1.445005
v 2.632481 0.572099 -1.456469
v 2.624146 0.571570 -1.454790
v 2.627256 0.571075 -1.466752
v 2.625602 0.570867 -1.451203
v 2.629707 0.569563 -1.451795
v 2.628818 0.573634 -1.450611
v 2.636413 0.570859 -1.445213
v 2.632322 0.564180 -1.445216
v 2.625898 0.563239 -1.445217
v 2.621066 0.566656 -1.445745
v 2.619899 0.574257 -1.445215
v 2.626266 0.579557 -1.445213
v 2.633943 0.577388 -1.445484
v 2.603535 0.569277 -1.445073
v 2.599363 0.570737 -1.444931
v 2.603390 0.573319 -1.445024
v 2.602578 0.568330 -1.465418
v 2.602449 0.574512 -1.465347
v 2.599242 0.570554 -1.455035
v 2.603928 0.572655 -1.451914
v 2.601253 0.568829 -1.451203
v 2.600417 0.573437 -1.450492
v 2.609615 0.563584 -1.445196
v 2.595573 0.561783 -1.445198
v 2.608774 0.566698 -1.445746
v 2.609819 0.574089 -1.445215
v 2.601882 0.562742 -1.445537
v 2.594942 0.566610 -1.445720
v 2.594388 0.576091 -1.445199
v 2.604748 0.579311 -1.445218
v 2.606331 0.578978 -1.445673
v 2.597286 0.563630 -1.445681
v 2.606806 0.563928 -1.445674
v 2.597107 0.578707 -1.445677
v 2.632553 0.578994 -1.445650
v 2.620625 0.574138 -1.445694
v 2.623106 0.566789 -1.446006
v 2.632862 0.563966 -1.445702
v 4.076815 -0.150956 -1.520575
v 4.047609 0.162487 -1.849767
v 4.046819 -0.098328 -1.878989
v 3.761667 -0.151141 -1.491163
v 3.761666 0.028322 -1.933891
v 3.761666 0.020637 -1.917778
v 3.761667 0.446557 -1.839797
v 3.761666 0.756975 -1.832102
v 3.761665 0.713087 -1.849098
v 3.761666 0.453095 -1.829378
v 4.307129 0.796198 -1.473150
v 4.080686 0.448113 -1.834010
v 4.240304 0.719836 -1.878396
v 4.524916 0.773940 -1.724499
v 4.524681 0.789565 -1.741636
v 4.525395 0.747927 -1.696338
v 4.524423 0.757777 -1.706748
v 4.525390 0.756619 -1.705847
v 4.524422 0.766479 -1.716262
v 4.525394 0.765719 -1.715804
v 4.524424 0.775573 -1.726221
v 4.512099 0.756623 -1.705849
v 4.511134 0.766478 -1.716262
v 4.512099 0.747922 -1.696336
v 4.511131 0.757778 -1.706750
v 4.512099 0.765721 -1.715809
v 4.511130 0.775576 -1.726218
v 4.511993 0.773942 -1.724497
v 4.511760 0.789567 -1.741633
v 4.551958 0.773940 -1.724501
v 4.551721 0.789566 -1.741633
v 4.552436 0.747927 -1.696338
v 4.551469 0.757777 -1.706750
v 4.552433 0.756621 -1.705849
v 4.551465 0.766476 -1.716258
v 4.552433 0.788676 -1.740924
v 4.551466 0.798530 -1.751333
v 4.552433 0.765718 -1.715806
v 4.551470 0.775573 -1.726218
v 4.539135 0.756620 -1.705850
v 4.538172 0.766476 -1.716261
v 4.539145 0.747925 -1.696337
v 4.538175 0.757778 -1.706747
v 4.539144 0.788673 -1.740923
v 4.538173 0.798527 -1.751331
v 4.539143 0.765718 -1.715803
v 4.538171 0.775573 -1.726220
v 4.539039 0.773941 -1.724498
v 4.538801 0.789569 -1.741633
v 4.578640 0.773942 -1.724497
v 4.578403 0.789567 -1.741635
v 4.579116 0.788674 -1.740925
v 4.578147 0.798525 -1.751332
v 4.579118 0.765719 -1.715805
v 4.578145 0.775573 -1.726221
v 4.565824 0.788676 -1.740923
v 4.564852 0.798528 -1.751333
v 4.565823 0.765720 -1.715808
v 4.564852 0.775575 -1.726219
v 4.565719 0.773941 -1.724500
v 4.565482 0.789563 -1.741636
v 4.605683 0.773942 -1.724499
v 4.605447 0.789567 -1.741637
v 4.606159 0.788677 -1.740925
v 4.605191 0.798531 -1.751333
v 4.606157 0.765719 -1.715804
v 4.605190 0.775575 -1.726220
v 4.592861 0.788676 -1.740924
v 4.591899 0.798527 -1.751330
v 4.592869 0.765721 -1.715806
v 4.591896 0.775572 -1.726218
v 4.592758 0.773942 -1.724497
v 4.592528 0.789565 -1.741633
v 2.011189 -0.579769 -1.453811
v 2.318890 -0.579769 -0.782364
v 2.001857 -0.556244 -0.782383
v 2.001857 -0.603294 -0.782383
v 8.429508 1.617112 1.932241
v 8.437297 1.325198 2.230880
v 8.448886 0.953722 1.665517
v 8.389373 0.897807 1.907724
v 8.254045 1.610952 1.893787
v 8.258453 1.401609 2.215473
v 8.300611 0.991650 2.208821
v 8.342757 1.264775 1.102792
v 8.236624 0.953722 1.665516
v 8.429508 -1.617112 1.932241
v 8.437297 -1.325198 2.230880
v 8.448886 -0.953717 1.665517
v 8.389373 -0.897807 1.907724
v 8.254045 -1.610952 1.893787
v 8.258453 -1.401609 2.215473
v 8.300611 -0.991650 2.208821
v 8.342757 -1.264775 1.102792
v 8.236624 -0.953717 1.665517
v -5.848516 0.093031 1.779269
v -5.452660 0.090747 1.814517
v -5.253632 0.096131 1.455293
v -5.408409 0.013705 1.202822
v -5.678336 -0.091375 1.871550
v -5.244298 -0.081001 1.497859
v -6.285668 0.005920 1.060984
v -5.645449 -0.100211 1.120426
v 5.973224 0.650366 1.902854
v 6.615718 0.000003 1.902156
v 6.359358 0.493237 1.975825
v 6.573623 0.267622 1.902966
v 5.824179 0.501882 1.942334
v 6.345158 0.433642 1.942127
v 5.973224 -0.650366 1.902854
v 6.573623 -0.267622 1.902966
v 6.359358 -0.493237 1.975825
v 5.824179 -0.501882 1.942334
v 6.345158 -0.433642 1.942127
v 5.421375 0.349725 1.903899
v 5.403614 0.000000 1.925886
v 5.612234 0.488113 1.944699
v 5.421375 -0.349725 1.903899
v 5.612234 -0.488113 1.944699
v 3.617454 0.876517 -1.799516
v 3.617450 0.561522 -2.584769
v 4.369527 0.572651 -2.582803
v 4.367875 0.551562 -2.583849
v 4.671649 0.859827 -1.841020
v 3.357702 0.876510 -1.799519
v 1.967521 0.869696 -1.816531
v 2.501486 0.572310 -2.583537
v 2.501693 0.551872 -2.583169
v 3.357698 0.561522 -2.584772
v 1.049970 0.591473 -1.776949
v 2.073011 0.404725 -2.611814
v 0.839830 0.000000 -1.773731
v 1.958485 0.000003 -2.610557
v 1.938556 0.000003 -2.610557
v 3.617454 -0.876517 -1.799516
v 3.617450 -0.561522 -2.584769
v 4.369527 -0.572651 -2.582803
v 4.367875 -0.551562 -2.583849
v 4.671649 -0.859827 -1.841020
v 3.357702 -0.876510 -1.799519
v 1.967521 -0.869696 -1.816531
v 2.501486 -0.572310 -2.583537
v 2.501693 -0.551872 -2.583169
v 3.357698 -0.561522 -2.584772
v 1.049970 -0.591473 -1.776949
v 2.073011 -0.404725 -2.611814
v 6.941422 0.000000 2.621465
v 6.689248 0.000000 2.783828
v 6.919852 0.232634 2.679864
v 5.041524 0.177747 2.646583
v 5.387695 0.326180 2.810220
v 6.598860 0.221748 2.811774
v 5.407635 0.111751 2.830123
v 6.959649 0.000000 2.189769
v 5.025135 0.000000 2.194710
v 6.802929 0.054745 2.725701
v 6.888465 0.364841 2.589718
v 6.948572 0.187003 2.175076
v 6.700869 0.668528 2.139618
v 5.029402 0.194211 2.162057
v 5.300709 0.675390 2.140006
v 5.212122 0.598641 2.919026
v 6.766812 0.606141 2.920754
v 5.143612 0.000000 2.729821
v 5.256739 0.644111 2.497876
v 6.737131 0.634479 2.502436
v 5.027224 0.124437 2.423760
v 5.224234 0.203959 2.754353
v 5.214680 0.161964 2.816981
v 5.214680 0.161964 2.660623
v 5.836944 0.683998 2.803889
v 6.349167 0.715152 2.684339
v 6.372686 0.687010 2.401252
v 6.046170 0.684864 2.193064
v 5.826661 0.686157 2.307355
v 5.739050 0.685105 2.573187
v 5.793249 0.715152 2.684340
v 6.071207 0.715152 2.844376
v 6.160779 0.684783 2.885569
v 5.494738 0.329443 2.144778
v 6.485338 0.321108 2.145958
v 6.509528 0.000000 2.141729
v 6.464898 0.228606 2.104442
v 6.160963 0.496086 2.115849
v 6.003656 0.602560 2.146029
v 5.793596 0.480350 2.115849
v 5.522702 0.231710 2.115849
v 5.475598 0.000000 2.141729
v 5.481284 0.000000 1.964724
v 5.989095 0.522196 1.963292
v 6.433378 0.315354 1.962124
v 6.506325 0.000000 1.962124
v 5.642511 0.455256 2.146940
v 5.478802 0.000000 2.146868
v 6.442662 0.278791 2.144975
v 6.503844 0.000000 2.143666
v 5.569139 0.337175 1.964510
v 6.174878 0.491983 2.098078
v 6.919852 -0.232634 2.679864
v 5.041524 -0.177747 2.646583
v 5.387695 -0.326180 2.810220
v 6.598860 -0.221748 2.811774
v 5.256739 -0.644111 2.497876
v 5.407635 -0.111751 2.830123
v 5.224234 -0.203959 2.754353
v 6.802929 -0.054745 2.725701
v 6.948572 -0.187003 2.175076
v 6.700869 -0.668528 2.139618
v 5.029402 -0.194211 2.162057
v 5.300709 -0.675390 2.140006
v 5.212122 -0.598641 2.919026
v 6.766812 -0.606141 2.920754
v 6.737131 -0.634479 2.502436
v 5.027224 -0.124437 2.423760
v 6.888465 -0.364841 2.589718
v 5.214680 -0.161964 2.816981
v 5.214680 -0.161964 2.660623
v 5.836944 -0.683998 2.803889
v 6.349167 -0.715152 2.684339
v 6.372686 -0.687010 2.401252
v 6.244293 -0.728217 2.252256
v 6.046170 -0.684864 2.193064
v 5.826661 -0.686157 2.307355
v 5.739050 -0.685105 2.573187
v 6.430504 -0.683610 2.632040
v 5.793249 -0.715152 2.684340
v 6.160779 -0.684783 2.885569
v 6.071207 -0.715152 2.844376
v 6.485338 -0.321108 2.145958
v 6.464898 -0.228606 2.104442
v 6.160963 -0.496086 2.115849
v 6.003656 -0.602560 2.146029
v 5.793596 -0.480350 2.115849
v 5.494738 -0.329443 2.144778
v 5.522702 -0.231710 2.115849
v 5.569139 -0.337175 1.964510
v 6.433378 -0.315354 1.962124
v 5.642511 -0.455256 2.146940
v 6.442662 -0.278791 2.144975
v 6.174878 -0.491983 2.098078
v 5.989095 -0.522196 1.963292
v 8.704507 5.907282 -1.074536
v 10.739942 6.083673 -1.147094
v 8.607714 5.954391 -1.325559
v 11.042830 6.066408 -2.819523
v 11.035705 6.174775 -2.793231
v 8.302899 5.868793 -1.121933
v 11.104773 6.133052 -1.104297
v 10.872658 6.119479 -1.516252
v 9.132189 5.946734 -1.529444
v 10.762203 6.121499 -2.709994
v 10.149656 6.038795 -1.110664
v 9.312291 5.962971 -1.108778
v 9.331329 5.734886 -1.131665
v 8.737329 5.687476 -1.113062
v 10.773546 5.866261 -1.135271
v 8.375360 5.653728 -1.268137
v 10.382423 6.061517 -2.851589
v 11.130986 5.889011 -1.122976
v 8.379491 5.650650 -1.082361
v 10.891098 5.913824 -1.530132
v 9.147514 5.775808 -1.540979
v 10.769694 6.050193 -2.717225
v 10.182363 5.822350 -1.153691
v 6.489956 0.000000 -2.806537
v 5.849567 0.000000 -2.824094
v 6.255372 0.000000 -2.810828
v 6.494490 0.097036 -2.822633
v 6.494490 -0.097036 -2.822633
v 5.878559 0.100355 -2.823176
v 5.878559 -0.100355 -2.823176
v 5.970006 0.058357 -2.834610
v 5.970006 -0.058357 -2.834610
v 5.921930 0.000000 -2.846159
v 5.935616 0.000000 -2.849886
v 5.758745 -0.274734 -2.780510
v 6.275119 -0.257712 -2.815390
v 6.275119 0.257712 -2.815390
v 6.436096 -0.197564 -2.782099
v 6.267575 0.000000 -2.756284
v 6.398528 0.000000 -2.797370
v 5.758745 0.274734 -2.780510
v 6.436096 0.197564 -2.782099
v 6.302104 0.301519 -2.768443
v 5.725207 0.132982 -2.799628
v 5.725207 -0.132982 -2.799628
v 6.302104 -0.301519 -2.768443
v 5.720691 0.000000 -2.795201
v 5.956928 -0.063208 -2.850739
v 5.944757 -0.064171 -2.838679
v 5.956928 0.063208 -2.850739
v 5.944757 0.064171 -2.838679
v 5.938393 0.066627 -2.852922
v 5.938393 -0.066627 -2.852922
v 5.867876 -0.065363 -2.861082
v 5.887957 -0.066776 -2.849411
v 5.865484 -0.066728 -2.838756
v 5.867876 0.065363 -2.861082
v 5.887957 0.066776 -2.849411
v 5.864732 0.064032 -2.845660
v 5.864732 -0.064032 -2.845660
v 5.874513 0.000000 -2.857024
v 5.877339 0.000000 -2.841716
v 5.883825 0.030273 -2.851676
v 5.871622 -0.065341 -2.850337
v 5.871622 0.065341 -2.850337
v 5.947531 0.059589 -2.855331
v 5.945143 0.069704 -2.849470
v 5.946623 0.063588 -2.838485
v 5.947531 -0.059589 -2.855331
v 5.945143 -0.069704 -2.849470
v 5.946623 -0.063588 -2.838485
v 6.022760 -0.000000 -2.832821
v 6.022760 0.078956 -2.832821
v 5.935176 0.095002 -2.833100
v 5.947528 0.000000 -2.837057
v 6.021695 0.000000 -2.835637
v 6.020711 -0.079793 -2.836896
v 5.935176 -0.095002 -2.833100
v 6.020711 0.079793 -2.836896
v 5.496891 -0.413338 -0.911523
v 5.496564 0.176626 -0.980639
v 5.493012 -0.147506 -0.994818
v 5.485619 -0.289275 -1.343567
v 5.491190 0.144580 -1.341726
v 5.491775 0.139428 -1.046518
v 5.490223 -0.140680 -1.076469
v 5.497265 -0.158152 -2.097177
v 5.507542 -0.196530 -2.278277
v 5.507542 0.196530 -2.278277
v 5.498847 0.201308 -2.116971
v 5.502896 -0.401222 -1.674364
v 5.503134 -0.201793 -1.698427
v 5.498503 0.393609 -2.516045
v 5.496891 0.413338 -0.911523
v 5.501189 0.312885 -2.457566
v 5.498503 -0.393609 -2.516045
v 5.502918 -0.346101 -0.980134
v 5.539689 0.158381 -2.206861
v 5.539300 -0.158137 -2.262472
v 5.548679 0.167281 -2.202800
v 5.539689 -0.158381 -2.206861
v 5.555498 0.165867 -2.266069
v 5.599559 -0.444840 -2.356455
v 5.609505 0.168859 -0.989242
v 5.594316 -0.225395 -1.757654
v 5.587560 -0.238419 -2.537360
v 5.599559 0.444840 -2.356455
v 5.589860 0.381236 -0.946221
v 5.600902 0.151371 -1.107119
v 5.589025 -0.384530 -0.953797
v 5.608354 -0.289011 -1.343091
v 5.608699 -0.158104 -1.027696
v 5.593036 -0.246413 -1.645474
v 5.596466 0.159170 -2.370918
v 5.588265 0.213910 -2.204732
v 5.588265 -0.213910 -2.204732
v 5.587487 0.240252 -2.535697
v 5.591611 -0.355270 -2.378688
v 5.552946 -0.172614 -2.225082
v 5.548679 -0.167281 -2.202800
v 5.547750 0.000000 -2.308550
v 5.552946 0.172614 -2.225082
v 5.546378 0.142923 -2.266032
v 5.546972 -0.172291 -2.234116
v 5.546978 0.169465 -2.220431
v 2.874129 0.219008 -0.786899
v 2.851184 0.209845 -0.791171
v 2.869348 0.215747 -0.793906
v 2.855193 0.217957 -0.792956
v 3.040776 0.204631 -0.793712
v 3.044128 0.226408 -0.783327
v 3.042488 0.211263 -0.796027
v 3.042487 0.224203 -0.790138
v 3.170532 0.077506 -0.786446
v 3.161470 0.099443 -0.790584
v 3.162768 0.090354 -0.795508
v 3.175707 0.090354 -0.789619
v 2.744226 0.084978 -0.792036
v 2.726842 0.097735 -0.783779
v 2.737716 0.094116 -0.794410
v 2.729727 0.083994 -0.790988
v 2.724695 0.226202 -0.768727
v 2.722563 0.089628 -0.769998
v 2.848487 0.198954 -0.849242
v 3.145023 0.100532 -0.861189
v 3.177356 0.226217 -0.768728
v 3.040781 0.228470 -0.769990
v 2.870310 -0.223917 -0.784665
v 2.853289 -0.207101 -0.792604
v 2.863595 -0.222955 -0.790676
v 2.859532 -0.210888 -0.796342
v 3.053452 -0.208801 -0.791956
v 3.033150 -0.221537 -0.785702
v 3.050620 -0.217226 -0.793370
v 3.036681 -0.217227 -0.793371
v 3.175173 -0.081812 -0.784077
v 3.158394 -0.098837 -0.792120
v 3.165048 -0.094361 -0.794410
v 3.173037 -0.084238 -0.790989
v 2.729827 -0.097649 -0.785291
v 2.743949 -0.081617 -0.791809
v 2.737716 -0.094361 -0.794410
v 2.729727 -0.084239 -0.790988
v 2.724708 -0.226459 -0.768727
v 2.750982 -0.102718 -0.848670
v 2.861282 -0.228592 -0.769999
v 3.179502 -0.089873 -0.769999
v 3.177369 -0.226448 -0.768728
v 3.056740 -0.198512 -0.851896
v 2.860231 0.043085 -0.885028
v 2.900170 0.099696 -0.908295
v 2.986143 0.099731 -1.010065
v 2.936548 0.091319 -0.977677
v 2.936644 0.090717 -0.933432
v 2.909000 0.082368 -0.977676
v 2.909276 0.081825 -0.933432
v 2.885996 0.064911 -0.933432
v 2.869083 0.041631 -0.933432
v 2.859589 0.014360 -0.977676
v 2.860191 0.014265 -0.933432
v 2.885565 0.065342 -0.977677
v 2.868540 0.041908 -0.977677
v 2.866206 0.029825 -1.011754
v 2.937297 0.086584 -1.008648
v 2.896677 -0.072435 -1.011793
v 2.999060 -0.089024 -0.927241
v 2.873198 -0.067344 -0.885045
v 2.902596 -0.092013 -0.908126
v 2.845704 -0.000122 -1.010330
v 2.936548 -0.091563 -0.977676
v 2.936644 -0.090961 -0.933432
v 2.909000 -0.082612 -0.977676
v 2.909276 -0.082069 -0.933432
v 2.885565 -0.065586 -0.977677
v 2.885996 -0.065155 -0.933432
v 2.868540 -0.042152 -0.977677
v 2.869083 -0.041876 -0.933432
v 2.859589 -0.014604 -0.977676
v 2.860191 -0.014509 -0.933432
v 3.049875 0.033890 -0.885580
v 2.955251 0.100049 -0.885278
v 3.054716 -0.029980 -0.908527
v 2.965514 0.091319 -0.977676
v 2.965419 0.090717 -0.933432
v 2.993063 0.082368 -0.977676
v 2.992787 0.081825 -0.933432
v 3.016497 0.065342 -0.977677
v 3.016067 0.064911 -0.933432
v 3.033522 0.041908 -0.977677
v 3.032979 0.041632 -0.933432
v 3.042473 0.014360 -0.977677
v 3.041872 0.014264 -0.933432
v 3.017618 -0.066570 -1.007420
v 3.028410 0.047069 -1.011741
v 3.016890 -0.090768 -1.009606
v 2.965514 -0.091563 -0.977676
v 2.965419 -0.090961 -0.933432
v 2.993063 -0.082612 -0.977676
v 2.992787 -0.082069 -0.933432
v 3.016497 -0.065586 -0.977677
v 3.016067 -0.065155 -0.933432
v 3.033522 -0.042153 -0.977677
v 3.032979 -0.041876 -0.933432
v 3.042473 -0.014604 -0.977677
v 3.041872 -0.014508 -0.933432
v 3.394545 0.000002 -2.097332
v 3.191977 -0.263128 -1.101954
v 3.284110 0.040552 -1.923363
v 3.153419 -0.262679 -1.063173
v 3.212529 0.289601 -1.364827
v 3.310048 0.038073 -1.971665
v 3.425410 0.110664 -1.966452
v 3.199300 0.269913 -1.075934
v 3.406155 0.299826 -1.854234
v 3.286046 0.286305 -1.907822
v 2.627772 0.183710 -1.078659
v 3.344509 0.119078 -2.200341
v 3.398576 0.264114 -1.368947
v 3.299379 0.105987 -2.192929
v 3.280436 0.159472 -1.977595
v 3.316555 -0.113330 -2.191567
v 3.219393 0.231890 -2.047515
v 3.309031 0.131492 -2.174093
v 3.245550 0.215257 -2.049560
v 3.278091 0.174385 -2.011903
v 3.227628 0.204605 -2.052925
v 3.274618 0.140840 -2.130034
v 3.259534 0.167273 -2.013068
v 3.320967 0.031276 -1.926437
v 3.302072 0.023233 -1.955399
v 3.303191 0.033716 -1.919333
v 3.321357 -0.010534 -1.961054
v 3.304303 0.029848 -1.928729
v 3.303004 -0.037454 -1.951288
v 3.306480 -0.032093 -1.941676
v 3.320935 -0.033003 -1.920228
v 2.766885 0.082008 -1.044152
v 3.145953 0.241953 -1.001296
v 2.671960 0.273932 -1.050018
v 2.708313 0.326822 -1.274799
v 2.794556 0.315538 -1.067028
v 2.743452 0.278395 -1.299638
v 3.075840 0.305364 -1.311830
v 3.150550 0.292932 -1.126477
v 2.825736 0.296146 -1.107377
v 3.058701 0.296146 -1.107377
v 3.053650 0.295408 -1.103312
v 2.830787 0.295408 -1.103312
v 2.981550 0.293955 -1.103312
v 3.007067 0.293955 -1.103312
v 2.877369 0.293955 -1.103312
v 2.902886 0.293955 -1.103312
v 3.118961 -0.000115 -1.031404
v 2.779182 -0.000114 -1.031405
v 2.814529 -0.000122 -1.069431
v 3.083667 -0.000122 -1.069428
v 3.258910 0.266900 -1.280031
v 3.260216 0.268828 -1.288556
v 3.272713 0.285472 -1.358638
v 3.268625 0.287094 -1.365529
v 3.334818 0.285472 -1.358637
v 3.330730 0.287094 -1.365529
v 3.289885 0.266900 -1.280031
v 3.291191 0.268828 -1.288556
v 3.294221 -0.044568 -1.948377
v 3.422663 -0.120401 -1.957668
v 3.408207 -0.300332 -1.859059
v 2.732306 -0.013547 -1.102323
v 3.286087 -0.286418 -1.908092
v 3.351601 -0.118349 -2.200567
v 3.391567 -0.282287 -1.365732
v 3.213311 -0.289428 -1.363299
v 2.658750 -0.255806 -1.090163
v 3.328940 -0.239834 -1.060981
v 3.279068 -0.159759 -1.977560
v 3.285554 -0.129925 -2.172520
v 3.219393 -0.232068 -2.047765
v 3.244458 -0.216728 -2.050078
v 3.278092 -0.174634 -2.011895
v 3.293362 -0.148073 -2.129335
v 3.229026 -0.203395 -2.052322
v 3.259523 -0.167515 -2.013068
v 3.304210 -0.032761 -1.920143
v 2.766886 -0.082249 -1.044154
v 2.794556 -0.315783 -1.067026
v 2.717999 -0.271958 -1.281880
v 2.708320 -0.327066 -1.274810
v 3.075835 -0.305611 -1.311835
v 3.151615 -0.293270 -1.126307
v 3.145954 -0.237025 -1.001477
v 2.676797 -0.275214 -1.045868
v 2.825736 -0.296390 -1.107377
v 3.058701 -0.296390 -1.107377
v 2.830787 -0.295652 -1.103312
v 3.053650 -0.295652 -1.103312
v 2.981550 -0.294199 -1.103312
v 3.007067 -0.294199 -1.103312
v 2.877369 -0.294199 -1.103312
v 2.902886 -0.294199 -1.103312
v 3.262733 -0.268551 -1.286317
v 3.255513 -0.267719 -1.282231
v 3.272714 -0.285716 -1.358637
v 3.268625 -0.287338 -1.365529
v 3.334818 -0.285716 -1.358637
v 3.330730 -0.287338 -1.365529
v 3.292890 -0.267208 -1.280491
v 3.288802 -0.268829 -1.287382
v 3.191256 0.154033 -1.933651
v 3.100628 0.003561 -1.263480
v 3.044364 0.257031 -1.285323
v 3.180888 0.255152 -1.251572
v 3.277245 0.214097 -1.888998
v 3.126026 0.287826 -1.743928
v 3.106251 -0.293624 -1.707166
v 3.189014 -0.161263 -1.929653
v 3.277763 -0.217425 -1.884915
v 3.181131 -0.254033 -1.250032
v 3.051160 -0.244995 -1.269266
v 2.640005 -0.261622 -1.239368
v 3.189932 -0.259324 -1.108826
v 2.629347 -0.261671 -1.115996
v 2.639307 -0.060099 -1.244244
v 3.178952 -0.245273 -1.243716
v 2.643721 -0.053796 -1.104040
v 3.171416 0.244122 -1.239303
v 3.189497 0.261519 -1.109159
v 2.631206 0.259036 -1.114194
v 2.633167 0.261681 -1.235650
v 2.661096 0.051972 -1.247892
v 2.679164 0.052262 -1.098662
v 3.241041 0.140152 -1.980225
v 3.268742 0.103381 -2.185988
v 3.270038 -0.103519 -2.186398
v 3.239951 -0.140381 -1.980710
v 2.925329 0.156302 -1.259612
v 2.928454 0.262256 -1.252866
v 2.966251 0.140282 -1.263242
v 2.915461 0.100575 -1.259662
v 2.943681 0.066252 -1.250537
v 2.980391 0.133487 -1.257312
v 2.980192 0.130403 -1.264863
v 2.971977 0.132285 -1.261185
v 2.916385 0.137216 -1.261954
v 2.911324 0.141765 -1.266160
v 2.916891 0.115078 -1.258642
v 2.910623 0.142021 -1.259543
v 3.111725 0.092451 -1.700479
v 3.127765 0.144724 -1.715121
v 3.126344 0.148597 -1.711387
v 3.114687 0.092547 -1.721427
v 3.119025 0.146287 -1.712062
v 3.122191 0.088378 -1.719391
v 3.119659 0.091522 -1.740631
v 3.136126 0.144967 -1.742001
v 3.129344 0.143744 -1.724478
v 3.123718 0.144505 -1.728734
v 3.113095 0.149522 -1.689413
v 3.116878 0.142818 -1.696265
v 3.107721 0.094030 -1.696708
v 3.106656 0.089041 -1.687860
v 3.129188 0.089599 -1.744097
v 3.120414 0.087185 -1.747748
v 3.127079 0.143018 -1.744010
v 3.117815 0.148477 -1.688049
v 3.128873 0.148217 -1.748191
v 3.056576 0.102573 -1.335325
v 3.065954 0.090757 -1.358638
v 3.063524 0.136736 -1.334789
v 3.069769 0.087803 -1.399984
v 3.072455 0.092954 -1.394573
v 3.075671 0.153887 -1.388458
v 3.066642 0.092853 -1.372950
v 3.078317 0.148174 -1.382919
v 3.084223 0.146624 -1.398409
v 3.076352 0.087634 -1.398993
v 3.074026 -0.136646 -1.408339
v 3.110610 -0.101481 -1.694053
v 3.116793 -0.146794 -1.696601
v 3.142522 -0.127046 -1.766089
v 3.174852 -0.076564 -1.941789
v 3.177032 0.105318 -1.928588
v 3.118011 0.139845 -1.696897
v 3.157423 0.077295 -1.897728
v 3.175457 0.123395 -1.930921
v 3.130213 0.117304 -1.733058
v 3.111751 0.094467 -1.695910
v 3.077868 0.122509 -1.395980
v 3.111778 -0.097959 -1.700329
v 3.122968 -0.150351 -1.710237
v 3.128404 -0.153003 -1.714707
v 3.114687 -0.098030 -1.721427
v 3.113110 -0.154026 -1.694006
v 3.122180 -0.093866 -1.719281
v 3.119658 -0.097003 -1.740631
v 3.136122 -0.150253 -1.742101
v 3.129344 -0.149227 -1.724478
v 3.123718 -0.149988 -1.728734
v 3.117866 -0.154286 -1.688219
v 3.116758 -0.147933 -1.696072
v 3.107732 -0.099563 -1.696680
v 3.107050 -0.094857 -1.687519
v 3.129187 -0.095083 -1.744097
v 3.120359 -0.092711 -1.747766
v 3.127079 -0.148501 -1.744010
v 3.128884 -0.153730 -1.748181
v 3.055101 -0.112517 -1.348707
v 3.062660 -0.158699 -1.371476
v 3.070437 -0.092145 -1.398520
v 3.059409 -0.147188 -1.344766
v 3.067813 -0.100808 -1.412213
v 3.074244 -0.155145 -1.405981
v 3.072918 -0.160104 -1.411961
v 3.069036 -0.156161 -1.384229
v 3.079163 -0.160272 -1.409657
v 3.067828 -0.100204 -1.398521
v 2.805517 -0.020855 -1.254686
v 2.676189 -0.018376 -1.192628
v 2.792714 -0.002162 -1.206243
v 2.800336 0.021810 -1.207848
v 2.934617 -0.260413 -1.254446
v 2.904608 -0.167178 -1.274315
v 2.945145 -0.140164 -1.275824
v 2.877221 -0.083819 -1.249437
v 2.920437 -0.098363 -1.258644
v 2.880483 -0.154822 -1.268108
v 2.942052 -0.127790 -1.278245
v 2.935553 -0.127910 -1.273790
v 2.883005 -0.149452 -1.272190
v 2.891951 -0.160746 -1.279251
v 2.924791 -0.109776 -1.266258
v 2.942925 -0.130624 -1.272283
v 2.882380 -0.004390 -1.252658
v 2.785224 -0.032758 -1.251984
v 2.803082 0.039561 -1.255088
v 2.702549 -0.034615 -1.189046
v 2.688307 0.039551 -1.189253
v 2.686116 -0.039865 -1.219012
v 2.702078 0.033051 -1.219242
v 2.676553 -0.042240 -1.188215
v 2.676529 0.042345 -1.220677
v 2.704474 -0.039412 -1.218676
v 2.704214 0.039212 -1.218826
v 2.674087 -0.044411 -1.220413
v 2.673816 0.044222 -1.188411
v 2.728153 0.009913 -1.171685
v 2.711484 0.036293 -1.107931
v 2.753597 -0.025836 -1.096501
v 2.702567 -0.036071 -1.109264
v 2.753905 -0.000122 -1.103529
v 3.326194 -0.024681 -1.957268
v 3.326020 0.024437 -1.956748
v 3.315511 0.024437 -1.941174
v 3.169917 0.024498 -1.937061
v 3.252264 0.000946 -1.975846
v 3.165285 -0.024600 -1.926080
v 3.164710 0.024519 -1.920504
v 3.317497 0.024437 -1.938573
v 3.327820 -0.024681 -1.942545
v 4.678731 0.531041 -0.785703
v 4.667917 0.515024 -0.793223
v 4.677099 0.521915 -0.795523
v 4.670131 0.532825 -0.790357
v 4.863056 0.517055 -0.792270
v 4.844864 0.531971 -0.785218
v 4.862957 0.525225 -0.793906
v 4.848803 0.527436 -0.792956
v 4.971755 0.410432 -0.791808
v 4.985922 0.391765 -0.785013
v 4.977070 0.395051 -0.794755
v 4.985525 0.406158 -0.790800
v 4.545430 0.388098 -0.786626
v 4.552903 0.412355 -0.790066
v 4.551269 0.401517 -0.794908
v 4.540091 0.397347 -0.789614
v 4.661145 0.508433 -0.849242
v 4.537354 0.535683 -0.768727
v 4.545101 0.399183 -0.793514
v 4.990016 0.535694 -0.768728
v 4.963626 0.411961 -0.848663
v 4.853440 0.537948 -0.769990
v 4.678813 0.083210 -0.783549
v 4.669829 0.104950 -0.793818
v 4.677099 0.087706 -0.791219
v 4.670131 0.098617 -0.796382
v 4.862588 0.087676 -0.785675
v 4.844345 0.101706 -0.792267
v 4.858634 0.087789 -0.791347
v 4.850148 0.097813 -0.795913
v 4.967566 0.214801 -0.793848
v 4.988223 0.223431 -0.783906
v 4.977707 0.215118 -0.794410
v 4.985696 0.225240 -0.790989
v 4.556896 0.211712 -0.791986
v 4.540273 0.227766 -0.784229
v 4.546937 0.227013 -0.792851
v 4.546937 0.213074 -0.792852
v 4.659028 0.117758 -0.864350
v 4.537368 0.083018 -0.768727
v 4.535688 0.219661 -0.769931
v 4.994352 0.068858 -0.772292
v 4.991933 0.219604 -0.769949
v 4.853386 0.081493 -0.769941
v 5.207203 0.309481 -2.097331
v 5.096769 0.350031 -1.923363
v 4.966079 0.046800 -1.063173
v 5.025187 0.599080 -1.364826
v 5.122707 0.347552 -1.971665
v 5.237594 0.420038 -1.966685
v 5.011799 0.579227 -1.073884
v 5.218814 0.609305 -1.854235
v 4.563817 0.359224 -1.100879
v 5.098705 0.595784 -1.907822
v 5.157168 0.428558 -2.200340
v 5.212546 0.572630 -1.364456
v 4.471505 0.565082 -1.090187
v 5.112038 0.415466 -2.192929
v 5.093095 0.468951 -1.977595
v 5.129214 0.196149 -2.191567
v 5.032053 0.541369 -2.047515
v 5.121690 0.440971 -2.174092
v 5.057718 0.525271 -2.049792
v 5.090750 0.483864 -2.011903
v 5.041071 0.513274 -2.052588
v 5.087277 0.450319 -2.130034
v 5.072193 0.476752 -2.013068
v 5.133848 0.319678 -1.960706
v 5.124405 0.305901 -1.968860
v 5.115850 0.343195 -1.919333
v 5.133874 0.341955 -1.920930
v 5.119009 0.341155 -1.934946
v 5.114929 0.284379 -1.953962
v 5.133593 0.276476 -1.920228
v 4.579544 0.391487 -1.044152
v 4.958612 0.551431 -1.001296
v 4.484619 0.583411 -1.050018
v 4.520972 0.636300 -1.274799
v 4.607214 0.625016 -1.067029
v 4.556111 0.587873 -1.299638
v 4.888499 0.614843 -1.311830
v 4.963069 0.602415 -1.126507
v 4.638395 0.605625 -1.107377
v 4.871360 0.605625 -1.107377
v 4.643446 0.604886 -1.103312
v 4.866310 0.604886 -1.103312
v 4.794209 0.603434 -1.103312
v 4.819726 0.603433 -1.103312
v 4.690028 0.603433 -1.103312
v 4.715546 0.603434 -1.103312
v 4.931619 0.309365 -1.031404
v 4.591856 0.309364 -1.031409
v 4.627188 0.309357 -1.069431
v 4.896326 0.309357 -1.069428
v 5.073002 0.578044 -1.287457
v 5.071559 0.576469 -1.279930
v 5.085372 0.594951 -1.358637
v 5.081284 0.596573 -1.365529
v 5.142282 0.595263 -1.360094
v 5.148789 0.596587 -1.365403
v 5.099957 0.576925 -1.282718
v 5.107158 0.578068 -1.286721
v 5.106880 0.264911 -1.948377
v 5.239485 0.182369 -1.956488
v 5.222244 0.009227 -1.859193
v 4.508539 0.290092 -1.101465
v 5.098745 0.023060 -1.908092
v 5.164260 0.191129 -2.200566
v 5.204226 0.027192 -1.365732
v 5.025970 0.020051 -1.363297
v 4.471408 0.053673 -1.090163
v 5.148184 0.070490 -1.064777
v 5.004678 0.046347 -1.102399
v 5.092493 0.150756 -1.977330
v 5.099249 0.180432 -2.172853
v 5.032052 0.077410 -2.047765
v 5.057740 0.093431 -2.049776
v 5.090751 0.134844 -2.011895
v 5.106021 0.161406 -2.129335
v 5.041066 0.105446 -2.052580
v 5.072182 0.141963 -2.013068
v 5.115943 0.275526 -1.919343
v 5.116921 0.278947 -1.930120
v 4.579545 0.227230 -1.044154
v 4.607214 -0.006303 -1.067026
v 4.530657 0.037521 -1.281880
v 4.520979 -0.017587 -1.274810
v 4.888494 0.003867 -1.311835
v 4.963064 0.016170 -1.126559
v 4.958612 0.072445 -1.001474
v 4.489456 0.034264 -1.045868
v 4.638395 0.013089 -1.107377
v 4.871360 0.013089 -1.107377
v 4.643446 0.013827 -1.103312
v 4.866310 0.013827 -1.103312
v 4.794209 0.015280 -1.103312
v 4.819726 0.015280 -1.103312
v 4.690028 0.015280 -1.103312
v 4.715546 0.015280 -1.103312
v 5.074573 0.042271 -1.280490
v 5.070486 0.040649 -1.287382
v 5.085372 0.023762 -1.358637
v 5.081285 0.022141 -1.365529
v 5.145695 0.023832 -1.358153
v 5.144210 0.021986 -1.366318
v 5.102176 0.041966 -1.281773
v 5.104622 0.040307 -1.288833
v 5.001345 0.468317 -1.931436
v 4.907417 0.597319 -1.693410
v 4.905509 0.335831 -1.274760
v 4.864849 0.564012 -1.272439
v 4.994089 0.564477 -1.251697
v 5.089825 0.523553 -1.889062
v 4.865164 0.064983 -1.267345
v 4.918910 0.015855 -1.707166
v 5.002115 0.148763 -1.930418
v 4.993596 0.055394 -1.249987
v 5.090430 0.092037 -1.884898
v 4.452663 0.047857 -1.239368
v 4.442060 0.047792 -1.116001
v 5.001939 0.049873 -1.108659
v 4.445346 0.250086 -1.241062
v 4.991786 0.064280 -1.243764
v 4.456888 0.255744 -1.104174
v 4.450631 0.570897 -1.237322
v 5.002906 0.569701 -1.109192
v 4.439848 0.569689 -1.115908
v 4.981393 0.558802 -1.239227
v 4.484973 0.360946 -1.250328
v 4.493546 0.361626 -1.098522
v 5.053522 0.449642 -1.980344
v 5.081163 0.412978 -2.185766
v 5.052794 0.169111 -1.980588
v 5.082914 0.206050 -2.186574
v 4.737988 0.465781 -1.259612
v 4.741113 0.571734 -1.252866
v 4.778910 0.449761 -1.263242
v 4.782670 0.406017 -1.257587
v 4.735666 0.393069 -1.254198
v 4.718171 0.437423 -1.256892
v 4.771375 0.383946 -1.250899
v 4.780577 0.451905 -1.266025
v 4.729415 0.446527 -1.265401
v 4.723537 0.450959 -1.266117
v 4.785030 0.439933 -1.259343
v 4.729550 0.424557 -1.258642
v 4.783103 0.455791 -1.259961
v 4.918375 0.401036 -1.695529
v 4.940357 0.454077 -1.715102
v 4.939004 0.458034 -1.711317
v 4.927346 0.402026 -1.721427
v 4.929935 0.453879 -1.698724
v 4.932220 0.400981 -1.740706
v 4.948784 0.454446 -1.742001
v 4.942003 0.453223 -1.724478
v 4.936377 0.453984 -1.728734
v 4.925742 0.458618 -1.689313
v 4.922455 0.399332 -1.688100
v 4.941581 0.398610 -1.743839
v 4.933156 0.396617 -1.747763
v 4.939724 0.452706 -1.743902
v 4.941461 0.457703 -1.748168
v 4.925768 0.399029 -1.702300
v 4.930383 0.458131 -1.687941
v 4.869265 0.431345 -1.324178
v 4.878615 0.400253 -1.358638
v 4.894203 0.462940 -1.384948
v 4.882428 0.397282 -1.399984
v 4.888667 0.458274 -1.384705
v 4.890664 0.456688 -1.400547
v 4.879301 0.402332 -1.372950
v 4.889011 0.397113 -1.398993
v 4.884977 0.402452 -1.394610
v 4.886685 0.172833 -1.408339
v 4.923269 0.207998 -1.694054
v 4.929452 0.162685 -1.696601
v 4.955181 0.182433 -1.766089
v 4.987511 0.232915 -1.941789
v 4.989691 0.414796 -1.928588
v 4.930670 0.449324 -1.696897
v 4.970082 0.386773 -1.897728
v 4.988116 0.432873 -1.930921
v 4.942873 0.426783 -1.733058
v 4.924410 0.403945 -1.695910
v 4.890526 0.431988 -1.395980
v 4.935310 0.212792 -1.721187
v 4.940358 0.159398 -1.715102
v 4.939004 0.155441 -1.711318
v 4.929009 0.215394 -1.709905
v 4.927346 0.211449 -1.721427
v 4.925870 0.155307 -1.694043
v 4.932219 0.212495 -1.740706
v 4.945908 0.160492 -1.739018
v 4.942003 0.160252 -1.724478
v 4.936377 0.159491 -1.728735
v 4.917333 0.211591 -1.690299
v 4.929580 0.161230 -1.696239
v 4.922376 0.213971 -1.687820
v 4.941637 0.214669 -1.743956
v 4.933157 0.216855 -1.747787
v 4.939751 0.160990 -1.744002
v 4.945553 0.155109 -1.749032
v 4.923341 0.208351 -1.696120
v 4.930509 0.155184 -1.688216
v 4.877075 0.206713 -1.370772
v 4.889002 0.143366 -1.396361
v 4.866272 0.178495 -1.335926
v 4.880472 0.208671 -1.412213
v 4.883094 0.203501 -1.406701
v 4.883626 0.147731 -1.395826
v 4.885553 0.148912 -1.411703
v 4.877455 0.204311 -1.385047
v 4.887067 0.208509 -1.411310
v 4.489109 0.296134 -1.194158
v 4.613121 0.331450 -1.205667
v 4.618190 0.288404 -1.254616
v 4.486015 0.303479 -1.201275
v 4.618074 0.288354 -1.256523
v 4.747276 0.049066 -1.254446
v 4.717267 0.142301 -1.274315
v 4.757804 0.169315 -1.275824
v 4.731534 0.213041 -1.264595
v 4.684720 0.182753 -1.265165
v 4.689892 0.225627 -1.248919
v 4.750972 0.181744 -1.277563
v 4.705957 0.152190 -1.278450
v 4.737450 0.199702 -1.266258
v 4.695806 0.160293 -1.269221
v 4.705260 0.147088 -1.272891
v 4.755840 0.179311 -1.272191
v 4.748647 0.180116 -1.270668
v 4.678460 0.269858 -1.252984
v 4.659712 0.357340 -1.256620
v 4.591957 0.294949 -1.250038
v 4.515207 0.274864 -1.189046
v 4.500965 0.349030 -1.189253
v 4.498775 0.269614 -1.219012
v 4.514737 0.342529 -1.219242
v 4.489212 0.267239 -1.188215
v 4.489188 0.351824 -1.220677
v 4.517133 0.270066 -1.218676
v 4.516873 0.348691 -1.218826
v 4.486746 0.265068 -1.220413
v 4.486475 0.353701 -1.188411
v 4.540812 0.319394 -1.171684
v 4.524143 0.345774 -1.107931
v 4.533328 0.272487 -1.102072
v 4.566564 0.309357 -1.103529
v 4.974626 0.333946 -1.924839
v 5.020497 0.284798 -1.938436
v 5.116348 0.294180 -1.963796
v 5.137551 0.333916 -1.965351
v 4.972163 0.284851 -1.919271
v 4.977428 0.329893 -1.924450
v 5.139027 0.333916 -1.947258
v 4.657794 0.309914 -0.887850
v 4.744000 0.407825 -0.885334
v 4.661678 0.261780 -0.908133
v 4.714689 0.401176 -1.009776
v 4.749207 0.400797 -0.977676
v 4.749303 0.400196 -0.933432
v 4.721658 0.391846 -0.977676
v 4.721935 0.391304 -0.933432
v 4.698224 0.374821 -0.977677
v 4.698654 0.374389 -0.933432
v 4.681741 0.351109 -0.933432
v 4.672248 0.323839 -0.977677
v 4.672850 0.323743 -0.933432
v 4.681199 0.351387 -0.977677
v 4.680449 0.334607 -1.012066
v 4.745533 0.397202 -1.011609
v 4.766171 0.205430 -0.885176
v 4.697585 0.223865 -1.009968
v 4.749207 0.217916 -0.977676
v 4.749303 0.218518 -0.933432
v 4.721658 0.226867 -0.977677
v 4.721935 0.227410 -0.933432
v 4.698224 0.243893 -0.977677
v 4.698654 0.244324 -0.933432
v 4.681199 0.267326 -0.977677
v 4.681741 0.267604 -0.933432
v 4.672248 0.294874 -0.977677
v 4.672850 0.294970 -0.933432
v 4.714730 0.230230 -1.012024
v 4.794537 0.410642 -0.908295
v 4.873843 0.313755 -1.010243
v 4.854918 0.261011 -0.908866
v 4.778173 0.400797 -0.977676
v 4.778077 0.400196 -0.933432
v 4.805722 0.391846 -0.977676
v 4.805446 0.391304 -0.933432
v 4.829156 0.374821 -0.977677
v 4.828726 0.374390 -0.933432
v 4.846181 0.351387 -0.977677
v 4.845638 0.351111 -0.933432
v 4.855132 0.323839 -0.977676
v 4.854531 0.323743 -0.933432
v 4.837584 0.255378 -1.002224
v 4.832130 0.367123 -1.012107
v 4.851960 0.361466 -0.885590
v 4.857693 0.270454 -0.919470
v 4.778173 0.217916 -0.977676
v 4.778077 0.218518 -0.933432
v 4.805722 0.226867 -0.977676
v 4.805446 0.227410 -0.933432
v 4.828726 0.244324 -0.933432
v 4.846181 0.267327 -0.977677
v 4.845638 0.267603 -0.933432
v 4.855132 0.294874 -0.977676
v 4.854531 0.294971 -0.933432
v 4.829156 0.243893 -0.977677
v 2.351832 0.000000 -1.261585
v 2.390527 0.056236 -1.278081
v 2.368989 0.058758 -1.288414
v 2.365396 0.059579 -1.260182
v 2.348195 0.000000 -1.074529
v 2.299231 0.000000 -1.119143
v 2.283047 0.000000 -1.059412
v 2.373771 0.060203 -1.266412
v 2.375362 0.065233 -1.276454
v 2.394415 0.062201 -1.279714
v 2.367712 0.062201 -1.295512
v 2.311898 0.062201 -1.058218
v 2.286853 0.062201 -1.064011
v 2.322782 0.089761 -1.052338
v 2.316456 0.089761 -1.064898
v 2.401473 0.089761 -1.282892
v 2.379344 0.089761 -1.289853
v 2.363843 0.089761 -1.300960
v 2.291508 0.089761 -1.071861
v 2.325242 0.041080 -1.068045
v 2.311991 0.040667 -1.106324
v 2.296098 0.040408 -1.074490
v 2.306469 0.053697 -1.083111
v 2.327734 0.049720 -1.087645
v 2.300357 0.118819 -1.092359
v 2.311438 0.119136 -1.067234
v 2.324805 0.118933 -1.093082
v 2.368989 -0.058758 -1.288414
v 2.365396 -0.059579 -1.260182
v 2.390527 -0.056236 -1.278081
v 2.373771 -0.060203 -1.266412
v 2.375362 -0.065233 -1.276454
v 2.394415 -0.062201 -1.279714
v 2.367712 -0.062201 -1.295512
v 2.311898 -0.062201 -1.058218
v 2.286853 -0.062201 -1.064011
v 2.322782 -0.089761 -1.052338
v 2.316456 -0.089761 -1.064898
v 2.401473 -0.089761 -1.282892
v 2.379344 -0.089761 -1.289853
v 2.363843 -0.089761 -1.300960
v 2.291508 -0.089761 -1.071861
v 2.325242 -0.041080 -1.068045
v 2.311991 -0.040667 -1.106324
v 2.296098 -0.040408 -1.074490
v 2.306469 -0.053697 -1.083111
v 2.327734 -0.049720 -1.087645
v 2.300357 -0.118819 -1.092359
v 2.311438 -0.119136 -1.067234
v 2.324805 -0.118933 -1.093082
v 2.553024 -0.275899 -1.391409
v 2.430145 -0.261325 -1.461796
v 2.586515 -0.254064 -1.460165
v 2.562708 -0.251048 -1.440932
v 2.545617 -0.251048 -1.422735
v 2.523496 -0.251048 -1.437580
v 2.495654 -0.251048 -1.450784
v 2.525666 -0.376308 -1.449576
v 2.582948 -0.374112 -1.412851
v 2.513191 -0.375905 -1.423285
v 2.477334 -0.378003 -1.436594
v 2.150680 -0.243986 -1.454898
v 2.150506 -0.313476 -1.404030
v 2.150524 -0.313476 -1.453402
v 2.585670 -0.372313 -1.460746
v 2.150680 -0.383169 -1.452196
v 2.390049 -0.316029 -1.436028
v 2.547639 -0.242078 -1.436029
v 2.539010 -0.381116 -1.428669
v 2.556544 -0.380942 -1.443329
v 2.487647 -0.243969 -1.435275
v 2.507425 -0.246689 -1.437161
v 2.496013 -0.384874 -1.436028
v 2.581709 -0.268921 -1.422513
v 2.581721 -0.268998 -1.449594
v 2.581419 -0.289269 -1.447978
v 2.581419 -0.289269 -1.424079
v 2.580170 -0.313476 -1.420112
v 2.581721 -0.357955 -1.449595
v 2.581419 -0.337683 -1.447979
v 2.581419 -0.337684 -1.424079
v 2.581709 -0.358032 -1.422512
v 2.580170 -0.313476 -1.451945
v 2.540260 -0.285233 -1.662229
v 2.548532 -0.277116 -1.651138
v 2.445768 -0.313472 -1.524701
v 2.437720 -0.313476 -1.622284
v 2.540525 -0.335784 -1.656086
v 2.534020 -0.341396 -1.666675
v 2.538247 -0.355043 -1.664457
v 2.542899 -0.355776 -1.652219
v 2.545075 -0.344226 -1.648695
v 2.442585 -0.317288 -1.671401
v 2.431392 -0.312049 -1.672633
v 2.435329 -0.307741 -1.658841
v 2.497273 -0.293629 -1.587133
v 2.498398 -0.336577 -1.586187
v 2.522620 -0.290989 -1.684059
v 2.528497 -0.271861 -1.674480
v 2.530749 -0.281156 -1.670721
v 2.528738 -0.289511 -1.674034
v 2.519647 -0.279670 -1.688919
v 2.524013 -0.272752 -1.686265
v 2.525823 -0.355857 -1.679617
v 2.530787 -0.345557 -1.671345
v 2.528738 -0.336858 -1.674648
v 2.524732 -0.334698 -1.681527
v 2.520568 -0.339359 -1.688142
v 2.520315 -0.350221 -1.688643
v 2.485459 -0.308174 -1.629490
v 2.513586 -0.335933 -1.624660
v 2.482817 -0.335933 -1.492068
v 2.523795 -0.297285 -1.633933
v 2.516327 -0.277004 -1.492340
v 2.556363 -0.332736 -1.492069
v 2.499420 -0.286599 -1.496080
v 2.499424 -0.286623 -1.504206
v 2.497253 -0.336940 -1.487920
v 2.449248 -0.310146 -1.553685
v 2.447235 -0.313476 -1.459398
v 2.591779 -0.313476 -1.459398
v 2.535782 -0.352192 -1.667490
v 2.546238 -0.341669 -1.650025
v 2.532553 -0.348668 -1.672724
v 2.527194 -0.333150 -1.681523
v 2.523158 -0.354056 -1.689264
v 2.541987 -0.276607 -1.651828
v 2.535363 -0.279875 -1.662739
v 2.541490 -0.287644 -1.653383
v 2.521294 -0.292448 -1.480880
v 2.535204 -0.328016 -1.481725
v 2.495742 -0.313960 -1.481328
v 2.530533 -0.271614 -1.676561
v 2.526180 -0.291148 -1.684541
v 2.521094 -0.307562 -1.676182
v 2.536481 -0.318260 -1.649481
v 2.515864 -0.312256 -1.664053
v 2.533588 -0.313969 -1.679862
v 2.537350 -0.314523 -1.656357
v 2.430012 -0.295375 -1.670682
v 2.442966 -0.295375 -1.669307
v 2.433938 -0.313500 -1.659941
v 2.432748 -0.331625 -1.673349
v 2.443194 -0.331625 -1.665578
v 2.533264 -0.266337 -1.680174
v 2.409736 -0.313507 -1.650877
v 2.543510 -0.330594 -1.632087
v 2.504382 -0.345116 -1.707040
v 4.395104 0.251427 -1.442450
v 4.395124 0.251277 -1.394050
v 3.959473 0.258188 -1.390622
v 4.342534 0.249141 -1.437746
v 4.362578 0.248393 -1.405680
v 4.332378 0.248393 -1.418952
v 4.286918 0.246691 -1.411956
v 4.212990 0.360562 -1.446134
v 4.353365 0.373250 -1.432496
v 4.353705 0.352972 -1.377395
v 4.292414 0.373250 -1.424130
v 4.318178 0.373250 -1.422604
v 3.959635 0.241129 -1.434487
v 4.390385 0.371636 -1.441521
v 4.307281 0.373250 -1.405461
v 3.959523 0.376031 -1.407508
v 3.959479 0.310821 -1.435692
v 4.197664 0.307850 -1.421189
v 4.349086 0.242602 -1.426161
v 4.364794 0.243871 -1.409768
v 4.356594 0.382219 -1.418319
v 4.293067 0.244082 -1.418197
v 4.315361 0.242211 -1.418535
v 4.304968 0.382219 -1.418319
v 4.390676 0.266342 -1.431884
v 4.390375 0.286614 -1.430270
v 4.390375 0.286614 -1.406369
v 4.390675 0.266246 -1.404790
v 4.389126 0.310821 -1.402403
v 4.389126 0.310821 -1.434236
v 4.390665 0.355377 -1.404803
v 4.390665 0.355379 -1.431834
v 4.390375 0.335029 -1.430270
v 4.390375 0.335029 -1.406369
v 4.354235 0.275655 -1.639228
v 4.350513 0.279966 -1.641799
v 4.254863 0.310821 -1.507086
v 4.249495 0.310821 -1.601712
v 4.352858 0.350811 -1.632899
v 4.343119 0.340513 -1.648681
v 4.349234 0.332366 -1.642615
v 4.343940 0.350154 -1.647480
v 4.349126 0.354596 -1.642416
v 4.353589 0.339366 -1.631635
v 4.237539 0.315154 -1.650282
v 4.249275 0.310301 -1.656211
v 4.247134 0.308477 -1.641508
v 4.305136 0.290201 -1.570192
v 4.307184 0.332195 -1.567950
v 4.337142 0.287809 -1.656937
v 4.337843 0.270428 -1.656186
v 4.341680 0.278587 -1.654355
v 4.331429 0.288060 -1.666476
v 4.328465 0.276383 -1.671511
v 4.331757 0.272421 -1.670539
v 4.333687 0.268159 -1.663202
v 4.331626 0.332602 -1.666663
v 4.328843 0.341462 -1.671743
v 4.332400 0.352667 -1.665750
v 4.338161 0.349835 -1.655769
v 4.341838 0.342483 -1.655061
v 4.337803 0.334138 -1.657150
v 4.331757 0.348637 -1.671153
v 4.309418 0.329604 -1.602881
v 4.300317 0.337274 -1.474522
v 4.365773 0.330165 -1.474350
v 4.345097 0.304458 -1.622382
v 4.298489 0.303146 -1.610255
v 4.319001 0.269583 -1.474337
v 4.308566 0.307769 -1.473662
v 4.306173 0.289782 -1.467311
v 4.307358 0.335012 -1.476672
v 4.244097 0.310821 -1.623404
v 4.256192 0.310821 -1.441688
v 4.400735 0.310821 -1.441688
v 4.352724 0.332348 -1.636544
v 4.347567 0.352274 -1.644863
v 4.330191 0.342141 -1.666506
v 4.343946 0.342843 -1.653470
v 4.352036 0.279829 -1.632785
v 4.344509 0.278788 -1.645302
v 4.348239 0.271406 -1.638927
v 4.352741 0.285118 -1.639591
v 4.335449 0.330997 -1.463935
v 4.308256 0.316810 -1.463860
v 4.341009 0.291899 -1.464089
v 4.342552 0.285240 -1.655704
v 4.331346 0.272708 -1.671822
v 4.345780 0.310823 -1.629975
v 4.326370 0.310822 -1.666855
v 4.339677 0.310446 -1.636384
v 4.327549 0.310623 -1.658940
v 4.349111 0.311684 -1.657598
v 4.240522 0.292720 -1.655280
v 4.252020 0.312492 -1.648188
v 4.242894 0.310845 -1.642231
v 4.241704 0.328970 -1.655640
v 4.352583 0.293786 -1.614442
v 4.318328 0.276042 -1.685610
v 4.341583 0.358038 -1.661960
v 4.216251 0.310754 -1.639128
v 2.804663 0.459968 -1.409309
v 2.707860 0.464148 -1.404140
v 2.770530 0.467576 -1.503401
v 2.779232 0.456561 -1.500857
v 2.759470 0.461344 -1.455809
v 2.770945 0.467486 -1.454601
v 2.783083 0.466965 -1.501680
v 2.770525 0.454996 -1.454683
v 2.784753 0.450567 -1.508923
v 2.777680 0.461313 -1.500107
v 2.770157 0.472111 -1.509005
v 2.777587 0.492134 -1.501796
v 2.777345 0.491822 -1.512735
v 2.782855 0.430650 -1.506629
v 2.772121 0.430713 -1.508451
v 4.036262 0.020829 -1.639698
v 4.030090 0.046151 -1.627589
v 4.115105 0.032347 -1.654655
v 4.114833 0.022570 -1.646651
v 4.071900 0.026802 -1.653533
v 4.073388 0.032403 -1.643864
v 4.116487 0.031880 -1.643471
v 4.073414 0.021357 -1.643410
v 4.117978 -0.002527 -1.645857
v 4.114731 0.049288 -1.646653
v 4.123435 0.054688 -1.655293
v 4.123312 -0.001125 -1.655066
v 4.127377 0.000000 -1.645159
v 4.125741 0.054678 -1.646330
v 4.114960 0.054583 -1.652736
v 4.114963 -0.000992 -1.652737
v 4.125361 -0.000992 -1.646530
v 4.114721 0.054678 -1.652878
v 4.124703 0.055064 -1.649612
v 4.125640 -0.001109 -1.646367
v 4.114720 -0.001090 -1.652881
v 8.571232 -3.512034 3.532295
v 8.522726 -3.688347 3.548370
v 8.450908 -1.321338 2.193962
v 8.449876 -0.880678 1.894114
v 8.450008 -1.565893 1.884057
v 8.531149 -3.392971 3.268909
v 8.528518 -2.995470 3.363693
v 8.123818 -1.045055 1.861912
v 8.527074 -3.553510 3.731994
v 8.574358 -1.068890 1.779881
v 8.342787 -3.172422 3.458633
v 8.450588 -1.720019 2.396229
v 8.342781 -3.132669 3.127291
v 8.450116 -1.876823 2.178643
v 8.156752 -2.995907 3.361721
v 8.450274 -1.261085 1.531661
v 8.165874 -3.695111 3.542326
v 8.233640 -1.539513 2.021472
v 8.235702 -1.110460 2.171563
v 8.235798 -0.897411 1.827164
v 8.171165 -1.188201 1.568169
v 8.236641 -1.429696 1.596030
v 8.125516 -1.286221 1.715847
v 8.158000 -3.553287 3.731120
v 8.157431 -3.382981 3.261305
v 8.135156 -3.571305 3.493792
v -7.506537 0.218472 3.544509
v -7.636217 0.237803 3.579862
v -5.548883 0.113261 1.804029
v -5.318362 0.113219 1.375127
v -5.659647 0.177438 1.158201
v -5.948675 0.113302 1.540681
v -6.211437 0.177959 1.862703
v -7.083847 0.191834 3.264262
v -5.667644 0.215868 1.302014
v -5.461433 0.224122 1.458631
v -7.768129 0.194748 3.617318
v -7.539720 0.181347 3.727406
v -7.486667 0.192536 3.242664
v -7.239292 0.005921 3.392341
v -7.257420 0.005921 3.059797
v -6.003530 -0.076688 2.076930
v -5.782730 0.112135 1.124630
v -5.830759 -0.163518 1.231589
v -7.562677 -0.202588 3.496324
v -5.512642 -0.100958 1.787787
v -5.342187 -0.159983 1.556266
v -5.446092 -0.100544 1.186271
v -7.486595 -0.180597 3.242152
v -7.083872 -0.179926 3.264984
v -6.209971 -0.166662 1.875990
v -7.724510 -0.183998 3.619532
v -7.482356 -0.181825 3.684548
v -5.499016 -0.225467 1.338073
v -5.980341 -0.100571 1.497409
v 5.267011 8.870102 1.193366
v 6.430329 8.860683 1.182859
v 6.146868 9.396890 -0.102313
v 6.695919 9.386073 -0.054335
v 4.456934 8.899209 1.175006
v 6.534649 8.993514 0.900086
v 5.124833 9.000894 0.881726
v 6.451916 9.368429 0.014399
v 5.953933 8.866130 1.179265
v 4.786428 8.870911 1.198565
v 5.264905 8.705948 1.106952
v 6.747581 8.796743 1.182070
v 4.785271 8.708794 1.121934
v 5.950943 8.705184 1.106287
v 6.428252 8.701577 1.098973
v 4.458889 8.714015 1.083090
v 6.678983 9.376649 -0.092539
v 6.719234 8.679482 1.115191
v 6.534317 8.841357 0.825017
v 5.124253 8.874531 0.820388
v 6.451343 9.316850 -0.010847
v 8.486822 -3.808395 3.711768
v 8.478577 -3.295379 3.713555
v 8.471188 -3.839302 3.644253
v 8.205238 -3.383567 3.871693
v 8.474680 -3.432336 3.918172
v 8.212775 -3.228183 3.454136
v 8.456775 -3.433230 3.390545
v 8.454753 -3.476571 3.779898
v 8.473389 -3.715204 3.311001
v 8.468439 -3.277054 3.355439
v 8.470340 -3.552784 3.837823
v 8.542705 -3.461284 3.519251
v 8.531078 -3.608107 3.537991
v 8.549795 -3.583671 3.672406
v 8.641196 -3.209638 3.916395
v 8.637695 -3.894644 3.894135
v 8.586009 -3.695632 3.827954
v 8.585342 -3.402094 3.833045
v 8.631547 -3.334236 3.832387
v 8.666957 -3.751046 3.807392
v 8.594404 -3.749099 3.841088
v 8.202808 -3.738853 3.807222
v 8.200848 -3.857510 3.536656
v 8.200272 -3.614319 3.270516
v 8.215316 -3.335881 3.619544
v 8.209148 -3.552787 3.837826
v 8.190698 -3.804437 3.716050
v 8.142073 -3.601890 3.631732
v 8.133600 -3.605560 3.486358
v 8.137270 -3.435737 3.581319
v 8.039367 -3.207657 3.927564
v 8.042457 -3.893152 3.908283
v 8.203031 -3.298081 3.712556
v 8.093631 -3.693054 3.822646
v 8.094147 -3.402094 3.833046
v 8.180672 -3.645009 3.811657
v 8.057451 -3.762207 3.820139
v 8.046404 -3.345165 3.794563
v 8.052004 -3.347829 3.870758
v -7.839849 0.153693 3.720407
v -7.329598 0.145566 3.708892
v -7.449761 0.133977 3.327510
v -7.838411 0.132558 3.348579
v -7.508914 -0.124192 3.940232
v -7.611365 -0.124203 3.236667
v -7.297621 0.138817 3.642445
v -7.841843 0.133229 3.715034
v -7.524351 0.137615 3.870037
v -7.520978 0.123749 3.833270
v -7.486675 0.212317 3.596707
v -7.630626 0.211862 3.676976
v -7.609890 0.205241 3.491361
v -7.239770 0.306280 3.919865
v -7.924297 0.303611 3.916940
v -7.729682 0.252184 3.832734
v -7.436109 0.251517 3.834827
v -7.377764 0.270289 3.810911
v -7.382164 0.329246 3.856540
v -7.797432 0.297721 3.828934
v -7.843813 -0.142278 3.718868
v -7.928540 -0.291479 3.908133
v -7.872025 -0.126839 3.599641
v -7.548149 -0.109884 3.789937
v -7.575930 -0.109604 3.380941
v -7.296582 -0.128152 3.521166
v -7.519728 -0.113055 3.834128
v -7.551385 -0.192960 3.676606
v -7.678583 -0.202552 3.616179
v -7.530818 -0.197217 3.492479
v -7.243233 -0.295180 3.923362
v -7.337777 -0.124509 3.701247
v -7.729683 -0.240343 3.832735
v -7.436108 -0.239677 3.834827
v -7.377789 -0.312981 3.810256
v -7.797432 -0.285880 3.828935
v -7.383877 -0.254893 3.859678
v 8.704507 -5.907282 -1.074536
v 10.739942 -6.083673 -1.147094
v 8.607714 -5.954391 -1.325559
v 10.382423 -6.061517 -2.851589
v 11.035705 -6.174775 -2.793231
v 11.042830 -6.066408 -2.819523
v 8.302899 -5.868793 -1.121933
v 11.104773 -6.133052 -1.104297
v 10.872658 -6.119479 -1.516252
v 9.132189 -5.946734 -1.529444
v 10.762203 -6.121499 -2.709994
v 10.149656 -6.038795 -1.110664
v 9.312291 -5.962971 -1.108778
v 9.331329 -5.734886 -1.131665
v 8.737329 -5.687476 -1.113062
v 10.773546 -5.866261 -1.135271
v 8.375360 -5.653728 -1.268137
v 8.379491 -5.650650 -1.082361
v 11.130986 -5.889011 -1.122976
v 10.891098 -5.913824 -1.530132
v 9.147514 -5.775808 -1.540979
v 10.769694 -6.050193 -2.717225
v 10.182363 -5.822350 -1.153691
v -7.736297 1.335526 3.850646
v -7.888251 0.373311 3.732482
v -7.583941 0.367085 3.854128
v -7.583883 0.824265 3.776934
v -7.424346 1.327896 3.834188
v -7.283719 0.376262 3.760410
v -7.741467 -1.316794 3.844229
v -7.884089 -0.364419 3.760378
v -7.583878 -0.355243 3.854134
v -7.583925 -0.812423 3.776939
v -7.428966 -1.323105 3.840640
v -7.279553 -0.361469 3.732525
v 9.668876 3.701267 3.820737
v 8.705626 3.850780 3.728271
v 8.701347 3.546435 3.849914
v 9.157214 3.546361 3.765309
v 9.662597 3.388766 3.824376
v 8.708974 3.246239 3.755971
v 7.016857 3.704384 3.818334
v 7.973884 3.850751 3.728264
v 7.978146 3.546354 3.849907
v 7.522279 3.546385 3.765302
v 7.010458 3.393494 3.829834
v 7.973922 3.242064 3.728124
v 9.663220 -3.705273 3.814095
v 8.709012 -3.846563 3.756110
v 8.701332 -3.546325 3.849915
v 9.157198 -3.546356 3.765310
v 9.667986 -3.393320 3.831123
v 8.705557 -3.242036 3.728132
v 7.016857 -3.704384 3.818334
v 7.973884 -3.850751 3.728264
v 7.978146 -3.546354 3.849907
v 7.522279 -3.546385 3.765302
v 7.010458 -3.393494 3.829834
v 7.973922 -3.242064 3.728124
v 8.486822 3.808395 3.711768
v 8.478577 3.295379 3.713555
v 8.471188 3.839302 3.644253
v 8.212775 3.228183 3.454136
v 8.456775 3.433230 3.390545
v 8.454753 3.476571 3.779898
v 8.473389 3.715204 3.311001
v 8.468439 3.277054 3.355439
v 8.474680 3.432336 3.918172
v 8.470340 3.552784 3.837823
v 8.542705 3.461284 3.519251
v 8.531078 3.608107 3.537991
v 8.549795 3.583671 3.672406
v 8.641196 3.209638 3.916395
v 8.637695 3.894644 3.894135
v 8.586009 3.695632 3.827954
v 8.585342 3.402094 3.833045
v 8.594404 3.749099 3.841088
v 8.666957 3.751046 3.807392
v 8.631547 3.334236 3.832387
v 8.039367 3.207657 3.927564
v 8.202808 3.738853 3.807222
v 8.200848 3.857510 3.536656
v 8.200272 3.614319 3.270516
v 8.215316 3.335881 3.619544
v 8.190698 3.804437 3.716050
v 8.209148 3.552787 3.837826
v 8.137270 3.435737 3.581319
v 8.133600 3.605560 3.486358
v 8.042457 3.893152 3.908283
v 8.203031 3.298081 3.712556
v 8.094147 3.402094 3.833046
v 8.093631 3.693054 3.822646
v 8.047945 3.334236 3.832387
v 8.057451 3.762207 3.820139
v 8.010706 3.739703 3.837695
v 8.571232 3.512034 3.532295
v 8.531149 3.392971 3.268909
v 8.522726 3.688347 3.548370
v 8.450908 1.321338 2.193962
v 8.449876 0.880678 1.894114
v 8.450274 1.261085 1.531661
v 8.450008 1.565893 1.884057
v 8.450116 1.876823 2.178643
v 8.528518 2.995470 3.363693
v 8.527074 3.553510 3.731994
v 8.574358 1.068890 1.779881
v 8.342787 3.172422 3.458633
v 8.450588 1.720019 2.396229
v 8.342781 3.132669 3.127291
v 8.137074 3.458896 3.555299
v 8.165874 3.695111 3.542326
v 8.135156 3.571305 3.493792
v 8.233640 1.539513 2.021472
v 8.235702 1.110460 2.171563
v 8.235798 0.897411 1.827164
v 8.171165 1.188201 1.568169
v 8.157431 3.382981 3.261305
v 8.156752 2.995907 3.361721
v 8.125516 1.286221 1.715847
v 8.158000 3.553287 3.731120
v 8.123818 1.045055 1.861912
v 8.236641 1.429696 1.596030
v 4.192296 0.366428 -1.259794
v 4.192977 0.371306 -1.288994
v 4.103412 0.316080 -1.083353
v 4.188828 0.374765 -1.274307
v 4.176927 0.370627 -1.273675
v 4.205689 0.372626 -1.278856
v 4.178957 0.372626 -1.295531
v 4.123179 0.372626 -1.058218
v 4.098134 0.372626 -1.064012
v 4.137459 0.400186 -1.055227
v 4.131052 0.400186 -1.067818
v 4.212873 0.400186 -1.278820
v 4.190625 0.400186 -1.289853
v 4.179071 0.400186 -1.303430
v 4.103382 0.400186 -1.069532
v 4.128823 0.315506 -1.062640
v 4.129032 0.364876 -1.084645
v 4.110876 0.360145 -1.083683
v 4.131608 0.445472 -1.072596
v 4.110362 0.429199 -1.090893
v 4.135572 0.429681 -1.093731
v 4.117072 0.429124 -1.069856
v 4.177811 0.295740 -1.259243
v 4.195209 0.249931 -1.287650
v 4.171913 0.252969 -1.282270
v 4.188828 0.246085 -1.274307
v 4.176927 0.250222 -1.273675
v 4.205712 0.248223 -1.280750
v 4.176619 0.248223 -1.302627
v 4.139197 0.248223 -1.056511
v 4.098134 0.248223 -1.064012
v 4.182677 0.248223 -1.288802
v 4.117203 0.248223 -1.063887
v 4.133696 0.220663 -1.062093
v 4.210824 0.220664 -1.291513
v 4.185632 0.220664 -1.294650
v 4.104389 0.220663 -1.063154
v 4.134346 0.302753 -1.104162
v 4.123912 0.255973 -1.078958
v 4.122950 0.260704 -1.097115
v 4.134803 0.191680 -1.074071
v 4.133237 0.170254 -1.094712
v 4.110505 0.191758 -1.091107
v 4.117710 0.191760 -1.069339
v 2.548532 0.277116 -1.651138
v 2.540260 0.285233 -1.662229
v 2.437720 0.313476 -1.622284
v 2.445768 0.313472 -1.524701
v 2.540525 0.335784 -1.656086
v 2.534020 0.341396 -1.666675
v 2.538247 0.355043 -1.664457
v 2.542899 0.355776 -1.652219
v 2.545075 0.344226 -1.648695
v 2.431392 0.312049 -1.672633
v 2.442585 0.317288 -1.671401
v 2.435329 0.307741 -1.658841
v 2.498398 0.336577 -1.586187
v 2.497273 0.293629 -1.587133
v 2.528497 0.271861 -1.674480
v 2.530749 0.281156 -1.670721
v 2.528738 0.289511 -1.674034
v 2.522620 0.290989 -1.684059
v 2.519647 0.279670 -1.688919
v 2.524013 0.272752 -1.686265
v 2.524732 0.334698 -1.681527
v 2.525823 0.355857 -1.679617
v 2.530976 0.352346 -1.675432
v 2.530787 0.345557 -1.671345
v 2.528738 0.336858 -1.674648
v 2.520568 0.339359 -1.688142
v 2.521733 0.348944 -1.690833
v 2.485459 0.308174 -1.629490
v 2.513586 0.335933 -1.624660
v 2.482817 0.335933 -1.492068
v 2.523795 0.297285 -1.633933
v 2.516327 0.277004 -1.492340
v 2.556363 0.332736 -1.492069
v 2.449248 0.310146 -1.553685
v 2.499420 0.286599 -1.496080
v 2.499424 0.286623 -1.504206
v 2.497253 0.336940 -1.487920
v 2.447235 0.313476 -1.459398
v 2.591779 0.313476 -1.459398
v 2.546238 0.341669 -1.650025
v 2.535782 0.352192 -1.667490
v 2.523158 0.354056 -1.689264
v 2.527194 0.333150 -1.681523
v 2.541987 0.276607 -1.651828
v 2.535363 0.279875 -1.662739
v 2.541490 0.287644 -1.653383
v 2.521294 0.292448 -1.480880
v 2.535204 0.328016 -1.481725
v 2.495742 0.313960 -1.481328
v 2.530533 0.271614 -1.676561
v 2.526180 0.291148 -1.684541
v 2.536481 0.318260 -1.649481
v 2.521094 0.307562 -1.676182
v 2.537350 0.314523 -1.656357
v 2.515864 0.312256 -1.664053
v 2.533588 0.313969 -1.679862
v 2.430012 0.295375 -1.670682
v 2.442966 0.295375 -1.669307
v 2.433938 0.313500 -1.659941
v 2.432748 0.331625 -1.673349
v 2.443194 0.331625 -1.665578
v 2.409736 0.313507 -1.650877
v 2.533264 0.266337 -1.680174
v 2.504382 0.345116 -1.707040
v 2.543510 0.330594 -1.632087
v 2.586515 0.254064 -1.460165
v 2.553024 0.275899 -1.391409
v 2.430145 0.261325 -1.461796
v 2.562708 0.251048 -1.440932
v 2.545617 0.251048 -1.422735
v 2.523496 0.251048 -1.437580
v 2.495654 0.251048 -1.450784
v 2.525666 0.376308 -1.449576
v 2.582948 0.374112 -1.412851
v 2.477334 0.378003 -1.436594
v 2.513191 0.375905 -1.423285
v 2.150680 0.383169 -1.452196
v 2.150506 0.313476 -1.404030
v 2.150524 0.313476 -1.453402
v 2.390049 0.316029 -1.436028
v 2.547639 0.242078 -1.436029
v 2.539010 0.381116 -1.428669
v 2.556544 0.380942 -1.443329
v 2.489493 0.247577 -1.425945
v 2.507425 0.246689 -1.437161
v 2.496013 0.384874 -1.436028
v 2.581721 0.268998 -1.449594
v 2.581419 0.289269 -1.447978
v 2.581419 0.289269 -1.424079
v 2.581709 0.268921 -1.422513
v 2.580170 0.313476 -1.420112
v 2.580170 0.313476 -1.451945
v 2.581709 0.358032 -1.422512
v 2.581721 0.357955 -1.449595
v 2.581419 0.337683 -1.447979
v 2.581419 0.337684 -1.424079
v 5.267011 -8.870102 1.193366
v 6.430329 -8.860683 1.182859
v 6.146868 -9.396890 -0.102313
v 6.695919 -9.386073 -0.054335
v 4.786428 -8.870911 1.198565
v 4.456934 -8.899209 1.175006
v 6.534649 -8.993514 0.900086
v 5.124833 -9.000894 0.881726
v 6.451916 -9.368429 0.014399
v 5.953933 -8.866130 1.179265
v 5.264905 -8.705948 1.106952
v 6.747581 -8.796743 1.182070
v 4.785271 -8.708794 1.121934
v 5.950943 -8.705184 1.106287
v 6.428252 -8.701577 1.098973
v 4.458889 -8.714015 1.083090
v 6.678983 -9.376649 -0.092539
v 6.719234 -8.679482 1.115191
v 6.534317 -8.841357 0.825017
v 5.124253 -8.874531 0.820388
v 6.451343 -9.316850 -0.010847
v 6.391811 0.888253 2.634650
v 6.155060 0.774450 2.860452
v 6.399364 0.834951 2.421829
v 6.123995 0.930641 2.199524
v 6.135878 0.960313 2.859560
v 5.717836 0.987566 2.517832
v 5.389068 0.984403 2.517817
v 6.312529 0.780050 2.266791
v 6.302065 0.923063 2.276139
v 6.348238 0.974879 2.740020
v 6.281916 0.847373 2.764699
v 6.376090 0.936875 2.406631
v 5.360496 0.766987 2.658477
v 5.357683 0.764417 2.378314
v 6.124923 0.778474 2.167135
v 5.402389 0.974859 2.409217
v 5.390075 0.970816 2.631625
v 6.229836 0.987343 2.245456
v 6.383779 0.987343 2.517738
v 6.382176 0.757029 2.434414
v 5.389558 0.808959 2.383700
v 5.391862 0.935413 2.383000
v 5.539749 0.808959 2.338131
v 5.542053 0.935413 2.337432
v 5.690074 0.808959 2.292521
v 5.692127 0.935413 2.291899
v 5.840247 0.808959 2.246959
v 5.842298 0.935413 2.246337
v 5.990323 0.808959 2.201430
v 5.992625 0.935413 2.200725
v 5.389558 0.808959 2.651776
v 5.391862 0.935413 2.652475
v 5.539749 0.808959 2.697344
v 5.542053 0.935413 2.698043
v 5.690073 0.808959 2.742953
v 5.692127 0.935413 2.743576
v 5.840246 0.808959 2.788517
v 5.842298 0.935413 2.789139
v 5.990322 0.808959 2.834046
v 5.992625 0.935413 2.834751
v 5.410101 0.990840 2.593089
v 5.410101 0.990840 2.442386
v 5.532002 0.991393 2.628394
v 5.532169 0.991103 2.584992
v 5.532356 0.990946 2.540454
v 5.532351 0.990946 2.495040
v 5.410094 0.990842 2.472531
v 5.410089 0.990844 2.502669
v 5.410090 0.990844 2.532806
v 5.410094 0.990843 2.562944
v 5.531975 0.991393 2.407093
v 5.532152 0.991102 2.450497
v 5.299361 0.872186 2.517737
v 5.341015 0.820609 2.627326
v 5.341639 0.986851 2.480730
v 5.341370 0.792373 2.435940
v 5.141520 0.803996 2.585928
v 5.103772 0.792851 2.461643
v 5.104824 0.926119 2.599159
v 5.106551 0.939018 2.450785
v 5.427645 0.872186 2.582264
v 5.427645 0.872186 2.453211
v 4.952753 0.872186 2.453266
v 4.952754 0.936658 2.517737
v 5.427645 0.936713 2.517738
v 4.952754 0.872186 2.582209
v 5.427645 0.807660 2.517738
v 4.952754 0.807715 2.517737
v 5.427645 0.826559 2.563365
v 5.427645 0.917813 2.472111
v 4.952754 0.917774 2.472149
v 4.952753 0.917774 2.563326
v 5.427645 0.917813 2.563365
v 4.952753 0.826598 2.563326
v 5.427645 0.826559 2.472111
v 4.952754 0.826598 2.472149
v 5.427644 0.956113 2.501044
v 5.427644 0.823228 2.577394
v 5.427644 0.819092 2.467883
v 4.711792 0.829720 2.463271
v 4.717705 0.855733 2.579527
v 4.717854 0.937492 2.524114
v 4.396912 0.872186 2.517737
v 3.973270 0.877769 2.453010
v 3.980135 0.932760 2.548777
v 3.964872 0.806862 2.549273
v 3.761354 0.927989 2.465389
v 3.763857 0.807306 2.475394
v 3.763300 0.930043 2.558721
v 5.760238 0.987343 2.601062
v 6.030177 0.987343 2.834032
v 5.856318 0.987343 2.268950
v 5.760238 0.757030 2.601062
v 6.030177 0.757030 2.834032
v 5.856318 0.757030 2.268950
v 6.263505 0.987345 2.768149
v 6.396134 0.769128 2.618453
v 6.199614 0.757030 2.230907
v 6.227494 0.757030 2.788433
v 5.679994 0.987343 2.660225
v 5.664161 0.987342 2.371052
v 6.052495 0.683303 2.136830
v 5.700062 0.683303 2.566642
v 6.177576 0.683303 2.890135
v 6.422140 0.683303 2.453776
v 5.782955 1.133666 2.534898
v 5.981679 1.138550 2.784740
v 5.796028 0.983477 2.310129
v 5.827050 1.033468 2.778505
v 6.243275 1.084178 2.230820
v 5.915796 1.132305 2.384053
v 6.068678 1.092134 2.730606
v 6.273151 1.135449 2.564725
v 6.127127 1.128121 2.332984
v 6.096042 1.278964 2.358986
v 6.004736 0.767217 2.182557
v 5.979005 0.985056 2.190289
v 5.753097 0.762373 2.378971
v 5.731107 0.983707 2.547365
v 5.785377 0.760398 2.690232
v 5.874785 0.987618 2.782403
v 5.958397 0.765883 2.834424
v 6.114225 0.983148 2.856321
v 6.202119 0.761638 2.828861
v 6.257680 0.978598 2.800661
v 6.393842 0.761822 2.617668
v 6.382998 0.984987 2.664231
v 6.380577 0.984428 2.371714
v 6.330056 0.764724 2.282760
v 6.154557 0.982002 2.192446
v 5.952101 1.136276 2.261256
v 6.296915 1.132341 2.702584
v 5.932404 1.152803 2.686713
v 6.239462 1.280621 2.518569
v 6.110019 1.280326 2.669580
v 5.942210 1.275880 2.618516
v 6.071208 1.092134 2.344206
v 6.071208 1.241163 2.345259
v 5.984442 1.092134 2.367454
v 5.984968 1.241162 2.368367
v 5.909609 1.092913 2.424439
v 5.922921 1.240447 2.432125
v 5.898845 1.092134 2.514836
v 5.898474 1.241042 2.518487
v 5.909609 1.092913 2.611037
v 5.922921 1.240447 2.603351
v 5.984441 1.092134 2.668021
v 5.984968 1.241162 2.667109
v 6.071207 1.092134 2.691270
v 6.071207 1.241162 2.690217
v 6.161678 1.092134 2.665883
v 6.156254 1.241162 2.667798
v 6.232805 1.092913 2.611037
v 6.219493 1.240447 2.603352
v 6.244740 1.092134 2.517738
v 6.243686 1.241163 2.517738
v 6.221491 1.092134 2.430971
v 6.220579 1.241162 2.431499
v 6.157973 1.092134 2.367454
v 6.157446 1.241162 2.368366
v 6.124923 -0.778474 2.167135
v 6.135878 -0.960313 2.859560
v 5.717836 -0.987566 2.517832
v 5.389068 -0.984403 2.517817
v 6.123995 -0.930641 2.199524
v 6.302065 -0.923063 2.276139
v 6.281916 -0.847373 2.764699
v 6.348238 -0.974879 2.740020
v 6.391811 -0.888253 2.634650
v 6.399364 -0.834951 2.421829
v 5.360496 -0.766987 2.658477
v 5.357683 -0.764417 2.378314
v 5.402389 -0.974859 2.409217
v 5.390075 -0.970816 2.631625
v 6.376090 -0.936875 2.406631
v 6.229836 -0.987343 2.245456
v 6.383779 -0.987343 2.517738
v 6.382176 -0.757029 2.434414
v 6.155060 -0.774450 2.860452
v 5.389558 -0.808959 2.383700
v 5.391862 -0.935413 2.383000
v 5.539749 -0.808959 2.338131
v 5.542053 -0.935413 2.337432
v 5.690074 -0.808959 2.292521
v 5.692127 -0.935413 2.291899
v 5.840247 -0.808959 2.246959
v 5.842298 -0.935413 2.246337
v 5.990323 -0.808959 2.201430
v 5.992625 -0.935413 2.200725
v 5.389558 -0.808959 2.651776
v 5.391862 -0.935413 2.652475
v 5.539749 -0.808959 2.697344
v 5.542053 -0.935413 2.698043
v 5.690073 -0.808959 2.742953
v 5.692127 -0.935413 2.743576
v 5.840246 -0.808959 2.788517
v 5.842298 -0.935413 2.789139
v 5.990322 -0.808959 2.834046
v 5.992625 -0.935413 2.834751
v 5.410101 -0.990840 2.593089
v 5.410101 -0.990840 2.442386
v 5.532002 -0.991393 2.628394
v 5.532169 -0.991103 2.584992
v 5.532356 -0.990946 2.540454
v 5.532351 -0.990946 2.495040
v 5.410094 -0.990842 2.472531
v 5.410089 -0.990844 2.502669
v 5.410090 -0.990844 2.532806
v 5.410094 -0.990843 2.562944
v 5.531975 -0.991393 2.407093
v 5.532152 -0.991102 2.450497
v 5.299361 -0.872186 2.517737
v 5.341639 -0.986851 2.480730
v 5.341370 -0.792373 2.435940
v 5.141520 -0.803996 2.585928
v 5.104824 -0.926119 2.599159
v 5.103772 -0.792851 2.461643
v 5.106551 -0.939018 2.450785
v 5.341015 -0.820609 2.627326
v 5.427645 -0.872186 2.582264
v 5.427645 -0.872186 2.453211
v 4.952753 -0.872186 2.453266
v 4.952754 -0.936658 2.517737
v 5.427645 -0.936713 2.517738
v 4.952754 -0.872186 2.582209
v 5.427645 -0.807660 2.517738
v 4.952754 -0.807715 2.517737
v 5.427645 -0.826559 2.563365
v 5.427645 -0.917813 2.472111
v 4.952754 -0.917774 2.472149
v 4.952753 -0.917774 2.563326
v 5.427645 -0.917813 2.563365
v 4.952753 -0.826598 2.563326
v 5.427645 -0.826559 2.472111
v 4.952754 -0.826598 2.472149
v 5.427644 -0.956113 2.501044
v 5.427644 -0.823228 2.577394
v 3.964872 -0.806862 2.549273
v 5.427644 -0.819092 2.467883
v 3.973270 -0.877769 2.453010
v 4.711792 -0.829720 2.463271
v 4.717854 -0.937492 2.524114
v 4.717705 -0.855733 2.579527
v 4.396912 -0.872186 2.517737
v 3.761354 -0.927989 2.465389
v 3.763300 -0.930043 2.558721
v 3.754326 -0.835301 2.584208
v 3.763857 -0.807306 2.475394
v 3.980135 -0.932760 2.548777
v 5.760238 -0.987343 2.601062
v 6.030177 -0.987343 2.834032
v 5.856318 -0.987343 2.268950
v 5.760238 -0.757030 2.601062
v 6.030177 -0.757030 2.834032
v 5.856318 -0.757030 2.268950
v 6.263505 -0.987345 2.768149
v 6.396134 -0.769128 2.618453
v 6.199614 -0.757030 2.230907
v 6.227494 -0.757030 2.788433
v 5.679994 -0.987343 2.660225
v 5.664161 -0.987342 2.371052
v 6.052495 -0.683303 2.136830
v 5.700062 -0.683303 2.566642
v 6.177576 -0.683303 2.890135
v 6.422140 -0.683303 2.453776
v 5.782955 -1.133666 2.534898
v 5.981679 -1.138550 2.784740
v 5.796028 -0.983477 2.310129
v 5.827050 -1.033468 2.778505
v 6.243275 -1.084178 2.230820
v 6.068678 -1.092134 2.730606
v 6.273151 -1.135449 2.564725
v 5.933897 -1.282624 2.466633
v 6.110019 -1.280326 2.669580
v 5.915796 -1.132305 2.384053
v 6.127127 -1.128121 2.332984
v 6.004736 -0.767217 2.182557
v 5.979005 -0.985056 2.190289
v 5.753097 -0.762373 2.378971
v 5.731107 -0.983707 2.547365
v 5.785377 -0.760398 2.690232
v 5.874785 -0.987618 2.782403
v 5.958397 -0.765883 2.834424
v 6.202119 -0.761638 2.828861
v 6.257680 -0.978598 2.800661
v 6.393842 -0.761822 2.617668
v 6.382998 -0.984987 2.664231
v 6.380577 -0.984428 2.371714
v 6.330056 -0.764724 2.282760
v 6.154557 -0.982002 2.192446
v 6.114225 -0.983148 2.856321
v 5.952101 -1.136276 2.261256
v 6.296915 -1.132341 2.702584
v 6.313356 -1.144032 2.373827
v 5.932404 -1.152803 2.686713
v 6.096042 -1.278964 2.358986
v 6.239462 -1.280621 2.518569
v 5.942210 -1.275880 2.618516
v 5.925774 -1.260652 2.399281
v 6.071208 -1.092134 2.344206
v 6.071208 -1.241163 2.345259
v 5.984442 -1.092134 2.367454
v 5.984968 -1.241162 2.368367
v 5.909609 -1.092913 2.424439
v 5.922921 -1.240447 2.432125
v 5.898845 -1.092134 2.514836
v 5.898474 -1.241042 2.518487
v 5.909609 -1.092913 2.611037
v 5.922921 -1.240447 2.603351
v 5.984441 -1.092134 2.668021
v 5.984968 -1.241162 2.667109
v 6.071207 -1.092134 2.691270
v 6.071207 -1.241162 2.690217
v 6.161678 -1.092134 2.665883
v 6.156254 -1.241162 2.667798
v 6.232805 -1.092913 2.611037
v 6.219493 -1.240447 2.603352
v 6.244740 -1.092134 2.517738
v 6.243686 -1.241163 2.517738
v 6.221491 -1.092134 2.430971
v 6.220579 -1.241162 2.431499
v 6.157973 -1.092134 2.367454
v 6.157446 -1.241162 2.368366
s 0
f 11 13 21
f 7 1 3
f 19 15 21
f 24 25 41
f 21 13 19
f 3 34 7
f 34 8 7
f 31 4 7
f 11 28 3
f 31 29 30
f 29 26 33
f 31 26 29
f 8 27 2
f 26 31 8
f 4 6 7
f 23 71 24
f 37 24 41
f 22 37 35
f 20 38 39
f 38 20 19
f 38 55 40
f 40 39 38
f 35 36 74
f 74 42 5
f 5 4 74
f 5 42 25
f 42 41 25
f 74 36 41
f 71 73 24
f 73 25 24
f 58 55 49
f 46 52 47
f 57 56 59
f 56 39 40
f 47 48 46
f 48 58 49
f 46 48 49
f 48 53 57
f 62 60 61
f 63 65 66
f 60 62 66
f 72 68 69
f 72 65 70
f 71 70 65
f 70 71 23
f 64 66 67
f 75 4 33
f 75 74 4
f 74 75 12
f 16 35 12
f 9 12 75
f 10 75 33
f 33 26 14
f 72 76 78
f 79 68 70
f 80 79 23
f 48 44 45
f 53 48 43
f 90 93 91
f 81 86 82
f 95 15 20
f 97 105 113
f 15 91 93
f 90 91 95
f 82 104 98
f 83 101 86
f 93 99 103
f 99 2 15
f 98 8 2
f 102 26 8
f 2 99 82
f 2 82 98
f 8 86 101
f 85 83 86
f 96 105 106
f 108 22 35
f 108 105 96
f 124 109 110
f 39 110 109
f 107 35 111
f 111 84 112
f 83 84 111
f 113 112 97
f 106 105 140
f 126 124 110
f 115 43 114
f 118 114 123
f 122 116 117
f 121 119 116
f 43 115 118
f 125 57 127
f 39 125 110
f 126 125 127
f 118 117 116
f 110 125 126
f 118 119 126
f 118 116 119
f 53 118 57
f 140 138 106
f 130 129 128
f 133 131 134
f 68 139 69
f 133 138 131
f 134 135 136
f 130 134 131
f 137 138 133
f 134 132 135
f 141 100 83
f 141 83 111
f 111 89 141
f 94 100 88
f 16 89 35
f 89 87 141
f 88 141 92
f 100 14 26
f 35 89 111
f 136 135 142
f 139 76 69
f 136 139 133
f 68 143 137
f 144 68 22
f 114 118 115
f 170 164 163
f 145 154 148
f 156 149 151
f 160 148 154
f 152 151 173
f 145 186 154
f 163 161 159
f 160 162 159
f 149 153 161
f 164 171 168
f 161 168 167
f 145 149 156
f 156 158 145
f 167 168 172
f 173 149 167
f 167 147 173
f 159 161 148
f 175 146 173
f 169 163 165
f 174 165 159
f 152 146 150
f 193 194 197
f 190 196 189
f 160 179 187
f 181 152 184
f 179 182 198
f 154 186 176
f 183 157 155
f 198 189 187
f 188 160 187
f 182 180 198
f 198 193 190
f 180 176 183
f 186 183 176
f 191 187 189
f 180 184 192
f 192 178 194
f 195 189 196
f 177 200 184
f 188 187 199
f 191 199 187
f 177 152 150
f 200 178 184
f 206 205 202
f 207 208 204
f 218 221 219
f 219 222 217
f 217 220 218
f 227 231 230
f 229 230 231
f 229 231 228
f 229 227 230
f 232 236 235
f 236 234 235
f 234 233 235
f 234 236 232
f 239 238 237
f 237 240 239
f 241 242 239
f 246 245 243
f 243 248 246
f 250 254 253
f 252 253 254
f 252 254 251
f 252 250 253
f 255 259 258
f 259 257 258
f 257 256 258
f 257 259 255
f 260 264 263
f 262 263 264
f 262 264 261
f 262 260 263
f 265 269 268
f 269 267 268
f 267 266 268
f 267 269 265
f 270 274 273
f 272 273 274
f 272 274 271
f 272 270 273
f 275 279 278
f 279 277 278
f 277 276 278
f 277 279 275
f 280 284 283
f 282 283 284
f 282 284 281
f 282 280 283
f 285 289 288
f 289 287 288
f 287 286 288
f 287 289 285
f 298 310 317
f 304 312 313
f 299 296 301
f 294 296 299
f 311 301 296
f 301 313 303
f 306 309 305
f 308 293 310
f 308 318 292
f 302 299 308
f 300 293 297
f 300 314 310
f 313 295 290
f 298 294 302
f 310 302 308
f 316 317 314
f 314 300 315
f 291 318 299
f 329 336 330
f 338 332 339
f 321 337 328
f 339 321 331
f 331 321 334
f 306 333 309
f 323 335 336
f 333 291 309
f 335 322 325
f 320 330 335
f 300 323 336
f 324 300 336
f 339 327 337
f 337 321 339
f 330 336 335
f 335 325 320
f 341 342 324
f 300 324 315
f 341 324 336
f 325 291 320
f 364 344 363
f 347 362 361
f 345 354 364
f 352 350 345
f 352 365 362
f 363 360 346
f 359 357 358
f 358 343 348
f 381 382 379
f 381 369 382
f 373 388 378
f 375 378 376
f 379 377 371
f 376 378 371
f 369 380 382
f 389 378 388
f 389 381 371
f 384 383 390
f 372 370 391
f 385 390 386
f 384 368 383
f 393 396 394
f 397 395 394
f 398 393 395
f 397 396 398
f 399 402 401
f 399 403 402
f 400 404 403
f 400 402 404
f 403 404 402
f 413 414 433
f 415 414 413
f 413 433 432
f 434 432 433
f 483 461 479
f 448 453 449
f 455 511 516
f 436 454 438
f 515 441 504
f 452 441 448
f 454 449 447
f 464 457 460
f 449 452 448
f 438 447 455
f 483 457 458
f 464 444 435
f 444 460 439
f 472 527 530
f 474 469 470
f 476 464 477
f 475 466 465
f 438 455 463
f 463 450 438
f 463 456 450
f 538 446 478
f 464 460 444
f 469 435 470
f 468 437 467
f 470 435 468
f 445 480 481
f 457 439 460
f 442 482 483
f 482 457 483
f 458 486 461
f 486 462 484
f 485 486 484
f 485 484 459
f 442 483 479
f 456 487 436
f 489 458 457
f 488 462 458
f 466 493 490
f 492 465 466
f 492 457 465
f 496 474 470
f 506 468 467
f 473 532 531
f 471 506 467
f 527 516 517
f 512 551 546
f 522 524 554
f 515 513 448
f 513 511 447
f 517 516 501
f 512 501 516
f 501 546 543
f 541 524 520
f 527 517 519
f 527 500 506
f 502 500 527
f 543 555 501
f 504 545 544
f 521 509 503
f 529 522 528
f 529 535 536
f 534 528 537
f 535 529 534
f 510 527 538
f 514 517 501
f 516 527 510
f 529 509 521
f 539 526 522
f 503 522 521
f 505 539 503
f 519 508 502
f 541 540 523
f 508 541 507
f 540 508 519
f 520 525 507
f 554 556 557
f 543 546 542
f 546 552 547
f 550 552 551
f 547 549 548
f 546 551 552
f 524 553 556
f 524 523 553
f 561 560 559
f 560 554 557
f 537 528 560
f 510 478 516
f 538 478 510
f 469 531 533
f 496 468 498
f 513 453 448
f 437 480 445
f 462 463 459
f 517 523 519
f 530 506 495
f 472 467 445
f 560 562 559
f 559 562 563
f 499 533 496
f 509 533 499
f 533 532 496
f 618 643 620
f 622 648 644
f 674 620 679
f 617 599 601
f 618 620 628
f 678 604 611
f 604 615 611
f 612 617 610
f 615 612 611
f 661 604 668
f 610 601 620
f 646 603 645
f 621 646 618
f 607 646 621
f 618 628 621
f 608 630 598
f 645 603 600
f 623 608 602
f 630 625 629
f 688 637 659
f 634 638 635
f 630 641 642
f 641 629 640
f 697 634 642
f 613 601 599
f 628 613 619
f 630 608 623
f 598 634 635
f 602 625 623
f 605 647 602
f 647 648 625
f 646 607 603
f 650 626 622
f 650 649 624
f 607 650 606
f 649 607 621
f 605 644 648
f 622 644 606
f 651 619 599
f 652 626 627
f 657 653 654
f 629 656 631
f 656 625 652
f 620 643 679
f 638 658 635
f 633 671 632
f 639 693 638
f 636 671 660
f 676 714 678
f 684 718 689
f 690 680 682
f 676 678 611
f 674 676 610
f 661 668 670
f 679 699 665
f 665 675 679
f 665 708 675
f 687 680 683
f 664 688 671
f 668 707 670
f 694 690 673
f 673 682 667
f 696 690 697
f 697 694 634
f 699 677 665
f 699 689 677
f 690 682 673
f 658 663 662
f 680 667 682
f 669 701 687
f 704 684 702
f 703 704 702
f 703 702 681
f 691 717 680
f 715 717 719
f 708 706 705
f 709 708 711
f 709 713 714
f 712 711 710
f 716 683 715
f 722 723 721
f 722 717 691
f 657 720 723
f 692 634 694
f 633 658 662
f 632 618 600
f 628 624 621
f 666 681 688
f 684 699 681
f 659 671 688
f 637 632 636
f 724 722 721
f 694 663 658
f 694 673 663
f 693 694 658
f 764 763 762
f 763 765 768
f 766 763 768
f 767 763 761
f 776 772 771
f 773 774 777
f 783 782 780
f 781 784 782
f 785 784 787
f 788 779 786
f 792 793 794
f 789 795 796
f 793 790 797
f 802 803 806
f 803 800 805
f 810 814 808
f 816 812 815
f 807 815 809
f 812 809 815
f 816 811 812
f 817 821 819
f 822 821 817
f 820 823 818
f 827 826 824
f 825 821 826
f 837 833 832
f 834 831 828
f 834 837 831
f 829 837 835
f 841 842 840
f 846 840 842
f 840 844 839
f 838 846 841
f 850 855 851
f 852 851 847
f 851 853 848
f 852 856 851
f 857 860 859
f 862 860 865
f 863 860 857
f 860 864 858
f 866 862 865
f 860 862 866
f 870 871 869
f 872 870 867
f 869 873 868
f 869 871 874
f 871 870 874
f 872 874 870
f 880 879 878
f 875 879 877
f 882 879 875
f 885 881 884
f 882 881 879
f 876 885 883
f 886 895 890
f 887 891 893
f 899 900 901
f 902 899 896
f 900 899 904
f 902 904 899
f 897 900 903
f 909 908 907
f 913 909 906
f 905 914 912
f 907 911 914
f 919 918 917
f 923 918 919
f 920 918 924
f 921 919 916
f 925 924 923
f 920 924 922
f 929 931 930
f 932 935 934
f 935 927 933
f 943 938 937
f 936 941 942
f 951 948 946
f 952 954 953
f 958 955 957
f 959 962 961
f 962 960 961
f 966 963 965
f 967 970 969
f 970 968 969
f 974 971 973
f 975 978 977
f 978 976 977
f 982 979 981
f 983 986 985
f 986 984 985
f 1002 995 999
f 996 991 992
f 997 995 996
f 1001 998 996
f 1005 995 1002
f 1027 991 995
f 991 1017 992
f 1011 992 1018
f 1011 1012 1013
f 1018 1012 1011
f 1018 1014 1012
f 1018 1019 1015
f 1020 995 1005
f 1026 1039 1027
f 1026 1028 1029
f 1027 1028 1026
f 1027 1030 1028
f 1027 1020 1032
f 1042 1038 1039
f 1043 1041 1042
f 1049 1041 1047
f 1018 1038 1041
f 1038 1004 1039
f 1019 1041 1049
f 1058 1065 1062
f 1059 1054 1058
f 1075 1055 1059
f 1060 1051 1056
f 1059 1060 1061
f 1061 1064 1059
f 1058 1062 1060
f 1059 1064 1063
f 1058 1068 1065
f 1054 1090 1058
f 1054 1069 1067
f 1069 1054 1055
f 1081 1069 1055
f 1076 1081 1075
f 1059 1063 1075
f 1082 1104 1081
f 1082 1081 1079
f 1058 1083 1068
f 1090 1067 1102
f 1091 1090 1089
f 1105 1094 1089
f 1083 1058 1090
f 1083 1090 1095
f 1105 1101 1104
f 1089 1102 1105
f 1105 1106 1107
f 1104 1106 1105
f 1104 1108 1106
f 1105 1109 1094
f 1104 1112 1110
f 1101 1081 1104
f 1101 1067 1069
f 1067 1101 1102
f 1104 1082 1112
f 1113 1117 1128
f 1129 1118 1122
f 1143 1142 1145
f 1168 1171 1183
f 1184 1172 1176
f 1179 1180 1181
f 1203 1206 1219
f 1220 1207 1212
f 1187 1208 1199
f 1222 1226 1233
f 1239 1227 1232
f 1248 1228 1224
f 1262 1268 1267
f 1273 1286 1284
f 1282 1266 1268
f 1272 1302 1303
f 1276 1280 1262
f 1268 1258 1267
f 1274 1301 1300
f 1277 1267 1270
f 1277 1262 1278
f 1281 1257 1275
f 1280 1282 1262
f 1258 1286 1267
f 1264 1309 1311
f 1274 1285 1258
f 1288 1263 1265
f 1274 1296 1299
f 1312 1284 1271
f 1288 1293 1287
f 1288 1290 1293
f 1288 1291 1290
f 1269 1311 1310
f 1261 1295 1296
f 1299 1287 1289
f 1297 1263 1288
f 1298 1295 1263
f 1297 1287 1294
f 1297 1295 1298
f 1296 1300 1261
f 1300 1296 1274
f 1303 1304 1259
f 1303 1259 1270
f 1305 1312 1308
f 1307 1265 1304
f 1309 1288 1311
f 1288 1312 1310
f 1271 1310 1312
f 1276 1281 1283
f 1318 1314 1313
f 1314 1319 1315
f 1315 1316 1313
f 1317 1319 1318
f 1348 1336 1347
f 1364 1363 1365
f 1342 1338 1325
f 1321 1330 1334
f 1362 1335 1361
f 1334 1339 1332
f 1338 1332 1339
f 1325 1340 1334
f 1341 1344 1338
f 1339 1325 1338
f 1320 1345 1337
f 1342 1343 1329
f 1348 1321 1334
f 1334 1363 1336
f 1327 1371 1323
f 1326 1324 1357
f 1374 1347 1336
f 1354 1352 1350
f 1353 1352 1351
f 1350 1346 1349
f 1358 1355 1357
f 1323 1353 1351
f 1331 1372 1327
f 1350 1356 1355
f 1356 1357 1355
f 1361 1335 1358
f 1355 1358 1360
f 1368 1336 1363
f 1368 1363 1367
f 1366 1364 1365
f 1374 1368 1370
f 1369 1328 1352
f 1322 1328 1366
f 1371 1372 1352
f 1352 1373 1374
f 1372 1373 1352
f 1374 1369 1352
f 1333 1373 1331
f 1356 1326 1359
f 1345 1338 1344
f 1376 1379 1375
f 1378 1380 1376
f 1377 1380 1378
f 1381 1382 1384
f 1397 1387 1388
f 1390 1392 1389
f 1399 1395 1393
f 1394 1399 1398
f 1401 1400 1403
f 1407 1414 1404
f 1406 1407 1405
f 1402 1413 1401
f 1410 1408 1415
f 1412 1417 1418
f 1425 1420 1423
f 1421 1419 1425
f 1421 1420 1422
f 1420 1419 1424
f 1421 1425 1427
f 1420 1426 1422
f 1430 1431 1428
f 1429 1433 1431
f 1433 1430 1428
f 1429 1436 1432
f 1436 1430 1432
f 1428 1435 1433
f 1437 1440 1438
f 1441 1439 1437
f 1441 1440 1442
f 1438 1443 1437
f 1440 1439 1444
f 1437 1445 1441
f 1438 1445 1447
f 1440 1446 1442
f 1451 1448 1449
f 1450 1452 1448
f 1452 1451 1449
f 1456 1449 1448
f 1457 1448 1452
f 1450 1458 1453
f 1449 1457 1452
f 1458 1451 1453
f 1459 1462 1460
f 1463 1461 1459
f 1463 1462 1464
f 1460 1465 1459
f 1462 1461 1466
f 1459 1467 1463
f 1460 1467 1469
f 1462 1468 1464
f 1473 1470 1471
f 1472 1474 1470
f 1474 1473 1471
f 1478 1471 1470
f 1479 1470 1474
f 1472 1480 1475
f 1471 1479 1474
f 1480 1473 1475
f 1481 1484 1482
f 1485 1483 1481
f 1485 1484 1486
f 1482 1487 1481
f 1484 1483 1488
f 1481 1489 1485
f 1482 1489 1491
f 1484 1490 1486
f 1495 1492 1493
f 1494 1496 1492
f 1496 1495 1493
f 1500 1493 1492
f 1501 1492 1496
f 1494 1502 1497
f 1493 1501 1496
f 1502 1495 1497
f 1504 1505 1503
f 1506 1508 1509
f 1505 1508 1507
f 1512 1511 1510
f 1510 1511 1515
f 1515 1513 1516
f 1515 1512 1514
f 1510 1515 1514
f 1601 1519 1547
f 1549 1526 1548
f 1524 1540 1541
f 1531 1526 1530
f 1520 1544 1523
f 1536 1538 1539
f 1527 1539 1545
f 1523 1517 1520
f 1517 1537 1518
f 1540 1522 1543
f 1542 1538 1535
f 1546 1547 1517
f 1525 1550 1552
f 1518 1525 1532
f 1517 1532 1533
f 1519 1526 1520
f 1526 1519 1581
f 1530 1546 1533
f 1527 1530 1529
f 1533 1546 1517
f 1537 1521 1518
f 1517 1534 1543
f 1542 1517 1543
f 1539 1521 1536
f 1534 1523 1543
f 1524 1539 1542
f 1536 1535 1538
f 1543 1523 1544
f 1544 1541 1543
f 1540 1524 1522
f 1520 1547 1519
f 1547 1520 1517
f 1554 1529 1553
f 1527 1554 1551
f 1561 1559 1560
f 1562 1558 1559
f 1562 1528 1555
f 1564 1565 1532
f 1562 1563 1532
f 1563 1564 1532
f 1562 1556 1557
f 1562 1557 1558
f 1530 1567 1568
f 1530 1568 1569
f 1529 1569 1561
f 1529 1555 1528
f 1532 1566 1530
f 1600 1581 1579
f 1548 1600 1549
f 1591 1577 1592
f 1602 1573 1575
f 1598 1573 1576
f 1589 1597 1590
f 1593 1603 1595
f 1590 1575 1599
f 1571 1576 1573
f 1596 1571 1572
f 1603 1591 1595
f 1593 1589 1590
f 1599 1592 1577
f 1579 1601 1600
f 1581 1570 1573
f 1578 1605 1604
f 1578 1572 1586
f 1571 1586 1572
f 1585 1579 1580
f 1580 1573 1602
f 1586 1583 1578
f 1584 1575 1582
f 1574 1596 1572
f 1571 1595 1594
f 1574 1590 1597
f 1596 1588 1593
f 1590 1577 1593
f 1588 1597 1589
f 1576 1595 1598
f 1577 1591 1603
f 1549 1601 1547
f 1573 1601 1571
f 1607 1606 1584
f 1582 1607 1584
f 1606 1583 1584
f 1614 1616 1623
f 1616 1612 1611
f 1616 1583 1586
f 1618 1586 1619
f 1616 1586 1617
f 1617 1586 1618
f 1616 1610 1609
f 1585 1621 1620
f 1585 1623 1622
f 1615 1614 1584
f 1584 1623 1585
f 1584 1608 1615
f 1586 1620 1619
f 1709 1653 1678
f 1655 1631 1651
f 1642 1629 1643
f 1656 1624 1633
f 1649 1624 1628
f 1640 1648 1641
f 1644 1657 1646
f 1641 1633 1650
f 1625 1628 1624
f 1647 1625 1626
f 1657 1642 1646
f 1644 1640 1641
f 1650 1643 1629
f 1651 1652 1655
f 1630 1660 1658
f 1630 1626 1637
f 1625 1637 1626
f 1636 1651 1631
f 1633 1636 1656
f 1631 1624 1656
f 1637 1634 1630
f 1638 1625 1651
f 1627 1647 1626
f 1625 1646 1645
f 1627 1641 1648
f 1647 1639 1644
f 1641 1629 1644
f 1639 1648 1640
f 1628 1646 1649
f 1629 1642 1657
f 1624 1652 1625
f 1653 1632 1654
f 1662 1661 1635
f 1633 1662 1635
f 1661 1634 1635
f 1669 1670 1677
f 1670 1667 1666
f 1670 1634 1637
f 1672 1637 1673
f 1670 1637 1671
f 1671 1637 1672
f 1670 1665 1664
f 1636 1675 1674
f 1636 1677 1676
f 1635 1677 1636
f 1637 1674 1673
f 1686 1703 1704
f 1694 1689 1693
f 1681 1707 1685
f 1699 1701 1702
f 1683 1702 1708
f 1685 1679 1681
f 1679 1700 1680
f 1703 1684 1706
f 1705 1701 1698
f 1688 1709 1679
f 1687 1711 1712
f 1680 1687 1695
f 1679 1695 1696
f 1689 1681 1654
f 1693 1688 1696
f 1683 1694 1692
f 1693 1692 1694
f 1700 1682 1680
f 1679 1697 1706
f 1705 1679 1706
f 1702 1682 1699
f 1697 1685 1706
f 1686 1702 1705
f 1699 1698 1701
f 1706 1685 1707
f 1707 1704 1706
f 1703 1686 1684
f 1688 1689 1654
f 1681 1709 1678
f 1709 1681 1679
f 1655 1709 1710
f 1653 1654 1678
f 1714 1692 1713
f 1721 1719 1720
f 1723 1718 1719
f 1723 1691 1715
f 1725 1726 1695
f 1723 1724 1695
f 1724 1725 1695
f 1723 1716 1717
f 1723 1717 1718
f 1693 1728 1729
f 1693 1729 1730
f 1722 1692 1721
f 1692 1730 1721
f 1692 1715 1691
f 1695 1727 1693
f 1732 1733 1735
f 1736 1735 1731
f 1739 1738 1734
f 1737 1734 1732
f 1736 1731 1738
f 1731 1734 1738
f 1733 1734 1731
f 1743 1742 1740
f 1741 1744 1745
f 1747 1746 1740
f 1753 1750 1752
f 1751 1752 1749
f 1749 1755 1751
f 1755 1749 1757
f 1749 1750 1756
f 1758 1760 1764
f 1761 1764 1760
f 1762 1764 1761
f 1765 1758 1763
f 1760 1759 1761
f 1764 1763 1758
f 1759 1760 1758
f 1766 1774 1768
f 1769 1767 1770
f 1769 1770 1773
f 1771 1773 1770
f 1774 1766 1772
f 1776 1777 1775
f 1780 1782 1779
f 1783 1781 1776
f 1786 1791 1784
f 1790 1789 1787
f 1786 1785 1787
f 1787 1788 1790
f 1784 1787 1785
f 1793 1792 1794
f 1793 1794 1799
f 1797 1795 1792
f 1794 1795 1799
f 1805 1803 1802
f 1804 1803 1801
f 1805 1800 1804
f 1800 1806 1804
f 1810 1811 1809
f 1812 1810 1813
f 1807 1813 1809
f 1808 1812 1811
f 1819 1817 1816
f 1815 1819 1818
f 1818 1817 1815
f 1814 1820 1818
f 1824 1825 1823
f 1825 1822 1826
f 1825 1826 1821
f 1826 1824 1827
f 1821 1827 1823
f 1830 1840 1843
f 1842 1829 1841
f 1828 1842 1840
f 1841 1830 1843
f 1835 1839 1833
f 1839 1837 1833
f 1834 1831 1832
f 1837 1832 1838
f 1832 1835 1838
f 1831 1837 1835
f 1842 1828 1829
f 1858 1846 1861
f 1859 1845 1860
f 1860 1844 1858
f 1861 1846 1859
f 1851 1853 1852
f 1851 1855 1857
f 1856 1854 1853
f 1851 1850 1856
f 1855 1848 1854
f 1854 1847 1853
f 1854 1848 1847
f 1850 1857 1856
f 1853 1847 1852
f 1870 1877 1874
f 1909 1891 1885
f 1888 1886 1884
f 1884 1880 1888
f 1881 1912 1886
f 1889 1885 1891
f 1882 1887 1888
f 1881 1886 1890
f 1865 1879 1889
f 1883 1889 1891
f 1881 1910 1912
f 1896 1867 1894
f 1893 1896 1894
f 1893 1868 1895
f 1894 1897 1893
f 1862 1868 1893
f 1864 1867 1898
f 1875 1906 1903
f 1907 1880 1884
f 1909 1885 1910
f 1880 1907 1908
f 1892 1908 1911
f 1896 1866 1867
f 1907 1910 1911
f 1910 1892 1911
f 1884 1912 1907
f 1899 1901 1900
f 1877 1902 1899
f 1900 1871 1874
f 1876 1877 1870
f 1904 1872 1873
f 1875 1878 1872
f 1903 1905 1904
f 2006 2008 2009
f 1972 1975 1976
f 1975 2016 1976
f 1989 2012 1987
f 1992 1984 1982
f 1990 1992 1986
f 1992 1982 1986
f 2010 1983 1990
f 1994 1987 1988
f 1991 1984 1992
f 1993 1991 1990
f 1986 2010 1990
f 1981 1968 1994
f 1994 1985 1989
f 2013 1983 2010
f 1999 1998 1996
f 1996 2001 1966
f 1995 1998 1997
f 1970 1995 1997
f 1966 1971 1996
f 2001 1996 1995
f 1970 1965 1995
f 2002 2004 2005
f 2009 1977 2006
f 1986 1982 2015
f 2014 1981 1988
f 1974 1980 1973
f 1999 2000 1969
f 1995 1965 2001
f 1998 1969 1997
f 1988 2013 2014
f 2015 2013 2010
f 2005 1979 2002
f 1972 2003 1975
f 1973 2007 1974
f 2071 2070 2094
f 2080 2095 2082
f 2073 2096 2070
f 2071 2072 2075
f 2070 2075 2074
f 2073 2069 2096
f 2086 2069 2077
f 2083 2082 2076
f 2082 2081 2079
f 2082 2079 2080
f 2076 2086 2083
f 2084 2094 2080
f 2082 2095 2070
f 2080 2094 2095
f 2096 2086 2076
f 2088 2081 2092
f 2097 2078 2087
f 2089 2085 2088
f 2083 2098 2090
f 2070 2076 2082
f 2089 2078 2085
f 2077 2085 2078
f 2084 2093 2094
f 2108 2123 2106
f 2121 2102 2100
f 2122 2101 2099
f 2103 2122 2124
f 2099 2101 2102
f 2103 2124 2100
f 2099 2102 2121
f 2120 2099 2111
f 2123 2100 2124
f 2109 2108 2107
f 2111 2112 2120
f 2106 2105 2108
f 2110 2112 2106
f 2106 2122 2110
f 2111 2099 2121
f 2111 2121 2108
f 2107 2116 2109
f 2119 2107 2114
f 2107 2119 2118
f 2112 2115 2114
f 2117 2109 2116
f 2100 2108 2121
f 2115 2112 2113
f 2112 2110 2120
f 2122 2120 2110
f 2136 2134 2133
f 2125 2127 2128
f 2126 2129 2130
f 2126 2132 2129
f 2140 2148 2144
f 2139 2143 2145
f 2149 2146 2151
f 2151 2146 2149
f 2159 2160 2152
f 2163 2156 2159
f 2158 2152 2160
f 2152 2153 2154
f 2163 2155 2153
f 2163 2154 2155
f 2196 2187 2195
f 2203 2212 2211
f 2202 2211 2212
f 2214 2219 2227
f 2213 2222 2215
f 2220 2224 2225
f 2220 2226 2223
f 2218 2221 2216
f 2229 2232 2239
f 2233 2234 2230
f 2235 2237 2241
f 2235 2241 2236
f 2231 2236 2237
f 2250 2247 2252
f 2248 2251 2245
f 2244 2251 2249
f 2242 2252 2243
f 2243 2252 2251
f 2250 2252 2249
f 2245 2251 2252
f 2248 2250 2249
f 2275 2284 2283
f 2274 2283 2284
f 2300 2291 2299
f 2301 2304 2312
f 2317 2314 2305
f 2318 2311 2316
f 2318 2309 2311
f 2308 2306 2302
f 2314 2315 2313
f 2308 2310 2307
f 2310 2302 2306
f 2334 2333 2331
f 2322 2332 2328
f 2319 2325 2330
f 2334 2331 2320
f 2323 2325 2329
f 2319 2330 2323
f 2322 2328 2327
f 2321 2324 2326
f 2341 2342 2335
f 2339 2340 2343
f 2339 2342 2341
f 2336 2343 2337
f 2367 2376 2375
f 2366 2375 2376
f 2392 2383 2391
f 2404 2405 2395
f 2393 2396 2397
f 2401 2400 2399
f 2401 2403 2400
f 2402 2398 2394
f 2416 2414 2406
f 2412 2409 2411
f 2419 2411 2409
f 2412 2411 2410
f 2410 2419 2412
f 2428 2425 2431
f 2428 2426 2425
f 2431 2425 2424
f 2432 2427 2426
f 2429 2422 2423
f 2420 2423 2421
f 2422 2420 2421
f 2428 2432 2426
f 2429 2430 2427
f 2464 2455 2463
f 2471 2480 2479
f 2470 2479 2480
f 2487 2481 2483
f 2483 2486 2487
f 2488 2490 2491
f 2491 2490 2489
f 2498 2492 2497
f 2498 2495 2494
f 2497 2495 2498
f 2497 2492 2496
f 2497 2496 2493
f 2499 2502 2505
f 2505 2504 2500
f 2506 2518 2509
f 2510 2512 2507
f 2512 2519 2513
f 2512 2513 2507
f 2516 2515 2508
f 2517 2516 2510
f 2518 2506 2515
f 2514 2515 2506
f 2511 2519 2510
f 2517 2519 2511
f 2521 2522 2528
f 2525 2524 2520
f 2525 2526 2527
f 2528 2533 2521
f 2520 2533 2525
f 2522 2523 2528
f 2524 2527 2523
f 2525 2533 2526
f 2520 2529 2521
f 2531 2532 2522
f 2523 2532 2526
f 2522 2529 2530
f 2526 2533 2529
f 2527 2531 2523
f 2527 2532 2531
f 2523 2530 2528
f 2541 2543 2534
f 2545 2548 2537
f 2548 2539 2550
f 2538 2535 2547
f 2548 2535 2546
f 2547 2539 2538
f 2544 2542 2538
f 2539 2545 2544
f 2535 2542 2541
f 2536 2545 2537
f 2535 2534 2547
f 2549 2545 2536
f 2549 2543 2542
f 2549 2547 2543
f 2554 2553 2555
f 2558 2551 2559
f 2551 2553 2552
f 2560 2556 2555
f 2561 2552 2553
f 2557 2559 2554
f 2558 2559 2557
f 2554 2559 2563
f 2563 2556 2560
f 2578 2569 2577
f 2579 2590 2592
f 2590 2579 2591
f 2600 2597 2595
f 2601 2600 2598
f 2599 2598 2602
f 2597 2599 2602
f 2603 2609 2604
f 2603 2608 2607
f 2605 2606 2607
f 2605 2607 2608
f 2612 2615 2610
f 2612 2613 2616
f 2615 2614 2611
f 2614 2613 2617
f 2613 2612 2617
f 2623 2618 2619
f 2621 2620 2622
f 2623 2621 2622
f 2622 2620 2624
f 2626 2632 2631
f 2636 2629 2625
f 2625 2632 2636
f 2639 2631 2633
f 2632 2635 2637
f 2637 2640 2639
f 2640 2634 2631
f 2639 2638 2637
f 2637 2634 2640
f 2647 2642 2641
f 2648 2643 2642
f 2649 2645 2646
f 2647 2650 2649
f 2651 2650 2656
f 2655 2653 2648
f 2647 2655 2648
f 2655 2647 2654
f 2656 2655 2651
f 2652 2656 2650
f 2654 2651 2655
f 2652 2655 2656
f 2667 2657 2661
f 2667 2658 2657
f 2661 2660 2659
f 2661 2659 2666
f 2666 2667 2661
f 2663 2661 2669
f 2659 2668 2666
f 2667 2666 2668
f 2669 2667 2663
f 2664 2669 2661
f 2668 2663 2667
f 2664 2667 2669
f 2678 2673 2684
f 2675 2670 2677
f 2682 2675 2677
f 2679 2678 2670
f 2685 2679 2670
f 2672 2678 2679
f 2670 2671 2685
f 2684 2681 2680
f 2682 2684 2683
f 2684 2686 2685
f 2686 2680 2679
f 2685 2683 2684
f 2684 2680 2686
f 2687 2695 2689
f 2696 2687 2702
f 2689 2695 2692
f 2689 2692 2688
f 2689 2693 2694
f 2688 2699 2700
f 2701 2703 2694
f 2698 2703 2699
f 2688 2698 2699
f 2704 2698 2688
f 2691 2697 2690
f 2697 2698 2704
f 2698 2697 2702
f 2712 2714 2710
f 2720 2714 2713
f 2710 2714 2709
f 2711 2708 2710
f 2723 2709 2714
f 2712 2706 2713
f 2719 2705 2708
f 2712 2708 2705
f 2706 2720 2713
f 2711 2719 2708
f 2720 2723 2714
f 2723 2717 2718
f 2715 2718 2719
f 2720 2716 2717
f 2719 2716 2705
f 2719 2718 2717
f 2716 2706 2705
f 2720 2706 2716
f 2719 2711 2715
f 2744 2741 2740
f 2725 2743 2724
f 2751 2734 2733
f 2752 2732 2789
f 2745 2742 2744
f 2744 2726 2745
f 2726 2743 2725
f 2724 2750 2786
f 2736 2743 2738
f 2742 2730 2732
f 2750 2787 2786
f 2738 2743 2735
f 2733 2736 2738
f 2726 2744 2743
f 2741 2733 2735
f 2749 2729 2745
f 2743 2740 2735
f 2732 2747 2789
f 2741 2735 2740
f 2740 2743 2744
f 2739 2736 2734
f 2751 2793 2788
f 2733 2755 2751
f 2742 2754 2733
f 2796 2760 2759
f 2759 2797 2796
f 2797 2760 2795
f 2758 2762 2761
f 2758 2759 2760
f 2736 2728 2743
f 2742 2733 2744
f 2734 2750 2728
f 2779 2783 2773
f 2731 2746 2748
f 2781 2780 2776
f 2788 2777 2778
f 2780 2778 2775
f 2766 2782 2769
f 2773 2769 2768
f 2768 2781 2776
f 2772 2746 2731
f 2751 2788 2787
f 2770 2783 2771
f 2773 2768 2776
f 2767 2775 2788
f 2746 2766 2770
f 2765 2782 2785
f 2773 2776 2774
f 2781 2763 2786
f 2785 2724 2786
f 2781 2787 2780
f 2789 2783 2790
f 2792 2767 2788
f 2790 2783 2767
f 2796 2795 2760
f 2769 2783 2766
f 2746 2771 2748
f 2776 2780 2775
f 2773 2774 2779
f 2773 2783 2769
f 2798 2821 2799
f 2813 2806 2807
f 2820 2811 2828
f 2814 2820 2806
f 2805 2802 2826
f 2821 2800 2799
f 2828 2798 2864
f 2804 2858 2827
f 2808 2825 2810
f 2866 2828 2864
f 2812 2826 2821
f 2821 2816 2812
f 2809 2808 2823
f 2804 2808 2809
f 2829 2819 2813
f 2804 2827 2802
f 2802 2827 2830
f 2812 2816 2813
f 2863 2830 2827
f 2815 2803 2818
f 2828 2803 2821
f 2814 2818 2811
f 2820 2871 2835
f 2834 2806 2820
f 2834 2807 2806
f 2833 2825 2807
f 2873 2840 2837
f 2836 2837 2839
f 2836 2840 2838
f 2837 2836 2838
f 2807 2805 2826
f 2816 2821 2814
f 2855 2854 2850
f 2859 2866 2864
f 2824 2822 2809
f 2856 2859 2846
f 2853 2865 2862
f 2862 2856 2852
f 2858 2861 2857
f 2849 2858 2804
f 2846 2859 2857
f 2849 2809 2822
f 2853 2862 2852
f 2852 2846 2851
f 2866 2867 2820
f 2855 2847 2848
f 2862 2866 2856
f 2845 2851 2844
f 2857 2860 2843
f 2857 2859 2842
f 2846 2850 2851
f 2810 2848 2824
f 2841 2859 2864
f 2798 2863 2864
f 2855 2810 2868
f 2865 2845 2867
f 2844 2870 2845
f 2855 2868 2844
f 2874 2840 2873
f 2872 2840 2874
f 2848 2822 2824
f 2851 2850 2854
f 2824 2809 2823
f 2847 2855 2861
f 2876 2888 2889
f 2875 2889 2907
f 2879 2878 2890
f 2897 2891 2909
f 2882 2890 2891
f 2883 2877 2885
f 2881 2899 2900
f 2893 2876 2894
f 2891 2901 2882
f 2889 2906 2907
f 2907 2908 2887
f 2880 2886 2877
f 2881 2876 2886
f 2903 2880 2879
f 2879 2911 2878
f 2888 2915 2889
f 2904 2888 2905
f 2895 2913 2896
f 2883 2885 2884
f 2876 2881 2888
f 2875 2914 2894
f 2875 2894 2876
f 2903 2899 2881
f 2903 2879 2902
f 2901 2881 2882
f 2900 2882 2881
f 2901 2891 2904
f 2898 2888 2881
f 2882 2902 2879
f 2897 2888 2891
f 2877 2896 2885
f 2932 2927 2933
f 2933 2927 2934
f 2934 2928 2935
f 2937 2951 2943
f 2953 2945 2948
f 2953 2948 2946
f 2943 2951 2941
f 2952 2950 2953
f 2962 2956 2955
f 2951 2938 2950
f 2942 2943 2941
f 2964 2960 2959
f 2966 2942 2957
f 2965 2940 2943
f 2956 2954 2955
f 2961 2963 2962
f 2971 2939 2940
f 2970 2972 2966
f 2972 2963 2964
f 2965 2971 2940
f 2966 2957 2967
f 2972 2969 2966
f 2942 2963 2957
f 2963 2942 2956
f 2954 2942 2941
f 2970 2957 2963
f 2972 2970 2963
f 2981 2983 2982
f 2994 2997 2993
f 3002 2991 2990
f 2989 2991 3002
f 3002 2990 3016
f 3003 3019 3018
f 2992 2998 3000
f 3008 2996 3009
f 2991 3004 3005
f 3010 3003 2997
f 3002 3015 3017
f 3018 2892 2993
f 3018 2993 3003
f 3001 2995 2992
f 3001 3004 2991
f 2995 3012 2994
f 2911 2994 2878
f 2989 3002 3017
f 2989 3013 3014
f 2996 2991 2989
f 2990 2914 2887
f 3005 2990 2991
f 2994 3012 3011
f 2996 3010 2997
f 2997 3009 2996
f 3003 3010 3013
f 3007 2989 3014
f 2911 3020 2994
f 2997 3011 3009
f 3020 3006 2994
f 3019 2989 3017
f 2992 3000 3006
f 3033 3035 3037
f 3034 2932 3036
f 3035 3036 3037
f 3050 3039 3044
f 3058 3045 3087
f 3048 3041 3047
f 3044 3042 3050
f 3051 3041 3049
f 3061 3055 3062
f 3040 3050 3049
f 3041 3051 3052
f 3041 3040 3049
f 3041 3052 3047
f 3043 3042 3044
f 2964 3059 3062
f 3043 3064 3057
f 2940 3063 3044
f 2944 3045 3058
f 3041 2949 2958
f 3055 3056 3054
f 3068 3065 3064
f 2940 3044 3045
f 3045 3044 3053
f 3066 2964 3070
f 3069 2939 3066
f 3062 3070 2964
f 3057 3064 3065
f 3068 3057 3065
f 3070 3067 3069
f 3054 3043 3055
f 3068 3062 3057
f 3070 3062 3068
f 3089 2937 2944
f 3096 2958 3088
f 3094 2958 3095
f 3088 2938 3096
f 3096 2937 3091
f 3094 3039 3040
f 3087 3039 3092
f 2938 3088 2953
f 3090 3040 3041
f 2958 2953 3088
f 3096 3091 3089
f 3092 3094 3097
f 3089 3093 3096
f 3093 3095 3096
f 3089 3087 3093
f 3095 3093 3097
f 3093 3087 3097
f 3089 2944 3087
f 3103 3101 3109
f 3120 3106 3102
f 3112 3100 3099
f 3108 3110 3107
f 3110 3108 3111
f 3106 3112 3098
f 3098 3104 3102
f 3104 3098 3099
f 3105 3113 3103
f 3105 3114 3113
f 3107 3114 3108
f 3107 3116 3115
f 3103 3113 3116
f 3118 3104 3100
f 3120 3104 3119
f 3121 3100 3106
f 3116 3118 3115
f 3113 3119 3116
f 3113 3117 3120
f 3115 3121 3114
f 3115 3118 3121
f 3132 3127 3134
f 3136 3130 3133
f 3124 3126 3123
f 3135 3133 3131
f 3133 3135 3136
f 3132 3135 3131
f 3123 3129 3122
f 3124 3128 3126
f 3122 3129 3125
f 3129 3123 3126
f 3124 3123 3122
f 3132 3139 3127
f 3137 3130 3127
f 3130 3140 3133
f 3140 3131 3133
f 3131 3139 3132
f 3142 3128 3143
f 3141 3129 3144
f 3145 3129 3141
f 3128 3145 3143
f 3144 3126 3142
f 3142 3139 3138
f 3143 3137 3139
f 3137 3141 3140
f 3144 3138 3140
f 3136 3135 3134
f 3157 3154 3151
f 3152 3149 3150
f 3156 3146 3148
f 3153 3157 3156
f 3153 3154 3157
f 3157 3155 3156
f 3153 3149 3152
f 3158 3154 3152
f 3157 3146 3155
f 3153 3147 3149
f 3163 3171 3150
f 3159 3168 3162
f 3166 3165 3169
f 3170 3171 3166
f 3160 3161 3150
f 3165 3161 3168
f 3158 3171 3170
f 3173 3175 3176
f 3197 3176 3184
f 3172 3181 3174
f 3179 3178 3182
f 3183 3184 3179
f 3172 3190 3177
f 3172 3182 3180
f 3178 3173 3181
f 3184 3183 3197
f 3197 3189 3176
f 3176 3189 3187
f 3195 3192 3190
f 3194 3185 3188
f 3191 3195 3194
f 3191 3192 3195
f 3195 3193 3194
f 3191 3189 3197
f 3196 3192 3197
f 3190 3185 3193
f 3185 3190 3172
f 3191 3187 3189
f 3197 3183 3196
f 3200 3206 3201
f 3203 3199 3202
f 3205 3202 3206
f 3199 3205 3204
f 3200 3201 3198
f 3204 3202 3199
f 3205 3200 3204
f 3198 3207 3204
f 3200 3198 3204
f 3215 3210 3211
f 3209 3213 3212
f 3212 3214 3215
f 3214 3209 3216
f 3211 3210 3208
f 3216 3212 3217
f 3208 3217 3211
f 3218 3221 3219
f 3222 3220 3218
f 3222 3221 3223
f 3218 3224 3226
f 3220 3225 3221
f 3218 3226 3222
f 3220 3227 3225
f 3222 3228 3219
f 3223 3229 3227
f 3219 3228 3224
f 3233 3230 3231
f 3232 3234 3230
f 3234 3233 3231
f 3230 3236 3231
f 3241 3232 3233
f 3240 3230 3234
f 3232 3237 3235
f 3238 3234 3231
f 3235 3239 3233
f 3243 3247 3246
f 3242 3245 3244
f 3251 3249 3252
f 3253 3252 3266
f 3252 3249 3266
f 3243 3255 3254
f 3256 3247 3242
f 3257 3248 3242
f 3259 3263 3258
f 3258 3261 3259
f 3265 3253 3266
f 3249 3265 3266
f 3259 3255 3262
f 3263 3256 3258
f 3258 3256 3264
f 3264 3257 3258
f 3274 3269 3270
f 3272 3267 3273
f 3268 3271 3267
f 3271 3273 3267
f 3270 3267 3272
f 3276 3281 3279
f 3277 3279 3275
f 3285 3283 3282
f 3285 3284 3283
f 3284 3285 3282
f 3286 3290 3289
f 3287 3291 3288
f 3290 3291 3289
f 3292 3295 3293
f 3296 3294 3292
f 3296 3295 3297
f 3292 3298 3300
f 3294 3299 3295
f 3292 3300 3296
f 3294 3301 3299
f 3296 3302 3293
f 3297 3303 3301
f 3293 3302 3298
f 3307 3304 3305
f 3306 3308 3304
f 3308 3307 3305
f 3304 3310 3305
f 3315 3306 3307
f 3314 3304 3308
f 3306 3311 3309
f 3312 3308 3305
f 3309 3313 3307
f 3321 3318 3319
f 3323 3319 3316
f 3321 3323 3324
f 3316 3320 3317
f 3324 3319 3318
f 3324 3323 3317
f 3317 3320 3324
f 3322 3317 3323
f 3331 3326 3325
f 3327 3330 3328
f 3328 3332 3325
f 3332 3330 3333
f 3329 3325 3326
f 3333 3328 3329
f 3332 3333 3326
f 3335 3337 3336
f 3334 3336 3339
f 3337 3338 3336
f 3340 3335 3334
f 3335 3336 3334
f 3343 3341 3342
f 3342 3344 3343
f 3344 3342 3346
f 3347 3341 3343
f 3342 3341 3345
f 3354 3348 3368
f 3367 3348 3354
f 3363 3372 3355
f 3361 3371 3370
f 3351 3367 3424
f 3426 3353 3351
f 3354 3426 3349
f 3367 3349 3425
f 3424 3367 3425
f 3350 3360 3352
f 3348 3359 3369
f 3348 3358 3359
f 3358 3372 3370
f 3371 3366 3362
f 3361 3366 3371
f 3366 3356 3364
f 3365 3356 3366
f 3360 3372 3358
f 3360 3362 3355
f 3359 3370 3371
f 3358 3370 3359
f 3369 3359 3360
f 3370 3372 3361
f 3350 3348 3369
f 3364 3362 3366
f 3364 3355 3362
f 3379 3380 3389
f 3379 3389 3392
f 3390 3383 3391
f 3384 3383 3390
f 3388 3386 3378
f 3375 3378 3386
f 3375 3386 3385
f 3389 3374 3390
f 3380 3379 3373
f 3381 3383 3373
f 3383 3384 3373
f 3384 3380 3373
f 3376 3385 3390
f 3392 3378 3391
f 3387 3377 3393
f 3393 3377 3392
f 3392 3389 3393
f 3390 3391 3376
f 3421 3420 3411
f 3423 3422 3416
f 3418 3421 3410
f 3422 3411 3419
f 3422 3419 3416
f 3413 3416 3419
f 3415 3421 3418
f 3415 3418 3412
f 3431 3433 3432
f 3432 3430 3435
f 3428 3432 3434
f 3435 3430 3434
f 3433 3430 3432
f 3498 3432 3435
f 3429 3435 3434
f 3429 3432 3497
f 3497 3432 3496
f 3439 3431 3448
f 3444 3437 3443
f 3436 3445 3443
f 3436 3443 3437
f 3436 3444 3445
f 3438 3447 3442
f 3442 3447 3441
f 3447 3440 3441
f 3440 3446 3439
f 3445 3438 3439
f 3440 3439 3448
f 3446 3443 3445
f 3443 3447 3444
f 3431 3438 3430
f 3457 3456 3461
f 3461 3456 3465
f 3464 3455 3454
f 3463 3454 3455
f 3455 3453 3462
f 3449 3453 3457
f 3458 3459 3451
f 3459 3460 3452
f 3449 3461 3462
f 3455 3456 3453
f 3453 3456 3457
f 3462 3453 3449
f 3449 3457 3461
f 3461 3450 3460
f 3452 3464 3463
f 3464 3452 3465
f 3452 3460 3450
f 3452 3450 3465
f 3461 3465 3450
f 3494 3492 3483
f 3483 3495 3494
f 3493 3491 3488
f 3483 3493 3495
f 3491 3493 3482
f 3488 3485 3495
f 3492 3487 3490
f 3490 3487 3484
f 3487 3494 3486
f 3486 3495 3485
f 3501 3500 3502
f 3509 3513 3508
f 3506 3507 3504
f 3510 3506 3504
f 3501 3503 3504
f 3508 3525 3509
f 3506 3512 3505
f 3514 3501 3513
f 3505 3501 3507
f 3513 3515 3514
f 3513 3509 3515
f 3531 3503 3502
f 3531 3500 3514
f 3517 3518 3519
f 3524 3523 3522
f 3525 3528 3530
f 3524 3522 3521
f 3518 3524 3521
f 3526 3522 3527
f 3520 3518 3521
f 3522 3512 3527
f 3518 3529 3528
f 3523 3518 3528
f 3530 3528 3529
f 3515 3530 3529
f 3529 3514 3515
f 3520 3531 3519
f 3517 3531 3529
f 3533 3534 3535
f 3540 3539 3538
f 3540 3538 3537
f 3534 3540 3537
f 3543 3538 3544
f 3536 3534 3537
f 3538 3545 3544
f 3534 3547 3546
f 3539 3534 3546
f 3548 3546 3547
f 3542 3546 3548
f 3536 3564 3535
f 3533 3564 3547
f 3551 3550 3552
f 3558 3561 3541
f 3556 3557 3554
f 3559 3556 3554
f 3551 3553 3554
f 3556 3545 3555
f 3562 3551 3561
f 3564 3562 3547
f 3555 3551 3557
f 3558 3548 3563
f 3563 3548 3562
f 3564 3553 3552
f 3564 3550 3562
f 3572 3570 3571
f 3578 3579 3577
f 3580 3582 3583
f 3590 3592 3597
f 3588 3593 3591
f 3603 3599 3590
f 3602 3594 3593
f 3586 3587 3593
f 3600 3588 3599
f 3591 3599 3588
f 3592 3589 3597
f 3602 3589 3601
f 3588 3600 3593
f 3584 3591 3593
f 3598 3595 3597
f 3596 3590 3595
f 3601 3594 3602
f 3595 3590 3597
f 3585 3593 3587
f 3603 3598 3602
f 3638 3636 3637
f 3706 3705 3704
f 3705 3706 3704
f 3723 3724 3722
f 3724 3723 3722
f 3802 3801 3800
f 3800 3801 3802
f 3816 3817 3818
f 3841 3839 3840
f 3855 3856 3854
f 3856 3855 3854
f 3924 3923 3925
f 3923 3924 3925
f 3931 3936 3935
f 3929 3933 3936
f 3940 3942 3941
f 3948 3953 3952
f 3953 3946 3950
f 3965 3966 3964
f 3964 3966 3965
f 3977 3972 3976
f 3974 3970 3977
f 3982 3981 3983
f 3994 3989 3993
f 3991 3987 3994
f 4051 4050 4049
f 4048 4049 4050
f 4059 4056 4057
f 4066 4067 4065
f 4123 4126 4125
f 4156 4152 4153
f 4153 4154 4155
f 4152 4158 4154
f 4157 4155 4158
f 4171 4170 4172
f 4174 4172 4170
f 4169 4171 4173
f 4172 4169 4173
f 4180 4182 4175
f 4178 4181 4177
f 4176 4182 4180
f 4184 4187 4186
f 4186 4185 4183
f 4190 4189 4188
f 4190 4214 4213
f 4192 4194 4195
f 4191 4193 4196
f 4203 4226 4202
f 4204 4203 4201
f 4201 4205 4199
f 4207 4208 4210
f 4183 4185 4210
f 4213 4211 4212
f 4218 4219 4216
f 4225 4226 4227
f 4227 4226 4203
f 4205 4224 4200
f 4228 4227 4230
f 4229 4225 4223
f 4296 4289 4288
f 4289 4296 4287
f 4304 4303 4302
f 4305 4300 4303
f 4299 4303 4300
f 4298 4307 4303
f 4304 4301 4305
f 4304 4300 4301
f 4307 4302 4303
f 4303 4299 4298
f 4291 4297 4290
f 4288 4313 4287
f 4289 4313 4288
f 4315 4318 4317
f 4321 4323 4322
f 4322 4317 4316
f 4318 4314 4323
f 4316 4321 4322
f 4317 4321 4316
f 4318 4320 4317
f 4315 4323 4314
f 4319 4308 4290
f 4325 4326 4330
f 4336 4341 4339
f 4334 4339 4342
f 4338 4344 4341
f 4338 4341 4345
f 4338 4351 4350
f 4345 4347 4351
f 4336 4346 4348
f 4337 4350 4349
f 4335 4348 4347
f 4351 4353 4357
f 4349 4356 4355
f 4347 4354 4353
f 4350 4357 4356
f 4348 4352 4354
f 4353 4359 4357
f 4354 4359 4353
f 4357 4359 4356
f 4352 4358 4354
f 4362 4361 4360
f 4368 4369 4367
f 4370 4372 4373
f 4554 4552 4549
f 4553 4551 4550
f 4555 4550 4552
f 4557 4554 4549
f 4552 4556 4557
f 4554 4558 4551
f 4558 4549 4551
f 4558 4555 4557
f 4564 4562 4563
f 4566 4582 4580
f 4580 4583 4579
f 4579 4584 4578
f 4578 4585 4577
f 4577 4586 4576
f 4576 4587 4575
f 4575 4588 4574
f 4574 4589 4573
f 4573 4590 4572
f 4572 4591 4571
f 4571 4592 4570
f 4570 4593 4569
f 4569 4594 4568
f 4568 4595 4567
f 4567 4596 4565
f 4565 4581 4566
f 4596 4597 4581
f 4595 4597 4596
f 4593 4597 4594
f 4590 4598 4591
f 4587 4598 4588
f 4586 4599 4587
f 4585 4599 4586
f 4582 4599 4583
f 4582 4597 4599
f 4610 4609 4608
f 4612 4628 4626
f 4626 4629 4625
f 4625 4630 4624
f 4624 4631 4623
f 4623 4632 4622
f 4622 4633 4621
f 4621 4634 4620
f 4620 4635 4619
f 4619 4636 4618
f 4618 4637 4617
f 4617 4638 4616
f 4616 4639 4615
f 4615 4640 4614
f 4614 4641 4613
f 4613 4642 4611
f 4611 4627 4612
f 4642 4643 4627
f 4641 4643 4642
f 4641 4644 4643
f 4638 4644 4639
f 4636 4644 4637
f 4633 4645 4634
f 4631 4645 4632
f 4628 4643 4629
f 4659 4658 4660
f 4660 4658 4659
f 4662 4678 4676
f 4676 4679 4675
f 4675 4680 4674
f 4674 4681 4673
f 4673 4682 4672
f 4672 4683 4671
f 4671 4684 4670
f 4670 4685 4669
f 4669 4686 4668
f 4668 4687 4667
f 4667 4688 4666
f 4666 4689 4665
f 4665 4690 4664
f 4664 4691 4663
f 4663 4692 4661
f 4661 4677 4662
f 4692 4693 4677
f 4691 4693 4692
f 4691 4694 4693
f 4688 4694 4689
f 4687 4694 4688
f 4684 4694 4685
f 4682 4695 4683
f 4681 4695 4682
f 4679 4695 4680
f 4678 4693 4679
f 4698 4700 4699
f 4710 4712 4708
f 4712 4713 4708
f 4745 4746 4747
f 4747 4746 4745
f 4749 4765 4763
f 4763 4766 4762
f 4762 4767 4761
f 4761 4768 4760
f 4760 4769 4759
f 4759 4770 4758
f 4758 4771 4757
f 4757 4772 4756
f 4756 4773 4755
f 4755 4774 4754
f 4754 4775 4753
f 4753 4776 4752
f 4752 4777 4751
f 4751 4778 4750
f 4750 4779 4748
f 4748 4764 4749
f 4779 4782 4764
f 4779 4780 4782
f 4777 4780 4778
f 4776 4780 4777
f 4774 4780 4775
f 4773 4781 4780
f 4771 4781 4772
f 4769 4781 4770
f 4769 4782 4781
f 4767 4782 4768
f 4764 4782 4765
f 4784 4788 4783
f 4804 4805 4803
f 4803 4805 4804
f 4806 4808 4809
f 4809 4810 4811
f 4811 4812 4813
f 4813 4814 4815
f 4815 4816 4817
f 4817 4818 4819
f 4819 4820 4821
f 4821 4822 4823
f 4823 4824 4825
f 4825 4826 4827
f 4827 4828 4829
f 4829 4830 4831
f 4831 4832 4833
f 4833 4834 4835
f 4835 4836 4837
f 4837 4807 4806
f 4836 4838 4807
f 4832 4838 4834
f 4830 4838 4832
f 4828 4839 4830
f 4820 4839 4822
f 4816 4839 4818
f 4814 4840 4816
f 4812 4840 4814
f 4810 4838 4840
f 4807 4838 4808
f 4841 4844 4843
f 4851 4852 4853
f 4879 4875 4877
f 4880 4877 4875
f 4878 4876 4879
f 4881 4888 4882
f 4884 4887 4883
f 4883 4887 4885
f 4882 4888 4886
f 4893 4898 4896
f 4896 4895 4893
f 4894 4897 4898
f 4905 4899 4900
f 4899 4905 4904
f 4906 4902 4901
f 4906 4901 4903
f 4905 4900 4904
f 4913 4909 4907
f 4912 4909 4913
f 4910 4912 4913
f 4912 4908 4909
f 4918 4916 4919
f 4919 4917 4918
f 4916 4920 4919
f 4914 4919 4921
f 4920 4921 4922
f 4924 4925 4926
f 4923 4928 4927
f 4915 4914 4921
f 4937 4934 4936
f 4937 4939 4935
f 4934 4937 4935
f 4938 4937 4936
f 4934 4940 4931
f 4909 4944 4907
f 4942 4943 4945
f 4908 4943 4909
f 4949 4948 4947
f 4950 4946 4949
f 4950 4915 4946
f 4950 4951 4915
f 4951 4950 4949
f 4954 4955 4953
f 4915 4951 4914
f 4963 4966 4965
f 4966 4963 4964
f 4967 4966 4969
f 4968 4963 4961
f 4970 4971 4973
f 4972 4970 4973
f 4971 4972 4973
f 4983 4980 4996
f 4990 4978 4981
f 4986 4979 4988
f 4982 4987 4988
f 4985 4986 4989
f 4984 4986 4985
f 4986 4988 4992
f 4991 4993 4990
f 4990 4993 4978
f 5002 5001 5006
f 5000 5002 5004
f 5006 5004 5002
f 5018 5009 5008
f 5017 5016 5009
f 5014 5009 5015
f 5017 5019 5016
f 5010 5011 5012
f 5007 5009 5014
f 5013 5015 5019
f 5029 5022 5028
f 5028 5025 5030
f 5022 5020 5025
f 5021 5020 5022
f 5024 5023 5026
f 5020 5024 5025
f 5023 5027 5026
f 5025 5027 5030
f 5055 5054 5033
f 5068 5038 5045
f 5058 5064 5043
f 5064 5042 5073
f 5073 5045 5064
f 5063 5047 5046
f 5035 5053 5032
f 5057 5055 5032
f 5063 5045 5044
f 5058 5043 5037
f 5043 5063 5034
f 5044 5048 5049
f 5044 5050 5063
f 5036 5061 5060
f 5060 5038 5059
f 5048 5045 5034
f 5047 5049 5048
f 5041 5053 5052
f 5033 5060 5059
f 5035 5040 5072
f 5072 5065 5035
f 5051 5052 5035
f 5074 5070 5071
f 5067 5073 5074
f 5067 5074 5071
f 5073 5072 5040
f 5069 5066 5051
f 5065 5069 5051
f 5035 5065 5051
f 5085 5076 5080
f 5083 5080 5082
f 5079 5082 5078
f 5087 5086 5075
f 5081 5075 5078
f 5081 5082 5080
f 5085 5083 5079
f 5085 5079 5084
f 5085 5084 5076
f 5171 5149 5170
f 5155 5156 5148
f 5176 5058 5159
f 5151 5155 5148
f 5176 5174 5175
f 5175 5180 5176
f 5169 5151 5148
f 5171 5057 5148
f 5162 5174 5161
f 5159 5058 5153
f 5159 5174 5176
f 5167 5161 5174
f 5164 5167 5174
f 5158 5163 5174
f 5164 5163 5158
f 5056 5171 5170
f 5160 5154 5172
f 5168 5041 5062
f 5165 5162 5161
f 5164 5166 5167
f 5164 5150 5165
f 5154 5152 5172
f 5154 5175 5162
f 5169 5041 5168
f 5160 5152 5149
f 5149 5173 5160
f 5157 5151 5183
f 5177 5183 5151
f 5168 5051 5151
f 5181 5070 5042
f 5180 5178 5181
f 5181 5178 5182
f 5180 5181 5042
f 5179 5051 5066
f 5177 5051 5179
f 5151 5051 5177
f 5171 5173 5149
f 5187 5190 5189
f 5186 5189 5190
f 5190 5187 5192
f 5193 5194 5184
f 5193 5188 5194
f 5184 5188 5185
f 5077 5193 5184
f 5192 5186 5190
f 5197 5090 5089
f 5088 5262 5089
f 5256 5264 5255
f 5262 5263 5089
f 5254 5256 5088
f 5091 5254 5088
f 5197 5195 5196
f 5264 5261 5259
f 5263 5197 5089
f 5260 5195 5261
f 5260 5091 5195
f 5262 5255 5264
f 5262 5259 5263
f 5270 5272 5269
f 5268 5267 5274
f 5273 5268 5272
f 5274 5275 5269
f 5283 5265 5271
f 5279 5270 5275
f 5275 5287 5278
f 5285 5281 5283
f 5265 5281 5274
f 5274 5282 5275
f 5281 5265 5283
f 5288 5286 5283
f 5282 5283 5275
f 5275 5283 5286
f 5276 5287 5286
f 5285 5284 5282
f 5289 5292 5290
f 5295 5293 5299
f 5296 5300 5297
f 5295 5299 5294
f 5297 5300 5298
f 5303 5304 5301
f 5302 5305 5303
f 5327 5325 5324
f 5331 5333 5332
f 5333 5331 5330
f 5344 5350 5335
f 5351 5343 5336
f 5343 5339 5340
f 5347 5344 5342
f 5345 5343 5340
f 5338 5344 5341
f 5342 5344 5335
f 5343 5346 5337
f 5343 5337 5336
f 5343 5352 5339
f 5344 5348 5341
f 5349 5344 5338
f 5337 5362 5355
f 5345 5358 5361
f 5342 5353 5360
f 5338 5359 5356
f 5351 5354 5367
f 5339 5368 5357
f 5340 5357 5358
f 5335 5366 5353
f 5352 5367 5368
f 5349 5356 5365
f 5350 5365 5366
f 5341 5364 5359
f 5348 5363 5364
f 5336 5355 5354
f 5346 5361 5362
f 5347 5360 5363
f 5354 5371 5370
f 5358 5373 5361
f 5353 5369 5360
f 5359 5372 5356
f 5360 5374 5363
f 5361 5371 5362
f 5356 5372 5365
f 5365 5369 5366
f 5354 5370 5367
f 5368 5370 5373
f 5392 5408 5406
f 5406 5409 5405
f 5405 5410 5404
f 5404 5411 5403
f 5403 5412 5402
f 5402 5413 5401
f 5401 5414 5400
f 5400 5415 5399
f 5399 5416 5398
f 5398 5417 5397
f 5397 5418 5396
f 5396 5419 5395
f 5395 5420 5394
f 5394 5421 5393
f 5393 5422 5391
f 5391 5407 5392
f 5422 5425 5407
f 5421 5423 5422
f 5419 5423 5420
f 5416 5424 5423
f 5414 5424 5415
f 5412 5424 5413
f 5410 5424 5411
f 5408 5425 5409
f 5426 5431 5429
f 5427 5432 5431
f 5427 5428 5432
f 5439 5438 5437
f 5441 5457 5455
f 5455 5458 5454
f 5454 5459 5453
f 5453 5460 5452
f 5452 5461 5451
f 5451 5462 5450
f 5450 5463 5449
f 5449 5464 5448
f 5448 5465 5447
f 5447 5466 5446
f 5446 5467 5445
f 5445 5468 5444
f 5444 5469 5443
f 5443 5470 5442
f 5442 5471 5440
f 5440 5456 5441
f 5471 5474 5456
f 5470 5472 5471
f 5468 5472 5469
f 5466 5472 5467
f 5465 5473 5472
f 5463 5473 5464
f 5461 5473 5462
f 5459 5473 5460
f 5457 5474 5458
f 5493 5494 5492
f 5492 5494 5493
f 5496 5512 5511
f 5510 5513 5512
f 5509 5514 5513
f 5508 5515 5514
f 5507 5516 5515
f 5506 5517 5516
f 5505 5518 5517
f 5504 5519 5518
f 5503 5520 5519
f 5502 5521 5520
f 5501 5522 5521
f 5500 5523 5522
f 5499 5524 5523
f 5498 5525 5524
f 5497 5526 5525
f 5495 5511 5526
f 5529 5526 5511
f 5527 5525 5526
f 5525 5527 5524
f 5527 5523 5524
f 5527 5522 5523
f 5522 5527 5521
f 5521 5527 5520
f 5520 5528 5519
f 5528 5518 5519
f 5518 5528 5517
f 5528 5516 5517
f 5516 5528 5515
f 5528 5514 5515
f 5514 5529 5513
f 5529 5512 5513
f 5512 5529 5511
f 5537 5531 5536
f 5533 5530 5537
f 5541 5542 5540
f 5540 5542 5541
f 5544 5560 5559
f 5558 5561 5560
f 5557 5562 5561
f 5556 5563 5562
f 5555 5564 5563
f 5554 5565 5564
f 5553 5566 5565
f 5552 5567 5566
f 5551 5568 5567
f 5550 5569 5568
f 5549 5570 5569
f 5548 5571 5570
f 5547 5572 5571
f 5546 5573 5572
f 5545 5574 5573
f 5543 5559 5574
f 5575 5574 5559
f 5575 5573 5574
f 5573 5575 5572
f 5575 5571 5572
f 5571 5576 5570
f 5576 5569 5570
f 5569 5576 5568
f 5568 5576 5567
f 5576 5566 5567
f 5566 5577 5565
f 5577 5564 5565
f 5564 5577 5563
f 5577 5562 5563
f 5562 5575 5561
f 5575 5560 5561
f 5560 5575 5559
f 5580 5578 5582
f 5595 5596 5594
f 5594 5596 5595
f 5598 5614 5613
f 5612 5615 5614
f 5611 5616 5615
f 5610 5617 5616
f 5609 5618 5617
f 5608 5619 5618
f 5607 5620 5619
f 5606 5621 5620
f 5605 5622 5621
f 5604 5623 5622
f 5603 5624 5623
f 5602 5625 5624
f 5601 5626 5625
f 5600 5627 5626
f 5599 5628 5627
f 5597 5613 5628
f 5629 5628 5613
f 5628 5629 5627
f 5627 5629 5626
f 5629 5625 5626
f 5625 5630 5624
f 5624 5630 5623
f 5630 5622 5623
f 5622 5630 5621
f 5630 5620 5621
f 5630 5619 5620
f 5630 5618 5619
f 5618 5631 5617
f 5631 5616 5617
f 5616 5631 5615
f 5615 5629 5614
f 5614 5629 5613
f 5669 5652 5670
f 5652 5669 5668
f 5667 5652 5668
f 5666 5653 5667
f 5665 5653 5666
f 5653 5665 5664
f 5653 5664 5663
f 5662 5653 5663
f 5661 5654 5662
f 5654 5661 5660
f 5654 5660 5659
f 5658 5654 5659
f 5652 5658 5657
f 5656 5652 5657
f 5655 5652 5656
f 5652 5655 5670
f 5686 5670 5655
f 5684 5655 5656
f 5683 5656 5657
f 5682 5657 5658
f 5681 5658 5659
f 5680 5659 5660
f 5679 5660 5661
f 5678 5661 5662
f 5677 5662 5663
f 5676 5663 5664
f 5675 5664 5665
f 5674 5665 5666
f 5673 5666 5667
f 5672 5667 5668
f 5671 5668 5669
f 5685 5669 5670
f 5689 5688 5687
f 5688 5689 5687
f 5722 5705 5723
f 5721 5705 5722
f 5720 5706 5721
f 5706 5720 5719
f 5718 5706 5719
f 5707 5718 5717
f 5707 5717 5716
f 5707 5716 5715
f 5714 5707 5715
f 5707 5714 5713
f 5712 5707 5713
f 5711 5707 5712
f 5705 5711 5710
f 5709 5705 5710
f 5708 5705 5709
f 5705 5708 5723
f 5739 5723 5708
f 5737 5708 5709
f 5736 5709 5710
f 5735 5710 5711
f 5734 5711 5712
f 5733 5712 5713
f 5732 5713 5714
f 5731 5714 5715
f 5730 5715 5716
f 5729 5716 5717
f 5728 5717 5718
f 5727 5718 5719
f 5726 5719 5720
f 5725 5720 5721
f 5724 5721 5722
f 5738 5722 5723
f 5742 5741 5740
f 5773 5756 5774
f 5772 5756 5773
f 5771 5757 5772
f 5757 5771 5770
f 5769 5757 5770
f 5758 5769 5768
f 5758 5768 5767
f 5758 5767 5766
f 5765 5758 5766
f 5758 5765 5764
f 5763 5758 5764
f 5762 5758 5763
f 5756 5762 5761
f 5760 5756 5761
f 5759 5756 5760
f 5756 5759 5774
f 5790 5774 5759
f 5788 5759 5760
f 5787 5760 5761
f 5786 5761 5762
f 5785 5762 5763
f 5784 5763 5764
f 5783 5764 5765
f 5782 5765 5766
f 5781 5766 5767
f 5780 5767 5768
f 5779 5768 5769
f 5778 5769 5770
f 5777 5770 5771
f 5776 5771 5772
f 5775 5772 5773
f 5789 5773 5774
f 5792 5793 5791
f 5793 5792 5791
f 5798 5797 5799
f 5801 5817 5816
f 5815 5818 5817
f 5814 5819 5818
f 5813 5820 5819
f 5812 5821 5820
f 5811 5822 5821
f 5810 5823 5822
f 5809 5824 5823
f 5808 5825 5824
f 5807 5826 5825
f 5806 5827 5826
f 5805 5828 5827
f 5804 5829 5828
f 5803 5830 5829
f 5802 5831 5830
f 5800 5816 5831
f 5832 5831 5816
f 5832 5830 5831
f 5830 5832 5829
f 5832 5828 5829
f 5828 5833 5827
f 5833 5826 5827
f 5833 5825 5826
f 5825 5833 5824
f 5833 5823 5824
f 5823 5834 5822
f 5834 5821 5822
f 5821 5834 5820
f 5834 5819 5820
f 5819 5834 5818
f 5834 5817 5818
f 5817 5832 5816
f 5836 5838 5837
f 5855 5873 5872
f 5855 5872 5871
f 5870 5855 5871
f 5855 5870 5869
f 5868 5855 5869
f 5856 5868 5867
f 5866 5856 5867
f 5856 5866 5865
f 5864 5856 5865
f 5857 5864 5863
f 5857 5863 5862
f 5861 5857 5862
f 5857 5861 5860
f 5859 5857 5860
f 5855 5859 5858
f 5855 5858 5873
f 5889 5873 5858
f 5887 5858 5859
f 5886 5859 5860
f 5885 5860 5861
f 5884 5861 5862
f 5883 5862 5863
f 5882 5863 5864
f 5881 5864 5865
f 5880 5865 5866
f 5879 5866 5867
f 5878 5867 5868
f 5877 5868 5869
f 5876 5869 5870
f 5875 5870 5871
f 5874 5871 5872
f 5888 5872 5873
f 5890 5891 5892
f 5903 5904 5909
f 5912 5928 5927
f 5910 5927 5926
f 5925 5910 5926
f 5910 5925 5924
f 5923 5910 5924
f 5910 5923 5922
f 5921 5910 5922
f 5911 5921 5920
f 5919 5911 5920
f 5918 5911 5919
f 5911 5918 5917
f 5916 5911 5917
f 5912 5916 5915
f 5914 5912 5915
f 5912 5914 5913
f 5912 5913 5928
f 5944 5928 5913
f 5942 5913 5914
f 5941 5914 5915
f 5940 5915 5916
f 5939 5916 5917
f 5938 5917 5918
f 5937 5918 5919
f 5936 5919 5920
f 5935 5920 5921
f 5934 5921 5922
f 5933 5922 5923
f 5932 5923 5924
f 5931 5924 5925
f 5930 5925 5926
f 5929 5926 5927
f 5943 5927 5928
f 5947 5946 5945
f 5946 5947 5945
f 5960 5959 5961
f 5979 5964 5980
f 5962 5979 5978
f 5977 5962 5978
f 5962 5977 5976
f 5975 5962 5976
f 5962 5975 5974
f 5973 5962 5974
f 5963 5973 5972
f 5971 5963 5972
f 5963 5971 5970
f 5963 5970 5969
f 5968 5963 5969
f 5964 5968 5967
f 5966 5964 5967
f 5964 5966 5965
f 5964 5965 5980
f 5996 5980 5965
f 5994 5965 5966
f 5993 5966 5967
f 5992 5967 5968
f 5991 5968 5969
f 5990 5969 5970
f 5989 5970 5971
f 5988 5971 5972
f 5987 5972 5973
f 5986 5973 5974
f 5985 5974 5975
f 5984 5975 5976
f 5983 5976 5977
f 5982 5977 5978
f 5981 5978 5979
f 5995 5979 5980
f 5999 5997 5998
f 6105 6106 6107
f 6105 6107 6106
f 6109 6125 6123
f 6123 6126 6122
f 6122 6127 6121
f 6121 6128 6120
f 6120 6129 6119
f 6119 6130 6118
f 6118 6131 6117
f 6117 6132 6116
f 6116 6133 6115
f 6115 6134 6114
f 6114 6135 6113
f 6113 6136 6112
f 6112 6137 6111
f 6111 6138 6110
f 6110 6139 6108
f 6108 6124 6109
f 6139 6142 6124
f 6138 6140 6139
f 6136 6140 6137
f 6133 6140 6134
f 6131 6141 6132
f 6129 6141 6130
f 6129 6142 6141
f 6127 6142 6128
f 6144 6150 6149
f 6159 6160 6158
f 6162 6178 6176
f 6176 6179 6175
f 6175 6180 6174
f 6174 6181 6173
f 6173 6182 6172
f 6172 6183 6171
f 6171 6184 6170
f 6170 6185 6169
f 6169 6186 6168
f 6168 6187 6167
f 6167 6188 6166
f 6166 6189 6165
f 6165 6190 6164
f 6164 6191 6163
f 6163 6192 6161
f 6161 6177 6162
f 6192 6195 6177
f 6191 6193 6192
f 6189 6193 6190
f 6187 6193 6188
f 6186 6194 6187
f 6184 6194 6185
f 6182 6194 6183
f 6180 6195 6181
f 6177 6195 6178
f 6209 6211 6210
f 6216 6221 6215
f 6232 6230 6231
f 6232 6231 6230
f 6234 6250 6249
f 6248 6251 6250
f 6247 6252 6251
f 6246 6253 6252
f 6245 6254 6253
f 6244 6255 6254
f 6243 6256 6255
f 6242 6257 6256
f 6241 6258 6257
f 6240 6259 6258
f 6239 6260 6259
f 6238 6261 6260
f 6237 6262 6261
f 6236 6263 6262
f 6235 6264 6263
f 6233 6249 6264
f 6265 6264 6249
f 6265 6263 6264
f 6265 6262 6263
f 6265 6261 6262
f 6266 6260 6261
f 6266 6259 6260
f 6259 6266 6258
f 6258 6266 6257
f 6266 6256 6257
f 6256 6267 6255
f 6267 6254 6255
f 6267 6253 6254
f 6253 6265 6252
f 6252 6265 6251
f 6265 6250 6251
f 6250 6265 6249
f 6270 6268 6269
f 6276 6277 6323
f 6280 6279 6278
f 6280 6278 6279
f 6282 6298 6297
f 6296 6299 6298
f 6295 6300 6299
f 6294 6301 6300
f 6293 6302 6301
f 6292 6303 6302
f 6291 6304 6303
f 6290 6305 6304
f 6289 6306 6305
f 6288 6307 6306
f 6287 6308 6307
f 6286 6309 6308
f 6285 6310 6309
f 6284 6311 6310
f 6283 6312 6311
f 6281 6297 6312
f 6313 6312 6297
f 6313 6311 6312
f 6314 6310 6311
f 6310 6314 6309
f 6309 6314 6308
f 6314 6307 6308
f 6307 6315 6306
f 6306 6315 6305
f 6315 6304 6305
f 6304 6315 6303
f 6315 6302 6303
f 6302 6315 6301
f 6301 6313 6300
f 6300 6313 6299
f 6313 6298 6299
f 6298 6313 6297
f 6322 6318 6321
f 6382 6383 6384
f 6384 6383 6382
f 6386 6402 6400
f 6400 6403 6399
f 6399 6404 6398
f 6398 6405 6397
f 6397 6406 6396
f 6396 6407 6395
f 6395 6408 6394
f 6394 6409 6393
f 6393 6410 6392
f 6392 6411 6391
f 6391 6412 6390
f 6390 6413 6389
f 6389 6414 6388
f 6388 6415 6387
f 6387 6416 6385
f 6385 6401 6386
f 6416 6417 6401
f 6415 6417 6416
f 6414 6417 6415
f 6414 6418 6417
f 6412 6418 6413
f 6410 6418 6411
f 6408 6418 6409
f 6406 6419 6407
f 6405 6419 6406
f 6405 6417 6419
f 6402 6417 6403
f 6430 6431 6429
f 6429 6431 6430
f 6433 6449 6447
f 6447 6450 6446
f 6446 6451 6445
f 6445 6452 6444
f 6444 6453 6443
f 6443 6454 6442
f 6442 6455 6441
f 6441 6456 6440
f 6440 6457 6439
f 6439 6458 6438
f 6438 6459 6437
f 6437 6460 6436
f 6436 6461 6435
f 6435 6462 6434
f 6434 6463 6432
f 6432 6448 6433
f 6463 6464 6448
f 6462 6464 6463
f 6461 6465 6462
f 6459 6466 6465
f 6457 6466 6458
f 6455 6466 6456
f 6453 6466 6454
f 6452 6466 6453
f 6451 6466 6452
f 6449 6464 6450
f 6467 6470 6469
f 6472 6468 6473
f 6653 6651 6652
f 6789 6791 6790
f 6880 6881 6879
f 6908 6907 6906
f 6924 6923 6922
f 6930 6931 6928
f 6928 6932 6930
f 6932 6929 6933
f 6929 6934 6933
f 6955 6949 6945
f 6945 6949 6946
f 6948 6944 6947
f 6955 6948 6950
f 6947 6944 6946
f 6954 6951 6952
f 6955 6952 6953
f 6956 6951 6954
f 6955 6951 6956
f 7020 7017 7018
f 7028 7021 7023
f 7024 7023 7021
f 7028 7029 7025
f 7022 7026 7027
f 7021 7028 7025
f 7029 7027 7025
f 7037 7032 7030
f 7032 7033 7030
f 7031 7030 7033
f 7037 7034 7038
f 7036 7035 7031
f 7030 7035 7034
f 7036 7038 7034
f 7045 7039 7042
f 7044 7041 7040
f 7044 7042 7041
f 7041 7042 7039
f 7045 7046 7043
f 7043 7040 7039
f 7039 7045 7043
f 7046 7044 7043
f 7048 7050 7049
f 7047 7049 7050
f 7055 7053 7054
f 7049 7057 7055
f 7052 7060 7051
f 7062 7059 7061
f 7057 7062 7055
f 7066 7064 7065
f 7077 7074 7076
f 7073 7076 7074
f 7077 7073 7074
f 7071 7068 7069
f 7070 7068 7072
f 7063 7065 7064
f 7063 7066 7067
f 7079 7081 7080
f 7085 7084 7086
f 7076 7088 7089
f 7077 7088 7075
f 7086 7083 7087
f 7083 7085 7087
f 7078 7080 7082
f 7081 7078 7082
f 80 22 68
f 80 68 79
f 137 96 138
f 144 143 68
f 201 205 206
f 203 208 207
f 209 215 213
f 215 210 213
f 211 216 214
f 216 212 214
f 538 527 446
f 700 609 688
f 1312 1288 1307
f 1312 1307 1308
f 1312 1305 1273
f 1374 1370 1369
f 1374 1336 1368
f 1385 1388 1387
f 1383 1396 1381
f 1398 1399 1393
f 1405 1407 1404
f 1402 1400 1413
f 1416 1418 1417
f 1561 1569 1562
f 1561 1562 1559
f 1614 1613 1612
f 1614 1612 1616
f 1669 1668 1667
f 1669 1667 1670
f 1721 1730 1723
f 1721 1723 1719
f 2884 2896 2879
f 2999 2994 3006
f 3068 3064 3070
f 7106 7108 7105
f 7099 7092 7095
f 7098 7110 7103
f 7111 7094 7096
f 7107 7095 7096
f 7094 7107 7096
f 7103 7097 7098
f 7108 7102 7104
f 7110 7107 7093
f 7090 7101 7100
f 7092 7090 7100
f 7095 7092 7106
f 7107 7094 7093
f 7103 7093 7105
f 7095 7105 7094
f 7120 7114 7121
f 7124 7125 7126
f 7131 7123 7130
f 7129 7123 7128
f 7127 7124 7126
f 7132 7136 7140
f 7141 7136 7138
f 7134 7139 7135
f 7133 7141 7134
f 7107 7145 7091
f 7155 7146 7156
f 7090 7149 7142
f 7142 7149 7145
f 7157 7098 7152
f 7144 7143 7154
f 7158 7142 7155
f 7151 7153 7152
f 7144 7148 7147
f 7145 7107 7147
f 7143 7157 7152
f 7107 7144 7147
f 7097 7152 7098
f 7158 7156 7150
f 7146 7152 7153
f 7151 7146 7153
f 7156 7158 7155
f 7107 7157 7143
f 7090 7150 7097
f 7090 7142 7158
f 7144 7107 7143
f 7143 7152 7154
f 7145 7154 7155
f 7164 7165 7163
f 7162 7170 7171
f 7161 7169 7171
f 7177 7131 7178
f 7176 7177 7178
f 7172 7174 7173
f 7174 7175 7176
f 7181 7132 7179
f 7183 7181 7184
f 7139 7180 7135
f 7183 7184 7180
f 7192 7186 7191
f 7191 7186 7199
f 7192 7189 7194
f 7193 7201 7187
f 7192 7196 7195
f 7196 7185 7197
f 7201 7189 7188
f 7192 7193 7196
f 7196 7187 7185
f 7202 7188 7191
f 7197 7198 7200
f 7203 7198 7190
f 7196 7207 7195
f 7188 7204 7206
f 7205 7201 7206
f 7195 7199 7186
f 7205 7204 7197
f 7200 7198 7203
f 7214 7209 7210
f 7208 7213 7209
f 7214 7210 7212
f 7210 7211 7208
f 7217 7218 7216
f 7215 7218 7217
f 7229 7224 7220
f 7220 7222 7230
f 7224 7222 7220
f 7221 7227 7226
f 7227 7225 7228
f 7226 7227 7223
f 7231 7223 7228
f 7228 7224 7231
f 7231 7229 7223
f 7219 7229 7220
f 7230 7219 7220
f 7230 7229 7219
f 7221 7228 7225
f 7246 7247 7243
f 7243 7238 7246
f 7240 7244 7238
f 7246 7239 7245
f 7245 7238 7243
f 7251 7250 7249
f 7251 7249 7252
f 7253 7254 7248
f 7261 7263 7256
f 7259 7263 7260
f 7261 7260 7263
f 7259 7261 7262
f 7263 7259 7258
f 7280 7273 7279
f 7280 7287 7264
f 7268 7278 7274
f 7268 7271 7276
f 7279 7274 7278
f 7265 7268 7269
f 7269 7270 7265
f 7269 7267 7270
f 7276 7271 7272
f 7271 7273 7272
f 7272 7299 7300
f 7275 7281 7267
f 7278 7277 7279
f 7280 7264 7275
f 7281 7266 7267
f 7278 7281 7264
f 7281 7265 7266
f 7285 7303 7283
f 7283 7286 7304
f 7284 7285 7304
f 7298 7290 7301
f 7288 7293 7299
f 7299 7301 7291
f 7297 7289 7293
f 7290 7300 7302
f 7293 7295 7297
f 7299 7291 7288
f 7288 7296 7293
f 7288 7294 7296
f 7299 7300 7298
f 7273 7300 7299
f 7294 7297 7295
f 7302 7289 7287
f 7290 7302 7287
f 7302 7300 7289
f 7292 7294 7288
f 7286 7284 7306
f 7283 7303 7305
f 7303 7282 7306
f 7304 7306 7284
f 7305 7304 7286
f 7277 7290 7280
f 7278 7292 7291
f 7264 7292 7278
f 7290 7287 7280
f 7308 7309 7307
f 7328 7329 7349
f 7353 7329 7351
f 7349 7329 7353
f 7398 7367 7368
f 7373 7372 7355
f 7386 7356 7355
f 7371 7370 7384
f 7372 7399 7386
f 7420 7413 7417
f 7416 7471 7470
f 7411 7472 7417
f 7412 7469 7419
f 7421 7415 7419
f 7412 7419 7415
f 7416 7421 7419
f 7476 7417 7414
f 7417 7413 7478
f 7478 7422 7417
f 7416 7410 7421
f 7410 7416 7415
f 7410 7474 7421
f 7422 7418 7414
f 7417 7472 7420
f 7426 7431 7430
f 7426 7432 7424
f 7430 7427 7428
f 7431 7432 7429
f 7432 7428 7429
f 7426 7429 7428
f 7427 7429 7424
f 7424 7479 7425
f 7427 7425 7423
f 7423 7479 7424
f 7426 7427 7423
f 7436 7437 7434
f 7434 7438 7439
f 7434 7437 7435
f 7448 7445 7442
f 7441 7448 7442
f 7447 7446 7444
f 7448 7446 7447
f 7445 7448 7444
f 7447 7444 7448
f 7443 7445 7444
f 7474 7415 7421
f 7414 7419 7473
f 7471 7422 7475
f 7471 7473 7470
f 7476 7473 7471
f 7411 7476 7478
f 7470 7410 7469
f 7411 7477 7472
f 7477 7413 7472
f 7484 7486 7480
f 7486 7481 7479
f 7484 7485 7482
f 7482 7486 7483
f 7484 7481 7425
f 7481 7483 7479
f 7486 7479 7480
f 7483 7484 7479
f 7425 7480 7423
f 7436 7439 7440
f 7437 7440 7439
f 7440 7487 7438
f 7487 7439 7438
f 7439 7435 7437
f 7438 7433 7436
f 7488 7493 7495
f 7490 7492 7491
f 7491 7495 7490
f 7490 7493 7492
f 7493 7489 7491
f 7489 7488 7495
f 7494 7488 7489
f 7516 7512 7517
f 7520 7516 7521
f 7517 7515 7516
f 7514 7515 7517
f 7514 7513 7515
f 7514 7517 7512
f 7521 7522 7518
f 7518 7520 7521
f 7518 7522 7519
f 7515 7513 7521
f 7522 7521 7513
f 7528 7525 7524
f 7528 7530 7534
f 7528 7526 7525
f 7527 7524 7525
f 7524 7527 7530
f 7534 7526 7528
f 7529 7533 7532
f 7529 7526 7533
f 7531 7533 7534
f 7526 7534 7533
f 7537 7535 7538
f 7537 7538 7536
f 7519 7522 7512
f 7541 7539 7540
f 7546 7548 7545
f 7548 7549 7542
f 7547 7544 7550
f 7549 7550 7543
f 7544 7548 7550
f 7550 7542 7543
f 7544 7549 7543
f 7545 7549 7546
f 7556 7553 7551
f 7552 7554 7555
f 7567 7561 7569
f 7559 7555 7560
f 7557 7558 7556
f 7554 7559 7560
f 7557 7563 7554
f 7560 7555 7567
f 7562 7561 7555
f 7561 7563 7564
f 7566 7567 7569
f 7568 7551 7562
f 7556 7551 7564
f 7565 7567 7557
f 7565 7569 7558
f 7564 7566 7556
f 7562 7555 7553
f 7553 7561 7568
f 7558 7560 7567
f 7573 7576 7574
f 7577 7579 7578
f 7576 7579 7574
f 7577 7578 7572
f 7579 7575 7578
f 7571 7573 7579
f 7578 7575 7572
f 7571 7577 7572
f 7570 7577 7576
f 7587 7588 7583
f 7587 7589 7588
f 7587 7585 7589
f 7586 7591 7590
f 7595 7596 7592
f 7597 7593 7594
f 7594 7595 7597
f 7596 7608 7609
f 7596 7600 7601
f 7599 7598 7597
f 7598 7601 7595
f 7595 7600 7597
f 7592 7604 7595
f 7604 7598 7595
f 7600 7594 7599
f 7596 7604 7603
f 7607 7608 7598
f 7607 7604 7605
f 7602 7592 7605
f 7592 7597 7605
f 7603 7594 7593
f 7605 7596 7602
f 7606 7608 7599
f 7609 7606 7599
f 7607 7605 7597
f 7593 7596 7603
f 7602 7609 7594
f 7598 7606 7597
f 7607 7598 7604
f 7606 7607 7597
f 7613 7612 7610
f 7614 7615 7619
f 7616 7617 7615
f 7618 7619 7615
f 7618 7617 7613
f 7616 7612 7618
f 7611 7618 7613
f 7617 7612 7613
f 7617 7610 7619
f 7620 7621 7622
f 7625 7626 7624
f 7633 7631 7630
f 7634 7630 7631
f 7634 7635 7628
f 7631 7632 7629
f 7633 7635 7629
f 7630 7628 7635
f 7632 7628 7629
f 7632 7627 7634
f 7638 7636 7637
f 7645 7640 7639
f 7643 7645 7639
f 7648 7646 7644
f 7641 7643 7639
f 7639 7642 7641
f 7642 7640 7644
f 7640 7641 7644
f 7646 7641 7642
f 7647 7648 7644
f 7652 7650 7651
f 7652 7653 7650
f 7658 7660 7657
f 7660 7662 7661
f 7658 7662 7654
f 7661 7662 7655
f 7655 7659 7654
f 7662 7657 7656
f 7656 7654 7662
f 7655 7654 7656
f 7656 7660 7661
f 7683 7701 7679
f 7701 7703 7681
f 7704 7701 7683
f 7704 7706 7701
f 7768 7709 7713
f 7775 7715 7713
f 7708 7765 7716
f 7717 7711 7716
f 7708 7716 7711
f 7712 7717 7716
f 7772 7713 7710
f 7713 7709 7774
f 7774 7718 7713
f 7712 7707 7717
f 7707 7712 7711
f 7707 7770 7717
f 7718 7714 7710
f 7713 7715 7719
f 7719 7768 7713
f 7719 7715 7768
f 7723 7728 7727
f 7723 7729 7721
f 7727 7724 7725
f 7728 7729 7726
f 7729 7725 7726
f 7723 7726 7725
f 7724 7726 7721
f 7721 7776 7722
f 7724 7722 7720
f 7720 7776 7721
f 7723 7724 7720
f 7730 7732 7733
f 7731 7734 7732
f 7744 7741 7738
f 7737 7744 7738
f 7743 7742 7740
f 7744 7742 7743
f 7741 7744 7740
f 7743 7740 7744
f 7739 7741 7740
f 7770 7711 7717
f 7710 7716 7769
f 7767 7718 7771
f 7767 7769 7766
f 7772 7769 7767
f 7775 7772 7774
f 7766 7707 7765
f 7775 7773 7768
f 7773 7709 7768
f 7781 7783 7777
f 7783 7778 7776
f 7781 7782 7779
f 7779 7783 7780
f 7781 7778 7722
f 7778 7780 7776
f 7783 7776 7777
f 7780 7781 7776
f 7722 7777 7720
f 7730 7785 7736
f 7734 7736 7785
f 7731 7784 7735
f 7785 7732 7734
f 7786 7791 7793
f 7788 7790 7789
f 7789 7793 7788
f 7788 7791 7790
f 7791 7787 7789
f 7787 7786 7793
f 7792 7786 7787
f 7815 7810 7811
f 7810 7812 7813
f 7811 7814 7815
f 7813 7814 7811
f 7810 7813 7811
f 7818 7812 7810
f 7813 7812 7814
f 7819 7816 7817
f 7819 7820 7814
f 7817 7820 7819
f 7817 7816 7818
f 7819 7812 7816
f 7814 7812 7819
f 7826 7822 7823
f 7826 7828 7832
f 7831 7824 7832
f 7825 7823 7822
f 7832 7824 7826
f 7830 7831 7827
f 7830 7824 7831
f 7829 7831 7832
f 7836 7833 7835
f 7836 7835 7834
f 7818 7816 7812
f 7839 7837 7838
f 7841 7843 7842
f 7841 7840 7843
f 7844 7845 7846
f 7846 7848 7841
f 7847 7845 7844
f 7849 7846 7842
f 7849 7840 7844
f 7842 7848 7845
f 7842 7846 7841
f 7843 7848 7842
f 7840 7848 7847
f 7865 7852 7850
f 7851 7853 7854
f 7858 7851 7854
f 7855 7856 7865
f 7853 7857 7858
f 7855 7850 7853
f 7859 7865 7850
f 7862 7863 7864
f 7866 7865 7854
f 7866 7850 7860
f 7861 7863 7855
f 7861 7864 7856
f 7860 7862 7865
f 7866 7864 7859
f 7850 7855 7862
f 7856 7858 7863
f 7868 7869 7867
f 7875 7872 7870
f 7870 7873 7875
f 7872 7871 7867
f 7873 7874 7875
f 7874 7872 7869
f 7868 7870 7874
f 7869 7872 7867
f 7868 7871 7869
f 7867 7871 7873
f 7883 7884 7879
f 7883 7885 7884
f 7883 7881 7885
f 7882 7887 7886
f 7892 7893 7891
f 7888 7890 7889
f 7889 7892 7888
f 7901 7891 7888
f 7897 7889 7896
f 7895 7894 7888
f 7894 7897 7892
f 7892 7896 7888
f 7891 7898 7892
f 7898 7894 7892
f 7896 7889 7895
f 7893 7905 7899
f 7902 7903 7894
f 7899 7900 7906
f 7905 7891 7900
f 7900 7893 7906
f 7901 7903 7895
f 7902 7900 7891
f 7893 7899 7890
f 7906 7904 7890
f 7902 7891 7901
f 7895 7890 7904
f 7893 7903 7904
f 7910 7912 7911
f 7914 7910 7911
f 7914 7915 7907
f 7911 7912 7908
f 7913 7915 7908
f 7910 7907 7915
f 7912 7907 7908
f 7912 7909 7914
f 7917 7920 7919
f 7918 7919 7920
f 7922 7923 7921
f 7932 7930 7931
f 7929 7932 7926
f 7931 7930 7926
f 7933 7928 7930
f 7928 7932 7931
f 7929 7927 7933
f 7932 7924 7926
f 7925 7931 7926
f 7930 7924 7929
f 7943 7938 7937
f 7941 7943 7937
f 7946 7944 7942
f 7939 7941 7937
f 7937 7940 7939
f 7940 7938 7942
f 7938 7939 7942
f 7944 7939 7940
f 7945 7946 7942
f 7949 7950 7948
f 7954 7956 7951
f 7956 7952 7957
f 7952 7954 7957
f 7957 7955 7953
f 7952 7951 7953
f 7951 7956 7953
f 7987 7961 7960
f 7988 7987 7989
f 7974 8003 8002
f 7960 7975 7989
f 8017 8014 8042
f 8015 8042 8043
f 8016 8015 8041
f 8016 8041 8014
f 8027 8030 8028
f 8031 8032 8030
f 8024 8025 8026
f 8023 8030 8024
f 8029 8023 8024
f 8027 8026 8025
f 8028 8023 8025
f 8029 8025 8023
f 8030 8025 8024
f 8032 8024 8026
f 8033 8018 8034
f 8034 8020 8035
f 8035 8020 8033
f 8041 8015 8043
f 8042 8014 8041
f 8052 8053 8054
f 8055 8051 8050
f 8053 8050 8051
f 8046 8052 8047
f 8049 8050 8048
f 8046 8051 8048
f 8048 8052 8046
f 8048 8053 8047
f 8047 8055 8049
f 8018 8056 8057
f 8020 8057 8058
f 8020 8058 8056
f 8065 8068 8069
f 8067 8068 8064
f 8069 8071 8067
f 8068 8076 8064
f 8066 8070 8067
f 8070 8073 8069
f 8065 8075 8076
f 8072 8071 8078
f 8071 8069 8068
f 8073 8068 8067
f 8064 8072 8078
f 8076 8073 8072
f 8073 8065 8069
f 8079 8078 8071
f 8074 8079 8071
f 8072 8064 8080
f 8080 8076 8072
f 8079 8080 8078
f 8065 8078 8080
f 8080 8064 8065
f 8064 8077 8065
f 8081 8083 8082
f 8084 8086 8085
f 8116 8115 8112
f 8124 8128 8125
f 8123 8125 8127
f 8128 8126 8127
f 8124 8125 8123
f 8126 8123 8127
f 8129 8132 8131
f 8129 8130 8132
f 8137 8139 8138
f 8152 8150 8151
f 8154 8156 8153
f 8154 8157 8156
f 8155 8157 8154
f 8159 8160 8158
f 8166 8165 8162
f 8164 8166 8163
f 8169 8162 8165
f 8168 8174 8165
f 8179 8169 8165
f 8179 8164 8163
f 8174 8179 8165
f 8171 8179 8163
f 8170 8165 8175
f 8175 8166 8171
f 8171 8163 8175
f 8175 8172 8170
f 8172 8169 8176
f 8173 8170 8172
f 8176 8171 8173
f 8176 8168 8172
f 8172 8165 8173
f 8173 8167 8176
f 8171 8167 8170
f 8171 8178 8169
f 8164 8171 8177
f 8181 8182 8180
f 8180 8182 8181
f 8183 8185 8184
f 8184 8185 8183
f 8202 8205 8201
f 8204 8203 8200
f 8212 8213 8211
f 8220 8224 8219
f 8227 8225 8226
f 8225 8229 8226
f 8230 8226 8229
f 8230 8229 8228
f 8234 8232 8231
f 8233 8234 8231
f 8244 8242 8241
f 8252 8253 8254
f 8262 8259 8261
f 8266 8268 8270
f 8268 8265 8267
f 8266 8270 8267
f 8285 8284 8283
f 8283 8280 8282
f 8281 8285 8282
f 8290 8287 8286
f 8291 8289 8288
f 8290 8286 8294
f 8289 8293 8287
f 8287 8296 8295
f 8310 8304 8312
f 8309 8300 8307
f 8308 8321 8306
f 8302 8301 8314
f 8310 8308 8306
f 8312 8304 8311
f 8310 8313 8305
f 8314 8301 8303
f 8307 8299 8305
f 8305 8299 8304
f 8299 8300 8304
f 8323 8306 8321
f 8309 8305 8313
f 8309 8315 8323
f 8318 8319 8316
f 8312 8323 8321
f 8317 8318 8316
f 8322 8323 8324
f 8337 8334 8331
f 8338 8348 8332
f 8338 8335 8337
f 8338 8337 8347
f 8352 8333 8334
f 8330 8327 8329
f 8335 8336 8326
f 8327 8328 8329
f 8325 8337 8326
f 8342 8353 8346
f 8340 8347 8349
f 8338 8350 8351
f 8333 8349 8331
f 8345 8342 8346
f 8348 8340 8332
f 8347 8337 8339
f 8349 8347 8339
f 8344 8345 8346
f 8353 8342 8344
f 8344 8342 8345
f 8348 8343 8347
f 8343 8350 8347
f 8354 8358 8363
f 8359 8355 8365
f 8359 8357 8361
f 8356 8357 8370
f 8360 8356 8358
f 8359 8354 8362
f 8354 8363 8364
f 8359 8360 8354
f 8364 8366 8369
f 8369 8366 8358
f 8368 8365 8355
f 8370 8372 8374
f 8373 8356 8374
f 8362 8368 8355
f 8373 8372 8364
f 8358 8356 8369
f 8375 8376 8389
f 8379 8380 8378
f 8382 8379 8377
f 8381 8384 8382
f 8377 8396 8397
f 8383 8377 8397
f 8406 8389 8405
f 8382 8377 8381
f 8377 8383 8381
f 8387 8386 8388
f 8393 8395 8394
f 8406 8375 8390
f 8405 8376 8407
f 8396 8378 8399
f 8399 8397 8396
f 8379 8378 8396
f 8397 8399 8398
f 8404 8403 8402
f 8408 8409 8410
f 8406 8405 8401
f 8411 8412 8413
f 8412 8411 8413
f 8422 8420 8421
f 8420 8416 8421
f 8421 8417 8436
f 8416 8417 8421
f 8417 8416 8419
f 8425 8424 8426
f 8428 8427 8414
f 8431 8433 8432
f 8433 8431 8432
f 8434 8445 8444
f 8419 8439 8438
f 8437 8418 8436
f 8437 8436 8439
f 8439 8436 8438
f 8419 8438 8436
f 8443 8441 8442
f 8448 8449 8450
f 8427 8445 8415
f 8452 8458 8466
f 8455 8459 8461
f 8460 8454 8461
f 8451 8463 8464
f 8458 8455 8456
f 8455 8454 8456
f 8460 8459 8463
f 8456 8469 8458
f 8464 8467 8465
f 8465 8468 8457
f 8470 8466 8469
f 8463 8473 8464
f 8470 8456 8472
f 8471 8454 8467
f 8470 8464 8473
f 8466 8462 8452
f 8470 8471 8464
f 8477 8476 8475
f 8477 8474 8478
f 8477 8475 8474
f 8477 8479 8476
f 8483 8481 8482
f 8483 8482 8485
f 8483 8484 8480
f 8482 8480 8484
f 8483 8485 8484
f 8489 8488 8487
f 8489 8486 8490
f 8488 8490 8486
f 8489 8487 8486
f 8489 8491 8488
f 8495 8493 8494
f 8495 8494 8497
f 8495 8496 8492
f 8495 8497 8496
f 8501 8499 8500
f 8501 8500 8503
f 8501 8502 8498
f 8501 8503 8502
f 8507 8506 8505
f 8506 8508 8504
f 8507 8505 8504
f 8507 8509 8506
f 8508 8507 8504
f 8513 8518 8531
f 8531 8518 8512
f 8530 8524 8539
f 8515 8514 8512
f 8512 8514 8516
f 8524 8523 8510
f 8539 8510 8535
f 8530 8511 8523
f 8535 8540 8530
f 8533 8513 8534
f 8534 8531 8532
f 8513 8533 8517
f 8532 8533 8534
f 8543 8545 8544
f 8543 8544 8545
f 8547 8558 8553
f 8557 8548 8547
f 8556 8553 8558
f 8550 8551 8549
f 8568 8558 8554
f 8559 8567 8547
f 8551 8552 8549
f 8555 8554 8546
f 8571 8567 8569
f 8554 8557 8568
f 8557 8561 8570
f 8563 8572 8566
f 8565 8563 8566
f 8568 8571 8558
f 8569 8559 8553
f 8566 8572 8565
f 8564 8563 8565
f 8560 8562 8567
f 8570 8560 8568
f 8568 8560 8567
f 8562 8561 8567
f 8573 8596 8574
f 8582 8585 8583
f 8586 8587 8585
f 8579 8580 8581
f 8586 8578 8579
f 8585 8579 8578
f 8582 8581 8580
f 8583 8578 8580
f 8584 8580 8578
f 8585 8580 8579
f 8587 8579 8581
f 8591 8594 8593
f 8573 8595 8596
f 8595 8574 8597
f 8602 8600 8605
f 8601 8605 8604
f 8604 8608 8600
f 8600 8607 8601
f 8603 8609 8602
f 8600 8606 8605
f 8602 8607 8600
f 8605 8608 8604
f 8601 8609 8603
f 8624 8623 8622
f 8635 8636 8631
f 8646 8645 8644
f 8644 8647 8648
f 8649 8647 8645
f 8650 8651 8653
f 8652 8651 8650
f 8653 8652 8650
f 8671 8670 8672
f 8670 8671 8672
f 8676 8674 8673
f 8677 8675 8674
f 8681 8679 8680
f 8686 8684 8687
f 8685 8683 8686
f 8694 8686 8683
f 8688 8682 8685
f 8688 8685 8687
f 8684 8688 8691
f 8692 8686 8689
f 8689 8685 8690
f 8690 8685 8692
f 8690 8683 8689
f 8692 8694 8690
f 8692 8684 8691
f 8691 8688 8689
f 8689 8688 8692
f 8693 8691 8689
f 8691 8693 8694
f 8690 8696 8683
f 8696 8693 8689
f 8684 8696 8689
f 8683 8696 8684
f 8695 8683 8684
f 8700 8702 8701
f 8702 8700 8701
f 8713 8717 8718
f 8713 8722 8726
f 8716 8719 8721
f 8716 8715 8729
f 8720 8715 8721
f 8717 8713 8723
f 8720 8719 8713
f 8723 8728 8725
f 8725 8728 8718
f 8731 8727 8730
f 8713 8726 8723
f 8724 8727 8714
f 8731 8729 8733
f 8732 8715 8728
f 8731 8723 8726
f 8727 8722 8714
f 8724 8729 8730
f 8731 8732 8723
f 8715 8718 8728
f 8746 8749 8747
f 8830 8741 8736
f 8751 8742 8737
f 8750 8735 8738
f 8745 8743 8734
f 8741 8737 8742
f 8747 8737 8748
f 8738 8735 8744
f 8734 8736 8745
f 8744 8830 8734
f 8834 8823 8825
f 8829 8743 8752
f 8824 8738 8829
f 8753 8741 8830
f 8735 8832 8830
f 8735 8827 8832
f 8787 8791 8789
f 8789 8793 8788
f 8792 8786 8791
f 8815 8818 8814
f 8814 8819 8813
f 8813 8818 8815
f 8814 8818 8819
f 8813 8812 8811
f 8810 8814 8811
f 8813 8810 8812
f 8822 8816 8821
f 8820 8816 8822
f 8819 8821 8817
f 8818 8820 8822
f 8817 8820 8818
f 8824 8750 8738
f 8823 8833 8824
f 8737 8834 8825
f 8747 8748 8828
f 8746 8826 8827
f 8735 8746 8827
f 8852 8854 8842
f 8844 8843 8864
f 8847 8843 8844
f 8846 8865 8843
f 8846 8840 8865
f 8866 8839 8840
f 8841 8839 8864
f 8842 8840 8839
f 8856 8865 8840
f 8861 8843 8865
f 8843 8861 8863
f 8846 8845 8866
f 8846 8867 8845
f 8847 8848 8846
f 8844 8848 8847
f 8845 8869 8844
f 8851 8836 8853
f 8853 8836 8855
f 8855 8837 8857
f 8859 8838 8862
f 8862 8835 8849
f 8843 8863 8850
f 8869 8868 8848
f 8868 8867 8848
f 8906 8904 8905
f 8898 8990 8903
f 8899 8909 8898
f 8912 8907 8895
f 8901 8908 8902
f 8898 8905 8894
f 8912 8895 8900
f 8903 8902 8908
f 8983 8994 8985
f 8904 8986 8905
f 8989 8901 8895
f 8894 8991 8898
f 8901 8900 8895
f 8950 8952 8947
f 8951 8947 8946
f 8949 8946 8952
f 8945 8949 8950
f 8949 8945 8951
f 8951 8945 8950
f 8948 8950 8949
f 8982 8975 8976
f 8971 8976 8974
f 8982 8974 8975
f 8972 8974 8970
f 8969 8974 8972
f 8981 8977 8980
f 8978 8977 8981
f 8977 8979 8980
f 8977 8978 8979
f 8981 8971 8973
f 8980 8982 8971
f 8978 8973 8982
f 8984 8907 8993
f 8905 8988 8894
f 8904 8987 8986
f 8912 8987 8904
f 9024 9015 9002
f 9015 9013 9002
f 9027 9009 9008
f 9009 9027 9005
f 9005 9000 9028
f 9028 8999 9008
f 9025 9001 9011
f 8999 9001 9025
f 8999 9013 9001
f 9000 9024 9002
f 9026 9024 9000
f 9027 9021 9026
f 9020 9018 9024
f 9004 9005 9028
f 9027 9025 9003
f 9032 9029 9006
f 9030 9005 9004
f 9029 9009 9005
f 9032 9008 9009
f 9031 9004 9008
f 9006 9029 9031
f 9012 8995 9010
f 8996 9012 9014
f 8996 9014 9016
f 8997 9016 9017
f 9019 8997 9017
f 8998 9019 9022
f 8995 9022 9010
f 9023 9003 9011
f 9031 9029 9007
f 9007 9029 9030
f 8748 8741 8831
f 8748 8831 8828
f 8737 8749 8834
f 8988 8991 8894
f 8898 8985 8994
f 8898 8994 8906
f 7 6 1
f 19 20 15
f 3 1 13
f 15 11 21
f 13 11 3
f 3 27 34
f 14 18 33
f 31 33 4
f 32 11 15
f 11 32 28
f 28 15 2
f 33 31 30
f 30 29 33
f 15 28 32
f 8 34 27
f 2 3 28
f 2 27 3
f 8 31 7
f 4 5 6
f 41 42 74
f 22 23 37
f 37 23 24
f 38 19 55
f 37 36 35
f 37 41 36
f 58 40 55
f 45 44 43
f 59 48 57
f 48 54 44
f 50 52 46
f 46 51 50
f 51 46 49
f 43 48 45
f 56 57 39
f 58 59 56
f 47 54 48
f 40 58 56
f 48 59 58
f 71 63 73
f 72 70 68
f 65 63 71
f 66 78 67
f 62 63 66
f 64 60 66
f 18 10 33
f 17 9 75
f 10 17 75
f 35 74 12
f 78 77 67
f 72 69 76
f 78 65 72
f 66 65 78
f 80 23 22
f 79 70 23
f 81 85 86
f 95 91 15
f 90 81 82
f 82 93 90
f 82 86 104
f 100 94 14
f 104 86 8
f 83 100 101
f 15 93 103
f 93 82 99
f 8 101 102
f 101 100 26
f 103 99 15
f 98 104 8
f 102 101 26
f 85 84 83
f 111 112 113
f 108 113 105
f 108 96 22
f 20 39 109
f 109 95 20
f 124 95 109
f 35 107 108
f 107 113 108
f 84 97 112
f 111 113 107
f 140 105 97
f 126 119 124
f 57 118 127
f 116 122 120
f 120 121 116
f 39 57 125
f 118 123 117
f 126 127 118
f 140 131 138
f 128 134 130
f 68 137 139
f 139 137 133
f 134 128 132
f 106 138 96
f 141 87 92
f 88 100 141
f 139 136 76
f 136 133 134
f 22 96 144
f 144 96 143
f 96 137 143
f 53 43 118
f 168 171 172
f 170 171 164
f 160 159 148
f 152 155 151
f 156 151 155
f 148 161 153
f 145 158 186
f 156 155 157
f 163 164 161
f 160 166 162
f 161 164 168
f 145 153 149
f 156 157 158
f 165 163 159
f 145 148 153
f 167 172 147
f 169 170 163
f 167 149 161
f 173 151 149
f 162 174 159
f 152 173 146
f 175 173 147
f 190 197 196
f 176 179 154
f 183 181 180
f 181 155 152
f 160 154 179
f 155 181 183
f 183 185 157
f 198 190 189
f 188 166 160
f 190 193 197
f 198 192 193
f 180 182 176
f 192 194 193
f 186 185 183
f 182 179 176
f 192 184 178
f 198 180 192
f 180 181 184
f 187 179 198
f 195 191 189
f 177 184 152
f 220 222 218
f 218 222 221
f 219 221 222
f 217 222 220
f 224 225 226
f 225 223 226
f 223 224 226
f 241 239 240
f 243 244 248
f 246 247 249
f 247 246 248
f 298 302 310
f 302 294 299
f 303 307 301
f 309 307 305
f 299 309 291
f 299 301 309
f 300 310 293
f 313 290 304
f 313 311 295
f 311 313 301
f 303 313 312
f 309 301 307
f 308 299 318
f 317 310 314
f 291 292 318
f 329 341 336
f 320 326 330
f 320 321 328
f 326 320 328
f 333 334 340
f 291 340 320
f 340 321 320
f 333 340 291
f 300 297 323
f 332 319 339
f 339 319 327
f 338 339 331
f 334 321 340
f 329 330 326
f 292 325 322
f 325 292 291
f 364 354 355
f 364 355 344
f 347 352 362
f 363 344 360
f 349 350 352
f 345 350 351
f 354 345 351
f 344 355 353
f 352 345 365
f 365 345 364
f 358 357 356
f 366 346 367
f 346 366 363
f 359 360 357
f 358 356 343
f 360 344 357
f 381 370 369
f 373 387 388
f 386 369 370
f 377 376 371
f 371 381 379
f 389 371 378
f 370 372 386
f 392 372 391
f 385 384 390
f 384 374 368
f 390 369 386
f 396 397 394
f 397 398 395
f 398 396 393
f 399 400 403
f 400 401 402
f 445 455 478
f 483 458 461
f 436 450 456
f 438 454 447
f 455 447 511
f 445 463 455
f 515 448 441
f 447 449 453
f 449 451 452
f 462 459 484
f 447 453 513
f 497 504 441
f 481 480 440
f 459 445 481
f 485 459 481
f 445 459 463
f 480 437 440
f 464 465 457
f 472 445 527
f 474 473 469
f 476 465 464
f 477 464 469
f 476 475 465
f 536 477 469
f 450 436 438
f 446 445 478
f 435 437 468
f 469 464 435
f 442 439 482
f 457 482 439
f 481 440 485
f 461 486 443
f 458 462 486
f 485 443 486
f 461 443 479
f 489 488 458
f 490 492 466
f 491 490 493
f 494 491 493
f 492 489 457
f 455 516 478
f 506 498 468
f 473 474 532
f 468 496 470
f 471 495 506
f 446 527 445
f 555 518 501
f 513 515 551
f 511 512 516
f 523 518 555
f 544 551 504
f 513 551 512
f 520 524 526
f 529 521 522
f 540 519 523
f 497 545 504
f 512 511 513
f 501 512 546
f 551 515 504
f 526 524 522
f 533 509 529
f 529 528 534
f 533 529 536
f 536 469 533
f 501 518 514
f 517 514 518
f 498 506 499
f 496 498 499
f 505 526 539
f 525 520 526
f 503 539 522
f 507 541 520
f 541 523 524
f 508 540 541
f 525 526 505
f 528 522 554
f 542 546 547
f 550 544 545
f 554 524 556
f 550 549 552
f 547 552 549
f 544 550 551
f 561 559 558
f 560 557 562
f 560 528 554
f 523 555 553
f 494 561 558
f 491 494 558
f 532 474 496
f 469 473 531
f 467 437 445
f 462 456 463
f 502 527 519
f 517 518 523
f 530 527 506
f 472 471 467
f 533 531 532
f 622 626 648
f 619 613 599
f 610 617 601
f 611 612 616
f 674 610 620
f 678 668 604
f 616 612 610
f 630 623 625
f 615 614 612
f 649 621 624
f 676 616 610
f 648 626 625
f 688 618 637
f 634 639 638
f 630 629 641
f 634 630 642
f 640 629 631
f 601 628 620
f 628 601 613
f 643 618 609
f 700 643 609
f 633 632 600
f 633 600 598
f 635 633 598
f 598 630 634
f 618 646 645
f 605 648 647
f 602 647 625
f 606 650 622
f 650 624 626
f 607 649 650
f 652 625 626
f 627 626 624
f 631 655 653
f 631 656 655
f 653 655 654
f 656 629 625
f 633 662 671
f 639 692 693
f 635 658 633
f 636 632 671
f 618 688 609
f 665 689 718
f 679 675 674
f 688 699 679
f 675 708 714
f 668 714 707
f 675 714 676
f 687 683 686
f 680 717 683
f 684 681 702
f 676 674 675
f 665 706 708
f 668 678 714
f 704 686 683
f 688 681 699
f 666 688 664
f 706 665 718
f 690 691 680
f 695 691 690
f 697 690 694
f 695 698 691
f 696 695 690
f 677 689 665
f 663 671 662
f 701 680 687
f 669 667 701
f 687 686 685
f 680 701 667
f 681 666 703
f 686 704 672
f 683 684 704
f 703 672 704
f 669 687 685
f 686 672 685
f 711 708 705
f 670 707 713
f 715 683 717
f 709 712 713
f 712 709 711
f 714 713 707
f 708 709 714
f 683 716 684
f 720 721 723
f 724 719 722
f 722 719 717
f 716 718 684
f 698 722 691
f 720 657 654
f 658 638 693
f 688 679 643
f 700 688 643
f 692 639 634
f 676 611 616
f 600 618 645
f 628 619 624
f 684 689 699
f 659 660 671
f 637 618 632
f 721 725 724
f 693 692 694
f 760 762 763
f 761 763 764
f 766 760 763
f 769 768 765
f 763 769 765
f 769 763 767
f 772 773 770
f 773 772 774
f 775 770 773
f 772 777 774
f 775 773 777
f 777 772 776
f 783 781 782
f 778 780 782
f 779 781 783
f 785 778 782
f 779 784 781
f 788 787 784
f 785 782 784
f 788 784 779
f 791 792 789
f 790 792 791
f 790 793 792
f 796 795 798
f 797 798 793
f 794 793 795
f 798 795 793
f 792 794 795
f 789 792 795
f 801 802 799
f 800 802 801
f 804 799 802
f 800 803 802
f 806 803 805
f 804 802 806
f 810 809 811
f 810 811 814
f 807 813 815
f 812 811 809
f 814 811 816
f 820 819 821
f 825 820 821
f 822 826 821
f 820 825 823
f 827 825 826
f 822 824 826
f 823 825 827
f 828 831 830
f 830 833 829
f 832 833 831
f 830 831 833
f 833 837 829
f 836 837 834
f 835 837 836
f 837 832 831
f 838 841 840
f 840 846 844
f 845 846 843
f 844 846 845
f 846 842 841
f 838 843 846
f 847 851 849
f 849 851 848
f 851 856 850
f 854 856 852
f 853 855 854
f 856 855 850
f 854 855 856
f 853 851 855
f 861 859 860
f 861 860 858
f 863 865 860
f 864 860 866
f 867 870 869
f 873 869 874
f 880 877 879
f 880 878 876
f 878 879 881
f 878 881 876
f 882 884 881
f 876 881 885
f 890 889 891
f 886 890 888
f 888 890 887
f 890 891 887
f 894 895 892
f 893 891 894
f 895 891 889
f 891 895 894
f 895 889 890
f 886 892 895
f 896 899 898
f 898 901 897
f 898 899 901
f 901 900 897
f 903 900 904
f 913 908 909
f 910 914 911
f 905 907 914
f 907 908 911
f 910 911 908
f 910 908 913
f 915 917 918
f 920 915 918
f 921 923 919
f 925 922 924
f 925 923 921
f 923 924 918
f 928 929 926
f 927 931 928
f 931 929 928
f 935 930 931
f 932 926 929
f 927 935 931
f 934 935 933
f 929 930 935
f 932 929 935
f 938 939 936
f 939 938 940
f 941 940 938
f 943 941 938
f 942 941 944
f 944 941 943
f 939 940 941
f 936 939 941
f 947 948 945
f 946 948 947
f 949 948 953
f 949 954 948
f 950 945 948
f 950 954 952
f 952 953 951
f 954 949 953
f 950 948 954
f 953 948 951
f 958 957 956
f 966 965 964
f 974 973 972
f 982 981 980
f 996 995 991
f 1011 996 992
f 997 993 988
f 996 998 997
f 995 997 999
f 996 1000 1001
f 1027 1004 991
f 991 1004 1017
f 1014 1018 1015
f 1018 992 1017
f 1011 1013 1000
f 996 1011 1000
f 1019 1018 1041
f 1030 1027 1032
f 1027 1039 1004
f 1026 1029 1031
f 1042 1026 1031
f 1020 1027 995
f 1047 1041 1045
f 1042 1041 1038
f 1026 1042 1039
f 1042 1044 1043
f 1046 1044 1042
f 1041 1043 1045
f 1042 1031 1046
f 1018 1017 1038
f 1038 1017 1004
f 1059 1055 1054
f 1059 1058 1060
f 1054 1067 1090
f 1079 1081 1078
f 1075 1081 1055
f 1075 1077 1076
f 1063 1077 1075
f 1081 1076 1078
f 1095 1090 1093
f 1089 1090 1102
f 1089 1092 1091
f 1094 1092 1089
f 1090 1091 1093
f 1108 1104 1110
f 1105 1102 1101
f 1105 1107 1109
f 1101 1069 1081
f 1114 1121 1119
f 1123 1116 1120
f 1130 1124 1125
f 1167 1127 1126
f 1131 1147 1134
f 1137 1146 1132
f 1148 1139 1135
f 1138 1133 1141
f 1115 1140 1136
f 1144 1149 1182
f 1150 1160 1154
f 1157 1165 1151
f 1166 1159 1155
f 1163 1162 1164
f 1158 1153 1161
f 1177 1152 1156
f 1169 1175 1173
f 1178 1170 1174
f 1185 1202 1189
f 1191 1200 1186
f 1201 1193 1190
f 1192 1188 1194
f 1196 1195 1198
f 1197 1221 1238
f 1204 1211 1209
f 1215 1217 1214
f 1213 1205 1210
f 1253 1218 1216
f 1223 1231 1229
f 1237 1235 1236
f 1234 1225 1230
f 1240 1254 1243
f 1245 1256 1241
f 1255 1247 1244
f 1246 1242 1249
f 1250 1252 1251
f 1268 1266 1258
f 1276 1270 1281
f 1283 1275 1279
f 1273 1267 1286
f 1272 1306 1302
f 1276 1279 1280
f 1262 1282 1268
f 1291 1288 1309
f 1277 1278 1267
f 1276 1277 1270
f 1262 1267 1278
f 1279 1276 1283
f 1277 1276 1262
f 1281 1270 1257
f 1280 1266 1282
f 1258 1285 1286
f 1267 1273 1272
f 1267 1272 1270
f 1264 1260 1309
f 1263 1295 1261
f 1312 1273 1284
f 1287 1293 1292
f 1287 1292 1289
f 1289 1292 1274
f 1296 1295 1294
f 1260 1290 1291
f 1269 1264 1311
f 1299 1294 1287
f 1299 1289 1274
f 1297 1288 1287
f 1297 1294 1295
f 1294 1299 1296
f 1305 1272 1273
f 1305 1306 1272
f 1304 1303 1302
f 1303 1270 1272
f 1307 1288 1265
f 1259 1304 1265
f 1311 1288 1310
f 1291 1309 1260
f 1271 1269 1310
f 1297 1298 1263
f 1283 1281 1275
f 1316 1317 1313
f 1317 1318 1313
f 1318 1319 1314
f 1319 1316 1315
f 1316 1319 1317
f 1325 1334 1330
f 1321 1329 1330
f 1345 1332 1338
f 1341 1337 1344
f 1348 1334 1336
f 1343 1330 1329
f 1364 1367 1363
f 1342 1341 1338
f 1330 1343 1325
f 1371 1352 1353
f 1334 1340 1339
f 1339 1340 1325
f 1320 1332 1345
f 1342 1325 1343
f 1332 1363 1334
f 1327 1372 1371
f 1352 1328 1326
f 1335 1360 1358
f 1374 1333 1347
f 1352 1354 1351
f 1349 1354 1350
f 1335 1349 1346
f 1331 1373 1372
f 1324 1358 1357
f 1360 1346 1350
f 1350 1355 1360
f 1335 1346 1360
f 1356 1352 1326
f 1359 1326 1357
f 1350 1352 1356
f 1356 1359 1357
f 1358 1324 1361
f 1365 1322 1366
f 1365 1332 1322
f 1363 1332 1365
f 1369 1366 1328
f 1323 1371 1353
f 1333 1374 1373
f 1337 1345 1344
f 1375 1379 1380
f 1376 1380 1379
f 1377 1375 1380
f 1381 1396 1382
f 1386 1385 1387
f 1395 1399 1394
f 1383 1382 1396
f 1386 1387 1397
f 1390 1391 1392
f 1401 1413 1400
f 1411 1417 1412
f 1414 1407 1406
f 1410 1409 1408
f 1411 1416 1417
f 1425 1419 1420
f 1421 1422 1419
f 1421 1423 1420
f 1419 1422 1426
f 1420 1424 1426
f 1423 1421 1427
f 1430 1429 1431
f 1429 1432 1433
f 1433 1432 1430
f 1430 1434 1429
f 1433 1435 1431
f 1436 1434 1430
f 1437 1439 1440
f 1441 1442 1439
f 1441 1438 1440
f 1438 1447 1443
f 1437 1443 1445
f 1439 1442 1446
f 1438 1441 1445
f 1440 1444 1446
f 1451 1450 1448
f 1450 1453 1452
f 1452 1453 1451
f 1456 1455 1449
f 1451 1454 1450
f 1457 1456 1448
f 1449 1455 1457
f 1458 1454 1451
f 1459 1461 1462
f 1463 1464 1461
f 1463 1460 1462
f 1460 1469 1465
f 1459 1465 1467
f 1461 1464 1468
f 1460 1463 1467
f 1462 1466 1468
f 1473 1472 1470
f 1472 1475 1474
f 1474 1475 1473
f 1478 1477 1471
f 1473 1476 1472
f 1479 1478 1470
f 1471 1477 1479
f 1480 1476 1473
f 1481 1483 1484
f 1485 1486 1483
f 1485 1482 1484
f 1482 1491 1487
f 1481 1487 1489
f 1483 1486 1490
f 1482 1485 1489
f 1484 1488 1490
f 1495 1494 1492
f 1494 1497 1496
f 1496 1497 1495
f 1500 1499 1493
f 1495 1498 1494
f 1501 1500 1492
f 1493 1499 1501
f 1502 1498 1495
f 1506 1509 1505
f 1504 1506 1505
f 1503 1508 1504
f 1506 1504 1508
f 1505 1509 1508
f 1503 1507 1508
f 1512 1516 1513
f 1512 1513 1511
f 1515 1511 1513
f 1515 1516 1512
f 1601 1570 1519
f 1549 1546 1526
f 1533 1532 1530
f 1531 1527 1520
f 1520 1527 1544
f 1542 1543 1522
f 1545 1541 1527
f 1541 1544 1527
f 1523 1534 1517
f 1517 1542 1537
f 1542 1539 1538
f 1545 1524 1541
f 1555 1556 1562
f 1546 1549 1547
f 1517 1518 1532
f 1530 1526 1546
f 1527 1531 1530
f 1526 1531 1520
f 1532 1525 1528
f 1537 1536 1521
f 1539 1527 1521
f 1537 1542 1535
f 1541 1540 1543
f 1524 1545 1539
f 1536 1537 1535
f 1524 1542 1522
f 1581 1548 1526
f 1527 1529 1554
f 1525 1552 1528
f 1553 1529 1528
f 1562 1532 1528
f 1530 1566 1567
f 1529 1530 1569
f 1532 1565 1566
f 1585 1586 1587
f 1602 1585 1580
f 1598 1575 1573
f 1575 1592 1599
f 1575 1598 1592
f 1571 1594 1576
f 1596 1593 1571
f 1593 1588 1589
f 1616 1609 1608
f 1579 1571 1601
f 1571 1587 1586
f 1580 1581 1573
f 1585 1587 1579
f 1575 1584 1602
f 1585 1602 1584
f 1574 1597 1596
f 1593 1595 1571
f 1574 1575 1590
f 1595 1591 1592
f 1594 1595 1576
f 1590 1599 1577
f 1588 1596 1597
f 1598 1595 1592
f 1603 1593 1577
f 1579 1581 1580
f 1587 1571 1579
f 1573 1570 1601
f 1549 1600 1601
f 1548 1581 1600
f 1519 1570 1581
f 1583 1605 1578
f 1616 1608 1583
f 1616 1611 1610
f 1585 1622 1621
f 1584 1614 1623
f 1584 1583 1608
f 1586 1585 1620
f 1709 1652 1653
f 1655 1654 1631
f 1636 1637 1638
f 1656 1636 1631
f 1649 1633 1624
f 1633 1643 1650
f 1633 1649 1643
f 1625 1645 1628
f 1647 1644 1625
f 1644 1639 1640
f 1670 1664 1663
f 1651 1625 1652
f 1625 1638 1637
f 1653 1624 1631
f 1631 1632 1653
f 1636 1638 1651
f 1633 1635 1636
f 1627 1648 1647
f 1644 1646 1625
f 1627 1633 1641
f 1646 1642 1643
f 1645 1646 1628
f 1641 1650 1629
f 1639 1647 1648
f 1649 1646 1643
f 1657 1644 1629
f 1631 1654 1632
f 1624 1653 1652
f 1633 1659 1662
f 1634 1660 1630
f 1670 1663 1634
f 1670 1666 1665
f 1636 1676 1675
f 1635 1669 1677
f 1635 1634 1663
f 1637 1636 1674
f 1710 1688 1654
f 1654 1655 1710
f 1696 1695 1693
f 1694 1683 1681
f 1681 1683 1707
f 1705 1706 1684
f 1708 1704 1683
f 1704 1707 1683
f 1685 1697 1679
f 1679 1705 1700
f 1705 1702 1701
f 1708 1686 1704
f 1715 1716 1723
f 1688 1710 1709
f 1654 1681 1678
f 1679 1680 1695
f 1693 1689 1688
f 1689 1694 1681
f 1695 1687 1691
f 1692 1690 1683
f 1700 1699 1682
f 1702 1683 1682
f 1700 1705 1698
f 1704 1703 1706
f 1686 1708 1702
f 1699 1700 1698
f 1686 1705 1684
f 1688 1679 1696
f 1655 1652 1709
f 1690 1692 1714
f 1687 1712 1691
f 1713 1692 1691
f 1723 1695 1691
f 1693 1727 1728
f 1692 1693 1730
f 1692 1722 1715
f 1695 1726 1727
f 1735 1733 1731
f 1734 1733 1732
f 1737 1739 1734
f 1741 1743 1748
f 1743 1741 1742
f 1745 1747 1740
f 1748 1744 1741
f 1745 1740 1741
f 1747 1745 1744
f 1742 1741 1740
f 1753 1752 1751
f 1750 1753 1754
f 1757 1749 1756
f 1754 1756 1750
f 1752 1750 1749
f 1758 1761 1759
f 1768 1767 1766
f 1766 1769 1772
f 1768 1770 1767
f 1769 1773 1772
f 1766 1767 1769
f 1782 1778 1779
f 1778 1777 1776
f 1782 1783 1775
f 1776 1775 1783
f 1782 1775 1778
f 1777 1778 1775
f 1786 1784 1785
f 1791 1788 1784
f 1788 1787 1784
f 1798 1793 1799
f 1792 1795 1794
f 1799 1795 1798
f 1800 1805 1802
f 1805 1801 1803
f 1804 1806 1803
f 1800 1802 1806
f 1801 1805 1804
f 1809 1811 1807
f 1810 1808 1811
f 1812 1808 1810
f 1811 1812 1807
f 1807 1812 1813
f 1814 1819 1816
f 1819 1815 1817
f 1819 1814 1818
f 1818 1820 1817
f 1814 1816 1820
f 1823 1825 1821
f 1824 1822 1825
f 1826 1822 1824
f 1821 1826 1827
f 1830 1828 1840
f 1829 1830 1841
f 1835 1836 1839
f 1838 1835 1833
f 1839 1836 1837
f 1833 1837 1838
f 1834 1832 1837
f 1837 1831 1834
f 1832 1831 1835
f 1837 1836 1835
f 1858 1844 1846
f 1859 1846 1845
f 1851 1856 1853
f 1856 1857 1854
f 1851 1852 1855
f 1857 1855 1854
f 1848 1849 1847
f 1855 1849 1848
f 1855 1852 1849
f 1852 1847 1849
f 1850 1851 1857
f 1845 1844 1860
f 1903 1906 1905
f 1888 1880 1882
f 1909 1883 1891
f 1888 1887 1886
f 1889 1892 1885
f 1882 1890 1887
f 1892 1889 1879
f 1890 1886 1887
f 1884 1886 1912
f 1883 1865 1889
f 1881 1909 1910
f 1894 1863 1897
f 1893 1895 1896
f 1863 1894 1869
f 1897 1863 1862
f 1904 1905 1872
f 1900 1901 1871
f 1899 1902 1901
f 1910 1885 1892
f 1892 1879 1908
f 1895 1868 1866
f 1894 1867 1869
f 1873 1872 1878
f 1867 1866 1898
f 1893 1897 1862
f 1896 1895 1866
f 1907 1912 1910
f 1907 1911 1908
f 1877 1876 1902
f 1878 1875 1903
f 2016 1975 1979
f 1989 1985 2012
f 1990 1991 1992
f 1994 1989 1987
f 1991 1993 1984
f 1983 1993 1990
f 1981 1994 1988
f 1994 1968 1985
f 2013 2012 1983
f 1995 1996 1998
f 1965 1966 2001
f 1967 2000 1999
f 1973 2008 2007
f 1972 2004 2003
f 1988 1987 2013
f 2013 1987 2012
f 2011 2015 1982
f 2014 2011 1981
f 1969 1970 1997
f 1971 1999 1996
f 1998 1999 1969
f 2015 2014 2013
f 1986 2015 2010
f 2015 2011 2014
f 2002 2003 2004
f 2005 1978 1979
f 1978 2016 1979
f 2006 1977 1980
f 1977 1973 1980
f 2006 2007 2008
f 2071 2069 2072
f 2070 2071 2075
f 2073 2072 2069
f 2078 2097 2086
f 2083 2081 2082
f 2086 2077 2078
f 2084 2080 2085
f 2080 2079 2085
f 2077 2069 2093
f 2096 2069 2086
f 2081 2083 2090
f 2088 2085 2079
f 2083 2086 2098
f 2086 2097 2098
f 2091 2092 2081
f 2088 2079 2081
f 2070 2095 2094
f 2081 2090 2091
f 2070 2096 2076
f 2070 2074 2073
f 2093 2069 2071
f 2089 2087 2078
f 2077 2084 2085
f 2094 2093 2071
f 2084 2077 2093
f 2122 2104 2101
f 2103 2104 2122
f 2105 2107 2108
f 2108 2109 2111
f 2106 2112 2105
f 2100 2123 2108
f 2123 2122 2106
f 2114 2105 2112
f 2117 2111 2109
f 2117 2112 2111
f 2107 2105 2114
f 2122 2123 2124
f 2107 2118 2116
f 2100 2102 2103
f 2122 2099 2120
f 2125 2128 2127
f 2135 2137 2131
f 2129 2132 2130
f 2136 2133 2134
f 2126 2130 2132
f 2137 2135 2131
f 2138 2139 2145
f 2150 2142 2141
f 2148 2140 2144
f 2142 2147 2141
f 2139 2138 2143
f 2141 2147 2150
f 2142 2150 2147
f 2143 2138 2145
f 2163 2161 2157
f 2161 2158 2157
f 2158 2162 2152
f 2152 2162 2153
f 2162 2161 2153
f 2153 2161 2163
f 2154 2163 2152
f 2163 2157 2156
f 2159 2152 2163
f 2161 2162 2158
f 2169 2180 2175
f 2196 2188 2187
f 2189 2190 2181
f 2186 2196 2195
f 2203 2204 2212
f 2197 2206 2205
f 2220 2223 2224
f 2219 2214 2227
f 2213 2215 2222
f 2216 2221 2217
f 2218 2216 2217
f 2218 2217 2221
f 2223 2226 2224
f 2225 2224 2226
f 2220 2225 2226
f 2232 2229 2239
f 2230 2234 2233
f 2235 2231 2237
f 2240 2228 2238
f 2240 2238 2228
f 2236 2241 2237
f 2236 2231 2235
f 2252 2246 2245
f 2250 2248 2247
f 2247 2246 2252
f 2248 2249 2251
f 2244 2243 2251
f 2242 2244 2252
f 2244 2249 2252
f 2275 2276 2284
f 2269 2278 2277
f 2300 2292 2291
f 2293 2294 2285
f 2290 2300 2299
f 2314 2313 2305
f 2309 2316 2311
f 2301 2312 2304
f 2307 2310 2306
f 2318 2316 2303
f 2308 2307 2306
f 2314 2317 2315
f 2310 2308 2302
f 2309 2318 2303
f 2313 2315 2305
f 2316 2309 2303
f 2315 2317 2305
f 2327 2332 2322
f 2320 2333 2334
f 2321 2326 2324
f 2319 2329 2325
f 2329 2319 2323
f 2320 2331 2333
f 2328 2332 2327
f 2325 2323 2330
f 2339 2343 2342
f 2336 2342 2343
f 2336 2335 2342
f 2337 2343 2335
f 2336 2338 2335
f 2338 2337 2335
f 2340 2341 2335
f 2340 2335 2343
f 2351 2359 2358
f 2367 2368 2376
f 2361 2370 2369
f 2392 2384 2383
f 2385 2386 2377
f 2382 2392 2391
f 2393 2397 2396
f 2395 2405 2404
f 2399 2400 2403
f 2402 2394 2398
f 2401 2399 2403
f 2406 2414 2416
f 2408 2417 2407
f 2408 2407 2417
f 2419 2410 2411
f 2413 2415 2418
f 2415 2413 2418
f 2409 2412 2419
f 2430 2424 2427
f 2430 2431 2424
f 2420 2428 2431
f 2432 2429 2427
f 2429 2432 2422
f 2420 2431 2423
f 2422 2428 2420
f 2422 2432 2428
f 2423 2431 2429
f 2430 2429 2431
f 2464 2456 2455
f 2457 2458 2449
f 2454 2464 2463
f 2471 2472 2480
f 2465 2474 2473
f 2487 2486 2481
f 2483 2482 2486
f 2486 2484 2481
f 2485 2484 2486
f 2486 2482 2485
f 2491 2489 2488
f 2498 2494 2492
f 2497 2493 2495
f 2505 2502 2504
f 2505 2501 2499
f 2500 2501 2505
f 2502 2499 2503
f 2507 2513 2514
f 2509 2518 2511
f 2506 2508 2513
f 2508 2515 2514
f 2510 2519 2512
f 2508 2510 2516
f 2508 2506 2510
f 2517 2510 2507
f 2507 2514 2506
f 2506 2509 2510
f 2509 2511 2510
f 2516 2518 2515
f 2506 2519 2507
f 2517 2518 2516
f 2519 2506 2513
f 2517 2507 2519
f 2513 2508 2514
f 2517 2511 2518
f 2520 2521 2533
f 2526 2524 2523
f 2524 2525 2527
f 2528 2530 2533
f 2520 2526 2529
f 2522 2532 2523
f 2526 2532 2527
f 2526 2520 2524
f 2521 2529 2522
f 2523 2531 2530
f 2530 2531 2522
f 2529 2533 2530
f 2540 2537 2548
f 2546 2541 2534
f 2539 2544 2538
f 2547 2534 2543
f 2544 2545 2549
f 2544 2549 2542
f 2535 2538 2542
f 2534 2535 2548
f 2536 2537 2539
f 2537 2540 2539
f 2535 2541 2546
f 2548 2546 2540
f 2539 2540 2546
f 2542 2543 2541
f 2548 2550 2534
f 2539 2549 2536
f 2534 2550 2546
f 2539 2546 2550
f 2549 2539 2547
f 2539 2548 2545
f 2553 2562 2555
f 2551 2562 2553
f 2554 2555 2556
f 2556 2551 2552
f 2551 2558 2562
f 2559 2551 2556
f 2562 2560 2555
f 2562 2563 2560
f 2561 2558 2552
f 2556 2557 2554
f 2558 2557 2556
f 2556 2552 2558
f 2554 2561 2553
f 2554 2563 2561
f 2561 2562 2558
f 2556 2563 2559
f 2563 2562 2561
f 2570 2571 2567
f 2575 2574 2565
f 2594 2593 2584
f 2587 2586 2583
f 2600 2601 2597
f 2597 2601 2599
f 2600 2596 2598
f 2599 2601 2598
f 2603 2607 2609
f 2607 2606 2609
f 2612 2616 2615
f 2616 2614 2615
f 2614 2616 2613
f 2623 2622 2618
f 2618 2622 2624
f 2632 2628 2627
f 2626 2628 2632
f 2633 2625 2630
f 2629 2630 2625
f 2625 2631 2632
f 2639 2640 2631
f 2634 2626 2631
f 2631 2625 2633
f 2637 2635 2634
f 2632 2627 2635
f 2636 2638 2629
f 2629 2638 2639
f 2638 2636 2637
f 2636 2632 2637
f 2648 2653 2643
f 2647 2648 2642
f 2646 2645 2644
f 2647 2646 2644
f 2651 2649 2650
f 2650 2641 2652
f 2646 2647 2649
f 2641 2650 2647
f 2649 2651 2645
f 2652 2653 2655
f 2647 2644 2654
f 2660 2661 2662
f 2663 2662 2661
f 2661 2657 2664
f 2667 2664 2665
f 2665 2658 2667
f 2663 2668 2659
f 2678 2672 2673
f 2673 2674 2684
f 2670 2675 2676
f 2670 2676 2671
f 2678 2677 2670
f 2685 2686 2679
f 2684 2677 2678
f 2680 2672 2679
f 2684 2674 2681
f 2682 2683 2675
f 2682 2677 2684
f 2689 2694 2687
f 2687 2696 2695
f 2703 2687 2694
f 2695 2691 2690
f 2695 2696 2691
f 2704 2692 2690
f 2695 2690 2692
f 2696 2702 2691
f 2692 2704 2688
f 2703 2701 2699
f 2702 2687 2703
f 2698 2702 2703
f 2704 2690 2697
f 2697 2691 2702
f 2714 2712 2713
f 2710 2708 2707
f 2707 2712 2710
f 2712 2705 2706
f 2712 2707 2708
f 2722 2715 2711
f 2722 2721 2723
f 2721 2709 2723
f 2722 2723 2718
f 2715 2722 2718
f 2723 2720 2717
f 2719 2717 2716
f 2744 2733 2741
f 2730 2742 2729
f 2743 2750 2724
f 2733 2738 2735
f 2751 2750 2734
f 2745 2729 2742
f 2733 2734 2736
f 2729 2749 2782
f 2726 2727 2745
f 2737 2728 2736
f 2747 2730 2731
f 2731 2730 2729
f 2729 2772 2731
f 2749 2745 2785
f 2737 2739 2728
f 2724 2785 2745
f 2750 2743 2728
f 2739 2737 2736
f 2753 2742 2752
f 2751 2756 2793
f 2752 2742 2732
f 2733 2754 2755
f 2742 2753 2754
f 2751 2755 2756
f 2757 2758 2761
f 2761 2762 2759
f 2759 2762 2797
f 2757 2761 2759
f 2758 2757 2759
f 2797 2762 2760
f 2758 2760 2762
f 2728 2739 2734
f 2750 2751 2787
f 2732 2730 2747
f 2781 2786 2787
f 2763 2781 2764
f 2775 2777 2788
f 2766 2772 2782
f 2779 2774 2767
f 2772 2766 2746
f 2789 2771 2783
f 2772 2729 2782
f 2777 2775 2778
f 2775 2774 2776
f 2746 2770 2771
f 2780 2787 2778
f 2767 2774 2775
f 2785 2782 2749
f 2767 2783 2779
f 2765 2784 2769
f 2784 2768 2769
f 2768 2764 2781
f 2789 2748 2771
f 2789 2747 2748
f 2764 2768 2784
f 2765 2769 2782
f 2792 2791 2767
f 2791 2790 2767
f 2793 2792 2788
f 2796 2797 2794
f 2796 2794 2795
f 2795 2794 2797
f 2787 2788 2778
f 2747 2731 2748
f 2770 2766 2783
f 2819 2807 2826
f 2804 2805 2808
f 2821 2798 2828
f 2813 2817 2806
f 2805 2804 2802
f 2802 2800 2826
f 2814 2811 2820
f 2802 2801 2800
f 2814 2817 2816
f 2808 2805 2825
f 2814 2803 2815
f 2821 2826 2800
f 2817 2813 2816
f 2817 2814 2806
f 2829 2807 2819
f 2809 2849 2804
f 2830 2863 2798
f 2814 2815 2818
f 2807 2829 2813
f 2826 2812 2819
f 2831 2825 2832
f 2820 2845 2871
f 2831 2810 2825
f 2834 2833 2807
f 2833 2832 2825
f 2835 2834 2820
f 2839 2837 2840
f 2873 2837 2838
f 2840 2872 2838
f 2836 2839 2840
f 2819 2812 2813
f 2811 2818 2803
f 2821 2803 2814
f 2807 2825 2805
f 2866 2820 2828
f 2823 2808 2810
f 2811 2803 2828
f 2841 2842 2859
f 2845 2853 2852
f 2858 2849 2861
f 2844 2851 2854
f 2866 2865 2867
f 2822 2861 2849
f 2855 2848 2810
f 2853 2845 2865
f 2863 2858 2843
f 2850 2846 2857
f 2848 2847 2822
f 2845 2852 2851
f 2863 2827 2858
f 2822 2847 2861
f 2854 2855 2844
f 2810 2824 2823
f 2860 2857 2842
f 2859 2856 2866
f 2858 2857 2843
f 2820 2867 2845
f 2844 2869 2870
f 2844 2868 2869
f 2845 2870 2871
f 2873 2838 2872
f 2872 2874 2873
f 2857 2861 2855
f 2846 2852 2856
f 2866 2862 2865
f 2850 2857 2855
f 2875 2907 2887
f 2879 2890 2882
f 2889 2875 2876
f 2889 2915 2906
f 2909 2890 2892
f 2909 2891 2890
f 2880 2903 2886
f 2880 2883 2879
f 2883 2880 2877
f 2886 2876 2893
f 2904 2891 2888
f 2895 2910 2913
f 2896 2913 2912
f 2878 2892 2890
f 2903 2881 2886
f 2875 2887 2914
f 2901 2898 2881
f 2898 2905 2888
f 2911 2879 2912
f 2883 2884 2879
f 2882 2900 2902
f 2912 2879 2896
f 2897 2915 2888
f 2884 2885 2896
f 2926 2935 2928
f 2932 2929 2927
f 2962 2963 2956
f 2951 2937 2938
f 2943 2944 2937
f 2953 2947 2952
f 2953 2950 2938
f 2953 2946 2947
f 2964 2963 2960
f 2966 2943 2942
f 2953 2958 2949
f 2945 2953 2949
f 2961 2960 2963
f 2970 2966 2967
f 2966 2965 2943
f 2940 2944 2943
f 2968 2964 2939
f 2968 2972 2964
f 2966 2969 2965
f 2971 2968 2939
f 2972 2968 2971
f 2965 2969 2971
f 2970 2967 2957
f 2972 2971 2969
f 2954 2956 2942
f 2981 2982 2984
f 2887 3016 2990
f 2994 2993 2878
f 2997 3003 2993
f 3002 3016 3015
f 3016 2887 2908
f 3018 2909 2892
f 3001 3012 2995
f 2994 2998 2995
f 2992 2995 2998
f 2996 3001 2991
f 2989 3003 3013
f 3021 2910 2895
f 3020 3021 3006
f 2993 2892 2878
f 2895 3006 3021
f 2998 2999 3000
f 3001 2996 3012
f 2990 3005 2914
f 3012 2996 3008
f 2996 3007 3010
f 3007 2996 2989
f 2994 2999 2998
f 2997 2994 3011
f 3019 3003 2989
f 3006 3000 2999
f 3034 2929 2932
f 3039 3087 3053
f 3041 3048 3046
f 3061 3056 3055
f 3040 3039 3050
f 3087 3045 3053
f 3039 3053 3044
f 2964 2959 3059
f 3043 3044 3064
f 2944 2940 3045
f 2949 3041 3046
f 3062 3059 3060
f 3060 3061 3062
f 3044 3063 3064
f 2939 2964 3066
f 3063 3067 3064
f 3069 2940 2939
f 3069 3066 3070
f 3069 3067 3063
f 3063 2940 3069
f 3070 3064 3067
f 3043 3057 3062
f 3062 3055 3043
f 3054 3042 3043
f 3082 3080 3079
f 3079 3080 3081
f 3097 3094 3095
f 3089 3091 2937
f 3096 3095 2958
f 3094 3090 2958
f 3090 3094 3040
f 3096 2938 2937
f 3094 3092 3039
f 3097 3087 3092
f 2958 3090 3041
f 3109 3105 3103
f 3111 3108 3105
f 3111 3105 3109
f 3101 3107 3110
f 3109 3101 3110
f 3099 3100 3104
f 3098 3102 3106
f 3106 3100 3112
f 3099 3098 3112
f 3101 3103 3116
f 3107 3115 3114
f 3105 3108 3114
f 3107 3101 3116
f 3118 3119 3104
f 3117 3121 3106
f 3120 3117 3106
f 3120 3102 3104
f 3121 3118 3100
f 3116 3119 3118
f 3114 3121 3117
f 3113 3120 3119
f 3113 3114 3117
f 3111 3109 3110
f 3127 3130 3134
f 3145 3125 3129
f 3134 3130 3136
f 3135 3132 3134
f 3122 3125 3128
f 3128 3124 3122
f 3140 3138 3131
f 3130 3137 3140
f 3131 3138 3139
f 3127 3139 3137
f 3142 3126 3128
f 3128 3125 3145
f 3144 3129 3126
f 3142 3143 3139
f 3141 3144 3140
f 3143 3145 3137
f 3137 3145 3141
f 3138 3144 3142
f 3147 3150 3149
f 3171 3152 3150
f 3156 3155 3146
f 3153 3152 3154
f 3146 3151 3164
f 3157 3151 3146
f 3147 3160 3150
f 3153 3156 3147
f 3152 3171 3158
f 3150 3161 3163
f 3169 3164 3166
f 3159 3167 3168
f 3165 3168 3169
f 3166 3171 3165
f 3169 3168 3167
f 3165 3171 3163
f 3164 3167 3159
f 3159 3146 3164
f 3167 3164 3169
f 3165 3163 3161
f 3182 3177 3179
f 3184 3176 3175
f 3172 3180 3181
f 3178 3181 3182
f 3179 3184 3178
f 3182 3181 3180
f 3178 3184 3175
f 3172 3177 3182
f 3176 3186 3173
f 3178 3175 3173
f 3194 3193 3185
f 3191 3197 3192
f 3195 3190 3193
f 3186 3176 3187
f 3191 3194 3187
f 3200 3205 3206
f 3205 3203 3202
f 3199 3203 3205
f 3204 3207 3202
f 3198 3201 3207
f 3215 3214 3210
f 3212 3213 3214
f 3214 3213 3209
f 3216 3209 3212
f 3214 3216 3210
f 3208 3216 3217
f 3210 3216 3208
f 3218 3220 3221
f 3222 3223 3220
f 3222 3219 3221
f 3218 3219 3224
f 3220 3223 3227
f 3222 3226 3228
f 3223 3221 3229
f 3221 3225 3229
f 3233 3232 3230
f 3232 3235 3234
f 3234 3235 3233
f 3230 3240 3236
f 3232 3241 3237
f 3238 3240 3234
f 3235 3237 3239
f 3231 3236 3238
f 3239 3241 3233
f 3245 3243 3254
f 3243 3242 3247
f 3257 3242 3244
f 3242 3243 3245
f 3251 3252 3253
f 3253 3250 3251
f 3243 3246 3255
f 3242 3248 3256
f 3254 3259 3261
f 3259 3262 3263
f 3260 3258 3257
f 3258 3260 3261
f 3265 3250 3253
f 3259 3254 3255
f 3270 3269 3268
f 3270 3272 3274
f 3270 3268 3267
f 3275 3278 3277
f 3277 3276 3279
f 3281 3275 3279
f 3280 3277 3278
f 3286 3288 3290
f 3288 3291 3290
f 3287 3289 3291
f 3287 3286 3289
f 3292 3294 3295
f 3296 3297 3294
f 3296 3293 3295
f 3292 3293 3298
f 3294 3297 3301
f 3296 3300 3302
f 3297 3295 3303
f 3295 3299 3303
f 3307 3306 3304
f 3306 3309 3308
f 3308 3309 3307
f 3304 3314 3310
f 3306 3315 3311
f 3312 3314 3308
f 3309 3311 3313
f 3305 3310 3312
f 3313 3315 3307
f 3322 3323 3316
f 3322 3316 3317
f 3323 3321 3319
f 3324 3320 3319
f 3318 3321 3324
f 3325 3332 3331
f 3328 3330 3332
f 3333 3327 3328
f 3333 3330 3327
f 3326 3333 3329
f 3331 3332 3326
f 3338 3339 3336
f 3340 3337 3335
f 3345 3346 3342
f 3347 3345 3341
f 3367 3353 3352
f 3368 3348 3350
f 3353 3368 3352
f 3368 3350 3352
f 3367 3352 3348
f 3351 3353 3367
f 3426 3368 3353
f 3354 3368 3426
f 3367 3354 3349
f 3352 3360 3358
f 3350 3369 3360
f 3365 3364 3357
f 3361 3372 3363
f 3365 3357 3356
f 3356 3357 3364
f 3360 3355 3372
f 3360 3359 3362
f 3359 3371 3362
f 3364 3363 3355
f 3365 3361 3363
f 3364 3365 3363
f 3365 3366 3361
f 3348 3352 3358
f 3381 3379 3392
f 3392 3382 3381
f 3391 3383 3382
f 3374 3380 3384
f 3381 3373 3379
f 3385 3376 3375
f 3377 3388 3378
f 3386 3388 3387
f 3388 3377 3387
f 3382 3383 3381
f 3374 3384 3390
f 3389 3380 3374
f 3389 3387 3393
f 3391 3382 3392
f 3391 3375 3376
f 3391 3378 3375
f 3392 3377 3378
f 3422 3410 3411
f 3423 3418 3410
f 3411 3420 3419
f 3421 3417 3420
f 3423 3410 3422
f 3413 3412 3416
f 3420 3417 3415
f 3417 3421 3415
f 3418 3423 3412
f 3419 3420 3414
f 3423 3416 3412
f 3415 3414 3420
f 3414 3413 3419
f 3426 3351 3427
f 3434 3430 3428
f 3428 3431 3432
f 3433 3431 3430
f 3498 3499 3432
f 3429 3498 3435
f 3429 3434 3432
f 3499 3496 3432
f 3438 3442 3430
f 3442 3440 3430
f 3440 3448 3430
f 3439 3438 3431
f 3438 3445 3447
f 3436 3437 3444
f 3447 3446 3440
f 3446 3445 3439
f 3442 3441 3440
f 3448 3428 3430
f 3431 3428 3448
f 3444 3447 3445
f 3443 3446 3447
f 3465 3456 3455
f 3462 3463 3455
f 3451 3462 3458
f 3464 3454 3463
f 3465 3455 3464
f 3451 3459 3463
f 3463 3459 3452
f 3462 3451 3463
f 3483 3482 3493
f 3482 3490 3491
f 3490 3482 3492
f 3493 3488 3495
f 3494 3489 3492
f 3488 3484 3485
f 3487 3489 3494
f 3487 3492 3489
f 3484 3491 3490
f 3486 3494 3495
f 3484 3488 3491
f 3502 3500 3531
f 3507 3506 3505
f 3501 3504 3507
f 3501 3502 3503
f 3510 3511 3506
f 3506 3511 3512
f 3514 3500 3501
f 3505 3513 3501
f 3509 3525 3515
f 3531 3516 3503
f 3531 3517 3519
f 3525 3508 3528
f 3520 3519 3518
f 3526 3521 3522
f 3522 3523 3512
f 3518 3517 3529
f 3531 3514 3529
f 3523 3524 3518
f 3525 3530 3515
f 3520 3532 3531
f 3564 3533 3535
f 3542 3541 3546
f 3536 3535 3534
f 3543 3537 3538
f 3541 3542 3558
f 3538 3539 3545
f 3534 3533 3547
f 3539 3540 3534
f 3548 3558 3542
f 3536 3549 3564
f 3552 3550 3564
f 3557 3556 3555
f 3558 3563 3561
f 3551 3554 3557
f 3551 3552 3553
f 3559 3560 3556
f 3556 3560 3545
f 3562 3550 3551
f 3555 3561 3551
f 3563 3562 3561
f 3562 3548 3547
f 3564 3565 3553
f 3568 3567 3569
f 3566 3567 3568
f 3571 3570 3572
f 3573 3576 3575
f 3574 3576 3573
f 3579 3578 3577
f 3580 3583 3581
f 3590 3591 3592
f 3600 3602 3593
f 3584 3593 3585
f 3584 3589 3592
f 3603 3600 3599
f 3591 3590 3599
f 3602 3597 3589
f 3596 3603 3590
f 3594 3601 3586
f 3597 3602 3598
f 3598 3596 3595
f 3603 3596 3598
f 3591 3584 3592
f 3594 3586 3593
f 3602 3600 3603
f 3730 3731 3728
f 3806 3810 3809
f 3816 3818 3817
f 3822 3826 3825
f 3840 3839 3841
f 3850 3846 3845
f 3865 3861 3860
f 3932 3933 3929
f 3934 3931 3935
f 3931 3929 3936
f 3940 3941 3942
f 3949 3950 3946
f 3951 3948 3952
f 3948 3946 3953
f 3970 3974 3973
f 3976 3972 3975
f 3977 3970 3972
f 3982 3983 3981
f 3987 3991 3990
f 3993 3989 3992
f 3994 3987 3989
f 4048 4051 4049
f 4057 4056 4058
f 4059 4058 4056
f 4145 4141 4142
f 4154 4153 4152
f 4152 4157 4158
f 4157 4152 4156
f 4155 4156 4153
f 4157 4156 4155
f 4171 4169 4170
f 4172 4174 4169
f 4176 4175 4182
f 4179 4177 4181
f 4178 4179 4181
f 4183 4209 4186
f 4184 4185 4187
f 4185 4186 4187
f 4190 4188 4214
f 4201 4203 4202
f 4204 4206 4203
f 4201 4202 4205
f 4199 4205 4200
f 4208 4209 4183
f 4207 4209 4208
f 4183 4210 4208
f 4211 4213 4214
f 4215 4220 4217
f 4205 4229 4224
f 4228 4225 4227
f 4229 4226 4225
f 4224 4229 4223
f 4288 4287 4296
f 4299 4300 4307
f 4304 4305 4303
f 4305 4301 4300
f 4304 4302 4300
f 4307 4300 4302
f 4291 4306 4297
f 4289 4287 4313
f 4321 4320 4323
f 4322 4323 4317
f 4315 4317 4323
f 4317 4320 4321
f 4318 4323 4320
f 4319 4324 4308
f 4329 4328 4327
f 4326 4325 4329
f 4325 4328 4329
f 4336 4335 4341
f 4334 4336 4339
f 4338 4337 4344
f 4341 4335 4345
f 4338 4345 4351
f 4345 4335 4347
f 4336 4334 4346
f 4337 4338 4350
f 4335 4336 4348
f 4351 4347 4353
f 4349 4350 4356
f 4347 4348 4354
f 4350 4351 4357
f 4348 4346 4352
f 4355 4356 4359
f 4354 4358 4359
f 4360 4361 4362
f 4363 4366 4365
f 4364 4366 4363
f 4367 4369 4368
f 4370 4373 4371
f 4477 4476 4474
f 4484 4483 4480
f 4554 4553 4552
f 4549 4552 4550
f 4551 4553 4554
f 4555 4553 4550
f 4557 4556 4554
f 4553 4556 4552
f 4554 4556 4558
f 4558 4557 4549
f 4555 4556 4553
f 4558 4556 4555
f 4555 4552 4557
f 4564 4563 4562
f 4566 4581 4582
f 4580 4582 4583
f 4579 4583 4584
f 4578 4584 4585
f 4577 4585 4586
f 4576 4586 4587
f 4575 4587 4588
f 4574 4588 4589
f 4573 4589 4590
f 4572 4590 4591
f 4571 4591 4592
f 4570 4592 4593
f 4569 4593 4594
f 4568 4594 4595
f 4567 4595 4596
f 4565 4596 4581
f 4595 4594 4597
f 4593 4598 4597
f 4593 4592 4598
f 4592 4591 4598
f 4590 4589 4598
f 4589 4588 4598
f 4587 4599 4598
f 4585 4584 4599
f 4584 4583 4599
f 4582 4581 4597
f 4602 4601 4603
f 4609 4610 4608
f 4612 4627 4628
f 4626 4628 4629
f 4625 4629 4630
f 4624 4630 4631
f 4623 4631 4632
f 4622 4632 4633
f 4621 4633 4634
f 4620 4634 4635
f 4619 4635 4636
f 4618 4636 4637
f 4617 4637 4638
f 4616 4638 4639
f 4615 4639 4640
f 4614 4640 4641
f 4613 4641 4642
f 4611 4642 4627
f 4641 4640 4644
f 4640 4639 4644
f 4638 4637 4644
f 4636 4645 4644
f 4636 4635 4645
f 4635 4634 4645
f 4633 4632 4645
f 4631 4643 4645
f 4631 4630 4643
f 4630 4629 4643
f 4628 4627 4643
f 4648 4650 4649
f 4662 4677 4678
f 4676 4678 4679
f 4675 4679 4680
f 4674 4680 4681
f 4673 4681 4682
f 4672 4682 4683
f 4671 4683 4684
f 4670 4684 4685
f 4669 4685 4686
f 4668 4686 4687
f 4667 4687 4688
f 4666 4688 4689
f 4665 4689 4690
f 4664 4690 4691
f 4663 4691 4692
f 4661 4692 4677
f 4691 4690 4694
f 4690 4689 4694
f 4687 4686 4694
f 4686 4685 4694
f 4684 4695 4694
f 4684 4683 4695
f 4681 4680 4695
f 4679 4693 4695
f 4678 4677 4693
f 4716 4719 4717
f 4741 4742 4739
f 4749 4764 4765
f 4763 4765 4766
f 4762 4766 4767
f 4761 4767 4768
f 4760 4768 4769
f 4759 4769 4770
f 4758 4770 4771
f 4757 4771 4772
f 4756 4772 4773
f 4755 4773 4774
f 4754 4774 4775
f 4753 4775 4776
f 4752 4776 4777
f 4751 4777 4778
f 4750 4778 4779
f 4748 4779 4764
f 4779 4778 4780
f 4776 4775 4780
f 4774 4773 4780
f 4773 4772 4781
f 4771 4770 4781
f 4769 4768 4782
f 4767 4766 4782
f 4766 4765 4782
f 4806 4807 4808
f 4809 4808 4810
f 4811 4810 4812
f 4813 4812 4814
f 4815 4814 4816
f 4817 4816 4818
f 4819 4818 4820
f 4821 4820 4822
f 4823 4822 4824
f 4825 4824 4826
f 4827 4826 4828
f 4829 4828 4830
f 4831 4830 4832
f 4833 4832 4834
f 4835 4834 4836
f 4837 4836 4807
f 4836 4834 4838
f 4830 4839 4838
f 4828 4826 4839
f 4826 4824 4839
f 4824 4822 4839
f 4820 4818 4839
f 4816 4840 4839
f 4812 4810 4840
f 4810 4808 4838
f 4853 4852 4851
f 4879 4876 4875
f 4880 4878 4877
f 4878 4880 4876
f 4881 4886 4888
f 4884 4885 4887
f 4893 4894 4898
f 4896 4897 4895
f 4894 4895 4897
f 4906 4903 4902
f 4910 4911 4912
f 4912 4911 4908
f 4920 4916 4915
f 4920 4915 4921
f 4922 4919 4920
f 4919 4922 4921
f 4932 4940 4933
f 4938 4941 4937
f 4934 4935 4940
f 4931 4940 4932
f 4943 4944 4909
f 4942 4944 4943
f 4908 4945 4943
f 4948 4949 4946
f 4914 4951 4949
f 4954 4956 4955
f 4952 4957 4958
f 4966 4964 4939
f 4933 4968 4962
f 4967 4965 4966
f 4968 4964 4963
f 4962 4968 4961
f 4983 4990 4979
f 4984 4983 4979
f 4984 4980 4983
f 4986 4984 4979
f 4989 4992 4977
f 4991 4990 4997
f 4992 4988 4977
f 4977 4993 4989
f 4979 4982 4988
f 4991 4989 4993
f 5005 4999 5003
f 5004 4998 5000
f 5004 5003 4998
f 5001 4999 5005
f 5005 5006 5001
f 5006 5005 5004
f 5018 5017 5009
f 5009 5016 5015
f 5008 5009 5007
f 5011 5015 5012
f 5014 5015 5011
f 5010 5012 5013
f 5013 5012 5015
f 5029 5021 5022
f 5028 5022 5025
f 5026 5025 5024
f 5025 5026 5027
f 5039 5032 5068
f 5058 5042 5064
f 5035 5032 5039
f 5064 5045 5063
f 5035 5052 5053
f 5057 5032 5053
f 5031 5033 5054
f 5057 5056 5055
f 5043 5064 5063
f 5045 5073 5068
f 5043 5034 5037
f 5044 5049 5050
f 5047 5063 5050
f 5034 5063 5046
f 5047 5034 5046
f 5041 5057 5053
f 5056 5054 5055
f 5045 5038 5036
f 5060 5061 5038
f 5052 5062 5041
f 5054 5056 5031
f 5048 5044 5045
f 5047 5050 5049
f 5047 5048 5034
f 5038 5061 5036
f 5060 5033 5036
f 5059 5038 5055
f 5073 5040 5068
f 5074 5042 5070
f 5067 5072 5073
f 5073 5042 5074
f 5055 5033 5059
f 5079 5083 5082
f 5083 5085 5080
f 5081 5078 5082
f 5086 5087 5081
f 5081 5087 5075
f 5077 5075 5086
f 5156 5175 5154
f 5176 5042 5058
f 5176 5180 5042
f 5174 5163 5164
f 5169 5168 5151
f 5169 5148 5057
f 5170 5149 5031
f 5171 5056 5057
f 5159 5158 5174
f 5162 5175 5174
f 5156 5180 5175
f 5153 5158 5159
f 5161 5166 5165
f 5167 5166 5161
f 5169 5057 5041
f 5152 5154 5162
f 5152 5160 5172
f 5160 5173 5154
f 5031 5056 5170
f 5165 5150 5162
f 5164 5165 5166
f 5150 5158 5153
f 5164 5158 5150
f 5171 5154 5173
f 5156 5157 5180
f 5181 5182 5070
f 5180 5183 5178
f 5180 5157 5183
f 5192 5187 5076
f 5186 5185 5189
f 5189 5185 5188
f 5184 5194 5188
f 5188 5187 5189
f 5192 5191 5186
f 5192 5076 5191
f 5197 5196 5090
f 5088 5255 5262
f 5256 5258 5264
f 5256 5257 5258
f 5256 5255 5088
f 5197 5259 5195
f 5264 5258 5261
f 5258 5257 5261
f 5195 5259 5261
f 5262 5264 5259
f 5197 5263 5259
f 5269 5268 5274
f 5265 5266 5271
f 5269 5272 5268
f 5271 5266 5283
f 5275 5270 5269
f 5276 5283 5266
f 5278 5279 5275
f 5278 5287 5277
f 5280 5279 5278
f 5285 5274 5281
f 5274 5285 5282
f 5282 5284 5283
f 5283 5284 5285
f 5288 5276 5286
f 5288 5283 5276
f 5287 5275 5286
f 5290 5291 5289
f 5290 5292 5291
f 5298 5300 5296
f 5294 5299 5293
f 5303 5301 5302
f 5303 5305 5304
f 5305 5302 5304
f 5327 5328 5325
f 5327 5324 5326
f 5327 5326 5329
f 5334 5331 5332
f 5345 5346 5343
f 5347 5348 5344
f 5349 5350 5344
f 5343 5351 5352
f 5337 5346 5362
f 5345 5340 5358
f 5342 5335 5353
f 5338 5341 5359
f 5351 5336 5354
f 5339 5352 5368
f 5340 5339 5357
f 5335 5350 5366
f 5352 5351 5367
f 5349 5338 5356
f 5350 5349 5365
f 5341 5348 5364
f 5348 5347 5363
f 5336 5337 5355
f 5346 5345 5361
f 5347 5342 5360
f 5355 5362 5371
f 5354 5355 5371
f 5359 5364 5374
f 5359 5374 5372
f 5360 5369 5374
f 5361 5373 5371
f 5353 5366 5369
f 5364 5363 5374
f 5365 5372 5369
f 5368 5367 5370
f 5358 5357 5373
f 5357 5368 5373
f 5389 5388 5390
f 5390 5388 5389
f 5392 5407 5408
f 5406 5408 5409
f 5405 5409 5410
f 5404 5410 5411
f 5403 5411 5412
f 5402 5412 5413
f 5401 5413 5414
f 5400 5414 5415
f 5399 5415 5416
f 5398 5416 5417
f 5397 5417 5418
f 5396 5418 5419
f 5395 5419 5420
f 5394 5420 5421
f 5393 5421 5422
f 5391 5422 5407
f 5422 5423 5425
f 5421 5420 5423
f 5419 5418 5423
f 5418 5417 5423
f 5417 5416 5423
f 5416 5415 5424
f 5414 5413 5424
f 5412 5411 5424
f 5410 5425 5424
f 5410 5409 5425
f 5408 5407 5425
f 5429 5430 5426
f 5426 5427 5431
f 5439 5437 5438
f 5441 5456 5457
f 5455 5457 5458
f 5454 5458 5459
f 5453 5459 5460
f 5452 5460 5461
f 5451 5461 5462
f 5450 5462 5463
f 5449 5463 5464
f 5448 5464 5465
f 5447 5465 5466
f 5446 5466 5467
f 5445 5467 5468
f 5444 5468 5469
f 5443 5469 5470
f 5442 5470 5471
f 5440 5471 5456
f 5471 5472 5474
f 5470 5469 5472
f 5468 5467 5472
f 5466 5465 5472
f 5465 5464 5473
f 5463 5462 5473
f 5461 5460 5473
f 5459 5474 5473
f 5459 5458 5474
f 5457 5456 5474
f 5496 5510 5512
f 5510 5509 5513
f 5509 5508 5514
f 5508 5507 5515
f 5507 5506 5516
f 5506 5505 5517
f 5505 5504 5518
f 5504 5503 5519
f 5503 5502 5520
f 5502 5501 5521
f 5501 5500 5522
f 5500 5499 5523
f 5499 5498 5524
f 5498 5497 5525
f 5497 5495 5526
f 5495 5496 5511
f 5529 5527 5526
f 5520 5527 5528
f 5528 5529 5514
f 5530 5533 5532
f 5536 5531 5535
f 5537 5530 5531
f 5544 5558 5560
f 5558 5557 5561
f 5557 5556 5562
f 5556 5555 5563
f 5555 5554 5564
f 5554 5553 5565
f 5553 5552 5566
f 5552 5551 5567
f 5551 5550 5568
f 5550 5549 5569
f 5549 5548 5570
f 5548 5547 5571
f 5547 5546 5572
f 5546 5545 5573
f 5545 5543 5574
f 5543 5544 5559
f 5575 5576 5571
f 5576 5577 5566
f 5577 5575 5562
f 5598 5612 5614
f 5612 5611 5615
f 5611 5610 5616
f 5610 5609 5617
f 5609 5608 5618
f 5608 5607 5619
f 5607 5606 5620
f 5606 5605 5621
f 5605 5604 5622
f 5604 5603 5623
f 5603 5602 5624
f 5602 5601 5625
f 5601 5600 5626
f 5600 5599 5627
f 5599 5597 5628
f 5597 5598 5613
f 5629 5630 5625
f 5618 5630 5631
f 5615 5631 5629
f 5635 5632 5634
f 5650 5649 5651
f 5667 5653 5652
f 5662 5654 5653
f 5652 5654 5658
f 5686 5685 5670
f 5684 5686 5655
f 5683 5684 5656
f 5682 5683 5657
f 5681 5682 5658
f 5680 5681 5659
f 5679 5680 5660
f 5678 5679 5661
f 5677 5678 5662
f 5676 5677 5663
f 5675 5676 5664
f 5674 5675 5665
f 5673 5674 5666
f 5672 5673 5667
f 5671 5672 5668
f 5685 5671 5669
f 5721 5706 5705
f 5718 5707 5706
f 5705 5707 5711
f 5739 5738 5723
f 5737 5739 5708
f 5736 5737 5709
f 5735 5736 5710
f 5734 5735 5711
f 5733 5734 5712
f 5732 5733 5713
f 5731 5732 5714
f 5730 5731 5715
f 5729 5730 5716
f 5728 5729 5717
f 5727 5728 5718
f 5726 5727 5719
f 5725 5726 5720
f 5724 5725 5721
f 5738 5724 5722
f 5742 5740 5741
f 5772 5757 5756
f 5769 5758 5757
f 5756 5758 5762
f 5790 5789 5774
f 5788 5790 5759
f 5787 5788 5760
f 5786 5787 5761
f 5785 5786 5762
f 5784 5785 5763
f 5783 5784 5764
f 5782 5783 5765
f 5781 5782 5766
f 5780 5781 5767
f 5779 5780 5768
f 5778 5779 5769
f 5777 5778 5770
f 5776 5777 5771
f 5775 5776 5772
f 5789 5775 5773
f 5798 5799 5797
f 5801 5815 5817
f 5815 5814 5818
f 5814 5813 5819
f 5813 5812 5820
f 5812 5811 5821
f 5811 5810 5822
f 5810 5809 5823
f 5809 5808 5824
f 5808 5807 5825
f 5807 5806 5826
f 5806 5805 5827
f 5805 5804 5828
f 5804 5803 5829
f 5803 5802 5830
f 5802 5800 5831
f 5800 5801 5816
f 5828 5832 5833
f 5823 5833 5834
f 5834 5832 5817
f 5840 5835 5839
f 5853 5852 5854
f 5868 5856 5855
f 5864 5857 5856
f 5859 5855 5857
f 5889 5888 5873
f 5887 5889 5858
f 5886 5887 5859
f 5885 5886 5860
f 5884 5885 5861
f 5883 5884 5862
f 5882 5883 5863
f 5881 5882 5864
f 5880 5881 5865
f 5879 5880 5866
f 5878 5879 5867
f 5877 5878 5868
f 5876 5877 5869
f 5875 5876 5870
f 5874 5875 5871
f 5888 5874 5872
f 5892 5891 5890
f 5907 5906 5908
f 5910 5912 5927
f 5921 5911 5910
f 5916 5912 5911
f 5944 5943 5928
f 5942 5944 5913
f 5941 5942 5914
f 5940 5941 5915
f 5939 5940 5916
f 5938 5939 5917
f 5937 5938 5918
f 5936 5937 5919
f 5935 5936 5920
f 5934 5935 5921
f 5933 5934 5922
f 5932 5933 5923
f 5931 5932 5924
f 5930 5931 5925
f 5929 5930 5926
f 5943 5929 5927
f 5962 5964 5979
f 5973 5963 5962
f 5968 5964 5963
f 5996 5995 5980
f 5994 5996 5965
f 5993 5994 5966
f 5992 5993 5967
f 5991 5992 5968
f 5990 5991 5969
f 5989 5990 5970
f 5988 5989 5971
f 5987 5988 5972
f 5986 5987 5973
f 5985 5986 5974
f 5984 5985 5975
f 5983 5984 5976
f 5982 5983 5977
f 5981 5982 5978
f 5995 5981 5979
f 5999 5998 5997
f 6109 6124 6125
f 6123 6125 6126
f 6122 6126 6127
f 6121 6127 6128
f 6120 6128 6129
f 6119 6129 6130
f 6118 6130 6131
f 6117 6131 6132
f 6116 6132 6133
f 6115 6133 6134
f 6114 6134 6135
f 6113 6135 6136
f 6112 6136 6137
f 6111 6137 6138
f 6110 6138 6139
f 6108 6139 6124
f 6139 6140 6142
f 6138 6137 6140
f 6136 6135 6140
f 6135 6134 6140
f 6133 6141 6140
f 6133 6132 6141
f 6131 6130 6141
f 6129 6128 6142
f 6127 6126 6142
f 6126 6125 6142
f 6125 6124 6142
f 6143 6147 6146
f 6158 6160 6159
f 6162 6177 6178
f 6176 6178 6179
f 6175 6179 6180
f 6174 6180 6181
f 6173 6181 6182
f 6172 6182 6183
f 6171 6183 6184
f 6170 6184 6185
f 6169 6185 6186
f 6168 6186 6187
f 6167 6187 6188
f 6166 6188 6189
f 6165 6189 6190
f 6164 6190 6191
f 6163 6191 6192
f 6161 6192 6177
f 6192 6193 6195
f 6191 6190 6193
f 6189 6188 6193
f 6187 6194 6193
f 6186 6185 6194
f 6184 6183 6194
f 6182 6195 6194
f 6182 6181 6195
f 6180 6179 6195
f 6179 6178 6195
f 6196 6197 6198
f 6209 6210 6211
f 6218 6217 6219
f 6234 6248 6250
f 6248 6247 6251
f 6247 6246 6252
f 6246 6245 6253
f 6245 6244 6254
f 6244 6243 6255
f 6243 6242 6256
f 6242 6241 6257
f 6241 6240 6258
f 6240 6239 6259
f 6239 6238 6260
f 6238 6237 6261
f 6237 6236 6262
f 6236 6235 6263
f 6235 6233 6264
f 6233 6234 6249
f 6265 6266 6261
f 6266 6267 6256
f 6253 6267 6265
f 6277 6276 6275
f 6282 6296 6298
f 6296 6295 6299
f 6295 6294 6300
f 6294 6293 6301
f 6293 6292 6302
f 6292 6291 6303
f 6291 6290 6304
f 6290 6289 6305
f 6289 6288 6306
f 6288 6287 6307
f 6287 6286 6308
f 6286 6285 6309
f 6285 6284 6310
f 6284 6283 6311
f 6283 6281 6312
f 6281 6282 6297
f 6313 6314 6311
f 6314 6315 6307
f 6301 6315 6313
f 6317 6319 6316
f 6350 6351 6352
f 6386 6401 6402
f 6400 6402 6403
f 6399 6403 6404
f 6398 6404 6405
f 6397 6405 6406
f 6396 6406 6407
f 6395 6407 6408
f 6394 6408 6409
f 6393 6409 6410
f 6392 6410 6411
f 6391 6411 6412
f 6390 6412 6413
f 6389 6413 6414
f 6388 6414 6415
f 6387 6415 6416
f 6385 6416 6401
f 6414 6413 6418
f 6412 6411 6418
f 6410 6409 6418
f 6408 6419 6418
f 6408 6407 6419
f 6405 6404 6417
f 6404 6403 6417
f 6402 6401 6417
f 6422 6421 6423
f 6433 6448 6449
f 6447 6449 6450
f 6446 6450 6451
f 6445 6451 6452
f 6444 6452 6453
f 6443 6453 6454
f 6442 6454 6455
f 6441 6455 6456
f 6440 6456 6457
f 6439 6457 6458
f 6438 6458 6459
f 6437 6459 6460
f 6436 6460 6461
f 6435 6461 6462
f 6434 6462 6463
f 6432 6463 6448
f 6462 6465 6464
f 6461 6460 6465
f 6460 6459 6465
f 6459 6458 6466
f 6457 6456 6466
f 6455 6454 6466
f 6451 6464 6466
f 6451 6450 6464
f 6449 6448 6464
f 6511 6510 6512
f 6789 6790 6791
f 6804 6803 6805
f 6803 6804 6805
f 6813 6812 6814
f 6822 6821 6823
f 6821 6822 6823
f 6829 6830 6828
f 6847 6846 6845
f 6845 6846 6847
f 6860 6861 6862
f 6861 6860 6862
f 6868 6870 6869
f 6871 6867 6872
f 6880 6879 6881
f 6886 6888 6887
f 6908 6906 6907
f 6914 6916 6915
f 6917 6912 6918
f 6922 6923 6924
f 6932 6928 6929
f 6949 6947 6946
f 6955 6953 6949
f 6948 6946 6944
f 6955 6945 6948
f 6948 6945 6946
f 6956 6954 6952
f 6955 6956 6952
f 6955 6950 6951
f 7019 7018 7017
f 7027 7024 7022
f 7026 7022 7021
f 7022 7024 7021
f 7021 7025 7026
f 7029 7024 7027
f 7026 7025 7027
f 7031 7033 7036
f 7035 7030 7031
f 7030 7034 7037
f 7036 7033 7038
f 7036 7034 7035
f 7041 7039 7040
f 7043 7044 7040
f 7046 7042 7044
f 7048 7049 7054
f 7049 7055 7054
f 7060 7047 7058
f 7060 7049 7047
f 7060 7058 7059
f 7052 7049 7060
f 7061 7053 7062
f 7053 7055 7062
f 7057 7056 7062
f 7067 7066 7065
f 7072 7071 7070
f 7070 7071 7069
f 7073 7075 7076
f 7077 7075 7073
f 7071 7072 7068
f 7070 7069 7068
f 7063 7067 7065
f 7063 7064 7066
f 7080 7081 7082
f 7085 7086 7087
f 7077 7076 7089
f 7076 7075 7088
f 7077 7089 7088
f 7086 7084 7083
f 7083 7084 7085
f 7078 7079 7080
f 7081 7079 7078
f 7107 7091 7095
f 7106 7109 7108
f 7090 7092 7099
f 7099 7091 7090
f 7095 7111 7096
f 7109 7101 7102
f 7094 7105 7093
f 7100 7106 7092
f 7102 7103 7104
f 7095 7091 7099
f 7094 7111 7095
f 7108 7103 7105
f 7093 7103 7110
f 7103 7101 7097
f 7100 7101 7109
f 7108 7104 7103
f 7108 7109 7102
f 7109 7106 7100
f 7110 7098 7107
f 7090 7097 7101
f 7095 7106 7105
f 7103 7102 7101
f 7115 7121 7122
f 7115 7122 7116
f 7120 7119 7114
f 7121 7114 7122
f 7129 7130 7123
f 7127 7128 7124
f 7127 7129 7128
f 7134 7141 7138
f 7132 7137 7136
f 7141 7133 7136
f 7134 7138 7139
f 7136 7133 7140
f 7155 7154 7146
f 7090 7091 7149
f 7145 7147 7148
f 7151 7150 7156
f 7149 7091 7145
f 7145 7148 7144
f 7154 7152 7146
f 7097 7150 7152
f 7151 7156 7146
f 7107 7098 7157
f 7090 7158 7150
f 7145 7155 7142
f 7145 7144 7154
f 7150 7151 7152
f 7168 7170 7162
f 7163 7168 7162
f 7161 7167 7169
f 7170 7161 7171
f 7172 7173 7125
f 7176 7175 7177
f 7172 7175 7174
f 7182 7183 7180
f 7181 7137 7132
f 7183 7182 7181
f 7139 7182 7180
f 7179 7184 7181
f 7198 7185 7190
f 7192 7195 7186
f 7192 7191 7189
f 7194 7189 7201
f 7193 7194 7201
f 7185 7187 7190
f 7194 7193 7192
f 7191 7188 7189
f 7190 7187 7201
f 7193 7187 7196
f 7190 7201 7200
f 7204 7202 7199
f 7199 7207 7204
f 7196 7197 7207
f 7199 7202 7191
f 7188 7202 7204
f 7201 7188 7206
f 7205 7200 7201
f 7204 7207 7197
f 7195 7207 7199
f 7185 7198 7197
f 7204 7205 7206
f 7197 7200 7205
f 7203 7190 7200
f 7210 7208 7212
f 7211 7213 7208
f 7208 7214 7212
f 7208 7209 7214
f 7213 7210 7209
f 7213 7211 7210
f 7229 7231 7224
f 7224 7221 7226
f 7227 7221 7225
f 7226 7223 7224
f 7228 7221 7224
f 7224 7223 7222
f 7222 7223 7230
f 7223 7227 7228
f 7229 7230 7223
f 7245 7241 7247
f 7246 7245 7247
f 7243 7241 7245
f 7239 7238 7245
f 7243 7247 7242
f 7247 7241 7242
f 7244 7240 7239
f 7244 7246 7238
f 7246 7244 7239
f 7254 7255 7248
f 7249 7250 7252
f 7255 7253 7248
f 7256 7263 7257
f 7257 7263 7258
f 7258 7259 7262
f 7259 7260 7261
f 7275 7267 7276
f 7280 7272 7273
f 7268 7274 7271
f 7279 7273 7274
f 7281 7278 7265
f 7266 7270 7267
f 7266 7265 7270
f 7269 7268 7267
f 7280 7279 7277
f 7276 7267 7268
f 7271 7274 7273
f 7272 7273 7299
f 7275 7264 7281
f 7275 7276 7280
f 7280 7276 7272
f 7278 7268 7265
f 7284 7286 7282
f 7304 7285 7283
f 7291 7277 7278
f 7283 7282 7286
f 7284 7282 7285
f 7298 7300 7290
f 7300 7299 7293
f 7299 7298 7301
f 7293 7296 7295
f 7294 7287 7297
f 7297 7287 7289
f 7273 7272 7300
f 7296 7294 7295
f 7291 7292 7288
f 7289 7300 7293
f 7306 7282 7305
f 7303 7285 7282
f 7306 7305 7286
f 7282 7283 7305
f 7304 7303 7306
f 7304 7305 7303
f 7277 7301 7290
f 7264 7287 7294
f 7264 7294 7292
f 7301 7277 7291
f 7307 7309 7308
f 7327 7326 7328
f 7327 7328 7349
f 7328 7326 7331
f 7329 7330 7351
f 7331 7330 7329
f 7331 7329 7328
f 7349 7348 7327
f 7350 7348 7349
f 7350 7349 7353
f 7351 7352 7353
f 7353 7352 7350
f 7355 7356 7373
f 7373 7399 7372
f 7386 7399 7356
f 7397 7369 7398
f 7420 7472 7413
f 7416 7412 7415
f 7418 7416 7419
f 7414 7418 7419
f 7476 7411 7417
f 7422 7414 7417
f 7422 7478 7475
f 7471 7416 7418
f 7427 7431 7429
f 7426 7423 7431
f 7426 7430 7432
f 7430 7431 7427
f 7432 7430 7428
f 7426 7428 7427
f 7426 7424 7429
f 7424 7431 7423
f 7431 7424 7432
f 7427 7424 7425
f 7423 7480 7479
f 7436 7434 7439
f 7436 7433 7437
f 7433 7434 7435
f 7441 7443 7448
f 7448 7443 7446
f 7446 7443 7444
f 7445 7443 7441
f 7442 7445 7441
f 7469 7412 7416
f 7473 7419 7469
f 7474 7469 7415
f 7474 7473 7469
f 7476 7414 7473
f 7471 7418 7422
f 7470 7473 7474
f 7411 7413 7477
f 7411 7478 7413
f 7478 7476 7475
f 7470 7474 7410
f 7469 7416 7470
f 7475 7476 7471
f 7415 7469 7410
f 7481 7485 7480
f 7486 7485 7481
f 7484 7480 7485
f 7484 7483 7486
f 7482 7485 7486
f 7484 7482 7481
f 7481 7482 7483
f 7479 7484 7425
f 7481 7480 7425
f 7437 7433 7440
f 7436 7440 7438
f 7439 7487 7435
f 7438 7434 7433
f 7488 7494 7493
f 7490 7495 7493
f 7492 7493 7491
f 7489 7493 7494
f 7495 7491 7489
f 7516 7520 7512
f 7515 7521 7516
f 7514 7512 7513
f 7519 7512 7520
f 7520 7518 7519
f 7513 7512 7522
f 7528 7524 7530
f 7527 7523 7526
f 7526 7529 7527
f 7527 7525 7523
f 7525 7526 7523
f 7530 7532 7531
f 7531 7532 7533
f 7529 7530 7527
f 7532 7530 7529
f 7531 7534 7530
f 7535 7537 7536
f 7538 7535 7536
f 7539 7541 7540
f 7545 7544 7543
f 7543 7542 7545
f 7546 7547 7548
f 7548 7547 7549
f 7547 7546 7544
f 7549 7547 7550
f 7544 7545 7548
f 7550 7548 7542
f 7544 7546 7549
f 7545 7542 7549
f 7554 7551 7555
f 7556 7552 7553
f 7553 7555 7551
f 7552 7556 7554
f 7563 7566 7564
f 7567 7555 7561
f 7559 7552 7555
f 7556 7558 7559
f 7557 7560 7558
f 7557 7554 7560
f 7554 7556 7559
f 7551 7554 7563
f 7559 7558 7552
f 7561 7562 7563
f 7566 7557 7567
f 7568 7564 7551
f 7553 7568 7562
f 7551 7563 7562
f 7564 7568 7561
f 7565 7558 7567
f 7565 7566 7569
f 7553 7569 7561
f 7557 7556 7565
f 7566 7563 7557
f 7565 7556 7566
f 7553 7552 7558
f 7569 7553 7558
f 7572 7570 7571
f 7572 7575 7570
f 7573 7574 7575
f 7573 7570 7576
f 7577 7574 7579
f 7576 7571 7579
f 7574 7577 7575
f 7579 7573 7575
f 7571 7570 7573
f 7571 7576 7577
f 7570 7575 7577
f 7583 7588 7584
f 7582 7580 7581
f 7587 7583 7584
f 7582 7581 7580
f 7591 7586 7590
f 7587 7584 7585
f 7589 7585 7588
f 7585 7584 7588
f 7597 7592 7593
f 7592 7596 7593
f 7594 7596 7595
f 7596 7594 7600
f 7600 7599 7597
f 7599 7601 7598
f 7595 7601 7600
f 7601 7608 7596
f 7596 7605 7604
f 7607 7609 7608
f 7602 7603 7592
f 7603 7602 7594
f 7603 7604 7592
f 7606 7598 7608
f 7609 7607 7606
f 7602 7596 7609
f 7609 7599 7594
f 7599 7608 7601
f 7610 7611 7613
f 7614 7616 7615
f 7619 7610 7614
f 7616 7611 7617
f 7618 7612 7619
f 7618 7615 7617
f 7616 7614 7612
f 7614 7610 7612
f 7611 7616 7618
f 7617 7619 7612
f 7617 7611 7610
f 7620 7623 7621
f 7624 7626 7625
f 7627 7629 7628
f 7633 7632 7631
f 7634 7627 7630
f 7633 7627 7632
f 7635 7631 7629
f 7634 7631 7635
f 7633 7630 7635
f 7630 7627 7628
f 7629 7627 7633
f 7632 7634 7628
f 7638 7637 7636
f 7645 7646 7640
f 7643 7647 7645
f 7648 7640 7646
f 7639 7640 7642
f 7640 7643 7641
f 7646 7645 7641
f 7645 7647 7641
f 7646 7642 7644
f 7647 7643 7648
f 7641 7647 7644
f 7640 7648 7643
f 7651 7649 7652
f 7658 7659 7660
f 7660 7659 7662
f 7658 7655 7662
f 7655 7657 7659
f 7662 7659 7657
f 7659 7658 7654
f 7657 7655 7658
f 7656 7657 7660
f 7655 7656 7661
f 7681 7680 7679
f 7681 7679 7701
f 7703 7680 7681
f 7679 7680 7684
f 7683 7682 7705
f 7684 7682 7683
f 7684 7683 7679
f 7701 7702 7703
f 7706 7702 7701
f 7705 7704 7683
f 7712 7708 7711
f 7775 7768 7715
f 7714 7712 7716
f 7710 7714 7716
f 7772 7775 7713
f 7718 7710 7713
f 7718 7774 7771
f 7767 7712 7714
f 7712 7767 7766
f 7724 7728 7726
f 7723 7720 7728
f 7723 7727 7729
f 7727 7728 7724
f 7729 7727 7725
f 7723 7725 7724
f 7723 7721 7726
f 7721 7728 7720
f 7728 7721 7729
f 7724 7721 7722
f 7720 7777 7776
f 7730 7734 7735
f 7730 7733 7734
f 7730 7731 7732
f 7734 7731 7735
f 7737 7739 7744
f 7744 7739 7742
f 7742 7739 7740
f 7741 7739 7737
f 7738 7741 7737
f 7765 7708 7712
f 7769 7716 7765
f 7770 7765 7711
f 7770 7769 7765
f 7772 7710 7769
f 7767 7714 7718
f 7766 7769 7770
f 7775 7709 7773
f 7775 7774 7709
f 7774 7772 7771
f 7766 7770 7707
f 7765 7712 7766
f 7771 7772 7767
f 7711 7765 7707
f 7778 7782 7777
f 7783 7782 7778
f 7781 7777 7782
f 7781 7780 7783
f 7779 7782 7783
f 7781 7779 7778
f 7778 7779 7780
f 7776 7781 7722
f 7778 7777 7722
f 7730 7735 7785
f 7734 7733 7736
f 7731 7736 7784
f 7735 7784 7785
f 7731 7730 7736
f 7785 7784 7732
f 7786 7792 7791
f 7788 7793 7791
f 7790 7791 7789
f 7787 7791 7792
f 7793 7789 7787
f 7815 7820 7810
f 7820 7815 7814
f 7818 7810 7820
f 7820 7817 7818
f 7826 7823 7828
f 7822 7826 7824
f 7825 7821 7824
f 7824 7830 7825
f 7825 7822 7821
f 7822 7824 7821
f 7825 7828 7823
f 7830 7827 7829
f 7829 7827 7831
f 7830 7828 7825
f 7829 7828 7830
f 7829 7832 7828
f 7833 7836 7834
f 7835 7833 7834
f 7837 7839 7838
f 7844 7840 7847
f 7846 7845 7848
f 7842 7847 7849
f 7847 7843 7849
f 7847 7842 7845
f 7849 7844 7846
f 7849 7843 7840
f 7843 7847 7848
f 7840 7841 7848
f 7853 7850 7854
f 7863 7854 7864
f 7865 7851 7852
f 7852 7854 7850
f 7851 7865 7853
f 7858 7857 7851
f 7865 7856 7857
f 7855 7858 7856
f 7855 7853 7858
f 7853 7865 7857
f 7858 7854 7863
f 7857 7856 7851
f 7859 7854 7865
f 7862 7855 7863
f 7854 7859 7864
f 7866 7860 7865
f 7852 7866 7854
f 7866 7859 7850
f 7861 7856 7863
f 7861 7862 7864
f 7860 7850 7862
f 7866 7852 7864
f 7865 7861 7855
f 7861 7865 7862
f 7852 7851 7856
f 7864 7852 7856
f 7875 7871 7872
f 7870 7867 7873
f 7869 7875 7874
f 7873 7868 7874
f 7875 7869 7871
f 7874 7870 7872
f 7868 7867 7870
f 7868 7873 7871
f 7879 7884 7880
f 7878 7876 7877
f 7883 7879 7880
f 7878 7877 7876
f 7887 7882 7886
f 7883 7880 7881
f 7885 7881 7884
f 7881 7880 7884
f 7888 7891 7890
f 7891 7893 7890
f 7889 7893 7892
f 7897 7893 7889
f 7896 7895 7888
f 7895 7897 7894
f 7892 7897 7896
f 7897 7903 7893
f 7893 7898 7905
f 7902 7904 7903
f 7899 7905 7900
f 7901 7895 7904
f 7899 7906 7890
f 7900 7898 7893
f 7901 7894 7903
f 7904 7902 7901
f 7905 7898 7891
f 7902 7898 7900
f 7906 7893 7904
f 7894 7901 7888
f 7898 7902 7894
f 7895 7889 7890
f 7895 7903 7897
f 7909 7908 7907
f 7910 7913 7912
f 7914 7909 7910
f 7913 7909 7912
f 7908 7915 7911
f 7914 7911 7915
f 7913 7910 7915
f 7910 7909 7907
f 7908 7909 7913
f 7912 7914 7907
f 7919 7918 7916
f 7918 7917 7916
f 7921 7923 7922
f 7926 7924 7925
f 7929 7924 7927
f 7928 7925 7930
f 7932 7933 7930
f 7929 7933 7932
f 7933 7927 7928
f 7928 7927 7932
f 7932 7927 7924
f 7925 7928 7931
f 7930 7929 7926
f 7930 7925 7924
f 7936 7935 7934
f 7935 7936 7934
f 7943 7944 7938
f 7941 7945 7943
f 7946 7938 7944
f 7937 7938 7940
f 7938 7941 7939
f 7944 7943 7939
f 7943 7945 7939
f 7944 7940 7942
f 7945 7941 7946
f 7939 7945 7942
f 7938 7946 7941
f 7953 7955 7954
f 7954 7955 7956
f 7956 7955 7952
f 7952 7953 7954
f 7957 7951 7955
f 7952 7955 7951
f 7951 7957 7954
f 7957 7953 7956
f 7960 7961 7975
f 7988 7961 7987
f 7989 7975 7988
f 8000 7986 8001
f 8015 8017 8042
f 8017 8016 8014
f 8029 8031 8030
f 8032 8027 8028
f 8027 8029 8030
f 8031 8029 8024
f 8032 8028 8025
f 8027 8032 8026
f 8028 8030 8023
f 8029 8027 8025
f 8030 8032 8025
f 8032 8031 8024
f 8034 8018 8019
f 8034 8019 8020
f 8033 8020 8018
f 8053 8052 8050
f 8054 8053 8055
f 8047 8049 8048
f 8046 8047 8053
f 8047 8052 8054
f 8048 8051 8055
f 8049 8055 8050
f 8046 8053 8051
f 8048 8050 8052
f 8048 8055 8053
f 8047 8054 8055
f 8019 8018 8057
f 8020 8019 8057
f 8018 8020 8056
f 8067 8064 8066
f 8068 8065 8076
f 8066 8065 8070
f 8070 8069 8067
f 8065 8074 8070
f 8065 8077 8075
f 8073 8071 8068
f 8071 8072 8067
f 8072 8073 8067
f 8066 8064 8078
f 8073 8074 8065
f 8074 8071 8070
f 8071 8073 8070
f 8065 8066 8078
f 8076 8074 8073
f 8074 8076 8079
f 8079 8077 8080
f 8077 8076 8080
f 8064 8076 8077
f 8081 8082 8083
f 8084 8085 8086
f 8104 8102 8103
f 8128 8124 8126
f 8131 8132 8130
f 8152 8151 8150
f 8153 8156 8155
f 8159 8158 8161
f 8161 8160 8159
f 8160 8161 8158
f 8162 8163 8166
f 8167 8166 8168
f 8167 8165 8170
f 8165 8166 8175
f 8164 8168 8166
f 8168 8165 8172
f 8165 8167 8173
f 8167 8168 8176
f 8168 8164 8174
f 8174 8178 8179
f 8171 8166 8167
f 8175 8163 8162
f 8171 8176 8177
f 8175 8169 8172
f 8175 8162 8169
f 8176 8169 8177
f 8173 8171 8170
f 8169 8178 8177
f 8169 8179 8171
f 8171 8164 8178
f 8178 8164 8179
f 8215 8216 8217
f 8222 8221 8223
f 8227 8228 8225
f 8227 8230 8228
f 8233 8232 8234
f 8254 8253 8252
f 8257 8258 8255
f 8255 8258 8256
f 8260 8259 8262
f 8259 8260 8261
f 8261 8260 8262
f 8265 8266 8267
f 8266 8269 8268
f 8268 8269 8265
f 8280 8281 8282
f 8285 8281 8284
f 8283 8284 8280
f 8290 8291 8287
f 8291 8290 8289
f 8288 8287 8292
f 8287 8293 8286
f 8289 8290 8294
f 8287 8288 8289
f 8296 8288 8295
f 8297 8286 8289
f 8286 8298 8289
f 8310 8305 8304
f 8307 8305 8309
f 8309 8304 8300
f 8323 8304 8309
f 8312 8321 8308
f 8308 8310 8312
f 8311 8304 8323
f 8323 8313 8306
f 8309 8313 8322
f 8309 8322 8315
f 8316 8319 8320
f 8310 8306 8313
f 8312 8311 8323
f 8318 8320 8319
f 8313 8323 8322
f 8324 8323 8315
f 8337 8332 8334
f 8338 8332 8336
f 8338 8336 8335
f 8330 8329 8341
f 8340 8334 8332
f 8334 8333 8331
f 8340 8352 8334
f 8331 8339 8337
f 8339 8331 8349
f 8341 8329 8328
f 8336 8332 8325
f 8332 8337 8325
f 8326 8337 8335
f 8340 8348 8347
f 8351 8348 8338
f 8338 8347 8350
f 8333 8352 8349
f 8352 8340 8349
f 8348 8351 8343
f 8366 8363 8358
f 8359 8362 8355
f 8354 8367 8362
f 8359 8365 8357
f 8361 8357 8356
f 8360 8361 8356
f 8361 8360 8359
f 8360 8358 8354
f 8372 8371 8368
f 8368 8367 8372
f 8354 8364 8367
f 8368 8371 8365
f 8370 8371 8372
f 8356 8370 8374
f 8373 8369 8356
f 8372 8367 8364
f 8362 8367 8368
f 8363 8366 8364
f 8372 8373 8374
f 8365 8371 8370
f 8364 8369 8373
f 8377 8379 8396
f 8376 8375 8385
f 8406 8390 8389
f 8379 8384 8380
f 8398 8384 8383
f 8383 8384 8381
f 8384 8379 8382
f 8390 8375 8389
f 8393 8394 8395
f 8406 8401 8375
f 8405 8389 8376
f 8401 8405 8407
f 8398 8399 8380
f 8400 8401 8407
f 8398 8383 8397
f 8399 8378 8380
f 8384 8398 8380
f 8414 8427 8415
f 8439 8416 8420
f 8423 8414 8415
f 8418 8422 8421
f 8418 8420 8422
f 8427 8428 8444
f 8435 8428 8414
f 8436 8418 8421
f 8418 8439 8420
f 8445 8434 8440
f 8428 8435 8444
f 8419 8436 8417
f 8416 8439 8419
f 8439 8418 8437
f 8435 8434 8444
f 8448 8450 8449
f 8435 8414 8434
f 8427 8444 8445
f 8457 8451 8465
f 8459 8458 8452
f 8452 8462 8459
f 8455 8458 8459
f 8454 8455 8461
f 8460 8453 8454
f 8459 8462 8463
f 8457 8453 8451
f 8459 8460 8461
f 8454 8453 8457
f 8463 8453 8460
f 8463 8451 8453
f 8467 8454 8457
f 8470 8473 8466
f 8463 8462 8473
f 8458 8469 8466
f 8470 8469 8456
f 8472 8456 8454
f 8471 8472 8454
f 8466 8473 8462
f 8464 8465 8451
f 8472 8471 8470
f 8471 8467 8464
f 8467 8468 8465
f 8467 8457 8468
f 8476 8474 8475
f 8474 8479 8478
f 8476 8479 8474
f 8477 8478 8479
f 8482 8481 8480
f 8483 8480 8481
f 8482 8484 8485
f 8488 8486 8487
f 8488 8491 8490
f 8489 8490 8491
f 8493 8492 8494
f 8494 8492 8496
f 8495 8492 8493
f 8494 8496 8497
f 8502 8499 8498
f 8500 8499 8502
f 8501 8498 8499
f 8500 8502 8503
f 8506 8504 8505
f 8509 8508 8506
f 8507 8508 8509
f 8510 8523 8511
f 8533 8516 8517
f 8515 8512 8518
f 8514 8515 8517
f 8532 8531 8512
f 8532 8512 8516
f 8519 8510 8511
f 8530 8523 8524
f 8513 8517 8518
f 8514 8517 8516
f 8515 8518 8517
f 8521 8522 8520
f 8527 8528 8529
f 8529 8528 8527
f 8539 8524 8510
f 8530 8540 8511
f 8540 8535 8536
f 8533 8532 8516
f 8513 8531 8534
f 8539 8535 8530
f 8547 8554 8558
f 8557 8554 8555
f 8557 8555 8548
f 8557 8547 8567
f 8553 8556 8569
f 8556 8571 8569
f 8558 8571 8556
f 8559 8547 8553
f 8554 8547 8546
f 8546 8547 8548
f 8571 8568 8567
f 8570 8568 8557
f 8557 8567 8561
f 8569 8567 8559
f 8584 8586 8585
f 8587 8582 8583
f 8582 8584 8585
f 8586 8584 8578
f 8587 8583 8580
f 8582 8587 8581
f 8583 8585 8578
f 8584 8582 8580
f 8585 8587 8580
f 8587 8586 8579
f 8597 8574 8596
f 8608 8607 8606
f 8600 8601 8604
f 8603 8602 8605
f 8601 8603 8605
f 8601 8607 8608
f 8605 8606 8609
f 8602 8609 8606
f 8600 8608 8606
f 8602 8606 8607
f 8605 8609 8608
f 8601 8608 8609
f 8615 8613 8614
f 8640 8639 8638
f 8645 8646 8649
f 8644 8648 8646
f 8649 8648 8647
f 8675 8676 8673
f 8674 8676 8677
f 8680 8679 8678
f 8678 8679 8681
f 8678 8681 8680
f 8682 8683 8685
f 8687 8685 8689
f 8694 8684 8686
f 8688 8684 8682
f 8688 8687 8692
f 8689 8686 8687
f 8692 8685 8686
f 8689 8683 8682
f 8692 8687 8684
f 8689 8682 8684
f 8692 8691 8694
f 8696 8690 8694
f 8696 8695 8693
f 8696 8694 8695
f 8695 8694 8683
f 8698 8699 8697
f 8697 8699 8698
f 8718 8717 8725
f 8719 8724 8714
f 8714 8722 8719
f 8716 8724 8719
f 8715 8716 8721
f 8720 8718 8715
f 8719 8722 8713
f 8719 8720 8721
f 8713 8718 8720
f 8731 8726 8727
f 8724 8730 8727
f 8731 8730 8729
f 8733 8729 8715
f 8732 8733 8715
f 8727 8726 8722
f 8723 8725 8717
f 8733 8732 8731
f 8732 8728 8723
f 8746 8750 8749
f 8735 8830 8744
f 8751 8745 8742
f 8735 8750 8746
f 8830 8736 8734
f 8737 8747 8749
f 8736 8741 8742
f 8734 8743 8744
f 8745 8736 8742
f 8745 8752 8743
f 8834 8833 8823
f 8746 8747 8826
f 8829 8738 8743
f 8741 8753 8831
f 8741 8748 8737
f 8743 8738 8744
f 8787 8792 8790
f 8787 8790 8791
f 8789 8791 8793
f 8792 8787 8788
f 8788 8793 8792
f 8792 8793 8786
f 8793 8791 8786
f 8790 8792 8791
f 8813 8819 8817
f 8813 8817 8818
f 8814 8813 8811
f 8815 8814 8810
f 8810 8813 8815
f 8820 8821 8816
f 8819 8818 8821
f 8818 8822 8821
f 8817 8821 8820
f 8824 8833 8750
f 8747 8828 8826
f 8856 8842 8854
f 8847 8846 8843
f 8846 8866 8840
f 8866 8844 8839
f 8844 8864 8839
f 8850 8841 8864
f 8839 8841 8852
f 8852 8842 8839
f 8840 8842 8856
f 8856 8860 8865
f 8860 8861 8865
f 8843 8850 8864
f 8860 8856 8858
f 8866 8845 8844
f 8844 8869 8848
f 8845 8867 8868
f 8845 8868 8869
f 8846 8848 8867
f 8851 8849 8835
f 8851 8835 8836
f 8855 8836 8837
f 8859 8857 8837
f 8859 8837 8838
f 8862 8838 8835
f 8906 8907 8904
f 8900 8990 8912
f 8899 8908 8909
f 8904 8907 8912
f 8902 8903 8990
f 8906 8905 8898
f 8899 8898 8903
f 8900 8901 8902
f 8899 8903 8908
f 8900 8902 8990
f 8901 8910 8908
f 8983 8993 8994
f 8989 8910 8901
f 8984 8989 8895
f 8911 8990 8898
f 8991 8911 8898
f 8912 8990 8992
f 8912 8992 8987
f 8948 8949 8952
f 8950 8948 8952
f 8951 8950 8947
f 8949 8951 8946
f 8973 8971 8974
f 8982 8973 8974
f 8971 8982 8976
f 8970 8974 8976
f 8969 8970 8976
f 8969 8976 8975
f 8969 8975 8974
f 8971 8981 8980
f 8980 8979 8982
f 8982 8979 8978
f 8978 8981 8973
f 8984 8895 8907
f 8983 8984 8993
f 8986 8988 8905
f 9008 9025 9027
f 9005 9027 9026
f 9005 9026 9000
f 9028 9000 8999
f 8999 9025 9008
f 8999 9002 9013
f 8999 9000 9002
f 9026 9020 9024
f 9026 9021 9020
f 9027 9003 9021
f 9003 9025 9011
f 9003 9023 9021
f 9008 9004 9028
f 9031 9032 9006
f 9032 9031 9008
f 9007 9030 9004
f 9031 9007 9004
f 9030 9029 9005
f 9029 9032 9009
f 8996 8995 9012
f 8997 8996 9016
f 8998 8997 9019
f 9022 8995 8998
l 421 429
l 568 569
l 576 577
l 584 585
l 588 589
l 1021 1030
l 1033 1020
l 1040 1047
l 1050 1062
l 1066 1068
l 1074 1079
l 1321 1335
l 1913 1914
l 1915 1916
l 1917 1918
l 1919 1920
l 1921 1922
l 1923 1924
l 1925 1926
l 1927 1928
l 1929 1930
l 1931 1932
l 1933 1934
l 1935 1936
l 1937 1938
l 1939 1940
l 1941 1942
l 1943 1944
l 1945 1946
l 1947 1948
l 1949 1950
l 1951 1952
l 1953 1954
l 1957 1958
l 1959 1960
l 1961 1962
l 1963 1964
l 2176 2167
l 2260 2266
l 2253 2259
l 2272 2281
l 2355 2347
l 2451 2460
l 2467 2476
l 2566 2573
l 2921 2922
l 2923 2925
l 2978 2977
l 2979 2980
l 3023 3027
l 3073 3074
l 3083 3084
l 3467 3468
l 3475 3476
l 3626 3627
l 3633 3632
l 3661 3662
l 3711 3712
l 3712 3713
l 3725 3727
l 3777 3780
l 3783 3790
l 3797 3796
l 3799 3812
l 3836 3838
l 3846 3847
l 3861 3862
l 3872 3873
l 3899 3902
l 3905 3912
l 3918 3919
l 3928 3927
l 3968 3969
l 3980 3995
l 3986 3985
l 4002 4003
l 4007 4008
l 4118 4119
l 4129 4130
l 4137 4138
l 4197 4198
l 4217 4218
l 4233 4234
l 4285 4286
l 4381 4378
l 4474 4475
l 4512 4513
l 4543 4544
l 4720 4718
l 4716 4718
l 4783 4785
l 4845 4846
l 4850 4848
l 4874 4872
l 5210 5204
l 5200 5208
l 5217 5221
l 5238 5232
l 5228 5236
l 5245 5249
l 5323 5320
l 5485 5487
l 5749 5750
l 5794 5795
l 5795 5796
l 5848 5846
l 5893 5894
l 5901 5902
l 6033 6041
l 6065 6073
l 6093 6101
l 6152 6151
l 6206 6208
l 6337 6345
l 6350 6349
l 6467 6468
l 6479 6480
l 6483 6482
l 6506 6507
l 6528 6533
l 6786 6788
l 6794 6792
l 6802 6800
l 6806 6807
l 6819 6820
l 6829 6831
l 6831 6832
l 6833 6828
l 6837 6835
l 6849 6848
l 6853 6854
l 6870 6871
l 6878 6876
l 6885 6875
l 6889 6890
l 6898 6896
l 6910 6909
l 6935 6931
l 412 423
l 408 419
l 420 428
l 416 424
l 752 753
l 1022 1028
l 1084 1093
l 1096 1083
l 1103 1110
l 1796 1798
l 2183 2192
l 2199 2208
l 2256 2264
l 2273 2282
l 2289 2298
l 2360 2356
l 2353 2346
l 2362 2371
l 2378 2387
l 2446 2438
l 2468 2477
l 2580 2589
l 3030 3032
l 3025 3028
l 3702 3703
l 3726 3727
l 3739 3744
l 3755 3760
l 3761 3770
l 3798 3799
l 3814 3815
l 3842 3843
l 3870 3871
l 3877 3882
l 3883 3892
l 3926 3928
l 3969 3967
l 3980 3979
l 4000 4001
l 4055 4054
l 4065 4064
l 4115 4114
l 4131 4132
l 4136 4138
l 4159 4160
l 4331 4332
l 4482 4483
l 4491 4492
l 4513 4514
l 4530 4531
l 4607 4605
l 4698 4702
l 4701 4697
l 4702 4697
l 4711 4712
l 4743 4744
l 4796 4797
l 4799 4798
l 4862 4861
l 4975 4976
l 5104 5098
l 5094 5102
l 5111 5115
l 5132 5126
l 5122 5130
l 5139 5143
l 5211 5201
l 5239 5229
l 5308 5313
l 5318 5316
l 5433 5430
l 5435 5436
l 5583 5538
l 5637 5633
l 5641 5642
l 5700 5701
l 5701 5702
l 5744 5745
l 5751 5755
l 5748 5749
l 5837 5839
l 5850 5851
l 5847 5848
l 5897 5898
l 5903 5905
l 5905 5906
l 6144 6145
l 6199 6200
l 6212 6213
l 6317 6318
l 6333 6332
l 6357 6358
l 6421 6420
l 6427 6428
l 6484 6493
l 6529 6532
l 6545 6553
l 6557 6558
l 6810 6809
l 6820 6818
l 6838 6840
l 6842 6844
l 6888 6889
l 6886 6890
l 6911 6910
l 6901 6902
l 6936 6938
l 6943 6940
l 564 565
l 572 573
l 580 581
l 592 593
l 596 597
l 1085 1091
l 2059 2060
l 2177 2168
l 2184 2193
l 2200 2209
l 2262 2254
l 2349 2354
l 2442 2433
l 2441 2447
l 2452 2461
l 2924 2916
l 2917 2918
l 2973 2974
l 3026 3027
l 3681 3682
l 3707 3709
l 3716 3718
l 3730 3733
l 3732 3729
l 3733 3729
l 3740 3743
l 3756 3759
l 3762 3769
l 3784 3792
l 3807 3808
l 3820 3819
l 3823 3824
l 3834 3835
l 3848 3845
l 3858 3857
l 3863 3860
l 3869 3868
l 3878 3881
l 3884 3891
l 3906 3914
l 3973 3971
l 3975 3971
l 3984 3986
l 3990 3988
l 3992 3988
l 3998 3999
l 4009 4006
l 4008 4009
l 4106 4111
l 4122 4124
l 4135 4137
l 4165 4166
l 4193 4195
l 4342 4343
l 4534 4533
l 4559 4560
l 4709 4711
l 4727 4729
l 4739 4740
l 4786 4787
l 4844 4845
l 4854 4855
l 4863 4864
l 4955 4957
l 4959 4960
l 5105 5095
l 5133 5123
l 5205 5198
l 5223 5216
l 5213 5220
l 5233 5226
l 5251 5244
l 5241 5248
l 5317 5319
l 5316 5317
l 5385 5386
l 5434 5435
l 5481 5483
l 5592 5593
l 6012 6020
l 6024 6029
l 6030 6039
l 6056 6061
l 6062 6071
l 6084 6089
l 6090 6099
l 6102 6103
l 6155 6156
l 6269 6273
l 6334 6343
l 6346 6347
l 6380 6381
l 6424 6425
l 6471 6472
l 6485 6492
l 6728 6729
l 6738 6739
l 6811 6812
l 6824 6825
l 6827 6817
l 6841 6839
l 6856 6851
l 6864 6863
l 6892 6893
l 6903 6905
l 6913 6914
l 6921 6919
l 6925 6926
l 6926 6927
l 6939 6937
l 407 418
l 423 431
l 419 427
l 730 731
l 738 739
l 746 747
l 750 751
l 994 1002
l 1006 1014
l 1955 1956
l 2171 2164
l 2170 2178
l 2179 2173
l 2363 2372
l 2379 2388
l 2453 2462
l 2469 2478
l 2568 2572
l 2924 2925
l 2916 2919
l 2930 2931
l 2988 2987
l 3023 3024
l 3400 3401
l 3408 3409
l 3628 3629
l 3631 3630
l 3682 3683
l 3684 3681
l 3719 3721
l 3720 3719
l 3725 3726
l 3746 3751
l 3803 3805
l 3813 3815
l 3833 3832
l 3858 3859
l 3866 3867
l 3920 3922
l 3937 3939
l 3978 3963
l 3984 3985
l 3996 3997
l 4060 4061
l 4070 4071
l 4162 4161
l 4331 4333
l 4377 4376
l 4423 4422
l 4473 4472
l 4487 4488
l 4509 4510
l 4526 4527
l 4534 4532
l 4533 4535
l 4561 4559
l 4647 4648
l 4730 4728
l 4800 4802
l 4870 4869
l 4891 4892
l 4980 4991
l 5099 5092
l 5117 5110
l 5107 5114
l 5127 5120
l 5145 5138
l 5135 5142
l 5319 5318
l 5476 5477
l 5534 5535
l 5590 5591
l 5638 5592
l 5636 5637
l 5646 5647
l 5643 5645
l 5690 5692
l 5694 5695
l 5700 5704
l 5698 5743
l 5698 5699
l 5746 5747
l 5754 5755
l 5841 5836
l 5845 5844
l 5849 5850
l 5958 5959
l 5953 5954
l 6025 6028
l 6031 6038
l 6057 6060
l 6063 6070
l 6085 6088
l 6091 6098
l 6147 6148
l 6154 6153
l 6155 6157
l 6204 6205
l 6207 6208
l 6215 6217
l 6220 6221
l 6228 6274
l 6271 6272
l 6275 6323
l 6320 6321
l 6330 6331
l 6335 6342
l 6497 6496
l 6527 6536
l 6581 6582
l 6585 6586
l 6589 6590
l 6668 6669
l 6688 6689
l 6696 6697
l 6736 6737
l 6801 6802
l 6824 6826
l 6865 6864
l 6877 6878
l 411 422
l 566 567
l 570 571
l 574 575
l 578 579
l 582 583
l 586 587
l 594 595
l 1007 1012
l 1016 1019
l 1025 1032
l 1034 1045
l 1057 1065
l 1070 1078
l 2185 2194
l 2201 2210
l 2270 2279
l 2286 2295
l 2348 2357
l 2364 2373
l 2380 2389
l 2581 2588
l 2920 2921
l 2975 2976
l 2985 2986
l 3031 3032
l 3076 3075
l 3077 3078
l 3472 3473
l 3480 3481
l 3708 3709
l 3711 3714
l 3713 3710
l 3714 3710
l 3737 3735
l 3738 3745
l 3747 3750
l 3754 3775
l 3763 3771
l 3804 3805
l 3810 3811
l 3826 3827
l 3830 3831
l 3837 3836
l 3851 3852
l 3852 3853
l 3857 3859
l 3876 3897
l 3885 3893
l 3917 3916
l 3943 3945
l 4123 4122
l 4136 4135
l 4145 4143
l 4143 4144
l 4168 4167
l 4219 4220
l 4221 4222
l 4231 4232
l 4311 4309
l 4340 4341
l 4424 4423
l 4464 4469
l 4480 4481
l 4511 4512
l 4535 4536
l 4703 4657
l 4656 4657
l 4731 4733
l 4743 4789
l 4873 4871
l 4925 4927
l 4956 4958
l 4995 4994
l 5203 5207
l 5224 5218
l 5214 5222
l 5231 5235
l 5252 5246
l 5242 5250
l 5321 5322
l 5588 5589
l 5846 5847
l 6003 6008
l 6009 6018
l 6047 6052
l 6075 6080
l 6104 6102
l 6203 6202
l 6206 6207
l 6214 6212
l 6486 6494
l 6513 6514
l 6517 6518
l 6546 6554
l 6787 6788
l 6794 6793
l 6797 6795
l 6799 6797
l 6814 6809
l 6832 6833
l 6852 6853
l 6854 6855
l 6855 6856
l 6857 6858
l 6882 6884
l 6905 6904
l 6912 6913
l 406 417
l 418 426
l 726 727
l 734 735
l 742 743
l 754 755
l 758 759
l 1035 1043
l 1048 1049
l 1071 1076
l 1080 1082
l 1088 1095
l 1097 1108
l 2172 2165
l 2258 2263
l 2344 2350
l 2445 2436
l 2918 2920
l 3026 3029
l 3635 3634
l 3657 3658
l 3659 3662
l 3701 3702
l 3703 3701
l 3785 3793
l 3819 3821
l 3829 3828
l 3907 3915
l 3920 3921
l 3921 3922
l 3937 3938
l 3938 3939
l 3958 3960
l 3962 3963
l 4052 4053
l 4116 4117
l 4117 4118
l 4119 4116
l 4124 4125
l 4140 4139
l 4294 4292
l 4309 4310
l 4333 4332
l 4340 4343
l 4378 4379
l 4420 4421
l 4481 4482
l 4522 4523
l 4600 4601
l 4605 4606
l 4646 4647
l 4651 4652
l 4656 4703
l 4700 4701
l 4714 4715
l 4717 4720
l 4734 4732
l 4735 4736
l 5097 5101
l 5118 5112
l 5108 5116
l 5125 5129
l 5146 5140
l 5136 5144
l 5225 5215
l 5253 5243
l 5385 5387
l 5436 5434
l 5475 5476
l 5488 5486
l 5532 5534
l 5539 5583
l 5586 5587
l 5633 5634
l 5639 5640
l 5646 5648
l 5648 5649
l 5651 5647
l 5696 5697
l 5703 5704
l 5743 5699
l 5753 5754
l 5748 5750
l 5794 5796
l 5842 5843
l 5851 5852
l 5899 5900
l 5952 5951
l 5956 5961
l 5957 5958
l 5953 5955
l 6004 6007
l 6010 6017
l 6032 6040
l 6048 6051
l 6064 6072
l 6076 6079
l 6092 6100
l 6145 6143
l 6198 6199
l 6201 6197
l 6229 6274
l 6326 6327
l 6336 6344
l 6363 6364
l 6365 6366
l 6367 6368
l 6426 6427
l 6498 6501
l 6786 6787
l 6808 6806
l 6818 6819
l 6882 6883
l 6874 6873
l 6891 6894
l 6897 6895
l 6903 6904
l 6916 6917
l 6920 6921
l 6925 6927
l 6941 6942
l 6997 6998
l 7009 7010
l 410 421
l 422 430
l 590 591
l 1098 1106
l 1111 1112
l 2271 2280
l 2287 2296
l 2365 2374
l 2381 2390
l 2440 2435
l 2450 2459
l 2466 2475
l 2564 2576
l 2582 2585
l 3025 3031
l 3033 3038
l 3071 3072
l 3394 3399
l 3402 3407
l 3636 3635
l 3660 3659
l 3660 3661
l 3707 3708
l 3734 3736
l 3794 3795
l 3803 3804
l 3807 3806
l 3811 3808
l 3813 3814
l 3823 3822
l 3827 3824
l 3842 3844
l 3843 3844
l 3848 3849
l 3851 3853
l 3863 3864
l 3932 3930
l 3934 3930
l 3944 3943
l 3949 3947
l 4121 4120
l 4141 4144
l 4194 4196
l 4293 4295
l 4292 4293
l 4311 4312
l 4379 4380
l 4485 4486
l 4547 4548
l 4560 4561
l 4706 4707
l 4785 4786
l 4787 4788
l 4793 4792
l 4794 4795
l 4841 4842
l 4846 4842
l 4856 4857
l 4865 4866
l 4926 4928
l 4929 4930
l 5119 5109
l 5147 5137
l 5209 5202
l 5199 5206
l 5219 5212
l 5237 5230
l 5227 5234
l 5247 5240
l 5386 5387
l 5490 5489
l 5538 5539
l 5584 5585
l 5593 5638
l 5644 5645
l 6103 6104
l 6213 6214
l 6223 6222
l 6348 6351
l 6377 6378
l 6379 6380
l 6381 6379
l 6423 6424
l 6425 6420
l 6428 6426
l 6470 6471
l 6477 6475
l 6499 6498
l 6537 6542
l 6543 6552
l 6556 6555
l 6559 6560
l 6654 6655
l 6726 6727
l 6730 6731
l 6748 6749
l 6792 6793
l 6798 6799
l 6795 6796
l 6810 6811
l 6843 6844
l 6850 6848
l 6867 6866
l 6919 6920
l 6934 6935
l 409 420
l 405 416
l 417 425
l 728 729
l 732 733
l 736 737
l 740 741
l 744 745
l 748 749
l 756 757
l 987 999
l 1003 1005
l 1010 1015
l 2017 2018
l 2019 2020
l 2021 2022
l 2023 2024
l 2025 2026
l 2027 2028
l 2029 2030
l 2031 2032
l 2033 2034
l 2035 2036
l 2037 2038
l 2039 2040
l 2041 2042
l 2043 2044
l 2045 2046
l 2047 2048
l 2049 2050
l 2051 2052
l 2053 2054
l 2055 2056
l 2057 2058
l 2061 2062
l 2063 2064
l 2065 2066
l 2067 2068
l 2166 2174
l 2182 2191
l 2198 2207
l 2267 2265
l 2288 2297
l 2345 2352
l 2439 2444
l 2434 2443
l 2919 2923
l 2917 2922
l 2933 2936
l 2926 2930
l 2931 3038
l 3086 3085
l 3395 3396
l 3403 3404
l 3466 3471
l 3474 3479
l 3721 3720
l 3764 3772
l 3776 3781
l 3782 3791
l 3820 3821
l 3886 3894
l 3898 3903
l 3904 3913
l 3944 3945
l 3954 3956
l 3962 3978
l 3968 3967
l 4006 4007
l 4046 4047
l 4088 4089
l 4163 4164
l 4294 4295
l 4340 4344
l 4380 4381
l 4489 4490
l 4493 4494
l 4515 4511
l 4514 4515
l 4525 4526
l 4600 4604
l 4603 4604
l 4646 4652
l 4650 4651
l 4696 4655
l 4740 4742
l 4789 4744
l 4847 4849
l 4858 4859
l 4859 4860
l 4867 4868
l 5103 5096
l 5093 5100
l 5113 5106
l 5131 5124
l 5121 5128
l 5141 5134
l 5428 5433
l 5475 5480
l 5477 5478
l 5478 5479
l 5479 5480
l 5484 5482
l 5491 5490
l 5581 5582
l 5578 5579
l 5643 5644
l 5691 5693
l 5702 5703
l 5751 5752
l 5752 5753
l 5835 5841
l 5849 5854
l 5896 5895
l 5908 5909
l 5901 5948
l 5949 5950
l 5956 5957
l 5954 5955
l 6002 6023
l 6011 6019
l 6046 6055
l 6054 6053
l 6074 6083
l 6082 6081
l 6148 6149
l 6156 6157
l 6200 6201
l 6219 6220
l 6225 6224
l 6226 6227
l 6228 6229
l 6272 6273
l 6325 6324
l 6328 6329
l 6349 6348
l 6361 6362
l 6487 6495
l 6500 6499
l 6538 6541
l 6544 6551
l 6563 6564
l 6567 6568
l 6571 6572
l 6575 6576
l 6579 6580
l 6674 6675
l 6800 6801
l 6825 6826
l 6816 6815
l 6834 6836
l 6852 6851
l 6858 6859
l 6857 6859
l 6876 6877
l 6884 6883
l 7165 7166
l 7117 7118
l 7118 7119
l 7159 7160
l 7117 7116
l 7112 7113
l 7166 7167
l 7235 7236
l 7232 7237
l 7234 7236
l 7232 7233
l 7234 7235
l 7336 7337
l 7342 7343
l 7344 7345
l 7346 7347
l 7467 7468
l 7498 7502
l 7506 7507
l 7318 7319
l 7334 7335
l 7338 7339
l 7359 7360
l 7402 7403
l 7406 7407
l 7457 7458
l 7310 7311
l 7387 7388
l 7391 7392
l 7395 7396
l 7499 7501
l 7362 7366
l 7367 7369
l 7376 7377
l 7380 7381
l 7463 7464
l 7508 7509
l 7623 7622
l 7649 7650
l 7315 7314
l 7384 7385
l 7496 7497
l 7500 7503
l 7504 7505
l 7316 7317
l 7320 7321
l 7324 7325
l 7371 7354
l 7354 7385
l 7357 7358
l 7363 7364
l 7400 7401
l 7404 7405
l 7408 7409
l 7452 7455
l 7322 7323
l 7332 7333
l 7340 7341
l 7389 7390
l 7393 7394
l 7451 7454
l 7465 7466
l 7510 7511
l 7312 7313
l 7361 7365
l 7374 7375
l 7378 7379
l 7382 7383
l 7453 7456
l 7459 7460
l 7461 7462
l 7695 7696
l 7798 7801
l 7992 7993
l 7996 7997
l 7687 7688
l 7691 7692
l 7699 7700
l 7745 7746
l 7748 7750
l 7802 7803
l 7976 7977
l 7980 7981
l 7984 7985
l 8008 8013
l 7676 7675
l 7693 7694
l 7761 7762
l 7808 7809
l 7973 8001
l 7749 7752
l 7755 7756
l 7757 7758
l 7964 7965
l 8006 8007
l 8009 8010
l 7663 7664
l 7667 7668
l 7685 7686
l 7698 7697
l 7804 7805
l 7958 7974
l 7990 7991
l 7994 7995
l 7998 7999
l 7665 7666
l 7673 7674
l 7677 7678
l 7753 7754
l 7763 7764
l 7968 7971
l 7978 7979
l 7982 7983
l 7972 7986
l 7797 7799
l 7796 7800
l 7669 7670
l 7671 7672
l 7747 7751
l 7759 7760
l 7806 7807
l 7947 7949
l 7947 7948
l 7962 7963
l 7966 7967
l 7969 7970
l 7972 7973
l 8004 8005
l 8011 8012
l 8021 8022
l 8036 8037
l 8039 8040
l 8038 8039
l 8040 8038
l 8044 8045
l 8059 8060
l 8062 8063
l 8061 8062
l 8063 8061
l 8087 8088
l 8089 8090
l 8095 8092
l 8093 8094
l 8112 8113
l 8113 8114
l 8118 8119
l 8121 8122
l 8143 8144
l 8144 8145
l 8109 8110
l 8135 8136
l 8142 8141
l 8114 8111
l 8119 8120
l 8133 8134
l 8148 8149
l 8122 8117
l 8100 8099
l 8101 8105
l 8117 8118
l 8120 8121
l 8106 8107
l 8146 8147
l 8105 8104
l 8101 8102
l 8141 8140
l 8190 8191
l 8187 8188
l 8192 8193
l 8194 8195
l 8243 8241
l 8207 8208
l 8210 8209
l 8237 8238
l 8196 8197
l 8212 8217
l 8221 8220
l 8223 8218
l 8247 8246
l 8201 8203
l 8206 8208
l 8242 8243
l 8245 8246
l 8206 8207
l 8218 8219
l 8248 8249
l 8256 8257
l 8200 8205
l 8211 8214
l 8198 8199
l 8214 8215
l 8245 8247
l 8250 8251
l 8263 8264
l 8271 8272
l 8272 8273
l 8274 8275
l 8277 8276
l 8278 8279
l 8292 8295
l 8291 8296
l 8293 8298
l 8391 8392
l 8446 8447
l 8538 8537
l 8525 8526
l 8610 8575
l 8589 8590
l 8592 8594
l 8598 8599
l 8588 8610
l 8615 8616
l 8616 8613
l 8631 8632
l 8632 8633
l 8640 8641
l 8642 8643
l 8665 8664
l 8663 8664
l 8627 8628
l 8662 8661
l 8617 8618
l 8633 8634
l 8641 8637
l 8668 8669
l 8629 8630
l 8643 8638
l 8621 8625
l 8626 8627
l 8637 8642
l 8659 8658
l 8625 8624
l 8621 8622
l 8634 8635
l 8656 8657
l 8661 8660
l 8704 8705
l 8709 8710
l 8711 8712
l 8771 8770
l 8870 8871
l 8878 8879
l 8886 8887
l 8923 8924
l 8925 8926
l 8932 8931
l 8913 8914
l 8915 8916
l 8917 8918
l 8938 8940
l 8959 8960
l 8967 8968
l 9043 9044
l 8764 8765
l 8766 8767
l 8773 8772
l 8754 8755
l 8756 8757
l 8758 8759
l 8779 8781
l 8800 8801
l 8808 8809
l 8880 8881
l 8920 8919
l 8944 8939
l 9035 9036
l 9051 9052
l 8761 8760
l 8785 8780
l 8872 8873
l 8876 8877
l 8888 8889
l 8922 8921
l 9037 9038
l 9045 9046
l 8763 8762
l 8874 8875
l 8882 8883
l 8896 8897
l 8943 8934
l 8936 8942
l 8953 8958
l 8961 8966
l 9053 9054
l 8739 8740
l 8784 8775
l 8777 8783
l 8794 8799
l 8802 8807
l 8890 8891
l 8954 8955
l 8962 8963
l 8795 8796
l 8803 8804
l 9039 9040
l 9047 9048
l 9055 9056
l 8884 8885
l 8892 8893
l 8927 8928
l 8937 8941
l 8933 8935
l 8957 8956
l 8965 8964
l 8768 8769
l 8778 8782
l 8774 8776
l 8806 8805
l 8930 8929
l 9033 9034
l 9041 9042
l 9049 9050
l 998 989
l 990 1001
l 1008 1013
l 1009 1000
l 1023 1029
l 1024 1031
l 1044 1036
l 1037 1046
l 1052 1061
l 1053 1064
l 1077 1072
l 1073 1063
l 1092 1086
l 1087 1094
l 1099 1107
l 1100 1109
l 2255 2261
l 2268 2257
l 2448 2437
l 3022 3018
l 3028 3030
l 3029 3024
l 3398 3397
l 3406 3405
l 3470 3469
l 3478 3477
l 3574 3575
l 3582 3581
l 3605 3604
l 3607 3606
l 3609 3608
l 3611 3610
l 3613 3612
l 3615 3614
l 3616 3617
l 3618 3619
l 3620 3621
l 3623 3622
l 3625 3624
l 3638 3634
l 3639 3640
l 3641 3642
l 3643 3644
l 3645 3646
l 3647 3648
l 3649 3650
l 3651 3652
l 3653 3654
l 3655 3656
l 3663 3664
l 3665 3666
l 3667 3668
l 3669 3670
l 3671 3672
l 3673 3674
l 3675 3676
l 3677 3678
l 3679 3680
l 3683 3684
l 3685 3686
l 3687 3688
l 3689 3690
l 3691 3692
l 3693 3694
l 3695 3696
l 3697 3698
l 3699 3700
l 3715 3717
l 3728 3732
l 3742 3740
l 3741 3739
l 3747 3749
l 3746 3748
l 3752 3753
l 3758 3756
l 3757 3755
l 3766 3763
l 3768 3762
l 3765 3761
l 3767 3764
l 3774 3773
l 3777 3779
l 3776 3778
l 3784 3787
l 3783 3789
l 3782 3786
l 3785 3788
l 3798 3812
l 3837 3838
l 3847 3849
l 3862 3864
l 3874 3875
l 3880 3878
l 3879 3877
l 3888 3885
l 3890 3884
l 3887 3883
l 3889 3886
l 3896 3895
l 3899 3901
l 3898 3900
l 3906 3909
l 3905 3911
l 3904 3908
l 3907 3910
l 3927 3926
l 3951 3947
l 3955 3957
l 3959 3961
l 3979 3995
l 4004 4005
l 4010 4011
l 4012 4013
l 4014 4015
l 4016 4017
l 4018 4019
l 4020 4021
l 4022 4023
l 4024 4025
l 4026 4027
l 4028 4029
l 4030 4031
l 4032 4033
l 4034 4035
l 4036 4037
l 4038 4039
l 4040 4041
l 4042 4043
l 4045 4044
l 4063 4062
l 4067 4064
l 4069 4068
l 4073 4072
l 4075 4074
l 4077 4076
l 4079 4078
l 4081 4080
l 4083 4082
l 4085 4084
l 4087 4086
l 4091 4090
l 4093 4092
l 4095 4094
l 4097 4096
l 4099 4098
l 4101 4100
l 4103 4102
l 4105 4104
l 4108 4107
l 4110 4109
l 4112 4113
l 4128 4127
l 4133 4134
l 4146 4147
l 4148 4149
l 4150 4151
l 4236 4235
l 4238 4237
l 4240 4239
l 4242 4241
l 4244 4243
l 4246 4245
l 4247 4248
l 4249 4250
l 4251 4252
l 4253 4254
l 4256 4255
l 4258 4257
l 4259 4260
l 4261 4262
l 4263 4264
l 4265 4266
l 4267 4268
l 4269 4270
l 4271 4272
l 4273 4274
l 4275 4276
l 4277 4278
l 4279 4280
l 4281 4282
l 4283 4284
l 4310 4312
l 4364 4365
l 4372 4371
l 4375 4374
l 4383 4382
l 4385 4384
l 4387 4386
l 4389 4388
l 4391 4390
l 4393 4392
l 4395 4394
l 4397 4396
l 4399 4398
l 4401 4400
l 4403 4402
l 4405 4404
l 4407 4406
l 4409 4408
l 4411 4410
l 4413 4412
l 4415 4414
l 4417 4416
l 4418 4419
l 4424 4425
l 4425 4422
l 4426 4427
l 4428 4429
l 4430 4431
l 4432 4433
l 4434 4435
l 4436 4437
l 4438 4439
l 4440 4441
l 4442 4443
l 4444 4445
l 4446 4447
l 4448 4449
l 4450 4451
l 4452 4453
l 4454 4455
l 4456 4457
l 4458 4459
l 4461 4460
l 4463 4462
l 4466 4465
l 4468 4467
l 4470 4471
l 4476 4475
l 4479 4478
l 4495 4496
l 4497 4498
l 4499 4500
l 4501 4502
l 4503 4504
l 4505 4506
l 4507 4508
l 4516 4517
l 4519 4518
l 4521 4520
l 4527 4524
l 4525 4524
l 4529 4528
l 4536 4532
l 4538 4537
l 4539 4540
l 4541 4542
l 4545 4546
l 4606 4607
l 4653 4654
l 4704 4705
l 4709 4708
l 4721 4722
l 4723 4724
l 4725 4726
l 4738 4737
l 4790 4791
l 4802 4801
l 4801 4800
l 4890 4889
l 4974 4975
l 5307 5306
l 5310 5309
l 5312 5311
l 5314 5315
l 5321 5320
l 5322 5323
l 5376 5375
l 5378 5377
l 5380 5379
l 5382 5381
l 5384 5383
l 5489 5491
l 5579 5581
l 5632 5636
l 5902 5948
l 6000 6001
l 6006 6004
l 6005 6003
l 6014 6011
l 6016 6010
l 6013 6009
l 6015 6012
l 6022 6021
l 6025 6027
l 6024 6026
l 6032 6035
l 6031 6037
l 6030 6034
l 6033 6036
l 6043 6042
l 6045 6044
l 6050 6048
l 6049 6047
l 6057 6059
l 6056 6058
l 6064 6067
l 6063 6069
l 6062 6066
l 6065 6068
l 6078 6076
l 6077 6075
l 6085 6087
l 6084 6086
l 6092 6095
l 6091 6097
l 6090 6094
l 6093 6096
l 6268 6271
l 6316 6320
l 6339 6336
l 6341 6335
l 6338 6334
l 6340 6337
l 6354 6353
l 6356 6355
l 6360 6359
l 6370 6369
l 6372 6371
l 6374 6373
l 6376 6375
l 6474 6476
l 6478 6481
l 6486 6489
l 6485 6491
l 6484 6488
l 6487 6490
l 6500 6501
l 6502 6503
l 6504 6505
l 6508 6509
l 6515 6516
l 6519 6520
l 6522 6521
l 6523 6524
l 6526 6525
l 6531 6529
l 6530 6528
l 6535 6534
l 6538 6540
l 6537 6539
l 6545 6548
l 6544 6550
l 6543 6547
l 6546 6549
l 6562 6561
l 6566 6565
l 6570 6569
l 6574 6573
l 6578 6577
l 6584 6583
l 6588 6587
l 6592 6591
l 6593 6594
l 6596 6595
l 6597 6598
l 6600 6599
l 6601 6602
l 6604 6603
l 6605 6606
l 6608 6607
l 6609 6610
l 6611 6612
l 6614 6613
l 6615 6616
l 6618 6617
l 6619 6620
l 6621 6622
l 6624 6623
l 6625 6626
l 6628 6627
l 6629 6630
l 6632 6631
l 6633 6634
l 6636 6635
l 6637 6638
l 6640 6639
l 6642 6641
l 6643 6644
l 6646 6645
l 6647 6648
l 6650 6649
l 6657 6656
l 6659 6658
l 6661 6660
l 6663 6662
l 6665 6664
l 6667 6666
l 6671 6670
l 6673 6672
l 6677 6676
l 6679 6678
l 6681 6680
l 6683 6682
l 6685 6684
l 6687 6686
l 6691 6690
l 6693 6692
l 6695 6694
l 6699 6698
l 6701 6700
l 6703 6702
l 6705 6704
l 6707 6706
l 6709 6708
l 6711 6710
l 6713 6712
l 6715 6714
l 6717 6716
l 6719 6718
l 6721 6720
l 6723 6722
l 6725 6724
l 6733 6732
l 6735 6734
l 6741 6740
l 6743 6742
l 6744 6745
l 6746 6747
l 6750 6751
l 6752 6753
l 6754 6755
l 6756 6757
l 6759 6758
l 6761 6760
l 6762 6763
l 6764 6765
l 6766 6767
l 6768 6769
l 6770 6771
l 6772 6773
l 6774 6775
l 6776 6777
l 6779 6778
l 6781 6780
l 6783 6782
l 6785 6784
l 6798 6796
l 6808 6807
l 6842 6843
l 6850 6849
l 6865 6863
l 6868 6866
l 6900 6899
l 6911 6909
l 6958 6957
l 6960 6959
l 6962 6961
l 6964 6963
l 6966 6965
l 6968 6967
l 6970 6969
l 6972 6971
l 6974 6973
l 6976 6975
l 6978 6977
l 6980 6979
l 6982 6981
l 6984 6983
l 6986 6985
l 6988 6987
l 6990 6989
l 6992 6991
l 6994 6993
l 6996 6995
l 7000 6999
l 7002 7001
l 7004 7003
l 7006 7005
l 7008 7007
l 7012 7011
l 7014 7013
l 7016 7015
l 7237 7233
l 7450 7449
l 7689 7690
l 7794 7795
l 7959 7958
l 8002 7959
l 8096 8091
l 8098 8097
l 8108 8106
l 8107 8108
l 8111 8115
l 8142 8140
l 8143 8145
l 8189 8186
l 8236 8235
l 8240 8239
l 8271 8273
l 8297 8294
l 8429 8430
l 8541 8542
l 8576 8577
l 8588 8575
l 8593 8592
l 8612 8611
l 8620 8619
l 8628 8626
l 8655 8654
l 8660 8662
l 8663 8665
l 8667 8666
l 8706 8703
l 8707 8708
l 8798 8797
