# Blender 5.2.2 LTS
# www.blender.org
o NatureScene.010
v -9.244118 -2.680527 0.576433
v -9.061213 -3.397398 0.861327
v -9.151998 -2.291951 0.630344
v -10.085238 -1.716930 0.573085
v -10.102393 -1.703127 0.594831
v -10.098662 -1.495864 0.349331
v -10.080583 -1.618289 0.488271
v -9.184445 -2.889661 0.640720
v -8.894772 -2.587599 0.915944
v -8.700601 -2.471555 1.073959
v -9.957306 -2.639914 0.822578
v -9.950498 -3.361579 0.865948
v -9.246586 -3.342956 0.822631
v -9.224460 -3.340730 0.814979
v -9.223466 -3.339667 0.838280
v -8.408634 -1.773445 0.286966
v -8.408759 -1.772563 0.283607
v -8.406403 -1.770853 0.288453
v -8.564611 -2.231454 0.436665
v -8.547730 -2.234426 0.422382
v -8.557078 -2.255969 0.452093
v -8.546838 -1.788891 1.174542
v -8.531178 -1.786069 1.165540
v -8.547356 -1.779785 1.161251
v -9.027526 -2.717403 0.780818
v -9.017124 -2.728961 0.771711
v -9.022007 -2.712549 0.766487
v -8.756375 -2.361618 0.969488
v -8.748881 -2.379724 0.958121
v -8.743850 -2.374323 0.976357
v -8.685658 -1.977862 1.031741
v -8.681040 -1.981494 1.014919
v -8.695222 -1.977376 1.014014
v -9.529514 -1.239060 1.570316
v -9.274416 -3.373034 1.514840
v -9.274442 -3.373133 1.499418
v -9.245529 -3.373267 1.476756
v -9.429308 -2.052802 1.670976
v -9.329791 -2.631265 1.508818
v -9.422208 -2.054113 1.656753
v -9.344909 -2.629329 1.516487
v -9.436131 -2.052900 1.656764
v -9.469714 -2.220757 2.035061
v -9.261461 -2.571880 2.024638
v -9.247511 -2.573604 2.025122
v -9.249344 -2.574090 2.014495
v -9.271914 -3.401296 1.452665
v -9.315690 -1.959986 2.042525
v -9.327604 -1.965681 2.051585
v -9.318094 -1.454900 2.249771
v -9.293607 -1.896144 2.101970
v -9.442138 -2.235618 2.034458
v -9.442616 -2.196871 2.025816
v -9.453353 -2.216407 2.029067
v -10.772087 -2.079174 -1.013477
v -10.589181 -2.796045 -0.728583
v -10.679967 -1.690598 -0.959566
v -11.613207 -1.115576 -1.016826
v -11.630362 -1.101773 -0.995080
v -11.626631 -0.894510 -1.240580
v -11.608551 -1.016935 -1.101640
v -10.712414 -2.288307 -0.949191
v -10.422740 -1.986245 -0.673967
v -10.228569 -1.870201 -0.515952
v -11.485275 -2.038560 -0.767333
v -11.478466 -2.760225 -0.723963
v -10.774555 -2.741602 -0.767279
v -10.752428 -2.739377 -0.774931
v -10.751434 -2.738313 -0.751630
v -9.936603 -1.172092 -1.302945
v -9.936728 -1.171209 -1.306304
v -9.934372 -1.169500 -1.301458
v -10.092580 -1.630100 -1.153246
v -10.075699 -1.633072 -1.167529
v -10.085047 -1.654615 -1.137818
v -10.074806 -1.187537 -0.415369
v -10.059147 -1.184715 -0.424370
v -10.075324 -1.178431 -0.428660
v -10.555495 -2.116050 -0.809092
v -10.545093 -2.127607 -0.818200
v -10.549975 -2.111195 -0.823424
v -10.284344 -1.760264 -0.620423
v -10.276850 -1.778370 -0.631790
v -10.271819 -1.772969 -0.613554
v -10.213626 -1.376508 -0.558170
v -10.209008 -1.380140 -0.574991
v -10.223191 -1.376023 -0.575897
v -11.057483 -0.637706 -0.019595
v -10.802385 -2.771680 -0.075070
v -10.802410 -2.771779 -0.090493
v -10.773498 -2.771914 -0.113155
v -10.957276 -1.451448 0.081065
v -10.857759 -2.029911 -0.081093
v -10.950176 -1.452760 0.066842
v -10.872877 -2.027975 -0.073423
v -10.964101 -1.451546 0.066853
v -10.997683 -1.619403 0.445150
v -10.789430 -1.970526 0.434728
v -10.775479 -1.972250 0.435211
v -10.777312 -1.972736 0.424584
v -10.799883 -2.799942 -0.137246
v -10.843658 -1.358632 0.452614
v -10.855573 -1.364328 0.461675
v -10.846063 -0.853546 0.659861
v -10.821575 -1.294791 0.512060
v -10.970106 -1.634265 0.444548
v -10.970584 -1.595517 0.435906
v -10.981321 -1.615053 0.439156
v -12.485979 -2.278896 -0.371412
v -12.274694 -2.853901 -0.542004
v -12.450993 -1.967218 -0.449550
v -12.415592 -1.505991 0.299577
v -12.396763 -1.494919 0.311367
v -12.592845 -1.328673 0.329716
v -12.483626 -1.426871 0.303231
v -12.439900 -2.446643 -0.424578
v -12.245601 -2.204358 -0.679465
v -12.136466 -2.111278 -0.848020
v -12.227762 -2.246320 0.175896
v -12.193770 -2.825171 0.166699
v -12.289450 -2.810233 -0.390828
v -12.297473 -2.808448 -0.407807
v -12.278979 -2.807595 -0.410623
v -12.789365 -1.551322 -1.012474
v -12.792031 -1.550614 -1.012083
v -12.788371 -1.549243 -1.014383
v -12.656448 -1.918693 -0.901102
v -12.669304 -1.921076 -0.913323
v -12.644801 -1.938356 -0.908450
v -12.069618 -1.563711 -0.979365
v -12.078156 -1.561447 -0.991069
v -12.080171 -1.556407 -0.977797
v -12.341818 -2.308475 -0.561872
v -12.349983 -2.317744 -0.569376
v -12.353724 -2.304581 -0.565028
v -12.214926 -2.023097 -0.794472
v -12.224641 -2.037621 -0.799460
v -12.210537 -2.033288 -0.805056
v -12.171429 -1.715285 -0.856268
v -12.185243 -1.718198 -0.858489
v -12.184733 -1.714896 -0.847102
v -11.668681 -1.122689 -0.230167
v -11.735073 -2.834358 -0.428760
v -11.747369 -2.834437 -0.427400
v -11.767951 -2.834545 -0.448486
v -11.597119 -1.775395 -0.318812
v -11.735066 -2.239382 -0.384082
v -11.609078 -1.776447 -0.323239
v -11.727637 -2.237829 -0.372693
v -11.607860 -1.775474 -0.312136
v -11.303293 -1.910113 -0.318216
v -11.329692 -2.191749 -0.483369
v -11.330519 -2.193132 -0.494535
v -11.338833 -2.193522 -0.492150
v -11.784868 -2.857027 -0.425354
v -11.310720 -1.700947 -0.441682
v -11.302460 -1.705515 -0.432968
v -11.145255 -1.295816 -0.457765
v -11.265237 -1.649739 -0.464454
v -11.306169 -1.922033 -0.340153
v -11.313019 -1.890953 -0.339021
v -11.309494 -1.906623 -0.330742
v -12.439750 -2.348085 -2.586840
v -12.246525 -2.873944 -2.742851
v -12.407754 -2.063046 -2.658299
v -12.375379 -1.641240 -1.973201
v -12.358158 -1.631115 -1.962418
v -12.537483 -1.479078 -1.945637
v -12.437598 -1.568882 -1.969858
v -12.397610 -2.501494 -2.635462
v -12.219916 -2.279918 -2.868564
v -12.120111 -2.194793 -3.022712
v -12.203603 -2.318293 -2.086310
v -12.172516 -2.847669 -2.094721
v -12.260018 -2.834008 -2.604596
v -12.267356 -2.832376 -2.620124
v -12.250443 -2.831596 -2.622699
v -12.717205 -1.682697 -3.173110
v -12.719644 -1.682050 -3.172753
v -12.716296 -1.680796 -3.174856
v -12.595650 -2.018668 -3.071257
v -12.607406 -2.020848 -3.082433
v -12.584996 -2.036651 -3.077976
v -12.058975 -1.694027 -3.142831
v -12.066784 -1.691957 -3.153534
v -12.068626 -1.687347 -3.141397
v -12.307910 -2.375135 -2.761021
v -12.315377 -2.383613 -2.767884
v -12.318799 -2.371574 -2.763907
v -12.191864 -2.114150 -2.973740
v -12.200748 -2.127432 -2.978302
v -12.187850 -2.123469 -2.983420
v -12.152084 -1.832646 -3.030255
v -12.164718 -1.835310 -3.032286
v -12.164251 -1.832290 -3.021872
v -11.692307 -1.290700 -2.457667
v -11.753025 -2.856071 -2.639286
v -11.764269 -2.856144 -2.638042
v -11.783092 -2.856243 -2.657326
v -11.626862 -1.887619 -2.538736
v -11.753018 -2.311949 -2.598426
v -11.637798 -1.888580 -2.542784
v -11.746223 -2.310528 -2.588011
v -11.636683 -1.887690 -2.532630
v -11.358149 -2.010822 -2.538191
v -11.382292 -2.268387 -2.689228
v -11.383047 -2.269651 -2.699439
v -11.390651 -2.270008 -2.697258
v -11.798563 -2.876803 -2.636171
v -11.364941 -1.819533 -2.651103
v -11.357387 -1.823711 -2.643135
v -11.213618 -1.449029 -2.665812
v -11.323345 -1.772702 -2.671929
v -11.360779 -2.021723 -2.558253
v -11.367043 -1.993300 -2.557217
v -11.363819 -2.007630 -2.549646
v -12.335562 -2.453135 -9.817624
v -12.183035 -2.868232 -9.940775
v -12.310305 -2.228134 -9.874032
v -12.284750 -1.895174 -9.333237
v -12.271156 -1.887181 -9.324725
v -12.412709 -1.767168 -9.311479
v -12.333863 -1.838057 -9.330599
v -12.302299 -2.574232 -9.856005
v -12.162033 -2.399326 -10.040008
v -12.083248 -2.332131 -10.161688
v -12.149155 -2.429618 -9.422522
v -12.124617 -2.847491 -9.429161
v -12.193686 -2.836707 -9.831640
v -12.199479 -2.835419 -9.843898
v -12.186129 -2.834803 -9.845931
v -12.554576 -1.927898 -10.280408
v -12.556501 -1.927387 -10.280126
v -12.553860 -1.926397 -10.281785
v -12.458624 -2.193104 -10.200008
v -12.467904 -2.194824 -10.208830
v -12.450215 -2.207299 -10.205313
v -12.034990 -1.936842 -10.256506
v -12.041154 -1.935208 -10.264956
v -12.042609 -1.931569 -10.255374
v -12.231491 -2.474488 -9.955118
v -12.237387 -2.481179 -9.960534
v -12.240088 -2.471677 -9.957397
v -12.139889 -2.268473 -10.123032
v -12.146902 -2.278958 -10.126633
v -12.136720 -2.275830 -10.130672
v -12.108487 -2.046263 -10.167642
v -12.118461 -2.048367 -10.169246
v -12.118092 -2.045983 -10.161025
v -11.745554 -1.618468 -9.715659
v -11.793482 -2.854123 -9.859023
v -11.802359 -2.854181 -9.858041
v -11.817216 -2.854259 -9.873263
v -11.693893 -2.089657 -9.779653
v -11.793477 -2.424610 -9.826771
v -11.702526 -2.090416 -9.782848
v -11.788115 -2.423489 -9.818549
v -11.701647 -2.089714 -9.774833
v -11.481779 -2.186910 -9.779222
v -11.500837 -2.390224 -9.898446
v -11.501433 -2.391222 -9.906507
v -11.507436 -2.391504 -9.904785
v -11.829430 -2.870488 -9.856565
v -11.487141 -2.035913 -9.868352
v -11.481177 -2.039211 -9.862062
v -11.367692 -1.743448 -9.879963
v -11.454307 -1.998946 -9.884791
v -11.483855 -2.195515 -9.795058
v -11.488800 -2.173078 -9.794241
v -11.486256 -2.184391 -9.788264
v -13.065992 -2.453135 -9.426661
v -13.146181 -2.868232 -9.605546
v -13.114095 -2.228134 -9.465466
v -12.584660 -1.895173 -9.352283
v -12.572964 -1.887181 -9.363257
v -12.596248 -1.767168 -9.223006
v -12.594632 -1.838057 -9.304120
v -13.094622 -2.574232 -9.468611
v -13.236779 -2.399326 -9.651157
v -13.334348 -2.332131 -9.758363
v -12.636419 -2.429618 -9.506162
v -12.636581 -2.847491 -9.531583
v -13.043369 -2.836707 -9.567419
v -13.056699 -2.835419 -9.564943
v -13.055260 -2.834803 -9.578372
v -13.569324 -1.927898 -9.332886
v -13.569541 -1.927387 -9.330952
v -13.570474 -1.926397 -9.333930
v -13.467114 -2.193104 -9.405167
v -13.478012 -2.194824 -9.398442
v -13.470099 -2.207299 -9.414649
v -13.413727 -1.936842 -9.829203
v -13.423469 -1.935208 -9.825397
v -13.414576 -1.931569 -9.821548
v -13.172404 -2.474488 -9.562348
v -13.179146 -2.481179 -9.558029
v -13.176799 -2.471677 -9.554618
v -13.311411 -2.268473 -9.693739
v -13.316681 -2.278958 -9.687876
v -13.317991 -2.275830 -9.698750
v -13.346540 -2.046263 -9.735476
v -13.350635 -2.048367 -9.726242
v -13.342591 -2.045983 -9.724503
v -12.816956 -1.618468 -9.971167
v -12.967802 -2.854123 -9.961378
v -12.969117 -2.854181 -9.952544
v -12.987624 -2.854259 -9.942059
v -12.865663 -2.089657 -10.037437
v -12.936614 -2.424610 -9.953158
v -12.870953 -2.090416 -10.029904
v -12.927297 -2.423489 -9.956248
v -12.862979 -2.089714 -10.028711
v -12.811162 -2.186910 -10.242430
v -12.931304 -2.390224 -10.254402
v -12.939250 -2.391222 -10.255880
v -12.939116 -2.391504 -10.249638
v -12.974591 -2.870488 -9.925992
v -12.898711 -2.035913 -10.259972
v -12.891109 -2.039211 -10.264134
v -12.879481 -1.743448 -10.378433
v -12.906237 -1.998946 -10.295913
v -12.827003 -2.195515 -10.244460
v -12.827474 -2.173078 -10.239470
v -12.821047 -2.184391 -10.240407
v -14.560950 -2.453135 -7.790305
v -14.641139 -2.868232 -7.969191
v -14.609053 -2.228134 -7.829110
v -14.079617 -1.895173 -7.715928
v -14.067922 -1.887181 -7.726902
v -14.091206 -1.767168 -7.586651
v -14.089589 -1.838057 -7.667766
v -14.589580 -2.574231 -7.832256
v -14.731737 -2.399326 -8.014802
v -14.829306 -2.332131 -8.122008
v -14.131377 -2.429618 -7.869807
v -14.131539 -2.847491 -7.895228
v -14.538327 -2.836707 -7.931064
v -14.551656 -2.835419 -7.928588
v -14.550218 -2.834803 -7.942017
v -15.064281 -1.927898 -7.696531
v -15.064499 -1.927387 -7.694597
v -15.065431 -1.926397 -7.697575
v -14.962072 -2.193104 -7.768811
v -14.972970 -2.194824 -7.762087
v -14.965056 -2.207299 -7.778294
v -14.908685 -1.936842 -8.192848
v -14.918427 -1.935208 -8.189042
v -14.909534 -1.931569 -8.185193
v -14.667362 -2.474487 -7.925994
v -14.674104 -2.481179 -7.921675
v -14.671757 -2.471677 -7.918263
v -14.806369 -2.268473 -8.057384
v -14.811639 -2.278958 -8.051520
v -14.812949 -2.275830 -8.062396
v -14.841498 -2.046263 -8.099121
v -14.845592 -2.048367 -8.089887
v -14.837549 -2.045983 -8.088147
v -14.311913 -1.618468 -8.334812
v -14.462760 -2.854123 -8.325023
v -14.464075 -2.854181 -8.316190
v -14.482582 -2.854259 -8.305704
v -14.360620 -2.089657 -8.401082
v -14.431572 -2.424610 -8.316804
v -14.365911 -2.090416 -8.393549
v -14.422255 -2.423489 -8.319893
v -14.357937 -2.089714 -8.392357
v -14.306120 -2.186910 -8.606075
v -14.426262 -2.390224 -8.618047
v -14.434208 -2.391222 -8.619526
v -14.434073 -2.391504 -8.613282
v -14.469549 -2.870488 -8.289637
v -14.393669 -2.035913 -8.623617
v -14.386067 -2.039210 -8.627779
v -14.374439 -1.743448 -8.742079
v -14.401194 -1.998946 -8.659557
v -14.321960 -2.195515 -8.608106
v -14.322432 -2.173078 -8.603115
v -14.316005 -2.184391 -8.604053
v -15.406788 -2.453135 -7.899781
v -15.602804 -2.868232 -7.902614
v -15.462273 -2.228134 -7.872558
v -15.136149 -1.895173 -8.304710
v -15.141159 -1.887181 -8.319946
v -15.023851 -1.767168 -8.239626
v -15.096700 -1.838056 -8.275337
v -15.456903 -2.574231 -7.891539
v -15.682401 -2.399326 -7.839743
v -15.820777 -2.332131 -7.796557
v -15.297494 -2.429618 -8.322757
v -15.320607 -2.847491 -8.333342
v -15.524836 -2.836707 -7.979716
v -15.528218 -2.835419 -7.966588
v -15.539784 -2.834803 -7.973561
v -15.534284 -1.927898 -7.403918
v -15.532623 -1.927387 -7.402904
v -15.535716 -1.926397 -7.403316
v -15.556655 -2.193104 -7.527086
v -15.555160 -2.194824 -7.514369
v -15.566511 -2.207299 -7.528384
v -15.918507 -1.936842 -7.754507
v -15.919169 -1.935208 -7.744070
v -15.911926 -1.931569 -7.750506
v -15.574717 -2.474487 -7.860604
v -15.573647 -2.481179 -7.852670
v -15.569564 -2.471677 -7.853356
v -15.752510 -2.268473 -7.790065
v -15.749420 -2.278958 -7.782813
v -15.759831 -2.275830 -7.786217
v -15.805177 -2.046263 -7.775841
v -15.798535 -2.048367 -7.768232
v -15.793562 -2.045983 -7.774788
v -15.795246 -1.618468 -8.355420
v -15.850058 -2.854123 -8.214544
v -15.842605 -2.854181 -8.209623
v -15.840915 -2.854259 -8.188419
v -15.875882 -2.089657 -8.339247
v -15.829439 -2.424610 -8.239347
v -15.871288 -2.090416 -8.331270
v -15.828306 -2.423489 -8.249097
v -15.866840 -2.089714 -8.337996
v -16.038698 -2.186910 -8.475200
v -16.100275 -2.390224 -8.371344
v -16.104971 -2.391222 -8.364764
v -16.099255 -2.391504 -8.362250
v -15.820846 -2.870488 -8.193450
v -16.091564 -2.035913 -8.403240
v -16.092129 -2.039211 -8.411888
v -16.190832 -1.743448 -8.470686
v -16.127321 -1.998946 -8.411593
v -16.047228 -2.195515 -8.461695
v -16.042904 -2.173078 -8.459162
v -16.041039 -2.184391 -8.465384
v -15.484658 -2.659828 -6.999353
v -15.627807 -2.962967 -7.001423
v -15.525179 -2.495513 -6.979473
v -15.287015 -2.252357 -7.295068
v -15.290674 -2.246520 -7.306194
v -15.205007 -2.158876 -7.247538
v -15.258205 -2.210645 -7.273617
v -15.521256 -2.748263 -6.993335
v -15.685934 -2.620532 -6.955509
v -15.786989 -2.571461 -6.923971
v -15.404843 -2.642654 -7.308247
v -15.421722 -2.947820 -7.315977
v -15.570867 -2.939945 -7.057729
v -15.573339 -2.939004 -7.048141
v -15.581783 -2.938555 -7.053235
v -15.577767 -2.276255 -6.637232
v -15.576553 -2.275882 -6.636491
v -15.578813 -2.275159 -6.636793
v -15.594105 -2.469931 -6.727180
v -15.593013 -2.471188 -6.717894
v -15.601303 -2.480297 -6.728128
v -15.858359 -2.282787 -6.893262
v -15.858844 -2.281593 -6.885640
v -15.853553 -2.278936 -6.890340
v -15.607295 -2.675421 -6.970744
v -15.606513 -2.680309 -6.964950
v -15.603532 -2.673369 -6.965451
v -15.737135 -2.524972 -6.919231
v -15.734879 -2.532629 -6.913934
v -15.742482 -2.530345 -6.916419
v -15.775597 -2.362696 -6.908843
v -15.770745 -2.364232 -6.903286
v -15.767114 -2.362491 -6.908073
v -15.768344 -2.050283 -7.332100
v -15.808372 -2.952664 -7.229220
v -15.802930 -2.952706 -7.225627
v -15.801694 -2.952763 -7.210142
v -15.827232 -2.394385 -7.320289
v -15.793315 -2.638996 -7.247333
v -15.823875 -2.394940 -7.314464
v -15.792488 -2.638178 -7.254454
v -15.820628 -2.394427 -7.319375
v -15.946135 -2.465408 -7.419572
v -15.991102 -2.613885 -7.343729
v -15.994532 -2.614614 -7.338924
v -15.990358 -2.614820 -7.337088
v -15.787040 -2.964615 -7.213816
v -15.984741 -2.355137 -7.367022
v -15.985152 -2.357545 -7.373338
v -16.057234 -2.141554 -7.416276
v -16.010853 -2.328140 -7.373122
v -15.952363 -2.471692 -7.409711
v -15.949204 -2.455307 -7.407861
v -15.947844 -2.463568 -7.412405
v -13.015268 -2.659828 -7.924005
v -13.158416 -2.962967 -7.926074
v -13.055789 -2.495513 -7.904124
v -12.817625 -2.252357 -8.219719
v -12.821283 -2.246520 -8.230845
v -12.735616 -2.158876 -8.172189
v -12.788815 -2.210645 -8.198268
v -13.051867 -2.748263 -7.917985
v -13.216543 -2.620532 -7.880159
v -13.317598 -2.571461 -7.848622
v -12.935452 -2.642654 -8.232898
v -12.952332 -2.947820 -8.240628
v -13.101477 -2.939945 -7.982379
v -13.103949 -2.939004 -7.972792
v -13.112393 -2.938555 -7.977885
v -13.108377 -2.276256 -7.561883
v -13.107163 -2.275882 -7.561142
v -13.109422 -2.275160 -7.561444
v -13.124714 -2.469931 -7.651831
v -13.123623 -2.471188 -7.642544
v -13.131912 -2.480297 -7.652779
v -13.388968 -2.282787 -7.817914
v -13.389453 -2.281594 -7.810291
v -13.384162 -2.278936 -7.814992
v -13.137904 -2.675421 -7.895395
v -13.137123 -2.680309 -7.889600
v -13.134142 -2.673369 -7.890101
v -13.267744 -2.524972 -7.843882
v -13.265488 -2.532629 -7.838584
v -13.273091 -2.530345 -7.841070
v -13.306207 -2.362696 -7.833493
v -13.301355 -2.364232 -7.827937
v -13.297723 -2.362491 -7.832724
v -13.298953 -2.050283 -8.256751
v -13.338982 -2.952664 -8.153872
v -13.333539 -2.952706 -8.150278
v -13.332303 -2.952763 -8.134793
v -13.357841 -2.394386 -8.244941
v -13.323924 -2.638997 -8.171984
v -13.354486 -2.394940 -8.239115
v -13.323097 -2.638178 -8.179105
v -13.351237 -2.394427 -8.244026
v -13.476744 -2.465408 -8.344224
v -13.521712 -2.613885 -8.268380
v -13.525142 -2.614614 -8.263576
v -13.520967 -2.614820 -8.261739
v -13.317649 -2.964615 -8.138467
v -13.515350 -2.355137 -8.291674
v -13.515761 -2.357545 -8.297990
v -13.587844 -2.141554 -8.340927
v -13.541464 -2.328140 -8.297773
v -13.482972 -2.471692 -8.334362
v -13.479815 -2.455307 -8.332513
v -13.478453 -2.463568 -8.337056
v -15.494152 -2.232885 -0.372829
v -15.270859 -2.840573 -0.553117
v -15.457177 -1.903492 -0.455408
v -15.419765 -1.416050 0.336297
v -15.399864 -1.404349 0.348758
v -15.607093 -1.228654 0.368150
v -15.491666 -1.332433 0.340160
v -15.445456 -2.410167 -0.429017
v -15.240111 -2.154111 -0.698391
v -15.124775 -2.055741 -0.876526
v -15.221259 -2.198458 0.205587
v -15.185335 -2.810209 0.195868
v -15.286453 -2.794422 -0.393349
v -15.294931 -2.792536 -0.411293
v -15.275387 -2.791634 -0.414269
v -15.814781 -1.463958 -1.050328
v -15.817601 -1.463210 -1.049914
v -15.813732 -1.461761 -1.052345
v -15.674311 -1.852209 -0.932626
v -15.687898 -1.854728 -0.945541
v -15.662002 -1.872990 -0.940391
v -15.054126 -1.477051 -1.015337
v -15.063150 -1.474658 -1.027706
v -15.065280 -1.469331 -1.013680
v -15.341798 -2.264145 -0.574114
v -15.350427 -2.273942 -0.582045
v -15.354381 -2.260030 -0.577450
v -15.207693 -1.962548 -0.819934
v -15.217960 -1.977897 -0.825206
v -15.203054 -1.973318 -0.831120
v -15.161724 -1.637240 -0.885243
v -15.176324 -1.640319 -0.887591
v -15.175784 -1.636829 -0.875556
v -14.630402 -1.010962 -0.223556
v -14.700567 -2.819919 -0.433436
v -14.713561 -2.820003 -0.431999
v -14.735313 -2.820117 -0.454284
v -14.554772 -1.700767 -0.317240
v -14.700560 -2.191126 -0.386219
v -14.567410 -1.701878 -0.321918
v -14.692708 -2.189485 -0.374183
v -14.566122 -1.700850 -0.310184
v -14.244246 -1.843141 -0.316610
v -14.272144 -2.140785 -0.491150
v -14.273019 -2.142247 -0.502950
v -14.281806 -2.142659 -0.500430
v -14.753193 -2.843876 -0.429837
v -14.252095 -1.622087 -0.447093
v -14.243364 -1.626915 -0.437884
v -14.077225 -1.193929 -0.464091
v -14.204026 -1.567969 -0.471159
v -14.247285 -1.855739 -0.339794
v -14.254523 -1.822893 -0.338597
v -14.250798 -1.839453 -0.329848
v -15.748086 -2.474666 -2.648265
v -15.321743 -2.935271 -2.888520
v -15.820415 -2.142092 -2.677397
v -15.996516 -1.815296 -1.824172
v -15.982524 -1.800127 -1.807975
v -16.237841 -1.707641 -1.786813
v -16.092627 -1.761650 -1.816355
v -15.638940 -2.613760 -2.723744
v -15.517508 -2.261929 -2.928102
v -15.432322 -2.101862 -3.075863
v -15.536998 -2.455001 -2.043884
v -15.295044 -3.010138 -2.138255
v -15.361282 -2.925377 -2.726539
v -15.368847 -2.923246 -2.744861
v -15.350631 -2.915531 -2.745446
v -16.270973 -1.745957 -3.238714
v -16.273897 -1.746252 -3.238518
v -16.270617 -1.743222 -3.240259
v -16.014097 -2.081653 -3.163553
v -16.025251 -2.086156 -3.178149
v -15.995039 -2.095604 -3.172812
v -15.554414 -1.516827 -3.120240
v -15.562983 -1.515377 -3.133070
v -15.567602 -1.513570 -3.118750
v -15.582804 -2.418982 -2.833429
v -15.587121 -2.429507 -2.843623
v -15.595822 -2.418668 -2.837533
v -15.545074 -2.052116 -3.016072
v -15.549199 -2.068799 -3.024644
v -15.536418 -2.058661 -3.028107
v -15.608572 -1.723431 -3.027805
v -15.621097 -1.730630 -3.032210
v -15.622472 -1.729315 -3.019813
v -15.360582 -1.084237 -2.226375
v -14.800257 -2.751498 -2.703418
v -14.812510 -2.756054 -2.703486
v -14.831605 -2.759340 -2.727865
v -15.050003 -1.684321 -2.410129
v -15.016429 -2.175391 -2.565651
v -15.061219 -1.688647 -2.416317
v -15.010310 -2.173415 -2.552695
v -15.061037 -1.689323 -2.404489
v -14.710172 -1.715741 -2.395093
v -14.625238 -1.970921 -2.613048
v -14.624881 -1.970501 -2.624958
v -14.633136 -1.974183 -2.623533
v -14.841739 -2.791509 -2.709310
v -14.785039 -1.490056 -2.492117
v -14.775737 -1.493313 -2.482781
v -14.765224 -1.032306 -2.426852
v -14.756890 -1.419921 -2.502476
v -14.707408 -1.724385 -2.420055
v -14.725424 -1.696424 -2.414925
v -14.716810 -1.712132 -2.408310
v -13.455491 -2.656572 1.313846
v -13.480434 -3.275872 1.054051
v -13.613745 -2.354720 1.290882
v -12.961151 -1.691604 1.304926
v -12.951447 -1.676154 1.286076
v -12.978942 -1.513068 1.502491
v -12.978897 -1.613733 1.381068
v -13.466593 -2.839038 1.254348
v -13.785152 -2.643080 1.053320
v -13.979248 -2.583466 0.937196
v -12.896653 -2.469939 1.062671
v -12.758902 -3.063342 0.995431
v -13.336715 -3.194009 1.077334
v -13.354758 -3.196935 1.085290
v -13.357461 -3.195649 1.065727
v -14.303806 -2.090584 1.650115
v -14.303642 -2.089922 1.652981
v -14.306269 -2.088874 1.649112
v -14.093721 -2.430976 1.494156
v -14.105935 -2.437270 1.507155
v -14.096030 -2.452267 1.480553
v -14.251073 -2.051344 0.891385
v -14.263838 -2.052484 0.900096
v -14.251542 -2.044104 0.902964
v -13.640265 -2.726032 1.153412
v -13.645795 -2.737913 1.161262
v -13.644747 -2.723557 1.166070
v -13.948328 -2.484398 1.026596
v -13.949982 -2.501123 1.035887
v -13.956511 -2.497235 1.021043
v -14.088654 -2.181882 0.995028
v -14.090495 -2.186263 1.009365
v -14.079638 -2.179985 1.009409
v -13.585355 -1.386766 0.518752
v -13.357484 -3.194676 0.489893
v -13.356336 -3.195161 0.502907
v -13.378386 -3.201820 0.523863
v -13.509607 -2.073549 0.405093
v -13.462176 -2.573768 0.523395
v -13.514142 -2.076464 0.417493
v -13.450724 -2.568863 0.516047
v -13.502972 -2.072602 0.416655
v -13.468532 -2.193641 0.087936
v -13.567280 -2.525359 0.094800
v -13.578402 -2.529633 0.095200
v -13.576037 -2.529938 0.104035
v -13.349337 -3.220066 0.541326
v -13.648272 -2.010800 0.102601
v -13.637998 -2.012790 0.093953
v -13.763676 -1.589678 -0.050780
v -13.683600 -1.961297 0.056559
v -13.488082 -2.211546 0.089550
v -13.494934 -2.179828 0.098483
v -13.482400 -2.193591 0.094218
v -12.934538 -3.161114 2.569770
v -12.961485 -3.830171 2.289102
v -13.105505 -2.835009 2.544961
v -12.400479 -2.118615 2.560134
v -12.389996 -2.101923 2.539770
v -12.419700 -1.925734 2.773572
v -12.419651 -2.034487 2.642394
v -12.946531 -3.358240 2.505493
v -13.290686 -3.146537 2.288312
v -13.500375 -3.082134 2.162858
v -12.330798 -2.959485 2.298415
v -12.181979 -3.600566 2.225773
v -12.806217 -3.741731 2.314257
v -12.825711 -3.744892 2.322851
v -12.828631 -3.743502 2.301717
v -13.851010 -2.549651 2.933057
v -13.850832 -2.548936 2.936153
v -13.853670 -2.547803 2.931973
v -13.624046 -2.917392 2.764568
v -13.637240 -2.924191 2.778611
v -13.626542 -2.940393 2.749872
v -13.794040 -2.507258 2.113367
v -13.807831 -2.508490 2.122778
v -13.794546 -2.499437 2.125877
v -13.134157 -3.236155 2.396447
v -13.140131 -3.248990 2.404927
v -13.138998 -3.233481 2.410121
v -13.466971 -2.975105 2.259441
v -13.468758 -2.993174 2.269479
v -13.475813 -2.988974 2.253442
v -13.618571 -2.648284 2.225338
v -13.620562 -2.653017 2.240826
v -13.608830 -2.646235 2.240874
v -13.074835 -1.789285 1.710795
v -12.828655 -3.742452 1.679617
v -12.827415 -3.742975 1.693677
v -12.851237 -3.750170 1.716316
v -12.993002 -2.531247 1.588004
v -12.941758 -3.071656 1.715811
v -12.997901 -2.534397 1.601400
v -12.929386 -3.066358 1.707873
v -12.985833 -2.530224 1.600495
v -12.948626 -2.660988 1.245364
v -13.055306 -3.019358 1.252780
v -13.067323 -3.023975 1.253213
v -13.064769 -3.024304 1.262757
v -12.819853 -3.769882 1.735182
v -13.142807 -2.463457 1.261208
v -13.131707 -2.465607 1.251865
v -13.267483 -2.008499 1.095503
v -13.180973 -2.409976 1.211467
v -12.969748 -2.680331 1.247108
v -12.977149 -2.646065 1.256759
v -12.963607 -2.660933 1.252152
v -15.872190 -2.898025 -3.417548
v -15.893836 -3.435419 -3.642985
v -16.009514 -2.636094 -3.437475
v -15.443229 -2.060679 -3.425288
v -15.434810 -2.047271 -3.441645
v -15.458667 -1.905755 -3.253852
v -15.458628 -1.993106 -3.359216
v -15.881824 -3.056359 -3.469177
v -16.158253 -2.886317 -3.643619
v -16.326677 -2.834588 -3.744384
v -15.387261 -2.736075 -3.635504
v -15.267728 -3.250998 -3.693851
v -15.769124 -3.364383 -3.622780
v -15.784781 -3.366922 -3.615876
v -15.787127 -3.365806 -3.632852
v -16.608313 -2.406892 -3.125753
v -16.608170 -2.406318 -3.123266
v -16.610447 -2.405408 -3.126623
v -16.426012 -2.702265 -3.261085
v -16.436609 -2.707727 -3.249805
v -16.428015 -2.720740 -3.272889
v -16.562553 -2.372841 -3.784137
v -16.573629 -2.373831 -3.776577
v -16.562960 -2.366559 -3.774089
v -16.032528 -2.958299 -3.556764
v -16.037325 -2.968608 -3.549952
v -16.036415 -2.956151 -3.545780
v -16.299847 -2.748621 -3.666808
v -16.301283 -2.763134 -3.658746
v -16.306948 -2.759761 -3.671627
v -16.421616 -2.486115 -3.694201
v -16.423214 -2.489917 -3.681760
v -16.413792 -2.484469 -3.681721
v -15.984879 -1.796157 -4.107487
v -15.787146 -3.364962 -4.132530
v -15.786149 -3.365383 -4.121236
v -15.805285 -3.371162 -4.103052
v -15.919151 -2.392110 -4.206114
v -15.877992 -2.826172 -4.103458
v -15.923085 -2.394639 -4.195354
v -15.868055 -2.821916 -4.109834
v -15.913393 -2.391288 -4.196081
v -15.883508 -2.496319 -4.481326
v -15.969194 -2.784166 -4.475369
v -15.978848 -2.787874 -4.475022
v -15.976795 -2.788139 -4.467355
v -15.780075 -3.386995 -4.087899
v -16.039474 -2.337660 -4.468600
v -16.030560 -2.339386 -4.476104
v -16.139614 -1.972233 -4.601696
v -16.070131 -2.294703 -4.508553
v -15.900474 -2.511856 -4.479925
v -15.906418 -2.484333 -4.472174
v -15.895541 -2.496275 -4.475874
v -13.895580 -2.490450 -2.746254
v -13.917225 -3.027844 -2.971691
v -14.032904 -2.228519 -2.766181
v -13.466619 -1.653104 -2.753994
v -13.458199 -1.639696 -2.770351
v -13.482056 -1.498180 -2.582558
v -13.482018 -1.585531 -2.687922
v -13.905213 -2.648784 -2.797883
v -14.181642 -2.478742 -2.972325
v -14.350067 -2.427012 -3.073091
v -13.410649 -2.328500 -2.964210
v -13.291117 -2.843423 -3.022557
v -13.792512 -2.956809 -2.951486
v -13.808168 -2.959347 -2.944583
v -13.810515 -2.958231 -2.961558
v -14.631701 -1.999317 -2.454458
v -14.631558 -1.998743 -2.451972
v -14.633837 -1.997833 -2.455329
v -14.449402 -2.294690 -2.589791
v -14.459998 -2.300152 -2.578511
v -14.451405 -2.313165 -2.601595
v -14.585942 -1.965266 -3.112843
v -14.597018 -1.966256 -3.105283
v -14.586349 -1.958984 -3.102795
v -14.055917 -2.550724 -2.885470
v -14.060715 -2.561033 -2.878658
v -14.059805 -2.548576 -2.874487
v -14.323236 -2.341046 -2.995514
v -14.324672 -2.355559 -2.987451
v -14.330338 -2.352186 -3.000333
v -14.445004 -2.078540 -3.022907
v -14.446602 -2.082341 -3.010466
v -14.437181 -2.076894 -3.010427
v -14.008267 -1.388582 -3.436193
v -13.810534 -2.957388 -3.461236
v -13.809538 -2.957808 -3.449942
v -13.828673 -2.963587 -3.431758
v -13.942539 -1.984535 -3.534821
v -13.901381 -2.418597 -3.432164
v -13.946474 -1.987064 -3.524060
v -13.891443 -2.414341 -3.438540
v -13.936781 -1.983712 -3.524788
v -13.906896 -2.088744 -3.810032
v -13.992583 -2.376591 -3.804076
v -14.002235 -2.380300 -3.803728
v -14.000183 -2.380563 -3.796062
v -13.803464 -2.979420 -3.416605
v -14.062863 -1.930084 -3.797307
v -14.053949 -1.931811 -3.804811
v -14.163004 -1.564658 -3.930402
v -14.093520 -1.887128 -3.837259
v -13.923862 -2.104280 -3.808632
v -13.929806 -2.076758 -3.800880
v -13.918929 -2.088700 -3.804580
v -17.288225 -2.490450 -0.473054
v -17.309870 -3.027844 -0.698490
v -17.425549 -2.228519 -0.492981
v -16.859262 -1.653103 -0.480794
v -16.850843 -1.639696 -0.497151
v -16.874701 -1.498180 -0.309358
v -16.874662 -1.585531 -0.414722
v -17.297859 -2.648784 -0.524683
v -17.574287 -2.478742 -0.699125
v -17.742712 -2.427012 -0.799891
v -16.803295 -2.328500 -0.691010
v -16.683762 -2.843423 -0.749357
v -17.185158 -2.956808 -0.678286
v -17.200813 -2.959347 -0.671382
v -17.203161 -2.958231 -0.688358
v -18.024347 -1.999317 -0.181258
v -18.024204 -1.998742 -0.178771
v -18.026482 -1.997832 -0.182129
v -17.842047 -2.294690 -0.316591
v -17.852644 -2.300151 -0.305311
v -17.844049 -2.313164 -0.328395
v -17.978588 -1.965266 -0.839643
v -17.989664 -1.966255 -0.832083
v -17.978994 -1.958984 -0.829594
v -17.448563 -2.550724 -0.612270
v -17.453360 -2.561033 -0.605458
v -17.452450 -2.548576 -0.601286
v -17.715881 -2.341046 -0.722314
v -17.717318 -2.355559 -0.714252
v -17.722982 -2.352186 -0.727133
v -17.837650 -2.078540 -0.749707
v -17.839247 -2.082341 -0.737266
v -17.829826 -2.076894 -0.737227
v -17.400913 -1.388582 -1.162993
v -17.203178 -2.957387 -1.188035
v -17.202183 -2.957808 -1.176742
v -17.221317 -2.963586 -1.158558
v -17.335184 -1.984534 -1.261620
v -17.294025 -2.418597 -1.158964
v -17.339119 -1.987064 -1.250860
v -17.284088 -2.414341 -1.165340
v -17.329426 -1.983712 -1.251587
v -17.299541 -2.088744 -1.536832
v -17.385227 -2.376590 -1.530875
v -17.394880 -2.380299 -1.530528
v -17.392828 -2.380563 -1.522862
v -17.196108 -2.979419 -1.143405
v -17.455509 -1.930084 -1.524106
v -17.446594 -1.931811 -1.531611
v -17.555649 -1.564657 -1.657202
v -17.486166 -1.887128 -1.564059
v -17.316507 -2.104280 -1.535432
v -17.322451 -2.076758 -1.527680
v -17.311575 -2.088700 -1.531380
v -16.014240 -2.180114 1.874243
v -16.035885 -2.717508 1.648807
v -16.151566 -1.918183 1.854316
v -15.585279 -1.342767 1.866503
v -15.576859 -1.329360 1.850146
v -15.600717 -1.187844 2.037939
v -15.600678 -1.275195 1.932575
v -16.023874 -2.338448 1.822614
v -16.300303 -2.168406 1.648172
v -16.468729 -2.116677 1.547406
v -15.529310 -2.018164 1.656287
v -15.409778 -2.533087 1.597940
v -15.911173 -2.646472 1.669011
v -15.926829 -2.649011 1.675915
v -15.929176 -2.647895 1.658939
v -16.750362 -1.688981 2.166039
v -16.750219 -1.688406 2.168525
v -16.752499 -1.687496 2.165168
v -16.568064 -1.984354 2.030706
v -16.578659 -1.989816 2.041986
v -16.570066 -2.002829 2.018902
v -16.704603 -1.654930 1.507654
v -16.715679 -1.655919 1.515214
v -16.705009 -1.648648 1.517703
v -16.174578 -2.240388 1.735028
v -16.179375 -2.250697 1.741839
v -16.178465 -2.238240 1.746011
v -16.441896 -2.030710 1.624983
v -16.443333 -2.045223 1.633046
v -16.448999 -2.041850 1.620164
v -16.563665 -1.768204 1.597590
v -16.565264 -1.772005 1.610031
v -16.555841 -1.766558 1.610070
v -16.126928 -1.078246 1.184304
v -15.929194 -2.647051 1.159262
v -15.928198 -2.647472 1.170555
v -15.947333 -2.653250 1.188739
v -16.061201 -1.674198 1.085677
v -16.020041 -2.108261 1.188333
v -16.065134 -1.676728 1.096437
v -16.010105 -2.104005 1.181957
v -16.055443 -1.673376 1.095710
v -16.025557 -1.778408 0.810465
v -16.111244 -2.066254 0.816422
v -16.120897 -2.069963 0.816769
v -16.118845 -2.070227 0.824435
v -15.922124 -2.669083 1.203892
v -16.181524 -1.619748 0.823191
v -16.172611 -1.621475 0.815686
v -16.281664 -1.254321 0.690095
v -16.212181 -1.576792 0.783238
v -16.042522 -1.793944 0.811866
v -16.048468 -1.766422 0.819617
v -16.037590 -1.778364 0.815917
v -11.898013 -2.180114 3.506745
v -11.919658 -2.717508 3.281309
v -12.035337 -1.918183 3.486818
v -11.469052 -1.342767 3.499005
v -11.460633 -1.329360 3.482648
v -11.484490 -1.187844 3.670441
v -11.484451 -1.275195 3.565077
v -11.907647 -2.338448 3.455116
v -12.184076 -2.168406 3.280675
v -12.352501 -2.116677 3.179909
v -11.413084 -2.018164 3.288789
v -11.293551 -2.533087 3.230442
v -11.794947 -2.646472 3.301513
v -11.810604 -2.649011 3.308417
v -11.812949 -2.647895 3.291441
v -12.634135 -1.688981 3.798541
v -12.633993 -1.688406 3.801028
v -12.636271 -1.687496 3.797671
v -12.451836 -1.984354 3.663208
v -12.462434 -1.989815 3.674488
v -12.453839 -2.002829 3.651405
v -12.588376 -1.654930 3.140157
v -12.599453 -1.655920 3.147716
v -12.588783 -1.648648 3.150205
v -12.058351 -2.240388 3.367530
v -12.063149 -2.250697 3.374341
v -12.062240 -2.238240 3.378513
v -12.325670 -2.030710 3.257485
v -12.327106 -2.045223 3.265548
v -12.332772 -2.041850 3.252667
v -12.447438 -1.768204 3.230093
v -12.449036 -1.772005 3.242533
v -12.439614 -1.766558 3.242572
v -12.010703 -1.078246 2.816806
v -11.812967 -2.647051 2.791764
v -11.811972 -2.647472 2.803057
v -11.831106 -2.653250 2.821241
v -11.944974 -1.674199 2.718179
v -11.903814 -2.108261 2.820835
v -11.948908 -1.676728 2.728940
v -11.893877 -2.104005 2.814459
v -11.939216 -1.673376 2.728212
v -11.909329 -1.778408 2.442967
v -11.995017 -2.066254 2.448924
v -12.004669 -2.069963 2.449271
v -12.002617 -2.070227 2.456938
v -11.805898 -2.669083 2.836395
v -12.065298 -1.619748 2.455693
v -12.056383 -1.621475 2.448189
v -12.165439 -1.254321 2.322597
v -12.095955 -1.576792 2.415741
v -11.926295 -1.793944 2.444368
v -11.932240 -1.766422 2.452120
v -11.921363 -1.778364 2.448419
v -19.462385 -2.506919 -4.874597
v -19.161564 -2.831915 -5.044117
v -19.513420 -2.272259 -4.895152
v -19.637674 -2.041676 -4.293128
v -19.627804 -2.030973 -4.281700
v -19.807951 -1.965716 -4.266768
v -19.705490 -2.003824 -4.287612
v -19.385374 -2.605061 -4.927854
v -19.299694 -2.356814 -5.072046
v -19.239586 -2.243873 -5.176304
v -19.313446 -2.493043 -4.448153
v -19.142725 -2.884740 -4.514741
v -19.189463 -2.824934 -4.929826
v -19.194799 -2.823430 -4.942753
v -19.181948 -2.817986 -4.943166
v -19.831327 -1.992751 -5.291210
v -19.833391 -1.992959 -5.291071
v -19.831078 -1.990821 -5.292299
v -19.650080 -2.229614 -5.238176
v -19.657951 -2.232791 -5.248476
v -19.636633 -2.239458 -5.244710
v -19.325733 -1.831081 -5.207615
v -19.331779 -1.830058 -5.216668
v -19.335039 -1.828783 -5.206564
v -19.345766 -2.467628 -5.005246
v -19.348812 -2.475055 -5.012439
v -19.354950 -2.467407 -5.008142
v -19.319145 -2.208773 -5.134116
v -19.322054 -2.220544 -5.140165
v -19.313036 -2.213391 -5.142608
v -19.363947 -1.976857 -5.142395
v -19.372786 -1.981937 -5.145503
v -19.373755 -1.981009 -5.136756
v -19.188969 -1.525851 -4.576917
v -18.793610 -2.702247 -4.913512
v -18.802258 -2.705462 -4.913560
v -18.815729 -2.707781 -4.930761
v -18.969828 -1.949262 -4.706571
v -18.946138 -2.295754 -4.816306
v -18.977743 -1.952314 -4.710937
v -18.941822 -2.294360 -4.807164
v -18.977615 -1.952791 -4.702592
v -18.730049 -1.971431 -4.695962
v -18.670122 -2.151483 -4.849748
v -18.669868 -2.151186 -4.858151
v -18.675692 -2.153784 -4.857147
v -18.822880 -2.730478 -4.917669
v -18.782873 -1.812191 -4.764421
v -18.776310 -1.814489 -4.757833
v -18.768894 -1.489209 -4.718371
v -18.763014 -1.762705 -4.771730
v -18.728100 -1.977530 -4.713574
v -18.740810 -1.957801 -4.709955
v -18.734734 -1.968885 -4.705287
v -19.437922 -2.361407 -3.733134
v -19.450644 -2.666818 -4.057375
v -19.476999 -2.140887 -3.699277
v -19.026905 -1.924200 -3.337172
v -19.013117 -1.914142 -3.340525
v -19.077898 -1.852817 -3.183489
v -19.051382 -1.888628 -3.278103
v -19.449421 -2.453635 -3.820370
v -19.533239 -2.220347 -3.953857
v -19.594637 -2.114212 -4.048831
v -19.017467 -2.348367 -3.674769
v -18.999924 -2.716460 -3.846076
v -19.367044 -2.660258 -3.985028
v -19.380144 -2.658845 -3.986109
v -19.374975 -2.653729 -3.997033
v -19.944513 -1.878223 -3.603329
v -19.945284 -1.878419 -3.601544
v -19.945318 -1.876410 -3.604006
v -19.822433 -2.100812 -3.732133
v -19.834421 -2.103798 -3.729970
v -19.822128 -2.110063 -3.746180
v -19.657766 -1.726295 -3.990229
v -19.667929 -1.725333 -3.989056
v -19.660877 -1.724135 -3.981998
v -19.497147 -2.324484 -3.886683
v -19.504467 -2.331463 -3.887220
v -19.503506 -2.324276 -3.880244
v -19.593483 -2.081227 -3.964215
v -19.599789 -2.092289 -3.964376
v -19.597963 -2.085567 -3.972965
v -19.619621 -1.863287 -3.930304
v -19.626011 -1.868061 -3.924247
v -19.619112 -1.867188 -3.919684
v -19.071747 -1.439458 -3.834077
v -19.183620 -2.544965 -4.309024
v -19.187368 -2.547986 -4.301815
v -19.207531 -2.550165 -4.297927
v -19.086166 -1.837354 -4.072922
v -19.167763 -2.162967 -4.139795
v -19.093212 -1.840223 -4.068177
v -19.158266 -2.161657 -4.139483
v -19.086180 -1.840671 -4.064704
v -18.974453 -1.858188 -4.268864
v -19.077339 -2.027390 -4.384932
v -19.084257 -2.027111 -4.388747
v -19.085915 -2.029552 -4.383446
v -19.199652 -2.571495 -4.286333
v -19.054354 -1.708544 -4.254056
v -19.046030 -1.710703 -4.256719
v -19.009851 -1.405024 -4.245995
v -19.051945 -1.662039 -4.273798
v -18.988344 -1.863919 -4.278049
v -18.990770 -1.845379 -4.265867
v -18.984261 -1.855795 -4.268947
v -14.934560 -2.154783 -7.611990
v -14.774908 -2.615264 -8.074455
v -15.007991 -1.822298 -7.585822
v -14.573948 -1.495590 -6.830705
v -14.552740 -1.480425 -6.827865
v -14.729722 -1.387964 -6.642725
v -14.640670 -1.441958 -6.761123
v -14.902953 -2.293840 -7.740838
v -14.947618 -1.942103 -7.974253
v -14.981869 -1.782079 -8.141290
v -14.375855 -2.135124 -7.299799
v -14.257417 -2.690111 -7.530849
v -14.697078 -2.605373 -7.927050
v -14.714886 -2.603242 -7.935741
v -14.701647 -2.595529 -7.948257
v -15.717298 -1.426270 -7.706998
v -15.719356 -1.426564 -7.704912
v -15.718058 -1.423535 -7.708390
v -15.475276 -1.761876 -7.821105
v -15.493300 -1.766377 -7.824629
v -15.467157 -1.775823 -7.840672
v -15.102641 -1.197201 -8.093528
v -15.117559 -1.195752 -8.097445
v -15.111519 -1.193946 -8.083669
v -14.933690 -2.099114 -7.860124
v -14.943681 -2.109637 -7.864887
v -14.946151 -2.098800 -7.854561
v -15.026578 -1.732346 -8.021788
v -15.035348 -1.749024 -8.025466
v -15.028081 -1.738890 -8.036532
v -15.081863 -1.403749 -7.988460
v -15.094156 -1.410947 -7.983449
v -15.086964 -1.409632 -7.973263
v -14.364883 -0.764727 -7.553315
v -14.262012 -2.431541 -8.281781
v -14.271225 -2.436096 -8.273705
v -14.301678 -2.439381 -8.279284
v -14.254373 -1.364650 -7.896744
v -14.332386 -1.855588 -8.035361
v -14.266870 -1.368975 -7.893935
v -14.319217 -1.853613 -8.029726
v -14.258889 -1.369651 -7.885207
v -13.990158 -1.396062 -8.110845
v -14.071147 -1.651173 -8.330228
v -14.078775 -1.650753 -8.339375
v -14.084007 -1.654434 -8.332836
v -14.296954 -2.471541 -8.258681
v -14.110509 -1.170438 -8.133787
v -14.097359 -1.173694 -8.132971
v -14.052406 -0.712810 -8.098098
v -14.096319 -1.100322 -8.160203
v -14.004642 -1.404703 -8.131351
v -14.014720 -1.376750 -8.115567
v -14.003889 -1.392453 -8.116329
v -18.192194 -2.154783 -7.611990
v -18.032543 -2.615264 -8.074456
v -18.265625 -1.822298 -7.585823
v -17.831583 -1.495590 -6.830705
v -17.810375 -1.480425 -6.827865
v -17.987356 -1.387964 -6.642726
v -17.898304 -1.441958 -6.761123
v -18.160587 -2.293840 -7.740839
v -18.205252 -1.942103 -7.974254
v -18.239504 -1.782079 -8.141291
v -17.633490 -2.135124 -7.299799
v -17.515051 -2.690111 -7.530849
v -17.954712 -2.605373 -7.927050
v -17.972521 -2.603242 -7.935741
v -17.959282 -2.595529 -7.948258
v -18.974934 -1.426270 -7.706999
v -18.976990 -1.426564 -7.704913
v -18.975693 -1.423535 -7.708390
v -18.732910 -1.761875 -7.821105
v -18.750935 -1.766377 -7.824630
v -18.724792 -1.775823 -7.840672
v -18.360275 -1.197201 -8.093528
v -18.375195 -1.195752 -8.097445
v -18.369154 -1.193946 -8.083670
v -18.191324 -2.099114 -7.860124
v -18.201315 -2.109637 -7.864887
v -18.203785 -2.098799 -7.854562
v -18.284214 -1.732346 -8.021789
v -18.292982 -1.749024 -8.025467
v -18.285715 -1.738890 -8.036532
v -18.339499 -1.403749 -7.988460
v -18.351791 -1.410947 -7.983449
v -18.344599 -1.409632 -7.973263
v -17.622519 -0.764727 -7.553316
v -17.519646 -2.431541 -8.281782
v -17.528860 -2.436095 -8.273706
v -17.559313 -2.439381 -8.279284
v -17.512007 -1.364650 -7.896744
v -17.590021 -1.855588 -8.035362
v -17.524504 -1.368975 -7.893936
v -17.576851 -1.853613 -8.029727
v -17.516523 -1.369650 -7.885207
v -17.247793 -1.396062 -8.110845
v -17.328781 -1.651173 -8.330229
v -17.336411 -1.650753 -8.339376
v -17.341642 -1.654434 -8.332837
v -17.554588 -2.471541 -8.258682
v -17.368143 -1.170437 -8.133788
v -17.354994 -1.173693 -8.132971
v -17.310041 -0.712810 -8.098099
v -17.353954 -1.100322 -8.160203
v -17.262278 -1.404703 -8.131352
v -17.272354 -1.376750 -8.115568
v -17.261524 -1.392453 -8.116330
vn 0.7343 -0.0805 -0.6741
vn -0.7343 0.0805 0.6741
vn 0.8518 -0.0234 -0.5234
vn -0.6290 0.1192 -0.7682
vn 0.8834 -0.3570 -0.3035
vn 0.9590 -0.2596 0.1135
vn -0.8759 0.0844 0.4750
vn -0.5144 -0.0441 0.8564
vn -0.0101 -0.1068 -0.9942
vn 0.8887 0.1625 0.4287
vn 0.8598 -0.4741 0.1898
vn 0.9807 0.0910 -0.1733
vn -0.5029 0.4950 -0.7086
vn -0.0981 -0.5641 0.8198
vn 0.1382 0.2172 0.9663
vn 0.8213 -0.5527 -0.1417
vn 0.8496 -0.5272 -0.0133
vn 0.8210 -0.5528 -0.1426
vn -0.1900 -0.7488 -0.6350
vn 0.1900 0.7488 0.6350
vn -0.5165 -0.2508 0.8188
vn 0.5165 0.2508 -0.8188
vn -0.8518 0.0234 0.5234
vn -0.3105 -0.1435 -0.9397
vn -0.5168 0.5511 0.6551
vn -0.2631 0.4566 0.8499
vn -0.2607 0.4556 0.8512
vn -0.7832 0.4028 0.4737
vn -0.6490 -0.0331 -0.7601
vn -0.9225 0.3598 0.1397
vn -0.3888 0.4032 0.8284
vn -0.3872 0.4030 0.8293
vn 0.9671 -0.1334 -0.2168
vn 0.9418 -0.1785 0.2848
vn 0.9382 -0.1791 0.2963
vn -0.6160 0.2127 -0.7585
vn 0.0778 0.1031 -0.9916
vn -0.6241 0.2135 -0.7516
vn -0.7449 0.6612 -0.0886
vn -0.0823 0.5157 -0.8528
vn -0.7519 0.6558 -0.0674
vn 0.4454 -0.7251 0.5252
vn 0.6089 -0.7211 0.3305
vn 0.6135 -0.7202 0.3239
vn 0.6233 -0.0627 -0.7795
vn 0.8040 -0.5929 -0.0462
vn -0.8412 0.2882 0.4575
vn -0.8625 0.3972 0.3136
vn -0.8402 0.2852 0.4612
vn 0.2013 0.4842 -0.8515
vn 0.3660 0.3753 -0.8516
vn 0.3702 0.3721 -0.8511
vn 0.0920 -0.5494 0.8305
vn -0.5113 -0.0657 0.8569
vn -0.5217 -0.0540 0.8514
vn -0.6145 -0.0359 -0.7881
vn -0.4593 -0.0230 -0.8880
vn -0.6166 -0.0360 -0.7865
vn -0.9955 -0.0944 0.0023
vn 0.0134 0.2386 -0.9710
vn -0.4256 0.1600 -0.8906
vn 0.0201 0.2394 -0.9707
vn 0.7948 0.0740 0.6024
vn -0.8743 -0.2409 0.4214
vn -0.8998 -0.0573 0.4325
vn 0.9045 0.0365 0.4248
vn 0.9657 0.0989 0.2400
vn 0.8954 0.0295 0.4442
vn -0.8757 0.4540 -0.1642
vn -0.9899 -0.1291 -0.0591
vn -0.5567 -0.2915 0.7779
vn -0.3946 0.2766 -0.8762
vn 0.8673 0.4963 -0.0378
vn 0.8522 0.4954 -0.1683
vn 0.8674 0.4962 -0.0365
vn -0.0400 -0.0506 0.9979
vn 0.0080 -0.0249 0.9997
vn 0.0086 -0.0246 0.9997
vn -0.6344 -0.3337 -0.6973
vn -0.3108 -0.1561 -0.9376
vn -0.6398 -0.3368 -0.6908
vn 0.0980 -0.2155 -0.9716
vn -0.8947 0.4465 -0.0125
vn 0.5733 -0.3669 0.7326
vn -0.5145 -0.0441 0.8564
vn 0.8598 -0.4741 0.1897
vn 0.9806 0.0910 -0.1734
vn -0.1901 -0.7488 -0.6350
vn 0.1901 0.7488 0.6350
vn -0.5164 -0.2508 0.8188
vn 0.5164 0.2508 -0.8188
vn -0.7834 0.4030 0.4731
vn -0.9225 0.3598 0.1400
vn -0.3872 0.4029 0.8293
vn 0.9418 -0.1785 0.2849
vn 0.9381 -0.1791 0.2963
vn -0.7519 0.6558 -0.0675
vn 0.4455 -0.7251 0.5251
vn 0.8040 -0.5929 -0.0461
vn -0.8402 0.2851 0.4612
vn -0.6146 -0.0359 -0.7880
vn -0.4257 0.1600 -0.8906
vn -0.8757 0.4540 -0.1644
vn 0.8674 0.4963 -0.0376
vn 0.8674 0.4962 -0.0363
vn -0.6344 -0.3338 -0.6973
vn 0.0979 -0.2155 -0.9716
vn -0.7496 -0.0805 -0.6569
vn 0.7496 0.0805 0.6569
vn -0.6126 -0.0234 -0.7901
vn -0.6955 0.1192 0.7085
vn -0.3975 -0.3571 -0.8453
vn 0.0090 -0.2595 -0.9657
vn 0.5670 0.0844 0.8194
vn 0.9070 -0.0441 0.4188
vn -0.9873 -0.1068 0.1179
vn 0.3299 0.1625 -0.9299
vn 0.0955 -0.4741 -0.8753
vn -0.2785 0.0910 -0.9561
vn -0.6499 0.4949 0.5768
vn 0.8256 -0.5641 0.0087
vn 0.9457 0.2172 -0.2420
vn -0.2297 -0.5526 -0.8012
vn -0.1053 -0.5272 -0.8432
vn -0.2306 -0.5527 -0.8008
vn -0.6107 -0.7488 0.2577
vn 0.6107 0.7488 -0.2577
vn 0.8699 -0.2507 0.4248
vn -0.8699 0.2507 -0.4247
vn 0.6126 0.0234 0.7901
vn -0.9005 -0.1435 0.4104
vn 0.7072 0.5511 0.4428
vn 0.8734 0.4566 0.1696
vn 0.8744 0.4555 0.1671
vn 0.5546 0.4026 0.7282
vn -0.6853 -0.0331 0.7275
vn 0.2389 0.3600 0.9019
vn 0.8657 0.4032 0.2967
vn 0.8664 0.4029 0.2950
vn -0.3202 -0.1334 -0.9379
vn 0.1811 -0.1785 -0.9671
vn 0.1929 -0.1791 -0.9647
vn -0.6873 0.2127 0.6945
vn -0.9942 0.1031 0.0300
vn -0.6796 0.2135 0.7018
vn -0.0074 0.6612 0.7502
vn -0.8389 0.5157 0.1742
vn 0.0144 0.6558 0.7548
vn 0.4738 -0.7251 -0.4997
vn 0.2627 -0.7211 -0.6411
vn 0.2556 -0.7202 -0.6450
vn -0.8424 -0.0627 -0.5352
vn -0.1330 -0.5928 -0.7943
vn 0.5459 0.2882 0.7867
vn 0.4051 0.3972 0.8235
vn 0.5494 0.2852 0.7854
vn -0.8682 0.4842 -0.1081
vn -0.8862 0.3753 -0.2716
vn -0.8862 0.3721 -0.2759
vn 0.8156 -0.5494 -0.1813
vn 0.9073 -0.0657 0.4154
vn 0.9030 -0.0540 0.4263
vn -0.7168 -0.0359 0.6963
vn -0.8331 -0.0230 0.5526
vn -0.7150 -0.0360 0.6982
vn 0.1100 -0.0943 0.9894
vn -0.9668 0.2386 0.0917
vn -0.8393 0.1600 0.5196
vn -0.9672 0.2394 0.0851
vn 0.5128 0.0740 -0.8553
vn 0.5137 -0.2409 0.8235
vn 0.5274 -0.0573 0.8477
vn 0.3244 0.0365 -0.9452
vn 0.1340 0.0989 -0.9860
vn 0.3447 0.0295 -0.9383
vn -0.0684 0.4542 0.8883
vn 0.0484 -0.1291 0.9905
vn 0.8336 -0.2915 0.4692
vn -0.8284 0.2766 0.4871
vn -0.1311 0.4961 -0.8583
vn -0.2597 0.4954 -0.8289
vn -0.1298 0.4961 -0.8585
vn 0.9964 -0.0506 -0.0683
vn 0.9929 -0.0249 -0.1162
vn 0.9929 -0.0246 -0.1167
vn -0.6245 -0.3337 0.7062
vn -0.8984 -0.1561 0.4104
vn -0.6174 -0.3367 0.7109
vn -0.9765 -0.2155 0.0077
vn 0.0845 0.4465 0.8908
vn 0.6663 -0.3669 -0.6492
vn -0.6956 0.1192 0.7085
vn 0.0090 -0.2596 -0.9657
vn 0.9071 -0.0441 0.4186
vn -0.9873 -0.1068 0.1178
vn -0.2785 0.0909 -0.9561
vn -0.6499 0.4950 0.5767
vn 0.8256 -0.5641 0.0088
vn 0.9456 0.2172 -0.2420
vn -0.2305 -0.5527 -0.8008
vn 0.8699 -0.2508 0.4247
vn -0.8699 0.2508 -0.4247
vn 0.7072 0.5511 0.4429
vn 0.8734 0.4566 0.1695
vn 0.8744 0.4556 0.1671
vn 0.5556 0.4034 0.7270
vn -0.6854 -0.0331 0.7274
vn 0.2390 0.3602 0.9017
vn 0.8656 0.4032 0.2971
vn 0.8663 0.4029 0.2954
vn -0.3201 -0.1333 -0.9379
vn -0.6874 0.2127 0.6944
vn 0.2626 -0.7210 -0.6412
vn 0.2556 -0.7201 -0.6451
vn -0.8424 -0.0626 -0.5352
vn 0.5460 0.2882 0.7867
vn 0.5495 0.2852 0.7853
vn -0.8682 0.4842 -0.1079
vn -0.8862 0.3753 -0.2715
vn -0.8863 0.3721 -0.2758
vn 0.8157 -0.5494 -0.1813
vn -0.7169 -0.0359 0.6963
vn -0.8331 -0.0230 0.5527
vn -0.7151 -0.0360 0.6981
vn 0.1101 -0.0944 0.9894
vn -0.9668 0.2386 0.0919
vn -0.8394 0.1600 0.5195
vn -0.9672 0.2394 0.0853
vn 0.5136 -0.2409 0.8235
vn 0.3447 0.0295 -0.9382
vn -0.0684 0.4540 0.8884
vn 0.0485 -0.1291 0.9905
vn 0.8336 -0.2915 0.4693
vn -0.8284 0.2766 0.4872
vn -0.1312 0.4963 -0.8582
vn -0.2596 0.4953 -0.8290
vn -0.1299 0.4962 -0.8584
vn 0.9964 -0.0506 -0.0684
vn 0.9929 -0.0246 -0.1168
vn -0.6246 -0.3337 0.7061
vn -0.6175 -0.3368 0.7108
vn -0.9765 -0.2155 0.0080
vn 0.6662 -0.3669 -0.6493
vn -0.6956 0.1191 0.7084
vn -0.3973 -0.3571 -0.8454
vn 0.9071 -0.0441 0.4187
vn -0.9873 -0.1068 0.1174
vn 0.3300 0.1625 -0.9299
vn -0.6500 0.4950 0.5767
vn 0.8257 -0.5641 0.0088
vn 0.9456 0.2173 -0.2420
vn -0.2297 -0.5527 -0.8011
vn -0.2306 -0.5528 -0.8008
vn -0.9005 -0.1435 0.4106
vn 0.7073 0.5511 0.4428
vn 0.8744 0.4555 0.1670
vn 0.5550 0.4026 0.7279
vn 0.2385 0.3596 0.9021
vn 0.8664 0.4029 0.2951
vn -0.3200 -0.1333 -0.9380
vn 0.1811 -0.1786 -0.9671
vn -0.9942 0.1031 0.0301
vn -0.6796 0.2135 0.7019
vn -0.1330 -0.5930 -0.7941
vn 0.5459 0.2883 0.7867
vn -0.8682 0.4843 -0.1081
vn 0.8156 -0.5494 -0.1815
vn 0.9073 -0.0656 0.4154
vn 0.9029 -0.0539 0.4264
vn -0.7170 -0.0359 0.6962
vn -0.8330 -0.0230 0.5528
vn -0.7151 -0.0360 0.6980
vn -0.9667 0.2387 0.0919
vn -0.8393 0.1599 0.5196
vn -0.9672 0.2395 0.0852
vn 0.5137 -0.2410 0.8234
vn 0.5273 -0.0573 0.8477
vn 0.3245 0.0365 -0.9452
vn -0.0683 0.4540 0.8884
vn -0.1310 0.4961 -0.8583
vn -0.1297 0.4961 -0.8585
vn 0.9929 -0.0249 -0.1163
vn 0.9928 -0.0246 -0.1169
vn -0.8984 -0.1561 0.4106
vn -0.9765 -0.2155 0.0078
vn -0.8264 -0.0805 0.5574
vn 0.8264 0.0805 -0.5574
vn -0.9201 -0.0234 0.3909
vn 0.5078 0.1192 0.8532
vn -0.9186 -0.3569 0.1697
vn -0.9314 -0.2596 -0.2552
vn 0.9369 0.0844 -0.3394
vn 0.6360 -0.0442 -0.7704
vn -0.1379 -0.1068 0.9847
vn -0.8153 0.1625 -0.5558
vn -0.8220 -0.4741 -0.3155
vn -0.9955 0.0910 0.0259
vn 0.3919 0.4950 0.7755
vn 0.2190 -0.5641 -0.7962
vn 0.0071 0.2173 -0.9761
vn -0.8332 -0.5526 0.0178
vn -0.8422 -0.5272 -0.1131
vn -0.8331 -0.5528 0.0187
vn 0.0934 -0.7487 0.6562
vn -0.0934 0.7487 -0.6563
vn 0.6325 -0.2507 -0.7328
vn -0.6325 0.2508 0.7328
vn 0.9201 0.0234 -0.3909
vn 0.1673 -0.1434 0.9754
vn 0.6085 0.5511 -0.5710
vn 0.3865 0.4565 -0.8013
vn 0.3844 0.4555 -0.8029
vn 0.8449 0.4030 -0.3519
vn 0.5287 -0.0332 0.8481
vn 0.9329 0.3602 0.0007
vn 0.5078 0.4032 -0.7613
vn 0.5063 0.4029 -0.7624
vn -0.9886 -0.1334 0.0704
vn -0.8891 -0.1785 -0.4215
vn -0.8838 -0.1791 -0.4323
vn 0.4964 0.2128 0.8416
vn -0.2244 0.1031 0.9690
vn 0.5055 0.2136 0.8360
vn 0.7235 0.6612 0.1985
vn -0.0455 0.5158 0.8555
vn 0.7335 0.6558 0.1786
vn -0.3624 -0.7251 -0.5855
vn -0.5530 -0.7211 -0.4174
vn -0.5586 -0.7202 -0.4115
vn -0.7322 -0.0627 0.6782
vn -0.8020 -0.5927 -0.0738
vn 0.8999 0.2883 -0.3272
vn 0.8996 0.3972 -0.1816
vn 0.8995 0.2852 -0.3310
vn -0.3258 0.4844 0.8119
vn -0.4886 0.3752 0.7877
vn -0.4928 0.3721 0.7866
vn 0.0325 -0.5495 -0.8349
vn 0.6330 -0.0657 -0.7713
vn 0.6425 -0.0540 -0.7644
vn 0.4905 -0.0359 0.8707
vn 0.3220 -0.0230 0.9465
vn 0.4927 -0.0360 0.8694
vn 0.9847 -0.0944 0.1462
vn -0.1577 0.2386 0.9582
vn 0.2884 0.1600 0.9440
vn -0.1642 0.2394 0.9569
vn -0.6963 0.0740 -0.7139
vn 0.9272 -0.2410 -0.2866
vn 0.9541 -0.0573 -0.2938
vn -0.8312 0.0365 -0.5547
vn -0.9193 0.0989 -0.3810
vn -0.8193 0.0295 -0.5725
vn 0.8417 0.4538 0.2927
vn 0.9701 -0.1291 0.2057
vn 0.6662 -0.2914 -0.6865
vn 0.2599 0.2767 0.9252
vn -0.8633 0.4962 -0.0920
vn -0.8678 0.4953 0.0399
vn -0.8632 0.4961 -0.0933
vn 0.1880 -0.0506 -0.9809
vn 0.1408 -0.0249 -0.9897
vn 0.1402 -0.0246 -0.9898
vn 0.5236 -0.3337 0.7839
vn 0.1679 -0.1561 0.9734
vn 0.5299 -0.3367 0.7783
vn -0.2414 -0.2155 0.9462
vn 0.8829 0.4465 0.1455
vn -0.4580 -0.3669 -0.8097
vn 0.5077 0.1191 0.8532
vn -0.9186 -0.3571 0.1694
vn -0.9314 -0.2595 -0.2552
vn 0.9369 0.0844 -0.3392
vn 0.6360 -0.0441 -0.7704
vn -0.8151 0.1625 -0.5560
vn -0.9955 0.0909 0.0261
vn 0.3920 0.4951 0.7754
vn 0.2190 -0.5641 -0.7961
vn 0.0071 0.2172 -0.9761
vn -0.8332 -0.5527 0.0178
vn 0.0935 -0.7487 0.6562
vn -0.6325 0.2507 0.7328
vn 0.1673 -0.1435 0.9754
vn 0.6085 0.5511 -0.5709
vn 0.3865 0.4566 -0.8013
vn 0.3844 0.4556 -0.8029
vn 0.8450 0.4030 -0.3515
vn 0.5286 -0.0331 0.8482
vn 0.9330 0.3599 0.0007
vn 0.5077 0.4031 -0.7614
vn 0.5062 0.4029 -0.7625
vn -0.9886 -0.1333 0.0704
vn -0.8890 -0.1786 -0.4216
vn -0.8837 -0.1791 -0.4324
vn 0.7235 0.6611 0.1985
vn 0.7336 0.6557 0.1786
vn -0.3624 -0.7251 -0.5856
vn -0.5585 -0.7202 -0.4116
vn -0.7322 -0.0625 0.6782
vn -0.8019 -0.5929 -0.0738
vn 0.8999 0.2882 -0.3272
vn 0.8995 0.3973 -0.1817
vn 0.8995 0.2851 -0.3310
vn -0.4885 0.3753 0.7877
vn -0.4927 0.3721 0.7866
vn 0.0325 -0.5494 -0.8349
vn 0.6331 -0.0657 -0.7713
vn 0.6426 -0.0539 -0.7643
vn 0.3220 -0.0230 0.9464
vn 0.9848 -0.0944 0.1459
vn -0.1577 0.2385 0.9582
vn -0.1642 0.2393 0.9569
vn 0.9273 -0.2409 -0.2866
vn -0.8313 0.0365 -0.5546
vn -0.8194 0.0295 -0.5724
vn 0.8415 0.4540 0.2927
vn 0.2598 0.2766 0.9252
vn -0.8677 0.4954 0.0396
vn 0.5236 -0.3338 0.7839
vn 0.1679 -0.1560 0.9734
vn 0.5299 -0.3368 0.7783
vn -0.2415 -0.2155 0.9462
vn 0.8829 0.4465 0.1454
vn 0.1563 -0.0806 0.9844
vn -0.1563 0.0806 -0.9844
vn -0.0342 -0.0234 0.9991
vn 0.9878 0.1192 -0.1001
vn -0.2348 -0.3569 0.9042
vn -0.6244 -0.2596 0.7367
vn 0.0879 0.0844 -0.9925
vn -0.4298 -0.0442 -0.9018
vn 0.8343 -0.1067 0.5408
vn -0.8483 0.1625 0.5039
vn -0.6331 -0.4741 0.6120
vn -0.3975 0.0909 0.9131
vn 0.8684 0.4950 -0.0277
vn -0.6293 -0.5642 -0.5344
vn -0.8818 0.2172 -0.4186
vn -0.3355 -0.5526 0.7630
vn -0.4582 -0.5273 0.7156
vn -0.3346 -0.5527 0.7632
vn 0.6344 -0.7487 0.1924
vn -0.6344 0.7487 -0.1924
vn -0.3973 -0.2507 -0.8828
vn 0.3973 0.2507 0.8828
vn 0.0342 0.0234 -0.9991
vn 0.9549 -0.1435 0.2601
vn -0.2607 0.5513 -0.7925
vn -0.5631 0.4565 -0.6888
vn -0.5655 0.4555 -0.6876
vn 0.0382 0.4029 -0.9144
vn 0.9921 -0.0331 -0.1212
vn 0.3940 0.3604 -0.8455
vn -0.4758 0.4031 -0.7817
vn -0.4774 0.4029 -0.7809
vn -0.3535 -0.1333 0.9259
vn -0.7577 -0.1785 0.6278
vn -0.7652 -0.1791 0.6184
vn 0.9725 0.2127 -0.0949
vn 0.7837 0.1031 0.6126
vn 0.9712 0.2135 -0.1055
vn 0.4853 0.6613 -0.5720
vn 0.7563 0.5156 0.4026
vn 0.4715 0.6559 -0.5895
vn -0.6839 -0.7251 0.0810
vn -0.6119 -0.7211 0.3250
vn -0.6089 -0.7202 0.3325
vn 0.3054 -0.0628 0.9501
vn -0.4056 -0.5929 0.6957
vn 0.0833 0.2882 -0.9539
vn 0.2151 0.3972 -0.8922
vn 0.0797 0.2852 -0.9552
vn 0.5985 0.4842 0.6382
vn 0.5078 0.3753 0.7754
vn 0.5051 0.3722 0.7787
vn -0.7431 -0.5494 -0.3821
vn -0.4319 -0.0656 -0.8995
vn -0.4216 -0.0539 -0.9052
vn 0.9964 -0.0359 -0.0770
vn 0.9939 -0.0230 0.1078
vn 0.9962 -0.0360 -0.0796
vn 0.5480 -0.0944 -0.8311
vn 0.8019 0.2386 0.5478
vn 0.9776 0.1600 0.1370
vn 0.7980 0.2394 0.5531
vn -0.9412 0.0740 0.3297
vn 0.1316 -0.2409 -0.9616
vn 0.1365 -0.0573 -0.9890
vn -0.8537 0.0365 0.5195
vn -0.7335 0.0989 0.6724
vn -0.8648 0.0295 0.5012
vn 0.6206 0.4540 -0.6394
vn 0.5960 -0.1291 -0.7925
vn -0.3409 -0.2914 -0.8938
vn 0.9484 0.2766 0.1552
vn -0.4478 0.4963 0.7437
vn -0.3304 0.4953 0.8034
vn -0.4489 0.4963 0.7431
vn -0.8095 -0.0506 -0.5849
vn -0.8378 -0.0249 -0.5454
vn -0.8381 -0.0246 -0.5450
vn 0.9317 -0.3337 -0.1436
vn 0.9532 -0.1560 0.2590
vn 0.9293 -0.3367 -0.1518
vn 0.7559 -0.2155 0.6183
vn 0.5046 0.4465 -0.7390
vn -0.9274 -0.3669 0.0733
vn 0.1563 -0.0805 0.9844
vn -0.1563 0.0805 -0.9844
vn 0.9878 0.1192 -0.0998
vn -0.2349 -0.3569 0.9041
vn -0.6243 -0.2596 0.7368
vn -0.4299 -0.0442 -0.9018
vn 0.8343 -0.1068 0.5409
vn -0.8483 0.1625 0.5040
vn -0.3971 0.0910 0.9132
vn 0.8685 0.4950 -0.0279
vn -0.6292 -0.5642 -0.5346
vn -0.8819 0.2172 -0.4183
vn -0.4583 -0.5272 0.7155
vn 0.6344 -0.7488 0.1923
vn -0.6344 0.7488 -0.1923
vn -0.3972 -0.2507 -0.8828
vn 0.9548 -0.1436 0.2601
vn -0.2607 0.5511 -0.7927
vn -0.5631 0.4565 -0.6889
vn -0.5654 0.4555 -0.6876
vn 0.0380 0.4017 -0.9150
vn 0.9921 -0.0331 -0.1210
vn 0.3930 0.3597 -0.8463
vn -0.4759 0.4033 -0.7816
vn -0.4775 0.4030 -0.7807
vn -0.3536 -0.1334 0.9258
vn -0.7575 -0.1785 0.6279
vn -0.7651 -0.1791 0.6185
vn 0.9726 0.2128 -0.0938
vn 0.9713 0.2136 -0.1044
vn 0.4853 0.6612 -0.5721
vn 0.7563 0.5157 0.4026
vn 0.4715 0.6558 -0.5896
vn -0.6838 -0.7252 0.0811
vn -0.6118 -0.7210 0.3253
vn -0.6088 -0.7201 0.3328
vn 0.3055 -0.0626 0.9501
vn -0.4055 -0.5929 0.6957
vn 0.0832 0.2880 -0.9540
vn 0.2151 0.3973 -0.8921
vn 0.0797 0.2849 -0.9552
vn 0.5984 0.4841 0.6384
vn 0.5050 0.3722 0.7787
vn -0.7431 -0.5493 -0.3821
vn -0.4320 -0.0657 -0.8995
vn -0.4217 -0.0540 -0.9051
vn 0.9964 -0.0359 -0.0768
vn 0.9940 -0.0230 0.1070
vn 0.9962 -0.0360 -0.0794
vn 0.5483 -0.0944 -0.8310
vn 0.8022 0.2386 0.5473
vn 0.9776 0.1599 0.1372
vn 0.7983 0.2394 0.5526
vn 0.1317 -0.2410 -0.9615
vn -0.8539 0.0366 0.5192
vn -0.7335 0.0989 0.6725
vn -0.8650 0.0296 0.5009
vn 0.6208 0.4541 -0.6390
vn -0.3410 -0.2915 -0.8938
vn 0.9484 0.2766 0.1551
vn -0.4480 0.4963 0.7436
vn -0.3305 0.4953 0.8034
vn -0.4491 0.4962 0.7430
vn -0.8097 -0.0506 -0.5847
vn -0.8378 -0.0249 -0.5453
vn -0.8382 -0.0246 -0.5449
vn 0.9317 -0.3336 -0.1437
vn 0.9532 -0.1561 0.2589
vn 0.7561 -0.2155 0.6179
vn 0.5046 0.4465 -0.7389
vn -0.9274 -0.3669 0.0731
vn 0.9878 0.1192 -0.0999
vn -0.2350 -0.3569 0.9041
vn -0.4298 -0.0441 -0.9018
vn 0.8344 -0.1068 0.5407
vn -0.8482 0.1625 0.5042
vn -0.6331 -0.4741 0.6119
vn -0.3971 0.0910 0.9133
vn -0.6291 -0.5641 -0.5348
vn -0.8819 0.2172 -0.4184
vn -0.3355 -0.5527 0.7629
vn -0.4582 -0.5272 0.7156
vn -0.3347 -0.5528 0.7632
vn -0.3972 -0.2508 -0.8828
vn 0.3972 0.2508 0.8828
vn 0.9548 -0.1436 0.2603
vn -0.2607 0.5512 -0.7926
vn -0.5630 0.4565 -0.6889
vn -0.5654 0.4555 -0.6877
vn 0.0380 0.4019 -0.9149
vn 0.9921 -0.0331 -0.1213
vn 0.3928 0.3598 -0.8463
vn -0.4760 0.4034 -0.7815
vn -0.4777 0.4031 -0.7806
vn -0.7575 -0.1786 0.6280
vn -0.7650 -0.1791 0.6186
vn 0.9726 0.2127 -0.0944
vn 0.7838 0.1032 0.6124
vn 0.9713 0.2135 -0.1050
vn 0.4853 0.6611 -0.5721
vn -0.6838 -0.7251 0.0812
vn -0.6119 -0.7209 0.3255
vn -0.6089 -0.7200 0.3330
vn 0.3056 -0.0626 0.9501
vn -0.4055 -0.5928 0.6959
vn 0.0833 0.2884 -0.9539
vn 0.2150 0.3972 -0.8922
vn 0.0797 0.2854 -0.9551
vn 0.5986 0.4841 0.6382
vn 0.5078 0.3752 0.7755
vn 0.5051 0.3720 0.7788
vn -0.7431 -0.5495 -0.3819
vn 0.9940 -0.0230 0.1072
vn 0.5481 -0.0944 -0.8311
vn 0.9776 0.1599 0.1369
vn -0.9412 0.0740 0.3298
vn 0.1316 -0.2410 -0.9616
vn -0.8650 0.0296 0.5008
vn 0.6205 0.4541 -0.6393
vn -0.3410 -0.2915 -0.8937
vn 0.9484 0.2765 0.1554
vn -0.4481 0.4968 0.7433
vn -0.3304 0.4952 0.8035
vn -0.4492 0.4967 0.7426
vn -0.8097 -0.0508 -0.5847
vn -0.8378 -0.0248 -0.5454
vn -0.8381 -0.0245 -0.5449
vn 0.9317 -0.3337 -0.1434
vn 0.9293 -0.3367 -0.1515
vn 0.7561 -0.2156 0.6179
vn -0.6125 -0.0234 -0.7901
vn -0.3972 -0.3569 -0.8455
vn 0.9072 -0.0441 0.4185
vn -0.9873 -0.1068 0.1176
vn 0.3299 0.1624 -0.9299
vn 0.9457 0.2172 -0.2419
vn 0.6107 0.7488 -0.2576
vn 0.8699 -0.2508 0.4248
vn -0.8699 0.2508 -0.4248
vn 0.6125 0.0234 0.7901
vn 0.8734 0.4566 0.1694
vn 0.5551 0.4029 0.7277
vn 0.2384 0.3593 0.9023
vn -0.6873 0.2127 0.6946
vn -0.6795 0.2135 0.7019
vn -0.0074 0.6613 0.7501
vn -0.8389 0.5157 0.1743
vn 0.0144 0.6559 0.7547
vn -0.8425 -0.0627 -0.5351
vn -0.1330 -0.5929 -0.7942
vn -0.8683 0.4843 -0.1077
vn -0.8862 0.3753 -0.2717
vn -0.8862 0.3721 -0.2760
vn 0.9072 -0.0657 0.4155
vn 0.9029 -0.0539 0.4265
vn -0.8393 0.1600 0.5197
vn 0.5272 -0.0573 0.8478
vn 0.3446 0.0295 -0.9383
vn -0.0683 0.4539 0.8884
vn 0.8336 -0.2915 0.4691
vn -0.8285 0.2766 0.4869
vn -0.1312 0.4964 -0.8581
vn -0.1300 0.4964 -0.8583
vn 0.9964 -0.0506 -0.0682
vn 0.9929 -0.0249 -0.1164
vn -0.8984 -0.1561 0.4105
vn -0.6174 -0.3368 0.7109
vn 0.6662 -0.3669 -0.6492
vn -0.6385 -0.2039 -0.7422
vn 0.6385 0.2039 0.7422
vn -0.5215 -0.0829 -0.8492
vn -0.7345 -0.2393 0.6350
vn -0.2030 -0.3134 -0.9277
vn 0.1524 -0.0695 -0.9859
vn 0.4562 0.1196 0.8818
vn 0.8425 0.1809 0.5074
vn -0.8975 -0.4409 -0.0115
vn 0.3084 0.4208 -0.8531
vn 0.3012 -0.2565 -0.9184
vn -0.2370 0.1610 -0.9581
vn -0.8115 0.1478 0.5654
vn 0.9661 -0.2572 0.0200
vn 0.8281 0.5517 -0.0993
vn 0.0182 -0.4483 -0.8937
vn 0.1288 -0.3769 -0.9173
vn 0.0175 -0.4488 -0.8935
vn -0.3341 -0.9395 0.0755
vn 0.3341 0.9395 -0.0755
vn 0.8773 -0.0243 0.4794
vn -0.8773 0.0243 -0.4794
vn 0.5215 0.0829 0.8492
vn -0.8204 -0.4980 0.2809
vn 0.4513 0.6649 0.5952
vn 0.6552 0.6788 0.3317
vn 0.6566 0.6786 0.3293
vn 0.3424 0.4277 0.8366
vn -0.6743 -0.3809 0.6326
vn 0.0499 0.2543 0.9658
vn 0.6587 0.6043 0.4482
vn 0.6595 0.6046 0.4466
vn -0.2011 -0.0642 -0.9775
vn 0.2865 0.0620 -0.9561
vn 0.2977 0.0649 -0.9525
vn -0.7576 -0.1472 0.6360
vn -0.9701 -0.2328 -0.0681
vn -0.7510 -0.1453 0.6442
vn -0.2748 0.4811 0.8325
vn -0.9727 0.1760 0.1515
vn -0.2528 0.4824 0.8387
vn 0.7198 -0.4324 -0.5430
vn 0.5285 -0.4726 -0.7053
vn 0.5217 -0.4734 -0.7097
vn -0.7387 -0.2387 -0.6303
vn 0.1223 -0.4554 -0.8819
vn 0.3691 0.3078 0.8769
vn 0.1979 0.3570 0.9129
vn 0.3735 0.3064 0.8756
vn -0.9733 0.1865 -0.1340
vn -0.9437 0.1079 -0.3127
vn -0.9424 0.1057 -0.3174
vn 0.9627 -0.2136 -0.1659
vn 0.8501 0.1614 0.5012
vn 0.8415 0.1690 0.5132
vn -0.7011 -0.3882 0.5981
vn -0.8062 -0.3889 0.4459
vn -0.6995 -0.3881 0.6001
vn 0.0782 -0.2248 0.9713
vn -0.9939 -0.1088 0.0158
vn -0.8723 -0.2152 0.4390
vn -0.9942 -0.1070 0.0093
vn 0.5057 0.3851 -0.7720
vn 0.5165 -0.2008 0.8324
vn 0.4656 -0.0299 0.8845
vn 0.3469 0.3047 -0.8870
vn 0.1493 0.3078 -0.9397
vn 0.3679 0.3035 -0.8789
vn -0.2698 0.2444 0.9314
vn 0.0321 -0.2773 0.9602
vn 0.8545 -0.0817 0.5130
vn -0.8997 -0.0976 0.4255
vn -0.2421 0.5688 -0.7861
vn -0.3640 0.5207 -0.7722
vn -0.2409 0.5692 -0.7861
vn 0.9566 0.2891 0.0380
vn 0.9474 0.3201 -0.0057
vn 0.9472 0.3205 -0.0062
vn -0.5139 -0.6367 0.5749
vn -0.8142 -0.5090 0.2792
vn -0.5065 -0.6381 0.5799
vn -0.8440 -0.5192 -0.1341
vn -0.1238 0.2867 0.9500
vn 0.7875 -0.0107 -0.6163
vn -0.6338 -0.2774 0.7220
vn 0.6338 0.2774 -0.7220
vn -0.7739 -0.2458 0.5836
vn 0.6449 0.2442 0.7242
vn -0.7434 -0.5702 0.3497
vn -0.8751 -0.4809 -0.0547
vn 0.7868 0.3093 -0.5341
vn 0.4356 0.1088 -0.8935
vn 0.1196 -0.1321 0.9840
vn -0.9348 -0.0448 -0.3523
vn -0.7342 -0.6624 -0.1488
vn -0.9556 -0.1552 0.2503
vn 0.4279 0.5798 0.6934
vn 0.1605 -0.4975 -0.8525
vn -0.2675 0.2072 -0.9410
vn -0.6501 -0.7396 0.1743
vn -0.6944 -0.7178 0.0500
vn -0.6497 -0.7397 0.1751
vn 0.4168 -0.6997 0.5803
vn -0.4168 0.6997 -0.5803
vn 0.4902 -0.0922 -0.8667
vn -0.4902 0.0922 0.8667
vn 0.7739 0.2458 -0.5836
vn 0.4144 -0.0931 0.9053
vn 0.3124 0.6803 -0.6630
vn 0.0732 0.5331 -0.8429
vn 0.0711 0.5316 -0.8440
vn 0.6214 0.5959 -0.5087
vn 0.7000 0.1016 0.7069
vn 0.7944 0.5771 -0.1894
vn 0.2094 0.5111 -0.8336
vn 0.2078 0.5105 -0.8344
vn -0.8852 -0.3708 0.2811
vn -0.8923 -0.3928 -0.2223
vn -0.8896 -0.3921 -0.2341
vn 0.6090 0.3320 0.7204
vn -0.0160 0.0501 0.9986
vn 0.6161 0.3350 0.7129
vn 0.5697 0.8192 0.0663
vn 0.0284 0.4934 0.8694
vn 0.5759 0.8163 0.0444
vn -0.3017 -0.7948 -0.5266
vn -0.4443 -0.8366 -0.3204
vn -0.4485 -0.8371 -0.3134
vn -0.5218 -0.2364 0.8196
vn -0.6318 -0.7714 0.0758
vn 0.7059 0.4979 -0.5038
vn 0.7126 0.6043 -0.3564
vn 0.7054 0.4949 -0.5075
vn -0.2386 0.3941 0.8876
vn -0.3717 0.2484 0.8945
vn -0.3751 0.2443 0.8942
vn -0.0278 -0.5291 -0.8481
vn 0.4376 0.0872 -0.8949
vn 0.4454 0.1009 -0.8897
vn 0.6698 0.0898 0.7371
vn 0.5248 0.0614 0.8490
vn 0.6716 0.0902 0.7354
vn 0.9853 0.1502 -0.0814
vn 0.0121 0.1977 0.9802
vn 0.4489 0.2306 0.8633
vn 0.0055 0.1969 0.9804
vn -0.8375 -0.1023 -0.5368
vn 0.8675 -0.0082 -0.4973
vn 0.8474 0.1763 -0.5008
vn -0.9196 -0.1709 -0.3536
vn -0.9781 -0.1310 -0.1620
vn -0.9108 -0.1749 -0.3740
vn 0.7523 0.6476 0.1211
vn 0.9933 0.1133 -0.0216
vn 0.5424 -0.1232 -0.8311
vn 0.3896 0.3366 0.8573
vn -0.9546 0.2695 0.1271
vn -0.9286 0.2682 0.2563
vn -0.9548 0.2695 0.1258
vn -0.0337 -0.0082 -0.9994
vn -0.0865 0.0052 -0.9962
vn -0.0871 0.0053 -0.9962
vn 0.7525 -0.1914 0.6302
vn 0.4173 -0.1052 0.9027
vn 0.7579 -0.1928 0.6232
vn 0.0391 -0.2630 0.9640
vn 0.7595 0.6497 -0.0317
vn -0.5288 -0.4720 -0.7054
vn -0.8751 -0.4809 -0.0546
vn 0.7869 0.3093 -0.5340
vn 0.4355 0.1088 -0.8936
vn -0.7342 -0.6624 -0.1489
vn -0.9557 -0.1553 0.2501
vn 0.4279 0.5798 0.6933
vn 0.1606 -0.4976 -0.8524
vn -0.2675 0.2073 -0.9410
vn 0.4168 -0.6997 0.5802
vn -0.4168 0.6997 -0.5802
vn 0.4143 -0.0932 0.9054
vn 0.3124 0.6802 -0.6631
vn 0.0731 0.5331 -0.8429
vn 0.0710 0.5315 -0.8440
vn 0.6216 0.5958 -0.5085
vn 0.7000 0.1017 0.7069
vn 0.7942 0.5773 -0.1899
vn -0.8851 -0.3708 0.2813
vn -0.8923 -0.3928 -0.2224
vn 0.6091 0.3321 0.7203
vn 0.6162 0.3350 0.7128
vn 0.5697 0.8192 0.0661
vn 0.0284 0.4933 0.8694
vn 0.5759 0.8163 0.0443
vn -0.3018 -0.7948 -0.5265
vn -0.4484 -0.8370 -0.3135
vn -0.5218 -0.2363 0.8197
vn 0.7126 0.6043 -0.3565
vn 0.7054 0.4948 -0.5075
vn -0.2386 0.3941 0.8875
vn 0.4377 0.0872 -0.8949
vn 0.4454 0.1009 -0.8896
vn 0.6697 0.0898 0.7372
vn 0.5249 0.0614 0.8489
vn 0.6716 0.0901 0.7354
vn 0.4488 0.2306 0.8634
vn 0.8676 -0.0082 -0.4972
vn -0.9195 -0.1709 -0.3539
vn -0.9107 -0.1748 -0.3743
vn 0.7523 0.6476 0.1213
vn -0.9546 0.2695 0.1273
vn -0.9287 0.2682 0.2561
vn -0.9547 0.2695 0.1260
vn 0.4174 -0.1052 0.9026
vn 0.0391 -0.2631 0.9640
vn 0.7596 0.6497 -0.0316
vn -0.6338 -0.2774 0.7221
vn 0.6338 0.2774 -0.7221
vn 0.6450 0.2443 0.7241
vn -0.7437 -0.5702 0.3491
vn -0.8751 -0.4809 -0.0545
vn 0.4357 0.1088 -0.8935
vn 0.1196 -0.1322 0.9840
vn -0.9349 -0.0448 -0.3521
vn 0.4279 0.5799 0.6933
vn 0.1606 -0.4977 -0.8524
vn -0.6944 -0.7178 0.0501
vn -0.6497 -0.7397 0.1752
vn 0.4169 -0.6997 0.5802
vn -0.4169 0.6997 -0.5802
vn 0.4143 -0.0931 0.9053
vn 0.7000 0.1017 0.7068
vn 0.7943 0.5773 -0.1892
vn 0.2094 0.5112 -0.8336
vn 0.2078 0.5106 -0.8343
vn -0.8923 -0.3928 -0.2225
vn -0.8896 -0.3921 -0.2342
vn 0.6092 0.3321 0.7202
vn 0.6163 0.3351 0.7127
vn 0.5698 0.8191 0.0662
vn 0.5760 0.8163 0.0444
vn -0.3017 -0.7947 -0.5266
vn -0.4444 -0.8366 -0.3202
vn -0.4485 -0.8371 -0.3133
vn -0.6318 -0.7714 0.0759
vn -0.2385 0.3941 0.8876
vn 0.4453 0.1009 -0.8897
vn 0.9853 0.1502 -0.0812
vn 0.0121 0.1978 0.9802
vn 0.4487 0.2306 0.8634
vn 0.0055 0.1970 0.9804
vn 0.8675 -0.0082 -0.4974
vn 0.8474 0.1764 -0.5008
vn -0.9196 -0.1708 -0.3538
vn -0.9107 -0.1748 -0.3742
vn 0.7523 0.6476 0.1212
vn 0.9933 0.1133 -0.0215
vn 0.5424 -0.1232 -0.8310
vn 0.3897 0.3366 0.8572
vn -0.9546 0.2695 0.1270
vn -0.9287 0.2682 0.2560
vn -0.0338 -0.0082 -0.9994
vn 0.7524 -0.1914 0.6303
vn 0.4173 -0.1052 0.9026
vn 0.7579 -0.1928 0.6233
vn 0.0392 -0.2631 0.9640
vn -0.7435 -0.5701 0.3496
vn 0.7868 0.3092 -0.5342
vn -0.9557 -0.1552 0.2501
vn 0.1605 -0.4976 -0.8524
vn 0.4143 -0.0931 0.9054
vn 0.6214 0.5956 -0.5091
vn 0.7943 0.5772 -0.1893
vn -0.8851 -0.3708 0.2814
vn 0.5697 0.8191 0.0662
vn -0.4444 -0.8366 -0.3203
vn -0.5218 -0.2364 0.8197
vn -0.6318 -0.7714 0.0757
vn 0.7126 0.6042 -0.3565
vn -0.2385 0.3940 0.8876
vn -0.3717 0.2485 0.8945
vn -0.3751 0.2444 0.8942
vn 0.5250 0.0614 0.8489
vn 0.9853 0.1502 -0.0811
vn 0.8473 0.1763 -0.5009
vn -0.9196 -0.1709 -0.3537
vn -0.9781 -0.1310 -0.1619
vn -0.9108 -0.1748 -0.3740
vn 0.7523 0.6476 0.1215
vn 0.0392 -0.2630 0.9640
vn -0.5287 -0.4720 -0.7055
vn 0.6449 0.2443 0.7241
vn -0.7435 -0.5702 0.3494
vn 0.7868 0.3092 -0.5341
vn -0.9557 -0.1552 0.2500
vn 0.4278 0.5798 0.6934
vn 0.6215 0.5957 -0.5089
vn 0.7001 0.1017 0.7068
vn 0.7944 0.5772 -0.1893
vn 0.2079 0.5106 -0.8343
vn 0.6091 0.3321 0.7202
vn 0.5698 0.8192 0.0661
vn 0.5760 0.8163 0.0442
vn 0.7059 0.4979 -0.5037
vn 0.7054 0.4948 -0.5074
vn 0.9853 0.1502 -0.0813
vn 0.8675 -0.0083 -0.4974
vn -0.9196 -0.1709 -0.3539
vn 0.7523 0.6476 0.1208
vn -0.9287 0.2682 0.2562
vn 0.7580 -0.1928 0.6231
vn 0.7596 0.6497 -0.0317
vn -0.7435 -0.5702 0.3495
vn -0.9348 -0.0448 -0.3522
vn 0.6215 0.5957 -0.5088
vn -0.8923 -0.3928 -0.2226
vn -0.8896 -0.3921 -0.2343
vn 0.5697 0.8192 0.0662
vn -0.4444 -0.8366 -0.3204
vn -0.4485 -0.8370 -0.3134
vn -0.7433 -0.5701 0.3499
vn -0.8751 -0.4809 -0.0548
vn 0.0710 0.5316 -0.8440
vn 0.6215 0.5955 -0.5091
vn 0.6999 0.1017 0.7070
vn 0.7942 0.5772 -0.1900
vn -0.4484 -0.8371 -0.3134
vn -0.6318 -0.7714 0.0760
vn 0.7054 0.4948 -0.5076
vn 0.5249 0.0614 0.8490
vn 0.5423 -0.1232 -0.8311
vn -0.9545 0.2694 0.1274
vn -0.9547 0.2694 0.1262
vn -0.7345 -0.2394 0.6350
vn -0.2029 -0.3132 -0.9278
vn 0.3083 0.4208 -0.8531
vn -0.2371 0.1610 -0.9581
vn -0.8116 0.1479 0.5652
vn 0.9661 -0.2572 0.0201
vn 0.8280 0.5517 -0.0996
vn 0.0182 -0.4482 -0.8937
vn 0.1289 -0.3769 -0.9173
vn 0.0175 -0.4487 -0.8935
vn -0.3341 -0.9395 0.0756
vn -0.8205 -0.4980 0.2807
vn 0.4513 0.6648 0.5953
vn 0.6566 0.6785 0.3293
vn 0.3426 0.4279 0.8364
vn -0.6743 -0.3808 0.6327
vn 0.0498 0.2543 0.9658
vn 0.6587 0.6043 0.4483
vn 0.6595 0.6046 0.4467
vn -0.2011 -0.0641 -0.9775
vn 0.2866 0.0620 -0.9561
vn -0.7576 -0.1473 0.6359
vn -0.9701 -0.2328 -0.0682
vn -0.7510 -0.1453 0.6441
vn -0.9727 0.1760 0.1513
vn 0.7199 -0.4325 -0.5429
vn 0.5285 -0.4727 -0.7052
vn 0.5218 -0.4735 -0.7096
vn -0.7388 -0.2387 -0.6302
vn 0.1223 -0.4553 -0.8819
vn 0.3693 0.3080 0.8768
vn 0.3737 0.3065 0.8754
vn -0.9733 0.1865 -0.1336
vn -0.9437 0.1079 -0.3128
vn -0.9423 0.1057 -0.3175
vn 0.9627 -0.2136 -0.1662
vn 0.8500 0.1614 0.5015
vn 0.8413 0.1690 0.5134
vn -0.8063 -0.3890 0.4456
vn -0.9939 -0.1088 0.0156
vn -0.8722 -0.2151 0.4393
vn -0.9942 -0.1070 0.0092
vn 0.5057 0.3850 -0.7720
vn 0.5164 -0.2008 0.8325
vn 0.4655 -0.0299 0.8846
vn 0.3468 0.3047 -0.8871
vn 0.3678 0.3035 -0.8790
vn -0.2696 0.2444 0.9314
vn 0.8544 -0.0817 0.5131
vn -0.8997 -0.0975 0.4255
vn -0.2421 0.5688 -0.7860
vn -0.3639 0.5206 -0.7724
vn 0.9566 0.2890 0.0384
vn 0.9473 0.3202 -0.0056
vn 0.9472 0.3205 -0.0061
vn -0.8142 -0.5091 0.2790
vn -0.5066 -0.6380 0.5800
vn -0.8441 -0.5192 -0.1341
vn 0.7875 -0.0108 -0.6163
vn -0.9517 -0.2039 0.2294
vn 0.9517 0.2039 -0.2294
vn -0.9936 -0.0829 0.0764
vn 0.2298 -0.2394 0.9433
vn -0.9181 -0.3133 -0.2427
vn -0.8077 -0.0695 -0.5855
vn 0.9928 0.1196 -0.0033
vn 0.8363 0.1809 -0.5177
vn -0.4197 -0.4409 0.7934
vn -0.6183 0.4208 -0.6638
vn -0.6797 -0.2565 -0.6872
vn -0.9608 0.1611 -0.2255
vn 0.1325 0.1478 0.9801
vn 0.4585 -0.2571 -0.8507
vn 0.2895 0.5518 -0.7821
vn -0.7868 -0.4483 -0.4243
vn -0.7574 -0.3769 -0.5332
vn -0.7869 -0.4488 -0.4235
vn -0.0853 -0.9395 0.3317
vn 0.0853 0.9395 -0.3317
vn 0.8269 -0.0243 -0.5618
vn -0.8269 0.0243 0.5619
vn 0.9936 0.0829 -0.0764
vn -0.1246 -0.4979 0.8582
vn 0.7356 0.6648 -0.1299
vn 0.5941 0.6788 -0.4317
vn 0.5926 0.6786 -0.4340
vn 0.9005 0.4278 0.0778
vn 0.2553 -0.3809 0.8887
vn 0.8820 0.2542 0.3969
vn 0.6994 0.6044 -0.3816
vn 0.6983 0.6047 -0.3831
vn -0.9615 -0.0641 -0.2671
vn -0.7198 0.0620 -0.6914
vn -0.7115 0.0649 -0.6997
vn 0.2200 -0.1473 0.9643
vn -0.5032 -0.2328 0.8322
vn 0.2303 -0.1453 0.9622
vn 0.6153 0.4809 0.6246
vn -0.3094 0.1760 0.9345
vn 0.6309 0.4822 0.6079
vn -0.1546 -0.4325 -0.8883
vn -0.3863 -0.4726 -0.7921
vn -0.3934 -0.4733 -0.7882
vn -0.8981 -0.2387 0.3694
vn -0.7288 -0.4554 -0.5113
vn 0.9488 0.3079 0.0712
vn 0.9025 0.3570 0.2411
vn 0.9496 0.3064 0.0666
vn -0.5634 0.1865 0.8049
vn -0.7088 0.1080 0.6971
vn -0.7123 0.1058 0.6938
vn 0.2917 -0.2136 -0.9324
vn 0.8341 0.1615 -0.5274
vn 0.8408 0.1691 -0.5142
vn 0.2122 -0.3882 0.8968
vn 0.0286 -0.3889 0.9208
vn 0.2147 -0.3881 0.8963
vn 0.8998 -0.2248 0.3739
vn -0.4395 -0.1087 0.8916
vn -0.0074 -0.2152 0.9765
vn -0.4454 -0.1069 0.8889
vn -0.4560 0.3850 -0.8024
vn 0.9764 -0.2007 -0.0797
vn 0.9995 -0.0299 -0.0106
vn -0.6311 0.3047 -0.7133
vn -0.7680 0.3078 -0.5617
vn -0.6143 0.3036 -0.7283
vn 0.7055 0.2443 0.6653
vn 0.8691 -0.2773 0.4097
vn 0.8465 -0.0817 -0.5261
vn -0.0322 -0.0975 0.9947
vn -0.8101 0.5687 -0.1427
vn -0.8532 0.5208 -0.0286
vn -0.8096 0.5691 -0.1438
vn 0.4705 0.2891 -0.8337
vn 0.4274 0.3202 -0.8455
vn 0.4269 0.3205 -0.8456
vn 0.2771 -0.6367 0.7196
vn -0.1232 -0.5091 0.8518
vn 0.2849 -0.6381 0.7153
vn -0.5046 -0.5194 0.6897
vn 0.7887 0.2867 0.5438
vn -0.1888 -0.0108 -0.9820
vn -0.9701 -0.2039 -0.1319
vn 0.9701 0.2039 0.1319
vn -0.9535 -0.0829 -0.2896
vn -0.1284 -0.2393 0.9624
vn -0.7673 -0.3135 -0.5595
vn -0.5399 -0.0696 -0.8388
vn 0.9264 0.1196 0.3572
vn 0.9671 0.1808 -0.1789
vn -0.6792 -0.4410 0.5867
vn -0.3351 0.4208 -0.8430
vn -0.3838 -0.2565 -0.8871
vn -0.8129 0.1610 -0.5597
vn -0.2325 0.1478 0.9613
vn 0.7364 -0.2572 -0.6258
vn 0.5537 0.5517 -0.6237
vn -0.5791 -0.4483 -0.6809
vn -0.5120 -0.3769 -0.7719
vn -0.5796 -0.4488 -0.6802
vn -0.2000 -0.9395 0.2781
vn 0.2000 0.9395 -0.2781
vn 0.9745 -0.0243 -0.2231
vn -0.9745 0.0243 0.2230
vn 0.9535 0.0829 0.2896
vn -0.4277 -0.4979 0.7544
vn 0.7325 0.6649 0.1461
vn 0.7103 0.6788 -0.1864
vn 0.7098 0.6786 -0.1892
vn 0.8115 0.4287 0.3971
vn -0.0849 -0.3808 0.9208
vn 0.6776 0.2542 0.6901
vn 0.7902 0.6044 -0.1014
vn 0.7898 0.6047 -0.1032
vn -0.7988 -0.0641 -0.5982
vn -0.4198 0.0620 -0.9055
vn -0.4091 0.0649 -0.9102
vn -0.1453 -0.1472 0.9784
vn -0.7712 -0.2329 0.5925
vn -0.1349 -0.1452 0.9802
vn 0.3466 0.4810 0.8053
vn -0.6275 0.1759 0.7585
vn 0.3672 0.4822 0.7954
vn 0.1785 -0.4324 -0.8838
vn -0.0724 -0.4727 -0.8783
vn -0.0803 -0.4735 -0.8771
vn -0.9709 -0.2387 0.0182
vn -0.4934 -0.4554 -0.7411
vn 0.8579 0.3079 0.4114
vn 0.7536 0.3569 0.5519
vn 0.8603 0.3065 0.4074
vn -0.8172 0.1865 0.5453
vn -0.9136 0.1079 0.3920
vn -0.9157 0.1058 0.3877
vn 0.6104 -0.2136 -0.7628
vn 0.9687 0.1615 -0.1886
vn 0.9701 0.1691 -0.1739
vn -0.1279 -0.3882 0.9127
vn -0.3076 -0.3889 0.8684
vn -0.1254 -0.3881 0.9131
vn 0.7028 -0.2248 0.6750
vn -0.7333 -0.1088 0.6711
vn -0.3615 -0.2152 0.9072
vn -0.7378 -0.1070 0.6665
vn -0.1336 0.3850 -0.9132
vn 0.9387 -0.2008 0.2804
vn 0.9351 -0.0299 0.3532
vn -0.3288 0.3047 -0.8939
vn -0.5116 0.3078 -0.8022
vn -0.3077 0.3035 -0.9018
vn 0.4162 0.2445 0.8758
vn 0.6609 -0.2773 0.6973
vn 0.9797 -0.0817 -0.1829
vn -0.3912 -0.0975 0.9151
vn -0.7026 0.5685 -0.4280
vn -0.7846 0.5208 -0.3364
vn -0.7017 0.5689 -0.4288
vn 0.7411 0.2890 -0.6060
vn 0.7052 0.3201 -0.6327
vn 0.7047 0.3205 -0.6330
vn -0.0032 -0.6367 0.7711
vn -0.4240 -0.5090 0.7491
vn 0.0056 -0.6381 0.7700
vn -0.7205 -0.5191 0.4598
vn 0.5376 0.2867 0.7930
vn 0.1807 -0.0108 -0.9835
vn -0.7673 -0.3133 -0.5595
vn -0.5399 -0.0695 -0.8388
vn 0.9671 0.1808 -0.1787
vn -0.8128 0.1611 -0.5599
vn -0.2324 0.1478 0.9613
vn 0.7364 -0.2573 -0.6258
vn -0.5792 -0.4483 -0.6809
vn -0.5120 -0.3768 -0.7719
vn -0.5796 -0.4487 -0.6802
vn 0.9745 -0.0243 -0.2230
vn -0.4277 -0.4980 0.7544
vn 0.7097 0.6786 -0.1892
vn 0.8112 0.4280 0.3984
vn -0.0849 -0.3809 0.9207
vn 0.6771 0.2543 0.6906
vn 0.7902 0.6044 -0.1017
vn 0.7897 0.6046 -0.1035
vn -0.4197 0.0620 -0.9055
vn -0.4090 0.0649 -0.9102
vn -0.1453 -0.1473 0.9784
vn -0.7711 -0.2328 0.5926
vn -0.1349 -0.1453 0.9801
vn 0.3672 0.4823 0.7954
vn -0.0723 -0.4726 -0.8783
vn -0.0803 -0.4734 -0.8772
vn -0.9709 -0.2387 0.0181
vn 0.8580 0.3079 0.4112
vn 0.7535 0.3569 0.5521
vn 0.8604 0.3065 0.4072
vn -0.9136 0.1079 0.3921
vn -0.9157 0.1057 0.3877
vn 0.6105 -0.2136 -0.7627
vn 0.9687 0.1615 -0.1887
vn 0.9701 0.1690 -0.1740
vn -0.1279 -0.3882 0.9126
vn -0.1254 -0.3881 0.9130
vn -0.3615 -0.2151 0.9072
vn 0.9386 -0.2008 0.2804
vn 0.9350 -0.0299 0.3533
vn -0.3288 0.3046 -0.8939
vn 0.4161 0.2444 0.8758
vn -0.3912 -0.0976 0.9151
vn -0.7026 0.5686 -0.4279
vn -0.7017 0.5690 -0.4288
vn 0.7048 0.3204 -0.6330
vn -0.0032 -0.6366 0.7712
vn -0.4241 -0.5090 0.7491
vn 0.0056 -0.6380 0.7700
vn -0.7205 -0.5192 0.4598
vn 0.5375 0.2867 0.7930
vn 0.1806 -0.0107 -0.9835
vn 0.8498 -0.5269 -0.0121
vn -0.5198 0.5520 0.6520
vn -0.9253 0.3570 0.1281
vn 0.9649 -0.1320 -0.2272
vn 0.0923 0.1001 -0.9907
vn -0.0711 0.5091 -0.8578
vn 0.4371 -0.7242 0.5334
vn -0.8627 0.4008 0.3083
vn 0.1958 0.4875 -0.8509
vn 0.1041 -0.5561 0.8246
vn -0.4546 -0.0226 -0.8904
vn -0.4304 0.1588 -0.8885
vn 0.9661 0.0994 0.2383
vn -0.6682 0.4022 -0.6260
vn -0.6375 0.6315 -0.4413
vn 0.8520 0.4953 -0.1696
vn -0.0409 -0.0511 0.9979
vn -0.3040 -0.1524 -0.9404
vn -0.9252 0.3570 0.1285
vn 0.9661 0.0994 0.2382
vn -0.6682 0.4022 -0.6259
vn -0.1042 -0.5270 -0.8435
vn 0.7044 0.5520 0.4461
vn 0.2278 0.3571 0.9059
vn -0.3303 -0.1320 -0.9346
vn -0.9949 0.1001 0.0155
vn -0.8450 0.5091 0.1636
vn 0.4829 -0.7242 -0.4924
vn 0.3999 0.4008 0.8243
vn -0.8671 0.4875 -0.1027
vn 0.8085 -0.5561 -0.1927
vn -0.8360 -0.0226 0.5483
vn -0.8367 0.1588 0.5241
vn 0.1322 0.0994 -0.9862
vn -0.5498 0.4022 0.7321
vn -0.3697 0.6315 0.6816
vn -0.2610 0.4953 -0.8286
vn 0.9964 -0.0511 -0.0673
vn -0.9020 -0.1524 0.4040
vn -0.1041 -0.5270 -0.8435
vn 0.7044 0.5520 0.4463
vn 0.2279 0.3574 0.9057
vn -0.3302 -0.1320 -0.9346
vn 0.4829 -0.7242 -0.4923
vn -0.8671 0.4875 -0.1025
vn -0.8359 -0.0226 0.5484
vn -0.8368 0.1588 0.5240
vn -0.5498 0.4021 0.7321
vn -0.2609 0.4953 -0.8286
vn 0.9964 -0.0511 -0.0674
vn -0.1042 -0.5269 -0.8435
vn 0.7045 0.5520 0.4461
vn 0.2273 0.3568 0.9061
vn -0.3301 -0.1320 -0.9347
vn -0.9949 0.1001 0.0156
vn 0.4829 -0.7241 -0.4924
vn 0.8084 -0.5561 -0.1929
vn 0.1323 0.0994 -0.9862
vn -0.5497 0.4021 0.7322
vn -0.2609 0.4952 -0.8287
vn -0.9019 -0.1524 0.4041
vn -0.8422 -0.5270 -0.1143
vn 0.6110 0.5520 -0.5674
vn 0.9339 0.3573 0.0125
vn -0.9879 -0.1320 0.0811
vn -0.2386 0.1001 0.9660
vn -0.0573 0.5091 0.8588
vn -0.3529 -0.7242 -0.5925
vn 0.8990 0.4009 -0.1764
vn -0.3203 0.4876 0.8122
vn 0.0196 -0.5561 -0.8309
vn 0.3171 -0.0226 0.9481
vn 0.2935 0.1588 0.9427
vn -0.9199 0.0994 -0.3793
vn 0.5679 0.4023 0.7181
vn 0.5649 0.6315 0.5312
vn -0.8677 0.4953 0.0413
vn 0.1889 -0.0511 -0.9807
vn 0.1607 -0.1524 0.9752
vn -0.8422 -0.5269 -0.1143
vn 0.6111 0.5520 -0.5674
vn 0.9340 0.3571 0.0125
vn -0.2386 0.1001 0.9659
vn -0.0573 0.5092 0.8588
vn -0.3529 -0.7241 -0.5925
vn 0.0197 -0.5561 -0.8309
vn 0.2935 0.1589 0.9427
vn 0.5679 0.4022 0.7181
vn 0.5648 0.6315 0.5313
vn -0.8677 0.4954 0.0409
vn 0.1607 -0.1523 0.9752
vn -0.4593 -0.5270 0.7151
vn -0.2564 0.5521 -0.7934
vn 0.4051 0.3576 -0.8414
vn -0.3436 -0.1320 0.9298
vn 0.7749 0.1001 0.6242
vn 0.7543 0.5090 0.4147
vn -0.6861 -0.7242 0.0695
vn 0.2196 0.4008 -0.8895
vn 0.6011 0.4875 0.6333
vn -0.7449 -0.5561 -0.3687
vn 0.9933 -0.0226 0.1129
vn 0.9785 0.1588 0.1318
vn -0.7323 0.0994 0.6737
vn 0.8908 0.4022 -0.2114
vn 0.7201 0.6314 -0.2878
vn -0.3292 0.4952 0.8040
vn -0.8090 -0.0511 -0.5857
vn 0.9518 -0.1523 0.2662
vn -0.4594 -0.5270 0.7150
vn -0.2564 0.5520 -0.7935
vn 0.4041 0.3569 -0.8422
vn -0.3437 -0.1321 0.9298
vn 0.7749 0.1001 0.6241
vn -0.6861 -0.7242 0.0696
vn 0.2196 0.4010 -0.8894
vn 0.6009 0.4873 0.6336
vn -0.7449 -0.5560 -0.3688
vn 0.9934 -0.0227 0.1121
vn 0.9784 0.1588 0.1320
vn -0.7322 0.0994 0.6737
vn 0.8908 0.4022 -0.2113
vn 0.7200 0.6315 -0.2877
vn -0.3292 0.4953 0.8039
vn -0.8091 -0.0511 -0.5854
vn 0.9518 -0.1524 0.2661
vn -0.4593 -0.5269 0.7151
vn -0.2564 0.5520 -0.7934
vn 0.4040 0.3570 -0.8422
vn -0.3436 -0.1319 0.9298
vn 0.7750 0.1002 0.6239
vn 0.7542 0.5091 0.4147
vn -0.6861 -0.7242 0.0697
vn 0.2195 0.4008 -0.8895
vn 0.6011 0.4874 0.6333
vn -0.7449 -0.5562 -0.3686
vn 0.9934 -0.0227 0.1123
vn 0.8909 0.4022 -0.2113
vn 0.7200 0.6315 -0.2876
vn -0.8091 -0.0513 -0.5854
vn -0.1041 -0.5269 -0.8435
vn 0.7044 0.5520 0.4462
vn 0.2272 0.3565 0.9063
vn -0.8450 0.5091 0.1637
vn 0.3999 0.4009 0.8243
vn -0.8671 0.4875 -0.1023
vn 0.8085 -0.5561 -0.1929
vn -0.8367 0.1588 0.5242
vn -0.5497 0.4022 0.7322
vn 0.1298 -0.3762 -0.9174
vn 0.4482 0.6642 0.5983
vn 0.0401 0.2473 0.9681
vn -0.2113 -0.0667 -0.9751
vn -0.9689 -0.2333 -0.0828
vn -0.9756 0.1697 0.1394
vn 0.7276 -0.4299 -0.5346
vn 0.1917 0.3585 0.9136
vn -0.9736 0.1889 -0.1281
vn 0.9589 -0.2201 -0.1789
vn -0.8087 -0.3887 0.4414
vn -0.8698 -0.2162 0.4436
vn 0.1474 0.3078 -0.9400
vn -0.6951 0.0670 0.7158
vn -0.6009 0.3475 0.7198
vn -0.3652 0.5202 -0.7720
vn 0.9567 0.2884 0.0389
vn -0.8184 -0.5056 0.2730
vn -0.6948 -0.7175 0.0488
vn 0.3154 0.6818 -0.6601
vn 0.7987 0.5747 -0.1783
vn -0.8825 -0.3693 0.2913
vn -0.0294 0.0437 0.9986
vn 0.0195 0.4841 0.8748
vn -0.2946 -0.7916 -0.5354
vn 0.7124 0.6077 -0.3510
vn -0.2341 0.3986 0.8868
vn -0.0374 -0.5387 -0.8417
vn 0.5205 0.0606 0.8517
vn 0.4536 0.2307 0.8608
vn -0.9784 -0.1307 -0.1602
vn 0.6030 0.5326 0.5939
vn 0.5029 0.7533 0.4239
vn -0.9283 0.2682 0.2576
vn -0.0327 -0.0085 -0.9994
vn 0.4101 -0.1033 0.9062
vn 0.3154 0.6817 -0.6601
vn 0.7985 0.5748 -0.1787
vn -0.8824 -0.3692 0.2915
vn -0.0293 0.0437 0.9986
vn 0.0196 0.4840 0.8748
vn -0.2946 -0.7916 -0.5352
vn -0.2341 0.3986 0.8867
vn 0.5206 0.0606 0.8517
vn 0.4535 0.2307 0.8609
vn -0.9784 -0.1306 -0.1601
vn 0.6031 0.5326 0.5938
vn 0.5028 0.7532 0.4240
vn -0.9283 0.2682 0.2574
vn 0.4102 -0.1034 0.9061
vn -0.6948 -0.7176 0.0489
vn 0.7987 0.5748 -0.1781
vn -0.2946 -0.7915 -0.5354
vn -0.2340 0.3985 0.8868
vn 0.4534 0.2307 0.8609
vn -0.9784 -0.1306 -0.1602
vn 0.6030 0.5325 0.5940
vn 0.5028 0.7531 0.4243
vn -0.9284 0.2682 0.2573
vn 0.4101 -0.1033 0.9061
vn -0.6948 -0.7176 0.0488
vn -0.8824 -0.3692 0.2917
vn 0.7124 0.6076 -0.3510
vn 0.5206 0.0606 0.8516
vn 0.5028 0.7531 0.4242
vn 0.3154 0.6817 -0.6602
vn -0.8824 -0.3693 0.2915
vn -0.9784 -0.1307 -0.1601
vn 0.5028 0.7532 0.4241
vn -0.9283 0.2682 0.2575
vn 0.0196 0.4841 0.8748
vn -0.2946 -0.7916 -0.5353
vn 0.3155 0.6818 -0.6601
vn 0.7985 0.5748 -0.1788
vn -0.2341 0.3985 0.8868
vn 0.1299 -0.3762 -0.9174
vn 0.4482 0.6641 0.5985
vn 0.0400 0.2474 0.9681
vn -0.2112 -0.0667 -0.9752
vn -0.9689 -0.2333 -0.0829
vn -0.9756 0.1696 0.1392
vn 0.7277 -0.4299 -0.5344
vn -0.9737 0.1889 -0.1277
vn 0.9589 -0.2201 -0.1792
vn -0.8089 -0.3888 0.4411
vn -0.8696 -0.2161 0.4439
vn -0.6950 0.0670 0.7159
vn -0.6008 0.3475 0.7199
vn -0.3651 0.5201 -0.7722
vn 0.9567 0.2884 0.0392
vn -0.8185 -0.5056 0.2729
vn -0.7571 -0.3762 -0.5342
vn 0.7370 0.6641 -0.1257
vn 0.8795 0.2472 0.4066
vn -0.9641 -0.0667 -0.2570
vn -0.5158 -0.2333 0.8243
vn -0.3215 0.1697 0.9316
vn -0.1435 -0.4299 -0.8914
vn 0.9003 0.3585 0.2469
vn -0.5583 0.1889 0.8078
vn 0.2784 -0.2201 -0.9349
vn 0.0234 -0.3888 0.9210
vn -0.0022 -0.2162 0.9763
vn -0.7691 0.3078 -0.5602
vn 0.3197 0.0670 0.9451
vn 0.3661 0.3474 0.8633
vn -0.8536 0.5202 -0.0275
vn 0.4713 0.2884 -0.8335
vn -0.1306 -0.5057 0.8528
vn -0.5113 -0.3762 -0.7727
vn 0.7323 0.6642 0.1505
vn 0.6718 0.2472 0.6983
vn -0.8049 -0.0667 -0.5897
vn -0.7801 -0.2333 0.5806
vn -0.6377 0.1696 0.7514
vn 0.1899 -0.4298 -0.8827
vn 0.7495 0.3585 0.5566
vn -0.8135 0.1889 0.5500
vn 0.5989 -0.2201 -0.7700
vn -0.3126 -0.3888 0.8667
vn -0.3566 -0.2162 0.9089
vn -0.5132 0.3078 -0.8012
vn -0.0453 0.0669 0.9967
vn 0.0278 0.3475 0.9372
vn -0.7854 0.5202 -0.3354
vn 0.7418 0.2883 -0.6055
vn -0.4313 -0.5056 0.7473
vn -0.5113 -0.3761 -0.7727
vn 0.6712 0.2473 0.6988
vn -0.7800 -0.2333 0.5807
vn 0.1900 -0.4298 -0.8827
vn 0.7494 0.3585 0.5567
vn 0.5990 -0.2202 -0.7699
vn -0.3125 -0.3887 0.8667
vn -0.3565 -0.2162 0.9089
vn -0.0453 0.0671 0.9967
vn 0.0278 0.3475 0.9373
vn 0.7418 0.2884 -0.6055
vn -0.4313 -0.5056 0.7472
vt 0.625000 0.269609
vt 0.333037 0.648657
vt 0.625000 0.081626
vt 0.625000 0.876298
vt 0.764767 0.608382
vt 0.758453 0.629039
vt 0.709063 0.638875
vt 0.000000 0.000000
vt 0.723345 0.542556
vt 0.762374 0.635717
vt 0.776291 0.641207
s 1
f 3/1/1 2/2/1 1/3/1
f 3/1/2 1/4/2 2/2/2
f 12/5/3 4/6/3 11/7/3
f 13/8/4 19/8/4 20/8/4
f 20/8/5 17/8/5 18/8/5
f 20/8/6 18/8/6 21/8/6
f 33/8/7 28/8/7 31/8/7
f 31/8/8 28/8/8 30/8/8
f 42/8/9 34/8/9 40/8/9
f 40/8/10 34/8/10 38/8/10
f 53/8/11 48/8/11 51/8/11
f 47/8/12 46/8/12 45/8/12
f 47/8/13 44/8/13 46/8/13
f 47/8/14 45/8/14 44/8/14
f 53/8/15 43/8/15 52/8/15
f 21/8/16 14/8/17 20/8/18
f 7/9/19 5/10/19 6/11/19
f 5/10/20 7/9/20 6/11/20
f 8/8/21 10/8/21 9/8/21
f 9/8/22 10/8/22 8/8/22
f 12/5/23 11/7/23 4/6/23
f 14/8/24 13/8/24 20/8/24
f 13/8/25 21/8/26 19/8/27
f 21/8/28 18/8/28 16/8/28
f 20/8/29 19/8/29 17/8/29
f 16/8/30 19/8/31 21/8/32
f 30/8/33 32/8/34 31/8/35
f 28/8/36 32/8/37 29/8/38
f 25/8/39 29/8/40 27/8/41
f 23/8/42 31/8/43 32/8/44
f 29/8/45 26/8/45 27/8/45
f 29/8/46 30/8/46 26/8/46
f 31/8/47 24/8/48 33/8/49
f 32/8/50 24/8/51 23/8/52
f 25/8/53 30/8/54 28/8/55
f 36/8/56 39/8/57 37/8/58
f 41/8/59 36/8/59 35/8/59
f 40/8/60 41/8/61 42/8/62
f 37/8/63 41/8/63 35/8/63
f 41/8/64 38/8/64 42/8/64
f 42/8/65 38/8/65 34/8/65
f 38/8/66 39/8/67 40/8/68
f 49/8/69 53/8/69 54/8/69
f 41/8/70 37/8/70 38/8/70
f 50/8/71 49/8/71 51/8/71
f 49/8/72 54/8/72 43/8/72
f 52/8/73 46/8/74 54/8/75
f 44/8/76 52/8/77 43/8/78
f 44/8/79 54/8/80 46/8/81
f 52/8/82 54/8/82 53/8/82
f 51/8/83 49/8/83 53/8/83
f 49/8/84 43/8/84 53/8/84
f 57/1/1 56/2/1 55/3/1
f 57/1/2 55/4/2 56/2/2
f 66/5/3 58/6/3 65/7/3
f 67/8/4 73/8/4 74/8/4
f 74/8/5 71/8/5 72/8/5
f 74/8/6 72/8/6 75/8/6
f 87/8/7 82/8/7 85/8/7
f 85/8/85 82/8/85 84/8/85
f 96/8/9 88/8/9 94/8/9
f 94/8/10 88/8/10 92/8/10
f 107/8/86 102/8/86 105/8/86
f 101/8/87 100/8/87 99/8/87
f 101/8/13 98/8/13 100/8/13
f 101/8/14 99/8/14 98/8/14
f 107/8/15 97/8/15 106/8/15
f 75/8/16 68/8/17 74/8/18
f 61/9/88 59/10/88 60/11/88
f 59/10/89 61/9/89 60/11/89
f 62/8/90 64/8/90 63/8/90
f 63/8/91 64/8/91 62/8/91
f 66/5/23 65/7/23 58/6/23
f 68/8/24 67/8/24 74/8/24
f 67/8/25 75/8/26 73/8/27
f 75/8/92 72/8/92 70/8/92
f 74/8/29 73/8/29 71/8/29
f 70/8/93 73/8/31 75/8/94
f 84/8/33 86/8/95 85/8/96
f 82/8/36 86/8/37 83/8/38
f 79/8/39 83/8/40 81/8/97
f 77/8/98 85/8/43 86/8/44
f 83/8/45 80/8/45 81/8/45
f 83/8/99 84/8/99 80/8/99
f 85/8/47 78/8/48 87/8/100
f 86/8/50 78/8/51 77/8/52
f 79/8/53 84/8/54 82/8/55
f 90/8/101 93/8/57 91/8/58
f 95/8/59 90/8/59 89/8/59
f 94/8/60 95/8/102 96/8/62
f 91/8/63 95/8/63 89/8/63
f 95/8/64 92/8/64 96/8/64
f 96/8/65 92/8/65 88/8/65
f 92/8/66 93/8/67 94/8/68
f 103/8/103 107/8/103 108/8/103
f 95/8/70 91/8/70 92/8/70
f 104/8/71 103/8/71 105/8/71
f 103/8/72 108/8/72 97/8/72
f 106/8/104 100/8/74 108/8/105
f 98/8/76 106/8/77 97/8/78
f 98/8/106 108/8/80 100/8/81
f 106/8/107 108/8/107 107/8/107
f 105/8/83 103/8/83 107/8/83
f 103/8/84 97/8/84 107/8/84
f 111/1/108 110/2/108 109/3/108
f 111/1/109 109/4/109 110/2/109
f 120/5/110 112/6/110 119/7/110
f 121/8/111 127/8/111 128/8/111
f 128/8/112 125/8/112 126/8/112
f 128/8/113 126/8/113 129/8/113
f 141/8/114 136/8/114 139/8/114
f 139/8/115 136/8/115 138/8/115
f 150/8/116 142/8/116 148/8/116
f 148/8/117 142/8/117 146/8/117
f 161/8/118 156/8/118 159/8/118
f 155/8/119 154/8/119 153/8/119
f 155/8/120 152/8/120 154/8/120
f 155/8/121 153/8/121 152/8/121
f 161/8/122 151/8/122 160/8/122
f 129/8/123 122/8/124 128/8/125
f 115/9/126 113/10/126 114/11/126
f 113/10/127 115/9/127 114/11/127
f 116/8/128 118/8/128 117/8/128
f 117/8/129 118/8/129 116/8/129
f 120/5/130 119/7/130 112/6/130
f 122/8/131 121/8/131 128/8/131
f 121/8/132 129/8/133 127/8/134
f 129/8/135 126/8/135 124/8/135
f 128/8/136 127/8/136 125/8/136
f 124/8/137 127/8/138 129/8/139
f 138/8/140 140/8/141 139/8/142
f 136/8/143 140/8/144 137/8/145
f 133/8/146 137/8/147 135/8/148
f 131/8/149 139/8/150 140/8/151
f 137/8/152 134/8/152 135/8/152
f 137/8/153 138/8/153 134/8/153
f 139/8/154 132/8/155 141/8/156
f 140/8/157 132/8/158 131/8/159
f 133/8/160 138/8/161 136/8/162
f 144/8/163 147/8/164 145/8/165
f 149/8/166 144/8/166 143/8/166
f 148/8/167 149/8/168 150/8/169
f 145/8/170 149/8/170 143/8/170
f 149/8/171 146/8/171 150/8/171
f 150/8/172 146/8/172 142/8/172
f 146/8/173 147/8/174 148/8/175
f 157/8/176 161/8/176 162/8/176
f 149/8/177 145/8/177 146/8/177
f 158/8/178 157/8/178 159/8/178
f 157/8/179 162/8/179 151/8/179
f 160/8/180 154/8/181 162/8/182
f 152/8/183 160/8/184 151/8/185
f 152/8/186 162/8/187 154/8/188
f 160/8/189 162/8/189 161/8/189
f 159/8/190 157/8/190 161/8/190
f 157/8/191 151/8/191 161/8/191
f 165/1/108 164/2/108 163/3/108
f 165/1/109 163/4/109 164/2/109
f 174/5/110 166/6/110 173/7/110
f 175/8/192 181/8/192 182/8/192
f 182/8/112 179/8/112 180/8/112
f 182/8/193 180/8/193 183/8/193
f 195/8/114 190/8/114 193/8/114
f 193/8/194 190/8/194 192/8/194
f 204/8/195 196/8/195 202/8/195
f 202/8/117 196/8/117 200/8/117
f 215/8/118 210/8/118 213/8/118
f 209/8/196 208/8/196 207/8/196
f 209/8/197 206/8/197 208/8/197
f 209/8/198 207/8/198 206/8/198
f 215/8/199 205/8/199 214/8/199
f 183/8/123 176/8/124 182/8/200
f 169/9/126 167/10/126 168/11/126
f 167/10/127 169/9/127 168/11/127
f 170/8/201 172/8/201 171/8/201
f 171/8/202 172/8/202 170/8/202
f 174/5/130 173/7/130 166/6/130
f 176/8/131 175/8/131 182/8/131
f 175/8/203 183/8/204 181/8/205
f 183/8/206 180/8/206 178/8/206
f 182/8/207 181/8/207 179/8/207
f 178/8/208 181/8/209 183/8/210
f 192/8/211 194/8/141 193/8/142
f 190/8/212 194/8/144 191/8/145
f 187/8/146 191/8/147 189/8/148
f 185/8/149 193/8/213 194/8/214
f 191/8/215 188/8/215 189/8/215
f 191/8/153 192/8/153 188/8/153
f 193/8/216 186/8/155 195/8/217
f 194/8/218 186/8/219 185/8/220
f 187/8/221 192/8/161 190/8/162
f 198/8/222 201/8/223 199/8/224
f 203/8/225 198/8/225 197/8/225
f 202/8/226 203/8/227 204/8/228
f 199/8/170 203/8/170 197/8/170
f 203/8/229 200/8/229 204/8/229
f 204/8/172 200/8/172 196/8/172
f 200/8/173 201/8/174 202/8/230
f 211/8/231 215/8/231 216/8/231
f 203/8/232 199/8/232 200/8/232
f 212/8/233 211/8/233 213/8/233
f 211/8/234 216/8/234 205/8/234
f 214/8/235 208/8/236 216/8/237
f 206/8/238 214/8/184 205/8/239
f 206/8/240 216/8/187 208/8/241
f 214/8/242 216/8/242 215/8/242
f 213/8/190 211/8/190 215/8/190
f 211/8/243 205/8/243 215/8/243
f 219/1/108 218/2/108 217/3/108
f 219/1/109 217/4/109 218/2/109
f 228/5/110 220/6/110 227/7/110
f 229/8/244 235/8/244 236/8/244
f 236/8/245 233/8/245 234/8/245
f 236/8/113 234/8/113 237/8/113
f 249/8/114 244/8/114 247/8/114
f 247/8/246 244/8/246 246/8/246
f 258/8/247 250/8/247 256/8/247
f 256/8/248 250/8/248 254/8/248
f 269/8/118 264/8/118 267/8/118
f 263/8/196 262/8/196 261/8/196
f 263/8/249 260/8/249 262/8/249
f 263/8/250 261/8/250 260/8/250
f 269/8/251 259/8/251 268/8/251
f 237/8/252 230/8/124 236/8/253
f 223/9/126 221/10/126 222/11/126
f 221/10/127 223/9/127 222/11/127
f 224/8/201 226/8/201 225/8/201
f 225/8/202 226/8/202 224/8/202
f 228/5/130 227/7/130 220/6/130
f 230/8/254 229/8/254 236/8/254
f 229/8/255 237/8/204 235/8/256
f 237/8/257 234/8/257 232/8/257
f 236/8/207 235/8/207 233/8/207
f 232/8/258 235/8/138 237/8/259
f 246/8/260 248/8/261 247/8/142
f 244/8/143 248/8/262 245/8/263
f 241/8/146 245/8/147 243/8/148
f 239/8/149 247/8/150 248/8/151
f 245/8/215 242/8/215 243/8/215
f 245/8/264 246/8/264 242/8/264
f 247/8/265 240/8/155 249/8/156
f 248/8/266 240/8/158 239/8/159
f 241/8/267 246/8/268 244/8/269
f 252/8/270 255/8/271 253/8/272
f 257/8/225 252/8/225 251/8/225
f 256/8/273 257/8/274 258/8/275
f 253/8/170 257/8/170 251/8/170
f 257/8/276 254/8/276 258/8/276
f 258/8/277 254/8/277 250/8/277
f 254/8/278 255/8/174 256/8/230
f 265/8/279 269/8/279 270/8/279
f 257/8/177 253/8/177 254/8/177
f 266/8/178 265/8/178 267/8/178
f 265/8/179 270/8/179 259/8/179
f 268/8/280 262/8/236 270/8/281
f 260/8/183 268/8/282 259/8/283
f 260/8/240 270/8/284 262/8/241
f 268/8/285 270/8/285 269/8/285
f 267/8/190 265/8/190 269/8/190
f 265/8/243 259/8/243 269/8/243
f 273/1/286 272/2/286 271/3/286
f 273/1/287 271/4/287 272/2/287
f 282/5/288 274/6/288 281/7/288
f 283/8/289 289/8/289 290/8/289
f 290/8/290 287/8/290 288/8/290
f 290/8/291 288/8/291 291/8/291
f 303/8/292 298/8/292 301/8/292
f 301/8/293 298/8/293 300/8/293
f 312/8/294 304/8/294 310/8/294
f 310/8/295 304/8/295 308/8/295
f 323/8/296 318/8/296 321/8/296
f 317/8/297 316/8/297 315/8/297
f 317/8/298 314/8/298 316/8/298
f 317/8/299 315/8/299 314/8/299
f 323/8/300 313/8/300 322/8/300
f 291/8/301 284/8/302 290/8/303
f 277/9/304 275/10/304 276/11/304
f 275/10/305 277/9/305 276/11/305
f 278/8/306 280/8/306 279/8/306
f 279/8/307 280/8/307 278/8/307
f 282/5/308 281/7/308 274/6/308
f 284/8/309 283/8/309 290/8/309
f 283/8/310 291/8/311 289/8/312
f 291/8/313 288/8/313 286/8/313
f 290/8/314 289/8/314 287/8/314
f 286/8/315 289/8/316 291/8/317
f 300/8/318 302/8/319 301/8/320
f 298/8/321 302/8/322 299/8/323
f 295/8/324 299/8/325 297/8/326
f 293/8/327 301/8/328 302/8/329
f 299/8/330 296/8/330 297/8/330
f 299/8/331 300/8/331 296/8/331
f 301/8/332 294/8/333 303/8/334
f 302/8/335 294/8/336 293/8/337
f 295/8/338 300/8/339 298/8/340
f 306/8/341 309/8/342 307/8/343
f 311/8/344 306/8/344 305/8/344
f 310/8/345 311/8/346 312/8/347
f 307/8/348 311/8/348 305/8/348
f 311/8/349 308/8/349 312/8/349
f 312/8/350 308/8/350 304/8/350
f 308/8/351 309/8/352 310/8/353
f 319/8/354 323/8/354 324/8/354
f 311/8/355 307/8/355 308/8/355
f 320/8/356 319/8/356 321/8/356
f 319/8/357 324/8/357 313/8/357
f 322/8/358 316/8/359 324/8/360
f 314/8/361 322/8/362 313/8/363
f 314/8/364 324/8/365 316/8/366
f 322/8/367 324/8/367 323/8/367
f 321/8/368 319/8/368 323/8/368
f 319/8/369 313/8/369 323/8/369
f 327/1/286 326/2/286 325/3/286
f 327/1/287 325/4/287 326/2/287
f 336/5/288 328/6/288 335/7/288
f 337/8/370 343/8/370 344/8/370
f 344/8/371 341/8/371 342/8/371
f 344/8/372 342/8/372 345/8/372
f 357/8/373 352/8/373 355/8/373
f 355/8/374 352/8/374 354/8/374
f 366/8/294 358/8/294 364/8/294
f 364/8/375 358/8/375 362/8/375
f 377/8/296 372/8/296 375/8/296
f 371/8/376 370/8/376 369/8/376
f 371/8/377 368/8/377 370/8/377
f 371/8/378 369/8/378 368/8/378
f 377/8/379 367/8/379 376/8/379
f 345/8/380 338/8/302 344/8/303
f 331/9/381 329/10/381 330/11/381
f 329/10/305 331/9/305 330/11/305
f 332/8/306 334/8/306 333/8/306
f 333/8/382 334/8/382 332/8/382
f 336/5/308 335/7/308 328/6/308
f 338/8/383 337/8/383 344/8/383
f 337/8/384 345/8/385 343/8/386
f 345/8/387 342/8/387 340/8/387
f 344/8/388 343/8/388 341/8/388
f 340/8/389 343/8/390 345/8/391
f 354/8/392 356/8/393 355/8/394
f 352/8/321 356/8/322 353/8/323
f 349/8/395 353/8/325 351/8/396
f 347/8/397 355/8/328 356/8/398
f 353/8/399 350/8/399 351/8/399
f 353/8/400 354/8/400 350/8/400
f 355/8/401 348/8/402 357/8/403
f 356/8/335 348/8/404 347/8/405
f 349/8/406 354/8/407 352/8/408
f 360/8/341 363/8/409 361/8/343
f 365/8/410 360/8/410 359/8/410
f 364/8/411 365/8/346 366/8/412
f 361/8/348 365/8/348 359/8/348
f 365/8/413 362/8/413 366/8/413
f 366/8/350 362/8/350 358/8/350
f 362/8/414 363/8/352 364/8/415
f 373/8/416 377/8/416 378/8/416
f 365/8/355 361/8/355 362/8/355
f 374/8/356 373/8/356 375/8/356
f 373/8/417 378/8/417 367/8/417
f 376/8/358 370/8/418 378/8/360
f 368/8/361 376/8/362 367/8/363
f 368/8/419 378/8/420 370/8/421
f 376/8/422 378/8/422 377/8/422
f 375/8/423 373/8/423 377/8/423
f 373/8/369 367/8/369 377/8/369
f 381/1/424 380/2/424 379/3/424
f 381/1/425 379/4/425 380/2/425
f 390/5/426 382/6/426 389/7/426
f 391/8/427 397/8/427 398/8/427
f 398/8/428 395/8/428 396/8/428
f 398/8/429 396/8/429 399/8/429
f 411/8/430 406/8/430 409/8/430
f 409/8/431 406/8/431 408/8/431
f 420/8/432 412/8/432 418/8/432
f 418/8/433 412/8/433 416/8/433
f 431/8/434 426/8/434 429/8/434
f 425/8/435 424/8/435 423/8/435
f 425/8/436 422/8/436 424/8/436
f 425/8/437 423/8/437 422/8/437
f 431/8/438 421/8/438 430/8/438
f 399/8/439 392/8/440 398/8/441
f 385/9/442 383/10/442 384/11/442
f 383/10/443 385/9/443 384/11/443
f 386/8/444 388/8/444 387/8/444
f 387/8/445 388/8/445 386/8/445
f 390/5/446 389/7/446 382/6/446
f 392/8/447 391/8/447 398/8/447
f 391/8/448 399/8/449 397/8/450
f 399/8/451 396/8/451 394/8/451
f 398/8/452 397/8/452 395/8/452
f 394/8/453 397/8/454 399/8/455
f 408/8/456 410/8/457 409/8/458
f 406/8/459 410/8/460 407/8/461
f 403/8/462 407/8/463 405/8/464
f 401/8/465 409/8/466 410/8/467
f 407/8/468 404/8/468 405/8/468
f 407/8/469 408/8/469 404/8/469
f 409/8/470 402/8/471 411/8/472
f 410/8/473 402/8/474 401/8/475
f 403/8/476 408/8/477 406/8/478
f 414/8/479 417/8/480 415/8/481
f 419/8/482 414/8/482 413/8/482
f 418/8/483 419/8/484 420/8/485
f 415/8/486 419/8/486 413/8/486
f 419/8/487 416/8/487 420/8/487
f 420/8/488 416/8/488 412/8/488
f 416/8/489 417/8/490 418/8/491
f 427/8/492 431/8/492 432/8/492
f 419/8/493 415/8/493 416/8/493
f 428/8/494 427/8/494 429/8/494
f 427/8/495 432/8/495 421/8/495
f 430/8/496 424/8/497 432/8/498
f 422/8/499 430/8/500 421/8/501
f 422/8/502 432/8/503 424/8/504
f 430/8/505 432/8/505 431/8/505
f 429/8/506 427/8/506 431/8/506
f 427/8/507 421/8/507 431/8/507
f 435/1/508 434/2/508 433/3/508
f 435/1/509 433/4/509 434/2/509
f 444/5/426 436/6/426 443/7/426
f 445/8/510 451/8/510 452/8/510
f 452/8/511 449/8/511 450/8/511
f 452/8/512 450/8/512 453/8/512
f 465/8/430 460/8/430 463/8/430
f 463/8/513 460/8/513 462/8/513
f 474/8/514 466/8/514 472/8/514
f 472/8/515 466/8/515 470/8/515
f 485/8/434 480/8/434 483/8/434
f 479/8/516 478/8/516 477/8/516
f 479/8/517 476/8/517 478/8/517
f 479/8/518 477/8/518 476/8/518
f 485/8/519 475/8/519 484/8/519
f 453/8/439 446/8/520 452/8/441
f 439/9/521 437/10/521 438/11/521
f 437/10/522 439/9/522 438/11/522
f 440/8/523 442/8/523 441/8/523
f 441/8/445 442/8/445 440/8/445
f 444/5/446 443/7/446 436/6/446
f 446/8/524 445/8/524 452/8/524
f 445/8/525 453/8/526 451/8/527
f 453/8/528 450/8/528 448/8/528
f 452/8/529 451/8/529 449/8/529
f 448/8/530 451/8/531 453/8/532
f 462/8/533 464/8/534 463/8/535
f 460/8/536 464/8/460 461/8/537
f 457/8/538 461/8/539 459/8/540
f 455/8/541 463/8/542 464/8/543
f 461/8/544 458/8/544 459/8/544
f 461/8/545 462/8/545 458/8/545
f 463/8/546 456/8/547 465/8/548
f 464/8/549 456/8/474 455/8/550
f 457/8/551 462/8/552 460/8/553
f 468/8/554 471/8/555 469/8/556
f 473/8/557 468/8/557 467/8/557
f 472/8/558 473/8/559 474/8/560
f 469/8/486 473/8/486 467/8/486
f 473/8/561 470/8/561 474/8/561
f 474/8/488 470/8/488 466/8/488
f 470/8/562 471/8/563 472/8/564
f 481/8/565 485/8/565 486/8/565
f 473/8/493 469/8/493 470/8/493
f 482/8/566 481/8/566 483/8/566
f 481/8/567 486/8/567 475/8/567
f 484/8/568 478/8/569 486/8/570
f 476/8/571 484/8/572 475/8/573
f 476/8/574 486/8/575 478/8/504
f 484/8/576 486/8/576 485/8/576
f 483/8/577 481/8/577 485/8/577
f 481/8/578 475/8/578 485/8/578
f 489/1/508 488/2/508 487/3/508
f 489/1/509 487/4/509 488/2/509
f 498/5/426 490/6/426 497/7/426
f 499/8/579 505/8/579 506/8/579
f 506/8/580 503/8/580 504/8/580
f 506/8/512 504/8/512 507/8/512
f 519/8/430 514/8/430 517/8/430
f 517/8/581 514/8/581 516/8/581
f 528/8/582 520/8/582 526/8/582
f 526/8/583 520/8/583 524/8/583
f 539/8/584 534/8/584 537/8/584
f 533/8/585 532/8/585 531/8/585
f 533/8/436 530/8/436 532/8/436
f 533/8/586 531/8/586 530/8/586
f 539/8/587 529/8/587 538/8/587
f 507/8/588 500/8/589 506/8/590
f 493/9/442 491/10/442 492/11/442
f 491/10/443 493/9/443 492/11/443
f 494/8/591 496/8/591 495/8/591
f 495/8/592 496/8/592 494/8/592
f 498/5/446 497/7/446 490/6/446
f 500/8/593 499/8/593 506/8/593
f 499/8/594 507/8/595 505/8/596
f 507/8/597 504/8/597 502/8/597
f 506/8/598 505/8/598 503/8/598
f 502/8/599 505/8/600 507/8/601
f 516/8/456 518/8/602 517/8/603
f 514/8/604 518/8/605 515/8/606
f 511/8/607 515/8/539 513/8/540
f 509/8/608 517/8/609 518/8/610
f 515/8/611 512/8/611 513/8/611
f 515/8/612 516/8/612 512/8/612
f 517/8/613 510/8/614 519/8/615
f 518/8/616 510/8/617 509/8/618
f 511/8/619 516/8/552 514/8/553
f 522/8/554 525/8/620 523/8/556
f 527/8/621 522/8/621 521/8/621
f 526/8/558 527/8/622 528/8/560
f 523/8/623 527/8/623 521/8/623
f 527/8/624 524/8/624 528/8/624
f 528/8/488 524/8/488 520/8/488
f 524/8/562 525/8/563 526/8/625
f 535/8/626 539/8/626 540/8/626
f 527/8/493 523/8/493 524/8/493
f 536/8/627 535/8/627 537/8/627
f 535/8/628 540/8/628 529/8/628
f 538/8/629 532/8/630 540/8/631
f 530/8/632 538/8/633 529/8/634
f 530/8/635 540/8/503 532/8/636
f 538/8/637 540/8/637 539/8/637
f 537/8/577 535/8/577 539/8/577
f 535/8/578 529/8/578 539/8/578
f 543/1/108 542/2/108 541/3/108
f 543/1/109 541/4/109 542/2/109
f 552/5/638 544/6/638 551/7/638
f 553/8/192 559/8/192 560/8/192
f 560/8/639 557/8/639 558/8/639
f 560/8/193 558/8/193 561/8/193
f 573/8/114 568/8/114 571/8/114
f 571/8/640 568/8/640 570/8/640
f 582/8/641 574/8/641 580/8/641
f 580/8/642 574/8/642 578/8/642
f 593/8/118 588/8/118 591/8/118
f 587/8/119 586/8/119 585/8/119
f 587/8/197 584/8/197 586/8/197
f 587/8/198 585/8/198 584/8/198
f 593/8/643 583/8/643 592/8/643
f 561/8/123 554/8/124 560/8/253
f 547/9/126 545/10/126 546/11/126
f 545/10/644 547/9/644 546/11/644
f 548/8/645 550/8/645 549/8/645
f 549/8/646 550/8/646 548/8/646
f 552/5/647 551/7/647 544/6/647
f 554/8/254 553/8/254 560/8/254
f 553/8/132 561/8/648 559/8/256
f 561/8/649 558/8/649 556/8/649
f 560/8/207 559/8/207 557/8/207
f 556/8/650 559/8/138 561/8/139
f 570/8/140 572/8/261 571/8/142
f 568/8/651 572/8/144 569/8/652
f 565/8/653 569/8/654 567/8/655
f 563/8/149 571/8/150 572/8/151
f 569/8/656 566/8/656 567/8/656
f 569/8/657 570/8/657 566/8/657
f 571/8/154 564/8/155 573/8/217
f 572/8/658 564/8/659 563/8/660
f 565/8/267 570/8/661 568/8/662
f 576/8/163 579/8/223 577/8/165
f 581/8/225 576/8/225 575/8/225
f 580/8/226 581/8/663 582/8/228
f 577/8/170 581/8/170 575/8/170
f 581/8/171 578/8/171 582/8/171
f 582/8/664 578/8/664 574/8/664
f 578/8/173 579/8/174 580/8/665
f 589/8/666 593/8/666 594/8/666
f 581/8/177 577/8/177 578/8/177
f 590/8/667 589/8/667 591/8/667
f 589/8/668 594/8/668 583/8/668
f 592/8/669 586/8/236 594/8/670
f 584/8/671 592/8/672 583/8/283
f 584/8/186 594/8/673 586/8/674
f 592/8/189 594/8/189 593/8/189
f 591/8/190 589/8/190 593/8/190
f 589/8/675 583/8/675 593/8/675
f 597/1/676 596/2/676 595/3/676
f 597/1/677 595/4/677 596/2/677
f 606/5/678 598/6/678 605/7/678
f 607/8/679 613/8/679 614/8/679
f 614/8/680 611/8/680 612/8/680
f 614/8/681 612/8/681 615/8/681
f 627/8/682 622/8/682 625/8/682
f 625/8/683 622/8/683 624/8/683
f 636/8/684 628/8/684 634/8/684
f 634/8/685 628/8/685 632/8/685
f 647/8/686 642/8/686 645/8/686
f 641/8/687 640/8/687 639/8/687
f 641/8/688 638/8/688 640/8/688
f 641/8/689 639/8/689 638/8/689
f 647/8/690 637/8/690 646/8/690
f 615/8/691 608/8/692 614/8/693
f 601/9/694 599/10/694 600/11/694
f 599/10/695 601/9/695 600/11/695
f 602/8/696 604/8/696 603/8/696
f 603/8/697 604/8/697 602/8/697
f 606/5/698 605/7/698 598/6/698
f 608/8/699 607/8/699 614/8/699
f 607/8/700 615/8/701 613/8/702
f 615/8/703 612/8/703 610/8/703
f 614/8/704 613/8/704 611/8/704
f 610/8/705 613/8/706 615/8/707
f 624/8/708 626/8/709 625/8/710
f 622/8/711 626/8/712 623/8/713
f 619/8/714 623/8/715 621/8/716
f 617/8/717 625/8/718 626/8/719
f 623/8/720 620/8/720 621/8/720
f 623/8/721 624/8/721 620/8/721
f 625/8/722 618/8/723 627/8/724
f 626/8/725 618/8/726 617/8/727
f 619/8/728 624/8/729 622/8/730
f 630/8/731 633/8/732 631/8/733
f 635/8/734 630/8/734 629/8/734
f 634/8/735 635/8/736 636/8/737
f 631/8/738 635/8/738 629/8/738
f 635/8/739 632/8/739 636/8/739
f 636/8/740 632/8/740 628/8/740
f 632/8/741 633/8/742 634/8/743
f 643/8/744 647/8/744 648/8/744
f 635/8/745 631/8/745 632/8/745
f 644/8/746 643/8/746 645/8/746
f 643/8/747 648/8/747 637/8/747
f 646/8/748 640/8/749 648/8/750
f 638/8/751 646/8/752 637/8/753
f 638/8/754 648/8/755 640/8/756
f 646/8/757 648/8/757 647/8/757
f 645/8/758 643/8/758 647/8/758
f 643/8/759 637/8/759 647/8/759
f 651/1/760 650/2/760 649/3/760
f 651/1/761 649/4/761 650/2/761
f 660/5/762 652/6/762 659/7/762
f 661/8/763 667/8/763 668/8/763
f 668/8/764 665/8/764 666/8/764
f 668/8/765 666/8/765 669/8/765
f 681/8/766 676/8/766 679/8/766
f 679/8/767 676/8/767 678/8/767
f 690/8/768 682/8/768 688/8/768
f 688/8/769 682/8/769 686/8/769
f 701/8/770 696/8/770 699/8/770
f 695/8/771 694/8/771 693/8/771
f 695/8/772 692/8/772 694/8/772
f 695/8/773 693/8/773 692/8/773
f 701/8/774 691/8/774 700/8/774
f 669/8/775 662/8/776 668/8/777
f 655/9/778 653/10/778 654/11/778
f 653/10/779 655/9/779 654/11/779
f 656/8/780 658/8/780 657/8/780
f 657/8/781 658/8/781 656/8/781
f 660/5/782 659/7/782 652/6/782
f 662/8/783 661/8/783 668/8/783
f 661/8/784 669/8/785 667/8/786
f 669/8/787 666/8/787 664/8/787
f 668/8/788 667/8/788 665/8/788
f 664/8/789 667/8/790 669/8/791
f 678/8/792 680/8/793 679/8/794
f 676/8/795 680/8/796 677/8/797
f 673/8/798 677/8/799 675/8/800
f 671/8/801 679/8/802 680/8/803
f 677/8/804 674/8/804 675/8/804
f 677/8/805 678/8/805 674/8/805
f 679/8/806 672/8/807 681/8/808
f 680/8/809 672/8/810 671/8/811
f 673/8/812 678/8/813 676/8/814
f 684/8/815 687/8/816 685/8/817
f 689/8/818 684/8/818 683/8/818
f 688/8/819 689/8/820 690/8/821
f 685/8/822 689/8/822 683/8/822
f 689/8/823 686/8/823 690/8/823
f 690/8/824 686/8/824 682/8/824
f 686/8/825 687/8/826 688/8/827
f 697/8/828 701/8/828 702/8/828
f 689/8/829 685/8/829 686/8/829
f 698/8/830 697/8/830 699/8/830
f 697/8/831 702/8/831 691/8/831
f 700/8/832 694/8/833 702/8/834
f 692/8/835 700/8/836 691/8/837
f 692/8/838 702/8/839 694/8/840
f 700/8/841 702/8/841 701/8/841
f 699/8/842 697/8/842 701/8/842
f 697/8/843 691/8/843 701/8/843
f 705/1/760 704/2/760 703/3/760
f 705/1/761 703/4/761 704/2/761
f 714/5/762 706/6/762 713/7/762
f 715/8/763 721/8/763 722/8/763
f 722/8/764 719/8/764 720/8/764
f 722/8/844 720/8/844 723/8/844
f 735/8/845 730/8/845 733/8/845
f 733/8/846 730/8/846 732/8/846
f 744/8/768 736/8/768 742/8/768
f 742/8/769 736/8/769 740/8/769
f 755/8/847 750/8/847 753/8/847
f 749/8/848 748/8/848 747/8/848
f 749/8/849 746/8/849 748/8/849
f 749/8/850 747/8/850 746/8/850
f 755/8/851 745/8/851 754/8/851
f 723/8/775 716/8/776 722/8/777
f 709/9/852 707/10/852 708/11/852
f 707/10/853 709/9/853 708/11/853
f 710/8/780 712/8/780 711/8/780
f 711/8/781 712/8/781 710/8/781
f 714/5/782 713/7/782 706/6/782
f 716/8/854 715/8/854 722/8/854
f 715/8/855 723/8/856 721/8/857
f 723/8/858 720/8/858 718/8/858
f 722/8/859 721/8/859 719/8/859
f 718/8/860 721/8/790 723/8/791
f 732/8/861 734/8/862 733/8/794
f 730/8/863 734/8/796 731/8/864
f 727/8/865 731/8/866 729/8/867
f 725/8/868 733/8/802 734/8/869
f 731/8/870 728/8/870 729/8/870
f 731/8/805 732/8/805 728/8/805
f 733/8/806 726/8/871 735/8/872
f 734/8/873 726/8/810 725/8/811
f 727/8/812 732/8/874 730/8/875
f 738/8/876 741/8/877 739/8/878
f 743/8/818 738/8/818 737/8/818
f 742/8/819 743/8/879 744/8/821
f 739/8/822 743/8/822 737/8/822
f 743/8/880 740/8/880 744/8/880
f 744/8/824 740/8/824 736/8/824
f 740/8/881 741/8/826 742/8/882
f 751/8/883 755/8/883 756/8/883
f 743/8/829 739/8/829 740/8/829
f 752/8/830 751/8/830 753/8/830
f 751/8/831 756/8/831 745/8/831
f 754/8/884 748/8/885 756/8/886
f 746/8/835 754/8/836 745/8/837
f 746/8/838 756/8/887 748/8/840
f 754/8/888 756/8/888 755/8/888
f 753/8/889 751/8/889 755/8/889
f 751/8/843 745/8/843 755/8/843
f 759/1/890 758/2/890 757/3/890
f 759/1/891 757/4/891 758/2/891
f 768/5/762 760/6/762 767/7/762
f 769/8/892 775/8/892 776/8/892
f 776/8/893 773/8/893 774/8/893
f 776/8/894 774/8/894 777/8/894
f 789/8/766 784/8/766 787/8/766
f 787/8/895 784/8/895 786/8/895
f 798/8/896 790/8/896 796/8/896
f 796/8/897 790/8/897 794/8/897
f 809/8/847 804/8/847 807/8/847
f 803/8/848 802/8/848 801/8/848
f 803/8/898 800/8/898 802/8/898
f 803/8/899 801/8/899 800/8/899
f 809/8/774 799/8/774 808/8/774
f 777/8/775 770/8/900 776/8/901
f 763/9/902 761/10/902 762/11/902
f 761/10/903 763/9/903 762/11/903
f 764/8/780 766/8/780 765/8/780
f 765/8/781 766/8/781 764/8/781
f 768/5/782 767/7/782 760/6/782
f 770/8/904 769/8/904 776/8/904
f 769/8/855 777/8/785 775/8/786
f 777/8/858 774/8/858 772/8/858
f 776/8/905 775/8/905 773/8/905
f 772/8/906 775/8/907 777/8/908
f 786/8/861 788/8/909 787/8/910
f 784/8/911 788/8/796 785/8/912
f 781/8/913 785/8/866 783/8/914
f 779/8/915 787/8/916 788/8/917
f 785/8/870 782/8/870 783/8/870
f 785/8/918 786/8/918 782/8/918
f 787/8/806 780/8/807 789/8/872
f 788/8/919 780/8/810 779/8/811
f 781/8/812 786/8/813 784/8/920
f 792/8/876 795/8/877 793/8/878
f 797/8/921 792/8/921 791/8/921
f 796/8/922 797/8/923 798/8/924
f 793/8/822 797/8/822 791/8/822
f 797/8/925 794/8/925 798/8/925
f 798/8/926 794/8/926 790/8/926
f 794/8/927 795/8/826 796/8/928
f 805/8/929 809/8/929 810/8/929
f 797/8/930 793/8/930 794/8/930
f 806/8/931 805/8/931 807/8/931
f 805/8/932 810/8/932 799/8/932
f 808/8/933 802/8/934 810/8/834
f 800/8/935 808/8/836 799/8/837
f 800/8/936 810/8/937 802/8/938
f 808/8/939 810/8/939 809/8/939
f 807/8/842 805/8/842 809/8/842
f 805/8/843 799/8/843 809/8/843
f 813/1/760 812/2/760 811/3/760
f 813/1/761 811/4/761 812/2/761
f 822/5/762 814/6/762 821/7/762
f 823/8/763 829/8/763 830/8/763
f 830/8/940 827/8/940 828/8/940
f 830/8/844 828/8/844 831/8/844
f 843/8/941 838/8/941 841/8/941
f 841/8/895 838/8/895 840/8/895
f 852/8/768 844/8/768 850/8/768
f 850/8/897 844/8/897 848/8/897
f 863/8/847 858/8/847 861/8/847
f 857/8/942 856/8/942 855/8/942
f 857/8/898 854/8/898 856/8/898
f 857/8/943 855/8/943 854/8/943
f 863/8/774 853/8/774 862/8/774
f 831/8/775 824/8/776 830/8/901
f 817/9/852 815/10/852 816/11/852
f 815/10/903 817/9/903 816/11/903
f 818/8/780 820/8/780 819/8/780
f 819/8/781 820/8/781 818/8/781
f 822/5/782 821/7/782 814/6/782
f 824/8/944 823/8/944 830/8/944
f 823/8/855 831/8/785 829/8/786
f 831/8/945 828/8/945 826/8/945
f 830/8/905 829/8/905 827/8/905
f 826/8/946 829/8/907 831/8/908
f 840/8/947 842/8/909 841/8/910
f 838/8/911 842/8/796 839/8/912
f 835/8/948 839/8/866 837/8/914
f 833/8/801 841/8/949 842/8/917
f 839/8/950 836/8/950 837/8/950
f 839/8/951 840/8/951 836/8/951
f 841/8/806 834/8/952 843/8/872
f 842/8/953 834/8/954 833/8/955
f 835/8/812 840/8/813 838/8/920
f 846/8/815 849/8/956 847/8/878
f 851/8/957 846/8/957 845/8/957
f 850/8/922 851/8/820 852/8/924
f 847/8/822 851/8/822 845/8/822
f 851/8/880 848/8/880 852/8/880
f 852/8/958 848/8/958 844/8/958
f 848/8/959 849/8/960 850/8/961
f 859/8/962 863/8/962 864/8/962
f 851/8/829 847/8/829 848/8/829
f 860/8/830 859/8/830 861/8/830
f 859/8/831 864/8/831 853/8/831
f 862/8/933 856/8/885 864/8/834
f 854/8/935 862/8/836 853/8/837
f 854/8/936 864/8/937 856/8/938
f 862/8/963 864/8/963 863/8/963
f 861/8/842 859/8/842 863/8/842
f 859/8/964 853/8/964 863/8/964
f 867/1/760 866/2/760 865/3/760
f 867/1/761 865/4/761 866/2/761
f 876/5/762 868/6/762 875/7/762
f 877/8/965 883/8/965 884/8/965
f 884/8/966 881/8/966 882/8/966
f 884/8/894 882/8/894 885/8/894
f 897/8/967 892/8/967 895/8/967
f 895/8/895 892/8/895 894/8/895
f 906/8/896 898/8/896 904/8/896
f 904/8/897 898/8/897 902/8/897
f 917/8/847 912/8/847 915/8/847
f 911/8/968 910/8/968 909/8/968
f 911/8/969 908/8/969 910/8/969
f 911/8/850 909/8/850 908/8/850
f 917/8/774 907/8/774 916/8/774
f 885/8/775 878/8/900 884/8/901
f 871/9/902 869/10/902 870/11/902
f 869/10/903 871/9/903 870/11/903
f 872/8/780 874/8/780 873/8/780
f 873/8/781 874/8/781 872/8/781
f 876/5/782 875/7/782 868/6/782
f 878/8/944 877/8/944 884/8/944
f 877/8/855 885/8/785 883/8/786
f 885/8/970 882/8/970 880/8/970
f 884/8/971 883/8/971 881/8/971
f 880/8/972 883/8/907 885/8/973
f 894/8/861 896/8/909 895/8/910
f 892/8/974 896/8/796 893/8/864
f 889/8/975 893/8/866 891/8/976
f 887/8/915 895/8/916 896/8/917
f 893/8/870 890/8/870 891/8/870
f 893/8/918 894/8/918 890/8/918
f 895/8/977 888/8/807 897/8/978
f 896/8/953 888/8/954 887/8/955
f 889/8/812 894/8/813 892/8/875
f 900/8/815 903/8/877 901/8/817
f 905/8/979 900/8/979 899/8/979
f 904/8/922 905/8/879 906/8/924
f 901/8/822 905/8/822 899/8/822
f 905/8/980 902/8/980 906/8/980
f 906/8/824 902/8/824 898/8/824
f 902/8/981 903/8/960 904/8/928
f 913/8/982 917/8/982 918/8/982
f 905/8/829 901/8/829 902/8/829
f 914/8/830 913/8/830 915/8/830
f 913/8/831 918/8/831 907/8/831
f 916/8/933 910/8/983 918/8/834
f 908/8/835 916/8/836 907/8/837
f 908/8/838 918/8/887 910/8/984
f 916/8/841 918/8/841 917/8/841
f 915/8/985 913/8/985 917/8/985
f 913/8/843 907/8/843 917/8/843
f 921/1/760 920/2/760 919/3/760
f 921/1/761 919/4/761 920/2/761
f 930/5/762 922/6/762 929/7/762
f 931/8/965 937/8/965 938/8/965
f 938/8/986 935/8/986 936/8/986
f 938/8/894 936/8/894 939/8/894
f 951/8/967 946/8/967 949/8/967
f 949/8/895 946/8/895 948/8/895
f 960/8/768 952/8/768 958/8/768
f 958/8/987 952/8/987 956/8/987
f 971/8/847 966/8/847 969/8/847
f 965/8/968 964/8/968 963/8/968
f 965/8/849 962/8/849 964/8/849
f 965/8/899 963/8/899 962/8/899
f 971/8/851 961/8/851 970/8/851
f 939/8/775 932/8/776 938/8/901
f 925/9/902 923/10/902 924/11/902
f 923/10/903 925/9/903 924/11/903
f 926/8/780 928/8/780 927/8/780
f 927/8/781 928/8/781 926/8/781
f 930/5/782 929/7/782 922/6/782
f 932/8/944 931/8/944 938/8/944
f 931/8/855 939/8/785 937/8/786
f 939/8/988 936/8/988 934/8/988
f 938/8/905 937/8/905 935/8/905
f 934/8/972 937/8/790 939/8/791
f 948/8/947 950/8/989 949/8/990
f 946/8/911 950/8/796 947/8/912
f 943/8/991 947/8/799 945/8/914
f 941/8/801 949/8/992 950/8/993
f 947/8/950 944/8/950 945/8/950
f 947/8/918 948/8/918 944/8/918
f 949/8/806 942/8/871 951/8/872
f 950/8/953 942/8/810 941/8/811
f 943/8/812 948/8/813 946/8/875
f 954/8/815 957/8/956 955/8/878
f 959/8/921 954/8/921 953/8/921
f 958/8/819 959/8/879 960/8/821
f 955/8/822 959/8/822 953/8/822
f 959/8/980 956/8/980 960/8/980
f 960/8/824 956/8/824 952/8/824
f 956/8/959 957/8/826 958/8/961
f 967/8/929 971/8/929 972/8/929
f 959/8/829 955/8/829 956/8/829
f 968/8/830 967/8/830 969/8/830
f 967/8/831 972/8/831 961/8/831
f 970/8/933 964/8/983 972/8/834
f 962/8/835 970/8/836 961/8/837
f 962/8/936 972/8/937 964/8/938
f 970/8/888 972/8/888 971/8/888
f 969/8/842 967/8/842 971/8/842
f 967/8/843 961/8/843 971/8/843
f 975/1/760 974/2/760 973/3/760
f 975/1/761 973/4/761 974/2/761
f 984/5/762 976/6/762 983/7/762
f 985/8/763 991/8/763 992/8/763
f 992/8/994 989/8/994 990/8/994
f 992/8/995 990/8/995 993/8/995
f 1005/8/967 1000/8/967 1003/8/967
f 1003/8/767 1000/8/767 1002/8/767
f 1014/8/768 1006/8/768 1012/8/768
f 1012/8/987 1006/8/987 1010/8/987
f 1025/8/770 1020/8/770 1023/8/770
f 1019/8/771 1018/8/771 1017/8/771
f 1019/8/898 1016/8/898 1018/8/898
f 1019/8/943 1017/8/943 1016/8/943
f 1025/8/851 1015/8/851 1024/8/851
f 993/8/775 986/8/776 992/8/777
f 979/9/852 977/10/852 978/11/852
f 977/10/853 979/9/853 978/11/853
f 980/8/780 982/8/780 981/8/780
f 981/8/781 982/8/781 980/8/781
f 984/5/782 983/7/782 976/6/782
f 986/8/944 985/8/944 992/8/944
f 985/8/784 993/8/856 991/8/996
f 993/8/997 990/8/997 988/8/997
f 992/8/998 991/8/998 989/8/998
f 988/8/999 991/8/907 993/8/791
f 1002/8/861 1004/8/862 1003/8/794
f 1000/8/863 1004/8/796 1001/8/864
f 997/8/991 1001/8/799 999/8/867
f 995/8/868 1003/8/802 1004/8/1000
f 1001/8/804 998/8/804 999/8/804
f 1001/8/1001 1002/8/1001 998/8/1001
f 1003/8/806 996/8/807 1005/8/1002
f 1004/8/809 996/8/954 995/8/955
f 997/8/812 1002/8/874 1000/8/875
f 1008/8/815 1011/8/1003 1009/8/878
f 1013/8/818 1008/8/818 1007/8/818
f 1012/8/922 1013/8/879 1014/8/924
f 1009/8/822 1013/8/822 1007/8/822
f 1013/8/880 1010/8/880 1014/8/880
f 1014/8/824 1010/8/824 1006/8/824
f 1010/8/981 1011/8/960 1012/8/928
f 1021/8/828 1025/8/828 1026/8/828
f 1013/8/829 1009/8/829 1010/8/829
f 1022/8/1004 1021/8/1004 1023/8/1004
f 1021/8/831 1026/8/831 1015/8/831
f 1024/8/1005 1018/8/833 1026/8/1006
f 1016/8/835 1024/8/836 1015/8/837
f 1016/8/936 1026/8/887 1018/8/938
f 1024/8/888 1026/8/888 1025/8/888
f 1023/8/985 1021/8/985 1025/8/985
f 1021/8/843 1015/8/843 1025/8/843
f 1029/1/676 1028/2/676 1027/3/676
f 1029/1/677 1027/4/677 1028/2/677
f 1038/5/678 1030/6/678 1037/7/678
f 1039/8/1007 1045/8/1007 1046/8/1007
f 1046/8/1008 1043/8/1008 1044/8/1008
f 1046/8/681 1044/8/681 1047/8/681
f 1059/8/682 1054/8/682 1057/8/682
f 1057/8/683 1054/8/683 1056/8/683
f 1068/8/684 1060/8/684 1066/8/684
f 1066/8/1009 1060/8/1009 1064/8/1009
f 1079/8/686 1074/8/686 1077/8/686
f 1073/8/1010 1072/8/1010 1071/8/1010
f 1073/8/1011 1070/8/1011 1072/8/1011
f 1073/8/1012 1071/8/1012 1070/8/1012
f 1079/8/1013 1069/8/1013 1078/8/1013
f 1047/8/1014 1040/8/1015 1046/8/1016
f 1033/9/1017 1031/10/1017 1032/11/1017
f 1031/10/695 1033/9/695 1032/11/695
f 1034/8/696 1036/8/696 1035/8/696
f 1035/8/697 1036/8/697 1034/8/697
f 1038/5/698 1037/7/698 1030/6/698
f 1040/8/1018 1039/8/1018 1046/8/1018
f 1039/8/1019 1047/8/701 1045/8/1020
f 1047/8/1021 1044/8/1021 1042/8/1021
f 1046/8/1022 1045/8/1022 1043/8/1022
f 1042/8/1023 1045/8/1024 1047/8/1025
f 1056/8/1026 1058/8/1027 1057/8/710
f 1054/8/1028 1058/8/1029 1055/8/1030
f 1051/8/714 1055/8/1031 1053/8/716
f 1049/8/1032 1057/8/1033 1058/8/1034
f 1055/8/1035 1052/8/1035 1053/8/1035
f 1055/8/1036 1056/8/1036 1052/8/1036
f 1057/8/1037 1050/8/723 1059/8/1038
f 1058/8/1039 1050/8/1040 1049/8/1041
f 1051/8/1042 1056/8/1043 1054/8/1044
f 1062/8/731 1065/8/1045 1063/8/733
f 1067/8/734 1062/8/734 1061/8/734
f 1066/8/1046 1067/8/1047 1068/8/1048
f 1063/8/1049 1067/8/1049 1061/8/1049
f 1067/8/1050 1064/8/1050 1068/8/1050
f 1068/8/1051 1064/8/1051 1060/8/1051
f 1064/8/1052 1065/8/742 1066/8/1053
f 1075/8/1054 1079/8/1054 1080/8/1054
f 1067/8/745 1063/8/745 1064/8/745
f 1076/8/1055 1075/8/1055 1077/8/1055
f 1075/8/1056 1080/8/1056 1069/8/1056
f 1078/8/1057 1072/8/1058 1080/8/750
f 1070/8/1059 1078/8/1060 1069/8/1061
f 1070/8/754 1080/8/1062 1072/8/1063
f 1078/8/1064 1080/8/1064 1079/8/1064
f 1077/8/758 1075/8/758 1079/8/758
f 1075/8/1065 1069/8/1065 1079/8/1065
f 1083/1/1066 1082/2/1066 1081/3/1066
f 1083/1/1067 1081/4/1067 1082/2/1067
f 1092/5/1068 1084/6/1068 1091/7/1068
f 1093/8/1069 1099/8/1069 1100/8/1069
f 1100/8/1070 1097/8/1070 1098/8/1070
f 1100/8/1071 1098/8/1071 1101/8/1071
f 1113/8/1072 1108/8/1072 1111/8/1072
f 1111/8/1073 1108/8/1073 1110/8/1073
f 1122/8/1074 1114/8/1074 1120/8/1074
f 1120/8/1075 1114/8/1075 1118/8/1075
f 1133/8/1076 1128/8/1076 1131/8/1076
f 1127/8/1077 1126/8/1077 1125/8/1077
f 1127/8/1078 1124/8/1078 1126/8/1078
f 1127/8/1079 1125/8/1079 1124/8/1079
f 1133/8/1080 1123/8/1080 1132/8/1080
f 1101/8/1081 1094/8/1082 1100/8/1083
f 1087/9/1084 1085/10/1084 1086/11/1084
f 1085/10/1085 1087/9/1085 1086/11/1085
f 1088/8/1086 1090/8/1086 1089/8/1086
f 1089/8/1087 1090/8/1087 1088/8/1087
f 1092/5/1088 1091/7/1088 1084/6/1088
f 1094/8/1089 1093/8/1089 1100/8/1089
f 1093/8/1090 1101/8/1091 1099/8/1092
f 1101/8/1093 1098/8/1093 1096/8/1093
f 1100/8/1094 1099/8/1094 1097/8/1094
f 1096/8/1095 1099/8/1096 1101/8/1097
f 1110/8/1098 1112/8/1099 1111/8/1100
f 1108/8/1101 1112/8/1102 1109/8/1103
f 1105/8/1104 1109/8/1105 1107/8/1106
f 1103/8/1107 1111/8/1108 1112/8/1109
f 1109/8/1110 1106/8/1110 1107/8/1110
f 1109/8/1111 1110/8/1111 1106/8/1111
f 1111/8/1112 1104/8/1113 1113/8/1114
f 1112/8/1115 1104/8/1116 1103/8/1117
f 1105/8/1118 1110/8/1119 1108/8/1120
f 1116/8/1121 1119/8/1122 1117/8/1123
f 1121/8/1124 1116/8/1124 1115/8/1124
f 1120/8/1125 1121/8/1126 1122/8/1127
f 1117/8/1128 1121/8/1128 1115/8/1128
f 1121/8/1129 1118/8/1129 1122/8/1129
f 1122/8/1130 1118/8/1130 1114/8/1130
f 1118/8/1131 1119/8/1132 1120/8/1133
f 1129/8/1134 1133/8/1134 1134/8/1134
f 1121/8/1135 1117/8/1135 1118/8/1135
f 1130/8/1136 1129/8/1136 1131/8/1136
f 1129/8/1137 1134/8/1137 1123/8/1137
f 1132/8/1138 1126/8/1139 1134/8/1140
f 1124/8/1141 1132/8/1142 1123/8/1143
f 1124/8/1144 1134/8/1145 1126/8/1146
f 1132/8/1147 1134/8/1147 1133/8/1147
f 1131/8/1148 1129/8/1148 1133/8/1148
f 1129/8/1149 1123/8/1149 1133/8/1149
f 1137/1/1150 1136/2/1150 1135/3/1150
f 1137/1/1151 1135/4/1151 1136/2/1151
f 1146/5/1152 1138/6/1152 1145/7/1152
f 1147/8/1153 1153/8/1153 1154/8/1153
f 1154/8/1154 1151/8/1154 1152/8/1154
f 1154/8/1155 1152/8/1155 1155/8/1155
f 1167/8/1156 1162/8/1156 1165/8/1156
f 1165/8/1157 1162/8/1157 1164/8/1157
f 1176/8/1158 1168/8/1158 1174/8/1158
f 1174/8/1159 1168/8/1159 1172/8/1159
f 1187/8/1160 1182/8/1160 1185/8/1160
f 1181/8/1161 1180/8/1161 1179/8/1161
f 1181/8/1162 1178/8/1162 1180/8/1162
f 1181/8/1163 1179/8/1163 1178/8/1163
f 1187/8/1164 1177/8/1164 1186/8/1164
f 1155/8/1165 1148/8/1166 1154/8/1167
f 1141/9/1168 1139/10/1168 1140/11/1168
f 1139/10/1169 1141/9/1169 1140/11/1169
f 1142/8/1170 1144/8/1170 1143/8/1170
f 1143/8/1171 1144/8/1171 1142/8/1171
f 1146/5/1172 1145/7/1172 1138/6/1172
f 1148/8/1173 1147/8/1173 1154/8/1173
f 1147/8/1174 1155/8/1175 1153/8/1176
f 1155/8/1177 1152/8/1177 1150/8/1177
f 1154/8/1178 1153/8/1178 1151/8/1178
f 1150/8/1179 1153/8/1180 1155/8/1181
f 1164/8/1182 1166/8/1183 1165/8/1184
f 1162/8/1185 1166/8/1186 1163/8/1187
f 1159/8/1188 1163/8/1189 1161/8/1190
f 1157/8/1191 1165/8/1192 1166/8/1193
f 1163/8/1194 1160/8/1194 1161/8/1194
f 1163/8/1195 1164/8/1195 1160/8/1195
f 1165/8/1196 1158/8/1197 1167/8/1198
f 1166/8/1199 1158/8/1200 1157/8/1201
f 1159/8/1202 1164/8/1203 1162/8/1204
f 1170/8/1205 1173/8/1206 1171/8/1207
f 1175/8/1208 1170/8/1208 1169/8/1208
f 1174/8/1209 1175/8/1210 1176/8/1211
f 1171/8/1212 1175/8/1212 1169/8/1212
f 1175/8/1213 1172/8/1213 1176/8/1213
f 1176/8/1214 1172/8/1214 1168/8/1214
f 1172/8/1215 1173/8/1216 1174/8/1217
f 1183/8/1218 1187/8/1218 1188/8/1218
f 1175/8/1219 1171/8/1219 1172/8/1219
f 1184/8/1220 1183/8/1220 1185/8/1220
f 1183/8/1221 1188/8/1221 1177/8/1221
f 1186/8/1222 1180/8/1223 1188/8/1224
f 1178/8/1225 1186/8/1226 1177/8/1227
f 1178/8/1228 1188/8/1229 1180/8/1230
f 1186/8/1231 1188/8/1231 1187/8/1231
f 1185/8/1232 1183/8/1232 1187/8/1232
f 1183/8/1233 1177/8/1233 1187/8/1233
f 1191/1/1150 1190/2/1150 1189/3/1150
f 1191/1/1151 1189/4/1151 1190/2/1151
f 1200/5/1152 1192/6/1152 1199/7/1152
f 1201/8/1153 1207/8/1153 1208/8/1153
f 1208/8/1234 1205/8/1234 1206/8/1234
f 1208/8/1235 1206/8/1235 1209/8/1235
f 1221/8/1156 1216/8/1156 1219/8/1156
f 1219/8/1236 1216/8/1236 1218/8/1236
f 1230/8/1158 1222/8/1158 1228/8/1158
f 1228/8/1159 1222/8/1159 1226/8/1159
f 1241/8/1160 1236/8/1160 1239/8/1160
f 1235/8/1237 1234/8/1237 1233/8/1237
f 1235/8/1238 1232/8/1238 1234/8/1238
f 1235/8/1239 1233/8/1239 1232/8/1239
f 1241/8/1164 1231/8/1164 1240/8/1164
f 1209/8/1240 1202/8/1241 1208/8/1242
f 1195/9/1168 1193/10/1168 1194/11/1168
f 1193/10/1169 1195/9/1169 1194/11/1169
f 1196/8/1243 1198/8/1243 1197/8/1243
f 1197/8/1171 1198/8/1171 1196/8/1171
f 1200/5/1172 1199/7/1172 1192/6/1172
f 1202/8/1244 1201/8/1244 1208/8/1244
f 1201/8/1174 1209/8/1175 1207/8/1245
f 1209/8/1246 1206/8/1246 1204/8/1246
f 1208/8/1247 1207/8/1247 1205/8/1247
f 1204/8/1248 1207/8/1249 1209/8/1250
f 1218/8/1182 1220/8/1251 1219/8/1252
f 1216/8/1253 1220/8/1254 1217/8/1255
f 1213/8/1188 1217/8/1189 1215/8/1256
f 1211/8/1191 1219/8/1257 1220/8/1258
f 1217/8/1259 1214/8/1259 1215/8/1259
f 1217/8/1195 1218/8/1195 1214/8/1195
f 1219/8/1260 1212/8/1261 1221/8/1262
f 1220/8/1199 1212/8/1263 1211/8/1264
f 1213/8/1265 1218/8/1266 1216/8/1267
f 1224/8/1268 1227/8/1206 1225/8/1269
f 1229/8/1208 1224/8/1208 1223/8/1208
f 1228/8/1209 1229/8/1270 1230/8/1211
f 1225/8/1212 1229/8/1212 1223/8/1212
f 1229/8/1271 1226/8/1271 1230/8/1271
f 1230/8/1272 1226/8/1272 1222/8/1272
f 1226/8/1273 1227/8/1216 1228/8/1217
f 1237/8/1274 1241/8/1274 1242/8/1274
f 1229/8/1219 1225/8/1219 1226/8/1219
f 1238/8/1220 1237/8/1220 1239/8/1220
f 1237/8/1275 1242/8/1275 1231/8/1275
f 1240/8/1276 1234/8/1223 1242/8/1277
f 1232/8/1225 1240/8/1226 1231/8/1278
f 1232/8/1279 1242/8/1280 1234/8/1281
f 1240/8/1282 1242/8/1282 1241/8/1282
f 1239/8/1283 1237/8/1283 1241/8/1283
f 1237/8/1284 1231/8/1284 1241/8/1284
f 21/8/16 15/8/1285 14/8/17
f 13/8/25 15/8/1286 21/8/26
f 16/8/30 17/8/1287 19/8/31
f 30/8/33 29/8/1288 32/8/34
f 28/8/36 33/8/1289 32/8/37
f 25/8/39 28/8/1290 29/8/40
f 23/8/42 22/8/1291 31/8/43
f 31/8/47 22/8/1292 24/8/48
f 32/8/50 33/8/1293 24/8/51
f 25/8/53 26/8/1294 30/8/54
f 36/8/56 41/8/1295 39/8/57
f 40/8/60 39/8/1296 41/8/61
f 38/8/66 37/8/1297 39/8/67
f 49/8/1298 48/8/1298 53/8/1298
f 51/8/1299 48/8/1299 49/8/1299
f 52/8/73 45/8/1300 46/8/74
f 44/8/76 45/8/1301 52/8/77
f 44/8/79 43/8/1302 54/8/80
f 75/8/16 69/8/1285 68/8/17
f 67/8/25 69/8/1286 75/8/26
f 70/8/93 71/8/1303 73/8/31
f 84/8/33 83/8/1288 86/8/95
f 82/8/36 87/8/1289 86/8/37
f 79/8/39 82/8/1290 83/8/40
f 77/8/98 76/8/1291 85/8/43
f 85/8/47 76/8/1292 78/8/48
f 86/8/50 87/8/1293 78/8/51
f 79/8/53 80/8/1294 84/8/54
f 90/8/101 95/8/1295 93/8/57
f 94/8/60 93/8/1296 95/8/102
f 92/8/66 91/8/1304 93/8/67
f 103/8/1305 102/8/1305 107/8/1305
f 105/8/1299 102/8/1299 103/8/1299
f 106/8/104 99/8/1300 100/8/74
f 98/8/76 99/8/1301 106/8/77
f 98/8/106 97/8/1302 108/8/80
f 129/8/123 123/8/1306 122/8/124
f 121/8/132 123/8/1307 129/8/133
f 124/8/137 125/8/1308 127/8/138
f 138/8/140 137/8/1309 140/8/141
f 136/8/143 141/8/1310 140/8/144
f 133/8/146 136/8/1311 137/8/147
f 131/8/149 130/8/1312 139/8/150
f 139/8/154 130/8/1313 132/8/155
f 140/8/157 141/8/1314 132/8/158
f 133/8/160 134/8/1315 138/8/161
f 144/8/163 149/8/1316 147/8/164
f 148/8/167 147/8/1317 149/8/168
f 146/8/173 145/8/1318 147/8/174
f 157/8/1319 156/8/1319 161/8/1319
f 159/8/1320 156/8/1320 157/8/1320
f 160/8/180 153/8/1321 154/8/181
f 152/8/183 153/8/1322 160/8/184
f 152/8/186 151/8/1323 162/8/187
f 183/8/123 177/8/1324 176/8/124
f 175/8/203 177/8/1325 183/8/204
f 178/8/208 179/8/1326 181/8/209
f 192/8/211 191/8/1327 194/8/141
f 190/8/212 195/8/1310 194/8/144
f 187/8/146 190/8/1311 191/8/147
f 185/8/149 184/8/1328 193/8/213
f 193/8/216 184/8/1313 186/8/155
f 194/8/218 195/8/1329 186/8/219
f 187/8/221 188/8/1315 192/8/161
f 198/8/222 203/8/1330 201/8/223
f 202/8/226 201/8/1331 203/8/227
f 200/8/173 199/8/1318 201/8/174
f 211/8/1332 210/8/1332 215/8/1332
f 213/8/1320 210/8/1320 211/8/1320
f 214/8/235 207/8/1333 208/8/236
f 206/8/238 207/8/1334 214/8/184
f 206/8/240 205/8/1323 216/8/187
f 237/8/252 231/8/1335 230/8/124
f 229/8/255 231/8/1336 237/8/204
f 232/8/258 233/8/1337 235/8/138
f 246/8/260 245/8/1338 248/8/261
f 244/8/143 249/8/1339 248/8/262
f 241/8/146 244/8/1311 245/8/147
f 239/8/149 238/8/1340 247/8/150
f 247/8/265 238/8/1313 240/8/155
f 248/8/266 249/8/1314 240/8/158
f 241/8/267 242/8/1341 246/8/268
f 252/8/270 257/8/1330 255/8/271
f 256/8/273 255/8/1317 257/8/274
f 254/8/278 253/8/1342 255/8/174
f 265/8/1343 264/8/1343 269/8/1343
f 267/8/1320 264/8/1320 265/8/1320
f 268/8/280 261/8/1344 262/8/236
f 260/8/183 261/8/1322 268/8/282
f 260/8/240 259/8/1345 270/8/284
f 291/8/301 285/8/1346 284/8/302
f 283/8/310 285/8/1347 291/8/311
f 286/8/315 287/8/1348 289/8/316
f 300/8/318 299/8/1349 302/8/319
f 298/8/321 303/8/1350 302/8/322
f 295/8/324 298/8/1351 299/8/325
f 293/8/327 292/8/1352 301/8/328
f 301/8/332 292/8/1353 294/8/333
f 302/8/335 303/8/1354 294/8/336
f 295/8/338 296/8/1355 300/8/339
f 306/8/341 311/8/1356 309/8/342
f 310/8/345 309/8/1357 311/8/346
f 308/8/351 307/8/1358 309/8/352
f 319/8/1359 318/8/1359 323/8/1359
f 321/8/1360 318/8/1360 319/8/1360
f 322/8/358 315/8/1361 316/8/359
f 314/8/361 315/8/1362 322/8/362
f 314/8/364 313/8/1363 324/8/365
f 345/8/380 339/8/1364 338/8/302
f 337/8/384 339/8/1365 345/8/385
f 340/8/389 341/8/1366 343/8/390
f 354/8/392 353/8/1349 356/8/393
f 352/8/321 357/8/1367 356/8/322
f 349/8/395 352/8/1368 353/8/325
f 347/8/397 346/8/1369 355/8/328
f 355/8/401 346/8/1353 348/8/402
f 356/8/335 357/8/1354 348/8/404
f 349/8/406 350/8/1370 354/8/407
f 360/8/341 365/8/1356 363/8/409
f 364/8/411 363/8/1371 365/8/346
f 362/8/414 361/8/1358 363/8/352
f 373/8/1372 372/8/1372 377/8/1372
f 375/8/1373 372/8/1373 373/8/1373
f 376/8/358 369/8/1374 370/8/418
f 368/8/361 369/8/1362 376/8/362
f 368/8/419 367/8/1375 378/8/420
f 399/8/439 393/8/1376 392/8/440
f 391/8/448 393/8/1377 399/8/449
f 394/8/453 395/8/1378 397/8/454
f 408/8/456 407/8/1379 410/8/457
f 406/8/459 411/8/1380 410/8/460
f 403/8/462 406/8/1381 407/8/463
f 401/8/465 400/8/1382 409/8/466
f 409/8/470 400/8/1383 402/8/471
f 410/8/473 411/8/1384 402/8/474
f 403/8/476 404/8/1385 408/8/477
f 414/8/479 419/8/1386 417/8/480
f 418/8/483 417/8/1387 419/8/484
f 416/8/489 415/8/1388 417/8/490
f 427/8/1389 426/8/1389 431/8/1389
f 429/8/1390 426/8/1390 427/8/1390
f 430/8/496 423/8/1391 424/8/497
f 422/8/499 423/8/1392 430/8/500
f 422/8/502 421/8/1393 432/8/503
f 453/8/439 447/8/1394 446/8/520
f 445/8/525 447/8/1395 453/8/526
f 448/8/530 449/8/1396 451/8/531
f 462/8/533 461/8/1397 464/8/534
f 460/8/536 465/8/1398 464/8/460
f 457/8/538 460/8/1381 461/8/539
f 455/8/541 454/8/1399 463/8/542
f 463/8/546 454/8/1400 456/8/547
f 464/8/549 465/8/1401 456/8/474
f 457/8/551 458/8/1402 462/8/552
f 468/8/554 473/8/1403 471/8/555
f 472/8/558 471/8/1404 473/8/559
f 470/8/562 469/8/1405 471/8/563
f 481/8/1406 480/8/1406 485/8/1406
f 483/8/1407 480/8/1407 481/8/1407
f 484/8/568 477/8/1408 478/8/569
f 476/8/571 477/8/1409 484/8/572
f 476/8/574 475/8/1410 486/8/575
f 507/8/588 501/8/1411 500/8/589
f 499/8/594 501/8/1412 507/8/595
f 502/8/599 503/8/1413 505/8/600
f 516/8/456 515/8/1414 518/8/602
f 514/8/604 519/8/1415 518/8/605
f 511/8/607 514/8/1416 515/8/539
f 509/8/608 508/8/1417 517/8/609
f 517/8/613 508/8/1418 510/8/614
f 518/8/616 519/8/1419 510/8/617
f 511/8/619 512/8/1420 516/8/552
f 522/8/554 527/8/1421 525/8/620
f 526/8/558 525/8/1387 527/8/622
f 524/8/562 523/8/1405 525/8/563
f 535/8/1422 534/8/1422 539/8/1422
f 537/8/1423 534/8/1423 535/8/1423
f 538/8/629 531/8/1391 532/8/630
f 530/8/632 531/8/1424 538/8/633
f 530/8/635 529/8/1393 540/8/503
f 561/8/123 555/8/1425 554/8/124
f 553/8/132 555/8/1426 561/8/648
f 556/8/650 557/8/1427 559/8/138
f 570/8/140 569/8/1309 572/8/261
f 568/8/651 573/8/1310 572/8/144
f 565/8/653 568/8/1428 569/8/654
f 563/8/149 562/8/1328 571/8/150
f 571/8/154 562/8/1429 564/8/155
f 572/8/658 573/8/1430 564/8/659
f 565/8/267 566/8/1431 570/8/661
f 576/8/163 581/8/1330 579/8/223
f 580/8/226 579/8/1432 581/8/663
f 578/8/173 577/8/1318 579/8/174
f 589/8/1433 588/8/1433 593/8/1433
f 591/8/1320 588/8/1320 589/8/1320
f 592/8/669 585/8/1344 586/8/236
f 584/8/671 585/8/1322 592/8/672
f 584/8/186 583/8/1323 594/8/673
f 615/8/691 609/8/1434 608/8/692
f 607/8/700 609/8/1435 615/8/701
f 610/8/705 611/8/1436 613/8/706
f 624/8/708 623/8/1437 626/8/709
f 622/8/711 627/8/1438 626/8/712
f 619/8/714 622/8/1439 623/8/715
f 617/8/717 616/8/1440 625/8/718
f 625/8/722 616/8/1441 618/8/723
f 626/8/725 627/8/1442 618/8/726
f 619/8/728 620/8/1443 624/8/729
f 630/8/731 635/8/1444 633/8/732
f 634/8/735 633/8/1445 635/8/736
f 632/8/741 631/8/1446 633/8/742
f 643/8/1447 642/8/1447 647/8/1447
f 645/8/1448 642/8/1448 643/8/1448
f 646/8/748 639/8/1449 640/8/749
f 638/8/751 639/8/1450 646/8/752
f 638/8/754 637/8/1451 648/8/755
f 669/8/775 663/8/1452 662/8/776
f 661/8/784 663/8/1453 669/8/785
f 664/8/789 665/8/1454 667/8/790
f 678/8/792 677/8/1455 680/8/793
f 676/8/795 681/8/1456 680/8/796
f 673/8/798 676/8/1457 677/8/799
f 671/8/801 670/8/1458 679/8/802
f 679/8/806 670/8/1459 672/8/807
f 680/8/809 681/8/1460 672/8/810
f 673/8/812 674/8/1461 678/8/813
f 684/8/815 689/8/1462 687/8/816
f 688/8/819 687/8/1463 689/8/820
f 686/8/825 685/8/1464 687/8/826
f 697/8/1465 696/8/1465 701/8/1465
f 699/8/1466 696/8/1466 697/8/1466
f 700/8/832 693/8/1467 694/8/833
f 692/8/835 693/8/1468 700/8/836
f 692/8/838 691/8/1469 702/8/839
f 723/8/775 717/8/1452 716/8/776
f 715/8/855 717/8/1470 723/8/856
f 718/8/860 719/8/1471 721/8/790
f 732/8/861 731/8/1472 734/8/862
f 730/8/863 735/8/1473 734/8/796
f 727/8/865 730/8/1474 731/8/866
f 725/8/868 724/8/1475 733/8/802
f 733/8/806 724/8/1459 726/8/871
f 734/8/873 735/8/1476 726/8/810
f 727/8/812 728/8/1461 732/8/874
f 738/8/876 743/8/1477 741/8/877
f 742/8/819 741/8/1478 743/8/879
f 740/8/881 739/8/1479 741/8/826
f 751/8/1480 750/8/1480 755/8/1480
f 753/8/1481 750/8/1481 751/8/1481
f 754/8/884 747/8/1482 748/8/885
f 746/8/835 747/8/1468 754/8/836
f 746/8/838 745/8/1483 756/8/887
f 777/8/775 771/8/1484 770/8/900
f 769/8/855 771/8/1470 777/8/785
f 772/8/906 773/8/1485 775/8/907
f 786/8/861 785/8/1472 788/8/909
f 784/8/911 789/8/1456 788/8/796
f 781/8/913 784/8/1474 785/8/866
f 779/8/915 778/8/1486 787/8/916
f 787/8/806 778/8/1459 780/8/807
f 788/8/919 789/8/1487 780/8/810
f 781/8/812 782/8/1461 786/8/813
f 792/8/876 797/8/1477 795/8/877
f 796/8/922 795/8/1488 797/8/923
f 794/8/927 793/8/1489 795/8/826
f 805/8/1490 804/8/1490 809/8/1490
f 807/8/1491 804/8/1491 805/8/1491
f 808/8/933 801/8/1492 802/8/934
f 800/8/935 801/8/1468 808/8/836
f 800/8/936 799/8/1493 810/8/937
f 831/8/775 825/8/1494 824/8/776
f 823/8/855 825/8/1470 831/8/785
f 826/8/946 827/8/1485 829/8/907
f 840/8/947 839/8/1495 842/8/909
f 838/8/911 843/8/1456 842/8/796
f 835/8/948 838/8/1474 839/8/866
f 833/8/801 832/8/1458 841/8/949
f 841/8/806 832/8/1496 834/8/952
f 842/8/953 843/8/1487 834/8/954
f 835/8/812 836/8/1461 840/8/813
f 846/8/815 851/8/1497 849/8/956
f 850/8/922 849/8/1463 851/8/820
f 848/8/959 847/8/1479 849/8/960
f 859/8/1465 858/8/1465 863/8/1465
f 861/8/1498 858/8/1498 859/8/1498
f 862/8/933 855/8/1482 856/8/885
f 854/8/935 855/8/1468 862/8/836
f 854/8/936 853/8/1493 864/8/937
f 885/8/775 879/8/1484 878/8/900
f 877/8/855 879/8/1499 885/8/785
f 880/8/972 881/8/1485 883/8/907
f 894/8/861 893/8/1500 896/8/909
f 892/8/974 897/8/1456 896/8/796
f 889/8/975 892/8/1474 893/8/866
f 887/8/915 886/8/1486 895/8/916
f 895/8/977 886/8/1459 888/8/807
f 896/8/953 897/8/1487 888/8/954
f 889/8/812 890/8/1461 894/8/813
f 900/8/815 905/8/1477 903/8/877
f 904/8/922 903/8/1478 905/8/879
f 902/8/981 901/8/1501 903/8/960
f 913/8/1490 912/8/1490 917/8/1490
f 915/8/1502 912/8/1502 913/8/1502
f 916/8/933 909/8/1503 910/8/983
f 908/8/835 909/8/1468 916/8/836
f 908/8/838 907/8/1493 918/8/887
f 939/8/775 933/8/1484 932/8/776
f 931/8/855 933/8/1499 939/8/785
f 934/8/972 935/8/1485 937/8/790
f 948/8/947 947/8/1495 950/8/989
f 946/8/911 951/8/1473 950/8/796
f 943/8/991 946/8/1504 947/8/799
f 941/8/801 940/8/1505 949/8/992
f 949/8/806 940/8/1459 942/8/871
f 950/8/953 951/8/1487 942/8/810
f 943/8/812 944/8/1461 948/8/813
f 954/8/815 959/8/1497 957/8/956
f 958/8/819 957/8/1478 959/8/879
f 956/8/959 955/8/1479 957/8/826
f 967/8/1465 966/8/1465 971/8/1465
f 969/8/1498 966/8/1498 967/8/1498
f 970/8/933 963/8/1503 964/8/983
f 962/8/835 963/8/1468 970/8/836
f 962/8/936 961/8/1469 972/8/937
f 993/8/775 987/8/1452 986/8/776
f 985/8/784 987/8/1506 993/8/856
f 988/8/999 989/8/1507 991/8/907
f 1002/8/861 1001/8/1472 1004/8/862
f 1000/8/863 1005/8/1456 1004/8/796
f 997/8/991 1000/8/1474 1001/8/799
f 995/8/868 994/8/1505 1003/8/802
f 1003/8/806 994/8/1459 996/8/807
f 1004/8/809 1005/8/1508 996/8/954
f 997/8/812 998/8/1461 1002/8/874
f 1008/8/815 1013/8/1462 1011/8/1003
f 1012/8/922 1011/8/1478 1013/8/879
f 1010/8/981 1009/8/1501 1011/8/960
f 1021/8/1465 1020/8/1465 1025/8/1465
f 1023/8/1481 1020/8/1481 1021/8/1481
f 1024/8/1005 1017/8/1467 1018/8/833
f 1016/8/835 1017/8/1468 1024/8/836
f 1016/8/936 1015/8/1483 1026/8/887
f 1047/8/1014 1041/8/1509 1040/8/1015
f 1039/8/1019 1041/8/1510 1047/8/701
f 1042/8/1023 1043/8/1511 1045/8/1024
f 1056/8/1026 1055/8/1512 1058/8/1027
f 1054/8/1028 1059/8/1513 1058/8/1029
f 1051/8/714 1054/8/1514 1055/8/1031
f 1049/8/1032 1048/8/1515 1057/8/1033
f 1057/8/1037 1048/8/1441 1050/8/723
f 1058/8/1039 1059/8/1516 1050/8/1040
f 1051/8/1042 1052/8/1517 1056/8/1043
f 1062/8/731 1067/8/1518 1065/8/1045
f 1066/8/1046 1065/8/1519 1067/8/1047
f 1064/8/1052 1063/8/1446 1065/8/742
f 1075/8/1520 1074/8/1520 1079/8/1520
f 1077/8/1521 1074/8/1521 1075/8/1521
f 1078/8/1057 1071/8/1522 1072/8/1058
f 1070/8/1059 1071/8/1523 1078/8/1060
f 1070/8/754 1069/8/1524 1080/8/1062
f 1101/8/1081 1095/8/1525 1094/8/1082
f 1093/8/1090 1095/8/1526 1101/8/1091
f 1096/8/1095 1097/8/1527 1099/8/1096
f 1110/8/1098 1109/8/1528 1112/8/1099
f 1108/8/1101 1113/8/1529 1112/8/1102
f 1105/8/1104 1108/8/1530 1109/8/1105
f 1103/8/1107 1102/8/1531 1111/8/1108
f 1111/8/1112 1102/8/1532 1104/8/1113
f 1112/8/1115 1113/8/1533 1104/8/1116
f 1105/8/1118 1106/8/1534 1110/8/1119
f 1116/8/1121 1121/8/1535 1119/8/1122
f 1120/8/1125 1119/8/1536 1121/8/1126
f 1118/8/1131 1117/8/1537 1119/8/1132
f 1129/8/1538 1128/8/1538 1133/8/1538
f 1131/8/1539 1128/8/1539 1129/8/1539
f 1132/8/1138 1125/8/1540 1126/8/1139
f 1124/8/1141 1125/8/1541 1132/8/1142
f 1124/8/1144 1123/8/1542 1134/8/1145
f 1155/8/1165 1149/8/1543 1148/8/1166
f 1147/8/1174 1149/8/1544 1155/8/1175
f 1150/8/1179 1151/8/1545 1153/8/1180
f 1164/8/1182 1163/8/1546 1166/8/1183
f 1162/8/1185 1167/8/1547 1166/8/1186
f 1159/8/1188 1162/8/1548 1163/8/1189
f 1157/8/1191 1156/8/1549 1165/8/1192
f 1165/8/1196 1156/8/1550 1158/8/1197
f 1166/8/1199 1167/8/1551 1158/8/1200
f 1159/8/1202 1160/8/1552 1164/8/1203
f 1170/8/1205 1175/8/1553 1173/8/1206
f 1174/8/1209 1173/8/1554 1175/8/1210
f 1172/8/1215 1171/8/1555 1173/8/1216
f 1183/8/1556 1182/8/1556 1187/8/1556
f 1185/8/1557 1182/8/1557 1183/8/1557
f 1186/8/1222 1179/8/1558 1180/8/1223
f 1178/8/1225 1179/8/1559 1186/8/1226
f 1178/8/1228 1177/8/1560 1188/8/1229
f 1209/8/1240 1203/8/1561 1202/8/1241
f 1201/8/1174 1203/8/1544 1209/8/1175
f 1204/8/1248 1205/8/1562 1207/8/1249
f 1218/8/1182 1217/8/1546 1220/8/1251
f 1216/8/1253 1221/8/1563 1220/8/1254
f 1213/8/1188 1216/8/1548 1217/8/1189
f 1211/8/1191 1210/8/1564 1219/8/1257
f 1219/8/1260 1210/8/1565 1212/8/1261
f 1220/8/1199 1221/8/1551 1212/8/1263
f 1213/8/1265 1214/8/1566 1218/8/1266
f 1224/8/1268 1229/8/1567 1227/8/1206
f 1228/8/1209 1227/8/1568 1229/8/1270
f 1226/8/1273 1225/8/1555 1227/8/1216
f 1237/8/1569 1236/8/1569 1241/8/1569
f 1239/8/1570 1236/8/1570 1237/8/1570
f 1240/8/1276 1233/8/1558 1234/8/1223
f 1232/8/1225 1233/8/1571 1240/8/1226
f 1232/8/1279 1231/8/1572 1242/8/1280
