# Blender 5.2.2 LTS
# www.blender.org
o ScifiCafe.006
v 3.002890 -7.407173 7.294505
v 0.956991 -7.407173 7.297970
v 0.956991 -7.332093 7.297970
v 3.002890 -7.332093 7.294505
v 3.002936 -7.407238 7.377079
v 0.957037 -7.407238 7.380544
v 3.002936 -7.332159 7.377079
v 0.957037 -7.332159 7.380544
v 1.640337 -7.333741 7.285721
v 0.860872 -7.333741 7.287591
v 1.658769 -7.333806 7.393398
v 0.842874 -7.333806 7.395144
v 0.856370 -7.258679 7.314492
v 0.860872 -7.299134 7.287591
v 0.858621 -7.264094 7.301042
v 0.860269 -7.278902 7.291196
v 1.640337 -7.299134 7.285721
v 1.644939 -7.258679 7.312601
v 1.640954 -7.278902 7.289323
v 1.642638 -7.264094 7.299161
v 1.654168 -7.258712 7.366518
v 1.658769 -7.299200 7.393398
v 1.656468 -7.264143 7.379958
v 1.658152 -7.278962 7.389797
v 0.842874 -7.299200 7.395144
v 0.847375 -7.258712 7.368244
v 0.843477 -7.278962 7.391540
v 0.845124 -7.264143 7.381694
v 3.003112 -9.597425 7.301369
v 3.009963 -9.597419 7.294514
v 3.009967 -9.604280 7.301359
v 3.003113 -7.339762 7.304815
v 3.009967 -7.332907 7.304824
v 3.009963 -7.339756 7.297959
v 3.069069 -7.332907 7.304825
v 3.075923 -7.339762 7.304814
v 3.069065 -7.339756 7.297959
v 3.069069 -9.604280 7.301359
v 3.069065 -9.597419 7.294514
v 3.075923 -9.597425 7.301369
v 0.881557 -9.597425 7.301370
v 0.888408 -9.597419 7.294515
v 0.888412 -9.604280 7.301359
v 0.881557 -7.339762 7.304814
v 0.888412 -7.332907 7.304825
v 0.888408 -7.339756 7.297959
v 0.947513 -7.332907 7.304825
v 0.954369 -7.339762 7.304814
v 0.947510 -7.339756 7.297960
v 0.947514 -9.604280 7.301359
v 0.947510 -9.597419 7.294515
v 0.954368 -9.597425 7.301369
v 3.003151 -9.597478 7.370234
v 3.010006 -9.604333 7.370223
v 3.010010 -9.597484 7.377089
v 3.003151 -7.339816 7.373679
v 3.010010 -7.339821 7.380534
v 3.010006 -7.332961 7.373690
v 3.069108 -9.604333 7.370223
v 3.075963 -9.597478 7.370234
v 3.069111 -9.597484 7.377089
v 3.069107 -7.332961 7.373689
v 3.069111 -7.339821 7.380533
v 3.075963 -7.339816 7.373678
v 0.881596 -9.597478 7.370234
v 0.888451 -9.604333 7.370224
v 0.888454 -9.597485 7.377089
v 0.881596 -7.339816 7.373679
v 0.888454 -7.339821 7.380533
v 0.888451 -7.332961 7.373689
v 0.947552 -9.604333 7.370224
v 0.954407 -9.597478 7.370234
v 0.947556 -9.597485 7.377089
v 0.947552 -7.332961 7.373690
v 0.947556 -7.339821 7.380534
v 0.954407 -7.339816 7.373679
v 3.017811 -7.948196 7.306892
v 3.017100 -7.955862 7.315157
v 3.009920 -7.955864 7.306897
v 0.946875 -7.948200 7.313955
v 0.954758 -7.955866 7.313932
v 0.946165 -7.955864 7.322211
v 0.954762 -7.913078 7.313920
v 0.946879 -7.920751 7.313925
v 0.946166 -7.913075 7.322206
v 3.009919 -7.913080 7.306886
v 3.017099 -7.913076 7.315152
v 3.017812 -7.920753 7.306863
v 3.013048 -7.948243 7.361123
v 3.005166 -7.955915 7.361128
v 3.013761 -7.955918 7.352842
v 0.942115 -7.948240 7.368186
v 0.942828 -7.955916 7.359897
v 0.950008 -7.955914 7.368162
v 3.005169 -7.913126 7.361117
v 3.013052 -7.920794 7.361094
v 3.013763 -7.913129 7.352838
v 0.950006 -7.913129 7.368152
v 0.942827 -7.913131 7.359891
v 0.942116 -7.920796 7.368155
v 1.885272 -7.333741 7.391501
v 2.098812 -7.333741 7.391065
v 1.880026 -7.333806 7.283862
v 2.103548 -7.333806 7.283476
v 1.885272 -7.299134 7.391501
v 2.098812 -7.299134 7.391065
v 2.098971 -7.278902 7.387461
v 1.885097 -7.278902 7.387898
v 2.099406 -7.264094 7.377618
v 1.884618 -7.264094 7.378057
v 2.099999 -7.258679 7.364172
v 1.883965 -7.258679 7.364614
v 1.881334 -7.258712 7.310750
v 2.102361 -7.258712 7.310368
v 2.102954 -7.264143 7.296921
v 1.880680 -7.264143 7.297305
v 2.103388 -7.278962 7.287078
v 1.880201 -7.278962 7.287464
v 2.103548 -7.299200 7.283475
v 1.880026 -7.299200 7.283862
v 1.885310 -7.353255 7.410464
v 2.098851 -7.353252 7.410031
v 1.879992 -7.352758 7.264337
v 2.103513 -7.352766 7.263958
v 1.885327 -7.296734 7.418605
v 2.098868 -7.296734 7.418169
v 2.099023 -7.268717 7.412694
v 1.885148 -7.268716 7.413131
v 2.099441 -7.242881 7.394660
v 1.884653 -7.242881 7.395098
v 2.100009 -7.231936 7.369195
v 1.883975 -7.231936 7.369635
v 1.881325 -7.232031 7.305401
v 2.102352 -7.232031 7.305023
v 2.102924 -7.243173 7.279582
v 1.880650 -7.243176 7.279963
v 2.103344 -7.268894 7.261799
v 1.880158 -7.268895 7.262185
v 2.103500 -7.296812 7.256370
v 1.879979 -7.296812 7.256756
v 3.067323 -7.339302 7.426446
v 0.899234 -7.339302 7.430119
v 3.067323 -7.314676 7.426446
v 0.899234 -7.314676 7.430119
v 3.067323 -7.339302 7.926868
v 0.899234 -7.339301 7.930541
v 3.067323 -7.314676 7.926868
v 0.899234 -7.314676 7.930541
v 3.027908 -7.352415 7.416121
v 3.027908 -7.301564 7.416121
v 3.027908 -7.352415 7.889018
v 3.027908 -7.301564 7.889018
v 2.999474 -7.352415 7.416121
v 2.999474 -7.301564 7.416121
v 2.999474 -7.352415 7.889019
v 2.999474 -7.301564 7.889019
v 1.067758 -7.352415 7.416121
v 1.067758 -7.301564 7.416121
v 1.067758 -7.352414 7.889018
v 1.067758 -7.301563 7.889018
v 1.039324 -7.352415 7.416121
v 1.039324 -7.301564 7.416121
v 1.039324 -7.352414 7.889018
v 1.039324 -7.301563 7.889018
v 1.751748 -7.352415 7.416121
v 1.751748 -7.301564 7.416121
v 1.751748 -7.352415 7.889018
v 1.751748 -7.301564 7.889018
v 1.723314 -7.352415 7.416121
v 1.723314 -7.301564 7.416121
v 1.723314 -7.352415 7.889019
v 1.723314 -7.301564 7.889019
v 2.381981 -7.352415 7.416121
v 2.381981 -7.301564 7.416121
v 2.381981 -7.352415 7.889019
v 2.381981 -7.301564 7.889019
v 2.353548 -7.352415 7.416121
v 2.353548 -7.301564 7.416121
v 2.353547 -7.352415 7.889019
v 2.353547 -7.301564 7.889019
v 0.899234 -7.314676 7.829005
v 3.067324 -7.314676 7.825333
v 3.067324 -7.339302 7.825333
v 0.899234 -7.339301 7.829005
v 3.067324 -7.332937 7.806732
v 3.067324 -7.357563 7.806732
v 0.899234 -7.332936 7.810405
v 0.899234 -7.357562 7.810405
v 3.017811 -8.106283 7.306892
v 3.017100 -8.113949 7.315157
v 3.009920 -8.113952 7.306897
v 0.946875 -8.106287 7.313955
v 0.954758 -8.113955 7.313932
v 0.946165 -8.113952 7.322211
v 0.954762 -8.071165 7.313920
v 0.946879 -8.078838 7.313925
v 0.946166 -8.071162 7.322206
v 3.009919 -8.071167 7.306886
v 3.017099 -8.071164 7.315152
v 3.017812 -8.078841 7.306863
v 3.013048 -8.106331 7.361123
v 3.005166 -8.114003 7.361128
v 3.013761 -8.114006 7.352842
v 0.942115 -8.106327 7.368186
v 0.942828 -8.114003 7.359897
v 0.950008 -8.114001 7.368162
v 3.005169 -8.071215 7.361117
v 3.013052 -8.078880 7.361094
v 3.013763 -8.071217 7.352838
v 0.950006 -8.071217 7.368152
v 0.942827 -8.071219 7.359891
v 0.942116 -8.078884 7.368155
v 3.017811 -9.336155 7.306892
v 3.017100 -9.343821 7.315157
v 3.009920 -9.343823 7.306897
v 0.946875 -9.336158 7.313955
v 0.954758 -9.343824 7.313932
v 0.946165 -9.343822 7.322211
v 0.954762 -9.301037 7.313920
v 0.946879 -9.308709 7.313925
v 0.946166 -9.301034 7.322205
v 3.009919 -9.301038 7.306886
v 3.017099 -9.301035 7.315152
v 3.017812 -9.308711 7.306863
v 3.013048 -9.336202 7.361123
v 3.005166 -9.343874 7.361128
v 3.013761 -9.343877 7.352842
v 0.942115 -9.336199 7.368186
v 0.942828 -9.343875 7.359897
v 0.950008 -9.343872 7.368162
v 3.005169 -9.301085 7.361117
v 3.013052 -9.308752 7.361094
v 3.013763 -9.301087 7.352838
v 0.950006 -9.301086 7.368152
v 0.942827 -9.301090 7.359891
v 0.942116 -9.308755 7.368155
v 4.918878 -7.407173 6.229468
v 3.148810 -7.407173 7.255419
v 3.148810 -7.332093 7.255419
v 4.918878 -7.332093 6.229468
v 4.960205 -7.407238 6.300956
v 3.190138 -7.407238 7.326907
v 4.960205 -7.332159 6.300956
v 3.190138 -7.332159 7.326907
v 3.734482 -7.333741 6.903138
v 3.060379 -7.333741 7.294489
v 3.804281 -7.333806 6.987173
v 3.098568 -7.333806 7.396632
v 3.069932 -7.258679 7.320038
v 3.060379 -7.299134 7.294489
v 3.065155 -7.264094 7.307264
v 3.061659 -7.278902 7.297913
v 3.734482 -7.299134 6.903138
v 3.751906 -7.258679 6.924116
v 3.736816 -7.278902 6.905949
v 3.743194 -7.264094 6.913627
v 3.786857 -7.258712 6.966195
v 3.804281 -7.299200 6.987173
v 3.795569 -7.264143 6.976684
v 3.801947 -7.278962 6.984362
v 3.098568 -7.299200 7.396632
v 3.089017 -7.258712 7.371086
v 3.097289 -7.278962 7.393210
v 3.093793 -7.264143 7.383859
v 4.922503 -9.597425 6.235302
v 4.925009 -9.597419 6.225940
v 4.928434 -9.604280 6.231865
v 4.924225 -7.339762 6.238286
v 4.930167 -7.332907 6.234867
v 4.926731 -7.339756 6.228923
v 4.981350 -7.332907 6.205316
v 4.987282 -7.339762 6.201880
v 4.977914 -7.339756 6.199373
v 4.979618 -9.604280 6.202314
v 4.976192 -9.597419 6.196389
v 4.985559 -9.597425 6.198896
v 3.085182 -9.597425 7.296080
v 3.087688 -9.597419 7.286717
v 3.091113 -9.604280 7.292643
v 3.086905 -7.339762 7.299063
v 3.092846 -7.332907 7.295644
v 3.089410 -7.339756 7.289701
v 3.144030 -7.332907 7.266094
v 3.149961 -7.339762 7.262657
v 3.140594 -7.339756 7.260151
v 3.142297 -9.604280 7.263092
v 3.138871 -9.597419 7.257166
v 3.148239 -9.597425 7.259674
v 4.956969 -9.597478 6.294921
v 4.962900 -9.604333 6.291484
v 4.966336 -9.597484 6.297428
v 4.958691 -7.339816 6.297904
v 4.968059 -7.339821 6.300412
v 4.964633 -7.332961 6.294486
v 5.014084 -9.604333 6.261934
v 5.020025 -9.597478 6.258515
v 5.017519 -9.597484 6.267877
v 5.015816 -7.332961 6.264935
v 5.019241 -7.339821 6.270861
v 5.021747 -7.339816 6.261498
v 3.119648 -9.597478 7.355699
v 3.125578 -9.604333 7.352262
v 3.129015 -9.597484 7.358206
v 3.121371 -7.339816 7.358682
v 3.130738 -7.339821 7.361189
v 3.127312 -7.332961 7.355264
v 3.176763 -9.604333 7.322711
v 3.182704 -9.597478 7.319293
v 3.180199 -9.597484 7.328655
v 3.178496 -7.332961 7.325713
v 3.181921 -7.339821 7.331638
v 3.184427 -7.339816 7.322276
v 4.937994 -7.948196 6.232737
v 4.941511 -7.955862 6.240249
v 4.931163 -7.955864 6.236685
v 3.148041 -7.948199 7.274320
v 3.154857 -7.955866 7.270359
v 3.151554 -7.955864 7.281825
v 3.154855 -7.913077 7.270347
v 3.148030 -7.920750 7.274292
v 3.151554 -7.913075 7.281820
v 4.931156 -7.913080 6.236677
v 4.941507 -7.913076 6.240245
v 4.937980 -7.920753 6.232710
v 4.960985 -7.948243 6.282082
v 4.954160 -7.955915 6.286027
v 4.957461 -7.955918 6.274554
v 3.171035 -7.948240 7.323665
v 3.167507 -7.955916 7.316129
v 3.177859 -7.955913 7.319698
v 4.954157 -7.913126 6.286016
v 4.960973 -7.920794 6.282055
v 4.957460 -7.913129 6.274550
v 3.177852 -7.913128 7.319690
v 3.167504 -7.913131 7.316126
v 3.171021 -7.920796 7.323638
v 3.999490 -7.333741 6.872279
v 4.184204 -7.333741 6.765131
v 3.941128 -7.333806 6.781682
v 4.134509 -7.333806 6.669587
v 3.999490 -7.299134 6.872279
v 4.184204 -7.299134 6.765131
v 4.182539 -7.278902 6.761930
v 3.997538 -7.278902 6.869247
v 4.177994 -7.264094 6.753189
v 3.992203 -7.264094 6.860963
v 4.171785 -7.258679 6.741247
v 3.984915 -7.258679 6.849647
v 3.955704 -7.258712 6.804315
v 4.146928 -7.258712 6.693470
v 4.140719 -7.264143 6.681529
v 3.948416 -7.264143 6.792999
v 4.136174 -7.278962 6.672788
v 3.943081 -7.278962 6.784715
v 4.134509 -7.299200 6.669587
v 3.941128 -7.299200 6.781682
v 4.009006 -7.353255 6.888682
v 4.193721 -7.353252 6.781537
v 3.931336 -7.352758 6.764791
v 4.124722 -7.352766 6.652702
v 4.013090 -7.296734 6.895724
v 4.197804 -7.296734 6.788576
v 4.195201 -7.268717 6.783757
v 4.010199 -7.268716 6.891073
v 4.186545 -7.242881 6.767930
v 4.000752 -7.242881 6.875703
v 4.174306 -7.231936 6.745592
v 3.987434 -7.231936 6.853990
v 3.953022 -7.232031 6.799687
v 4.144248 -7.232031 6.688847
v 4.132023 -7.243173 6.666527
v 3.939719 -7.243176 6.777995
v 4.123497 -7.268894 6.650917
v 3.930403 -7.268895 6.762844
v 4.120916 -7.296812 6.646137
v 3.927535 -7.296812 6.758232
v 5.040649 -7.339302 6.311516
v 3.164866 -7.339302 7.398742
v 5.040649 -7.314676 6.311516
v 3.164866 -7.314676 7.398742
v 5.290861 -7.339302 6.744894
v 3.415076 -7.339302 7.832119
v 5.290861 -7.314676 6.744894
v 3.415076 -7.314676 7.832119
v 5.001352 -7.352415 6.322281
v 5.001352 -7.301564 6.322281
v 5.237802 -7.352415 6.731823
v 5.237802 -7.301564 6.731823
v 4.976728 -7.352415 6.336499
v 4.976728 -7.301564 6.336499
v 5.213177 -7.352415 6.746040
v 5.213177 -7.301564 6.746040
v 3.303812 -7.352415 7.302357
v 3.303812 -7.301564 7.302357
v 3.540261 -7.352415 7.711898
v 3.540261 -7.301564 7.711898
v 3.279188 -7.352415 7.316574
v 3.279188 -7.301564 7.316574
v 3.515636 -7.352415 7.726116
v 3.515636 -7.301564 7.726116
v 3.896165 -7.352415 6.960362
v 3.896165 -7.301564 6.960362
v 4.132614 -7.352415 7.369903
v 4.132614 -7.301564 7.369903
v 3.871541 -7.352415 6.974578
v 3.871541 -7.301564 6.974578
v 4.107989 -7.352415 7.384120
v 4.107989 -7.301564 7.384120
v 4.441963 -7.352415 6.645245
v 4.441963 -7.301564 6.645245
v 4.678411 -7.352415 7.054786
v 4.678411 -7.301564 7.054786
v 4.417338 -7.352415 6.659462
v 4.417338 -7.301564 6.659462
v 4.653787 -7.352415 7.069004
v 4.653787 -7.301564 7.069004
v 3.364309 -7.314676 7.744187
v 5.240093 -7.314676 6.656961
v 5.240093 -7.339302 6.656961
v 3.364309 -7.339302 7.744187
v 5.230792 -7.332937 6.640853
v 5.230792 -7.357563 6.640853
v 3.355009 -7.332937 7.728079
v 3.355009 -7.357563 7.728079
v 4.937994 -8.106283 6.232737
v 4.941511 -8.113949 6.240249
v 4.931163 -8.113952 6.236685
v 3.148041 -8.106286 7.274320
v 3.154857 -8.113954 7.270359
v 3.151554 -8.113952 7.281825
v 3.154855 -8.071165 7.270347
v 3.148030 -8.078837 7.274292
v 3.151554 -8.071162 7.281820
v 4.931156 -8.071167 6.236677
v 4.941507 -8.071164 6.240245
v 4.937980 -8.078841 6.232710
v 4.960985 -8.106331 6.282082
v 4.954160 -8.114003 6.286027
v 4.957461 -8.114006 6.274554
v 3.171035 -8.106327 7.323665
v 3.167507 -8.114003 7.316129
v 3.177859 -8.114000 7.319698
v 4.954157 -8.071215 6.286016
v 4.960973 -8.078880 6.282055
v 4.957460 -8.071217 6.274550
v 3.177852 -8.071217 7.319690
v 3.167504 -8.071218 7.316126
v 3.171021 -8.078884 7.323638
v 4.937994 -9.336155 6.232736
v 4.941511 -9.343821 6.240249
v 4.931163 -9.343823 6.236685
v 3.148041 -9.336158 7.274320
v 3.154857 -9.343824 7.270359
v 3.151554 -9.343822 7.281825
v 3.154855 -9.301036 7.270347
v 3.148030 -9.308708 7.274292
v 3.151554 -9.301033 7.281820
v 4.931156 -9.301038 6.236676
v 4.941507 -9.301035 6.240245
v 4.937980 -9.308711 6.232710
v 4.960985 -9.336202 6.282082
v 4.954160 -9.343874 6.286027
v 4.957461 -9.343877 6.274554
v 3.171035 -9.336198 7.323665
v 3.167507 -9.343874 7.316129
v 3.177859 -9.343872 7.319698
v 4.954157 -9.301085 6.286016
v 4.960974 -9.308752 6.282055
v 4.957460 -9.301087 6.274550
v 3.177852 -9.301086 7.319690
v 3.167504 -9.301090 7.316126
v 3.171021 -9.308755 7.323638
v 6.045653 -7.407173 4.349125
v 5.025705 -7.407173 6.122658
v 5.025705 -7.332093 6.122658
v 6.045653 -7.332093 4.349125
v 6.117188 -7.407238 4.390372
v 5.097240 -7.407238 6.163905
v 6.117188 -7.332159 4.390372
v 5.097240 -7.332159 6.163905
v 5.356771 -7.333741 5.524738
v 4.968658 -7.333741 6.200710
v 5.459238 -7.333806 5.562614
v 5.052803 -7.333806 6.270074
v 4.989704 -7.258679 6.218060
v 4.968658 -7.299134 6.200710
v 4.979181 -7.264094 6.209385
v 4.971478 -7.278902 6.203034
v 5.356771 -7.299134 5.524738
v 5.382350 -7.258679 5.534193
v 5.360199 -7.278902 5.526006
v 5.369561 -7.264094 5.529466
v 5.433658 -7.258712 5.553159
v 5.459238 -7.299200 5.562614
v 5.446447 -7.264143 5.557887
v 5.455811 -7.278962 5.561348
v 5.052803 -7.299200 6.270074
v 5.031757 -7.258712 6.252726
v 5.049982 -7.278962 6.267749
v 5.042279 -7.264143 6.261399
v 6.051710 -9.597424 4.352365
v 6.049199 -9.597418 4.343004
v 6.055128 -9.604279 4.346423
v 6.054693 -7.339762 4.354087
v 6.058130 -7.332907 4.348155
v 6.052182 -7.339756 4.344727
v 6.087680 -7.332907 4.296972
v 6.091099 -7.339762 4.291031
v 6.081733 -7.339756 4.293543
v 6.084679 -9.604279 4.295239
v 6.078751 -9.597418 4.291821
v 6.088116 -9.597424 4.289308
v 4.990933 -9.597425 6.189686
v 4.988422 -9.597419 6.180325
v 4.994351 -9.604280 6.183743
v 4.993916 -7.339762 6.191408
v 4.997353 -7.332907 6.185476
v 4.991405 -7.339756 6.182047
v 5.026903 -7.332907 6.134293
v 5.030321 -7.339762 6.128351
v 5.020956 -7.339756 6.130864
v 5.023902 -9.604280 6.132560
v 5.017973 -9.597419 6.129141
v 5.027339 -9.597425 6.126629
v 6.111368 -9.597478 4.386764
v 6.114786 -9.604333 4.380822
v 6.120734 -9.597483 4.384251
v 6.114351 -7.339816 4.388486
v 6.123717 -7.339821 4.385974
v 6.117788 -7.332961 4.382555
v 6.144337 -9.604333 4.329638
v 6.147774 -9.597478 4.323706
v 6.150285 -9.597483 4.333068
v 6.147338 -7.332961 4.331371
v 6.153267 -7.339821 4.334790
v 6.150757 -7.339816 4.325429
v 5.050591 -9.597478 6.224084
v 5.054008 -9.604333 6.218142
v 5.059956 -9.597484 6.221571
v 5.053574 -7.339816 6.225807
v 5.062940 -7.339821 6.223294
v 5.057011 -7.332961 6.219876
v 5.083560 -9.604333 6.166959
v 5.086996 -9.597478 6.161027
v 5.089507 -9.597484 6.170388
v 5.086562 -7.332961 6.168692
v 5.092491 -7.339821 6.172111
v 5.089979 -7.339816 6.162750
v 6.063843 -7.948196 4.342397
v 6.070645 -7.955862 4.347145
v 6.059902 -7.955864 4.349233
v 5.034490 -7.948199 6.139411
v 5.038413 -7.955866 6.132573
v 5.041286 -7.955864 6.144155
v 5.038404 -7.913077 6.132564
v 5.034467 -7.920750 6.139393
v 5.041282 -7.913075 6.144150
v 6.059891 -7.913079 4.349229
v 6.070640 -7.913076 4.347143
v 6.063818 -7.920753 4.342381
v 6.108427 -7.948243 4.373637
v 6.104489 -7.955914 4.380466
v 6.101611 -7.955918 4.368880
v 5.079076 -7.948240 6.170649
v 5.072254 -7.955916 6.165886
v 5.083002 -7.955913 6.163802
v 6.104480 -7.913126 4.380457
v 6.108403 -7.920794 4.373618
v 6.101608 -7.913128 4.368876
v 5.082992 -7.913128 6.163797
v 5.072249 -7.913131 6.165885
v 5.079051 -7.920796 6.170632
v 5.570847 -7.333741 5.365509
v 5.677238 -7.333741 5.180359
v 5.475005 -7.333806 5.316232
v 5.586431 -7.333806 5.122464
v 5.570847 -7.299134 5.365509
v 5.677238 -7.299134 5.180359
v 5.674198 -7.278902 5.178420
v 5.567639 -7.278902 5.363860
v 5.665891 -7.264094 5.173122
v 5.558877 -7.264094 5.359353
v 5.654543 -7.258679 5.165885
v 5.546907 -7.258679 5.353197
v 5.498945 -7.258712 5.328544
v 5.609127 -7.258712 5.136938
v 5.597779 -7.264143 5.129701
v 5.486975 -7.264143 5.322388
v 5.589472 -7.278962 5.124403
v 5.478212 -7.278962 5.317882
v 5.586431 -7.299200 5.122464
v 5.475004 -7.299200 5.316232
v 5.587288 -7.353255 5.374957
v 5.693684 -7.353252 5.189809
v 5.458080 -7.352758 5.306499
v 5.569512 -7.352766 5.112734
v 5.594347 -7.296734 5.379013
v 5.700739 -7.296734 5.193863
v 5.696075 -7.268717 5.190990
v 5.589516 -7.268716 5.376431
v 5.680667 -7.242881 5.181612
v 5.573651 -7.242881 5.367843
v 5.658897 -7.231936 5.168387
v 5.551261 -7.231936 5.355699
v 5.494308 -7.232031 5.325878
v 5.604494 -7.232031 5.134273
v 5.582747 -7.243173 5.121057
v 5.471941 -7.243176 5.313743
v 5.567557 -7.268894 5.111801
v 5.456297 -7.268895 5.305280
v 5.562933 -7.296812 5.108952
v 5.451508 -7.296812 5.302720
v 6.192135 -7.339302 4.359294
v 5.111272 -7.339302 6.238751
v 6.192135 -7.314676 4.359294
v 5.111272 -7.314676 6.238751
v 6.625513 -7.339302 4.609505
v 5.544649 -7.339302 6.488962
v 6.625513 -7.314677 4.609505
v 5.544649 -7.314676 6.488962
v 6.163485 -7.352415 4.388267
v 6.163485 -7.301564 4.388267
v 6.573027 -7.352415 4.624716
v 6.573027 -7.301564 4.624716
v 6.149269 -7.352415 4.412891
v 6.149269 -7.301564 4.412891
v 6.558810 -7.352415 4.649340
v 6.558810 -7.301564 4.649340
v 5.183410 -7.352415 6.085806
v 5.183410 -7.301564 6.085806
v 5.592951 -7.352415 6.322255
v 5.592951 -7.301564 6.322255
v 5.169194 -7.352415 6.110431
v 5.169194 -7.301564 6.110431
v 5.578734 -7.352415 6.346880
v 5.578734 -7.301564 6.346880
v 5.525405 -7.352415 5.493454
v 5.525405 -7.301564 5.493454
v 5.934947 -7.352415 5.729902
v 5.934947 -7.301564 5.729902
v 5.511189 -7.352415 5.518078
v 5.511189 -7.301564 5.518078
v 5.920730 -7.352415 5.754527
v 5.920730 -7.301564 5.754527
v 5.840522 -7.352415 4.947656
v 5.840522 -7.301564 4.947656
v 6.250064 -7.352415 5.184104
v 6.250064 -7.301564 5.184104
v 5.826305 -7.352415 4.972280
v 5.826305 -7.301564 4.972280
v 6.235847 -7.352415 5.208729
v 6.235847 -7.301564 5.208729
v 5.456717 -7.314676 6.438195
v 6.537581 -7.314677 4.558738
v 6.537581 -7.339302 4.558738
v 5.456717 -7.339302 6.438195
v 6.521472 -7.332937 4.549437
v 6.521472 -7.357563 4.549437
v 5.440609 -7.332937 6.428895
v 5.440609 -7.357563 6.428895
v 6.063843 -8.106283 4.342397
v 6.070645 -8.113949 4.347145
v 6.059902 -8.113952 4.349233
v 5.034490 -8.106286 6.139411
v 5.038413 -8.113954 6.132573
v 5.041286 -8.113952 6.144155
v 5.038404 -8.071165 6.132564
v 5.034467 -8.078837 6.139393
v 5.041282 -8.071162 6.144150
v 6.059891 -8.071167 4.349229
v 6.070640 -8.071164 4.347143
v 6.063818 -8.078840 4.342381
v 6.108427 -8.106331 4.373637
v 6.104489 -8.114003 4.380466
v 6.101611 -8.114005 4.368880
v 5.079077 -8.106327 6.170649
v 5.072254 -8.114003 6.165886
v 5.083002 -8.114000 6.163802
v 6.104480 -8.071214 4.380457
v 6.108403 -8.078880 4.373618
v 6.101608 -8.071217 4.368876
v 5.082992 -8.071217 6.163797
v 5.072249 -8.071218 6.165885
v 5.079051 -8.078884 6.170632
v 6.063843 -9.336155 4.342397
v 6.070645 -9.343821 4.347145
v 6.059902 -9.343822 4.349233
v 5.034490 -9.336158 6.139411
v 5.038413 -9.343824 6.132573
v 5.041286 -9.343822 6.144155
v 5.038404 -9.301036 6.132564
v 5.034467 -9.308708 6.139393
v 5.041282 -9.301033 6.144150
v 6.059891 -9.301038 4.349228
v 6.070640 -9.301035 4.347143
v 6.063818 -9.308711 4.342381
v 6.108426 -9.336201 4.373637
v 6.104489 -9.343873 4.380466
v 6.101611 -9.343877 4.368879
v 5.079077 -9.336198 6.170649
v 5.072254 -9.343874 6.165886
v 5.083002 -9.343872 6.163802
v 6.104480 -9.301085 4.380457
v 6.108403 -9.308751 4.373618
v 6.101608 -9.301086 4.368876
v 5.082992 -9.301086 6.163797
v 5.072249 -9.301090 6.165885
v 5.079051 -9.308755 6.170632
v 6.193888 -7.407173 2.196766
v 6.210049 -7.407173 4.242603
v 6.210049 -7.332093 4.242603
v 6.193888 -7.332094 2.196766
v 6.111318 -7.407238 2.197511
v 6.127478 -7.407238 4.243349
v 6.111318 -7.332159 2.197511
v 6.127478 -7.332159 4.243349
v 6.215741 -7.333741 3.559170
v 6.221349 -7.333741 4.338618
v 6.107893 -7.333806 3.541773
v 6.113974 -7.333806 4.357647
v 6.194492 -7.258679 4.343378
v 6.221349 -7.299134 4.338618
v 6.207921 -7.264094 4.340998
v 6.217751 -7.278902 4.339256
v 6.215741 -7.299135 3.559170
v 6.188819 -7.258679 3.554827
v 6.212134 -7.278902 3.558589
v 6.202280 -7.264094 3.556999
v 6.134816 -7.258712 3.546116
v 6.107893 -7.299201 3.541773
v 6.121354 -7.264143 3.543945
v 6.111500 -7.278963 3.542355
v 6.113974 -7.299200 4.357647
v 6.140829 -7.258712 4.352888
v 6.117572 -7.278962 4.357010
v 6.127401 -7.264143 4.355268
v 6.187021 -9.597424 2.196609
v 6.193810 -9.597418 2.189692
v 6.186966 -9.604279 2.189754
v 6.183577 -7.339762 2.196642
v 6.183500 -7.332907 2.189788
v 6.190365 -7.339756 2.189725
v 6.182934 -7.332907 2.130689
v 6.182878 -7.339762 2.123834
v 6.189799 -7.339756 2.130627
v 6.186399 -9.604279 2.130655
v 6.193243 -9.597418 2.130594
v 6.186322 -9.597424 2.123801
v 6.207373 -9.597424 4.318065
v 6.214162 -9.597418 4.311149
v 6.207317 -9.604279 4.311212
v 6.203928 -7.339762 4.318099
v 6.203853 -7.332907 4.311245
v 6.210717 -7.339756 4.311182
v 6.203285 -7.332907 4.252145
v 6.203230 -7.339762 4.245291
v 6.210150 -7.339756 4.252084
v 6.206751 -9.604279 4.252112
v 6.213594 -9.597418 4.252050
v 6.206674 -9.597424 4.245257
v 6.118159 -9.597478 2.197231
v 6.118104 -9.604333 2.190376
v 6.111238 -9.597483 2.190438
v 6.114715 -7.339816 2.197264
v 6.107794 -7.339821 2.190471
v 6.114638 -7.332962 2.190409
v 6.117537 -9.604333 2.131277
v 6.117461 -9.597478 2.124423
v 6.110672 -9.597483 2.131339
v 6.114072 -7.332962 2.131310
v 6.107228 -7.339821 2.131373
v 6.114017 -7.339816 2.124456
v 6.138511 -9.597478 4.318687
v 6.138456 -9.604333 4.311833
v 6.131591 -9.597483 4.311894
v 6.135067 -7.339816 4.318721
v 6.128146 -7.339821 4.311929
v 6.134990 -7.332961 4.311866
v 6.137889 -9.604333 4.252734
v 6.137813 -9.597478 4.245880
v 6.131024 -9.597483 4.252796
v 6.134423 -7.332961 4.252768
v 6.127579 -7.339821 4.252830
v 6.134368 -7.339816 4.245914
v 6.181357 -7.948196 2.181964
v 6.173100 -7.955862 2.182754
v 6.181428 -7.955864 2.189854
v 6.194161 -7.948199 4.252873
v 6.194108 -7.955866 4.244988
v 6.185913 -7.955863 4.253662
v 6.194120 -7.913076 4.244985
v 6.194191 -7.920749 4.252868
v 6.185918 -7.913075 4.253659
v 6.181439 -7.913079 2.189855
v 6.173104 -7.913077 2.182755
v 6.181387 -7.920753 2.181963
v 6.127175 -7.948243 2.187247
v 6.127246 -7.955915 2.195129
v 6.135448 -7.955918 2.186454
v 6.139979 -7.948239 4.258152
v 6.148261 -7.955915 4.257359
v 6.139927 -7.955913 4.250259
v 6.127257 -7.913127 2.195125
v 6.127204 -7.920794 2.187242
v 6.135453 -7.913129 2.186453
v 6.139938 -7.913128 4.250261
v 6.148267 -7.913130 4.257361
v 6.140009 -7.920796 4.258151
v 6.107616 -7.333741 3.315262
v 6.106005 -7.333741 3.101727
v 6.215302 -7.333806 3.319475
v 6.213544 -7.333806 3.095961
v 6.107616 -7.299135 3.315262
v 6.106005 -7.299135 3.101727
v 6.109607 -7.278902 3.101534
v 6.111220 -7.278902 3.315403
v 6.119445 -7.264094 3.101005
v 6.121067 -7.264094 3.315787
v 6.132885 -7.258679 3.100282
v 6.134515 -7.258679 3.316311
v 6.188402 -7.258712 3.318426
v 6.186664 -7.258712 3.097405
v 6.200104 -7.264143 3.096683
v 6.201852 -7.264143 3.318950
v 6.209943 -7.278963 3.096154
v 6.211698 -7.278963 3.319334
v 6.213544 -7.299201 3.095961
v 6.215302 -7.299201 3.319475
v 6.088654 -7.353255 3.315406
v 6.087039 -7.353252 3.101871
v 6.234826 -7.352759 3.319321
v 6.233060 -7.352767 3.095807
v 6.080513 -7.296735 3.315467
v 6.078901 -7.296735 3.101932
v 6.084374 -7.268718 3.101724
v 6.085989 -7.268717 3.315594
v 6.102404 -7.242881 3.101134
v 6.104027 -7.242881 3.315916
v 6.127862 -7.231937 3.100320
v 6.129494 -7.231936 3.316349
v 6.193751 -7.232032 3.318383
v 6.192008 -7.232032 3.097363
v 6.217443 -7.243173 3.096546
v 6.219194 -7.243176 3.318813
v 6.235221 -7.268895 3.095955
v 6.236977 -7.268896 3.319135
v 6.240649 -7.296812 3.095748
v 6.242406 -7.296812 3.319262
v 6.061334 -7.339302 2.133600
v 6.078460 -7.339302 4.301624
v 6.061334 -7.314677 2.133600
v 6.078460 -7.314676 4.301624
v 5.560935 -7.339302 2.138401
v 5.578061 -7.339302 4.306426
v 5.560935 -7.314677 2.138401
v 5.578061 -7.314676 4.306426
v 6.072037 -7.352415 2.172915
v 6.072037 -7.301564 2.172915
v 5.599162 -7.352415 2.177451
v 5.599162 -7.301564 2.177451
v 6.072309 -7.352415 2.201348
v 6.072309 -7.301564 2.201348
v 5.599434 -7.352415 2.205884
v 5.599434 -7.301564 2.205884
v 6.090841 -7.352415 4.132975
v 6.090841 -7.301564 4.132975
v 5.617966 -7.352415 4.137511
v 5.617966 -7.301564 4.137511
v 6.091114 -7.352415 4.161407
v 6.091114 -7.301564 4.161407
v 5.618238 -7.352415 4.165944
v 5.618238 -7.301564 4.165944
v 6.084280 -7.352415 3.449016
v 6.084280 -7.301564 3.449016
v 5.611404 -7.352415 3.453552
v 5.611404 -7.301564 3.453552
v 6.084552 -7.352415 3.477449
v 6.084552 -7.301564 3.477449
v 5.611676 -7.352415 3.481985
v 5.611676 -7.301564 3.481985
v 6.078234 -7.352415 2.818812
v 6.078234 -7.301564 2.818812
v 5.605357 -7.352415 2.823349
v 5.605357 -7.301564 2.823349
v 6.078506 -7.352415 2.847245
v 6.078506 -7.301564 2.847245
v 5.605630 -7.352415 2.851781
v 5.605630 -7.301564 2.851781
v 5.679592 -7.314676 4.305452
v 5.662466 -7.314677 2.137427
v 5.662466 -7.339302 2.137427
v 5.679592 -7.339302 4.305452
v 5.681066 -7.332937 2.137249
v 5.681066 -7.357563 2.137249
v 5.698192 -7.332937 4.305273
v 5.698192 -7.357563 4.305273
v 6.181357 -8.106283 2.181964
v 6.173100 -8.113949 2.182754
v 6.181428 -8.113952 2.189854
v 6.194161 -8.106286 4.252873
v 6.194108 -8.113954 4.244988
v 6.185913 -8.113952 4.253662
v 6.194120 -8.071164 4.244985
v 6.194191 -8.078836 4.252868
v 6.185918 -8.071162 4.253659
v 6.181439 -8.071167 2.189855
v 6.173104 -8.071164 2.182755
v 6.181387 -8.078840 2.181963
v 6.127175 -8.106331 2.187247
v 6.127246 -8.114003 2.195129
v 6.135448 -8.114005 2.186454
v 6.139979 -8.106327 4.258152
v 6.148261 -8.114003 4.257359
v 6.139927 -8.114000 4.250259
v 6.127257 -8.071214 2.195125
v 6.127204 -8.078880 2.187242
v 6.135453 -8.071217 2.186453
v 6.139938 -8.071217 4.250261
v 6.148267 -8.071218 4.257361
v 6.140009 -8.078884 4.258151
v 6.181356 -9.336155 2.181964
v 6.173100 -9.343821 2.182754
v 6.181428 -9.343822 2.189854
v 6.194161 -9.336158 4.252872
v 6.194108 -9.343824 4.244988
v 6.185913 -9.343822 4.253662
v 6.194120 -9.301035 4.244985
v 6.194191 -9.308708 4.252868
v 6.185918 -9.301032 4.253659
v 6.181439 -9.301038 2.189855
v 6.173104 -9.301035 2.182755
v 6.181386 -9.308711 2.181963
v 6.127175 -9.336201 2.187247
v 6.127246 -9.343873 2.195129
v 6.135448 -9.343877 2.186454
v 6.139979 -9.336198 4.258152
v 6.148261 -9.343873 4.257359
v 6.139927 -9.343872 4.250259
v 6.127257 -9.301085 2.195125
v 6.127204 -9.308751 2.187242
v 6.135453 -9.301086 2.186453
v 6.139938 -9.301086 4.250261
v 6.148267 -9.301089 4.257361
v 6.140009 -9.308755 4.258151
v 5.016263 -7.407173 0.241324
v 6.042213 -7.407173 2.011392
v 6.042213 -7.332094 2.011392
v 5.016263 -7.332094 0.241324
v 5.087750 -7.407238 0.199997
v 6.113701 -7.407238 1.970065
v 5.087750 -7.332159 0.199997
v 6.113701 -7.332159 1.970065
v 5.689933 -7.333741 1.425720
v 6.081284 -7.333741 2.099823
v 5.773967 -7.333806 1.355920
v 6.183427 -7.333806 2.061634
v 6.106832 -7.258679 2.090271
v 6.081284 -7.299135 2.099823
v 6.094058 -7.264094 2.095047
v 6.084707 -7.278902 2.098543
v 5.689933 -7.299135 1.425720
v 5.710910 -7.258679 1.408296
v 5.692743 -7.278902 1.423386
v 5.700421 -7.264094 1.417008
v 5.752989 -7.258712 1.373345
v 5.773967 -7.299201 1.355920
v 5.763478 -7.264143 1.364632
v 5.771156 -7.278963 1.358255
v 6.183427 -7.299201 2.061634
v 6.157880 -7.258712 2.071185
v 6.180004 -7.278963 2.062913
v 6.170653 -7.264143 2.066409
v 5.022096 -9.597424 0.237700
v 5.012734 -9.597418 0.235193
v 5.018660 -9.604279 0.231768
v 5.025080 -7.339762 0.235977
v 5.021661 -7.332907 0.230035
v 5.015718 -7.339756 0.233471
v 4.992110 -7.332907 0.178852
v 4.988675 -7.339762 0.172920
v 4.986167 -7.339756 0.182288
v 4.989109 -9.604279 0.180584
v 4.983184 -9.597418 0.184010
v 4.985691 -9.597424 0.174643
v 6.082874 -9.597424 2.075019
v 6.073512 -9.597418 2.072514
v 6.079437 -9.604279 2.069089
v 6.085857 -7.339762 2.073298
v 6.082438 -7.332907 2.067356
v 6.076495 -7.339756 2.070792
v 6.052888 -7.332907 2.016172
v 6.049452 -7.339762 2.010241
v 6.046945 -7.339756 2.019608
v 6.049887 -9.604279 2.017905
v 6.043962 -9.597418 2.021331
v 6.046469 -9.597424 2.011963
v 5.081715 -9.597478 0.203233
v 5.078279 -9.604333 0.197302
v 5.084222 -9.597483 0.193866
v 5.084699 -7.339816 0.201511
v 5.087206 -7.339821 0.192143
v 5.081280 -7.332962 0.195569
v 5.048728 -9.604333 0.146118
v 5.045310 -9.597478 0.140177
v 5.054671 -9.597483 0.142682
v 5.051729 -7.332962 0.144386
v 5.057655 -7.339821 0.140960
v 5.048293 -7.339816 0.138455
v 6.142493 -9.597478 2.040554
v 6.139056 -9.604333 2.034623
v 6.145000 -9.597483 2.031187
v 6.145476 -7.339816 2.038831
v 6.147983 -7.339821 2.029464
v 6.142057 -7.332962 2.032890
v 6.109506 -9.604333 1.983439
v 6.106088 -9.597478 1.977498
v 6.115449 -9.597483 1.980003
v 6.112507 -7.332962 1.981707
v 6.118433 -7.339821 1.978281
v 6.109071 -7.339816 1.975775
v 5.019531 -7.948196 0.222208
v 5.027043 -7.955862 0.218691
v 5.023480 -7.955864 0.229039
v 6.061114 -7.948200 2.012161
v 6.057153 -7.955866 2.005345
v 6.068620 -7.955863 2.008647
v 6.057141 -7.913077 2.005347
v 6.061087 -7.920750 2.012172
v 6.068614 -7.913075 2.008649
v 5.023471 -7.913079 0.229046
v 5.027040 -7.913077 0.218694
v 5.019505 -7.920753 0.222222
v 5.068876 -7.948243 0.199217
v 5.072822 -7.955915 0.206042
v 5.061349 -7.955918 0.202741
v 6.110459 -7.948240 1.989167
v 6.102924 -7.955916 1.992695
v 6.106493 -7.955914 1.982343
v 5.072811 -7.913127 0.206044
v 5.068849 -7.920794 0.199228
v 5.061344 -7.913129 0.202741
v 6.106484 -7.913129 1.982350
v 6.102921 -7.913131 1.992698
v 6.110433 -7.920796 1.989181
v 5.659073 -7.333741 1.160711
v 5.551924 -7.333741 0.975998
v 5.568478 -7.333806 1.219074
v 5.456382 -7.333806 1.025692
v 5.659073 -7.299135 1.160711
v 5.551924 -7.299135 0.975998
v 5.548724 -7.278902 0.977661
v 5.656041 -7.278902 1.162664
v 5.539983 -7.264094 0.982207
v 5.647757 -7.264094 1.168000
v 5.528042 -7.258679 0.988417
v 5.636442 -7.258679 1.175287
v 5.591109 -7.258712 1.204498
v 5.480265 -7.258712 1.013274
v 5.468324 -7.264143 1.019482
v 5.579794 -7.264143 1.211785
v 5.459581 -7.278963 1.024028
v 5.571509 -7.278963 1.217121
v 5.456382 -7.299201 1.025692
v 5.568477 -7.299201 1.219074
v 5.675476 -7.353255 1.151196
v 5.568331 -7.353252 0.966480
v 5.551586 -7.352759 1.228865
v 5.439497 -7.352767 1.035480
v 5.682518 -7.296735 1.147112
v 5.575370 -7.296735 0.962398
v 5.570550 -7.268718 0.965001
v 5.677867 -7.268717 1.150004
v 5.554724 -7.242881 0.973656
v 5.662497 -7.242881 1.159449
v 5.532386 -7.231937 0.985896
v 5.640785 -7.231936 1.172767
v 5.586482 -7.232032 1.207180
v 5.475641 -7.232032 1.015954
v 5.453322 -7.243173 1.028178
v 5.564789 -7.243176 1.220483
v 5.437711 -7.268895 1.036705
v 5.549639 -7.268896 1.229799
v 5.432931 -7.296812 1.039285
v 5.545026 -7.296812 1.232667
v 5.098311 -7.339302 0.119552
v 6.185535 -7.339302 1.995336
v 5.098311 -7.314677 0.119552
v 6.185535 -7.314677 1.995336
v 5.531688 -7.339302 -0.130659
v 6.618914 -7.339302 1.745125
v 5.531688 -7.314677 -0.130659
v 6.618914 -7.314677 1.745125
v 5.109076 -7.352415 0.158850
v 5.109076 -7.301564 0.158850
v 5.518618 -7.352415 -0.077599
v 5.518618 -7.301564 -0.077599
v 5.123293 -7.352415 0.183474
v 5.123293 -7.301564 0.183474
v 5.532834 -7.352415 -0.052974
v 5.532834 -7.301564 -0.052974
v 6.089150 -7.352415 1.856390
v 6.089150 -7.301564 1.856390
v 6.498692 -7.352415 1.619941
v 6.498692 -7.301564 1.619941
v 6.103368 -7.352415 1.881014
v 6.103368 -7.301564 1.881014
v 6.512909 -7.352415 1.644566
v 6.512909 -7.301564 1.644566
v 5.747156 -7.352415 1.264037
v 5.747156 -7.301564 1.264037
v 6.156697 -7.352415 1.027588
v 6.156697 -7.301564 1.027588
v 5.761373 -7.352415 1.288661
v 5.761373 -7.301564 1.288661
v 6.170915 -7.352415 1.052212
v 6.170915 -7.301564 1.052212
v 5.432039 -7.352415 0.718238
v 5.432039 -7.301564 0.718238
v 5.841581 -7.352415 0.481790
v 5.841581 -7.301564 0.481790
v 5.446257 -7.352415 0.742863
v 5.446257 -7.301564 0.742863
v 5.855798 -7.352415 0.506414
v 5.855798 -7.301564 0.506414
v 6.530982 -7.314677 1.795893
v 5.443756 -7.314677 -0.079891
v 5.443756 -7.339302 -0.079891
v 6.530982 -7.339302 1.795893
v 5.427648 -7.332937 -0.070591
v 5.427648 -7.357563 -0.070591
v 6.514874 -7.332937 1.805194
v 6.514874 -7.357563 1.805194
v 5.019531 -8.106283 0.222208
v 5.027043 -8.113949 0.218691
v 5.023480 -8.113952 0.229039
v 6.061114 -8.106286 2.012161
v 6.057153 -8.113954 2.005345
v 6.068620 -8.113952 2.008647
v 6.057141 -8.071164 2.005347
v 6.061087 -8.078836 2.012172
v 6.068614 -8.071162 2.008649
v 5.023471 -8.071167 0.229046
v 5.027040 -8.071164 0.218694
v 5.019505 -8.078840 0.222222
v 5.068876 -8.106331 0.199217
v 5.072822 -8.114003 0.206042
v 5.061349 -8.114005 0.202741
v 6.110459 -8.106327 1.989167
v 6.102924 -8.114003 1.992695
v 6.106493 -8.114000 1.982343
v 5.072811 -8.071214 0.206044
v 5.068849 -8.078880 0.199228
v 5.061344 -8.071217 0.202741
v 6.106484 -8.071217 1.982350
v 6.102921 -8.071218 1.992698
v 6.110433 -8.078884 1.989181
v 5.019531 -9.336155 0.222208
v 5.027043 -9.343821 0.218691
v 5.023480 -9.343822 0.229039
v 6.061114 -9.336158 2.012161
v 6.057153 -9.343824 2.005345
v 6.068620 -9.343822 2.008647
v 6.057141 -9.301035 2.005347
v 6.061087 -9.308708 2.012172
v 6.068614 -9.301032 2.008649
v 5.023471 -9.301038 0.229046
v 5.027040 -9.301035 0.218694
v 5.019505 -9.308711 0.222222
v 5.068876 -9.336201 0.199218
v 5.072822 -9.343873 0.206042
v 5.061350 -9.343877 0.202741
v 6.110459 -9.336198 1.989167
v 6.102924 -9.343873 1.992694
v 6.106493 -9.343872 1.982343
v 5.072811 -9.301085 0.206044
v 5.068849 -9.308751 0.199229
v 5.061344 -9.301086 0.202741
v 6.106484 -9.301086 1.982350
v 6.102921 -9.301089 1.992698
v 6.110433 -9.308755 1.989181
v 3.135919 -7.407173 -0.885452
v 4.909452 -7.407173 0.134496
v 4.909452 -7.332094 0.134496
v 3.135919 -7.332093 -0.885452
v 3.177166 -7.407238 -0.956987
v 4.950699 -7.407238 0.062961
v 3.177166 -7.332159 -0.956987
v 4.950699 -7.332159 0.062961
v 4.311532 -7.333741 -0.196571
v 4.987504 -7.333741 0.191543
v 4.349409 -7.333806 -0.299037
v 5.056868 -7.333806 0.107399
v 5.004853 -7.258679 0.170497
v 4.987504 -7.299135 0.191543
v 4.996179 -7.264094 0.181020
v 4.989829 -7.278902 0.188723
v 4.311532 -7.299135 -0.196571
v 4.320987 -7.258679 -0.222149
v 4.312799 -7.278902 -0.199998
v 4.316260 -7.264094 -0.209360
v 4.339953 -7.258712 -0.273457
v 4.349409 -7.299201 -0.299037
v 4.344681 -7.264143 -0.286246
v 4.348142 -7.278963 -0.295610
v 5.056868 -7.299201 0.107399
v 5.039519 -7.258712 0.128444
v 5.054543 -7.278963 0.110219
v 5.048193 -7.264143 0.117922
v 3.139159 -9.597424 -0.891509
v 3.129798 -9.597418 -0.888998
v 3.133216 -9.604279 -0.894927
v 3.140881 -7.339762 -0.894492
v 3.134950 -7.332907 -0.897928
v 3.131521 -7.339756 -0.891981
v 3.083766 -7.332907 -0.927479
v 3.077825 -7.339762 -0.930898
v 3.080337 -7.339756 -0.921531
v 3.082033 -9.604279 -0.924478
v 3.078615 -9.597418 -0.918549
v 3.076102 -9.597424 -0.927915
v 4.976480 -9.597424 0.169269
v 4.967119 -9.597418 0.171780
v 4.970537 -9.604279 0.165850
v 4.978202 -7.339762 0.166286
v 4.972271 -7.332907 0.162849
v 4.968841 -7.339756 0.168796
v 4.921087 -7.332907 0.133297
v 4.915145 -7.339762 0.129880
v 4.917658 -7.339756 0.139245
v 4.919354 -9.604279 0.136299
v 4.915935 -9.597418 0.142229
v 4.913423 -9.597424 0.132863
v 3.173557 -9.597478 -0.951167
v 3.167616 -9.604333 -0.954585
v 3.171045 -9.597483 -0.960533
v 3.175279 -7.339816 -0.954150
v 3.172767 -7.339821 -0.963516
v 3.169348 -7.332962 -0.957586
v 3.116432 -9.604333 -0.984136
v 3.110501 -9.597478 -0.987572
v 3.119861 -9.597483 -0.990084
v 3.118165 -7.332962 -0.987137
v 3.121584 -7.339821 -0.993066
v 3.112223 -7.339816 -0.990555
v 5.010878 -9.597478 0.109611
v 5.004937 -9.604333 0.106193
v 5.008365 -9.597483 0.100246
v 5.012600 -7.339816 0.106627
v 5.010087 -7.339821 0.097261
v 5.006669 -7.332962 0.103191
v 4.953753 -9.604333 0.076642
v 4.947822 -9.597478 0.073205
v 4.957182 -9.597483 0.070694
v 4.955486 -7.332962 0.073640
v 4.958905 -7.339821 0.067711
v 4.949544 -7.339816 0.070221
v 3.129191 -7.948196 -0.903642
v 3.133939 -7.955862 -0.910443
v 3.136026 -7.955864 -0.899700
v 4.926206 -7.948200 0.125710
v 4.919367 -7.955866 0.121788
v 4.930949 -7.955863 0.118916
v 4.919358 -7.913077 0.121797
v 4.926187 -7.920750 0.125734
v 4.930944 -7.913075 0.118919
v 3.136022 -7.913079 -0.899690
v 3.133937 -7.913076 -0.910439
v 3.129175 -7.920753 -0.903616
v 3.160430 -7.948243 -0.948225
v 3.167259 -7.955915 -0.944288
v 3.155674 -7.955918 -0.941410
v 4.957442 -7.948240 0.081125
v 4.952681 -7.955916 0.087948
v 4.950596 -7.955914 0.077199
v 3.167251 -7.913127 -0.944280
v 3.160412 -7.920794 -0.948202
v 3.155669 -7.913129 -0.941407
v 4.950591 -7.913129 0.077209
v 4.952679 -7.913131 0.087953
v 4.957427 -7.920796 0.081151
v 4.152303 -7.333741 -0.410645
v 3.967153 -7.333741 -0.517038
v 4.103026 -7.333806 -0.314804
v 3.909257 -7.333806 -0.426229
v 4.152303 -7.299135 -0.410645
v 3.967153 -7.299135 -0.517038
v 3.965214 -7.278902 -0.513997
v 4.150653 -7.278902 -0.407438
v 3.959916 -7.264094 -0.505689
v 4.146147 -7.264094 -0.398675
v 3.952679 -7.258679 -0.494341
v 4.139991 -7.258679 -0.386707
v 4.115337 -7.258712 -0.338743
v 3.923732 -7.258712 -0.448925
v 3.916494 -7.264143 -0.437578
v 4.109181 -7.264143 -0.326774
v 3.911197 -7.278963 -0.429271
v 4.104675 -7.278963 -0.318011
v 3.909257 -7.299201 -0.426229
v 4.103026 -7.299201 -0.314803
v 4.161751 -7.353255 -0.427087
v 3.976603 -7.353252 -0.533483
v 4.093292 -7.352759 -0.297878
v 3.899529 -7.352767 -0.409311
v 4.165807 -7.296735 -0.434146
v 3.980657 -7.296735 -0.540538
v 3.977785 -7.268718 -0.535874
v 4.163225 -7.268717 -0.429315
v 3.968406 -7.242881 -0.520465
v 4.154637 -7.242881 -0.413450
v 3.955181 -7.231937 -0.498696
v 4.142493 -7.231936 -0.391060
v 4.112671 -7.232032 -0.334107
v 3.921067 -7.232032 -0.444293
v 3.907851 -7.243173 -0.422546
v 4.100536 -7.243176 -0.311739
v 3.898595 -7.268895 -0.407356
v 4.092073 -7.268896 -0.296096
v 3.895745 -7.296812 -0.402732
v 4.089513 -7.296812 -0.291306
v 3.146088 -7.339302 -1.031934
v 5.025545 -7.339302 0.048929
v 3.146088 -7.314677 -1.031934
v 5.025545 -7.314677 0.048929
v 3.396299 -7.339302 -1.465312
v 5.275756 -7.339302 -0.384449
v 3.396299 -7.314677 -1.465312
v 5.275756 -7.314677 -0.384449
v 3.175061 -7.352415 -1.003284
v 3.175061 -7.301564 -1.003284
v 3.411509 -7.352415 -1.412826
v 3.411509 -7.301564 -1.412826
v 3.199685 -7.352415 -0.989067
v 3.199685 -7.301564 -0.989067
v 3.436134 -7.352415 -1.398609
v 3.436134 -7.301564 -1.398609
v 4.872601 -7.352415 -0.023209
v 4.872601 -7.301564 -0.023209
v 5.109049 -7.352415 -0.432750
v 5.109049 -7.301564 -0.432750
v 4.897225 -7.352415 -0.008992
v 4.897225 -7.301564 -0.008992
v 5.133674 -7.352415 -0.418533
v 5.133674 -7.301564 -0.418533
v 4.280247 -7.352415 -0.365204
v 4.280247 -7.301564 -0.365204
v 4.516696 -7.352415 -0.774745
v 4.516696 -7.301564 -0.774745
v 4.304873 -7.352415 -0.350987
v 4.304873 -7.301564 -0.350987
v 4.541321 -7.352415 -0.760529
v 4.541321 -7.301564 -0.760529
v 3.734449 -7.352415 -0.680321
v 3.734449 -7.301564 -0.680321
v 3.970898 -7.352415 -1.089862
v 3.970898 -7.301564 -1.089862
v 3.759074 -7.352415 -0.666104
v 3.759074 -7.301564 -0.666104
v 3.995523 -7.352415 -1.075645
v 3.995523 -7.301564 -1.075645
v 5.224988 -7.314677 -0.296516
v 3.345531 -7.314677 -1.377380
v 3.345531 -7.339302 -1.377380
v 5.224988 -7.339302 -0.296516
v 3.336231 -7.332937 -1.361271
v 3.336231 -7.357563 -1.361271
v 5.215689 -7.332937 -0.280408
v 5.215689 -7.357563 -0.280408
v 3.129191 -8.106283 -0.903642
v 3.133939 -8.113949 -0.910443
v 3.136026 -8.113952 -0.899700
v 4.926206 -8.106286 0.125710
v 4.919367 -8.113954 0.121788
v 4.930949 -8.113952 0.118916
v 4.919358 -8.071164 0.121797
v 4.926187 -8.078836 0.125734
v 4.930944 -8.071162 0.118919
v 3.136022 -8.071167 -0.899690
v 3.133937 -8.071164 -0.910439
v 3.129175 -8.078840 -0.903616
v 3.160430 -8.106331 -0.948225
v 3.167259 -8.114003 -0.944288
v 3.155674 -8.114005 -0.941410
v 4.957442 -8.106327 0.081125
v 4.952681 -8.114003 0.087948
v 4.950596 -8.114000 0.077199
v 3.167251 -8.071214 -0.944280
v 3.160412 -8.078880 -0.948202
v 3.155669 -8.071217 -0.941407
v 4.950591 -8.071217 0.077209
v 4.952679 -8.071218 0.087953
v 4.957427 -8.078884 0.081151
v 3.129191 -9.336155 -0.903642
v 3.133939 -9.343821 -0.910443
v 3.136027 -9.343822 -0.899701
v 4.926206 -9.336158 0.125710
v 4.919367 -9.343824 0.121789
v 4.930949 -9.343822 0.118916
v 4.919358 -9.301035 0.121797
v 4.926187 -9.308708 0.125734
v 4.930944 -9.301032 0.118920
v 3.136022 -9.301038 -0.899690
v 3.133937 -9.301035 -0.910439
v 3.129175 -9.308711 -0.903617
v 3.160431 -9.336201 -0.948225
v 3.167260 -9.343873 -0.944288
v 3.155674 -9.343877 -0.941410
v 4.957443 -9.336198 0.081125
v 4.952681 -9.343873 0.087948
v 4.950596 -9.343872 0.077199
v 3.167251 -9.301085 -0.944280
v 3.160412 -9.308751 -0.948202
v 3.155669 -9.301086 -0.941407
v 4.950592 -9.301086 0.077209
v 4.952679 -9.301089 0.087953
v 4.957427 -9.308755 0.081151
v 0.944106 -7.407173 -0.921098
v 2.990005 -7.407173 -0.924563
v 2.990005 -7.332093 -0.924563
v 0.944106 -7.332093 -0.921098
v 0.944060 -7.407238 -1.003672
v 2.989959 -7.407238 -1.007137
v 0.944060 -7.332159 -1.003672
v 2.989959 -7.332159 -1.007137
v 2.306658 -7.333741 -0.912315
v 3.086124 -7.333741 -0.914184
v 2.288227 -7.333806 -1.019991
v 3.104122 -7.333806 -1.021738
v 3.090626 -7.258679 -0.941085
v 3.086124 -7.299134 -0.914184
v 3.088375 -7.264094 -0.927635
v 3.086727 -7.278902 -0.917788
v 2.306658 -7.299134 -0.912315
v 2.302058 -7.258679 -0.939194
v 2.306042 -7.278902 -0.915916
v 2.304358 -7.264094 -0.925755
v 2.292828 -7.258712 -0.993111
v 2.288227 -7.299200 -1.019991
v 2.290528 -7.264143 -1.006551
v 2.288844 -7.278962 -1.016390
v 3.104122 -7.299201 -1.021738
v 3.099621 -7.258712 -0.994837
v 3.103519 -7.278963 -1.018133
v 3.101872 -7.264143 -1.008287
v 0.943884 -9.597425 -0.927963
v 0.937033 -9.597419 -0.921107
v 0.937029 -9.604280 -0.927952
v 0.943884 -7.339762 -0.931407
v 0.937029 -7.332907 -0.931417
v 0.937033 -7.339756 -0.924553
v 0.877927 -7.332907 -0.931418
v 0.871072 -7.339762 -0.931407
v 0.877931 -7.339756 -0.924552
v 0.877928 -9.604280 -0.927952
v 0.877931 -9.597419 -0.921108
v 0.871072 -9.597425 -0.927963
v 3.065439 -9.597424 -0.927963
v 3.058588 -9.597418 -0.921108
v 3.058584 -9.604279 -0.927952
v 3.065439 -7.339762 -0.931407
v 3.058584 -7.332907 -0.931418
v 3.058588 -7.339756 -0.924552
v 2.999482 -7.332907 -0.931418
v 2.992627 -7.339762 -0.931407
v 2.999486 -7.339756 -0.924552
v 2.999482 -9.604279 -0.927952
v 2.999486 -9.597418 -0.921108
v 2.992627 -9.597424 -0.927963
v 0.943845 -9.597478 -0.996827
v 0.936990 -9.604333 -0.996817
v 0.936986 -9.597484 -1.003682
v 0.943845 -7.339816 -1.000271
v 0.936986 -7.339821 -1.007127
v 0.936990 -7.332961 -1.000283
v 0.877889 -9.604333 -0.996816
v 0.871034 -9.597478 -0.996827
v 0.877885 -9.597484 -1.003682
v 0.877889 -7.332961 -1.000282
v 0.877885 -7.339821 -1.007126
v 0.871034 -7.339816 -1.000271
v 3.065400 -9.597478 -0.996827
v 3.058545 -9.604333 -0.996816
v 3.058542 -9.597483 -1.003682
v 3.065400 -7.339816 -1.000272
v 3.058541 -7.339821 -1.007127
v 3.058545 -7.332961 -1.000282
v 2.999444 -9.604333 -0.996817
v 2.992589 -9.597478 -0.996827
v 2.999440 -9.597483 -1.003682
v 2.999444 -7.332961 -1.000283
v 2.999440 -7.339821 -1.007127
v 2.992589 -7.339816 -1.000272
v 0.929185 -7.948196 -0.933486
v 0.929896 -7.955862 -0.941751
v 0.937075 -7.955864 -0.933490
v 3.000121 -7.948199 -0.940548
v 2.992238 -7.955866 -0.940525
v 3.000831 -7.955863 -0.948804
v 2.992234 -7.913076 -0.940514
v 3.000117 -7.920749 -0.940518
v 3.000829 -7.913075 -0.948799
v 0.937077 -7.913080 -0.933479
v 0.929897 -7.913076 -0.941746
v 0.929184 -7.920753 -0.933456
v 0.933948 -7.948243 -0.987716
v 0.941831 -7.955915 -0.987721
v 0.933235 -7.955918 -0.979435
v 3.004881 -7.948239 -0.994779
v 3.004168 -7.955915 -0.986489
v 2.996989 -7.955913 -0.994755
v 0.941827 -7.913126 -0.987710
v 0.933944 -7.920794 -0.987687
v 0.933233 -7.913129 -0.979431
v 2.996989 -7.913128 -0.994744
v 3.004169 -7.913130 -0.986484
v 3.004879 -7.920796 -0.994749
v 2.061724 -7.333741 -1.018094
v 1.848184 -7.333741 -1.017658
v 2.066970 -7.333806 -0.910455
v 1.843449 -7.333806 -0.910069
v 2.061724 -7.299134 -1.018094
v 1.848184 -7.299134 -1.017658
v 1.848025 -7.278902 -1.014054
v 2.061900 -7.278902 -1.014492
v 1.847590 -7.264094 -1.004211
v 2.062378 -7.264094 -1.004650
v 1.846997 -7.258679 -0.990766
v 2.063031 -7.258679 -0.991207
v 2.065662 -7.258712 -0.937343
v 1.844635 -7.258712 -0.936960
v 1.844042 -7.264143 -0.923514
v 2.066316 -7.264143 -0.923899
v 1.843608 -7.278962 -0.913672
v 2.066795 -7.278962 -0.914057
v 1.843449 -7.299200 -0.910068
v 2.066970 -7.299200 -0.910455
v 2.061686 -7.353255 -1.037057
v 1.848145 -7.353252 -1.036625
v 2.067003 -7.352758 -0.890930
v 1.843482 -7.352766 -0.890552
v 2.061669 -7.296734 -1.045198
v 1.848128 -7.296734 -1.044762
v 1.847973 -7.268717 -1.039287
v 2.061848 -7.268716 -1.039724
v 1.847555 -7.242881 -1.021253
v 2.062343 -7.242881 -1.021691
v 1.846987 -7.231936 -0.995788
v 2.063021 -7.231936 -0.996228
v 2.065672 -7.232031 -0.931994
v 1.844645 -7.232031 -0.931616
v 1.844072 -7.243173 -0.906175
v 2.066346 -7.243176 -0.906556
v 1.843651 -7.268894 -0.888392
v 2.066838 -7.268895 -0.888777
v 1.843496 -7.296812 -0.882963
v 2.067017 -7.296812 -0.883349
v 0.879673 -7.339302 -1.053039
v 3.047761 -7.339302 -1.056712
v 0.879673 -7.314676 -1.053039
v 3.047761 -7.314676 -1.056712
v 0.879672 -7.339302 -1.553461
v 3.047762 -7.339302 -1.557134
v 0.879672 -7.314676 -1.553461
v 3.047762 -7.314677 -1.557134
v 0.919088 -7.352415 -1.042714
v 0.919088 -7.301564 -1.042714
v 0.919088 -7.352415 -1.515611
v 0.919088 -7.301564 -1.515611
v 0.947522 -7.352415 -1.042714
v 0.947522 -7.301564 -1.042714
v 0.947522 -7.352415 -1.515611
v 0.947522 -7.301564 -1.515611
v 2.879238 -7.352415 -1.042714
v 2.879238 -7.301564 -1.042714
v 2.879238 -7.352415 -1.515611
v 2.879238 -7.301564 -1.515611
v 2.907672 -7.352415 -1.042714
v 2.907672 -7.301564 -1.042714
v 2.907672 -7.352415 -1.515611
v 2.907672 -7.301564 -1.515611
v 2.195248 -7.352415 -1.042713
v 2.195248 -7.301564 -1.042713
v 2.195248 -7.352415 -1.515611
v 2.195248 -7.301564 -1.515611
v 2.223682 -7.352415 -1.042714
v 2.223682 -7.301564 -1.042714
v 2.223682 -7.352415 -1.515611
v 2.223682 -7.301564 -1.515611
v 1.565015 -7.352415 -1.042714
v 1.565015 -7.301564 -1.042714
v 1.565015 -7.352415 -1.515611
v 1.565015 -7.301564 -1.515611
v 1.593449 -7.352415 -1.042714
v 1.593449 -7.301564 -1.042714
v 1.593449 -7.352415 -1.515612
v 1.593449 -7.301564 -1.515612
v 3.047762 -7.314677 -1.455599
v 0.879673 -7.314676 -1.451926
v 0.879673 -7.339302 -1.451926
v 3.047762 -7.339302 -1.455599
v 0.879673 -7.332937 -1.433325
v 0.879673 -7.357563 -1.433325
v 3.047761 -7.332937 -1.436999
v 3.047761 -7.357563 -1.436999
v 0.929185 -8.106283 -0.933486
v 0.929896 -8.113949 -0.941751
v 0.937076 -8.113952 -0.933490
v 3.000121 -8.106286 -0.940548
v 2.992238 -8.113954 -0.940525
v 3.000831 -8.113952 -0.948804
v 2.992234 -8.071164 -0.940514
v 3.000117 -8.078836 -0.940518
v 3.000829 -8.071162 -0.948799
v 0.937077 -8.071167 -0.933479
v 0.929897 -8.071164 -0.941746
v 0.929184 -8.078841 -0.933456
v 0.933948 -8.106331 -0.987716
v 0.941831 -8.114003 -0.987721
v 0.933235 -8.114006 -0.979435
v 3.004881 -8.106327 -0.994779
v 3.004168 -8.114003 -0.986489
v 2.996989 -8.114000 -0.994755
v 0.941827 -8.071215 -0.987710
v 0.933944 -8.078880 -0.987687
v 0.933233 -8.071217 -0.979431
v 2.996989 -8.071217 -0.994744
v 3.004169 -8.071218 -0.986484
v 3.004879 -8.078884 -0.994749
v 0.929185 -9.336155 -0.933486
v 0.929896 -9.343821 -0.941751
v 0.937075 -9.343823 -0.933490
v 3.000121 -9.336158 -0.940548
v 2.992238 -9.343824 -0.940525
v 3.000832 -9.343822 -0.948804
v 2.992235 -9.301035 -0.940514
v 3.000117 -9.308708 -0.940518
v 3.000829 -9.301032 -0.948799
v 0.937077 -9.301038 -0.933479
v 0.929897 -9.301035 -0.941746
v 0.929184 -9.308711 -0.933456
v 0.933948 -9.336202 -0.987716
v 0.941831 -9.343874 -0.987721
v 0.933235 -9.343877 -0.979435
v 3.004881 -9.336198 -0.994779
v 3.004168 -9.343873 -0.986489
v 2.996988 -9.343872 -0.994755
v 0.941827 -9.301085 -0.987710
v 0.933944 -9.308752 -0.987687
v 0.933233 -9.301087 -0.979431
v 2.996990 -9.301086 -0.994744
v 3.004169 -9.301089 -0.986484
v 3.004880 -9.308755 -0.994749
v -0.971882 -7.407173 0.143939
v 0.798185 -7.407173 -0.882012
v 0.798185 -7.332093 -0.882012
v -0.971882 -7.332093 0.143939
v -1.013209 -7.407238 0.072451
v 0.756858 -7.407238 -0.953500
v -1.013209 -7.332159 0.072451
v 0.756858 -7.332159 -0.953500
v 0.212514 -7.333741 -0.529731
v 0.886616 -7.333741 -0.921083
v 0.142714 -7.333806 -0.613766
v 0.848427 -7.333806 -1.023226
v 0.877064 -7.258679 -0.946630
v 0.886616 -7.299134 -0.921083
v 0.881840 -7.264094 -0.933857
v 0.885336 -7.278902 -0.924506
v 0.212514 -7.299134 -0.529731
v 0.195090 -7.258679 -0.550709
v 0.210179 -7.278902 -0.532542
v 0.203802 -7.264094 -0.540220
v 0.160139 -7.258712 -0.592787
v 0.142714 -7.299200 -0.613766
v 0.151427 -7.264143 -0.603277
v 0.145048 -7.278962 -0.610956
v 0.848427 -7.299200 -1.023226
v 0.857978 -7.258712 -0.997679
v 0.849707 -7.278962 -1.019803
v 0.853202 -7.264143 -1.010452
v -0.975507 -9.597425 0.138105
v -0.978013 -9.597419 0.147467
v -0.981439 -9.604280 0.141542
v -0.977230 -7.339762 0.135122
v -0.983171 -7.332907 0.138540
v -0.979735 -7.339756 0.144484
v -1.034355 -7.332907 0.168091
v -1.040286 -7.339762 0.171527
v -1.030919 -7.339756 0.174034
v -1.032622 -9.604280 0.171093
v -1.029196 -9.597419 0.177018
v -1.038563 -9.597425 0.174511
v 0.861813 -9.597425 -0.922672
v 0.859308 -9.597419 -0.913311
v 0.855882 -9.604280 -0.919236
v 0.860091 -7.339762 -0.925656
v 0.854149 -7.332907 -0.922238
v 0.857585 -7.339756 -0.916294
v 0.802965 -7.332907 -0.892687
v 0.797034 -7.339762 -0.889250
v 0.806401 -7.339756 -0.886743
v 0.804698 -9.604280 -0.889685
v 0.808124 -9.597419 -0.883759
v 0.798757 -9.597425 -0.886266
v -1.009973 -9.597478 0.078486
v -1.015905 -9.604333 0.081923
v -1.019341 -9.597484 0.075979
v -1.011696 -7.339816 0.075503
v -1.021063 -7.339821 0.072996
v -1.017637 -7.332961 0.078921
v -1.067088 -9.604333 0.111474
v -1.073030 -9.597478 0.114892
v -1.070524 -9.597484 0.105530
v -1.068820 -7.332961 0.108473
v -1.072246 -7.339821 0.102547
v -1.074752 -7.339816 0.111909
v 0.827347 -9.597478 -0.982291
v 0.821416 -9.604333 -0.978855
v 0.817980 -9.597484 -0.984799
v 0.825625 -7.339816 -0.985275
v 0.816258 -7.339821 -0.987782
v 0.819683 -7.332961 -0.981856
v 0.770232 -9.604333 -0.949304
v 0.764291 -9.597478 -0.945886
v 0.766796 -9.597484 -0.955248
v 0.768499 -7.332961 -0.952306
v 0.765074 -7.339821 -0.958231
v 0.762568 -7.339816 -0.948869
v -0.990998 -7.948196 0.140671
v -0.994515 -7.955862 0.133158
v -0.984167 -7.955864 0.136722
v 0.798954 -7.948199 -0.900913
v 0.792138 -7.955866 -0.896952
v 0.795441 -7.955864 -0.908418
v 0.792141 -7.913077 -0.896940
v 0.798965 -7.920750 -0.900886
v 0.795442 -7.913075 -0.908412
v -0.984161 -7.913080 0.136731
v -0.994512 -7.913076 0.133162
v -0.990984 -7.920753 0.140697
v -1.013989 -7.948243 0.091325
v -1.007165 -7.955915 0.087379
v -1.010466 -7.955918 0.098852
v 0.775961 -7.948240 -0.950258
v 0.779488 -7.955916 -0.942723
v 0.769137 -7.955913 -0.946291
v -1.007162 -7.913126 0.087391
v -1.013978 -7.920794 0.091352
v -1.010465 -7.913129 0.098857
v 0.769143 -7.913128 -0.946283
v 0.779491 -7.913131 -0.942719
v 0.775975 -7.920796 -0.950231
v -0.052495 -7.333741 -0.498872
v -0.237208 -7.333741 -0.391723
v 0.005868 -7.333806 -0.408276
v -0.187514 -7.333806 -0.296181
v -0.052495 -7.299134 -0.498872
v -0.237208 -7.299134 -0.391723
v -0.235545 -7.278902 -0.388523
v -0.050542 -7.278902 -0.495839
v -0.230999 -7.264094 -0.379782
v -0.045207 -7.264094 -0.487556
v -0.224790 -7.258679 -0.367841
v -0.037919 -7.258679 -0.476240
v -0.008709 -7.258712 -0.430907
v -0.199933 -7.258712 -0.320063
v -0.193724 -7.264143 -0.308122
v -0.001421 -7.264143 -0.419592
v -0.189178 -7.278962 -0.299380
v 0.003915 -7.278962 -0.411308
v -0.187514 -7.299200 -0.296180
v 0.005868 -7.299200 -0.408276
v -0.062010 -7.353255 -0.515275
v -0.246726 -7.353252 -0.408130
v 0.015659 -7.352758 -0.391384
v -0.177726 -7.352766 -0.279295
v -0.066095 -7.296734 -0.522317
v -0.250808 -7.296734 -0.415168
v -0.248205 -7.268717 -0.410349
v -0.063203 -7.268716 -0.517665
v -0.239550 -7.242881 -0.394523
v -0.053757 -7.242881 -0.502296
v -0.227310 -7.231936 -0.372185
v -0.040439 -7.231936 -0.480583
v -0.006026 -7.232031 -0.426281
v -0.197253 -7.232031 -0.315439
v -0.185028 -7.243173 -0.293120
v 0.007277 -7.243176 -0.404588
v -0.176501 -7.268894 -0.277510
v 0.016592 -7.268895 -0.389437
v -0.173921 -7.296812 -0.272730
v 0.019461 -7.296812 -0.384826
v -1.093654 -7.339302 0.061892
v 0.782130 -7.339302 -1.025334
v -1.093654 -7.314676 0.061892
v 0.782130 -7.314676 -1.025334
v -1.343866 -7.339302 -0.371487
v 0.531919 -7.339302 -1.458712
v -1.343866 -7.314676 -0.371487
v 0.531919 -7.314676 -1.458712
v -1.054357 -7.352415 0.051126
v -1.054357 -7.301564 0.051126
v -1.290806 -7.352415 -0.358416
v -1.290806 -7.301564 -0.358416
v -1.029732 -7.352415 0.036908
v -1.029732 -7.301564 0.036908
v -1.266181 -7.352415 -0.372633
v -1.266181 -7.301564 -0.372633
v 0.643183 -7.352415 -0.928949
v 0.643183 -7.301564 -0.928949
v 0.406734 -7.352415 -1.338490
v 0.406734 -7.301564 -1.338490
v 0.667808 -7.352415 -0.943167
v 0.667808 -7.301564 -0.943167
v 0.431359 -7.352415 -1.352708
v 0.431359 -7.301564 -1.352708
v 0.050830 -7.352415 -0.586954
v 0.050830 -7.301564 -0.586954
v -0.185619 -7.352415 -0.996496
v -0.185619 -7.301564 -0.996496
v 0.075455 -7.352415 -0.601171
v 0.075455 -7.301564 -0.601171
v -0.160994 -7.352415 -1.010713
v -0.160994 -7.301564 -1.010713
v -0.494967 -7.352415 -0.271838
v -0.494967 -7.301564 -0.271838
v -0.731417 -7.352415 -0.681379
v -0.731417 -7.301564 -0.681379
v -0.470343 -7.352415 -0.286055
v -0.470343 -7.301564 -0.286055
v -0.706792 -7.352415 -0.695597
v -0.706792 -7.301564 -0.695597
v 0.582687 -7.314676 -1.370780
v -1.293097 -7.314676 -0.283554
v -1.293097 -7.339302 -0.283554
v 0.582687 -7.339302 -1.370780
v -1.283797 -7.332937 -0.267446
v -1.283797 -7.357563 -0.267446
v 0.591987 -7.332937 -1.354672
v 0.591987 -7.357563 -1.354672
v -0.990998 -8.106283 0.140671
v -0.994515 -8.113949 0.133158
v -0.984167 -8.113952 0.136722
v 0.798954 -8.106286 -0.900913
v 0.792138 -8.113954 -0.896952
v 0.795441 -8.113952 -0.908418
v 0.792141 -8.071165 -0.896940
v 0.798965 -8.078837 -0.900886
v 0.795442 -8.071162 -0.908412
v -0.984161 -8.071167 0.136731
v -0.994512 -8.071164 0.133162
v -0.990984 -8.078841 0.140697
v -1.013989 -8.106331 0.091325
v -1.007165 -8.114003 0.087379
v -1.010466 -8.114006 0.098852
v 0.775961 -8.106327 -0.950258
v 0.779488 -8.114003 -0.942723
v 0.769137 -8.114000 -0.946292
v -1.007162 -8.071215 0.087391
v -1.013978 -8.078880 0.091352
v -1.010465 -8.071217 0.098857
v 0.769144 -8.071217 -0.946283
v 0.779492 -8.071218 -0.942719
v 0.775975 -8.078884 -0.950231
v -0.990998 -9.336155 0.140671
v -0.994515 -9.343821 0.133158
v -0.984167 -9.343823 0.136722
v 0.798954 -9.336158 -0.900913
v 0.792138 -9.343824 -0.896952
v 0.795441 -9.343822 -0.908418
v 0.792141 -9.301036 -0.896940
v 0.798965 -9.308708 -0.900886
v 0.795442 -9.301033 -0.908412
v -0.984161 -9.301038 0.136731
v -0.994512 -9.301035 0.133162
v -0.990984 -9.308711 0.140697
v -1.013989 -9.336202 0.091325
v -1.007165 -9.343874 0.087379
v -1.010466 -9.343877 0.098852
v 0.775961 -9.336198 -0.950258
v 0.779488 -9.343874 -0.942723
v 0.769137 -9.343872 -0.946291
v -1.007162 -9.301085 0.087391
v -1.013978 -9.308752 0.091352
v -1.010465 -9.301087 0.098857
v 0.769144 -9.301086 -0.946283
v 0.779491 -9.301090 -0.942719
v 0.775975 -9.308755 -0.950231
v -2.098658 -7.407173 2.024283
v -1.078710 -7.407173 0.250749
v -1.078710 -7.332093 0.250749
v -2.098658 -7.332093 2.024283
v -2.170192 -7.407238 1.983036
v -1.150245 -7.407238 0.209503
v -2.170192 -7.332159 1.983036
v -1.150245 -7.332159 0.209503
v -1.409776 -7.333741 0.848670
v -1.021663 -7.333741 0.172698
v -1.512243 -7.333806 0.810793
v -1.105807 -7.333806 0.103334
v -1.042709 -7.258679 0.155349
v -1.021663 -7.299134 0.172698
v -1.032186 -7.264094 0.164023
v -1.024483 -7.278902 0.170373
v -1.409776 -7.299134 0.848670
v -1.435355 -7.258679 0.839214
v -1.413204 -7.278902 0.847402
v -1.422566 -7.264094 0.843942
v -1.486663 -7.258712 0.820248
v -1.512243 -7.299200 0.810793
v -1.499452 -7.264143 0.815521
v -1.508815 -7.278962 0.812060
v -1.105807 -7.299200 0.103334
v -1.084761 -7.258712 0.120683
v -1.102987 -7.278962 0.105659
v -1.095284 -7.264143 0.112008
v -2.104714 -9.597425 2.021043
v -2.102203 -9.597419 2.030404
v -2.108132 -9.604280 2.026985
v -2.107698 -7.339762 2.019321
v -2.111134 -7.332907 2.025252
v -2.105186 -7.339756 2.028682
v -2.140685 -7.332907 2.076435
v -2.144103 -7.339762 2.082377
v -2.134737 -7.339756 2.079865
v -2.137683 -9.604280 2.078168
v -2.131754 -9.597419 2.081588
v -2.141120 -9.597425 2.084100
v -1.043938 -9.597425 0.183722
v -1.041426 -9.597419 0.193083
v -1.047356 -9.604280 0.189664
v -1.046920 -7.339762 0.182000
v -1.050357 -7.332907 0.187931
v -1.044410 -7.339756 0.191361
v -1.079908 -7.332907 0.239115
v -1.083326 -7.339762 0.245056
v -1.073961 -7.339756 0.242544
v -1.076907 -9.604280 0.240848
v -1.070977 -9.597419 0.244267
v -1.080343 -9.597425 0.246779
v -2.164372 -9.597478 1.986645
v -2.167791 -9.604333 1.992586
v -2.173738 -9.597485 1.989157
v -2.167355 -7.339816 1.984923
v -2.176722 -7.339821 1.987435
v -2.170792 -7.332961 1.990854
v -2.197341 -9.604333 2.043770
v -2.200778 -9.597478 2.049701
v -2.203289 -9.597485 2.040340
v -2.200342 -7.332961 2.042037
v -2.206271 -7.339821 2.038618
v -2.203761 -7.339816 2.047979
v -1.103595 -9.597478 0.149324
v -1.107013 -9.604333 0.155265
v -1.112961 -9.597484 0.151836
v -1.106578 -7.339816 0.147602
v -1.115944 -7.339821 0.150114
v -1.110015 -7.332961 0.153532
v -1.136564 -9.604333 0.206449
v -1.140001 -9.597478 0.212380
v -1.142512 -9.597484 0.203020
v -1.139566 -7.332961 0.204716
v -1.145496 -7.339821 0.201297
v -1.142984 -7.339816 0.210658
v -2.116847 -7.948197 2.031011
v -2.123649 -7.955862 2.026263
v -2.112906 -7.955864 2.024175
v -1.087495 -7.948199 0.233996
v -1.091418 -7.955866 0.240835
v -1.094290 -7.955864 0.229254
v -1.091409 -7.913077 0.240844
v -1.087472 -7.920750 0.234014
v -1.094287 -7.913075 0.229258
v -2.112895 -7.913080 2.024180
v -2.123644 -7.913077 2.026265
v -2.116822 -7.920754 2.031026
v -2.161431 -7.948243 1.999771
v -2.157494 -7.955916 1.992942
v -2.154615 -7.955919 2.004529
v -1.132081 -7.948240 0.202759
v -1.125258 -7.955916 0.207521
v -1.136007 -7.955913 0.209606
v -2.157485 -7.913127 1.992951
v -2.161407 -7.920794 1.999790
v -2.154612 -7.913130 2.004533
v -1.135997 -7.913128 0.209611
v -1.125253 -7.913131 0.207522
v -1.132056 -7.920796 0.202775
v -1.623851 -7.333741 1.007899
v -1.730244 -7.333741 1.193049
v -1.528010 -7.333806 1.057176
v -1.639435 -7.333806 1.250944
v -1.623851 -7.299134 1.007899
v -1.730244 -7.299134 1.193049
v -1.727202 -7.278902 1.194988
v -1.620644 -7.278902 1.009548
v -1.718895 -7.264094 1.200286
v -1.611881 -7.264094 1.014055
v -1.707547 -7.258679 1.207523
v -1.599912 -7.258679 1.020211
v -1.551949 -7.258712 1.044864
v -1.662131 -7.258712 1.236470
v -1.650784 -7.264143 1.243707
v -1.539980 -7.264143 1.051020
v -1.642477 -7.278962 1.249005
v -1.531217 -7.278962 1.055526
v -1.639435 -7.299200 1.250944
v -1.528009 -7.299200 1.057176
v -1.640293 -7.353255 0.998451
v -1.746688 -7.353252 1.183599
v -1.511084 -7.352758 1.066909
v -1.622517 -7.352766 1.260673
v -1.647352 -7.296734 0.994395
v -1.753744 -7.296734 1.179545
v -1.749080 -7.268717 1.182417
v -1.642521 -7.268716 0.996977
v -1.733671 -7.242881 1.191795
v -1.626656 -7.242881 1.005565
v -1.711902 -7.231936 1.205021
v -1.604266 -7.231936 1.017709
v -1.547312 -7.232031 1.047530
v -1.657498 -7.232031 1.239135
v -1.635752 -7.243173 1.252351
v -1.524945 -7.243176 1.059665
v -1.620562 -7.268894 1.261607
v -1.509302 -7.268895 1.068128
v -1.615938 -7.296812 1.264456
v -1.504512 -7.296812 1.070688
v -2.245139 -7.339302 2.014113
v -1.164276 -7.339302 0.134657
v -2.245139 -7.314676 2.014113
v -1.164276 -7.314676 0.134657
v -2.678518 -7.339301 1.763903
v -1.597654 -7.339302 -0.115554
v -2.678518 -7.314676 1.763903
v -1.597654 -7.314676 -0.115554
v -2.216490 -7.352415 1.985142
v -2.216490 -7.301564 1.985142
v -2.626031 -7.352415 1.748693
v -2.626031 -7.301564 1.748693
v -2.202273 -7.352415 1.960517
v -2.202273 -7.301564 1.960517
v -2.611814 -7.352415 1.724068
v -2.611814 -7.301564 1.724068
v -1.236415 -7.352415 0.287601
v -1.236415 -7.301564 0.287601
v -1.645956 -7.352415 0.051153
v -1.645956 -7.301564 0.051153
v -1.222198 -7.352415 0.262977
v -1.222198 -7.301564 0.262977
v -1.631739 -7.352415 0.026528
v -1.631739 -7.301564 0.026528
v -1.578410 -7.352415 0.879954
v -1.578410 -7.301564 0.879954
v -1.987951 -7.352415 0.643506
v -1.987951 -7.301564 0.643506
v -1.564193 -7.352415 0.855330
v -1.564193 -7.301564 0.855330
v -1.973734 -7.352415 0.618881
v -1.973734 -7.301564 0.618881
v -1.893526 -7.352415 1.425752
v -1.893526 -7.301564 1.425752
v -2.303068 -7.352415 1.189304
v -2.303068 -7.301564 1.189304
v -1.879309 -7.352415 1.401128
v -1.879309 -7.301564 1.401128
v -2.288851 -7.352415 1.164679
v -2.288851 -7.301564 1.164679
v -1.509722 -7.314676 -0.064787
v -2.590585 -7.314676 1.814671
v -2.590585 -7.339302 1.814671
v -1.509722 -7.339302 -0.064787
v -2.574477 -7.332937 1.823971
v -2.574477 -7.357563 1.823971
v -1.493614 -7.332937 -0.055486
v -1.493614 -7.357563 -0.055486
v -2.116847 -8.106284 2.031011
v -2.123649 -8.113950 2.026263
v -2.112906 -8.113952 2.024175
v -1.087495 -8.106286 0.233996
v -1.091418 -8.113954 0.240835
v -1.094290 -8.113952 0.229254
v -1.091409 -8.071165 0.240843
v -1.087472 -8.078837 0.234014
v -1.094287 -8.071162 0.229258
v -2.112895 -8.071168 2.024180
v -2.123644 -8.071164 2.026265
v -2.116822 -8.078841 2.031026
v -2.161431 -8.106331 1.999771
v -2.157494 -8.114003 1.992942
v -2.154615 -8.114006 2.004529
v -1.132081 -8.106327 0.202759
v -1.125258 -8.114003 0.207521
v -1.136007 -8.114000 0.209606
v -2.157485 -8.071216 1.992951
v -2.161407 -8.078881 1.999790
v -2.154612 -8.071217 2.004533
v -1.135997 -8.071217 0.209611
v -1.125253 -8.071218 0.207522
v -1.132055 -8.078884 0.202775
v -2.116847 -9.336155 2.031011
v -2.123649 -9.343821 2.026263
v -2.112906 -9.343823 2.024175
v -1.087495 -9.336158 0.233996
v -1.091418 -9.343824 0.240835
v -1.094290 -9.343822 0.229254
v -1.091409 -9.301036 0.240843
v -1.087472 -9.308708 0.234014
v -1.094287 -9.301033 0.229258
v -2.112895 -9.301038 2.024180
v -2.123644 -9.301035 2.026265
v -2.116822 -9.308712 2.031026
v -2.161430 -9.336202 1.999771
v -2.157493 -9.343875 1.992942
v -2.154615 -9.343877 2.004528
v -1.132081 -9.336198 0.202759
v -1.125259 -9.343874 0.207521
v -1.136007 -9.343872 0.209606
v -2.157485 -9.301085 1.992951
v -2.161407 -9.308752 1.999790
v -2.154612 -9.301088 2.004532
v -1.135997 -9.301086 0.209611
v -1.125253 -9.301090 0.207522
v -1.132055 -9.308755 0.202775
v -2.134303 -7.407172 4.216095
v -2.137769 -7.407173 2.170196
v -2.137769 -7.332093 2.170196
v -2.134303 -7.332093 4.216095
v -2.216877 -7.407237 4.216142
v -2.220343 -7.407238 2.170243
v -2.216877 -7.332158 4.216142
v -2.220343 -7.332159 2.170243
v -2.125520 -7.333740 2.853543
v -2.127390 -7.333741 2.074078
v -2.233197 -7.333805 2.871974
v -2.234943 -7.333806 2.056079
v -2.154291 -7.258679 2.069576
v -2.127390 -7.299134 2.074078
v -2.140841 -7.264094 2.071826
v -2.130994 -7.278902 2.073474
v -2.125520 -7.299134 2.853543
v -2.152400 -7.258678 2.858144
v -2.129122 -7.278901 2.854160
v -2.138960 -7.264093 2.855844
v -2.206317 -7.258711 2.867373
v -2.233197 -7.299200 2.871974
v -2.219756 -7.264142 2.869674
v -2.229596 -7.278962 2.871358
v -2.234943 -7.299200 2.056079
v -2.208043 -7.258712 2.060581
v -2.231339 -7.278962 2.056682
v -2.221493 -7.264143 2.058330
v -2.141168 -9.597425 4.216318
v -2.134313 -9.597419 4.223169
v -2.141157 -9.604280 4.223173
v -2.144613 -7.339761 4.216318
v -2.144623 -7.332906 4.223173
v -2.137758 -7.339755 4.223168
v -2.144623 -7.332906 4.282274
v -2.144613 -7.339761 4.289129
v -2.137758 -7.339755 4.282270
v -2.141157 -9.604280 4.282274
v -2.134313 -9.597419 4.282270
v -2.141168 -9.597425 4.289129
v -2.141168 -9.597425 2.094763
v -2.134313 -9.597419 2.101614
v -2.141158 -9.604280 2.101617
v -2.144613 -7.339762 2.094763
v -2.144624 -7.332907 2.101618
v -2.137758 -7.339756 2.101614
v -2.144624 -7.332907 2.160719
v -2.144613 -7.339762 2.167574
v -2.137759 -7.339756 2.160715
v -2.141157 -9.604280 2.160719
v -2.134314 -9.597419 2.160715
v -2.141168 -9.597425 2.167574
v -2.210032 -9.597478 4.216357
v -2.210022 -9.604333 4.223211
v -2.216887 -9.597485 4.223216
v -2.213477 -7.339815 4.216357
v -2.220332 -7.339820 4.223215
v -2.213488 -7.332961 4.223212
v -2.210021 -9.604333 4.282313
v -2.210032 -9.597478 4.289168
v -2.216887 -9.597485 4.282317
v -2.213487 -7.332961 4.282313
v -2.220331 -7.339820 4.282317
v -2.213477 -7.339815 4.289168
v -2.210033 -9.597478 2.094802
v -2.210022 -9.604333 2.101656
v -2.216887 -9.597485 2.101660
v -2.213478 -7.339816 2.094802
v -2.220332 -7.339821 2.101660
v -2.213488 -7.332961 2.101656
v -2.210022 -9.604333 2.160758
v -2.210032 -9.597478 2.167613
v -2.216887 -9.597485 2.160762
v -2.213489 -7.332961 2.160758
v -2.220333 -7.339821 2.160762
v -2.213478 -7.339816 2.167613
v -2.146691 -7.948196 4.231016
v -2.154956 -7.955862 4.230306
v -2.146696 -7.955864 4.223126
v -2.153754 -7.948200 2.160080
v -2.153731 -7.955866 2.167964
v -2.162009 -7.955864 2.159370
v -2.153720 -7.913078 2.167967
v -2.153724 -7.920751 2.160084
v -2.162004 -7.913075 2.159372
v -2.146684 -7.913079 4.223125
v -2.154951 -7.913077 4.230305
v -2.146662 -7.920753 4.231017
v -2.200922 -7.948243 4.226254
v -2.200927 -7.955916 4.218371
v -2.192641 -7.955919 4.226966
v -2.207984 -7.948240 2.155321
v -2.199695 -7.955916 2.156034
v -2.207961 -7.955914 2.163213
v -2.200915 -7.913127 4.218374
v -2.200892 -7.920794 4.226258
v -2.192636 -7.913129 4.226968
v -2.207950 -7.913129 2.163212
v -2.199690 -7.913131 2.156032
v -2.207954 -7.920796 2.155322
v -2.231300 -7.333740 3.098477
v -2.230863 -7.333740 3.312018
v -2.123660 -7.333805 3.093232
v -2.123274 -7.333805 3.316753
v -2.231300 -7.299134 3.098477
v -2.230863 -7.299134 3.312018
v -2.227260 -7.278901 3.312177
v -2.227698 -7.278901 3.098302
v -2.217416 -7.264093 3.312612
v -2.217856 -7.264093 3.097824
v -2.203971 -7.258678 3.313205
v -2.204413 -7.258678 3.097170
v -2.150548 -7.258711 3.094539
v -2.150167 -7.258711 3.315567
v -2.136720 -7.264142 3.316160
v -2.137105 -7.264142 3.093885
v -2.126877 -7.278962 3.316594
v -2.127262 -7.278962 3.093407
v -2.123274 -7.299200 3.316753
v -2.123660 -7.299200 3.093232
v -2.250263 -7.353254 3.098516
v -2.249830 -7.353251 3.312057
v -2.104136 -7.352758 3.093198
v -2.103757 -7.352766 3.316719
v -2.258404 -7.296734 3.098533
v -2.257967 -7.296734 3.312073
v -2.252492 -7.268717 3.312228
v -2.252929 -7.268716 3.098354
v -2.234458 -7.242880 3.312646
v -2.234896 -7.242880 3.097858
v -2.208993 -7.231936 3.313215
v -2.209434 -7.231935 3.097181
v -2.145200 -7.232031 3.094530
v -2.144822 -7.232031 3.315557
v -2.119380 -7.243172 3.316130
v -2.119762 -7.243176 3.093856
v -2.101597 -7.268894 3.316550
v -2.101983 -7.268895 3.093363
v -2.096169 -7.296811 3.316706
v -2.096555 -7.296811 3.093185
v -2.266244 -7.339301 4.280529
v -2.269917 -7.339302 2.112440
v -2.266244 -7.314676 4.280529
v -2.269917 -7.314676 2.112440
v -2.766666 -7.339301 4.280529
v -2.770339 -7.339301 2.112440
v -2.766666 -7.314676 4.280529
v -2.770339 -7.314676 2.112440
v -2.255919 -7.352414 4.241114
v -2.255919 -7.301563 4.241114
v -2.728817 -7.352414 4.241114
v -2.728817 -7.301563 4.241114
v -2.255919 -7.352414 4.212680
v -2.255919 -7.301563 4.212680
v -2.728817 -7.352414 4.212680
v -2.728817 -7.301563 4.212680
v -2.255919 -7.352415 2.280963
v -2.255919 -7.301564 2.280963
v -2.728817 -7.352414 2.280963
v -2.728817 -7.301563 2.280963
v -2.255919 -7.352415 2.252529
v -2.255919 -7.301564 2.252529
v -2.728817 -7.352414 2.252529
v -2.728817 -7.301563 2.252529
v -2.255919 -7.352414 2.964953
v -2.255919 -7.301563 2.964953
v -2.728817 -7.352414 2.964954
v -2.728817 -7.301563 2.964954
v -2.255919 -7.352414 2.936520
v -2.255919 -7.301563 2.936520
v -2.728817 -7.352414 2.936520
v -2.728817 -7.301563 2.936520
v -2.255919 -7.352414 3.595187
v -2.255919 -7.301563 3.595187
v -2.728817 -7.352414 3.595187
v -2.728817 -7.301563 3.595187
v -2.255919 -7.352414 3.566752
v -2.255919 -7.301563 3.566752
v -2.728817 -7.352414 3.566753
v -2.728817 -7.301563 3.566753
v -2.668804 -7.314676 2.112440
v -2.665131 -7.314676 4.280529
v -2.665131 -7.339301 4.280529
v -2.668804 -7.339301 2.112440
v -2.646530 -7.332936 4.280529
v -2.646530 -7.357562 4.280529
v -2.650204 -7.332936 2.112440
v -2.650204 -7.357562 2.112440
v -2.146691 -8.106284 4.231016
v -2.154956 -8.113950 4.230306
v -2.146696 -8.113952 4.223126
v -2.153754 -8.106287 2.160080
v -2.153731 -8.113955 2.167964
v -2.162009 -8.113952 2.159370
v -2.153720 -8.071165 2.167967
v -2.153724 -8.078838 2.160084
v -2.162004 -8.071162 2.159372
v -2.146684 -8.071168 4.223125
v -2.154951 -8.071164 4.230305
v -2.146662 -8.078841 4.231017
v -2.200922 -8.106331 4.226254
v -2.200927 -8.114003 4.218371
v -2.192641 -8.114006 4.226966
v -2.207984 -8.106327 2.155321
v -2.199695 -8.114003 2.156034
v -2.207961 -8.114001 2.163213
v -2.200915 -8.071216 4.218374
v -2.200892 -8.078881 4.226258
v -2.192636 -8.071217 4.226968
v -2.207950 -8.071217 2.163212
v -2.199690 -8.071219 2.156032
v -2.207954 -8.078884 2.155322
v -2.146691 -9.336155 4.231016
v -2.154956 -9.343821 4.230306
v -2.146696 -9.343823 4.223126
v -2.153753 -9.336158 2.160080
v -2.153731 -9.343824 2.167964
v -2.162009 -9.343822 2.159370
v -2.153720 -9.301037 2.167967
v -2.153724 -9.308709 2.160084
v -2.162004 -9.301034 2.159372
v -2.146684 -9.301038 4.223125
v -2.154951 -9.301035 4.230305
v -2.146661 -9.308712 4.231017
v -2.200922 -9.336202 4.226254
v -2.200926 -9.343875 4.218371
v -2.192641 -9.343877 4.226966
v -2.207984 -9.336199 2.155321
v -2.199695 -9.343875 2.156033
v -2.207961 -9.343872 2.163213
v -2.200915 -9.301085 4.218374
v -2.200892 -9.308752 4.226258
v -2.192636 -9.301088 4.226968
v -2.207950 -9.301086 2.163212
v -2.199690 -9.301090 2.156032
v -2.207954 -9.308755 2.155322
v -1.069265 -7.407172 6.132084
v -2.095217 -7.407172 4.362017
v -2.095217 -7.332093 4.362017
v -1.069265 -7.332093 6.132084
v -1.140753 -7.407237 6.173411
v -2.166705 -7.407237 4.403344
v -1.140753 -7.332158 6.173411
v -2.166705 -7.332158 4.403344
v -1.742936 -7.333740 4.947689
v -2.134288 -7.333740 4.273586
v -1.826970 -7.333805 5.017488
v -2.236430 -7.333805 4.311776
v -2.159835 -7.258678 4.283138
v -2.134288 -7.299134 4.273586
v -2.147062 -7.264093 4.278362
v -2.137711 -7.278901 4.274866
v -1.742936 -7.299134 4.947689
v -1.763913 -7.258678 4.965113
v -1.745746 -7.278901 4.950024
v -1.753425 -7.264093 4.956401
v -1.805992 -7.258711 5.000064
v -1.826970 -7.299200 5.017488
v -1.816481 -7.264142 5.008777
v -1.824160 -7.278962 5.015154
v -2.236430 -7.299200 4.311776
v -2.210884 -7.258711 4.302224
v -2.233007 -7.278962 4.310496
v -2.223657 -7.264142 4.307000
v -1.075099 -9.597425 6.135710
v -1.065737 -9.597419 6.138216
v -1.071662 -9.604280 6.141641
v -1.078082 -7.339761 6.137432
v -1.074664 -7.332906 6.143373
v -1.068720 -7.339755 6.139938
v -1.045113 -7.332906 6.194557
v -1.041677 -7.339761 6.200489
v -1.039170 -7.339755 6.191121
v -1.042111 -9.604280 6.192824
v -1.036186 -9.597419 6.189399
v -1.038693 -9.597425 6.198767
v -2.135878 -9.597425 4.298389
v -2.126515 -9.597419 4.300895
v -2.132441 -9.604280 4.304321
v -2.138861 -7.339761 4.300112
v -2.135442 -7.332906 4.306053
v -2.129499 -7.339755 4.302618
v -2.105892 -7.332906 4.357237
v -2.102456 -7.339761 4.363168
v -2.099948 -7.339755 4.353801
v -2.102890 -9.604280 4.355505
v -2.096965 -9.597419 4.352079
v -2.099472 -9.597425 4.361446
v -1.134718 -9.597478 6.170176
v -1.131282 -9.604333 6.176107
v -1.137225 -9.597485 6.179543
v -1.137701 -7.339815 6.171898
v -1.140208 -7.339820 6.181266
v -1.134283 -7.332961 6.177840
v -1.101731 -9.604333 6.227291
v -1.098312 -9.597478 6.233232
v -1.107674 -9.597485 6.230727
v -1.104731 -7.332961 6.229023
v -1.110658 -7.339820 6.232449
v -1.101295 -7.339815 6.234954
v -2.195497 -9.597478 4.332855
v -2.192060 -9.604333 4.338787
v -2.198004 -9.597485 4.342222
v -2.198480 -7.339815 4.334578
v -2.200987 -7.339820 4.343945
v -2.195061 -7.332961 4.340519
v -2.162509 -9.604333 4.389971
v -2.159091 -9.597478 4.395912
v -2.168452 -9.597485 4.393406
v -2.165511 -7.332961 4.391703
v -2.171436 -7.339820 4.395128
v -2.162074 -7.339815 4.397634
v -1.072533 -7.948196 6.151200
v -1.080046 -7.955862 6.154717
v -1.076482 -7.955864 6.144370
v -2.114118 -7.948199 4.361248
v -2.110156 -7.955865 4.368064
v -2.121623 -7.955864 4.364761
v -2.110145 -7.913077 4.368062
v -2.114091 -7.920751 4.361238
v -2.121618 -7.913074 4.364760
v -1.076473 -7.913079 6.144362
v -1.080042 -7.913077 6.154715
v -1.072507 -7.920753 6.151186
v -1.121879 -7.948243 6.174191
v -1.125824 -7.955916 6.167367
v -1.114352 -7.955919 6.170668
v -2.163463 -7.948240 4.384242
v -2.155928 -7.955916 4.380715
v -2.159496 -7.955914 4.391066
v -1.125813 -7.913127 6.167364
v -1.121852 -7.920794 6.174181
v -1.114347 -7.913129 6.170668
v -2.159488 -7.913128 4.391059
v -2.155924 -7.913131 4.380711
v -2.163436 -7.920796 4.384229
v -1.712076 -7.333740 5.212697
v -1.604928 -7.333740 5.397411
v -1.621480 -7.333805 5.154335
v -1.509385 -7.333805 5.347716
v -1.712076 -7.299134 5.212697
v -1.604928 -7.299134 5.397411
v -1.601728 -7.278901 5.395747
v -1.709044 -7.278901 5.210744
v -1.592986 -7.264093 5.391202
v -1.700760 -7.264093 5.205410
v -1.581045 -7.258678 5.384993
v -1.689445 -7.258678 5.198122
v -1.644112 -7.258711 5.168911
v -1.533267 -7.258711 5.360136
v -1.521326 -7.264142 5.353926
v -1.632797 -7.264142 5.161623
v -1.512585 -7.278962 5.349380
v -1.624513 -7.278962 5.156288
v -1.509385 -7.299200 5.347716
v -1.621480 -7.299200 5.154335
v -1.728479 -7.353254 5.222213
v -1.621334 -7.353251 5.406928
v -1.604588 -7.352758 5.144544
v -1.492500 -7.352766 5.337929
v -1.735521 -7.296734 5.226297
v -1.628373 -7.296734 5.411011
v -1.623553 -7.268717 5.408408
v -1.730870 -7.268716 5.223405
v -1.607727 -7.242880 5.399753
v -1.715501 -7.242880 5.213960
v -1.585389 -7.231936 5.387513
v -1.693788 -7.231935 5.200642
v -1.639485 -7.232031 5.166229
v -1.528644 -7.232031 5.357455
v -1.506325 -7.243172 5.345230
v -1.617792 -7.243176 5.152926
v -1.490714 -7.268894 5.336703
v -1.602642 -7.268895 5.143610
v -1.485934 -7.296811 5.334123
v -1.598030 -7.296811 5.140741
v -1.151313 -7.339301 6.253857
v -2.238539 -7.339301 4.378073
v -1.151313 -7.314676 6.253857
v -2.238539 -7.314676 4.378073
v -1.584691 -7.339301 6.504068
v -2.671917 -7.339301 4.628284
v -1.584691 -7.314676 6.504068
v -2.671917 -7.314676 4.628284
v -1.162078 -7.352414 6.214560
v -1.162078 -7.301563 6.214560
v -1.571619 -7.352414 6.451008
v -1.571619 -7.301563 6.451008
v -1.176296 -7.352414 6.189935
v -1.176296 -7.301563 6.189935
v -1.585837 -7.352414 6.426383
v -1.585837 -7.301563 6.426383
v -2.142154 -7.352414 4.517019
v -2.142154 -7.301563 4.517019
v -2.551695 -7.352414 4.753468
v -2.551695 -7.301563 4.753468
v -2.156372 -7.352414 4.492395
v -2.156372 -7.301563 4.492395
v -2.565912 -7.352414 4.728844
v -2.565912 -7.301563 4.728844
v -1.800159 -7.352414 5.109372
v -1.800159 -7.301563 5.109372
v -2.209700 -7.352414 5.345821
v -2.209700 -7.301563 5.345821
v -1.814376 -7.352414 5.084747
v -1.814376 -7.301563 5.084747
v -2.223917 -7.352414 5.321198
v -2.223917 -7.301563 5.321198
v -1.485042 -7.352414 5.655169
v -1.485042 -7.301563 5.655169
v -1.894583 -7.352414 5.891620
v -1.894583 -7.301563 5.891620
v -1.499259 -7.352414 5.630546
v -1.499259 -7.301563 5.630546
v -1.908801 -7.352414 5.866995
v -1.908801 -7.301563 5.866995
v -2.583984 -7.314676 4.577516
v -1.496758 -7.314676 6.453300
v -1.496758 -7.339301 6.453300
v -2.583984 -7.339301 4.577516
v -1.480650 -7.332936 6.444000
v -1.480650 -7.357562 6.444000
v -2.567877 -7.332936 4.568216
v -2.567877 -7.357562 4.568216
v -1.072533 -8.106284 6.151200
v -1.080046 -8.113950 6.154717
v -1.076482 -8.113952 6.144370
v -2.114118 -8.106287 4.361248
v -2.110156 -8.113955 4.368064
v -2.121623 -8.113952 4.364761
v -2.110145 -8.071165 4.368062
v -2.114091 -8.078838 4.361238
v -2.121618 -8.071162 4.364760
v -1.076473 -8.071168 6.144362
v -1.080042 -8.071164 6.154715
v -1.072507 -8.078841 6.151186
v -1.121879 -8.106331 6.174191
v -1.125824 -8.114003 6.167367
v -1.114352 -8.114006 6.170668
v -2.163463 -8.106327 4.384242
v -2.155928 -8.114003 4.380715
v -2.159496 -8.114001 4.391066
v -1.125813 -8.071216 6.167364
v -1.121852 -8.078881 6.174181
v -1.114347 -8.071217 6.170668
v -2.159488 -8.071217 4.391059
v -2.155924 -8.071219 4.380711
v -2.163436 -8.078884 4.384229
v -1.072533 -9.336155 6.151200
v -1.080046 -9.343821 6.154717
v -1.076482 -9.343823 6.144370
v -2.114118 -9.336158 4.361248
v -2.110156 -9.343824 4.368065
v -2.121623 -9.343822 4.364762
v -2.110145 -9.301037 4.368062
v -2.114090 -9.308709 4.361238
v -2.121618 -9.301034 4.364761
v -1.076473 -9.301038 6.144363
v -1.080042 -9.301035 6.154715
v -1.072507 -9.308712 6.151187
v -1.121880 -9.336202 6.174192
v -1.125825 -9.343875 6.167367
v -1.114352 -9.343877 6.170668
v -2.163462 -9.336199 4.384243
v -2.155928 -9.343875 4.380715
v -2.159496 -9.343872 4.391066
v -1.125813 -9.301085 6.167364
v -1.121852 -9.308752 6.174181
v -1.114347 -9.301088 6.170668
v -2.159487 -9.301086 4.391059
v -2.155924 -9.301090 4.380711
v -2.163436 -9.308755 4.384229
vn -0.0017 -0.0000 -1.0000
vn -0.0000 -1.0000 -0.0008
vn 0.0017 -0.0000 1.0000
vn -0.0000 -0.0015 1.0000
vn -0.0000 -1.0000 -0.0007
vn -1.0000 -0.0000 0.0006
vn -0.0000 0.0015 -1.0000
vn 1.0000 -0.0000 -0.0006
vn -0.0000 1.0000 0.0008
vn 0.9962 -0.0001 0.0873
vn -0.9962 0.0001 -0.0874
vn -0.0000 1.0000 0.0007
vn 0.0034 0.0001 1.0000
vn -0.0034 -0.0001 -1.0000
vn 0.9857 -0.0000 -0.1687
vn -0.9863 -0.0000 -0.1650
vn -0.5776 -0.5767 -0.5778
vn -0.5774 0.5782 -0.5765
vn 0.5772 0.5780 -0.5769
vn 0.5773 -0.5766 -0.5781
vn -0.5775 -0.5767 -0.5778
vn -0.5774 0.5781 -0.5765
vn 0.5772 0.5779 -0.5770
vn 0.5773 -0.5765 -0.5782
vn -0.5771 -0.5780 0.5769
vn -0.5774 0.5765 0.5782
vn 0.5773 -0.5782 0.5766
vn 0.5776 0.5768 0.5777
vn -0.5772 -0.5779 0.5769
vn -0.5774 0.5765 0.5781
vn 0.5774 -0.5781 0.5766
vn 0.5776 0.5768 0.5776
vn 0.5961 -0.6136 -0.5178
vn -0.5654 -0.5797 -0.5868
vn -0.5651 0.5802 -0.5865
vn 0.5956 0.6143 -0.5176
vn 0.5651 -0.5803 0.5864
vn -0.5957 -0.6142 0.5176
vn 0.5654 0.5797 0.5868
vn -0.5961 0.6136 0.5179
vn -0.7073 0.0011 -0.7069
vn -0.0000 -0.7063 -0.7079
vn -0.0000 0.7079 -0.7063
vn 0.7069 0.0011 -0.7073
vn -0.7073 0.0011 -0.7070
vn -0.0000 -0.7062 -0.7080
vn 0.0001 0.7080 -0.7063
vn 0.7068 0.0011 -0.7074
vn -0.7069 -0.0011 0.7073
vn 0.0001 -0.7080 0.7062
vn -0.0000 0.7063 0.7079
vn 0.7073 -0.0011 0.7069
vn -0.0000 -0.7080 0.7062
vn -0.0000 0.7062 0.7080
vn 0.7071 0.7071 0.0002
vn 0.7071 -0.7071 -0.0009
vn -0.7071 -0.7071 -0.0001
vn -0.7071 0.7071 0.0009
vn 0.7071 -0.7071 -0.0010
vn -0.7071 -0.7071 -0.0002
vn 0.0022 0.7331 0.6801
vn -0.7548 0.0002 0.6560
vn 0.6940 0.0001 0.7200
vn 0.0023 -0.7335 0.6796
vn -0.0023 0.7333 -0.6799
vn -0.6940 -0.0001 -0.7200
vn 0.7547 -0.0001 -0.6560
vn -0.0023 -0.7327 -0.6806
vn -0.6959 -0.7155 -0.0615
vn -0.6963 0.7153 -0.0603
vn 0.6959 0.7155 0.0616
vn 0.6957 -0.7158 0.0605
vn 0.9991 0.0085 0.0407
vn 0.9989 -0.0345 0.0317
vn 0.9990 -0.0086 0.0438
vn -0.9997 0.0151 0.0199
vn 1.0000 -0.0059 -0.0016
vn -0.9991 0.0079 0.0412
vn 0.9997 0.0169 0.0187
vn -1.0000 -0.0077 0.0052
vn -1.0000 -0.0000 0.0017
vn -0.9999 0.0141 0.0073
vn -0.0017 0.1909 -0.9816
vn -0.0014 0.5687 -0.8226
vn -0.0007 0.9160 -0.4013
vn 0.0008 0.9187 0.3949
vn 0.0017 0.5724 0.8200
vn 0.0020 0.1918 0.9814
vn -0.0000 -1.0000 -0.0033
vn 0.0020 -0.1425 0.9898
vn -0.0017 -0.1344 -0.9909
vn -0.0000 1.0000 -0.0015
vn -0.9978 0.0452 0.0486
vn -0.9989 -0.0081 0.0453
vn 1.0000 -0.0000 -0.0021
vn 0.9998 -0.0146 0.0161
vn -1.0000 0.0060 0.0022
vn -1.0000 -0.0000 0.0021
vn -0.9996 -0.0169 0.0231
vn 1.0000 0.0076 0.0013
vn 1.0000 -0.0000 -0.0017
vn 0.9999 -0.0137 0.0035
vn -0.0000 1.0000 -0.0000
vn 1.0000 -0.0000 -0.0000
vn -1.0000 -0.0000 -0.0000
vn -0.0000 -1.0000 -0.0000
vn -0.0000 -0.0000 1.0000
vn -0.0000 -0.0000 -1.0000
vn 0.0012 -0.7136 0.7005
vn -0.0012 0.7136 -0.7005
vn 0.0001 0.9988 0.0480
vn -0.0001 -0.9988 -0.0480
vn -0.9962 0.0001 -0.0873
vn 0.5960 -0.6137 -0.5178
vn -0.5655 -0.5796 -0.5868
vn 0.5957 0.6142 -0.5176
vn 0.5651 -0.5803 0.5865
vn -0.5956 -0.6143 0.5175
vn 0.5655 0.5797 0.5867
vn -0.5960 0.6136 0.5179
vn 0.0022 0.7331 0.6802
vn 0.0023 -0.7335 0.6797
vn 0.7548 -0.0001 -0.6560
vn -0.0023 -0.7327 -0.6805
vn -0.6959 -0.7155 -0.0616
vn -0.6962 0.7153 -0.0604
vn 0.6960 0.7154 0.0616
vn -0.5651 0.5803 -0.5865
vn 0.5652 -0.5803 0.5864
vn 0.0023 0.7331 0.6801
vn 0.0023 -0.7336 0.6796
vn -0.0024 0.7333 -0.6799
vn -0.6958 -0.7156 -0.0616
vn 0.6958 -0.7157 0.0604
vn -0.5015 -0.0000 -0.8652
vn -0.0004 -1.0000 -0.0007
vn 0.5015 -0.0000 0.8652
vn 0.5000 -0.0015 0.8660
vn -0.8657 -0.0000 0.5005
vn -0.5000 0.0015 -0.8660
vn 0.8657 -0.0000 -0.5005
vn 0.0004 1.0000 0.0007
vn 0.9064 -0.0000 -0.4225
vn -0.9064 0.0001 0.4224
vn 0.0004 1.0000 0.0006
vn 0.5029 0.0001 0.8643
vn -0.5029 -0.0001 -0.8643
vn 0.7692 -0.0000 -0.6389
vn -0.9367 -0.0000 0.3502
vn -0.7891 -0.5767 -0.2116
vn -0.7882 0.5783 -0.2106
vn 0.2114 0.5779 -0.7883
vn 0.2110 -0.5764 -0.7894
vn -0.7890 -0.5768 -0.2116
vn -0.7883 0.5782 -0.2106
vn 0.2113 0.5780 -0.7882
vn 0.2110 -0.5765 -0.7894
vn -0.2112 -0.5779 0.7883
vn -0.2109 0.5765 0.7894
vn 0.7882 -0.5782 0.2107
vn 0.7891 0.5766 0.2115
vn -0.2114 -0.5780 0.7882
vn -0.2110 0.5765 0.7894
vn 0.7883 -0.5782 0.2105
vn 0.7892 0.5766 0.2116
vn 0.2574 -0.6135 -0.7466
vn -0.7829 -0.5798 -0.2255
vn -0.7826 0.5803 -0.2253
vn 0.2570 0.6142 -0.7461
vn 0.7826 -0.5803 0.2254
vn -0.2570 -0.6143 0.7460
vn 0.7831 0.5796 0.2255
vn -0.2573 0.6137 0.7465
vn -0.9660 0.0011 -0.2586
vn -0.3540 -0.7063 -0.6131
vn -0.3532 0.7079 -0.6117
vn 0.2586 0.0011 -0.9660
vn -0.3531 0.7080 -0.6116
vn 0.2585 0.0011 -0.9660
vn -0.2585 -0.0011 0.9660
vn 0.3532 -0.7079 0.6117
vn 0.3540 0.7063 0.6131
vn 0.9660 -0.0011 0.2585
vn -0.2586 -0.0011 0.9660
vn 0.3531 -0.7080 0.6116
vn 0.6124 0.7071 -0.3534
vn 0.6119 -0.7070 -0.3544
vn -0.6124 -0.7071 0.3534
vn -0.6119 0.7071 0.3544
vn 0.6124 0.7072 -0.3534
vn 0.6120 -0.7070 -0.3544
vn -0.6125 -0.7071 0.3534
vn 0.3421 0.7331 0.5879
vn -0.3257 0.0001 0.9455
vn 0.9610 0.0001 0.2765
vn 0.3418 -0.7336 0.5873
vn -0.3419 0.7333 -0.5876
vn -0.9610 -0.0001 -0.2765
vn 0.3256 -0.0001 -0.9455
vn -0.3423 -0.7327 -0.5882
vn -0.6335 -0.7155 0.2946
vn -0.6331 0.7153 0.2958
vn 0.6335 0.7154 -0.2946
vn 0.6328 -0.7157 -0.2955
vn 0.8856 0.0085 -0.4643
vn 0.8810 -0.0345 -0.4719
vn 0.8871 -0.0086 -0.4615
vn -0.8558 0.0150 0.5171
vn 0.8653 -0.0081 -0.5011
vn -0.8447 0.0079 0.5353
vn 0.8709 0.0096 -0.4914
vn -0.8639 -0.0055 0.5037
vn -0.8652 -0.0000 0.5015
vn -0.8599 0.0246 0.5098
vn -0.4923 0.1908 -0.8493
vn -0.4125 0.5686 -0.7117
vn -0.2012 0.9160 -0.3472
vn 0.1981 0.9187 0.3416
vn 0.4114 0.5724 0.7093
vn 0.4925 0.1917 0.8490
vn -0.0017 -1.0000 -0.0029
vn 0.4966 -0.1425 0.8562
vn -0.4969 -0.1344 -0.8573
vn -0.0008 1.0000 -0.0013
vn -0.8398 0.0453 0.5410
vn -0.8425 -0.0081 0.5387
vn 0.8650 -0.0000 -0.5018
vn 0.8739 -0.0146 -0.4860
vn -0.8648 0.0082 0.5021
vn -0.8650 -0.0000 0.5018
vn -0.8590 -0.0095 0.5119
vn 0.8662 0.0055 -0.4996
vn 0.8652 -0.0000 -0.5015
vn 0.8696 -0.0242 -0.4932
vn 0.8660 -0.0000 -0.5000
vn -0.8660 -0.0000 0.5000
vn 0.5000 -0.0000 0.8660
vn -0.5000 -0.0000 -0.8660
vn 0.3513 -0.7136 0.6061
vn -0.3513 0.7136 -0.6061
vn 0.0241 0.9988 0.0415
vn -0.0241 -0.9988 -0.0415
vn 0.9064 -0.0000 -0.4224
vn 0.2573 -0.6135 -0.7466
vn -0.7830 -0.5797 -0.2254
vn 0.7827 -0.5802 0.2253
vn -0.2571 -0.6143 0.7460
vn -0.2572 0.6137 0.7465
vn 0.3421 0.7331 0.5878
vn 0.3418 -0.7336 0.5874
vn -0.3423 -0.7328 -0.5882
vn 0.6327 -0.7158 -0.2954
vn -0.0004 -1.0000 -0.0006
vn -0.7830 -0.5798 -0.2254
vn 0.3418 -0.7337 0.5873
vn -0.3420 0.7333 -0.5876
vn -0.6334 -0.7155 0.2946
vn -0.6332 0.7152 0.2959
vn 0.6327 -0.7158 -0.2955
vn -0.8669 -0.0000 -0.4985
vn -0.0007 -1.0000 -0.0004
vn 0.8669 -0.0000 0.4985
vn 0.8660 -0.0015 0.5000
vn -0.4995 -0.0000 0.8663
vn -0.8660 0.0015 -0.5000
vn 0.4995 -0.0000 -0.8663
vn 0.0007 1.0000 0.0004
vn 0.5737 -0.0000 -0.8190
vn -0.5737 -0.0000 0.8190
vn 0.8677 0.0001 0.4971
vn -0.8677 -0.0001 -0.4970
vn 0.3467 -0.0000 -0.9380
vn -0.6361 -0.0000 0.7716
vn -0.7891 -0.5768 0.2113
vn -0.7879 0.5782 0.2117
vn -0.2110 0.5780 -0.7883
vn -0.2120 -0.5765 -0.7891
vn -0.7891 -0.5767 0.2114
vn -0.7880 0.5782 0.2117
vn -0.2111 0.5780 -0.7883
vn -0.2121 -0.5766 -0.7891
vn 0.2110 -0.5779 0.7883
vn 0.2120 0.5766 0.7891
vn 0.7880 -0.5780 -0.2118
vn 0.7891 0.5767 -0.2113
vn 0.2111 -0.5778 0.7884
vn 0.7880 -0.5782 -0.2117
vn 0.7891 0.5767 -0.2114
vn -0.1505 -0.6136 -0.7751
vn -0.7909 -0.5797 0.1963
vn -0.7904 0.5803 0.1962
vn -0.1505 0.6143 -0.7746
vn 0.7904 -0.5802 -0.1962
vn 0.1504 -0.6143 0.7746
vn 0.7909 0.5797 -0.1962
vn 0.1505 0.6135 0.7752
vn -0.9659 0.0011 0.2591
vn -0.6132 -0.7062 -0.3539
vn -0.6116 0.7080 -0.3532
vn -0.2591 0.0011 -0.9659
vn -0.9658 0.0011 0.2591
vn -0.6131 -0.7062 -0.3540
vn -0.6115 0.7081 -0.3531
vn -0.2591 0.0011 -0.9658
vn 0.2591 -0.0011 0.9659
vn 0.6117 -0.7079 0.3532
vn 0.6130 0.7063 0.3540
vn 0.9659 -0.0011 -0.2591
vn 0.2591 -0.0011 0.9658
vn 0.6118 -0.7078 0.3531
vn 0.9658 -0.0011 -0.2591
vn 0.3537 0.7071 -0.6123
vn 0.3527 -0.7070 -0.6129
vn -0.3537 -0.7071 0.6123
vn -0.3527 0.7071 0.6128
vn 0.3527 -0.7072 -0.6128
vn -0.3528 0.7071 0.6129
vn 0.5903 0.7330 0.3380
vn 0.1908 0.0001 0.9816
vn 0.9705 0.0001 -0.2410
vn 0.5897 -0.7336 0.3378
vn -0.5899 0.7333 -0.3380
vn -0.9705 -0.0000 0.2411
vn -0.1908 -0.0000 -0.9816
vn -0.5905 -0.7327 -0.3383
vn -0.4012 -0.7156 0.5718
vn -0.4005 0.7153 0.5727
vn 0.4013 0.7154 -0.5719
vn 0.4001 -0.7158 -0.5724
vn 0.5348 0.0085 -0.8449
vn 0.5270 -0.0345 -0.8492
vn 0.5375 -0.0086 -0.8432
vn -0.4826 0.0151 0.8757
vn 0.4987 -0.0058 -0.8668
vn -0.4639 0.0079 0.8859
vn 0.5160 0.0169 -0.8564
vn -0.4955 -0.0078 0.8686
vn -0.4985 -0.0000 0.8669
vn -0.4936 0.0141 0.8696
vn -0.8509 0.1909 -0.4893
vn -0.7131 0.5687 -0.4101
vn -0.3479 0.9160 -0.2000
vn 0.3424 0.9187 0.1967
vn 0.7110 0.5724 0.4085
vn 0.8510 0.1918 0.4890
vn -0.0029 -1.0000 -0.0017
vn 0.8582 -0.1426 0.4931
vn -0.8590 -0.1344 -0.4940
vn -0.0013 1.0000 -0.0007
vn -0.4568 0.0452 0.8884
vn -0.4602 -0.0081 0.8878
vn 0.4982 -0.0000 -0.8671
vn 0.5138 -0.0146 -0.8578
vn -0.4981 0.0059 0.8671
vn -0.4982 -0.0000 0.8670
vn -0.4798 -0.0169 0.8772
vn 0.5011 0.0076 -0.8654
vn 0.4985 -0.0000 -0.8669
vn 0.5030 -0.0137 -0.8642
vn 0.5000 -0.0000 -0.8660
vn -0.5000 -0.0000 0.8660
vn 0.8660 -0.0000 0.5000
vn -0.8660 -0.0000 -0.5000
vn 0.6073 -0.7136 0.3493
vn -0.6073 0.7136 -0.3493
vn 0.0416 0.9988 0.0239
vn -0.0416 -0.9988 -0.0239
vn 0.0006 1.0000 0.0004
vn 0.8677 0.0001 0.4970
vn -0.7909 -0.5796 0.1963
vn -0.7904 0.5803 0.1961
vn -0.1505 0.6142 -0.7746
vn 0.7904 -0.5803 -0.1962
vn 0.1506 0.6136 0.7751
vn 0.5903 0.7330 0.3381
vn -0.5899 0.7334 -0.3379
vn -0.9705 -0.0000 0.2410
vn -0.5904 -0.7328 -0.3383
vn -0.4013 -0.7156 0.5718
vn 0.4014 0.7154 -0.5719
vn 0.4001 -0.7158 -0.5723
vn -0.0006 -1.0000 -0.0004
vn -0.1506 -0.6136 -0.7751
vn -0.7908 -0.5797 0.1963
vn -0.1504 0.6143 -0.7746
vn 0.7905 -0.5802 -0.1962
vn 0.1503 -0.6143 0.7747
vn 0.5902 0.7331 0.3380
vn -0.5900 0.7333 -0.3380
vn -0.5905 -0.7328 -0.3382
vn 0.4003 -0.7156 -0.5724
vn -1.0000 -0.0000 0.0079
vn -0.0008 1.0000 -0.0000
vn 1.0000 -0.0000 -0.0079
vn 1.0000 0.0015 -0.0096
vn -0.0090 -0.0000 -1.0000
vn -1.0000 -0.0015 0.0096
vn 0.0090 -0.0000 1.0000
vn 0.0008 -1.0000 -0.0000
vn 0.0969 0.0001 0.9953
vn -0.0969 -0.0001 -0.9953
vn 1.0000 -0.0001 -0.0062
vn -1.0000 0.0001 0.0062
vn -0.1593 -0.0000 0.9872
vn -0.1745 -0.0000 -0.9847
vn -0.5833 0.5767 -0.5720
vn -0.5821 -0.5782 -0.5718
vn -0.5713 -0.5780 0.5826
vn -0.5726 0.5765 0.5829
vn -0.5832 0.5767 -0.5721
vn -0.5821 -0.5781 -0.5718
vn -0.5714 -0.5780 0.5826
vn 0.5715 0.5778 -0.5827
vn 0.5726 -0.5766 -0.5828
vn 0.5821 0.5781 0.5717
vn 0.5832 -0.5768 0.5720
vn 0.5715 0.5779 -0.5826
vn 0.5726 -0.5765 -0.5829
vn 0.5832 -0.5766 0.5722
vn -0.5123 0.6135 0.6010
vn -0.5920 0.5799 -0.5597
vn -0.5918 -0.5802 -0.5595
vn -0.5118 -0.6142 0.6006
vn 0.5919 0.5802 0.5594
vn 0.5119 0.6142 -0.6006
vn 0.5923 -0.5796 0.5597
vn 0.5121 -0.6137 -0.6010
vn -0.7137 -0.0011 -0.7005
vn -0.7079 0.7063 0.0068
vn -0.7062 -0.7079 0.0068
vn -0.7005 -0.0011 0.7137
vn -0.7136 -0.0011 -0.7005
vn -0.7063 -0.7079 0.0068
vn -0.7005 -0.0011 0.7136
vn 0.7005 0.0011 -0.7136
vn 0.7063 0.7079 -0.0068
vn 0.7079 -0.7063 -0.0068
vn 0.7137 0.0011 0.7005
vn 0.7080 -0.7062 -0.0069
vn 0.7136 0.0011 0.7005
vn 0.0069 -0.7071 0.7071
vn 0.0058 0.7070 0.7072
vn -0.0070 0.7071 -0.7071
vn -0.0059 -0.7071 -0.7071
vn 0.0070 -0.7072 0.7070
vn -0.0069 0.7071 -0.7071
vn -0.0059 -0.7071 -0.7070
vn 0.6801 -0.7331 -0.0042
vn 0.6488 -0.0001 -0.7610
vn 0.7266 -0.0001 0.6871
vn 0.6795 0.7336 -0.0042
vn -0.6799 -0.7333 0.0042
vn -0.7266 0.0001 -0.6871
vn -0.6488 0.0001 0.7610
vn -0.6804 0.7328 0.0041
vn -0.0683 0.7155 -0.6952
vn -0.0671 -0.7153 -0.6956
vn 0.0683 -0.7155 0.6953
vn 0.0672 0.7158 0.6950
vn 0.0503 -0.0085 0.9987
vn 0.0413 0.0344 0.9986
vn 0.0534 0.0086 0.9985
vn 0.0103 -0.0150 -0.9998
vn 0.0080 0.0059 1.0000
vn 0.0316 -0.0079 -0.9995
vn 0.0282 -0.0169 0.9995
vn -0.0044 0.0077 -1.0000
vn -0.0078 -0.0000 -1.0000
vn -0.0023 -0.0141 -0.9999
vn -0.9816 -0.1909 0.0077
vn -0.8226 -0.5687 0.0065
vn -0.4013 -0.9160 0.0032
vn 0.3949 -0.9187 -0.0030
vn 0.8200 -0.5724 -0.0062
vn 0.9814 -0.1918 -0.0074
vn -0.0033 1.0000 -0.0000
vn 0.9898 0.1425 -0.0075
vn -0.9909 0.1344 0.0078
vn -0.0015 -1.0000 -0.0000
vn 0.0390 -0.0452 -0.9982
vn 0.0357 0.0081 -0.9993
vn 0.0075 -0.0000 1.0000
vn 0.0257 0.0145 0.9996
vn -0.0073 -0.0059 -1.0000
vn -0.0076 -0.0000 -1.0000
vn 0.0135 0.0169 -0.9998
vn 0.0109 -0.0076 0.9999
vn 0.0079 -0.0000 1.0000
vn 0.0131 0.0137 0.9998
vn 0.0096 -0.0000 1.0000
vn -0.0096 -0.0000 -1.0000
vn 1.0000 -0.0000 -0.0096
vn -1.0000 -0.0000 0.0096
vn 0.7005 0.7136 -0.0055
vn -0.7005 -0.7136 0.0055
vn 0.0480 -0.9988 -0.0004
vn -0.0480 0.9988 0.0004
vn -0.0007 1.0000 -0.0000
vn -0.5121 0.6136 0.6010
vn -0.5921 0.5798 -0.5597
vn -0.5918 -0.5803 -0.5596
vn -0.5118 -0.6143 0.6006
vn 0.5918 0.5802 0.5595
vn 0.5118 0.6143 -0.6006
vn 0.5921 -0.5796 0.5598
vn 0.5122 -0.6136 -0.6010
vn 0.6487 -0.0001 -0.7610
vn -0.6798 -0.7334 0.0042
vn -0.6805 0.7327 0.0043
vn -0.0682 0.7155 -0.6952
vn 0.0671 0.7158 0.6950
vn 0.0007 -1.0000 -0.0000
vn -0.5921 0.5799 -0.5597
vn -0.5919 -0.5802 -0.5594
vn 0.5919 0.5802 0.5595
vn 0.5118 0.6142 -0.6007
vn 0.5922 -0.5797 0.5597
vn 0.5121 -0.6136 -0.6010
vn 0.6796 0.7336 -0.0042
vn -0.6805 0.7328 0.0042
vn -0.0670 -0.7152 -0.6956
vn 0.0671 0.7158 0.6951
vn -0.0007 -1.0000 0.0004
vn 0.8660 -0.0015 -0.5000
vn -0.0006 -1.0000 0.0004
vn 0.5005 -0.0000 0.8657
vn -0.8660 0.0015 0.5000
vn -0.5005 -0.0000 -0.8657
vn 0.0007 1.0000 -0.0004
vn -0.4225 -0.0001 -0.9064
vn 0.4224 -0.0000 0.9064
vn 0.8643 0.0001 -0.5029
vn -0.8643 -0.0001 0.5029
vn -0.6389 -0.0000 -0.7693
vn 0.3502 -0.0000 0.9367
vn -0.2116 -0.5767 0.7891
vn -0.2106 0.5782 0.7882
vn -0.7882 0.5780 -0.2113
vn -0.7894 -0.5764 -0.2109
vn -0.2116 -0.5766 0.7892
vn -0.2106 0.5781 0.7883
vn -0.7883 0.5779 -0.2114
vn -0.7894 -0.5765 -0.2109
vn 0.7883 -0.5778 0.2113
vn 0.7894 0.5765 0.2110
vn 0.2107 -0.5781 -0.7883
vn 0.2115 0.5768 -0.7891
vn 0.7883 -0.5779 0.2111
vn 0.2115 0.5767 -0.7891
vn -0.7465 -0.6136 -0.2572
vn -0.2253 -0.5797 0.7831
vn -0.2253 0.5803 0.7826
vn -0.7461 0.6142 -0.2572
vn 0.2254 -0.5802 -0.7827
vn 0.7461 -0.6143 0.2571
vn 0.2254 0.5796 -0.7831
vn 0.7465 0.6136 0.2573
vn -0.2587 0.0011 0.9660
vn -0.6131 -0.7062 0.3540
vn -0.6117 0.7079 0.3531
vn -0.2585 0.0011 0.9660
vn 0.9660 -0.0011 0.2586
vn 0.6117 -0.7079 -0.3532
vn 0.6130 0.7064 -0.3539
vn 0.2585 -0.0011 -0.9660
vn 0.6117 -0.7078 -0.3532
vn 0.6131 0.7063 -0.3539
vn -0.3534 0.7071 -0.6125
vn -0.3544 -0.7070 -0.6119
vn 0.3534 -0.7071 0.6124
vn 0.3544 0.7071 0.6119
vn -0.3544 -0.7071 -0.6119
vn 0.3534 -0.7070 0.6125
vn 0.5879 0.7331 -0.3421
vn 0.9455 0.0001 0.3256
vn 0.2765 0.0001 -0.9610
vn 0.5873 -0.7336 -0.3418
vn -0.5876 0.7334 0.3419
vn -0.2765 -0.0001 0.9610
vn -0.9455 -0.0000 -0.3256
vn -0.5883 -0.7327 0.3423
vn 0.2946 -0.7155 0.6334
vn 0.2957 0.7153 0.6332
vn -0.2946 0.7154 -0.6335
vn -0.2956 -0.7157 -0.6327
vn -0.4643 0.0085 -0.8856
vn -0.4719 -0.0345 -0.8810
vn -0.4615 -0.0086 -0.8871
vn 0.5171 0.0150 0.8558
vn -0.5013 -0.0058 -0.8653
vn 0.5353 0.0079 0.8447
vn -0.4836 0.0169 -0.8751
vn 0.5044 -0.0077 0.8634
vn 0.5063 0.0141 0.8623
vn -0.8493 0.1909 0.4923
vn -0.7117 0.5686 0.4125
vn -0.3472 0.9160 0.2012
vn 0.3416 0.9187 -0.1981
vn 0.7093 0.5724 -0.4114
vn 0.8489 0.1918 -0.4925
vn -0.0029 -1.0000 0.0017
vn 0.8562 -0.1426 -0.4966
vn -0.8573 -0.1344 0.4969
vn -0.0013 1.0000 0.0007
vn 0.5410 0.0452 0.8398
vn 0.5387 -0.0081 0.8425
vn -0.5018 -0.0000 -0.8650
vn -0.4860 -0.0145 -0.8739
vn 0.5019 0.0059 0.8649
vn 0.5018 -0.0000 0.8650
vn 0.5198 -0.0169 0.8541
vn -0.4989 0.0076 -0.8666
vn -0.4969 -0.0137 -0.8677
vn 0.6061 -0.7136 -0.3513
vn -0.6061 0.7136 0.3513
vn 0.0415 0.9988 -0.0241
vn -0.0415 -0.9988 0.0241
vn -0.4224 -0.0001 -0.9064
vn 0.0006 1.0000 -0.0004
vn -0.7465 -0.6136 -0.2573
vn -0.2255 -0.5796 0.7831
vn -0.2252 0.5804 0.7826
vn -0.7461 0.6142 -0.2571
vn 0.2252 -0.5802 -0.7827
vn 0.7461 -0.6143 0.2570
vn 0.7466 0.6136 0.2572
vn 0.5874 -0.7336 -0.3418
vn -0.5881 -0.7328 0.3422
vn 0.2957 0.7152 0.6332
vn -0.7465 -0.6136 -0.2571
vn -0.2254 -0.5797 0.7830
vn -0.7461 0.6143 -0.2571
vn 0.7460 -0.6143 0.2571
vn 0.2254 0.5797 -0.7830
vn 0.7466 0.6136 0.2573
vn 0.2766 0.0001 -0.9610
vn -0.5877 0.7332 0.3420
vn -0.5882 -0.7327 0.3423
vn 0.2946 -0.7156 0.6334
vn -0.2957 -0.7157 -0.6327
vn -0.0004 -1.0000 0.0007
vn 0.5000 -0.0015 -0.8660
vn 0.8663 -0.0000 0.4995
vn -0.5000 0.0015 0.8660
vn -0.8663 -0.0000 -0.4995
vn 0.0004 1.0000 -0.0007
vn -0.8190 -0.0001 -0.5737
vn 0.8190 0.0001 0.5737
vn 0.4970 0.0001 -0.8677
vn -0.4971 -0.0001 0.8677
vn -0.9380 -0.0000 -0.3467
vn 0.7716 -0.0000 0.6361
vn 0.2112 -0.5767 0.7892
vn 0.2117 0.5782 0.7880
vn -0.7882 0.5780 0.2111
vn -0.7891 -0.5765 0.2120
vn 0.2113 -0.5767 0.7892
vn -0.7883 0.5780 0.2111
vn -0.7891 -0.5764 0.2120
vn 0.7883 -0.5779 -0.2111
vn 0.7891 0.5766 -0.2120
vn -0.2116 -0.5781 -0.7880
vn -0.2114 0.5767 -0.7891
vn 0.7884 -0.5778 -0.2111
vn 0.7891 0.5765 -0.2120
vn -0.2116 -0.5782 -0.7880
vn -0.2114 0.5768 -0.7891
vn -0.7751 -0.6136 0.1506
vn 0.1963 -0.5796 0.7909
vn 0.1963 0.5803 0.7904
vn -0.7747 0.6142 0.1504
vn -0.1962 -0.5802 -0.7905
vn 0.7747 -0.6142 -0.1504
vn -0.1962 0.5796 -0.7909
vn 0.7751 0.6136 -0.1505
vn 0.2591 0.0011 0.9659
vn -0.3539 -0.7063 0.6131
vn -0.3531 0.7080 0.6116
vn -0.9659 0.0011 0.2590
vn -0.3539 -0.7064 0.6131
vn 0.3531 -0.7079 -0.6117
vn 0.3540 0.7063 -0.6131
vn -0.2591 -0.0011 -0.9659
vn 0.9658 -0.0011 -0.2592
vn 0.3532 -0.7079 -0.6117
vn -0.6123 0.7071 -0.3537
vn -0.6129 -0.7071 -0.3527
vn 0.6123 -0.7071 0.3537
vn 0.6129 0.7071 0.3527
vn 0.3381 0.7331 -0.5902
vn 0.9816 0.0001 -0.1908
vn -0.2410 0.0001 -0.9705
vn 0.3377 -0.7337 -0.5897
vn -0.3379 0.7333 0.5900
vn 0.2411 -0.0001 0.9705
vn -0.9816 -0.0001 0.1908
vn -0.3381 -0.7328 0.5905
vn 0.5718 -0.7155 0.4013
vn 0.5728 0.7153 0.4004
vn -0.5719 0.7155 -0.4013
vn -0.5722 -0.7158 -0.4002
vn -0.8449 0.0085 -0.5348
vn -0.8492 -0.0345 -0.5269
vn -0.8433 -0.0086 -0.5375
vn 0.8757 0.0150 0.4826
vn -0.8668 -0.0058 -0.4986
vn 0.8859 0.0079 0.4639
vn -0.8564 0.0169 -0.5160
vn 0.8686 -0.0077 0.4955
vn 0.8696 0.0141 0.4936
vn -0.4894 0.1909 0.8509
vn -0.4101 0.5686 0.7131
vn -0.2001 0.9160 0.3479
vn 0.1968 0.9187 -0.3424
vn 0.4085 0.5724 -0.7110
vn 0.4890 0.1918 -0.8510
vn -0.0016 -1.0000 0.0029
vn 0.4931 -0.1425 -0.8582
vn -0.4940 -0.1344 0.8590
vn -0.0007 1.0000 0.0013
vn 0.8884 0.0452 0.4568
vn 0.8878 -0.0081 0.4603
vn -0.8670 -0.0000 -0.4982
vn -0.8578 -0.0146 -0.5138
vn 0.8671 0.0059 0.4980
vn 0.8671 -0.0000 0.4982
vn 0.8772 -0.0169 0.4798
vn -0.8653 0.0076 -0.5011
vn -0.8642 -0.0137 -0.5030
vn 0.3493 -0.7136 -0.6073
vn -0.3492 0.7136 0.6073
vn 0.0239 0.9988 -0.0416
vn -0.0239 -0.9988 0.0416
vn -0.7751 -0.6136 0.1505
vn -0.7746 0.6143 0.1504
vn -0.1963 -0.5802 -0.7904
vn -0.1964 0.5797 -0.7909
vn 0.7752 0.6136 -0.1505
vn 0.3377 -0.7336 -0.5897
vn -0.3379 0.7333 0.5899
vn -0.3383 -0.7327 0.5905
vn 0.5728 0.7152 0.4004
vn -0.5719 0.7154 -0.4013
vn -0.0004 -1.0000 0.0006
vn 0.0004 1.0000 -0.0006
vn -0.4970 -0.0001 0.8677
vn 0.1963 -0.5797 0.7909
vn 0.1962 0.5802 0.7905
vn -0.7746 0.6143 0.1503
vn 0.7746 -0.6143 -0.1503
vn -0.1962 0.5797 -0.7909
vn 0.7752 0.6135 -0.1505
vn 0.3380 0.7331 -0.5902
vn 0.9816 0.0001 -0.1907
vn -0.3380 0.7332 0.5900
vn -0.3382 -0.7328 0.5904
vn -0.0000 -1.0000 0.0008
vn -0.0000 -0.0015 -1.0000
vn -0.0000 0.0015 1.0000
vn -0.0000 1.0000 -0.0008
vn -0.9962 -0.0001 -0.0873
vn 0.9962 0.0001 0.0873
vn -0.0000 1.0000 -0.0007
vn -0.0034 0.0001 -1.0000
vn 0.0034 -0.0001 1.0000
vn -0.9857 -0.0000 0.1687
vn 0.9863 -0.0000 0.1651
vn 0.5777 -0.5767 0.5777
vn 0.5773 0.5782 0.5765
vn -0.5771 0.5780 0.5769
vn -0.5774 -0.5765 0.5782
vn 0.5776 -0.5767 0.5778
vn -0.5770 0.5781 0.5769
vn 0.5771 -0.5779 -0.5770
vn 0.5774 0.5765 -0.5782
vn -0.5773 -0.5782 -0.5765
vn -0.5776 0.5767 -0.5777
vn 0.5772 -0.5778 -0.5770
vn 0.5774 0.5765 -0.5781
vn -0.5773 -0.5781 -0.5766
vn -0.5777 0.5767 -0.5776
vn -0.5961 -0.6136 0.5179
vn 0.5655 -0.5797 0.5867
vn 0.5652 0.5802 0.5864
vn -0.5957 0.6142 0.5176
vn -0.5651 -0.5803 -0.5865
vn 0.5957 -0.6142 -0.5176
vn -0.5654 0.5796 -0.5868
vn 0.5960 0.6137 -0.5179
vn 0.7073 0.0011 0.7069
vn -0.0001 -0.7063 0.7080
vn -0.0000 0.7079 0.7063
vn -0.7069 0.0011 0.7073
vn -0.0000 -0.7063 0.7079
vn -0.0000 0.7080 0.7063
vn 0.7069 -0.0011 -0.7073
vn -0.0000 -0.7079 -0.7063
vn -0.0000 0.7063 -0.7079
vn -0.7073 -0.0011 -0.7069
vn -0.7071 0.7071 -0.0002
vn -0.7071 -0.7072 0.0009
vn 0.7071 -0.7071 0.0001
vn 0.7071 0.7071 -0.0009
vn -0.7071 -0.7071 0.0009
vn 0.7071 -0.7071 0.0002
vn -0.0023 0.7331 -0.6801
vn 0.7548 0.0001 -0.6560
vn -0.6940 0.0001 -0.7200
vn -0.0023 -0.7336 -0.6796
vn 0.0023 0.7333 0.6799
vn 0.6940 -0.0001 0.7200
vn -0.7548 -0.0001 0.6560
vn 0.0024 -0.7328 0.6805
vn 0.6959 -0.7155 0.0616
vn 0.6962 0.7153 0.0604
vn -0.6959 0.7155 -0.0617
vn -0.6957 -0.7158 -0.0605
vn -0.9991 0.0085 -0.0407
vn -0.9989 -0.0345 -0.0317
vn -0.9990 -0.0086 -0.0438
vn 0.9997 0.0150 -0.0199
vn -1.0000 -0.0058 0.0016
vn 0.9991 0.0079 -0.0412
vn -0.9997 0.0169 -0.0187
vn 1.0000 -0.0077 -0.0052
vn 1.0000 -0.0000 -0.0018
vn 0.9999 0.0141 -0.0073
vn 0.0017 0.1909 0.9816
vn 0.0014 0.5686 0.8226
vn 0.0007 0.9160 0.4013
vn -0.0008 0.9187 -0.3949
vn -0.0017 0.5724 -0.8200
vn -0.0020 0.1918 -0.9814
vn -0.0000 -1.0000 0.0033
vn -0.0020 -0.1425 -0.9898
vn 0.0017 -0.1344 0.9909
vn -0.0000 1.0000 0.0015
vn 0.9978 0.0453 -0.0486
vn 0.9989 -0.0081 -0.0453
vn -1.0000 -0.0000 0.0020
vn -0.9998 -0.0146 -0.0161
vn 1.0000 0.0060 -0.0023
vn 1.0000 -0.0000 -0.0020
vn 0.9996 -0.0169 -0.0231
vn -1.0000 0.0076 -0.0013
vn -0.9999 -0.0137 -0.0035
vn -0.0012 -0.7136 -0.7006
vn 0.0012 0.7136 0.7005
vn -0.0001 0.9988 -0.0480
vn 0.0001 -0.9988 0.0480
vn 0.9962 0.0001 0.0874
vn -0.5960 -0.6137 0.5178
vn 0.5654 -0.5796 0.5868
vn 0.5651 0.5803 0.5865
vn -0.5957 0.6141 0.5176
vn -0.5654 0.5797 -0.5868
vn 0.5961 0.6135 -0.5179
vn 0.7547 0.0001 -0.6560
vn 0.0023 -0.7328 0.6804
vn 0.6963 0.7152 0.0603
vn -0.6959 0.7154 -0.0616
vn -0.0000 -1.0000 0.0007
vn 0.5651 0.5802 0.5865
vn -0.5652 -0.5802 -0.5864
vn 0.5957 -0.6142 -0.5175
vn 0.5960 0.6136 -0.5179
vn -0.0023 -0.7336 -0.6795
vn -0.7547 -0.0001 0.6561
vn 0.6958 -0.7156 0.0616
vn -0.6957 -0.7157 -0.0604
vn 0.0004 -1.0000 0.0007
vn -0.5000 -0.0015 -0.8660
vn 0.5000 0.0015 0.8660
vn -0.0004 1.0000 -0.0007
vn -0.9064 -0.0000 0.4225
vn 0.9064 0.0001 -0.4224
vn -0.0004 1.0000 -0.0006
vn -0.5029 0.0001 -0.8643
vn 0.5029 -0.0001 0.8643
vn -0.7693 -0.0000 0.6389
vn 0.9367 -0.0000 -0.3502
vn 0.7891 -0.5767 0.2116
vn 0.7882 0.5782 0.2106
vn -0.2113 0.5780 0.7882
vn -0.2109 -0.5765 0.7894
vn 0.7891 -0.5767 0.2115
vn 0.2114 -0.5780 -0.7882
vn 0.2109 0.5765 -0.7894
vn -0.7882 -0.5782 -0.2107
vn -0.7891 0.5767 -0.2115
vn 0.2113 -0.5780 -0.7882
vn 0.2110 0.5765 -0.7894
vn -0.7882 -0.5782 -0.2106
vn -0.2573 -0.6136 0.7465
vn 0.7830 -0.5797 0.2255
vn 0.7827 0.5802 0.2253
vn -0.2571 0.6142 0.7461
vn -0.7826 -0.5803 -0.2254
vn 0.2570 -0.6143 -0.7461
vn -0.7830 0.5797 -0.2255
vn 0.2573 0.6135 -0.7466
vn 0.9660 0.0011 0.2586
vn 0.3540 -0.7063 0.6131
vn 0.3531 0.7080 0.6116
vn -0.2586 0.0011 0.9660
vn 0.9660 0.0011 0.2585
vn 0.2586 -0.0011 -0.9660
vn -0.3532 -0.7079 -0.6117
vn -0.3540 0.7063 -0.6131
vn -0.9660 -0.0011 -0.2585
vn -0.3531 -0.7079 -0.6117
vn -0.6124 0.7071 0.3534
vn -0.6120 -0.7070 0.3544
vn 0.6125 -0.7071 -0.3534
vn 0.6119 0.7071 -0.3544
vn -0.6119 -0.7071 0.3544
vn -0.3421 0.7331 -0.5878
vn 0.3257 0.0001 -0.9455
vn -0.9610 0.0001 -0.2766
vn -0.3418 -0.7336 -0.5874
vn 0.3420 0.7333 0.5876
vn 0.9610 -0.0001 0.2765
vn -0.3256 -0.0000 0.9455
vn 0.3423 -0.7327 0.5882
vn 0.6335 -0.7155 -0.2946
vn 0.6332 0.7152 -0.2959
vn -0.6335 0.7154 0.2946
vn -0.6328 -0.7158 0.2955
vn -0.8856 0.0085 0.4643
vn -0.8810 -0.0345 0.4719
vn -0.8871 -0.0086 0.4615
vn 0.8558 0.0150 -0.5171
vn -0.8653 -0.0081 0.5011
vn 0.8447 0.0079 -0.5353
vn -0.8709 0.0096 0.4914
vn 0.8639 -0.0055 -0.5037
vn 0.8599 0.0246 -0.5098
vn 0.4923 0.1909 0.8493
vn 0.4125 0.5686 0.7117
vn 0.2012 0.9160 0.3472
vn -0.1981 0.9187 -0.3416
vn -0.4114 0.5724 -0.7093
vn -0.4925 0.1918 -0.8489
vn 0.0017 -1.0000 0.0029
vn -0.4966 -0.1425 -0.8562
vn 0.4969 -0.1344 0.8573
vn 0.0008 1.0000 0.0013
vn 0.8398 0.0452 -0.5410
vn 0.8425 -0.0081 -0.5387
vn -0.8739 -0.0146 0.4860
vn 0.8648 0.0082 -0.5021
vn 0.8590 -0.0095 -0.5119
vn -0.8662 0.0055 0.4996
vn -0.8696 -0.0242 0.4932
vn -0.3513 -0.7136 -0.6061
vn 0.3513 0.7136 0.6061
vn -0.0241 0.9988 -0.0415
vn 0.0241 -0.9988 0.0415
vn -0.9064 -0.0000 0.4224
vn 0.7831 -0.5796 0.2254
vn 0.7826 0.5802 0.2254
vn -0.2571 0.6141 0.7461
vn -0.7827 -0.5802 -0.2253
vn -0.7831 0.5797 -0.2254
vn 0.2572 0.6136 -0.7466
vn -0.3421 0.7331 -0.5879
vn -0.9610 0.0001 -0.2765
vn 0.3419 0.7333 0.5876
vn 0.3422 -0.7328 0.5881
vn -0.6336 0.7154 0.2947
vn -0.6326 -0.7159 0.2954
vn 0.0004 -1.0000 0.0006
vn 0.7830 -0.5797 0.2254
vn 0.2571 -0.6142 -0.7461
vn -0.7831 0.5796 -0.2255
vn -0.3418 -0.7336 -0.5873
vn 0.6334 -0.7156 -0.2945
vn 0.6331 0.7153 -0.2958
vn -0.6335 0.7154 0.2947
vn -0.6328 -0.7157 0.2955
vn 0.0007 -1.0000 0.0004
vn -0.8660 -0.0015 -0.5000
vn 0.8660 0.0015 0.5000
vn -0.0007 1.0000 -0.0004
vn 0.5737 0.0001 -0.8190
vn -0.0006 1.0000 -0.0004
vn -0.8677 0.0001 -0.4970
vn 0.8677 -0.0001 0.4971
vn -0.3467 -0.0000 0.9380
vn 0.6361 -0.0000 -0.7716
vn 0.7892 -0.5766 -0.2114
vn 0.7879 0.5782 -0.2118
vn 0.2111 0.5780 0.7883
vn 0.2121 -0.5765 0.7891
vn 0.7891 -0.5768 -0.2114
vn 0.7879 0.5782 -0.2117
vn 0.2120 -0.5765 0.7891
vn -0.2111 -0.5780 -0.7883
vn -0.2119 0.5765 -0.7891
vn -0.7880 -0.5781 0.2118
vn -0.7891 0.5768 0.2113
vn -0.2120 0.5765 -0.7891
vn -0.7879 -0.5782 0.2117
vn -0.7891 0.5767 0.2114
vn 0.1505 -0.6137 0.7751
vn 0.7909 -0.5797 -0.1963
vn 0.7905 0.5803 -0.1962
vn 0.1503 0.6142 0.7747
vn -0.7905 -0.5803 0.1962
vn -0.1505 -0.6143 -0.7746
vn -0.7909 0.5796 0.1963
vn -0.1506 0.6136 -0.7751
vn 0.9659 0.0011 -0.2591
vn 0.6131 -0.7062 0.3540
vn 0.6116 0.7080 0.3532
vn 0.9658 0.0011 -0.2591
vn 0.6131 -0.7063 0.3539
vn 0.2591 0.0011 0.9658
vn -0.2591 -0.0011 -0.9658
vn -0.6116 -0.7080 -0.3531
vn -0.6131 0.7063 -0.3540
vn -0.9658 -0.0011 0.2591
vn -0.6117 -0.7079 -0.3531
vn -0.3536 0.7071 0.6123
vn -0.3528 -0.7071 0.6129
vn 0.3537 -0.7071 -0.6123
vn 0.3528 0.7071 -0.6129
vn -0.3537 0.7071 0.6123
vn -0.3527 -0.7071 0.6129
vn 0.3536 -0.7072 -0.6123
vn 0.3527 0.7071 -0.6129
vn -0.5902 0.7331 -0.3380
vn -0.1908 0.0001 -0.9816
vn -0.9705 0.0001 0.2410
vn -0.5896 -0.7336 -0.3378
vn 0.5900 0.7333 0.3379
vn 0.9705 -0.0000 -0.2411
vn 0.1908 -0.0001 0.9816
vn 0.5905 -0.7328 0.3382
vn 0.4012 -0.7155 -0.5719
vn 0.4006 0.7152 -0.5727
vn -0.4013 0.7155 0.5719
vn -0.4002 -0.7157 0.5723
vn -0.5348 0.0085 0.8449
vn -0.5270 -0.0345 0.8492
vn -0.5375 -0.0086 0.8432
vn 0.4826 0.0150 -0.8757
vn -0.4987 -0.0058 0.8668
vn 0.4639 0.0079 -0.8859
vn -0.5160 0.0169 0.8564
vn 0.4955 -0.0077 -0.8686
vn 0.4936 0.0141 -0.8696
vn 0.8509 0.1909 0.4893
vn 0.7131 0.5686 0.4101
vn 0.3479 0.9160 0.2000
vn -0.3424 0.9187 -0.1968
vn -0.7110 0.5724 -0.4085
vn -0.8510 0.1918 -0.4890
vn 0.0029 -1.0000 0.0017
vn -0.8582 -0.1426 -0.4931
vn 0.8590 -0.1344 0.4940
vn 0.0013 1.0000 0.0007
vn 0.4568 0.0452 -0.8884
vn 0.4603 -0.0081 -0.8877
vn -0.4983 -0.0000 0.8670
vn -0.5138 -0.0146 0.8578
vn 0.4980 0.0060 -0.8671
vn 0.4982 -0.0000 -0.8670
vn 0.4798 -0.0169 -0.8772
vn -0.5011 0.0076 0.8654
vn -0.5030 -0.0137 0.8642
vn -0.6073 -0.7136 -0.3493
vn 0.6073 0.7136 0.3493
vn -0.0416 0.9988 -0.0239
vn 0.0416 -0.9988 0.0239
vn -0.8677 0.0001 -0.4971
vn 0.7909 -0.5795 -0.1964
vn 0.7905 0.5802 -0.1962
vn 0.1505 0.6142 0.7747
vn -0.1504 -0.6143 -0.7746
vn -0.7909 0.5797 0.1963
vn -0.1506 0.6137 -0.7751
vn -0.5901 0.7331 -0.3381
vn -0.5897 -0.7336 -0.3378
vn 0.5900 0.7333 0.3380
vn 0.4013 -0.7155 -0.5719
vn -0.4015 0.7153 0.5719
vn -0.4001 -0.7159 0.5723
vn 0.0006 -1.0000 0.0004
vn 0.8677 -0.0001 0.4970
vn 0.1504 -0.6136 0.7751
vn 0.7908 -0.5798 -0.1963
vn 0.7904 0.5803 -0.1961
vn 0.1504 0.6142 0.7747
vn -0.7904 -0.5803 0.1963
vn -0.1504 -0.6142 -0.7747
vn -0.7909 0.5796 0.1964
vn -0.1505 0.6136 -0.7751
vn -0.1907 0.0001 -0.9816
vn 0.5899 0.7334 0.3380
vn 0.5904 -0.7328 0.3382
vn -1.0000 -0.0015 -0.0000
vn -0.0006 -0.0000 -1.0000
vn 1.0000 0.0015 -0.0000
vn 0.0006 -0.0000 1.0000
vn -0.0874 -0.0000 0.9962
vn 0.0874 0.0001 -0.9962
vn -1.0000 0.0001 0.0034
vn 1.0000 -0.0001 -0.0034
vn 0.1687 -0.0000 0.9857
vn 0.1651 -0.0000 -0.9863
vn 0.5777 -0.5768 -0.5776
vn 0.5765 0.5782 -0.5773
vn 0.5769 0.5780 0.5772
vn 0.5782 -0.5765 0.5773
vn 0.5777 -0.5767 -0.5776
vn 0.5769 0.5780 0.5771
vn 0.5782 -0.5765 0.5774
vn -0.5769 -0.5780 -0.5771
vn -0.5781 0.5765 -0.5775
vn -0.5765 -0.5783 0.5773
vn -0.5777 0.5768 0.5776
vn -0.5765 -0.5782 0.5773
vn -0.5777 0.5767 0.5776
vn 0.5178 -0.6136 0.5961
vn 0.5868 -0.5797 -0.5654
vn 0.5865 0.5802 -0.5651
vn 0.5175 0.6142 0.5958
vn -0.5864 -0.5803 0.5651
vn -0.5177 -0.6142 -0.5956
vn -0.5867 0.5797 0.5655
vn -0.5179 0.6136 -0.5960
vn 0.7080 -0.7062 -0.0000
vn 0.7063 0.7079 -0.0001
vn 0.7063 0.7080 -0.0000
vn -0.7062 -0.7080 -0.0000
vn -0.7079 0.7063 -0.0000
vn -0.7063 -0.7079 -0.0000
vn -0.0001 0.7071 0.7071
vn 0.0010 -0.7071 0.7071
vn 0.0002 -0.7071 -0.7071
vn -0.0009 0.7071 -0.7071
vn -0.0002 0.7071 0.7071
vn 0.0009 -0.7071 0.7071
vn 0.0001 -0.7071 -0.7071
vn -0.6801 0.7331 0.0023
vn -0.6560 0.0001 -0.7548
vn -0.7200 0.0001 0.6940
vn -0.6795 -0.7337 0.0022
vn 0.6799 0.7333 -0.0023
vn 0.7199 -0.0001 -0.6941
vn 0.6560 -0.0001 0.7548
vn 0.6805 -0.7327 -0.0023
vn 0.0616 -0.7155 -0.6959
vn 0.0605 0.7153 -0.6962
vn -0.0616 0.7155 0.6959
vn -0.0603 -0.7158 0.6957
vn -0.0407 0.0085 0.9991
vn -0.0318 -0.0345 0.9989
vn -0.0439 -0.0086 0.9990
vn -0.0199 0.0150 -0.9997
vn 0.0015 -0.0058 1.0000
vn -0.0412 0.0079 -0.9991
vn -0.0187 0.0169 0.9997
vn -0.0052 -0.0077 -1.0000
vn -0.0073 0.0141 -0.9999
vn 0.9816 0.1909 -0.0017
vn 0.8226 0.5686 -0.0014
vn 0.4013 0.9160 -0.0007
vn -0.3949 0.9187 0.0008
vn -0.8200 0.5724 0.0017
vn -0.9814 0.1918 0.0020
vn 0.0033 -1.0000 -0.0000
vn -0.9898 -0.1426 0.0020
vn 0.9909 -0.1344 -0.0017
vn 0.0015 1.0000 -0.0000
vn -0.0486 0.0452 -0.9978
vn -0.0453 -0.0081 -0.9989
vn 0.0021 -0.0000 1.0000
vn -0.0161 -0.0146 0.9998
vn -0.0022 0.0060 -1.0000
vn -0.0021 -0.0000 -1.0000
vn -0.0232 -0.0169 -0.9996
vn -0.0013 0.0076 1.0000
vn -0.0035 -0.0137 0.9999
vn -0.7006 -0.7136 0.0012
vn 0.7005 0.7136 -0.0012
vn -0.0480 0.9988 0.0001
vn 0.0480 -0.9988 -0.0001
vn -0.0873 -0.0000 0.9962
vn 0.5178 -0.6136 0.5962
vn 0.5865 0.5803 -0.5651
vn 0.5176 0.6142 0.5957
vn -0.5867 0.5797 0.5654
vn -0.5179 0.6136 -0.5961
vn -0.6796 -0.7336 0.0023
vn 0.6805 -0.7327 -0.0024
vn -0.0616 0.7154 0.6960
vn 0.5179 -0.6136 0.5961
vn 0.5867 -0.5797 -0.5654
vn -0.5865 -0.5802 0.5652
vn -0.5175 -0.6143 -0.5957
vn -0.5868 0.5797 0.5654
vn -0.6802 0.7331 0.0024
vn -0.6796 -0.7336 0.0024
vn 0.7200 -0.0001 -0.6940
vn 0.6805 -0.7328 -0.0023
vn 0.0007 -1.0000 -0.0004
vn -0.8660 -0.0015 0.5000
vn 0.8660 0.0015 -0.5000
vn -0.0007 1.0000 0.0004
vn 0.4224 -0.0001 0.9064
vn -0.4224 0.0001 -0.9064
vn -0.0006 1.0000 0.0004
vn -0.8643 0.0001 0.5029
vn 0.8643 -0.0001 -0.5029
vn 0.6389 -0.0000 0.7693
vn -0.3502 -0.0000 -0.9367
vn 0.2116 -0.5767 -0.7891
vn 0.2107 0.5782 -0.7883
vn 0.7882 0.5780 0.2113
vn 0.7895 -0.5764 0.2109
vn 0.2106 0.5782 -0.7882
vn 0.7882 0.5779 0.2114
vn 0.7894 -0.5765 0.2108
vn -0.7882 -0.5779 -0.2113
vn -0.7894 0.5765 -0.2110
vn -0.2106 -0.5782 0.7883
vn -0.2115 0.5767 0.7891
vn -0.7882 -0.5780 -0.2113
vn -0.7894 0.5765 -0.2109
vn -0.2106 -0.5782 0.7882
vn 0.7465 -0.6136 0.2573
vn 0.2255 -0.5797 -0.7830
vn 0.2254 0.5802 -0.7827
vn 0.7461 0.6142 0.2571
vn -0.2253 -0.5803 0.7826
vn -0.7461 -0.6142 -0.2571
vn -0.2255 0.5797 0.7830
vn -0.7466 0.6136 -0.2572
vn 0.6131 -0.7062 -0.3540
vn 0.6117 0.7079 -0.3532
vn 0.6116 0.7080 -0.3531
vn -0.6117 -0.7079 0.3532
vn -0.6130 0.7063 0.3540
vn -0.9660 -0.0011 -0.2586
vn -0.6116 -0.7080 0.3531
vn -0.6130 0.7064 0.3539
vn 0.3534 0.7072 0.6124
vn 0.3544 -0.7071 0.6119
vn -0.3534 -0.7071 -0.6124
vn -0.3544 0.7071 -0.6119
vn 0.3534 0.7071 0.6125
vn -0.5878 0.7332 0.3420
vn -0.9455 0.0001 -0.3257
vn -0.2765 0.0001 0.9610
vn -0.5874 -0.7336 0.3418
vn 0.5877 0.7333 -0.3420
vn 0.2765 -0.0001 -0.9610
vn 0.9455 -0.0000 0.3256
vn 0.5881 -0.7328 -0.3422
vn -0.2947 -0.7155 -0.6335
vn -0.2957 0.7153 -0.6332
vn 0.2946 0.7155 0.6335
vn 0.2956 -0.7158 0.6327
vn 0.4644 0.0085 0.8856
vn 0.4719 -0.0345 0.8810
vn 0.4615 -0.0086 0.8871
vn -0.5171 0.0150 -0.8558
vn 0.5013 -0.0059 0.8652
vn -0.5353 0.0079 -0.8447
vn 0.4836 0.0169 0.8751
vn -0.5044 -0.0077 -0.8634
vn -0.5015 -0.0000 -0.8651
vn -0.5063 0.0141 -0.8623
vn 0.8493 0.1909 -0.4923
vn 0.7117 0.5686 -0.4125
vn 0.3471 0.9160 -0.2012
vn -0.3416 0.9187 0.1981
vn -0.7093 0.5723 0.4115
vn -0.8489 0.1918 0.4925
vn 0.0029 -1.0000 -0.0017
vn -0.8562 -0.1426 0.4966
vn 0.8573 -0.1344 -0.4969
vn 0.0013 1.0000 -0.0007
vn -0.5410 0.0452 -0.8398
vn -0.5387 -0.0081 -0.8425
vn 0.4859 -0.0145 0.8739
vn -0.5019 0.0059 -0.8649
vn -0.5198 -0.0169 -0.8541
vn 0.4989 0.0076 0.8666
vn 0.4969 -0.0137 0.8677
vn -0.6061 -0.7136 0.3513
vn 0.6061 0.7136 -0.3513
vn -0.0415 0.9988 0.0241
vn 0.0415 -0.9988 -0.0241
vn 0.4225 -0.0001 0.9064
vn 0.2254 -0.5797 -0.7831
vn 0.7461 0.6142 0.2570
vn -0.7465 0.6136 -0.2573
vn -0.5873 -0.7336 0.3418
vn 0.5876 0.7333 -0.3419
vn 0.5882 -0.7327 -0.3423
vn -0.2946 -0.7155 -0.6335
vn 0.2947 0.7154 0.6335
vn 0.2956 -0.7158 0.6326
vn 0.2254 -0.5797 -0.7830
vn 0.2254 0.5802 -0.7826
vn 0.7460 0.6143 0.2571
vn -0.7461 -0.6142 -0.2570
vn -0.2254 0.5797 0.7830
vn -0.5880 0.7330 0.3421
vn -0.9455 0.0001 -0.3256
vn -0.2766 0.0001 0.9610
vn -0.2946 -0.7155 -0.6334
vn 0.2946 0.7154 0.6335
vn -0.0000 -1.0000 -0.0009
vn 1.0000 -0.0000 -0.0005
vn -0.9962 -0.0001 -0.0872
vn 0.9857 -0.0000 -0.1688
vn 0.9857 -0.0001 -0.1687
vn -0.9863 0.0002 -0.1653
vn -0.9863 -0.0000 -0.1651
vn -0.9863 -0.0000 -0.1648
vn -0.9863 -0.0001 -0.1651
vn -0.0001 0.7081 -0.7062
vn -0.0001 -0.7063 -0.7079
vn -0.0000 0.7080 -0.7063
vn -0.0001 -0.7079 0.7063
vn 0.0001 0.7063 0.7079
vn -0.7070 -0.0011 0.7072
vn -0.0001 -0.7080 0.7062
vn -0.0000 0.7064 0.7078
vn -0.7072 0.7071 0.0010
vn 0.7071 0.7071 0.0001
vn -0.7071 0.7071 0.0010
vn 0.0024 0.7328 0.6805
vn -0.7550 0.0001 0.6558
vn 0.6938 0.0001 0.7202
vn 0.0023 -0.7333 0.6800
vn -0.0023 0.7336 -0.6795
vn -0.6938 -0.0001 -0.7202
vn 0.7550 -0.0001 -0.6558
vn -0.0023 -0.7331 -0.6801
vn -0.6960 -0.7154 -0.0616
vn -0.6957 0.7158 -0.0604
vn 0.6962 -0.7153 0.0604
vn 0.9998 0.0147 0.0160
vn 0.9980 0.0446 0.0440
vn 0.9993 0.0076 0.0365
vn -0.9989 0.0087 0.0451
vn 1.0000 -0.0077 0.0010
vn -0.9988 -0.0088 0.0488
vn 0.9999 0.0138 0.0037
vn -1.0000 -0.0059 0.0026
vn -0.9996 0.0173 0.0226
vn -0.0007 0.9160 -0.4012
vn -0.0000 -1.0000 -0.0034
vn 0.0020 -0.1426 0.9898
vn -0.0017 -0.1343 -0.9909
vn -0.9987 -0.0355 0.0362
vn -0.9997 -0.0147 0.0203
vn 0.9991 -0.0081 0.0409
vn -1.0000 0.0078 0.0048
vn -0.9999 -0.0138 0.0076
vn 1.0000 0.0058 -0.0012
vn 0.9997 -0.0168 0.0188
vn -0.7550 0.0001 0.6557
vn 0.0023 -0.7333 0.6799
vn -0.0024 -0.7331 -0.6801
vn -0.6957 0.7158 -0.0605
vn 0.6962 -0.7153 0.0603
vn -0.0000 1.0000 0.0009
vn 0.0023 0.7327 0.6805
vn 0.0024 -0.7333 0.6799
vn 0.7550 -0.0001 -0.6557
vn 0.6958 0.7156 0.0616
vn 0.6961 -0.7154 0.0605
vn -0.0004 -1.0000 -0.0008
vn 0.9064 0.0001 -0.4225
vn -0.9064 -0.0001 0.4225
vn 0.7693 -0.0000 -0.6389
vn 0.7692 -0.0000 -0.6390
vn -0.9367 0.0001 0.3502
vn -0.9367 0.0001 0.3501
vn -0.9660 0.0011 -0.2585
vn -0.3539 -0.7064 -0.6130
vn -0.3540 -0.7062 -0.6131
vn 0.3539 0.7064 0.6130
vn 0.6125 0.7071 -0.3534
vn 0.6119 -0.7071 -0.3544
vn -0.6119 0.7072 0.3544
vn 0.3422 0.7328 0.5881
vn -0.3259 0.0001 0.9454
vn 0.9609 -0.0000 0.2768
vn 0.3419 -0.7333 0.5876
vn -0.3418 0.7336 -0.5874
vn -0.9609 -0.0000 -0.2768
vn 0.3260 -0.0001 -0.9454
vn -0.3421 -0.7331 -0.5878
vn -0.6335 -0.7154 0.2947
vn -0.6328 0.7158 0.2955
vn 0.6334 0.7156 -0.2945
vn 0.6332 -0.7152 -0.2959
vn 0.8738 0.0147 -0.4860
vn 0.8863 0.0447 -0.4610
vn 0.8837 0.0076 -0.4681
vn -0.8426 0.0087 0.5385
vn 0.8661 -0.0055 -0.4998
vn -0.8406 -0.0088 0.5416
vn 0.8697 0.0240 -0.4930
vn -0.8646 -0.0082 0.5024
vn -0.8591 0.0098 0.5117
vn -0.4923 0.1909 -0.8492
vn -0.4125 0.5687 -0.7116
vn -0.2012 0.9160 -0.3471
vn 0.4115 0.5723 0.7093
vn 0.4925 0.1918 0.8489
vn 0.4966 -0.1426 0.8562
vn -0.4969 -0.1343 -0.8573
vn -0.0007 1.0000 -0.0013
vn -0.8468 -0.0355 0.5307
vn -0.8556 -0.0147 0.5174
vn 0.8857 -0.0081 -0.4642
vn -0.8640 0.0056 0.5034
vn -0.8598 -0.0244 0.5101
vn 0.8655 0.0080 -0.5009
vn 0.8708 -0.0094 -0.4916
vn 0.3420 -0.7333 0.5877
vn -0.3421 -0.7331 -0.5879
vn -0.6327 0.7158 0.2955
vn 0.0004 1.0000 0.0008
vn 0.3422 0.7329 0.5880
vn -0.6328 0.7157 0.2955
vn 0.6335 0.7155 -0.2946
vn 0.6331 -0.7153 -0.2958
vn 0.5737 0.0001 -0.8191
vn -0.5737 -0.0001 0.8191
vn -0.8677 -0.0001 -0.4971
vn 0.3467 0.0001 -0.9380
vn 0.3466 0.0002 -0.9380
vn 0.3466 -0.0000 -0.9380
vn -0.6360 0.0001 0.7717
vn -0.6362 0.0001 0.7715
vn -0.6117 0.7079 -0.3531
vn -0.6130 -0.7064 -0.3539
vn 0.6117 -0.7079 0.3531
vn 0.6130 0.7063 0.3539
vn 0.6131 0.7063 0.3539
vn 0.9659 -0.0011 -0.2590
vn 0.3527 -0.7071 -0.6129
vn -0.3528 0.7071 0.6128
vn 0.3528 -0.7071 -0.6129
vn 0.5903 0.7329 0.3382
vn 0.1905 0.0001 0.9817
vn 0.9706 0.0001 -0.2407
vn 0.5900 -0.7333 0.3380
vn -0.5896 0.7337 -0.3377
vn -0.9706 -0.0002 0.2407
vn -0.1904 -0.0002 -0.9817
vn -0.5902 -0.7331 -0.3381
vn -0.4013 -0.7155 0.5719
vn -0.4001 0.7158 0.5723
vn 0.4013 0.7155 -0.5718
vn 0.4005 -0.7153 -0.5727
vn 0.5138 0.0147 -0.8578
vn 0.5370 0.0446 -0.8424
vn 0.5312 0.0076 -0.8472
vn -0.4605 0.0087 0.8876
vn 0.5009 -0.0077 -0.8655
vn -0.4571 -0.0087 0.8894
vn 0.5032 0.0137 -0.8641
vn -0.4978 -0.0059 0.8673
vn -0.4802 0.0173 0.8770
vn -0.8510 0.1909 -0.4893
vn -0.3478 0.9160 -0.2000
vn 0.7110 0.5723 0.4086
vn -0.0030 -1.0000 -0.0017
vn 0.8582 -0.1425 0.4932
vn -0.8590 -0.1343 -0.4940
vn -0.4680 -0.0355 0.8830
vn -0.4823 -0.0147 0.8759
vn 0.5350 -0.0080 -0.8448
vn -0.4958 0.0078 0.8684
vn -0.4982 -0.0000 0.8671
vn -0.4933 -0.0138 0.8697
vn 0.4990 0.0058 -0.8666
vn 0.5161 -0.0168 -0.8563
vn -0.8669 -0.0000 -0.4986
vn 0.8669 -0.0000 0.4986
vn -0.6073 0.7136 -0.3492
vn 0.5904 0.7328 0.3382
vn 0.1904 0.0001 0.9817
vn 0.9706 0.0001 -0.2408
vn -0.5903 -0.7330 -0.3381
vn 0.4012 0.7156 -0.5718
vn 0.5904 0.7329 0.3382
vn 0.5900 -0.7333 0.3379
vn -0.4012 -0.7155 0.5718
vn 0.4013 0.7155 -0.5719
vn 0.4004 -0.7154 -0.5726
vn 0.0968 -0.0001 0.9953
vn -0.0968 -0.0000 -0.9953
vn 0.0009 -1.0000 -0.0000
vn -0.1592 -0.0000 0.9872
vn -0.1590 -0.0000 0.9873
vn -0.1746 -0.0000 -0.9846
vn -0.1743 -0.0000 -0.9847
vn -0.1745 -0.0001 -0.9846
vn -0.7079 0.7062 0.0068
vn -0.7062 -0.7080 0.0067
vn -0.7004 -0.0011 0.7137
vn -0.7062 -0.7079 0.0067
vn 0.7004 0.0011 -0.7137
vn 0.7063 0.7078 -0.0068
vn 0.7078 -0.7064 -0.0067
vn 0.7005 0.0011 -0.7137
vn 0.0058 0.7071 0.7071
vn -0.0058 -0.7071 -0.7071
vn 0.0059 0.7071 0.7071
vn -0.0070 0.7071 -0.7070
vn 0.6804 -0.7328 -0.0042
vn 0.6485 -0.0001 -0.7612
vn 0.7268 -0.0000 0.6868
vn 0.6799 0.7333 -0.0042
vn -0.6795 -0.7336 0.0042
vn -0.7268 -0.0000 -0.6868
vn -0.6485 0.0001 0.7612
vn -0.6802 0.7330 0.0043
vn -0.0682 0.7154 -0.6953
vn -0.0671 -0.7158 -0.6951
vn 0.0671 0.7153 0.6956
vn 0.0256 -0.0147 0.9996
vn 0.0535 -0.0446 0.9976
vn 0.0460 -0.0076 0.9989
vn 0.0355 -0.0087 -0.9993
vn 0.0106 0.0076 0.9999
vn 0.0392 0.0088 -0.9992
vn 0.0134 -0.0137 0.9998
vn -0.0070 0.0059 -1.0000
vn -0.0079 -0.0000 -1.0000
vn 0.0130 -0.0173 -0.9998
vn -0.8225 -0.5687 0.0065
vn -0.4011 -0.9160 0.0031
vn 0.8200 -0.5723 -0.0062
vn -0.0034 1.0000 -0.0000
vn 0.9898 0.1426 -0.0075
vn -0.9909 0.1343 0.0078
vn 0.0266 0.0355 -0.9990
vn 0.0107 0.0147 -0.9998
vn 0.0505 0.0081 0.9987
vn -0.0048 -0.0078 -1.0000
vn -0.0075 -0.0000 -1.0000
vn -0.0020 0.0139 -0.9999
vn 0.0083 -0.0058 0.9999
vn 0.0284 0.0168 0.9995
vn -0.0009 1.0000 -0.0000
vn 0.6805 -0.7327 -0.0042
vn 0.6798 0.7333 -0.0042
vn -0.6796 -0.7336 0.0042
vn -0.6485 0.0001 0.7613
vn -0.6801 0.7331 0.0042
vn -0.0683 0.7154 -0.6953
vn -0.0671 -0.7157 -0.6951
vn 0.0683 -0.7155 0.6952
vn 0.0670 0.7153 0.6956
vn -0.6802 0.7330 0.0042
vn -0.0682 0.7155 -0.6953
vn -0.0672 -0.7158 -0.6951
vn -0.4225 0.0001 -0.9064
vn -0.6389 -0.0000 -0.7692
vn -0.6390 0.0001 -0.7692
vn -0.6390 -0.0000 -0.7692
vn 0.3503 -0.0000 0.9367
vn 0.3501 -0.0000 0.9367
vn 0.3502 0.0001 0.9367
vn -0.6131 -0.7063 0.3540
vn -0.6116 0.7079 0.3531
vn -0.6131 -0.7063 0.3539
vn -0.6116 0.7080 0.3531
vn 0.6131 0.7062 -0.3540
vn 0.2584 -0.0011 -0.9660
vn 0.6117 -0.7079 -0.3531
vn 0.6131 0.7063 -0.3540
vn -0.3534 0.7071 -0.6124
vn 0.3535 -0.7070 0.6125
vn 0.3534 -0.7071 0.6125
vn 0.3544 0.7072 0.6118
vn 0.5881 0.7328 -0.3422
vn 0.9454 0.0001 0.3260
vn 0.2768 0.0001 -0.9609
vn 0.5877 -0.7333 -0.3420
vn -0.5874 0.7336 0.3418
vn -0.2768 -0.0000 0.9609
vn -0.9454 -0.0001 -0.3259
vn -0.5878 -0.7331 0.3421
vn 0.2946 -0.7155 0.6335
vn 0.2956 0.7158 0.6326
vn -0.2946 0.7156 -0.6334
vn -0.2957 -0.7153 -0.6332
vn -0.4860 0.0147 -0.8739
vn -0.4610 0.0447 -0.8863
vn -0.4681 0.0076 -0.8837
vn 0.5385 0.0087 0.8426
vn -0.4990 -0.0077 -0.8665
vn 0.5416 -0.0088 0.8406
vn -0.4967 0.0137 -0.8678
vn 0.5022 -0.0059 0.8647
vn 0.5194 0.0173 0.8544
vn -0.7116 0.5687 0.4125
vn -0.3471 0.9160 0.2012
vn 0.7093 0.5724 -0.4115
vn 0.8562 -0.1425 -0.4966
vn -0.8573 -0.1343 0.4970
vn 0.5307 -0.0355 0.8468
vn 0.5174 -0.0147 0.8556
vn -0.4642 -0.0081 -0.8857
vn 0.5042 0.0078 0.8636
vn 0.5065 -0.0139 0.8621
vn -0.5010 0.0058 -0.8654
vn -0.4835 -0.0168 -0.8752
vn 0.0415 0.9988 -0.0240
vn -0.0008 -1.0000 0.0004
vn 0.0008 1.0000 -0.0005
vn 0.2769 0.0001 -0.9609
vn 0.5876 -0.7334 -0.3419
vn -0.5873 0.7336 0.3418
vn -0.5879 -0.7330 0.3421
vn 0.2956 0.7158 0.6327
vn -0.2957 -0.7153 -0.6331
vn 0.4225 -0.0001 0.9063
vn 0.0008 1.0000 -0.0004
vn -0.2767 -0.0001 0.9609
vn -0.5879 -0.7331 0.3421
vn -0.2946 0.7155 -0.6334
vn -0.8191 0.0001 -0.5736
vn 0.8191 -0.0000 0.5737
vn 0.4971 0.0001 -0.8677
vn -0.9379 -0.0000 -0.3469
vn 0.7716 0.0001 0.6361
vn 0.7717 -0.0000 0.6359
vn -0.3540 -0.7063 0.6131
vn -0.3532 0.7079 0.6116
vn 0.3539 0.7063 -0.6131
vn 0.3532 -0.7078 -0.6117
vn -0.6128 -0.7071 -0.3527
vn 0.6128 0.7071 0.3527
vn -0.6128 -0.7071 -0.3528
vn 0.6124 -0.7070 0.3537
vn 0.3382 0.7328 -0.5904
vn 0.9817 0.0001 -0.1904
vn -0.2407 0.0001 -0.9706
vn 0.3379 -0.7333 -0.5899
vn -0.3377 0.7337 0.5896
vn 0.2408 -0.0000 0.9706
vn -0.9817 -0.0001 0.1904
vn -0.3381 -0.7330 0.5902
vn 0.5719 -0.7154 0.4013
vn 0.5722 0.7158 0.4002
vn -0.5718 0.7155 -0.4013
vn -0.5728 -0.7153 -0.4004
vn -0.8578 0.0147 -0.5138
vn -0.8424 0.0446 -0.5371
vn -0.8472 0.0076 -0.5312
vn 0.8876 0.0087 0.4605
vn -0.8655 -0.0077 -0.5009
vn 0.8894 -0.0088 0.4571
vn -0.8641 0.0138 -0.5032
vn 0.8673 -0.0059 0.4978
vn 0.8770 0.0173 0.4802
vn -0.4893 0.1909 0.8510
vn -0.4100 0.5687 0.7131
vn -0.2000 0.9160 0.3478
vn 0.1967 0.9187 -0.3424
vn 0.4086 0.5723 -0.7110
vn 0.4890 0.1918 -0.8509
vn -0.0017 -1.0000 0.0029
vn 0.4931 -0.1426 -0.8582
vn -0.4940 -0.1343 0.8590
vn 0.8830 -0.0356 0.4680
vn 0.8759 -0.0147 0.4823
vn -0.8671 -0.0000 -0.4982
vn -0.8448 -0.0081 -0.5350
vn 0.8684 0.0078 0.4958
vn 0.8697 -0.0138 0.4933
vn -0.8666 0.0058 -0.4989
vn -0.8563 -0.0168 -0.5161
vn -0.0004 -1.0000 0.0008
vn -0.8191 0.0001 -0.5737
vn 0.0004 1.0000 -0.0008
vn 0.3383 0.7327 -0.5905
vn 0.3380 -0.7333 -0.5900
vn -0.3381 -0.7331 0.5902
vn 0.5723 0.7158 0.4002
vn -0.5718 0.7156 -0.4013
vn 0.3380 -0.7332 -0.5900
vn 0.5719 -0.7155 0.4013
vn 0.5722 0.7158 0.4003
vn -0.0000 -1.0000 0.0009
vn 0.9962 -0.0000 0.0873
vn -0.0000 1.0000 -0.0009
vn -0.9857 -0.0000 0.1688
vn -0.9857 -0.0000 0.1686
vn 0.9863 -0.0000 0.1652
vn 0.9863 -0.0000 0.1649
vn 0.9863 -0.0000 0.1650
vn -0.0000 0.7080 0.7062
vn -0.7071 -0.7071 0.0010
vn 0.7071 0.7071 -0.0010
vn -0.0023 0.7328 -0.6804
vn 0.7550 0.0001 -0.6557
vn -0.6938 0.0001 -0.7202
vn -0.0023 -0.7333 -0.6799
vn 0.0023 0.7336 0.6795
vn 0.6938 -0.0000 0.7202
vn -0.7550 -0.0001 0.6557
vn 0.0022 -0.7331 0.6802
vn 0.6960 -0.7154 0.0616
vn 0.6957 0.7158 0.0605
vn -0.6959 0.7155 -0.0616
vn -0.6963 -0.7152 -0.0603
vn -0.9998 0.0147 -0.0161
vn -0.9980 0.0447 -0.0439
vn -0.9993 0.0076 -0.0365
vn 0.9989 0.0087 -0.0451
vn -1.0000 -0.0077 -0.0010
vn 0.9988 -0.0088 -0.0488
vn -0.9999 0.0138 -0.0038
vn 1.0000 -0.0059 -0.0026
vn 0.9996 0.0173 -0.0226
vn 0.0014 0.5687 0.8226
vn 0.0007 0.9160 0.4012
vn -0.0016 0.5723 -0.8200
vn -0.0000 -1.0000 0.0034
vn -0.0020 -0.1426 -0.9898
vn 0.0017 -0.1343 0.9909
vn 0.9987 -0.0355 -0.0362
vn 0.9997 -0.0147 -0.0203
vn -0.9991 -0.0080 -0.0409
vn 1.0000 0.0078 -0.0048
vn 0.9999 -0.0138 -0.0076
vn -1.0000 0.0058 0.0012
vn -0.9997 -0.0168 -0.0189
vn -0.0023 0.7327 -0.6805
vn 0.0023 -0.7331 0.6801
vn -0.6958 0.7156 -0.0616
vn -0.6962 -0.7153 -0.0604
vn 0.0023 -0.7330 0.6802
vn 0.6958 0.7157 0.0604
vn 0.0004 -1.0000 0.0008
vn -0.9064 0.0001 0.4225
vn 0.9064 -0.0001 -0.4225
vn -0.7692 -0.0000 0.6390
vn 0.3531 0.7079 0.6116
vn -0.3540 0.7063 -0.6130
vn -0.6125 0.7071 0.3534
vn 0.6125 -0.7070 -0.3535
vn 0.6126 -0.7070 -0.3535
vn -0.3422 0.7328 -0.5881
vn 0.3259 0.0001 -0.9454
vn -0.9609 0.0001 -0.2768
vn -0.3420 -0.7332 -0.5877
vn 0.3418 0.7336 0.5874
vn -0.3259 -0.0001 0.9454
vn 0.3421 -0.7331 0.5879
vn 0.6335 -0.7154 -0.2946
vn 0.6327 0.7158 -0.2955
vn -0.6334 0.7156 0.2945
vn -0.6332 -0.7152 0.2959
vn -0.8738 0.0147 0.4860
vn -0.8863 0.0447 0.4610
vn -0.8837 0.0076 0.4681
vn 0.8426 0.0087 -0.5385
vn -0.8661 -0.0055 0.4998
vn 0.8406 -0.0088 -0.5416
vn -0.8697 0.0241 0.4930
vn 0.8646 -0.0082 -0.5024
vn 0.8591 0.0098 -0.5117
vn 0.4125 0.5687 0.7117
vn 0.2012 0.9160 0.3471
vn -0.4115 0.5723 -0.7093
vn -0.4966 -0.1426 -0.8562
vn 0.4969 -0.1343 0.8573
vn 0.0007 1.0000 0.0013
vn 0.8468 -0.0355 -0.5307
vn 0.8556 -0.0147 -0.5174
vn -0.8857 -0.0081 0.4642
vn 0.8640 0.0056 -0.5034
vn 0.8598 -0.0244 -0.5101
vn -0.8655 0.0080 0.5009
vn -0.8708 -0.0094 0.4916
vn -0.3423 0.7327 -0.5882
vn -0.3260 -0.0001 0.9454
vn -0.6334 0.7156 0.2946
vn -0.0004 1.0000 -0.0008
vn 0.3260 0.0001 -0.9454
vn 0.6336 -0.7154 -0.2947
vn 0.6328 0.7157 -0.2955
vn -0.6334 0.7155 0.2946
vn -0.6331 -0.7153 0.2958
vn -0.5737 0.0001 0.8191
vn 0.5737 -0.0000 -0.8191
vn -0.3466 -0.0000 0.9380
vn -0.3466 0.0001 0.9380
vn 0.6360 0.0001 -0.7717
vn 0.6116 0.7080 0.3531
vn 0.6131 -0.7063 0.3540
vn 0.6116 0.7079 0.3531
vn -0.2590 -0.0011 -0.9659
vn -0.6116 -0.7080 -0.3532
vn -0.9659 -0.0011 0.2591
vn -0.6117 -0.7079 -0.3532
vn -0.3527 -0.7071 0.6128
vn 0.3527 0.7071 -0.6128
vn -0.5905 0.7328 -0.3382
vn -0.1904 0.0001 -0.9817
vn -0.9706 0.0001 0.2407
vn -0.5900 -0.7333 -0.3379
vn 0.5897 0.7336 0.3378
vn 0.9706 -0.0001 -0.2408
vn 0.1904 -0.0002 0.9817
vn 0.5902 -0.7331 0.3381
vn 0.4014 -0.7154 -0.5719
vn 0.4000 0.7158 -0.5723
vn -0.4013 0.7155 0.5718
vn -0.4005 -0.7153 0.5727
vn -0.5138 0.0147 0.8578
vn -0.5370 0.0446 0.8424
vn -0.5312 0.0076 0.8472
vn 0.4605 0.0087 -0.8876
vn -0.5009 -0.0077 0.8655
vn 0.4571 -0.0088 -0.8894
vn -0.5032 0.0138 0.8641
vn 0.4978 -0.0059 -0.8673
vn 0.4802 0.0173 -0.8770
vn 0.8510 0.1909 0.4893
vn 0.7131 0.5687 0.4101
vn 0.3478 0.9160 0.2000
vn -0.3424 0.9187 -0.1967
vn -0.7110 0.5723 -0.4086
vn -0.8509 0.1918 -0.4890
vn 0.0030 -1.0000 0.0017
vn -0.8582 -0.1425 -0.4931
vn 0.8590 -0.1343 0.4940
vn 0.4680 -0.0355 -0.8830
vn 0.4823 -0.0147 -0.8759
vn -0.5350 -0.0081 0.8448
vn 0.4958 0.0078 -0.8684
vn 0.4933 -0.0138 -0.8697
vn -0.4989 0.0058 0.8666
vn -0.5162 -0.0168 0.8563
vn -0.6073 -0.7136 -0.3492
vn 0.6073 0.7136 0.3492
vn -0.5905 0.7327 -0.3382
vn 0.5897 0.7336 0.3377
vn 0.5901 -0.7331 0.3381
vn -0.4012 0.7156 0.5718
vn 0.0008 -1.0000 0.0004
vn -0.0008 1.0000 -0.0004
vn -0.5904 0.7328 -0.3382
vn -0.5899 -0.7333 -0.3380
vn 0.5896 0.7336 0.3378
vn 0.9706 -0.0001 -0.2407
vn 0.4013 -0.7154 -0.5719
vn -0.0872 0.0001 0.9962
vn 0.0873 -0.0001 -0.9962
vn 0.1688 -0.0000 0.9857
vn 0.1686 -0.0000 0.9857
vn 0.1649 -0.0000 -0.9863
vn 0.1650 -0.0000 -0.9863
vn 0.7079 -0.7063 0.0001
vn 0.7062 0.7080 -0.0000
vn 0.7080 -0.7062 -0.0001
vn 0.7063 0.7079 -0.0000
vn -0.7063 -0.7080 -0.0000
vn -0.7080 0.7063 0.0001
vn -0.7080 0.7063 -0.0000
vn -0.0010 0.7071 -0.7071
vn -0.6805 0.7327 0.0024
vn -0.6557 0.0001 -0.7550
vn -0.7202 0.0001 0.6938
vn -0.6800 -0.7332 0.0023
vn 0.6795 0.7336 -0.0023
vn 0.7202 -0.0000 -0.6937
vn 0.6558 -0.0001 0.7549
vn 0.6801 -0.7331 -0.0023
vn 0.0603 0.7158 -0.6957
vn -0.0605 -0.7153 0.6962
vn -0.0161 0.0147 0.9998
vn -0.0439 0.0447 0.9980
vn -0.0365 0.0077 0.9993
vn -0.0450 0.0087 -0.9989
vn -0.0010 -0.0077 1.0000
vn -0.0488 -0.0088 -0.9988
vn -0.0038 0.0138 0.9999
vn -0.0026 -0.0059 -1.0000
vn -0.0226 0.0173 -0.9996
vn 0.8226 0.5687 -0.0014
vn 0.4012 0.9160 -0.0007
vn -0.3948 0.9187 0.0008
vn 0.0034 -1.0000 -0.0000
vn -0.9898 -0.1425 0.0020
vn 0.9909 -0.1343 -0.0017
vn -0.0362 -0.0355 -0.9987
vn -0.0203 -0.0147 -0.9997
vn -0.0408 -0.0081 0.9991
vn -0.0049 0.0078 -1.0000
vn -0.0076 -0.0138 -0.9999
vn 0.0012 0.0058 1.0000
vn -0.0189 -0.0168 0.9997
vn 0.7006 0.7136 -0.0012
vn -0.0873 0.0001 0.9962
vn 0.0872 -0.0001 -0.9962
vn -0.6805 0.7328 0.0023
vn -0.6799 -0.7333 0.0023
vn 0.6796 0.7336 -0.0023
vn 0.6558 -0.0001 0.7550
vn 0.0603 0.7159 -0.6956
vn -0.0615 0.7156 0.6958
vn -0.6804 0.7328 0.0023
vn -0.6799 -0.7333 0.0022
vn 0.7202 -0.0000 -0.6938
vn -0.0616 0.7156 0.6958
vn -0.0606 -0.7153 0.6962
vn 0.4225 0.0001 0.9064
vn 0.6389 -0.0000 0.7692
vn 0.6389 0.0001 0.7693
vn 0.6390 -0.0000 0.7692
vn -0.3503 0.0001 -0.9367
vn -0.3503 -0.0000 -0.9366
vn 0.6132 -0.7062 -0.3540
vn 0.6116 0.7079 -0.3531
vn 0.6131 -0.7063 -0.3540
vn -0.6131 0.7063 0.3540
vn 0.3534 0.7071 0.6124
vn -0.3534 -0.7071 -0.6125
vn -0.5882 0.7327 0.3423
vn -0.9454 0.0001 -0.3259
vn -0.2768 0.0001 0.9609
vn -0.5877 -0.7332 0.3420
vn 0.5873 0.7336 -0.3418
vn 0.2769 -0.0000 -0.9609
vn 0.9454 -0.0001 0.3260
vn 0.5879 -0.7331 -0.3421
vn -0.2946 -0.7154 -0.6335
vn -0.2956 0.7158 -0.6327
vn 0.2946 0.7155 0.6334
vn 0.2957 -0.7153 0.6332
vn 0.4860 0.0147 0.8739
vn 0.4610 0.0447 0.8863
vn 0.4681 0.0077 0.8837
vn -0.5385 0.0087 -0.8426
vn 0.4991 -0.0077 0.8665
vn -0.5416 -0.0088 -0.8406
vn 0.4967 0.0137 0.8678
vn -0.5022 -0.0059 -0.8647
vn -0.5194 0.0173 -0.8544
vn 0.7116 0.5687 -0.4125
vn -0.7093 0.5724 0.4115
vn -0.8562 -0.1425 0.4966
vn 0.8573 -0.1343 -0.4970
vn -0.5307 -0.0355 -0.8468
vn -0.5174 -0.0147 -0.8556
vn 0.4642 -0.0080 0.8857
vn -0.5042 0.0078 -0.8636
vn -0.5065 -0.0138 -0.8621
vn 0.5010 0.0058 0.8654
vn 0.4835 -0.0168 0.8752
vn -0.0415 0.9988 0.0240
vn 0.5874 0.7336 -0.3418
vn 0.9454 -0.0001 0.3259
vn 0.5878 -0.7332 -0.3420
vn -0.5881 0.7328 0.3422
vn -0.9454 0.0001 -0.3260
vn -0.2767 0.0001 0.9609
vn -0.5877 -0.7333 0.3420
vn 0.5873 0.7337 -0.3418
vn 0.2768 -0.0000 -0.9609
vn -0.2957 0.7157 -0.6327
vn 0.2946 0.7156 0.6334
vt 0.596810 0.852625
vt 0.890680 0.824973
vt 0.596810 0.824973
vt 0.891431 0.481058
vt 0.897256 0.450899
vt 0.888770 0.456566
vt 0.586833 0.684478
vt 0.592658 0.654319
vt 0.584172 0.659986
vt 0.887490 0.824949
vt 0.593620 0.852601
vt 0.593620 0.824949
vt 0.958734 0.018285
vt 0.967086 0.849779
vt 0.958600 0.849779
vt 0.597530 0.676016
vt 0.886770 0.457897
vt 0.594869 0.651524
vt 0.959338 0.849801
vt 0.949944 0.018287
vt 0.949450 0.849781
vt 0.967768 0.849803
vt 0.959416 0.018309
vt 0.959282 0.849803
vt 0.968825 0.018285
vt 0.977177 0.849779
vt 0.968692 0.849779
vt 0.708607 0.824973
vt 0.696750 0.852601
vt 0.696750 0.824949
vt 0.970276 0.849803
vt 0.961924 0.018309
vt 0.961790 0.849803
vt 0.891296 0.479825
vt 0.897121 0.449667
vt 0.899782 0.474159
vt 0.787311 0.824973
vt 0.775454 0.852601
vt 0.787311 0.852625
vt 0.586699 0.683245
vt 0.592523 0.653086
vt 0.595184 0.677578
vt 0.967308 0.849801
vt 0.957914 0.018287
vt 0.967803 0.018307
vt 0.596810 0.679107
vt 0.887490 0.454806
vt 0.890680 0.484174
vt 0.956520 0.849801
vt 0.947126 0.018287
vt 0.957014 0.018307
vt 0.593620 0.649739
vt 0.707623 0.619470
vt 0.697734 0.642052
vt 0.697734 0.619450
vt 0.786327 0.619470
vt 0.776439 0.642052
vt 0.786327 0.642072
vt 0.889430 0.482389
vt 0.886505 0.619448
vt 0.594604 0.642050
vt 0.594604 0.619448
vt 0.597795 0.642074
vt 0.889695 0.619472
vt 0.597795 0.619472
vt 0.709156 0.877669
vt 0.687934 0.872193
vt 0.687091 0.851994
vt 0.795015 0.864764
vt 0.774428 0.872193
vt 0.779042 0.879651
vt 0.958167 0.018307
vt 0.959151 0.015782
vt 0.958033 0.849801
vt 0.959017 0.852325
vt 0.967572 0.852325
vt 0.968558 0.849803
vt 0.968070 0.015782
vt 0.969052 0.018309
vt 0.960675 0.018307
vt 0.961659 0.015782
vt 0.960541 0.849801
vt 0.961525 0.852325
vt 0.956784 0.852325
vt 0.957769 0.849803
vt 0.957281 0.015782
vt 0.958264 0.018309
vt 0.960733 0.018287
vt 0.960469 0.015762
vt 0.959483 0.018285
vt 0.960238 0.849781
vt 0.958989 0.849779
vt 0.959971 0.852306
vt 0.977576 0.015762
vt 0.978559 0.018287
vt 0.977310 0.018285
vt 0.977441 0.852306
vt 0.978426 0.849781
vt 0.949681 0.015762
vt 0.948695 0.018285
vt 0.948200 0.849779
vt 0.949183 0.852306
vt 0.967484 0.015762
vt 0.968468 0.018287
vt 0.967219 0.018285
vt 0.967350 0.852306
vt 0.968335 0.849781
vt 0.707887 0.616945
vt 0.708871 0.619472
vt 0.597530 0.616945
vt 0.596545 0.619470
vt 0.596545 0.642072
vt 0.597530 0.644597
vt 0.707623 0.642072
vt 0.708871 0.642074
vt 0.707887 0.644597
vt 0.886770 0.616925
vt 0.887755 0.619450
vt 0.776175 0.616925
vt 0.775191 0.619448
vt 0.776439 0.619450
vt 0.887755 0.642052
vt 0.886770 0.644577
vt 0.886505 0.642050
vt 0.775191 0.642050
vt 0.776175 0.644577
vt 0.899916 0.475391
vt 0.891695 0.483492
vt 0.900180 0.477825
vt 0.891562 0.482267
vt 0.595318 0.678811
vt 0.587097 0.686912
vt 0.595582 0.681245
vt 0.586964 0.685687
vt 0.896990 0.448458
vt 0.896857 0.447233
vt 0.888636 0.455334
vt 0.888372 0.452899
vt 0.592392 0.651877
vt 0.592259 0.650652
vt 0.584038 0.658753
vt 0.583774 0.656319
vt 0.898106 0.449013
vt 0.900766 0.473505
vt 0.898239 0.450238
vt 0.890446 0.481711
vt 0.890313 0.480486
vt 0.887652 0.455995
vt 0.593508 0.652433
vt 0.596168 0.676925
vt 0.593641 0.653658
vt 0.585848 0.685131
vt 0.585715 0.683906
vt 0.583054 0.659414
vt 0.889695 0.484827
vt 0.594604 0.649086
vt 0.886505 0.455459
vt 0.890415 0.481736
vt 0.887755 0.457244
vt 0.593885 0.652177
vt 0.596545 0.676669
vt 0.970127 0.849801
vt 0.685913 0.580910
vt 0.686999 0.587907
vt 0.684828 0.573914
vt 0.693509 0.629901
vt 0.691337 0.615907
vt 0.793690 0.509794
vt 0.794171 0.517189
vt 0.693509 0.864763
vt 0.693218 0.872216
vt 0.796092 0.546823
vt 0.685119 0.575788
vt 0.797054 0.864763
vt 0.796925 0.872216
vt 0.793209 0.864740
vt 0.793209 0.851994
vt 0.793338 0.504380
vt 0.685119 0.872193
vt 0.793338 0.872193
vt 0.692423 0.622904
vt 0.796573 0.554219
vt 0.693218 0.628026
vt 0.796925 0.559632
vt 0.793209 0.502398
vt 0.797054 0.852018
vt 0.693509 0.852018
vt 0.684828 0.851994
vt 0.684828 0.864740
vt 0.797054 0.561614
vt 0.494654 0.778905
vt 0.495037 0.219395
vt 0.442896 0.219395
vt 0.442513 0.778905
vt 0.453092 0.778905
vt 0.453475 0.219395
vt 0.453475 0.219395
vt 0.453092 0.778905
vt 0.887490 0.852601
vt 0.455030 0.778905
vt 0.455030 0.778905
vt 0.455413 0.219395
vt 0.455413 0.219395
vt 0.967901 0.018309
vt 0.970409 0.018309
vt 0.889695 0.642074
vt 0.900047 0.476600
vt 0.595449 0.680020
vt 0.888505 0.454124
vt 0.583907 0.657544
vt 0.900900 0.474730
vt 0.887786 0.457220
vt 0.596302 0.678150
vt 0.583188 0.660639
vt 0.597795 0.678454
vt 0.890680 0.852625
vt 0.959833 0.018307
vt 0.708607 0.852625
vt 0.775454 0.824949
vt 0.957420 0.849781
vt 0.946631 0.849781
vt 0.712303 0.852018
vt 0.712303 0.864764
vt 0.711460 0.872216
vt 0.706009 0.879663
vt 0.693385 0.879651
vt 0.690238 0.877651
vt 0.687091 0.864740
vt 0.789687 0.879663
vt 0.792351 0.877669
vt 0.794301 0.872216
vt 0.795015 0.852018
vt 0.773714 0.851994
vt 0.773714 0.864740
vt 0.776378 0.877651
vt 0.970621 0.018307
s 0
f 3/1/1 1/2/1 2/3/1
f 31/4/2 59/5/2 54/6/2
f 43/7/2 71/8/2 66/9/2
f 5/10/3 8/11/3 6/12/3
f 67/13/4 75/14/4 69/15/4
f 80/16/5 89/17/5 92/18/5
f 44/19/6 65/20/6 68/21/6
f 37/22/7 30/23/7 34/24/7
f 55/25/4 63/26/4 57/27/4
f 1/28/8 7/29/8 5/30/8
f 49/31/7 42/32/7 46/33/7
f 33/34/9 62/35/9 35/36/9
f 2/37/6 8/38/6 3/39/6
f 45/40/9 74/41/9 47/42/9
f 36/43/8 60/44/8 40/45/8
f 3/46/9 7/47/9 4/48/9
f 48/49/8 72/50/8 52/51/8
f 2/46/2 5/47/2 6/52/2
f 79/53/10 95/54/10 90/55/10
f 81/56/11 98/57/11 83/58/11
f 84/16/12 96/17/12 88/59/12
f 91/60/13 99/61/13 93/62/13
f 85/63/14 78/64/14 82/65/14
f 20/66/15 24/67/15 11/68/15
f 14/69/16 27/70/16 26/71/16
f 29/72/17 30/23/17 31/73/17
f 32/74/18 33/75/18 34/24/18
f 35/76/19 36/43/19 37/77/19
f 38/78/20 39/79/20 40/45/20
f 41/80/21 42/32/21 43/81/21
f 44/82/22 45/83/22 46/33/22
f 47/84/23 48/49/23 49/85/23
f 50/86/24 51/87/24 52/51/24
f 53/88/25 54/89/25 55/90/25
f 56/91/26 57/92/26 58/93/26
f 59/94/27 60/95/27 61/96/27
f 62/97/28 63/26/28 64/98/28
f 65/20/29 66/99/29 67/100/29
f 68/21/30 69/101/30 70/102/30
f 71/103/31 72/104/31 73/105/31
f 74/106/32 75/14/32 76/107/32
f 77/108/33 78/109/33 79/53/33
f 80/110/34 81/111/34 82/65/34
f 83/112/35 84/113/35 85/63/35
f 86/114/36 87/115/36 88/116/36
f 89/117/37 90/118/37 91/60/37
f 92/119/38 93/120/38 94/121/38
f 95/122/39 96/123/39 97/124/39
f 98/57/40 99/125/40 100/126/40
f 29/72/41 34/24/41 30/23/41
f 38/127/42 30/128/42 39/129/42
f 35/36/43 34/130/43 33/34/43
f 36/43/44 39/79/44 37/77/44
f 41/80/45 46/33/45 42/32/45
f 50/131/46 42/132/46 51/133/46
f 47/42/47 46/134/47 45/40/47
f 48/49/48 51/87/48 49/85/48
f 57/92/49 53/88/49 55/90/49
f 61/135/50 54/6/50 59/5/50
f 63/136/51 58/137/51 57/138/51
f 61/96/52 64/98/52 63/26/52
f 69/101/49 65/20/49 67/100/49
f 73/139/53 66/9/53 71/8/53
f 75/140/54 70/141/54 69/142/54
f 73/105/52 76/107/52 75/14/52
f 35/36/55 64/143/55 36/144/55
f 38/127/56 60/145/56 59/5/56
f 54/6/57 29/146/57 31/4/57
f 58/137/58 32/147/58 56/148/58
f 47/42/55 76/149/55 48/150/55
f 50/131/59 72/151/59 71/8/59
f 66/9/60 41/152/60 43/7/60
f 70/141/58 44/153/58 68/154/58
f 80/16/61 78/155/61 77/59/61
f 78/109/62 86/114/62 79/53/62
f 85/63/63 81/111/63 83/112/63
f 87/155/64 84/16/64 88/59/64
f 93/156/65 89/17/65 91/157/65
f 95/122/66 91/60/66 90/118/66
f 94/121/67 99/125/67 98/57/67
f 96/17/68 99/156/68 97/157/68
f 96/17/69 86/158/69 88/59/69
f 89/17/70 79/158/70 90/159/70
f 80/16/71 94/160/71 81/161/71
f 84/16/72 98/160/72 100/18/72
f 32/162/6 53/88/6 56/91/6
f 115/163/73 134/164/73 114/164/73
f 104/165/74 122/166/74 124/165/74
f 114/164/75 131/167/75 111/167/75
f 116/168/76 133/169/76 136/168/76
f 106/170/77 127/171/77 126/170/77
f 113/169/78 132/172/78 133/169/78
f 117/173/79 135/163/79 115/163/79
f 105/174/80 128/175/80 108/175/80
f 120/176/81 123/177/81 103/177/81
f 118/178/82 136/168/82 138/178/82
f 137/179/83 140/176/83 138/180/83
f 135/163/84 138/178/84 136/168/84
f 134/164/85 136/168/85 133/169/85
f 129/181/86 132/172/86 130/182/86
f 127/183/87 130/182/87 128/184/87
f 126/170/88 128/175/88 125/174/88
f 122/166/89 123/185/89 124/165/89
f 126/170/90 121/186/90 122/187/90
f 124/188/91 140/176/91 139/189/91
f 131/167/92 133/169/92 132/172/92
f 103/185/93 121/190/93 101/190/93
f 110/182/94 132/172/94 112/172/94
f 106/170/95 122/187/95 102/187/95
f 109/181/96 131/167/96 129/181/96
f 120/176/97 138/180/97 140/176/97
f 105/174/98 121/186/98 125/174/98
f 108/184/99 130/182/99 110/182/99
f 119/189/100 137/179/100 117/179/100
f 119/189/101 124/188/101 139/189/101
f 107/183/102 129/181/102 127/183/102
f 144/191/1 141/192/1 142/191/1
f 145/193/3 148/194/3 146/194/3
f 181/195/103 147/193/103 182/196/103
f 182/196/104 145/193/104 183/197/104
f 184/198/105 148/194/105 181/195/105
f 184/198/106 145/193/106 146/194/106
f 151/10/105 150/199/105 149/10/105
f 154/199/104 155/10/104 153/10/104
f 152/199/106 154/199/106 150/199/106
f 150/199/107 153/10/107 149/10/107
f 151/10/103 153/10/103 155/10/103
f 151/10/108 156/199/108 152/199/108
f 159/10/105 158/199/105 157/10/105
f 162/199/104 163/10/104 161/10/104
f 160/199/106 162/199/106 158/199/106
f 158/199/107 161/10/107 157/10/107
f 159/10/103 161/10/103 163/10/103
f 159/10/108 164/199/108 160/199/108
f 167/10/105 166/199/105 165/10/105
f 170/199/104 171/10/104 169/10/104
f 168/199/106 170/199/106 166/199/106
f 166/199/107 169/10/107 165/10/107
f 167/10/103 169/10/103 171/10/103
f 167/10/108 172/199/108 168/199/108
f 175/10/105 174/199/105 173/10/105
f 178/199/104 179/10/104 177/10/104
f 176/199/106 178/199/106 174/199/106
f 174/199/107 177/10/107 173/10/107
f 175/10/103 177/10/103 179/10/103
f 175/10/108 180/199/108 176/199/108
f 188/200/109 183/197/109 184/198/109
f 187/201/105 184/198/105 181/195/105
f 185/202/104 183/197/104 186/203/104
f 187/201/110 182/196/110 185/202/110
f 144/191/111 185/202/111 143/192/111
f 141/192/104 185/202/104 186/203/104
f 142/191/105 187/201/105 144/191/105
f 142/191/112 186/203/112 188/200/112
f 192/16/5 201/17/5 204/18/5
f 191/53/10 207/54/10 202/55/10
f 193/56/113 210/57/113 195/58/113
f 196/16/12 208/17/12 200/59/12
f 203/60/13 211/61/13 205/62/13
f 197/63/14 190/64/14 194/65/14
f 189/108/114 190/109/114 191/53/114
f 192/110/115 193/111/115 194/65/115
f 195/112/35 196/113/35 197/63/35
f 198/114/116 199/115/116 200/116/116
f 201/117/117 202/118/117 203/60/117
f 204/119/118 205/120/118 206/121/118
f 207/122/119 208/123/119 209/124/119
f 210/57/120 211/125/120 212/126/120
f 192/16/121 190/155/121 189/59/121
f 190/109/62 198/114/62 191/53/62
f 197/63/63 193/111/63 195/112/63
f 199/155/122 196/16/122 200/59/122
f 205/156/65 201/17/65 203/157/65
f 207/122/66 203/60/66 202/118/66
f 206/121/123 211/125/123 210/57/123
f 208/17/124 211/156/124 209/157/124
f 208/17/125 198/158/125 200/59/125
f 201/17/126 191/158/126 202/159/126
f 192/16/127 206/160/127 193/161/127
f 196/16/72 210/160/72 212/18/72
f 216/16/2 225/17/2 228/18/2
f 215/53/10 231/54/10 226/55/10
f 217/56/113 234/57/113 219/58/113
f 220/16/9 232/17/9 224/59/9
f 227/60/13 235/61/13 229/62/13
f 221/63/14 214/64/14 218/65/14
f 213/108/114 214/109/114 215/53/114
f 216/110/115 217/111/115 218/65/115
f 219/112/128 220/113/128 221/63/128
f 222/114/36 223/115/36 224/116/36
f 225/117/129 226/118/129 227/60/129
f 228/119/38 229/120/38 230/121/38
f 231/122/119 232/123/119 233/124/119
f 234/57/40 235/125/40 236/126/40
f 216/16/130 214/155/130 213/59/130
f 214/109/62 222/114/62 215/53/62
f 221/63/63 217/111/63 219/112/63
f 223/155/131 220/16/131 224/59/131
f 229/156/132 225/17/132 227/157/132
f 231/122/66 227/60/66 226/118/66
f 230/121/67 235/125/67 234/57/67
f 232/17/68 235/156/68 233/157/68
f 232/17/133 222/158/133 224/59/133
f 225/17/126 215/158/126 226/159/126
f 216/16/127 230/160/127 217/161/127
f 220/16/134 234/160/134 236/18/134
f 239/1/135 237/2/135 238/3/135
f 267/4/136 295/5/136 290/6/136
f 279/7/136 307/8/136 302/9/136
f 241/10/137 244/11/137 242/12/137
f 303/13/138 311/14/138 305/15/138
f 316/16/136 325/17/136 328/18/136
f 280/19/139 301/20/139 304/21/139
f 273/22/140 266/23/140 270/24/140
f 291/25/138 299/26/138 293/27/138
f 237/28/141 243/29/141 241/30/141
f 285/31/140 278/32/140 282/33/140
f 269/34/142 298/35/142 271/36/142
f 238/37/139 244/38/139 239/39/139
f 281/40/142 310/41/142 283/42/142
f 272/43/141 296/44/141 276/45/141
f 239/46/142 243/47/142 240/48/142
f 284/49/141 308/50/141 288/51/141
f 238/46/136 241/47/136 242/52/136
f 315/53/143 331/54/143 326/55/143
f 317/56/144 334/57/144 319/58/144
f 320/16/145 332/17/145 324/59/145
f 327/60/146 335/61/146 329/62/146
f 321/63/147 314/64/147 318/65/147
f 256/66/148 260/67/148 247/68/148
f 250/69/149 263/70/149 262/71/149
f 265/72/150 266/23/150 267/73/150
f 268/74/151 269/75/151 270/24/151
f 271/76/152 272/43/152 273/77/152
f 274/78/153 275/79/153 276/45/153
f 277/80/154 278/32/154 279/81/154
f 280/82/155 281/83/155 282/33/155
f 283/84/156 284/49/156 285/85/156
f 286/86/157 287/87/157 288/51/157
f 289/88/158 290/89/158 291/90/158
f 292/91/159 293/92/159 294/93/159
f 295/94/160 296/95/160 297/96/160
f 298/97/161 299/26/161 300/98/161
f 301/20/162 302/99/162 303/100/162
f 304/21/163 305/101/163 306/102/163
f 307/103/164 308/104/164 309/105/164
f 310/106/165 311/14/165 312/107/165
f 313/108/166 314/109/166 315/53/166
f 316/110/167 317/111/167 318/65/167
f 319/112/168 320/113/168 321/63/168
f 322/114/169 323/115/169 324/116/169
f 325/117/170 326/118/170 327/60/170
f 328/119/171 329/120/171 330/121/171
f 331/122/172 332/123/172 333/124/172
f 334/57/173 335/125/173 336/126/173
f 265/72/174 270/24/174 266/23/174
f 274/127/175 266/128/175 275/129/175
f 271/36/176 270/130/176 269/34/176
f 272/43/177 275/79/177 273/77/177
f 277/80/174 282/33/174 278/32/174
f 286/131/175 278/132/175 287/133/175
f 283/42/178 282/134/178 281/40/178
f 284/49/179 287/87/179 285/85/179
f 293/92/180 289/88/180 291/90/180
f 297/135/181 290/6/181 295/5/181
f 299/136/182 294/137/182 293/138/182
f 297/96/183 300/98/183 299/26/183
f 305/101/184 301/20/184 303/100/184
f 309/139/185 302/9/185 307/8/185
f 311/140/182 306/141/182 305/142/182
f 309/105/183 312/107/183 311/14/183
f 271/36/186 300/143/186 272/144/186
f 274/127/187 296/145/187 295/5/187
f 290/6/188 265/146/188 267/4/188
f 294/137/189 268/147/189 292/148/189
f 283/42/190 312/149/190 284/150/190
f 286/131/191 308/151/191 307/8/191
f 302/9/192 277/152/192 279/7/192
f 306/141/189 280/153/189 304/154/189
f 316/16/193 314/155/193 313/59/193
f 323/115/194 315/53/194 314/109/194
f 321/63/195 317/111/195 319/112/195
f 323/155/196 320/16/196 324/59/196
f 329/156/197 325/17/197 327/157/197
f 331/122/198 327/60/198 326/118/198
f 334/57/199 329/120/199 335/125/199
f 332/17/200 335/156/200 333/157/200
f 332/17/201 322/158/201 324/59/201
f 325/17/202 315/158/202 326/159/202
f 316/16/203 330/160/203 317/161/203
f 320/16/204 334/160/204 336/18/204
f 268/162/139 289/88/139 292/91/139
f 351/163/205 370/164/205 350/164/205
f 340/165/206 358/166/206 360/165/206
f 350/164/207 367/167/207 347/167/207
f 352/168/208 369/169/208 372/168/208
f 343/171/209 362/170/209 342/170/209
f 349/169/210 368/172/210 369/169/210
f 351/163/211 373/173/211 371/163/211
f 344/175/212 361/174/212 364/175/212
f 339/177/213 376/176/213 359/177/213
f 352/168/214 374/178/214 354/178/214
f 373/179/215 376/176/215 374/180/215
f 371/163/216 374/178/216 372/168/216
f 370/164/217 372/168/217 369/169/217
f 365/181/218 368/172/218 366/182/218
f 363/183/219 366/182/219 364/184/219
f 362/170/220 364/175/220 361/174/220
f 358/166/221 359/185/221 360/165/221
f 362/170/222 357/186/222 358/187/222
f 360/188/223 376/176/223 375/189/223
f 367/167/224 369/169/224 368/172/224
f 339/185/225 357/190/225 337/190/225
f 346/182/226 368/172/226 348/172/226
f 338/187/227 362/170/227 358/187/227
f 345/181/228 367/167/228 365/181/228
f 354/180/229 376/176/229 356/176/229
f 337/186/230 361/174/230 341/174/230
f 346/182/231 364/184/231 366/182/231
f 353/179/232 375/189/232 373/179/232
f 340/188/233 375/189/233 355/189/233
f 345/181/234 363/183/234 343/183/234
f 380/191/135 377/192/135 378/191/135
f 381/193/137 384/194/137 382/194/137
f 417/195/103 383/193/103 418/196/103
f 418/196/235 381/193/235 419/197/235
f 420/198/236 384/194/236 417/195/236
f 420/198/106 381/193/106 382/194/106
f 387/10/236 386/199/236 385/10/236
f 390/199/235 391/10/235 389/10/235
f 388/199/106 390/199/106 386/199/106
f 386/199/237 389/10/237 385/10/237
f 387/10/103 389/10/103 391/10/103
f 387/10/238 392/199/238 388/199/238
f 395/10/236 394/199/236 393/10/236
f 398/199/235 399/10/235 397/10/235
f 396/199/106 398/199/106 394/199/106
f 394/199/237 397/10/237 393/10/237
f 395/10/103 397/10/103 399/10/103
f 395/10/238 400/199/238 396/199/238
f 403/10/236 402/199/236 401/10/236
f 406/199/235 407/10/235 405/10/235
f 404/199/106 406/199/106 402/199/106
f 402/199/237 405/10/237 401/10/237
f 403/10/103 405/10/103 407/10/103
f 403/10/238 408/199/238 404/199/238
f 411/10/236 410/199/236 409/10/236
f 414/199/235 415/10/235 413/10/235
f 412/199/106 414/199/106 410/199/106
f 410/199/237 413/10/237 409/10/237
f 411/10/103 413/10/103 415/10/103
f 411/10/238 416/199/238 412/199/238
f 424/200/239 419/197/239 420/198/239
f 423/201/236 420/198/236 417/195/236
f 421/202/235 419/197/235 422/203/235
f 423/201/240 418/196/240 421/202/240
f 380/191/241 421/202/241 379/192/241
f 377/192/235 421/202/235 422/203/235
f 378/191/236 423/201/236 380/191/236
f 378/191/242 422/203/242 424/200/242
f 428/16/136 437/17/136 440/18/136
f 427/53/243 443/54/243 438/55/243
f 429/56/144 446/57/144 431/58/144
f 432/16/145 444/17/145 436/59/145
f 439/60/146 447/61/146 441/62/146
f 433/63/147 426/64/147 430/65/147
f 425/108/244 426/109/244 427/53/244
f 428/110/245 429/111/245 430/65/245
f 431/112/168 432/113/168 433/63/168
f 434/114/169 435/115/169 436/116/169
f 437/117/246 438/118/246 439/60/246
f 440/119/247 441/120/247 442/121/247
f 443/122/172 444/123/172 445/124/172
f 446/57/248 447/125/248 448/126/248
f 428/16/249 426/155/249 425/59/249
f 435/115/194 427/53/194 426/109/194
f 433/63/195 429/111/195 431/112/195
f 435/155/250 432/16/250 436/59/250
f 441/156/197 437/17/197 439/157/197
f 443/122/198 439/60/198 438/118/198
f 446/57/199 441/120/199 447/125/199
f 444/17/251 447/156/251 445/157/251
f 444/17/201 434/158/201 436/59/201
f 437/17/202 427/158/202 438/159/202
f 428/16/203 442/160/203 429/161/203
f 432/16/252 446/160/252 448/18/252
f 452/16/253 461/17/253 464/18/253
f 451/53/143 467/54/143 462/55/143
f 453/56/144 470/57/144 455/58/144
f 456/16/142 468/17/142 460/59/142
f 463/60/146 471/61/146 465/62/146
f 457/63/147 450/64/147 454/65/147
f 449/108/244 450/109/244 451/53/244
f 452/110/254 453/111/254 454/65/254
f 455/112/168 456/113/168 457/63/168
f 458/114/169 459/115/169 460/116/169
f 461/117/246 462/118/246 463/60/246
f 464/119/247 465/120/247 466/121/247
f 467/122/172 468/123/172 469/124/172
f 470/57/248 471/125/248 472/126/248
f 452/16/193 450/155/193 449/59/193
f 459/115/194 451/53/194 450/109/194
f 457/63/195 453/111/195 455/112/195
f 459/155/255 456/16/255 460/59/255
f 465/156/256 461/17/256 463/157/256
f 467/122/198 463/60/198 462/118/198
f 470/57/199 465/120/199 471/125/199
f 468/17/200 471/156/200 469/157/200
f 468/17/257 458/158/257 460/59/257
f 461/17/258 451/158/258 462/159/258
f 452/16/203 466/160/203 453/161/203
f 456/16/259 470/160/259 472/18/259
f 475/1/260 473/2/260 474/3/260
f 510/127/261 526/6/261 503/4/261
f 522/131/261 538/9/261 515/7/261
f 477/10/262 480/11/262 478/12/262
f 541/15/263 545/105/263 547/14/263
f 549/59/261 564/18/261 552/16/261
f 516/19/264 537/20/264 540/21/264
f 506/24/265 511/204/265 502/23/265
f 529/27/263 533/96/263 535/26/263
f 473/28/266 479/29/266 477/30/266
f 518/33/265 523/205/265 514/32/265
f 507/36/267 530/137/267 534/35/267
f 474/37/264 480/38/264 475/39/264
f 519/42/267 542/141/267 546/41/267
f 508/43/266 532/44/266 512/45/266
f 476/48/267 480/52/267 479/47/267
f 520/49/266 544/50/266 524/51/266
f 473/48/261 478/52/261 474/46/261
f 551/53/268 567/54/268 562/55/268
f 553/56/269 570/57/269 555/58/269
f 560/59/267 572/18/267 568/17/267
f 565/62/270 569/124/270 571/61/270
f 554/65/271 559/206/271 550/64/271
f 492/66/272 496/67/272 483/68/272
f 486/69/273 499/70/273 498/71/273
f 501/72/274 502/23/274 503/73/274
f 504/74/275 505/75/275 506/24/275
f 507/76/276 508/43/276 509/77/276
f 510/78/277 511/79/277 512/45/277
f 513/80/278 514/32/278 515/81/278
f 516/82/279 517/83/279 518/33/279
f 519/84/280 520/49/280 521/85/280
f 522/86/281 523/87/281 524/51/281
f 525/88/282 526/89/282 527/90/282
f 528/91/283 529/92/283 530/93/283
f 531/94/284 532/95/284 533/96/284
f 534/97/285 535/26/285 536/98/285
f 537/20/286 538/99/286 539/100/286
f 540/21/283 541/101/283 542/102/283
f 543/103/287 544/104/287 545/105/287
f 546/106/288 547/14/288 548/107/288
f 549/108/289 550/109/289 551/53/289
f 552/110/290 553/111/290 554/65/290
f 555/112/291 556/113/291 557/63/291
f 558/114/292 559/115/292 560/116/292
f 561/117/293 562/118/293 563/60/293
f 564/119/294 565/120/294 566/121/294
f 567/122/295 568/123/295 569/124/295
f 570/57/296 571/125/296 572/126/296
f 504/74/297 502/23/297 501/72/297
f 503/4/298 511/129/298 510/127/298
f 505/34/299 509/207/299 506/130/299
f 512/45/300 509/77/300 508/43/300
f 516/82/301 514/32/301 513/80/301
f 515/7/302 523/133/302 522/131/302
f 517/40/303 521/208/303 518/134/303
f 524/51/304 521/85/304 520/49/304
f 527/90/305 528/91/305 525/88/305
f 527/209/306 531/5/306 533/135/306
f 529/138/307 534/35/307 530/137/307
f 535/26/308 532/95/308 536/98/308
f 539/100/309 540/21/309 537/20/309
f 539/210/310 543/8/310 545/139/310
f 541/142/307 546/41/307 542/141/307
f 547/14/311 544/104/311 548/107/311
f 534/35/312 508/144/312 507/36/312
f 531/5/313 512/211/313 532/145/313
f 503/4/314 525/212/314 501/146/314
f 505/34/315 528/148/315 530/137/315
f 546/41/312 520/150/312 519/42/312
f 543/8/316 524/213/316 544/151/316
f 515/7/314 537/214/314 513/152/314
f 517/40/317 540/154/317 542/141/317
f 549/59/318 554/215/318 550/155/318
f 559/115/319 551/53/319 550/109/319
f 554/65/320 555/112/320 557/63/320
f 557/215/321 560/59/321 559/155/321
f 563/157/322 564/18/322 561/17/322
f 562/118/323 569/124/323 563/60/323
f 570/57/324 565/120/324 571/125/324
f 572/18/325 569/157/325 568/17/325
f 560/59/326 567/159/326 558/158/326
f 549/59/327 562/159/327 561/17/327
f 564/18/328 553/161/328 552/16/328
f 572/18/329 555/161/329 570/160/329
f 504/162/264 525/88/264 528/91/264
f 587/163/330 606/164/330 586/164/330
f 576/165/331 594/166/331 596/165/331
f 586/164/332 603/167/332 583/167/332
f 588/168/333 605/169/333 608/168/333
f 578/170/334 599/171/334 598/170/334
f 585/169/335 604/172/335 605/169/335
f 589/173/336 607/163/336 587/163/336
f 577/174/337 600/175/337 580/175/337
f 592/176/338 595/177/338 575/177/338
f 590/178/339 608/168/339 610/178/339
f 610/180/340 611/189/340 612/176/340
f 608/168/341 609/173/341 610/178/341
f 605/169/342 607/163/342 608/168/342
f 602/182/343 603/167/343 604/172/343
f 600/184/344 601/181/344 602/182/344
f 597/174/345 599/171/345 600/175/345
f 593/190/346 596/165/346 594/166/346
f 594/187/347 597/174/347 593/186/347
f 595/177/348 611/189/348 596/188/348
f 604/172/349 606/164/349 605/169/349
f 575/185/350 593/190/350 573/190/350
f 582/182/351 604/172/351 584/172/351
f 578/170/352 594/187/352 574/187/352
f 581/181/353 603/167/353 601/181/353
f 592/176/354 610/180/354 612/176/354
f 577/174/355 593/186/355 597/174/355
f 580/184/356 602/182/356 582/182/356
f 591/189/357 609/179/357 589/179/357
f 591/189/358 596/188/358 611/189/358
f 579/183/359 601/181/359 599/183/359
f 616/191/260 613/192/260 614/191/260
f 617/193/262 620/194/262 618/194/262
f 654/196/103 620/194/103 619/193/103
f 654/196/360 617/193/360 655/197/360
f 656/198/361 620/194/361 653/195/361
f 655/197/106 618/194/106 656/198/106
f 623/10/361 622/199/361 621/10/361
f 626/199/360 627/10/360 625/10/360
f 622/199/106 628/199/106 626/199/106
f 622/199/362 625/10/362 621/10/362
f 621/10/103 627/10/103 623/10/103
f 623/10/363 628/199/363 624/199/363
f 631/10/361 630/199/361 629/10/361
f 634/199/360 635/10/360 633/10/360
f 630/199/106 636/199/106 634/199/106
f 630/199/362 633/10/362 629/10/362
f 629/10/103 635/10/103 631/10/103
f 631/10/363 636/199/363 632/199/363
f 639/10/361 638/199/361 637/10/361
f 642/199/360 643/10/360 641/10/360
f 638/199/106 644/199/106 642/199/106
f 638/199/362 641/10/362 637/10/362
f 637/10/103 643/10/103 639/10/103
f 639/10/363 644/199/363 640/199/363
f 647/10/361 646/199/361 645/10/361
f 650/199/360 651/10/360 649/10/360
f 646/199/106 652/199/106 650/199/106
f 646/199/362 649/10/362 645/10/362
f 645/10/103 651/10/103 647/10/103
f 647/10/363 652/199/363 648/199/363
f 658/203/364 656/198/364 660/200/364
f 659/201/361 656/198/361 653/195/361
f 657/202/360 655/197/360 658/203/360
f 657/202/365 653/195/365 654/196/365
f 615/192/366 659/201/366 657/202/366
f 613/192/360 657/202/360 658/203/360
f 614/191/361 659/201/361 616/191/361
f 613/192/367 660/200/367 614/191/367
f 661/59/261 676/18/261 664/16/261
f 663/53/268 679/54/268 674/55/268
f 665/56/269 682/57/269 667/58/269
f 672/59/368 684/18/368 680/17/368
f 677/62/369 681/124/369 683/61/369
f 666/65/271 671/206/271 662/64/271
f 661/108/289 662/109/289 663/53/289
f 664/110/370 665/111/370 666/65/370
f 667/112/371 668/113/371 669/63/371
f 670/114/372 671/115/372 672/116/372
f 673/117/373 674/118/373 675/60/373
f 676/119/294 677/120/294 678/121/294
f 679/122/295 680/123/295 681/124/295
f 682/57/374 683/125/374 684/126/374
f 661/59/375 666/215/375 662/155/375
f 671/115/319 663/53/319 662/109/319
f 666/65/320 667/112/320 669/63/320
f 669/215/321 672/59/321 671/155/321
f 675/157/376 676/18/376 673/17/376
f 674/118/377 681/124/377 675/60/377
f 682/57/324 677/120/324 683/125/324
f 684/18/378 681/157/378 680/17/378
f 672/59/379 679/159/379 670/158/379
f 661/59/327 674/159/327 673/17/327
f 676/18/380 665/161/380 664/16/380
f 684/18/381 667/161/381 682/160/381
f 685/59/382 700/18/382 688/16/382
f 687/53/268 703/54/268 698/55/268
f 689/56/269 706/57/269 691/58/269
f 696/59/267 708/18/267 704/17/267
f 701/62/270 705/124/270 707/61/270
f 690/65/271 695/206/271 686/64/271
f 685/108/383 686/109/383 687/53/383
f 688/110/384 689/111/384 690/65/384
f 691/112/371 692/113/371 693/63/371
f 694/114/385 695/115/385 696/116/385
f 697/117/386 698/118/386 699/60/386
f 700/119/387 701/120/387 702/121/387
f 703/122/295 704/123/295 705/124/295
f 706/57/296 707/125/296 708/126/296
f 685/59/388 690/215/388 686/155/388
f 695/115/319 687/53/319 686/109/319
f 690/65/320 691/112/320 693/63/320
f 693/215/321 696/59/321 695/155/321
f 699/157/389 700/18/389 697/17/389
f 698/118/323 705/124/323 699/60/323
f 706/57/324 701/120/324 707/125/324
f 708/18/390 705/157/390 704/17/390
f 696/59/379 703/159/379 694/158/379
f 685/59/327 698/159/327 697/17/327
f 700/18/328 689/161/328 688/16/328
f 708/18/391 691/161/391 706/160/391
f 711/1/392 709/2/392 710/3/392
f 739/4/393 767/5/393 762/6/393
f 751/7/393 779/8/393 774/9/393
f 713/10/394 716/11/394 714/12/394
f 775/13/395 783/14/395 777/15/395
f 788/16/393 797/17/393 800/18/393
f 752/19/396 773/20/396 776/21/396
f 745/22/397 738/23/397 742/24/397
f 763/25/395 771/26/395 765/27/395
f 709/28/398 715/29/398 713/30/398
f 757/31/397 750/32/397 754/33/397
f 741/34/399 770/35/399 743/36/399
f 710/37/396 716/38/396 711/39/396
f 753/40/399 782/41/399 755/42/399
f 744/43/398 768/44/398 748/45/398
f 711/46/399 715/47/399 712/48/399
f 756/49/398 780/50/398 760/51/398
f 710/46/393 713/47/393 714/52/393
f 787/53/400 803/54/400 798/55/400
f 789/56/401 806/57/401 791/58/401
f 792/16/399 804/17/399 796/59/399
f 799/60/402 807/61/402 801/62/402
f 793/63/403 786/64/403 790/65/403
f 728/66/404 732/67/404 719/68/404
f 722/69/405 735/70/405 734/71/405
f 737/72/406 738/23/406 739/73/406
f 740/74/407 741/75/407 742/24/407
f 743/76/408 744/43/408 745/77/408
f 746/78/409 747/79/409 748/45/409
f 749/80/410 750/32/410 751/81/410
f 752/82/411 753/83/411 754/33/411
f 755/84/412 756/49/412 757/85/412
f 758/86/409 759/87/409 760/51/409
f 761/88/413 762/89/413 763/90/413
f 764/91/414 765/92/414 766/93/414
f 767/94/415 768/95/415 769/96/415
f 770/97/416 771/26/416 772/98/416
f 773/20/417 774/99/417 775/100/417
f 776/21/418 777/101/418 778/102/418
f 779/103/415 780/104/415 781/105/415
f 782/106/419 783/14/419 784/107/419
f 785/108/420 786/109/420 787/53/420
f 788/110/421 789/111/421 790/65/421
f 791/112/422 792/113/422 793/63/422
f 794/114/423 795/115/423 796/116/423
f 797/117/424 798/118/424 799/60/424
f 800/119/425 801/120/425 802/121/425
f 803/122/426 804/123/426 805/124/426
f 806/57/427 807/125/427 808/126/427
f 737/72/428 742/24/428 738/23/428
f 746/127/429 738/128/429 747/129/429
f 743/36/430 742/130/430 741/34/430
f 748/45/431 745/77/431 744/43/431
f 749/80/432 754/33/432 750/32/432
f 758/131/429 750/132/429 759/133/429
f 755/42/433 754/134/433 753/40/433
f 760/51/434 757/85/434 756/49/434
f 763/90/435 764/91/435 761/88/435
f 769/135/436 762/6/436 767/5/436
f 771/136/437 766/137/437 765/138/437
f 769/96/438 772/98/438 771/26/438
f 775/100/435 776/21/435 773/20/435
f 781/139/436 774/9/436 779/8/436
f 783/140/439 778/141/439 777/142/439
f 781/105/440 784/107/440 783/14/440
f 743/36/441 772/143/441 744/144/441
f 746/127/442 768/145/442 767/5/442
f 762/6/443 737/146/443 739/4/443
f 766/137/444 740/147/444 764/148/444
f 755/42/445 784/149/445 756/150/445
f 758/131/442 780/151/442 779/8/442
f 774/9/446 749/152/446 751/7/446
f 778/141/447 752/153/447 776/154/447
f 788/16/448 786/155/448 785/59/448
f 795/115/449 787/53/449 786/109/449
f 793/63/450 789/111/450 791/112/450
f 795/155/451 792/16/451 796/59/451
f 801/156/452 797/17/452 799/157/452
f 803/122/453 799/60/453 798/118/453
f 806/57/454 801/120/454 807/125/454
f 804/17/455 807/156/455 805/157/455
f 804/17/456 794/158/456 796/59/456
f 797/17/457 787/158/457 798/159/457
f 788/16/458 802/160/458 789/161/458
f 792/16/459 806/160/459 808/18/459
f 740/162/396 761/88/396 764/91/396
f 823/163/460 842/164/460 822/164/460
f 812/165/461 830/166/461 832/165/461
f 822/164/462 839/167/462 819/167/462
f 824/168/463 841/169/463 844/168/463
f 814/170/464 835/171/464 834/170/464
f 821/169/465 840/172/465 841/169/465
f 825/173/466 843/163/466 823/163/466
f 813/174/467 836/175/467 816/175/467
f 828/176/468 831/177/468 811/177/468
f 826/178/469 844/168/469 846/178/469
f 845/179/470 848/176/470 846/180/470
f 843/163/471 846/178/471 844/168/471
f 842/164/472 844/168/472 841/169/472
f 837/181/473 840/172/473 838/182/473
f 835/183/474 838/182/474 836/184/474
f 834/170/475 836/175/475 833/174/475
f 830/166/476 831/185/476 832/165/476
f 834/170/477 829/186/477 830/187/477
f 832/188/478 848/176/478 847/189/478
f 839/167/479 841/169/479 840/172/479
f 811/185/480 829/190/480 809/190/480
f 818/182/481 840/172/481 820/172/481
f 814/170/482 830/187/482 810/187/482
f 817/181/483 839/167/483 837/181/483
f 828/176/484 846/180/484 848/176/484
f 813/174/485 829/186/485 833/174/485
f 816/184/486 838/182/486 818/182/486
f 827/189/487 845/179/487 825/179/487
f 827/189/488 832/188/488 847/189/488
f 815/183/489 837/181/489 835/183/489
f 852/191/392 849/192/392 850/191/392
f 853/193/394 856/194/394 854/194/394
f 889/195/106 855/193/106 890/196/106
f 890/196/490 853/193/490 891/197/490
f 892/198/491 856/194/491 889/195/491
f 892/198/103 853/193/103 854/194/103
f 859/10/491 858/199/491 857/10/491
f 862/199/490 863/10/490 861/10/490
f 860/199/103 862/199/103 858/199/103
f 858/199/492 861/10/492 857/10/492
f 859/10/106 861/10/106 863/10/106
f 859/10/493 864/199/493 860/199/493
f 867/10/491 866/199/491 865/10/491
f 870/199/490 871/10/490 869/10/490
f 868/199/103 870/199/103 866/199/103
f 866/199/492 869/10/492 865/10/492
f 867/10/106 869/10/106 871/10/106
f 867/10/493 872/199/493 868/199/493
f 875/10/491 874/199/491 873/10/491
f 878/199/490 879/10/490 877/10/490
f 876/199/103 878/199/103 874/199/103
f 874/199/492 877/10/492 873/10/492
f 875/10/106 877/10/106 879/10/106
f 875/10/493 880/199/493 876/199/493
f 883/10/491 882/199/491 881/10/491
f 886/199/490 887/10/490 885/10/490
f 884/199/103 886/199/103 882/199/103
f 882/199/492 885/10/492 881/10/492
f 883/10/106 885/10/106 887/10/106
f 883/10/493 888/199/493 884/199/493
f 896/200/494 891/197/494 892/198/494
f 895/201/491 892/198/491 889/195/491
f 893/202/490 891/197/490 894/203/490
f 895/201/495 890/196/495 893/202/495
f 852/191/496 893/202/496 851/192/496
f 849/192/490 893/202/490 894/203/490
f 850/191/491 895/201/491 852/191/491
f 850/191/497 894/203/497 896/200/497
f 900/16/498 909/17/498 912/18/498
f 899/53/400 915/54/400 910/55/400
f 901/56/401 918/57/401 903/58/401
f 904/16/399 916/17/399 908/59/399
f 911/60/402 919/61/402 913/62/402
f 905/63/403 898/64/403 902/65/403
f 897/108/499 898/109/499 899/53/499
f 900/110/500 901/111/500 902/65/500
f 903/112/501 904/113/501 905/63/501
f 906/114/502 907/115/502 908/116/502
f 909/117/503 910/118/503 911/60/503
f 912/119/504 913/120/504 914/121/504
f 915/122/505 916/123/505 917/124/505
f 918/57/506 919/125/506 920/126/506
f 900/16/448 898/155/448 897/59/448
f 907/115/507 899/53/507 898/109/507
f 905/63/450 901/111/450 903/112/450
f 907/155/451 904/16/451 908/59/451
f 913/156/508 909/17/508 911/157/508
f 915/122/453 911/60/453 910/118/453
f 918/57/454 913/120/454 919/125/454
f 916/17/509 919/156/509 917/157/509
f 916/17/510 906/158/510 908/59/510
f 909/17/457 899/158/457 910/159/457
f 900/16/458 914/160/458 901/161/458
f 904/16/511 918/160/511 920/18/511
f 924/16/498 933/17/498 936/18/498
f 923/53/400 939/54/400 934/55/400
f 925/56/401 942/57/401 927/58/401
f 928/16/512 940/17/512 932/59/512
f 935/60/402 943/61/402 937/62/402
f 929/63/403 922/64/403 926/65/403
f 921/108/499 922/109/499 923/53/499
f 924/110/513 925/111/513 926/65/513
f 927/112/514 928/113/514 929/63/514
f 930/114/502 931/115/502 932/116/502
f 933/117/515 934/118/515 935/60/515
f 936/119/516 937/120/516 938/121/516
f 939/122/517 940/123/517 941/124/517
f 942/57/518 943/125/518 944/126/518
f 924/16/448 922/155/448 921/59/448
f 931/115/507 923/53/507 922/109/507
f 929/63/450 925/111/450 927/112/450
f 931/155/519 928/16/519 932/59/519
f 937/156/452 933/17/452 935/157/452
f 939/122/453 935/60/453 934/118/453
f 942/57/454 937/120/454 943/125/454
f 940/17/520 943/156/520 941/157/520
f 940/17/456 930/158/456 932/59/456
f 933/17/521 923/158/521 934/159/521
f 924/16/458 938/160/458 925/161/458
f 928/16/522 942/160/522 944/18/522
f 947/1/213 945/2/213 946/3/213
f 982/127/523 998/6/523 975/4/523
f 994/131/523 1010/9/523 987/7/523
f 949/10/233 952/11/233 950/12/233
f 1013/15/524 1017/105/524 1019/14/524
f 1021/59/525 1036/18/525 1024/16/525
f 988/19/526 1009/20/526 1012/21/526
f 978/24/527 983/204/527 974/23/527
f 1001/27/524 1005/96/524 1007/26/524
f 945/28/528 951/29/528 949/30/528
f 990/33/527 995/205/527 986/32/527
f 979/36/529 1002/137/529 1006/35/529
f 946/37/526 952/38/526 947/39/526
f 991/42/529 1014/141/529 1018/41/529
f 980/43/528 1004/44/528 984/45/528
f 948/48/529 952/52/529 951/47/529
f 992/49/528 1016/50/528 996/51/528
f 945/48/523 950/52/523 946/46/523
f 1023/53/530 1039/54/530 1034/55/530
f 1025/56/531 1042/57/531 1027/58/531
f 1032/59/529 1044/18/529 1040/17/529
f 1037/62/532 1041/124/532 1043/61/532
f 1026/65/533 1031/206/533 1022/64/533
f 964/66/534 968/67/534 955/68/534
f 958/69/535 971/70/535 970/71/535
f 973/72/536 974/23/536 975/73/536
f 976/74/537 977/75/537 978/24/537
f 979/76/538 980/43/538 981/77/538
f 982/78/539 983/79/539 984/45/539
f 985/80/540 986/32/540 987/81/540
f 988/82/541 989/83/541 990/33/541
f 991/84/542 992/49/542 993/85/542
f 994/86/543 995/87/543 996/51/543
f 997/88/544 998/89/544 999/90/544
f 1000/91/545 1001/92/545 1002/93/545
f 1003/94/546 1004/95/546 1005/96/546
f 1006/97/547 1007/26/547 1008/98/547
f 1009/20/548 1010/99/548 1011/100/548
f 1012/21/545 1013/101/545 1014/102/545
f 1015/103/546 1016/104/546 1017/105/546
f 1018/106/549 1019/14/549 1020/107/549
f 1021/108/550 1022/109/550 1023/53/550
f 1024/110/551 1025/111/551 1026/65/551
f 1027/112/552 1028/113/552 1029/63/552
f 1030/114/553 1031/115/553 1032/116/553
f 1033/117/554 1034/118/554 1035/60/554
f 1036/119/555 1037/120/555 1038/121/555
f 1039/122/556 1040/123/556 1041/124/556
f 1042/57/557 1043/125/557 1044/126/557
f 973/72/558 978/24/558 974/23/558
f 975/4/559 983/129/559 982/127/559
f 977/34/560 981/207/560 978/130/560
f 984/45/174 981/77/174 980/43/174
f 985/80/561 990/33/561 986/32/561
f 987/7/559 995/133/559 994/131/559
f 989/40/560 993/208/560 990/134/560
f 996/51/174 993/85/174 992/49/174
f 999/90/562 1000/91/562 997/88/562
f 999/209/563 1003/5/563 1005/135/563
f 1001/138/564 1006/35/564 1002/137/564
f 1005/96/565 1008/98/565 1007/26/565
f 1011/100/183 1012/21/183 1009/20/183
f 1011/210/566 1015/8/566 1017/139/566
f 1013/142/567 1018/41/567 1014/141/567
f 1017/105/565 1020/107/565 1019/14/565
f 1006/35/568 980/144/568 979/36/568
f 1003/5/569 984/211/569 1004/145/569
f 975/4/570 997/212/570 973/146/570
f 977/34/571 1000/148/571 1002/137/571
f 1018/41/568 992/150/568 991/42/568
f 1015/8/572 996/213/572 1016/151/572
f 987/7/573 1009/214/573 985/152/573
f 989/40/571 1012/154/571 1014/141/571
f 1021/59/574 1026/215/574 1022/155/574
f 1031/115/575 1023/53/575 1022/109/575
f 1029/63/576 1025/111/576 1027/112/576
f 1029/215/577 1032/59/577 1031/155/577
f 1035/157/578 1036/18/578 1033/17/578
f 1039/122/579 1035/60/579 1034/118/579
f 1042/57/580 1037/120/580 1043/125/580
f 1044/18/581 1041/157/581 1040/17/581
f 1032/59/582 1039/159/582 1030/158/582
f 1021/59/583 1034/159/583 1033/17/583
f 1036/18/584 1025/161/584 1024/16/584
f 1044/18/585 1027/161/585 1042/160/585
f 976/162/526 997/88/526 1000/91/526
f 1059/163/586 1078/164/586 1058/164/586
f 1048/165/587 1066/166/587 1068/165/587
f 1058/164/588 1075/167/588 1055/167/588
f 1060/168/589 1077/169/589 1080/168/589
f 1050/170/590 1071/171/590 1070/170/590
f 1057/169/591 1076/172/591 1077/169/591
f 1061/173/592 1079/163/592 1059/163/592
f 1049/174/593 1072/175/593 1052/175/593
f 1064/176/137 1067/177/137 1047/177/137
f 1062/178/594 1080/168/594 1082/178/594
f 1082/180/595 1083/189/595 1084/176/595
f 1080/168/596 1081/173/596 1082/178/596
f 1077/169/597 1079/163/597 1080/168/597
f 1074/182/598 1075/167/598 1076/172/598
f 1072/184/599 1073/181/599 1074/182/599
f 1069/174/600 1071/171/600 1072/175/600
f 1065/190/601 1068/165/601 1066/166/601
f 1066/187/602 1069/174/602 1065/186/602
f 1067/177/603 1083/189/603 1068/188/603
f 1076/172/604 1078/164/604 1077/169/604
f 1047/185/605 1065/190/605 1045/190/605
f 1054/182/606 1076/172/606 1056/172/606
f 1050/170/607 1066/187/607 1046/187/607
f 1053/181/608 1075/167/608 1073/181/608
f 1064/176/609 1082/180/609 1084/176/609
f 1049/174/610 1065/186/610 1069/174/610
f 1052/184/611 1074/182/611 1054/182/611
f 1063/189/612 1081/179/612 1061/179/612
f 1063/189/135 1068/188/135 1083/189/135
f 1051/183/613 1073/181/613 1071/183/613
f 1088/191/213 1085/192/213 1086/191/213
f 1089/193/233 1092/194/233 1090/194/233
f 1126/196/103 1092/194/103 1091/193/103
f 1126/196/238 1089/193/238 1127/197/238
f 1128/198/237 1092/194/237 1125/195/237
f 1127/197/106 1090/194/106 1128/198/106
f 1095/10/237 1094/199/237 1093/10/237
f 1098/199/238 1099/10/238 1097/10/238
f 1094/199/106 1100/199/106 1098/199/106
f 1094/199/235 1097/10/235 1093/10/235
f 1093/10/103 1099/10/103 1095/10/103
f 1095/10/236 1100/199/236 1096/199/236
f 1103/10/237 1102/199/237 1101/10/237
f 1106/199/238 1107/10/238 1105/10/238
f 1102/199/106 1108/199/106 1106/199/106
f 1102/199/235 1105/10/235 1101/10/235
f 1101/10/103 1107/10/103 1103/10/103
f 1103/10/236 1108/199/236 1104/199/236
f 1111/10/237 1110/199/237 1109/10/237
f 1114/199/238 1115/10/238 1113/10/238
f 1110/199/106 1116/199/106 1114/199/106
f 1110/199/235 1113/10/235 1109/10/235
f 1109/10/103 1115/10/103 1111/10/103
f 1111/10/236 1116/199/236 1112/199/236
f 1119/10/237 1118/199/237 1117/10/237
f 1122/199/238 1123/10/238 1121/10/238
f 1118/199/106 1124/199/106 1122/199/106
f 1118/199/235 1121/10/235 1117/10/235
f 1117/10/103 1123/10/103 1119/10/103
f 1119/10/236 1124/199/236 1120/199/236
f 1130/203/614 1128/198/614 1132/200/614
f 1131/201/237 1128/198/237 1125/195/237
f 1129/202/238 1127/197/238 1130/203/238
f 1129/202/615 1125/195/615 1126/196/615
f 1087/192/616 1131/201/616 1129/202/616
f 1085/192/238 1129/202/238 1130/203/238
f 1086/191/237 1131/201/237 1088/191/237
f 1085/192/617 1132/200/617 1086/191/617
f 1133/59/523 1148/18/523 1136/16/523
f 1135/53/618 1151/54/618 1146/55/618
f 1137/56/531 1154/57/531 1139/58/531
f 1144/59/619 1156/18/619 1152/17/619
f 1149/62/532 1153/124/532 1155/61/532
f 1138/65/533 1143/206/533 1134/64/533
f 1133/108/620 1134/109/620 1135/53/620
f 1136/110/621 1137/111/621 1138/65/621
f 1139/112/622 1140/113/622 1141/63/622
f 1142/114/623 1143/115/623 1144/116/623
f 1145/117/624 1146/118/624 1147/60/624
f 1148/119/625 1149/120/625 1150/121/625
f 1151/122/556 1152/123/556 1153/124/556
f 1154/57/626 1155/125/626 1156/126/626
f 1133/59/574 1138/215/574 1134/155/574
f 1143/115/575 1135/53/575 1134/109/575
f 1141/63/576 1137/111/576 1139/112/576
f 1141/215/627 1144/59/627 1143/155/627
f 1147/157/578 1148/18/578 1145/17/578
f 1151/122/579 1147/60/579 1146/118/579
f 1154/57/580 1149/120/580 1155/125/580
f 1156/18/628 1153/157/628 1152/17/628
f 1144/59/582 1151/159/582 1142/158/582
f 1133/59/629 1146/159/629 1145/17/629
f 1148/18/584 1137/161/584 1136/16/584
f 1156/18/585 1139/161/585 1154/160/585
f 1157/59/525 1172/18/525 1160/16/525
f 1159/53/618 1175/54/618 1170/55/618
f 1161/56/531 1178/57/531 1163/58/531
f 1168/59/529 1180/18/529 1176/17/529
f 1173/62/532 1177/124/532 1179/61/532
f 1162/65/533 1167/206/533 1158/64/533
f 1157/108/630 1158/109/630 1159/53/630
f 1160/110/631 1161/111/631 1162/65/631
f 1163/112/552 1164/113/552 1165/63/552
f 1166/114/632 1167/115/632 1168/116/632
f 1169/117/624 1170/118/624 1171/60/624
f 1172/119/633 1173/120/633 1174/121/633
f 1175/122/634 1176/123/634 1177/124/634
f 1178/57/635 1179/125/635 1180/126/635
f 1157/59/574 1162/215/574 1158/155/574
f 1167/115/575 1159/53/575 1158/109/575
f 1165/63/636 1161/111/636 1163/112/636
f 1165/215/627 1168/59/627 1167/155/627
f 1171/157/637 1172/18/637 1169/17/637
f 1175/122/579 1171/60/579 1170/118/579
f 1178/57/580 1173/120/580 1179/125/580
f 1180/18/638 1177/157/638 1176/17/638
f 1168/59/639 1175/159/639 1166/158/639
f 1157/59/629 1170/159/629 1169/17/629
f 1172/18/584 1161/161/584 1160/16/584
f 1180/18/640 1163/161/640 1178/160/640
f 1183/1/338 1181/2/338 1182/3/338
f 1211/4/641 1239/5/641 1234/6/641
f 1223/7/641 1251/8/641 1246/9/641
f 1185/10/358 1188/11/358 1186/12/358
f 1247/13/642 1255/14/642 1249/15/642
f 1260/16/641 1269/17/641 1272/18/641
f 1224/19/643 1245/20/643 1248/21/643
f 1217/22/644 1210/23/644 1214/24/644
f 1235/25/642 1243/26/642 1237/27/642
f 1181/28/645 1187/29/645 1185/30/645
f 1229/31/644 1222/32/644 1226/33/644
f 1213/34/646 1242/35/646 1215/36/646
f 1182/37/643 1188/38/643 1183/39/643
f 1225/40/646 1254/41/646 1227/42/646
f 1216/43/645 1240/44/645 1220/45/645
f 1183/46/646 1187/47/646 1184/48/646
f 1228/49/645 1252/50/645 1232/51/645
f 1182/46/641 1185/47/641 1186/52/641
f 1259/53/647 1275/54/647 1270/55/647
f 1261/56/648 1278/57/648 1263/58/648
f 1264/16/646 1276/17/646 1268/59/646
f 1271/60/649 1279/61/649 1273/62/649
f 1265/63/650 1258/64/650 1262/65/650
f 1200/66/651 1204/67/651 1191/68/651
f 1194/69/652 1207/70/652 1206/71/652
f 1209/72/653 1210/23/653 1211/73/653
f 1212/74/654 1213/75/654 1214/24/654
f 1215/76/655 1216/43/655 1217/77/655
f 1218/78/656 1219/79/656 1220/45/656
f 1221/80/657 1222/32/657 1223/81/657
f 1224/82/654 1225/83/654 1226/33/654
f 1227/84/658 1228/49/658 1229/85/658
f 1230/86/659 1231/87/659 1232/51/659
f 1233/88/660 1234/89/660 1235/90/660
f 1236/91/661 1237/92/661 1238/93/661
f 1239/94/662 1240/95/662 1241/96/662
f 1242/97/663 1243/26/663 1244/98/663
f 1245/20/664 1246/99/664 1247/100/664
f 1248/21/665 1249/101/665 1250/102/665
f 1251/103/666 1252/104/666 1253/105/666
f 1254/106/667 1255/14/667 1256/107/667
f 1257/108/668 1258/109/668 1259/53/668
f 1260/110/669 1261/111/669 1262/65/669
f 1263/112/670 1264/113/670 1265/63/670
f 1266/114/671 1267/115/671 1268/116/671
f 1269/117/672 1270/118/672 1271/60/672
f 1272/119/673 1273/120/673 1274/121/673
f 1275/122/674 1276/123/674 1277/124/674
f 1278/57/675 1279/125/675 1280/126/675
f 1209/72/676 1214/24/676 1210/23/676
f 1218/127/677 1210/128/677 1219/129/677
f 1215/36/678 1214/130/678 1213/34/678
f 1220/45/679 1217/77/679 1216/43/679
f 1221/80/676 1226/33/676 1222/32/676
f 1230/131/680 1222/132/680 1231/133/680
f 1227/42/678 1226/134/678 1225/40/678
f 1232/51/301 1229/85/301 1228/49/301
f 1235/90/308 1236/91/308 1233/88/308
f 1241/135/681 1234/6/681 1239/5/681
f 1243/136/682 1238/137/682 1237/138/682
f 1241/96/683 1244/98/683 1243/26/683
f 1247/100/684 1248/21/684 1245/20/684
f 1253/139/685 1246/9/685 1251/8/685
f 1255/140/682 1250/141/682 1249/142/682
f 1253/105/683 1256/107/683 1255/14/683
f 1215/36/686 1244/143/686 1216/144/686
f 1218/127/687 1240/145/687 1239/5/687
f 1234/6/688 1209/146/688 1211/4/688
f 1238/137/689 1212/147/689 1236/148/689
f 1227/42/686 1256/149/686 1228/150/686
f 1230/131/687 1252/151/687 1251/8/687
f 1246/9/688 1221/152/688 1223/7/688
f 1250/141/689 1224/153/689 1248/154/689
f 1260/16/690 1258/155/690 1257/59/690
f 1267/115/691 1259/53/691 1258/109/691
f 1265/63/692 1261/111/692 1263/112/692
f 1267/155/693 1264/16/693 1268/59/693
f 1273/156/694 1269/17/694 1271/157/694
f 1275/122/695 1271/60/695 1270/118/695
f 1278/57/696 1273/120/696 1279/125/696
f 1276/17/697 1279/156/697 1277/157/697
f 1276/17/698 1266/158/698 1268/59/698
f 1269/17/699 1259/158/699 1270/159/699
f 1260/16/700 1274/160/700 1261/161/700
f 1264/16/701 1278/160/701 1280/18/701
f 1212/162/643 1233/88/643 1236/91/643
f 1295/163/702 1314/164/702 1294/164/702
f 1284/165/703 1302/166/703 1304/165/703
f 1294/164/704 1311/167/704 1291/167/704
f 1296/168/705 1313/169/705 1316/168/705
f 1286/170/706 1307/171/706 1306/170/706
f 1293/169/707 1312/172/707 1313/169/707
f 1297/173/708 1315/163/708 1295/163/708
f 1285/174/709 1308/175/709 1288/175/709
f 1300/176/262 1303/177/262 1283/177/262
f 1298/178/710 1316/168/710 1318/178/710
f 1317/179/711 1320/176/711 1318/180/711
f 1315/163/712 1318/178/712 1316/168/712
f 1314/164/713 1316/168/713 1313/169/713
f 1309/181/714 1312/172/714 1310/182/714
f 1307/183/715 1310/182/715 1308/184/715
f 1306/170/716 1308/175/716 1305/174/716
f 1302/166/717 1303/185/717 1304/165/717
f 1306/170/718 1301/186/718 1302/187/718
f 1304/188/719 1320/176/719 1319/189/719
f 1311/167/720 1313/169/720 1312/172/720
f 1283/185/721 1301/190/721 1281/190/721
f 1290/182/722 1312/172/722 1292/172/722
f 1286/170/723 1302/187/723 1282/187/723
f 1289/181/724 1311/167/724 1309/181/724
f 1300/176/725 1318/180/725 1320/176/725
f 1285/174/726 1301/186/726 1305/174/726
f 1288/184/727 1310/182/727 1290/182/727
f 1299/189/728 1317/179/728 1297/179/728
f 1299/189/260 1304/188/260 1319/189/260
f 1287/183/729 1309/181/729 1307/183/729
f 1324/191/338 1321/192/338 1322/191/338
f 1325/193/358 1328/194/358 1326/194/358
f 1361/195/103 1327/193/103 1362/196/103
f 1362/196/363 1325/193/363 1363/197/363
f 1364/198/362 1328/194/362 1361/195/362
f 1364/198/106 1325/193/106 1326/194/106
f 1331/10/362 1330/199/362 1329/10/362
f 1334/199/363 1335/10/363 1333/10/363
f 1332/199/106 1334/199/106 1330/199/106
f 1330/199/360 1333/10/360 1329/10/360
f 1331/10/103 1333/10/103 1335/10/103
f 1331/10/361 1336/199/361 1332/199/361
f 1339/10/362 1338/199/362 1337/10/362
f 1342/199/363 1343/10/363 1341/10/363
f 1340/199/106 1342/199/106 1338/199/106
f 1338/199/360 1341/10/360 1337/10/360
f 1339/10/103 1341/10/103 1343/10/103
f 1339/10/361 1344/199/361 1340/199/361
f 1347/10/362 1346/199/362 1345/10/362
f 1350/199/363 1351/10/363 1349/10/363
f 1348/199/106 1350/199/106 1346/199/106
f 1346/199/360 1349/10/360 1345/10/360
f 1347/10/103 1349/10/103 1351/10/103
f 1347/10/361 1352/199/361 1348/199/361
f 1355/10/362 1354/199/362 1353/10/362
f 1358/199/363 1359/10/363 1357/10/363
f 1356/199/106 1358/199/106 1354/199/106
f 1354/199/360 1357/10/360 1353/10/360
f 1355/10/103 1357/10/103 1359/10/103
f 1355/10/361 1360/199/361 1356/199/361
f 1368/200/730 1363/197/730 1364/198/730
f 1367/201/362 1364/198/362 1361/195/362
f 1365/202/363 1363/197/363 1366/203/363
f 1367/201/731 1362/196/731 1365/202/731
f 1324/191/732 1365/202/732 1323/192/732
f 1321/192/363 1365/202/363 1366/203/363
f 1322/191/362 1367/201/362 1324/191/362
f 1322/191/733 1366/203/733 1368/200/733
f 1372/16/641 1381/17/641 1384/18/641
f 1371/53/647 1387/54/647 1382/55/647
f 1373/56/648 1390/57/648 1375/58/648
f 1376/16/646 1388/17/646 1380/59/646
f 1383/60/649 1391/61/649 1385/62/649
f 1377/63/650 1370/64/650 1374/65/650
f 1369/108/734 1370/109/734 1371/53/734
f 1372/110/669 1373/111/669 1374/65/669
f 1375/112/670 1376/113/670 1377/63/670
f 1378/114/735 1379/115/735 1380/116/735
f 1381/117/736 1382/118/736 1383/60/736
f 1384/119/673 1385/120/673 1386/121/673
f 1387/122/737 1388/123/737 1389/124/737
f 1390/57/738 1391/125/738 1392/126/738
f 1372/16/690 1370/155/690 1369/59/690
f 1379/115/691 1371/53/691 1370/109/691
f 1377/63/692 1373/111/692 1375/112/692
f 1379/155/739 1376/16/739 1380/59/739
f 1385/156/740 1381/17/740 1383/157/740
f 1387/122/695 1383/60/695 1382/118/695
f 1390/57/696 1385/120/696 1391/125/696
f 1388/17/741 1391/156/741 1389/157/741
f 1388/17/698 1378/158/698 1380/59/698
f 1381/17/742 1371/158/742 1382/159/742
f 1372/16/743 1386/160/743 1373/161/743
f 1376/16/701 1390/160/701 1392/18/701
f 1396/16/744 1405/17/744 1408/18/744
f 1395/53/647 1411/54/647 1406/55/647
f 1397/56/648 1414/57/648 1399/58/648
f 1400/16/745 1412/17/745 1404/59/745
f 1407/60/649 1415/61/649 1409/62/649
f 1401/63/746 1394/64/746 1398/65/746
f 1393/108/734 1394/109/734 1395/53/734
f 1396/110/747 1397/111/747 1398/65/747
f 1399/112/748 1400/113/748 1401/63/748
f 1402/114/749 1403/115/749 1404/116/749
f 1405/117/672 1406/118/672 1407/60/672
f 1408/119/750 1409/120/750 1410/121/750
f 1411/122/751 1412/123/751 1413/124/751
f 1414/57/752 1415/125/752 1416/126/752
f 1396/16/753 1394/155/753 1393/59/753
f 1403/115/754 1395/53/754 1394/109/754
f 1401/63/692 1397/111/692 1399/112/692
f 1403/155/693 1400/16/693 1404/59/693
f 1409/156/755 1405/17/755 1407/157/755
f 1411/122/695 1407/60/695 1406/118/695
f 1414/57/696 1409/120/696 1415/125/696
f 1412/17/756 1415/156/756 1413/157/756
f 1412/17/698 1402/158/698 1404/59/698
f 1405/17/742 1395/158/742 1406/159/742
f 1396/16/743 1410/160/743 1397/161/743
f 1400/16/701 1414/160/701 1416/18/701
f 1419/1/3 1417/2/3 1418/3/3
f 1447/4/757 1475/5/757 1470/6/757
f 1459/7/757 1487/8/757 1482/9/757
f 1421/10/1 1424/11/1 1422/12/1
f 1483/13/758 1491/14/758 1485/15/758
f 1496/16/757 1505/17/757 1508/18/757
f 1460/19/8 1481/20/8 1484/21/8
f 1453/22/759 1446/23/759 1450/24/759
f 1471/25/758 1479/26/758 1473/27/758
f 1417/28/6 1423/29/6 1421/30/6
f 1465/31/759 1458/32/759 1462/33/759
f 1449/34/760 1478/35/760 1451/36/760
f 1418/37/8 1424/38/8 1419/39/8
f 1461/40/760 1490/41/760 1463/42/760
f 1452/43/6 1476/44/6 1456/45/6
f 1419/46/760 1423/47/760 1420/48/760
f 1464/49/6 1488/50/6 1468/51/6
f 1418/46/757 1421/47/757 1422/52/757
f 1495/53/761 1511/54/761 1506/55/761
f 1497/56/762 1514/57/762 1499/58/762
f 1500/16/763 1512/17/763 1504/59/763
f 1507/60/764 1515/61/764 1509/62/764
f 1501/63/765 1494/64/765 1498/65/765
f 1436/66/766 1440/67/766 1427/68/766
f 1430/69/767 1443/70/767 1442/71/767
f 1445/72/768 1446/23/768 1447/73/768
f 1448/74/769 1449/75/769 1450/24/769
f 1451/76/770 1452/43/770 1453/77/770
f 1454/78/771 1455/79/771 1456/45/771
f 1457/80/772 1458/32/772 1459/81/772
f 1460/82/769 1461/83/769 1462/33/769
f 1463/84/773 1464/49/773 1465/85/773
f 1466/86/771 1467/87/771 1468/51/771
f 1469/88/774 1470/89/774 1471/90/774
f 1472/91/775 1473/92/775 1474/93/775
f 1475/94/776 1476/95/776 1477/96/776
f 1478/97/777 1479/26/777 1480/98/777
f 1481/20/778 1482/99/778 1483/100/778
f 1484/21/779 1485/101/779 1486/102/779
f 1487/103/780 1488/104/780 1489/105/780
f 1490/106/781 1491/14/781 1492/107/781
f 1493/108/782 1494/109/782 1495/53/782
f 1496/110/783 1497/111/783 1498/65/783
f 1499/112/784 1500/113/784 1501/63/784
f 1502/114/785 1503/115/785 1504/116/785
f 1505/117/786 1506/118/786 1507/60/786
f 1508/119/787 1509/120/787 1510/121/787
f 1511/122/788 1512/123/788 1513/124/788
f 1514/57/789 1515/125/789 1516/126/789
f 1445/72/790 1450/24/790 1446/23/790
f 1454/127/791 1446/128/791 1455/129/791
f 1451/36/792 1450/130/792 1449/34/792
f 1452/43/793 1455/79/793 1453/77/793
f 1457/80/790 1462/33/790 1458/32/790
f 1466/131/794 1458/132/794 1467/133/794
f 1463/42/795 1462/134/795 1461/40/795
f 1464/49/793 1467/87/793 1465/85/793
f 1473/92/796 1469/88/796 1471/90/796
f 1477/135/797 1470/6/797 1475/5/797
f 1479/136/798 1474/137/798 1473/138/798
f 1477/96/799 1480/98/799 1479/26/799
f 1485/101/796 1481/20/796 1483/100/796
f 1489/139/797 1482/9/797 1487/8/797
f 1491/140/798 1486/141/798 1485/142/798
f 1489/105/799 1492/107/799 1491/14/799
f 1451/36/800 1480/143/800 1452/144/800
f 1454/127/801 1476/145/801 1475/5/801
f 1470/6/802 1445/146/802 1447/4/802
f 1474/137/803 1448/147/803 1472/148/803
f 1463/42/800 1492/149/800 1464/150/800
f 1466/131/804 1488/151/804 1487/8/804
f 1482/9/805 1457/152/805 1459/7/805
f 1486/141/803 1460/153/803 1484/154/803
f 1496/16/806 1494/155/806 1493/59/806
f 1494/109/807 1502/114/807 1495/53/807
f 1501/63/808 1497/111/808 1499/112/808
f 1503/155/809 1500/16/809 1504/59/809
f 1509/156/810 1505/17/810 1507/157/810
f 1511/122/811 1507/60/811 1506/118/811
f 1510/121/812 1515/125/812 1514/57/812
f 1512/17/813 1515/156/813 1513/157/813
f 1512/17/814 1502/158/814 1504/59/814
f 1505/17/815 1495/158/815 1506/159/815
f 1496/16/816 1510/160/816 1497/161/816
f 1500/16/817 1514/160/817 1516/18/817
f 1448/162/8 1469/88/8 1472/91/8
f 1531/163/818 1550/164/818 1530/164/818
f 1520/165/819 1538/166/819 1540/165/819
f 1530/164/820 1547/167/820 1527/167/820
f 1532/168/821 1549/169/821 1552/168/821
f 1522/170/822 1543/171/822 1542/170/822
f 1529/169/823 1548/172/823 1549/169/823
f 1533/173/824 1551/163/824 1531/163/824
f 1521/174/825 1544/175/825 1524/175/825
f 1536/176/826 1539/177/826 1519/177/826
f 1534/178/827 1552/168/827 1554/178/827
f 1553/179/828 1556/176/828 1554/180/828
f 1551/163/829 1554/178/829 1552/168/829
f 1550/164/830 1552/168/830 1549/169/830
f 1545/181/831 1548/172/831 1546/182/831
f 1543/183/832 1546/182/832 1544/184/832
f 1542/170/833 1544/175/833 1541/174/833
f 1538/166/834 1539/185/834 1540/165/834
f 1542/170/835 1537/186/835 1538/187/835
f 1540/188/836 1556/176/836 1555/189/836
f 1547/167/837 1549/169/837 1548/172/837
f 1519/185/838 1537/190/838 1517/190/838
f 1526/182/839 1548/172/839 1528/172/839
f 1522/170/840 1538/187/840 1518/187/840
f 1525/181/841 1547/167/841 1545/181/841
f 1536/176/842 1554/180/842 1556/176/842
f 1521/174/843 1537/186/843 1541/174/843
f 1524/184/844 1546/182/844 1526/182/844
f 1535/189/845 1553/179/845 1533/179/845
f 1535/189/81 1540/188/81 1555/189/81
f 1523/183/846 1545/181/846 1543/183/846
f 1560/191/3 1557/192/3 1558/191/3
f 1561/193/1 1564/194/1 1562/194/1
f 1597/195/103 1563/193/103 1598/196/103
f 1598/196/105 1561/193/105 1599/197/105
f 1600/198/104 1564/194/104 1597/195/104
f 1600/198/106 1561/193/106 1562/194/106
f 1567/10/104 1566/199/104 1565/10/104
f 1570/199/105 1571/10/105 1569/10/105
f 1568/199/106 1570/199/106 1566/199/106
f 1566/199/108 1569/10/108 1565/10/108
f 1567/10/103 1569/10/103 1571/10/103
f 1567/10/107 1572/199/107 1568/199/107
f 1575/10/104 1574/199/104 1573/10/104
f 1578/199/105 1579/10/105 1577/10/105
f 1576/199/106 1578/199/106 1574/199/106
f 1574/199/108 1577/10/108 1573/10/108
f 1575/10/103 1577/10/103 1579/10/103
f 1575/10/107 1580/199/107 1576/199/107
f 1583/10/104 1582/199/104 1581/10/104
f 1586/199/105 1587/10/105 1585/10/105
f 1584/199/106 1586/199/106 1582/199/106
f 1582/199/108 1585/10/108 1581/10/108
f 1583/10/103 1585/10/103 1587/10/103
f 1583/10/107 1588/199/107 1584/199/107
f 1591/10/104 1590/199/104 1589/10/104
f 1594/199/105 1595/10/105 1593/10/105
f 1592/199/106 1594/199/106 1590/199/106
f 1590/199/108 1593/10/108 1589/10/108
f 1591/10/103 1593/10/103 1595/10/103
f 1591/10/107 1596/199/107 1592/199/107
f 1604/200/847 1599/197/847 1600/198/847
f 1603/201/104 1600/198/104 1597/195/104
f 1601/202/105 1599/197/105 1602/203/105
f 1603/201/848 1598/196/848 1601/202/848
f 1560/191/849 1601/202/849 1559/192/849
f 1557/192/105 1601/202/105 1602/203/105
f 1558/191/104 1603/201/104 1560/191/104
f 1558/191/850 1602/203/850 1604/200/850
f 1608/16/757 1617/17/757 1620/18/757
f 1607/53/761 1623/54/761 1618/55/761
f 1609/56/851 1626/57/851 1611/58/851
f 1612/16/763 1624/17/763 1616/59/763
f 1619/60/764 1627/61/764 1621/62/764
f 1613/63/765 1606/64/765 1610/65/765
f 1605/108/852 1606/109/852 1607/53/852
f 1608/110/853 1609/111/853 1610/65/853
f 1611/112/854 1612/113/854 1613/63/854
f 1614/114/855 1615/115/855 1616/116/855
f 1617/117/786 1618/118/786 1619/60/786
f 1620/119/787 1621/120/787 1622/121/787
f 1623/122/856 1624/123/856 1625/124/856
f 1626/57/857 1627/125/857 1628/126/857
f 1608/16/806 1606/155/806 1605/59/806
f 1606/109/858 1614/114/858 1607/53/858
f 1613/63/808 1609/111/808 1611/112/808
f 1615/155/809 1612/16/809 1616/59/809
f 1621/156/810 1617/17/810 1619/157/810
f 1623/122/811 1619/60/811 1618/118/811
f 1622/121/812 1627/125/812 1626/57/812
f 1624/17/859 1627/156/859 1625/157/859
f 1624/17/814 1614/158/814 1616/59/814
f 1617/17/860 1607/158/860 1618/159/860
f 1608/16/861 1622/160/861 1609/161/861
f 1612/16/817 1626/160/817 1628/18/817
f 1632/16/862 1641/17/862 1644/18/862
f 1631/53/761 1647/54/761 1642/55/761
f 1633/56/762 1650/57/762 1635/58/762
f 1636/16/760 1648/17/760 1640/59/760
f 1643/60/764 1651/61/764 1645/62/764
f 1637/63/765 1630/64/765 1634/65/765
f 1629/108/852 1630/109/852 1631/53/852
f 1632/110/783 1633/111/783 1634/65/783
f 1635/112/863 1636/113/863 1637/63/863
f 1638/114/785 1639/115/785 1640/116/785
f 1641/117/864 1642/118/864 1643/60/864
f 1644/119/865 1645/120/865 1646/121/865
f 1647/122/788 1648/123/788 1649/124/788
f 1650/57/866 1651/125/866 1652/126/866
f 1632/16/806 1630/155/806 1629/59/806
f 1630/109/858 1638/114/858 1631/53/858
f 1637/63/808 1633/111/808 1635/112/808
f 1639/155/867 1636/16/867 1640/59/867
f 1645/156/810 1641/17/810 1643/157/810
f 1647/122/811 1643/60/811 1642/118/811
f 1646/121/868 1651/125/868 1650/57/868
f 1648/17/813 1651/156/813 1649/157/813
f 1648/17/869 1638/158/869 1640/59/869
f 1641/17/860 1631/158/860 1642/159/860
f 1632/16/861 1646/160/861 1633/161/861
f 1636/16/870 1650/160/870 1652/18/870
f 1655/1/137 1653/2/137 1654/3/137
f 1683/4/871 1711/5/871 1706/6/871
f 1695/7/871 1723/8/871 1718/9/871
f 1657/10/135 1660/11/135 1658/12/135
f 1719/13/872 1727/14/872 1721/15/872
f 1732/16/871 1741/17/871 1744/18/871
f 1696/19/141 1717/20/141 1720/21/141
f 1689/22/873 1682/23/873 1686/24/873
f 1707/25/872 1715/26/872 1709/27/872
f 1653/28/139 1659/29/139 1657/30/139
f 1701/31/873 1694/32/873 1698/33/873
f 1685/34/874 1714/35/874 1687/36/874
f 1654/37/141 1660/38/141 1655/39/141
f 1697/40/874 1726/41/874 1699/42/874
f 1688/43/139 1712/44/139 1692/45/139
f 1655/46/874 1659/47/874 1656/48/874
f 1700/49/139 1724/50/139 1704/51/139
f 1654/46/871 1657/47/871 1658/52/871
f 1731/53/875 1747/54/875 1742/55/875
f 1733/56/876 1750/57/876 1735/58/876
f 1736/16/877 1748/17/877 1740/59/877
f 1743/60/878 1751/61/878 1745/62/878
f 1737/63/879 1730/64/879 1734/65/879
f 1672/66/880 1676/67/880 1663/68/880
f 1666/69/881 1679/70/881 1678/71/881
f 1681/72/882 1682/23/882 1683/73/882
f 1684/74/883 1685/75/883 1686/24/883
f 1687/76/884 1688/43/884 1689/77/884
f 1690/78/885 1691/79/885 1692/45/885
f 1693/80/886 1694/32/886 1695/81/886
f 1696/82/883 1697/83/883 1698/33/883
f 1699/84/884 1700/49/884 1701/85/884
f 1702/86/885 1703/87/885 1704/51/885
f 1705/88/887 1706/89/887 1707/90/887
f 1708/91/888 1709/92/888 1710/93/888
f 1711/94/889 1712/95/889 1713/96/889
f 1714/97/890 1715/26/890 1716/98/890
f 1717/20/891 1718/99/891 1719/100/891
f 1720/21/892 1721/101/892 1722/102/892
f 1723/103/893 1724/104/893 1725/105/893
f 1726/106/890 1727/14/890 1728/107/890
f 1729/108/894 1730/109/894 1731/53/894
f 1732/110/895 1733/111/895 1734/65/895
f 1735/112/896 1736/113/896 1737/63/896
f 1738/114/897 1739/115/897 1740/116/897
f 1741/117/898 1742/118/898 1743/60/898
f 1744/119/899 1745/120/899 1746/121/899
f 1747/122/900 1748/123/900 1749/124/900
f 1750/57/901 1751/125/901 1752/126/901
f 1681/72/902 1686/24/902 1682/23/902
f 1690/127/903 1682/128/903 1691/129/903
f 1687/36/904 1686/130/904 1685/34/904
f 1688/43/905 1691/79/905 1689/77/905
f 1693/80/906 1698/33/906 1694/32/906
f 1702/131/903 1694/132/903 1703/133/903
f 1699/42/904 1698/134/904 1697/40/904
f 1700/49/561 1703/87/561 1701/85/561
f 1709/92/907 1705/88/907 1707/90/907
f 1713/135/908 1706/6/908 1711/5/908
f 1715/136/909 1710/137/909 1709/138/909
f 1713/96/910 1716/98/910 1715/26/910
f 1721/101/907 1717/20/907 1719/100/907
f 1725/139/911 1718/9/911 1723/8/911
f 1727/140/909 1722/141/909 1721/142/909
f 1725/105/910 1728/107/910 1727/14/910
f 1687/36/912 1716/143/912 1688/144/912
f 1690/127/913 1712/145/913 1711/5/913
f 1706/6/914 1681/146/914 1683/4/914
f 1710/137/915 1684/147/915 1708/148/915
f 1699/42/912 1728/149/912 1700/150/912
f 1702/131/916 1724/151/916 1723/8/916
f 1718/9/914 1693/152/914 1695/7/914
f 1722/141/915 1696/153/915 1720/154/915
f 1732/16/917 1730/155/917 1729/59/917
f 1739/115/918 1731/53/918 1730/109/918
f 1737/63/919 1733/111/919 1735/112/919
f 1739/155/920 1736/16/920 1740/59/920
f 1745/156/921 1741/17/921 1743/157/921
f 1747/122/922 1743/60/922 1742/118/922
f 1750/57/923 1745/120/923 1751/125/923
f 1748/17/924 1751/156/924 1749/157/924
f 1748/17/925 1738/158/925 1740/59/925
f 1741/17/926 1731/158/926 1742/159/926
f 1732/16/927 1746/160/927 1733/161/927
f 1736/16/928 1750/160/928 1752/18/928
f 1684/162/141 1705/88/141 1708/91/141
f 1767/163/929 1786/164/929 1766/164/929
f 1756/165/930 1774/166/930 1776/165/930
f 1766/164/931 1783/167/931 1763/167/931
f 1768/168/932 1785/169/932 1788/168/932
f 1759/171/933 1778/170/933 1758/170/933
f 1765/169/934 1784/172/934 1785/169/934
f 1767/163/935 1789/173/935 1787/163/935
f 1760/175/936 1777/174/936 1780/175/936
f 1755/177/233 1792/176/233 1775/177/233
f 1768/168/937 1790/178/937 1770/178/937
f 1789/179/938 1792/176/938 1790/180/938
f 1787/163/939 1790/178/939 1788/168/939
f 1786/164/940 1788/168/940 1785/169/940
f 1781/181/941 1784/172/941 1782/182/941
f 1779/183/942 1782/182/942 1780/184/942
f 1778/170/943 1780/175/943 1777/174/943
f 1774/166/944 1775/185/944 1776/165/944
f 1778/170/945 1773/186/945 1774/187/945
f 1776/188/946 1792/176/946 1791/189/946
f 1783/167/947 1785/169/947 1784/172/947
f 1755/185/948 1773/190/948 1753/190/948
f 1762/182/949 1784/172/949 1764/172/949
f 1754/187/230 1778/170/230 1774/187/230
f 1761/181/950 1783/167/950 1781/181/950
f 1770/180/951 1792/176/951 1772/176/951
f 1753/186/227 1777/174/227 1757/174/227
f 1762/182/952 1780/184/952 1782/182/952
f 1769/179/953 1791/189/953 1789/179/953
f 1756/188/213 1791/189/213 1771/189/213
f 1761/181/954 1779/183/954 1759/183/954
f 1796/191/137 1793/192/137 1794/191/137
f 1797/193/135 1800/194/135 1798/194/135
f 1833/195/103 1799/193/103 1834/196/103
f 1834/196/236 1797/193/236 1835/197/236
f 1836/198/235 1800/194/235 1833/195/235
f 1836/198/106 1797/193/106 1798/194/106
f 1803/10/235 1802/199/235 1801/10/235
f 1806/199/236 1807/10/236 1805/10/236
f 1804/199/106 1806/199/106 1802/199/106
f 1802/199/238 1805/10/238 1801/10/238
f 1803/10/103 1805/10/103 1807/10/103
f 1803/10/237 1808/199/237 1804/199/237
f 1811/10/235 1810/199/235 1809/10/235
f 1814/199/236 1815/10/236 1813/10/236
f 1812/199/106 1814/199/106 1810/199/106
f 1810/199/238 1813/10/238 1809/10/238
f 1811/10/103 1813/10/103 1815/10/103
f 1811/10/237 1816/199/237 1812/199/237
f 1819/10/235 1818/199/235 1817/10/235
f 1822/199/236 1823/10/236 1821/10/236
f 1820/199/106 1822/199/106 1818/199/106
f 1818/199/238 1821/10/238 1817/10/238
f 1819/10/103 1821/10/103 1823/10/103
f 1819/10/237 1824/199/237 1820/199/237
f 1827/10/235 1826/199/235 1825/10/235
f 1829/10/236 1832/199/236 1831/10/236
f 1828/199/106 1830/199/106 1826/199/106
f 1826/199/238 1829/10/238 1825/10/238
f 1827/10/103 1829/10/103 1831/10/103
f 1827/10/237 1832/199/237 1828/199/237
f 1840/200/955 1835/197/955 1836/198/955
f 1839/201/235 1836/198/235 1833/195/235
f 1837/202/236 1835/197/236 1838/203/236
f 1839/201/956 1834/196/956 1837/202/956
f 1796/191/957 1837/202/957 1795/192/957
f 1793/192/236 1837/202/236 1838/203/236
f 1794/191/235 1839/201/235 1796/191/235
f 1794/191/958 1838/203/958 1840/200/958
f 1844/16/871 1853/17/871 1856/18/871
f 1843/53/959 1859/54/959 1854/55/959
f 1845/56/876 1862/57/876 1847/58/876
f 1848/16/877 1860/17/877 1852/59/877
f 1855/60/878 1863/61/878 1857/62/878
f 1849/63/879 1842/64/879 1846/65/879
f 1841/108/894 1842/109/894 1843/53/894
f 1844/110/960 1845/111/960 1846/65/960
f 1847/112/961 1848/113/961 1849/63/961
f 1850/114/962 1851/115/962 1852/116/962
f 1853/117/963 1854/118/963 1855/60/963
f 1856/119/899 1857/120/899 1858/121/899
f 1859/122/964 1860/123/964 1861/124/964
f 1862/57/965 1863/125/965 1864/126/965
f 1844/16/966 1842/155/966 1841/59/966
f 1851/115/918 1843/53/918 1842/109/918
f 1849/63/967 1845/111/967 1847/112/967
f 1851/155/920 1848/16/920 1852/59/920
f 1857/156/968 1853/17/968 1855/157/968
f 1859/122/922 1855/60/922 1854/118/922
f 1862/57/923 1857/120/923 1863/125/923
f 1860/17/969 1863/156/969 1861/157/969
f 1860/17/925 1850/158/925 1852/59/925
f 1853/17/926 1843/158/926 1854/159/926
f 1844/16/970 1858/160/970 1845/161/970
f 1848/16/971 1862/160/971 1864/18/971
f 1868/16/972 1877/17/972 1880/18/972
f 1867/53/959 1883/54/959 1878/55/959
f 1869/56/876 1886/57/876 1871/58/876
f 1872/16/874 1884/17/874 1876/59/874
f 1879/60/878 1887/61/878 1881/62/878
f 1873/63/879 1866/64/879 1870/65/879
f 1865/108/894 1866/109/894 1867/53/894
f 1868/110/973 1869/111/973 1870/65/973
f 1871/112/961 1872/113/961 1873/63/961
f 1874/114/897 1875/115/897 1876/116/897
f 1877/117/963 1878/118/963 1879/60/963
f 1880/119/974 1881/120/974 1882/121/974
f 1883/122/975 1884/123/975 1885/124/975
f 1886/57/965 1887/125/965 1888/126/965
f 1868/16/917 1866/155/917 1865/59/917
f 1875/115/918 1867/53/918 1866/109/918
f 1873/63/967 1869/111/967 1871/112/967
f 1875/155/976 1872/16/976 1876/59/976
f 1881/156/921 1877/17/921 1879/157/921
f 1883/122/922 1879/60/922 1878/118/922
f 1886/57/923 1881/120/923 1887/125/923
f 1884/17/924 1887/156/924 1885/157/924
f 1884/17/977 1874/158/977 1876/59/977
f 1877/17/978 1867/158/978 1878/159/978
f 1868/16/979 1882/160/979 1869/161/979
f 1872/16/980 1886/160/980 1888/18/980
f 1891/1/262 1889/2/262 1890/3/262
f 1926/127/981 1942/6/981 1919/4/981
f 1938/131/981 1954/9/981 1931/7/981
f 1893/10/260 1896/11/260 1894/12/260
f 1957/15/982 1961/105/982 1963/14/982
f 1965/59/981 1980/18/981 1968/16/981
f 1932/19/266 1953/20/266 1956/21/266
f 1922/24/983 1927/204/983 1918/23/983
f 1945/27/982 1949/96/982 1951/26/982
f 1889/28/264 1895/29/264 1893/30/264
f 1934/33/983 1939/205/983 1930/32/983
f 1923/36/984 1946/137/984 1950/35/984
f 1890/37/266 1896/38/266 1891/39/266
f 1935/42/984 1958/141/984 1962/41/984
f 1924/43/264 1948/44/264 1928/45/264
f 1892/48/984 1896/52/984 1895/47/984
f 1936/49/264 1960/50/264 1940/51/264
f 1889/48/981 1894/52/981 1890/46/981
f 1967/53/269 1983/54/269 1978/55/269
f 1969/56/985 1986/57/985 1971/58/985
f 1976/59/986 1988/18/986 1984/17/986
f 1981/62/987 1985/124/987 1987/61/987
f 1970/65/988 1975/206/988 1966/64/988
f 1908/66/989 1912/67/989 1899/68/989
f 1902/69/990 1915/70/990 1914/71/990
f 1917/72/991 1918/23/991 1919/73/991
f 1920/74/992 1921/75/992 1922/24/992
f 1923/76/993 1924/43/993 1925/77/993
f 1926/78/994 1927/79/994 1928/45/994
f 1929/80/995 1930/32/995 1931/81/995
f 1932/82/996 1933/83/996 1934/33/996
f 1935/84/993 1936/49/993 1937/85/993
f 1938/86/997 1939/87/997 1940/51/997
f 1941/88/998 1942/89/998 1943/90/998
f 1944/91/999 1945/92/999 1946/93/999
f 1947/94/1000 1948/95/1000 1949/96/1000
f 1950/97/1001 1951/26/1001 1952/98/1001
f 1953/20/998 1954/99/998 1955/100/998
f 1956/21/1002 1957/101/1002 1958/102/1002
f 1959/103/1003 1960/104/1003 1961/105/1003
f 1962/106/1004 1963/14/1004 1964/107/1004
f 1965/108/1005 1966/109/1005 1967/53/1005
f 1968/110/1006 1969/111/1006 1970/65/1006
f 1971/112/1007 1972/113/1007 1973/63/1007
f 1974/114/1008 1975/115/1008 1976/116/1008
f 1977/117/1009 1978/118/1009 1979/60/1009
f 1980/119/1010 1981/120/1010 1982/121/1010
f 1983/122/1011 1984/123/1011 1985/124/1011
f 1986/57/1012 1987/125/1012 1988/126/1012
f 1920/74/1013 1918/23/1013 1917/72/1013
f 1919/4/1014 1927/129/1014 1926/127/1014
f 1921/34/1015 1925/207/1015 1922/130/1015
f 1928/45/676 1925/77/676 1924/43/676
f 1932/82/1016 1930/32/1016 1929/80/1016
f 1931/7/1017 1939/133/1017 1938/131/1017
f 1933/40/1015 1937/208/1015 1934/134/1015
f 1940/51/1018 1937/85/1018 1936/49/1018
f 1943/90/1019 1944/91/1019 1941/88/1019
f 1943/209/1020 1947/5/1020 1949/135/1020
f 1945/138/1021 1950/35/1021 1946/137/1021
f 1951/26/1022 1948/95/1022 1952/98/1022
f 1955/100/1019 1956/21/1019 1953/20/1019
f 1955/210/1023 1959/8/1023 1961/139/1023
f 1957/142/1021 1962/41/1021 1958/141/1021
f 1963/14/1022 1960/104/1022 1964/107/1022
f 1950/35/1024 1924/144/1024 1923/36/1024
f 1947/5/1025 1928/211/1025 1948/145/1025
f 1919/4/1026 1941/212/1026 1917/146/1026
f 1921/34/1027 1944/148/1027 1946/137/1027
f 1962/41/1028 1936/150/1028 1935/42/1028
f 1959/8/1029 1940/213/1029 1960/151/1029
f 1931/7/1030 1953/214/1030 1929/152/1030
f 1933/40/1031 1956/154/1031 1958/141/1031
f 1965/59/1032 1970/215/1032 1966/155/1032
f 1975/115/1033 1967/53/1033 1966/109/1033
f 1970/65/1034 1971/112/1034 1973/63/1034
f 1973/215/1035 1976/59/1035 1975/155/1035
f 1979/157/1036 1980/18/1036 1977/17/1036
f 1978/118/1037 1985/124/1037 1979/60/1037
f 1986/57/1038 1981/120/1038 1987/125/1038
f 1988/18/1039 1985/157/1039 1984/17/1039
f 1976/59/1040 1983/159/1040 1974/158/1040
f 1965/59/1041 1978/159/1041 1977/17/1041
f 1980/18/1042 1969/161/1042 1968/16/1042
f 1988/18/1043 1971/161/1043 1986/160/1043
f 1920/162/266 1941/88/266 1944/91/266
f 2003/163/1044 2022/164/1044 2002/164/1044
f 1992/165/1045 2010/166/1045 2012/165/1045
f 2002/164/1046 2019/167/1046 1999/167/1046
f 2004/168/1047 2021/169/1047 2024/168/1047
f 1994/170/1048 2015/171/1048 2014/170/1048
f 2001/169/1049 2020/172/1049 2021/169/1049
f 2005/173/1050 2023/163/1050 2003/163/1050
f 1993/174/1051 2016/175/1051 1996/175/1051
f 2008/176/358 2011/177/358 1991/177/358
f 2006/178/1052 2024/168/1052 2026/178/1052
f 2026/180/1053 2027/189/1053 2028/176/1053
f 2024/168/1054 2025/173/1054 2026/178/1054
f 2021/169/1055 2023/163/1055 2024/168/1055
f 2018/182/1056 2019/167/1056 2020/172/1056
f 2016/184/1057 2017/181/1057 2018/182/1057
f 2013/174/1058 2015/171/1058 2016/175/1058
f 2009/190/1059 2012/165/1059 2010/166/1059
f 2010/187/1060 2013/174/1060 2009/186/1060
f 2011/177/1061 2027/189/1061 2012/188/1061
f 2020/172/1062 2022/164/1062 2021/169/1062
f 1991/185/1063 2009/190/1063 1989/190/1063
f 1998/182/1064 2020/172/1064 2000/172/1064
f 1994/170/1065 2010/187/1065 1990/187/1065
f 1997/181/1066 2019/167/1066 2017/181/1066
f 2008/176/1067 2026/180/1067 2028/176/1067
f 1993/174/1068 2009/186/1068 2013/174/1068
f 1996/184/1069 2018/182/1069 1998/182/1069
f 2007/189/1070 2025/179/1070 2005/179/1070
f 2007/189/338 2012/188/338 2027/189/338
f 1995/183/1071 2017/181/1071 2015/183/1071
f 2032/191/262 2029/192/262 2030/191/262
f 2033/193/260 2036/194/260 2034/194/260
f 2070/196/103 2036/194/103 2035/193/103
f 2070/196/361 2033/193/361 2071/197/361
f 2072/198/360 2036/194/360 2069/195/360
f 2071/197/106 2034/194/106 2072/198/106
f 2039/10/360 2038/199/360 2037/10/360
f 2042/199/361 2043/10/361 2041/10/361
f 2038/199/106 2044/199/106 2042/199/106
f 2038/199/363 2041/10/363 2037/10/363
f 2037/10/103 2043/10/103 2039/10/103
f 2039/10/362 2044/199/362 2040/199/362
f 2047/10/360 2046/199/360 2045/10/360
f 2050/199/361 2051/10/361 2049/10/361
f 2046/199/106 2052/199/106 2050/199/106
f 2046/199/363 2049/10/363 2045/10/363
f 2045/10/103 2051/10/103 2047/10/103
f 2047/10/362 2052/199/362 2048/199/362
f 2055/10/360 2054/199/360 2053/10/360
f 2058/199/361 2059/10/361 2057/10/361
f 2054/199/106 2060/199/106 2058/199/106
f 2054/199/363 2057/10/363 2053/10/363
f 2053/10/103 2059/10/103 2055/10/103
f 2055/10/362 2060/199/362 2056/199/362
f 2063/10/360 2062/199/360 2061/10/360
f 2066/199/361 2067/10/361 2065/10/361
f 2062/199/106 2068/199/106 2066/199/106
f 2062/199/363 2065/10/363 2061/10/363
f 2061/10/103 2067/10/103 2063/10/103
f 2063/10/362 2068/199/362 2064/199/362
f 2074/203/1072 2072/198/1072 2076/200/1072
f 2075/201/360 2072/198/360 2069/195/360
f 2073/202/361 2071/197/361 2074/203/361
f 2073/202/1073 2069/195/1073 2070/196/1073
f 2031/192/1074 2075/201/1074 2073/202/1074
f 2029/192/361 2073/202/361 2074/203/361
f 2030/191/360 2075/201/360 2032/191/360
f 2029/192/1075 2076/200/1075 2030/191/1075
f 2077/59/981 2092/18/981 2080/16/981
f 2079/53/269 2095/54/269 2090/55/269
f 2081/56/985 2098/57/985 2083/58/985
f 2088/59/986 2100/18/986 2096/17/986
f 2093/62/1076 2097/124/1076 2099/61/1076
f 2082/65/988 2087/206/988 2078/64/988
f 2077/108/1005 2078/109/1005 2079/53/1005
f 2080/110/1077 2081/111/1077 2082/65/1077
f 2083/112/1078 2084/113/1078 2085/63/1078
f 2086/114/1079 2087/115/1079 2088/116/1079
f 2089/117/1009 2090/118/1009 2091/60/1009
f 2092/119/1080 2093/120/1080 2094/121/1080
f 2095/122/1081 2096/123/1081 2097/124/1081
f 2098/57/1082 2099/125/1082 2100/126/1082
f 2077/59/1083 2082/215/1083 2078/155/1083
f 2087/115/1033 2079/53/1033 2078/109/1033
f 2082/65/1034 2083/112/1034 2085/63/1034
f 2085/215/1084 2088/59/1084 2087/155/1084
f 2091/157/1085 2092/18/1085 2089/17/1085
f 2090/118/1037 2097/124/1037 2091/60/1037
f 2098/57/1038 2093/120/1038 2099/125/1038
f 2100/18/1039 2097/157/1039 2096/17/1039
f 2088/59/1086 2095/159/1086 2086/158/1086
f 2077/59/1041 2090/159/1041 2089/17/1041
f 2092/18/1087 2081/161/1087 2080/16/1087
f 2100/18/1088 2083/161/1088 2098/160/1088
f 2101/59/1089 2116/18/1089 2104/16/1089
f 2103/53/269 2119/54/269 2114/55/269
f 2105/56/985 2122/57/985 2107/58/985
f 2112/59/986 2124/18/986 2120/17/986
f 2117/62/987 2121/124/987 2123/61/987
f 2106/65/1090 2111/206/1090 2102/64/1090
f 2101/108/1091 2102/109/1091 2103/53/1091
f 2104/110/1092 2105/111/1092 2106/65/1092
f 2107/112/1093 2108/113/1093 2109/63/1093
f 2110/114/1094 2111/115/1094 2112/116/1094
f 2113/117/1095 2114/118/1095 2115/60/1095
f 2116/119/1096 2117/120/1096 2118/121/1096
f 2119/122/1097 2120/123/1097 2121/124/1097
f 2122/57/1098 2123/125/1098 2124/126/1098
f 2101/59/1032 2106/215/1032 2102/155/1032
f 2111/115/1099 2103/53/1099 2102/109/1099
f 2106/65/1034 2107/112/1034 2109/63/1034
f 2109/215/1084 2112/59/1084 2111/155/1084
f 2115/157/1100 2116/18/1100 2113/17/1100
f 2114/118/1037 2121/124/1037 2115/60/1037
f 2122/57/1038 2117/120/1038 2123/125/1038
f 2124/18/1101 2121/157/1101 2120/17/1101
f 2112/59/1086 2119/159/1086 2110/158/1086
f 2101/59/1041 2114/159/1041 2113/17/1041
f 2116/18/1042 2105/161/1042 2104/16/1042
f 2124/18/1043 2107/161/1043 2122/160/1043
f 2127/1/101 2125/2/101 2126/3/101
f 2162/127/399 2178/6/399 2155/4/399
f 2174/131/399 2190/9/399 2167/7/399
f 2129/10/81 2132/11/81 2130/12/81
f 2193/15/1102 2197/105/1102 2199/14/1102
f 2201/59/399 2216/18/399 2204/16/399
f 2168/19/1103 2189/20/1103 2192/21/1103
f 2158/24/1104 2163/204/1104 2154/23/1104
f 2181/27/1102 2185/96/1102 2187/26/1102
f 2125/28/1105 2131/29/1105 2129/30/1105
f 2170/33/1104 2175/205/1104 2166/32/1104
f 2159/36/393 2182/137/393 2186/35/393
f 2126/37/1103 2132/38/1103 2127/39/1103
f 2171/42/393 2194/141/393 2198/41/393
f 2160/43/1105 2184/44/1105 2164/45/1105
f 2128/48/393 2132/52/393 2131/47/393
f 2172/49/1105 2196/50/1105 2176/51/1105
f 2125/48/399 2130/52/399 2126/46/399
f 2203/53/1106 2219/54/1106 2214/55/1106
f 2205/56/1107 2222/57/1107 2207/58/1107
f 2212/59/498 2224/18/498 2220/17/498
f 2217/62/1108 2221/124/1108 2223/61/1108
f 2206/65/1109 2211/206/1109 2202/64/1109
f 2144/66/1110 2148/67/1110 2135/68/1110
f 2138/69/1111 2151/70/1111 2150/71/1111
f 2153/72/1112 2154/23/1112 2155/73/1112
f 2156/74/1113 2157/75/1113 2158/24/1113
f 2159/76/1114 2160/43/1114 2161/77/1114
f 2162/78/1115 2163/79/1115 2164/45/1115
f 2165/80/1116 2166/32/1116 2167/81/1116
f 2168/82/1113 2169/83/1113 2170/33/1113
f 2171/84/1117 2172/49/1117 2173/85/1117
f 2174/86/1118 2175/87/1118 2176/51/1118
f 2177/88/1119 2178/89/1119 2179/90/1119
f 2180/91/1120 2181/92/1120 2182/93/1120
f 2183/94/1121 2184/95/1121 2185/96/1121
f 2186/97/1122 2187/26/1122 2188/98/1122
f 2189/20/1119 2190/99/1119 2191/100/1119
f 2192/21/1120 2193/101/1120 2194/102/1120
f 2195/103/1123 2196/104/1123 2197/105/1123
f 2198/106/1124 2199/14/1124 2200/107/1124
f 2201/108/1125 2202/109/1125 2203/53/1125
f 2204/110/1126 2205/111/1126 2206/65/1126
f 2207/112/1127 2208/113/1127 2209/63/1127
f 2210/114/1128 2211/115/1128 2212/116/1128
f 2213/117/1129 2214/118/1129 2215/60/1129
f 2216/119/1130 2217/120/1130 2218/121/1130
f 2219/122/1131 2220/123/1131 2221/124/1131
f 2222/57/1132 2223/125/1132 2224/126/1132
f 2153/72/44 2158/24/44 2154/23/44
f 2155/4/1133 2163/129/1133 2162/127/1133
f 2157/34/1134 2161/207/1134 2158/130/1134
f 2164/45/790 2161/77/790 2160/43/790
f 2165/80/44 2170/33/44 2166/32/44
f 2167/7/1133 2175/133/1133 2174/131/1133
f 2169/40/1135 2173/208/1135 2170/134/1135
f 2176/51/790 2173/85/790 2172/49/790
f 2179/90/799 2180/91/799 2177/88/799
f 2179/209/1136 2183/5/1136 2185/135/1136
f 2181/138/1137 2186/35/1137 2182/137/1137
f 2185/96/49 2188/98/49 2187/26/49
f 2191/100/799 2192/21/799 2189/20/799
f 2191/210/1138 2195/8/1138 2197/139/1138
f 2193/142/1137 2198/41/1137 2194/141/1137
f 2197/105/49 2200/107/49 2199/14/49
f 2186/35/1139 2160/144/1139 2159/36/1139
f 2183/5/1140 2164/211/1140 2184/145/1140
f 2155/4/1141 2177/212/1141 2153/146/1141
f 2157/34/1142 2180/148/1142 2182/137/1142
f 2198/41/1143 2172/150/1143 2171/42/1143
f 2195/8/1144 2176/213/1144 2196/151/1144
f 2167/7/1145 2189/214/1145 2165/152/1145
f 2169/40/1142 2192/154/1142 2194/141/1142
f 2201/59/1146 2206/215/1146 2202/155/1146
f 2211/115/1147 2203/53/1147 2202/109/1147
f 2209/63/1148 2205/111/1148 2207/112/1148
f 2209/215/1149 2212/59/1149 2211/155/1149
f 2215/157/1150 2216/18/1150 2213/17/1150
f 2219/122/1151 2215/60/1151 2214/118/1151
f 2222/57/1152 2217/120/1152 2223/125/1152
f 2224/18/1153 2221/157/1153 2220/17/1153
f 2212/59/1154 2219/159/1154 2210/158/1154
f 2201/59/1155 2214/159/1155 2213/17/1155
f 2216/18/1156 2205/161/1156 2204/16/1156
f 2224/18/1157 2207/161/1157 2222/160/1157
f 2156/162/1103 2177/88/1103 2180/91/1103
f 2239/163/1158 2258/164/1158 2238/164/1158
f 2228/165/1159 2246/166/1159 2248/165/1159
f 2238/164/1160 2255/167/1160 2235/167/1160
f 2240/168/1161 2257/169/1161 2260/168/1161
f 2230/170/1162 2251/171/1162 2250/170/1162
f 2237/169/1163 2256/172/1163 2257/169/1163
f 2241/173/1164 2259/163/1164 2239/163/1164
f 2229/174/1165 2252/175/1165 2232/175/1165
f 2244/176/1 2247/177/1 2227/177/1
f 2242/178/1166 2260/168/1166 2262/178/1166
f 2262/180/1167 2263/189/1167 2264/176/1167
f 2260/168/1168 2261/173/1168 2262/178/1168
f 2257/169/1169 2259/163/1169 2260/168/1169
f 2254/182/1170 2255/167/1170 2256/172/1170
f 2252/184/1171 2253/181/1171 2254/182/1171
f 2249/174/1172 2251/171/1172 2252/175/1172
f 2245/190/1173 2248/165/1173 2246/166/1173
f 2246/187/1174 2249/174/1174 2245/186/1174
f 2247/177/1175 2263/189/1175 2248/188/1175
f 2256/172/1176 2258/164/1176 2257/169/1176
f 2227/185/1177 2245/190/1177 2225/190/1177
f 2234/182/1178 2256/172/1178 2236/172/1178
f 2230/170/1179 2246/187/1179 2226/187/1179
f 2233/181/1180 2255/167/1180 2253/181/1180
f 2244/176/1181 2262/180/1181 2264/176/1181
f 2229/174/1182 2245/186/1182 2249/174/1182
f 2232/184/1183 2254/182/1183 2234/182/1183
f 2243/189/1184 2261/179/1184 2241/179/1184
f 2243/189/3 2248/188/3 2263/189/3
f 2231/183/1185 2253/181/1185 2251/183/1185
f 2268/191/101 2265/192/101 2266/191/101
f 2269/193/81 2272/194/81 2270/194/81
f 2306/196/103 2272/194/103 2271/193/103
f 2306/196/107 2269/193/107 2307/197/107
f 2308/198/108 2272/194/108 2305/195/108
f 2307/197/106 2270/194/106 2308/198/106
f 2275/10/108 2274/199/108 2273/10/108
f 2278/199/107 2279/10/107 2277/10/107
f 2274/199/106 2280/199/106 2278/199/106
f 2274/199/105 2277/10/105 2273/10/105
f 2273/10/103 2279/10/103 2275/10/103
f 2275/10/104 2280/199/104 2276/199/104
f 2283/10/108 2282/199/108 2281/10/108
f 2286/199/107 2287/10/107 2285/10/107
f 2282/199/106 2288/199/106 2286/199/106
f 2282/199/105 2285/10/105 2281/10/105
f 2281/10/103 2287/10/103 2283/10/103
f 2283/10/104 2288/199/104 2284/199/104
f 2291/10/108 2290/199/108 2289/10/108
f 2294/199/107 2295/10/107 2293/10/107
f 2290/199/106 2296/199/106 2294/199/106
f 2290/199/105 2293/10/105 2289/10/105
f 2289/10/103 2295/10/103 2291/10/103
f 2291/10/104 2296/199/104 2292/199/104
f 2299/10/108 2298/199/108 2297/10/108
f 2302/199/107 2303/10/107 2301/10/107
f 2298/199/106 2304/199/106 2302/199/106
f 2298/199/105 2301/10/105 2297/10/105
f 2297/10/103 2303/10/103 2299/10/103
f 2299/10/104 2304/199/104 2300/199/104
f 2310/203/1186 2308/198/1186 2312/200/1186
f 2311/201/108 2308/198/108 2305/195/108
f 2309/202/107 2307/197/107 2310/203/107
f 2309/202/1187 2305/195/1187 2306/196/1187
f 2267/192/1188 2311/201/1188 2309/202/1188
f 2265/192/107 2309/202/107 2310/203/107
f 2266/191/108 2311/201/108 2268/191/108
f 2265/192/1189 2312/200/1189 2266/191/1189
f 2313/59/512 2328/18/512 2316/16/512
f 2315/53/1190 2331/54/1190 2326/55/1190
f 2317/56/1107 2334/57/1107 2319/58/1107
f 2324/59/393 2336/18/393 2332/17/393
f 2329/62/1108 2333/124/1108 2335/61/1108
f 2318/65/1109 2323/206/1109 2314/64/1109
f 2313/108/1191 2314/109/1191 2315/53/1191
f 2316/110/1126 2317/111/1126 2318/65/1126
f 2319/112/1192 2320/113/1192 2321/63/1192
f 2322/114/1193 2323/115/1193 2324/116/1193
f 2325/117/1129 2326/118/1129 2327/60/1129
f 2328/119/1130 2329/120/1130 2330/121/1130
f 2331/122/1194 2332/123/1194 2333/124/1194
f 2334/57/1195 2335/125/1195 2336/126/1195
f 2313/59/1146 2318/215/1146 2314/155/1146
f 2323/115/1147 2315/53/1147 2314/109/1147
f 2321/63/1148 2317/111/1148 2319/112/1148
f 2321/215/1196 2324/59/1196 2323/155/1196
f 2327/157/1150 2328/18/1150 2325/17/1150
f 2331/122/1151 2327/60/1151 2326/118/1151
f 2334/57/1152 2329/120/1152 2335/125/1152
f 2336/18/1197 2333/157/1197 2332/17/1197
f 2324/59/1154 2331/159/1154 2322/158/1154
f 2313/59/1155 2326/159/1155 2325/17/1155
f 2328/18/1198 2317/161/1198 2316/16/1198
f 2336/18/1157 2319/161/1157 2334/160/1157
f 2337/59/399 2352/18/399 2340/16/399
f 2339/53/1190 2355/54/1190 2350/55/1190
f 2341/56/1107 2358/57/1107 2343/58/1107
f 2348/59/498 2360/18/498 2356/17/498
f 2353/62/1108 2357/124/1108 2359/61/1108
f 2342/65/1109 2347/206/1109 2338/64/1109
f 2337/108/1199 2338/109/1199 2339/53/1199
f 2340/110/1200 2341/111/1200 2342/65/1200
f 2343/112/1192 2344/113/1192 2345/63/1192
f 2346/114/1193 2347/115/1193 2348/116/1193
f 2349/117/1201 2350/118/1201 2351/60/1201
f 2352/119/1202 2353/120/1202 2354/121/1202
f 2355/122/1203 2356/123/1203 2357/124/1203
f 2358/57/1132 2359/125/1132 2360/126/1132
f 2337/59/1204 2342/215/1204 2338/155/1204
f 2347/115/1147 2339/53/1147 2338/109/1147
f 2345/63/1148 2341/111/1148 2343/112/1148
f 2345/215/1205 2348/59/1205 2347/155/1205
f 2351/157/1150 2352/18/1150 2349/17/1150
f 2355/122/1206 2351/60/1206 2350/118/1206
f 2358/57/1152 2353/120/1152 2359/125/1152
f 2360/18/1207 2357/157/1207 2356/17/1207
f 2348/59/1154 2355/159/1154 2346/158/1154
f 2337/59/1155 2350/159/1155 2349/17/1155
f 2352/18/1156 2341/161/1156 2340/16/1156
f 2360/18/1157 2343/161/1157 2358/160/1157
f 2363/1/233 2361/2/233 2362/3/233
f 2398/127/1208 2414/6/1208 2391/4/1208
f 2410/131/1208 2426/9/1208 2403/7/1208
f 2365/10/213 2368/11/213 2366/12/213
f 2429/15/1209 2433/105/1209 2435/14/1209
f 2437/59/1208 2452/18/1208 2440/16/1208
f 2404/19/528 2425/20/528 2428/21/528
f 2394/24/1210 2399/204/1210 2390/23/1210
f 2417/27/1209 2421/96/1209 2423/26/1209
f 2361/28/526 2367/29/526 2365/30/526
f 2406/33/1210 2411/205/1210 2402/32/1210
f 2395/36/1211 2418/137/1211 2422/35/1211
f 2362/37/528 2368/38/528 2363/39/528
f 2407/42/1211 2430/141/1211 2434/41/1211
f 2396/43/526 2420/44/526 2400/45/526
f 2364/48/1211 2368/52/1211 2367/47/1211
f 2408/49/526 2432/50/526 2412/51/526
f 2361/48/1208 2366/52/1208 2362/46/1208
f 2439/53/1212 2455/54/1212 2450/55/1212
f 2441/56/1213 2458/57/1213 2443/58/1213
f 2448/59/1214 2460/18/1214 2456/17/1214
f 2453/62/1215 2457/124/1215 2459/61/1215
f 2442/65/1216 2447/206/1216 2438/64/1216
f 2380/66/1217 2384/67/1217 2371/68/1217
f 2374/69/1218 2387/70/1218 2386/71/1218
f 2389/72/1219 2390/23/1219 2391/73/1219
f 2392/74/1220 2393/75/1220 2394/24/1220
f 2395/76/1221 2396/43/1221 2397/77/1221
f 2398/78/1222 2399/79/1222 2400/45/1222
f 2401/80/1219 2402/32/1219 2403/81/1219
f 2404/82/1223 2405/83/1223 2406/33/1223
f 2407/84/1224 2408/49/1224 2409/85/1224
f 2410/86/1225 2411/87/1225 2412/51/1225
f 2413/88/1226 2414/89/1226 2415/90/1226
f 2416/91/1227 2417/92/1227 2418/93/1227
f 2419/94/1228 2420/95/1228 2421/96/1228
f 2422/97/1229 2423/26/1229 2424/98/1229
f 2425/20/1230 2426/99/1230 2427/100/1230
f 2428/21/1231 2429/101/1231 2430/102/1231
f 2431/103/1232 2432/104/1232 2433/105/1232
f 2434/106/1229 2435/14/1229 2436/107/1229
f 2437/108/1233 2438/109/1233 2439/53/1233
f 2440/110/1234 2441/111/1234 2442/65/1234
f 2443/112/1235 2444/113/1235 2445/63/1235
f 2446/114/1236 2447/115/1236 2448/116/1236
f 2449/117/1237 2450/118/1237 2451/60/1237
f 2452/119/1238 2453/120/1238 2454/121/1238
f 2455/122/1239 2456/123/1239 2457/124/1239
f 2458/57/1240 2459/125/1240 2460/126/1240
f 2389/72/177 2394/24/177 2390/23/177
f 2391/4/1241 2399/129/1241 2398/127/1241
f 2393/34/1242 2397/207/1242 2394/130/1242
f 2400/45/906 2397/77/906 2396/43/906
f 2401/80/179 2406/33/179 2402/32/179
f 2403/7/1241 2411/133/1241 2410/131/1241
f 2405/40/1243 2409/208/1243 2406/134/1243
f 2412/51/902 2409/85/902 2408/49/902
f 2415/90/910 2416/91/910 2413/88/910
f 2415/209/1244 2419/5/1244 2421/135/1244
f 2417/138/1245 2422/35/1245 2418/137/1245
f 2421/96/180 2424/98/180 2423/26/180
f 2427/100/1246 2428/21/1246 2425/20/1246
f 2427/210/1247 2431/8/1247 2433/139/1247
f 2429/142/1248 2434/41/1248 2430/141/1248
f 2433/105/180 2436/107/180 2435/14/180
f 2422/35/1249 2396/144/1249 2395/36/1249
f 2419/5/1250 2400/211/1250 2420/145/1250
f 2391/4/1251 2413/212/1251 2389/146/1251
f 2393/34/1252 2416/148/1252 2418/137/1252
f 2434/41/1253 2408/150/1253 2407/42/1253
f 2431/8/1250 2412/213/1250 2432/151/1250
f 2403/7/1251 2425/214/1251 2401/152/1251
f 2405/40/1252 2428/154/1252 2430/141/1252
f 2437/59/1254 2442/215/1254 2438/155/1254
f 2447/115/1255 2439/53/1255 2438/109/1255
f 2445/63/1256 2441/111/1256 2443/112/1256
f 2445/215/1257 2448/59/1257 2447/155/1257
f 2451/157/1258 2452/18/1258 2449/17/1258
f 2455/122/1259 2451/60/1259 2450/118/1259
f 2458/57/1260 2453/120/1260 2459/125/1260
f 2460/18/1261 2457/157/1261 2456/17/1261
f 2448/59/1262 2455/159/1262 2446/158/1262
f 2437/59/1263 2450/159/1263 2449/17/1263
f 2452/18/1264 2441/161/1264 2440/16/1264
f 2460/18/1265 2443/161/1265 2458/160/1265
f 2392/162/528 2413/88/528 2416/91/528
f 2475/163/1266 2494/164/1266 2474/164/1266
f 2464/165/1267 2482/166/1267 2484/165/1267
f 2474/164/1268 2491/167/1268 2471/167/1268
f 2476/168/1269 2493/169/1269 2496/168/1269
f 2466/170/1270 2487/171/1270 2486/170/1270
f 2473/169/1271 2492/172/1271 2493/169/1271
f 2477/173/1272 2495/163/1272 2475/163/1272
f 2465/174/1273 2488/175/1273 2468/175/1273
f 2480/176/1274 2483/177/1274 2463/177/1274
f 2478/178/1275 2496/168/1275 2498/178/1275
f 2498/180/1276 2499/189/1276 2500/176/1276
f 2496/168/1277 2497/173/1277 2498/178/1277
f 2493/169/1278 2495/163/1278 2496/168/1278
f 2490/182/1279 2491/167/1279 2492/172/1279
f 2488/184/1280 2489/181/1280 2490/182/1280
f 2485/174/1281 2487/171/1281 2488/175/1281
f 2481/190/1282 2484/165/1282 2482/166/1282
f 2482/187/1283 2485/174/1283 2481/186/1283
f 2483/177/1284 2499/189/1284 2484/188/1284
f 2492/172/1285 2494/164/1285 2493/169/1285
f 2463/185/1286 2481/190/1286 2461/190/1286
f 2470/182/1287 2492/172/1287 2472/172/1287
f 2466/170/610 2482/187/610 2462/187/610
f 2469/181/1288 2491/167/1288 2489/181/1288
f 2480/176/1289 2498/180/1289 2500/176/1289
f 2465/174/607 2481/186/607 2485/174/607
f 2468/184/1290 2490/182/1290 2470/182/1290
f 2479/189/1291 2497/179/1291 2477/179/1291
f 2479/189/137 2484/188/137 2499/189/137
f 2467/183/1292 2489/181/1292 2487/183/1292
f 2504/191/233 2501/192/233 2502/191/233
f 2505/193/213 2508/194/213 2506/194/213
f 2542/196/103 2508/194/103 2507/193/103
f 2542/196/237 2505/193/237 2543/197/237
f 2544/198/238 2508/194/238 2541/195/238
f 2543/197/106 2506/194/106 2544/198/106
f 2511/10/238 2510/199/238 2509/10/238
f 2514/199/237 2515/10/237 2513/10/237
f 2510/199/106 2516/199/106 2514/199/106
f 2510/199/236 2513/10/236 2509/10/236
f 2509/10/103 2515/10/103 2511/10/103
f 2511/10/235 2516/199/235 2512/199/235
f 2519/10/238 2518/199/238 2517/10/238
f 2522/199/237 2523/10/237 2521/10/237
f 2518/199/106 2524/199/106 2522/199/106
f 2518/199/236 2521/10/236 2517/10/236
f 2517/10/103 2523/10/103 2519/10/103
f 2519/10/235 2524/199/235 2520/199/235
f 2527/10/238 2526/199/238 2525/10/238
f 2530/199/237 2531/10/237 2529/10/237
f 2526/199/106 2532/199/106 2530/199/106
f 2526/199/236 2529/10/236 2525/10/236
f 2525/10/103 2531/10/103 2527/10/103
f 2527/10/235 2532/199/235 2528/199/235
f 2535/10/238 2534/199/238 2533/10/238
f 2538/199/237 2539/10/237 2537/10/237
f 2534/199/106 2540/199/106 2538/199/106
f 2534/199/236 2537/10/236 2533/10/236
f 2533/10/103 2539/10/103 2535/10/103
f 2535/10/235 2540/199/235 2536/199/235
f 2546/203/1293 2544/198/1293 2548/200/1293
f 2547/201/238 2544/198/238 2541/195/238
f 2545/202/237 2543/197/237 2546/203/237
f 2545/202/1294 2541/195/1294 2542/196/1294
f 2503/192/1295 2547/201/1295 2545/202/1295
f 2501/192/237 2545/202/237 2546/203/237
f 2502/191/238 2547/201/238 2504/191/238
f 2501/192/1296 2548/200/1296 2502/191/1296
f 2549/59/1208 2564/18/1208 2552/16/1208
f 2551/53/1297 2567/54/1297 2562/55/1297
f 2553/56/1213 2570/57/1213 2555/58/1213
f 2560/59/1211 2572/18/1211 2568/17/1211
f 2565/62/1215 2569/124/1215 2571/61/1215
f 2554/65/1216 2559/206/1216 2550/64/1216
f 2549/108/1233 2550/109/1233 2551/53/1233
f 2552/110/1298 2553/111/1298 2554/65/1298
f 2555/112/1235 2556/113/1235 2557/63/1235
f 2558/114/1299 2559/115/1299 2560/116/1299
f 2561/117/1237 2562/118/1237 2563/60/1237
f 2564/119/1238 2565/120/1238 2566/121/1238
f 2567/122/1239 2568/123/1239 2569/124/1239
f 2570/57/1300 2571/125/1300 2572/126/1300
f 2549/59/1254 2554/215/1254 2550/155/1254
f 2559/115/1255 2551/53/1255 2550/109/1255
f 2557/63/1256 2553/111/1256 2555/112/1256
f 2557/215/1301 2560/59/1301 2559/155/1301
f 2563/157/1302 2564/18/1302 2561/17/1302
f 2567/122/1259 2563/60/1259 2562/118/1259
f 2570/57/1260 2565/120/1260 2571/125/1260
f 2572/18/1303 2569/157/1303 2568/17/1303
f 2560/59/1304 2567/159/1304 2558/158/1304
f 2549/59/1263 2562/159/1263 2561/17/1263
f 2564/18/1305 2553/161/1305 2552/16/1305
f 2572/18/1306 2555/161/1306 2570/160/1306
f 2573/59/1208 2588/18/1208 2576/16/1208
f 2575/53/1212 2591/54/1212 2586/55/1212
f 2577/56/1213 2594/57/1213 2579/58/1213
f 2584/59/1211 2596/18/1211 2592/17/1211
f 2589/62/1215 2593/124/1215 2595/61/1215
f 2578/65/1216 2583/206/1216 2574/64/1216
f 2573/108/1233 2574/109/1233 2575/53/1233
f 2576/110/1307 2577/111/1307 2578/65/1307
f 2579/112/1308 2580/113/1308 2581/63/1308
f 2582/114/1309 2583/115/1309 2584/116/1309
f 2585/117/1237 2586/118/1237 2587/60/1237
f 2588/119/1310 2589/120/1310 2590/121/1310
f 2591/122/1311 2592/123/1311 2593/124/1311
f 2594/57/1300 2595/125/1300 2596/126/1300
f 2573/59/1312 2578/215/1312 2574/155/1312
f 2583/115/1313 2575/53/1313 2574/109/1313
f 2581/63/1314 2577/111/1314 2579/112/1314
f 2581/215/1257 2584/59/1257 2583/155/1257
f 2587/157/1302 2588/18/1302 2585/17/1302
f 2591/122/1259 2587/60/1259 2586/118/1259
f 2594/57/1260 2589/120/1260 2595/125/1260
f 2596/18/1261 2593/157/1261 2592/17/1261
f 2584/59/1315 2591/159/1315 2582/158/1315
f 2573/59/1263 2586/159/1263 2585/17/1263
f 2588/18/1316 2577/161/1316 2576/16/1316
f 2596/18/1265 2579/161/1265 2594/160/1265
f 3/1/1 4/216/1 1/2/1
f 31/4/2 38/127/2 59/5/2
f 43/7/2 50/131/2 71/8/2
f 5/10/3 7/199/3 8/11/3
f 67/13/4 73/105/4 75/14/4
f 80/16/1317 77/59/1317 89/17/1317
f 44/19/6 41/217/6 65/20/6
f 37/22/7 39/204/7 30/23/7
f 55/25/4 61/96/4 63/26/4
f 1/28/8 4/218/8 7/29/8
f 49/31/7 51/205/7 42/32/7
f 33/34/9 58/137/9 62/35/9
f 2/37/6 6/219/6 8/38/6
f 45/40/9 70/141/9 74/41/9
f 36/43/8 64/220/8 60/44/8
f 3/46/9 8/52/9 7/47/9
f 48/49/1318 76/221/1318 72/50/1318
f 2/46/2 1/48/2 5/47/2
f 79/53/762 86/114/762 95/54/762
f 81/56/1319 94/121/1319 98/57/1319
f 84/16/9 100/18/9 96/17/9
f 91/60/13 97/124/13 99/61/13
f 85/63/14 87/206/14 78/64/14
f 11/68/15 9/222/15 17/223/15
f 17/223/1320 19/224/1320 20/66/1320
f 20/66/1321 18/225/1321 21/226/1321
f 21/226/15 23/227/15 24/67/15
f 24/67/1320 22/228/1320 11/68/1320
f 11/68/15 17/223/15 20/66/15
f 20/66/15 21/226/15 24/67/15
f 26/71/1322 13/229/1322 15/230/1322
f 15/230/1323 16/231/1323 14/69/1323
f 14/69/16 10/232/16 12/233/16
f 12/233/1324 25/234/1324 27/70/1324
f 27/70/1325 28/235/1325 26/71/1325
f 26/71/16 15/230/16 14/69/16
f 14/69/16 12/233/16 27/70/16
f 29/72/41 32/74/41 34/24/41
f 38/127/42 31/4/42 30/128/42
f 35/36/1326 37/207/1326 34/130/1326
f 36/43/44 40/45/44 39/79/44
f 41/80/41 44/82/41 46/33/41
f 50/131/1327 43/7/1327 42/132/1327
f 47/42/1328 49/208/1328 46/134/1328
f 48/49/44 52/51/44 51/87/44
f 57/92/49 56/91/49 53/88/49
f 61/135/1329 55/209/1329 54/6/1329
f 63/136/1330 62/35/1330 58/137/1330
f 61/96/52 60/95/52 64/98/52
f 69/101/1331 68/21/1331 65/20/1331
f 73/139/1332 67/210/1332 66/9/1332
f 75/140/1333 74/41/1333 70/141/1333
f 73/105/52 72/104/52 76/107/52
f 35/36/55 62/35/55 64/143/55
f 38/127/59 40/211/59 60/145/59
f 54/6/60 53/212/60 29/146/60
f 58/137/1334 33/34/1334 32/147/1334
f 47/42/1335 74/41/1335 76/149/1335
f 50/131/56 52/213/56 72/151/56
f 66/9/57 65/214/57 41/152/57
f 70/141/1336 45/40/1336 44/153/1336
f 80/16/1337 82/215/1337 78/155/1337
f 78/109/1338 87/115/1338 86/114/1338
f 85/63/1339 82/65/1339 81/111/1339
f 87/155/1340 85/215/1340 84/16/1340
f 93/156/1341 92/18/1341 89/17/1341
f 95/122/1342 97/124/1342 91/60/1342
f 94/121/1343 93/120/1343 99/125/1343
f 96/17/1344 100/18/1344 99/156/1344
f 96/17/1345 95/159/1345 86/158/1345
f 89/17/1346 77/59/1346 79/158/1346
f 80/16/71 92/18/71 94/160/71
f 84/16/1347 83/161/1347 98/160/1347
f 32/162/6 29/236/6 53/88/6
f 115/163/1348 135/163/1348 134/164/1348
f 104/165/1349 102/166/1349 122/166/1349
f 114/164/1350 134/164/1350 131/167/1350
f 116/168/1351 113/169/1351 133/169/1351
f 106/170/1352 107/171/1352 127/171/1352
f 113/169/1353 112/172/1353 132/172/1353
f 117/173/1354 137/173/1354 135/163/1354
f 105/174/1355 125/174/1355 128/175/1355
f 120/176/81 140/176/81 123/177/81
f 118/178/1356 116/168/1356 136/168/1356
f 137/179/83 139/189/83 140/176/83
f 135/163/84 137/173/84 138/178/84
f 134/164/1357 135/163/1357 136/168/1357
f 129/181/86 131/167/86 132/172/86
f 127/183/87 129/181/87 130/182/87
f 126/170/88 127/171/88 128/175/88
f 122/166/1358 121/190/1358 123/185/1358
f 126/170/1359 125/174/1359 121/186/1359
f 124/188/1360 123/177/1360 140/176/1360
f 131/167/92 134/164/92 133/169/92
f 103/185/1361 123/185/1361 121/190/1361
f 110/182/1362 130/182/1362 132/172/1362
f 106/170/843 126/170/843 122/187/843
f 109/181/1363 111/167/1363 131/167/1363
f 120/176/1364 118/180/1364 138/180/1364
f 105/174/840 101/186/840 121/186/840
f 108/184/1365 128/184/1365 130/182/1365
f 119/189/1366 139/189/1366 137/179/1366
f 119/189/101 104/188/101 124/188/101
f 107/183/1367 109/181/1367 129/181/1367
f 144/191/1 143/192/1 141/192/1
f 145/193/3 147/193/3 148/194/3
f 181/195/103 148/194/103 147/193/103
f 182/196/104 147/193/104 145/193/104
f 184/198/105 146/194/105 148/194/105
f 184/198/106 183/197/106 145/193/106
f 151/10/105 152/199/105 150/199/105
f 154/199/104 156/199/104 155/10/104
f 152/199/106 156/199/106 154/199/106
f 150/199/107 154/199/107 153/10/107
f 151/10/103 149/10/103 153/10/103
f 151/10/108 155/10/108 156/199/108
f 159/10/105 160/199/105 158/199/105
f 162/199/104 164/199/104 163/10/104
f 160/199/106 164/199/106 162/199/106
f 158/199/107 162/199/107 161/10/107
f 159/10/103 157/10/103 161/10/103
f 159/10/108 163/10/108 164/199/108
f 167/10/105 168/199/105 166/199/105
f 170/199/104 172/199/104 171/10/104
f 168/199/106 172/199/106 170/199/106
f 166/199/107 170/199/107 169/10/107
f 167/10/103 165/10/103 169/10/103
f 167/10/108 171/10/108 172/199/108
f 175/10/105 176/199/105 174/199/105
f 178/199/104 180/199/104 179/10/104
f 176/199/106 180/199/106 178/199/106
f 174/199/107 178/199/107 177/10/107
f 175/10/103 173/10/103 177/10/103
f 175/10/108 179/10/108 180/199/108
f 188/200/109 186/203/109 183/197/109
f 187/201/105 188/200/105 184/198/105
f 185/202/104 182/196/104 183/197/104
f 187/201/110 181/195/110 182/196/110
f 144/191/111 187/201/111 185/202/111
f 141/192/104 143/192/104 185/202/104
f 142/191/105 188/200/105 187/201/105
f 142/191/112 141/192/112 186/203/112
f 192/16/1317 189/59/1317 201/17/1317
f 191/53/762 198/114/762 207/54/762
f 193/56/761 206/121/761 210/57/761
f 196/16/9 212/18/9 208/17/9
f 203/60/13 209/124/13 211/61/13
f 197/63/14 199/206/14 190/64/14
f 192/16/1337 194/215/1337 190/155/1337
f 190/109/1368 199/115/1368 198/114/1368
f 197/63/1339 194/65/1339 193/111/1339
f 199/155/1369 197/215/1369 196/16/1369
f 205/156/1341 204/18/1341 201/17/1341
f 207/122/1342 209/124/1342 203/60/1342
f 206/121/1343 205/120/1343 211/125/1343
f 208/17/1370 212/18/1370 211/156/1370
f 208/17/125 207/159/125 198/158/125
f 201/17/1371 189/59/1371 191/158/1371
f 192/16/71 204/18/71 206/160/71
f 196/16/1372 195/161/1372 210/160/1372
f 216/16/1317 213/59/1317 225/17/1317
f 215/53/762 222/114/762 231/54/762
f 217/56/761 230/121/761 234/57/761
f 220/16/1373 236/18/1373 232/17/1373
f 227/60/13 233/124/13 235/61/13
f 221/63/14 223/206/14 214/64/14
f 216/16/1374 218/215/1374 214/155/1374
f 214/109/1368 223/115/1368 222/114/1368
f 221/63/1339 218/65/1339 217/111/1339
f 223/155/1375 221/215/1375 220/16/1375
f 229/156/1341 228/18/1341 225/17/1341
f 231/122/1342 233/124/1342 227/60/1342
f 230/121/1376 229/120/1376 235/125/1376
f 232/17/1344 236/18/1344 235/156/1344
f 232/17/1345 231/159/1345 222/158/1345
f 225/17/1346 213/59/1346 215/158/1346
f 216/16/1377 228/18/1377 230/160/1377
f 220/16/1378 219/161/1378 234/160/1378
f 239/1/135 240/216/135 237/2/135
f 267/4/136 274/127/136 295/5/136
f 279/7/136 286/131/136 307/8/136
f 241/10/137 243/199/137 244/11/137
f 303/13/138 309/105/138 311/14/138
f 316/16/1379 313/59/1379 325/17/1379
f 280/19/139 277/217/139 301/20/139
f 273/22/140 275/204/140 266/23/140
f 291/25/138 297/96/138 299/26/138
f 237/28/141 240/218/141 243/29/141
f 285/31/140 287/205/140 278/32/140
f 269/34/142 294/137/142 298/35/142
f 238/37/139 242/219/139 244/38/139
f 281/40/142 306/141/142 310/41/142
f 272/43/141 300/220/141 296/44/141
f 239/46/142 244/52/142 243/47/142
f 284/49/141 312/221/141 308/50/141
f 238/46/136 237/48/136 241/47/136
f 315/53/1380 322/114/1380 331/54/1380
f 317/56/1381 330/121/1381 334/57/1381
f 320/16/142 336/18/142 332/17/142
f 327/60/146 333/124/146 335/61/146
f 321/63/147 323/206/147 314/64/147
f 247/68/1382 245/222/1382 253/223/1382
f 253/223/1382 255/224/1382 256/66/1382
f 256/66/1383 254/225/1383 257/226/1383
f 257/226/1383 259/227/1383 260/67/1383
f 260/67/1382 258/228/1382 247/68/1382
f 247/68/1382 253/223/1382 256/66/1382
f 256/66/1382 257/226/1382 260/67/1382
f 262/71/1384 249/229/1384 251/230/1384
f 251/230/1385 252/231/1385 250/69/1385
f 250/69/149 246/232/149 248/233/149
f 248/233/149 261/234/149 263/70/149
f 263/70/149 264/235/149 262/71/149
f 262/71/149 251/230/149 250/69/149
f 250/69/149 248/233/149 263/70/149
f 265/72/1386 268/74/1386 270/24/1386
f 274/127/1387 267/4/1387 266/128/1387
f 271/36/178 273/207/178 270/130/178
f 272/43/179 276/45/179 275/79/179
f 277/80/1386 280/82/1386 282/33/1386
f 286/131/1388 279/7/1388 278/132/1388
f 283/42/178 285/208/178 282/134/178
f 284/49/177 288/51/177 287/87/177
f 293/92/184 292/91/184 289/88/184
f 297/135/181 291/209/181 290/6/181
f 299/136/1389 298/35/1389 294/137/1389
f 297/96/562 296/95/562 300/98/562
f 305/101/180 304/21/180 301/20/180
f 309/139/185 303/210/185 302/9/185
f 311/140/182 310/41/182 306/141/182
f 309/105/183 308/104/183 312/107/183
f 271/36/1390 298/35/1390 300/143/1390
f 274/127/1391 276/211/1391 296/145/1391
f 290/6/188 289/212/188 265/146/188
f 294/137/189 269/34/189 268/147/189
f 283/42/1390 310/41/1390 312/149/1390
f 286/131/1391 288/213/1391 308/151/1391
f 302/9/192 301/214/192 277/152/192
f 306/141/1392 281/40/1392 280/153/1392
f 316/16/1393 318/215/1393 314/155/1393
f 323/115/1394 322/114/1394 315/53/1394
f 321/63/1395 318/65/1395 317/111/1395
f 323/155/1396 321/215/1396 320/16/1396
f 329/156/1397 328/18/1397 325/17/1397
f 331/122/1398 333/124/1398 327/60/1398
f 334/57/1399 330/121/1399 329/120/1399
f 332/17/1400 336/18/1400 335/156/1400
f 332/17/1401 331/159/1401 322/158/1401
f 325/17/1402 313/59/1402 315/158/1402
f 316/16/1403 328/18/1403 330/160/1403
f 320/16/1404 319/161/1404 334/160/1404
f 268/162/139 265/236/139 289/88/139
f 351/163/1405 371/163/1405 370/164/1405
f 340/165/1406 338/166/1406 358/166/1406
f 350/164/1407 370/164/1407 367/167/1407
f 352/168/1408 349/169/1408 369/169/1408
f 343/171/1409 363/171/1409 362/170/1409
f 349/169/1410 348/172/1410 368/172/1410
f 351/163/1411 353/173/1411 373/173/1411
f 344/175/1412 341/174/1412 361/174/1412
f 339/177/213 356/176/213 376/176/213
f 352/168/1413 372/168/1413 374/178/1413
f 373/179/1414 375/189/1414 376/176/1414
f 371/163/1415 373/173/1415 374/178/1415
f 370/164/1416 371/163/1416 372/168/1416
f 365/181/218 367/167/218 368/172/218
f 363/183/1417 365/181/1417 366/182/1417
f 362/170/1418 363/171/1418 364/175/1418
f 358/166/221 357/190/221 359/185/221
f 362/170/1419 361/174/1419 357/186/1419
f 360/188/1420 359/177/1420 376/176/1420
f 367/167/1421 370/164/1421 369/169/1421
f 339/185/1422 359/185/1422 357/190/1422
f 346/182/1423 366/182/1423 368/172/1423
f 338/187/227 342/170/227 362/170/227
f 345/181/1424 347/167/1424 367/167/1424
f 354/180/1425 374/180/1425 376/176/1425
f 337/186/230 357/186/230 361/174/230
f 346/182/1426 344/184/1426 364/184/1426
f 353/179/1427 355/189/1427 375/189/1427
f 340/188/233 360/188/233 375/189/233
f 345/181/1428 365/181/1428 363/183/1428
f 380/191/135 379/192/135 377/192/135
f 381/193/137 383/193/137 384/194/137
f 417/195/103 384/194/103 383/193/103
f 418/196/235 383/193/235 381/193/235
f 420/198/236 382/194/236 384/194/236
f 420/198/106 419/197/106 381/193/106
f 387/10/236 388/199/236 386/199/236
f 390/199/235 392/199/235 391/10/235
f 388/199/106 392/199/106 390/199/106
f 386/199/237 390/199/237 389/10/237
f 387/10/103 385/10/103 389/10/103
f 387/10/238 391/10/238 392/199/238
f 395/10/236 396/199/236 394/199/236
f 398/199/235 400/199/235 399/10/235
f 396/199/106 400/199/106 398/199/106
f 394/199/237 398/199/237 397/10/237
f 395/10/103 393/10/103 397/10/103
f 395/10/238 399/10/238 400/199/238
f 403/10/236 404/199/236 402/199/236
f 406/199/235 408/199/235 407/10/235
f 404/199/106 408/199/106 406/199/106
f 402/199/237 406/199/237 405/10/237
f 403/10/103 401/10/103 405/10/103
f 403/10/238 407/10/238 408/199/238
f 411/10/236 412/199/236 410/199/236
f 414/199/235 416/199/235 415/10/235
f 412/199/106 416/199/106 414/199/106
f 410/199/237 414/199/237 413/10/237
f 411/10/103 409/10/103 413/10/103
f 411/10/238 415/10/238 416/199/238
f 424/200/239 422/203/239 419/197/239
f 423/201/236 424/200/236 420/198/236
f 421/202/235 418/196/235 419/197/235
f 423/201/240 417/195/240 418/196/240
f 380/191/241 423/201/241 421/202/241
f 377/192/235 379/192/235 421/202/235
f 378/191/236 424/200/236 423/201/236
f 378/191/242 377/192/242 422/203/242
f 428/16/1379 425/59/1379 437/17/1379
f 427/53/1380 434/114/1380 443/54/1380
f 429/56/1381 442/121/1381 446/57/1381
f 432/16/142 448/18/142 444/17/142
f 439/60/146 445/124/146 447/61/146
f 433/63/147 435/206/147 426/64/147
f 428/16/1393 430/215/1393 426/155/1393
f 435/115/1394 434/114/1394 427/53/1394
f 433/63/1395 430/65/1395 429/111/1395
f 435/155/1429 433/215/1429 432/16/1429
f 441/156/1397 440/18/1397 437/17/1397
f 443/122/1398 445/124/1398 439/60/1398
f 446/57/1399 442/121/1399 441/120/1399
f 444/17/1430 448/18/1430 447/156/1430
f 444/17/201 443/159/201 434/158/201
f 437/17/1431 425/59/1431 427/158/1431
f 428/16/1403 440/18/1403 442/160/1403
f 432/16/1404 431/161/1404 446/160/1404
f 452/16/136 449/59/136 461/17/136
f 451/53/1380 458/114/1380 467/54/1380
f 453/56/1381 466/121/1381 470/57/1381
f 456/16/1432 472/18/1432 468/17/1432
f 463/60/146 469/124/146 471/61/146
f 457/63/147 459/206/147 450/64/147
f 452/16/1433 454/215/1433 450/155/1433
f 459/115/1394 458/114/1394 451/53/1394
f 457/63/1395 454/65/1395 453/111/1395
f 459/155/1396 457/215/1396 456/16/1396
f 465/156/1397 464/18/1397 461/17/1397
f 467/122/1398 469/124/1398 463/60/1398
f 470/57/1399 466/121/1399 465/120/1399
f 468/17/1400 472/18/1400 471/156/1400
f 468/17/1401 467/159/1401 458/158/1401
f 461/17/1434 449/59/1434 451/158/1434
f 452/16/1435 464/18/1435 466/160/1435
f 456/16/1436 455/161/1436 470/160/1436
f 475/1/260 476/216/260 473/2/260
f 510/127/261 531/5/261 526/6/261
f 522/131/261 543/8/261 538/9/261
f 477/10/262 479/199/262 480/11/262
f 541/15/263 539/13/263 545/105/263
f 549/59/261 561/17/261 564/18/261
f 516/19/264 513/217/264 537/20/264
f 506/24/265 509/22/265 511/204/265
f 529/27/263 527/25/263 533/96/263
f 473/28/266 476/218/266 479/29/266
f 518/33/265 521/31/265 523/205/265
f 507/36/267 505/34/267 530/137/267
f 474/37/264 478/219/264 480/38/264
f 519/42/267 517/40/267 542/141/267
f 508/43/266 536/220/266 532/44/266
f 476/48/267 475/46/267 480/52/267
f 520/49/266 548/221/266 544/50/266
f 473/48/261 477/47/261 478/52/261
f 551/53/1437 558/114/1437 567/54/1437
f 553/56/1438 566/121/1438 570/57/1438
f 560/59/267 556/16/267 572/18/267
f 565/62/369 563/60/369 569/124/369
f 554/65/1439 557/63/1439 559/206/1439
f 483/68/272 481/222/272 489/223/272
f 489/223/1440 491/224/1440 492/66/1440
f 492/66/1441 490/225/1441 493/226/1441
f 493/226/272 495/227/272 496/67/272
f 496/67/1442 494/228/1442 483/68/1442
f 483/68/272 489/223/272 492/66/272
f 492/66/272 493/226/272 496/67/272
f 498/71/1443 485/229/1443 487/230/1443
f 487/230/1444 488/231/1444 486/69/1444
f 486/69/273 482/232/273 484/233/273
f 484/233/273 497/234/273 499/70/273
f 499/70/273 500/235/273 498/71/273
f 498/71/273 487/230/273 486/69/273
f 486/69/273 484/233/273 499/70/273
f 504/74/297 506/24/297 502/23/297
f 503/4/302 502/128/302 511/129/302
f 505/34/1445 507/36/1445 509/207/1445
f 512/45/304 511/79/304 509/77/304
f 516/82/297 518/33/297 514/32/297
f 515/7/1446 514/132/1446 523/133/1446
f 517/40/1445 519/42/1445 521/208/1445
f 524/51/304 523/87/304 521/85/304
f 527/90/305 529/92/305 528/91/305
f 527/209/1447 526/6/1447 531/5/1447
f 529/138/1448 535/136/1448 534/35/1448
f 535/26/308 533/96/308 532/95/308
f 539/100/305 541/101/305 540/21/305
f 539/210/306 538/9/306 543/8/306
f 541/142/1449 547/140/1449 546/41/1449
f 547/14/1450 545/105/1450 544/104/1450
f 534/35/312 536/143/312 508/144/312
f 531/5/1451 510/127/1451 512/211/1451
f 503/4/314 526/6/314 525/212/314
f 505/34/1452 504/147/1452 528/148/1452
f 546/41/312 548/149/312 520/150/312
f 543/8/1453 522/131/1453 524/213/1453
f 515/7/314 538/9/314 537/214/314
f 517/40/315 516/153/315 540/154/315
f 549/59/1454 552/16/1454 554/215/1454
f 559/115/1455 558/114/1455 551/53/1455
f 554/65/1456 553/111/1456 555/112/1456
f 557/215/1457 556/16/1457 560/59/1457
f 563/157/1458 565/156/1458 564/18/1458
f 562/118/1459 567/122/1459 569/124/1459
f 570/57/1460 566/121/1460 565/120/1460
f 572/18/1461 571/156/1461 569/157/1461
f 560/59/1462 568/17/1462 567/159/1462
f 549/59/1463 551/158/1463 562/159/1463
f 564/18/1464 566/160/1464 553/161/1464
f 572/18/1465 556/16/1465 555/161/1465
f 504/162/264 501/236/264 525/88/264
f 587/163/1466 607/163/1466 606/164/1466
f 576/165/1467 574/166/1467 594/166/1467
f 586/164/1468 606/164/1468 603/167/1468
f 588/168/1469 585/169/1469 605/169/1469
f 578/170/1470 579/171/1470 599/171/1470
f 585/169/1471 584/172/1471 604/172/1471
f 589/173/1472 609/173/1472 607/163/1472
f 577/174/1473 597/174/1473 600/175/1473
f 592/176/338 612/176/338 595/177/338
f 590/178/1474 588/168/1474 608/168/1474
f 610/180/1475 609/179/1475 611/189/1475
f 608/168/341 607/163/341 609/173/341
f 605/169/1476 606/164/1476 607/163/1476
f 602/182/343 601/181/343 603/167/343
f 600/184/1477 599/183/1477 601/181/1477
f 597/174/345 598/170/345 599/171/345
f 593/190/1478 595/185/1478 596/165/1478
f 594/187/1479 598/170/1479 597/174/1479
f 595/177/1480 612/176/1480 611/189/1480
f 604/172/349 603/167/349 606/164/349
f 575/185/1481 595/185/1481 593/190/1481
f 582/182/1482 602/182/1482 604/172/1482
f 578/170/1068 598/170/1068 594/187/1068
f 581/181/1483 583/167/1483 603/167/1483
f 592/176/1484 590/180/1484 610/180/1484
f 577/174/1485 573/186/1485 593/186/1485
f 580/184/1486 600/184/1486 602/182/1486
f 591/189/1487 611/189/1487 609/179/1487
f 591/189/358 576/188/358 596/188/358
f 579/183/1488 581/181/1488 601/181/1488
f 616/191/1489 615/192/1489 613/192/1489
f 617/193/1490 619/193/1490 620/194/1490
f 654/196/103 653/195/103 620/194/103
f 654/196/360 619/193/360 617/193/360
f 656/198/361 618/194/361 620/194/361
f 655/197/106 617/193/106 618/194/106
f 623/10/361 624/199/361 622/199/361
f 626/199/360 628/199/360 627/10/360
f 622/199/106 624/199/106 628/199/106
f 622/199/362 626/199/362 625/10/362
f 621/10/103 625/10/103 627/10/103
f 623/10/363 627/10/363 628/199/363
f 631/10/361 632/199/361 630/199/361
f 634/199/360 636/199/360 635/10/360
f 630/199/106 632/199/106 636/199/106
f 630/199/362 634/199/362 633/10/362
f 629/10/103 633/10/103 635/10/103
f 631/10/363 635/10/363 636/199/363
f 639/10/361 640/199/361 638/199/361
f 642/199/360 644/199/360 643/10/360
f 638/199/106 640/199/106 644/199/106
f 638/199/362 642/199/362 641/10/362
f 637/10/103 641/10/103 643/10/103
f 639/10/363 643/10/363 644/199/363
f 647/10/361 648/199/361 646/199/361
f 650/199/360 652/199/360 651/10/360
f 646/199/106 648/199/106 652/199/106
f 646/199/362 650/199/362 649/10/362
f 645/10/103 649/10/103 651/10/103
f 647/10/363 651/10/363 652/199/363
f 658/203/364 655/197/364 656/198/364
f 659/201/361 660/200/361 656/198/361
f 657/202/360 654/196/360 655/197/360
f 657/202/1491 659/201/1491 653/195/1491
f 615/192/366 616/191/366 659/201/366
f 613/192/360 615/192/360 657/202/360
f 614/191/361 660/200/361 659/201/361
f 613/192/367 658/203/367 660/200/367
f 661/59/261 673/17/261 676/18/261
f 663/53/1437 670/114/1437 679/54/1437
f 665/56/1438 678/121/1438 682/57/1438
f 672/59/267 668/16/267 684/18/267
f 677/62/270 675/60/270 681/124/270
f 666/65/271 669/63/271 671/206/271
f 661/59/1492 664/16/1492 666/215/1492
f 671/115/1493 670/114/1493 663/53/1493
f 666/65/1494 665/111/1494 667/112/1494
f 669/215/1457 668/16/1457 672/59/1457
f 675/157/1458 677/156/1458 676/18/1458
f 674/118/1459 679/122/1459 681/124/1459
f 682/57/1460 678/121/1460 677/120/1460
f 684/18/1495 683/156/1495 681/157/1495
f 672/59/1462 680/17/1462 679/159/1462
f 661/59/1463 663/158/1463 674/159/1463
f 676/18/1496 678/160/1496 665/161/1496
f 684/18/1465 668/16/1465 667/161/1465
f 685/59/261 697/17/261 700/18/261
f 687/53/1437 694/114/1437 703/54/1437
f 689/56/1438 702/121/1438 706/57/1438
f 696/59/267 692/16/267 708/18/267
f 701/62/369 699/60/369 705/124/369
f 690/65/271 693/63/271 695/206/271
f 685/59/1497 688/16/1497 690/215/1497
f 695/115/1455 694/114/1455 687/53/1455
f 690/65/1494 689/111/1494 691/112/1494
f 693/215/1498 692/16/1498 696/59/1498
f 699/157/1458 701/156/1458 700/18/1458
f 698/118/1459 703/122/1459 705/124/1459
f 706/57/1460 702/121/1460 701/120/1460
f 708/18/1495 707/156/1495 705/157/1495
f 696/59/1499 704/17/1499 703/159/1499
f 685/59/1463 687/158/1463 698/159/1463
f 700/18/1500 702/160/1500 689/161/1500
f 708/18/1501 692/16/1501 691/161/1501
f 711/1/392 712/216/392 709/2/392
f 739/4/393 746/127/393 767/5/393
f 751/7/393 758/131/393 779/8/393
f 713/10/394 715/199/394 716/11/394
f 775/13/395 781/105/395 783/14/395
f 788/16/393 785/59/393 797/17/393
f 752/19/396 749/217/396 773/20/396
f 745/22/397 747/204/397 738/23/397
f 763/25/395 769/96/395 771/26/395
f 709/28/398 712/218/398 715/29/398
f 757/31/397 759/205/397 750/32/397
f 741/34/399 766/137/399 770/35/399
f 710/37/396 714/219/396 716/38/396
f 753/40/399 778/141/399 782/41/399
f 744/43/398 772/220/398 768/44/398
f 711/46/399 716/52/399 715/47/399
f 756/49/398 784/221/398 780/50/398
f 710/46/393 709/48/393 713/47/393
f 787/53/1502 794/114/1502 803/54/1502
f 789/56/1503 802/121/1503 806/57/1503
f 792/16/1504 808/18/1504 804/17/1504
f 799/60/402 805/124/402 807/61/402
f 793/63/403 795/206/403 786/64/403
f 719/68/404 717/222/404 725/223/404
f 725/223/1505 727/224/1505 728/66/1505
f 728/66/1506 726/225/1506 729/226/1506
f 729/226/1505 731/227/1505 732/67/1505
f 732/67/1505 730/228/1505 719/68/1505
f 719/68/404 725/223/404 728/66/404
f 728/66/404 729/226/404 732/67/404
f 734/71/1507 721/229/1507 723/230/1507
f 723/230/1507 724/231/1507 722/69/1507
f 722/69/405 718/232/405 720/233/405
f 720/233/1508 733/234/1508 735/70/1508
f 735/70/1509 736/235/1509 734/71/1509
f 734/71/405 723/230/405 722/69/405
f 722/69/405 720/233/405 735/70/405
f 737/72/428 740/74/428 742/24/428
f 746/127/1510 739/4/1510 738/128/1510
f 743/36/1511 745/207/1511 742/130/1511
f 748/45/1512 747/79/1512 745/77/1512
f 749/80/432 752/82/432 754/33/432
f 758/131/429 751/7/429 750/132/429
f 755/42/1513 757/208/1513 754/134/1513
f 760/51/431 759/87/431 757/85/431
f 763/90/1514 765/92/1514 764/91/1514
f 769/135/1515 763/209/1515 762/6/1515
f 771/136/1516 770/35/1516 766/137/1516
f 769/96/438 768/95/438 772/98/438
f 775/100/1517 777/101/1517 776/21/1517
f 781/139/1515 775/210/1515 774/9/1515
f 783/140/437 782/41/437 778/141/437
f 781/105/440 780/104/440 784/107/440
f 743/36/441 770/35/441 772/143/441
f 746/127/1518 748/211/1518 768/145/1518
f 762/6/443 761/212/443 737/146/443
f 766/137/1519 741/34/1519 740/147/1519
f 755/42/441 782/41/441 784/149/441
f 758/131/1520 760/213/1520 780/151/1520
f 774/9/1521 773/214/1521 749/152/1521
f 778/141/1519 753/40/1519 752/153/1519
f 788/16/1522 790/215/1522 786/155/1522
f 795/115/1523 794/114/1523 787/53/1523
f 793/63/1524 790/65/1524 789/111/1524
f 795/155/1525 793/215/1525 792/16/1525
f 801/156/1526 800/18/1526 797/17/1526
f 803/122/1527 805/124/1527 799/60/1527
f 806/57/1528 802/121/1528 801/120/1528
f 804/17/1529 808/18/1529 807/156/1529
f 804/17/1530 803/159/1530 794/158/1530
f 797/17/1531 785/59/1531 787/158/1531
f 788/16/458 800/18/458 802/160/458
f 792/16/1532 791/161/1532 806/160/1532
f 740/162/396 737/236/396 761/88/396
f 823/163/1533 843/163/1533 842/164/1533
f 812/165/1534 810/166/1534 830/166/1534
f 822/164/1535 842/164/1535 839/167/1535
f 824/168/1536 821/169/1536 841/169/1536
f 814/170/1537 815/171/1537 835/171/1537
f 821/169/1538 820/172/1538 840/172/1538
f 825/173/1539 845/173/1539 843/163/1539
f 813/174/1540 833/174/1540 836/175/1540
f 828/176/1541 848/176/1541 831/177/1541
f 826/178/1542 824/168/1542 844/168/1542
f 845/179/470 847/189/470 848/176/470
f 843/163/1543 845/173/1543 846/178/1543
f 842/164/1544 843/163/1544 844/168/1544
f 837/181/473 839/167/473 840/172/473
f 835/183/1545 837/181/1545 838/182/1545
f 834/170/475 835/171/475 836/175/475
f 830/166/1546 829/190/1546 831/185/1546
f 834/170/1547 833/174/1547 829/186/1547
f 832/188/1548 831/177/1548 848/176/1548
f 839/167/479 842/164/479 841/169/479
f 811/185/1549 831/185/1549 829/190/1549
f 818/182/1550 838/182/1550 840/172/1550
f 814/170/482 834/170/482 830/187/482
f 817/181/1551 819/167/1551 839/167/1551
f 828/176/1552 826/180/1552 846/180/1552
f 813/174/1553 809/186/1553 829/186/1553
f 816/184/1554 836/184/1554 838/182/1554
f 827/189/1555 847/189/1555 845/179/1555
f 827/189/488 812/188/488 832/188/488
f 815/183/1556 817/181/1556 837/181/1556
f 852/191/392 851/192/392 849/192/392
f 853/193/394 855/193/394 856/194/394
f 889/195/106 856/194/106 855/193/106
f 890/196/490 855/193/490 853/193/490
f 892/198/491 854/194/491 856/194/491
f 892/198/103 891/197/103 853/193/103
f 859/10/491 860/199/491 858/199/491
f 862/199/490 864/199/490 863/10/490
f 860/199/103 864/199/103 862/199/103
f 858/199/492 862/199/492 861/10/492
f 859/10/106 857/10/106 861/10/106
f 859/10/493 863/10/493 864/199/493
f 867/10/491 868/199/491 866/199/491
f 870/199/490 872/199/490 871/10/490
f 868/199/103 872/199/103 870/199/103
f 866/199/492 870/199/492 869/10/492
f 867/10/106 865/10/106 869/10/106
f 867/10/493 871/10/493 872/199/493
f 875/10/491 876/199/491 874/199/491
f 878/199/490 880/199/490 879/10/490
f 876/199/103 880/199/103 878/199/103
f 874/199/492 878/199/492 877/10/492
f 875/10/106 873/10/106 877/10/106
f 875/10/493 879/10/493 880/199/493
f 883/10/491 884/199/491 882/199/491
f 886/199/490 888/199/490 887/10/490
f 884/199/103 888/199/103 886/199/103
f 882/199/492 886/199/492 885/10/492
f 883/10/106 881/10/106 885/10/106
f 883/10/493 887/10/493 888/199/493
f 896/200/494 894/203/494 891/197/494
f 895/201/491 896/200/491 892/198/491
f 893/202/490 890/196/490 891/197/490
f 895/201/495 889/195/495 890/196/495
f 852/191/496 895/201/496 893/202/496
f 849/192/490 851/192/490 893/202/490
f 850/191/491 896/200/491 895/201/491
f 850/191/497 849/192/497 894/203/497
f 900/16/1557 897/59/1557 909/17/1557
f 899/53/1502 906/114/1502 915/54/1502
f 901/56/1503 914/121/1503 918/57/1503
f 904/16/1504 920/18/1504 916/17/1504
f 911/60/402 917/124/402 919/61/402
f 905/63/403 907/206/403 898/64/403
f 900/16/1558 902/215/1558 898/155/1558
f 907/115/1523 906/114/1523 899/53/1523
f 905/63/1524 902/65/1524 901/111/1524
f 907/155/1559 905/215/1559 904/16/1559
f 913/156/1560 912/18/1560 909/17/1560
f 915/122/1527 917/124/1527 911/60/1527
f 918/57/1561 914/121/1561 913/120/1561
f 916/17/1562 920/18/1562 919/156/1562
f 916/17/1563 915/159/1563 906/158/1563
f 909/17/1564 897/59/1564 899/158/1564
f 900/16/1565 912/18/1565 914/160/1565
f 904/16/1566 903/161/1566 918/160/1566
f 924/16/393 921/59/393 933/17/393
f 923/53/1502 930/114/1502 939/54/1502
f 925/56/1503 938/121/1503 942/57/1503
f 928/16/1504 944/18/1504 940/17/1504
f 935/60/402 941/124/402 943/61/402
f 929/63/403 931/206/403 922/64/403
f 924/16/1522 926/215/1522 922/155/1522
f 931/115/1523 930/114/1523 923/53/1523
f 929/63/1524 926/65/1524 925/111/1524
f 931/155/1525 929/215/1525 928/16/1525
f 937/156/1526 936/18/1526 933/17/1526
f 939/122/1527 941/124/1527 935/60/1527
f 942/57/1528 938/121/1528 937/120/1528
f 940/17/1567 944/18/1567 943/156/1567
f 940/17/1568 939/159/1568 930/158/1568
f 933/17/1569 921/59/1569 923/158/1569
f 924/16/458 936/18/458 938/160/458
f 928/16/1532 927/161/1532 942/160/1532
f 947/1/213 948/216/213 945/2/213
f 982/127/523 1003/5/523 998/6/523
f 994/131/523 1015/8/523 1010/9/523
f 949/10/233 951/199/233 952/11/233
f 1013/15/524 1011/13/524 1017/105/524
f 1021/59/523 1033/17/523 1036/18/523
f 988/19/526 985/217/526 1009/20/526
f 978/24/527 981/22/527 983/204/527
f 1001/27/524 999/25/524 1005/96/524
f 945/28/528 948/218/528 951/29/528
f 990/33/527 993/31/527 995/205/527
f 979/36/529 977/34/529 1002/137/529
f 946/37/526 950/219/526 952/38/526
f 991/42/529 989/40/529 1014/141/529
f 980/43/528 1008/220/528 1004/44/528
f 948/48/529 947/46/529 952/52/529
f 992/49/528 1020/221/528 1016/50/528
f 945/48/523 949/47/523 950/52/523
f 1023/53/1570 1030/114/1570 1039/54/1570
f 1025/56/1297 1038/121/1297 1042/57/1297
f 1032/59/529 1028/16/529 1044/18/529
f 1037/62/532 1035/60/532 1041/124/532
f 1026/65/533 1029/63/533 1031/206/533
f 955/68/1571 953/222/1571 961/223/1571
f 961/223/534 963/224/534 964/66/534
f 964/66/534 962/225/534 965/226/534
f 965/226/1572 967/227/1572 968/67/1572
f 968/67/534 966/228/534 955/68/534
f 955/68/1573 961/223/1573 964/66/1573
f 964/66/534 965/226/534 968/67/534
f 970/71/1574 957/229/1574 959/230/1574
f 959/230/535 960/231/535 958/69/535
f 958/69/535 954/232/535 956/233/535
f 956/233/1575 969/234/1575 971/70/1575
f 971/70/1576 972/235/1576 970/71/1576
f 970/71/535 959/230/535 958/69/535
f 958/69/535 956/233/535 971/70/535
f 973/72/561 976/74/561 978/24/561
f 975/4/1577 974/128/1577 983/129/1577
f 977/34/1578 979/36/1578 981/207/1578
f 984/45/1386 983/79/1386 981/77/1386
f 985/80/905 988/82/905 990/33/905
f 987/7/1579 986/132/1579 995/133/1579
f 989/40/1580 991/42/1580 993/208/1580
f 996/51/174 995/87/174 993/85/174
f 999/90/183 1001/92/183 1000/91/183
f 999/209/563 998/6/563 1003/5/563
f 1001/138/1581 1007/136/1581 1006/35/1581
f 1005/96/1582 1004/95/1582 1008/98/1582
f 1011/100/562 1013/101/562 1012/21/562
f 1011/210/1583 1010/9/1583 1015/8/1583
f 1013/142/1584 1019/140/1584 1018/41/1584
f 1017/105/907 1016/104/907 1020/107/907
f 1006/35/1585 1008/143/1585 980/144/1585
f 1003/5/572 982/127/572 984/211/572
f 975/4/1586 998/6/1586 997/212/1586
f 977/34/571 976/147/571 1000/148/571
f 1018/41/568 1020/149/568 992/150/568
f 1015/8/572 994/131/572 996/213/572
f 987/7/1587 1010/9/1587 1009/214/1587
f 989/40/1588 988/153/1588 1012/154/1588
f 1021/59/1589 1024/16/1589 1026/215/1589
f 1031/115/1590 1030/114/1590 1023/53/1590
f 1029/63/1591 1026/65/1591 1025/111/1591
f 1029/215/1592 1028/16/1592 1032/59/1592
f 1035/157/1593 1037/156/1593 1036/18/1593
f 1039/122/1594 1041/124/1594 1035/60/1594
f 1042/57/1595 1038/121/1595 1037/120/1595
f 1044/18/1596 1043/156/1596 1041/157/1596
f 1032/59/1597 1040/17/1597 1039/159/1597
f 1021/59/1598 1023/158/1598 1034/159/1598
f 1036/18/1599 1038/160/1599 1025/161/1599
f 1044/18/1600 1028/16/1600 1027/161/1600
f 976/162/526 973/236/526 997/88/526
f 1059/163/1601 1079/163/1601 1078/164/1601
f 1048/165/1602 1046/166/1602 1066/166/1602
f 1058/164/1603 1078/164/1603 1075/167/1603
f 1060/168/1604 1057/169/1604 1077/169/1604
f 1050/170/1605 1051/171/1605 1071/171/1605
f 1057/169/1606 1056/172/1606 1076/172/1606
f 1061/173/1607 1081/173/1607 1079/163/1607
f 1049/174/1608 1069/174/1608 1072/175/1608
f 1064/176/137 1084/176/137 1067/177/137
f 1062/178/1609 1060/168/1609 1080/168/1609
f 1082/180/595 1081/179/595 1083/189/595
f 1080/168/1610 1079/163/1610 1081/173/1610
f 1077/169/1611 1078/164/1611 1079/163/1611
f 1074/182/598 1073/181/598 1075/167/598
f 1072/184/1612 1071/183/1612 1073/181/1612
f 1069/174/600 1070/170/600 1071/171/600
f 1065/190/601 1067/185/601 1068/165/601
f 1066/187/1613 1070/170/1613 1069/174/1613
f 1067/177/1614 1084/176/1614 1083/189/1614
f 1076/172/604 1075/167/604 1078/164/604
f 1047/185/1615 1067/185/1615 1065/190/1615
f 1054/182/1616 1074/182/1616 1076/172/1616
f 1050/170/607 1070/170/607 1066/187/607
f 1053/181/1617 1055/167/1617 1075/167/1617
f 1064/176/1618 1062/180/1618 1082/180/1618
f 1049/174/610 1045/186/610 1065/186/610
f 1052/184/1619 1072/184/1619 1074/182/1619
f 1063/189/1620 1083/189/1620 1081/179/1620
f 1063/189/135 1048/188/135 1068/188/135
f 1051/183/1621 1053/181/1621 1073/181/1621
f 1088/191/213 1087/192/213 1085/192/213
f 1089/193/233 1091/193/233 1092/194/233
f 1126/196/103 1125/195/103 1092/194/103
f 1126/196/238 1091/193/238 1089/193/238
f 1128/198/237 1090/194/237 1092/194/237
f 1127/197/106 1089/193/106 1090/194/106
f 1095/10/237 1096/199/237 1094/199/237
f 1098/199/238 1100/199/238 1099/10/238
f 1094/199/106 1096/199/106 1100/199/106
f 1094/199/235 1098/199/235 1097/10/235
f 1093/10/103 1097/10/103 1099/10/103
f 1095/10/236 1099/10/236 1100/199/236
f 1103/10/237 1104/199/237 1102/199/237
f 1106/199/238 1108/199/238 1107/10/238
f 1102/199/106 1104/199/106 1108/199/106
f 1102/199/235 1106/199/235 1105/10/235
f 1101/10/103 1105/10/103 1107/10/103
f 1103/10/236 1107/10/236 1108/199/236
f 1111/10/237 1112/199/237 1110/199/237
f 1114/199/238 1116/199/238 1115/10/238
f 1110/199/106 1112/199/106 1116/199/106
f 1110/199/235 1114/199/235 1113/10/235
f 1109/10/103 1113/10/103 1115/10/103
f 1111/10/236 1115/10/236 1116/199/236
f 1119/10/237 1120/199/237 1118/199/237
f 1122/199/238 1124/199/238 1123/10/238
f 1118/199/106 1120/199/106 1124/199/106
f 1118/199/235 1122/199/235 1121/10/235
f 1117/10/103 1121/10/103 1123/10/103
f 1119/10/236 1123/10/236 1124/199/236
f 1130/203/614 1127/197/614 1128/198/614
f 1131/201/237 1132/200/237 1128/198/237
f 1129/202/238 1126/196/238 1127/197/238
f 1129/202/615 1131/201/615 1125/195/615
f 1087/192/1622 1088/191/1622 1131/201/1622
f 1085/192/238 1087/192/238 1129/202/238
f 1086/191/237 1132/200/237 1131/201/237
f 1085/192/617 1130/203/617 1132/200/617
f 1133/59/1623 1145/17/1623 1148/18/1623
f 1135/53/1570 1142/114/1570 1151/54/1570
f 1137/56/1297 1150/121/1297 1154/57/1297
f 1144/59/1624 1140/16/1624 1156/18/1624
f 1149/62/532 1147/60/532 1153/124/532
f 1138/65/533 1141/63/533 1143/206/533
f 1133/59/1589 1136/16/1589 1138/215/1589
f 1143/115/1590 1142/114/1590 1135/53/1590
f 1141/63/1625 1138/65/1625 1137/111/1625
f 1141/215/1626 1140/16/1626 1144/59/1626
f 1147/157/1627 1149/156/1627 1148/18/1627
f 1151/122/1594 1153/124/1594 1147/60/1594
f 1154/57/1595 1150/121/1595 1149/120/1595
f 1156/18/1628 1155/156/1628 1153/157/1628
f 1144/59/1597 1152/17/1597 1151/159/1597
f 1133/59/1629 1135/158/1629 1146/159/1629
f 1148/18/1599 1150/160/1599 1137/161/1599
f 1156/18/1630 1140/16/1630 1139/161/1630
f 1157/59/523 1169/17/523 1172/18/523
f 1159/53/1570 1166/114/1570 1175/54/1570
f 1161/56/1631 1174/121/1631 1178/57/1631
f 1168/59/1632 1164/16/1632 1180/18/1632
f 1173/62/532 1171/60/532 1177/124/532
f 1162/65/533 1165/63/533 1167/206/533
f 1157/59/1589 1160/16/1589 1162/215/1589
f 1167/115/1590 1166/114/1590 1159/53/1590
f 1165/63/1591 1162/65/1591 1161/111/1591
f 1165/215/1592 1164/16/1592 1168/59/1592
f 1171/157/1593 1173/156/1593 1172/18/1593
f 1175/122/1633 1177/124/1633 1171/60/1633
f 1178/57/1595 1174/121/1595 1173/120/1595
f 1180/18/1634 1179/156/1634 1177/157/1634
f 1168/59/1597 1176/17/1597 1175/159/1597
f 1157/59/1598 1159/158/1598 1170/159/1598
f 1172/18/1635 1174/160/1635 1161/161/1635
f 1180/18/1600 1164/16/1600 1163/161/1600
f 1183/1/338 1184/216/338 1181/2/338
f 1211/4/641 1218/127/641 1239/5/641
f 1223/7/641 1230/131/641 1251/8/641
f 1185/10/358 1187/199/358 1188/11/358
f 1247/13/642 1253/105/642 1255/14/642
f 1260/16/641 1257/59/641 1269/17/641
f 1224/19/643 1221/217/643 1245/20/643
f 1217/22/644 1219/204/644 1210/23/644
f 1235/25/642 1241/96/642 1243/26/642
f 1181/28/645 1184/218/645 1187/29/645
f 1229/31/644 1231/205/644 1222/32/644
f 1213/34/646 1238/137/646 1242/35/646
f 1182/37/643 1186/219/643 1188/38/643
f 1225/40/646 1250/141/646 1254/41/646
f 1216/43/645 1244/220/645 1240/44/645
f 1183/46/646 1188/52/646 1187/47/646
f 1228/49/645 1256/221/645 1252/50/645
f 1182/46/641 1181/48/641 1185/47/641
f 1259/53/1636 1266/114/1636 1275/54/1636
f 1261/56/1637 1274/121/1637 1278/57/1637
f 1264/16/646 1280/18/646 1276/17/646
f 1271/60/1638 1277/124/1638 1279/61/1638
f 1265/63/746 1267/206/746 1258/64/746
f 1191/68/651 1189/222/651 1197/223/651
f 1197/223/651 1199/224/651 1200/66/651
f 1200/66/1639 1198/225/1639 1201/226/1639
f 1201/226/651 1203/227/651 1204/67/651
f 1204/67/1639 1202/228/1639 1191/68/1639
f 1191/68/651 1197/223/651 1200/66/651
f 1200/66/651 1201/226/651 1204/67/651
f 1206/71/1640 1193/229/1640 1195/230/1640
f 1195/230/652 1196/231/652 1194/69/652
f 1194/69/652 1190/232/652 1192/233/652
f 1192/233/1641 1205/234/1641 1207/70/1641
f 1207/70/1640 1208/235/1640 1206/71/1640
f 1206/71/652 1195/230/652 1194/69/652
f 1194/69/652 1192/233/652 1207/70/652
f 1209/72/676 1212/74/676 1214/24/676
f 1218/127/1642 1211/4/1642 1210/128/1642
f 1215/36/678 1217/207/678 1214/130/678
f 1220/45/301 1219/79/301 1217/77/301
f 1221/80/676 1224/82/676 1226/33/676
f 1230/131/1642 1223/7/1642 1222/132/1642
f 1227/42/1643 1229/208/1643 1226/134/1643
f 1232/51/297 1231/87/297 1229/85/297
f 1235/90/308 1237/92/308 1236/91/308
f 1241/135/685 1235/209/685 1234/6/685
f 1243/136/1644 1242/35/1644 1238/137/1644
f 1241/96/1019 1240/95/1019 1244/98/1019
f 1247/100/308 1249/101/308 1248/21/308
f 1253/139/1645 1247/210/1645 1246/9/1645
f 1255/140/682 1254/41/682 1250/141/682
f 1253/105/1019 1252/104/1019 1256/107/1019
f 1215/36/686 1242/35/686 1244/143/686
f 1218/127/1646 1220/211/1646 1240/145/1646
f 1234/6/688 1233/212/688 1209/146/688
f 1238/137/1647 1213/34/1647 1212/147/1647
f 1227/42/686 1254/41/686 1256/149/686
f 1230/131/1648 1232/213/1648 1252/151/1648
f 1246/9/1649 1245/214/1649 1221/152/1649
f 1250/141/689 1225/40/689 1224/153/689
f 1260/16/1650 1262/215/1650 1258/155/1650
f 1267/115/1651 1266/114/1651 1259/53/1651
f 1265/63/1652 1262/65/1652 1261/111/1652
f 1267/155/1653 1265/215/1653 1264/16/1653
f 1273/156/1654 1272/18/1654 1269/17/1654
f 1275/122/1655 1277/124/1655 1271/60/1655
f 1278/57/1656 1274/121/1656 1273/120/1656
f 1276/17/1657 1280/18/1657 1279/156/1657
f 1276/17/1658 1275/159/1658 1266/158/1658
f 1269/17/1659 1257/59/1659 1259/158/1659
f 1260/16/1660 1272/18/1660 1274/160/1660
f 1264/16/1661 1263/161/1661 1278/160/1661
f 1212/162/643 1209/236/643 1233/88/643
f 1295/163/1662 1315/163/1662 1314/164/1662
f 1284/165/1663 1282/166/1663 1302/166/1663
f 1294/164/1664 1314/164/1664 1311/167/1664
f 1296/168/1665 1293/169/1665 1313/169/1665
f 1286/170/1666 1287/171/1666 1307/171/1666
f 1293/169/1667 1292/172/1667 1312/172/1667
f 1297/173/1668 1317/173/1668 1315/163/1668
f 1285/174/1669 1305/174/1669 1308/175/1669
f 1300/176/262 1320/176/262 1303/177/262
f 1298/178/1670 1296/168/1670 1316/168/1670
f 1317/179/1671 1319/189/1671 1320/176/1671
f 1315/163/1672 1317/173/1672 1318/178/1672
f 1314/164/1673 1315/163/1673 1316/168/1673
f 1309/181/1674 1311/167/1674 1312/172/1674
f 1307/183/1675 1309/181/1675 1310/182/1675
f 1306/170/1676 1307/171/1676 1308/175/1676
f 1302/166/1677 1301/190/1677 1303/185/1677
f 1306/170/1678 1305/174/1678 1301/186/1678
f 1304/188/1679 1303/177/1679 1320/176/1679
f 1311/167/720 1314/164/720 1313/169/720
f 1283/185/1680 1303/185/1680 1301/190/1680
f 1290/182/1681 1310/182/1681 1312/172/1681
f 1286/170/1682 1306/170/1682 1302/187/1682
f 1289/181/1683 1291/167/1683 1311/167/1683
f 1300/176/1684 1298/180/1684 1318/180/1684
f 1285/174/726 1281/186/726 1301/186/726
f 1288/184/1685 1308/184/1685 1310/182/1685
f 1299/189/1686 1319/189/1686 1317/179/1686
f 1299/189/260 1284/188/260 1304/188/260
f 1287/183/1687 1289/181/1687 1309/181/1687
f 1324/191/338 1323/192/338 1321/192/338
f 1325/193/358 1327/193/358 1328/194/358
f 1361/195/103 1328/194/103 1327/193/103
f 1362/196/363 1327/193/363 1325/193/363
f 1364/198/362 1326/194/362 1328/194/362
f 1364/198/106 1363/197/106 1325/193/106
f 1331/10/362 1332/199/362 1330/199/362
f 1334/199/363 1336/199/363 1335/10/363
f 1332/199/106 1336/199/106 1334/199/106
f 1330/199/360 1334/199/360 1333/10/360
f 1331/10/103 1329/10/103 1333/10/103
f 1331/10/361 1335/10/361 1336/199/361
f 1339/10/362 1340/199/362 1338/199/362
f 1342/199/363 1344/199/363 1343/10/363
f 1340/199/106 1344/199/106 1342/199/106
f 1338/199/360 1342/199/360 1341/10/360
f 1339/10/103 1337/10/103 1341/10/103
f 1339/10/361 1343/10/361 1344/199/361
f 1347/10/362 1348/199/362 1346/199/362
f 1350/199/363 1352/199/363 1351/10/363
f 1348/199/106 1352/199/106 1350/199/106
f 1346/199/360 1350/199/360 1349/10/360
f 1347/10/103 1345/10/103 1349/10/103
f 1347/10/361 1351/10/361 1352/199/361
f 1355/10/362 1356/199/362 1354/199/362
f 1358/199/363 1360/199/363 1359/10/363
f 1356/199/106 1360/199/106 1358/199/106
f 1354/199/360 1358/199/360 1357/10/360
f 1355/10/103 1353/10/103 1357/10/103
f 1355/10/361 1359/10/361 1360/199/361
f 1368/200/730 1366/203/730 1363/197/730
f 1367/201/362 1368/200/362 1364/198/362
f 1365/202/363 1362/196/363 1363/197/363
f 1367/201/731 1361/195/731 1362/196/731
f 1324/191/732 1367/201/732 1365/202/732
f 1321/192/363 1323/192/363 1365/202/363
f 1322/191/362 1368/200/362 1367/201/362
f 1322/191/733 1321/192/733 1366/203/733
f 1372/16/1688 1369/59/1688 1381/17/1688
f 1371/53/1689 1378/114/1689 1387/54/1689
f 1373/56/1637 1386/121/1637 1390/57/1637
f 1376/16/1690 1392/18/1690 1388/17/1690
f 1383/60/649 1389/124/649 1391/61/649
f 1377/63/746 1379/206/746 1370/64/746
f 1372/16/1691 1374/215/1691 1370/155/1691
f 1379/115/1651 1378/114/1651 1371/53/1651
f 1377/63/1652 1374/65/1652 1373/111/1652
f 1379/155/1692 1377/215/1692 1376/16/1692
f 1385/156/1654 1384/18/1654 1381/17/1654
f 1387/122/1655 1389/124/1655 1383/60/1655
f 1390/57/1656 1386/121/1656 1385/120/1656
f 1388/17/1693 1392/18/1693 1391/156/1693
f 1388/17/1658 1387/159/1658 1378/158/1658
f 1381/17/1694 1369/59/1694 1371/158/1694
f 1372/16/1695 1384/18/1695 1386/160/1695
f 1376/16/1661 1375/161/1661 1390/160/1661
f 1396/16/641 1393/59/641 1405/17/641
f 1395/53/1636 1402/114/1636 1411/54/1636
f 1397/56/1637 1410/121/1637 1414/57/1637
f 1400/16/1690 1416/18/1690 1412/17/1690
f 1407/60/1638 1413/124/1638 1415/61/1638
f 1401/63/650 1403/206/650 1394/64/650
f 1396/16/1650 1398/215/1650 1394/155/1650
f 1403/115/1651 1402/114/1651 1395/53/1651
f 1401/63/1652 1398/65/1652 1397/111/1652
f 1403/155/1696 1401/215/1696 1400/16/1696
f 1409/156/1654 1408/18/1654 1405/17/1654
f 1411/122/1655 1413/124/1655 1407/60/1655
f 1414/57/1656 1410/121/1656 1409/120/1656
f 1412/17/1657 1416/18/1657 1415/156/1657
f 1412/17/1697 1411/159/1697 1402/158/1697
f 1405/17/1698 1393/59/1698 1395/158/1698
f 1396/16/700 1408/18/700 1410/160/700
f 1400/16/1661 1399/161/1661 1414/160/1661
f 1419/1/3 1420/216/3 1417/2/3
f 1447/4/757 1454/127/757 1475/5/757
f 1459/7/757 1466/131/757 1487/8/757
f 1421/10/1 1423/199/1 1424/11/1
f 1483/13/758 1489/105/758 1491/14/758
f 1496/16/1699 1493/59/1699 1505/17/1699
f 1460/19/8 1457/217/8 1481/20/8
f 1453/22/759 1455/204/759 1446/23/759
f 1471/25/758 1477/96/758 1479/26/758
f 1417/28/6 1420/218/6 1423/29/6
f 1465/31/759 1467/205/759 1458/32/759
f 1449/34/760 1474/137/760 1478/35/760
f 1418/37/8 1422/219/8 1424/38/8
f 1461/40/760 1486/141/760 1490/41/760
f 1452/43/6 1480/220/6 1476/44/6
f 1419/46/760 1424/52/760 1423/47/760
f 1464/49/6 1492/221/6 1488/50/6
f 1418/46/757 1417/48/757 1421/47/757
f 1495/53/113 1502/114/113 1511/54/113
f 1497/56/1700 1510/121/1700 1514/57/1700
f 1500/16/1701 1516/18/1701 1512/17/1701
f 1507/60/764 1513/124/764 1515/61/764
f 1501/63/765 1503/206/765 1494/64/765
f 1427/68/766 1425/222/766 1433/223/766
f 1433/223/1702 1435/224/1702 1436/66/1702
f 1436/66/1703 1434/225/1703 1437/226/1703
f 1437/226/766 1439/227/766 1440/67/766
f 1440/67/1703 1438/228/1703 1427/68/1703
f 1427/68/766 1433/223/766 1436/66/766
f 1436/66/766 1437/226/766 1440/67/766
f 1442/71/1704 1429/229/1704 1431/230/1704
f 1431/230/1705 1432/231/1705 1430/69/1705
f 1430/69/1706 1426/232/1706 1428/233/1706
f 1428/233/1705 1441/234/1705 1443/70/1705
f 1443/70/767 1444/235/767 1442/71/767
f 1442/71/1706 1431/230/1706 1430/69/1706
f 1430/69/1706 1428/233/1706 1443/70/1706
f 1445/72/790 1448/74/790 1450/24/790
f 1454/127/794 1447/4/794 1446/128/794
f 1451/36/1707 1453/207/1707 1450/130/1707
f 1452/43/793 1456/45/793 1455/79/793
f 1457/80/790 1460/82/790 1462/33/790
f 1466/131/794 1459/7/794 1458/132/794
f 1463/42/1707 1465/208/1707 1462/134/1707
f 1464/49/793 1468/51/793 1467/87/793
f 1473/92/796 1472/91/796 1469/88/796
f 1477/135/797 1471/209/797 1470/6/797
f 1479/136/798 1478/35/798 1474/137/798
f 1477/96/799 1476/95/799 1480/98/799
f 1485/101/796 1484/21/796 1481/20/796
f 1489/139/797 1483/210/797 1482/9/797
f 1491/140/798 1490/41/798 1486/141/798
f 1489/105/799 1488/104/799 1492/107/799
f 1451/36/800 1478/35/800 1480/143/800
f 1454/127/1708 1456/211/1708 1476/145/1708
f 1470/6/805 1469/212/805 1445/146/805
f 1474/137/1709 1449/34/1709 1448/147/1709
f 1463/42/800 1490/41/800 1492/149/800
f 1466/131/1708 1468/213/1708 1488/151/1708
f 1482/9/805 1481/214/805 1457/152/805
f 1486/141/1709 1461/40/1709 1460/153/1709
f 1496/16/1710 1498/215/1710 1494/155/1710
f 1494/109/1711 1503/115/1711 1502/114/1711
f 1501/63/1712 1498/65/1712 1497/111/1712
f 1503/155/1713 1501/215/1713 1500/16/1713
f 1509/156/1714 1508/18/1714 1505/17/1714
f 1511/122/1715 1513/124/1715 1507/60/1715
f 1510/121/1716 1509/120/1716 1515/125/1716
f 1512/17/1717 1516/18/1717 1515/156/1717
f 1512/17/1718 1511/159/1718 1502/158/1718
f 1505/17/1719 1493/59/1719 1495/158/1719
f 1496/16/1720 1508/18/1720 1510/160/1720
f 1500/16/1721 1499/161/1721 1514/160/1721
f 1448/162/8 1445/236/8 1469/88/8
f 1531/163/1722 1551/163/1722 1550/164/1722
f 1520/165/1723 1518/166/1723 1538/166/1723
f 1530/164/1724 1550/164/1724 1547/167/1724
f 1532/168/1725 1529/169/1725 1549/169/1725
f 1522/170/1726 1523/171/1726 1543/171/1726
f 1529/169/1727 1528/172/1727 1548/172/1727
f 1533/173/1728 1553/173/1728 1551/163/1728
f 1521/174/1729 1541/174/1729 1544/175/1729
f 1536/176/101 1556/176/101 1539/177/101
f 1534/178/1730 1532/168/1730 1552/168/1730
f 1553/179/828 1555/189/828 1556/176/828
f 1551/163/1731 1553/173/1731 1554/178/1731
f 1550/164/1732 1551/163/1732 1552/168/1732
f 1545/181/831 1547/167/831 1548/172/831
f 1543/183/1733 1545/181/1733 1546/182/1733
f 1542/170/833 1543/171/833 1544/175/833
f 1538/166/1734 1537/190/1734 1539/185/1734
f 1542/170/1735 1541/174/1735 1537/186/1735
f 1540/188/1736 1539/177/1736 1556/176/1736
f 1547/167/837 1550/164/837 1549/169/837
f 1519/185/1737 1539/185/1737 1537/190/1737
f 1526/182/1738 1546/182/1738 1548/172/1738
f 1522/170/840 1542/170/840 1538/187/840
f 1525/181/1739 1527/167/1739 1547/167/1739
f 1536/176/1740 1534/180/1740 1554/180/1740
f 1521/174/843 1517/186/843 1537/186/843
f 1524/184/1741 1544/184/1741 1546/182/1741
f 1535/189/1742 1555/189/1742 1553/179/1742
f 1535/189/81 1520/188/81 1540/188/81
f 1523/183/1743 1525/181/1743 1545/181/1743
f 1560/191/3 1559/192/3 1557/192/3
f 1561/193/1 1563/193/1 1564/194/1
f 1597/195/103 1564/194/103 1563/193/103
f 1598/196/105 1563/193/105 1561/193/105
f 1600/198/104 1562/194/104 1564/194/104
f 1600/198/106 1599/197/106 1561/193/106
f 1567/10/104 1568/199/104 1566/199/104
f 1570/199/105 1572/199/105 1571/10/105
f 1568/199/106 1572/199/106 1570/199/106
f 1566/199/108 1570/199/108 1569/10/108
f 1567/10/103 1565/10/103 1569/10/103
f 1567/10/107 1571/10/107 1572/199/107
f 1575/10/104 1576/199/104 1574/199/104
f 1578/199/105 1580/199/105 1579/10/105
f 1576/199/106 1580/199/106 1578/199/106
f 1574/199/108 1578/199/108 1577/10/108
f 1575/10/103 1573/10/103 1577/10/103
f 1575/10/107 1579/10/107 1580/199/107
f 1583/10/104 1584/199/104 1582/199/104
f 1586/199/105 1588/199/105 1587/10/105
f 1584/199/106 1588/199/106 1586/199/106
f 1582/199/108 1586/199/108 1585/10/108
f 1583/10/103 1581/10/103 1585/10/103
f 1583/10/107 1587/10/107 1588/199/107
f 1591/10/104 1592/199/104 1590/199/104
f 1594/199/105 1596/199/105 1595/10/105
f 1592/199/106 1596/199/106 1594/199/106
f 1590/199/108 1594/199/108 1593/10/108
f 1591/10/103 1589/10/103 1593/10/103
f 1591/10/107 1595/10/107 1596/199/107
f 1604/200/847 1602/203/847 1599/197/847
f 1603/201/104 1604/200/104 1600/198/104
f 1601/202/105 1598/196/105 1599/197/105
f 1603/201/848 1597/195/848 1598/196/848
f 1560/191/849 1603/201/849 1601/202/849
f 1557/192/105 1559/192/105 1601/202/105
f 1558/191/104 1604/200/104 1603/201/104
f 1558/191/850 1557/192/850 1602/203/850
f 1608/16/1699 1605/59/1699 1617/17/1699
f 1607/53/113 1614/114/113 1623/54/113
f 1609/56/1700 1622/121/1700 1626/57/1700
f 1612/16/1701 1628/18/1701 1624/17/1701
f 1619/60/764 1625/124/764 1627/61/764
f 1613/63/765 1615/206/765 1606/64/765
f 1608/16/1744 1610/215/1744 1606/155/1744
f 1606/109/1711 1615/115/1711 1614/114/1711
f 1613/63/1712 1610/65/1712 1609/111/1712
f 1615/155/1713 1613/215/1713 1612/16/1713
f 1621/156/1714 1620/18/1714 1617/17/1714
f 1623/122/1715 1625/124/1715 1619/60/1715
f 1622/121/1716 1621/120/1716 1627/125/1716
f 1624/17/1745 1628/18/1745 1627/156/1745
f 1624/17/814 1623/159/814 1614/158/814
f 1617/17/1719 1605/59/1719 1607/158/1719
f 1608/16/1746 1620/18/1746 1622/160/1746
f 1612/16/1747 1611/161/1747 1626/160/1747
f 1632/16/757 1629/59/757 1641/17/757
f 1631/53/113 1638/114/113 1647/54/113
f 1633/56/1700 1646/121/1700 1650/57/1700
f 1636/16/1701 1652/18/1701 1648/17/1701
f 1643/60/764 1649/124/764 1651/61/764
f 1637/63/765 1639/206/765 1630/64/765
f 1632/16/1710 1634/215/1710 1630/155/1710
f 1630/109/1711 1639/115/1711 1638/114/1711
f 1637/63/1712 1634/65/1712 1633/111/1712
f 1639/155/1713 1637/215/1713 1636/16/1713
f 1645/156/1714 1644/18/1714 1641/17/1714
f 1647/122/1715 1649/124/1715 1643/60/1715
f 1646/121/1716 1645/120/1716 1651/125/1716
f 1648/17/1748 1652/18/1748 1651/156/1748
f 1648/17/1718 1647/159/1718 1638/158/1718
f 1641/17/1749 1629/59/1749 1631/158/1749
f 1632/16/1720 1644/18/1720 1646/160/1720
f 1636/16/1747 1635/161/1747 1650/160/1747
f 1655/1/137 1656/216/137 1653/2/137
f 1683/4/871 1690/127/871 1711/5/871
f 1695/7/871 1702/131/871 1723/8/871
f 1657/10/135 1659/199/135 1660/11/135
f 1719/13/872 1725/105/872 1727/14/872
f 1732/16/1750 1729/59/1750 1741/17/1750
f 1696/19/141 1693/217/141 1717/20/141
f 1689/22/873 1691/204/873 1682/23/873
f 1707/25/872 1713/96/872 1715/26/872
f 1653/28/139 1656/218/139 1659/29/139
f 1701/31/873 1703/205/873 1694/32/873
f 1685/34/874 1710/137/874 1714/35/874
f 1654/37/141 1658/219/141 1660/38/141
f 1697/40/874 1722/141/874 1726/41/874
f 1688/43/139 1716/220/139 1712/44/139
f 1655/46/874 1660/52/874 1659/47/874
f 1700/49/139 1728/221/139 1724/50/139
f 1654/46/871 1653/48/871 1657/47/871
f 1731/53/1751 1738/114/1751 1747/54/1751
f 1733/56/1752 1746/121/1752 1750/57/1752
f 1736/16/874 1752/18/874 1748/17/874
f 1743/60/878 1749/124/878 1751/61/878
f 1737/63/879 1739/206/879 1730/64/879
f 1663/68/880 1661/222/880 1669/223/880
f 1669/223/1753 1671/224/1753 1672/66/1753
f 1672/66/880 1670/225/880 1673/226/880
f 1673/226/880 1675/227/880 1676/67/880
f 1676/67/1753 1674/228/1753 1663/68/1753
f 1663/68/880 1669/223/880 1672/66/880
f 1672/66/880 1673/226/880 1676/67/880
f 1678/71/881 1665/229/881 1667/230/881
f 1667/230/881 1668/231/881 1666/69/881
f 1666/69/881 1662/232/881 1664/233/881
f 1664/233/881 1677/234/881 1679/70/881
f 1679/70/881 1680/235/881 1678/71/881
f 1678/71/881 1667/230/881 1666/69/881
f 1666/69/881 1664/233/881 1679/70/881
f 1681/72/902 1684/74/902 1686/24/902
f 1690/127/903 1683/4/903 1682/128/903
f 1687/36/1754 1689/207/1754 1686/130/1754
f 1688/43/561 1692/45/561 1691/79/561
f 1693/80/906 1696/82/906 1698/33/906
f 1702/131/903 1695/7/903 1694/132/903
f 1699/42/904 1701/208/904 1698/134/904
f 1700/49/561 1704/51/561 1703/87/561
f 1709/92/565 1708/91/565 1705/88/565
f 1713/135/911 1707/209/911 1706/6/911
f 1715/136/1755 1714/35/1755 1710/137/1755
f 1713/96/910 1712/95/910 1716/98/910
f 1721/101/565 1720/21/565 1717/20/565
f 1725/139/911 1719/210/911 1718/9/911
f 1727/140/909 1726/41/909 1722/141/909
f 1725/105/910 1724/104/910 1728/107/910
f 1687/36/1756 1714/35/1756 1716/143/1756
f 1690/127/916 1692/211/916 1712/145/916
f 1706/6/1757 1705/212/1757 1681/146/1757
f 1710/137/915 1685/34/915 1684/147/915
f 1699/42/1756 1726/41/1756 1728/149/1756
f 1702/131/916 1704/213/916 1724/151/916
f 1718/9/1758 1717/214/1758 1693/152/1758
f 1722/141/915 1697/40/915 1696/153/915
f 1732/16/1759 1734/215/1759 1730/155/1759
f 1739/115/1760 1738/114/1760 1731/53/1760
f 1737/63/1761 1734/65/1761 1733/111/1761
f 1739/155/1762 1737/215/1762 1736/16/1762
f 1745/156/1763 1744/18/1763 1741/17/1763
f 1747/122/1395 1749/124/1395 1743/60/1395
f 1750/57/1764 1746/121/1764 1745/120/1764
f 1748/17/1765 1752/18/1765 1751/156/1765
f 1748/17/1766 1747/159/1766 1738/158/1766
f 1741/17/1767 1729/59/1767 1731/158/1767
f 1732/16/1768 1744/18/1768 1746/160/1768
f 1736/16/1769 1735/161/1769 1750/160/1769
f 1684/162/141 1681/236/141 1705/88/141
f 1767/163/1770 1787/163/1770 1786/164/1770
f 1756/165/1771 1754/166/1771 1774/166/1771
f 1766/164/1772 1786/164/1772 1783/167/1772
f 1768/168/1773 1765/169/1773 1785/169/1773
f 1759/171/1774 1779/171/1774 1778/170/1774
f 1765/169/1775 1764/172/1775 1784/172/1775
f 1767/163/1776 1769/173/1776 1789/173/1776
f 1760/175/1777 1757/174/1777 1777/174/1777
f 1755/177/233 1772/176/233 1792/176/233
f 1768/168/1778 1788/168/1778 1790/178/1778
f 1789/179/938 1791/189/938 1792/176/938
f 1787/163/1779 1789/173/1779 1790/178/1779
f 1786/164/1780 1787/163/1780 1788/168/1780
f 1781/181/941 1783/167/941 1784/172/941
f 1779/183/1781 1781/181/1781 1782/182/1781
f 1778/170/943 1779/171/943 1780/175/943
f 1774/166/944 1773/190/944 1775/185/944
f 1778/170/1782 1777/174/1782 1773/186/1782
f 1776/188/1783 1775/177/1783 1792/176/1783
f 1783/167/1784 1786/164/1784 1785/169/1784
f 1755/185/1785 1775/185/1785 1773/190/1785
f 1762/182/1786 1782/182/1786 1784/172/1786
f 1754/187/230 1758/170/230 1778/170/230
f 1761/181/1787 1763/167/1787 1783/167/1787
f 1770/180/1788 1790/180/1788 1792/176/1788
f 1753/186/227 1773/186/227 1777/174/227
f 1762/182/1789 1760/184/1789 1780/184/1789
f 1769/179/1790 1771/189/1790 1791/189/1790
f 1756/188/213 1776/188/213 1791/189/213
f 1761/181/1791 1781/181/1791 1779/183/1791
f 1796/191/137 1795/192/137 1793/192/137
f 1797/193/135 1799/193/135 1800/194/135
f 1833/195/103 1800/194/103 1799/193/103
f 1834/196/236 1799/193/236 1797/193/236
f 1836/198/235 1798/194/235 1800/194/235
f 1836/198/106 1835/197/106 1797/193/106
f 1803/10/235 1804/199/235 1802/199/235
f 1806/199/236 1808/199/236 1807/10/236
f 1804/199/106 1808/199/106 1806/199/106
f 1802/199/238 1806/199/238 1805/10/238
f 1803/10/103 1801/10/103 1805/10/103
f 1803/10/237 1807/10/237 1808/199/237
f 1811/10/235 1812/199/235 1810/199/235
f 1814/199/236 1816/199/236 1815/10/236
f 1812/199/106 1816/199/106 1814/199/106
f 1810/199/238 1814/199/238 1813/10/238
f 1811/10/103 1809/10/103 1813/10/103
f 1811/10/237 1815/10/237 1816/199/237
f 1819/10/235 1820/199/235 1818/199/235
f 1822/199/236 1824/199/236 1823/10/236
f 1820/199/106 1824/199/106 1822/199/106
f 1818/199/238 1822/199/238 1821/10/238
f 1819/10/103 1817/10/103 1821/10/103
f 1819/10/237 1823/10/237 1824/199/237
f 1827/10/235 1828/199/235 1826/199/235
f 1829/10/236 1830/199/236 1832/199/236
f 1828/199/106 1832/199/106 1830/199/106
f 1826/199/238 1830/199/238 1829/10/238
f 1827/10/103 1825/10/103 1829/10/103
f 1827/10/237 1831/10/237 1832/199/237
f 1840/200/955 1838/203/955 1835/197/955
f 1839/201/235 1840/200/235 1836/198/235
f 1837/202/236 1834/196/236 1835/197/236
f 1839/201/956 1833/195/956 1834/196/956
f 1796/191/957 1839/201/957 1837/202/957
f 1793/192/236 1795/192/236 1837/202/236
f 1794/191/235 1840/200/235 1839/201/235
f 1794/191/958 1793/192/958 1838/203/958
f 1844/16/1750 1841/59/1750 1853/17/1750
f 1843/53/1751 1850/114/1751 1859/54/1751
f 1845/56/1752 1858/121/1752 1862/57/1752
f 1848/16/874 1864/18/874 1860/17/874
f 1855/60/878 1861/124/878 1863/61/878
f 1849/63/879 1851/206/879 1842/64/879
f 1844/16/1792 1846/215/1792 1842/155/1792
f 1851/115/1760 1850/114/1760 1843/53/1760
f 1849/63/1761 1846/65/1761 1845/111/1761
f 1851/155/1762 1849/215/1762 1848/16/1762
f 1857/156/1763 1856/18/1763 1853/17/1763
f 1859/122/1395 1861/124/1395 1855/60/1395
f 1862/57/1793 1858/121/1793 1857/120/1793
f 1860/17/1765 1864/18/1765 1863/156/1765
f 1860/17/925 1859/159/925 1850/158/925
f 1853/17/1767 1841/59/1767 1843/158/1767
f 1844/16/1794 1856/18/1794 1858/160/1794
f 1848/16/1769 1847/161/1769 1862/160/1769
f 1868/16/871 1865/59/871 1877/17/871
f 1867/53/1751 1874/114/1751 1883/54/1751
f 1869/56/1752 1882/121/1752 1886/57/1752
f 1872/16/1795 1888/18/1795 1884/17/1795
f 1879/60/878 1885/124/878 1887/61/878
f 1873/63/879 1875/206/879 1866/64/879
f 1868/16/1759 1870/215/1759 1866/155/1759
f 1875/115/1796 1874/114/1796 1867/53/1796
f 1873/63/1761 1870/65/1761 1869/111/1761
f 1875/155/1762 1873/215/1762 1872/16/1762
f 1881/156/1763 1880/18/1763 1877/17/1763
f 1883/122/1395 1885/124/1395 1879/60/1395
f 1886/57/1793 1882/121/1793 1881/120/1793
f 1884/17/1765 1888/18/1765 1887/156/1765
f 1884/17/1797 1883/159/1797 1874/158/1797
f 1877/17/1798 1865/59/1798 1867/158/1798
f 1868/16/1799 1880/18/1799 1882/160/1799
f 1872/16/1800 1871/161/1800 1886/160/1800
f 1891/1/262 1892/216/262 1889/2/262
f 1926/127/981 1947/5/981 1942/6/981
f 1938/131/981 1959/8/981 1954/9/981
f 1893/10/260 1895/199/260 1896/11/260
f 1957/15/982 1955/13/982 1961/105/982
f 1965/59/981 1977/17/981 1980/18/981
f 1932/19/266 1929/217/266 1953/20/266
f 1922/24/983 1925/22/983 1927/204/983
f 1945/27/982 1943/25/982 1949/96/982
f 1889/28/264 1892/218/264 1895/29/264
f 1934/33/983 1937/31/983 1939/205/983
f 1923/36/984 1921/34/984 1946/137/984
f 1890/37/266 1894/219/266 1896/38/266
f 1935/42/984 1933/40/984 1958/141/984
f 1924/43/264 1952/220/264 1948/44/264
f 1892/48/984 1891/46/984 1896/52/984
f 1936/49/264 1964/221/264 1960/50/264
f 1889/48/981 1893/47/981 1894/52/981
f 1967/53/1801 1974/114/1801 1983/54/1801
f 1969/56/1802 1982/121/1802 1986/57/1802
f 1976/59/984 1972/16/984 1988/18/984
f 1981/62/987 1979/60/987 1985/124/987
f 1970/65/988 1973/63/988 1975/206/988
f 1899/68/989 1897/222/989 1905/223/989
f 1905/223/1803 1907/224/1803 1908/66/1803
f 1908/66/1804 1906/225/1804 1909/226/1804
f 1909/226/1803 1911/227/1803 1912/67/1803
f 1912/67/989 1910/228/989 1899/68/989
f 1899/68/989 1905/223/989 1908/66/989
f 1908/66/989 1909/226/989 1912/67/989
f 1914/71/1805 1901/229/1805 1903/230/1805
f 1903/230/990 1904/231/990 1902/69/990
f 1902/69/990 1898/232/990 1900/233/990
f 1900/233/990 1913/234/990 1915/70/990
f 1915/70/990 1916/235/990 1914/71/990
f 1914/71/990 1903/230/990 1902/69/990
f 1902/69/990 1900/233/990 1915/70/990
f 1920/74/1016 1922/24/1016 1918/23/1016
f 1919/4/1014 1918/128/1014 1927/129/1014
f 1921/34/1806 1923/36/1806 1925/207/1806
f 1928/45/676 1927/79/676 1925/77/676
f 1932/82/1013 1934/33/1013 1930/32/1013
f 1931/7/1807 1930/132/1807 1939/133/1807
f 1933/40/1808 1935/42/1808 1937/208/1808
f 1940/51/676 1939/87/676 1937/85/676
f 1943/90/1809 1945/92/1809 1944/91/1809
f 1943/209/1810 1942/6/1810 1947/5/1810
f 1945/138/1021 1951/136/1021 1950/35/1021
f 1951/26/1811 1949/96/1811 1948/95/1811
f 1955/100/683 1957/101/683 1956/21/683
f 1955/210/1812 1954/9/1812 1959/8/1812
f 1957/142/1021 1963/140/1021 1962/41/1021
f 1963/14/1022 1961/105/1022 1960/104/1022
f 1950/35/1028 1952/143/1028 1924/144/1028
f 1947/5/1813 1926/127/1813 1928/211/1813
f 1919/4/1026 1942/6/1026 1941/212/1026
f 1921/34/1814 1920/147/1814 1944/148/1814
f 1962/41/1028 1964/149/1028 1936/150/1028
f 1959/8/1029 1938/131/1029 1940/213/1029
f 1931/7/1026 1954/9/1026 1953/214/1026
f 1933/40/1027 1932/153/1027 1956/154/1027
f 1965/59/1815 1968/16/1815 1970/215/1815
f 1975/115/1816 1974/114/1816 1967/53/1816
f 1970/65/1817 1969/111/1817 1971/112/1817
f 1973/215/1818 1972/16/1818 1976/59/1818
f 1979/157/1819 1981/156/1819 1980/18/1819
f 1978/118/1820 1983/122/1820 1985/124/1820
f 1986/57/1821 1982/121/1821 1981/120/1821
f 1988/18/1822 1987/156/1822 1985/157/1822
f 1976/59/1823 1984/17/1823 1983/159/1823
f 1965/59/1824 1967/158/1824 1978/159/1824
f 1980/18/1825 1982/160/1825 1969/161/1825
f 1988/18/1826 1972/16/1826 1971/161/1826
f 1920/162/266 1917/236/266 1941/88/266
f 2003/163/1827 2023/163/1827 2022/164/1827
f 1992/165/1828 1990/166/1828 2010/166/1828
f 2002/164/1829 2022/164/1829 2019/167/1829
f 2004/168/1830 2001/169/1830 2021/169/1830
f 1994/170/1831 1995/171/1831 2015/171/1831
f 2001/169/1832 2000/172/1832 2020/172/1832
f 2005/173/1833 2025/173/1833 2023/163/1833
f 1993/174/1834 2013/174/1834 2016/175/1834
f 2008/176/358 2028/176/358 2011/177/358
f 2006/178/1835 2004/168/1835 2024/168/1835
f 2026/180/1836 2025/179/1836 2027/189/1836
f 2024/168/1837 2023/163/1837 2025/173/1837
f 2021/169/1838 2022/164/1838 2023/163/1838
f 2018/182/1839 2017/181/1839 2019/167/1839
f 2016/184/1840 2015/183/1840 2017/181/1840
f 2013/174/1841 2014/170/1841 2015/171/1841
f 2009/190/1842 2011/185/1842 2012/165/1842
f 2010/187/1843 2014/170/1843 2013/174/1843
f 2011/177/1844 2028/176/1844 2027/189/1844
f 2020/172/1062 2019/167/1062 2022/164/1062
f 1991/185/1845 2011/185/1845 2009/190/1845
f 1998/182/1846 2018/182/1846 2020/172/1846
f 1994/170/355 2014/170/355 2010/187/355
f 1997/181/1847 1999/167/1847 2019/167/1847
f 2008/176/1848 2006/180/1848 2026/180/1848
f 1993/174/352 1989/186/352 2009/186/352
f 1996/184/1849 2016/184/1849 2018/182/1849
f 2007/189/1850 2027/189/1850 2025/179/1850
f 2007/189/338 1992/188/338 2012/188/338
f 1995/183/1851 1997/181/1851 2017/181/1851
f 2032/191/1490 2031/192/1490 2029/192/1490
f 2033/193/1489 2035/193/1489 2036/194/1489
f 2070/196/103 2069/195/103 2036/194/103
f 2070/196/361 2035/193/361 2033/193/361
f 2072/198/360 2034/194/360 2036/194/360
f 2071/197/106 2033/193/106 2034/194/106
f 2039/10/360 2040/199/360 2038/199/360
f 2042/199/361 2044/199/361 2043/10/361
f 2038/199/106 2040/199/106 2044/199/106
f 2038/199/363 2042/199/363 2041/10/363
f 2037/10/103 2041/10/103 2043/10/103
f 2039/10/362 2043/10/362 2044/199/362
f 2047/10/360 2048/199/360 2046/199/360
f 2050/199/361 2052/199/361 2051/10/361
f 2046/199/106 2048/199/106 2052/199/106
f 2046/199/363 2050/199/363 2049/10/363
f 2045/10/103 2049/10/103 2051/10/103
f 2047/10/362 2051/10/362 2052/199/362
f 2055/10/360 2056/199/360 2054/199/360
f 2058/199/361 2060/199/361 2059/10/361
f 2054/199/106 2056/199/106 2060/199/106
f 2054/199/363 2058/199/363 2057/10/363
f 2053/10/103 2057/10/103 2059/10/103
f 2055/10/362 2059/10/362 2060/199/362
f 2063/10/360 2064/199/360 2062/199/360
f 2066/199/361 2068/199/361 2067/10/361
f 2062/199/106 2064/199/106 2068/199/106
f 2062/199/363 2066/199/363 2065/10/363
f 2061/10/103 2065/10/103 2067/10/103
f 2063/10/362 2067/10/362 2068/199/362
f 2074/203/1852 2071/197/1852 2072/198/1852
f 2075/201/360 2076/200/360 2072/198/360
f 2073/202/361 2070/196/361 2071/197/361
f 2073/202/1853 2075/201/1853 2069/195/1853
f 2031/192/1074 2032/191/1074 2075/201/1074
f 2029/192/361 2031/192/361 2073/202/361
f 2030/191/360 2076/200/360 2075/201/360
f 2029/192/1075 2074/203/1075 2076/200/1075
f 2077/59/981 2089/17/981 2092/18/981
f 2079/53/1801 2086/114/1801 2095/54/1801
f 2081/56/1802 2094/121/1802 2098/57/1802
f 2088/59/984 2084/16/984 2100/18/984
f 2093/62/987 2091/60/987 2097/124/987
f 2082/65/1090 2085/63/1090 2087/206/1090
f 2077/59/1854 2080/16/1854 2082/215/1854
f 2087/115/1816 2086/114/1816 2079/53/1816
f 2082/65/1817 2081/111/1817 2083/112/1817
f 2085/215/1818 2084/16/1818 2088/59/1818
f 2091/157/1855 2093/156/1855 2092/18/1855
f 2090/118/1820 2095/122/1820 2097/124/1820
f 2098/57/1821 2094/121/1821 2093/120/1821
f 2100/18/1856 2099/156/1856 2097/157/1856
f 2088/59/1086 2096/17/1086 2095/159/1086
f 2077/59/1824 2079/158/1824 2090/159/1824
f 2092/18/1857 2094/160/1857 2081/161/1857
f 2100/18/1826 2084/16/1826 2083/161/1826
f 2101/59/1858 2113/17/1858 2116/18/1858
f 2103/53/1801 2110/114/1801 2119/54/1801
f 2105/56/1802 2118/121/1802 2122/57/1802
f 2112/59/1859 2108/16/1859 2124/18/1859
f 2117/62/1076 2115/60/1076 2121/124/1076
f 2106/65/1090 2109/63/1090 2111/206/1090
f 2101/59/1860 2104/16/1860 2106/215/1860
f 2111/115/1816 2110/114/1816 2103/53/1816
f 2106/65/1817 2105/111/1817 2107/112/1817
f 2109/215/1861 2108/16/1861 2112/59/1861
f 2115/157/1862 2117/156/1862 2116/18/1862
f 2114/118/1863 2119/122/1863 2121/124/1863
f 2122/57/1821 2118/121/1821 2117/120/1821
f 2124/18/1822 2123/156/1822 2121/157/1822
f 2112/59/1864 2120/17/1864 2119/159/1864
f 2101/59/1824 2103/158/1824 2114/159/1824
f 2116/18/1042 2118/160/1042 2105/161/1042
f 2124/18/1826 2108/16/1826 2107/161/1826
f 2127/1/101 2128/216/101 2125/2/101
f 2162/127/399 2183/5/399 2178/6/399
f 2174/131/399 2195/8/399 2190/9/399
f 2129/10/81 2131/199/81 2132/11/81
f 2193/15/1102 2191/13/1102 2197/105/1102
f 2201/59/399 2213/17/399 2216/18/399
f 2168/19/1103 2165/217/1103 2189/20/1103
f 2158/24/1104 2161/22/1104 2163/204/1104
f 2181/27/1102 2179/25/1102 2185/96/1102
f 2125/28/1105 2128/218/1105 2131/29/1105
f 2170/33/1104 2173/31/1104 2175/205/1104
f 2159/36/393 2157/34/393 2182/137/393
f 2126/37/1103 2130/219/1103 2132/38/1103
f 2171/42/393 2169/40/393 2194/141/393
f 2160/43/1105 2188/220/1105 2184/44/1105
f 2128/48/393 2127/46/393 2132/52/393
f 2172/49/1105 2200/221/1105 2196/50/1105
f 2125/48/399 2129/47/399 2130/52/399
f 2203/53/1865 2210/114/1865 2219/54/1865
f 2205/56/1866 2218/121/1866 2222/57/1866
f 2212/59/393 2208/16/393 2224/18/393
f 2217/62/1108 2215/60/1108 2221/124/1108
f 2206/65/1109 2209/63/1109 2211/206/1109
f 2135/68/1110 2133/222/1110 2141/223/1110
f 2141/223/1110 2143/224/1110 2144/66/1110
f 2144/66/1867 2142/225/1867 2145/226/1867
f 2145/226/1867 2147/227/1867 2148/67/1867
f 2148/67/1868 2146/228/1868 2135/68/1868
f 2135/68/1110 2141/223/1110 2144/66/1110
f 2144/66/1110 2145/226/1110 2148/67/1110
f 2150/71/1869 2137/229/1869 2139/230/1869
f 2139/230/1111 2140/231/1111 2138/69/1111
f 2138/69/1111 2134/232/1111 2136/233/1111
f 2136/233/1870 2149/234/1870 2151/70/1870
f 2151/70/1111 2152/235/1111 2150/71/1111
f 2150/71/1870 2139/230/1870 2138/69/1870
f 2138/69/1870 2136/233/1870 2151/70/1870
f 2153/72/44 2156/74/44 2158/24/44
f 2155/4/1871 2154/128/1871 2163/129/1871
f 2157/34/1872 2159/36/1872 2161/207/1872
f 2164/45/790 2163/79/790 2161/77/790
f 2165/80/44 2168/82/44 2170/33/44
f 2167/7/1873 2166/132/1873 2175/133/1873
f 2169/40/1874 2171/42/1874 2173/208/1874
f 2176/51/790 2175/87/790 2173/85/790
f 2179/90/799 2181/92/799 2180/91/799
f 2179/209/1875 2178/6/1875 2183/5/1875
f 2181/138/1876 2187/136/1876 2186/35/1876
f 2185/96/49 2184/95/49 2188/98/49
f 2191/100/799 2193/101/799 2192/21/799
f 2191/210/1138 2190/9/1138 2195/8/1138
f 2193/142/1877 2199/140/1877 2198/41/1877
f 2197/105/49 2196/104/49 2200/107/49
f 2186/35/1143 2188/143/1143 2160/144/1143
f 2183/5/1144 2162/127/1144 2164/211/1144
f 2155/4/1141 2178/6/1141 2177/212/1141
f 2157/34/1878 2156/147/1878 2180/148/1878
f 2198/41/1139 2200/149/1139 2172/150/1139
f 2195/8/1140 2174/131/1140 2176/213/1140
f 2167/7/1141 2190/9/1141 2189/214/1141
f 2169/40/1142 2168/153/1142 2192/154/1142
f 2201/59/1879 2204/16/1879 2206/215/1879
f 2211/115/1880 2210/114/1880 2203/53/1880
f 2209/63/1881 2206/65/1881 2205/111/1881
f 2209/215/1882 2208/16/1882 2212/59/1882
f 2215/157/1883 2217/156/1883 2216/18/1883
f 2219/122/1884 2221/124/1884 2215/60/1884
f 2222/57/1885 2218/121/1885 2217/120/1885
f 2224/18/1886 2223/156/1886 2221/157/1886
f 2212/59/1154 2220/17/1154 2219/159/1154
f 2201/59/1887 2203/158/1887 2214/159/1887
f 2216/18/1156 2218/160/1156 2205/161/1156
f 2224/18/1888 2208/16/1888 2207/161/1888
f 2156/162/1103 2153/236/1103 2177/88/1103
f 2239/163/1889 2259/163/1889 2258/164/1889
f 2228/165/1890 2226/166/1890 2246/166/1890
f 2238/164/1891 2258/164/1891 2255/167/1891
f 2240/168/1892 2237/169/1892 2257/169/1892
f 2230/170/1893 2231/171/1893 2251/171/1893
f 2237/169/1894 2236/172/1894 2256/172/1894
f 2241/173/1895 2261/173/1895 2259/163/1895
f 2229/174/1896 2249/174/1896 2252/175/1896
f 2244/176/1 2264/176/1 2247/177/1
f 2242/178/1897 2240/168/1897 2260/168/1897
f 2262/180/1167 2261/179/1167 2263/189/1167
f 2260/168/1898 2259/163/1898 2261/173/1898
f 2257/169/1899 2258/164/1899 2259/163/1899
f 2254/182/1900 2253/181/1900 2255/167/1900
f 2252/184/1171 2251/183/1171 2253/181/1171
f 2249/174/1172 2250/170/1172 2251/171/1172
f 2245/190/1901 2247/185/1901 2248/165/1901
f 2246/187/1902 2250/170/1902 2249/174/1902
f 2247/177/1903 2264/176/1903 2263/189/1903
f 2256/172/1176 2255/167/1176 2258/164/1176
f 2227/185/1904 2247/185/1904 2245/190/1904
f 2234/182/1905 2254/182/1905 2256/172/1905
f 2230/170/1179 2250/170/1179 2246/187/1179
f 2233/181/1906 2235/167/1906 2255/167/1906
f 2244/176/1907 2242/180/1907 2262/180/1907
f 2229/174/1182 2225/186/1182 2245/186/1182
f 2232/184/1908 2252/184/1908 2254/182/1908
f 2243/189/1909 2263/189/1909 2261/179/1909
f 2243/189/3 2228/188/3 2248/188/3
f 2231/183/1910 2233/181/1910 2253/181/1910
f 2268/191/101 2267/192/101 2265/192/101
f 2269/193/81 2271/193/81 2272/194/81
f 2306/196/103 2305/195/103 2272/194/103
f 2306/196/107 2271/193/107 2269/193/107
f 2308/198/108 2270/194/108 2272/194/108
f 2307/197/106 2269/193/106 2270/194/106
f 2275/10/108 2276/199/108 2274/199/108
f 2278/199/107 2280/199/107 2279/10/107
f 2274/199/106 2276/199/106 2280/199/106
f 2274/199/105 2278/199/105 2277/10/105
f 2273/10/103 2277/10/103 2279/10/103
f 2275/10/104 2279/10/104 2280/199/104
f 2283/10/108 2284/199/108 2282/199/108
f 2286/199/107 2288/199/107 2287/10/107
f 2282/199/106 2284/199/106 2288/199/106
f 2282/199/105 2286/199/105 2285/10/105
f 2281/10/103 2285/10/103 2287/10/103
f 2283/10/104 2287/10/104 2288/199/104
f 2291/10/108 2292/199/108 2290/199/108
f 2294/199/107 2296/199/107 2295/10/107
f 2290/199/106 2292/199/106 2296/199/106
f 2290/199/105 2294/199/105 2293/10/105
f 2289/10/103 2293/10/103 2295/10/103
f 2291/10/104 2295/10/104 2296/199/104
f 2299/10/108 2300/199/108 2298/199/108
f 2302/199/107 2304/199/107 2303/10/107
f 2298/199/106 2300/199/106 2304/199/106
f 2298/199/105 2302/199/105 2301/10/105
f 2297/10/103 2301/10/103 2303/10/103
f 2299/10/104 2303/10/104 2304/199/104
f 2310/203/1186 2307/197/1186 2308/198/1186
f 2311/201/108 2312/200/108 2308/198/108
f 2309/202/107 2306/196/107 2307/197/107
f 2309/202/1911 2311/201/1911 2305/195/1911
f 2267/192/1188 2268/191/1188 2311/201/1188
f 2265/192/107 2267/192/107 2309/202/107
f 2266/191/108 2312/200/108 2311/201/108
f 2265/192/1189 2310/203/1189 2312/200/1189
f 2313/59/399 2325/17/399 2328/18/399
f 2315/53/1912 2322/114/1912 2331/54/1912
f 2317/56/1913 2330/121/1913 2334/57/1913
f 2324/59/1557 2320/16/1557 2336/18/1557
f 2329/62/1108 2327/60/1108 2333/124/1108
f 2318/65/1109 2321/63/1109 2323/206/1109
f 2313/59/1914 2316/16/1914 2318/215/1914
f 2323/115/1880 2322/114/1880 2315/53/1880
f 2321/63/1881 2318/65/1881 2317/111/1881
f 2321/215/1915 2320/16/1915 2324/59/1915
f 2327/157/1916 2329/156/1916 2328/18/1916
f 2331/122/1884 2333/124/1884 2327/60/1884
f 2334/57/1917 2330/121/1917 2329/120/1917
f 2336/18/1886 2335/156/1886 2333/157/1886
f 2324/59/1154 2332/17/1154 2331/159/1154
f 2313/59/1918 2315/158/1918 2326/159/1918
f 2328/18/1919 2330/160/1919 2317/161/1919
f 2336/18/1888 2320/16/1888 2319/161/1888
f 2337/59/1504 2349/17/1504 2352/18/1504
f 2339/53/1912 2346/114/1912 2355/54/1912
f 2341/56/1913 2354/121/1913 2358/57/1913
f 2348/59/1557 2344/16/1557 2360/18/1557
f 2353/62/1108 2351/60/1108 2357/124/1108
f 2342/65/1109 2345/63/1109 2347/206/1109
f 2337/59/1920 2340/16/1920 2342/215/1920
f 2347/115/1880 2346/114/1880 2339/53/1880
f 2345/63/1881 2342/65/1881 2341/111/1881
f 2345/215/1921 2344/16/1921 2348/59/1921
f 2351/157/1883 2353/156/1883 2352/18/1883
f 2355/122/1922 2357/124/1922 2351/60/1922
f 2358/57/1917 2354/121/1917 2353/120/1917
f 2360/18/1886 2359/156/1886 2357/157/1886
f 2348/59/1154 2356/17/1154 2355/159/1154
f 2337/59/1887 2339/158/1887 2350/159/1887
f 2352/18/1923 2354/160/1923 2341/161/1923
f 2360/18/1924 2344/16/1924 2343/161/1924
f 2363/1/233 2364/216/233 2361/2/233
f 2398/127/1208 2419/5/1208 2414/6/1208
f 2410/131/1208 2431/8/1208 2426/9/1208
f 2365/10/213 2367/199/213 2368/11/213
f 2429/15/1209 2427/13/1209 2433/105/1209
f 2437/59/1208 2449/17/1208 2452/18/1208
f 2404/19/528 2401/217/528 2425/20/528
f 2394/24/1210 2397/22/1210 2399/204/1210
f 2417/27/1209 2415/25/1209 2421/96/1209
f 2361/28/526 2364/218/526 2367/29/526
f 2406/33/1210 2409/31/1210 2411/205/1210
f 2395/36/1211 2393/34/1211 2418/137/1211
f 2362/37/528 2366/219/528 2368/38/528
f 2407/42/1211 2405/40/1211 2430/141/1211
f 2396/43/526 2424/220/526 2420/44/526
f 2364/48/1211 2363/46/1211 2368/52/1211
f 2408/49/526 2436/221/526 2432/50/526
f 2361/48/1208 2365/47/1208 2366/52/1208
f 2439/53/1925 2446/114/1925 2455/54/1925
f 2441/56/530 2454/121/530 2458/57/530
f 2448/59/1211 2444/16/1211 2460/18/1211
f 2453/62/1215 2451/60/1215 2457/124/1215
f 2442/65/1216 2445/63/1216 2447/206/1216
f 2371/68/1926 2369/222/1926 2377/223/1926
f 2377/223/1217 2379/224/1217 2380/66/1217
f 2380/66/1217 2378/225/1217 2381/226/1217
f 2381/226/1927 2383/227/1927 2384/67/1927
f 2384/67/1928 2382/228/1928 2371/68/1928
f 2371/68/1928 2377/223/1928 2380/66/1928
f 2380/66/1928 2381/226/1928 2384/67/1928
f 2386/71/1929 2373/229/1929 2375/230/1929
f 2375/230/1218 2376/231/1218 2374/69/1218
f 2374/69/1218 2370/232/1218 2372/233/1218
f 2372/233/1930 2385/234/1930 2387/70/1930
f 2387/70/1218 2388/235/1218 2386/71/1218
f 2386/71/1218 2375/230/1218 2374/69/1218
f 2374/69/1218 2372/233/1218 2387/70/1218
f 2389/72/179 2392/74/179 2394/24/179
f 2391/4/1931 2390/128/1931 2399/129/1931
f 2393/34/1932 2395/36/1932 2397/207/1932
f 2400/45/902 2399/79/902 2397/77/902
f 2401/80/177 2404/82/177 2406/33/177
f 2403/7/1933 2402/132/1933 2411/133/1933
f 2405/40/1932 2407/42/1932 2409/208/1932
f 2412/51/902 2411/87/902 2409/85/902
f 2415/90/1246 2417/92/1246 2416/91/1246
f 2415/209/1247 2414/6/1247 2419/5/1247
f 2417/138/1934 2423/136/1934 2422/35/1934
f 2421/96/184 2420/95/184 2424/98/184
f 2427/100/910 2429/101/910 2428/21/910
f 2427/210/1247 2426/9/1247 2431/8/1247
f 2429/142/1934 2435/140/1934 2434/41/1934
f 2433/105/184 2432/104/184 2436/107/184
f 2422/35/1253 2424/143/1253 2396/144/1253
f 2419/5/1250 2398/127/1250 2400/211/1250
f 2391/4/1251 2414/6/1251 2413/212/1251
f 2393/34/1252 2392/147/1252 2416/148/1252
f 2434/41/1935 2436/149/1935 2408/150/1935
f 2431/8/1250 2410/131/1250 2412/213/1250
f 2403/7/1936 2426/9/1936 2425/214/1936
f 2405/40/1252 2404/153/1252 2428/154/1252
f 2437/59/1937 2440/16/1937 2442/215/1937
f 2447/115/1938 2446/114/1938 2439/53/1938
f 2445/63/1939 2442/65/1939 2441/111/1939
f 2445/215/1940 2444/16/1940 2448/59/1940
f 2451/157/1941 2453/156/1941 2452/18/1941
f 2455/122/1942 2457/124/1942 2451/60/1942
f 2458/57/1943 2454/121/1943 2453/120/1943
f 2460/18/1944 2459/156/1944 2457/157/1944
f 2448/59/1945 2456/17/1945 2455/159/1945
f 2437/59/1946 2439/158/1946 2450/159/1946
f 2452/18/1947 2454/160/1947 2441/161/1947
f 2460/18/1948 2444/16/1948 2443/161/1948
f 2392/162/528 2389/236/528 2413/88/528
f 2475/163/1949 2495/163/1949 2494/164/1949
f 2464/165/1950 2462/166/1950 2482/166/1950
f 2474/164/1951 2494/164/1951 2491/167/1951
f 2476/168/1952 2473/169/1952 2493/169/1952
f 2466/170/1953 2467/171/1953 2487/171/1953
f 2473/169/1954 2472/172/1954 2492/172/1954
f 2477/173/1955 2497/173/1955 2495/163/1955
f 2465/174/1956 2485/174/1956 2488/175/1956
f 2480/176/135 2500/176/135 2483/177/135
f 2478/178/1957 2476/168/1957 2496/168/1957
f 2498/180/1276 2497/179/1276 2499/189/1276
f 2496/168/1958 2495/163/1958 2497/173/1958
f 2493/169/1278 2494/164/1278 2495/163/1278
f 2490/182/1279 2489/181/1279 2491/167/1279
f 2488/184/1959 2487/183/1959 2489/181/1959
f 2485/174/1281 2486/170/1281 2487/171/1281
f 2481/190/1282 2483/185/1282 2484/165/1282
f 2482/187/1960 2486/170/1960 2485/174/1960
f 2483/177/1961 2500/176/1961 2499/189/1961
f 2492/172/1285 2491/167/1285 2494/164/1285
f 2463/185/1962 2483/185/1962 2481/190/1962
f 2470/182/1963 2490/182/1963 2492/172/1963
f 2466/170/610 2486/170/610 2482/187/610
f 2469/181/1964 2471/167/1964 2491/167/1964
f 2480/176/1965 2478/180/1965 2498/180/1965
f 2465/174/607 2461/186/607 2481/186/607
f 2468/184/1966 2488/184/1966 2490/182/1966
f 2479/189/1967 2499/189/1967 2497/179/1967
f 2479/189/137 2464/188/137 2484/188/137
f 2467/183/1968 2469/181/1968 2489/181/1968
f 2504/191/233 2503/192/233 2501/192/233
f 2505/193/213 2507/193/213 2508/194/213
f 2542/196/103 2541/195/103 2508/194/103
f 2542/196/237 2507/193/237 2505/193/237
f 2544/198/238 2506/194/238 2508/194/238
f 2543/197/106 2505/193/106 2506/194/106
f 2511/10/238 2512/199/238 2510/199/238
f 2514/199/237 2516/199/237 2515/10/237
f 2510/199/106 2512/199/106 2516/199/106
f 2510/199/236 2514/199/236 2513/10/236
f 2509/10/103 2513/10/103 2515/10/103
f 2511/10/235 2515/10/235 2516/199/235
f 2519/10/238 2520/199/238 2518/199/238
f 2522/199/237 2524/199/237 2523/10/237
f 2518/199/106 2520/199/106 2524/199/106
f 2518/199/236 2522/199/236 2521/10/236
f 2517/10/103 2521/10/103 2523/10/103
f 2519/10/235 2523/10/235 2524/199/235
f 2527/10/238 2528/199/238 2526/199/238
f 2530/199/237 2532/199/237 2531/10/237
f 2526/199/106 2528/199/106 2532/199/106
f 2526/199/236 2530/199/236 2529/10/236
f 2525/10/103 2529/10/103 2531/10/103
f 2527/10/235 2531/10/235 2532/199/235
f 2535/10/238 2536/199/238 2534/199/238
f 2538/199/237 2540/199/237 2539/10/237
f 2534/199/106 2536/199/106 2540/199/106
f 2534/199/236 2538/199/236 2537/10/236
f 2533/10/103 2537/10/103 2539/10/103
f 2535/10/235 2539/10/235 2540/199/235
f 2546/203/1293 2543/197/1293 2544/198/1293
f 2547/201/238 2548/200/238 2544/198/238
f 2545/202/237 2542/196/237 2543/197/237
f 2545/202/1294 2547/201/1294 2541/195/1294
f 2503/192/1969 2504/191/1969 2547/201/1969
f 2501/192/237 2503/192/237 2545/202/237
f 2502/191/238 2548/200/238 2547/201/238
f 2501/192/1296 2546/203/1296 2548/200/1296
f 2549/59/1208 2561/17/1208 2564/18/1208
f 2551/53/1925 2558/114/1925 2567/54/1925
f 2553/56/530 2566/121/530 2570/57/530
f 2560/59/1211 2556/16/1211 2572/18/1211
f 2565/62/1215 2563/60/1215 2569/124/1215
f 2554/65/1216 2557/63/1216 2559/206/1216
f 2549/59/1937 2552/16/1937 2554/215/1937
f 2559/115/1938 2558/114/1938 2551/53/1938
f 2557/63/1939 2554/65/1939 2553/111/1939
f 2557/215/1940 2556/16/1940 2560/59/1940
f 2563/157/1970 2565/156/1970 2564/18/1970
f 2567/122/1942 2569/124/1942 2563/60/1942
f 2570/57/1971 2566/121/1971 2565/120/1971
f 2572/18/1972 2571/156/1972 2569/157/1972
f 2560/59/1304 2568/17/1304 2567/159/1304
f 2549/59/1946 2551/158/1946 2562/159/1946
f 2564/18/1947 2566/160/1947 2553/161/1947
f 2572/18/1948 2556/16/1948 2555/161/1948
f 2573/59/1208 2585/17/1208 2588/18/1208
f 2575/53/1925 2582/114/1925 2591/54/1925
f 2577/56/530 2590/121/530 2594/57/530
f 2584/59/1211 2580/16/1211 2596/18/1211
f 2589/62/1215 2587/60/1215 2593/124/1215
f 2578/65/1216 2581/63/1216 2583/206/1216
f 2573/59/1973 2576/16/1973 2578/215/1973
f 2583/115/1974 2582/114/1974 2575/53/1974
f 2581/63/1975 2578/65/1975 2577/111/1975
f 2581/215/1976 2580/16/1976 2584/59/1976
f 2587/157/1977 2589/156/1977 2588/18/1977
f 2591/122/1978 2593/124/1978 2587/60/1978
f 2594/57/1943 2590/121/1943 2589/120/1943
f 2596/18/1944 2595/156/1944 2593/157/1944
f 2584/59/1945 2592/17/1945 2591/159/1945
f 2573/59/1979 2575/158/1979 2586/159/1979
f 2588/18/1980 2590/160/1980 2577/161/1980
f 2596/18/1948 2580/16/1948 2579/161/1948
