# Blender 5.2.2 LTS
# www.blender.org
o Skull
v -20.218950 0.412940 0.999335
v -20.256607 0.656979 1.140264
v -20.227600 0.857984 0.853641
v -20.962320 1.259685 1.485424
v -21.009150 0.771418 1.604279
v -20.662737 1.222216 1.320098
v -20.697418 0.841754 1.491577
v -20.984547 -1.200513 1.532170
v -20.460592 -0.367992 1.186897
v -20.912983 -0.721290 1.548473
v -20.822786 -0.652028 1.494518
v -21.068272 -0.766180 1.651551
v -21.030048 -0.955617 1.565757
v -20.992346 -0.050008 1.535908
v -21.138641 0.211637 1.690031
v -21.133625 -0.180875 1.884297
v -21.020472 -0.320151 1.600874
v -20.293774 -0.134966 1.070027
v -21.060516 -0.550380 1.676244
v -21.146040 0.480048 1.595148
v -20.148365 0.445045 0.708754
v -20.129036 0.512271 0.351562
v -20.131653 1.074176 0.523060
v -20.920845 1.763900 1.206302
v -20.593531 1.669341 1.042277
v -20.912439 -0.605778 1.576157
v -20.812683 -0.403775 1.481165
v -20.681295 -0.109049 1.399793
v -20.409121 0.795010 1.324774
v -20.371073 1.116477 1.109182
v -20.287319 1.474392 0.811248
v -20.810194 -0.855257 1.437697
v -20.718092 -1.062965 1.337096
v -20.017542 0.333697 0.102906
v -20.063770 1.292046 0.122349
v -20.698263 -1.244870 0.931190
v -20.941383 -1.371205 1.398912
v -20.688320 -1.205423 1.167465
v -20.889391 0.491788 1.388454
v -20.766933 0.538967 1.398132
v -21.089966 -0.660881 1.616371
v -20.952417 -1.374940 1.140012
v -21.135752 -0.057401 1.864215
v -21.065113 -0.236993 1.715302
v -21.037842 -0.136849 1.699752
v -20.233095 -0.275322 0.765930
v -20.237070 -0.539972 0.152862
v -20.168840 -0.383526 0.442395
v -20.190416 0.139148 1.003297
v -20.142767 0.064810 0.396744
v -20.079622 0.107534 0.110964
v -20.101297 0.076450 0.697520
v -20.294312 -0.721428 0.664994
v -20.358482 -0.569712 0.904025
v -20.305880 -0.841227 0.412168
v -20.614241 0.520428 1.351930
v -20.543354 0.474524 1.267825
v -20.547798 0.347149 1.275342
v -20.677134 0.314832 1.353218
v -20.915668 0.381550 1.348577
v -20.943277 0.433980 1.361521
v -20.833349 0.337144 1.370521
v -20.506868 0.412141 1.215675
v -20.580254 0.414252 1.316785
v -20.876623 0.437647 1.375060
v -20.654985 0.424494 1.371497
v -20.790224 0.441444 1.394439
v -20.369934 0.412830 1.141051
v -20.398399 0.551096 1.226924
v -21.036106 0.448082 1.447994
v -21.020166 0.295187 1.445779
v -20.902082 0.187379 1.429344
v -20.676239 0.159791 1.364502
v -20.935549 0.590637 1.490802
v -20.732656 0.659935 1.461128
v -20.511786 0.634910 1.354417
v -20.390207 0.223920 1.209039
v -20.155439 -0.283836 0.076445
v -20.090517 -0.089164 0.151002
v -20.071672 0.816284 -0.014097
v -20.052017 0.619955 -0.045173
v -20.410013 0.002685 1.266201
v -20.213608 1.751362 0.341865
v -20.490707 2.041050 0.495543
v -20.844301 2.191369 0.594648
v -20.771036 2.327137 -0.340250
v -20.712996 1.942412 -1.148213
v -20.690208 1.133229 -1.550635
v -20.716095 0.284444 -1.466019
v -20.718527 -0.581869 -0.592932
v -20.385349 2.144994 -0.256725
v -20.268505 1.766125 -0.858944
v -20.237225 1.013558 -1.165478
v -20.292818 0.253089 -1.072844
v -20.773283 -0.286963 -1.195053
v -20.239035 -0.356118 -0.299596
v -20.137081 -0.165340 -0.134018
v -20.146734 0.179332 -0.549498
v -20.095388 0.153119 -0.299821
v -20.068701 0.769420 -0.523603
v -20.058844 0.495010 -0.278255
v -20.384750 -0.310844 -0.816769
v -20.170940 1.884590 -0.108237
v -20.065765 1.494580 -0.361873
v -19.904421 0.585960 -0.009512
v -20.059095 0.135185 -0.029251
v -20.043512 -0.245921 0.026684
v -20.032291 -0.095444 0.070446
v -19.945288 0.637786 -0.103203
v -20.011688 -0.134686 -0.127052
v -19.942146 0.145981 -0.317006
v -19.910480 0.504442 -0.295195
v -19.925682 0.138231 -0.136317
v -20.838421 -0.489152 -0.968582
v -20.492395 -0.509884 -0.667220
v -20.349001 -0.587024 -0.276562
v -20.357557 -0.717382 0.035076
v -20.438335 -0.880600 0.273113
v -20.743578 -1.214513 0.736435
v -20.963703 -1.317475 0.900612
v -20.467592 -0.979669 0.899280
v -20.510511 -0.836261 1.103294
v -20.646395 -0.773283 -0.032227
v -20.482901 -1.061473 0.665851
v -20.580254 -1.054307 0.512093
v -20.641016 -0.636003 1.335636
v -20.789591 -1.022693 0.412305
v -20.706528 -0.892367 0.194312
v -20.983404 -0.668838 1.554251
v -19.886074 0.376416 -0.150159
v -19.977024 -0.046318 -0.047347
v -20.081730 0.430387 0.155032
v -20.130835 0.087738 0.211917
v -20.138647 -0.209552 0.211786
v -20.013163 -0.219204 0.101031
v -19.979702 0.419096 -0.026763
v -19.867641 0.138486 -0.248435
v -19.955585 -0.103963 -0.077988
v -19.816193 0.454847 -0.245152
v -20.633566 -0.662438 -0.293147
v -20.907309 -0.550380 -0.816492
v -20.998400 -1.239733 0.734988
v -20.886848 -1.150566 0.600327
v -22.271700 0.412940 0.999336
v -22.234043 0.656976 1.140265
v -22.263050 0.857981 0.853641
v -21.528330 1.259685 1.485425
v -21.481501 0.771418 1.604280
v -21.827913 1.222212 1.320098
v -21.793232 0.841754 1.491577
v -21.506104 -1.200513 1.532170
v -22.030058 -0.367992 1.186897
v -21.577665 -0.721299 1.548474
v -21.667864 -0.652032 1.494518
v -21.422379 -0.766180 1.651550
v -21.460602 -0.955622 1.565758
v -21.498306 -0.050015 1.535908
v -21.352009 0.211634 1.690030
v -21.357025 -0.180876 1.884295
v -21.470179 -0.320151 1.600874
v -22.196877 -0.134973 1.070026
v -21.430134 -0.550381 1.676245
v -21.344610 0.480042 1.595147
v -22.342285 0.445045 0.708754
v -22.361612 0.512271 0.351562
v -22.358997 1.074179 0.523060
v -21.569805 1.763900 1.206302
v -21.897120 1.669341 1.042277
v -21.578211 -0.605781 1.576158
v -21.677967 -0.403775 1.481165
v -21.809357 -0.109037 1.399792
v -22.081530 0.795013 1.324774
v -22.119577 1.116474 1.109182
v -22.203333 1.474392 0.811248
v -21.680456 -0.855254 1.437696
v -21.772558 -1.062961 1.337096
v -22.473104 0.333704 0.102919
v -22.426880 1.292050 0.122349
v -21.792387 -1.244866 0.931189
v -21.549267 -1.371210 1.398913
v -21.802330 -1.205421 1.167465
v -21.601259 0.491784 1.388455
v -21.723717 0.538971 1.398131
v -21.400684 -0.660876 1.616370
v -21.538233 -1.374939 1.140013
v -21.354898 -0.057401 1.864215
v -21.425537 -0.237006 1.715302
v -21.452808 -0.136842 1.699751
v -22.257557 -0.275325 0.765930
v -22.253580 -0.539992 0.152862
v -22.321810 -0.383533 0.442394
v -22.300234 0.139141 1.003298
v -22.347883 0.064803 0.396744
v -22.411028 0.107538 0.110964
v -22.389353 0.076449 0.697520
v -22.196339 -0.721430 0.664994
v -22.132168 -0.569707 0.904025
v -22.184771 -0.841236 0.412168
v -21.876410 0.520436 1.351930
v -21.947298 0.474537 1.267824
v -21.942852 0.347145 1.275343
v -21.813517 0.314832 1.353218
v -21.574978 0.381552 1.348578
v -21.547382 0.433963 1.361517
v -21.657301 0.337141 1.370520
v -21.983776 0.412119 1.215679
v -21.910395 0.414226 1.316784
v -21.614029 0.437647 1.375060
v -21.835663 0.424475 1.371497
v -21.700428 0.441451 1.394439
v -22.120716 0.412826 1.141050
v -22.092251 0.551099 1.226925
v -21.454546 0.448085 1.447994
v -21.470482 0.295198 1.445780
v -21.588568 0.187379 1.429344
v -21.814409 0.159794 1.364502
v -21.555101 0.590631 1.490801
v -21.757994 0.659942 1.461128
v -21.978867 0.634910 1.354416
v -22.100443 0.223901 1.209039
v -22.335211 -0.283833 0.076445
v -22.400131 -0.089157 0.151003
v -22.418978 0.816284 -0.014097
v -22.438633 0.619955 -0.045173
v -22.080637 0.002689 1.266200
v -22.277042 1.751359 0.341866
v -21.999943 2.041049 0.495543
v -21.646349 2.191369 0.594648
v -21.719614 2.327137 -0.340250
v -21.777655 1.942412 -1.148213
v -21.800442 1.133229 -1.550635
v -21.774555 0.284444 -1.466019
v -21.772123 -0.581869 -0.592932
v -22.105301 2.144994 -0.256725
v -22.222145 1.766125 -0.858944
v -22.253426 1.013558 -1.165478
v -22.197832 0.253089 -1.072844
v -21.717367 -0.286963 -1.195053
v -22.251616 -0.356117 -0.299596
v -22.353569 -0.165340 -0.134018
v -22.343916 0.179332 -0.549498
v -22.395260 0.153119 -0.299821
v -22.421949 0.769423 -0.523603
v -22.431807 0.495010 -0.278255
v -22.105900 -0.310844 -0.816769
v -22.319710 1.884591 -0.108237
v -22.424885 1.494580 -0.361873
v -22.586231 0.585960 -0.009512
v -22.431555 0.135194 -0.029250
v -22.447138 -0.245921 0.026684
v -22.458357 -0.095443 0.070446
v -22.545361 0.637780 -0.103203
v -22.478962 -0.134686 -0.127052
v -22.548506 0.145975 -0.317006
v -22.580170 0.504442 -0.295195
v -22.564968 0.138221 -0.136317
v -21.652229 -0.489152 -0.968582
v -21.998255 -0.509884 -0.667220
v -22.141649 -0.587024 -0.276562
v -22.133093 -0.717382 0.035075
v -22.052315 -0.880595 0.273113
v -21.747072 -1.214505 0.736435
v -21.526947 -1.317475 0.900613
v -22.023058 -0.979668 0.899280
v -21.980139 -0.836258 1.103294
v -21.844255 -0.773283 -0.032227
v -22.007750 -1.061471 0.665851
v -21.910398 -1.054304 0.512093
v -21.849634 -0.635997 1.335635
v -21.701059 -1.022693 0.412305
v -21.784122 -0.892367 0.194312
v -21.507238 -0.668835 1.554252
v -22.604578 0.376416 -0.150165
v -22.513628 -0.046322 -0.047348
v -21.245323 0.493852 1.642891
v -21.245325 -0.980604 1.612048
v -21.245325 -0.778271 1.691324
v -21.245323 -0.190618 1.935032
v -21.245323 -0.344179 1.678919
v -21.245325 -0.548907 1.717256
v -21.245325 -1.247275 1.607284
v -21.245325 0.807397 1.648108
v -21.245325 1.788957 1.259374
v -21.245325 0.240671 1.774156
v -21.245323 -1.408442 1.463558
v -21.245325 -1.414881 1.194116
v -21.245323 -0.692946 1.649299
v -21.245335 -0.252350 1.750924
v -21.245321 -0.025807 1.928260
v -21.245325 1.268499 1.527721
v -21.245325 2.239269 0.630293
v -21.245325 2.395211 -0.363066
v -21.245325 2.004617 -1.225177
v -21.245325 1.160552 -1.662516
v -21.245325 0.288347 -1.592349
v -21.245325 -0.622604 -0.595155
v -21.245325 -0.281838 -1.332453
v -21.245325 -0.501966 -1.078082
v -21.245325 -1.339421 0.935582
v -21.245325 -0.793135 -0.073606
v -21.245325 -1.011174 0.367402
v -21.245325 -0.895356 0.151417
v -22.408920 0.430399 0.155032
v -22.359816 0.087732 0.211917
v -22.352005 -0.209556 0.211786
v -22.477488 -0.219196 0.101033
v -22.510950 0.419109 -0.026764
v -22.623007 0.138486 -0.248434
v -22.535065 -0.103963 -0.077989
v -22.674458 0.454844 -0.245157
v -21.245325 -0.700332 -0.321867
v -21.857084 -0.662438 -0.293147
v -21.245325 -0.570527 -0.848781
v -21.583342 -0.550380 -0.816492
v -21.245325 -1.233879 0.722042
v -21.492250 -1.239740 0.734988
v -21.245325 -1.127409 0.556134
v -21.603802 -1.150566 0.600327
v -20.287415 0.411093 1.083823
v -20.232128 0.543759 1.057705
v -20.307693 0.740225 1.233566
v -20.320343 0.595878 1.198551
v -20.849476 0.827767 1.552134
v -21.094543 0.463184 1.533043
v -21.097635 0.605391 1.600819
v -21.007271 -1.081690 1.548326
v -21.245358 -1.115246 1.604735
v -21.114695 -1.233572 1.586158
v -20.864309 -0.681451 1.499059
v -20.866400 -0.776677 1.498080
v -21.245337 -0.863247 1.641965
v -21.139900 -0.975722 1.605744
v -21.076397 0.077015 1.613469
v -21.179762 -0.183745 1.910613
v -21.245323 -0.127214 1.964160
v -21.149197 0.056270 1.789632
v -20.980661 -0.200184 1.553164
v -21.046492 -0.264456 1.646052
v -21.245327 -0.285713 1.690645
v -21.133268 -0.342669 1.659286
v -20.706026 -0.773357 1.383609
v -20.376375 -0.252471 1.122817
v -21.044886 -0.447739 1.643439
v -21.144569 -0.548450 1.716667
v -21.245296 -0.442950 1.697961
v -21.245251 0.634016 1.641988
v -21.134684 0.800260 1.646917
v -21.193939 0.490304 1.633962
v -21.108725 1.265123 1.515492
v -20.753572 1.729301 1.139949
v -21.084423 1.782990 1.246176
v -20.946537 1.512267 1.369791
v -21.245325 1.528890 1.422846
v -20.164288 0.966896 0.698186
v -20.628088 1.450210 1.209269
v -20.121775 0.801904 0.424008
v -20.865152 -0.519564 1.534448
v -20.149225 0.467965 0.541723
v -20.205879 1.296616 0.652968
v -20.329145 1.301189 0.978831
v -21.245325 -0.842689 0.040467
v -20.947205 0.086592 1.478015
v -20.686474 0.051644 1.389593
v -20.111116 0.432881 0.235003
v -20.096764 1.184920 0.331787
v -20.059940 1.034897 0.036944
v -21.097134 -1.406872 1.184617
v -21.245327 -1.421796 1.334297
v -21.159491 -0.656779 1.637618
v -21.083324 -0.708513 1.640075
v -20.987848 -0.744429 1.604920
v -21.158644 0.361959 1.632158
v -20.855959 -0.631789 1.528588
v -20.672390 -0.831754 0.082973
v -20.821020 -1.317929 1.052948
v -20.914623 -0.350843 1.541757
v -21.085739 0.258655 1.558118
v -20.433716 1.591989 0.937851
v -20.984243 -0.570568 1.628180
v -20.542921 0.829589 1.415377
v -21.245333 0.098365 1.856678
v -21.049341 -0.849730 1.615938
v -21.157190 -0.775133 1.681018
v -20.849005 -1.147996 1.447370
v -20.965363 -1.290361 1.473425
v -21.245331 -0.722010 1.674170
v -20.916103 -0.916408 1.510539
v -20.942303 -1.388377 1.270930
v -20.681274 -1.243338 1.053105
v -21.097847 -1.400012 1.451173
v -21.245314 -0.633998 1.701425
v -21.079462 -0.616699 1.651555
v -20.912251 0.543904 1.421073
v -20.752365 0.599566 1.417525
v -20.572935 0.578595 1.345783
v -20.569839 0.500736 1.309890
v -20.600578 0.323026 1.318583
v -20.936718 0.409425 1.347694
v -20.881859 0.357363 1.354728
v -20.760534 0.321804 1.371614
v -20.923866 0.461001 1.362799
v -20.685133 0.535095 1.382954
v -20.523006 0.380602 1.237918
v -20.837301 0.521342 1.403682
v -20.524883 0.443114 1.236447
v -21.032801 -0.672361 1.575945
v -21.128866 -0.139410 1.890138
v -21.245363 -0.226767 1.846852
v -21.101244 -0.206274 1.812922
v -21.029062 -0.192342 1.702748
v -21.081537 -0.101208 1.770569
v -21.153275 -0.190526 1.717154
v -21.184566 -0.031600 1.920384
v -21.030743 -0.106358 1.634898
v -20.191334 -0.339937 0.615584
v -20.178085 -0.499782 0.311820
v -20.229332 -0.575089 0.557296
v -20.245626 -0.212089 0.925407
v -20.701298 -1.141527 1.261533
v -21.245335 -1.355176 1.566100
v -20.600239 -0.959788 1.222084
v -20.245937 -0.709930 0.292469
v -20.172718 0.657958 0.766012
v -20.282850 1.011865 0.978719
v -20.811029 1.248752 1.419320
v -20.503796 1.185079 1.228067
v -20.194515 0.425139 0.861377
v -20.240080 0.751291 1.011600
v -20.391394 0.940236 1.229922
v -20.682728 1.010990 1.423675
v -20.982821 1.013050 1.566583
v -21.245325 1.020614 1.604662
v -20.232313 -0.002240 1.029185
v -20.153913 -0.145952 0.424510
v -20.159172 -0.273463 0.160617
v -20.167307 -0.103327 0.722746
v -20.139637 0.074475 0.290193
v -20.135130 0.065590 0.536842
v -20.142998 0.102609 0.858351
v -20.796843 -1.309655 1.302190
v -20.373486 -0.854659 0.777979
v -20.293980 -0.429144 0.826547
v -20.384018 -0.959172 0.535178
v -20.295656 -0.784112 0.534630
v -20.301991 -0.654914 0.791691
v -20.401020 -0.475516 1.039791
v -20.761778 -0.957954 1.383376
v -20.115366 0.253827 0.200527
v -20.133831 0.261519 0.382612
v -20.200838 0.279367 0.985191
v -20.269423 0.182025 1.114728
v -20.854860 -0.077583 1.478093
v -20.556213 -0.247676 1.307229
v -20.759436 -0.270094 1.444366
v -21.196411 0.240280 1.765558
v -20.124079 0.257192 0.688349
v -20.564335 0.437131 1.301046
v -20.571293 0.387907 1.303026
v -20.893341 0.414594 1.361413
v -20.881378 0.460357 1.373477
v -20.845312 0.441022 1.387857
v -20.606600 0.417209 1.341952
v -20.721521 0.434918 1.390066
v -20.636997 0.468955 1.368186
v -20.777113 0.486239 1.398867
v -20.809238 0.394487 1.384606
v -20.668415 0.374629 1.366483
v -20.445105 0.414054 1.197676
v -20.483335 0.511263 1.243070
v -20.981182 0.441266 1.379695
v -20.956377 0.341766 1.381035
v -20.864542 0.270620 1.393704
v -20.672733 0.246954 1.361107
v -20.963207 0.656452 1.553333
v -20.716311 0.731648 1.490767
v -20.456823 0.700845 1.352565
v -20.484274 0.302523 1.248631
v -20.379576 0.488534 1.171389
v -20.843124 0.637516 1.486595
v -20.361658 0.328568 1.153195
v -21.002499 0.524516 1.475443
v -20.979088 0.231615 1.442270
v -21.038710 0.370242 1.441107
v -20.534632 0.183699 1.304417
v -20.442173 0.599863 1.288685
v -20.801170 0.161195 1.403048
v -20.614452 0.657139 1.414818
v -20.199587 -0.383789 0.109901
v -20.149578 -0.277149 0.300275
v -20.139528 -0.074869 0.227847
v -20.096996 0.703203 0.177329
v -20.061335 0.561921 0.074860
v -20.074799 0.676832 -0.033504
v -21.245317 0.371471 1.694482
v -20.520033 -0.034671 1.316610
v -20.353786 -0.055661 1.193328
v -20.394737 0.092084 1.243399
v -20.249653 1.626114 0.592798
v -20.121246 1.537058 0.231431
v -20.542459 1.876189 0.809806
v -20.339710 1.917633 0.428424
v -20.886127 1.993833 0.946934
v -20.659761 2.130501 0.551490
v -21.245291 2.033724 1.000093
v -21.041485 2.227450 0.621454
v -21.002247 2.377041 -0.357396
v -20.806101 2.313378 0.142235
v -21.245325 2.373330 0.151741
v -20.975594 1.988219 -1.208002
v -20.739117 2.202022 -0.782275
v -21.245325 2.271459 -0.834392
v -20.964201 1.154669 -1.636346
v -20.695839 1.569065 -1.411963
v -21.245325 1.615359 -1.509342
v -20.976627 0.287791 -1.561801
v -20.697638 0.690633 -1.554845
v -21.245325 0.702410 -1.674785
v -20.954830 -0.609850 -0.590600
v -21.245325 -0.044067 -1.468959
v -21.245325 -0.658465 -0.457938
v -20.956573 -1.354650 1.016723
v -20.440353 2.142610 0.122184
v -20.562767 2.250566 -0.309675
v -20.468512 1.870180 -1.034384
v -20.322691 2.017550 -0.588531
v -20.436113 1.089622 -1.395592
v -20.239708 1.413484 -1.059350
v -20.476973 0.275012 -1.301163
v -20.257227 0.619862 -1.160480
v -21.245325 -0.425104 -1.200763
v -20.742525 -0.048855 -1.334446
v -21.006823 -0.282789 -1.297649
v -20.187618 -0.240594 -0.183461
v -20.243315 -0.462965 -0.059522
v -20.148521 -0.250678 -0.025218
v -20.127703 0.158778 -0.381745
v -20.192026 -0.093856 -0.452165
v -20.118530 -0.022631 -0.231380
v -20.076469 0.565552 -0.356982
v -20.107273 0.457881 -0.592903
v -20.074358 0.336930 -0.319221
v -20.051168 0.595265 -0.175799
v -20.058636 0.836596 -0.240301
v -20.190119 0.216031 -0.800510
v -20.122221 0.900520 -0.865470
v -20.336916 -0.069412 -0.943370
v -20.555141 -0.296085 -1.029812
v -20.287796 -0.331424 -0.573025
v -20.182379 1.843526 0.086823
v -20.248146 2.010892 -0.178306
v -20.136372 1.630546 -0.623430
v -20.113243 1.745901 -0.224949
v -20.038912 1.388743 -0.109672
v -20.048582 1.164809 -0.477364
v -20.024618 -0.243895 0.064406
v -20.019352 0.285226 -0.032954
v -20.056183 -0.003449 0.018355
v -19.920710 0.632756 -0.054513
v -20.029345 -0.214578 -0.037665
v -19.978094 -0.012412 -0.228196
v -19.919132 0.337902 -0.337727
v -19.923332 0.612347 -0.196775
v -19.997494 0.626965 -0.071672
v -19.993254 0.490613 -0.265758
v -20.024113 0.154462 -0.287478
v -20.072685 -0.138862 -0.126281
v -20.089653 -0.255703 0.048813
v -20.077599 -0.224224 0.160591
v -20.101868 0.126246 0.042922
v -19.979521 0.542594 0.092207
v -19.912102 0.000924 -0.171653
v -19.873737 0.138377 -0.296611
v -19.986042 0.138821 -0.076164
v -20.805305 -0.421944 -1.072854
v -21.245325 -0.544227 -0.963420
v -21.040222 -0.496334 -1.050185
v -20.434324 -0.445300 -0.727764
v -20.647533 -0.492674 -0.837711
v -20.290871 -0.511300 -0.282927
v -20.395031 -0.541322 -0.471233
v -20.295563 -0.648836 0.081885
v -20.340853 -0.646469 -0.107420
v -20.368254 -0.862455 0.330032
v -20.389223 -0.796803 0.157335
v -20.714388 -1.237497 0.826101
v -20.504488 -0.967789 0.391940
v -21.245325 -1.382794 1.059567
v -20.587172 -1.157587 0.798700
v -21.099611 -1.335688 0.930116
v -20.844654 -1.275719 0.833310
v -20.459585 -1.037377 0.780411
v -20.572502 -1.097721 1.030550
v -20.527107 -1.060312 0.579451
v -20.657850 -1.138828 0.627565
v -20.631765 -0.715900 -0.156291
v -20.919567 -0.787100 -0.060605
v -20.873425 -0.528183 -0.879194
v -20.464573 -0.754283 -0.000893
v -20.429598 -0.706111 0.996682
v -20.482201 -0.914177 1.006176
v -20.536392 -0.498753 1.256275
v -20.551664 -0.742923 1.211148
v -21.245325 -1.070595 0.466344
v -20.835711 -1.088654 0.510922
v -20.995298 -1.013944 0.379925
v -21.245325 -0.952014 0.261278
v -20.746223 -0.956467 0.305285
v -20.952356 -0.894469 0.164452
v -20.541533 -0.889080 0.230050
v -20.658997 -1.037267 0.457578
v -20.759563 -0.647989 1.441288
v -20.714663 -0.495416 1.412036
v -20.957436 -0.687512 1.548970
v -20.953890 -0.646765 1.572386
v -19.829891 0.304888 -0.279962
v -19.851652 0.559997 -0.139647
v -19.833290 0.491677 -0.290460
v -19.983881 -0.178812 0.012937
v -19.970875 -0.126572 -0.108771
v -20.071548 0.241283 0.099940
v -20.105650 -0.015549 0.126964
v -20.068842 -0.100241 0.120848
v -20.014738 0.385524 0.049976
v -19.949715 0.023469 -0.085735
v -19.896708 0.275219 -0.148462
v -19.919666 0.409240 -0.095952
v -20.000601 -0.073169 0.004810
v -20.112291 0.097654 0.157749
v -20.031418 0.369394 0.140915
v -20.100414 -0.132491 0.188125
v -20.027388 -0.168737 0.096178
v -19.930616 0.512892 -0.008515
v -19.892363 0.137817 -0.199462
v -19.971922 -0.073661 -0.060726
v -19.870502 0.415312 -0.200690
v -21.245325 -0.745577 -0.193745
v -20.658569 -0.616623 -0.443089
v -20.911596 -0.688503 -0.311828
v -21.245325 -0.594462 -0.726238
v -20.816427 -0.560380 -0.725793
v -21.049503 -0.562710 -0.837333
v -20.574001 -0.550081 -0.620266
v -20.452131 -0.631634 -0.280238
v -21.245329 -1.291323 0.821094
v -20.977636 -1.275310 0.801065
v -21.098505 -1.236458 0.726940
v -21.245325 -1.180184 0.637691
v -20.944872 -1.203875 0.679168
v -21.046911 -1.132696 0.566553
v -20.793503 -1.181253 0.659326
v -22.203253 0.411149 1.083862
v -22.258560 0.543627 1.057696
v -22.183083 0.740164 1.233588
v -22.170286 0.595968 1.198614
v -21.641254 0.827696 1.552094
v -21.396082 0.463107 1.533101
v -21.392908 0.605524 1.600784
v -21.483427 -1.081639 1.548241
v -21.375931 -1.233593 1.586194
v -21.626499 -0.681584 1.499336
v -21.624361 -0.776544 1.498024
v -21.350691 -0.975742 1.605731
v -21.414282 0.077009 1.613574
v -21.310879 -0.183803 1.910545
v -21.341461 0.056387 1.789616
v -21.509960 -0.200297 1.553227
v -21.444252 -0.264375 1.645942
v -21.357349 -0.342604 1.659280
v -21.784866 -0.773538 1.384151
v -22.114353 -0.252575 1.122804
v -21.445698 -0.447758 1.643464
v -21.346128 -0.548483 1.716688
v -21.356104 0.800306 1.646955
v -21.296803 0.490278 1.634029
v -21.381926 1.265123 1.515492
v -21.737078 1.729301 1.139949
v -21.406227 1.782989 1.246176
v -21.544113 1.512267 1.369791
v -22.326706 0.966999 0.698256
v -21.862547 1.450246 1.209268
v -22.368876 0.801904 0.424008
v -21.625401 -0.519479 1.534445
v -22.341436 0.468127 0.541702
v -22.284899 1.296584 0.653017
v -22.161535 1.301253 0.978867
v -21.543510 0.086501 1.477944
v -21.804129 0.051624 1.389423
v -22.379639 0.432797 0.235072
v -22.393894 1.184926 0.331786
v -22.430710 1.034897 0.036943
v -21.393539 -1.406898 1.184569
v -21.331127 -0.656767 1.637452
v -21.407400 -0.708456 1.640073
v -21.502739 -0.744478 1.605069
v -21.332024 0.361965 1.632027
v -21.634699 -0.631858 1.528549
v -21.818260 -0.831754 0.082973
v -21.669630 -1.317906 1.052930
v -21.576031 -0.350843 1.541757
v -21.404947 0.258506 1.558126
v -22.056931 1.591982 0.937850
v -21.506451 -0.570655 1.628160
v -21.947708 0.829518 1.415277
v -21.441374 -0.849705 1.615910
v -21.333420 -0.775134 1.680982
v -21.641562 -1.148009 1.447376
v -21.525351 -1.290375 1.473402
v -21.574436 -0.916466 1.510558
v -21.548302 -1.388430 1.270949
v -21.809378 -1.243364 1.053144
v -21.392725 -1.399863 1.451114
v -21.411123 -0.616717 1.651618
v -21.578339 0.543795 1.421187
v -21.738209 0.599580 1.417606
v -21.917688 0.578628 1.345840
v -21.920849 0.500673 1.309891
v -21.889978 0.323001 1.318626
v -21.553936 0.409489 1.347720
v -21.608793 0.357388 1.354693
v -21.730061 0.321817 1.371574
v -21.566767 0.461011 1.362853
v -21.805517 0.535134 1.382785
v -21.967693 0.380596 1.237977
v -21.653419 0.521349 1.403685
v -21.965755 0.443075 1.236427
v -21.457899 -0.672397 1.576047
v -21.361813 -0.139345 1.890246
v -21.389460 -0.206319 1.812901
v -21.461590 -0.192392 1.702713
v -21.409174 -0.101318 1.770619
v -21.337347 -0.190718 1.717173
v -21.305990 -0.031578 1.920405
v -21.459816 -0.106125 1.634905
v -22.299259 -0.339833 0.615536
v -22.312572 -0.499763 0.311881
v -22.261324 -0.575059 0.557349
v -22.245026 -0.211999 0.925412
v -21.789335 -1.141518 1.261508
v -21.890501 -0.959840 1.222223
v -22.244984 -0.709975 0.292430
v -22.317852 0.657770 0.765992
v -22.207756 1.011765 0.978644
v -21.679644 1.248726 1.419323
v -21.986856 1.185072 1.228064
v -22.296118 0.425232 0.861386
v -22.250526 0.751456 1.011622
v -22.099199 0.940307 1.229942
v -21.807888 1.011003 1.423669
v -21.507797 1.013056 1.566551
v -22.258333 -0.002330 1.029186
v -22.336781 -0.145881 0.424411
v -22.331656 -0.273418 0.160750
v -22.323486 -0.103446 0.722807
v -22.351027 0.074394 0.290218
v -22.355507 0.065616 0.536834
v -22.347589 0.102712 0.858339
v -21.693651 -1.309463 1.302057
v -22.117193 -0.854656 0.778024
v -22.196800 -0.429238 0.826660
v -22.106575 -0.959075 0.535196
v -22.194969 -0.784125 0.534617
v -22.188757 -0.654932 0.791668
v -22.089657 -0.475503 1.039808
v -21.728819 -0.957886 1.383192
v -22.375282 0.253830 0.200526
v -22.356831 0.261548 0.382647
v -22.289803 0.279270 0.985111
v -22.221188 0.182083 1.114771
v -21.635813 -0.077557 1.478061
v -21.934366 -0.247667 1.307266
v -21.731194 -0.270074 1.444505
v -21.294262 0.240358 1.765612
v -22.366581 0.257118 0.688335
v -21.926306 0.437160 1.301096
v -21.919405 0.387939 1.302973
v -21.597326 0.414554 1.361402
v -21.609226 0.460331 1.373434
v -21.645367 0.441094 1.387856
v -21.884014 0.417131 1.341948
v -21.769127 0.434918 1.390053
v -21.853645 0.468968 1.368209
v -21.713499 0.486229 1.398882
v -21.681406 0.394449 1.384632
v -21.822290 0.374629 1.366490
v -22.045633 0.414102 1.197816
v -22.007278 0.511371 1.243096
v -21.509411 0.441157 1.379646
v -21.534237 0.341702 1.380970
v -21.626162 0.270566 1.393598
v -21.818035 0.246973 1.361064
v -21.527359 0.656374 1.553355
v -21.774254 0.731664 1.490852
v -22.033770 0.700887 1.352648
v -22.006470 0.302605 1.248541
v -22.111107 0.488436 1.171406
v -21.647551 0.637522 1.486578
v -22.129002 0.328464 1.153155
v -21.488241 0.524590 1.475383
v -21.511515 0.231699 1.442394
v -21.451942 0.370255 1.441101
v -21.955927 0.183718 1.304446
v -22.048515 0.599834 1.288630
v -21.689449 0.161243 1.403148
v -21.876259 0.657132 1.414764
v -22.290928 -0.383773 0.109704
v -22.341036 -0.277327 0.300205
v -22.351057 -0.074736 0.227839
v -22.393669 0.703222 0.177256
v -22.429350 0.562044 0.074777
v -22.415852 0.676832 -0.033504
v -21.970663 -0.034797 1.316574
v -22.136871 -0.055532 1.193314
v -22.095829 0.092051 1.243490
v -22.240990 1.626212 0.592715
v -22.369349 1.537035 0.231443
v -21.948193 1.876195 0.809804
v -22.150932 1.917620 0.428450
v -21.604492 1.993855 0.946852
v -21.830889 2.130501 0.551490
v -21.449190 2.227440 0.621465
v -21.488403 2.377041 -0.357396
v -21.684549 2.313378 0.142235
v -21.515057 1.988219 -1.208002
v -21.751534 2.202022 -0.782275
v -21.526449 1.154669 -1.636346
v -21.794811 1.569065 -1.411963
v -21.514023 0.287791 -1.561800
v -21.793013 0.690633 -1.554845
v -21.535820 -0.609850 -0.590600
v -21.534058 -1.354689 1.016765
v -22.050297 2.142610 0.122184
v -21.927883 2.250566 -0.309675
v -22.022139 1.870180 -1.034384
v -22.167959 2.017550 -0.588531
v -22.054537 1.089622 -1.395592
v -22.250942 1.413484 -1.059350
v -22.013680 0.275012 -1.301163
v -22.233423 0.619862 -1.160480
v -21.748125 -0.048855 -1.334446
v -21.483828 -0.282789 -1.297649
v -22.303032 -0.240594 -0.183461
v -22.247335 -0.462965 -0.059522
v -22.342148 -0.250733 -0.025120
v -22.362947 0.158778 -0.381745
v -22.298624 -0.093856 -0.452165
v -22.372120 -0.022631 -0.231380
v -22.414181 0.565552 -0.356982
v -22.383354 0.457687 -0.592839
v -22.416292 0.336930 -0.319221
v -22.439482 0.595265 -0.175799
v -22.432014 0.836596 -0.240301
v -22.300531 0.216031 -0.800511
v -22.368429 0.900520 -0.865470
v -22.153734 -0.069412 -0.943371
v -21.935509 -0.296085 -1.029812
v -22.202854 -0.331424 -0.573025
v -22.308310 1.843471 0.086749
v -22.242504 2.010892 -0.178306
v -22.354279 1.630546 -0.623430
v -22.377407 1.745901 -0.224949
v -22.451540 1.388762 -0.109632
v -22.442110 1.164763 -0.477402
v -22.465984 -0.243887 0.064482
v -22.470924 0.285310 -0.033192
v -22.434269 -0.003501 0.018366
v -22.569988 0.632763 -0.054679
v -22.461334 -0.214576 -0.037668
v -22.512623 -0.012454 -0.228239
v -22.571497 0.338012 -0.337745
v -22.567234 0.612357 -0.196685
v -22.493145 0.626930 -0.071579
v -22.497396 0.490613 -0.265758
v -22.466537 0.154462 -0.287478
v -22.417950 -0.138843 -0.126283
v -22.401033 -0.255728 0.048754
v -22.412827 -0.224207 0.160446
v -22.389380 0.126272 0.042992
v -22.511133 0.542513 0.092182
v -22.578516 0.000847 -0.171621
v -22.616907 0.138435 -0.296616
v -22.504215 0.138766 -0.076591
v -21.685345 -0.421944 -1.072854
v -21.450428 -0.496334 -1.050185
v -22.056326 -0.445300 -0.727764
v -21.843117 -0.492674 -0.837711
v -22.199780 -0.511300 -0.282927
v -22.095619 -0.541322 -0.471233
v -22.195087 -0.648836 0.081885
v -22.149797 -0.646469 -0.107420
v -22.122362 -0.862535 0.330044
v -22.101425 -0.796795 0.157334
v -21.776213 -1.237517 0.826153
v -21.986202 -0.967741 0.391917
v -21.903542 -1.157571 0.798675
v -21.391062 -1.335682 0.930095
v -21.646063 -1.275698 0.833246
v -22.031061 -1.037428 0.780393
v -21.918158 -1.097709 1.030569
v -21.963484 -1.060332 0.579486
v -21.832853 -1.138802 0.627515
v -21.858885 -0.715900 -0.156291
v -21.571083 -0.787100 -0.060605
v -21.617226 -0.528183 -0.879194
v -22.026077 -0.754283 -0.000893
v -22.061028 -0.706101 0.996734
v -22.008446 -0.914183 1.006122
v -21.954224 -0.498759 1.256312
v -21.938898 -0.742920 1.211067
v -21.654940 -1.088655 0.510922
v -21.495352 -1.013944 0.379925
v -21.744427 -0.956467 0.305285
v -21.538294 -0.894469 0.164453
v -21.949118 -0.889080 0.230050
v -21.831636 -1.037277 0.457588
v -21.730995 -0.647746 1.441208
v -21.776052 -0.495490 1.411906
v -21.533289 -0.687497 1.548799
v -21.536676 -0.646690 1.572463
v -22.660660 0.304821 -0.279902
v -22.639030 0.559931 -0.139747
v -22.657387 0.491626 -0.290440
v -22.506748 -0.178832 0.012942
v -22.519781 -0.126573 -0.108777
v -22.418955 0.241341 0.099858
v -22.384970 -0.015543 0.126996
v -22.421844 -0.100156 0.120876
v -22.475643 0.385732 0.049808
v -22.540903 0.023483 -0.085594
v -22.594027 0.275202 -0.148487
v -22.570850 0.409175 -0.096143
v -22.490004 -0.073286 0.004811
v -22.378349 0.097570 0.157738
v -22.459118 0.369258 0.140940
v -22.390219 -0.132588 0.188029
v -22.463257 -0.168695 0.096101
v -22.560070 0.512880 -0.008350
v -22.598293 0.137885 -0.199541
v -22.518745 -0.073530 -0.060871
v -22.620090 0.415524 -0.200674
v -21.832081 -0.616623 -0.443090
v -21.579054 -0.688502 -0.311828
v -21.674223 -0.560380 -0.725793
v -21.441147 -0.562710 -0.837333
v -21.916649 -0.550081 -0.620266
v -22.038519 -0.631634 -0.280238
v -21.512897 -1.275345 0.801121
v -21.392143 -1.236458 0.726938
v -21.545822 -1.203875 0.679172
v -21.443739 -1.132696 0.566553
v -21.697071 -1.181282 0.659368
v -20.843153 1.010936 1.487194
v -20.319109 -0.348281 0.978262
v -20.654625 0.595318 1.390946
v -20.471258 -0.610346 1.124869
v -20.800188 -0.715505 1.443894
v -21.150978 -0.861054 1.634937
v -20.825739 0.053550 1.441359
v -21.196321 0.093527 1.847208
v -21.096428 -0.020465 1.701079
v -21.140305 -0.269988 1.660703
v -21.141006 -0.441030 1.691214
v -21.125710 -1.107789 1.598281
v -21.168253 0.626891 1.634121
v -21.198099 0.372425 1.688235
v -20.886374 -1.031991 1.468740
v -20.124512 0.258110 0.526798
v -21.098579 1.524745 1.409620
v -20.245090 1.158792 0.826343
v -20.785067 1.490943 1.305841
v -20.149958 0.720060 0.599144
v -20.951338 -0.471452 1.592067
v -20.886253 -0.218777 1.498380
v -20.527096 0.988119 1.333641
v -20.286633 0.867374 1.124601
v -20.474323 1.391988 1.101951
v -20.128815 0.257262 0.275218
v -20.088427 0.924611 0.241064
v -21.155472 -0.620119 1.682375
v -21.095688 -1.414739 1.318675
v -20.586599 -1.035205 1.130567
v -20.159510 0.264437 0.846386
v -20.233017 -0.642751 0.421339
v -20.807478 -1.322525 1.177638
v -20.185320 -0.059076 0.884391
v -20.816345 -1.239112 1.389041
v -20.789581 -0.575047 1.482079
v -20.638500 -0.373860 1.362365
v -20.145899 -0.141474 0.567808
v -21.106943 -1.327488 1.532080
v -20.159092 -0.373553 0.226878
v -20.561794 -1.150081 0.914962
v -21.161919 -0.712837 1.668096
v -20.953045 -0.820008 1.560557
v -21.013052 -0.627531 1.610808
v -20.519365 0.550810 1.291110
v -20.565325 0.264216 1.310898
v -20.977114 0.388278 1.380334
v -20.921640 0.301417 1.382985
v -20.959951 0.494708 1.399776
v -20.452822 0.357299 1.206139
v -20.842501 0.582224 1.426485
v -20.458984 0.464539 1.211962
v -21.011225 -0.197636 1.622439
v -21.073793 -0.166919 1.801351
v -21.164543 -0.208709 1.832330
v -21.179987 -0.130167 1.950292
v -21.117094 1.017273 1.600153
v -20.241989 -0.509887 0.695190
v -21.014887 -0.704826 1.594725
v -20.546570 0.412374 1.273531
v -20.910172 0.434732 1.352047
v -20.591490 0.454656 1.334318
v -20.704552 0.481803 1.390315
v -20.838104 0.477989 1.392614
v -20.861086 0.403269 1.375122
v -20.740570 0.383711 1.382385
v -20.610174 0.374961 1.336313
v -20.296028 0.511975 1.130997
v -20.848276 0.710534 1.535432
v -20.274101 0.301844 1.083385
v -21.045109 0.565336 1.543025
v -21.032673 0.160996 1.523456
v -21.106104 0.361182 1.548431
v -20.371838 0.658226 1.273792
v -20.777781 0.251069 1.386986
v -20.577881 0.726143 1.427626
v -20.143646 -0.113904 0.310636
v -20.093029 0.587355 0.122976
v -20.449512 -0.148480 1.250861
v -20.289648 0.056593 1.155633
v -20.530886 0.079524 1.324925
v -20.158960 1.423507 0.454005
v -20.386942 1.772109 0.710016
v -20.715267 1.940732 0.883233
v -21.064344 2.024485 0.987190
v -21.020418 2.357732 0.149446
v -20.987301 2.252809 -0.822408
v -20.967379 1.603931 -1.487181
v -20.967455 0.700378 -1.646269
v -21.097778 -1.377020 1.052663
v -20.611557 2.242627 0.131000
v -20.511995 2.124661 -0.707230
v -20.442371 1.508386 -1.271762
v -20.449284 0.666921 -1.393258
v -20.990492 -0.045190 -1.435623
v -20.198942 -0.343937 -0.036681
v -20.160479 -0.059817 -0.302433
v -20.098198 0.378833 -0.409083
v -20.068478 0.668365 -0.210031
v -20.149582 0.544796 -0.870127
v -20.513569 -0.055985 -1.166402
v -20.238358 -0.088720 -0.686979
v -20.295666 2.009896 0.117105
v -20.187284 1.881690 -0.422732
v -20.098845 1.639428 -0.001386
v -20.044840 1.100593 -0.200475
v -20.115639 1.283965 -0.778716
v -19.993404 0.592984 -0.178321
v -20.004084 0.334186 -0.302844
v -20.050785 -0.008293 -0.218147
v -20.084017 -0.221837 -0.034055
v -20.088959 -0.252818 0.115641
v -20.082186 -0.007458 0.078852
v -20.031069 0.259994 0.043767
v -19.992353 0.604928 0.025184
v -19.926296 -0.011448 -0.210532
v -19.988091 0.017266 -0.023781
v -19.954622 0.284203 -0.091457
v -19.833990 0.324622 -0.336429
v -21.023550 -0.422944 -1.167975
v -20.599218 -0.428946 -0.921851
v -20.335413 -0.471471 -0.506630
v -20.283113 -0.570969 -0.084170
v -20.325537 -0.749657 0.214258
v -20.440586 -0.964484 0.452589
v -20.653028 -0.860271 1.295028
v -20.827793 -1.306976 0.936748
v -20.384964 -0.787420 0.894947
v -20.911333 -0.736407 -0.181668
v -21.006311 -0.583879 -0.721023
v -20.617180 -1.152681 0.704890
v -20.368374 -0.916991 0.653143
v -20.208950 0.596945 0.921499
v -21.102125 -1.289401 0.820176
v -20.972910 -0.953100 0.274208
v -20.933975 -0.839453 0.053634
v -20.496780 -0.820341 0.116754
v -20.597370 -0.961908 0.344959
v -21.076252 -1.185513 0.646733
v -20.909004 -0.665498 1.536671
v -19.864878 0.601886 -0.177484
v -19.996428 -0.202878 -0.015680
v -20.098970 0.243968 0.146546
v -20.124020 -0.038085 0.172693
v -20.057064 -0.172171 0.166487
v -19.995098 0.473430 0.076391
v -19.936699 0.015300 -0.138848
v -19.866552 0.285320 -0.223273
v -19.888538 0.498546 -0.114751
v -20.002138 -0.134202 0.017081
v -20.923681 -0.645319 -0.450975
v -21.054283 -0.537379 -0.942611
v -20.708513 -0.531569 -0.768507
v -20.490391 -0.584027 -0.449872
v -20.446949 -0.690010 -0.130977
v -21.019711 -1.074809 0.477864
v -20.722733 -1.112233 0.562673
v -20.876629 -1.238184 0.744012
v -21.647497 1.010936 1.487196
v -22.171539 -0.348286 0.978260
v -21.836025 0.595318 1.390948
v -22.019388 -0.610345 1.124867
v -21.690458 -0.715501 1.443894
v -21.339674 -0.861054 1.634947
v -21.664913 0.053573 1.441361
v -21.294310 0.093513 1.847188
v -21.394218 -0.020466 1.701081
v -21.350342 -0.269975 1.660684
v -21.349646 -0.441038 1.691218
v -21.364939 -1.107789 1.598276
v -21.322395 0.626887 1.634120
v -21.292549 0.372433 1.688225
v -21.604277 -1.031994 1.468741
v -22.366137 0.258111 0.526799
v -21.392071 1.524745 1.409620
v -22.245562 1.158792 0.826342
v -21.705584 1.490944 1.305843
v -22.340693 0.720058 0.599143
v -21.539310 -0.471431 1.592064
v -21.604397 -0.218783 1.498381
v -21.963556 0.988117 1.333643
v -22.204014 0.867373 1.124601
v -22.016327 1.391986 1.101950
v -22.361835 0.257262 0.275217
v -22.402224 0.924611 0.241064
v -21.335167 -0.620121 1.682338
v -21.394955 -1.414676 1.318651
v -21.904055 -1.035210 1.130575
v -22.331131 0.264439 0.846389
v -22.257643 -0.642753 0.421342
v -21.683142 -1.322509 1.177616
v -22.305332 -0.059078 0.884395
v -21.674286 -1.239124 1.389057
v -21.701067 -0.575054 1.482081
v -21.852148 -0.373864 1.362364
v -22.344751 -0.141477 0.567810
v -21.383703 -1.327462 1.532052
v -22.331573 -0.373559 0.226880
v -21.928856 -1.150078 0.914961
v -21.328726 -0.712830 1.668092
v -21.537601 -0.820007 1.560555
v -21.477606 -0.627530 1.610786
v -21.971306 0.550806 1.291125
v -21.925323 0.264228 1.310891
v -21.513443 0.388125 1.380187
v -21.568975 0.301331 1.382922
v -21.530752 0.494643 1.399805
v -22.037849 0.357283 1.206126
v -21.648153 0.582207 1.426484
v -22.031668 0.464500 1.211966
v -21.479462 -0.197633 1.622431
v -21.416855 -0.166916 1.801350
v -21.326111 -0.208710 1.832329
v -21.310625 -0.130189 1.950186
v -21.373558 1.017277 1.600154
v -22.248661 -0.509893 0.695193
v -21.475763 -0.704827 1.594725
v -21.944090 0.412376 1.273536
v -21.580528 0.434734 1.352113
v -21.899147 0.454637 1.334308
v -21.786098 0.481803 1.390316
v -21.652544 0.478005 1.392620
v -21.629564 0.403279 1.375124
v -21.750080 0.383714 1.382385
v -21.880480 0.374954 1.336315
v -22.194628 0.511971 1.131002
v -21.642376 0.710531 1.535427
v -22.216549 0.301851 1.083386
v -21.445541 0.565339 1.543023
v -21.457972 0.160981 1.523456
v -21.384546 0.361181 1.548431
v -22.118822 0.658228 1.273798
v -21.712870 0.251071 1.386984
v -21.912773 0.726145 1.427633
v -22.347004 -0.113911 0.310644
v -22.397623 0.587366 0.122976
v -22.041138 -0.148480 1.250861
v -22.200996 0.056594 1.155625
v -21.959763 0.079518 1.324929
v -22.331692 1.423503 0.454004
v -22.103708 1.772110 0.710016
v -21.775385 1.940725 0.883232
v -21.426306 2.024479 0.987188
v -21.470232 2.357732 0.149446
v -21.503349 2.252808 -0.822408
v -21.523272 1.603931 -1.487181
v -21.523195 0.700378 -1.646269
v -21.392872 -1.377020 1.052661
v -21.879093 2.242627 0.131000
v -21.978655 2.124661 -0.707230
v -22.048279 1.508386 -1.271761
v -22.041367 0.666921 -1.393258
v -21.500158 -0.045190 -1.435623
v -22.291708 -0.343926 -0.036681
v -22.330172 -0.059817 -0.302433
v -22.392452 0.378833 -0.409083
v -22.422173 0.668365 -0.210031
v -22.341068 0.544796 -0.870127
v -21.977081 -0.055985 -1.166402
v -22.252293 -0.088720 -0.686979
v -22.194984 2.009896 0.117105
v -22.303366 1.881690 -0.422732
v -22.391806 1.639428 -0.001386
v -22.445810 1.100593 -0.200475
v -22.375011 1.283965 -0.778716
v -22.497244 0.592977 -0.178316
v -22.486567 0.334187 -0.302843
v -22.439865 -0.008301 -0.218148
v -22.406631 -0.221828 -0.034055
v -22.401691 -0.252837 0.115653
v -22.408466 -0.007457 0.078854
v -22.459581 0.259987 0.043756
v -22.498301 0.604973 0.025210
v -22.564396 -0.011460 -0.210573
v -22.502563 0.017275 -0.023774
v -22.536030 0.284203 -0.091454
v -22.656469 0.324527 -0.336192
v -21.467100 -0.422944 -1.167975
v -21.891432 -0.428946 -0.921851
v -22.155237 -0.471471 -0.506630
v -22.207537 -0.570969 -0.084170
v -22.165108 -0.749655 0.214262
v -22.050064 -0.964486 0.452587
v -21.837618 -0.860266 1.295029
v -21.662865 -1.306984 0.936749
v -22.105700 -0.787425 0.894954
v -21.579317 -0.736407 -0.181668
v -21.484339 -0.583879 -0.721023
v -21.873474 -1.152686 0.704885
v -22.122282 -0.916997 0.653143
v -22.281700 0.596943 0.921497
v -21.388525 -1.289394 0.820173
v -21.517740 -0.953101 0.274208
v -21.556675 -0.839453 0.053634
v -21.993870 -0.820341 0.116754
v -21.893280 -0.961908 0.344959
v -21.414398 -1.185513 0.646733
v -21.581652 -0.665522 1.536669
v -22.625603 0.601623 -0.177383
v -22.494213 -0.202876 -0.015682
v -22.391680 0.243970 0.146546
v -22.366627 -0.038083 0.172695
v -22.433569 -0.172141 0.166451
v -22.495552 0.473419 0.076379
v -22.553942 0.015295 -0.138843
v -22.624071 0.285390 -0.223437
v -22.602186 0.498692 -0.114771
v -22.488503 -0.134172 0.017167
v -21.566969 -0.645319 -0.450975
v -21.436367 -0.537379 -0.942611
v -21.782137 -0.531569 -0.768507
v -22.000259 -0.584027 -0.449871
v -22.043701 -0.690010 -0.130977
v -21.470940 -1.074809 0.477864
v -21.767920 -1.112234 0.562670
v -21.614033 -1.238180 0.743995
vn 0.5658 0.3192 0.7602
vn 0.4044 0.2001 0.8924
vn 0.4777 0.2789 0.8331
vn 0.3483 0.3228 0.8800
vn 0.9239 -0.2524 0.2875
vn 0.8513 -0.2894 0.4377
vn 0.8150 -0.2791 0.5078
vn 0.9201 -0.2614 0.2917
vn 0.3036 -0.5085 0.8058
vn 0.2442 -0.2481 0.9375
vn 0.4375 -0.2185 0.8723
vn 0.3539 -0.5049 0.7873
vn 0.8928 -0.1872 0.4096
vn 0.8697 -0.1580 0.4677
vn 0.8284 -0.1515 0.5393
vn 0.8810 -0.1943 0.4314
vn 0.6675 -0.0566 0.7425
vn 0.6175 -0.3442 0.7073
vn 0.6453 -0.0220 0.7636
vn 0.5049 -0.0743 0.8600
vn 0.2094 -0.3429 0.9157
vn 0.0765 -0.4670 0.8810
vn 0.0690 -0.2399 0.9684
vn 0.3760 -0.3400 0.8620
vn 0.3055 0.2566 0.9170
vn 0.3299 0.1860 0.9255
vn 0.3484 0.0706 0.9347
vn 0.2914 0.1899 0.9376
vn 0.1556 0.4803 0.8632
vn 0.2118 0.4881 0.8467
vn 0.8235 0.3421 0.4526
vn 0.8111 0.2756 0.5159
vn 0.8989 0.1915 0.3940
vn 0.9046 0.3613 0.2260
vn 0.8550 0.4270 0.2943
vn 0.8388 0.2644 0.4759
vn 0.1718 -0.1937 0.9659
vn 0.1546 -0.0043 0.9880
vn -0.2925 -0.5851 0.7564
vn 0.6077 -0.6948 0.3846
vn 0.4148 0.2156 0.8840
vn 0.1612 0.2932 0.9424
vn 0.0587 0.2283 0.9718
vn 0.4469 0.2099 0.8696
vn 0.0621 -0.0541 0.9966
vn 0.0593 -0.0906 0.9941
vn 0.3972 -0.0486 0.9164
vn 0.3519 -0.0655 0.9337
vn 0.2817 -0.1698 0.9443
vn 0.0059 -0.0747 0.9972
vn 0.0998 -0.0199 0.9948
vn 0.3725 -0.1850 0.9094
vn 0.1525 0.5141 0.8441
vn 0.8088 0.3047 0.5031
vn 0.8170 0.2171 0.5343
vn 0.1133 0.3860 0.9155
vn 0.5339 -0.0128 0.8454
vn 0.6216 0.0563 0.7813
vn 0.6105 -0.1258 0.7820
vn 0.5541 -0.0150 0.8323
vn 0.9709 0.1116 -0.2120
vn 0.9969 -0.0578 -0.0540
vn 0.9908 0.1210 -0.0612
vn 0.9918 0.1269 0.0123
vn 0.2004 0.3632 0.9099
vn 0.2571 0.5067 0.8229
vn 0.0910 0.5300 0.8431
vn 0.0919 0.3720 0.9237
vn 0.9455 0.0835 0.3148
vn 0.9263 0.1634 0.3394
vn 0.9167 0.1405 0.3741
vn 0.8684 0.1388 0.4760
vn 0.5670 0.2989 0.7676
vn 0.5517 0.4261 0.7170
vn 0.3773 0.4771 0.7937
vn 0.3951 0.3619 0.8444
vn 0.9947 -0.0201 0.1009
vn 0.9877 -0.0054 0.1564
vn 0.9640 0.1779 0.1977
vn 1.0000 0.0040 -0.0046
vn 0.5547 0.1270 0.8223
vn 0.5200 0.1891 0.8329
vn 0.5040 0.1430 0.8518
vn 0.5820 0.0726 0.8099
vn 0.5167 0.1628 0.8406
vn 0.4489 0.1903 0.8731
vn 0.4055 0.0410 0.9132
vn 0.4070 0.1355 0.9033
vn 0.7188 0.3346 0.6094
vn 0.5293 0.3514 0.7723
vn 0.5067 0.3546 0.7858
vn 0.6433 0.3621 0.6746
vn 0.9626 0.1832 0.1998
vn 0.8839 0.3207 0.3405
vn 0.7736 0.3336 0.5388
vn 0.9593 0.1545 0.2365
vn 0.7171 0.2854 0.6359
vn 0.7231 0.3444 0.5987
vn 0.6213 0.4106 0.6674
vn 0.5296 0.3044 0.7918
vn 0.9884 -0.0001 0.1520
vn 0.9973 -0.0550 0.0488
vn 0.9805 -0.0790 0.1802
vn 0.9340 -0.0888 0.3460
vn 0.9910 -0.0553 0.1217
vn 0.9935 -0.0652 0.0929
vn 0.9913 -0.0139 0.1309
vn 0.9862 -0.0238 0.1638
vn 0.0072 -0.4325 0.9016
vn 0.2450 -0.7607 0.6011
vn 0.2750 -0.7558 0.5943
vn 0.3862 -0.4167 0.8229
vn 0.0653 -0.9926 0.1025
vn 0.0419 -0.9979 -0.0492
vn 0.1511 -0.9867 -0.0595
vn 0.2158 -0.9701 0.1113
vn 0.8495 -0.2621 0.4579
vn 0.8268 -0.3673 0.4259
vn 0.8291 -0.4140 0.3757
vn 0.8587 -0.3763 0.3479
vn 0.9561 0.1063 0.2732
vn 0.9704 0.1147 0.2123
vn 0.9358 0.1753 0.3058
vn 0.9766 0.1130 0.1830
vn 0.9391 -0.3133 0.1410
vn 0.9342 -0.3468 0.0838
vn 0.9476 -0.3122 0.0677
vn 0.9652 -0.2254 0.1324
vn 0.4535 -0.8838 0.1153
vn 0.3656 -0.9226 -0.1229
vn 0.4693 -0.8791 -0.0834
vn 0.7015 -0.7126 0.0137
vn 0.8740 -0.2832 0.3948
vn 0.9297 -0.3155 0.1900
vn 0.9397 -0.2015 0.2764
vn 0.9134 -0.2064 0.3509
vn 0.5517 -0.4708 0.6884
vn 0.8129 -0.3492 0.4662
vn 0.7014 -0.1886 0.6873
vn 0.5905 -0.3495 0.7274
vn 0.6282 0.0889 0.7730
vn 0.5715 0.0040 0.8206
vn 0.6420 -0.1556 0.7507
vn 0.6674 -0.0540 0.7427
vn 0.5631 0.0032 0.8264
vn 0.6534 -0.1029 0.7500
vn 0.6970 -0.1479 0.7017
vn 0.5622 -0.0442 0.8258
vn 0.9174 -0.3605 -0.1688
vn 0.9304 -0.3048 0.2036
vn 0.9963 -0.0666 -0.0536
vn 0.9967 -0.0598 -0.0540
vn 0.1889 -0.4783 0.8577
vn 0.2793 -0.8521 0.4427
vn 0.4303 -0.6476 0.6289
vn 0.4367 -0.4216 0.7947
vn 0.9136 -0.3125 -0.2600
vn 0.9310 -0.2010 -0.3047
vn 0.9965 -0.0453 -0.0696
vn 0.9917 -0.1228 0.0392
vn 0.7959 -0.5583 0.2341
vn 0.5637 -0.8232 -0.0682
vn 0.6747 -0.7313 -0.1001
vn 0.8508 -0.4445 0.2802
vn -0.0828 0.4788 0.8740
vn 0.0485 0.2064 0.9773
vn 0.3174 0.2156 0.9235
vn 0.2844 0.4586 0.8419
vn 0.6292 -0.1623 0.7601
vn 0.5374 -0.2289 0.8116
vn 0.4900 -0.2462 0.8363
vn 0.6179 -0.1510 0.7716
vn 0.4025 -0.4181 0.8143
vn 0.3260 -0.6351 0.7002
vn 0.1700 -0.7512 0.6378
vn 0.3696 -0.4486 0.8137
vn 0.3887 -0.5762 0.7189
vn 0.5913 -0.3181 0.7410
vn 0.5470 -0.3970 0.7370
vn 0.4004 -0.5596 0.7256
vn 0.5161 0.2431 0.8213
vn 0.4038 0.1236 0.9064
vn 0.3795 0.0704 0.9225
vn 0.5063 0.1812 0.8431
vn 0.4668 0.2210 0.8563
vn 0.6793 -0.2139 0.7020
vn 0.7123 -0.0855 0.6966
vn 0.6218 0.2008 0.7570
vn 0.0002 0.3290 0.9443
vn 0.2682 0.2755 0.9231
vn 0.5033 0.2801 0.8175
vn 0.0321 0.3811 0.9240
vn 0.6605 -0.4936 0.5658
vn 0.3925 -0.4560 0.7987
vn 0.1184 -0.4890 0.8642
vn 0.4935 -0.6372 0.5920
vn 0.2752 0.1051 0.9556
vn 0.4802 0.3486 0.8049
vn 0.5461 0.2736 0.7918
vn 0.6016 0.0372 0.7979
vn 0.3739 -0.6807 0.6300
vn 0.1143 -0.3399 0.9335
vn 0.1568 -0.3350 0.9291
vn 0.2936 -0.6208 0.7269
vn 0.5098 -0.4802 0.7138
vn 0.4226 -0.3393 0.8404
vn 0.2801 -0.1893 0.9411
vn 0.5820 -0.2376 0.7777
vn 0.7493 -0.1692 0.6402
vn 0.9078 0.1401 0.3954
vn 0.9653 0.1637 0.2036
vn 0.7638 -0.5028 0.4048
vn 0.7951 -0.4285 0.4291
vn 0.9135 0.1646 0.3720
vn 0.8491 0.3028 0.4328
vn 0.7751 -0.3958 0.4925
vn 0.2536 -0.9346 0.2493
vn -0.0101 -0.9876 -0.1569
vn 0.2492 -0.9076 0.3379
vn 0.2318 -0.9001 0.3689
vn 0.7559 0.2542 0.6033
vn 0.2112 0.2928 0.9326
vn 0.3403 -0.5587 0.7563
vn 0.4959 -0.1767 0.8502
vn 0.2028 0.2908 0.9350
vn 0.0923 0.3191 0.9432
vn 0.0240 0.2087 0.9777
vn 0.2443 0.1234 0.9618
vn 0.9392 -0.1313 0.3173
vn 0.9038 -0.0964 0.4170
vn 0.9415 -0.2630 0.2108
vn 0.9641 -0.1993 0.1754
vn 0.5777 0.4268 0.6958
vn 0.5167 0.2948 0.8038
vn 0.4447 0.4957 0.7460
vn 0.2878 0.5935 0.7516
vn 0.7824 0.0381 0.6216
vn 0.8626 0.0018 0.5059
vn 0.7984 -0.0889 0.5955
vn 0.8338 -0.0004 0.5521
vn -0.5588 -0.0833 0.8251
vn -0.2223 -0.4663 0.8562
vn 0.2584 -0.4207 0.8696
vn -0.2772 -0.1794 0.9439
vn 0.6778 -0.1258 0.7244
vn 0.7687 -0.0223 0.6392
vn 0.5951 -0.0093 0.8036
vn 0.5008 -0.1390 0.8544
vn 0.2534 -0.0968 0.9625
vn 0.3141 0.0167 0.9492
vn 0.1165 -0.0086 0.9931
vn 0.0524 -0.1134 0.9922
vn -0.1172 -0.1043 0.9876
vn -0.0659 -0.2457 0.9671
vn -0.1945 -0.4619 0.8653
vn -0.3769 -0.0144 0.9261
vn -0.1160 -0.1584 0.9805
vn -0.3585 -0.1604 0.9196
vn -0.4399 -0.1908 0.8775
vn -0.2027 -0.1523 0.9673
vn 0.2418 -0.1613 0.9568
vn 0.0470 -0.1652 0.9851
vn 0.0047 -0.1729 0.9849
vn 0.1804 -0.2380 0.9544
vn 0.6714 -0.1506 0.7257
vn 0.4976 -0.1560 0.8533
vn 0.4215 -0.2223 0.8792
vn 0.6616 -0.1212 0.7400
vn 0.7809 -0.2489 0.5729
vn 0.4878 -0.4573 0.7436
vn 0.5354 -0.3198 0.7817
vn 0.7638 -0.1973 0.6146
vn 0.3486 -0.1287 0.9284
vn 0.3586 -0.5014 0.7874
vn 0.3505 -0.4249 0.8347
vn 0.3747 -0.0711 0.9244
vn 0.5638 0.1718 0.8078
vn 0.6482 0.2163 0.7301
vn 0.8078 0.1785 0.5618
vn 0.7727 0.0916 0.6281
vn 0.6120 -0.2700 0.7433
vn 0.6597 -0.3825 0.6469
vn 0.4640 -0.4998 0.7313
vn 0.4012 -0.2323 0.8860
vn 0.3193 0.2924 0.9014
vn 0.6088 0.3542 0.7099
vn 0.7823 0.2180 0.5834
vn 0.7206 0.0548 0.6912
vn 0.8122 0.2126 0.5432
vn 0.8474 -0.0160 0.5308
vn 0.8449 0.0758 0.5295
vn 0.8509 0.2835 0.4423
vn 0.6291 -0.1150 0.7687
vn 0.5012 -0.4095 0.7623
vn 0.5209 -0.4472 0.7271
vn 0.7632 -0.2147 0.6095
vn 0.2238 0.1268 0.9664
vn 0.0286 0.2056 0.9782
vn 0.1093 0.1472 0.9830
vn 0.2401 0.0281 0.9703
vn 0.4393 -0.0422 0.8974
vn 0.3757 -0.3578 0.8549
vn 0.4416 -0.3448 0.8283
vn 0.5541 -0.0352 0.8317
vn 0.9994 -0.0183 0.0277
vn 0.9961 -0.0412 0.0782
vn 0.9988 0.0006 0.0499
vn 0.9936 -0.0429 0.1044
vn 0.9193 0.3216 0.2269
vn 0.9942 -0.0160 0.1067
vn 0.9880 -0.0037 0.1544
vn 0.8611 0.1605 0.4824
vn 0.6628 -0.2450 0.7076
vn 0.5552 -0.1305 0.8214
vn 0.7616 -0.2164 0.6108
vn 0.7734 -0.2906 0.5633
vn 0.7891 -0.2647 0.5543
vn 0.8653 -0.1701 0.4715
vn 0.6615 0.1340 0.7379
vn 0.7982 0.0172 0.6021
vn 0.4236 -0.0257 0.9055
vn 0.4922 0.1851 0.8505
vn 0.3498 0.1802 0.9193
vn 0.4312 0.0710 0.8994
vn 0.9419 0.1345 0.3079
vn 0.9638 0.1329 0.2311
vn 0.9355 0.2435 0.2559
vn 0.9418 0.1773 0.2855
vn 0.7627 0.4219 0.4901
vn 0.8064 0.4592 0.3726
vn 0.6759 0.6010 0.4266
vn 0.6299 0.5064 0.5889
vn 0.5699 0.5905 0.5714
vn 0.4806 0.7241 0.4946
vn 0.4188 0.7700 0.4815
vn 0.3906 0.6623 0.6394
vn 0.2453 0.6995 0.6713
vn 0.2531 0.8391 0.4815
vn 0.0790 0.8713 0.4843
vn 0.0830 0.7247 0.6841
vn 0.2086 0.9403 0.2689
vn 0.2039 0.9780 0.0446
vn 0.0696 0.9967 0.0424
vn 0.0674 0.9607 0.2691
vn 0.2220 0.9423 -0.2507
vn 0.2518 0.7977 -0.5479
vn 0.0856 0.8228 -0.5618
vn 0.0780 0.9643 -0.2532
vn 0.2757 0.5688 -0.7749
vn 0.2904 0.3034 -0.9076
vn 0.0883 0.3179 -0.9440
vn 0.0869 0.5874 -0.8046
vn 0.2998 0.0187 -0.9538
vn 0.3082 -0.1974 -0.9306
vn 0.0987 -0.1943 -0.9760
vn 0.0932 0.0267 -0.9953
vn 0.0604 -0.9496 -0.3077
vn 0.1132 -0.9798 -0.1651
vn 0.0278 -0.9749 -0.2207
vn 0.0123 -0.9474 -0.3197
vn 0.4928 0.8667 0.0770
vn 0.3375 0.9397 0.0543
vn 0.3424 0.8973 0.2785
vn 0.4939 0.8199 0.2896
vn 0.3802 0.8968 -0.2264
vn 0.5681 0.8027 -0.1817
vn 0.6728 0.6247 -0.3965
vn 0.4501 0.7432 -0.4951
vn 0.5063 0.5130 -0.6932
vn 0.7454 0.4025 -0.5314
vn 0.7518 0.1973 -0.6292
vn 0.5146 0.2660 -0.8151
vn 0.5208 -0.0006 -0.8537
vn 0.7519 -0.0271 -0.6588
vn 0.7345 -0.2040 -0.6472
vn 0.5200 -0.2050 -0.8292
vn 0.3196 -0.3474 -0.8816
vn 0.3227 -0.4918 -0.8087
vn 0.1106 -0.4948 -0.8619
vn 0.1053 -0.3461 -0.9323
vn 0.9567 -0.2636 -0.1237
vn 0.9371 -0.3248 -0.1279
vn 0.8657 -0.4383 -0.2418
vn 0.8942 -0.4330 -0.1138
vn 0.9523 -0.2541 -0.1689
vn 0.9666 -0.2021 -0.1577
vn 0.8846 -0.2657 -0.3832
vn 0.8684 -0.3570 -0.3443
vn 0.9806 -0.1475 -0.1293
vn 0.9920 -0.0909 -0.0880
vn 0.9633 -0.0253 -0.2673
vn 0.9171 -0.1442 -0.3717
vn 0.9215 0.3827 -0.0663
vn 0.9746 0.1551 -0.1615
vn 0.9981 -0.0605 -0.0119
vn 0.9989 -0.0276 0.0371
vn 0.9672 -0.1669 -0.1916
vn 0.9098 -0.1903 -0.3690
vn 0.9298 -0.0668 -0.3620
vn 0.9810 -0.0824 -0.1756
vn 0.6863 -0.4398 -0.5793
vn 0.5133 -0.4898 -0.7047
vn 0.5428 -0.3675 -0.7552
vn 0.7274 -0.3390 -0.5966
vn 0.8880 -0.2707 -0.3717
vn 0.9541 -0.2247 -0.1978
vn 0.9402 -0.2815 -0.1917
vn 0.8619 -0.3587 -0.3583
vn 0.8292 0.5352 0.1613
vn 0.6739 0.7305 0.1109
vn 0.6507 0.6980 0.2989
vn 0.8161 0.5043 0.2822
vn 0.7635 0.6379 -0.1008
vn 0.8642 0.5008 -0.0495
vn 0.9531 0.2818 -0.1108
vn 0.8676 0.4388 -0.2341
vn 0.9743 0.1562 0.1624
vn 0.9756 0.2160 0.0400
vn 0.9360 0.3294 0.1242
vn 0.9320 0.2891 0.2186
vn 0.9951 -0.0478 0.0867
vn 0.9969 -0.0642 0.0457
vn 0.9985 -0.0484 -0.0247
vn 0.9948 0.0114 -0.1011
vn 0.9717 0.1425 -0.1883
vn 0.9781 0.0298 -0.2059
vn 0.9264 0.1019 -0.3625
vn 0.8976 0.2709 -0.3477
vn -0.2123 0.9600 -0.1828
vn -0.3618 0.8842 -0.2956
vn -0.3550 0.6069 -0.7111
vn 0.1791 0.6964 -0.6949
vn 0.2295 0.2230 -0.9474
vn -0.3778 0.2383 -0.8947
vn -0.3425 -0.0421 -0.9386
vn 0.1716 -0.1228 -0.9775
vn 0.2541 -0.3798 -0.8895
vn -0.1478 -0.3670 -0.9184
vn 0.0293 -0.5785 -0.8152
vn 0.3225 -0.5617 -0.7619
vn 0.2660 -0.7719 -0.5775
vn 0.0552 -0.7456 -0.6641
vn 0.0153 -0.9259 -0.3774
vn 0.2751 -0.9194 -0.2812
vn 0.3554 -0.9257 0.1298
vn 0.1690 -0.9848 0.0408
vn 0.4348 -0.8055 0.4025
vn 0.3916 -0.6484 0.6528
vn 0.8208 0.3227 0.4714
vn 0.7373 0.3637 0.5693
vn 0.8867 0.2372 0.3968
vn 0.8993 -0.1361 0.4157
vn 0.9896 -0.1253 -0.0702
vn 0.7958 -0.4240 0.4323
vn 0.9651 -0.2541 0.0638
vn 0.9131 -0.2840 0.2926
vn -0.0557 0.5259 0.8487
vn 0.3854 0.7113 0.5878
vn -0.1235 0.9662 0.2264
vn -0.2560 0.8779 0.4046
vn 0.4155 -0.6448 -0.6415
vn 0.2848 -0.5172 -0.8071
vn 0.8945 -0.4003 -0.1992
vn 0.8832 -0.4577 -0.1025
vn 0.7189 0.4744 0.5081
vn 0.9103 0.0050 0.4140
vn 0.8206 0.2145 0.5298
vn 0.4340 0.3007 0.8492
vn 0.7301 -0.1804 0.6592
vn 0.6685 -0.0665 0.7408
vn 0.6925 -0.0829 0.7166
vn 0.7762 -0.1955 0.5994
vn 0.9520 0.0775 -0.2962
vn 0.9594 -0.2374 -0.1526
vn -0.0171 -0.2055 -0.9785
vn 0.0991 0.2414 -0.9654
vn 0.2891 -0.6685 -0.6852
vn 0.2189 -0.8418 -0.4935
vn 0.0864 -0.8442 -0.5289
vn 0.1042 -0.6731 -0.7322
vn 0.4094 -0.7923 -0.4525
vn 0.3002 -0.8354 -0.4604
vn 0.4344 -0.6504 -0.6231
vn 0.5932 -0.5849 -0.5532
vn 0.7400 -0.5945 -0.3145
vn 0.5849 -0.7037 -0.4034
vn 0.7884 -0.4611 -0.4072
vn 0.9126 -0.3307 -0.2406
vn 0.7902 -0.5806 -0.1963
vn 0.8059 -0.5453 -0.2305
vn 0.9395 -0.3162 -0.1316
vn 0.9054 -0.4065 -0.1227
vn 0.5563 -0.6884 -0.4655
vn 0.7090 -0.6610 -0.2458
vn 0.6695 -0.6561 -0.3481
vn 0.6845 -0.6365 -0.3554
vn 0.3822 -0.8438 -0.3768
vn 0.4327 -0.8018 -0.4122
vn 0.5748 -0.7416 -0.3460
vn 0.4999 -0.8240 -0.2668
vn 0.8631 -0.1693 0.4758
vn 0.7322 -0.1591 0.6622
vn 0.7266 -0.2203 0.6508
vn 0.7378 -0.0982 0.6679
vn 0.1549 -0.9381 -0.3099
vn 0.2508 -0.9146 -0.3173
vn 0.4259 -0.8981 -0.1095
vn 0.2987 -0.9400 -0.1648
vn 0.8453 -0.1245 0.5195
vn 0.8355 -0.1876 0.5165
vn 0.8790 -0.3710 0.2995
vn 0.9100 -0.3418 0.2346
vn 0.1105 -0.9326 -0.3435
vn 0.1035 -0.9073 -0.4075
vn 0.0392 -0.9226 -0.3837
vn 0.0434 -0.9420 -0.3327
vn 0.1162 -0.9687 -0.2194
vn 0.1135 -0.9649 -0.2369
vn 0.0478 -0.9766 -0.2097
vn 0.0503 -0.9802 -0.1915
vn 0.3446 -0.8763 -0.3368
vn 0.3823 -0.8535 -0.3540
vn 0.5081 -0.8363 -0.2063
vn 0.5055 -0.8518 -0.1373
vn 0.8754 -0.4091 0.2576
vn 0.7821 -0.6225 -0.0282
vn 0.8920 -0.4501 0.0427
vn 0.9088 -0.3572 0.2156
vn 0.9556 0.0305 0.2929
vn 0.9508 0.1398 0.2764
vn 0.9768 0.0814 0.1980
vn 0.9841 0.0210 0.1762
vn 0.0112 -0.8697 -0.4934
vn 0.0433 -0.9178 -0.3948
vn 0.0099 -0.9215 -0.3882
vn 0.0012 -0.8696 -0.4938
vn 0.0659 -0.8741 -0.4813
vn 0.0570 -0.8591 -0.5086
vn 0.0201 -0.8684 -0.4955
vn 0.0235 -0.8836 -0.4676
vn 0.0905 -0.8961 -0.4344
vn 0.0775 -0.8854 -0.4583
vn 0.0280 -0.8972 -0.4408
vn 0.0333 -0.9102 -0.4129
vn 0.1146 -0.8868 -0.4476
vn 0.1395 -0.8953 -0.4230
vn 0.3349 -0.8578 -0.3900
vn 0.2500 -0.8684 -0.4281
vn 0.0778 -0.8616 -0.5016
vn 0.0939 -0.8763 -0.4726
vn 0.1792 -0.8680 -0.4630
vn 0.1663 -0.8470 -0.5050
vn 0.0224 -0.8358 -0.5486
vn 0.0129 -0.8469 -0.5317
vn 0.0020 -0.8444 -0.5358
vn 0.0065 -0.8362 -0.5484
vn -0.1700 -0.4798 0.8607
vn 0.1579 0.1936 0.9683
vn 0.4383 -0.5127 0.7383
vn 0.4107 -0.4863 0.7712
vn 0.8268 0.5120 0.2331
vn 0.9572 0.2892 -0.0145
vn 0.3399 0.6556 -0.6743
vn 0.3456 0.9351 -0.0778
vn 0.3973 -0.7218 -0.5667
vn 0.8896 -0.4414 -0.1177
vn 0.8626 -0.5039 0.0456
vn 0.4880 -0.8222 -0.2930
vn 0.7551 -0.4564 0.4706
vn 0.8362 -0.4354 0.3335
vn 0.9516 -0.0636 0.3007
vn 0.8616 -0.0102 0.5075
vn 0.7886 0.2861 0.5442
vn 0.9341 -0.0416 0.3547
vn 0.9668 -0.0268 0.2540
vn 0.6444 -0.0864 0.7598
vn 0.7707 0.2564 0.5833
vn 0.6968 0.4621 0.5485
vn 0.5661 -0.3098 0.7639
vn 0.8782 0.2845 0.3846
vn 0.9121 -0.2907 0.2892
vn 0.8219 -0.2964 0.4865
vn 0.5629 0.2847 0.7759
vn 0.9660 0.1572 0.2051
vn 0.8807 -0.0885 0.4653
vn 0.9543 -0.1520 0.2573
vn 0.8215 0.1506 0.5500
vn 0.8923 -0.0373 0.4499
vn 0.8748 -0.1440 0.4625
vn 0.8901 -0.0834 0.4481
vn 0.8481 -0.0656 0.5258
vn 0.9278 -0.0914 0.3616
vn 0.6394 -0.4552 0.6196
vn 0.7955 -0.1539 0.5861
vn 0.8026 -0.2654 0.5342
vn 0.8700 -0.3066 0.3860
vn 0.9158 -0.0253 0.4009
vn 0.8891 0.0686 0.4526
vn 0.8568 0.3126 0.4100
vn 0.8569 0.1888 0.4797
vn 0.1107 -0.9571 -0.2678
vn 0.1115 -0.9463 -0.3034
vn 0.0454 -0.9548 -0.2938
vn 0.0464 -0.9665 -0.2526
vn 0.1674 -0.9282 -0.3323
vn 0.1404 -0.9548 -0.2621
vn 0.0592 -0.9730 -0.2232
vn 0.0726 -0.9358 -0.3449
vn 0.1594 -0.9514 -0.2635
vn 0.1530 -0.9542 -0.2571
vn 0.2061 -0.9194 -0.3351
vn 0.2591 -0.9086 -0.3275
vn 0.1550 -0.9469 -0.2816
vn 0.2685 -0.9109 -0.3132
vn 0.3257 -0.8887 -0.3228
vn 0.1685 -0.9345 -0.3136
vn 0.1810 -0.9153 -0.3599
vn 0.3826 -0.8559 -0.3480
vn 0.4098 -0.8386 -0.3588
vn 0.1630 -0.9027 -0.3983
vn 0.0491 -0.8407 -0.5393
vn 0.0371 -0.8314 -0.5545
vn 0.0121 -0.8390 -0.5439
vn 0.0169 -0.8511 -0.5247
vn 0.0700 -0.8353 -0.5452
vn 0.0679 -0.8437 -0.5326
vn 0.1628 -0.8451 -0.5092
vn 0.1590 -0.8649 -0.4760
vn 0.0470 -0.8733 -0.4850
vn 0.0602 -0.8547 -0.5156
vn 0.1351 -0.8952 -0.4247
vn 0.0940 -0.9119 -0.3994
vn -0.2699 0.1198 0.9554
vn -0.4825 0.2372 0.8431
vn -0.3599 0.2108 0.9089
vn -0.3277 0.3055 0.8940
vn -0.7967 -0.2864 0.5322
vn -0.7898 -0.3191 0.5238
vn -0.9241 -0.2511 0.2881
vn -0.8278 -0.3050 0.4708
vn -0.3539 -0.5046 0.7875
vn -0.4372 -0.2188 0.8724
vn -0.2443 -0.2509 0.9367
vn -0.3038 -0.5082 0.8058
vn -0.8810 -0.1943 0.4315
vn -0.8281 -0.1520 0.5395
vn -0.8696 -0.1580 0.4678
vn -0.8929 -0.1873 0.4095
vn -0.7194 -0.0258 0.6941
vn -0.4243 -0.4675 0.7755
vn -0.4227 -0.2180 0.8797
vn -0.6751 -0.0808 0.7332
vn -0.0691 -0.2400 0.9683
vn -0.0764 -0.4666 0.8812
vn -0.2097 -0.3430 0.9156
vn -0.3758 -0.3400 0.8621
vn -0.2922 0.1883 0.9377
vn -0.3495 0.0717 0.9342
vn -0.3294 0.1860 0.9257
vn -0.3046 0.2562 0.9174
vn -0.7730 0.4091 0.4848
vn -0.1580 0.5097 0.8457
vn -0.1539 0.4799 0.8637
vn -0.8115 0.2754 0.5153
vn -0.8390 0.2640 0.4758
vn -0.8549 0.4270 0.2947
vn -0.9048 0.3613 0.2255
vn -0.8988 0.1918 0.3943
vn -0.6069 -0.6954 0.3848
vn 0.2917 -0.5864 0.7556
vn -0.1553 -0.0041 0.9879
vn -0.1720 -0.1937 0.9659
vn -0.0048 0.1792 0.9838
vn -0.0599 0.1890 0.9802
vn -0.4453 0.2446 0.8613
vn -0.4290 0.1950 0.8820
vn -0.3975 -0.0480 0.9163
vn -0.0593 -0.0903 0.9941
vn -0.0570 -0.0501 0.9971
vn -0.3517 -0.0661 0.9338
vn -0.3738 -0.1847 0.9090
vn -0.0997 -0.0193 0.9948
vn -0.0056 -0.0749 0.9972
vn -0.2820 -0.1705 0.9441
vn -0.1134 0.3859 0.9155
vn -0.8174 0.2161 0.5340
vn -0.8091 0.3048 0.5023
vn -0.1507 0.5143 0.8443
vn -0.5340 -0.0124 0.8454
vn -0.5539 -0.0154 0.8324
vn -0.6117 -0.1265 0.7809
vn -0.6215 0.0559 0.7814
vn -0.9709 0.1116 -0.2120
vn -0.9931 0.1169 -0.0020
vn -0.9908 0.1209 -0.0611
vn -0.9969 -0.0579 -0.0539
vn -0.0910 0.5300 0.8431
vn -0.2571 0.5067 0.8229
vn -0.2004 0.3632 0.9099
vn -0.0919 0.3720 0.9237
vn -0.8686 0.1383 0.4758
vn -0.9168 0.1406 0.3738
vn -0.9257 0.1642 0.3406
vn -0.9453 0.0836 0.3153
vn -0.3951 0.3619 0.8444
vn -0.3773 0.4771 0.7937
vn -0.5516 0.4261 0.7170
vn -0.5671 0.2989 0.7675
vn -1.0000 0.0040 -0.0045
vn -0.9640 0.1772 0.1981
vn -0.9878 -0.0066 0.1559
vn -0.9947 -0.0201 0.1009
vn -0.5577 0.1746 0.8115
vn -0.5083 0.1833 0.8414
vn -0.6044 0.1429 0.7838
vn -0.6113 0.0838 0.7869
vn -0.4071 0.1357 0.9032
vn -0.4049 0.0414 0.9134
vn -0.4482 0.1906 0.8734
vn -0.5166 0.1627 0.8406
vn -0.4414 0.3010 0.8453
vn -0.5078 0.3400 0.7916
vn -0.6439 0.3009 0.7035
vn -0.5859 0.3238 0.7429
vn -0.7226 0.3141 0.6158
vn -0.7717 0.2964 0.5626
vn -0.9609 0.1841 0.2067
vn -0.9191 0.1581 0.3610
vn -0.6213 0.4106 0.6674
vn -0.7229 0.3446 0.5989
vn -0.7171 0.2854 0.6359
vn -0.5296 0.3044 0.7918
vn -0.9345 -0.0893 0.3446
vn -0.9805 -0.0789 0.1801
vn -0.9973 -0.0550 0.0487
vn -0.9882 0.0001 0.1529
vn -0.9897 -0.0316 0.1397
vn -0.9923 -0.0760 0.0974
vn -0.9887 -0.0755 0.1296
vn -0.9860 -0.0259 0.1649
vn -0.1882 -0.6395 0.7454
vn -0.2451 -0.7617 0.5998
vn -0.0069 -0.4332 0.9013
vn -0.3867 -0.4163 0.8229
vn -0.1805 -0.9769 -0.1145
vn -0.0499 -0.9970 -0.0584
vn -0.0589 -0.9920 0.1119
vn -0.2061 -0.9700 0.1290
vn -0.8844 -0.2878 0.3675
vn -0.8568 -0.3743 0.3547
vn -0.8248 -0.4081 0.3913
vn -0.7906 -0.3285 0.5168
vn -0.9523 0.1177 0.2815
vn -0.9475 0.1818 0.2629
vn -0.9716 0.1025 0.2132
vn -0.9644 0.1332 0.2287
vn -0.9227 -0.2714 -0.2737
vn -0.9336 -0.3469 0.0892
vn -0.9409 -0.3128 0.1302
vn -0.9652 -0.2254 0.1324
vn -0.4700 -0.8810 -0.0546
vn -0.3560 -0.9316 -0.0730
vn -0.4679 -0.8822 0.0530
vn -0.6869 -0.6761 0.2667
vn -0.9136 -0.2065 0.3503
vn -0.9397 -0.2009 0.2768
vn -0.9296 -0.3153 0.1910
vn -0.8740 -0.2834 0.3948
vn -0.5907 -0.3492 0.7274
vn -0.7012 -0.1883 0.6877
vn -0.8129 -0.3510 0.4647
vn -0.5518 -0.4710 0.6882
vn -0.6668 -0.0543 0.7433
vn -0.6434 -0.1565 0.7494
vn -0.5711 0.0042 0.8208
vn -0.6287 0.0889 0.7726
vn -0.5625 -0.0438 0.8256
vn -0.6970 -0.1477 0.7017
vn -0.6532 -0.1031 0.7501
vn -0.5632 0.0024 0.8263
vn -0.9963 -0.0668 -0.0533
vn -0.9375 -0.1382 0.3193
vn -0.9893 -0.0300 0.1431
vn -0.9968 -0.0596 -0.0539
vn -0.3515 -0.5760 0.7380
vn -0.0994 -0.7361 0.6695
vn -0.1886 -0.4789 0.8574
vn -0.4390 -0.4240 0.7921
vn -0.9655 -0.2501 -0.0720
vn -0.9306 -0.2023 -0.3052
vn -0.9137 -0.3126 -0.2599
vn -0.9911 -0.1272 0.0390
vn -0.8508 -0.4446 0.2801
vn -0.6747 -0.7313 -0.0998
vn -0.5636 -0.8232 -0.0684
vn -0.7960 -0.5581 0.2343
vn -0.2802 0.2566 0.9250
vn -0.0486 0.2059 0.9774
vn 0.0821 0.4807 0.8731
vn -0.2824 0.4594 0.8422
vn -0.4901 -0.2462 0.8361
vn -0.5376 -0.2300 0.8112
vn -0.6292 -0.1623 0.7601
vn -0.6177 -0.1513 0.7717
vn -0.1703 -0.7510 0.6380
vn -0.3365 -0.6645 0.6673
vn -0.4127 -0.4510 0.7914
vn -0.3698 -0.4489 0.8135
vn -0.5476 -0.3973 0.7364
vn -0.5914 -0.3178 0.7411
vn -0.3890 -0.5760 0.7190
vn -0.3999 -0.5599 0.7257
vn -0.5062 0.1813 0.8431
vn -0.3796 0.0704 0.9225
vn -0.4040 0.1237 0.9064
vn -0.5161 0.2430 0.8213
vn -0.6224 0.2009 0.7564
vn -0.7136 -0.0854 0.6954
vn -0.6775 -0.2151 0.7034
vn -0.4642 0.2224 0.8574
vn -0.0330 0.3819 0.9236
vn -0.5036 0.2819 0.8166
vn -0.2676 0.2749 0.9235
vn 0.0002 0.3276 0.9448
vn -0.4925 -0.6370 0.5930
vn -0.1190 -0.4907 0.8631
vn -0.3920 -0.4573 0.7983
vn -0.6598 -0.4935 0.5667
vn -0.6031 0.0339 0.7969
vn -0.5465 0.2737 0.7915
vn -0.4810 0.3481 0.8046
vn -0.2729 0.1025 0.9566
vn -0.2935 -0.6205 0.7272
vn -0.1564 -0.3358 0.9289
vn -0.1160 -0.3396 0.9334
vn -0.3739 -0.6805 0.6301
vn -0.2781 -0.1875 0.9421
vn -0.4222 -0.3388 0.8408
vn -0.5093 -0.4797 0.7145
vn -0.5832 -0.2377 0.7768
vn -0.7637 -0.5030 0.4046
vn -0.9652 0.1635 0.2042
vn -0.9079 0.1411 0.3947
vn -0.7490 -0.1695 0.6406
vn -0.7754 -0.3946 0.4929
vn -0.8496 0.3020 0.4324
vn -0.9136 0.1642 0.3719
vn -0.7958 -0.4277 0.4287
vn -0.2314 -0.9001 0.3691
vn -0.2496 -0.9076 0.3376
vn 0.0104 -0.9878 -0.1553
vn -0.2538 -0.9346 0.2492
vn -0.4950 -0.1789 0.8503
vn -0.3407 -0.5579 0.7568
vn -0.2128 0.2916 0.9326
vn -0.7541 0.2558 0.6049
vn -0.2446 0.1235 0.9617
vn -0.0235 0.2090 0.9776
vn -0.0923 0.3191 0.9432
vn -0.2028 0.2907 0.9351
vn -0.8771 -0.1688 0.4496
vn -0.9624 -0.2005 0.1832
vn -0.9455 -0.2615 0.1939
vn -0.8518 -0.1098 0.5123
vn -0.2894 0.5924 0.7519
vn -0.4450 0.4971 0.7449
vn -0.5174 0.2941 0.8036
vn -0.5766 0.4280 0.6959
vn -0.7567 -0.0814 0.6486
vn -0.8427 0.0060 0.5384
vn -0.8484 0.0394 0.5279
vn -0.7649 0.0033 0.6442
vn 0.2767 -0.1794 0.9440
vn -0.2566 -0.4216 0.8697
vn 0.2210 -0.4659 0.8568
vn 0.5581 -0.0846 0.8255
vn -0.5955 -0.0093 0.8033
vn -0.7680 -0.0226 0.6400
vn -0.6775 -0.1257 0.7247
vn -0.5009 -0.1393 0.8542
vn -0.1167 -0.0085 0.9931
vn -0.3143 0.0196 0.9491
vn -0.2532 -0.0971 0.9625
vn -0.0525 -0.1138 0.9921
vn 0.3767 -0.0134 0.9262
vn 0.1945 -0.4624 0.8651
vn 0.0662 -0.2456 0.9671
vn 0.1174 -0.1046 0.9876
vn 0.2034 -0.1526 0.9671
vn 0.4403 -0.1913 0.8772
vn 0.3580 -0.1601 0.9199
vn 0.1162 -0.1576 0.9806
vn -0.1801 -0.2383 0.9544
vn -0.0051 -0.1737 0.9848
vn -0.0472 -0.1651 0.9852
vn -0.2416 -0.1609 0.9569
vn -0.6732 -0.1530 0.7234
vn -0.6694 -0.1269 0.7320
vn -0.4462 -0.2558 0.8576
vn -0.4978 -0.1557 0.8532
vn -0.5352 -0.3198 0.7818
vn -0.4884 -0.4569 0.7434
vn -0.7806 -0.2488 0.5733
vn -0.7639 -0.1976 0.6144
vn -0.3747 -0.0707 0.9245
vn -0.3502 -0.4253 0.8346
vn -0.3588 -0.5014 0.7873
vn -0.3486 -0.1287 0.9284
vn -0.8319 0.1319 0.5391
vn -0.6478 0.2165 0.7304
vn -0.6352 0.0739 0.7688
vn -0.8060 0.0464 0.5901
vn -0.4006 -0.2326 0.8862
vn -0.4640 -0.5000 0.7313
vn -0.6600 -0.3821 0.6468
vn -0.6115 -0.2688 0.7442
vn -0.8910 0.1740 0.4194
vn -0.8018 0.2416 0.5466
vn -0.6439 0.3128 0.6982
vn -0.7210 0.0546 0.6908
vn -0.8447 0.0755 0.5300
vn -0.8474 -0.0161 0.5307
vn -0.8122 0.2127 0.5432
vn -0.8508 0.2838 0.4423
vn -0.5209 -0.4473 0.7270
vn -0.5011 -0.4098 0.7622
vn -0.6284 -0.1154 0.7693
vn -0.7634 -0.2154 0.6089
vn -0.2232 0.1266 0.9665
vn -0.2403 0.0283 0.9703
vn -0.1084 0.1486 0.9829
vn -0.0292 0.2060 0.9781
vn -0.5537 -0.0346 0.8320
vn -0.4413 -0.3451 0.8284
vn -0.3758 -0.3582 0.8547
vn -0.4398 -0.0414 0.8971
vn -0.9988 0.0011 0.0494
vn -0.9961 -0.0414 0.0779
vn -0.9994 -0.0183 0.0278
vn -0.9936 -0.0434 0.1042
vn -0.8611 0.1605 0.4825
vn -0.9880 -0.0027 0.1547
vn -0.9942 -0.0160 0.1066
vn -0.9193 0.3217 0.2265
vn -0.7736 -0.2900 0.5634
vn -0.7612 -0.2165 0.6113
vn -0.5552 -0.1306 0.8214
vn -0.6631 -0.2450 0.7073
vn -0.6426 0.1726 0.7465
vn -0.8239 0.0512 0.5645
vn -0.7889 -0.2648 0.5546
vn -0.7983 0.0173 0.6021
vn -0.3492 0.1787 0.9199
vn -0.4920 0.1853 0.8506
vn -0.4236 -0.0258 0.9055
vn -0.4309 0.0721 0.8995
vn -0.9355 0.2435 0.2559
vn -0.9638 0.1330 0.2309
vn -0.9421 0.1344 0.3072
vn -0.9417 0.1777 0.2857
vn -0.6759 0.6010 0.4266
vn -0.8064 0.4592 0.3726
vn -0.7627 0.4219 0.4902
vn -0.6299 0.5063 0.5889
vn -0.4186 0.7700 0.4815
vn -0.4806 0.7241 0.4946
vn -0.5699 0.5905 0.5714
vn -0.3906 0.6624 0.6393
vn -0.0790 0.8713 0.4843
vn -0.2532 0.8391 0.4815
vn -0.2453 0.6995 0.6712
vn -0.0830 0.7247 0.6841
vn -0.0696 0.9967 0.0424
vn -0.2039 0.9780 0.0446
vn -0.2086 0.9403 0.2689
vn -0.0674 0.9607 0.2691
vn -0.0856 0.8228 -0.5618
vn -0.2625 0.7993 -0.5405
vn -0.2321 0.9416 -0.2441
vn -0.0780 0.9643 -0.2532
vn -0.0883 0.3179 -0.9440
vn -0.2903 0.3034 -0.9076
vn -0.2757 0.5688 -0.7749
vn -0.0869 0.5874 -0.8046
vn -0.0987 -0.1943 -0.9760
vn -0.3082 -0.1974 -0.9306
vn -0.2998 0.0187 -0.9538
vn -0.0932 0.0267 -0.9953
vn -0.0374 -0.9720 -0.2318
vn -0.1456 -0.9647 -0.2193
vn -0.0682 -0.9450 -0.3197
vn -0.0215 -0.9437 -0.3301
vn -0.4939 0.8199 0.2896
vn -0.3424 0.8973 0.2785
vn -0.3375 0.9397 0.0543
vn -0.4928 0.8667 0.0770
vn -0.6728 0.6247 -0.3965
vn -0.5681 0.8027 -0.1817
vn -0.3802 0.8968 -0.2264
vn -0.4501 0.7432 -0.4951
vn -0.7726 0.1673 -0.6125
vn -0.7454 0.4025 -0.5314
vn -0.5063 0.5130 -0.6932
vn -0.5353 0.2469 -0.8078
vn -0.7484 -0.2220 -0.6250
vn -0.7658 -0.0470 -0.6414
vn -0.5438 -0.0216 -0.8389
vn -0.5465 -0.2280 -0.8058
vn -0.1106 -0.4948 -0.8619
vn -0.3227 -0.4918 -0.8087
vn -0.3196 -0.3474 -0.8816
vn -0.1053 -0.3461 -0.9323
vn -0.8716 -0.4260 -0.2426
vn -0.9480 -0.2901 -0.1311
vn -0.9388 -0.3335 -0.0858
vn -0.8805 -0.4652 -0.0915
vn -0.8846 -0.2657 -0.3832
vn -0.9666 -0.2021 -0.1577
vn -0.9523 -0.2541 -0.1689
vn -0.8763 -0.3440 -0.3373
vn -0.9633 -0.0253 -0.2673
vn -0.9920 -0.0909 -0.0881
vn -0.9806 -0.1475 -0.1293
vn -0.9171 -0.1442 -0.3717
vn -0.9982 -0.0561 -0.0222
vn -0.9746 0.1551 -0.1615
vn -0.9703 0.2406 0.0232
vn -0.9974 -0.0488 0.0531
vn -0.9258 -0.0518 -0.3744
vn -0.9064 -0.1793 -0.3824
vn -0.9668 -0.1612 -0.1981
vn -0.9807 -0.0731 -0.1815
vn -0.7274 -0.3390 -0.5966
vn -0.5428 -0.3675 -0.7552
vn -0.5133 -0.4898 -0.7047
vn -0.6863 -0.4398 -0.5793
vn -0.9402 -0.2808 -0.1930
vn -0.9545 -0.2271 -0.1933
vn -0.8900 -0.2761 -0.3629
vn -0.8600 -0.3497 -0.3716
vn -0.8162 0.5043 0.2821
vn -0.6507 0.6980 0.2989
vn -0.6739 0.7305 0.1109
vn -0.8292 0.5352 0.1613
vn -0.9531 0.2818 -0.1108
vn -0.9062 0.4199 -0.0510
vn -0.7635 0.6379 -0.1008
vn -0.8676 0.4388 -0.2341
vn -0.9321 0.2889 0.2185
vn -0.9360 0.3294 0.1242
vn -0.9757 0.2154 0.0397
vn -0.9742 0.1563 0.1627
vn -0.9986 -0.0481 -0.0241
vn -0.9968 -0.0599 0.0521
vn -0.9952 -0.0470 0.0862
vn -0.9986 0.0526 -0.0012
vn -0.8976 0.2709 -0.3477
vn -0.9264 0.1019 -0.3625
vn -0.9781 0.0298 -0.2060
vn -0.9717 0.1425 -0.1883
vn 0.3544 0.6069 -0.7114
vn 0.3297 0.8886 -0.3188
vn -0.0246 0.9529 -0.3022
vn -0.1791 0.6964 -0.6949
vn 0.3425 -0.0421 -0.9386
vn 0.3783 0.2383 -0.8945
vn -0.2295 0.2230 -0.9474
vn -0.1716 -0.1228 -0.9775
vn -0.0291 -0.5785 -0.8151
vn 0.1483 -0.3669 -0.9184
vn -0.2541 -0.3798 -0.8895
vn -0.3227 -0.5617 -0.7618
vn -0.0160 -0.9257 -0.3779
vn -0.0550 -0.7456 -0.6641
vn -0.2660 -0.7719 -0.5774
vn -0.2745 -0.9196 -0.2810
vn -0.4350 -0.8039 0.4057
vn -0.1696 -0.9847 0.0409
vn -0.3553 -0.9257 0.1294
vn -0.3947 -0.6471 0.6523
vn -0.8370 0.1923 0.5124
vn -0.8204 0.4291 0.3780
vn -0.8264 0.3270 0.4583
vn -0.9558 0.0592 -0.2881
vn -0.9114 -0.2868 0.2952
vn -0.9660 -0.2518 0.0595
vn -0.7956 -0.4202 0.4365
vn -0.9897 -0.1229 -0.0731
vn 0.2562 0.8781 0.4041
vn 0.1230 0.9664 0.2258
vn -0.3860 0.7104 0.5885
vn 0.0550 0.5260 0.8487
vn -0.8949 -0.3998 -0.1981
vn -0.1860 -0.5373 -0.8226
vn -0.2445 -0.6938 -0.6774
vn -0.8832 -0.4576 -0.1024
vn -0.6921 0.1654 0.7025
vn -0.8510 -0.0459 0.5231
vn -0.4675 0.2065 0.8595
vn -0.5018 0.3391 0.7957
vn -0.6921 -0.0831 0.7170
vn -0.6646 -0.0694 0.7440
vn -0.7318 -0.1792 0.6575
vn -0.6951 -0.0606 0.7164
vn -0.0995 0.2416 -0.9653
vn 0.0147 -0.2050 -0.9786
vn -0.9592 -0.2367 -0.1543
vn -0.9518 0.0761 -0.2970
vn -0.0864 -0.8442 -0.5289
vn -0.2189 -0.8418 -0.4935
vn -0.2891 -0.6685 -0.6852
vn -0.1042 -0.6731 -0.7322
vn -0.5932 -0.5849 -0.5532
vn -0.4344 -0.6504 -0.6231
vn -0.3002 -0.8354 -0.4604
vn -0.4094 -0.7923 -0.4525
vn -0.9126 -0.3307 -0.2406
vn -0.7884 -0.4611 -0.4072
vn -0.5849 -0.7037 -0.4034
vn -0.7400 -0.5945 -0.3145
vn -0.9054 -0.4065 -0.1227
vn -0.9395 -0.3162 -0.1316
vn -0.8059 -0.5453 -0.2305
vn -0.7902 -0.5806 -0.1963
vn -0.6842 -0.6373 -0.3546
vn -0.6681 -0.6571 -0.3491
vn -0.7090 -0.6610 -0.2457
vn -0.5561 -0.6883 -0.4658
vn -0.3890 -0.8462 -0.3641
vn -0.4938 -0.8219 -0.2839
vn -0.6060 -0.7496 -0.2661
vn -0.4784 -0.8136 -0.3305
vn -0.5530 -0.1724 0.8152
vn -0.7787 -0.1519 0.6088
vn -0.7145 -0.1240 0.6886
vn -0.6582 -0.0554 0.7508
vn -0.2989 -0.9400 -0.1646
vn -0.4260 -0.8981 -0.1092
vn -0.2510 -0.9145 -0.3172
vn -0.1548 -0.9380 -0.3100
vn -0.8676 -0.1255 0.4811
vn -0.8963 -0.3406 0.2839
vn -0.8661 -0.3646 0.3419
vn -0.8836 -0.2043 0.4212
vn -0.0319 -0.9293 -0.3679
vn -0.0860 -0.9210 -0.3798
vn -0.1105 -0.9326 -0.3435
vn -0.0434 -0.9420 -0.3327
vn -0.0478 -0.9766 -0.2097
vn -0.1135 -0.9649 -0.2369
vn -0.1162 -0.9687 -0.2194
vn -0.0503 -0.9802 -0.1915
vn -0.5053 -0.8520 -0.1374
vn -0.5081 -0.8362 -0.2064
vn -0.3825 -0.8534 -0.3540
vn -0.3445 -0.8763 -0.3367
vn -0.9089 -0.3572 0.2154
vn -0.8918 -0.4505 0.0419
vn -0.7821 -0.6225 -0.0285
vn -0.8753 -0.4092 0.2577
vn -0.9799 0.0785 0.1832
vn -0.9823 0.1096 0.1518
vn -0.9738 0.0022 0.2273
vn -0.9843 0.0207 0.1753
vn -0.0091 -0.9219 -0.3873
vn -0.0390 -0.9206 -0.3886
vn -0.0112 -0.8697 -0.4934
vn -0.0084 -0.8650 -0.5017
vn -0.0147 -0.8734 -0.4869
vn -0.0405 -0.8697 -0.4920
vn -0.0504 -0.8848 -0.4632
vn -0.0182 -0.8886 -0.4583
vn -0.0218 -0.9032 -0.4287
vn -0.0606 -0.8980 -0.4358
vn -0.0725 -0.9101 -0.4079
vn -0.0264 -0.9169 -0.3983
vn -0.2501 -0.8684 -0.4281
vn -0.3349 -0.8578 -0.3899
vn -0.1395 -0.8953 -0.4230
vn -0.1146 -0.8868 -0.4476
vn -0.1664 -0.8469 -0.5050
vn -0.1795 -0.8680 -0.4629
vn -0.0939 -0.8763 -0.4726
vn -0.0777 -0.8616 -0.5017
vn -0.0031 -0.8436 -0.5370
vn -0.0151 -0.8459 -0.5331
vn -0.0176 -0.8379 -0.5455
vn -0.0026 -0.8396 -0.5433
vn -0.4478 -0.5067 0.7367
vn -0.6589 0.1104 0.7441
vn -0.4129 -0.4823 0.7726
vn -0.4235 -0.4824 0.7667
vn -0.3474 0.9343 -0.0797
vn -0.3431 0.6554 -0.6729
vn -0.9559 0.2931 -0.0164
vn -0.8269 0.5118 0.2330
vn -0.4883 -0.8221 -0.2927
vn -0.8624 -0.5041 0.0458
vn -0.8896 -0.4414 -0.1175
vn -0.3972 -0.7218 -0.5668
vn -0.9477 -0.0668 0.3121
vn -0.8363 -0.4352 0.3335
vn -0.7558 -0.4586 0.4674
vn -0.8225 -0.0315 0.5679
vn -0.6450 -0.0859 0.7593
vn -0.9666 -0.0271 0.2549
vn -0.9342 -0.0416 0.3544
vn -0.7880 0.2853 0.5455
vn -0.8780 0.2850 0.3845
vn -0.5672 -0.3138 0.7615
vn -0.6954 0.4618 0.5505
vn -0.7716 0.2556 0.5825
vn -0.9655 0.1614 0.2043
vn -0.5635 0.2838 0.7759
vn -0.8213 -0.2967 0.4873
vn -0.9101 -0.2948 0.2911
vn -0.8920 -0.0370 0.4505
vn -0.8217 0.1504 0.5497
vn -0.9543 -0.1524 0.2571
vn -0.8810 -0.0886 0.4648
vn -0.7082 -0.2205 0.6707
vn -0.8500 -0.0943 0.5183
vn -0.9280 -0.1042 0.3578
vn -0.9599 -0.0196 0.2797
vn -0.6400 -0.4566 0.6180
vn -0.8707 -0.3056 0.3853
vn -0.7362 -0.4030 0.5436
vn -0.7930 -0.1550 0.5891
vn -0.9158 -0.0270 0.4008
vn -0.8568 0.1897 0.4795
vn -0.8571 0.3114 0.4103
vn -0.8891 0.0698 0.4523
vn -0.0454 -0.9548 -0.2938
vn -0.1115 -0.9463 -0.3034
vn -0.1107 -0.9571 -0.2678
vn -0.0464 -0.9665 -0.2526
vn -0.0592 -0.9730 -0.2232
vn -0.1184 -0.9642 -0.2374
vn -0.1674 -0.9282 -0.3323
vn -0.0726 -0.9358 -0.3449
vn -0.2591 -0.9086 -0.3275
vn -0.2061 -0.9194 -0.3351
vn -0.1530 -0.9542 -0.2571
vn -0.1594 -0.9514 -0.2635
vn -0.3880 -0.8726 -0.2966
vn -0.3307 -0.8923 -0.3074
vn -0.1724 -0.9464 -0.2731
vn -0.1804 -0.9357 -0.3033
vn -0.4098 -0.8386 -0.3588
vn -0.4196 -0.8499 -0.3189
vn -0.1779 -0.9143 -0.3638
vn -0.1630 -0.9027 -0.3983
vn -0.0056 -0.8450 -0.5347
vn -0.0206 -0.8401 -0.5420
vn -0.0297 -0.8523 -0.5222
vn -0.0103 -0.8572 -0.5148
vn -0.1589 -0.8650 -0.4760
vn -0.1628 -0.8451 -0.5093
vn -0.0678 -0.8437 -0.5326
vn -0.0700 -0.8354 -0.5452
vn -0.0939 -0.9119 -0.3994
vn -0.1352 -0.8951 -0.4248
vn -0.0602 -0.8547 -0.5156
vn -0.0471 -0.8733 -0.4849
vn 0.3598 0.2108 0.9089
vn 0.4828 0.2373 0.8430
vn 0.2698 0.1197 0.9555
vn 0.3279 0.3056 0.8939
vn 0.8913 -0.3932 0.2259
vn 0.7894 -0.3193 0.5243
vn 0.7971 -0.2861 0.5319
vn 0.8277 -0.3051 0.4710
vn 0.1821 -0.6141 0.7679
vn 0.1565 -0.3350 0.9291
vn 0.3333 -0.2880 0.8978
vn 0.3298 -0.5189 0.7887
vn 0.8833 -0.1896 0.4287
vn 0.8134 -0.1776 0.5540
vn 0.7265 -0.1686 0.6662
vn 0.8486 -0.1944 0.4921
vn 0.4253 -0.2220 0.8774
vn 0.4184 -0.4706 0.7768
vn 0.7214 -0.0230 0.6921
vn 0.6749 -0.0809 0.7334
vn 0.3228 -0.4291 0.8436
vn 0.1182 -0.4988 0.8586
vn 0.0777 -0.2463 0.9661
vn 0.2031 -0.2231 0.9534
vn 0.3460 0.2778 0.8961
vn 0.4164 0.2347 0.8784
vn 0.4294 0.1539 0.8899
vn 0.3407 0.2453 0.9076
vn 0.2118 0.4903 0.8455
vn 0.1582 0.5095 0.8458
vn 0.7734 0.4092 0.4842
vn 0.8236 0.2761 0.4954
vn 0.9040 0.1677 0.3933
vn 0.8751 0.3335 0.3506
vn 0.8503 0.4245 0.3110
vn 0.8338 0.2642 0.4847
vn 0.2731 0.0077 0.9620
vn 0.4829 -0.4044 0.7767
vn 0.1151 -0.9124 0.3928
vn 0.3054 -0.5179 0.7991
vn 0.4452 0.2446 0.8614
vn 0.0599 0.1890 0.9801
vn 0.0049 0.1791 0.9838
vn 0.4287 0.1948 0.8822
vn 0.0569 -0.0502 0.9971
vn 0.1577 0.0191 0.9873
vn 0.3943 -0.0539 0.9174
vn 0.3905 -0.0101 0.9206
vn 0.3865 -0.1421 0.9113
vn 0.0984 -0.0351 0.9945
vn 0.1716 0.0063 0.9851
vn 0.6103 -0.1157 0.7837
vn 0.1033 0.5033 0.8579
vn 0.8050 0.3034 0.5098
vn 0.6420 0.1660 0.7485
vn 0.1836 0.4057 0.8954
vn 0.5438 0.0206 0.8390
vn 0.6018 -0.0989 0.7925
vn 0.4797 -0.1867 0.8573
vn 0.9985 -0.0552 -0.0030
vn 0.9966 -0.0500 -0.0656
vn 0.9945 -0.0061 0.1042
vn 0.9931 0.1171 -0.0020
vn 0.2632 0.3879 0.8833
vn 0.2595 0.5074 0.8217
vn 0.0888 0.5292 0.8438
vn 0.0937 0.3728 0.9232
vn 0.8983 0.0912 0.4298
vn 0.9490 0.1572 0.2731
vn 0.9357 0.1407 0.3235
vn 0.9178 0.1467 0.3689
vn 0.5550 0.2939 0.7782
vn 0.5822 0.4327 0.6883
vn 0.4073 0.4848 0.7740
vn 0.3843 0.3576 0.8511
vn 0.9895 -0.0579 0.1322
vn 0.9854 -0.0254 0.1681
vn 0.9411 -0.0774 0.3291
vn 0.9846 0.0695 0.1602
vn 0.6040 0.1432 0.7840
vn 0.5085 0.1834 0.8413
vn 0.5576 0.1745 0.8116
vn 0.6113 0.0838 0.7870
vn 0.5191 0.1640 0.8388
vn 0.5212 0.0272 0.8530
vn 0.4180 0.0483 0.9072
vn 0.5037 0.0121 0.8638
vn 0.6439 0.3009 0.7035
vn 0.5078 0.3401 0.7915
vn 0.4408 0.3010 0.8456
vn 0.5864 0.3242 0.7423
vn 0.9609 0.1838 0.2070
vn 0.7718 0.2964 0.5626
vn 0.7230 0.3138 0.6155
vn 0.9187 0.1581 0.3620
vn 0.7175 0.2855 0.6354
vn 0.7576 0.3501 0.5509
vn 0.6297 0.4123 0.6583
vn 0.6214 0.3413 0.7052
vn 0.9948 -0.0888 0.0500
vn 0.9987 -0.0436 0.0254
vn 0.9934 -0.0504 0.1032
vn 0.9821 -0.0579 0.1795
vn 0.9887 -0.0756 0.1295
vn 0.9923 -0.0760 0.0974
vn 0.9897 -0.0317 0.1397
vn 0.9860 -0.0259 0.1649
vn 0.2304 -0.1780 0.9567
vn 0.3561 -0.6190 0.7000
vn 0.1901 -0.6388 0.7455
vn 0.3533 -0.4470 0.8218
vn 0.0584 -0.9921 0.1112
vn 0.0501 -0.9970 -0.0590
vn 0.1804 -0.9769 -0.1142
vn 0.2067 -0.9699 0.1287
vn 0.8840 -0.2875 0.3687
vn 0.7910 -0.3277 0.5166
vn 0.8249 -0.4082 0.3911
vn 0.8567 -0.3744 0.3548
vn 0.9522 0.1180 0.2818
vn 0.9644 0.1331 0.2284
vn 0.9716 0.1025 0.2131
vn 0.9476 0.1819 0.2626
vn 0.9409 -0.3127 0.1301
vn 0.9339 -0.3468 0.0872
vn 0.9225 -0.2727 -0.2734
vn 0.9534 -0.2796 0.1133
vn 0.4668 -0.8829 0.0514
vn 0.3559 -0.9317 -0.0730
vn 0.4702 -0.8809 -0.0545
vn 0.6871 -0.6760 0.2664
vn 0.8781 -0.2342 0.4172
vn 0.9314 -0.3073 0.1950
vn 0.9300 -0.3148 0.1898
vn 0.9127 -0.1798 0.3668
vn 0.6148 -0.5389 0.5758
vn 0.8411 -0.3864 0.3785
vn 0.8114 -0.3057 0.4982
vn 0.5464 -0.3038 0.7805
vn 0.6095 0.0864 0.7880
vn 0.6477 0.0133 0.7618
vn 0.6563 -0.1641 0.7365
vn 0.7262 -0.0829 0.6825
vn 0.5654 -0.0173 0.8246
vn 0.6559 -0.0651 0.7521
vn 0.7024 -0.0298 0.7112
vn 0.5596 -0.0028 0.8288
vn 0.9891 -0.0299 0.1440
vn 0.9375 -0.1377 0.3196
vn 0.9686 -0.1805 0.1712
vn 0.9967 -0.0599 -0.0539
vn 0.2882 -0.3415 0.8946
vn 0.0983 -0.7355 0.6703
vn 0.3524 -0.5756 0.7379
vn 0.4393 -0.4240 0.7920
vn 0.9099 -0.2978 -0.2889
vn 0.9217 -0.3779 0.0874
vn 0.9651 -0.2516 -0.0729
vn 0.9911 -0.1274 0.0389
vn 0.7830 -0.5361 0.3154
vn 0.5635 -0.8232 -0.0698
vn 0.6867 -0.7268 0.0131
vn 0.8522 -0.4459 0.2739
vn -0.0162 0.6501 0.7597
vn 0.1009 0.2902 0.9516
vn 0.2806 0.2573 0.9247
vn 0.2779 0.4495 0.8489
vn 0.6254 -0.1603 0.7637
vn 0.5337 -0.2264 0.8148
vn 0.5419 -0.2773 0.7934
vn 0.6277 -0.1553 0.7628
vn 0.4125 -0.4501 0.7920
vn 0.3369 -0.6660 0.6655
vn 0.3392 -0.6661 0.6643
vn 0.3834 -0.4413 0.8113
vn 0.4243 -0.5687 0.7047
vn 0.5702 -0.3252 0.7545
vn 0.6414 -0.4013 0.6539
vn 0.3768 -0.5563 0.7406
vn 0.5531 0.2268 0.8016
vn 0.3969 0.1313 0.9084
vn 0.4210 0.0184 0.9069
vn 0.5580 0.1470 0.8167
vn 0.4581 0.3715 0.8076
vn 0.4388 0.0445 0.8975
vn 0.7808 0.0675 0.6211
vn 0.6275 0.2907 0.7223
vn -0.0769 0.4926 0.8669
vn 0.1969 0.4910 0.8487
vn 0.4638 0.4365 0.7710
vn 0.3722 0.4036 0.8358
vn 0.6599 -0.4795 0.5785
vn 0.3640 -0.3031 0.8807
vn 0.0862 -0.6930 0.7158
vn 0.4749 -0.6945 0.5406
vn 0.4781 0.3296 0.8141
vn 0.5739 0.3839 0.7234
vn 0.5621 0.2808 0.7780
vn 0.5347 0.1718 0.8274
vn 0.3492 -0.7203 0.5994
vn 0.0430 -0.5164 0.8552
vn 0.1571 -0.3346 0.9292
vn 0.2044 -0.7194 0.6639
vn 0.3448 -0.3890 0.8542
vn 0.5497 -0.4061 0.7300
vn 0.4203 -0.3240 0.8476
vn 0.4792 -0.1145 0.8702
vn 0.9041 -0.1393 0.4040
vn 0.9013 0.1180 0.4168
vn 0.9650 0.1804 0.1904
vn 0.8924 -0.3918 0.2240
vn 0.7490 -0.4748 0.4622
vn 0.8730 0.2874 0.3940
vn 0.8856 0.2060 0.4163
vn 0.8125 -0.1717 0.5572
vn 0.5352 -0.8409 -0.0804
vn -0.4619 -0.8806 0.1061
vn 0.1554 -0.9063 0.3930
vn 0.2628 -0.9033 0.3391
vn 0.7838 0.2134 0.5832
vn 0.1522 0.3298 0.9317
vn 0.1714 -0.4113 0.8952
vn 0.6434 -0.4539 0.6165
vn 0.2399 0.3065 0.9211
vn 0.0413 0.2962 0.9542
vn 0.0396 0.1995 0.9791
vn 0.3517 0.1699 0.9206
vn 0.8764 -0.1692 0.4509
vn 0.8523 -0.1092 0.5115
vn 0.9453 -0.2616 0.1946
vn 0.9623 -0.2009 0.1833
vn 0.4119 0.6158 0.6717
vn 0.3529 0.4518 0.8193
vn 0.4049 0.5218 0.7509
vn 0.4732 0.4426 0.7617
vn 0.8486 0.0379 0.5277
vn 0.8425 0.0059 0.5387
vn 0.7572 -0.0809 0.6482
vn 0.7650 0.0035 0.6441
vn -0.5611 -0.0600 0.8256
vn -0.2224 -0.4650 0.8569
vn 0.2722 -0.2396 0.9320
vn -0.3155 0.1704 0.9335
vn 0.7531 -0.0743 0.6537
vn 0.8460 -0.0009 0.5332
vn 0.6984 0.0504 0.7140
vn 0.5815 -0.0694 0.8106
vn 0.3021 -0.0513 0.9519
vn 0.4164 0.1013 0.9035
vn 0.1851 0.0680 0.9804
vn 0.1141 -0.0466 0.9924
vn -0.0922 -0.0712 0.9932
vn 0.0790 -0.0013 0.9969
vn -0.1430 -0.2423 0.9596
vn -0.3896 -0.0425 0.9200
vn -0.2128 -0.2313 0.9493
vn -0.4415 -0.1980 0.8752
vn -0.2919 -0.1685 0.9415
vn -0.3848 -0.2237 0.8955
vn 0.1847 -0.2126 0.9595
vn -0.0005 -0.2048 0.9788
vn -0.0598 -0.2143 0.9749
vn 0.1915 -0.2279 0.9547
vn 0.6735 -0.1535 0.7231
vn 0.4508 -0.2087 0.8679
vn 0.4459 -0.2553 0.8579
vn 0.6691 -0.1264 0.7324
vn 0.7723 -0.2474 0.5852
vn 0.5270 -0.4700 0.7081
vn 0.4797 -0.2731 0.8338
vn 0.7802 -0.2091 0.5896
vn 0.2803 -0.2931 0.9141
vn 0.3261 -0.5755 0.7500
vn 0.2906 -0.5177 0.8047
vn 0.3364 -0.1294 0.9328
vn 0.6355 0.0744 0.7685
vn 0.6462 0.2145 0.7324
vn 0.8319 0.1315 0.5392
vn 0.8057 0.0467 0.5904
vn 0.6579 -0.3818 0.6492
vn 0.6733 -0.4937 0.5503
vn 0.4515 -0.6087 0.6524
vn 0.4497 -0.4888 0.7475
vn 0.6440 0.3136 0.6978
vn 0.8018 0.2417 0.5466
vn 0.8911 0.1736 0.4193
vn 0.6624 0.3595 0.6572
vn 0.8143 0.2342 0.5311
vn 0.8152 -0.0781 0.5740
vn 0.7709 0.0087 0.6369
vn 0.8284 0.2135 0.5179
vn 0.6472 -0.1050 0.7551
vn 0.5116 -0.4051 0.7578
vn 0.5244 -0.4471 0.7247
vn 0.7074 -0.2246 0.6702
vn 0.2420 0.1493 0.9587
vn 0.1345 0.2693 0.9536
vn 0.3053 0.2551 0.9174
vn 0.2945 0.0933 0.9511
vn 0.4112 -0.0772 0.9083
vn 0.3218 -0.4234 0.8469
vn 0.4096 -0.3717 0.8331
vn 0.5145 -0.0727 0.8544
vn 0.9961 -0.0424 0.0779
vn 0.9941 -0.0554 0.0932
vn 0.9950 -0.0419 0.0909
vn 0.9990 -0.0167 0.0418
vn 0.8447 0.4162 0.3364
vn 0.9933 -0.0375 0.1093
vn 0.9889 -0.0340 0.1446
vn 0.9313 0.1361 0.3380
vn 0.4651 -0.2088 0.8603
vn 0.4990 -0.1225 0.8579
vn 0.6225 -0.2477 0.7424
vn 0.6932 -0.3123 0.6496
vn 0.8385 -0.2373 0.4906
vn 0.8239 0.0512 0.5644
vn 0.6427 0.1725 0.7465
vn 0.6197 -0.0924 0.7794
vn 0.5001 0.1328 0.8557
vn 0.4998 0.2023 0.8422
vn 0.3555 0.1928 0.9146
vn 0.3882 -0.0302 0.9211
vn 0.9610 0.1240 0.2471
vn 0.9672 0.1295 0.2186
vn 0.9249 0.2517 0.2851
vn 0.9240 0.1840 0.3352
vn 0.8043 0.4141 0.4263
vn 0.8258 0.4481 0.3423
vn 0.6787 0.5998 0.4238
vn 0.6794 0.5014 0.5358
vn 0.4922 0.5938 0.6365
vn 0.5294 0.7123 0.4608
vn 0.3746 0.7764 0.5068
vn 0.4336 0.6627 0.6105
vn 0.2696 0.7024 0.6588
vn 0.2211 0.8392 0.4968
vn 0.0716 0.8702 0.4874
vn 0.0857 0.7254 0.6830
vn 0.2038 0.9408 0.2709
vn 0.2077 0.9772 0.0430
vn 0.0735 0.9965 0.0406
vn 0.0694 0.9608 0.2683
vn 0.2321 0.9416 -0.2441
vn 0.2625 0.7993 -0.5405
vn 0.0858 0.8227 -0.5619
vn 0.0815 0.9636 -0.2548
vn 0.2871 0.5615 -0.7761
vn 0.3063 0.2922 -0.9060
vn 0.0945 0.3143 -0.9446
vn 0.0883 0.5867 -0.8050
vn 0.3210 0.0036 -0.9471
vn 0.3345 -0.2158 -0.9174
vn 0.1102 -0.2017 -0.9732
vn 0.1022 0.0210 -0.9945
vn 0.0683 -0.9450 -0.3198
vn 0.1454 -0.9648 -0.2190
vn 0.0377 -0.9720 -0.2318
vn 0.0215 -0.9437 -0.3301
vn 0.5059 0.8596 0.0715
vn 0.3440 0.9376 0.0517
vn 0.3581 0.8934 0.2712
vn 0.5192 0.8091 0.2753
vn 0.3658 0.8997 -0.2382
vn 0.5454 0.8118 -0.2088
vn 0.6369 0.6241 -0.4526
vn 0.4243 0.7412 -0.5202
vn 0.4824 0.5046 -0.7160
vn 0.7135 0.3893 -0.5825
vn 0.7726 0.1673 -0.6125
vn 0.5353 0.2469 -0.8078
vn 0.5438 -0.0216 -0.8389
vn 0.7658 -0.0471 -0.6414
vn 0.7484 -0.2220 -0.6250
vn 0.5465 -0.2280 -0.8058
vn 0.3466 -0.3681 -0.8628
vn 0.3389 -0.5075 -0.7922
vn 0.1227 -0.5047 -0.8545
vn 0.1197 -0.3562 -0.9267
vn 0.9388 -0.3334 -0.0865
vn 0.9480 -0.2901 -0.1311
vn 0.8716 -0.4260 -0.2425
vn 0.8806 -0.4648 -0.0917
vn 0.9563 -0.2549 -0.1435
vn 0.9685 -0.2088 -0.1355
vn 0.8899 -0.2675 -0.3695
vn 0.8763 -0.3440 -0.3373
vn 0.9808 -0.1570 -0.1159
vn 0.9912 -0.1045 -0.0817
vn 0.9664 -0.0417 -0.2537
vn 0.9315 -0.1652 -0.3241
vn 0.9703 0.2406 0.0232
vn 0.9855 0.0783 -0.1505
vn 0.9982 -0.0561 -0.0222
vn 0.9974 -0.0488 0.0531
vn 0.9668 -0.1612 -0.1981
vn 0.9064 -0.1793 -0.3824
vn 0.9258 -0.0518 -0.3744
vn 0.9807 -0.0731 -0.1815
vn 0.6888 -0.4449 -0.5724
vn 0.5083 -0.4830 -0.7130
vn 0.5226 -0.3486 -0.7780
vn 0.7195 -0.3287 -0.6118
vn 0.8900 -0.2761 -0.3629
vn 0.9545 -0.2271 -0.1933
vn 0.9402 -0.2808 -0.1930
vn 0.8600 -0.3497 -0.3716
vn 0.8113 0.5694 0.1324
vn 0.6652 0.7398 0.1012
vn 0.6789 0.6802 0.2766
vn 0.8297 0.4922 0.2633
vn 0.7359 0.6570 -0.1640
vn 0.9062 0.4199 -0.0510
vn 0.9477 0.2710 -0.1687
vn 0.8387 0.4335 -0.3297
vn 0.9725 0.1589 0.1704
vn 0.9802 0.1970 -0.0217
vn 0.9442 0.3169 0.0901
vn 0.9328 0.2882 0.2165
vn 0.9981 -0.0057 0.0619
vn 0.9968 -0.0599 0.0521
vn 0.9986 -0.0480 -0.0241
vn 0.9986 0.0525 -0.0013
vn 0.9785 0.1118 -0.1735
vn 0.9856 -0.0307 -0.1661
vn 0.9394 0.0602 -0.3374
vn 0.9270 0.1981 -0.3184
vn 0.0244 0.9528 -0.3027
vn -0.3295 0.8886 -0.3189
vn -0.3544 0.6067 -0.7115
vn -0.0076 0.6494 -0.7604
vn 0.1966 0.2133 -0.9570
vn -0.3611 0.2483 -0.8988
vn -0.3772 -0.0546 -0.9245
vn 0.2217 -0.1076 -0.9692
vn 0.1632 -0.4092 -0.8978
vn -0.3471 -0.3975 -0.8494
vn -0.1425 -0.6074 -0.7816
vn 0.2729 -0.5838 -0.7647
vn 0.3653 -0.7139 -0.5974
vn 0.0429 -0.7491 -0.6611
vn 0.0922 -0.9030 -0.4195
vn 0.3460 -0.8765 -0.3347
vn 0.4054 -0.9134 0.0352
vn 0.1881 -0.9813 -0.0415
vn 0.4347 -0.8039 0.4059
vn 0.4776 -0.7910 0.3825
vn 0.8268 0.3263 0.4581
vn 0.8195 0.4284 0.3806
vn 0.8329 0.1953 0.5178
vn 0.9536 0.0611 -0.2949
vn 0.7827 -0.4705 0.4073
vn 0.9401 -0.0840 -0.3304
vn 0.8004 -0.4263 0.4215
vn 0.9853 -0.1335 0.1066
vn 0.0299 0.7348 0.6776
vn 0.3865 0.7056 0.5939
vn -0.1090 0.9817 0.1564
vn -0.0171 0.9747 0.2227
vn 0.2440 -0.6936 -0.6778
vn 0.1855 -0.5376 -0.8225
vn 0.9149 -0.3870 -0.1149
vn 0.8630 -0.4782 -0.1629
vn 0.4686 0.2067 0.8589
vn 0.8513 -0.0456 0.5227
vn 0.6974 0.1617 0.6982
vn 0.4970 0.3364 0.7999
vn 0.6511 -0.2264 0.7244
vn 0.5406 -0.1227 0.8323
vn 0.7034 -0.0777 0.7066
vn 0.6954 -0.0611 0.7161
vn 0.9930 -0.0684 -0.0960
vn 0.9628 -0.2414 -0.1213
vn 0.2692 -0.1352 -0.9535
vn 0.0560 0.2647 -0.9627
vn 0.2960 -0.6787 -0.6721
vn 0.2232 -0.8501 -0.4770
vn 0.0937 -0.8509 -0.5169
vn 0.1135 -0.6820 -0.7225
vn 0.3913 -0.8277 -0.4022
vn 0.2995 -0.8424 -0.4479
vn 0.4367 -0.6585 -0.6129
vn 0.5932 -0.6170 -0.5172
vn 0.6667 -0.6995 -0.2573
vn 0.5280 -0.7830 -0.3288
vn 0.7774 -0.5204 -0.3532
vn 0.8964 -0.3976 -0.1958
vn 0.8070 -0.5556 -0.2000
vn 0.7665 -0.6062 -0.2119
vn 0.9364 -0.3266 -0.1287
vn 0.9389 -0.3137 -0.1414
vn 0.6941 -0.6901 -0.2050
vn 0.7961 -0.5546 -0.2422
vn 0.9082 -0.2930 -0.2990
vn 0.6789 -0.6352 -0.3683
vn 0.3892 -0.8462 -0.3639
vn 0.4788 -0.8134 -0.3303
vn 0.6059 -0.7496 -0.2664
vn 0.4930 -0.8221 -0.2848
vn 0.7146 -0.1254 0.6882
vn 0.7749 -0.1526 0.6133
vn 0.5555 -0.1688 0.8142
vn 0.6594 -0.0561 0.7497
vn 0.1546 -0.9385 -0.3088
vn 0.2509 -0.9149 -0.3162
vn 0.4243 -0.8964 -0.1280
vn 0.2864 -0.9522 -0.1064
vn 0.8676 -0.1256 0.4811
vn 0.8836 -0.2042 0.4214
vn 0.8662 -0.3646 0.3417
vn 0.8965 -0.3404 0.2836
vn 0.1009 -0.9262 -0.3632
vn 0.0860 -0.9210 -0.3798
vn 0.0319 -0.9293 -0.3679
vn 0.0382 -0.9377 -0.3452
vn 0.1143 -0.9685 -0.2213
vn 0.1119 -0.9647 -0.2385
vn 0.0462 -0.9760 -0.2126
vn 0.0476 -0.9795 -0.1960
vn 0.3442 -0.8760 -0.3380
vn 0.3740 -0.8500 -0.3709
vn 0.4892 -0.8321 -0.2615
vn 0.4896 -0.8484 -0.2010
vn 0.8791 -0.4110 0.2412
vn 0.7834 -0.6109 0.1145
vn 0.8848 -0.4462 0.1342
vn 0.9194 -0.3581 0.1627
vn 0.9737 0.0021 0.2277
vn 0.9823 0.1096 0.1516
vn 0.9799 0.0783 0.1832
vn 0.9842 0.0208 0.1756
vn 0.0255 -0.8768 -0.4801
vn 0.0390 -0.9206 -0.3885
vn 0.0091 -0.9219 -0.3873
vn 0.0084 -0.8650 -0.5017
vn 0.0504 -0.8848 -0.4632
vn 0.0405 -0.8697 -0.4920
vn 0.0147 -0.8734 -0.4869
vn 0.0182 -0.8886 -0.4583
vn 0.0725 -0.9101 -0.4079
vn 0.0606 -0.8980 -0.4358
vn 0.0218 -0.9032 -0.4287
vn 0.0264 -0.9169 -0.3983
vn 0.1470 -0.8703 -0.4700
vn 0.1688 -0.8784 -0.4470
vn 0.4183 -0.8074 -0.4162
vn 0.3491 -0.8232 -0.4477
vn 0.1055 -0.8522 -0.5125
vn 0.1229 -0.8642 -0.4880
vn 0.2653 -0.8418 -0.4700
vn 0.1854 -0.8606 -0.4744
vn 0.0176 -0.8379 -0.5455
vn 0.0152 -0.8459 -0.5331
vn 0.0031 -0.8436 -0.5370
vn 0.0026 -0.8396 -0.5433
vn 0.4146 -0.4802 0.7730
vn 0.6626 0.1095 0.7409
vn 0.4433 -0.5120 0.7358
vn 0.4235 -0.4826 0.7667
vn 0.8323 0.4925 0.2543
vn 0.9290 0.3663 -0.0528
vn 0.1613 0.7286 -0.6657
vn 0.2369 0.9501 -0.2027
vn 0.5458 -0.7153 -0.4365
vn 0.9104 -0.4101 -0.0543
vn 0.8673 -0.4940 0.0618
vn 0.5385 -0.8117 -0.2261
vn 0.7162 -0.3589 0.5985
vn 0.4292 0.1478 0.8910
vn 0.9477 -0.0669 0.3122
vn 0.8226 -0.0314 0.5678
vn 0.8110 0.3255 0.4862
vn 0.8256 -0.1025 0.5549
vn 0.9477 -0.0471 0.3158
vn 0.8565 0.2845 0.4306
vn 0.8466 0.3770 0.3757
vn 0.8277 0.2439 0.5054
vn 0.4725 0.0360 0.8806
vn 0.6536 -0.3347 0.6788
vn 0.7899 -0.4861 0.3739
vn 0.8249 -0.2891 0.4858
vn 0.7187 -0.3048 0.6249
vn 0.9585 -0.2534 0.1308
vn 0.9638 -0.0915 0.2503
vn 0.8716 -0.0745 0.4846
vn 0.8315 0.1424 0.5370
vn 0.8013 0.0060 0.5982
vn 0.9272 -0.1042 0.3597
vn 0.8505 -0.0950 0.5173
vn 0.7089 -0.2203 0.6700
vn 0.9596 -0.0196 0.2806
vn 0.8937 -0.2304 0.3851
vn 0.9653 -0.0546 0.2554
vn 0.7372 -0.4014 0.5435
vn 0.8455 -0.3410 0.4109
vn 0.9148 0.0574 0.3999
vn 0.9076 0.1919 0.3735
vn 0.8635 0.2835 0.4170
vn 0.8200 0.2897 0.4937
vn 0.1116 -0.9573 -0.2667
vn 0.1093 -0.9454 -0.3071
vn 0.0428 -0.9531 -0.2995
vn 0.0450 -0.9658 -0.2554
vn 0.1660 -0.9259 -0.3393
vn 0.1184 -0.9642 -0.2374
vn 0.0525 -0.9704 -0.2359
vn 0.0714 -0.9350 -0.3474
vn 0.1497 -0.9527 -0.2644
vn 0.1509 -0.9547 -0.2564
vn 0.2046 -0.9239 -0.3233
vn 0.2250 -0.9206 -0.3191
vn 0.1724 -0.9464 -0.2731
vn 0.3307 -0.8923 -0.3074
vn 0.3880 -0.8726 -0.2966
vn 0.1804 -0.9357 -0.3033
vn 0.1779 -0.9143 -0.3638
vn 0.4196 -0.8499 -0.3189
vn 0.4216 -0.8305 -0.3639
vn 0.1818 -0.8912 -0.4157
vn 0.0297 -0.8523 -0.5222
vn 0.0206 -0.8401 -0.5420
vn 0.0056 -0.8450 -0.5347
vn 0.0103 -0.8572 -0.5148
vn 0.0721 -0.8388 -0.5396
vn 0.0938 -0.8365 -0.5398
vn 0.1656 -0.8476 -0.5042
vn 0.1499 -0.8532 -0.4995
vn 0.0485 -0.8609 -0.5065
vn 0.0569 -0.8460 -0.5301
vn 0.1297 -0.8772 -0.4624
vn 0.0979 -0.9044 -0.4152
vn -0.4775 0.2788 0.8332
vn -0.4044 0.2001 0.8925
vn -0.5658 0.3192 0.7602
vn -0.3484 0.3229 0.8800
vn -0.8152 -0.2792 0.5074
vn -0.8513 -0.2894 0.4376
vn -0.8913 -0.3930 0.2261
vn -0.9196 -0.2617 0.2930
vn -0.3298 -0.5186 0.7889
vn -0.3309 -0.2895 0.8982
vn -0.1584 -0.3362 0.9284
vn -0.1826 -0.6137 0.7681
vn -0.8481 -0.1944 0.4929
vn -0.7267 -0.1690 0.6658
vn -0.8134 -0.1776 0.5540
vn -0.8832 -0.1898 0.4288
vn -0.6472 -0.0251 0.7619
vn -0.6196 -0.3427 0.7062
vn -0.6667 -0.0517 0.7435
vn -0.5004 -0.0741 0.8626
vn -0.0776 -0.2463 0.9661
vn -0.1186 -0.4987 0.8586
vn -0.3224 -0.4287 0.8440
vn -0.2034 -0.2233 0.9533
vn -0.3420 0.2441 0.9074
vn -0.4293 0.1538 0.8900
vn -0.4165 0.2350 0.8782
vn -0.3454 0.2776 0.8964
vn -0.8230 0.3422 0.4534
vn -0.2124 0.4880 0.8466
vn -0.2124 0.4902 0.8453
vn -0.8232 0.2759 0.4962
vn -0.8338 0.2638 0.4850
vn -0.8504 0.4246 0.3108
vn -0.8750 0.3334 0.3510
vn -0.9040 0.1672 0.3935
vn -0.3055 -0.5189 0.7984
vn -0.1159 -0.9129 0.3915
vn -0.4827 -0.4037 0.7772
vn -0.2733 0.0078 0.9619
vn -0.0586 0.2284 0.9718
vn -0.1611 0.2932 0.9424
vn -0.4147 0.2155 0.8841
vn -0.4470 0.2100 0.8695
vn -0.3944 -0.0536 0.9174
vn -0.1574 0.0190 0.9873
vn -0.0622 -0.0541 0.9966
vn -0.3908 -0.0098 0.9204
vn -0.6118 -0.1151 0.7826
vn -0.1701 0.0064 0.9854
vn -0.0982 -0.0351 0.9945
vn -0.3874 -0.1427 0.9108
vn -0.1824 0.4054 0.8958
vn -0.6433 0.1649 0.7476
vn -0.8054 0.3035 0.5092
vn -0.1033 0.5038 0.8576
vn -0.5437 0.0202 0.8391
vn -0.4798 -0.1864 0.8573
vn -0.6101 -0.1256 0.7823
vn -0.6021 -0.0970 0.7925
vn -0.9985 -0.0553 -0.0031
vn -0.9918 0.1269 0.0125
vn -0.9945 -0.0061 0.1041
vn -0.9966 -0.0500 -0.0655
vn -0.0888 0.5292 0.8438
vn -0.2595 0.5074 0.8217
vn -0.2632 0.3879 0.8833
vn -0.0937 0.3728 0.9232
vn -0.9178 0.1463 0.3690
vn -0.9355 0.1407 0.3242
vn -0.9494 0.1577 0.2715
vn -0.8974 0.0914 0.4317
vn -0.3843 0.3576 0.8511
vn -0.4073 0.4849 0.7740
vn -0.5822 0.4328 0.6883
vn -0.5550 0.2939 0.7782
vn -0.9845 0.0698 0.1608
vn -0.9407 -0.0791 0.3299
vn -0.9857 -0.0248 0.1665
vn -0.9895 -0.0579 0.1322
vn -0.5039 0.1430 0.8519
vn -0.5200 0.1891 0.8329
vn -0.5546 0.1267 0.8224
vn -0.5825 0.0728 0.8096
vn -0.5040 0.0122 0.8636
vn -0.4180 0.0490 0.9071
vn -0.5209 0.0266 0.8532
vn -0.5192 0.1640 0.8388
vn -0.5067 0.3540 0.7861
vn -0.5293 0.3514 0.7723
vn -0.7188 0.3346 0.6094
vn -0.6433 0.3620 0.6746
vn -0.7736 0.3340 0.5385
vn -0.8841 0.3207 0.3399
vn -0.9625 0.1835 0.2000
vn -0.9593 0.1545 0.2364
vn -0.6298 0.4123 0.6583
vn -0.7576 0.3503 0.5507
vn -0.7172 0.2855 0.6357
vn -0.6214 0.3413 0.7052
vn -0.9820 -0.0586 0.1795
vn -0.9934 -0.0503 0.1029
vn -0.9987 -0.0436 0.0255
vn -0.9947 -0.0895 0.0499
vn -0.9913 -0.0139 0.1308
vn -0.9935 -0.0652 0.0929
vn -0.9910 -0.0553 0.1217
vn -0.9862 -0.0238 0.1638
vn -0.2739 -0.7569 0.5933
vn -0.3574 -0.6186 0.6997
vn -0.2307 -0.1780 0.9566
vn -0.3524 -0.4479 0.8217
vn -0.1506 -0.9868 -0.0588
vn -0.0423 -0.9979 -0.0492
vn -0.0664 -0.9925 0.1025
vn -0.2150 -0.9702 0.1121
vn -0.8496 -0.2621 0.4577
vn -0.8587 -0.3761 0.3480
vn -0.8291 -0.4141 0.3757
vn -0.8267 -0.3684 0.4252
vn -0.9560 0.1067 0.2734
vn -0.9766 0.1128 0.1829
vn -0.9358 0.1753 0.3058
vn -0.9705 0.1145 0.2124
vn -0.9478 -0.3112 0.0692
vn -0.9342 -0.3469 0.0840
vn -0.9391 -0.3134 0.1408
vn -0.9534 -0.2795 0.1133
vn -0.4691 -0.8792 -0.0833
vn -0.3657 -0.9225 -0.1232
vn -0.4550 -0.8830 0.1154
vn -0.7014 -0.7126 0.0155
vn -0.9129 -0.1794 0.3666
vn -0.9302 -0.3138 0.1907
vn -0.9311 -0.3081 0.1955
vn -0.8781 -0.2344 0.4172
vn -0.5465 -0.3034 0.7806
vn -0.8115 -0.3058 0.4979
vn -0.8404 -0.3872 0.3792
vn -0.6158 -0.5401 0.5737
vn -0.7269 -0.0839 0.6816
vn -0.6561 -0.1640 0.7366
vn -0.6481 0.0137 0.7615
vn -0.6090 0.0864 0.7884
vn -0.5600 -0.0031 0.8285
vn -0.7024 -0.0298 0.7112
vn -0.6557 -0.0649 0.7522
vn -0.5655 -0.0179 0.8246
vn -0.9684 -0.1808 0.1718
vn -0.9302 -0.3060 0.2027
vn -0.9176 -0.3597 -0.1690
vn -0.9968 -0.0598 -0.0536
vn -0.4299 -0.6486 0.6281
vn -0.2796 -0.8520 0.4426
vn -0.2885 -0.3414 0.8945
vn -0.4369 -0.4220 0.7944
vn -0.9966 -0.0459 -0.0683
vn -0.9212 -0.3796 0.0858
vn -0.9097 -0.2975 -0.2896
vn -0.9916 -0.1229 0.0392
vn -0.8521 -0.4459 0.2740
vn -0.6867 -0.7269 0.0128
vn -0.5635 -0.8232 -0.0696
vn -0.7831 -0.5360 0.3153
vn -0.3170 0.2150 0.9237
vn -0.1014 0.2901 0.9516
vn 0.0162 0.6501 0.7597
vn -0.2769 0.4517 0.8481
vn -0.5419 -0.2773 0.7934
vn -0.5328 -0.2267 0.8153
vn -0.6261 -0.1607 0.7630
vn -0.6277 -0.1556 0.7627
vn -0.3415 -0.6646 0.6646
vn -0.3263 -0.6356 0.6996
vn -0.4023 -0.4177 0.8147
vn -0.3829 -0.4420 0.8112
vn -0.6420 -0.4016 0.6531
vn -0.5696 -0.3250 0.7549
vn -0.4242 -0.5685 0.7048
vn -0.3775 -0.5568 0.7399
vn -0.5581 0.1468 0.8167
vn -0.4211 0.0183 0.9068
vn -0.3969 0.1315 0.9084
vn -0.5528 0.2269 0.8018
vn -0.6283 0.2936 0.7205
vn -0.7814 0.0657 0.6206
vn -0.4370 0.0424 0.8985
vn -0.4556 0.3681 0.8105
vn -0.3739 0.4043 0.8347
vn -0.4644 0.4369 0.7703
vn -0.1963 0.4898 0.8495
vn 0.0777 0.4919 0.8672
vn -0.4738 -0.6944 0.5416
vn -0.0871 -0.6930 0.7156
vn -0.3630 -0.3037 0.8809
vn -0.6593 -0.4809 0.5780
vn -0.5349 0.1712 0.8274
vn -0.5622 0.2808 0.7779
vn -0.5734 0.3832 0.7242
vn -0.4791 0.3308 0.8131
vn -0.2042 -0.7192 0.6641
vn -0.1573 -0.3345 0.9292
vn -0.0442 -0.5181 0.8542
vn -0.3500 -0.7189 0.6005
vn -0.4199 -0.3238 0.8478
vn -0.5501 -0.4057 0.7299
vn -0.3443 -0.3885 0.8547
vn -0.4784 -0.1120 0.8710
vn -0.8923 -0.3918 0.2242
vn -0.9649 0.1812 0.1901
vn -0.9011 0.1180 0.4172
vn -0.9041 -0.1396 0.4038
vn -0.8124 -0.1734 0.5568
vn -0.8854 0.2070 0.4163
vn -0.8733 0.2868 0.3939
vn -0.7489 -0.4748 0.4623
vn -0.2630 -0.9033 0.3389
vn -0.1548 -0.9063 0.3933
vn 0.4603 -0.8813 0.1069
vn -0.5345 -0.8414 -0.0793
vn -0.6422 -0.4537 0.6178
vn -0.1728 -0.4112 0.8950
vn -0.1520 0.3298 0.9317
vn -0.7834 0.2132 0.5839
vn -0.3524 0.1702 0.9203
vn -0.0396 0.1995 0.9791
vn -0.0413 0.2962 0.9542
vn -0.2402 0.3065 0.9211
vn -0.9394 -0.1311 0.3167
vn -0.9641 -0.1990 0.1758
vn -0.9415 -0.2630 0.2108
vn -0.9042 -0.0967 0.4160
vn -0.4752 0.4408 0.7615
vn -0.4044 0.5237 0.7498
vn -0.3516 0.4529 0.8193
vn -0.4131 0.6146 0.6720
vn -0.7984 -0.0892 0.5955
vn -0.8629 0.0019 0.5054
vn -0.7830 0.0397 0.6208
vn -0.8330 -0.0005 0.5533
vn 0.3143 0.1685 0.9343
vn -0.2702 -0.2397 0.9325
vn 0.2210 -0.4653 0.8571
vn 0.5606 -0.0595 0.8260
vn -0.6980 0.0499 0.7144
vn -0.8463 -0.0011 0.5327
vn -0.7524 -0.0744 0.6545
vn -0.5818 -0.0697 0.8103
vn -0.1871 0.0702 0.9798
vn -0.4148 0.1025 0.9041
vn -0.3018 -0.0516 0.9520
vn -0.1142 -0.0469 0.9923
vn 0.3899 -0.0429 0.9199
vn 0.1430 -0.2421 0.9597
vn -0.0790 -0.0011 0.9969
vn 0.0924 -0.0716 0.9931
vn 0.3856 -0.2240 0.8951
vn 0.2910 -0.1689 0.9417
vn 0.4417 -0.1980 0.8750
vn 0.2134 -0.2305 0.9494
vn -0.1909 -0.2285 0.9547
vn 0.0594 -0.2151 0.9748
vn -0.0001 -0.2043 0.9789
vn -0.1845 -0.2123 0.9596
vn -0.6716 -0.1509 0.7254
vn -0.6613 -0.1213 0.7402
vn -0.4215 -0.2223 0.8792
vn -0.4512 -0.2082 0.8678
vn -0.4803 -0.2736 0.8334
vn -0.5269 -0.4693 0.7086
vn -0.7722 -0.2473 0.5852
vn -0.7799 -0.2091 0.5899
vn -0.3361 -0.1295 0.9329
vn -0.2905 -0.5178 0.8047
vn -0.3263 -0.5757 0.7498
vn -0.2804 -0.2929 0.9141
vn -0.8081 0.1784 0.5614
vn -0.6462 0.2149 0.7323
vn -0.5635 0.1713 0.8082
vn -0.7730 0.0913 0.6279
vn -0.4487 -0.4882 0.7485
vn -0.4514 -0.6092 0.6520
vn -0.6737 -0.4936 0.5499
vn -0.6577 -0.3812 0.6497
vn -0.7827 0.2183 0.5829
vn -0.6075 0.3547 0.7107
vn -0.3202 0.2913 0.9015
vn -0.6628 0.3599 0.6567
vn -0.7708 0.0086 0.6371
vn -0.8153 -0.0781 0.5738
vn -0.8143 0.2342 0.5311
vn -0.8281 0.2135 0.5183
vn -0.5243 -0.4471 0.7247
vn -0.5115 -0.4054 0.7577
vn -0.6473 -0.1049 0.7550
vn -0.7069 -0.2254 0.6705
vn -0.2421 0.1500 0.9586
vn -0.2951 0.0941 0.9508
vn -0.3046 0.2565 0.9173
vn -0.1331 0.2684 0.9541
vn -0.5145 -0.0718 0.8545
vn -0.4094 -0.3720 0.8331
vn -0.3218 -0.4238 0.8466
vn -0.4114 -0.0769 0.9082
vn -0.9949 -0.0422 0.0911
vn -0.9941 -0.0556 0.0929
vn -0.9961 -0.0423 0.0776
vn -0.9990 -0.0169 0.0409
vn -0.9317 0.1358 0.3368
vn -0.9889 -0.0340 0.1446
vn -0.9933 -0.0375 0.1092
vn -0.8443 0.4169 0.3367
vn -0.6933 -0.3117 0.6498
vn -0.6224 -0.2478 0.7425
vn -0.4990 -0.1226 0.8579
vn -0.4652 -0.2088 0.8602
vn -0.6616 0.1338 0.7379
vn -0.8653 -0.1700 0.4716
vn -0.8383 -0.2373 0.4908
vn -0.6198 -0.0926 0.7792
vn -0.3555 0.1929 0.9146
vn -0.4997 0.2026 0.8422
vn -0.5000 0.1325 0.8558
vn -0.3873 -0.0304 0.9215
vn -0.9250 0.2516 0.2849
vn -0.9671 0.1297 0.2187
vn -0.9610 0.1240 0.2471
vn -0.9241 0.1843 0.3348
vn -0.6787 0.5998 0.4238
vn -0.8258 0.4482 0.3423
vn -0.8043 0.4141 0.4263
vn -0.6794 0.5013 0.5358
vn -0.3746 0.7764 0.5068
vn -0.5294 0.7123 0.4608
vn -0.4922 0.5938 0.6365
vn -0.4334 0.6629 0.6106
vn -0.0716 0.8702 0.4874
vn -0.2211 0.8392 0.4969
vn -0.2698 0.7024 0.6586
vn -0.0857 0.7254 0.6830
vn -0.0735 0.9965 0.0406
vn -0.2077 0.9772 0.0430
vn -0.2038 0.9408 0.2709
vn -0.0694 0.9608 0.2683
vn -0.0858 0.8227 -0.5619
vn -0.2518 0.7977 -0.5479
vn -0.2220 0.9423 -0.2507
vn -0.0815 0.9636 -0.2548
vn -0.0945 0.3143 -0.9446
vn -0.3063 0.2922 -0.9060
vn -0.2871 0.5615 -0.7761
vn -0.0883 0.5867 -0.8050
vn -0.1102 -0.2017 -0.9732
vn -0.3345 -0.2158 -0.9174
vn -0.3210 0.0036 -0.9471
vn -0.1022 0.0210 -0.9945
vn -0.0278 -0.9749 -0.2210
vn -0.1131 -0.9798 -0.1648
vn -0.0604 -0.9495 -0.3079
vn -0.0123 -0.9474 -0.3197
vn -0.5192 0.8091 0.2753
vn -0.3581 0.8934 0.2712
vn -0.3440 0.9376 0.0517
vn -0.5059 0.8596 0.0715
vn -0.6369 0.6241 -0.4526
vn -0.5454 0.8118 -0.2088
vn -0.3658 0.8997 -0.2382
vn -0.4243 0.7412 -0.5202
vn -0.7518 0.1973 -0.6292
vn -0.7135 0.3893 -0.5825
vn -0.4824 0.5046 -0.7160
vn -0.5146 0.2660 -0.8151
vn -0.7345 -0.2040 -0.6472
vn -0.7519 -0.0271 -0.6588
vn -0.5208 -0.0006 -0.8537
vn -0.5200 -0.2050 -0.8292
vn -0.1227 -0.5047 -0.8545
vn -0.3389 -0.5075 -0.7922
vn -0.3466 -0.3681 -0.8628
vn -0.1197 -0.3562 -0.9267
vn -0.8656 -0.4385 -0.2419
vn -0.9371 -0.3248 -0.1278
vn -0.9569 -0.2629 -0.1235
vn -0.8939 -0.4338 -0.1133
vn -0.8899 -0.2675 -0.3695
vn -0.9685 -0.2088 -0.1355
vn -0.9563 -0.2549 -0.1435
vn -0.8684 -0.3570 -0.3443
vn -0.9664 -0.0417 -0.2537
vn -0.9912 -0.1046 -0.0817
vn -0.9808 -0.1570 -0.1159
vn -0.9315 -0.1652 -0.3241
vn -0.9981 -0.0605 -0.0119
vn -0.9855 0.0783 -0.1505
vn -0.9215 0.3827 -0.0663
vn -0.9989 -0.0276 0.0371
vn -0.9298 -0.0668 -0.3620
vn -0.9098 -0.1903 -0.3690
vn -0.9672 -0.1669 -0.1916
vn -0.9810 -0.0825 -0.1755
vn -0.7195 -0.3287 -0.6118
vn -0.5226 -0.3486 -0.7780
vn -0.5083 -0.4830 -0.7130
vn -0.6888 -0.4449 -0.5724
vn -0.9402 -0.2815 -0.1917
vn -0.9541 -0.2247 -0.1978
vn -0.8880 -0.2707 -0.3717
vn -0.8619 -0.3587 -0.3583
vn -0.8297 0.4922 0.2633
vn -0.6789 0.6801 0.2766
vn -0.6652 0.7398 0.1012
vn -0.8113 0.5694 0.1324
vn -0.9477 0.2710 -0.1687
vn -0.8642 0.5008 -0.0495
vn -0.7359 0.6570 -0.1640
vn -0.8387 0.4335 -0.3297
vn -0.9328 0.2881 0.2167
vn -0.9442 0.3169 0.0901
vn -0.9802 0.1967 -0.0211
vn -0.9727 0.1586 0.1695
vn -0.9985 -0.0485 -0.0246
vn -0.9969 -0.0642 0.0457
vn -0.9981 -0.0057 0.0619
vn -0.9949 0.0118 -0.1002
vn -0.9270 0.1981 -0.3184
vn -0.9394 0.0602 -0.3374
vn -0.9856 -0.0308 -0.1661
vn -0.9784 0.1119 -0.1736
vn 0.3547 0.6070 -0.7112
vn 0.3624 0.8840 -0.2951
vn 0.2114 0.9601 -0.1829
vn 0.0074 0.6495 -0.7603
vn 0.3774 -0.0546 -0.9244
vn 0.3612 0.2486 -0.8988
vn -0.1966 0.2133 -0.9570
vn -0.2217 -0.1076 -0.9692
vn 0.1430 -0.6074 -0.7814
vn 0.3472 -0.3973 -0.8495
vn -0.1632 -0.4091 -0.8978
vn -0.2729 -0.5839 -0.7646
vn -0.0920 -0.9031 -0.4196
vn -0.0427 -0.7491 -0.6611
vn -0.3656 -0.7138 -0.5974
vn -0.3463 -0.8762 -0.3353
vn -0.4350 -0.8037 0.4060
vn -0.1889 -0.9811 -0.0414
vn -0.4050 -0.9136 0.0355
vn -0.4796 -0.7886 0.3848
vn -0.8890 0.2327 0.3944
vn -0.7379 0.3641 0.5683
vn -0.8198 0.3231 0.4729
vn -0.8991 -0.1362 0.4160
vn -0.9861 -0.1309 0.1023
vn -0.8038 -0.4244 0.4168
vn -0.9428 -0.0827 -0.3230
vn -0.7812 -0.4716 0.4090
vn 0.0172 0.9749 0.2221
vn 0.1090 0.9816 0.1568
vn -0.3868 0.7063 0.5928
vn -0.0309 0.7339 0.6786
vn -0.9149 -0.3868 -0.1154
vn -0.2853 -0.5169 -0.8071
vn -0.4153 -0.6452 -0.6412
vn -0.8634 -0.4779 -0.1620
vn -0.8191 0.2193 0.5300
vn -0.9100 0.0046 0.4146
vn -0.7188 0.4756 0.5071
vn -0.4331 0.3003 0.8499
vn -0.6984 -0.0801 0.7112
vn -0.5460 -0.1214 0.8289
vn -0.6471 -0.2285 0.7274
vn -0.7752 -0.1934 0.6013
vn -0.0594 0.2633 -0.9629
vn -0.2693 -0.1352 -0.9535
vn -0.9629 -0.2410 -0.1217
vn -0.9928 -0.0686 -0.0979
vn -0.0937 -0.8509 -0.5169
vn -0.2232 -0.8501 -0.4770
vn -0.2960 -0.6787 -0.6721
vn -0.1135 -0.6820 -0.7225
vn -0.5932 -0.6170 -0.5172
vn -0.4367 -0.6585 -0.6129
vn -0.2995 -0.8424 -0.4479
vn -0.3913 -0.8277 -0.4022
vn -0.8964 -0.3976 -0.1958
vn -0.7774 -0.5204 -0.3532
vn -0.5280 -0.7830 -0.3288
vn -0.6667 -0.6995 -0.2573
vn -0.9389 -0.3137 -0.1414
vn -0.9364 -0.3266 -0.1287
vn -0.7665 -0.6062 -0.2119
vn -0.8070 -0.5556 -0.2000
vn -0.6776 -0.6358 -0.3697
vn -0.9080 -0.2923 -0.3001
vn -0.7961 -0.5547 -0.2421
vn -0.6941 -0.6901 -0.2050
vn -0.3822 -0.8439 -0.3766
vn -0.5002 -0.8237 -0.2672
vn -0.5752 -0.7418 -0.3449
vn -0.4324 -0.8020 -0.4121
vn -0.7271 -0.2244 0.6488
vn -0.7328 -0.1591 0.6616
vn -0.8633 -0.1681 0.4759
vn -0.7369 -0.0977 0.6689
vn -0.2867 -0.9521 -0.1062
vn -0.4244 -0.8964 -0.1281
vn -0.2511 -0.9148 -0.3162
vn -0.1545 -0.9385 -0.3088
vn -0.8451 -0.1244 0.5200
vn -0.9101 -0.3421 0.2341
vn -0.8789 -0.3711 0.2997
vn -0.8353 -0.1878 0.5167
vn -0.0392 -0.9226 -0.3837
vn -0.1035 -0.9073 -0.4075
vn -0.1009 -0.9262 -0.3632
vn -0.0382 -0.9377 -0.3452
vn -0.0462 -0.9760 -0.2126
vn -0.1119 -0.9647 -0.2385
vn -0.1143 -0.9685 -0.2213
vn -0.0476 -0.9795 -0.1960
vn -0.4894 -0.8486 -0.2011
vn -0.4891 -0.8320 -0.2617
vn -0.3742 -0.8500 -0.3708
vn -0.3441 -0.8760 -0.3379
vn -0.9195 -0.3580 0.1625
vn -0.8846 -0.4465 0.1346
vn -0.7834 -0.6110 0.1137
vn -0.8791 -0.4112 0.2411
vn -0.9768 0.0816 0.1979
vn -0.9510 0.1396 0.2757
vn -0.9556 0.0309 0.2931
vn -0.9842 0.0210 0.1761
vn -0.0099 -0.9215 -0.3883
vn -0.0432 -0.9178 -0.3947
vn -0.0255 -0.8769 -0.4801
vn -0.0012 -0.8696 -0.4937
vn -0.0201 -0.8684 -0.4955
vn -0.0570 -0.8591 -0.5086
vn -0.0659 -0.8741 -0.4813
vn -0.0235 -0.8836 -0.4676
vn -0.0280 -0.8972 -0.4408
vn -0.0775 -0.8854 -0.4583
vn -0.0905 -0.8961 -0.4344
vn -0.0333 -0.9102 -0.4129
vn -0.3491 -0.8232 -0.4477
vn -0.4183 -0.8074 -0.4161
vn -0.1688 -0.8784 -0.4470
vn -0.1470 -0.8703 -0.4700
vn -0.1857 -0.8606 -0.4743
vn -0.2653 -0.8419 -0.4699
vn -0.1229 -0.8642 -0.4880
vn -0.1055 -0.8522 -0.5125
vn -0.0020 -0.8444 -0.5358
vn -0.0129 -0.8468 -0.5317
vn -0.0224 -0.8358 -0.5486
vn -0.0065 -0.8362 -0.5484
vn -0.4362 -0.5082 0.7426
vn -0.1548 0.1940 0.9687
vn 0.1671 -0.4842 0.8589
vn -0.4103 -0.4863 0.7715
vn -0.2413 0.9493 -0.2017
vn -0.1620 0.7296 -0.6644
vn -0.9290 0.3662 -0.0528
vn -0.8318 0.4949 0.2514
vn -0.5393 -0.8114 -0.2252
vn -0.8669 -0.4946 0.0613
vn -0.9104 -0.4101 -0.0542
vn -0.5462 -0.7152 -0.4362
vn -0.9516 -0.0637 0.3007
vn -0.4299 0.1476 0.8907
vn -0.7161 -0.3587 0.5988
vn -0.8632 -0.0092 0.5048
vn -0.8568 0.2838 0.4305
vn -0.9477 -0.0471 0.3156
vn -0.8256 -0.1025 0.5549
vn -0.8110 0.3256 0.4861
vn -0.6509 -0.3377 0.6799
vn -0.4724 0.0373 0.8806
vn -0.8268 0.2435 0.5070
vn -0.8470 0.3759 0.3758
vn -0.9582 -0.2562 0.1274
vn -0.7187 -0.3050 0.6248
vn -0.8250 -0.2876 0.4864
vn -0.7892 -0.4869 0.3742
vn -0.8014 0.0062 0.5981
vn -0.8308 0.1430 0.5379
vn -0.8722 -0.0761 0.4832
vn -0.9639 -0.0916 0.2501
vn -0.8476 -0.0662 0.5265
vn -0.8898 -0.0828 0.4488
vn -0.8750 -0.1446 0.4620
vn -0.9286 -0.0908 0.3599
vn -0.8933 -0.2327 0.3845
vn -0.8455 -0.3411 0.4109
vn -0.8028 -0.2651 0.5341
vn -0.9656 -0.0547 0.2542
vn -0.9146 0.0586 0.4000
vn -0.8206 0.2886 0.4932
vn -0.8634 0.2840 0.4169
vn -0.9074 0.1917 0.3740
vn -0.0428 -0.9531 -0.2995
vn -0.1093 -0.9454 -0.3071
vn -0.1116 -0.9573 -0.2667
vn -0.0450 -0.9658 -0.2554
vn -0.0525 -0.9704 -0.2359
vn -0.1404 -0.9548 -0.2621
vn -0.1660 -0.9259 -0.3393
vn -0.0714 -0.9350 -0.3474
vn -0.2250 -0.9206 -0.3191
vn -0.2046 -0.9239 -0.3233
vn -0.1509 -0.9547 -0.2564
vn -0.1497 -0.9527 -0.2644
vn -0.3257 -0.8887 -0.3228
vn -0.2685 -0.9109 -0.3132
vn -0.1550 -0.9469 -0.2816
vn -0.1685 -0.9345 -0.3136
vn -0.4216 -0.8305 -0.3639
vn -0.3826 -0.8559 -0.3480
vn -0.1810 -0.9153 -0.3599
vn -0.1818 -0.8912 -0.4157
vn -0.0121 -0.8390 -0.5439
vn -0.0371 -0.8314 -0.5545
vn -0.0491 -0.8407 -0.5393
vn -0.0169 -0.8511 -0.5247
vn -0.1498 -0.8532 -0.4995
vn -0.1657 -0.8476 -0.5041
vn -0.0938 -0.8365 -0.5398
vn -0.0721 -0.8388 -0.5396
vn -0.0978 -0.9044 -0.4153
vn -0.1298 -0.8771 -0.4624
vn -0.0570 -0.8460 -0.5301
vn -0.0485 -0.8608 -0.5066
vt 0.561604 0.794087
vt 0.578771 0.763807
vt 0.585701 0.793401
vt 0.539379 0.793710
vt 0.556478 0.762415
vt 0.535706 0.760142
vt 0.553993 0.736742
vt 0.574327 0.740193
vt 0.703122 0.580282
vt 0.666561 0.570890
vt 0.688380 0.556491
vt 0.659089 0.603443
vt 0.680247 0.591758
vt 0.645613 0.585743
vt 0.649703 0.551666
vt 0.669959 0.535437
vt 0.572336 0.711510
vt 0.585010 0.702594
vt 0.587568 0.712468
vt 0.572584 0.701653
vt 0.582658 0.693671
vt 0.593062 0.693739
vt 0.597300 0.701569
vt 0.602455 0.710937
vt 0.648950 0.516579
vt 0.629332 0.568696
vt 0.630628 0.533418
vt 0.611692 0.551143
vt 0.610265 0.516661
vt 0.626123 0.500138
vt 0.569353 0.533923
vt 0.577090 0.515794
vt 0.590509 0.533761
vt 0.558331 0.534073
vt 0.563702 0.523909
vt 0.552678 0.529289
vt 0.551990 0.516256
vt 0.561177 0.505448
vt 0.521506 0.518714
vt 0.511903 0.506762
vt 0.524541 0.508246
vt 0.510577 0.517593
vt 0.500021 0.506346
vt 0.500021 0.493368
vt 0.513417 0.493846
vt 0.527938 0.495576
vt 0.559188 0.646511
vt 0.569541 0.628724
vt 0.573353 0.643543
vt 0.552625 0.633438
vt 0.564235 0.611396
vt 0.589361 0.605861
vt 0.589124 0.628101
vt 0.590045 0.643790
vt 0.500020 0.648204
vt 0.506353 0.632230
vt 0.507429 0.647636
vt 0.500020 0.620945
vt 0.500020 0.632991
vt 0.505335 0.620287
vt 0.514050 0.628823
vt 0.518392 0.645348
vt 0.530454 0.631340
vt 0.518639 0.613165
vt 0.523239 0.621254
vt 0.523981 0.608912
vt 0.530103 0.611517
vt 0.543414 0.616934
vt 0.514463 0.578757
vt 0.500020 0.587156
vt 0.500020 0.577937
vt 0.523542 0.592256
vt 0.512705 0.588151
vt 0.517853 0.597886
vt 0.509877 0.595064
vt 0.500020 0.594311
vt 0.526832 0.565509
vt 0.531242 0.582353
vt 0.513331 0.566176
vt 0.500020 0.566005
vt 0.511320 0.553468
vt 0.522565 0.552525
vt 0.500021 0.478934
vt 0.516218 0.464611
vt 0.514795 0.479438
vt 0.534160 0.466417
vt 0.531036 0.481247
vt 0.514930 0.730348
vt 0.522869 0.703074
vt 0.532744 0.727483
vt 0.500019 0.731005
vt 0.511659 0.705717
vt 0.500019 0.706349
vt 0.509069 0.684586
vt 0.518338 0.683613
vt 0.500020 0.665614
vt 0.507915 0.665351
vt 0.516865 0.665428
vt 0.500020 0.684945
vt 0.555081 0.469998
vt 0.578186 0.476413
vt 0.549720 0.484940
vt 0.544248 0.499112
vt 0.743001 0.633593
vt 0.719232 0.664728
vt 0.718632 0.635735
vt 0.766130 0.633261
vt 0.744425 0.666950
vt 0.768958 0.668879
vt 0.740025 0.701985
vt 0.714004 0.694216
vt 0.521629 0.831408
vt 0.519141 0.793523
vt 0.544241 0.831107
vt 0.525305 0.874987
vt 0.500018 0.875286
vt 0.500019 0.831465
vt 0.500019 0.793529
vt 0.684325 0.750185
vt 0.680287 0.794577
vt 0.662031 0.769746
vt 0.705933 0.770017
vt 0.701644 0.822269
vt 0.670395 0.843634
vt 0.651868 0.811548
vt 0.637046 0.782685
vt 0.568677 0.830193
vt 0.595020 0.827600
vt 0.578864 0.871374
vt 0.551366 0.873850
vt 0.772118 0.713792
vt 0.726458 0.737884
vt 0.752734 0.757186
vt 0.702097 0.723871
vt 0.548250 0.576393
vt 0.552946 0.554786
vt 0.563808 0.567513
vt 0.540213 0.561687
vt 0.533604 0.549896
vt 0.543892 0.545402
vt 0.540676 0.598285
vt 0.575403 0.584240
vt 0.556837 0.593249
vt 0.611182 0.790100
vt 0.624991 0.757437
vt 0.601987 0.762451
vt 0.595204 0.740245
vt 0.615463 0.736982
vt 0.665338 0.733019
vt 0.646498 0.747933
vt 0.633750 0.730121
vt 0.649398 0.719020
vt 0.623028 0.821980
vt 0.638769 0.857833
vt 0.608017 0.866481
vt 0.796606 0.700002
vt 0.786387 0.634764
vt 0.789637 0.667271
vt 0.804695 0.636472
vt 0.807178 0.664815
vt 0.809661 0.693157
vt 0.797792 0.751958
vt 0.825886 0.781332
vt 0.779282 0.784936
vt 0.806637 0.815737
vt 0.756054 0.820647
vt 0.729843 0.793322
vt 0.500020 0.553560
vt 0.510068 0.542877
vt 0.500020 0.542918
vt 0.509634 0.534131
vt 0.519948 0.542421
vt 0.500021 0.415691
vt 0.520540 0.434656
vt 0.500021 0.433854
vt 0.500021 0.393819
vt 0.523998 0.417081
vt 0.527855 0.397951
vt 0.549642 0.420164
vt 0.542976 0.436873
vt 0.613861 0.471194
vt 0.640716 0.484400
vt 0.602218 0.486560
vt 0.586842 0.461485
vt 0.596998 0.446500
vt 0.626508 0.455955
vt 0.655773 0.468923
vt 0.672982 0.643796
vt 0.695453 0.663968
vt 0.673793 0.664555
vt 0.695019 0.639303
vt 0.690674 0.688545
vt 0.670194 0.684671
vt 0.729870 0.489171
vt 0.732959 0.528769
vt 0.709237 0.505117
vt 0.753283 0.470987
vt 0.754285 0.512466
vt 0.775737 0.495680
vt 0.776287 0.536568
vt 0.756986 0.559952
vt 0.568713 0.440484
vt 0.555688 0.402083
vt 0.578516 0.424451
vt 0.589445 0.407550
vt 0.609485 0.430699
vt 0.689855 0.614867
vt 0.668185 0.623046
vt 0.713232 0.607134
vt 0.561093 0.455391
vt 0.537906 0.451943
vt 0.564044 0.545023
vt 0.578446 0.553973
vt 0.552678 0.539372
vt 0.593615 0.569158
vt 0.609530 0.586234
vt 0.737639 0.600773
vt 0.761772 0.598438
vt 0.500021 0.464088
vt 0.518009 0.450083
vt 0.500021 0.449493
vt 0.798191 0.520374
vt 0.795440 0.557573
vt 0.810840 0.543654
vt 0.812269 0.576509
vt 0.784665 0.576139
vt 0.623201 0.413018
vt 0.641332 0.440152
vt 0.657567 0.423661
vt 0.672758 0.452831
vt 0.500021 0.534018
vt 0.509807 0.526245
vt 0.500021 0.526008
vt 0.519599 0.526943
vt 0.519042 0.534303
vt 0.543707 0.524341
vt 0.538300 0.511206
vt 0.532895 0.520849
vt 0.529393 0.541103
vt 0.534316 0.534365
vt 0.537740 0.538555
vt 0.607946 0.698557
vt 0.615460 0.707028
vt 0.600924 0.690783
vt 0.608786 0.687827
vt 0.616478 0.694026
vt 0.626029 0.700742
vt 0.606923 0.672346
vt 0.603961 0.659216
vt 0.616507 0.664696
vt 0.597650 0.669157
vt 0.589562 0.656179
vt 0.608698 0.647190
vt 0.630243 0.653293
vt 0.554505 0.671619
vt 0.545445 0.672493
vt 0.548731 0.666331
vt 0.550999 0.677778
vt 0.552752 0.674698
vt 0.536981 0.680720
vt 0.536994 0.670084
vt 0.540627 0.660473
vt 0.567229 0.666540
vt 0.555103 0.661149
vt 0.564174 0.657403
vt 0.560867 0.669079
vt 0.548125 0.652379
vt 0.547466 0.686668
vt 0.540352 0.691688
vt 0.544948 0.679362
vt 0.553867 0.682131
vt 0.556736 0.686485
vt 0.552914 0.693368
vt 0.547457 0.701271
vt 0.613846 0.681809
vt 0.623043 0.672798
vt 0.624644 0.681158
vt 0.610384 0.677078
vt 0.637444 0.668794
vt 0.637871 0.681371
vt 0.561611 0.698463
vt 0.558479 0.707887
vt 0.564495 0.690044
vt 0.572254 0.693602
vt 0.622126 0.688241
vt 0.633760 0.692106
vt 0.611316 0.684818
vt 0.529848 0.600899
vt 0.522474 0.603200
vt 0.516008 0.606903
vt 0.512819 0.602802
vt 0.510067 0.610469
vt 0.509346 0.606447
vt 0.507164 0.601002
vt 0.500020 0.600590
vt 0.505305 0.606459
vt 0.500020 0.606491
vt 0.511486 0.617770
vt 0.504859 0.612219
vt 0.500020 0.612653
vt 0.517173 0.759858
vt 0.710590 0.542856
vt 0.727502 0.569647
vt 0.689582 0.520201
vt 0.527853 0.534355
vt 0.529219 0.528160
vt 0.537758 0.530401
vt 0.686440 0.363402
vt 0.685083 0.356498
vt 0.689417 0.360987
vt 0.683462 0.365817
vt 0.682423 0.359736
vt 0.679030 0.362497
vt 0.677805 0.356733
vt 0.680748 0.352010
vt 0.636891 0.360745
vt 0.631269 0.360236
vt 0.634290 0.357456
vt 0.635787 0.363856
vt 0.629077 0.363678
vt 0.624422 0.358721
vt 0.627331 0.355826
vt 0.630241 0.352930
vt 0.676314 0.359795
vt 0.673617 0.364549
vt 0.671695 0.360057
vt 0.676543 0.368934
vt 0.669624 0.372051
vt 0.666495 0.366031
vt 0.664606 0.360414
vt 0.658049 0.366811
vt 0.656353 0.360723
vt 0.659898 0.372905
vt 0.650171 0.373759
vt 0.649479 0.366888
vt 0.648159 0.360896
vt 0.641916 0.365916
vt 0.641252 0.360877
vt 0.641952 0.371196
vt 0.633732 0.368634
vt 0.646351 0.354824
vt 0.639396 0.355801
vt 0.636805 0.350516
vt 0.643369 0.348101
vt 0.663600 0.354409
vt 0.654848 0.354391
vt 0.653403 0.347778
vt 0.663437 0.347454
vt 0.671425 0.355133
vt 0.672093 0.349732
vt 0.646627 0.696864
vt 0.661834 0.703383
vt 0.636650 0.708631
vt 0.652817 0.682412
vt 0.555433 0.719556
vt 0.541224 0.711171
vt 0.572521 0.723503
vt 0.652543 0.648622
vt 0.654529 0.666155
vt 0.532291 0.697510
vt 0.527866 0.682217
vt 0.539510 0.642266
vt 0.530575 0.653801
vt 0.527078 0.667468
vt 0.623729 0.716972
vt 0.608238 0.722068
vt 0.577804 0.666254
vt 0.588378 0.665968
vt 0.575946 0.655697
vt 0.590676 0.724247
vt 0.783544 0.603508
vt 0.801049 0.586083
vt 0.802872 0.611278
vt 0.832773 0.758964
vt 0.824660 0.714877
vt 0.839660 0.736597
vt 0.812542 0.730421
vt 0.627825 0.621836
vt 0.626641 0.600570
vt 0.640566 0.614330
vt 0.613298 0.615695
vt 0.648486 0.630626
vt 0.629580 0.634611
vt 0.609735 0.631932
vt 0.726335 0.852720
vt 0.753310 0.885027
vt 0.719231 0.919912
vt 0.693227 0.878942
vt 0.659214 0.897496
vt 0.682406 0.939866
vt 0.645581 0.959820
vt 0.625590 0.910297
vt 0.593072 0.918129
vt 0.609614 0.968443
vt 0.573647 0.977066
vt 0.561514 0.922853
vt 0.530589 0.925177
vt 0.536832 0.979395
vt 0.500018 0.981725
vt 0.500018 0.925948
vt 0.459472 0.357577
vt 0.481802 0.318718
vt 0.479756 0.360619
vt 0.463772 0.315857
vt 0.483361 0.280079
vt 0.500041 0.280617
vt 0.500041 0.319800
vt 0.500041 0.363660
vt 0.467887 0.246085
vt 0.466706 0.278611
vt 0.467328 0.216582
vt 0.484099 0.246467
vt 0.500041 0.216220
vt 0.500041 0.246670
vt 0.483031 0.187191
vt 0.483976 0.216251
vt 0.465187 0.187949
vt 0.481333 0.157819
vt 0.500041 0.157476
vt 0.500041 0.186986
vt 0.461646 0.158858
vt 0.478977 0.127154
vt 0.456901 0.128433
vt 0.476107 0.095383
vt 0.500042 0.094863
vt 0.500041 0.126698
vt 0.809427 0.137492
vt 0.826654 0.146694
vt 0.811111 0.151393
vt 0.807748 0.119508
vt 0.825996 0.131975
vt 0.825486 0.116065
vt 0.843223 0.130295
vt 0.843223 0.145471
vt 0.450080 0.276465
vt 0.428905 0.304482
vt 0.433406 0.274027
vt 0.446197 0.310950
vt 0.440691 0.348117
vt 0.421910 0.338656
vt 0.451141 0.245900
vt 0.433617 0.246443
vt 0.430022 0.219818
vt 0.449521 0.217599
vt 0.445678 0.189499
vt 0.423669 0.192165
vt 0.440019 0.160611
vt 0.415575 0.163102
vt 0.432910 0.130362
vt 0.406524 0.132630
vt 0.424597 0.098768
vt 0.451207 0.096789
vt 0.472909 0.062935
vt 0.444932 0.064278
vt 0.469623 0.030094
vt 0.500042 0.029064
vt 0.500042 0.062386
vt 0.286812 0.020342
vt 0.263295 0.025178
vt 0.262085 0.011492
vt 0.311539 0.029193
vt 0.280576 0.035977
vt 0.296644 0.051507
vt 0.274731 0.048904
vt 0.264505 0.038863
vt 0.309678 0.076545
vt 0.329196 0.069568
vt 0.319542 0.105441
vt 0.302319 0.108283
vt 0.294942 0.084216
vt 0.285495 0.063794
vt 0.341045 0.103442
vt 0.326251 0.134445
vt 0.349996 0.136053
vt 0.327569 0.162134
vt 0.308287 0.157715
vt 0.307004 0.133439
vt 0.305907 0.179579
vt 0.310185 0.207863
vt 0.301481 0.197688
vt 0.320746 0.186315
vt 0.336905 0.199261
vt 0.318888 0.218038
vt 0.367565 0.102073
vt 0.396419 0.100686
vt 0.377953 0.134869
vt 0.387771 0.166589
vt 0.355417 0.172981
vt 0.405592 0.032928
vt 0.385014 0.067462
vt 0.371980 0.034733
vt 0.439204 0.031124
vt 0.415344 0.066091
vt 0.355423 0.067684
vt 0.341760 0.031963
vt 0.404049 0.269915
vt 0.411934 0.295914
vt 0.396001 0.284096
vt 0.416975 0.271684
vt 0.403349 0.321823
vt 0.384788 0.304990
vt 0.415381 0.248514
vt 0.387283 0.231816
vt 0.408733 0.224007
vt 0.346268 0.258672
vt 0.381509 0.266251
vt 0.365528 0.281831
vt 0.367075 0.244266
vt 0.397711 0.254251
vt 0.352461 0.220622
vt 0.332578 0.238355
vt 0.373962 0.205278
vt 0.398905 0.196620
vt 0.292702 0.196164
vt 0.283923 0.194640
vt 0.292697 0.177440
vt 0.280304 0.177505
vt 0.292180 0.157288
vt 0.290847 0.134845
vt 0.276228 0.137778
vt 0.275771 0.115187
vt 0.287917 0.111894
vt 0.282810 0.090431
vt 0.272024 0.095445
vt 0.268276 0.075703
vt 0.276242 0.071941
vt 0.268814 0.057996
vt 0.263021 0.064931
vt 0.257767 0.054159
vt 0.261136 0.046511
vt 0.880067 0.576800
vt 0.882798 0.597175
vt 0.868971 0.591318
vt 0.891453 0.586570
vt 0.896677 0.604832
vt 0.891346 0.612767
vt 0.876937 0.607957
vt 0.857875 0.605836
vt 0.879600 0.632651
vt 0.872348 0.646946
vt 0.872676 0.633597
vt 0.890226 0.634722
vt 0.881769 0.649810
vt 0.892753 0.652405
vt 0.883700 0.670612
vt 0.873094 0.667612
vt 0.876266 0.705037
vt 0.885160 0.692483
vt 0.885419 0.711505
vt 0.874368 0.689391
vt 0.895536 0.673649
vt 0.897438 0.696044
vt 0.898608 0.716210
vt 0.882607 0.739790
vt 0.866352 0.752834
vt 0.857127 0.724255
vt 0.902230 0.745031
vt 0.887227 0.758485
vt 0.907252 0.759379
vt 0.894492 0.779752
vt 0.875577 0.781413
vt 0.948599 0.653716
vt 0.926249 0.632534
vt 0.933972 0.624026
vt 0.963226 0.683407
vt 0.939426 0.655975
vt 0.938434 0.682073
vt 0.931179 0.657565
vt 0.919515 0.636757
vt 0.901719 0.639490
vt 0.910486 0.645213
vt 0.904483 0.655740
vt 0.915148 0.658507
vt 0.907939 0.676204
vt 0.909975 0.697648
vt 0.911566 0.716249
vt 0.919589 0.678385
vt 0.921195 0.698856
vt 0.920277 0.713007
vt 0.932798 0.727904
vt 0.948319 0.711342
vt 0.941050 0.735784
vt 0.939161 0.706967
vt 0.948072 0.683257
vt 0.958707 0.715912
vt 0.954188 0.748417
vt 0.785276 0.429022
vt 0.816498 0.420675
vt 0.814250 0.437626
vt 0.790594 0.410442
vt 0.818667 0.405603
vt 0.843223 0.408442
vt 0.843223 0.424483
vt 0.843223 0.446230
vt 0.773771 0.382486
vt 0.746514 0.372050
vt 0.756190 0.363478
vt 0.795135 0.396932
vt 0.766714 0.393491
vt 0.759985 0.406106
vt 0.734694 0.383191
vt 0.743763 0.341531
vt 0.723335 0.322149
vt 0.736396 0.318755
vt 0.732359 0.347498
vt 0.722087 0.354478
vt 0.709481 0.325764
vt 0.733611 0.297030
vt 0.720084 0.275357
vt 0.734858 0.276844
vt 0.719447 0.297930
vt 0.706391 0.299209
vt 0.703301 0.272653
vt 0.746565 0.240343
vt 0.725756 0.254927
vt 0.734392 0.235586
vt 0.739492 0.258173
vt 0.713159 0.251525
vt 0.723016 0.230396
vt 0.764584 0.205369
vt 0.744741 0.216607
vt 0.755956 0.197901
vt 0.755134 0.222707
vt 0.735816 0.210191
vt 0.748616 0.189986
vt 0.590138 0.502267
vt 0.569856 0.491616
vt 0.794158 0.148339
vt 0.797386 0.160621
vt 0.780211 0.162786
vt 0.775474 0.150306
vt 0.791611 0.134907
vt 0.666131 0.500768
vt 0.683501 0.485287
vt 0.776195 0.316024
vt 0.806932 0.298944
vt 0.807388 0.316156
vt 0.776369 0.280664
vt 0.775173 0.297891
vt 0.807619 0.282435
vt 0.843223 0.299480
vt 0.843223 0.316387
vt 0.804959 0.378276
vt 0.817403 0.366353
vt 0.820903 0.379904
vt 0.796223 0.368050
vt 0.812766 0.350930
vt 0.843223 0.350646
vt 0.843223 0.366283
vt 0.843223 0.380696
vt 0.785330 0.173490
vt 0.767674 0.179709
vt 0.774548 0.188714
vt 0.762045 0.170146
vt 0.691933 0.434304
vt 0.702413 0.469312
vt 0.722608 0.452645
vt 0.680396 0.712422
vt 0.816779 0.171456
vt 0.827516 0.160016
vt 0.827630 0.171886
vt 0.813636 0.163298
vt 0.843223 0.159389
vt 0.843223 0.172163
vt 0.787820 0.232784
vt 0.811155 0.251181
vt 0.783105 0.248439
vt 0.793070 0.217573
vt 0.813588 0.235977
vt 0.816298 0.221234
vt 0.843223 0.237187
vt 0.843223 0.252262
vt 0.779163 0.264299
vt 0.809104 0.266600
vt 0.843223 0.267546
vt 0.843223 0.283210
vt 0.762019 0.244707
vt 0.756449 0.261363
vt 0.752643 0.278651
vt 0.776248 0.212100
vt 0.768759 0.228218
vt 0.811139 0.179076
vt 0.822327 0.194495
vt 0.804728 0.190177
vt 0.825467 0.182936
vt 0.843223 0.184004
vt 0.843223 0.195881
vt 0.544807 0.534341
vt 0.919685 0.740975
vt 0.926128 0.751710
vt 0.933797 0.763253
vt 0.913407 0.778090
vt 0.918405 0.610183
vt 0.911501 0.616123
vt 0.905743 0.621993
vt 0.902839 0.596339
vt 0.865149 0.690145
vt 0.870378 0.711829
vt 0.856000 0.693155
vt 0.863916 0.665070
vt 0.864262 0.641473
vt 0.867699 0.624470
vt 0.854873 0.662055
vt 0.856375 0.633946
vt 0.889362 0.622025
vt 0.877104 0.619509
vt 0.883549 0.725668
vt 0.899714 0.731732
vt 0.923534 0.658655
vt 0.929471 0.680382
vt 0.914127 0.640888
vt 0.930530 0.702459
vt 0.925817 0.720180
vt 0.914819 0.729959
vt 0.902270 0.629000
vt 0.786802 0.352668
vt 0.809303 0.333837
vt 0.780004 0.334753
vt 0.843223 0.333736
vt 0.820633 0.392401
vt 0.800071 0.385906
vt 0.843223 0.394344
vt 0.782628 0.373695
vt 0.768560 0.356897
vt 0.758698 0.337253
vt 0.753049 0.316746
vt 0.751260 0.297087
vt 0.798698 0.203207
vt 0.819218 0.207303
vt 0.843223 0.208724
vt 0.843223 0.222567
vt 0.784211 0.196778
vt 0.792814 0.182899
vt 0.802384 0.171279
vt 0.464332 0.760141
vt 0.446045 0.736741
vt 0.467295 0.727482
vt 0.460659 0.793710
vt 0.443561 0.762414
vt 0.438434 0.794086
vt 0.421267 0.763806
vt 0.425711 0.740192
vt 0.354427 0.585741
vt 0.350337 0.551664
vt 0.370709 0.568694
vt 0.340952 0.603441
vt 0.333480 0.570888
vt 0.296918 0.580280
vt 0.311660 0.556489
vt 0.330082 0.535435
vt 0.402739 0.701567
vt 0.412471 0.712467
vt 0.397584 0.710936
vt 0.406977 0.693738
vt 0.415029 0.702592
vt 0.417381 0.693670
vt 0.427455 0.701652
vt 0.427703 0.711509
vt 0.373918 0.500137
vt 0.369413 0.533416
vt 0.351091 0.516577
vt 0.389776 0.516660
vt 0.388349 0.551141
vt 0.447363 0.529288
vt 0.448051 0.516255
vt 0.456334 0.524341
vt 0.441710 0.534072
vt 0.436339 0.523909
vt 0.430688 0.533922
vt 0.422951 0.515793
vt 0.438865 0.505448
vt 0.488138 0.506761
vt 0.486625 0.493846
vt 0.489464 0.517593
vt 0.478536 0.518714
vt 0.475500 0.508245
vt 0.472104 0.495575
vt 0.410916 0.628100
vt 0.426687 0.643542
vt 0.409995 0.643789
vt 0.410679 0.605860
vt 0.430499 0.628723
vt 0.435805 0.611395
vt 0.447415 0.633437
vt 0.440852 0.646510
vt 0.494704 0.620287
vt 0.485990 0.628822
vt 0.488554 0.617770
vt 0.493686 0.632230
vt 0.492611 0.647636
vt 0.481647 0.645347
vt 0.469937 0.611517
vt 0.469586 0.631340
vt 0.456625 0.616933
vt 0.476059 0.608912
vt 0.476801 0.621253
vt 0.481401 0.613165
vt 0.490163 0.595064
vt 0.482187 0.597886
vt 0.487336 0.588151
vt 0.476499 0.592256
vt 0.485578 0.578757
vt 0.488721 0.553467
vt 0.486710 0.566176
vt 0.473209 0.565508
vt 0.477476 0.552524
vt 0.465882 0.466417
vt 0.485247 0.479437
vt 0.469006 0.481247
vt 0.483824 0.464611
vt 0.481701 0.683613
vt 0.488380 0.705717
vt 0.477170 0.703073
vt 0.490970 0.684586
vt 0.485109 0.730348
vt 0.492124 0.665351
vt 0.483175 0.665427
vt 0.444960 0.469998
vt 0.450321 0.484940
vt 0.430185 0.491616
vt 0.421856 0.476412
vt 0.280807 0.664726
vt 0.257038 0.633591
vt 0.281407 0.635732
vt 0.260014 0.701982
vt 0.255615 0.666947
vt 0.231081 0.668876
vt 0.233910 0.633258
vt 0.478409 0.831408
vt 0.474732 0.874987
vt 0.455796 0.831107
vt 0.480897 0.793522
vt 0.348169 0.811546
vt 0.338007 0.769744
vt 0.362992 0.782684
vt 0.329643 0.843632
vt 0.319751 0.794575
vt 0.298393 0.822267
vt 0.294105 0.770015
vt 0.315714 0.750183
vt 0.448671 0.873849
vt 0.431361 0.830192
vt 0.421173 0.871373
vt 0.405018 0.827599
vt 0.414337 0.793400
vt 0.286035 0.694214
vt 0.273580 0.737881
vt 0.297941 0.723868
vt 0.247304 0.757183
vt 0.227920 0.713789
vt 0.466437 0.549896
vt 0.468798 0.582353
vt 0.459827 0.561687
vt 0.451791 0.576392
vt 0.447094 0.554785
vt 0.456149 0.545401
vt 0.459364 0.598285
vt 0.424638 0.584239
vt 0.443203 0.593249
vt 0.404834 0.740244
vt 0.398051 0.762449
vt 0.388856 0.790099
vt 0.375047 0.757435
vt 0.384576 0.736980
vt 0.366289 0.730120
vt 0.353540 0.747931
vt 0.334701 0.733017
vt 0.350641 0.719019
vt 0.392020 0.866480
vt 0.377009 0.821979
vt 0.361268 0.857832
vt 0.192861 0.664811
vt 0.203432 0.699999
vt 0.190378 0.693153
vt 0.195344 0.636468
vt 0.210402 0.667268
vt 0.213653 0.634760
vt 0.193400 0.815734
vt 0.243983 0.820644
vt 0.212649 0.850139
vt 0.174152 0.781328
vt 0.220756 0.784933
vt 0.202246 0.751955
vt 0.270194 0.793319
vt 0.490407 0.534131
vt 0.480093 0.542421
vt 0.480999 0.534303
vt 0.489973 0.542877
vt 0.472188 0.397951
vt 0.450401 0.420164
vt 0.444355 0.402082
vt 0.476045 0.417080
vt 0.479502 0.434656
vt 0.457066 0.436873
vt 0.386181 0.471193
vt 0.397824 0.486559
vt 0.359325 0.484398
vt 0.373534 0.455953
vt 0.403044 0.446499
vt 0.413199 0.461484
vt 0.327057 0.643794
vt 0.304586 0.663965
vt 0.305021 0.639300
vt 0.326246 0.664553
vt 0.309365 0.688543
vt 0.224304 0.495677
vt 0.223754 0.536565
vt 0.201850 0.520370
vt 0.246758 0.470983
vt 0.245756 0.512463
vt 0.270171 0.489168
vt 0.267083 0.528766
vt 0.243054 0.559949
vt 0.410598 0.407549
vt 0.390557 0.430697
vt 0.376842 0.413016
vt 0.421526 0.424450
vt 0.431329 0.440483
vt 0.331855 0.623044
vt 0.310184 0.614865
vt 0.286808 0.607131
vt 0.319794 0.591756
vt 0.462136 0.451943
vt 0.438949 0.455391
vt 0.421595 0.553972
vt 0.409532 0.533759
vt 0.435996 0.545022
vt 0.447363 0.539371
vt 0.436233 0.567512
vt 0.390510 0.586233
vt 0.406425 0.569156
vt 0.262401 0.600770
vt 0.238268 0.598435
vt 0.272539 0.569644
vt 0.482033 0.450083
vt 0.187772 0.576505
vt 0.215376 0.576136
vt 0.198991 0.586079
vt 0.189201 0.543650
vt 0.204601 0.557570
vt 0.344269 0.468921
vt 0.358710 0.440150
vt 0.327284 0.452829
vt 0.342476 0.423659
vt 0.480442 0.526942
vt 0.490234 0.526245
vt 0.461741 0.511205
vt 0.455793 0.499112
vt 0.467146 0.520848
vt 0.465725 0.534364
vt 0.470648 0.541102
vt 0.462301 0.538554
vt 0.472188 0.534354
vt 0.391253 0.687826
vt 0.392093 0.698556
vt 0.383561 0.694025
vt 0.399115 0.690782
vt 0.384579 0.707027
vt 0.374010 0.700740
vt 0.391342 0.647189
vt 0.383533 0.664695
vt 0.369797 0.653292
vt 0.396078 0.659215
vt 0.410477 0.656178
vt 0.402389 0.669156
vt 0.393116 0.672345
vt 0.463045 0.670084
vt 0.451309 0.666330
vt 0.459412 0.660473
vt 0.463059 0.680720
vt 0.454595 0.672493
vt 0.449041 0.677777
vt 0.447287 0.674698
vt 0.445534 0.671618
vt 0.444937 0.661148
vt 0.435866 0.657402
vt 0.451915 0.652378
vt 0.439172 0.669079
vt 0.432810 0.666539
vt 0.447125 0.693368
vt 0.459688 0.691687
vt 0.452582 0.701270
vt 0.443304 0.686485
vt 0.452573 0.686668
vt 0.446172 0.682131
vt 0.455091 0.679362
vt 0.362168 0.681369
vt 0.376997 0.672796
vt 0.375395 0.681157
vt 0.362596 0.668792
vt 0.389655 0.677076
vt 0.386193 0.681808
vt 0.441560 0.707886
vt 0.427785 0.693601
vt 0.438428 0.698463
vt 0.435544 0.690043
vt 0.377913 0.688240
vt 0.388723 0.684817
vt 0.366279 0.692104
vt 0.477567 0.603199
vt 0.470192 0.600899
vt 0.490694 0.606447
vt 0.484032 0.606903
vt 0.487221 0.602802
vt 0.489973 0.610469
vt 0.494735 0.606459
vt 0.492876 0.601002
vt 0.495181 0.612219
vt 0.482866 0.759858
vt 0.289451 0.542853
vt 0.290804 0.505114
vt 0.310459 0.520199
vt 0.470822 0.528160
vt 0.462283 0.530400
vt 0.320743 0.362839
vt 0.321967 0.357075
vt 0.323459 0.360137
vt 0.316310 0.366159
vt 0.317349 0.360078
vt 0.313332 0.363744
vt 0.314689 0.356840
vt 0.319024 0.352352
vt 0.372441 0.356168
vt 0.365482 0.357798
vt 0.369531 0.353273
vt 0.375350 0.359063
vt 0.368503 0.360578
vt 0.370695 0.364020
vt 0.363985 0.364197
vt 0.362881 0.361087
vt 0.330148 0.372393
vt 0.326155 0.364891
vt 0.333277 0.366373
vt 0.323229 0.369276
vt 0.328077 0.360399
vt 0.335166 0.360756
vt 0.349601 0.374101
vt 0.341723 0.367153
vt 0.350293 0.367230
vt 0.339874 0.373247
vt 0.343419 0.361065
vt 0.351613 0.361238
vt 0.358520 0.361219
vt 0.366040 0.368976
vt 0.357856 0.366258
vt 0.357821 0.371538
vt 0.356403 0.348443
vt 0.360376 0.356143
vt 0.353421 0.355166
vt 0.362967 0.350858
vt 0.336335 0.347796
vt 0.344924 0.354733
vt 0.336172 0.354751
vt 0.346369 0.348120
vt 0.328347 0.355475
vt 0.327679 0.350074
vt 0.353412 0.696863
vt 0.347223 0.682410
vt 0.363389 0.708629
vt 0.338204 0.703381
vt 0.329845 0.684669
vt 0.427518 0.723502
vt 0.444606 0.719555
vt 0.458815 0.711170
vt 0.347497 0.648621
vt 0.345510 0.666153
vt 0.467748 0.697510
vt 0.472173 0.682216
vt 0.469465 0.653801
vt 0.460530 0.642266
vt 0.472961 0.667467
vt 0.376310 0.716970
vt 0.391801 0.722067
vt 0.422236 0.666253
vt 0.411662 0.665967
vt 0.424094 0.655696
vt 0.409363 0.724246
vt 0.216496 0.603504
vt 0.197168 0.611274
vt 0.187496 0.730417
vt 0.175378 0.714873
vt 0.167265 0.758961
vt 0.160378 0.736593
vt 0.359474 0.614328
vt 0.373399 0.600569
vt 0.386742 0.615694
vt 0.372215 0.621834
vt 0.370459 0.634609
vt 0.351553 0.630625
vt 0.390304 0.631930
vt 0.280805 0.919909
vt 0.273702 0.852717
vt 0.306810 0.878940
vt 0.246727 0.885024
vt 0.354455 0.959818
vt 0.340822 0.897494
vt 0.374447 0.910295
vt 0.317630 0.939864
vt 0.426389 0.977065
vt 0.406965 0.918128
vt 0.438522 0.922852
vt 0.390422 0.968442
vt 0.469447 0.925176
vt 0.463203 0.979395
vt 0.518280 0.318718
vt 0.516721 0.280079
vt 0.536310 0.315857
vt 0.540609 0.357578
vt 0.520325 0.360619
vt 0.515983 0.246467
vt 0.532755 0.216582
vt 0.516106 0.216251
vt 0.532195 0.246085
vt 0.517052 0.187191
vt 0.518749 0.157819
vt 0.534895 0.187950
vt 0.521106 0.127154
vt 0.523976 0.095383
vt 0.543182 0.128433
vt 0.538437 0.158858
vt 0.860961 0.116065
vt 0.843223 0.112622
vt 0.878698 0.119507
vt 0.860450 0.131975
vt 0.877019 0.137492
vt 0.859792 0.146694
vt 0.578172 0.338657
vt 0.553884 0.310951
vt 0.571177 0.304482
vt 0.559390 0.348117
vt 0.533376 0.278611
vt 0.550002 0.276465
vt 0.566676 0.274027
vt 0.570060 0.219818
vt 0.548941 0.245900
vt 0.550561 0.217599
vt 0.566465 0.246444
vt 0.576413 0.192166
vt 0.560063 0.160611
vt 0.584508 0.163103
vt 0.554404 0.189499
vt 0.593559 0.132631
vt 0.575486 0.098769
vt 0.603664 0.100687
vt 0.567173 0.130362
vt 0.548876 0.096789
vt 0.527174 0.062935
vt 0.530461 0.030094
vt 0.555151 0.064279
vt 0.703439 0.051508
vt 0.725353 0.048905
vt 0.714588 0.063795
vt 0.688544 0.029194
vt 0.719507 0.035978
vt 0.713272 0.020344
vt 0.736788 0.025179
vt 0.735578 0.038864
vt 0.697764 0.108284
vt 0.690405 0.076546
vt 0.705141 0.084218
vt 0.680541 0.105442
vt 0.670887 0.069569
vt 0.691795 0.157717
vt 0.673832 0.134446
vt 0.693079 0.133440
vt 0.672514 0.162135
vt 0.650087 0.136054
vt 0.659038 0.103443
vt 0.663177 0.199262
vt 0.644666 0.172982
vt 0.694176 0.179580
vt 0.679337 0.186317
vt 0.689898 0.207864
vt 0.681194 0.218039
vt 0.612311 0.166590
vt 0.622130 0.134869
vt 0.632518 0.102074
vt 0.584740 0.066092
vt 0.615070 0.067462
vt 0.560880 0.031125
vt 0.594492 0.032929
vt 0.628104 0.034733
vt 0.658324 0.031964
vt 0.644661 0.067685
vt 0.615294 0.304991
vt 0.588148 0.295915
vt 0.604081 0.284096
vt 0.596733 0.321824
vt 0.583107 0.271685
vt 0.596033 0.269916
vt 0.612799 0.231817
vt 0.584701 0.248515
vt 0.591349 0.224008
vt 0.602371 0.254252
vt 0.634554 0.281832
vt 0.618573 0.266252
vt 0.633007 0.244267
vt 0.653814 0.258673
vt 0.626120 0.205279
vt 0.647622 0.220623
vt 0.601178 0.196620
vt 0.719779 0.177506
vt 0.707903 0.157290
vt 0.723398 0.160371
vt 0.716159 0.194641
vt 0.707386 0.177441
vt 0.707380 0.196165
vt 0.724312 0.115188
vt 0.709236 0.134846
vt 0.712166 0.111896
vt 0.723855 0.137780
vt 0.731807 0.075704
vt 0.717274 0.090433
vt 0.723842 0.071943
vt 0.728059 0.095446
vt 0.742317 0.054160
vt 0.731270 0.057998
vt 0.738947 0.046512
vt 0.737062 0.064932
vt 0.108020 0.611983
vt 0.116534 0.596372
vt 0.122419 0.607141
vt 0.102672 0.604059
vt 0.107856 0.585786
vt 0.119221 0.575991
vt 0.130348 0.590484
vt 0.141476 0.604978
vt 0.106701 0.651624
vt 0.115794 0.669811
vt 0.103965 0.672874
vt 0.109189 0.633935
vt 0.117679 0.649004
vt 0.119811 0.631840
vt 0.127094 0.646120
vt 0.126394 0.666787
vt 0.102112 0.695273
vt 0.114166 0.710707
vt 0.100987 0.715441
vt 0.114382 0.691685
vt 0.125168 0.688569
vt 0.123304 0.704219
vt 0.124162 0.780594
vt 0.112461 0.757692
vt 0.133324 0.751994
vt 0.105244 0.778974
vt 0.092438 0.758630
vt 0.097429 0.744270
vt 0.117040 0.738987
vt 0.142486 0.723395
vt 0.061086 0.681393
vt 0.060036 0.655297
vt 0.068286 0.656869
vt 0.036297 0.682781
vt 0.051451 0.682598
vt 0.050858 0.653058
vt 0.073161 0.631827
vt 0.079905 0.636035
vt 0.084320 0.657775
vt 0.091568 0.675456
vt 0.079922 0.677663
vt 0.088953 0.644471
vt 0.094978 0.654985
vt 0.097707 0.638728
vt 0.089579 0.696905
vt 0.078362 0.698137
vt 0.088029 0.715509
vt 0.079311 0.712287
vt 0.040888 0.715276
vt 0.058588 0.735110
vt 0.045479 0.747771
vt 0.051265 0.710683
vt 0.060413 0.706288
vt 0.066823 0.727211
vt 0.869949 0.420675
vt 0.867780 0.405603
vt 0.895853 0.410442
vt 0.901171 0.429022
vt 0.872197 0.437626
vt 0.951753 0.383191
vt 0.919733 0.393491
vt 0.939932 0.372049
vt 0.926462 0.406106
vt 0.891312 0.396932
vt 0.912676 0.382486
vt 0.930257 0.363478
vt 0.976966 0.325764
vt 0.954088 0.347498
vt 0.963112 0.322149
vt 0.964360 0.354478
vt 0.942684 0.341531
vt 0.950051 0.318755
vt 0.983145 0.272653
vt 0.967000 0.297930
vt 0.966362 0.275357
vt 0.980056 0.299209
vt 0.952836 0.297030
vt 0.951589 0.276844
vt 0.973288 0.251525
vt 0.952055 0.235586
vt 0.963431 0.230396
vt 0.960691 0.254927
vt 0.946954 0.258173
vt 0.939881 0.240343
vt 0.921863 0.205369
vt 0.941706 0.216607
vt 0.931312 0.222707
vt 0.930491 0.197901
vt 0.950631 0.210191
vt 0.409903 0.502266
vt 0.894836 0.134907
vt 0.910973 0.150306
vt 0.892289 0.148339
vt 0.906235 0.162786
vt 0.889061 0.160621
vt 0.875335 0.151393
vt 0.333910 0.500766
vt 0.316541 0.485285
vt 0.878828 0.282435
vt 0.910078 0.280664
vt 0.879515 0.298944
vt 0.910251 0.316024
vt 0.879059 0.316157
vt 0.869044 0.366353
vt 0.873681 0.350930
vt 0.890224 0.368050
vt 0.881487 0.378276
vt 0.865544 0.379904
vt 0.924402 0.170146
vt 0.937831 0.189986
vt 0.918773 0.179709
vt 0.911898 0.188714
vt 0.901116 0.173489
vt 0.297629 0.469310
vt 0.277434 0.452643
vt 0.308109 0.434302
vt 0.319643 0.712420
vt 0.858930 0.160015
vt 0.869668 0.171456
vt 0.858816 0.171886
vt 0.870148 0.221234
vt 0.893376 0.217573
vt 0.872859 0.235977
vt 0.898627 0.232784
vt 0.875291 0.251181
vt 0.903342 0.248439
vt 0.877343 0.266600
vt 0.907284 0.264299
vt 0.929998 0.261363
vt 0.924428 0.244706
vt 0.933804 0.278651
vt 0.910199 0.212100
vt 0.917687 0.228218
vt 0.860980 0.182936
vt 0.875307 0.179076
vt 0.864120 0.194495
vt 0.455234 0.534340
vt 0.086325 0.777354
vt 0.073546 0.751003
vt 0.065902 0.762563
vt 0.079965 0.740253
vt 0.096492 0.595580
vt 0.087873 0.615383
vt 0.080956 0.609458
vt 0.093644 0.621241
vt 0.065420 0.623335
vt 0.143544 0.692292
vt 0.135566 0.664225
vt 0.144602 0.661190
vt 0.129208 0.710998
vt 0.134388 0.689303
vt 0.143039 0.633084
vt 0.131694 0.623633
vt 0.135168 0.640629
vt 0.126736 0.632771
vt 0.122278 0.618693
vt 0.110026 0.621236
vt 0.116066 0.724866
vt 0.099915 0.730966
vt 0.070045 0.679682
vt 0.075934 0.657941
vt 0.085301 0.640154
vt 0.073787 0.719471
vt 0.069034 0.701761
vt 0.084807 0.729226
vt 0.097132 0.628239
vt 0.877144 0.333837
vt 0.906443 0.334753
vt 0.899644 0.352668
vt 0.865814 0.392401
vt 0.917887 0.356897
vt 0.886376 0.385906
vt 0.903818 0.373695
vt 0.933398 0.316746
vt 0.927749 0.337253
vt 0.935187 0.297087
vt 0.911273 0.297891
vt 0.881719 0.190177
vt 0.867228 0.207303
vt 0.887748 0.203207
vt 0.893633 0.182899
vt 0.902235 0.196778
vt 0.872810 0.163298
vt 0.884063 0.171279
vt 0.500021 0.517262
vt 0.787388 0.850142
vt 0.823489 0.566934
vt 0.500019 0.760062
vt 0.276684 0.160369
vt 0.176552 0.566930
vt 0.310355 0.361329
vt 0.737999 0.011494
vt 0.698601 0.197689
vt 0.667504 0.238356
s 0
f 425/1/1 430/2/1 6/3/1
f 4/4/2 951/5/2 425/1/2
f 431/6/3 323/7/3 951/5/3
f 951/5/4 7/8/4 430/2/4
f 46/9/5 952/10/5 442/11/5
f 18/12/6 952/10/6 418/13/6
f 342/14/7 446/15/7 952/10/7
f 952/10/8 54/16/8 442/11/8
f 75/17/9 953/18/9 487/19/9
f 394/20/10 402/21/10 953/18/10
f 953/18/11 56/22/11 395/23/11
f 487/19/12 395/23/12 76/24/12
f 446/15/13 599/25/13 54/16/13
f 9/26/14 954/27/14 446/15/14
f 601/28/15 602/29/15 954/27/15
f 954/27/16 122/30/16 599/25/16
f 611/31/17 341/32/17 126/33/17
f 11/34/18 955/35/18 611/31/18
f 329/36/19 330/37/19 955/35/19
f 955/35/20 32/38/20 341/32/20
f 12/39/21 956/40/21 382/41/21
f 383/42/22 331/43/22 956/40/22
f 956/40/23 276/44/23 332/45/23
f 382/41/24 332/45/24 13/46/24
f 72/47/25 957/48/25 486/49/25
f 362/50/26 452/51/26 957/48/26
f 957/48/27 28/52/27 363/53/27
f 486/49/28 363/53/28 73/54/28
f 284/55/29 958/56/29 455/57/29
f 289/58/30 958/56/30 381/59/30
f 413/60/31 336/61/31 958/56/31
f 455/57/32 336/61/32 15/62/32
f 336/61/33 333/63/33 15/62/33
f 336/61/34 411/64/34 959/65/34
f 959/65/35 45/66/35 414/67/35
f 333/63/36 414/67/36 14/68/36
f 340/69/37 339/70/37 279/71/37
f 340/69/38 338/72/38 960/73/38
f 960/73/39 44/74/39 412/75/39
f 339/70/40 412/75/40 288/76/40
f 340/69/41 343/77/41 17/78/41
f 279/71/42 961/79/42 340/69/42
f 345/80/43 344/81/43 961/79/43
f 961/79/44 19/82/44 343/77/44
f 327/83/45 332/45/45 276/44/45
f 327/83/46 328/84/46 962/85/46
f 962/85/47 8/86/47 326/87/47
f 332/45/48 326/87/48 13/46/48
f 347/88/49 325/89/49 5/90/49
f 282/91/50 963/92/50 347/88/50
f 346/93/51 348/94/51 963/92/51
f 963/92/52 20/95/52 325/89/52
f 455/57/53 494/96/53 284/55/53
f 15/62/54 964/97/54 455/57/54
f 372/98/55 348/94/55 964/97/55
f 964/97/56 275/99/56 494/96/56
f 384/100/57 326/87/57 8/86/57
f 33/101/58 965/102/58 384/100/58
f 965/102/59 32/38/59 387/103/59
f 965/102/60 13/46/60 326/87/60
f 438/104/61 456/105/61 52/106/61
f 50/107/62 966/108/62 438/104/62
f 449/109/63 358/110/63 966/108/63
f 456/105/64 358/110/64 21/111/64
f 4/4/65 967/112/65 349/113/65
f 352/114/66 351/115/66 967/112/66
f 967/112/67 283/116/67 353/117/67
f 349/113/68 353/117/68 290/118/68
f 3/119/69 968/120/69 424/121/69
f 354/122/70 359/123/70 968/120/70
f 968/120/71 31/124/71 360/125/71
f 424/121/72 360/125/72 30/126/72
f 6/3/73 969/127/73 425/1/73
f 355/128/74 350/129/74 969/127/74
f 969/127/75 24/130/75 352/114/75
f 425/1/76 352/114/76 4/4/76
f 22/131/77 970/132/77 358/110/77
f 356/133/78 354/122/78 970/132/78
f 970/132/79 3/119/79 423/134/79
f 970/132/80 21/111/80 358/110/80
f 376/135/81 357/136/81 27/137/81
f 17/78/82 971/138/82 376/135/82
f 343/77/83 379/139/83 971/138/83
f 971/138/84 26/140/84 357/136/84
f 376/135/85 337/141/85 17/78/85
f 376/135/86 454/142/86 972/143/86
f 454/142/87 452/51/87 972/143/87
f 337/141/88 452/51/88 14/68/88
f 426/144/89 429/145/89 30/126/89
f 6/3/90 973/146/90 426/144/90
f 430/2/91 380/147/91 973/146/91
f 973/146/92 29/148/92 429/145/92
f 424/121/93 428/149/93 3/119/93
f 30/126/94 974/150/94 424/121/94
f 429/145/95 321/151/95 974/150/95
f 974/150/96 2/152/96 428/149/96
f 30/126/97 975/153/97 426/144/97
f 360/125/98 378/154/98 975/153/98
f 975/153/99 25/155/99 355/128/99
f 426/144/100 355/128/100 6/3/100
f 449/109/101 364/156/101 22/131/101
f 449/109/102 437/157/102 976/158/102
f 976/158/103 133/159/103 448/160/103
f 364/156/104 448/160/104 132/161/104
f 491/162/105 356/133/105 22/131/105
f 80/163/106 977/164/106 491/162/106
f 366/165/107 365/166/107 977/164/107
f 977/164/108 23/167/108 356/133/108
f 280/168/109 978/169/109 344/81/109
f 391/170/110 369/171/110 978/169/110
f 369/171/111 392/172/111 978/169/111
f 344/81/112 392/172/112 19/82/112
f 368/173/113 390/174/113 285/175/113
f 286/176/114 979/177/114 368/173/114
f 367/178/115 388/179/115 979/177/115
f 979/177/116 37/180/116 390/174/116
f 122/30/117 980/181/117 600/182/117
f 421/183/118 419/184/118 980/181/118
f 980/181/119 38/185/119 592/186/119
f 600/182/120 592/186/120 121/187/120
f 49/188/121 981/189/121 450/190/121
f 439/191/122 456/105/122 981/189/122
f 981/189/123 21/111/123 427/192/123
f 450/190/124 427/192/124 1/193/124
f 444/194/125 417/195/125 53/196/125
f 55/197/126 982/198/126 444/194/126
f 422/199/127 416/200/127 982/198/127
f 417/195/128 416/200/128 48/201/128
f 388/179/129 440/202/129 37/180/129
f 42/203/130 983/204/130 388/179/130
f 375/205/131 389/206/131 983/204/131
f 983/204/132 38/185/132 440/202/132
f 18/12/133 984/207/133 433/208/133
f 418/13/134 436/209/134 984/207/134
f 984/207/135 52/106/135 439/191/135
f 433/208/136 439/191/136 49/188/136
f 37/180/137 985/210/137 385/211/137
f 440/202/138 419/184/138 985/210/138
f 985/210/139 33/101/139 384/100/139
f 385/211/140 384/100/140 8/86/140
f 27/137/141 986/212/141 612/213/141
f 357/136/142 373/214/142 986/212/142
f 986/212/143 11/34/143 611/31/143
f 612/213/144 611/31/144 126/33/144
f 27/137/145 987/215/145 454/142/145
f 612/213/146 601/28/146 987/215/146
f 987/215/147 9/26/147 453/216/147
f 454/142/148 453/216/148 28/52/148
f 436/209/149 438/104/149 52/106/149
f 46/9/150 988/217/150 436/209/150
f 988/217/151 48/201/151 434/218/151
f 438/104/152 434/218/152 50/107/152
f 281/219/153 989/220/153 328/84/153
f 285/175/154 989/220/154 420/221/154
f 390/174/155 385/211/155 989/220/155
f 989/220/156 8/86/156 328/84/156
f 47/222/157 990/223/157 416/200/157
f 488/224/158 435/225/158 990/223/158
f 435/225/159 489/226/159 990/223/159
f 990/223/160 48/201/160 416/200/160
f 389/206/161 592/186/161 38/185/161
f 36/227/162 991/228/162 389/206/162
f 588/229/163 591/230/163 991/228/163
f 991/228/164 121/187/164 592/186/164
f 287/231/165 992/232/165 369/171/165
f 386/233/166 383/42/166 992/232/166
f 383/42/167 370/234/167 992/232/167
f 369/171/168 370/234/168 41/235/168
f 10/236/169 993/237/169 330/37/169
f 371/238/170 382/41/170 993/237/170
f 993/237/171 13/46/171 387/103/171
f 330/37/172 387/103/172 32/38/172
f 392/172/173 379/139/173 19/82/173
f 41/235/174 994/239/174 392/172/174
f 994/239/175 129/240/175 614/241/175
f 379/139/176 614/241/176 26/140/176
f 76/24/177 995/242/177 485/243/177
f 395/23/178 396/244/178 995/242/178
f 995/242/179 57/245/179 469/246/179
f 485/243/180 469/246/180 69/247/180
f 58/248/181 996/249/181 477/250/181
f 397/251/182 473/252/182 996/249/182
f 996/249/183 73/54/183 484/253/183
f 477/250/184 484/253/184 77/254/184
f 60/255/185 997/256/185 471/257/185
f 61/258/186 997/256/186 398/259/186
f 997/256/187 70/260/187 483/261/187
f 471/257/188 483/261/188 71/262/188
f 62/263/189 998/264/189 472/265/189
f 399/266/190 471/257/190 998/264/190
f 998/264/191 71/262/191 482/267/191
f 998/264/192 72/47/192 472/265/192
f 70/260/193 999/268/193 481/269/193
f 470/270/194 401/271/194 999/268/194
f 999/268/195 39/272/195 393/273/195
f 481/269/196 393/273/196 74/274/196
f 63/275/197 1000/276/197 468/277/197
f 403/278/198 477/250/198 1000/276/198
f 1000/276/199 77/254/199 480/279/199
f 1000/276/200 68/280/200 468/277/200
f 74/274/201 1001/281/201 479/282/201
f 393/273/202 404/283/202 1001/281/202
f 1001/281/203 40/284/203 394/20/203
f 479/282/204 394/20/204 75/17/204
f 69/247/205 1002/285/205 478/286/205
f 469/246/206 405/287/206 1002/285/206
f 1002/285/207 63/275/207 468/277/207
f 478/286/208 468/277/208 68/280/208
f 17/78/209 1003/288/209 338/72/209
f 337/141/210 414/67/210 1003/288/210
f 1003/288/211 45/66/211 410/289/211
f 338/72/212 410/289/212 44/74/212
f 44/74/213 1004/290/213 409/291/213
f 45/66/214 1004/290/214 410/289/214
f 411/64/215 407/292/215 1004/290/215
f 1004/290/216 16/293/216 409/291/216
f 288/76/217 1005/294/217 408/295/217
f 412/75/218 409/291/218 1005/294/218
f 1005/294/219 16/293/219 334/296/219
f 408/295/220 334/296/220 278/297/220
f 43/298/221 1006/299/221 407/292/221
f 413/60/222 335/300/222 1006/299/222
f 1006/299/223 278/297/223 334/296/223
f 407/292/224 334/296/224 16/293/224
f 349/113/225 431/6/225 4/4/225
f 290/118/226 1007/301/226 349/113/226
f 1007/301/227 282/91/227 347/88/227
f 1007/301/228 5/90/228 431/6/228
f 46/9/229 1008/302/229 415/303/229
f 442/11/230 445/304/230 1008/302/230
f 1008/302/231 53/196/231 417/195/231
f 415/303/232 417/195/232 48/201/232
f 370/234/233 406/305/233 41/235/233
f 12/39/234 1009/306/234 370/234/234
f 371/238/235 613/307/235 1009/306/235
f 1009/306/236 129/240/236 406/305/236
f 405/308/237 403/309/237 63/310/237
f 57/311/238 1010/312/238 405/308/238
f 457/313/239 458/314/239 1010/312/239
f 1010/312/240 58/315/240 403/309/240
f 65/316/241 1011/317/241 459/318/241
f 460/319/242 401/320/242 1011/317/242
f 1011/317/243 61/321/243 398/322/243
f 459/318/244 398/322/244 60/323/244
f 64/324/245 1012/325/245 462/326/245
f 457/313/246 396/327/246 1012/325/246
f 1012/325/247 56/328/247 464/329/247
f 462/326/248 464/329/248 66/330/248
f 66/330/249 1013/331/249 463/332/249
f 464/329/250 402/333/250 1013/331/250
f 1013/331/251 40/334/251 465/335/251
f 463/332/252 465/335/252 67/336/252
f 67/336/253 1014/337/253 461/338/253
f 465/335/254 404/339/254 1014/337/254
f 1014/337/255 39/340/255 460/319/255
f 461/338/256 460/319/256 65/316/256
f 461/338/257 466/341/257 67/336/257
f 65/316/258 1015/342/258 461/338/258
f 459/318/259 399/343/259 1015/342/259
f 1015/342/260 62/344/260 466/341/260
f 463/332/261 467/345/261 66/330/261
f 67/336/262 1016/346/262 463/332/262
f 466/341/263 400/347/263 1016/346/263
f 1016/346/264 59/348/264 467/345/264
f 64/324/265 1017/349/265 458/314/265
f 66/330/266 1017/349/266 462/326/266
f 1017/349/267 59/348/267 397/350/267
f 458/314/268 397/350/268 58/315/268
f 2/152/269 1018/351/269 320/352/269
f 322/353/270 478/286/270 1018/351/270
f 1018/351/271 68/280/271 319/354/271
f 320/352/272 319/354/272 1/193/272
f 5/90/273 1019/355/273 323/7/273
f 474/356/274 479/282/274 1019/355/274
f 1019/355/275 75/17/275 475/357/275
f 323/7/276 475/357/276 7/8/276
f 480/279/277 319/354/277 68/280/277
f 480/279/278 451/358/278 1020/359/278
f 451/358/279 450/190/279 1020/359/279
f 1020/359/280 1/193/280 319/354/280
f 20/95/281 1021/360/281 325/89/281
f 324/361/282 481/269/282 1021/360/282
f 1021/360/283 74/274/283 474/356/283
f 325/89/284 474/356/284 5/90/284
f 482/267/285 362/50/285 72/47/285
f 71/262/286 1022/362/286 482/267/286
f 377/363/287 333/63/287 1022/362/287
f 362/50/288 333/63/288 14/68/288
f 71/262/289 1023/364/289 377/363/289
f 483/261/290 324/361/290 1023/364/290
f 1023/364/291 20/95/291 372/98/291
f 377/363/292 372/98/292 15/62/292
f 29/148/293 1024/365/293 321/151/293
f 476/366/294 485/243/294 1024/365/294
f 1024/365/295 69/247/295 322/353/295
f 321/151/296 322/353/296 2/152/296
f 400/367/297 473/252/297 59/368/297
f 62/263/298 1025/369/298 400/367/298
f 472/265/299 486/49/299 1025/369/299
f 1025/369/300 73/54/300 473/252/300
f 7/8/301 1026/370/301 380/147/301
f 475/357/302 487/19/302 1026/370/302
f 1026/370/303 76/24/303 476/366/303
f 380/147/304 476/366/304 29/148/304
f 50/107/305 1027/371/305 437/157/305
f 434/218/306 489/226/306 1027/371/306
f 1027/371/307 134/372/307 490/373/307
f 437/157/308 490/373/308 133/159/308
f 493/374/309 492/375/309 81/376/309
f 493/374/310 491/162/310 1028/377/310
f 1028/377/311 22/131/311 364/156/311
f 1028/377/312 132/161/312 492/375/312
f 82/378/313 1029/379/313 496/380/313
f 495/381/314 453/216/314 1029/379/314
f 1029/379/315 9/26/315 342/14/315
f 496/380/316 342/14/316 18/12/316
f 18/12/317 1030/382/317 496/380/317
f 49/188/318 1030/382/318 433/208/318
f 451/358/319 497/383/319 1030/382/319
f 496/380/320 497/383/320 82/378/320
f 82/378/321 1031/384/321 495/381/321
f 497/383/322 484/253/322 1031/384/322
f 1031/384/323 73/54/323 363/53/323
f 495/381/324 363/53/324 28/52/324
f 23/167/325 1032/385/325 359/123/325
f 365/166/326 499/386/326 1032/385/326
f 1032/385/327 83/387/327 498/388/327
f 359/123/328 498/388/328 31/124/328
f 31/124/329 1033/389/329 378/154/329
f 498/388/330 501/390/330 1033/389/330
f 1033/389/331 84/391/331 500/392/331
f 378/154/332 500/392/332 25/155/332
f 25/155/333 1034/393/333 350/129/333
f 500/392/334 503/394/334 1034/393/334
f 1034/393/335 85/395/335 502/396/335
f 350/129/336 502/396/336 24/130/336
f 24/130/337 1035/397/337 351/115/337
f 502/396/338 505/398/338 1035/397/338
f 1035/397/339 291/399/339 504/400/339
f 351/115/340 504/400/340 283/116/340
f 85/401/341 1036/402/341 505/403/341
f 507/404/342 506/405/342 1036/402/342
f 1036/402/343 292/406/343 508/407/343
f 505/403/344 508/407/344 291/408/344
f 510/409/345 506/405/345 86/410/345
f 87/411/346 1037/412/346 510/409/346
f 1037/412/347 293/413/347 511/414/347
f 506/405/348 511/414/348 292/406/348
f 87/411/349 1038/415/349 509/416/349
f 513/417/350 512/418/350 1038/415/350
f 1038/415/351 294/419/351 514/420/351
f 509/416/352 514/420/352 293/413/352
f 88/421/353 1039/422/353 512/418/353
f 516/423/354 515/424/354 1039/422/354
f 1039/422/355 295/425/355 517/426/355
f 512/418/356 517/426/356 294/419/356
f 521/427/357 589/428/357 120/429/357
f 42/430/358 1040/431/358 521/427/358
f 367/432/359 587/433/359 1040/431/359
f 1040/431/360 299/434/360 589/428/360
f 523/435/361 522/436/361 91/437/361
f 86/410/362 1041/438/362 523/435/362
f 507/404/363 503/439/363 1041/438/363
f 1041/438/364 84/440/364 522/436/364
f 86/410/365 1042/441/365 510/409/365
f 523/435/366 525/442/366 1042/441/366
f 1042/441/367 92/443/367 524/444/367
f 510/409/368 524/444/368 87/411/368
f 87/411/369 1043/445/369 513/417/369
f 524/444/370 527/446/370 1043/445/370
f 527/446/371 526/447/371 1043/445/371
f 1043/445/372 88/421/372 513/417/372
f 526/447/373 516/423/373 88/421/373
f 93/448/374 1044/449/374 526/447/374
f 529/450/375 528/451/375 1044/449/375
f 1044/449/376 89/452/376 516/423/376
f 89/452/377 1045/453/377 515/424/377
f 531/454/378 532/455/378 1045/453/378
f 1045/453/379 297/456/379 519/457/379
f 515/424/380 519/457/380 295/425/380
f 534/458/381 488/459/381 47/460/381
f 96/461/382 1046/462/382 534/458/382
f 533/463/383 535/464/383 1046/462/383
f 1046/462/384 78/465/384 488/459/384
f 96/461/385 1047/466/385 533/463/385
f 537/467/386 536/468/386 1047/466/386
f 1047/466/387 99/469/387 538/470/387
f 1047/466/388 97/471/388 533/463/388
f 98/472/389 1048/473/389 536/468/389
f 540/474/390 539/475/390 1048/473/390
f 1048/473/391 101/476/391 541/477/391
f 536/468/392 541/477/392 99/469/392
f 542/478/393 493/479/393 81/480/393
f 542/478/394 539/475/394 1049/481/394
f 539/475/395 543/482/395 1049/481/395
f 1049/481/396 80/483/396 493/479/396
f 544/484/397 540/474/397 98/472/397
f 94/485/398 1050/486/398 544/484/398
f 529/450/399 545/487/399 1050/486/399
f 1050/486/400 100/488/400 540/474/400
f 547/489/401 546/490/401 102/491/401
f 95/492/402 1051/493/402 547/489/402
f 531/454/403 528/451/403 1051/493/403
f 1051/493/404 94/485/404 546/490/404
f 544/484/405 546/490/405 94/485/405
f 98/472/406 1052/494/406 544/484/406
f 537/467/407 548/495/407 1052/494/407
f 1052/494/408 102/491/408 546/490/408
f 103/496/409 1053/497/409 549/498/409
f 550/499/410 522/436/410 1053/497/410
f 522/436/411 501/500/411 1053/497/411
f 1053/497/412 83/501/412 549/498/412
f 91/437/413 1054/502/413 525/442/413
f 103/496/414 1054/502/414 550/499/414
f 1054/502/415 104/503/415 551/504/415
f 525/442/416 551/504/416 92/443/416
f 35/505/417 1055/506/417 499/507/417
f 553/508/418 552/509/418 1055/506/418
f 1055/506/419 103/496/419 549/498/419
f 499/507/420 549/498/420 83/501/420
f 35/505/421 1056/510/421 553/508/421
f 80/483/422 1056/510/422 366/511/422
f 543/482/423 554/512/423 1056/510/423
f 1056/510/424 104/503/424 553/508/424
f 104/503/425 1057/513/425 551/504/425
f 554/512/426 545/487/426 1057/513/426
f 1057/513/427 93/448/427 527/446/427
f 551/504/428 527/446/428 92/443/428
f 563/514/429 542/478/429 81/480/429
f 109/515/430 1058/516/430 563/514/430
f 562/517/431 564/518/431 1058/516/431
f 542/478/432 564/518/432 101/476/432
f 101/476/433 1059/519/433 541/477/433
f 564/518/434 561/520/434 1059/519/434
f 1059/519/435 111/521/435 565/522/435
f 541/477/436 565/522/436 99/469/436
f 99/469/437 1060/523/437 538/470/437
f 565/522/438 560/524/438 1060/523/438
f 1060/523/439 110/525/439 566/526/439
f 538/470/440 566/526/440 97/471/440
f 97/471/441 1061/527/441 535/464/441
f 566/526/442 559/528/442 1061/527/442
f 1061/527/443 107/529/443 567/530/443
f 535/464/444 567/530/444 78/465/444
f 78/531/445 1062/532/445 435/533/445
f 567/534/446 555/535/446 1062/532/446
f 1062/532/447 135/536/447 568/537/447
f 435/533/448 568/537/448 134/538/448
f 622/539/449 621/540/449 79/541/449
f 108/542/450 1063/543/450 622/539/450
f 557/544/451 569/545/451 1063/543/451
f 1063/543/452 51/546/452 621/540/452
f 34/547/453 1064/548/453 623/549/453
f 620/550/454 569/545/454 1064/548/454
f 1064/548/455 106/551/455 556/552/455
f 623/549/456 556/552/456 136/553/456
f 570/554/457 492/555/457 132/556/457
f 105/557/458 1065/558/458 570/554/458
f 558/559/459 563/560/459 1065/558/459
f 1065/558/460 81/561/460 492/555/460
f 560/562/461 619/563/461 110/564/461
f 111/565/462 1066/566/462 560/562/462
f 1066/566/463 137/567/463 571/568/463
f 619/563/464 571/568/464 138/569/464
f 627/570/465 557/544/465 108/542/465
f 131/571/466 1067/572/466 627/570/466
f 624/573/467 573/574/467 1067/572/467
f 1067/572/468 106/551/468 557/544/468
f 136/553/469 1068/575/469 626/576/469
f 556/552/470 573/574/470 1068/575/470
f 1068/575/471 113/577/471 625/578/471
f 1068/575/472 130/579/472 626/576/472
f 139/580/473 1069/581/473 617/582/473
f 615/583/474 572/584/474 1069/581/474
f 572/584/475 561/585/475 1069/581/475
f 617/582/476 561/585/476 112/586/476
f 95/587/477 1070/588/477 532/589/477
f 574/590/478 576/591/478 1070/588/478
f 1070/588/479 298/592/479 530/593/479
f 532/589/480 530/593/480 297/594/480
f 578/595/481 577/596/481 115/597/481
f 114/598/482 1071/599/482 578/595/482
f 574/590/483 547/600/483 1071/599/483
f 1071/599/484 102/601/484 577/596/484
f 580/602/485 579/603/485 116/604/485
f 115/597/486 1072/605/486 580/602/486
f 577/596/487 548/606/487 1072/605/487
f 1072/605/488 96/607/488 579/603/488
f 582/608/489 581/609/489 117/610/489
f 116/604/490 1073/611/490 582/608/490
f 579/603/491 534/612/491 1073/611/491
f 1073/611/492 47/613/492 581/609/492
f 118/614/493 1074/615/493 583/616/493
f 117/610/494 1074/615/494 584/617/494
f 581/609/495 422/618/495 1074/615/495
f 583/616/496 422/618/496 55/619/496
f 125/620/497 1075/621/497 593/622/497
f 586/623/498 583/616/498 1075/621/498
f 1075/621/499 55/619/499 443/624/499
f 593/622/500 443/624/500 124/625/500
f 602/29/501 421/183/501 122/30/501
f 126/33/502 1076/626/502 602/29/502
f 341/32/503 447/627/503 1076/626/503
f 1076/626/504 33/101/504 421/183/504
f 120/429/505 1077/628/505 521/427/505
f 590/629/506 585/630/506 1077/628/506
f 1077/628/507 36/631/507 375/632/507
f 521/427/508 375/632/508 42/430/508
f 54/16/509 1078/633/509 445/304/509
f 599/25/510 600/182/510 1078/633/510
f 1078/633/511 121/187/511 441/634/511
f 445/304/512 441/634/512 53/196/512
f 140/635/513 1079/636/513 638/637/513
f 123/638/514 1079/636/514 595/639/514
f 596/640/515 636/641/515 1079/636/515
f 638/637/516 636/641/516 311/642/516
f 141/643/517 1080/644/517 641/645/517
f 640/646/518 518/647/518 1080/644/518
f 1080/644/519 296/648/519 639/649/519
f 641/645/520 639/649/520 313/650/520
f 119/651/521 1081/652/521 585/630/521
f 594/653/522 593/622/522 1081/652/522
f 1081/652/523 124/625/523 588/654/523
f 585/630/524 588/654/524 36/631/524
f 591/230/525 441/634/525 121/187/525
f 124/655/526 1082/656/526 591/230/526
f 443/657/527 444/194/527 1082/656/527
f 1082/656/528 53/196/528 441/634/528
f 423/134/529 427/192/529 21/111/529
f 3/119/530 1083/658/530 423/134/530
f 428/149/531 320/352/531 1083/658/531
f 1083/658/532 1/193/532 427/192/532
f 142/659/533 1084/660/533 646/661/533
f 120/429/534 1084/660/534 645/662/534
f 589/428/535 644/663/535 1084/660/535
f 1084/660/536 315/664/536 646/661/536
f 607/665/537 608/666/537 128/667/537
f 127/668/538 1085/669/538 607/665/538
f 605/670/539 606/671/539 1085/669/539
f 1085/669/540 302/672/540 608/666/540
f 374/673/541 596/640/541 123/638/541
f 128/667/542 1086/674/542 374/673/542
f 608/666/543 361/675/543 1086/674/543
f 1086/674/544 300/676/544 596/640/544
f 374/673/545 609/677/545 128/667/545
f 123/638/546 1087/678/546 374/673/546
f 598/679/547 584/617/547 1087/678/547
f 1087/678/548 118/614/548 609/677/548
f 607/665/549 610/680/549 127/668/549
f 128/667/550 1088/681/550 607/665/550
f 609/677/551 586/623/551 1088/681/551
f 610/680/552 586/623/552 125/620/552
f 648/682/553 649/683/553 143/684/553
f 142/659/554 1089/685/554 648/682/554
f 646/661/555 647/686/555 1089/685/555
f 1089/685/556 317/687/556 649/683/556
f 613/307/557 614/241/557 129/240/557
f 10/236/558 1090/688/558 613/307/558
f 329/36/559 373/214/559 1090/688/559
f 1090/688/560 26/140/560 614/241/560
f 616/689/561 558/559/561 105/557/561
f 616/689/562 617/582/562 1091/690/562
f 1091/690/563 112/586/563 562/691/563
f 1091/690/564 109/692/564 558/559/564
f 619/563/565 559/693/565 110/564/565
f 138/569/566 1092/694/566 619/563/566
f 618/695/567 555/535/567 1092/694/567
f 1092/694/568 107/696/568 559/693/568
f 34/547/569 1093/697/569 620/550/569
f 629/698/570 448/699/570 1093/697/570
f 448/699/571 628/700/571 1093/697/571
f 1093/697/572 51/546/572 620/550/572
f 79/541/573 1094/701/573 630/702/573
f 621/540/574 628/700/574 1094/701/574
f 1094/701/575 133/703/575 490/704/575
f 630/702/576 490/704/576 134/538/576
f 622/539/577 631/705/577 108/542/577
f 622/539/578 630/702/578 1095/706/578
f 1095/706/579 134/538/579 568/537/579
f 1095/706/580 135/536/580 631/705/580
f 136/553/581 1096/707/581 623/549/581
f 632/708/582 570/554/582 1096/707/582
f 1096/707/583 132/556/583 629/698/583
f 623/549/584 629/698/584 34/547/584
f 113/577/585 1097/709/585 633/710/585
f 624/573/586 634/711/586 1097/709/586
f 1097/709/587 138/569/587 571/568/587
f 633/710/588 571/568/588 137/567/588
f 633/710/589 625/578/589 113/577/589
f 137/567/590 1098/712/590 633/710/590
f 615/583/591 635/713/591 1098/712/591
f 1098/712/592 130/579/592 625/578/592
f 626/576/593 632/708/593 136/553/593
f 130/579/594 1099/714/594 626/576/594
f 1099/714/595 139/580/595 616/689/595
f 1099/714/596 105/557/596 632/708/596
f 627/570/597 634/711/597 131/571/597
f 108/542/598 1100/715/598 627/570/598
f 631/705/599 618/695/599 1100/715/599
f 1100/715/600 138/569/600 634/711/600
f 90/716/601 1101/717/601 518/647/601
f 637/718/602 638/637/602 1101/717/602
f 1101/717/603 311/642/603 520/719/603
f 518/647/604 520/719/604 296/648/604
f 114/598/605 1102/720/605 576/591/605
f 141/643/606 1102/720/606 597/721/606
f 1102/720/607 313/650/607 575/722/607
f 576/591/608 575/722/608 298/592/608
f 90/716/609 1103/723/609 642/724/609
f 640/646/610 597/721/610 1103/723/610
f 597/721/611 578/595/611 1103/723/611
f 642/724/612 578/595/612 115/597/612
f 642/724/613 637/718/613 90/716/613
f 115/597/614 1104/725/614 642/724/614
f 580/602/615 643/726/615 1104/725/615
f 1104/725/616 140/635/616 637/718/616
f 643/726/617 595/639/617 140/635/617
f 116/604/618 1105/727/618 643/726/618
f 1105/727/619 117/610/619 598/679/619
f 595/639/620 598/679/620 123/638/620
f 604/728/621 605/670/621 127/668/621
f 143/684/622 1106/729/622 604/728/622
f 649/683/623 603/730/623 1106/729/623
f 1106/729/624 301/731/624 605/670/624
f 143/684/625 1107/732/625 650/733/625
f 127/668/626 1107/732/626 604/728/626
f 1107/732/627 125/620/627 594/653/627
f 650/733/628 594/653/628 119/651/628
f 142/659/629 1108/734/629 645/662/629
f 648/682/630 650/733/630 1108/734/630
f 1108/734/631 119/651/631 590/629/631
f 645/662/632 590/629/632 120/429/632
f 749/735/633 655/736/633 148/737/633
f 147/738/634 1109/739/634 749/735/634
f 743/740/635 748/741/635 1109/739/635
f 1109/739/636 150/742/636 655/736/636
f 670/743/637 763/744/637 152/745/637
f 161/746/638 1110/747/638 670/743/638
f 1110/747/639 189/748/639 759/749/639
f 1110/747/640 197/750/640 763/744/640
f 715/751/641 804/752/641 219/753/641
f 199/754/642 1111/755/642 715/751/642
f 722/756/643 714/757/643 1111/755/643
f 1111/755/644 218/758/644 804/752/644
f 265/759/645 1112/760/645 905/761/645
f 908/762/646 907/763/646 1112/760/646
f 1112/760/647 152/745/647 763/744/647
f 905/761/648 763/744/648 197/750/648
f 660/764/649 661/765/649 153/766/649
f 154/767/650 1113/768/650 660/764/650
f 915/769/651 669/770/651 1113/768/651
f 1113/768/652 175/771/652 661/765/652
f 276/44/653 1114/772/653 662/773/653
f 331/43/654 705/774/654 1114/772/654
f 1114/772/655 155/775/655 704/776/655
f 662/773/656 704/776/656 156/777/656
f 687/778/657 803/779/657 216/780/657
f 171/781/658 1115/782/658 687/778/658
f 769/783/659 686/784/659 1115/782/659
f 1115/782/660 215/785/660 803/779/660
f 732/786/661 665/787/661 186/788/661
f 289/58/662 1116/789/662 732/786/662
f 1116/789/663 284/55/663 772/790/663
f 665/787/664 772/790/664 158/791/664
f 733/792/665 663/793/665 157/794/665
f 188/795/666 1117/796/666 733/792/666
f 730/797/667 665/787/667 1117/796/667
f 663/793/668 665/787/668 158/791/668
f 731/798/669 339/70/669 288/76/669
f 187/799/670 1118/800/670 731/798/670
f 667/801/671 668/802/671 1118/800/671
f 339/70/672 668/802/672 279/71/672
f 345/80/673 672/803/673 280/168/673
f 279/71/674 1119/804/674 345/80/674
f 668/802/675 671/805/675 1119/804/675
f 1119/804/676 162/806/676 672/803/676
f 151/807/677 1120/808/677 658/809/677
f 659/810/678 327/83/678 1120/808/678
f 327/83/679 662/773/679 1120/808/679
f 658/809/680 662/773/680 156/777/680
f 163/811/681 1121/812/681 657/813/681
f 674/814/682 346/93/682 1121/812/682
f 1121/812/683 282/91/683 673/815/683
f 657/813/684 673/815/684 148/737/684
f 275/99/685 1122/816/685 494/96/685
f 674/814/686 695/817/686 1122/816/686
f 1122/816/687 158/791/687 772/790/687
f 494/96/688 772/790/688 284/55/688
f 658/809/689 706/818/689 151/807/689
f 156/777/690 1123/819/690 658/809/690
f 1123/819/691 175/771/691 764/820/691
f 1123/819/692 176/821/692 706/818/692
f 773/822/693 755/823/693 195/824/693
f 773/822/694 683/825/694 1124/826/694
f 683/825/695 766/827/695 1124/826/695
f 1124/826/696 193/828/696 755/823/696
f 283/116/697 1125/829/697 353/117/697
f 677/830/698 678/831/698 1125/829/698
f 1125/829/699 147/738/699 675/832/699
f 353/117/700 675/832/700 290/118/700
f 685/833/701 742/834/701 173/835/701
f 174/836/702 1126/837/702 685/833/702
f 684/838/703 679/839/703 1126/837/703
f 1126/837/704 146/840/704 742/834/704
f 678/831/705 743/740/705 147/738/705
f 167/841/706 1127/842/706 678/831/706
f 676/843/707 680/844/707 1127/842/707
f 1127/842/708 149/845/708 743/740/708
f 164/846/709 1128/847/709 683/825/709
f 146/840/710 1128/847/710 741/848/710
f 679/839/711 681/849/711 1128/847/711
f 1128/847/712 165/850/712 683/825/712
f 671/805/713 702/851/713 162/806/713
f 160/852/714 1129/853/714 671/805/714
f 699/854/715 682/855/715 1129/853/715
f 1129/853/716 169/856/716 702/851/716
f 769/783/717 666/857/717 157/794/717
f 769/783/718 771/858/718 1130/859/718
f 771/858/719 699/854/719 1130/859/719
f 666/857/720 699/854/720 160/852/720
f 748/741/721 703/860/721 150/742/721
f 149/845/722 1131/861/722 748/741/722
f 744/862/723 747/863/723 1131/861/723
f 1131/861/724 172/864/724 703/860/724
f 747/863/725 653/865/725 172/864/725
f 173/835/726 1132/866/726 747/863/726
f 742/834/727 746/867/727 1132/866/727
f 1132/866/728 145/868/728 653/865/728
f 168/869/729 1133/870/729 680/844/729
f 701/871/730 685/833/730 1133/870/730
f 1133/870/731 173/835/731 744/862/731
f 680/844/732 744/862/732 149/845/732
f 765/872/733 688/873/733 303/874/733
f 304/875/734 1134/876/734 765/872/734
f 754/877/735 766/827/735 1134/876/735
f 688/873/736 766/827/736 165/850/736
f 690/878/737 689/879/737 178/880/737
f 223/881/738 1135/882/738 690/878/738
f 808/883/739 681/849/739 1135/882/739
f 1135/882/740 166/884/740 689/879/740
f 692/885/741 712/886/741 184/887/741
f 692/885/742 391/170/742 1136/888/742
f 1136/888/743 280/168/743 672/803/743
f 712/886/744 672/803/744 162/806/744
f 691/889/745 709/890/745 185/891/745
f 286/176/746 1137/892/746 691/889/746
f 368/173/747 711/893/747 1137/892/747
f 1137/892/748 180/894/748 709/890/748
f 265/759/749 1138/895/749 739/896/749
f 906/897/750 898/898/750 1138/895/750
f 1138/895/751 181/899/751 738/900/751
f 739/896/752 738/900/752 176/821/752
f 192/901/753 1139/902/753 756/903/753
f 767/904/754 745/905/754 1139/902/754
f 1139/902/755 164/846/755 773/822/755
f 756/903/756 773/822/756 195/824/756
f 740/906/757 735/907/757 190/908/757
f 198/909/758 1140/910/758 740/906/758
f 761/911/759 736/912/759 1140/910/759
f 735/907/760 736/912/760 191/913/760
f 698/914/761 710/915/761 179/916/761
f 185/891/762 1141/917/762 698/914/762
f 709/890/763 757/918/763 1141/917/763
f 1141/917/764 181/899/764 710/915/764
f 756/903/765 750/919/765 192/901/765
f 195/824/766 1142/920/766 756/903/766
f 753/921/767 737/922/767 1142/920/767
f 1142/920/768 161/746/768 750/919/768
f 706/818/769 707/923/769 151/807/769
f 176/821/770 1143/924/770 706/818/770
f 738/900/771 757/918/771 1143/924/771
f 1143/924/772 180/894/772 707/923/772
f 915/769/773 916/925/773 269/926/773
f 154/767/774 1144/927/774 915/769/774
f 696/928/775 682/855/775 1144/927/775
f 1144/927/776 170/929/776 916/925/776
f 770/930/777 771/858/777 171/781/777
f 152/745/778 1145/931/778 770/930/778
f 907/763/779 916/925/779 1145/931/779
f 1145/931/780 170/929/780 771/858/780
f 191/913/781 1146/932/781 751/933/781
f 189/748/782 1146/932/782 734/934/782
f 753/921/783 755/823/783 1146/932/783
f 751/933/784 755/823/784 193/828/784
f 711/893/785 707/923/785 180/894/785
f 285/175/786 1147/935/786 711/893/786
f 1147/935/787 281/219/787 659/810/787
f 1147/935/788 151/807/788 707/923/788
f 752/936/789 806/937/789 305/938/789
f 752/936/790 805/939/790 1148/940/790
f 1148/940/791 190/908/791 735/907/791
f 1148/940/792 191/913/792 806/937/792
f 264/941/793 1149/942/793 898/898/793
f 897/943/794 894/944/794 1149/942/794
f 1149/942/795 179/916/795 710/915/795
f 898/898/796 710/915/796 181/899/796
f 705/774/797 693/945/797 155/775/797
f 705/774/798 386/233/798 1150/946/798
f 1150/946/799 287/231/799 692/885/799
f 693/945/800 692/885/800 184/887/800
f 156/777/801 1151/947/801 708/948/801
f 704/776/802 694/949/802 1151/947/802
f 1151/947/803 153/766/803 661/765/803
f 708/948/804 661/765/804 175/771/804
f 272/950/805 1152/951/805 918/952/805
f 184/887/806 1152/951/806 726/953/806
f 712/886/807 702/851/807 1152/951/807
f 918/952/808 702/851/808 169/856/808
f 200/954/809 1153/955/809 786/956/809
f 716/957/810 715/751/810 1153/955/810
f 1153/955/811 219/753/811 802/958/811
f 786/956/812 802/958/812 212/959/812
f 801/960/813 794/961/813 220/962/813
f 216/780/814 1154/963/814 801/960/814
f 790/964/815 717/965/815 1154/963/815
f 1154/963/816 201/966/816 794/961/816
f 800/967/817 788/968/817 214/969/817
f 213/970/818 1155/971/818 800/967/818
f 1155/971/819 204/972/819 718/973/819
f 1155/971/820 203/974/820 788/968/820
f 215/785/821 1156/975/821 789/976/821
f 214/969/822 1156/975/822 799/977/822
f 788/968/823 719/978/823 1156/975/823
f 1156/975/824 205/979/824 789/976/824
f 713/980/825 798/981/825 217/982/825
f 182/983/826 1157/984/826 713/980/826
f 721/985/827 787/986/827 1157/984/827
f 1157/984/828 213/970/828 798/981/828
f 211/987/829 1158/988/829 785/989/829
f 220/962/830 1158/988/830 797/990/830
f 794/961/831 723/991/831 1158/988/831
f 1158/988/832 206/992/832 785/989/832
f 714/757/833 796/993/833 218/758/833
f 183/994/834 1159/995/834 714/757/834
f 724/996/835 713/980/835 1159/995/835
f 1159/995/836 217/982/836 796/993/836
f 206/992/837 1160/997/837 785/989/837
f 725/998/838 786/956/838 1160/997/838
f 1160/997/839 212/959/839 795/999/839
f 785/989/840 795/999/840 211/987/840
f 729/1000/841 667/801/841 187/799/841
f 188/795/842 1161/1001/842 729/1000/842
f 733/792/843 666/857/843 1161/1001/843
f 1161/1001/844 160/852/844 667/801/844
f 159/1002/845 1162/1003/845 728/1004/845
f 727/1005/846 730/797/846 1162/1003/846
f 1162/1003/847 188/795/847 729/1000/847
f 1162/1003/848 187/799/848 728/1004/848
f 664/1006/849 408/295/849 278/297/849
f 159/1002/850 1163/1007/850 664/1006/850
f 728/1004/851 731/798/851 1163/1007/851
f 1163/1007/852 288/76/852 408/295/852
f 664/1006/853 727/1005/853 159/1002/853
f 278/297/854 1164/1008/854 664/1006/854
f 335/300/855 732/786/855 1164/1008/855
f 1164/1008/856 186/788/856 727/1005/856
f 148/737/857 1165/1009/857 749/735/857
f 282/91/858 1165/1009/858 673/815/858
f 1165/1009/859 290/118/859 675/832/859
f 749/735/860 675/832/860 147/738/860
f 189/748/861 1166/1010/861 759/749/861
f 734/934/862 736/912/862 1166/1010/862
f 1166/1010/863 196/1011/863 762/1012/863
f 759/749/864 762/1012/864 197/750/864
f 272/950/865 1167/1013/865 726/953/865
f 917/1014/866 694/949/866 1167/1013/866
f 1167/1013/867 155/775/867 693/945/867
f 726/953/868 693/945/868 184/887/868
f 774/1015/869 775/1016/869 207/1017/869
f 200/1018/870 1168/1019/870 774/1015/870
f 725/1020/871 723/1021/871 1168/1019/871
f 1168/1019/872 201/1022/872 775/1016/872
f 718/1023/873 776/1024/873 203/1025/873
f 204/1026/874 1169/1027/874 718/1023/874
f 721/1028/875 777/1029/875 1169/1027/875
f 1169/1027/876 208/1030/876 776/1024/876
f 199/1031/877 1170/1032/877 781/1033/877
f 716/1034/878 774/1015/878 1170/1032/878
f 1170/1032/879 207/1017/879 779/1035/879
f 781/1033/880 779/1035/880 209/1036/880
f 183/1037/881 1171/1038/881 782/1039/881
f 722/1040/882 781/1033/882 1171/1038/882
f 1171/1038/883 209/1036/883 780/1041/883
f 782/1039/884 780/1041/884 210/1042/884
f 777/1029/885 778/1043/885 208/1030/885
f 182/1044/886 1172/1045/886 777/1029/886
f 724/1046/887 782/1039/887 1172/1045/887
f 1172/1045/888 210/1042/888 778/1043/888
f 205/1047/889 1173/1048/889 783/1049/889
f 719/1050/890 776/1024/890 1173/1048/890
f 1173/1048/891 208/1030/891 778/1043/891
f 783/1049/892 778/1043/892 210/1042/892
f 202/1051/893 1174/1052/893 784/1053/893
f 720/1054/894 783/1049/894 1174/1052/894
f 1174/1052/895 210/1042/895 780/1041/895
f 784/1053/896 780/1041/896 209/1036/896
f 207/1017/897 1175/1055/897 779/1035/897
f 775/1016/898 717/1056/898 1175/1055/898
f 1175/1055/899 202/1051/899 784/1053/899
f 1175/1055/900 209/1036/900 779/1035/900
f 211/987/901 1176/1057/901 651/1058/901
f 795/999/902 654/1059/902 1176/1057/902
f 1176/1057/903 145/868/903 652/1060/903
f 651/1058/904 652/1060/904 144/1061/904
f 792/1062/905 655/736/905 150/742/905
f 218/758/906 1177/1063/906 792/1062/906
f 796/993/907 791/1064/907 1177/1063/907
f 1177/1063/908 148/737/908 655/736/908
f 768/1065/909 767/904/909 192/901/909
f 768/1065/910 797/990/910 1178/1066/910
f 797/990/911 651/1058/911 1178/1066/911
f 1178/1066/912 144/1061/912 767/904/912
f 791/1064/913 657/813/913 148/737/913
f 217/982/914 1179/1067/914 791/1064/914
f 798/981/915 656/1068/915 1179/1067/915
f 1179/1067/916 163/811/916 657/813/916
f 700/1069/917 663/793/917 158/791/917
f 214/969/918 1180/1070/918 700/1069/918
f 799/977/919 686/784/919 1180/1070/919
f 663/793/920 686/784/920 157/794/920
f 163/811/921 1181/1071/921 695/817/921
f 656/1068/922 800/967/922 1181/1071/922
f 1181/1071/923 214/969/923 700/1069/923
f 695/817/924 700/1069/924 158/791/924
f 212/959/925 1182/1072/925 654/1059/925
f 802/958/926 793/1073/926 1182/1072/926
f 1182/1072/927 172/864/927 653/865/927
f 654/1059/928 653/865/928 145/868/928
f 790/964/929 720/1074/929 202/1075/929
f 216/780/930 1183/1076/930 790/964/930
f 803/779/931 789/976/931 1183/1076/931
f 1183/1076/932 205/979/932 720/1074/932
f 793/1073/933 703/860/933 172/864/933
f 219/753/934 1184/1077/934 793/1073/934
f 804/752/935 792/1062/935 1184/1077/935
f 1184/1077/936 150/742/936 703/860/936
f 305/938/937 1185/1078/937 807/1079/937
f 806/937/938 751/933/938 1185/1078/938
f 1185/1078/939 193/828/939 754/877/939
f 807/1079/940 754/877/940 304/875/940
f 303/874/941 1186/1080/941 809/1081/941
f 165/850/942 1186/1080/942 688/873/942
f 808/883/943 810/1082/943 1186/1080/943
f 809/1081/944 810/1082/944 224/1083/944
f 670/743/945 812/1084/945 161/746/945
f 152/745/946 1187/1085/946 670/743/946
f 770/930/947 811/1086/947 1187/1085/947
f 1187/1085/948 225/1087/948 812/1084/948
f 768/1065/949 813/1088/949 220/962/949
f 192/901/950 1188/1089/950 768/1065/950
f 1188/1089/951 161/746/951 812/1084/951
f 813/1088/952 812/1084/952 225/1087/952
f 216/780/953 1189/1090/953 687/778/953
f 801/960/954 813/1088/954 1189/1090/954
f 1189/1090/955 225/1087/955 811/1086/955
f 687/778/956 811/1086/956 171/781/956
f 226/1091/957 1190/1092/957 814/1093/957
f 815/1094/958 689/879/958 1190/1092/958
f 1190/1092/959 166/884/959 684/838/959
f 814/1093/960 684/838/960 174/836/960
f 227/1095/961 1191/1096/961 816/1097/961
f 817/1098/962 814/1093/962 1191/1096/962
f 1191/1096/963 174/836/963 701/871/963
f 816/1097/964 701/871/964 168/869/964
f 228/1099/965 1192/1100/965 818/1101/965
f 819/1102/966 816/1097/966 1192/1100/966
f 1192/1100/967 168/869/967 676/843/967
f 818/1101/968 676/843/968 167/841/968
f 291/399/969 1193/1103/969 504/400/969
f 820/1104/970 818/1101/970 1193/1103/970
f 1193/1103/971 167/841/971 677/830/971
f 504/400/972 677/830/972 283/116/972
f 292/406/973 1194/1105/973 508/407/973
f 821/1106/974 822/1107/974 1194/1105/974
f 1194/1105/975 228/1108/975 820/1109/975
f 508/407/976 820/1109/976 291/408/976
f 293/413/977 1195/1110/977 511/414/977
f 230/1111/978 1195/1110/978 823/1112/978
f 824/1113/979 821/1106/979 1195/1110/979
f 511/414/980 821/1106/980 292/406/980
f 294/419/981 1196/1114/981 514/420/981
f 825/1115/982 826/1116/982 1196/1114/982
f 1196/1114/983 230/1111/983 823/1112/983
f 514/420/984 823/1112/984 293/413/984
f 295/425/985 1197/1117/985 517/426/985
f 827/1118/986 828/1119/986 1197/1117/986
f 1197/1117/987 231/1120/987 825/1115/987
f 517/426/988 825/1115/988 294/419/988
f 691/1121/989 587/433/989 286/1122/989
f 185/1123/990 1198/1124/990 691/1121/990
f 830/1125/991 895/1126/991 1198/1124/991
f 1198/1124/992 299/434/992 587/433/992
f 227/1127/993 1199/1128/993 831/1129/993
f 819/1130/994 822/1107/994 1199/1128/994
f 1199/1128/995 229/1131/995 832/1132/995
f 831/1129/996 832/1132/996 234/1133/996
f 235/1134/997 1200/1135/997 833/1136/997
f 834/1137/998 832/1132/998 1200/1135/998
f 1200/1135/999 229/1131/999 824/1113/999
f 833/1136/1000 824/1113/1000 230/1111/1000
f 836/1138/1001 835/1139/1001 236/1140/1001
f 836/1138/1002 833/1136/1002 1201/1141/1002
f 1201/1141/1003 230/1111/1003 826/1116/1003
f 1201/1141/1004 231/1120/1004 835/1139/1004
f 838/1142/1005 837/1143/1005 237/1144/1005
f 236/1140/1006 1202/1145/1006 838/1142/1006
f 835/1139/1007 828/1119/1007 1202/1145/1007
f 1202/1145/1008 232/1146/1008 837/1143/1008
f 297/456/1009 1203/1147/1009 519/457/1009
f 840/1148/1010 839/1149/1010 1203/1147/1010
f 1203/1147/1011 232/1146/1011 827/1118/1011
f 519/457/1012 827/1118/1012 295/425/1012
f 841/1150/1013 843/1151/1013 240/1152/1013
f 239/1153/1014 1204/1154/1014 841/1150/1014
f 842/1155/1015 805/1156/1015 1204/1154/1015
f 1204/1154/1016 221/1157/1016 843/1151/1016
f 242/1158/1017 1205/1159/1017 846/1160/1017
f 844/1161/1018 845/1162/1018 1205/1159/1018
f 1205/1159/1019 239/1153/1019 841/1150/1019
f 1205/1159/1020 240/1152/1020 846/1160/1020
f 244/1163/1021 1206/1164/1021 849/1165/1021
f 847/1166/1022 848/1167/1022 1206/1164/1022
f 1206/1164/1023 241/1168/1023 844/1161/1023
f 849/1165/1024 844/1161/1024 242/1158/1024
f 847/1166/1025 851/1169/1025 243/1170/1025
f 847/1166/1026 850/1171/1026 1207/1172/1026
f 850/1171/1027 810/1173/1027 1207/1172/1027
f 1207/1172/1028 223/1174/1028 851/1169/1028
f 838/1142/1029 853/1175/1029 236/1140/1029
f 237/1144/1030 1208/1176/1030 838/1142/1030
f 852/1177/1031 848/1167/1031 1208/1176/1031
f 1208/1176/1032 243/1170/1032 853/1175/1032
f 237/1144/1033 1209/1178/1033 854/1179/1033
f 837/1143/1034 839/1149/1034 1209/1178/1034
f 1209/1178/1035 238/1180/1035 855/1181/1035
f 854/1179/1036 855/1181/1036 245/1182/1036
f 845/1162/1037 856/1183/1037 239/1153/1037
f 241/1168/1038 1210/1184/1038 845/1162/1038
f 852/1177/1039 854/1179/1039 1210/1184/1039
f 1210/1184/1040 245/1182/1040 856/1183/1040
f 226/1185/1041 1211/1186/1041 857/1187/1041
f 817/1188/1042 831/1129/1042 1211/1186/1042
f 831/1129/1043 858/1189/1043 1211/1186/1043
f 1211/1186/1044 246/1190/1044 857/1187/1044
f 247/1191/1045 1212/1192/1045 859/1193/1045
f 246/1190/1046 1212/1192/1046 860/1194/1046
f 1212/1192/1047 234/1133/1047 834/1137/1047
f 859/1193/1048 834/1137/1048 235/1134/1048
f 857/1187/1049 815/1195/1049 226/1185/1049
f 246/1190/1050 1213/1196/1050 857/1187/1050
f 860/1194/1051 861/1197/1051 1213/1196/1051
f 1213/1196/1052 178/1198/1052 815/1195/1052
f 851/1169/1053 862/1199/1053 243/1170/1053
f 223/1174/1054 1214/1200/1054 851/1169/1054
f 1214/1200/1055 178/1198/1055 861/1197/1055
f 1214/1200/1056 247/1191/1056 862/1199/1056
f 836/1138/1057 859/1193/1057 235/1134/1057
f 236/1140/1058 1215/1201/1058 836/1138/1058
f 853/1175/1059 862/1199/1059 1215/1201/1059
f 1215/1201/1060 247/1191/1060 859/1193/1060
f 870/1202/1061 872/1203/1061 255/1204/1061
f 252/1205/1062 1216/1206/1062 870/1202/1062
f 871/1207/1063 850/1171/1063 1216/1206/1063
f 872/1203/1064 850/1171/1064 244/1163/1064
f 254/1208/1065 1217/1209/1065 873/1210/1065
f 869/1211/1066 872/1203/1066 1217/1209/1066
f 1217/1209/1067 244/1163/1067 849/1165/1067
f 873/1210/1068 849/1165/1068 242/1158/1068
f 253/1212/1069 1218/1213/1069 874/1214/1069
f 868/1215/1070 873/1210/1070 1218/1213/1070
f 1218/1213/1071 242/1158/1071 846/1160/1071
f 874/1214/1072 846/1160/1072 240/1152/1072
f 250/1216/1073 1219/1217/1073 875/1218/1073
f 867/1219/1074 874/1214/1074 1219/1217/1074
f 1219/1217/1075 240/1152/1075 843/1151/1075
f 875/1218/1076 843/1151/1076 221/1157/1076
f 306/1220/1077 1220/1221/1077 876/1222/1077
f 863/1223/1078 875/1224/1078 1220/1221/1078
f 1220/1221/1079 221/1225/1079 752/1226/1079
f 876/1222/1080 752/1226/1080 305/1227/1080
f 865/1228/1081 877/1229/1081 249/1230/1081
f 251/1231/1082 1221/1232/1082 865/1228/1082
f 926/1233/1083 925/1234/1083 1221/1232/1083
f 1221/1232/1084 194/1235/1084 877/1229/1084
f 864/1236/1085 927/1237/1085 307/1238/1085
f 249/1230/1086 1222/1239/1086 864/1236/1086
f 877/1229/1087 924/1240/1087 1222/1239/1087
f 1222/1239/1088 177/1241/1088 927/1237/1088
f 224/1242/1089 1223/1243/1089 809/1244/1089
f 871/1245/1090 866/1246/1090 1223/1243/1090
f 1223/1243/1091 248/1247/1091 878/1248/1091
f 809/1244/1092 878/1248/1092 303/1249/1092
f 308/1250/1093 1224/1251/1093 879/1252/1093
f 254/1253/1094 1224/1251/1094 880/1254/1094
f 868/1255/1095 923/1256/1095 1224/1251/1095
f 879/1252/1096 923/1256/1096 309/1257/1096
f 928/1258/1097 881/1259/1097 256/1260/1097
f 274/1261/1098 1225/1262/1098 928/1258/1098
f 931/1263/1099 865/1228/1099 1225/1262/1099
f 1225/1262/1100 249/1230/1100 881/1259/1100
f 256/1260/1101 1226/1264/1101 929/1265/1101
f 881/1259/1102 864/1236/1102 1226/1264/1102
f 1226/1264/1103 307/1238/1103 930/1266/1103
f 1226/1264/1104 273/1267/1104 929/1265/1104
f 869/1268/1105 921/1269/1105 255/1270/1105
f 869/1268/1106 880/1254/1106 1227/1271/1106
f 880/1254/1107 919/1272/1107 1227/1271/1107
f 1227/1271/1108 310/1273/1108 921/1269/1108
f 298/592/1109 1228/1274/1109 530/593/1109
f 883/1275/1110 882/1276/1110 1228/1274/1110
f 1228/1274/1111 238/1277/1111 840/1278/1111
f 530/593/1112 840/1278/1112 297/594/1112
f 245/1279/1113 1229/1280/1113 884/1281/1113
f 855/1282/1114 882/1276/1114 1229/1280/1114
f 1229/1280/1115 257/1283/1115 885/1284/1115
f 884/1281/1116 885/1284/1116 258/1285/1116
f 239/1286/1117 1230/1287/1117 886/1288/1117
f 856/1289/1118 884/1281/1118 1230/1287/1118
f 1230/1287/1119 258/1285/1119 887/1290/1119
f 886/1288/1120 887/1290/1120 259/1291/1120
f 190/1292/1121 1231/1293/1121 888/1294/1121
f 842/1295/1122 886/1288/1122 1231/1293/1122
f 1231/1293/1123 259/1291/1123 889/1296/1123
f 888/1294/1124 889/1296/1124 260/1297/1124
f 740/1298/1125 890/1299/1125 198/1300/1125
f 740/1298/1126 888/1294/1126 1232/1301/1126
f 1232/1301/1127 260/1297/1127 891/1302/1127
f 1232/1301/1128 261/1303/1128 890/1299/1128
f 268/1304/1129 1233/1305/1129 893/1306/1129
f 899/1307/1130 760/1308/1130 1233/1305/1130
f 1233/1305/1131 198/1300/1131 890/1299/1131
f 893/1306/1132 890/1299/1132 261/1303/1132
f 669/770/1133 764/820/1133 175/771/1133
f 269/926/1134 1234/1309/1134 669/770/1134
f 908/762/1135 739/896/1135 1234/1309/1135
f 1234/1309/1136 176/821/1136 764/820/1136
f 698/1310/1137 830/1125/1137 185/1123/1137
f 179/1311/1138 1235/1312/1138 698/1310/1138
f 892/1313/1139 896/1314/1139 1235/1312/1139
f 1235/1312/1140 263/1315/1140 830/1125/1140
f 197/750/1141 1236/1316/1141 905/761/1141
f 762/1012/1142 758/1317/1142 1236/1316/1142
f 1236/1316/1143 264/941/1143 906/897/1143
f 905/761/1144 906/897/1144 265/759/1144
f 902/1318/1145 636/641/1145 300/676/1145
f 266/1319/1146 1237/1320/1146 902/1318/1146
f 1237/1320/1147 312/1321/1147 941/1322/1147
f 636/641/1148 941/1322/1148 311/642/1148
f 296/648/1149 1238/1323/1149 639/649/1149
f 829/1324/1150 942/1325/1150 1238/1323/1150
f 1238/1323/1151 314/1326/1151 943/1327/1151
f 639/649/1152 943/1327/1152 313/650/1152
f 894/1328/1153 892/1313/1153 179/1311/1153
f 267/1329/1154 1239/1330/1154 894/1328/1154
f 899/1307/1155 900/1331/1155 1239/1330/1155
f 1239/1330/1156 262/1332/1156 892/1313/1156
f 196/1011/1157 1240/1333/1157 758/1317/1157
f 761/911/1158 760/1334/1158 1240/1333/1158
f 1240/1333/1159 267/1335/1159 897/943/1159
f 758/1317/1160 897/943/1160 264/941/1160
f 746/867/1161 652/1060/1161 145/868/1161
f 146/840/1162 1241/1336/1162 746/867/1162
f 741/848/1163 745/905/1163 1241/1336/1163
f 1241/1336/1164 144/1061/1164 652/1060/1164
f 895/1126/1165 644/663/1165 299/434/1165
f 263/1315/1166 1242/1337/1166 895/1126/1166
f 1242/1337/1167 316/1338/1167 947/1339/1167
f 1242/1337/1168 315/664/1168 644/663/1168
f 910/1340/1169 606/671/1169 301/731/1169
f 270/1341/1170 1243/1342/1170 910/1340/1170
f 911/1343/1171 912/1344/1171 1243/1342/1171
f 1243/1342/1172 302/672/1172 606/671/1172
f 912/1344/1173 361/675/1173 302/672/1173
f 271/1345/1174 1244/1346/1174 912/1344/1174
f 697/1347/1175 902/1318/1175 1244/1346/1175
f 1244/1346/1176 300/676/1176 361/675/1176
f 261/1303/1177 1245/1348/1177 913/1349/1177
f 891/1302/1178 904/1350/1178 1245/1348/1178
f 1245/1348/1179 266/1319/1179 697/1347/1179
f 913/1349/1180 697/1347/1180 271/1345/1180
f 893/1306/1181 914/1351/1181 268/1304/1181
f 893/1306/1182 913/1349/1182 1246/1352/1182
f 1246/1352/1183 271/1345/1183 911/1343/1183
f 914/1351/1184 911/1343/1184 270/1341/1184
f 947/1339/1185 647/686/1185 315/664/1185
f 316/1338/1186 1247/1353/1186 947/1339/1186
f 948/1354/1187 949/1355/1187 1247/1353/1187
f 1247/1353/1188 317/687/1188 647/686/1188
f 660/764/1189 696/928/1189 154/767/1189
f 153/766/1190 1248/1356/1190 660/764/1190
f 917/1014/1191 918/952/1191 1248/1356/1191
f 1248/1356/1192 169/856/1192 696/928/1192
f 252/1357/1193 1249/1358/1193 866/1246/1193
f 255/1270/1194 1249/1358/1194 870/1359/1194
f 921/1269/1195 920/1360/1195 1249/1358/1195
f 866/1246/1196 920/1360/1196 248/1247/1196
f 250/1361/1197 1250/1362/1197 867/1363/1197
f 863/1223/1198 922/1364/1198 1250/1362/1198
f 1250/1362/1199 309/1257/1199 923/1256/1199
f 867/1363/1200 923/1256/1200 253/1365/1200
f 765/1366/1201 932/1367/1201 304/1368/1201
f 765/1366/1202 933/1369/1202 1251/1370/1202
f 1251/1370/1203 177/1241/1203 924/1240/1203
f 1251/1370/1204 194/1235/1204 932/1367/1204
f 807/1371/1205 934/1372/1205 305/1227/1205
f 304/1368/1206 1252/1373/1206 807/1371/1206
f 932/1367/1207 925/1234/1207 1252/1373/1207
f 1252/1373/1208 222/1374/1208 934/1372/1208
f 306/1220/1209 1253/1375/1209 935/1376/1209
f 305/1227/1210 1253/1375/1210 876/1222/1210
f 934/1372/1211 926/1233/1211 1253/1375/1211
f 935/1376/1212 926/1233/1212 251/1231/1212
f 933/1369/1213 927/1237/1213 177/1241/1213
f 303/1249/1214 1254/1377/1214 933/1369/1214
f 878/1248/1215 936/1378/1215 1254/1377/1215
f 1254/1377/1216 307/1238/1216 927/1237/1216
f 879/1252/1217 937/1379/1217 308/1250/1217
f 309/1257/1218 1255/1380/1218 879/1252/1218
f 938/1381/1219 928/1258/1219 1255/1380/1219
f 1255/1380/1220 256/1260/1220 937/1379/1220
f 919/1272/1221 939/1382/1221 310/1273/1221
f 308/1250/1222 1256/1383/1222 919/1272/1222
f 937/1379/1223 929/1265/1223 1256/1383/1223
f 1256/1383/1224 273/1267/1224 939/1382/1224
f 936/1378/1225 930/1266/1225 307/1238/1225
f 248/1247/1226 1257/1384/1226 936/1378/1226
f 1257/1384/1227 310/1273/1227 939/1382/1227
f 1257/1384/1228 273/1267/1228 930/1266/1228
f 938/1381/1229 931/1263/1229 274/1261/1229
f 309/1257/1230 1258/1385/1230 938/1381/1230
f 922/1364/1231 935/1376/1231 1258/1385/1231
f 1258/1385/1232 251/1231/1232 931/1263/1232
f 311/642/1233 1259/1386/1233 520/719/1233
f 941/1322/1234 940/1387/1234 1259/1386/1234
f 1259/1386/1235 233/1388/1235 829/1324/1235
f 520/719/1236 829/1324/1236 296/648/1236
f 313/650/1237 1260/1389/1237 575/722/1237
f 314/1326/1238 1260/1389/1238 943/1327/1238
f 1260/1389/1239 257/1283/1239 883/1275/1239
f 575/722/1240 883/1275/1240 298/592/1240
f 885/1284/1241 944/1390/1241 258/1285/1241
f 885/1284/1242 903/1391/1242 1261/1392/1242
f 903/1391/1243 942/1325/1243 1261/1392/1243
f 1261/1392/1244 233/1388/1244 944/1390/1244
f 887/1290/1245 945/1393/1245 259/1291/1245
f 258/1285/1246 1262/1394/1246 887/1290/1246
f 944/1390/1247 940/1387/1247 1262/1394/1247
f 1262/1394/1248 312/1321/1248 945/1393/1248
f 260/1297/1249 1263/1395/1249 904/1350/1249
f 259/1291/1250 1263/1395/1250 889/1296/1250
f 945/1393/1251 901/1396/1251 1263/1395/1251
f 904/1350/1252 901/1396/1252 266/1319/1252
f 949/1355/1253 603/730/1253 317/687/1253
f 318/1397/1254 1264/1398/1254 949/1355/1254
f 909/1399/1255 910/1340/1255 1264/1398/1255
f 1264/1398/1256 301/731/1256 603/730/1256
f 900/1331/1257 950/1400/1257 262/1332/1257
f 268/1304/1258 1265/1401/1258 900/1331/1258
f 1265/1401/1259 270/1341/1259 909/1399/1259
f 1265/1401/1260 318/1397/1260 950/1400/1260
f 896/1314/1261 946/1402/1261 263/1315/1261
f 262/1332/1262 1266/1403/1262 896/1314/1262
f 950/1400/1263 948/1354/1263 1266/1403/1263
f 1266/1403/1264 316/1338/1264 946/1402/1264
f 425/1/1265 951/5/1265 430/2/1265
f 4/4/1266 431/6/1266 951/5/1266
f 431/6/1267 5/90/1267 323/7/1267
f 951/5/1268 323/7/1268 7/8/1268
f 46/9/1269 418/13/1269 952/10/1269
f 18/12/1270 342/14/1270 952/10/1270
f 342/14/1271 9/26/1271 446/15/1271
f 952/10/1272 446/15/1272 54/16/1272
f 75/17/1273 394/20/1273 953/18/1273
f 394/20/1274 40/284/1274 402/21/1274
f 953/18/1275 402/21/1275 56/22/1275
f 487/19/1276 953/18/1276 395/23/1276
f 446/15/1277 954/27/1277 599/25/1277
f 9/26/1278 601/28/1278 954/27/1278
f 601/28/1279 126/33/1279 602/29/1279
f 954/27/1280 602/29/1280 122/30/1280
f 611/31/1281 955/35/1281 341/32/1281
f 11/34/1282 329/36/1282 955/35/1282
f 329/36/1283 10/236/1283 330/37/1283
f 955/35/1284 330/37/1284 32/38/1284
f 12/39/1285 383/42/1285 956/40/1285
f 383/42/1286 277/1404/1286 331/43/1286
f 956/40/1287 331/43/1287 276/44/1287
f 382/41/1288 956/40/1288 332/45/1288
f 72/47/1289 362/50/1289 957/48/1289
f 362/50/1290 14/68/1290 452/51/1290
f 957/48/1291 452/51/1291 28/52/1291
f 486/49/1292 957/48/1292 363/53/1292
f 284/55/1293 381/59/1293 958/56/1293
f 289/58/1294 413/60/1294 958/56/1294
f 413/60/1295 43/298/1295 336/61/1295
f 455/57/1296 958/56/1296 336/61/1296
f 336/61/1297 959/65/1297 333/63/1297
f 336/61/1298 43/298/1298 411/64/1298
f 959/65/1299 411/64/1299 45/66/1299
f 333/63/1300 959/65/1300 414/67/1300
f 340/69/1301 960/73/1301 339/70/1301
f 340/69/1302 17/78/1302 338/72/1302
f 960/73/1303 338/72/1303 44/74/1303
f 339/70/1304 960/73/1304 412/75/1304
f 340/69/1305 961/79/1305 343/77/1305
f 279/71/1306 345/80/1306 961/79/1306
f 345/80/1307 280/168/1307 344/81/1307
f 961/79/1308 344/81/1308 19/82/1308
f 327/83/1309 962/85/1309 332/45/1309
f 327/83/1310 281/219/1310 328/84/1310
f 962/85/1311 328/84/1311 8/86/1311
f 332/45/1312 962/85/1312 326/87/1312
f 347/88/1313 963/92/1313 325/89/1313
f 282/91/1314 346/93/1314 963/92/1314
f 346/93/1315 275/99/1315 348/94/1315
f 963/92/1316 348/94/1316 20/95/1316
f 455/57/1317 964/97/1317 494/96/1317
f 15/62/1318 372/98/1318 964/97/1318
f 372/98/1319 20/95/1319 348/94/1319
f 964/97/1320 348/94/1320 275/99/1320
f 384/100/1321 965/102/1321 326/87/1321
f 33/101/1322 447/627/1322 965/102/1322
f 965/102/59 447/627/59 32/38/59
f 965/102/1323 387/103/1323 13/46/1323
f 438/104/1324 966/108/1324 456/105/1324
f 50/107/1325 449/109/1325 966/108/1325
f 449/109/1326 22/131/1326 358/110/1326
f 456/105/1327 966/108/1327 358/110/1327
f 4/4/1328 352/114/1328 967/112/1328
f 352/114/1329 24/130/1329 351/115/1329
f 967/112/1330 351/115/1330 283/116/1330
f 349/113/1331 967/112/1331 353/117/1331
f 3/119/1332 354/122/1332 968/120/1332
f 354/122/1333 23/167/1333 359/123/1333
f 968/120/1334 359/123/1334 31/124/1334
f 424/121/1335 968/120/1335 360/125/1335
f 6/3/1336 355/128/1336 969/127/1336
f 355/128/1337 25/155/1337 350/129/1337
f 969/127/1338 350/129/1338 24/130/1338
f 425/1/1339 969/127/1339 352/114/1339
f 22/131/1340 356/133/1340 970/132/1340
f 356/133/1341 23/167/1341 354/122/1341
f 970/132/1342 354/122/1342 3/119/1342
f 970/132/1343 423/134/1343 21/111/1343
f 376/135/1344 971/138/1344 357/136/1344
f 17/78/1345 343/77/1345 971/138/1345
f 343/77/1346 19/82/1346 379/139/1346
f 971/138/1347 379/139/1347 26/140/1347
f 376/135/1348 972/143/1348 337/141/1348
f 376/135/1349 27/137/1349 454/142/1349
f 454/142/1350 28/52/1350 452/51/1350
f 337/141/1351 972/143/1351 452/51/1351
f 426/144/1352 973/146/1352 429/145/1352
f 6/3/1353 430/2/1353 973/146/1353
f 430/2/1354 7/8/1354 380/147/1354
f 973/146/1355 380/147/1355 29/148/1355
f 424/121/1356 974/150/1356 428/149/1356
f 30/126/1357 429/145/1357 974/150/1357
f 429/145/1358 29/148/1358 321/151/1358
f 974/150/1359 321/151/1359 2/152/1359
f 30/126/1360 360/125/1360 975/153/1360
f 360/125/1361 31/124/1361 378/154/1361
f 975/153/1362 378/154/1362 25/155/1362
f 426/144/1363 975/153/1363 355/128/1363
f 449/109/1364 976/158/1364 364/156/1364
f 449/109/1365 50/107/1365 437/157/1365
f 976/158/1366 437/157/1366 133/159/1366
f 364/156/1367 976/158/1367 448/160/1367
f 491/162/1368 977/164/1368 356/133/1368
f 80/163/1369 366/165/1369 977/164/1369
f 366/165/1370 35/1405/1370 365/166/1370
f 977/164/1371 365/166/1371 23/167/1371
f 280/168/1372 391/170/1372 978/169/1372
f 391/170/1373 287/231/1373 369/171/1373
f 369/171/1374 41/235/1374 392/172/1374
f 344/81/1375 978/169/1375 392/172/1375
f 368/173/1376 979/177/1376 390/174/1376
f 286/176/1377 367/178/1377 979/177/1377
f 367/178/1378 42/203/1378 388/179/1378
f 979/177/1379 388/179/1379 37/180/1379
f 122/30/1380 421/183/1380 980/181/1380
f 421/183/1381 33/101/1381 419/184/1381
f 980/181/1382 419/184/1382 38/185/1382
f 600/182/1383 980/181/1383 592/186/1383
f 49/188/1384 439/191/1384 981/189/1384
f 439/191/1385 52/106/1385 456/105/1385
f 981/189/1386 456/105/1386 21/111/1386
f 450/190/1387 981/189/1387 427/192/1387
f 444/194/1388 982/198/1388 417/195/1388
f 55/197/1389 422/199/1389 982/198/1389
f 422/199/1390 47/222/1390 416/200/1390
f 417/195/1391 982/198/1391 416/200/1391
f 388/179/1392 983/204/1392 440/202/1392
f 42/203/1393 375/205/1393 983/204/1393
f 375/205/1394 36/227/1394 389/206/1394
f 983/204/1395 389/206/1395 38/185/1395
f 18/12/1396 418/13/1396 984/207/1396
f 418/13/1397 46/9/1397 436/209/1397
f 984/207/1398 436/209/1398 52/106/1398
f 433/208/1399 984/207/1399 439/191/1399
f 37/180/1400 440/202/1400 985/210/1400
f 440/202/1401 38/185/1401 419/184/1401
f 985/210/1402 419/184/1402 33/101/1402
f 385/211/1403 985/210/1403 384/100/1403
f 27/137/1404 357/136/1404 986/212/1404
f 357/136/1405 26/140/1405 373/214/1405
f 986/212/1406 373/214/1406 11/34/1406
f 612/213/1407 986/212/1407 611/31/1407
f 27/137/1408 612/213/1408 987/215/1408
f 612/213/1409 126/33/1409 601/28/1409
f 987/215/1410 601/28/1410 9/26/1410
f 454/142/1411 987/215/1411 453/216/1411
f 436/209/1412 988/217/1412 438/104/1412
f 46/9/1413 415/303/1413 988/217/1413
f 988/217/1414 415/303/1414 48/201/1414
f 438/104/1415 988/217/1415 434/218/1415
f 281/219/1416 420/221/1416 989/220/1416
f 285/175/1417 390/174/1417 989/220/1417
f 390/174/1418 37/180/1418 385/211/1418
f 989/220/1419 385/211/1419 8/86/1419
f 47/222/1420 488/224/1420 990/223/1420
f 488/224/1421 78/1406/1421 435/225/1421
f 435/225/1422 134/372/1422 489/226/1422
f 990/223/1423 489/226/1423 48/201/1423
f 389/206/1424 991/228/1424 592/186/1424
f 36/227/1425 588/229/1425 991/228/1425
f 588/229/1426 124/655/1426 591/230/1426
f 991/228/1427 591/230/1427 121/187/1427
f 287/231/1428 386/233/1428 992/232/1428
f 386/233/1429 277/1404/1429 383/42/1429
f 383/42/1430 12/39/1430 370/234/1430
f 369/171/1431 992/232/1431 370/234/1431
f 10/236/1432 371/238/1432 993/237/1432
f 371/238/1433 12/39/1433 382/41/1433
f 993/237/1434 382/41/1434 13/46/1434
f 330/37/1435 993/237/1435 387/103/1435
f 392/172/1436 994/239/1436 379/139/1436
f 41/235/1437 406/305/1437 994/239/1437
f 994/239/1438 406/305/1438 129/240/1438
f 379/139/1439 994/239/1439 614/241/1439
f 76/24/1440 395/23/1440 995/242/1440
f 395/23/1441 56/22/1441 396/244/1441
f 995/242/1442 396/244/1442 57/245/1442
f 485/243/1443 995/242/1443 469/246/1443
f 58/248/1444 397/251/1444 996/249/1444
f 397/251/1445 59/368/1445 473/252/1445
f 996/249/1446 473/252/1446 73/54/1446
f 477/250/1447 996/249/1447 484/253/1447
f 60/255/1448 398/259/1448 997/256/1448
f 61/258/1449 470/270/1449 997/256/1449
f 997/256/1450 470/270/1450 70/260/1450
f 471/257/1451 997/256/1451 483/261/1451
f 62/263/1452 399/266/1452 998/264/1452
f 399/266/1453 60/255/1453 471/257/1453
f 998/264/1454 471/257/1454 71/262/1454
f 998/264/1455 482/267/1455 72/47/1455
f 70/260/1456 470/270/1456 999/268/1456
f 470/270/1457 61/258/1457 401/271/1457
f 999/268/1458 401/271/1458 39/272/1458
f 481/269/1459 999/268/1459 393/273/1459
f 63/275/1460 403/278/1460 1000/276/1460
f 403/278/1461 58/248/1461 477/250/1461
f 1000/276/1462 477/250/1462 77/254/1462
f 1000/276/1463 480/279/1463 68/280/1463
f 74/274/1464 393/273/1464 1001/281/1464
f 393/273/1465 39/272/1465 404/283/1465
f 1001/281/1466 404/283/1466 40/284/1466
f 479/282/1467 1001/281/1467 394/20/1467
f 69/247/1468 469/246/1468 1002/285/1468
f 469/246/1469 57/245/1469 405/287/1469
f 1002/285/1470 405/287/1470 63/275/1470
f 478/286/1471 1002/285/1471 468/277/1471
f 17/78/1472 337/141/1472 1003/288/1472
f 337/141/1473 14/68/1473 414/67/1473
f 1003/288/1474 414/67/1474 45/66/1474
f 338/72/1475 1003/288/1475 410/289/1475
f 44/74/1476 410/289/1476 1004/290/1476
f 45/66/1477 411/64/1477 1004/290/1477
f 411/64/1478 43/298/1478 407/292/1478
f 1004/290/1479 407/292/1479 16/293/1479
f 288/76/1480 412/75/1480 1005/294/1480
f 412/75/1481 44/74/1481 409/291/1481
f 1005/294/1482 409/291/1482 16/293/1482
f 408/295/1483 1005/294/1483 334/296/1483
f 43/298/1484 413/60/1484 1006/299/1484
f 413/60/1485 289/58/1485 335/300/1485
f 1006/299/1486 335/300/1486 278/297/1486
f 407/292/1487 1006/299/1487 334/296/1487
f 349/113/1488 1007/301/1488 431/6/1488
f 290/118/1489 432/1407/1489 1007/301/1489
f 1007/301/1490 432/1407/1490 282/91/1490
f 1007/301/1491 347/88/1491 5/90/1491
f 46/9/1492 442/11/1492 1008/302/1492
f 442/11/1493 54/16/1493 445/304/1493
f 1008/302/1494 445/304/1494 53/196/1494
f 415/303/1495 1008/302/1495 417/195/1495
f 370/234/1496 1009/306/1496 406/305/1496
f 12/39/1497 371/238/1497 1009/306/1497
f 371/238/1498 10/236/1498 613/307/1498
f 1009/306/1499 613/307/1499 129/240/1499
f 405/308/1500 1010/312/1500 403/309/1500
f 57/311/1501 457/313/1501 1010/312/1501
f 457/313/1502 64/324/1502 458/314/1502
f 1010/312/1503 458/314/1503 58/315/1503
f 65/316/1504 460/319/1504 1011/317/1504
f 460/319/1505 39/340/1505 401/320/1505
f 1011/317/1506 401/320/1506 61/321/1506
f 459/318/1507 1011/317/1507 398/322/1507
f 64/324/1508 457/313/1508 1012/325/1508
f 457/313/1509 57/311/1509 396/327/1509
f 1012/325/1510 396/327/1510 56/328/1510
f 462/326/1511 1012/325/1511 464/329/1511
f 66/330/1512 464/329/1512 1013/331/1512
f 464/329/1513 56/328/1513 402/333/1513
f 1013/331/1514 402/333/1514 40/334/1514
f 463/332/1515 1013/331/1515 465/335/1515
f 67/336/1516 465/335/1516 1014/337/1516
f 465/335/1517 40/334/1517 404/339/1517
f 1014/337/1518 404/339/1518 39/340/1518
f 461/338/1519 1014/337/1519 460/319/1519
f 461/338/1520 1015/342/1520 466/341/1520
f 65/316/1521 459/318/1521 1015/342/1521
f 459/318/1522 60/323/1522 399/343/1522
f 1015/342/1523 399/343/1523 62/344/1523
f 463/332/1524 1016/346/1524 467/345/1524
f 67/336/1525 466/341/1525 1016/346/1525
f 466/341/1526 62/344/1526 400/347/1526
f 1016/346/1527 400/347/1527 59/348/1527
f 64/324/1528 462/326/1528 1017/349/1528
f 66/330/1529 467/345/1529 1017/349/1529
f 1017/349/1530 467/345/1530 59/348/1530
f 458/314/1531 1017/349/1531 397/350/1531
f 2/152/1532 322/353/1532 1018/351/1532
f 322/353/1533 69/247/1533 478/286/1533
f 1018/351/1534 478/286/1534 68/280/1534
f 320/352/1535 1018/351/1535 319/354/1535
f 5/90/1536 474/356/1536 1019/355/1536
f 474/356/1537 74/274/1537 479/282/1537
f 1019/355/1538 479/282/1538 75/17/1538
f 323/7/1539 1019/355/1539 475/357/1539
f 480/279/1540 1020/359/1540 319/354/1540
f 480/279/1541 77/254/1541 451/358/1541
f 451/358/1542 49/188/1542 450/190/1542
f 1020/359/1543 450/190/1543 1/193/1543
f 20/95/1544 324/361/1544 1021/360/1544
f 324/361/1545 70/260/1545 481/269/1545
f 1021/360/1546 481/269/1546 74/274/1546
f 325/89/1547 1021/360/1547 474/356/1547
f 482/267/1548 1022/362/1548 362/50/1548
f 71/262/1549 377/363/1549 1022/362/1549
f 377/363/1550 15/62/1550 333/63/1550
f 362/50/1551 1022/362/1551 333/63/1551
f 71/262/1552 483/261/1552 1023/364/1552
f 483/261/1553 70/260/1553 324/361/1553
f 1023/364/1554 324/361/1554 20/95/1554
f 377/363/1555 1023/364/1555 372/98/1555
f 29/148/1556 476/366/1556 1024/365/1556
f 476/366/1557 76/24/1557 485/243/1557
f 1024/365/1558 485/243/1558 69/247/1558
f 321/151/1559 1024/365/1559 322/353/1559
f 400/367/1560 1025/369/1560 473/252/1560
f 62/263/1561 472/265/1561 1025/369/1561
f 472/265/1562 72/47/1562 486/49/1562
f 1025/369/1563 486/49/1563 73/54/1563
f 7/8/1564 475/357/1564 1026/370/1564
f 475/357/1565 75/17/1565 487/19/1565
f 1026/370/1566 487/19/1566 76/24/1566
f 380/147/1567 1026/370/1567 476/366/1567
f 50/107/1568 434/218/1568 1027/371/1568
f 434/218/1569 48/201/1569 489/226/1569
f 1027/371/1570 489/226/1570 134/372/1570
f 437/157/1571 1027/371/1571 490/373/1571
f 493/374/1572 1028/377/1572 492/375/1572
f 493/374/1573 80/163/1573 491/162/1573
f 1028/377/1574 491/162/1574 22/131/1574
f 1028/377/1575 364/156/1575 132/161/1575
f 82/378/1576 495/381/1576 1029/379/1576
f 495/381/1577 28/52/1577 453/216/1577
f 1029/379/1578 453/216/1578 9/26/1578
f 496/380/1579 1029/379/1579 342/14/1579
f 18/12/1580 433/208/1580 1030/382/1580
f 49/188/1581 451/358/1581 1030/382/1581
f 451/358/1582 77/254/1582 497/383/1582
f 496/380/1583 1030/382/1583 497/383/1583
f 82/378/1584 497/383/1584 1031/384/1584
f 497/383/1585 77/254/1585 484/253/1585
f 1031/384/1586 484/253/1586 73/54/1586
f 495/381/1587 1031/384/1587 363/53/1587
f 23/167/1588 365/166/1588 1032/385/1588
f 365/166/1589 35/1405/1589 499/386/1589
f 1032/385/1590 499/386/1590 83/387/1590
f 359/123/1591 1032/385/1591 498/388/1591
f 31/124/1592 498/388/1592 1033/389/1592
f 498/388/1593 83/387/1593 501/390/1593
f 1033/389/1594 501/390/1594 84/391/1594
f 378/154/1595 1033/389/1595 500/392/1595
f 25/155/1596 500/392/1596 1034/393/1596
f 500/392/1597 84/391/1597 503/394/1597
f 1034/393/1598 503/394/1598 85/395/1598
f 350/129/1599 1034/393/1599 502/396/1599
f 24/130/1600 502/396/1600 1035/397/1600
f 502/396/1601 85/395/1601 505/398/1601
f 1035/397/1602 505/398/1602 291/399/1602
f 351/115/1603 1035/397/1603 504/400/1603
f 85/401/1604 507/404/1604 1036/402/1604
f 507/404/1605 86/410/1605 506/405/1605
f 1036/402/1606 506/405/1606 292/406/1606
f 505/403/1607 1036/402/1607 508/407/1607
f 510/409/1608 1037/412/1608 506/405/1608
f 87/411/1609 509/416/1609 1037/412/1609
f 1037/412/1610 509/416/1610 293/413/1610
f 506/405/1611 1037/412/1611 511/414/1611
f 87/411/1612 513/417/1612 1038/415/1612
f 513/417/1613 88/421/1613 512/418/1613
f 1038/415/1614 512/418/1614 294/419/1614
f 509/416/1615 1038/415/1615 514/420/1615
f 88/421/1616 516/423/1616 1039/422/1616
f 516/423/1617 89/452/1617 515/424/1617
f 1039/422/1618 515/424/1618 295/425/1618
f 512/418/1619 1039/422/1619 517/426/1619
f 521/427/1620 1040/431/1620 589/428/1620
f 42/430/1621 367/432/1621 1040/431/1621
f 367/432/1622 286/1122/1622 587/433/1622
f 1040/431/1623 587/433/1623 299/434/1623
f 523/435/1624 1041/438/1624 522/436/1624
f 86/410/1625 507/404/1625 1041/438/1625
f 507/404/1626 85/401/1626 503/439/1626
f 1041/438/1627 503/439/1627 84/440/1627
f 86/410/1628 523/435/1628 1042/441/1628
f 523/435/1629 91/437/1629 525/442/1629
f 1042/441/1630 525/442/1630 92/443/1630
f 510/409/1631 1042/441/1631 524/444/1631
f 87/411/1632 524/444/1632 1043/445/1632
f 524/444/1633 92/443/1633 527/446/1633
f 527/446/1634 93/448/1634 526/447/1634
f 1043/445/1635 526/447/1635 88/421/1635
f 526/447/1636 1044/449/1636 516/423/1636
f 93/448/1637 529/450/1637 1044/449/1637
f 529/450/1638 94/485/1638 528/451/1638
f 1044/449/1639 528/451/1639 89/452/1639
f 89/452/1640 531/454/1640 1045/453/1640
f 531/454/1641 95/492/1641 532/455/1641
f 1045/453/1642 532/455/1642 297/456/1642
f 515/424/1643 1045/453/1643 519/457/1643
f 534/458/1644 1046/462/1644 488/459/1644
f 96/461/1645 533/463/1645 1046/462/1645
f 533/463/1646 97/471/1646 535/464/1646
f 1046/462/1647 535/464/1647 78/465/1647
f 96/461/1648 537/467/1648 1047/466/1648
f 537/467/1649 98/472/1649 536/468/1649
f 1047/466/1650 536/468/1650 99/469/1650
f 1047/466/1651 538/470/1651 97/471/1651
f 98/472/1652 540/474/1652 1048/473/1652
f 540/474/1653 100/488/1653 539/475/1653
f 1048/473/1654 539/475/1654 101/476/1654
f 536/468/1655 1048/473/1655 541/477/1655
f 542/478/1656 1049/481/1656 493/479/1656
f 542/478/1657 101/476/1657 539/475/1657
f 539/475/1658 100/488/1658 543/482/1658
f 1049/481/1659 543/482/1659 80/483/1659
f 544/484/1660 1050/486/1660 540/474/1660
f 94/485/1661 529/450/1661 1050/486/1661
f 529/450/1662 93/448/1662 545/487/1662
f 1050/486/1663 545/487/1663 100/488/1663
f 547/489/1664 1051/493/1664 546/490/1664
f 95/492/1665 531/454/1665 1051/493/1665
f 531/454/1666 89/452/1666 528/451/1666
f 1051/493/1667 528/451/1667 94/485/1667
f 544/484/1668 1052/494/1668 546/490/1668
f 98/472/1669 537/467/1669 1052/494/1669
f 537/467/1670 96/461/1670 548/495/1670
f 1052/494/1671 548/495/1671 102/491/1671
f 103/496/1672 550/499/1672 1053/497/1672
f 550/499/1673 91/437/1673 522/436/1673
f 522/436/1674 84/440/1674 501/500/1674
f 1053/497/1675 501/500/1675 83/501/1675
f 91/437/1676 550/499/1676 1054/502/1676
f 103/496/1677 552/509/1677 1054/502/1677
f 1054/502/1678 552/509/1678 104/503/1678
f 525/442/1679 1054/502/1679 551/504/1679
f 35/505/1680 553/508/1680 1055/506/1680
f 553/508/1681 104/503/1681 552/509/1681
f 1055/506/1682 552/509/1682 103/496/1682
f 499/507/1683 1055/506/1683 549/498/1683
f 35/505/1684 366/511/1684 1056/510/1684
f 80/483/1685 543/482/1685 1056/510/1685
f 543/482/1686 100/488/1686 554/512/1686
f 1056/510/1687 554/512/1687 104/503/1687
f 104/503/1688 554/512/1688 1057/513/1688
f 554/512/1689 100/488/1689 545/487/1689
f 1057/513/1690 545/487/1690 93/448/1690
f 551/504/1691 1057/513/1691 527/446/1691
f 563/514/1692 1058/516/1692 542/478/1692
f 109/515/1693 562/517/1693 1058/516/1693
f 562/517/1694 112/1408/1694 564/518/1694
f 542/478/1695 1058/516/1695 564/518/1695
f 101/476/1696 564/518/1696 1059/519/1696
f 564/518/1697 112/1408/1697 561/520/1697
f 1059/519/1698 561/520/1698 111/521/1698
f 541/477/1699 1059/519/1699 565/522/1699
f 99/469/1700 565/522/1700 1060/523/1700
f 565/522/1701 111/521/1701 560/524/1701
f 1060/523/1702 560/524/1702 110/525/1702
f 538/470/1703 1060/523/1703 566/526/1703
f 97/471/1704 566/526/1704 1061/527/1704
f 566/526/1705 110/525/1705 559/528/1705
f 1061/527/1706 559/528/1706 107/529/1706
f 535/464/1707 1061/527/1707 567/530/1707
f 78/531/1708 567/534/1708 1062/532/1708
f 567/534/1709 107/696/1709 555/535/1709
f 1062/532/1710 555/535/1710 135/536/1710
f 435/533/1711 1062/532/1711 568/537/1711
f 622/539/1712 1063/543/1712 621/540/1712
f 108/542/1713 557/544/1713 1063/543/1713
f 557/544/1714 106/551/1714 569/545/1714
f 1063/543/1715 569/545/1715 51/546/1715
f 34/547/1716 620/550/1716 1064/548/1716
f 620/550/1717 51/546/1717 569/545/1717
f 1064/548/1718 569/545/1718 106/551/1718
f 623/549/1719 1064/548/1719 556/552/1719
f 570/554/1720 1065/558/1720 492/555/1720
f 105/557/1721 558/559/1721 1065/558/1721
f 558/559/1722 109/692/1722 563/560/1722
f 1065/558/1723 563/560/1723 81/561/1723
f 560/562/1724 1066/566/1724 619/563/1724
f 111/565/1725 572/584/1725 1066/566/1725
f 1066/566/1726 572/584/1726 137/567/1726
f 619/563/1727 1066/566/1727 571/568/1727
f 627/570/1728 1067/572/1728 557/544/1728
f 131/571/1729 624/573/1729 1067/572/1729
f 624/573/1730 113/577/1730 573/574/1730
f 1067/572/1731 573/574/1731 106/551/1731
f 136/553/1732 556/552/1732 1068/575/1732
f 556/552/1733 106/551/1733 573/574/1733
f 1068/575/1734 573/574/1734 113/577/1734
f 1068/575/1735 625/578/1735 130/579/1735
f 139/580/1736 615/583/1736 1069/581/1736
f 615/583/1737 137/567/1737 572/584/1737
f 572/584/1738 111/565/1738 561/585/1738
f 617/582/1739 1069/581/1739 561/585/1739
f 95/587/1740 574/590/1740 1070/588/1740
f 574/590/1741 114/598/1741 576/591/1741
f 1070/588/1742 576/591/1742 298/592/1742
f 532/589/1743 1070/588/1743 530/593/1743
f 578/595/1744 1071/599/1744 577/596/1744
f 114/598/1745 574/590/1745 1071/599/1745
f 574/590/1746 95/587/1746 547/600/1746
f 1071/599/1747 547/600/1747 102/601/1747
f 580/602/1748 1072/605/1748 579/603/1748
f 115/597/1749 577/596/1749 1072/605/1749
f 577/596/1750 102/601/1750 548/606/1750
f 1072/605/1751 548/606/1751 96/607/1751
f 582/608/1752 1073/611/1752 581/609/1752
f 116/604/1753 579/603/1753 1073/611/1753
f 579/603/1754 96/607/1754 534/612/1754
f 1073/611/1755 534/612/1755 47/613/1755
f 118/614/1756 584/617/1756 1074/615/1756
f 117/610/1757 581/609/1757 1074/615/1757
f 581/609/1758 47/613/1758 422/618/1758
f 583/616/1759 1074/615/1759 422/618/1759
f 125/620/1760 586/623/1760 1075/621/1760
f 586/623/1761 118/614/1761 583/616/1761
f 1075/621/1762 583/616/1762 55/619/1762
f 593/622/1763 1075/621/1763 443/624/1763
f 602/29/1764 1076/626/1764 421/183/1764
f 126/33/1765 341/32/1765 1076/626/1765
f 341/32/1766 32/38/1766 447/627/1766
f 1076/626/1767 447/627/1767 33/101/1767
f 120/429/1768 590/629/1768 1077/628/1768
f 590/629/1769 119/651/1769 585/630/1769
f 1077/628/1770 585/630/1770 36/631/1770
f 521/427/1771 1077/628/1771 375/632/1771
f 54/16/1772 599/25/1772 1078/633/1772
f 599/25/1773 122/30/1773 600/182/1773
f 1078/633/1774 600/182/1774 121/187/1774
f 445/304/1775 1078/633/1775 441/634/1775
f 140/635/1776 595/639/1776 1079/636/1776
f 123/638/1777 596/640/1777 1079/636/1777
f 596/640/1778 300/676/1778 636/641/1778
f 638/637/1779 1079/636/1779 636/641/1779
f 141/643/1780 640/646/1780 1080/644/1780
f 640/646/1781 90/716/1781 518/647/1781
f 1080/644/1782 518/647/1782 296/648/1782
f 641/645/1783 1080/644/1783 639/649/1783
f 119/651/1784 594/653/1784 1081/652/1784
f 594/653/1785 125/620/1785 593/622/1785
f 1081/652/1786 593/622/1786 124/625/1786
f 585/630/1787 1081/652/1787 588/654/1787
f 591/230/1788 1082/656/1788 441/634/1788
f 124/655/1789 443/657/1789 1082/656/1789
f 443/657/1790 55/197/1790 444/194/1790
f 1082/656/1791 444/194/1791 53/196/1791
f 423/134/1792 1083/658/1792 427/192/1792
f 3/119/1793 428/149/1793 1083/658/1793
f 428/149/1794 2/152/1794 320/352/1794
f 1083/658/1795 320/352/1795 1/193/1795
f 142/659/1796 645/662/1796 1084/660/1796
f 120/429/1797 589/428/1797 1084/660/1797
f 589/428/1798 299/434/1798 644/663/1798
f 1084/660/1799 644/663/1799 315/664/1799
f 607/665/1800 1085/669/1800 608/666/1800
f 127/668/1801 605/670/1801 1085/669/1801
f 605/670/1802 301/731/1802 606/671/1802
f 1085/669/1803 606/671/1803 302/672/1803
f 374/673/1804 1086/674/1804 596/640/1804
f 128/667/1805 608/666/1805 1086/674/1805
f 608/666/1806 302/672/1806 361/675/1806
f 1086/674/1807 361/675/1807 300/676/1807
f 374/673/1808 1087/678/1808 609/677/1808
f 123/638/1809 598/679/1809 1087/678/1809
f 598/679/1810 117/610/1810 584/617/1810
f 1087/678/1811 584/617/1811 118/614/1811
f 607/665/1812 1088/681/1812 610/680/1812
f 128/667/1813 609/677/1813 1088/681/1813
f 609/677/1814 118/614/1814 586/623/1814
f 610/680/1815 1088/681/1815 586/623/1815
f 648/682/1816 1089/685/1816 649/683/1816
f 142/659/1817 646/661/1817 1089/685/1817
f 646/661/1818 315/664/1818 647/686/1818
f 1089/685/1819 647/686/1819 317/687/1819
f 613/307/1820 1090/688/1820 614/241/1820
f 10/236/1821 329/36/1821 1090/688/1821
f 329/36/1822 11/34/1822 373/214/1822
f 1090/688/1823 373/214/1823 26/140/1823
f 616/689/1824 1091/690/1824 558/559/1824
f 616/689/1825 139/580/1825 617/582/1825
f 1091/690/1826 617/582/1826 112/586/1826
f 1091/690/1827 562/691/1827 109/692/1827
f 619/563/1828 1092/694/1828 559/693/1828
f 138/569/1829 618/695/1829 1092/694/1829
f 618/695/1830 135/536/1830 555/535/1830
f 1092/694/1831 555/535/1831 107/696/1831
f 34/547/1832 629/698/1832 1093/697/1832
f 629/698/1833 132/556/1833 448/699/1833
f 448/699/1834 133/703/1834 628/700/1834
f 1093/697/1835 628/700/1835 51/546/1835
f 79/541/1836 621/540/1836 1094/701/1836
f 621/540/1837 51/546/1837 628/700/1837
f 1094/701/1838 628/700/1838 133/703/1838
f 630/702/1839 1094/701/1839 490/704/1839
f 622/539/1840 1095/706/1840 631/705/1840
f 622/539/1841 79/541/1841 630/702/1841
f 1095/706/1842 630/702/1842 134/538/1842
f 1095/706/1843 568/537/1843 135/536/1843
f 136/553/1844 632/708/1844 1096/707/1844
f 632/708/1845 105/557/1845 570/554/1845
f 1096/707/1846 570/554/1846 132/556/1846
f 623/549/1847 1096/707/1847 629/698/1847
f 113/577/1848 624/573/1848 1097/709/1848
f 624/573/1849 131/571/1849 634/711/1849
f 1097/709/1850 634/711/1850 138/569/1850
f 633/710/1851 1097/709/1851 571/568/1851
f 633/710/1852 1098/712/1852 625/578/1852
f 137/567/1853 615/583/1853 1098/712/1853
f 615/583/1854 139/580/1854 635/713/1854
f 1098/712/1855 635/713/1855 130/579/1855
f 626/576/1856 1099/714/1856 632/708/1856
f 130/579/1857 635/713/1857 1099/714/1857
f 1099/714/1858 635/713/1858 139/580/1858
f 1099/714/1859 616/689/1859 105/557/1859
f 627/570/1860 1100/715/1860 634/711/1860
f 108/542/1861 631/705/1861 1100/715/1861
f 631/705/1862 135/536/1862 618/695/1862
f 1100/715/1863 618/695/1863 138/569/1863
f 90/716/1864 637/718/1864 1101/717/1864
f 637/718/1865 140/635/1865 638/637/1865
f 1101/717/1866 638/637/1866 311/642/1866
f 518/647/1867 1101/717/1867 520/719/1867
f 114/598/1868 597/721/1868 1102/720/1868
f 141/643/1869 641/645/1869 1102/720/1869
f 1102/720/1870 641/645/1870 313/650/1870
f 576/591/1871 1102/720/1871 575/722/1871
f 90/716/1872 640/646/1872 1103/723/1872
f 640/646/1873 141/643/1873 597/721/1873
f 597/721/1874 114/598/1874 578/595/1874
f 642/724/1875 1103/723/1875 578/595/1875
f 642/724/1876 1104/725/1876 637/718/1876
f 115/597/1877 580/602/1877 1104/725/1877
f 580/602/1878 116/604/1878 643/726/1878
f 1104/725/1879 643/726/1879 140/635/1879
f 643/726/1880 1105/727/1880 595/639/1880
f 116/604/1881 582/608/1881 1105/727/1881
f 1105/727/1882 582/608/1882 117/610/1882
f 595/639/1883 1105/727/1883 598/679/1883
f 604/728/1884 1106/729/1884 605/670/1884
f 143/684/1885 649/683/1885 1106/729/1885
f 649/683/1886 317/687/1886 603/730/1886
f 1106/729/1887 603/730/1887 301/731/1887
f 143/684/1888 604/728/1888 1107/732/1888
f 127/668/1889 610/680/1889 1107/732/1889
f 1107/732/1890 610/680/1890 125/620/1890
f 650/733/1891 1107/732/1891 594/653/1891
f 142/659/1892 648/682/1892 1108/734/1892
f 648/682/1893 143/684/1893 650/733/1893
f 1108/734/1894 650/733/1894 119/651/1894
f 645/662/1895 1108/734/1895 590/629/1895
f 749/735/1896 1109/739/1896 655/736/1896
f 147/738/1897 743/740/1897 1109/739/1897
f 743/740/1898 149/845/1898 748/741/1898
f 1109/739/1899 748/741/1899 150/742/1899
f 670/743/1900 1110/747/1900 763/744/1900
f 161/746/1901 737/922/1901 1110/747/1901
f 1110/747/1902 737/922/1902 189/748/1902
f 1110/747/1903 759/749/1903 197/750/1903
f 715/751/1904 1111/755/1904 804/752/1904
f 199/754/1905 722/756/1905 1111/755/1905
f 722/756/1906 183/994/1906 714/757/1906
f 1111/755/1907 714/757/1907 218/758/1907
f 265/759/1908 908/762/1908 1112/760/1908
f 908/762/1909 269/926/1909 907/763/1909
f 1112/760/1910 907/763/1910 152/745/1910
f 905/761/1911 1112/760/1911 763/744/1911
f 660/764/1912 1113/768/1912 661/765/1912
f 154/767/1913 915/769/1913 1113/768/1913
f 915/769/1914 269/926/1914 669/770/1914
f 1113/768/1915 669/770/1915 175/771/1915
f 276/44/1916 331/43/1916 1114/772/1916
f 331/43/1917 277/1404/1917 705/774/1917
f 1114/772/1918 705/774/1918 155/775/1918
f 662/773/1919 1114/772/1919 704/776/1919
f 687/778/1920 1115/782/1920 803/779/1920
f 171/781/1921 769/783/1921 1115/782/1921
f 769/783/1922 157/794/1922 686/784/1922
f 1115/782/1923 686/784/1923 215/785/1923
f 732/786/1924 1116/789/1924 665/787/1924
f 289/58/1925 381/59/1925 1116/789/1925
f 1116/789/1926 381/59/1926 284/55/1926
f 665/787/1927 1116/789/1927 772/790/1927
f 733/792/1928 1117/796/1928 663/793/1928
f 188/795/1929 730/797/1929 1117/796/1929
f 730/797/1930 186/788/1930 665/787/1930
f 663/793/1931 1117/796/1931 665/787/1931
f 731/798/1932 1118/800/1932 339/70/1932
f 187/799/1933 667/801/1933 1118/800/1933
f 667/801/1934 160/852/1934 668/802/1934
f 339/70/1935 1118/800/1935 668/802/1935
f 345/80/1936 1119/804/1936 672/803/1936
f 279/71/1937 668/802/1937 1119/804/1937
f 668/802/1938 160/852/1938 671/805/1938
f 1119/804/1939 671/805/1939 162/806/1939
f 151/807/1940 659/810/1940 1120/808/1940
f 659/810/1941 281/219/1941 327/83/1941
f 327/83/1942 276/44/1942 662/773/1942
f 658/809/1943 1120/808/1943 662/773/1943
f 163/811/1944 674/814/1944 1121/812/1944
f 674/814/1945 275/99/1945 346/93/1945
f 1121/812/1946 346/93/1946 282/91/1946
f 657/813/1947 1121/812/1947 673/815/1947
f 275/99/1948 674/814/1948 1122/816/1948
f 674/814/1949 163/811/1949 695/817/1949
f 1122/816/1950 695/817/1950 158/791/1950
f 494/96/1951 1122/816/1951 772/790/1951
f 658/809/1952 1123/819/1952 706/818/1952
f 156/777/1953 708/948/1953 1123/819/1953
f 1123/819/1954 708/948/1954 175/771/1954
f 1123/819/1955 764/820/1955 176/821/1955
f 773/822/1956 1124/826/1956 755/823/1956
f 773/822/1957 164/846/1957 683/825/1957
f 683/825/1958 165/850/1958 766/827/1958
f 1124/826/1959 766/827/1959 193/828/1959
f 283/116/1960 677/830/1960 1125/829/1960
f 677/830/1961 167/841/1961 678/831/1961
f 1125/829/1962 678/831/1962 147/738/1962
f 353/117/1963 1125/829/1963 675/832/1963
f 685/833/1964 1126/837/1964 742/834/1964
f 174/836/1965 684/838/1965 1126/837/1965
f 684/838/1966 166/884/1966 679/839/1966
f 1126/837/1967 679/839/1967 146/840/1967
f 678/831/1968 1127/842/1968 743/740/1968
f 167/841/1969 676/843/1969 1127/842/1969
f 676/843/1970 168/869/1970 680/844/1970
f 1127/842/1971 680/844/1971 149/845/1971
f 164/846/1972 741/848/1972 1128/847/1972
f 146/840/1973 679/839/1973 1128/847/1973
f 679/839/1974 166/884/1974 681/849/1974
f 1128/847/1975 681/849/1975 165/850/1975
f 671/805/1976 1129/853/1976 702/851/1976
f 160/852/1977 699/854/1977 1129/853/1977
f 699/854/1978 170/929/1978 682/855/1978
f 1129/853/1979 682/855/1979 169/856/1979
f 769/783/1980 1130/859/1980 666/857/1980
f 769/783/1981 171/781/1981 771/858/1981
f 771/858/1982 170/929/1982 699/854/1982
f 666/857/1983 1130/859/1983 699/854/1983
f 748/741/1984 1131/861/1984 703/860/1984
f 149/845/1985 744/862/1985 1131/861/1985
f 744/862/1986 173/835/1986 747/863/1986
f 1131/861/1987 747/863/1987 172/864/1987
f 747/863/1988 1132/866/1988 653/865/1988
f 173/835/1989 742/834/1989 1132/866/1989
f 742/834/1990 146/840/1990 746/867/1990
f 1132/866/1991 746/867/1991 145/868/1991
f 168/869/1992 701/871/1992 1133/870/1992
f 701/871/1993 174/836/1993 685/833/1993
f 1133/870/1994 685/833/1994 173/835/1994
f 680/844/1995 1133/870/1995 744/862/1995
f 765/872/1996 1134/876/1996 688/873/1996
f 304/875/1997 754/877/1997 1134/876/1997
f 754/877/1998 193/828/1998 766/827/1998
f 688/873/1999 1134/876/1999 766/827/1999
f 690/878/2000 1135/882/2000 689/879/2000
f 223/881/2001 808/883/2001 1135/882/2001
f 808/883/2002 165/850/2002 681/849/2002
f 1135/882/2003 681/849/2003 166/884/2003
f 692/885/2004 1136/888/2004 712/886/2004
f 692/885/2005 287/231/2005 391/170/2005
f 1136/888/2006 391/170/2006 280/168/2006
f 712/886/2007 1136/888/2007 672/803/2007
f 691/889/2008 1137/892/2008 709/890/2008
f 286/176/2009 368/173/2009 1137/892/2009
f 368/173/2010 285/175/2010 711/893/2010
f 1137/892/2011 711/893/2011 180/894/2011
f 265/759/2012 906/897/2012 1138/895/2012
f 906/897/2013 264/941/2013 898/898/2013
f 1138/895/2014 898/898/2014 181/899/2014
f 739/896/2015 1138/895/2015 738/900/2015
f 192/901/2016 767/904/2016 1139/902/2016
f 767/904/2017 144/1061/2017 745/905/2017
f 1139/902/2018 745/905/2018 164/846/2018
f 756/903/2019 1139/902/2019 773/822/2019
f 740/906/2020 1140/910/2020 735/907/2020
f 198/909/2021 761/911/2021 1140/910/2021
f 761/911/2022 196/1011/2022 736/912/2022
f 735/907/2023 1140/910/2023 736/912/2023
f 698/914/2024 1141/917/2024 710/915/2024
f 185/891/2025 709/890/2025 1141/917/2025
f 709/890/2026 180/894/2026 757/918/2026
f 1141/917/2027 757/918/2027 181/899/2027
f 756/903/2028 1142/920/2028 750/919/2028
f 195/824/2029 753/921/2029 1142/920/2029
f 753/921/2030 189/748/2030 737/922/2030
f 1142/920/2031 737/922/2031 161/746/2031
f 706/818/2032 1143/924/2032 707/923/2032
f 176/821/2033 738/900/2033 1143/924/2033
f 738/900/2034 181/899/2034 757/918/2034
f 1143/924/2035 757/918/2035 180/894/2035
f 915/769/2036 1144/927/2036 916/925/2036
f 154/767/2037 696/928/2037 1144/927/2037
f 696/928/2038 169/856/2038 682/855/2038
f 1144/927/2039 682/855/2039 170/929/2039
f 770/930/2040 1145/931/2040 771/858/2040
f 152/745/2041 907/763/2041 1145/931/2041
f 907/763/2042 269/926/2042 916/925/2042
f 1145/931/2043 916/925/2043 170/929/2043
f 191/913/2044 734/934/2044 1146/932/2044
f 189/748/2045 753/921/2045 1146/932/2045
f 753/921/2046 195/824/2046 755/823/2046
f 751/933/2047 1146/932/2047 755/823/2047
f 711/893/2048 1147/935/2048 707/923/2048
f 285/175/2049 420/221/2049 1147/935/2049
f 1147/935/2050 420/221/2050 281/219/2050
f 1147/935/2051 659/810/2051 151/807/2051
f 752/936/2052 1148/940/2052 806/937/2052
f 752/936/2053 221/1409/2053 805/939/2053
f 1148/940/2054 805/939/2054 190/908/2054
f 1148/940/2055 735/907/2055 191/913/2055
f 264/941/2056 897/943/2056 1149/942/2056
f 897/943/2057 267/1335/2057 894/944/2057
f 1149/942/2058 894/944/2058 179/916/2058
f 898/898/2059 1149/942/2059 710/915/2059
f 705/774/2060 1150/946/2060 693/945/2060
f 705/774/2061 277/1404/2061 386/233/2061
f 1150/946/2062 386/233/2062 287/231/2062
f 693/945/2063 1150/946/2063 692/885/2063
f 156/777/2064 704/776/2064 1151/947/2064
f 704/776/2065 155/775/2065 694/949/2065
f 1151/947/2066 694/949/2066 153/766/2066
f 708/948/2067 1151/947/2067 661/765/2067
f 272/950/2068 726/953/2068 1152/951/2068
f 184/887/2069 712/886/2069 1152/951/2069
f 712/886/2070 162/806/2070 702/851/2070
f 918/952/2071 1152/951/2071 702/851/2071
f 200/954/2072 716/957/2072 1153/955/2072
f 716/957/2073 199/754/2073 715/751/2073
f 1153/955/2074 715/751/2074 219/753/2074
f 786/956/2075 1153/955/2075 802/958/2075
f 801/960/2076 1154/963/2076 794/961/2076
f 216/780/2077 790/964/2077 1154/963/2077
f 790/964/2078 202/1075/2078 717/965/2078
f 1154/963/2079 717/965/2079 201/966/2079
f 800/967/2080 1155/971/2080 788/968/2080
f 213/970/2081 787/986/2081 1155/971/2081
f 1155/971/2082 787/986/2082 204/972/2082
f 1155/971/2083 718/973/2083 203/974/2083
f 215/785/2084 799/977/2084 1156/975/2084
f 214/969/2085 788/968/2085 1156/975/2085
f 788/968/2086 203/974/2086 719/978/2086
f 1156/975/2087 719/978/2087 205/979/2087
f 713/980/2088 1157/984/2088 798/981/2088
f 182/983/2089 721/985/2089 1157/984/2089
f 721/985/2090 204/972/2090 787/986/2090
f 1157/984/2091 787/986/2091 213/970/2091
f 211/987/2092 797/990/2092 1158/988/2092
f 220/962/2093 794/961/2093 1158/988/2093
f 794/961/2094 201/966/2094 723/991/2094
f 1158/988/2095 723/991/2095 206/992/2095
f 714/757/2096 1159/995/2096 796/993/2096
f 183/994/2097 724/996/2097 1159/995/2097
f 724/996/2098 182/983/2098 713/980/2098
f 1159/995/2099 713/980/2099 217/982/2099
f 206/992/2100 725/998/2100 1160/997/2100
f 725/998/2101 200/954/2101 786/956/2101
f 1160/997/2102 786/956/2102 212/959/2102
f 785/989/2103 1160/997/2103 795/999/2103
f 729/1000/2104 1161/1001/2104 667/801/2104
f 188/795/2105 733/792/2105 1161/1001/2105
f 733/792/2106 157/794/2106 666/857/2106
f 1161/1001/2107 666/857/2107 160/852/2107
f 159/1002/2108 727/1005/2108 1162/1003/2108
f 727/1005/2109 186/788/2109 730/797/2109
f 1162/1003/2110 730/797/2110 188/795/2110
f 1162/1003/2111 729/1000/2111 187/799/2111
f 664/1006/2112 1163/1007/2112 408/295/2112
f 159/1002/2113 728/1004/2113 1163/1007/2113
f 728/1004/2114 187/799/2114 731/798/2114
f 1163/1007/2115 731/798/2115 288/76/2115
f 664/1006/2116 1164/1008/2116 727/1005/2116
f 278/297/2117 335/300/2117 1164/1008/2117
f 335/300/2118 289/58/2118 732/786/2118
f 1164/1008/2119 732/786/2119 186/788/2119
f 148/737/2120 673/815/2120 1165/1009/2120
f 282/91/2121 432/1407/2121 1165/1009/2121
f 1165/1009/2122 432/1407/2122 290/118/2122
f 749/735/2123 1165/1009/2123 675/832/2123
f 189/748/2124 734/934/2124 1166/1010/2124
f 734/934/2125 191/913/2125 736/912/2125
f 1166/1010/2126 736/912/2126 196/1011/2126
f 759/749/2127 1166/1010/2127 762/1012/2127
f 272/950/2128 917/1014/2128 1167/1013/2128
f 917/1014/2129 153/766/2129 694/949/2129
f 1167/1013/2130 694/949/2130 155/775/2130
f 726/953/2131 1167/1013/2131 693/945/2131
f 774/1015/2132 1168/1019/2132 775/1016/2132
f 200/1018/2133 725/1020/2133 1168/1019/2133
f 725/1020/2134 206/1410/2134 723/1021/2134
f 1168/1019/2135 723/1021/2135 201/1022/2135
f 718/1023/2136 1169/1027/2136 776/1024/2136
f 204/1026/2137 721/1028/2137 1169/1027/2137
f 721/1028/2138 182/1044/2138 777/1029/2138
f 1169/1027/2139 777/1029/2139 208/1030/2139
f 199/1031/2140 716/1034/2140 1170/1032/2140
f 716/1034/2141 200/1018/2141 774/1015/2141
f 1170/1032/2142 774/1015/2142 207/1017/2142
f 781/1033/2143 1170/1032/2143 779/1035/2143
f 183/1037/2144 722/1040/2144 1171/1038/2144
f 722/1040/2145 199/1031/2145 781/1033/2145
f 1171/1038/2146 781/1033/2146 209/1036/2146
f 782/1039/2147 1171/1038/2147 780/1041/2147
f 777/1029/2148 1172/1045/2148 778/1043/2148
f 182/1044/2149 724/1046/2149 1172/1045/2149
f 724/1046/2150 183/1037/2150 782/1039/2150
f 1172/1045/2151 782/1039/2151 210/1042/2151
f 205/1047/2152 719/1050/2152 1173/1048/2152
f 719/1050/2153 203/1025/2153 776/1024/2153
f 1173/1048/2154 776/1024/2154 208/1030/2154
f 783/1049/2155 1173/1048/2155 778/1043/2155
f 202/1051/2156 720/1054/2156 1174/1052/2156
f 720/1054/2157 205/1047/2157 783/1049/2157
f 1174/1052/2158 783/1049/2158 210/1042/2158
f 784/1053/2159 1174/1052/2159 780/1041/2159
f 207/1017/2160 775/1016/2160 1175/1055/2160
f 775/1016/2161 201/1022/2161 717/1056/2161
f 1175/1055/2162 717/1056/2162 202/1051/2162
f 1175/1055/2163 784/1053/2163 209/1036/2163
f 211/987/2164 795/999/2164 1176/1057/2164
f 795/999/2165 212/959/2165 654/1059/2165
f 1176/1057/2166 654/1059/2166 145/868/2166
f 651/1058/2167 1176/1057/2167 652/1060/2167
f 792/1062/2168 1177/1063/2168 655/736/2168
f 218/758/2169 796/993/2169 1177/1063/2169
f 796/993/2170 217/982/2170 791/1064/2170
f 1177/1063/2171 791/1064/2171 148/737/2171
f 768/1065/2172 1178/1066/2172 767/904/2172
f 768/1065/2173 220/962/2173 797/990/2173
f 797/990/2174 211/987/2174 651/1058/2174
f 1178/1066/2175 651/1058/2175 144/1061/2175
f 791/1064/2176 1179/1067/2176 657/813/2176
f 217/982/2177 798/981/2177 1179/1067/2177
f 798/981/2178 213/970/2178 656/1068/2178
f 1179/1067/2179 656/1068/2179 163/811/2179
f 700/1069/2180 1180/1070/2180 663/793/2180
f 214/969/2181 799/977/2181 1180/1070/2181
f 799/977/2182 215/785/2182 686/784/2182
f 663/793/2183 1180/1070/2183 686/784/2183
f 163/811/2184 656/1068/2184 1181/1071/2184
f 656/1068/2185 213/970/2185 800/967/2185
f 1181/1071/2186 800/967/2186 214/969/2186
f 695/817/2187 1181/1071/2187 700/1069/2187
f 212/959/2188 802/958/2188 1182/1072/2188
f 802/958/2189 219/753/2189 793/1073/2189
f 1182/1072/2190 793/1073/2190 172/864/2190
f 654/1059/2191 1182/1072/2191 653/865/2191
f 790/964/2192 1183/1076/2192 720/1074/2192
f 216/780/2193 803/779/2193 1183/1076/2193
f 803/779/2194 215/785/2194 789/976/2194
f 1183/1076/2195 789/976/2195 205/979/2195
f 793/1073/2196 1184/1077/2196 703/860/2196
f 219/753/2197 804/752/2197 1184/1077/2197
f 804/752/2198 218/758/2198 792/1062/2198
f 1184/1077/2199 792/1062/2199 150/742/2199
f 305/938/2200 806/937/2200 1185/1078/2200
f 806/937/2201 191/913/2201 751/933/2201
f 1185/1078/2202 751/933/2202 193/828/2202
f 807/1079/2203 1185/1078/2203 754/877/2203
f 303/874/2204 688/873/2204 1186/1080/2204
f 165/850/2205 808/883/2205 1186/1080/2205
f 808/883/2206 223/881/2206 810/1082/2206
f 809/1081/2207 1186/1080/2207 810/1082/2207
f 670/743/2208 1187/1085/2208 812/1084/2208
f 152/745/2209 770/930/2209 1187/1085/2209
f 770/930/2210 171/781/2210 811/1086/2210
f 1187/1085/2211 811/1086/2211 225/1087/2211
f 768/1065/2212 1188/1089/2212 813/1088/2212
f 192/901/2213 750/919/2213 1188/1089/2213
f 1188/1089/2214 750/919/2214 161/746/2214
f 813/1088/2215 1188/1089/2215 812/1084/2215
f 216/780/2216 801/960/2216 1189/1090/2216
f 801/960/2217 220/962/2217 813/1088/2217
f 1189/1090/2218 813/1088/2218 225/1087/2218
f 687/778/2219 1189/1090/2219 811/1086/2219
f 226/1091/2220 815/1094/2220 1190/1092/2220
f 815/1094/2221 178/880/2221 689/879/2221
f 1190/1092/2222 689/879/2222 166/884/2222
f 814/1093/2223 1190/1092/2223 684/838/2223
f 227/1095/2224 817/1098/2224 1191/1096/2224
f 817/1098/2225 226/1091/2225 814/1093/2225
f 1191/1096/2226 814/1093/2226 174/836/2226
f 816/1097/2227 1191/1096/2227 701/871/2227
f 228/1099/2228 819/1102/2228 1192/1100/2228
f 819/1102/2229 227/1095/2229 816/1097/2229
f 1192/1100/2230 816/1097/2230 168/869/2230
f 818/1101/2231 1192/1100/2231 676/843/2231
f 291/399/2232 820/1104/2232 1193/1103/2232
f 820/1104/2233 228/1099/2233 818/1101/2233
f 1193/1103/2234 818/1101/2234 167/841/2234
f 504/400/2235 1193/1103/2235 677/830/2235
f 292/406/2236 821/1106/2236 1194/1105/2236
f 821/1106/2237 229/1131/2237 822/1107/2237
f 1194/1105/2238 822/1107/2238 228/1108/2238
f 508/407/2239 1194/1105/2239 820/1109/2239
f 293/413/2240 823/1112/2240 1195/1110/2240
f 230/1111/2241 824/1113/2241 1195/1110/2241
f 824/1113/2242 229/1131/2242 821/1106/2242
f 511/414/2243 1195/1110/2243 821/1106/2243
f 294/419/2244 825/1115/2244 1196/1114/2244
f 825/1115/2245 231/1120/2245 826/1116/2245
f 1196/1114/2246 826/1116/2246 230/1111/2246
f 514/420/2247 1196/1114/2247 823/1112/2247
f 295/425/2248 827/1118/2248 1197/1117/2248
f 827/1118/2249 232/1146/2249 828/1119/2249
f 1197/1117/2250 828/1119/2250 231/1120/2250
f 517/426/2251 1197/1117/2251 825/1115/2251
f 691/1121/2252 1198/1124/2252 587/433/2252
f 185/1123/2253 830/1125/2253 1198/1124/2253
f 830/1125/2254 263/1315/2254 895/1126/2254
f 1198/1124/2255 895/1126/2255 299/434/2255
f 227/1127/2256 819/1130/2256 1199/1128/2256
f 819/1130/2257 228/1108/2257 822/1107/2257
f 1199/1128/2258 822/1107/2258 229/1131/2258
f 831/1129/2259 1199/1128/2259 832/1132/2259
f 235/1134/2260 834/1137/2260 1200/1135/2260
f 834/1137/2261 234/1133/2261 832/1132/2261
f 1200/1135/2262 832/1132/2262 229/1131/2262
f 833/1136/2263 1200/1135/2263 824/1113/2263
f 836/1138/2264 1201/1141/2264 835/1139/2264
f 836/1138/2265 235/1134/2265 833/1136/2265
f 1201/1141/2266 833/1136/2266 230/1111/2266
f 1201/1141/2267 826/1116/2267 231/1120/2267
f 838/1142/2268 1202/1145/2268 837/1143/2268
f 236/1140/2269 835/1139/2269 1202/1145/2269
f 835/1139/2270 231/1120/2270 828/1119/2270
f 1202/1145/2271 828/1119/2271 232/1146/2271
f 297/456/2272 840/1148/2272 1203/1147/2272
f 840/1148/2273 238/1180/2273 839/1149/2273
f 1203/1147/2274 839/1149/2274 232/1146/2274
f 519/457/2275 1203/1147/2275 827/1118/2275
f 841/1150/2276 1204/1154/2276 843/1151/2276
f 239/1153/2277 842/1155/2277 1204/1154/2277
f 842/1155/2278 190/1411/2278 805/1156/2278
f 1204/1154/2279 805/1156/2279 221/1157/2279
f 242/1158/2280 844/1161/2280 1205/1159/2280
f 844/1161/2281 241/1168/2281 845/1162/2281
f 1205/1159/2282 845/1162/2282 239/1153/2282
f 1205/1159/2283 841/1150/2283 240/1152/2283
f 244/1163/2284 847/1166/2284 1206/1164/2284
f 847/1166/2285 243/1170/2285 848/1167/2285
f 1206/1164/2286 848/1167/2286 241/1168/2286
f 849/1165/2287 1206/1164/2287 844/1161/2287
f 847/1166/2288 1207/1172/2288 851/1169/2288
f 847/1166/2289 244/1163/2289 850/1171/2289
f 850/1171/2290 224/1412/2290 810/1173/2290
f 1207/1172/2291 810/1173/2291 223/1174/2291
f 838/1142/2292 1208/1176/2292 853/1175/2292
f 237/1144/2293 852/1177/2293 1208/1176/2293
f 852/1177/2294 241/1168/2294 848/1167/2294
f 1208/1176/2295 848/1167/2295 243/1170/2295
f 237/1144/2296 837/1143/2296 1209/1178/2296
f 837/1143/2297 232/1146/2297 839/1149/2297
f 1209/1178/2298 839/1149/2298 238/1180/2298
f 854/1179/2299 1209/1178/2299 855/1181/2299
f 845/1162/2300 1210/1184/2300 856/1183/2300
f 241/1168/2301 852/1177/2301 1210/1184/2301
f 852/1177/2302 237/1144/2302 854/1179/2302
f 1210/1184/2303 854/1179/2303 245/1182/2303
f 226/1185/2304 817/1188/2304 1211/1186/2304
f 817/1188/2305 227/1127/2305 831/1129/2305
f 831/1129/2306 234/1133/2306 858/1189/2306
f 1211/1186/2307 858/1189/2307 246/1190/2307
f 247/1191/2308 860/1194/2308 1212/1192/2308
f 246/1190/2309 858/1189/2309 1212/1192/2309
f 1212/1192/2310 858/1189/2310 234/1133/2310
f 859/1193/2311 1212/1192/2311 834/1137/2311
f 857/1187/2312 1213/1196/2312 815/1195/2312
f 246/1190/2313 860/1194/2313 1213/1196/2313
f 860/1194/2314 247/1191/2314 861/1197/2314
f 1213/1196/2315 861/1197/2315 178/1198/2315
f 851/1169/2316 1214/1200/2316 862/1199/2316
f 223/1174/2317 690/1413/2317 1214/1200/2317
f 1214/1200/2318 690/1413/2318 178/1198/2318
f 1214/1200/2319 861/1197/2319 247/1191/2319
f 836/1138/2320 1215/1201/2320 859/1193/2320
f 236/1140/2321 853/1175/2321 1215/1201/2321
f 853/1175/2322 243/1170/2322 862/1199/2322
f 1215/1201/2323 862/1199/2323 247/1191/2323
f 870/1202/2324 1216/1206/2324 872/1203/2324
f 252/1205/2325 871/1207/2325 1216/1206/2325
f 871/1207/2326 224/1412/2326 850/1171/2326
f 872/1203/2327 1216/1206/2327 850/1171/2327
f 254/1208/2328 869/1211/2328 1217/1209/2328
f 869/1211/2329 255/1204/2329 872/1203/2329
f 1217/1209/2330 872/1203/2330 244/1163/2330
f 873/1210/2331 1217/1209/2331 849/1165/2331
f 253/1212/2332 868/1215/2332 1218/1213/2332
f 868/1215/2333 254/1208/2333 873/1210/2333
f 1218/1213/2334 873/1210/2334 242/1158/2334
f 874/1214/2335 1218/1213/2335 846/1160/2335
f 250/1216/2336 867/1219/2336 1219/1217/2336
f 867/1219/2337 253/1212/2337 874/1214/2337
f 1219/1217/2338 874/1214/2338 240/1152/2338
f 875/1218/2339 1219/1217/2339 843/1151/2339
f 306/1220/2340 863/1223/2340 1220/1221/2340
f 863/1223/2341 250/1361/2341 875/1224/2341
f 1220/1221/2342 875/1224/2342 221/1225/2342
f 876/1222/2343 1220/1221/2343 752/1226/2343
f 865/1228/2344 1221/1232/2344 877/1229/2344
f 251/1231/2345 926/1233/2345 1221/1232/2345
f 926/1233/2346 222/1374/2346 925/1234/2346
f 1221/1232/2347 925/1234/2347 194/1235/2347
f 864/1236/2348 1222/1239/2348 927/1237/2348
f 249/1230/2349 877/1229/2349 1222/1239/2349
f 877/1229/2350 194/1235/2350 924/1240/2350
f 1222/1239/2351 924/1240/2351 177/1241/2351
f 224/1242/2352 871/1245/2352 1223/1243/2352
f 871/1245/2353 252/1357/2353 866/1246/2353
f 1223/1243/2354 866/1246/2354 248/1247/2354
f 809/1244/2355 1223/1243/2355 878/1248/2355
f 308/1250/2356 880/1254/2356 1224/1251/2356
f 254/1253/2357 868/1255/2357 1224/1251/2357
f 868/1255/2358 253/1365/2358 923/1256/2358
f 879/1252/2359 1224/1251/2359 923/1256/2359
f 928/1258/2360 1225/1262/2360 881/1259/2360
f 274/1261/2361 931/1263/2361 1225/1262/2361
f 931/1263/2362 251/1231/2362 865/1228/2362
f 1225/1262/2363 865/1228/2363 249/1230/2363
f 256/1260/2364 881/1259/2364 1226/1264/2364
f 881/1259/2365 249/1230/2365 864/1236/2365
f 1226/1264/2366 864/1236/2366 307/1238/2366
f 1226/1264/2367 930/1266/2367 273/1267/2367
f 869/1268/2368 1227/1271/2368 921/1269/2368
f 869/1268/2369 254/1253/2369 880/1254/2369
f 880/1254/2370 308/1250/2370 919/1272/2370
f 1227/1271/2371 919/1272/2371 310/1273/2371
f 298/592/2372 883/1275/2372 1228/1274/2372
f 883/1275/2373 257/1283/2373 882/1276/2373
f 1228/1274/2374 882/1276/2374 238/1277/2374
f 530/593/2375 1228/1274/2375 840/1278/2375
f 245/1279/2376 855/1282/2376 1229/1280/2376
f 855/1282/2377 238/1277/2377 882/1276/2377
f 1229/1280/2378 882/1276/2378 257/1283/2378
f 884/1281/2379 1229/1280/2379 885/1284/2379
f 239/1286/2380 856/1289/2380 1230/1287/2380
f 856/1289/2381 245/1279/2381 884/1281/2381
f 1230/1287/2382 884/1281/2382 258/1285/2382
f 886/1288/2383 1230/1287/2383 887/1290/2383
f 190/1292/2384 842/1295/2384 1231/1293/2384
f 842/1295/2385 239/1286/2385 886/1288/2385
f 1231/1293/2386 886/1288/2386 259/1291/2386
f 888/1294/2387 1231/1293/2387 889/1296/2387
f 740/1298/2388 1232/1301/2388 890/1299/2388
f 740/1298/2389 190/1292/2389 888/1294/2389
f 1232/1301/2390 888/1294/2390 260/1297/2390
f 1232/1301/2391 891/1302/2391 261/1303/2391
f 268/1304/2392 899/1307/2392 1233/1305/2392
f 899/1307/2393 267/1329/2393 760/1308/2393
f 1233/1305/2394 760/1308/2394 198/1300/2394
f 893/1306/2395 1233/1305/2395 890/1299/2395
f 669/770/2396 1234/1309/2396 764/820/2396
f 269/926/2397 908/762/2397 1234/1309/2397
f 908/762/2398 265/759/2398 739/896/2398
f 1234/1309/2399 739/896/2399 176/821/2399
f 698/1310/2400 1235/1312/2400 830/1125/2400
f 179/1311/2401 892/1313/2401 1235/1312/2401
f 892/1313/2402 262/1332/2402 896/1314/2402
f 1235/1312/2403 896/1314/2403 263/1315/2403
f 197/750/2404 762/1012/2404 1236/1316/2404
f 762/1012/2405 196/1011/2405 758/1317/2405
f 1236/1316/2406 758/1317/2406 264/941/2406
f 905/761/2407 1236/1316/2407 906/897/2407
f 902/1318/2408 1237/1320/2408 636/641/2408
f 266/1319/2409 901/1396/2409 1237/1320/2409
f 1237/1320/2410 901/1396/2410 312/1321/2410
f 636/641/2411 1237/1320/2411 941/1322/2411
f 296/648/2412 829/1324/2412 1238/1323/2412
f 829/1324/2413 233/1388/2413 942/1325/2413
f 1238/1323/2414 942/1325/2414 314/1326/2414
f 639/649/2415 1238/1323/2415 943/1327/2415
f 894/1328/2416 1239/1330/2416 892/1313/2416
f 267/1329/2417 899/1307/2417 1239/1330/2417
f 899/1307/2418 268/1304/2418 900/1331/2418
f 1239/1330/2419 900/1331/2419 262/1332/2419
f 196/1011/2420 761/911/2420 1240/1333/2420
f 761/911/2421 198/909/2421 760/1334/2421
f 1240/1333/2422 760/1334/2422 267/1335/2422
f 758/1317/2423 1240/1333/2423 897/943/2423
f 746/867/2424 1241/1336/2424 652/1060/2424
f 146/840/2425 741/848/2425 1241/1336/2425
f 741/848/2426 164/846/2426 745/905/2426
f 1241/1336/2427 745/905/2427 144/1061/2427
f 895/1126/2428 1242/1337/2428 644/663/2428
f 263/1315/2429 946/1402/2429 1242/1337/2429
f 1242/1337/2430 946/1402/2430 316/1338/2430
f 1242/1337/2431 947/1339/2431 315/664/2431
f 910/1340/2432 1243/1342/2432 606/671/2432
f 270/1341/2433 911/1343/2433 1243/1342/2433
f 911/1343/2434 271/1345/2434 912/1344/2434
f 1243/1342/2435 912/1344/2435 302/672/2435
f 912/1344/2436 1244/1346/2436 361/675/2436
f 271/1345/2437 697/1347/2437 1244/1346/2437
f 697/1347/2438 266/1319/2438 902/1318/2438
f 1244/1346/2439 902/1318/2439 300/676/2439
f 261/1303/2440 891/1302/2440 1245/1348/2440
f 891/1302/2441 260/1297/2441 904/1350/2441
f 1245/1348/2442 904/1350/2442 266/1319/2442
f 913/1349/2443 1245/1348/2443 697/1347/2443
f 893/1306/2444 1246/1352/2444 914/1351/2444
f 893/1306/2445 261/1303/2445 913/1349/2445
f 1246/1352/2446 913/1349/2446 271/1345/2446
f 914/1351/2447 1246/1352/2447 911/1343/2447
f 947/1339/2448 1247/1353/2448 647/686/2448
f 316/1338/2449 948/1354/2449 1247/1353/2449
f 948/1354/2450 318/1397/2450 949/1355/2450
f 1247/1353/2451 949/1355/2451 317/687/2451
f 660/764/2452 1248/1356/2452 696/928/2452
f 153/766/2453 917/1014/2453 1248/1356/2453
f 917/1014/2454 272/950/2454 918/952/2454
f 1248/1356/2455 918/952/2455 169/856/2455
f 252/1357/2456 870/1359/2456 1249/1358/2456
f 255/1270/2457 921/1269/2457 1249/1358/2457
f 921/1269/2458 310/1273/2458 920/1360/2458
f 866/1246/2459 1249/1358/2459 920/1360/2459
f 250/1361/2460 863/1223/2460 1250/1362/2460
f 863/1223/2461 306/1220/2461 922/1364/2461
f 1250/1362/2462 922/1364/2462 309/1257/2462
f 867/1363/2463 1250/1362/2463 923/1256/2463
f 765/1366/2464 1251/1370/2464 932/1367/2464
f 765/1366/2465 303/1249/2465 933/1369/2465
f 1251/1370/2466 933/1369/2466 177/1241/2466
f 1251/1370/2467 924/1240/2467 194/1235/2467
f 807/1371/2468 1252/1373/2468 934/1372/2468
f 304/1368/2469 932/1367/2469 1252/1373/2469
f 932/1367/2470 194/1235/2470 925/1234/2470
f 1252/1373/2471 925/1234/2471 222/1374/2471
f 306/1220/2472 876/1222/2472 1253/1375/2472
f 305/1227/2473 934/1372/2473 1253/1375/2473
f 934/1372/2474 222/1374/2474 926/1233/2474
f 935/1376/2475 1253/1375/2475 926/1233/2475
f 933/1369/2476 1254/1377/2476 927/1237/2476
f 303/1249/2477 878/1248/2477 1254/1377/2477
f 878/1248/2478 248/1247/2478 936/1378/2478
f 1254/1377/2479 936/1378/2479 307/1238/2479
f 879/1252/2480 1255/1380/2480 937/1379/2480
f 309/1257/2481 938/1381/2481 1255/1380/2481
f 938/1381/2482 274/1261/2482 928/1258/2482
f 1255/1380/2483 928/1258/2483 256/1260/2483
f 919/1272/2484 1256/1383/2484 939/1382/2484
f 308/1250/2485 937/1379/2485 1256/1383/2485
f 937/1379/2486 256/1260/2486 929/1265/2486
f 1256/1383/2487 929/1265/2487 273/1267/2487
f 936/1378/2488 1257/1384/2488 930/1266/2488
f 248/1247/2489 920/1360/2489 1257/1384/2489
f 1257/1384/2490 920/1360/2490 310/1273/2490
f 1257/1384/2491 939/1382/2491 273/1267/2491
f 938/1381/2492 1258/1385/2492 931/1263/2492
f 309/1257/2493 922/1364/2493 1258/1385/2493
f 922/1364/2494 306/1220/2494 935/1376/2494
f 1258/1385/2495 935/1376/2495 251/1231/2495
f 311/642/2496 941/1322/2496 1259/1386/2496
f 941/1322/2497 312/1321/2497 940/1387/2497
f 1259/1386/2498 940/1387/2498 233/1388/2498
f 520/719/2499 1259/1386/2499 829/1324/2499
f 313/650/2500 943/1327/2500 1260/1389/2500
f 314/1326/2501 903/1391/2501 1260/1389/2501
f 1260/1389/2502 903/1391/2502 257/1283/2502
f 575/722/2503 1260/1389/2503 883/1275/2503
f 885/1284/2504 1261/1392/2504 944/1390/2504
f 885/1284/2505 257/1283/2505 903/1391/2505
f 903/1391/2506 314/1326/2506 942/1325/2506
f 1261/1392/2507 942/1325/2507 233/1388/2507
f 887/1290/2508 1262/1394/2508 945/1393/2508
f 258/1285/2509 944/1390/2509 1262/1394/2509
f 944/1390/2510 233/1388/2510 940/1387/2510
f 1262/1394/2511 940/1387/2511 312/1321/2511
f 260/1297/2512 889/1296/2512 1263/1395/2512
f 259/1291/2513 945/1393/2513 1263/1395/2513
f 945/1393/2514 312/1321/2514 901/1396/2514
f 904/1350/2515 1263/1395/2515 901/1396/2515
f 949/1355/2516 1264/1398/2516 603/730/2516
f 318/1397/2517 909/1399/2517 1264/1398/2517
f 909/1399/2518 270/1341/2518 910/1340/2518
f 1264/1398/2519 910/1340/2519 301/731/2519
f 900/1331/2520 1265/1401/2520 950/1400/2520
f 268/1304/2521 914/1351/2521 1265/1401/2521
f 1265/1401/2522 914/1351/2522 270/1341/2522
f 1265/1401/2523 909/1399/2523 318/1397/2523
f 896/1314/2524 1266/1403/2524 946/1402/2524
f 262/1332/2525 950/1400/2525 1266/1403/2525
f 950/1400/2526 318/1397/2526 948/1354/2526
f 1266/1403/2527 948/1354/2527 316/1338/2527
