# Blender 5.2.2 LTS
# www.blender.org
o VendingMachine.002
v 1.312091 -2.572905 -1.022121
v 1.312091 -2.572905 0.227399
v -1.312091 -2.416018 -1.022121
v 1.138431 -2.572905 0.227399
v 1.138431 -2.572905 0.641557
v 1.138431 -2.572905 -1.022121
v 1.312091 -2.416018 -1.022121
v 0.944741 -2.572905 1.022121
v 0.559479 -2.416018 -1.022121
v 0.910808 -2.572905 0.641557
v 0.559479 -2.416018 1.022121
v 1.030477 -2.572905 1.022121
v -1.228083 -2.416018 -1.022121
v 1.030477 -2.572905 0.641557
v 0.910808 -2.572905 0.227399
v -1.228083 -2.416018 1.022121
v 1.030477 -2.572905 0.227399
v -1.312091 2.349650 -1.022121
v 1.312091 2.349650 -1.022121
v 1.030477 -2.572905 -1.022121
v 0.559479 2.349650 1.022121
v 0.559479 2.349650 -1.022121
v -1.228083 2.349650 -1.022121
v -1.228083 2.349650 1.022121
v -1.312091 -0.844937 -1.022121
v 1.312091 -0.844937 -1.022121
v -1.312091 -2.572905 0.992585
v 0.559479 -0.844937 1.022121
v 0.721696 -1.622427 -1.119783
v -1.228083 -0.844937 -1.022121
v -1.228083 -0.844937 1.022121
v -1.312091 -2.572905 0.641557
v -1.312091 -1.622427 -1.022121
v 1.312091 -1.622427 -1.022121
v 0.816252 -2.572905 1.022121
v 0.559479 -1.622427 1.022121
v 0.559479 -1.622427 -1.022121
v -1.228083 -1.622427 -1.022121
v -1.228083 -1.622427 1.022121
v 0.816252 -2.572905 0.641557
v -1.312091 -2.416018 0.641557
v 0.816252 -2.572905 0.227399
v 1.312091 -2.416018 0.641557
v 0.816252 -2.572905 -1.022121
v 0.559479 2.416018 0.641557
v 0.559479 -2.416018 0.641557
v -1.228083 -2.416018 0.641557
v -1.228083 2.416018 0.641557
v 1.312091 2.349650 0.641557
v -1.312091 2.349650 0.641557
v -1.312091 -0.844937 0.641557
v 1.312091 -0.844937 0.641557
v 1.312091 -1.622427 0.641557
v -1.312091 -1.622427 0.641557
v -1.274176 -2.572905 1.022121
v 1.312091 -2.416018 0.227399
v -1.312091 2.349650 0.227399
v -1.312091 -0.844937 0.227399
v -1.312091 -1.622427 0.227399
v -1.312091 -2.416018 0.227399
v -1.228083 -2.572905 1.022121
v 0.559479 2.416018 0.227399
v 0.559479 -2.416018 0.227399
v -1.228083 -2.416018 0.227399
v -1.228083 2.416018 0.227399
v 1.312091 2.349650 0.227399
v 1.312091 -0.844937 0.227399
v 1.312091 -1.622427 0.227399
v 1.274176 -2.572905 1.022121
v -1.312091 -1.221954 -1.022121
v 1.312091 -1.221954 -1.022121
v 1.138431 -2.572905 1.022121
v 0.559479 -1.221954 1.022121
v 0.559479 -1.221954 -1.022121
v -1.228083 -1.221954 -1.022121
v -1.228083 -1.221954 1.022121
v 1.312091 -1.221954 0.641557
v -1.312091 -1.221954 0.641557
v 1.312091 -1.221954 0.227399
v -1.312091 -1.221954 0.227399
v 1.312091 -2.572905 0.992585
v -0.220911 -2.416018 1.022121
v -0.220911 -2.416018 -1.022121
v 1.312091 -2.572905 0.641557
v -0.220911 2.349650 1.022121
v -0.220911 2.349650 -1.022121
v -0.220911 -0.844937 -1.022121
v -0.220911 -0.844937 1.022121
v -0.220911 -1.622427 1.022121
v -0.220911 -1.622427 -1.022121
v -0.220911 2.416018 0.641557
v -0.220911 -2.416018 0.641557
v -0.220911 -2.416018 0.227399
v -0.220911 2.416018 0.227399
v -0.220911 -1.221954 1.022121
v -0.220911 -1.221954 -1.022121
v 1.274176 -2.483255 1.022121
v 0.488178 -2.416018 1.022121
v 0.488178 2.349650 -1.022121
v 0.488178 -0.844937 -1.022121
v 0.488178 -1.622427 -1.022121
v 0.488178 2.416018 0.641557
v 0.488178 2.416018 0.227399
v 0.488178 -1.221954 -1.022121
v 0.488178 -2.416018 -1.022121
v 1.312091 -2.483255 0.992585
v 0.488178 2.349650 1.022121
v 0.488178 -0.844937 1.022121
v 0.488178 -1.622427 1.022121
v 0.488178 -2.416018 0.641557
v 0.488178 -2.416018 0.227399
v 0.488178 -1.221954 1.022121
v -0.809515 -2.416018 -1.022121
v -1.312091 -2.483255 0.992585
v -0.809515 2.349650 1.022121
v -0.809515 -0.844937 1.022121
v -0.809515 -1.622427 1.022121
v -0.809515 -2.416018 0.641557
v -0.809515 -2.416018 0.227399
v -0.847039 -1.221954 1.022121
v -1.274176 -2.483255 1.022121
v -0.809515 -2.416018 1.022121
v -0.809515 2.349650 -1.022121
v -0.809515 -0.844937 -1.022121
v -0.809515 -1.622427 -1.022121
v -0.809515 2.416018 0.641557
v -0.809515 2.416018 0.227399
v -0.809515 -1.221954 -1.022121
v -1.115585 -2.416018 -1.022121
v 0.816252 -2.483255 1.022121
v -1.115585 2.349650 1.022121
v -1.115585 -0.844937 1.022121
v -1.115585 -1.622427 1.022121
v -1.115585 -2.416018 0.641557
v -1.115585 -2.416018 0.227399
v -1.078061 -1.221954 1.022121
v 0.816252 -2.483255 0.227399
v -1.115585 -2.416018 1.022121
v -1.115585 2.349650 -1.022121
v -1.115585 -0.844937 -1.022121
v -1.115585 -1.622427 -1.022121
v -1.115585 2.416018 0.641557
v -1.115585 2.416018 0.227399
v -1.115585 -1.221954 -1.022121
v 0.816252 -2.483255 0.641557
v -1.312091 -1.057769 -1.022121
v 1.312091 -1.057769 -1.022121
v 0.816252 -2.483255 -1.022121
v 0.559479 -1.057769 1.022121
v 0.559479 -1.057769 -1.022121
v -1.228083 -1.057769 -1.022121
v -1.228083 -1.057769 1.022121
v 1.312091 -1.057769 0.641557
v -1.312091 -1.057769 0.641557
v 1.312091 -1.057769 0.227399
v -1.312091 -1.057769 0.227399
v -0.220911 -1.057769 1.022121
v -0.220911 -1.057769 -1.022121
v 0.488178 -1.057769 1.022121
v 0.488178 -1.057769 -1.022121
v -0.809515 -1.057769 -1.022121
v -0.847039 -1.126864 1.022121
v -1.115585 -1.057769 -1.022121
v -1.078061 -1.126864 1.022121
v -1.312091 -1.379716 -1.022121
v 1.312091 -1.379716 -1.022121
v 1.030477 -2.483255 1.022121
v 0.559479 -1.379716 1.022121
v 0.559479 -1.379716 -1.022121
v -1.228083 -1.379716 -1.022121
v -1.228083 -1.379716 1.022121
v 1.312091 -1.379716 0.641557
v -1.312091 -1.379716 0.641557
v 1.312091 -1.379716 0.227399
v -1.312091 -1.379716 0.227399
v 1.030477 -2.483255 0.227399
v -0.220911 -1.379716 -1.022121
v -0.220911 -1.379716 1.022121
v 0.488178 -1.379716 1.022121
v 0.488178 -1.379716 -1.022121
v -0.809515 -1.379716 -1.022121
v -0.847039 -1.337716 1.022121
v -1.115585 -1.379716 -1.022121
v -1.078061 -1.337716 1.022121
v 0.458559 -1.567888 1.060754
v -0.191292 -1.567888 1.060754
v 0.458559 -1.276492 1.060754
v -0.191292 -1.276492 1.060754
v -0.191292 -1.379716 1.060754
v 0.458559 -1.379716 1.060754
v 0.488178 -1.622427 1.060754
v -0.220911 -1.622427 1.060754
v 0.488178 -1.221954 1.060754
v -0.220911 -1.221954 1.060754
v -0.220911 -1.379716 1.060754
v 0.488178 -1.379716 1.060754
v 0.458559 -1.379716 0.938302
v -0.191292 -1.379716 0.938302
v 0.458559 -1.567888 0.938302
v -0.191292 -1.567888 0.938302
v 0.458559 -1.276492 0.938302
v -0.191292 -1.276492 0.938302
v 0.467909 -1.377008 1.148890
v -0.200643 -1.377008 1.148890
v 0.467909 -1.570596 1.148890
v -0.200643 -1.570596 1.148890
v 0.442248 -1.379648 0.943588
v -0.174981 -1.379648 0.943588
v 0.451129 -1.377076 1.143605
v -0.183862 -1.377076 1.143605
v 0.442248 -1.479890 0.944404
v -0.174981 -1.479890 0.944404
v 0.451129 -1.477319 1.144421
v -0.183862 -1.477319 1.144421
v -0.809515 -1.057769 1.022121
v -0.809515 -1.221954 1.022121
v -1.115585 -1.057769 1.022121
v -1.115585 -1.221954 1.022121
v -0.809515 -1.379716 1.022121
v -1.115585 -1.379716 1.022121
v -0.847039 -1.221954 1.010837
v -1.078061 -1.221954 1.010837
v -0.847039 -1.126864 1.010837
v -1.078061 -1.126864 1.010837
v -0.847039 -1.337716 1.010837
v -1.078061 -1.337716 1.010837
v -0.824009 -1.220580 1.010837
v -1.101092 -1.220580 1.010837
v -0.824009 -1.106531 1.010837
v -1.101092 -1.106531 1.010837
v -0.824009 -1.359422 1.010837
v -1.101092 -1.359422 1.010837
v -0.824009 -1.220580 0.964100
v -1.101092 -1.220580 0.964100
v -0.824009 -1.106531 0.964100
v -1.101092 -1.106531 0.964100
v -0.824009 -1.359422 0.964100
v -1.101092 -1.359422 0.964100
v 1.030477 -2.483255 0.641557
v -1.312091 1.355692 -1.022121
v 1.312091 1.355692 -1.022121
v 1.030477 -2.483255 -1.022121
v 0.559479 1.355692 1.022121
v 0.559479 1.355692 -1.022121
v -1.228083 1.355692 -1.022121
v -1.228083 1.355692 1.022121
v -1.312091 1.355692 0.641557
v 1.312091 1.355692 0.641557
v 1.312091 1.355692 0.227399
v -1.312091 1.355692 0.227399
v -0.220911 1.355692 -1.022121
v 0.488178 1.355692 -1.022121
v -0.809515 1.355692 -1.022121
v -1.115585 1.355692 -1.022121
v 1.138431 -2.483255 0.227399
v -1.312091 1.733132 -1.022121
v 1.312091 1.733132 -1.022121
v 1.138431 -2.483255 0.641557
v 0.559479 1.733132 1.022121
v 0.559479 1.733132 -1.022121
v -1.228083 1.733132 -1.022121
v -1.228083 1.733132 1.022121
v -1.312091 1.733132 0.641557
v 1.312091 1.733132 0.641557
v 1.312091 1.733132 0.227399
v -1.312091 1.733132 0.227399
v -0.220911 1.733132 -1.022121
v 0.488178 1.733132 -1.022121
v -0.809515 1.733132 -1.022121
v -1.115585 1.733132 -1.022121
v -1.312091 0.898016 -1.022121
v 1.312091 0.898016 -1.022121
v 1.138431 -2.483255 -1.022121
v 0.559479 0.898016 1.022121
v 0.559479 0.898016 -1.022121
v -1.228083 0.898016 -1.022121
v -1.228083 0.898016 1.022121
v -1.312091 0.898016 0.641557
v 1.312091 0.898016 0.641557
v 1.312091 0.898016 0.227399
v -1.312091 0.898016 0.227399
v -0.220911 0.898016 -1.022121
v 0.488178 0.898016 -1.022121
v -0.809515 0.898016 -1.022121
v -1.115585 0.898016 -1.022121
v 1.138431 -2.483255 1.022121
v 0.944741 -2.483255 0.227399
v -1.312091 1.292634 -1.022121
v 1.312091 1.292634 -1.022121
v 0.944741 -2.483255 0.641557
v 0.559479 1.292634 1.022121
v 0.559479 1.292634 -1.022121
v -1.228083 1.292634 -1.022121
v -1.228083 1.292634 1.022121
v -1.312091 1.292634 0.641557
v 1.312091 1.292634 0.641557
v 1.312091 1.292634 0.227399
v -1.312091 1.292634 0.227399
v -0.220911 1.292634 -1.022121
v 0.488178 1.292634 -1.022121
v -0.809515 1.292634 -1.022121
v -1.115585 1.292634 -1.022121
v -1.312091 0.852783 -1.022121
v 1.312091 0.852783 -1.022121
v 0.944741 -2.483255 -1.022121
v 0.559479 0.852783 1.022121
v 0.559479 0.852783 -1.022121
v -1.228083 0.852783 -1.022121
v -1.228083 0.852783 1.022121
v -1.312091 0.852783 0.641557
v 1.312091 0.852783 0.641557
v 1.312091 0.852783 0.227399
v -1.312091 0.852783 0.227399
v -0.220911 0.852783 -1.022121
v 0.488178 0.852783 -1.022121
v -0.809515 0.852783 -1.022121
v -1.115585 0.852783 -1.022121
v 0.944741 -2.483255 1.022121
v -1.312091 0.488059 -1.022121
v 1.312091 0.488059 -1.022121
v 0.910808 -2.483255 0.227399
v 0.559479 0.488059 1.022121
v 0.559479 0.488059 -1.022121
v -1.228083 0.488059 -1.022121
v -1.228083 0.488059 1.022121
v -1.312091 0.488059 0.641557
v 1.312091 0.488059 0.641557
v 1.312091 0.488059 0.227399
v -1.312091 0.488059 0.227399
v -0.220911 0.488059 -1.022121
v 0.488178 0.488059 -1.022121
v -0.809515 0.488059 -1.022121
v -1.115585 0.488059 -1.022121
v 0.910808 -2.483255 0.641557
v 0.910808 -2.483255 -1.022121
v 0.721696 -2.416018 1.022121
v 0.721696 -2.416018 -1.022121
v 0.910808 -2.483255 1.022121
v 0.721696 2.349650 1.022121
v 0.721696 2.349650 -1.022121
v 0.559479 -1.622427 -1.119783
v 0.721696 -0.844937 1.022121
v 0.721696 -1.622427 1.022121
v 0.721696 -1.622427 -1.022121
v 0.721696 2.416018 0.641557
v 0.721696 -2.416018 0.641557
v 0.721696 -2.416018 0.227399
v 0.721696 2.416018 0.227399
v 0.721696 -1.221954 1.022121
v 0.721696 -1.221954 -1.022121
v 0.721696 -1.057769 1.022121
v 0.721696 -1.057769 -1.022121
v 0.721696 -1.379716 -1.022121
v 0.721696 -1.379716 1.022121
v 0.721696 1.355692 -1.022121
v 0.721696 1.355692 1.022121
v 0.721696 1.733132 -1.022121
v 0.721696 1.733132 1.022121
v 0.721696 0.898016 1.022121
v 0.721696 0.898016 -1.022121
v 0.721696 1.292634 1.022121
v 0.721696 1.292634 -1.022121
v 0.721696 0.852783 -1.022121
v 0.721696 0.852783 1.022121
v 0.721696 0.488059 1.022121
v 0.721696 0.488059 -1.022121
v 0.721696 -2.483255 0.227399
v 0.910808 -2.416018 1.022121
v 0.910808 2.349650 -1.022121
v 0.910808 -0.844937 -1.022121
v 0.910808 -1.622427 -1.022121
v 0.910808 2.416018 0.641557
v 0.910808 2.416018 0.227399
v 0.910808 -1.221954 -1.022121
v 0.910808 -1.057769 -1.022121
v 0.910808 -1.379716 -1.022121
v 0.910808 1.355692 -1.022121
v 0.910808 1.733132 -1.022121
v 0.910808 0.898016 -1.022121
v 0.910808 1.292634 -1.022121
v 0.910808 0.852783 -1.022121
v 0.910808 0.488059 -1.022121
v 0.910808 -2.416018 -1.022121
v 0.721696 -2.483255 0.641557
v 0.910808 2.349650 1.022121
v 0.910808 -0.844937 1.022121
v 0.910808 -1.622427 1.022121
v 0.910808 -2.416018 0.641557
v 0.910808 -2.416018 0.227399
v 0.910808 -1.221954 1.022121
v 0.910808 -1.057769 1.022121
v 0.910808 -1.379716 1.022121
v 0.910808 1.355692 1.022121
v 0.910808 1.733132 1.022121
v 0.910808 0.898016 1.022121
v 0.910808 1.292634 1.022121
v 0.910808 0.852783 1.022121
v 0.910808 0.488059 1.022121
v 0.721696 -2.483255 -1.022121
v 0.944741 -2.416018 1.022121
v 0.944741 2.349650 -1.022121
v 0.944741 -0.844937 -1.022121
v 0.944741 -1.622427 -1.022121
v 0.944741 2.416018 0.641557
v 0.944741 2.416018 0.227399
v 0.944741 -1.221954 -1.022121
v 0.944741 -1.057769 -1.022121
v 0.944741 -1.379716 -1.022121
v 0.944741 1.355692 -1.022121
v 0.944741 1.733132 -1.022121
v 0.944741 0.898016 -1.022121
v 0.944741 1.292634 -1.022121
v 0.944741 0.852783 -1.022121
v 0.944741 0.488059 -1.022121
v 0.944741 -2.416018 -1.022121
v 0.721696 -2.483255 1.022121
v 0.944741 2.349650 1.022121
v 0.944741 -0.844937 1.022121
v 0.944741 -1.622427 1.022121
v 0.944741 -2.416018 0.641557
v 0.944741 -2.416018 0.227399
v 0.944741 -1.221954 1.022121
v 0.944741 -1.057769 1.022121
v 0.944741 -1.379716 1.022121
v 0.944741 1.355692 1.022121
v 0.944741 1.733132 1.022121
v 0.944741 0.898016 1.022121
v 0.944741 1.292634 1.022121
v 0.944741 0.852783 1.022121
v 0.944741 0.488059 1.022121
v -1.115585 -2.483255 1.022121
v 1.138431 -2.416018 1.022121
v 1.138431 2.349650 -1.022121
v 1.138431 -0.844937 -1.022121
v 1.138431 -1.622427 -1.022121
v 1.138431 2.416018 0.641557
v 1.138431 2.416018 0.227399
v 1.138431 -1.221954 -1.022121
v 1.138431 -1.057769 -1.022121
v 1.138431 -1.379716 -1.022121
v 1.138431 1.355692 -1.022121
v 1.138431 1.733132 -1.022121
v 1.138431 0.898016 -1.022121
v 1.138431 1.292634 -1.022121
v 1.138431 0.852783 -1.022121
v 1.138431 0.488059 -1.022121
v 1.138431 -2.416018 -1.022121
v -1.115585 -2.483255 0.227399
v 1.138431 2.349650 1.022121
v 1.138431 -0.844937 1.022121
v 1.138431 -1.622427 1.022121
v 1.138431 -2.416018 0.641557
v 1.138431 -2.416018 0.227399
v 1.138431 -1.221954 1.022121
v 1.138431 -1.057769 1.022121
v 1.138431 -1.379716 1.022121
v 1.138431 1.355692 1.022121
v 1.138431 1.733132 1.022121
v 1.138431 0.898016 1.022121
v 1.138431 1.292634 1.022121
v 1.138431 0.852783 1.022121
v 1.138431 0.488059 1.022121
v -1.312091 -0.506228 -1.022121
v 1.312091 -0.506228 -1.022121
v -1.115585 -2.483255 0.641557
v 0.559479 -0.506228 1.022121
v 0.559479 -0.506228 -1.022121
v -1.228083 -0.506228 -1.022121
v -1.228083 -0.506228 1.022121
v -1.312091 -0.506228 0.641557
v 1.312091 -0.506228 0.641557
v 1.312091 -0.506228 0.227399
v -1.312091 -0.506228 0.227399
v -0.220911 -0.506228 -1.022121
v 0.488178 -0.506228 -1.022121
v -0.809515 -0.506228 -1.022121
v -1.115585 -0.506228 -1.022121
v -1.115585 -2.483255 -1.022121
v 0.721696 -0.506228 -1.022121
v 0.721696 -0.506228 1.022121
v 0.910808 -0.506228 1.022121
v 0.910808 -0.506228 -1.022121
v 0.944741 -0.506228 1.022121
v 0.944741 -0.506228 -1.022121
v 1.138431 -0.506228 1.022121
v 1.138431 -0.506228 -1.022121
v -0.809515 -2.483255 1.022121
v -1.312091 -0.347503 -1.022121
v 1.312091 -0.347503 -1.022121
v -0.809515 -2.483255 0.227399
v 0.559479 -0.347503 1.022121
v 0.559479 -0.347503 -1.022121
v -1.228083 -0.347503 -1.022121
v -1.228083 -0.347503 1.022121
v -1.312091 -0.347503 0.641557
v 1.312091 -0.347503 0.641557
v 1.312091 -0.347503 0.227399
v -1.312091 -0.347503 0.227399
v -0.220911 -0.347503 -1.022121
v 0.488178 -0.347503 -1.022121
v -0.809515 -0.347503 -1.022121
v -1.115585 -0.347503 -1.022121
v 0.721696 -0.347503 -1.022121
v 0.721696 -0.347503 1.022121
v 0.910808 -0.347503 1.022121
v 0.910808 -0.347503 -1.022121
v 0.944741 -0.347503 1.022121
v 0.944741 -0.347503 -1.022121
v 1.138431 -0.347503 1.022121
v 1.138431 -0.347503 -1.022121
v -0.809515 -2.483255 0.641557
v -1.312091 -0.258420 -1.022121
v 1.312091 -0.258420 -1.022121
v -0.809515 -2.483255 -1.022121
v 0.559479 -0.258420 1.022121
v 0.559479 -0.258420 -1.022121
v -1.228083 -0.258420 -1.022121
v -1.228083 -0.258420 1.022121
v -1.312091 -0.258420 0.641557
v 1.312091 -0.258420 0.641557
v 1.312091 -0.258420 0.227399
v -1.312091 -0.258420 0.227399
v -0.220911 -0.258420 -1.022121
v 0.488178 -0.258420 -1.022121
v -0.809515 -0.258420 -1.022121
v -1.115585 -0.258420 -1.022121
v 0.721696 -0.258420 -1.022121
v 0.721696 -0.258420 1.022121
v 0.910808 -0.258420 1.022121
v 0.910808 -0.258420 -1.022121
v 0.944741 -0.258420 1.022121
v 0.944741 -0.258420 -1.022121
v 1.138431 -0.258420 1.022121
v 1.138431 -0.258420 -1.022121
v 0.488178 -2.483255 0.227399
v -1.312091 -0.096647 -1.022121
v 1.312091 -0.096647 -1.022121
v 0.488178 -2.483255 0.641557
v 0.559479 -0.096647 1.022121
v 0.559479 -0.096647 -1.022121
v -1.228083 -0.096647 -1.022121
v -1.228083 -0.096647 1.022121
v -1.312091 -0.096647 0.641557
v 1.312091 -0.096647 0.641557
v 1.312091 -0.096647 0.227399
v -1.312091 -0.096647 0.227399
v -0.220911 -0.096647 -1.022121
v 0.488178 -0.096647 -1.022121
v -0.809515 -0.096647 -1.022121
v -1.115585 -0.096647 -1.022121
v 0.721696 -0.096647 -1.022121
v 0.721696 -0.096647 1.022121
v 0.910808 -0.096647 1.022121
v 0.910808 -0.096647 -1.022121
v 0.944741 -0.096647 1.022121
v 0.944741 -0.096647 -1.022121
v 1.138431 -0.096647 1.022121
v 1.138431 -0.096647 -1.022121
v 0.488178 -2.483255 -1.022121
v -1.312091 -0.010405 -1.022121
v 1.312091 -0.010405 -1.022121
v 0.488178 -2.483255 1.022121
v 0.559479 -0.010405 1.022121
v 0.559479 -0.010405 -1.022121
v -1.228083 -0.010405 -1.022121
v -1.228083 -0.010405 1.022121
v -1.312091 -0.010405 0.641557
v 1.312091 -0.010405 0.641557
v 1.312091 -0.010405 0.227399
v -1.312091 -0.010405 0.227399
v -0.220911 -0.010405 -1.022121
v 0.488178 -0.010405 -1.022121
v -0.809515 -0.010405 -1.022121
v -1.115585 -0.010405 -1.022121
v 0.721696 -0.010405 -1.022121
v 0.721696 -0.010405 1.022121
v 0.910808 -0.010405 1.022121
v 0.910808 -0.010405 -1.022121
v 0.944741 -0.010405 1.022121
v 0.944741 -0.010405 -1.022121
v 1.138431 -0.010405 1.022121
v 1.138431 -0.010405 -1.022121
v -0.220911 -2.483255 0.227399
v -1.312091 0.155904 -1.022121
v 1.312091 0.155904 -1.022121
v -0.220911 -2.483255 0.641557
v 0.559479 0.155904 1.022121
v 0.559479 0.155904 -1.022121
v -1.228083 0.155904 -1.022121
v -1.228083 0.155904 1.022121
v -1.312091 0.155904 0.641557
v 1.312091 0.155904 0.641557
v 1.312091 0.155904 0.227399
v -1.312091 0.155904 0.227399
v -0.220911 0.155904 -1.022121
v 0.488178 0.155904 -1.022121
v -0.809515 0.155904 -1.022121
v -1.115585 0.155904 -1.022121
v 0.721696 0.155904 -1.022121
v 0.721696 0.155904 1.022121
v 0.910808 0.155904 1.022121
v 0.910808 0.155904 -1.022121
v 0.944741 0.155904 1.022121
v 0.944741 0.155904 -1.022121
v 1.138431 0.155904 1.022121
v 1.138431 0.155904 -1.022121
v -0.220911 -2.483255 -1.022121
v -1.312091 0.247300 -1.022121
v 1.312091 0.247300 -1.022121
v -0.220911 -2.483255 1.022121
v 0.559479 0.247300 1.022121
v 0.559479 0.247300 -1.022121
v -1.228083 0.247300 -1.022121
v -1.228083 0.247300 1.022121
v -1.312091 0.247300 0.641557
v 1.312091 0.247300 0.641557
v 1.312091 0.247300 0.227399
v -1.312091 0.247300 0.227399
v -0.220911 0.247300 -1.022121
v 0.488178 0.247300 -1.022121
v -0.809515 0.247300 -1.022121
v -1.115585 0.247300 -1.022121
v 0.721696 0.247300 -1.022121
v 0.721696 0.247300 1.022121
v 0.910808 0.247300 1.022121
v 0.910808 0.247300 -1.022121
v 0.944741 0.247300 1.022121
v 0.944741 0.247300 -1.022121
v 1.138431 0.247300 1.022121
v 1.138431 0.247300 -1.022121
v -1.228083 -2.483255 0.227399
v -1.312091 0.407806 -1.022121
v 1.312091 0.407806 -1.022121
v 0.559479 -2.483255 0.227399
v 0.559479 0.407806 1.022121
v 0.559479 0.407806 -1.022121
v -1.228083 0.407806 -1.022121
v -1.228083 0.407806 1.022121
v -1.312091 0.407806 0.641557
v 1.312091 0.407806 0.641557
v 1.312091 0.407806 0.227399
v -1.312091 0.407806 0.227399
v -0.220911 0.407806 -1.022121
v 0.488178 0.407806 -1.022121
v -0.809515 0.407806 -1.022121
v -1.115585 0.407806 -1.022121
v 0.721696 0.407806 -1.022121
v 0.721696 0.407806 1.022121
v 0.910808 0.407806 1.022121
v 0.910808 0.407806 -1.022121
v 0.944741 0.407806 1.022121
v 0.944741 0.407806 -1.022121
v 1.138431 0.407806 1.022121
v 1.138431 0.407806 -1.022121
v 0.910808 0.852783 1.022121
v 0.721696 0.852783 1.022121
v 0.910808 0.488059 1.022121
v 0.721696 0.488059 1.022121
v 0.944741 0.852783 1.022121
v 0.944741 0.488059 1.022121
v 1.138431 0.852783 1.022121
v 1.138431 0.488059 1.022121
v 0.721696 -0.347503 1.022121
v 0.721696 -0.506228 1.022121
v 0.910808 -0.347503 1.022121
v 0.910808 -0.506228 1.022121
v 0.944741 -0.347503 1.022121
v 0.944741 -0.506228 1.022121
v 1.138431 -0.347503 1.022121
v 1.138431 -0.506228 1.022121
v 0.721696 -0.096647 1.022121
v 0.721696 -0.258420 1.022121
v 0.910808 -0.096647 1.022121
v 0.910808 -0.258420 1.022121
v 0.944741 -0.096647 1.022121
v 0.944741 -0.258420 1.022121
v 1.138431 -0.096647 1.022121
v 1.138431 -0.258420 1.022121
v 0.721696 0.155904 1.022121
v 0.721696 -0.010405 1.022121
v 0.910808 0.155904 1.022121
v 0.910808 -0.010405 1.022121
v 0.944741 0.155904 1.022121
v 0.944741 -0.010405 1.022121
v 1.138431 0.155904 1.022121
v 1.138431 -0.010405 1.022121
v 0.721696 0.407806 1.022121
v 0.721696 0.247300 1.022121
v 0.910808 0.407806 1.022121
v 0.910808 0.247300 1.022121
v 0.944741 0.407806 1.022121
v 0.944741 0.247300 1.022121
v 1.138431 0.407806 1.022121
v 1.138431 0.247300 1.022121
v 0.910808 0.852783 1.060390
v 0.721696 0.852783 1.060390
v 0.910808 0.488059 1.060390
v 0.721696 0.488059 1.060390
v 0.944741 0.852783 1.060390
v 0.944741 0.488059 1.060390
v 1.138431 0.852783 1.060390
v 1.138431 0.488059 1.060390
v 0.721696 -0.347503 1.060390
v 0.721696 -0.506228 1.060390
v 0.910808 -0.347503 1.060390
v 0.910808 -0.506228 1.060390
v 0.944741 -0.347503 1.060390
v 0.944741 -0.506228 1.060390
v 1.138431 -0.347503 1.060390
v 1.138431 -0.506228 1.060390
v 0.721696 -0.096647 1.060390
v 0.721696 -0.258420 1.060390
v 0.910808 -0.096647 1.060390
v 0.910808 -0.258420 1.060390
v 0.944741 -0.096647 1.060390
v 0.944741 -0.258420 1.060390
v 1.138431 -0.096647 1.060390
v 1.138431 -0.258420 1.060390
v 0.721696 0.155904 1.060390
v 0.721696 -0.010405 1.060390
v 0.910808 0.155904 1.060390
v 0.910808 -0.010405 1.060390
v 0.944741 0.155904 1.060390
v 0.944741 -0.010405 1.060390
v 1.138431 0.155904 1.060390
v 1.138431 -0.010405 1.060390
v 0.721696 0.407806 1.060390
v 0.721696 0.247300 1.060390
v 0.910808 0.407806 1.060390
v 0.910808 0.247300 1.060390
v 0.944741 0.407806 1.060390
v 0.944741 0.247300 1.060390
v 1.138431 0.407806 1.060390
v 1.138431 0.247300 1.060390
v 1.030477 -2.416018 -1.022121
v -1.312091 -2.483255 0.227399
v 1.030477 2.349650 1.022121
v 1.030477 -0.844937 1.022121
v 1.030477 -1.622427 1.022121
v 1.030477 -2.416018 0.641557
v 1.030477 -2.416018 0.227399
v 1.030477 -1.221954 1.022121
v 1.030477 -1.057769 1.022121
v 1.030477 -1.379716 1.022121
v 1.030477 1.355692 1.022121
v 1.030477 1.733132 1.022121
v 1.030477 0.898016 1.022121
v 1.030477 1.292634 1.022121
v 1.030477 0.852783 1.022121
v 1.030477 0.488059 1.022121
v 1.312091 -2.483255 0.227399
v 1.030477 -2.416018 1.022121
v 1.030477 2.349650 -1.022121
v 1.030477 -0.844937 -1.022121
v 1.030477 -1.622427 -1.022121
v 1.030477 2.416018 0.641557
v 1.030477 2.416018 0.227399
v 1.030477 -1.221954 -1.022121
v 1.030477 -1.057769 -1.022121
v 1.030477 -1.379716 -1.022121
v 1.030477 1.355692 -1.022121
v 1.030477 1.733132 -1.022121
v 1.030477 0.898016 -1.022121
v 1.030477 1.292634 -1.022121
v 1.030477 0.852783 -1.022121
v 1.030477 0.488059 -1.022121
v 1.030477 -0.506228 -1.022121
v 1.030477 -0.506228 1.022121
v 1.030477 -0.347503 -1.022121
v 1.030477 -0.347503 1.022121
v 1.030477 -0.258420 -1.022121
v 1.030477 -0.258420 1.022121
v 1.030477 -0.096647 -1.022121
v 1.030477 -0.096647 1.022121
v 1.030477 -0.010405 -1.022121
v 1.030477 -0.010405 1.022121
v 1.030477 0.155904 -1.022121
v 1.030477 0.155904 1.022121
v 1.030477 0.247300 -1.022121
v 1.030477 0.247300 1.022121
v 1.030477 0.407806 -1.022121
v 1.030477 0.407806 1.022121
v 1.030477 0.852783 1.022121
v 1.030477 0.488059 1.022121
v 1.030477 -0.506228 1.022121
v 1.030477 -0.347503 1.022121
v 1.030477 -0.258420 1.022121
v 1.030477 -0.096647 1.022121
v 1.030477 -0.010405 1.022121
v 1.030477 0.155904 1.022121
v 1.030477 0.247300 1.022121
v 1.030477 0.407806 1.022121
v 1.030477 0.852783 1.060390
v 1.030477 0.488059 1.060390
v 1.030477 -0.506228 1.060390
v 1.030477 -0.347503 1.060390
v 1.030477 -0.258420 1.060390
v 1.030477 -0.096647 1.060390
v 1.030477 -0.010405 1.060390
v 1.030477 0.155904 1.060390
v 1.030477 0.247300 1.060390
v 1.030477 0.407806 1.060390
v 0.910808 0.898016 1.045989
v 0.721696 0.898016 1.045989
v 0.910808 1.292634 1.045989
v 0.721696 1.292634 1.045989
v 0.944741 0.898016 1.045989
v 0.944741 1.292634 1.045989
v 1.030477 0.898016 1.045989
v 1.030477 1.292634 1.045989
v -1.312091 1.063575 -1.022121
v 1.312091 1.063575 -1.022121
v -1.228083 -2.483255 0.641557
v 0.559479 1.063575 1.022121
v 0.559479 1.063575 -1.022121
v -1.228083 1.063575 -1.022121
v -1.228083 1.063575 1.022121
v -1.312091 1.063575 0.641557
v 1.312091 1.063575 0.641557
v 1.312091 1.063575 0.227399
v -1.312091 1.063575 0.227399
v -0.220911 1.063575 -1.022121
v 0.488178 1.063575 -1.022121
v -0.809515 1.063575 -1.022121
v -1.115585 1.063575 -1.022121
v 0.559479 -2.483255 0.641557
v 0.721696 1.063575 -1.022121
v 0.721696 1.063575 1.022121
v 0.910808 1.063575 -1.022121
v 0.944741 1.063575 -1.022121
v 1.138431 1.063575 1.022121
v 1.138431 1.063575 -1.022121
v 1.030477 1.063575 -1.022121
v 1.030477 1.063575 1.022121
v 0.721696 1.063575 1.045989
v 0.910808 1.063575 1.045989
v 0.944741 1.063575 1.045989
v 1.030477 1.063575 1.045989
v 1.312091 -2.483255 0.641557
v -1.312091 1.137542 -1.022121
v 1.312091 1.137542 -1.022121
v -1.312091 -2.483255 0.641557
v 0.559479 1.137542 1.022121
v 0.559479 1.137542 -1.022121
v -1.228083 1.137542 -1.022121
v -1.228083 1.137542 1.022121
v -1.312091 1.137542 0.641557
v 1.312091 1.137542 0.641557
v 1.312091 1.137542 0.227399
v -1.312091 1.137542 0.227399
v -0.220911 1.137542 -1.022121
v 0.488178 1.137542 -1.022121
v -0.809515 1.137542 -1.022121
v -1.115585 1.137542 -1.022121
v 0.721696 1.137542 -1.022121
v 0.721696 1.137542 1.022121
v 0.910808 1.137542 -1.022121
v 0.944741 1.137542 -1.022121
v 1.138431 1.137542 1.022121
v 1.138431 1.137542 -1.022121
v 1.030477 1.137542 -1.022121
v 1.030477 1.137542 1.022121
v 0.721696 1.137542 1.045989
v 0.910808 1.137542 1.045989
v 0.944741 1.137542 1.045989
v 1.030477 1.137542 1.045989
v 0.721696 1.137542 1.063427
v 0.721696 1.063575 1.063427
v 0.910808 1.137542 1.063427
v 0.910808 1.063575 1.063427
v 0.944741 1.137542 1.063427
v 0.944741 1.063575 1.063427
v 1.030477 1.137542 1.063427
v 1.030477 1.063575 1.063427
v -1.312091 1.616613 -1.022121
v 1.312091 1.616613 -1.022121
v -1.228083 -2.483255 1.022121
v 0.559479 1.616613 1.022121
v 0.559479 1.616613 -1.022121
v -1.228083 1.616613 -1.022121
v -1.228083 1.616613 1.022121
v -1.312091 1.616613 0.641557
v 1.312091 1.616613 0.641557
v 1.312091 1.616613 0.227399
v -1.312091 1.616613 0.227399
v -0.220911 1.616613 -1.022121
v 0.488178 1.616613 -1.022121
v -0.809515 1.616613 -1.022121
v -1.115585 1.616613 -1.022121
v -1.228083 -2.483255 -1.022121
v 0.721696 1.616613 1.022121
v 0.721696 1.616613 -1.022121
v 0.910808 1.616613 1.022121
v 0.910808 1.616613 -1.022121
v 0.944741 1.616613 1.022121
v 0.944741 1.616613 -1.022121
v 1.138431 1.616613 1.022121
v 1.138431 1.616613 -1.022121
v 1.030477 1.616613 -1.022121
v 1.030477 1.616613 1.022121
v -1.312091 1.470852 -1.022121
v 1.312091 1.470852 -1.022121
v 0.559479 -2.483255 1.022121
v 0.559479 1.470852 1.022121
v 0.559479 1.470852 -1.022121
v -1.228083 1.470852 -1.022121
v -1.228083 1.470852 1.022121
v -1.312091 1.470852 0.641557
v 1.312091 1.470852 0.641557
v 1.312091 1.470852 0.227399
v -1.312091 1.470852 0.227399
v -0.220911 1.470852 -1.022121
v 0.488178 1.470852 -1.022121
v -0.809515 1.470852 -1.022121
v -1.115585 1.470852 -1.022121
v 0.721696 1.470852 1.022121
v 0.721696 1.470852 -1.022121
v 0.910808 1.470852 1.022121
v 0.910808 1.470852 -1.022121
v 0.944741 1.470852 1.022121
v 0.944741 1.470852 -1.022121
v 1.138431 1.470852 1.022121
v 1.138431 1.470852 -1.022121
v 1.030477 1.470852 -1.022121
v 1.030477 1.470852 1.022121
v 0.559479 -2.483255 -1.022121
v 0.816252 -2.416018 -1.022121
v 1.312091 -2.483255 -1.022121
v 0.816252 2.349650 1.022121
v 0.816252 -0.844937 1.022121
v 0.816252 -1.622427 1.022121
v 0.816252 -2.416018 0.641557
v 0.816252 -2.416018 0.227399
v 0.816252 -1.221954 1.022121
v 0.816252 -1.057769 1.022121
v 0.816252 -1.379716 1.022121
v 0.816252 1.355692 1.022121
v 0.816252 1.733132 1.022121
v 0.816252 0.898016 1.022121
v 0.816252 1.292634 1.022121
v 0.816252 0.852783 1.022121
v 0.816252 0.488059 1.022121
v -1.312091 -2.483255 -1.022121
v 0.816252 -2.416018 1.022121
v 0.816252 2.349650 -1.022121
v 0.559479 -1.379716 -1.119783
v 0.816252 -1.622427 -1.022121
v 0.816252 2.416018 0.641557
v 0.816252 2.416018 0.227399
v 0.816252 -1.221954 -1.022121
v 0.816252 -1.057769 -1.022121
v 0.816252 -1.379716 -1.022121
v 0.816252 1.355692 -1.022121
v 0.816252 1.733132 -1.022121
v 0.816252 0.898016 -1.022121
v 0.816252 1.292634 -1.022121
v 0.816252 0.852783 -1.022121
v 0.816252 0.488059 -1.022121
v 0.816252 -0.506228 -1.022121
v 0.816252 -0.506228 1.022121
v 0.816252 -0.347503 -1.022121
v 0.816252 -0.347503 1.022121
v 0.816252 -0.258420 -1.022121
v 0.816252 -0.258420 1.022121
v 0.816252 -0.096647 -1.022121
v 0.816252 -0.096647 1.022121
v 0.816252 -0.010405 -1.022121
v 0.816252 -0.010405 1.022121
v 0.816252 0.155904 -1.022121
v 0.816252 0.155904 1.022121
v 0.816252 0.247300 -1.022121
v 0.816252 0.247300 1.022121
v 0.816252 0.407806 -1.022121
v 0.816252 0.407806 1.022121
v 0.816252 0.852783 1.022121
v 0.816252 0.488059 1.022121
v 0.816252 -0.506228 1.022121
v 0.816252 -0.347503 1.022121
v 0.816252 -0.258420 1.022121
v 0.816252 -0.096647 1.022121
v 0.816252 -0.010405 1.022121
v 0.816252 0.155904 1.022121
v 0.816252 0.247300 1.022121
v 0.816252 0.407806 1.022121
v 0.816252 0.852783 1.060390
v 0.816252 0.488059 1.060390
v 0.816252 -0.506228 1.060390
v 0.816252 -0.347503 1.060390
v 0.816252 -0.258420 1.060390
v 0.816252 -0.096647 1.060390
v 0.816252 -0.010405 1.060390
v 0.816252 0.155904 1.060390
v 0.816252 0.247300 1.060390
v 0.816252 0.407806 1.060390
v 0.816252 0.898016 1.045989
v 0.816252 1.292634 1.045989
v 0.816252 1.063575 1.045989
v 0.816252 1.063575 -1.022121
v 0.816252 1.137542 1.045989
v 0.816252 1.137542 -1.022121
v 0.816252 1.063575 1.063427
v 0.816252 1.137542 1.063427
v 0.816252 1.616613 -1.022121
v 0.816252 1.616613 1.022121
v 0.816252 1.470852 1.022121
v 0.816252 1.470852 -1.022121
v 1.030477 1.616613 1.052146
v 0.944741 1.616613 1.052146
v 0.910808 1.616613 1.052146
v 0.910808 1.470852 1.052146
v 0.944741 1.470852 1.052146
v 1.030477 1.470852 1.052146
v 0.816252 1.616613 1.052146
v 0.816252 1.470852 1.052146
v -1.115585 2.349650 1.002535
v -1.228083 2.349650 1.002535
v 0.559479 -0.506228 1.002535
v 0.559479 -0.844937 1.002535
v -1.228083 -0.506228 1.002535
v -1.228083 -0.844937 1.002535
v -1.115585 -0.844937 1.002535
v 0.488178 2.349650 1.002535
v -0.220911 2.349650 1.002535
v 0.488178 -0.844937 1.002535
v -0.220911 -0.844937 1.002535
v 0.559479 2.349650 1.002535
v -0.809515 2.349650 1.002535
v -0.809515 -0.844937 1.002535
v 0.559479 1.470852 1.002535
v 0.559479 1.355692 1.002535
v -1.228083 1.470852 1.002535
v -1.228083 1.355692 1.002535
v 0.559479 1.733132 1.002535
v -1.228083 1.733132 1.002535
v 0.559479 1.063575 1.002535
v 0.559479 0.898016 1.002535
v -1.228083 1.063575 1.002535
v -1.228083 0.898016 1.002535
v 0.559479 1.292634 1.002535
v -1.228083 1.292634 1.002535
v 0.559479 0.852783 1.002535
v -1.228083 0.852783 1.002535
v 0.559479 0.488059 1.002535
v -1.228083 0.488059 1.002535
v 0.559479 -0.347503 1.002535
v -1.228083 -0.347503 1.002535
v 0.559479 -0.258420 1.002535
v -1.228083 -0.258420 1.002535
v 0.559479 -0.096647 1.002535
v -1.228083 -0.096647 1.002535
v 0.559479 -0.010405 1.002535
v -1.228083 -0.010405 1.002535
v 0.559479 0.155904 1.002535
v -1.228083 0.155904 1.002535
v 0.559479 0.247300 1.002535
v -1.228083 0.247300 1.002535
v 0.559479 0.407806 1.002535
v -1.228083 0.407806 1.002535
v 0.559479 1.137542 1.002535
v -1.228083 1.137542 1.002535
v 0.559479 1.616613 1.002535
v -1.228083 1.616613 1.002535
v 0.559479 -0.506228 -1.088304
v 0.559479 -0.844937 -1.088304
v 0.488178 -0.844937 -1.088304
v 0.488178 -0.506228 -1.088304
v 0.559479 -1.057769 -1.088304
v 0.488178 -1.057769 -1.088304
v 0.721696 -0.844937 -1.088304
v 0.721696 -1.057769 -1.088304
v 0.721696 -0.506228 -1.088304
v 0.816252 -0.844937 -1.088304
v 0.910808 -0.844937 -1.088304
v 0.816252 -1.057769 -1.088304
v 0.910808 -1.057769 -1.088304
v 0.910808 -0.506228 -1.088304
v 0.816252 -0.506228 -1.088304
v 0.721696 -1.379716 -1.119783
v 0.816252 -1.622427 -1.119783
v 0.910808 -1.622427 -1.119783
v 0.816252 -1.379716 -1.119783
v 0.910808 -1.379716 -1.119783
v 0.944741 -1.622427 -1.119783
v 0.944741 -1.379716 -1.119783
v 1.030477 -1.622427 -1.119783
v 1.138431 -1.622427 -1.119783
v 1.030477 -1.379716 -1.119783
v 1.138431 -1.379716 -1.119783
v -1.274176 -2.416018 1.022121
v -1.312091 -2.416018 0.992585
v -1.312091 2.346203 0.992585
v -1.274176 2.346203 1.022121
v -1.274176 2.416018 0.992585
v -1.274176 2.416018 -0.992585
v -1.312091 2.346203 -1.022121
v 1.312091 -2.416018 0.992585
v 1.274176 -2.416018 1.022121
v 1.274176 2.416018 0.992585
v 1.274176 2.346203 1.022121
v 1.312091 2.346203 0.992585
v 1.274176 2.416018 -0.992585
v 1.312091 2.346203 -1.022121
v 0.559479 2.416018 -0.992585
v 0.559479 2.346203 -1.022121
v 0.559479 2.416018 0.992585
v 0.559479 2.346203 1.022121
v -1.228083 2.346203 1.022121
v -1.228083 2.416018 0.992585
v -1.228083 2.416018 -0.992585
v -1.228083 2.346203 -1.022121
v -1.312091 2.349650 0.992585
v -1.274176 2.349650 1.022121
v 1.274176 2.349650 1.022121
v 1.312091 2.349650 0.992585
v 1.274176 -0.844937 1.022121
v 1.312091 -0.844937 0.992585
v -1.274176 -0.844937 1.022121
v -1.312091 -0.844937 0.992585
v 1.312091 -1.622427 0.992585
v 1.274176 -1.622427 1.022121
v -1.274176 -1.622427 1.022121
v -1.312091 -1.622427 0.992585
v -1.274176 2.416018 0.641557
v -1.312091 2.346203 0.641557
v 1.312091 2.346203 0.641557
v 1.274176 2.416018 0.641557
v -1.312091 2.346203 0.227399
v -1.274176 2.416018 0.227399
v 1.312091 2.346203 0.227399
v 1.274176 2.416018 0.227399
v -1.274176 -1.221954 1.022121
v -1.312091 -1.221954 0.992585
v 1.274176 -1.221954 1.022121
v 1.312091 -1.221954 0.992585
v -0.220911 2.416018 -0.992585
v -0.220911 2.346203 -1.022121
v -0.220911 2.416018 0.992585
v -0.220911 2.346203 1.022121
v 0.488178 2.346203 -1.022121
v 0.488178 2.416018 -0.992585
v 0.488178 2.346203 1.022121
v 0.488178 2.416018 0.992585
v -0.809515 2.416018 0.992585
v -0.809515 2.346203 1.022121
v -0.809515 2.346203 -1.022121
v -0.809515 2.416018 -0.992585
v -1.115585 2.346203 1.022121
v -1.115585 2.416018 0.992585
v -1.115585 2.346203 -1.022121
v -1.115585 2.416018 -0.992585
v -1.312091 -1.057769 0.992585
v -1.274176 -1.057769 1.022121
v 1.312091 -1.057769 0.992585
v 1.274176 -1.057769 1.022121
v 1.312091 -1.379716 0.992585
v 1.274176 -1.379716 1.022121
v -1.312091 -1.379716 0.992585
v -1.274176 -1.379716 1.022121
v -1.274176 1.355692 1.022121
v -1.312091 1.355692 0.992585
v 1.274176 1.355692 1.022121
v 1.312091 1.355692 0.992585
v -1.312091 1.733132 0.992585
v -1.274176 1.733132 1.022121
v 1.274176 1.733132 1.022121
v 1.312091 1.733132 0.992585
v 1.274176 0.898016 1.022121
v 1.312091 0.898016 0.992585
v -1.274176 0.898016 1.022121
v -1.312091 0.898016 0.992585
v -1.312091 1.292634 0.992585
v -1.274176 1.292634 1.022121
v 1.274176 1.292634 1.022121
v 1.312091 1.292634 0.992585
v 1.274176 0.852783 1.022121
v 1.312091 0.852783 0.992585
v -1.312091 0.852783 0.992585
v -1.274176 0.852783 1.022121
v 1.274176 0.488059 1.022121
v 1.312091 0.488059 0.992585
v -1.312091 0.488059 0.992585
v -1.274176 0.488059 1.022121
v 0.721696 2.416018 -0.992585
v 0.721696 2.346203 -1.022121
v 0.721696 2.346203 1.022121
v 0.721696 2.416018 0.992585
v 0.910808 2.416018 -0.992585
v 0.910808 2.346203 -1.022121
v 0.910808 2.416018 0.992585
v 0.910808 2.346203 1.022121
v 0.944741 2.416018 -0.992585
v 0.944741 2.346203 -1.022121
v 0.944741 2.346203 1.022121
v 0.944741 2.416018 0.992585
v 1.138431 2.346203 -1.022121
v 1.138431 2.416018 -0.992585
v 1.138431 2.416018 0.992585
v 1.138431 2.346203 1.022121
v 1.312091 -0.506228 0.992585
v 1.274176 -0.506228 1.022121
v -1.274176 -0.506228 1.022121
v -1.312091 -0.506228 0.992585
v -1.274176 -0.347503 1.022121
v -1.312091 -0.347503 0.992585
v 1.312091 -0.347503 0.992585
v 1.274176 -0.347503 1.022121
v -1.274176 -0.258420 1.022121
v -1.312091 -0.258420 0.992585
v 1.312091 -0.258420 0.992585
v 1.274176 -0.258420 1.022121
v -1.274176 -0.096647 1.022121
v -1.312091 -0.096647 0.992585
v 1.312091 -0.096647 0.992585
v 1.274176 -0.096647 1.022121
v -1.274176 -0.010405 1.022121
v -1.312091 -0.010405 0.992585
v 1.312091 -0.010405 0.992585
v 1.274176 -0.010405 1.022121
v -1.274176 0.155903 1.022121
v -1.312091 0.155903 0.992585
v 1.312091 0.155904 0.992585
v 1.274176 0.155904 1.022121
v -1.274176 0.247300 1.022121
v -1.312091 0.247300 0.992585
v 1.312091 0.247300 0.992585
v 1.274176 0.247300 1.022121
v -1.312091 0.407806 0.992585
v -1.274176 0.407806 1.022121
v 1.312091 0.407806 0.992585
v 1.274176 0.407806 1.022121
v 1.030477 2.346203 1.022121
v 1.030477 2.416018 0.992585
v 1.030477 2.346203 -1.022121
v 1.030477 2.416018 -0.992585
v 1.312091 1.063575 0.992585
v 1.274176 1.063575 1.022121
v -1.274176 1.063575 1.022121
v -1.312091 1.063575 0.992585
v -1.312091 1.137542 0.992585
v -1.274176 1.137542 1.022121
v 1.312091 1.137542 0.992585
v 1.274176 1.137542 1.022121
v 1.274176 1.616613 1.022121
v 1.312091 1.616613 0.992585
v -1.312091 1.616613 0.992585
v -1.274176 1.616613 1.022121
v 1.312091 1.470852 0.992585
v 1.274176 1.470852 1.022121
v -1.312091 1.470852 0.992585
v -1.274176 1.470852 1.022121
v 0.816252 2.346203 1.022121
v 0.816252 2.416018 0.992585
v 0.816252 2.346203 -1.022121
v 0.816252 2.416018 -0.992585
v 0.944741 -2.572905 0.641557
v 0.944741 -2.572905 -1.022121
v 0.944741 -2.572905 0.227399
v 0.910808 -2.572905 1.022121
v 0.910808 -2.572905 -1.022121
v 0.721696 -2.572905 -1.022121
v 0.721696 -2.572905 0.227399
v 0.721696 -2.572905 0.641557
v 0.721696 -2.572905 1.022121
v -1.115585 -2.572905 0.227399
v -1.115585 -2.572905 0.641557
v -1.115585 -2.572905 -1.022121
v -1.115585 -2.572905 1.022121
v 0.559479 -2.572905 1.022121
v -0.809515 -2.572905 -1.022121
v -0.809515 -2.572905 0.227399
v -0.809515 -2.572905 0.641557
v -0.809515 -2.572905 1.022121
v -0.220911 -2.572905 -1.022121
v 0.488178 -2.572905 0.641557
v 0.488178 -2.572905 1.022121
v 0.488178 -2.572905 0.227399
v -0.220911 -2.572905 0.227399
v -0.220911 -2.572905 0.641557
v 0.559479 -2.572905 0.641557
v 0.488178 -2.572905 -1.022121
v 0.559479 -2.572905 -1.022121
v 0.559479 -2.572905 0.227399
v -0.220911 -2.572905 1.022121
v -1.228083 -2.572905 0.227399
v -1.312091 -2.572905 0.227399
v -1.312091 -2.572905 -1.022121
v -1.228083 -2.572905 -1.022121
v -1.228083 -2.572905 0.641557
v 1.221012 -2.572905 -0.916223
v 1.221012 -2.572905 0.228786
v 1.061878 -2.572905 0.228786
v 1.061878 -2.572905 0.608303
v 1.061878 -2.572905 -0.916223
v 0.884388 -2.572905 0.957036
v 0.853294 -2.572905 0.608303
v 0.962953 -2.572905 0.957036
v 0.962953 -2.572905 0.608303
v 0.853294 -2.572905 0.228786
v 0.962953 -2.572905 0.228786
v 0.962953 -2.572905 -0.916223
v -1.183680 -2.572905 0.929970
v -1.183680 -2.572905 0.608303
v 0.766646 -2.572905 0.957036
v 0.766646 -2.572905 0.608303
v 0.766646 -2.572905 0.228786
v 0.766646 -2.572905 -0.916223
v -1.148936 -2.572905 0.957036
v -1.106698 -2.572905 0.957036
v 1.186268 -2.572905 0.957036
v 1.061878 -2.572905 0.957036
v 1.221012 -2.572905 0.929970
v 1.221012 -2.572905 0.608303
v 0.884388 -2.572905 0.608303
v 0.884388 -2.572905 -0.916223
v 0.884388 -2.572905 0.228786
v 0.853294 -2.572905 0.957036
v 0.853294 -2.572905 -0.916223
v 0.679998 -2.572905 -0.916223
v 0.679998 -2.572905 0.228786
v 0.679998 -2.572905 0.608303
v 0.679998 -2.572905 0.957036
v -1.003610 -2.572905 0.228786
v -1.003610 -2.572905 0.608303
v -1.003610 -2.572905 -0.916223
v -1.003610 -2.572905 0.957036
v 0.531350 -2.572905 0.957036
v -0.723140 -2.572905 -0.916223
v -0.723140 -2.572905 0.228786
v -0.723140 -2.572905 0.608303
v -0.723140 -2.572905 0.957036
v -0.183767 -2.572905 -0.916223
v 0.466012 -2.572905 0.608303
v 0.466012 -2.572905 0.957036
v 0.466012 -2.572905 0.228786
v -0.183767 -2.572905 0.228786
v -0.183767 -2.572905 0.608303
v 0.531350 -2.572905 0.608303
v 0.466012 -2.572905 -0.916223
v 0.531350 -2.572905 -0.916223
v 0.531350 -2.572905 0.228786
v -0.183767 -2.572905 0.957036
v -1.106698 -2.572905 0.228786
v -1.183680 -2.572905 0.228786
v -1.183680 -2.572905 -0.916223
v -1.106698 -2.572905 -0.916223
v -1.106698 -2.572905 0.608303
v 0.531350 -2.371052 -0.916223
v 0.531350 -2.371052 0.228786
v 1.221012 -2.371052 0.608303
v 1.221012 -2.371052 0.228786
v 0.531350 -2.371052 0.608303
v 0.531350 -2.371052 0.957036
v -1.183680 -2.371052 0.228786
v -1.183680 -2.371052 0.608303
v 0.679998 -2.371052 0.957036
v 0.766646 -2.371052 0.957036
v -1.003610 -2.371052 -0.916223
v -1.106698 -2.371052 -0.916223
v -1.106698 -2.371052 0.608303
v -1.106698 -2.371052 0.957036
v -1.003610 -2.371052 0.608303
v 0.679998 -2.371052 -0.916223
v 0.679998 -2.371052 0.608303
v -1.106698 -2.371052 0.228786
v 0.466012 -2.371052 0.957036
v -1.183680 -2.371052 -0.916223
v -1.003610 -2.371052 0.228786
v -0.723140 -2.371052 0.957036
v -0.183767 -2.371052 0.957036
v -0.183767 -2.371052 0.608303
v 0.466012 -2.371052 0.608303
v -0.183767 -2.371052 0.228786
v 0.466012 -2.371052 0.228786
v -0.183767 -2.371052 -0.916223
v 0.466012 -2.371052 -0.916223
v 1.061878 -2.371052 0.228786
v 1.061878 -2.371052 0.608303
v 0.853294 -2.371052 -0.916223
v 0.766646 -2.371052 -0.916223
v -1.003610 -2.371052 0.957036
v -0.723140 -2.371052 0.608303
v -0.723140 -2.371052 0.228786
v -0.723140 -2.371052 -0.916223
v 0.679998 -2.371052 0.228786
v 1.221012 -2.371052 -0.916223
v 0.853294 -2.371052 0.957036
v 0.766646 -2.371052 0.228786
v 0.853294 -2.371052 0.228786
v 0.853294 -2.371052 0.608303
v 0.884388 -2.371052 -0.916223
v 0.884388 -2.371052 0.608303
v 0.884388 -2.371052 0.228786
v 0.962953 -2.371052 0.608303
v 0.884388 -2.371052 0.957036
v 0.962953 -2.371052 0.957036
v 1.061878 -2.371052 0.957036
v 1.061878 -2.371052 -0.916223
v 0.962953 -2.371052 0.228786
v 0.962953 -2.371052 -0.916223
v -1.183680 -2.371052 0.929970
v 0.766646 -2.371052 0.608303
v 1.221012 -2.371052 0.929970
v -1.148936 -2.371052 0.957036
v 1.186268 -2.371052 0.957036
vn -0.0000 -0.0000 1.0000
vn -1.0000 -0.0000 -0.0000
vn -0.0000 -0.0000 -1.0000
vn -0.0000 1.0000 -0.0000
vn 1.0000 -0.0000 -0.0000
vn -0.0000 -1.0000 -0.0000
vn 0.9990 -0.0000 -0.0444
vn -0.0000 0.9999 -0.0129
vn -0.9990 -0.0000 -0.0444
vn -0.0000 -0.9999 -0.0129
vn -0.9990 0.0004 0.0444
vn -0.0000 0.0081 1.0000
vn 0.9990 0.0004 0.0444
vn -0.0000 -0.0081 -1.0000
vn -0.5829 0.3166 0.7483
vn 0.5829 0.3166 0.7483
vn 0.6146 -0.0000 -0.7889
vn -0.8788 0.4772 -0.0000
vn -0.0000 0.3896 -0.9210
vn 0.8788 0.4772 -0.0000
vn 0.6145 -0.0000 0.7889
vn -0.0000 0.3896 0.9210
vn -0.6145 -0.0000 0.7889
vn -0.6146 -0.0000 -0.7889
vn -0.6145 -0.0000 -0.7889
vn 0.6145 -0.0000 -0.7889
vt 0.487877 0.195550
vt 0.488909 0.294623
vt 0.477762 0.290379
vt 0.476856 0.189933
vt 0.231415 0.834824
vt 0.231416 0.834311
vt 0.206829 0.816501
vt 0.206828 0.816967
vt 0.494077 0.790504
vt 0.494072 0.790073
vt 0.482292 0.792696
vt 0.482296 0.793131
vt 0.407819 0.353451
vt 0.406758 0.353689
vt 0.411028 0.355218
vt 0.412126 0.354963
vt 0.201564 0.172536
vt 0.200251 0.281762
vt 0.188768 0.299323
vt 0.190021 0.195898
vt 0.387767 0.346412
vt 0.386881 0.346574
vt 0.401720 0.351886
vt 0.402737 0.351667
vt 0.448947 0.344211
vt 0.447307 0.344580
vt 0.453009 0.345481
vt 0.454707 0.345087
vt 0.443305 0.353019
vt 0.445440 0.353985
vt 0.454104 0.353548
vt 0.451871 0.352409
vt 0.432054 0.804335
vt 0.432052 0.803872
vt 0.425865 0.805251
vt 0.425866 0.805714
vt 0.425252 0.339566
vt 0.422133 0.340136
vt 0.442151 0.343178
vt 0.445728 0.342408
vt 0.234768 0.828403
vt 0.234775 0.827888
vt 0.179957 0.808827
vt 0.179947 0.809300
vt 0.284729 0.091999
vt 0.283430 0.216380
vt 0.279645 0.214938
vt 0.280987 0.090092
vt 0.554452 0.816405
vt 0.554582 0.816406
vt 0.554582 0.810875
vt 0.554452 0.810875
vt 0.410407 0.352870
vt 0.414806 0.354342
vt 0.577670 0.820536
vt 0.554452 0.820536
vt 0.577670 0.816405
vt 0.577670 0.732027
vt 0.554452 0.732027
vt 0.554452 0.728522
vt 0.577670 0.728522
vt 0.445729 0.719887
vt 0.446131 0.801195
vt 0.431769 0.721752
vt 0.194703 0.743600
vt 0.193684 0.828454
vt 0.182496 0.816981
vt 0.183469 0.736634
vt 0.493275 0.713537
vt 0.494077 0.790504
vt 0.481593 0.715097
vt 0.577670 0.700058
vt 0.554452 0.700058
vt 0.554452 0.691521
vt 0.577670 0.691521
vt 0.236093 0.736155
vt 0.181673 0.724975
vt 0.242092 0.318560
vt 0.241634 0.350405
vt 0.188889 0.372360
vt 0.189485 0.343250
vt 0.682777 0.700058
vt 0.674762 0.700058
vt 0.674762 0.691521
vt 0.682777 0.691521
vt 0.489644 0.365116
vt 0.489921 0.391686
vt 0.478650 0.388787
vt 0.478407 0.361848
vt 0.282157 0.338236
vt 0.281602 0.391323
vt 0.277757 0.390537
vt 0.278329 0.337252
vt 0.443909 0.351816
vt 0.444048 0.379885
vt 0.430579 0.376420
vt 0.430481 0.347911
vt 0.662006 0.728522
vt 0.662006 0.720547
vt 0.682777 0.820536
vt 0.674762 0.820536
vt 0.674762 0.816405
vt 0.682777 0.816405
vt 0.291818 0.307587
vt 0.291497 0.340639
vt 0.282505 0.304879
vt 0.293863 0.096655
vt 0.292668 0.219897
vt 0.733929 0.820536
vt 0.704042 0.820536
vt 0.704042 0.816405
vt 0.733929 0.816405
vt 0.733929 0.732027
vt 0.704042 0.732027
vt 0.704042 0.728522
vt 0.733929 0.728522
vt 0.443023 0.172687
vt 0.443541 0.277348
vt 0.430220 0.272275
vt 0.429854 0.165974
vt 0.268339 0.840102
vt 0.268345 0.839559
vt 0.252945 0.834204
vt 0.252938 0.834735
vt 0.465391 0.340517
vt 0.462268 0.341219
vt 0.468498 0.341888
vt 0.471733 0.341137
vt 0.733929 0.700058
vt 0.704042 0.700058
vt 0.704042 0.691521
vt 0.733929 0.691521
vt 0.245011 0.115329
vt 0.243305 0.234072
vt 0.191065 0.266019
vt 0.193286 0.157475
vt 0.389415 0.328623
vt 0.391930 0.329761
vt 0.398123 0.325012
vt 0.396679 0.324276
vt 0.395020 0.324055
vt 0.208516 0.173854
vt 0.208235 0.280947
vt 0.208035 0.357146
vt 0.207960 0.385867
vt 0.198966 0.388770
vt 0.199318 0.359477
vt 0.273935 0.336961
vt 0.273341 0.390307
vt 0.258462 0.395252
vt 0.259117 0.343129
vt 0.277935 0.742300
vt 0.276925 0.838928
vt 0.272925 0.839820
vt 0.273968 0.742830
vt 0.207047 0.733770
vt 0.405217 0.351133
vt 0.382801 0.334011
vt 0.385190 0.334929
vt 0.433984 0.353683
vt 0.436011 0.354462
vt 0.452680 0.343373
vt 0.252945 0.834206
vt 0.234775 0.827886
vt 0.452471 0.360788
vt 0.457408 0.362686
vt 0.467969 0.364185
vt 0.462771 0.361831
vt 0.283032 0.254420
vt 0.282774 0.279146
vt 0.278967 0.277940
vt 0.279234 0.253121
vt 0.276931 0.838386
vt 0.272931 0.839278
vt 0.420762 0.340386
vt 0.440579 0.343517
vt 0.421395 0.357641
vt 0.425544 0.358163
vt 0.554581 0.820536
vt 0.554581 0.816406
vt 0.554581 0.728522
vt 0.554581 0.720547
vt 0.554452 0.720547
vt 0.405860 0.355685
vt 0.407563 0.355899
vt 0.362849 0.350269
vt 0.364856 0.350522
vt 0.269419 0.743002
vt 0.254131 0.739861
vt 0.231660 0.742851
vt 0.232769 0.326505
vt 0.232684 0.358255
vt 0.233308 0.123881
vt 0.232993 0.242269
vt 0.262155 0.101359
vt 0.260621 0.223483
vt 0.259528 0.310376
vt 0.457910 0.339784
vt 0.454917 0.340429
vt 0.260151 0.260833
vt 0.259846 0.285110
vt 0.242445 0.293993
vt 0.242784 0.270388
vt 0.232897 0.278477
vt 0.232834 0.302012
vt 0.208093 0.334990
vt 0.208149 0.313700
vt 0.278690 0.303769
vt 0.199589 0.336880
vt 0.199850 0.315167
vt 0.292302 0.257590
vt 0.292065 0.282090
vt 0.694902 0.820536
vt 0.688960 0.820536
vt 0.688960 0.816405
vt 0.694902 0.816405
vt 0.694902 0.732027
vt 0.688960 0.732027
vt 0.688960 0.728522
vt 0.694902 0.728522
vt 0.443699 0.309357
vt 0.443802 0.330163
vt 0.430405 0.325919
vt 0.430332 0.304786
vt 0.274871 0.252734
vt 0.274595 0.277582
vt 0.489225 0.324924
vt 0.489430 0.344619
vt 0.478219 0.341067
vt 0.478039 0.321099
vt 0.694902 0.700058
vt 0.688960 0.700058
vt 0.688960 0.691521
vt 0.694902 0.691521
vt 0.189944 0.320793
vt 0.190386 0.299215
vt 0.694902 0.795827
vt 0.688960 0.795827
vt 0.688960 0.766889
vt 0.694902 0.766889
vt 0.424516 0.324053
vt 0.365954 0.305499
vt 0.554452 0.795827
vt 0.554582 0.795827
vt 0.554582 0.766889
vt 0.554452 0.766889
vt 0.374856 0.351781
vt 0.388919 0.353552
vt 0.413824 0.345935
vt 0.397090 0.339503
vt 0.422079 0.343410
vt 0.404459 0.335433
vt 0.424944 0.346884
vt 0.430992 0.348245
vt 0.733929 0.795827
vt 0.704042 0.795827
vt 0.704042 0.766889
vt 0.733929 0.766889
vt 0.424065 0.163023
vt 0.424365 0.270046
vt 0.366136 0.247873
vt 0.366497 0.133679
vt 0.424578 0.346195
vt 0.424659 0.374897
vt 0.365783 0.359750
vt 0.365880 0.329125
vt 0.682777 0.795827
vt 0.674762 0.795827
vt 0.674762 0.766889
vt 0.682777 0.766889
vt 0.577670 0.795827
vt 0.577670 0.766889
vt 0.417449 0.351288
vt 0.422096 0.352651
vt 0.436118 0.349398
vt 0.425865 0.805248
vt 0.364331 0.818942
vt 0.364330 0.819437
vt 0.554581 0.766889
vt 0.554581 0.732027
vt 0.429664 0.341090
vt 0.411231 0.331694
vt 0.286688 0.836751
vt 0.286693 0.836214
vt 0.276931 0.838389
vt 0.458571 0.344190
vt 0.554581 0.732027
vt 0.554581 0.728522
vt 0.424457 0.302777
vt 0.674762 0.732027
vt 0.682777 0.732027
vt 0.395297 0.331286
vt 0.401646 0.326808
vt 0.278656 0.673260
vt 0.278553 0.683144
vt 0.274607 0.683452
vt 0.274713 0.673532
vt 0.577670 0.810875
vt 0.682777 0.810875
vt 0.674762 0.810875
vt 0.733929 0.810875
vt 0.704042 0.810875
vt 0.388388 0.336159
vt 0.367543 0.350861
vt 0.694902 0.810875
vt 0.688960 0.810875
vt 0.366026 0.282798
vt 0.317343 0.290098
vt 0.317523 0.266214
vt 0.407130 0.342876
vt 0.411966 0.349679
vt 0.317801 0.229468
vt 0.318711 0.109321
vt 0.316911 0.347177
vt 0.317154 0.314955
vt 0.313250 0.830828
vt 0.313254 0.830304
vt 0.286693 0.836217
vt 0.364332 0.818939
vt 0.313253 0.830307
vt 0.389930 0.346017
vt 0.314349 0.275651
vt 0.314244 0.289116
vt 0.554581 0.810875
vt 0.554581 0.795827
vt 0.395814 0.344943
vt 0.295294 0.269343
vt 0.489644 0.365116
vt 0.682777 0.728522
vt 0.274307 0.303440
vt 0.188136 0.351514
vt 0.188385 0.330954
vt 0.279234 0.253121
vt 0.279645 0.214938
vt 0.275296 0.214508
vt 0.421951 0.276506
vt 0.422016 0.301943
vt 0.422052 0.315899
vt 0.368547 0.256616
vt 0.368423 0.298450
vt 0.368467 0.283633
vt 0.314131 0.303556
vt 0.295164 0.283072
vt 0.295025 0.297795
vt 0.594260 0.816405
vt 0.591885 0.816405
vt 0.591885 0.810875
vt 0.594260 0.810875
vt 0.591885 0.795827
vt 0.594260 0.795827
vt 0.594260 0.766889
vt 0.591885 0.766889
vt 0.591885 0.732027
vt 0.594260 0.732027
vt 0.254983 0.672074
vt 0.254861 0.681778
vt 0.236904 0.679680
vt 0.237040 0.670245
vt 0.231835 0.677138
vt 0.231810 0.686545
vt 0.207180 0.682836
vt 0.207203 0.674326
vt 0.195327 0.691652
vt 0.195431 0.682973
vt 0.278364 0.701193
vt 0.274412 0.701569
vt 0.274607 0.683452
vt 0.182729 0.673351
vt 0.182906 0.664726
vt 0.594260 0.700058
vt 0.591885 0.700058
vt 0.591885 0.691521
vt 0.594260 0.691521
vt 0.492702 0.658544
vt 0.492784 0.666416
vt 0.481162 0.667324
vt 0.481090 0.659342
vt 0.270191 0.673624
vt 0.270080 0.683556
vt 0.445442 0.661793
vt 0.445483 0.670110
vt 0.431595 0.671194
vt 0.431566 0.662747
vt 0.591885 0.728522
vt 0.594260 0.728522
vt 0.594260 0.820536
vt 0.591885 0.820536
vt 0.582058 0.816405
vt 0.582058 0.810875
vt 0.582058 0.795827
vt 0.582058 0.766889
vt 0.582058 0.732027
vt 0.254356 0.721930
vt 0.236343 0.718721
vt 0.231706 0.725469
vt 0.207088 0.718046
vt 0.194896 0.727563
vt 0.183469 0.736634
vt 0.183653 0.721448
vt 0.181999 0.709039
vt 0.582058 0.700058
vt 0.582058 0.691521
vt 0.493123 0.698990
vt 0.481460 0.700349
vt 0.269623 0.724650
vt 0.445653 0.704521
vt 0.431715 0.706144
vt 0.582058 0.728522
vt 0.582058 0.820536
vt 0.610825 0.820536
vt 0.609121 0.820536
vt 0.609121 0.816405
vt 0.610825 0.816405
vt 0.610825 0.732027
vt 0.609121 0.732027
vt 0.609121 0.728522
vt 0.610825 0.728522
vt 0.445155 0.603785
vt 0.445185 0.609750
vt 0.431384 0.609888
vt 0.431363 0.603829
vt 0.279302 0.611412
vt 0.279031 0.637360
vt 0.275101 0.637496
vt 0.275381 0.611451
vt 0.492129 0.603632
vt 0.492188 0.609279
vt 0.480639 0.609395
vt 0.480588 0.603670
vt 0.610825 0.700058
vt 0.609121 0.700058
vt 0.609121 0.691521
vt 0.610825 0.691521
vt 0.237985 0.604431
vt 0.237888 0.611199
vt 0.184010 0.610752
vt 0.184137 0.604566
vt 0.270882 0.611473
vt 0.270592 0.637548
vt 0.255426 0.636825
vt 0.255746 0.611347
vt 0.207358 0.614969
vt 0.207342 0.621074
vt 0.196084 0.628660
vt 0.196159 0.622434
vt 0.232010 0.611521
vt 0.231992 0.618269
vt 0.255833 0.604386
vt 0.610825 0.795827
vt 0.609121 0.795827
vt 0.609121 0.766889
vt 0.610825 0.766889
vt 0.610825 0.810875
vt 0.609121 0.810875
vt 0.600100 0.820536
vt 0.600100 0.816405
vt 0.600100 0.732027
vt 0.600100 0.728522
vt 0.445341 0.641339
vt 0.431494 0.641973
vt 0.195688 0.661627
vt 0.184165 0.679226
vt 0.184410 0.659014
vt 0.492500 0.639182
vt 0.480913 0.639712
vt 0.600100 0.700058
vt 0.600100 0.691521
vt 0.237373 0.647039
vt 0.183340 0.643514
vt 0.278910 0.648953
vt 0.274713 0.673532
vt 0.274976 0.649133
vt 0.207257 0.653397
vt 0.231896 0.654001
vt 0.255283 0.648207
vt 0.600100 0.795827
vt 0.600100 0.766889
vt 0.600100 0.810875
vt 0.624560 0.816405
vt 0.624560 0.810875
vt 0.624560 0.795827
vt 0.624560 0.766889
vt 0.624560 0.732027
vt 0.256539 0.548260
vt 0.238769 0.549858
vt 0.232154 0.557112
vt 0.207488 0.565751
vt 0.196762 0.572236
vt 0.196894 0.561190
vt 0.185435 0.574370
vt 0.185562 0.563911
vt 0.185158 0.554680
vt 0.624560 0.700058
vt 0.624560 0.691521
vt 0.491655 0.558100
vt 0.492129 0.603632
vt 0.480171 0.557506
vt 0.271600 0.546905
vt 0.270961 0.604348
vt 0.444917 0.555684
vt 0.431194 0.554975
vt 0.624560 0.728522
vt 0.624560 0.820536
vt 0.627583 0.820536
vt 0.627583 0.816405
vt 0.627583 0.732027
vt 0.627583 0.728522
vt 0.444865 0.545100
vt 0.431157 0.544225
vt 0.427070 0.339234
vt 0.425252 0.339566
vt 0.447813 0.341959
vt 0.491550 0.548081
vt 0.480080 0.547348
vt 0.627583 0.700058
vt 0.627583 0.691521
vt 0.238942 0.537850
vt 0.185382 0.543704
vt 0.280105 0.534580
vt 0.279974 0.547159
vt 0.276074 0.546957
vt 0.276210 0.534332
vt 0.207516 0.554921
vt 0.232186 0.545139
vt 0.256694 0.535910
vt 0.627583 0.795827
vt 0.627583 0.766889
vt 0.627583 0.810875
vt 0.624560 0.720547
vt 0.627583 0.720547
vt 0.452855 0.545610
vt 0.452916 0.556097
vt 0.610825 0.720547
vt 0.594260 0.720547
vt 0.600100 0.720547
vt 0.445293 0.631584
vt 0.609121 0.720547
vt 0.453195 0.603758
vt 0.453229 0.609670
vt 0.453778 0.703574
vt 0.453867 0.718800
vt 0.577670 0.720547
vt 0.582058 0.720547
vt 0.453530 0.661237
vt 0.453578 0.669478
vt 0.591885 0.720547
vt 0.451306 0.280304
vt 0.451491 0.312021
vt 0.704042 0.711249
vt 0.704042 0.715898
vt 0.682777 0.720547
vt 0.688960 0.720547
vt 0.451611 0.332637
vt 0.451737 0.354092
vt 0.694902 0.720547
vt 0.554581 0.720547
vt 0.554581 0.715898
vt 0.554452 0.715898
vt 0.411439 0.356387
vt 0.440623 0.356234
vt 0.450296 0.356184
vt 0.454855 0.342884
vt 0.704042 0.720547
vt 0.733929 0.720547
vt 0.450700 0.176600
vt 0.451899 0.381905
vt 0.454337 0.799366
vt 0.428887 0.338902
vt 0.449898 0.341510
vt 0.454335 0.798914
vt 0.446129 0.800742
vt 0.459184 0.356137
vt 0.446129 0.800739
vt 0.432052 0.803874
vt 0.457031 0.342395
vt 0.460824 0.343668
vt 0.463076 0.343146
vt 0.462543 0.797536
vt 0.462540 0.797088
vt 0.454334 0.798916
vt 0.464924 0.717323
vt 0.465488 0.796879
vt 0.462004 0.717713
vt 0.462373 0.357185
vt 0.462568 0.384649
vt 0.459750 0.383924
vt 0.459564 0.356369
vt 0.461132 0.181917
vt 0.461857 0.284322
vt 0.459070 0.283261
vt 0.458377 0.180513
vt 0.450646 0.341349
vt 0.457811 0.342220
vt 0.554581 0.711249
vt 0.554452 0.711249
vt 0.462079 0.315641
vt 0.462223 0.335999
vt 0.459421 0.335111
vt 0.459283 0.314685
vt 0.464521 0.660481
vt 0.464579 0.668619
vt 0.461674 0.668845
vt 0.461619 0.660681
vt 0.464818 0.702288
vt 0.461902 0.702627
vt 0.464119 0.603723
vt 0.464161 0.609560
vt 0.461274 0.609589
vt 0.461234 0.603732
vt 0.452663 0.512692
vt 0.444701 0.511878
vt 0.463713 0.546303
vt 0.463786 0.556659
vt 0.460915 0.556511
vt 0.460845 0.546120
vt 0.627583 0.715898
vt 0.624560 0.715898
vt 0.624560 0.711249
vt 0.627583 0.711249
vt 0.610825 0.715898
vt 0.610825 0.711249
vt 0.600100 0.715898
vt 0.594260 0.715898
vt 0.594260 0.711249
vt 0.600100 0.711249
vt 0.609121 0.715898
vt 0.609121 0.711249
vt 0.582058 0.715898
vt 0.577670 0.715898
vt 0.577670 0.711249
vt 0.582058 0.711249
vt 0.591885 0.715898
vt 0.591885 0.711249
vt 0.694902 0.705366
vt 0.688960 0.715898
vt 0.682777 0.715898
vt 0.682777 0.711249
vt 0.688960 0.711249
vt 0.694902 0.715898
vt 0.694902 0.711249
vt 0.413698 0.356672
vt 0.415957 0.356956
vt 0.445999 0.358301
vt 0.443311 0.357268
vt 0.455957 0.358747
vt 0.453126 0.357465
vt 0.733929 0.715898
vt 0.733929 0.711249
vt 0.465107 0.359156
vt 0.462146 0.357647
vt 0.554581 0.711249
vt 0.554581 0.709581
vt 0.554452 0.709581
vt 0.470958 0.546766
vt 0.471039 0.557034
vt 0.470795 0.526230
vt 0.479897 0.527033
vt 0.470795 0.526230
vt 0.471698 0.640134
vt 0.471855 0.659977
vt 0.471698 0.640134
vt 0.471409 0.603699
vt 0.471455 0.609487
vt 0.472184 0.701430
vt 0.472302 0.716338
vt 0.471919 0.668045
vt 0.468897 0.287003
vt 0.469144 0.318057
vt 0.469304 0.338242
vt 0.469470 0.359249
vt 0.554582 0.705366
vt 0.554452 0.705366
vt 0.452537 0.340942
vt 0.459784 0.341777
vt 0.468092 0.185465
vt 0.469686 0.386481
vt 0.472928 0.795220
vt 0.433264 0.338103
vt 0.431188 0.338482
vt 0.472925 0.794777
vt 0.465484 0.796435
vt 0.624560 0.709581
vt 0.627583 0.709581
vt 0.610825 0.709581
vt 0.594260 0.709581
vt 0.600100 0.709581
vt 0.609121 0.709581
vt 0.577670 0.709581
vt 0.582058 0.709581
vt 0.591885 0.709581
vt 0.694902 0.709581
vt 0.682777 0.709581
vt 0.688960 0.709581
vt 0.416768 0.357058
vt 0.446964 0.358672
vt 0.456973 0.359206
vt 0.704042 0.709581
vt 0.733929 0.709581
vt 0.674762 0.711249
vt 0.674762 0.709581
vt 0.466169 0.359698
vt 0.465484 0.796433
vt 0.462540 0.797090
vt 0.193689 0.827981
vt 0.182501 0.816531
vt 0.435872 0.337627
vt 0.198406 0.435388
vt 0.187005 0.444790
vt 0.187540 0.400648
vt 0.489921 0.391686
vt 0.490361 0.433971
vt 0.479036 0.431658
vt 0.476921 0.365455
vt 0.476486 0.364957
vt 0.472235 0.362790
vt 0.206830 0.816501
vt 0.193689 0.827980
vt 0.554581 0.700058
vt 0.554581 0.691520
vt 0.187876 0.372911
vt 0.278126 0.724038
vt 0.273968 0.742830
vt 0.274165 0.724500
vt 0.195810 0.651446
vt 0.184526 0.649374
vt 0.184788 0.627798
vt 0.492404 0.629948
vt 0.480828 0.630350
vt 0.184859 0.621902
vt 0.279377 0.604322
vt 0.275458 0.604335
vt 0.271740 0.534266
vt 0.627583 0.705366
vt 0.624560 0.705366
vt 0.610825 0.705366
vt 0.600100 0.705366
vt 0.594260 0.705366
vt 0.609121 0.705366
vt 0.582058 0.705366
vt 0.577670 0.705366
vt 0.591885 0.705366
vt 0.688960 0.705366
vt 0.682777 0.705366
vt 0.418816 0.357316
vt 0.449401 0.359608
vt 0.459539 0.360368
vt 0.733929 0.705366
vt 0.704042 0.705366
vt 0.674762 0.705366
vt 0.468854 0.361066
vt 0.465927 0.342484
vt 0.662006 0.705366
vt 0.662006 0.700058
vt 0.274307 0.303440
vt 0.662006 0.711249
vt 0.662006 0.709581
vt 0.470030 0.429818
vt 0.462877 0.428356
vt 0.460046 0.427778
vt 0.452158 0.426166
vt 0.444269 0.424555
vt 0.662006 0.816405
vt 0.662006 0.810875
vt 0.662006 0.795827
vt 0.662006 0.766889
vt 0.662006 0.732027
vt 0.240906 0.401086
vt 0.232549 0.408784
vt 0.207840 0.431575
vt 0.187941 0.418687
vt 0.662006 0.691521
vt 0.488909 0.294623
vt 0.489225 0.324924
vt 0.430735 0.421790
vt 0.662006 0.820536
vt 0.656028 0.705366
vt 0.656028 0.700058
vt 0.273063 0.415306
vt 0.258155 0.419677
vt 0.656028 0.711249
vt 0.656028 0.709581
vt 0.460480 0.491973
vt 0.460625 0.513506
vt 0.662006 0.715898
vt 0.656028 0.715898
vt 0.463022 0.448838
vt 0.460185 0.448328
vt 0.656028 0.728522
vt 0.656028 0.720547
vt 0.656028 0.816405
vt 0.656028 0.810875
vt 0.656028 0.795827
vt 0.656028 0.766889
vt 0.656028 0.732027
vt 0.240565 0.424835
vt 0.232486 0.432462
vt 0.207783 0.452994
vt 0.198143 0.457234
vt 0.281342 0.416200
vt 0.277488 0.415508
vt 0.187497 0.440396
vt 0.656028 0.691521
vt 0.490568 0.453787
vt 0.479218 0.451748
vt 0.272907 0.429336
vt 0.257983 0.433386
vt 0.444372 0.445488
vt 0.430809 0.443051
vt 0.656028 0.820536
vt 0.652673 0.705366
vt 0.652673 0.700058
vt 0.272624 0.454815
vt 0.257670 0.458281
vt 0.652673 0.711249
vt 0.652673 0.709581
vt 0.470191 0.450126
vt 0.470281 0.461524
vt 0.463104 0.460333
vt 0.652673 0.715898
vt 0.460263 0.459862
vt 0.452279 0.446908
vt 0.452347 0.458549
vt 0.444430 0.457236
vt 0.652673 0.728522
vt 0.652673 0.720547
vt 0.652673 0.816405
vt 0.652673 0.810875
vt 0.652673 0.795827
vt 0.652673 0.766889
vt 0.652673 0.732027
vt 0.280368 0.509424
vt 0.240374 0.438164
vt 0.232451 0.445752
vt 0.207752 0.465016
vt 0.197996 0.469495
vt 0.281196 0.430162
vt 0.277337 0.429522
vt 0.277488 0.415507
vt 0.187247 0.452581
vt 0.652673 0.691521
vt 0.490568 0.453787
vt 0.490684 0.464908
vt 0.479319 0.463023
vt 0.186614 0.477086
vt 0.186755 0.465476
vt 0.430850 0.454984
vt 0.652673 0.820536
vt 0.646581 0.705366
vt 0.646581 0.700058
vt 0.272473 0.468398
vt 0.257503 0.471553
vt 0.646581 0.711249
vt 0.646581 0.709581
vt 0.479504 0.483499
vt 0.646581 0.715898
vt 0.463252 0.481209
vt 0.460404 0.480807
vt 0.444592 0.489945
vt 0.646581 0.728522
vt 0.646581 0.720547
vt 0.646581 0.816405
vt 0.646581 0.810875
vt 0.431648 0.686620
vt 0.646581 0.795827
vt 0.646581 0.766889
vt 0.646581 0.732027
vt 0.240026 0.462370
vt 0.232387 0.469885
vt 0.207695 0.486847
vt 0.197728 0.491760
vt 0.280931 0.455517
vt 0.277064 0.454972
vt 0.186794 0.474707
vt 0.646581 0.691521
vt 0.490684 0.464908
vt 0.490894 0.485104
vt 0.186359 0.498169
vt 0.444536 0.478571
vt 0.430924 0.476653
vt 0.646581 0.820536
vt 0.643333 0.705366
vt 0.643333 0.700058
vt 0.272473 0.468398
vt 0.272182 0.494591
vt 0.257181 0.497145
vt 0.643333 0.711249
vt 0.643333 0.709581
vt 0.470446 0.482222
vt 0.470533 0.493257
vt 0.463330 0.492337
vt 0.643333 0.715898
vt 0.452470 0.479689
vt 0.452536 0.490959
vt 0.643333 0.728522
vt 0.643333 0.720547
vt 0.643333 0.816405
vt 0.643333 0.810875
vt 0.643333 0.795827
vt 0.643333 0.766889
vt 0.643333 0.732027
vt 0.239840 0.475274
vt 0.232352 0.482750
vt 0.207664 0.498485
vt 0.197586 0.503630
vt 0.280790 0.469034
vt 0.276918 0.468539
vt 0.277064 0.454972
vt 0.186553 0.486503
vt 0.643333 0.691521
vt 0.490894 0.485104
vt 0.491006 0.495871
vt 0.479602 0.494415
vt 0.186222 0.509408
vt 0.430964 0.488205
vt 0.643333 0.820536
vt 0.280518 0.495099
vt 0.637069 0.705366
vt 0.637069 0.700058
vt 0.272022 0.508986
vt 0.257004 0.511210
vt 0.637069 0.711249
vt 0.637069 0.709581
vt 0.637069 0.715898
vt 0.463482 0.513798
vt 0.470702 0.514536
vt 0.637069 0.728522
vt 0.637069 0.720547
vt 0.637069 0.816405
vt 0.637069 0.810875
vt 0.637069 0.795827
vt 0.637069 0.766889
vt 0.637069 0.732027
vt 0.431083 0.522725
vt 0.239483 0.500159
vt 0.232286 0.507560
vt 0.207605 0.520928
vt 0.197311 0.526520
vt 0.276636 0.494703
vt 0.276918 0.468539
vt 0.186088 0.509250
vt 0.637069 0.691521
vt 0.491006 0.495870
vt 0.491223 0.516633
vt 0.479792 0.515465
vt 0.185960 0.531082
vt 0.431041 0.510482
vt 0.637069 0.820536
vt 0.633627 0.705366
vt 0.633627 0.700058
vt 0.272021 0.508986
vt 0.633627 0.711249
vt 0.633627 0.709581
vt 0.463566 0.525592
vt 0.633627 0.715898
vt 0.460705 0.525339
vt 0.452733 0.524636
vt 0.444760 0.523932
vt 0.633627 0.728522
vt 0.633627 0.720547
vt 0.633627 0.816405
vt 0.633627 0.810875
vt 0.633627 0.795827
vt 0.633627 0.766889
vt 0.633627 0.732027
vt 0.431460 0.632065
vt 0.239287 0.513834
vt 0.232250 0.521195
vt 0.207573 0.533261
vt 0.197160 0.539099
vt 0.276482 0.509081
vt 0.276636 0.494703
vt 0.185832 0.521751
vt 0.633627 0.691521
vt 0.491223 0.516633
vt 0.491342 0.528043
vt 0.185815 0.542993
vt 0.633627 0.820536
vt 0.276210 0.534332
vt 0.276482 0.509081
vt 0.491342 0.528043
vt 0.470795 0.526230
vt 0.470191 0.450126
vt 0.471409 0.603699
vt 0.471039 0.557034
vt 0.470533 0.493257
vt 0.471409 0.603699
vt 0.470030 0.429818
vt 0.470191 0.450126
vt 0.470533 0.493257
vt 0.463884 0.342958
vt 0.482293 0.792693
vt 0.472924 0.794780
vt 0.186755 0.465476
vt 0.554581 0.705366
vt 0.554581 0.700058
vt 0.453412 0.640970
vt 0.445341 0.641339
vt 0.464380 0.640468
vt 0.461483 0.640601
vt 0.471623 0.630670
vt 0.464312 0.630924
vt 0.461419 0.631024
vt 0.453356 0.631304
vt 0.471623 0.630670
vt 0.602886 0.709581
vt 0.602886 0.705366
vt 0.602886 0.700058
vt 0.602886 0.711249
vt 0.602886 0.715898
vt 0.602886 0.728522
vt 0.602886 0.720547
vt 0.602886 0.816405
vt 0.602886 0.810875
vt 0.602886 0.795827
vt 0.602886 0.766889
vt 0.602886 0.732027
vt 0.237532 0.635971
vt 0.231926 0.642967
vt 0.207284 0.643415
vt 0.183547 0.633397
vt 0.602886 0.691521
vt 0.184859 0.621903
vt 0.270462 0.649198
vt 0.602886 0.820536
vt 0.275101 0.637496
vt 0.492404 0.629948
vt 0.492933 0.680793
vt 0.493123 0.698990
vt 0.481293 0.681900
vt 0.472036 0.682780
vt 0.587548 0.709581
vt 0.587548 0.705366
vt 0.587548 0.700058
vt 0.195137 0.707502
vt 0.183883 0.702452
vt 0.587548 0.711249
vt 0.464684 0.683479
vt 0.587548 0.715898
vt 0.453666 0.684526
vt 0.587548 0.728522
vt 0.587548 0.720547
vt 0.445558 0.685297
vt 0.587548 0.820536
vt 0.587548 0.816405
vt 0.587548 0.732027
vt 0.269878 0.701693
vt 0.254638 0.699499
vt 0.587548 0.691521
vt 0.236657 0.696911
vt 0.182407 0.689102
vt 0.274165 0.724500
vt 0.274412 0.701569
vt 0.207139 0.698376
vt 0.231764 0.703725
vt 0.587548 0.795827
vt 0.587548 0.766889
vt 0.587548 0.810875
vt 0.492784 0.666416
vt 0.492933 0.680793
vt 0.184065 0.687444
vt 0.270080 0.683556
vt 0.461775 0.683755
vt 0.183883 0.702452
vt 0.184065 0.687444
vt 0.429540 0.338783
vt 0.674762 0.728522
vt 0.674762 0.720547
vt 0.674762 0.715898
vt 0.271506 0.849793
vt 0.492228 0.798597
vt 0.494163 0.798789
vt 0.495507 0.797837
vt 0.237665 0.837679
vt 0.183709 0.818365
vt 0.352355 0.787564
vt 0.361838 0.785834
vt 0.362545 0.785161
vt 0.350449 0.787359
vt 0.469169 0.796341
vt 0.472341 0.795629
vt 0.490955 0.197119
vt 0.492023 0.295809
vt 0.275499 0.848867
vt 0.306901 0.795866
vt 0.311885 0.794955
vt 0.310123 0.794688
vt 0.305156 0.795590
vt 0.444372 0.809698
vt 0.430322 0.812957
vt 0.285243 0.846607
vt 0.275499 0.848867
vt 0.186931 0.817776
vt 0.185613 0.817314
vt 0.179761 0.818377
vt 0.497367 0.789770
vt 0.493069 0.392496
vt 0.493525 0.434617
vt 0.492349 0.325992
vt 0.276686 0.089519
vt 0.255982 0.844236
vt 0.441968 0.793678
vt 0.469169 0.796341
vt 0.445008 0.793023
vt 0.255982 0.844236
vt 0.237665 0.837679
vt 0.492562 0.345611
vt 0.492783 0.366029
vt 0.216189 0.812433
vt 0.257334 0.804918
vt 0.255766 0.804565
vt 0.214768 0.812016
vt 0.424147 0.814389
vt 0.362732 0.828634
vt 0.306901 0.795866
vt 0.311752 0.840459
vt 0.194794 0.816340
vt 0.216189 0.812433
vt 0.193449 0.815890
vt 0.496030 0.666163
vt 0.496185 0.680484
vt 0.496538 0.713101
vt 0.495414 0.609247
vt 0.495637 0.629836
vt 0.495945 0.658321
vt 0.495353 0.603622
vt 0.494862 0.558265
vt 0.311885 0.794955
vt 0.323224 0.792884
vt 0.321422 0.792634
vt 0.452562 0.807798
vt 0.444372 0.809698
vt 0.329834 0.791677
vt 0.336443 0.790470
vt 0.334594 0.790241
vt 0.328008 0.791437
vt 0.463690 0.805217
vt 0.460751 0.805899
vt 0.338815 0.790037
vt 0.336957 0.789811
vt 0.471116 0.803495
vt 0.344808 0.788942
vt 0.352355 0.787564
vt 0.342929 0.788726
vt 0.480466 0.801326
vt 0.493738 0.454356
vt 0.493858 0.465434
vt 0.494076 0.485552
vt 0.494192 0.496277
vt 0.494415 0.516959
vt 0.494538 0.528325
vt 0.494754 0.548285
vt 0.471116 0.803495
vt 0.338815 0.790037
vt 0.344808 0.788942
vt 0.495736 0.639034
vt 0.496381 0.698611
vt 0.460751 0.805899
vt 0.323224 0.792884
vt 0.329834 0.791677
s 0
f 1097/1/1 1120/2/1 451/3/1 432/4/1
f 19/5/2 1102/6/2 1129/7/2 66/8/2
f 1113/9/3 1099/10/3 1198/11/3 449/12/3
f 48/13/4 1123/14/4 1093/15/4 1108/16/4
f 43/17/5 53/18/5 1119/19/5 1096/20/5
f 1109/21/4 1094/22/4 1128/23/4 65/24/4
f 45/25/4 102/26/4 1142/27/4 1105/28/4
f 110/29/6 46/30/6 11/31/6 98/32/6
f 21/33/3 1106/34/3 1141/35/3 107/36/3
f 1183/37/4 1103/38/4 62/39/4 348/40/4
f 57/41/5 1127/42/5 1095/43/5 18/44/5
f 16/45/1 39/46/1 1121/47/1 1089/48/1
f 23/49/1 1110/50/1 1149/51/1 139/52/1
f 142/53/4 48/13/4 1108/16/4 1148/54/4
f 256/55/3 18/56/3 23/49/3 261/57/3
f 268/58/3 99/59/3 22/60/3 260/61/3
f 358/62/1 339/63/1 21/33/1 259/64/1
f 264/65/5 49/66/5 1114/67/5 1166/68/5
f 1165/69/1 1113/70/1 449/12/1 458/71/1
f 442/72/3 433/73/3 19/74/3 257/75/3
f 266/76/2 57/41/2 18/44/2 256/77/2
f 156/78/2 58/79/2 25/80/2 146/81/2
f 439/82/3 434/83/3 26/84/3 147/85/3
f 1154/86/1 1115/87/1 450/88/1 455/89/1
f 31/90/1 469/91/1 1201/92/1 1117/93/1
f 351/94/1 342/95/1 28/96/1 149/97/1
f 467/98/4 479/99/4 1071/99/4 1063/98/4
f 146/100/3 25/101/3 30/102/3 151/103/3
f 217/104/1 132/105/1 31/90/1 152/106/1
f 138/107/1 133/108/1 39/46/1 16/45/1
f 3/109/3 33/110/3 38/111/3 13/112/3
f 105/113/3 101/114/3 37/115/3 9/116/3
f 336/117/1 343/118/1 36/119/1 11/120/1
f 1111/121/5 1091/122/5 1124/123/5 50/124/5
f 1126/125/4 436/126/4 1197/127/4 1098/128/4
f 447/129/3 435/130/3 34/131/3 7/132/3
f 60/133/2 59/134/2 33/135/2 3/136/2
f 41/137/6 47/138/6 16/139/6 1089/140/6 1090/141/6
f 56/142/5 68/143/5 53/18/5 43/17/5
f 155/144/5 67/145/5 52/146/5 153/147/5
f 1118/148/2 1202/149/2 470/150/2 51/151/2
f 262/152/1 24/153/1 1112/154/1 1164/155/1
f 265/156/5 66/8/5 49/66/5 264/65/5
f 143/157/4 65/24/4 48/13/4 142/53/4
f 60/158/6 64/159/6 47/138/6 41/137/6
f 111/160/6 63/161/6 46/30/6 110/29/6
f 348/40/4 62/39/4 45/25/4 345/162/4
f 50/124/5 1124/163/5 1127/164/5 57/41/5
f 453/165/6 56/166/6 43/167/6 452/168/6
f 171/169/1 76/170/1 1131/171/1 1158/172/1
f 24/153/3 1107/173/3 1092/174/3 1112/154/3
f 1103/38/4 1140/175/4 103/176/4 62/39/4
f 447/177/6 7/178/6 56/166/6 453/165/6
f 18/56/1 1095/179/1 1110/180/1 23/49/1
f 22/60/1 1104/181/1 1184/182/1 340/183/1
f 105/184/6 9/185/6 63/161/6 111/160/6
f 3/186/6 13/187/6 64/159/6 60/158/6
f 1163/188/2 1111/121/2 50/124/2 263/189/2
f 257/190/5 19/5/5 66/8/5 265/156/5
f 147/191/5 26/192/5 67/145/5 155/144/5
f 7/193/5 34/194/5 68/143/5 56/142/5
f 41/195/2 54/196/2 59/134/2 60/133/2
f 154/197/2 51/151/2 58/79/2 156/78/2
f 263/189/2 50/124/2 57/41/2 266/76/2
f 1130/198/4 437/199/4 436/126/4 1126/125/4
f 173/200/2 78/201/2 80/202/2 175/203/2
f 166/204/5 71/205/5 79/206/5 174/207/5
f 76/170/1 152/106/1 1152/208/1 1131/171/1
f 174/207/5 79/206/5 77/209/5 172/210/5
f 220/211/1 218/212/1 76/170/1 171/169/1
f 165/213/3 70/214/3 75/215/3 170/216/3
f 180/217/3 104/218/3 74/219/3 169/220/3
f 354/221/1 349/222/1 73/223/1 168/224/1
f 1157/225/2 1132/226/2 78/201/2 173/200/2
f 1156/227/1 1133/228/1 454/229/1 456/230/1
f 440/231/3 438/232/3 71/233/3 166/234/3
f 175/203/2 80/202/2 70/235/2 165/236/2
f 181/237/3 128/238/3 96/239/3 177/240/3
f 112/241/4 95/242/4 194/242/4 193/241/4
f 123/243/1 1145/244/1 1136/245/1 86/246/1
f 113/247/6 83/248/6 93/249/6 119/250/6
f 119/250/6 93/249/6 92/251/6 118/252/6
f 103/176/4 94/253/4 91/254/4 102/26/4
f 113/255/3 125/256/3 90/257/3 83/258/3
f 98/259/1 109/260/1 89/261/1 82/262/1
f 159/263/1 108/264/1 88/265/1 157/266/1
f 161/267/3 124/268/3 87/269/3 158/270/3
f 269/271/3 123/243/3 86/246/3 267/272/3
f 91/254/4 126/273/4 1143/274/4 1137/275/4
f 107/36/3 1141/276/3 1138/277/3 85/278/3
f 86/246/1 1136/279/1 1139/280/1 99/59/1
f 118/252/6 92/251/6 82/281/6 122/282/6
f 131/283/3 1147/284/3 1107/285/3 24/153/3
f 345/162/4 45/25/4 1105/28/4 1186/286/4
f 149/97/1 28/96/1 108/264/1 159/263/1
f 11/120/1 36/119/1 109/260/1 98/259/1
f 62/39/4 103/176/4 102/26/4 45/25/4
f 99/59/1 1139/287/1 1104/288/1 22/60/1
f 168/224/1 73/223/1 112/241/1 179/289/1
f 177/240/3 96/239/3 104/218/3 180/217/3
f 83/248/6 105/184/6 111/160/6 93/249/6
f 93/249/6 111/160/6 110/29/6 92/251/6
f 83/258/3 90/257/3 101/114/3 105/113/3
f 158/270/3 87/269/3 100/290/3 160/291/3
f 267/272/3 86/246/3 99/59/3 268/58/3
f 102/26/4 91/254/4 1137/275/4 1142/27/4
f 92/251/6 110/29/6 98/32/6 82/281/6
f 134/292/6 118/252/6 122/282/6 138/293/6
f 294/294/1 246/295/1 1159/296/1 1172/297/1
f 270/298/3 139/52/3 123/243/3 269/271/3
f 163/299/3 140/300/3 124/268/3 161/267/3
f 129/301/3 141/302/3 125/256/3 113/255/3
f 135/303/6 119/250/6 118/252/6 134/292/6
f 129/304/6 113/247/6 119/250/6 135/303/6
f 183/305/3 144/306/3 128/238/3 181/237/3
f 178/307/1 95/242/1 216/308/1 219/309/1
f 1140/175/4 1135/310/4 94/253/4 103/176/4
f 94/253/4 127/311/4 126/273/4 91/254/4
f 82/262/1 89/261/1 117/312/1 122/313/1
f 157/266/1 88/265/1 116/314/1 215/315/1
f 115/316/3 1144/317/3 1147/318/3 131/283/3
f 85/278/3 1138/319/3 1144/320/3 115/316/3
f 170/216/3 75/215/3 144/306/3 183/305/3
f 13/187/6 129/304/6 135/303/6 64/159/6
f 64/159/6 135/303/6 134/292/6 47/138/6
f 13/112/3 38/111/3 141/302/3 129/301/3
f 151/103/3 30/102/3 140/300/3 163/299/3
f 261/57/3 23/49/3 139/52/3 270/298/3
f 1150/321/4 1109/21/4 65/24/4 143/157/4
f 47/138/6 134/292/6 138/293/6 16/139/6
f 182/322/2 120/323/2 221/323/2 225/322/2
f 139/52/1 1149/324/1 1145/325/1 123/243/1
f 127/311/4 143/157/4 142/53/4 126/273/4
f 122/313/1 117/312/1 133/108/1 138/107/1
f 215/315/1 116/314/1 132/105/1 217/104/1
f 126/273/4 142/53/4 1148/54/4 1143/274/4
f 1146/326/4 1150/321/4 143/157/4 127/311/4
f 184/327/4 182/322/4 225/322/4 226/327/4
f 75/215/3 151/103/3 163/299/3 144/306/3
f 95/242/1 157/266/1 215/315/1 216/308/1
f 144/306/3 163/299/3 161/267/3 128/238/3
f 96/239/3 158/270/3 160/291/3 104/218/3
f 73/223/1 149/97/1 159/263/1 112/241/1
f 128/238/3 161/267/3 158/270/3 96/239/3
f 112/241/1 159/263/1 157/266/1 95/242/1
f 78/201/2 154/197/2 156/78/2 80/202/2
f 71/205/5 147/191/5 155/144/5 79/206/5
f 1133/228/1 1154/328/1 455/89/1 454/229/1
f 79/206/5 155/144/5 153/147/5 77/209/5
f 218/212/1 217/104/1 152/106/1 76/170/1
f 70/214/3 146/100/3 151/103/3 75/215/3
f 104/218/3 160/291/3 150/329/3 74/219/3
f 349/222/1 351/94/1 149/97/1 73/223/1
f 1132/226/2 1151/330/2 154/197/2 78/201/2
f 172/210/5 77/209/5 1134/331/5 1155/332/5
f 438/232/3 439/82/3 147/85/3 71/233/3
f 80/202/2 156/78/2 146/81/2 70/235/2
f 117/312/1 219/309/1 220/211/1 133/108/1
f 38/111/3 170/216/3 183/305/3 141/302/3
f 89/261/1 178/307/1 219/309/1 117/312/1
f 141/302/3 183/305/3 181/237/3 125/256/3
f 90/257/3 177/240/3 180/217/3 101/114/3
f 36/119/1 168/224/1 179/289/1 109/260/1
f 95/242/2 178/307/2 195/307/2 194/242/2
f 125/256/3 181/237/3 177/240/3 90/257/3
f 59/134/2 175/203/2 165/236/2 33/135/2
f 435/130/3 440/231/3 166/234/3 34/131/3
f 39/46/1 171/169/1 1158/333/1 1121/334/1
f 1122/335/2 1157/225/2 173/200/2 54/196/2
f 343/118/1 354/221/1 168/224/1 36/119/1
f 101/114/3 180/217/3 169/220/3 37/115/3
f 33/110/3 165/213/3 170/216/3 38/111/3
f 133/108/1 220/211/1 171/169/1 39/46/1
f 68/143/5 174/207/5 172/210/5 53/18/5
f 65/24/4 1128/23/4 1123/14/4 48/13/4
f 34/194/5 166/204/5 174/207/5 68/143/5
f 54/196/2 173/200/2 175/203/2 59/134/2
f 185/336/2 190/337/2 197/337/2 199/336/2
f 190/337/2 187/338/2 201/338/2 197/337/2
f 89/261/6 109/260/6 191/260/6 192/261/6
f 179/289/5 112/241/5 193/241/5 196/289/5
f 178/307/2 89/261/2 192/261/2 195/307/2
f 109/260/5 179/289/5 196/289/5 191/260/5
f 185/336/1 186/339/1 192/261/1 191/260/1
f 188/340/1 187/338/1 193/241/1 194/242/1
f 186/339/1 189/341/1 195/307/1 192/261/1
f 190/337/1 185/336/1 191/260/1 196/289/1
f 189/341/1 188/340/1 194/242/1 195/307/1
f 187/338/1 190/337/1 196/289/1 193/241/1
f 197/337/1 201/338/1 202/340/1 198/341/1
f 199/336/7 197/337/7 203/337/7 205/336/7
f 187/338/6 188/340/6 202/340/6 201/338/6
f 188/340/5 189/341/5 198/341/5 202/340/5
f 189/341/5 186/339/5 200/339/5 198/341/5
f 186/339/4 185/336/4 199/336/4 200/339/4
f 205/336/1 203/337/1 204/341/1 206/339/1
f 197/337/8 198/341/8 208/341/8 207/337/8
f 198/341/9 200/339/9 206/339/9 204/341/9
f 200/339/10 199/336/10 205/336/10 206/339/10
f 209/337/11 207/337/11 211/337/11 213/337/11
f 198/341/8 204/341/8 210/341/8 208/341/8
f 203/337/8 197/337/8 207/337/8 209/337/8
f 204/341/8 203/337/8 209/337/8 210/341/8
f 207/337/12 208/341/12 212/341/12 211/337/12
f 208/341/13 210/341/13 214/341/13 212/341/13
f 210/341/14 209/337/14 213/337/14 214/341/14
f 162/342/1 120/323/1 216/308/1 215/315/1
f 136/343/1 164/344/1 217/104/1 218/212/1
f 164/344/1 162/342/1 215/315/1 217/104/1
f 120/323/1 182/322/1 219/309/1 216/308/1
f 184/327/1 136/343/1 218/212/1 220/211/1
f 182/322/1 184/327/1 220/211/1 219/309/1
f 224/344/3 222/343/3 228/343/3 230/344/3
f 225/322/3 221/323/3 227/323/3 231/322/3
f 164/344/5 136/343/5 222/343/5 224/344/5
f 136/343/5 184/327/5 226/327/5 222/343/5
f 162/342/6 164/344/6 224/344/6 223/342/6
f 120/323/2 162/342/2 223/342/2 221/323/2
f 227/323/2 229/342/2 235/342/2 233/323/2
f 229/342/6 230/344/6 236/344/6 235/342/6
f 222/343/3 226/327/3 232/327/3 228/343/3
f 223/342/3 224/344/3 230/344/3 229/342/3
f 221/323/3 223/342/3 229/342/3 227/323/3
f 226/327/3 225/322/3 231/322/3 232/327/3
f 237/322/1 233/323/1 234/343/1 238/327/1
f 233/323/1 235/342/1 236/344/1 234/343/1
f 232/327/4 231/322/4 237/322/4 238/327/4
f 231/322/2 227/323/2 233/323/2 237/322/2
f 230/344/5 228/343/5 234/343/5 236/344/5
f 228/343/5 232/327/5 238/327/5 234/343/5
f 293/345/3 245/346/3 254/347/3 302/348/3
f 302/348/3 254/347/3 253/349/3 301/350/3
f 299/351/3 251/352/3 252/353/3 300/354/3
f 301/350/3 253/349/3 251/352/3 299/351/3
f 295/355/2 247/356/2 250/357/2 298/358/2
f 289/359/5 241/360/5 249/361/5 297/362/5
f 297/362/5 249/361/5 248/363/5 296/364/5
f 246/295/1 907/365/1 1250/366/1 1159/367/1
f 298/358/2 250/357/2 240/368/2 288/369/2
f 444/370/3 441/371/3 241/372/3 289/373/3
f 1173/374/1 1161/375/1 457/376/1 460/377/1
f 1171/378/2 1160/379/2 247/356/2 295/355/2
f 361/380/1 356/381/1 243/382/1 291/383/1
f 300/354/3 252/353/3 244/384/3 292/385/3
f 288/386/3 240/387/3 245/346/3 293/345/3
f 880/388/3 261/57/3 270/298/3 889/389/3
f 889/389/3 270/298/3 269/271/3 888/390/3
f 886/391/3 267/272/3 268/58/3 887/392/3
f 888/390/3 269/271/3 267/272/3 886/391/3
f 882/393/2 263/189/2 266/76/2 885/394/2
f 876/395/5 257/190/5 265/156/5 884/396/5
f 884/396/5 265/156/5 264/65/5 883/397/5
f 883/397/5 264/65/5 1166/398/5 1244/399/5
f 885/394/2 266/76/2 256/77/2 875/400/2
f 898/401/3 442/72/3 257/75/3 876/402/3
f 1243/403/1 1165/69/1 458/71/1 897/404/1
f 1245/405/2 1163/188/2 263/189/2 882/393/2
f 891/406/1 358/62/1 259/64/1 878/407/1
f 887/392/3 268/58/3 260/61/3 879/408/3
f 875/409/3 256/55/3 261/57/3 880/388/3
f 303/410/3 271/411/3 276/412/3 308/413/3
f 315/414/3 283/415/3 275/416/3 307/417/3
f 364/418/1 359/419/1 274/420/1 306/421/1
f 277/422/1 817/423/1 1237/424/1 1169/425/1
f 1175/426/1 1167/427/1 459/428/1 461/429/1
f 445/430/3 443/431/3 272/432/3 304/433/3
f 313/434/2 281/435/2 271/436/2 303/437/2
f 1170/438/2 1238/439/2 818/440/2 278/441/2
f 312/442/5 280/443/5 279/444/5 311/445/5
f 304/446/5 272/447/5 280/443/5 312/442/5
f 310/448/2 278/441/2 281/435/2 313/434/2
f 316/449/3 284/450/3 282/451/3 314/452/3
f 314/452/3 282/451/3 283/415/3 315/414/3
f 317/453/3 285/454/3 284/450/3 316/449/3
f 308/413/3 276/412/3 285/454/3 317/453/3
f 840/455/3 288/386/3 293/345/3 845/456/3
f 852/457/3 300/354/3 292/385/3 844/458/3
f 856/459/1 361/380/1 291/383/1 843/460/1
f 848/461/5 296/364/5 1174/462/5 1241/463/5
f 1242/464/1 1173/374/1 460/377/1 859/465/1
f 860/466/3 444/370/3 289/373/3 841/467/3
f 850/468/2 298/358/2 288/369/2 840/469/2
f 846/470/1 294/294/1 1172/471/1 1240/472/1
f 849/473/5 297/362/5 296/364/5 848/461/5
f 841/474/5 289/359/5 297/362/5 849/473/5
f 847/475/2 295/355/2 298/358/2 850/468/2
f 853/476/3 301/350/3 299/351/3 851/477/3
f 851/477/3 299/351/3 300/354/3 852/457/3
f 854/478/3 302/348/3 301/350/3 853/476/3
f 845/456/3 293/345/3 302/348/3 854/478/3
f 324/479/3 308/413/3 317/453/3 333/480/3
f 333/480/3 317/453/3 316/449/3 332/481/3
f 330/482/3 314/452/3 315/414/3 331/483/3
f 332/481/3 316/449/3 314/452/3 330/482/3
f 326/484/2 310/448/2 313/434/2 329/485/2
f 320/486/5 304/446/5 312/442/5 328/487/5
f 328/487/5 312/442/5 311/445/5 327/488/5
f 640/489/5 327/488/5 1180/490/5 1229/491/5
f 329/485/2 313/434/2 303/437/2 319/492/2
f 446/493/3 445/430/3 304/433/3 320/494/3
f 1179/495/1 1175/496/1 461/429/1 462/497/1
f 1181/498/2 1177/499/2 310/448/2 326/484/2
f 365/500/1 364/418/1 306/421/1 322/501/1
f 331/483/3 315/414/3 307/417/3 323/502/3
f 319/503/3 303/410/3 308/413/3 324/479/3
f 632/504/3 319/503/3 324/479/3 637/505/3
f 644/506/3 331/483/3 323/502/3 636/507/3
f 648/508/1 365/500/1 322/501/1 635/509/1
f 1254/510/4 1183/511/4 348/40/4 949/512/4
f 1230/513/1 1179/495/1 462/497/1 653/514/1
f 654/515/3 446/493/3 320/494/3 633/516/3
f 642/517/2 329/485/2 319/492/2 632/518/2
f 638/519/1 325/520/1 1182/521/1 1228/522/1
f 641/523/5 328/487/5 327/488/5 640/489/5
f 633/524/5 320/486/5 328/487/5 641/523/5
f 639/525/2 326/484/2 329/485/2 642/517/2
f 645/526/3 332/481/3 330/482/3 643/527/3
f 643/527/3 330/482/3 331/483/3 644/506/3
f 646/528/3 333/480/3 332/481/3 645/526/3
f 637/505/3 324/479/3 333/480/3 646/528/3
f 636/507/3 323/502/3 366/529/3 647/530/3
f 974/531/1 942/532/1 365/500/1 648/508/1
f 364/418/4 365/500/4 658/500/4 656/418/4
f 323/502/3 307/417/3 363/533/3 366/529/3
f 844/458/3 292/385/3 362/534/3 855/535/3
f 828/536/2 359/419/2 804/419/2 835/536/2
f 307/417/3 275/416/3 360/537/3 363/533/3
f 941/538/1 939/539/1 359/419/1 364/418/1
f 1004/540/1 938/541/1 358/62/1 891/406/1
f 879/408/3 260/61/3 357/542/3 892/543/3
f 940/544/1 937/545/1 356/381/1 361/380/1
f 292/385/3 244/384/3 355/546/3 362/534/3
f 931/547/1 936/548/1 354/221/1 343/118/1
f 371/549/6 947/550/6 1079/550/6 1080/549/6
f 74/219/3 150/329/3 352/551/3 350/552/3
f 934/553/1 935/554/1 351/94/1 349/222/1
f 169/220/3 74/219/3 350/552/3 353/555/3
f 936/548/1 934/553/1 349/222/1 354/221/1
f 340/183/1 1184/556/1 1253/557/1 945/558/1
f 9/185/6 337/559/6 347/560/6 63/161/6
f 63/161/6 347/560/6 346/561/6 46/30/6
f 949/512/4 348/40/4 345/162/4 948/562/4
f 9/116/3 37/115/3 344/563/3 337/564/3
f 944/565/1 931/547/1 343/118/1 336/117/1
f 935/554/1 930/566/1 342/95/1 351/94/1
f 160/291/2 100/290/2 1065/290/2 1068/291/2
f 260/61/3 22/60/3 340/183/3 357/542/3
f 938/541/1 929/567/1 339/63/1 358/62/1
f 1187/568/4 1254/510/4 949/512/4 373/569/4
f 929/567/3 1251/570/3 1185/571/3 339/63/3
f 46/30/6 346/561/6 336/572/6 11/31/6
f 339/63/3 1185/573/3 1106/574/3 21/33/3
f 372/575/4 948/562/4 1252/576/4 1189/577/4
f 385/578/3 1190/579/3 1251/580/3 929/567/3
f 426/581/1 417/582/1 385/578/1 394/583/1
f 423/584/1 418/585/1 386/586/1 391/587/1
f 400/588/1 419/589/1 387/590/1 368/591/1
f 405/592/4 373/569/4 372/575/4 404/593/4
f 945/558/1 1253/557/1 1188/594/1 369/595/1
f 424/596/1 422/597/1 390/598/1 392/599/1
f 422/597/1 423/584/1 391/587/1 390/598/1
f 419/589/1 424/596/1 392/599/1 387/590/1
f 428/600/1 425/601/1 393/602/1 396/603/1
f 895/604/1 426/581/1 394/583/1 893/605/1
f 429/606/1 427/607/1 395/608/1 397/609/1
f 940/544/4 361/380/4 806/380/4 996/544/4
f 970/610/4 600/611/4 679/611/4 982/610/4
f 651/612/1 430/613/1 398/614/1 649/615/1
f 973/616/3 958/617/3 382/618/3 650/619/3
f 958/617/3 957/620/3 381/621/3 382/618/3
f 1000/622/3 956/623/3 380/624/3 857/625/3
f 957/620/3 955/626/3 379/627/3 381/621/3
f 1003/628/3 954/629/3 378/630/3 894/631/3
f 956/623/3 953/632/3 377/633/3 380/624/3
f 760/634/4 440/231/4 1088/231/4 1087/634/4
f 950/635/3 951/636/3 375/637/3 374/638/3
f 952/639/3 950/635/3 374/638/3 376/640/3
f 927/641/6 383/642/6 389/643/6 933/644/6
f 933/644/6 389/643/6 388/645/6 932/646/6
f 927/647/3 947/550/3 371/549/3 383/648/3
f 375/637/6 951/636/6 1074/636/6 1075/637/6
f 954/629/3 945/558/3 369/595/3 378/630/3
f 932/646/6 388/645/6 368/649/6 944/650/6
f 369/595/1 1188/651/1 1192/652/1 401/653/1
f 782/654/1 750/655/1 430/613/1 651/612/1
f 780/656/4 629/657/4 694/657/4 791/658/4
f 862/659/5 748/660/5 810/660/5 866/661/5
f 749/662/1 747/663/1 427/607/1 429/606/1
f 900/664/1 746/665/1 426/581/1 895/604/1
f 748/660/1 745/666/1 425/601/1 428/600/1
f 739/667/1 744/668/1 424/596/1 419/589/1
f 742/669/1 743/670/1 423/584/1 422/597/1
f 744/668/1 742/669/1 422/597/1 424/596/1
f 401/653/1 1192/652/1 1233/671/1 753/672/1
f 757/673/4 405/592/4 404/593/4 756/674/4
f 752/675/1 739/667/1 419/589/1 400/588/1
f 743/670/1 738/676/1 418/585/1 423/584/1
f 746/665/1 737/677/1 417/582/1 426/581/1
f 1196/678/4 1234/679/4 757/673/4 437/199/4
f 737/677/3 1231/680/3 1193/681/3 417/582/3
f 650/619/3 382/618/3 414/682/3 652/683/3
f 382/618/3 381/621/3 413/684/3 414/682/3
f 857/625/3 380/624/3 412/685/3 858/686/3
f 381/621/3 379/627/3 411/687/3 413/684/3
f 894/631/3 378/630/3 410/688/3 896/689/3
f 380/624/3 377/633/3 409/690/3 412/685/3
f 408/691/4 760/634/4 1087/634/4 1084/691/4
f 374/638/3 375/637/3 407/692/3 406/693/3
f 376/640/3 374/638/3 406/693/3 408/691/3
f 383/642/6 415/694/6 421/695/6 389/643/6
f 389/643/6 421/695/6 420/696/6 388/645/6
f 383/648/3 371/549/3 403/697/3 415/698/3
f 375/637/3 370/699/3 402/700/3 407/692/3
f 378/630/3 369/595/3 401/653/3 410/688/3
f 388/645/6 420/696/6 400/701/6 368/649/6
f 417/582/3 1193/702/3 1190/703/3 385/578/3
f 49/66/2 1125/704/2 1100/705/2 1114/67/2
f 1101/706/4 1196/678/4 437/199/4 1130/198/4
f 52/146/5 471/707/5 1199/708/5 1116/709/5
f 1115/710/1 1200/711/1 485/712/1 450/88/1
f 452/168/6 43/167/6 1096/713/6 1097/714/6 432/715/6
f 66/8/2 1129/716/2 1125/717/2 49/66/2
f 433/73/1 1195/718/1 1102/719/1 19/74/1
f 1135/310/4 1146/326/4 127/311/4 94/253/4
f 77/209/5 153/147/5 1153/720/5 1134/331/5
f 53/18/5 172/210/5 1155/332/5 1119/19/5
f 881/721/1 262/152/1 1164/722/1 1246/723/1
f 279/444/5 819/724/5 1235/725/5 1168/726/5
f 1167/427/1 1236/727/1 831/728/1 459/428/1
f 327/488/5 311/445/5 1176/729/5 1180/490/5
f 325/520/1 309/730/1 1178/731/1 1182/521/1
f 1227/732/2 1181/498/2 326/484/2 639/525/2
f 781/733/3 766/734/3 446/493/3 654/515/3
f 766/734/3 765/735/3 445/430/3 446/493/3
f 861/736/3 764/737/3 444/370/3 860/466/3
f 765/735/3 763/738/3 443/431/3 445/430/3
f 899/739/3 762/740/3 442/72/3 898/401/3
f 764/737/3 761/741/3 441/371/3 444/370/3
f 952/639/4 376/640/4 1082/640/4 1081/639/4
f 758/742/3 759/743/3 439/82/3 438/232/3
f 760/634/3 758/742/3 438/232/3 440/231/3
f 735/744/6 447/177/6 453/165/6 741/745/6
f 741/745/6 453/165/6 452/168/6 740/746/6
f 735/747/3 755/748/3 435/130/3 447/129/3
f 759/743/3 754/749/3 434/83/3 439/82/3
f 762/740/3 753/672/3 433/73/3 442/72/3
f 740/746/6 452/168/6 432/715/6 752/750/6
f 436/126/4 756/674/4 1232/751/4 1197/127/4
f 754/749/3 767/752/3 486/753/3 434/83/3
f 1151/754/2 1118/148/2 51/151/2 154/197/2
f 370/699/3 482/755/3 484/756/3 402/700/3
f 738/676/1 768/757/1 483/758/1 418/585/1
f 150/329/6 160/291/6 1068/291/6 1067/329/6
f 418/585/1 483/758/1 481/759/1 386/586/1
f 930/566/1 960/760/1 480/761/1 342/95/1
f 352/551/6 150/329/6 1067/329/6 1070/551/6
f 30/102/3 468/762/3 477/763/3 140/300/3
f 140/300/3 477/763/3 476/764/3 124/268/3
f 87/269/3 474/765/3 475/766/3 100/290/3
f 124/268/3 476/764/3 474/765/3 87/269/3
f 51/151/2 470/150/2 473/767/2 58/79/2
f 26/192/5 464/768/5 472/769/5 67/145/5
f 67/145/5 472/769/5 471/707/5 52/146/5
f 152/106/1 31/90/1 1117/93/1 1152/208/1
f 58/79/2 473/767/2 463/770/2 25/80/2
f 434/83/3 486/753/3 464/771/3 26/84/3
f 153/147/5 52/146/5 1116/709/5 1153/720/5
f 1120/772/1 1156/773/1 456/230/1 451/3/1
f 342/95/1 480/761/1 466/774/1 28/96/1
f 482/755/5 370/699/5 1073/699/5 1076/755/5
f 25/101/3 463/775/3 468/762/3 30/102/3
f 767/752/3 769/776/3 510/777/3 486/753/3
f 1202/149/2 1204/778/2 495/779/2 470/150/2
f 482/755/3 506/780/3 508/781/3 484/756/3
f 577/782/4 601/783/4 681/783/4 682/782/4
f 959/784/3 961/785/3 506/780/3 482/755/3
f 483/758/1 507/786/1 505/787/1 481/759/1
f 768/757/4 485/712/4 670/712/4 785/757/4
f 467/98/3 492/788/3 503/789/3 479/99/3
f 468/762/3 493/790/3 502/791/3 477/763/3
f 477/763/3 502/791/3 501/792/3 476/764/3
f 474/765/3 499/793/3 500/794/3 475/766/3
f 476/764/3 501/792/3 499/793/3 474/765/3
f 470/150/2 495/779/2 498/795/2 473/767/2
f 464/768/5 489/796/5 497/797/5 472/769/5
f 472/769/5 497/797/5 496/798/5 471/707/5
f 469/91/1 494/799/1 1203/800/1 1201/92/1
f 473/767/2 498/795/2 488/801/2 463/770/2
f 486/753/3 510/777/3 489/802/3 464/771/3
f 1200/711/1 1206/803/1 509/804/1 485/712/1
f 1204/778/2 1208/805/2 519/806/2 495/779/2
f 480/761/1 504/807/1 491/808/1 466/774/1
f 475/766/3 500/794/3 492/788/3 467/98/3
f 463/775/3 488/809/3 493/790/3 468/762/3
f 769/776/3 771/810/3 534/811/3 510/777/3
f 1208/805/2 1212/812/2 543/813/2 519/806/2
f 506/780/3 530/814/3 532/815/3 508/781/3
f 770/816/1 772/817/1 531/818/1 507/786/1
f 961/785/3 963/819/3 530/814/3 506/780/3
f 507/786/1 531/818/1 529/820/1 505/787/1
f 962/821/1 964/822/1 528/823/1 504/807/1
f 492/788/3 516/824/3 527/825/3 503/789/3
f 493/790/3 517/826/3 526/827/3 502/791/3
f 502/791/3 526/827/3 525/828/3 501/792/3
f 499/793/3 523/829/3 524/830/3 500/794/3
f 638/519/5 614/831/5 1056/831/5 1058/519/5
f 635/509/2 322/501/2 1043/501/2 1057/509/2
f 501/792/3 525/828/3 523/829/3 499/793/3
f 495/779/2 519/806/2 522/832/2 498/795/2
f 489/796/5 513/833/5 521/834/5 497/797/5
f 497/797/5 521/834/5 520/835/5 496/798/5
f 494/799/1 518/836/1 1207/837/1 1203/838/1
f 498/795/2 522/832/2 512/839/2 488/801/2
f 510/777/3 534/811/3 513/840/3 489/802/3
f 1206/841/1 1210/842/1 533/843/1 509/804/1
f 496/798/5 520/835/5 1209/844/5 1205/845/5
f 504/807/1 528/823/1 515/846/1 491/808/1
f 500/794/3 524/830/3 516/824/3 492/788/3
f 488/809/3 512/847/3 517/826/3 493/790/3
f 21/33/6 107/36/6 1022/36/6 1026/33/6
f 771/810/3 773/848/3 558/849/3 534/811/3
f 1212/812/2 1216/850/2 567/851/2 543/813/2
f 530/814/3 554/852/3 556/853/3 532/815/3
f 533/843/4 557/854/4 677/854/4 678/843/4
f 963/819/3 965/855/3 554/852/3 530/814/3
f 531/818/1 555/856/1 553/857/1 529/820/1
f 600/611/4 576/858/4 680/858/4 679/611/4
f 516/824/3 540/859/3 551/860/3 527/825/3
f 846/470/5 817/423/5 1037/423/5 1060/470/5
f 517/826/3 541/861/3 550/862/3 526/827/3
f 904/863/2 878/407/2 1061/407/2 1029/863/2
f 526/827/3 550/862/3 549/864/3 525/828/3
f 523/829/3 547/865/3 548/866/3 524/830/3
f 907/365/5 246/295/5 1032/295/5 1031/365/5
f 469/91/5 31/90/5 1020/90/5 1019/91/5
f 525/828/3 549/864/3 547/865/3 523/829/3
f 519/806/2 543/813/2 546/867/2 522/832/2
f 513/833/5 537/868/5 545/869/5 521/834/5
f 521/834/5 545/869/5 544/870/5 520/835/5
f 518/836/1 542/871/1 1211/872/1 1207/837/1
f 522/832/2 546/867/2 536/873/2 512/839/2
f 534/811/3 558/849/3 537/874/3 513/840/3
f 1210/875/1 1214/876/1 557/854/1 533/843/1
f 520/835/5 544/870/5 1213/877/5 1209/844/5
f 528/823/1 552/878/1 539/879/1 515/846/1
f 524/830/3 548/866/3 540/859/3 516/824/3
f 512/847/3 536/880/3 541/861/3 517/826/3
f 24/153/5 262/152/5 1034/152/5 1016/153/5
f 773/848/3 775/881/3 582/882/3 558/849/3
f 1216/883/2 1220/884/2 591/885/2 567/851/2
f 554/852/3 578/886/3 580/887/3 556/853/3
f 774/888/1 776/889/1 579/890/1 555/856/1
f 965/855/3 967/891/3 578/886/3 554/852/3
f 555/856/1 579/890/1 577/782/1 553/857/1
f 966/892/1 968/893/1 576/858/1 552/878/1
f 540/859/3 564/894/3 575/895/3 551/860/3
f 491/808/2 515/846/2 1047/846/2 1045/808/2
f 541/861/3 565/896/3 574/897/3 550/862/3
f 246/295/5 294/294/5 1040/294/5 1032/295/5
f 550/862/3 574/897/3 573/898/3 549/864/3
f 547/865/3 571/899/3 572/900/3 548/866/3
f 494/799/5 469/91/5 1019/91/5 1046/799/5
f 131/283/6 24/153/6 1016/153/6 1015/283/6
f 549/864/3 573/898/3 571/899/3 547/865/3
f 543/813/2 567/851/2 570/901/2 546/867/2
f 537/868/5 561/902/5 569/903/5 545/869/5
f 545/869/5 569/903/5 568/904/5 544/870/5
f 542/871/1 566/905/1 1215/906/1 1211/907/1
f 546/867/2 570/901/2 560/908/2 536/873/2
f 558/849/3 582/882/3 561/909/3 537/874/3
f 1214/910/1 1218/911/1 581/912/1 557/854/1
f 544/870/5 568/904/5 1217/913/5 1213/877/5
f 552/878/1 576/858/1 563/914/1 539/879/1
f 548/866/3 572/900/3 564/894/3 540/859/3
f 536/880/3 560/915/3 565/896/3 541/861/3
f 614/831/5 590/916/5 1054/916/5 1056/831/5
f 775/881/3 777/917/3 606/918/3 582/882/3
f 1220/884/2 1224/919/2 615/920/2 591/885/2
f 578/886/3 602/921/3 604/922/3 580/887/3
f 968/893/4 577/782/4 682/782/4 981/893/4
f 967/891/3 969/923/3 602/921/3 578/886/3
f 579/890/1 603/924/1 601/783/1 577/782/1
f 778/925/4 603/924/4 683/924/4 790/925/4
f 564/894/3 588/926/3 599/927/3 575/895/3
f 817/423/5 277/422/5 1038/422/5 1037/423/5
f 565/896/3 589/928/3 598/929/3 574/897/3
f 116/314/4 88/265/4 1025/265/4 1028/314/4
f 574/897/3 598/929/3 597/930/3 573/898/3
f 571/899/3 595/931/3 596/932/3 572/900/3
f 277/422/5 309/730/5 1042/730/5 1038/422/5
f 611/933/2 635/509/2 1057/509/2 1055/933/2
f 573/898/3 597/930/3 595/931/3 571/899/3
f 567/851/2 591/885/2 594/934/2 570/901/2
f 561/902/5 585/935/5 593/936/5 569/903/5
f 569/903/5 593/936/5 592/937/5 568/904/5
f 566/905/1 590/916/1 1219/938/1 1215/939/1
f 570/901/2 594/934/2 584/940/2 560/908/2
f 582/882/3 606/918/3 585/941/3 561/909/3
f 1218/942/1 1222/943/1 605/944/1 581/912/1
f 568/904/5 592/937/5 1221/945/5 1217/913/5
f 576/858/1 600/611/1 587/946/1 563/914/1
f 572/900/3 596/932/3 588/926/3 564/894/3
f 560/915/3 584/947/3 589/928/3 565/896/3
f 294/294/5 846/470/5 1060/470/5 1040/294/5
f 777/917/3 779/948/3 630/949/3 606/918/3
f 1224/950/2 1227/732/2 639/525/2 615/920/2
f 602/921/3 626/951/3 628/952/3 604/922/3
f 778/925/1 780/656/1 627/953/1 603/924/1
f 969/923/3 971/954/3 626/951/3 602/921/3
f 603/924/1 627/953/1 625/955/1 601/783/1
f 970/610/1 972/956/1 624/957/1 600/611/1
f 588/926/3 612/958/3 623/959/3 599/927/3
f 309/730/5 325/520/5 1044/520/5 1042/730/5
f 589/928/3 613/960/3 622/961/3 598/929/3
f 85/278/6 115/316/6 1027/316/6 1023/278/6
f 598/929/3 622/961/3 621/962/3 597/930/3
f 595/931/3 619/963/3 620/964/3 596/932/3
f 814/965/2 843/460/2 1059/460/2 1035/965/2
f 243/382/2 904/863/2 1029/863/2 1030/382/2
f 597/930/3 621/962/3 619/963/3 595/931/3
f 591/885/2 615/920/2 618/966/2 594/934/2
f 585/935/5 609/967/5 617/968/5 593/936/5
f 593/936/5 617/968/5 616/969/5 592/937/5
f 590/916/1 614/831/1 1223/970/1 1219/971/1
f 594/934/2 618/966/2 608/972/2 584/940/2
f 606/918/3 630/949/3 609/973/3 585/941/3
f 1222/974/1 1226/975/1 629/657/1 605/944/1
f 592/937/5 616/969/5 1225/976/5 1221/945/5
f 600/611/1 624/957/1 611/933/1 587/946/1
f 596/932/3 620/964/3 612/958/3 588/926/3
f 584/947/3 608/977/3 613/960/3 589/928/3
f 259/64/2 21/33/2 1026/33/2 1033/64/2
f 779/948/3 781/733/3 654/515/3 630/949/3
f 819/724/5 848/461/5 1241/463/5 1235/725/5
f 626/951/3 650/619/3 652/683/3 628/952/3
f 555/856/4 531/818/4 676/818/4 675/856/4
f 971/954/3 973/616/3 650/619/3 626/951/3
f 627/953/1 651/612/1 649/615/1 625/955/1
f 942/532/4 398/614/4 657/614/4 976/532/4
f 612/958/3 636/507/3 647/530/3 623/959/3
f 28/96/2 466/774/2 1017/774/2 1018/96/2
f 613/960/3 637/505/3 646/528/3 622/961/3
f 262/152/5 881/721/5 1062/721/5 1034/152/5
f 622/961/3 646/528/3 645/526/3 621/962/3
f 619/963/3 643/527/3 644/506/3 620/964/3
f 291/383/2 243/382/2 1030/382/2 1039/383/2
f 590/916/5 566/905/5 1052/905/5 1054/916/5
f 621/962/3 645/526/3 643/527/3 619/963/3
f 615/920/2 639/525/2 642/517/2 618/966/2
f 609/967/5 633/524/5 641/523/5 617/968/5
f 617/968/5 641/523/5 640/489/5 616/969/5
f 614/831/1 638/519/1 1228/978/1 1223/979/1
f 618/966/2 642/517/2 632/518/2 608/972/2
f 630/949/3 654/515/3 633/516/3 609/973/3
f 1226/980/1 1230/513/1 653/514/1 629/657/1
f 616/969/5 640/489/5 1229/491/5 1225/976/5
f 624/957/1 648/508/1 635/509/1 611/933/1
f 620/964/3 644/506/3 636/507/3 612/958/3
f 608/977/3 632/504/3 637/505/3 613/960/3
f 466/774/2 491/808/2 1045/808/2 1017/774/2
f 679/611/2 680/858/2 720/858/2 719/611/2
f 983/956/6 690/955/6 730/955/6 993/956/6
f 667/786/2 668/758/2 708/758/2 707/786/2
f 980/892/4 671/878/4 711/878/4 990/892/4
f 791/658/6 694/657/6 734/657/6 801/981/6
f 666/759/5 665/787/5 705/787/5 706/759/5
f 788/888/4 675/856/4 715/856/4 798/888/4
f 694/657/5 693/514/5 733/514/5 734/657/5
f 663/807/2 664/761/2 704/761/2 703/807/2
f 979/822/6 674/820/6 714/820/6 989/822/6
f 691/612/2 692/953/2 732/953/2 731/612/2
f 770/816/4 507/786/4 667/786/4 786/982/4
f 603/924/4 579/890/4 684/890/4 683/924/4
f 960/760/4 481/759/4 666/759/4 977/760/4
f 782/654/4 651/612/4 691/612/4 792/654/4
f 504/807/4 480/761/4 664/761/4 663/807/4
f 972/956/4 625/955/4 690/955/4 983/956/4
f 648/508/4 624/957/4 688/957/4 687/508/4
f 481/759/4 505/787/4 665/787/4 666/759/4
f 581/912/4 605/944/4 685/944/4 686/912/4
f 462/497/4 461/429/4 661/429/4 662/497/4
f 772/817/4 533/843/4 678/843/4 787/817/4
f 749/662/4 429/606/4 659/606/4 783/983/4
f 625/955/4 649/615/4 689/615/4 690/955/4
f 962/821/4 504/807/4 663/807/4 978/821/4
f 750/655/4 462/497/4 662/497/4 784/984/4
f 974/531/4 648/508/4 687/508/4 984/531/4
f 507/786/4 483/758/4 668/758/4 667/786/4
f 774/888/4 555/856/4 675/856/4 788/888/4
f 651/612/4 627/953/4 692/953/4 691/612/4
f 964/822/4 529/820/4 674/820/4 979/822/4
f 429/606/4 397/609/4 655/609/4 659/606/4
f 552/878/4 528/823/4 672/823/4 671/878/4
f 485/712/4 509/804/4 669/804/4 670/712/4
f 398/614/4 430/613/4 660/613/4 657/614/4
f 529/820/4 553/857/4 673/857/4 674/820/4
f 629/657/4 653/514/4 693/514/4 694/657/4
f 776/889/4 581/912/4 686/912/4 789/985/4
f 941/538/4 364/418/4 656/418/4 975/538/4
f 966/892/4 552/878/4 671/878/4 980/892/4
f 986/532/1 985/538/1 696/418/1 698/500/1
f 700/613/1 699/606/1 695/609/1 697/614/1
f 794/655/1 793/986/1 699/606/1 700/613/1
f 795/987/1 796/988/1 707/786/1 708/758/1
f 987/760/1 988/821/1 703/807/1 704/761/1
f 797/817/1 798/888/1 715/856/1 716/818/1
f 989/822/1 990/892/1 711/878/1 712/823/1
f 799/989/1 800/925/1 723/924/1 724/890/1
f 991/893/1 992/610/1 719/611/1 720/858/1
f 801/981/1 802/654/1 731/612/1 732/953/1
f 993/956/1 994/531/1 727/508/1 728/957/1
f 670/712/5 669/804/5 709/804/5 710/712/5
f 792/654/4 691/612/4 731/612/4 802/654/4
f 975/538/4 656/418/4 696/418/4 985/538/4
f 682/782/5 681/783/5 721/783/5 722/782/5
f 785/757/6 670/712/6 710/712/6 795/987/6
f 984/531/4 687/508/4 727/508/4 994/531/4
f 976/532/6 657/614/6 697/614/6 986/532/6
f 683/924/2 684/890/2 724/890/2 723/924/2
f 977/760/6 666/759/6 706/759/6 987/760/6
f 656/418/2 658/500/2 698/500/2 696/418/2
f 686/912/5 685/944/5 725/944/5 726/912/5
f 786/982/4 667/786/4 707/786/4 796/988/4
f 659/606/4 655/609/4 695/609/4 699/606/4
f 789/985/6 686/912/6 726/912/6 799/989/6
f 978/821/4 663/807/4 703/807/4 988/821/4
f 657/614/6 660/613/6 700/613/6 697/614/6
f 981/893/6 682/782/6 722/782/6 991/893/6
f 671/878/2 672/823/2 712/823/2 711/878/2
f 790/925/4 683/924/4 723/924/4 800/925/4
f 674/820/5 673/857/5 713/857/5 714/820/5
f 783/983/4 659/606/4 699/606/4 793/986/4
f 982/610/4 679/611/4 719/611/4 992/610/4
f 675/856/2 676/818/2 716/818/2 715/856/2
f 784/984/6 662/497/6 702/497/6 794/655/6
f 687/508/2 688/957/2 728/957/2 727/508/2
f 678/843/5 677/854/5 717/854/5 718/843/5
f 690/955/5 689/615/5 729/615/5 730/955/5
f 787/817/6 678/843/6 718/843/6 797/817/6
f 662/497/5 661/429/5 701/429/5 702/497/5
f 676/818/6 787/817/6 797/817/6 716/818/6
f 660/613/6 784/984/6 794/655/6 700/613/6
f 661/429/4 783/983/4 793/986/4 701/429/4
f 685/944/4 790/925/4 800/925/4 725/944/4
f 684/890/6 789/985/6 799/989/6 724/890/6
f 669/804/4 786/982/4 796/988/4 709/804/4
f 668/758/6 785/757/6 795/987/6 708/758/6
f 693/514/4 792/654/4 802/654/4 733/514/4
f 734/657/1 733/514/1 802/654/1 801/981/1
f 726/912/1 725/944/1 800/925/1 799/989/1
f 718/843/1 717/854/1 798/888/1 797/817/1
f 710/712/1 709/804/1 796/988/1 795/987/1
f 702/497/1 701/429/1 793/986/1 794/655/1
f 579/890/4 776/889/4 789/985/4 684/890/4
f 557/854/4 774/888/4 788/888/4 677/854/4
f 430/613/4 750/655/4 784/984/4 660/613/4
f 461/429/4 749/662/4 783/983/4 661/429/4
f 531/818/4 772/817/4 787/817/4 676/818/4
f 653/514/4 782/654/4 792/654/4 693/514/4
f 509/804/4 770/816/4 786/982/4 669/804/4
f 677/854/4 788/888/4 798/888/4 717/854/4
f 692/953/6 791/658/6 801/981/6 732/953/6
f 628/952/3 652/683/3 781/733/3 779/948/3
f 605/944/1 629/657/1 780/656/1 778/925/1
f 604/922/3 628/952/3 779/948/3 777/917/3
f 605/944/4 778/925/4 790/925/4 685/944/4
f 580/887/3 604/922/3 777/917/3 775/881/3
f 557/854/1 581/912/1 776/889/1 774/888/1
f 556/853/3 580/887/3 775/881/3 773/848/3
f 532/815/3 556/853/3 773/848/3 771/810/3
f 509/804/1 533/843/1 772/817/1 770/816/1
f 508/781/3 532/815/3 771/810/3 769/776/3
f 483/758/4 768/757/4 785/757/4 668/758/4
f 484/756/3 508/781/3 769/776/3 767/752/3
f 450/88/1 485/712/1 768/757/1 738/676/1
f 402/700/3 484/756/3 767/752/3 754/749/3
f 756/674/4 404/593/4 1194/990/4 1232/751/4
f 420/696/6 740/746/6 752/750/6 400/701/6
f 410/688/3 401/653/3 753/672/3 762/740/3
f 407/692/3 402/700/3 754/749/3 759/743/3
f 415/698/3 403/697/3 755/748/3 735/747/3
f 421/695/6 741/745/6 740/746/6 420/696/6
f 415/694/6 735/744/6 741/745/6 421/695/6
f 408/691/3 406/693/3 758/742/3 760/634/3
f 406/693/3 407/692/3 759/743/3 758/742/3
f 403/697/6 371/549/6 1080/549/6 1083/697/6
f 412/685/3 409/690/3 761/741/3 764/737/3
f 896/689/3 410/688/3 762/740/3 899/739/3
f 413/684/3 411/687/3 763/738/3 765/735/3
f 858/686/3 412/685/3 764/737/3 861/736/3
f 414/682/3 413/684/3 765/735/3 766/734/3
f 652/683/3 414/682/3 766/734/3 781/733/3
f 449/12/3 1198/991/3 1231/992/3 737/677/3
f 471/707/5 496/798/5 1205/993/5 1199/708/5
f 458/71/1 449/12/1 737/677/1 746/665/1
f 455/89/1 450/88/1 738/676/1 743/670/1
f 432/4/1 451/3/1 739/667/1 752/675/1
f 437/199/4 757/673/4 756/674/4 436/126/4
f 753/672/1 1233/994/1 1195/995/1 433/73/1
f 456/230/1 454/229/1 742/669/1 744/668/1
f 454/229/1 455/89/1 743/670/1 742/669/1
f 451/3/1 456/230/1 744/668/1 739/667/1
f 460/377/1 457/376/1 745/666/1 748/660/1
f 897/404/1 458/71/1 746/665/1 900/664/1
f 461/429/1 459/428/1 747/663/1 749/662/1
f 859/465/1 460/377/1 748/660/1 862/659/1
f 627/953/4 780/656/4 791/658/4 692/953/4
f 653/514/1 462/497/1 750/655/1 782/654/1
f 999/996/1 996/544/1 806/380/1 863/997/1
f 865/998/1 808/600/1 805/603/1 864/999/1
f 866/661/1 810/660/1 808/600/1 865/998/1
f 395/608/6 427/607/6 807/607/6 803/608/6
f 427/607/6 747/663/6 809/663/6 807/607/6
f 939/539/6 395/608/6 803/608/6 995/539/6
f 428/600/4 396/603/4 805/603/4 808/600/4
f 748/660/4 428/600/4 808/600/4 810/660/4
f 809/663/1 838/1000/1 837/1001/1 807/607/1
f 807/607/1 837/1001/1 836/1002/1 803/608/1
f 995/539/1 997/1003/1 835/536/1 804/419/1
f 459/428/1 831/728/1 834/1004/1 747/663/1
f 411/687/3 830/1005/3 833/1006/3 763/738/3
f 763/738/3 833/1006/3 832/1007/3 443/431/3
f 1177/499/2 1170/438/2 278/441/2 310/448/2
f 379/627/3 829/1008/3 830/1005/3 411/687/3
f 747/663/5 834/1004/5 838/1000/5 809/663/5
f 955/626/3 998/1009/3 829/1008/3 379/627/3
f 856/459/2 828/536/2 835/536/2 863/997/2
f 275/416/3 815/1010/3 827/1011/3 360/537/3
f 587/946/2 611/933/2 1055/933/2 1053/946/2
f 276/412/3 816/1012/3 825/1013/3 285/454/3
f 274/420/2 814/965/2 1035/965/2 1036/420/2
f 285/454/3 825/1013/3 824/1014/3 284/450/3
f 282/451/3 822/1015/3 823/1016/3 283/415/3
f 31/90/4 132/105/4 1021/105/4 1020/90/4
f 306/421/2 274/420/2 1036/420/2 1041/421/2
f 284/450/3 824/1014/3 822/1015/3 282/451/3
f 278/441/2 818/440/2 821/1017/2 281/435/2
f 272/447/5 812/1018/5 820/1019/5 280/443/5
f 280/443/5 820/1019/5 819/724/5 279/444/5
f 309/730/1 277/422/1 1169/425/1 1178/731/1
f 281/435/2 821/1017/2 811/1020/2 271/436/2
f 443/431/3 832/1007/3 812/1021/3 272/432/3
f 311/445/5 279/444/5 1168/726/5 1176/1022/5
f 1239/1023/2 1171/378/2 295/355/2 847/475/2
f 359/419/1 828/536/1 814/965/1 274/420/1
f 283/415/3 823/1016/3 815/1010/3 275/416/3
f 271/411/3 811/1024/3 816/1012/3 276/412/3
f 843/460/2 291/383/2 1039/383/2 1059/460/2
f 361/380/2 856/459/2 863/997/2 806/380/2
f 837/1001/6 838/1000/6 874/1000/6 872/1001/6
f 865/998/4 864/999/4 869/999/4 871/998/4
f 997/1003/6 836/1002/6 870/1002/6 1001/1003/6
f 831/728/1 859/465/1 862/659/1 834/1004/1
f 830/1005/3 858/686/3 861/736/3 833/1006/3
f 833/1006/3 861/736/3 860/466/3 832/1007/3
f 1238/439/2 1239/1023/2 847/475/2 818/440/2
f 829/1008/3 857/625/3 858/686/3 830/1005/3
f 834/1004/5 862/659/5 866/661/5 838/1000/5
f 998/1009/3 1000/622/3 857/625/3 829/1008/3
f 815/1010/3 844/458/3 855/535/3 827/1011/3
f 322/501/2 306/421/2 1041/421/2 1043/501/2
f 816/1012/3 845/456/3 854/478/3 825/1013/3
f 566/905/5 542/871/5 1050/871/5 1052/905/5
f 825/1013/3 854/478/3 853/476/3 824/1014/3
f 822/1015/3 851/477/3 852/457/3 823/1016/3
f 878/407/2 259/64/2 1033/64/2 1061/407/2
f 563/914/2 587/946/2 1053/946/2 1051/914/2
f 824/1014/3 853/476/3 851/477/3 822/1015/3
f 818/440/2 847/475/2 850/468/2 821/1017/2
f 812/1018/5 841/474/5 849/473/5 820/1019/5
f 820/1019/5 849/473/5 848/461/5 819/724/5
f 817/423/1 846/470/1 1240/472/1 1237/1025/1
f 821/1017/2 850/468/2 840/469/2 811/1020/2
f 832/1007/3 860/466/3 841/467/3 812/1021/3
f 1236/1026/1 1242/464/1 859/465/1 831/728/1
f 1248/1027/1 1243/1028/1 897/404/1 922/1029/1
f 828/536/1 856/459/1 843/460/1 814/965/1
f 823/1016/3 852/457/3 844/458/3 815/1010/3
f 811/1024/3 840/455/3 845/456/3 816/1012/3
f 88/265/4 108/264/4 1024/264/4 1025/265/4
f 874/1000/1 873/661/1 871/998/1 872/1001/1
f 872/1001/1 871/998/1 869/999/1 870/1002/1
f 1001/1003/1 1002/996/1 867/997/1 868/536/1
f 863/997/2 835/536/2 868/536/2 867/997/2
f 999/996/4 863/997/4 867/997/4 1002/996/4
f 836/1002/6 837/1001/6 872/1001/6 870/1002/6
f 866/661/4 865/998/4 871/998/4 873/661/4
f 838/1000/5 866/661/5 873/661/5 874/1000/5
f 922/1029/1 897/404/1 900/664/1 925/1030/1
f 921/1031/3 896/689/3 899/739/3 924/1032/3
f 924/1032/3 899/739/3 898/401/3 923/1033/3
f 909/1034/5 883/397/5 1244/399/5 1247/1035/5
f 919/1036/3 894/631/3 896/689/3 921/1031/3
f 920/1037/6 925/1030/6 1012/1030/6 1011/1037/6
f 1006/1038/3 1003/628/3 894/631/3 919/1036/3
f 1004/540/2 1005/1039/2 1014/1039/2 1013/540/2
f 905/1040/3 879/408/3 892/543/3 917/1041/3
f 1005/1039/1 1004/540/1 891/406/1 916/1042/1
f 542/871/5 518/836/5 1048/836/5 1050/871/5
f 901/1043/3 875/409/3 880/388/3 906/1044/3
f 913/1045/3 887/392/3 879/408/3 905/1040/3
f 916/1042/1 891/406/1 878/407/1 904/863/1
f 538/29/4 562/32/4 903/31/4 826/30/4
f 1249/1046/2 1245/405/2 882/393/2 908/1047/2
f 923/1033/3 898/401/3 876/402/3 902/1048/3
f 911/1049/2 885/394/2 875/400/2 901/1050/2
f 907/365/1 881/721/1 1246/1051/1 1250/1052/1
f 910/1053/5 884/396/5 883/397/5 909/1034/5
f 902/1054/5 876/395/5 884/396/5 910/1053/5
f 908/1047/2 882/393/2 885/394/2 911/1049/2
f 914/1055/3 888/390/3 886/391/3 912/1056/3
f 539/879/2 563/914/2 1051/914/2 1049/879/2
f 132/105/4 116/314/4 1028/314/4 1021/105/4
f 912/1056/3 886/391/3 887/392/3 913/1045/3
f 915/1057/3 889/389/3 888/390/3 914/1055/3
f 325/520/5 638/519/5 1058/519/5 1044/520/5
f 906/1044/3 880/388/3 889/389/3 915/1057/3
f 881/721/5 907/365/5 1031/365/5 1062/721/5
f 115/316/6 131/283/6 1015/283/6 1027/316/6
f 245/346/3 906/1044/3 915/1057/3 254/347/3
f 107/36/6 85/278/6 1023/278/6 1022/36/6
f 254/347/3 915/1057/3 914/1055/3 253/349/3
f 251/352/3 912/1056/3 913/1045/3 252/353/3
f 518/836/5 494/799/5 1046/799/5 1048/836/5
f 515/846/2 539/879/2 1049/879/2 1047/846/2
f 253/349/3 914/1055/3 912/1056/3 251/352/3
f 247/356/2 908/1047/2 911/1049/2 250/357/2
f 241/360/5 902/1054/5 910/1053/5 249/361/5
f 249/361/5 910/1053/5 909/1034/5 248/363/5
f 1161/1058/1 1248/1059/1 922/1029/1 457/376/1
f 250/357/2 911/1049/2 901/1050/2 240/368/2
f 441/371/3 923/1033/3 902/1048/3 241/372/3
f 296/364/5 248/363/5 1162/1060/5 1174/462/5
f 1160/1061/2 1249/1046/2 908/1047/2 247/356/2
f 356/381/1 916/1042/1 904/863/1 243/382/1
f 252/353/3 913/1045/3 905/1040/3 244/384/3
f 240/387/3 901/1043/3 906/1044/3 245/346/3
f 108/264/4 28/96/4 1018/96/4 1024/264/4
f 937/545/1 1005/1039/1 916/1042/1 356/381/1
f 244/384/3 905/1040/3 917/1041/3 355/546/3
f 425/601/1 920/1037/1 918/1062/1 393/602/1
f 953/632/3 1006/1038/3 919/1036/3 377/633/3
f 745/666/1 925/1030/1 920/1037/1 425/601/1
f 377/633/3 919/1036/3 921/1031/3 409/690/3
f 248/363/5 909/1034/5 1247/1063/5 1162/1064/5
f 761/741/3 924/1032/3 923/1033/3 441/371/3
f 409/690/3 921/1031/3 924/1032/3 761/741/3
f 457/376/1 922/1029/1 925/1030/1 745/666/1
f 355/546/3 917/1041/3 1006/1038/3 953/632/3
f 393/602/1 918/1062/1 1005/1039/1 937/545/1
f 893/605/4 1004/540/4 1013/540/4 1009/605/4
f 917/1041/3 892/543/3 1003/628/3 1006/1038/3
f 864/999/4 999/996/4 1002/996/4 869/999/4
f 870/1002/1 869/999/1 1002/996/1 1001/1003/1
f 827/1011/3 855/535/3 1000/622/3 998/1009/3
f 835/536/6 997/1003/6 1001/1003/6 868/536/6
f 360/537/3 827/1011/3 998/1009/3 955/626/3
f 803/608/1 836/1002/1 997/1003/1 995/539/1
f 359/419/6 939/539/6 995/539/6 804/419/6
f 864/999/1 805/603/1 996/544/1 999/996/1
f 681/783/4 982/610/4 992/610/4 721/783/4
f 680/858/6 981/893/6 991/893/6 720/858/6
f 665/787/4 978/821/4 988/821/4 705/787/4
f 664/761/6 977/760/6 987/760/6 704/761/6
f 658/500/6 976/532/6 986/532/6 698/500/6
f 689/615/4 984/531/4 994/531/4 729/615/4
f 655/609/4 975/538/4 985/538/4 695/609/4
f 730/955/1 729/615/1 994/531/1 993/956/1
f 722/782/1 721/783/1 992/610/1 991/893/1
f 714/820/1 713/857/1 990/892/1 989/822/1
f 706/759/1 705/787/1 988/821/1 987/760/1
f 697/614/1 695/609/1 985/538/1 986/532/1
f 553/857/4 966/892/4 980/892/4 673/857/4
f 397/609/4 941/538/4 975/538/4 655/609/4
f 528/823/4 964/822/4 979/822/4 672/823/4
f 649/615/4 974/531/4 984/531/4 689/615/4
f 505/787/4 962/821/4 978/821/4 665/787/4
f 624/957/4 972/956/4 983/956/4 688/957/4
f 480/761/4 960/760/4 977/760/4 664/761/4
f 672/823/6 979/822/6 989/822/6 712/823/6
f 673/857/4 980/892/4 990/892/4 713/857/4
f 688/957/6 983/956/6 993/956/6 728/957/6
f 365/500/4 942/532/4 976/532/4 658/500/4
f 623/959/3 647/530/3 973/616/3 971/954/3
f 601/783/1 625/955/1 972/956/1 970/610/1
f 599/927/3 623/959/3 971/954/3 969/923/3
f 575/895/3 599/927/3 969/923/3 967/891/3
f 576/858/4 968/893/4 981/893/4 680/858/4
f 553/857/1 577/782/1 968/893/1 966/892/1
f 551/860/3 575/895/3 967/891/3 965/855/3
f 527/825/3 551/860/3 965/855/3 963/819/3
f 505/787/1 529/820/1 964/822/1 962/821/1
f 503/789/3 527/825/3 963/819/3 961/785/3
f 479/99/3 503/789/3 961/785/3 959/784/3
f 386/586/1 481/759/1 960/760/1 930/566/1
f 100/290/2 475/766/2 1066/766/2 1065/290/2
f 948/562/4 345/162/4 1186/286/4 1252/576/4
f 346/561/6 932/646/6 944/650/6 336/572/6
f 357/542/3 340/183/3 945/558/3 954/629/3
f 479/99/4 959/784/4 1077/784/4 1071/99/4
f 337/564/3 344/563/3 947/550/3 927/647/3
f 347/560/6 933/644/6 932/646/6 346/561/6
f 337/559/6 927/641/6 933/644/6 347/560/6
f 353/555/3 350/552/3 950/635/3 952/639/3
f 350/552/3 352/551/3 951/636/3 950/635/3
f 947/550/6 344/563/6 29/563/6 1079/550/6
f 362/534/3 355/546/3 953/632/3 956/623/3
f 892/543/3 357/542/3 954/629/3 1003/628/3
f 363/533/3 360/537/3 955/626/3 957/620/3
f 855/535/3 362/534/3 956/623/3 1000/622/3
f 366/529/3 363/533/3 957/620/3 958/617/3
f 647/530/3 366/529/3 958/617/3 973/616/3
f 601/783/4 970/610/4 982/610/4 681/783/4
f 396/603/4 940/544/4 996/544/4 805/603/4
f 1234/679/4 1191/1065/4 405/592/4 757/673/4
f 404/593/4 372/575/4 1189/577/4 1194/990/4
f 394/583/1 385/578/1 929/567/1 938/541/1
f 391/587/1 386/586/1 930/566/1 935/554/1
f 368/591/1 387/590/1 931/547/1 944/565/1
f 373/569/4 949/512/4 948/562/4 372/575/4
f 1191/1065/4 1187/568/4 373/569/4 405/592/4
f 392/599/1 390/598/1 934/553/1 936/548/1
f 390/598/1 391/587/1 935/554/1 934/553/1
f 387/590/1 392/599/1 936/548/1 931/547/1
f 396/603/1 393/602/1 937/545/1 940/544/1
f 893/605/1 394/583/1 938/541/1 1004/540/1
f 397/609/1 395/608/1 939/539/1 941/538/1
f 649/615/1 398/614/1 942/532/1 974/531/1
f 1012/1030/1 1007/664/1 1008/604/1 1011/1037/1
f 1011/1037/1 1008/604/1 1009/605/1 1010/1062/1
f 1010/1062/1 1009/605/1 1013/540/1 1014/1039/1
f 895/604/4 893/605/4 1009/605/4 1008/604/4
f 900/664/4 895/604/4 1008/604/4 1007/664/4
f 918/1062/6 920/1037/6 1011/1037/6 1010/1062/6
f 1005/1039/6 918/1062/6 1010/1062/6 1014/1039/6
f 925/1030/5 900/664/5 1007/664/5 1012/1030/5
f 1068/291/3 1065/290/3 1064/1066/3 1067/329/3
f 1067/329/3 1064/1066/3 1069/1067/3 1070/551/3
f 1074/636/3 1072/1068/3 1073/699/3 1075/637/3
f 1072/1068/3 1077/784/3 1076/755/3 1073/699/3
f 1064/1066/3 1063/98/3 1071/99/3 1069/1067/3
f 1065/290/3 1066/766/3 1063/98/3 1064/1066/3
f 1069/1067/3 1071/99/3 1077/784/3 1072/1068/3
f 1070/551/3 1069/1067/3 1072/1068/3 1074/636/3
f 370/699/5 375/637/5 1075/637/5 1073/699/5
f 951/636/6 352/551/6 1070/551/6 1074/636/6
f 475/766/4 467/98/4 1063/98/4 1066/766/4
f 959/784/4 482/755/4 1076/755/4 1077/784/4
f 341/115/3 946/220/3 1078/555/3 29/563/3
f 1079/550/3 1081/639/3 1082/640/3 1080/549/3
f 1080/549/3 1082/640/3 1084/691/3 1083/697/3
f 1085/748/3 1087/634/3 1088/231/3 1086/130/3
f 1083/697/3 1084/691/3 1087/634/3 1085/748/3
f 29/563/3 1078/555/3 1081/639/3 1079/550/3
f 344/563/6 37/115/6 341/115/6 29/563/6
f 440/231/5 435/130/5 1086/130/5 1088/231/5
f 37/115/2 169/220/2 946/220/2 341/115/2
f 755/748/6 403/697/6 1083/697/6 1085/748/6
f 169/220/4 353/555/4 1078/555/4 946/220/4
f 353/555/4 952/639/4 1081/639/4 1078/555/4
f 435/130/6 755/748/6 1085/748/6 1086/130/6
f 376/640/4 408/691/4 1084/691/4 1082/640/4
f 1091/122/15 1092/174/15 1093/1069/15
f 1098/1070/16 1099/1071/16 1100/1072/16
f 1112/154/17 1092/174/17 1091/122/17 1111/121/17
f 1128/1073/18 1094/1074/18 1095/43/18 1127/42/18
f 1196/1075/19 1101/1076/19 1102/1077/19 1195/1078/19
f 1126/1079/20 1098/1070/20 1100/1072/20 1125/1080/20
f 1120/2/21 1097/1/21 1096/1081/21 1119/1082/21
f 1108/1083/22 1093/1069/22 1092/174/22 1107/173/22
f 1140/1084/19 1103/1085/19 1104/1086/19 1139/1087/19
f 1186/1088/22 1105/1089/22 1106/574/22 1185/573/22
f 1148/1090/22 1108/1091/22 1107/285/22 1147/284/22
f 1094/1074/19 1109/1092/19 1110/1093/19 1095/1094/19
f 1164/155/23 1112/154/23 1111/121/23 1163/188/23
f 1099/10/24 1113/9/24 1114/1095/24 1100/1095/24
f 1200/711/21 1115/710/21 1116/1096/21 1199/1097/21
f 1152/208/23 1117/93/23 1118/148/23 1151/754/23
f 1156/773/21 1120/772/21 1119/1082/21 1155/1098/21
f 1089/48/23 1121/47/23 1122/335/23 1090/1099/23
f 1093/1069/18 1123/1100/18 1124/123/18 1091/122/18
f 1130/1101/20 1126/1102/20 1125/1080/20 1129/1103/20
f 1123/1104/18 1128/1105/18 1127/164/18 1124/163/18
f 1101/1076/20 1130/1101/20 1129/1103/20 1102/1077/20
f 1158/172/23 1131/171/23 1132/226/23 1157/225/23
f 1154/328/21 1133/228/21 1134/1106/21 1153/1107/21
f 1146/1108/19 1135/1109/19 1136/1110/19 1145/1111/19
f 1142/1112/22 1137/1113/22 1138/277/22 1141/276/22
f 1135/1109/19 1140/1114/19 1139/1087/19 1136/1110/19
f 1105/1089/22 1142/1112/22 1141/35/22 1106/34/22
f 1137/1113/22 1143/1115/22 1144/320/22 1138/319/22
f 1150/1116/19 1146/1117/19 1145/1111/19 1149/1118/19
f 1143/1115/22 1148/1090/22 1147/318/22 1144/317/22
f 1109/1092/19 1150/1116/19 1149/1118/19 1110/1093/19
f 1131/171/23 1152/208/23 1151/330/23 1132/226/23
f 1115/87/21 1154/86/21 1153/1107/21 1116/1096/21
f 1133/228/21 1156/227/21 1155/1098/21 1134/1106/21
f 1121/334/23 1158/333/23 1157/225/23 1122/335/23
f 1172/297/23 1159/296/23 1160/379/23 1171/378/23
f 1248/1059/21 1161/1058/21 1162/1119/21 1247/1120/21
f 1246/723/23 1164/722/23 1163/188/23 1245/405/23
f 1113/70/21 1165/69/21 1166/1121/21 1114/1095/21
f 1236/727/21 1167/427/21 1168/1122/21 1235/1123/21
f 1178/731/23 1169/425/23 1170/438/23 1177/499/23
f 1240/472/23 1172/471/23 1171/378/23 1239/1023/23
f 1161/375/21 1173/374/21 1174/1124/21 1162/1119/21
f 1167/427/21 1175/426/21 1176/1125/21 1168/1122/21
f 1182/521/23 1178/731/23 1177/499/23 1181/498/23
f 1175/496/21 1179/495/21 1180/1126/21 1176/1125/21
f 1228/522/23 1182/521/23 1181/498/23 1227/732/23
f 1103/1127/19 1183/1128/19 1184/1129/19 1104/1086/19
f 1252/1130/22 1186/1131/22 1185/571/22 1251/570/22
f 1254/1132/19 1187/1133/19 1188/1134/19 1253/1135/19
f 1194/1136/22 1189/1137/22 1190/703/22 1193/702/22
f 1187/1133/19 1191/1138/19 1192/1139/19 1188/1134/19
f 1232/1140/22 1194/1136/22 1193/681/22 1231/680/22
f 1234/1141/19 1196/1142/19 1195/1078/19 1233/1143/19
f 1098/1070/22 1197/1144/22 1198/11/22 1099/10/22
f 1206/803/21 1200/711/21 1199/1097/21 1205/1145/21
f 1117/93/23 1201/92/23 1202/149/23 1118/148/23
f 1201/92/23 1203/800/23 1204/778/23 1202/149/23
f 1210/842/21 1206/841/21 1205/1145/21 1209/1146/21
f 1203/838/23 1207/837/23 1208/805/23 1204/778/23
f 1214/876/21 1210/875/21 1209/1146/21 1213/1147/21
f 1207/837/23 1211/872/23 1212/812/23 1208/805/23
f 1218/911/21 1214/910/21 1213/1147/21 1217/1148/21
f 1211/907/23 1215/906/23 1216/850/23 1212/812/23
f 1222/943/21 1218/942/21 1217/1148/21 1221/1149/21
f 1215/939/23 1219/938/23 1220/884/23 1216/883/23
f 1226/975/21 1222/974/21 1221/1149/21 1225/1150/21
f 1219/971/23 1223/970/23 1224/919/23 1220/884/23
f 1230/513/21 1226/980/21 1225/1150/21 1229/1151/21
f 1223/979/23 1228/978/23 1227/732/23 1224/950/23
f 1179/495/21 1230/513/21 1229/1151/21 1180/1126/21
f 1197/1144/22 1232/1152/22 1231/992/22 1198/991/22
f 1191/1153/19 1234/1154/19 1233/1143/19 1192/1139/19
f 1242/464/21 1236/1026/21 1235/1123/21 1241/1155/21
f 1169/425/23 1237/424/23 1238/439/23 1170/438/23
f 1237/1025/23 1240/472/23 1239/1023/23 1238/439/23
f 1173/374/21 1242/464/21 1241/1155/21 1174/1124/21
f 1165/69/21 1243/403/21 1244/1156/21 1166/1121/21
f 1250/1052/23 1246/1051/23 1245/405/23 1249/1046/23
f 1243/1028/21 1248/1027/21 1247/1120/21 1244/1156/21
f 1159/367/23 1250/366/23 1249/1046/23 1160/1061/23
f 1189/1157/22 1252/1130/22 1251/580/22 1190/579/22
f 1183/1158/19 1254/1159/19 1253/1135/19 1184/1129/19
f 1090/1099/2 1122/335/2 54/196/2 41/195/2
f 842/137/4 114/141/4 121/140/4 877/139/4 813/138/4
f 736/158/4 842/137/4 813/138/4 631/159/4
f 535/160/4 538/29/4 826/30/4 634/161/4
f 255/165/4 258/168/4 839/167/4 751/166/4
f 273/177/4 255/165/4 751/166/4 928/178/4
f 559/184/4 535/160/4 634/161/4 926/185/4
f 943/186/4 736/158/4 631/159/4 890/187/4
f 514/247/4 490/250/4 583/249/4 607/248/4
f 490/250/4 511/252/4 586/251/4 583/249/4
f 511/252/4 487/282/4 610/281/4 586/251/4
f 607/248/4 583/249/4 535/160/4 559/184/4
f 583/249/4 586/251/4 538/29/4 535/160/4
f 586/251/4 610/281/4 562/32/4 538/29/4
f 465/292/4 431/293/4 487/282/4 511/252/4
f 448/303/4 465/292/4 511/252/4 490/250/4
f 478/304/4 448/303/4 490/250/4 514/247/4
f 890/187/4 631/159/4 448/303/4 478/304/4
f 631/159/4 813/138/4 465/292/4 448/303/4
f 813/138/4 877/139/4 431/293/4 465/292/4
f 926/185/4 634/161/4 367/560/4 399/559/4
f 634/161/4 826/30/4 384/561/4 367/560/4
f 826/30/4 903/31/4 416/572/4 384/561/4
f 148/641/4 137/644/4 321/643/4 335/642/4
f 137/644/4 145/646/4 334/645/4 321/643/4
f 145/646/4 130/650/4 338/649/4 334/645/4
f 335/642/4 321/643/4 287/695/4 305/694/4
f 321/643/4 334/645/4 290/696/4 287/695/4
f 334/645/4 338/649/4 318/701/4 290/696/4
f 258/168/4 286/715/4 97/714/4 106/713/4 839/167/4
f 242/744/4 176/745/4 255/165/4 273/177/4
f 176/745/4 239/746/4 258/168/4 255/165/4
f 239/746/4 167/750/4 286/715/4 258/168/4
f 290/696/4 318/701/4 167/750/4 239/746/4
f 287/695/4 290/696/4 239/746/4 176/745/4
f 305/694/4 287/695/4 176/745/4 242/744/4
f 384/561/4 416/572/4 130/650/4 145/646/4
f 367/560/4 384/561/4 145/646/4 137/644/4
f 399/559/4 367/560/4 137/644/4 148/641/4
f 1274/29/6 1279/30/6 1268/31/6 1275/32/6
f 32/137/6 1288/138/6 61/139/6 55/140/6 27/141/6
f 1285/158/6 1284/159/6 1288/138/6 32/137/6
f 1276/160/6 1282/161/6 1279/30/6 1274/29/6
f 4/165/6 2/166/6 84/167/6 5/168/6
f 6/177/6 1/178/6 2/166/6 4/165/6
f 1280/184/6 1281/185/6 1282/161/6 1276/160/6
f 1286/186/6 1287/187/6 1284/159/6 1285/158/6
f 1269/247/6 1273/248/6 1277/249/6 1270/250/6
f 1270/250/6 1277/249/6 1278/251/6 1271/252/6
f 1271/252/6 1278/251/6 1283/281/6 1272/282/6
f 1273/248/6 1280/184/6 1276/160/6 1277/249/6
f 1277/249/6 1276/160/6 1274/29/6 1278/251/6
f 1278/251/6 1274/29/6 1275/32/6 1283/281/6
f 1265/292/6 1271/252/6 1272/282/6 1267/293/6
f 1264/303/6 1270/250/6 1271/252/6 1265/292/6
f 1266/304/6 1269/247/6 1270/250/6 1264/303/6
f 1287/187/6 1266/304/6 1264/303/6 1284/159/6
f 1284/159/6 1264/303/6 1265/292/6 1288/138/6
f 1288/138/6 1265/292/6 1267/293/6 61/139/6
f 1281/185/6 1260/559/6 1261/560/6 1282/161/6
f 1282/161/6 1261/560/6 1262/561/6 1279/30/6
f 1279/30/6 1262/561/6 1263/572/6 1268/31/6
f 44/641/6 1259/642/6 15/643/6 42/644/6
f 42/644/6 15/643/6 10/645/6 40/646/6
f 40/646/6 10/645/6 1258/649/6 35/650/6
f 1259/642/6 1256/694/6 1257/695/6 15/643/6
f 15/643/6 1257/695/6 1255/696/6 10/645/6
f 10/645/6 1255/696/6 8/701/6 1258/649/6
f 5/168/6 84/167/6 81/713/6 69/714/6 72/715/6
f 20/744/6 6/177/6 4/165/6 17/745/6
f 17/745/6 4/165/6 5/168/6 14/746/6
f 14/746/6 5/168/6 72/715/6 12/750/6
f 1255/696/6 14/746/6 12/750/6 8/701/6
f 1257/695/6 17/745/6 14/746/6 1255/696/6
f 1256/694/6 20/744/6 17/745/6 1257/695/6
f 1262/561/6 40/646/6 35/650/6 1263/572/6
f 1261/560/6 42/644/6 40/646/6 1262/561/6
f 1260/559/6 44/641/6 42/644/6 1261/560/6
f 943/186/3 890/187/3 1287/187/3 1286/186/3
f 736/158/2 943/186/2 1286/186/2 1285/158/2
f 610/281/1 487/282/1 1272/282/1 1283/281/1
f 242/744/3 273/177/3 6/177/3 20/744/3
f 318/701/1 338/649/1 1258/649/1 8/701/1
f 877/139/1 121/140/1 55/140/1 61/139/1
f 751/166/5 839/167/5 84/167/5 2/166/5
f 928/178/5 751/166/5 2/166/5 1/178/5
f 890/187/3 478/304/3 1266/304/3 1287/187/3
f 607/248/3 559/184/3 1280/184/3 1273/248/3
f 562/32/1 610/281/1 1283/281/1 1275/32/1
f 273/177/3 928/178/3 1/178/3 6/177/3
f 399/559/3 148/641/3 44/641/3 1260/559/3
f 842/137/2 736/158/2 1285/158/2 32/137/2
f 478/304/3 514/247/3 1269/247/3 1266/304/3
f 903/31/1 562/32/1 1275/32/1 1268/31/1
f 148/641/3 335/642/3 1259/642/3 44/641/3
f 487/282/1 431/293/1 1267/293/1 1272/282/1
f 335/642/3 305/694/3 1256/694/3 1259/642/3
f 926/185/3 399/559/3 1260/559/3 1281/185/3
f 431/293/1 877/139/1 61/139/1 1267/293/1
f 286/715/1 167/750/1 12/750/1 72/715/1
f 167/750/1 318/701/1 8/701/1 12/750/1
f 416/572/1 903/31/1 1268/31/1 1263/572/1
f 130/650/1 416/572/1 1263/572/1 35/650/1
f 514/247/3 607/248/3 1273/248/3 1269/247/3
f 305/694/3 242/744/3 20/744/3 1256/694/3
f 121/140/23 114/141/23 27/141/23 55/140/23
f 839/167/5 106/713/5 81/713/5 84/167/5
f 338/649/1 130/650/1 35/650/1 1258/649/1
f 106/713/21 97/714/21 69/714/21 81/713/21
f 97/714/1 286/715/1 72/715/1 69/714/1
f 559/184/3 926/185/3 1281/185/3 1280/184/3
f 114/141/2 842/137/2 32/137/2 27/141/2
f 1332/29/4 1333/32/4 1326/31/4 1337/30/4
f 1302/137/4 1301/141/4 1307/140/4 1308/139/4 1346/138/4
f 1343/158/4 1302/137/4 1346/138/4 1342/159/4
f 1334/160/4 1332/29/4 1337/30/4 1340/161/4
f 1291/165/4 1292/168/4 1312/167/4 1290/166/4
f 1293/177/4 1291/165/4 1290/166/4 1289/178/4
f 1338/184/4 1334/160/4 1340/161/4 1339/185/4
f 1344/186/4 1343/158/4 1342/159/4 1345/187/4
f 1327/247/4 1328/250/4 1335/249/4 1331/248/4
f 1328/250/4 1329/252/4 1336/251/4 1335/249/4
f 1329/252/4 1330/282/4 1341/281/4 1336/251/4
f 1331/248/4 1335/249/4 1334/160/4 1338/184/4
f 1335/249/4 1336/251/4 1332/29/4 1334/160/4
f 1336/251/4 1341/281/4 1333/32/4 1332/29/4
f 1323/292/4 1325/293/4 1330/282/4 1329/252/4
f 1322/303/4 1323/292/4 1329/252/4 1328/250/4
f 1324/304/4 1322/303/4 1328/250/4 1327/247/4
f 1345/187/4 1342/159/4 1322/303/4 1324/304/4
f 1342/159/4 1346/138/4 1323/292/4 1322/303/4
f 1346/138/4 1308/139/4 1325/293/4 1323/292/4
f 1339/185/4 1340/161/4 1319/560/4 1318/559/4
f 1340/161/4 1337/30/4 1320/561/4 1319/560/4
f 1337/30/4 1326/31/4 1321/572/4 1320/561/4
f 1306/641/4 1305/644/4 1298/643/4 1317/642/4
f 1305/644/4 1304/646/4 1295/645/4 1298/643/4
f 1304/646/4 1303/650/4 1316/649/4 1295/645/4
f 1317/642/4 1298/643/4 1315/695/4 1314/694/4
f 1298/643/4 1295/645/4 1313/696/4 1315/695/4
f 1295/645/4 1316/649/4 1294/701/4 1313/696/4
f 1292/168/4 1310/715/4 1309/714/4 1311/713/4 1312/167/4
f 1300/744/4 1299/745/4 1291/165/4 1293/177/4
f 1299/745/4 1297/746/4 1292/168/4 1291/165/4
f 1297/746/4 1296/750/4 1310/715/4 1292/168/4
f 1313/696/4 1294/701/4 1296/750/4 1297/746/4
f 1315/695/4 1313/696/4 1297/746/4 1299/745/4
f 1314/694/4 1315/695/4 1299/745/4 1300/744/4
f 1320/561/4 1321/572/4 1303/650/4 1304/646/4
f 1319/560/4 1320/561/4 1304/646/4 1305/644/4
f 1318/559/4 1319/560/4 1305/644/4 1306/641/4
f 1371/29/6 1351/30/6 1352/31/6 1365/32/6
f 1354/137/6 1359/138/6 1360/139/6 1403/140/6 1400/141/6
f 1353/158/6 1364/159/6 1359/138/6 1354/137/6
f 1373/160/6 1348/161/6 1351/30/6 1371/29/6
f 1376/165/6 1350/166/6 1349/167/6 1377/168/6
f 1397/177/6 1385/178/6 1350/166/6 1376/165/6
f 1375/184/6 1347/185/6 1348/161/6 1373/160/6
f 1366/186/6 1358/187/6 1364/159/6 1353/158/6
f 1383/247/6 1374/248/6 1372/249/6 1382/250/6
f 1382/250/6 1372/249/6 1370/251/6 1381/252/6
f 1381/252/6 1370/251/6 1369/281/6 1368/282/6
f 1374/248/6 1375/184/6 1373/160/6 1372/249/6
f 1372/249/6 1373/160/6 1371/29/6 1370/251/6
f 1370/251/6 1371/29/6 1365/32/6 1369/281/6
f 1361/292/6 1381/252/6 1368/282/6 1380/293/6
f 1367/303/6 1382/250/6 1381/252/6 1361/292/6
f 1357/304/6 1383/247/6 1382/250/6 1367/303/6
f 1358/187/6 1357/304/6 1367/303/6 1364/159/6
f 1364/159/6 1367/303/6 1361/292/6 1359/138/6
f 1359/138/6 1361/292/6 1380/293/6 1360/139/6
f 1347/185/6 1362/559/6 1384/560/6 1348/161/6
f 1348/161/6 1384/560/6 1363/561/6 1351/30/6
f 1351/30/6 1363/561/6 1355/572/6 1352/31/6
f 1379/641/6 1378/642/6 1388/643/6 1387/644/6
f 1387/644/6 1388/643/6 1389/645/6 1401/646/6
f 1401/646/6 1389/645/6 1386/649/6 1356/650/6
f 1378/642/6 1390/694/6 1392/695/6 1388/643/6
f 1388/643/6 1392/695/6 1391/696/6 1389/645/6
f 1389/645/6 1391/696/6 1394/701/6 1386/649/6
f 1377/168/6 1349/167/6 1402/713/6 1404/714/6 1396/715/6
f 1399/744/6 1397/177/6 1376/165/6 1398/745/6
f 1398/745/6 1376/165/6 1377/168/6 1393/746/6
f 1393/746/6 1377/168/6 1396/715/6 1395/750/6
f 1391/696/6 1393/746/6 1395/750/6 1394/701/6
f 1392/695/6 1398/745/6 1393/746/6 1391/696/6
f 1390/694/6 1399/744/6 1398/745/6 1392/695/6
f 1363/561/6 1401/646/6 1356/650/6 1355/572/6
f 1384/560/6 1387/644/6 1401/646/6 1363/561/6
f 1362/559/6 1379/641/6 1387/644/6 1384/560/6
f 1344/186/1 1345/187/1 1358/187/1 1366/186/1
f 1317/642/1 1314/694/1 1390/694/1 1378/642/1
f 1331/248/1 1338/184/1 1375/184/1 1374/248/1
f 1309/714/3 1310/715/3 1396/715/3 1404/714/3
f 1306/641/1 1317/642/1 1378/642/1 1379/641/1
f 1302/137/5 1343/158/5 1353/158/5 1354/137/5
f 1343/158/5 1344/186/5 1366/186/5 1353/158/5
f 1303/650/3 1321/572/3 1355/572/3 1356/650/3
f 1325/293/3 1308/139/3 1360/139/3 1380/293/3
f 1300/744/1 1293/177/1 1397/177/1 1399/744/1
f 1330/282/3 1325/293/3 1380/293/3 1368/282/3
f 1345/187/1 1324/304/1 1357/304/1 1358/187/1
f 1341/281/3 1330/282/3 1368/282/3 1369/281/3
f 1289/178/2 1290/166/2 1350/166/2 1385/178/2
f 1326/31/3 1333/32/3 1365/32/3 1352/31/3
f 1321/572/3 1326/31/3 1352/31/3 1355/572/3
f 1296/750/3 1294/701/3 1394/701/3 1395/750/3
f 1314/694/1 1300/744/1 1399/744/1 1390/694/1
f 1318/559/1 1306/641/1 1379/641/1 1362/559/1
f 1301/141/5 1302/137/5 1354/137/5 1400/141/5
f 1294/701/3 1316/649/3 1386/649/3 1394/701/3
f 1333/32/3 1341/281/3 1369/281/3 1365/32/3
f 1310/715/3 1296/750/3 1395/750/3 1396/715/3
f 1290/166/2 1312/167/2 1349/167/2 1350/166/2
f 1293/177/1 1289/178/1 1385/178/1 1397/177/1
f 1311/713/25 1309/714/25 1404/714/25 1402/713/25
f 1316/649/3 1303/650/3 1356/650/3 1386/649/3
f 1307/140/26 1301/141/26 1400/141/26 1403/140/26
f 1312/167/2 1311/713/2 1402/713/2 1349/167/2
f 1327/247/1 1331/248/1 1374/248/1 1383/247/1
f 1338/184/1 1339/185/1 1347/185/1 1375/184/1
f 1339/185/1 1318/559/1 1362/559/1 1347/185/1
f 1324/304/1 1327/247/1 1383/247/1 1357/304/1
f 1308/139/3 1307/140/3 1403/140/3 1360/139/3
