# Blender 3.6.23
# www.blender.org
o sol.066
v 1.673459 0.007272 -1.308238
v 1.673587 0.007272 -1.307603
v 1.674972 0.007905 -1.308865
v 1.675222 0.007905 -1.307603
v 1.676429 0.008785 -1.309470
v 1.676802 0.008785 -1.307603
v 1.677812 0.010042 -1.310043
v 1.678299 0.010042 -1.307603
v 1.679092 0.011800 -1.310573
v 1.679684 0.011800 -1.307603
v 1.680244 0.014180 -1.311050
v 1.680929 0.014180 -1.307603
v 1.681242 0.017307 -1.311463
v 1.682009 0.017307 -1.307603
v 1.682089 0.022102 -1.311813
v 1.682927 0.022102 -1.307603
v 1.682827 0.029145 -1.312118
v 1.683724 0.029145 -1.307603
v 1.683469 0.038060 -1.312385
v 1.684419 0.038060 -1.307603
v 1.684037 0.048472 -1.312620
v 1.685034 0.048472 -1.307603
v 1.684547 0.060007 -1.312833
v 1.685587 0.060007 -1.307603
v 1.685022 0.072292 -1.313028
v 1.686102 0.072292 -1.307603
v 1.685477 0.084952 -1.313215
v 1.686594 0.084952 -1.307603
v 1.673099 0.007272 -1.308778
v 1.674257 0.007905 -1.309935
v 1.675372 0.008785 -1.311053
v 1.676432 0.010042 -1.312110
v 1.677409 0.011800 -1.313090
v 1.678292 0.014180 -1.313970
v 1.679054 0.017307 -1.314735
v 1.679704 0.022102 -1.315383
v 1.680267 0.029145 -1.315948
v 1.680759 0.038060 -1.316440
v 1.681194 0.048472 -1.316873
v 1.681584 0.060007 -1.317265
v 1.681949 0.072292 -1.317628
v 1.682297 0.084952 -1.317975
v 1.672559 0.007272 -1.309140
v 1.673184 0.007905 -1.310650
v 1.673789 0.008785 -1.312110
v 1.674362 0.010042 -1.313493
v 1.674892 0.011800 -1.314773
v 1.675369 0.014180 -1.315923
v 1.675782 0.017307 -1.316920
v 1.676134 0.022102 -1.317770
v 1.676439 0.029145 -1.318505
v 1.676704 0.038060 -1.319148
v 1.676939 0.048472 -1.319715
v 1.677152 0.060007 -1.320228
v 1.677349 0.072292 -1.320700
v 1.677537 0.084952 -1.321155
v 1.671922 0.007272 -1.309265
v 1.671922 0.007905 -1.310900
v 1.671922 0.008785 -1.312480
v 1.671922 0.010042 -1.313978
v 1.671922 0.011800 -1.315363
v 1.671922 0.014180 -1.316608
v 1.671922 0.017307 -1.317688
v 1.671922 0.022102 -1.318608
v 1.671922 0.029145 -1.319403
v 1.671922 0.038060 -1.320100
v 1.671922 0.048472 -1.320713
v 1.671922 0.060007 -1.321268
v 1.671922 0.072292 -1.321780
v 1.671922 0.084952 -1.322273
v 1.671287 0.007272 -1.309140
v 1.670659 0.007905 -1.310650
v 1.670057 0.008785 -1.312110
v 1.669484 0.010042 -1.313493
v 1.668952 0.011800 -1.314773
v 1.668477 0.014180 -1.315923
v 1.668064 0.017307 -1.316920
v 1.667712 0.022102 -1.317770
v 1.667407 0.029145 -1.318505
v 1.667139 0.038060 -1.319148
v 1.666904 0.048472 -1.319715
v 1.666694 0.060007 -1.320228
v 1.666497 0.072292 -1.320700
v 1.666309 0.084952 -1.321155
v 1.670747 0.007272 -1.308778
v 1.669589 0.007905 -1.309935
v 1.668474 0.008785 -1.311053
v 1.667414 0.010042 -1.312110
v 1.666434 0.011800 -1.313090
v 1.665554 0.014180 -1.313970
v 1.664792 0.017307 -1.314735
v 1.664142 0.022102 -1.315383
v 1.663577 0.029145 -1.315948
v 1.663087 0.038060 -1.316440
v 1.662652 0.048472 -1.316873
v 1.662259 0.060007 -1.317265
v 1.661897 0.072292 -1.317628
v 1.661549 0.084952 -1.317975
v 1.670387 0.007272 -1.308238
v 1.668874 0.007905 -1.308865
v 1.667414 0.008785 -1.309470
v 1.666032 0.010042 -1.310043
v 1.664754 0.011800 -1.310573
v 1.663602 0.014180 -1.311050
v 1.662604 0.017307 -1.311463
v 1.661757 0.022102 -1.311813
v 1.661019 0.029145 -1.312118
v 1.660377 0.038060 -1.312385
v 1.659809 0.048472 -1.312620
v 1.659299 0.060007 -1.312833
v 1.658824 0.072292 -1.313028
v 1.658369 0.084952 -1.313215
v 1.670259 0.007272 -1.307603
v 1.668624 0.007905 -1.307603
v 1.667044 0.008785 -1.307603
v 1.665547 0.010042 -1.307603
v 1.664162 0.011800 -1.307603
v 1.662917 0.014180 -1.307603
v 1.661837 0.017307 -1.307603
v 1.660919 0.022102 -1.307603
v 1.660122 0.029145 -1.307603
v 1.659427 0.038060 -1.307603
v 1.658812 0.048472 -1.307603
v 1.658259 0.060007 -1.307603
v 1.657744 0.072292 -1.307603
v 1.657252 0.084952 -1.307603
v 1.670387 0.007272 -1.306965
v 1.668874 0.007905 -1.306340
v 1.667414 0.008785 -1.305735
v 1.666032 0.010042 -1.305163
v 1.664754 0.011800 -1.304633
v 1.663602 0.014180 -1.304155
v 1.662604 0.017307 -1.303743
v 1.661757 0.022102 -1.303390
v 1.661019 0.029145 -1.303085
v 1.660377 0.038060 -1.302820
v 1.659809 0.048472 -1.302585
v 1.659299 0.060007 -1.302372
v 1.658824 0.072292 -1.302178
v 1.658369 0.084952 -1.301988
v 1.670747 0.007272 -1.306425
v 1.669589 0.007905 -1.305270
v 1.668474 0.008785 -1.304153
v 1.667414 0.010042 -1.303095
v 1.666434 0.011800 -1.302115
v 1.665554 0.014180 -1.301233
v 1.664792 0.017307 -1.300470
v 1.664142 0.022102 -1.299820
v 1.663577 0.029145 -1.299258
v 1.663087 0.038060 -1.298765
v 1.662652 0.048472 -1.298330
v 1.662259 0.060007 -1.297940
v 1.661897 0.072292 -1.297578
v 1.661549 0.084952 -1.297228
v 1.671287 0.007272 -1.306065
v 1.670659 0.007905 -1.304555
v 1.670057 0.008785 -1.303095
v 1.669484 0.010042 -1.301713
v 1.668954 0.011800 -1.300433
v 1.668477 0.014180 -1.299280
v 1.668064 0.017307 -1.298285
v 1.667712 0.022102 -1.297435
v 1.667407 0.029145 -1.296698
v 1.667139 0.038060 -1.296055
v 1.666904 0.048472 -1.295488
v 1.666694 0.060007 -1.294978
v 1.666497 0.072292 -1.294503
v 1.666309 0.084952 -1.294048
v 1.671922 0.007272 -1.305938
v 1.671922 0.007905 -1.304303
v 1.671922 0.008785 -1.302723
v 1.671922 0.010042 -1.301228
v 1.671922 0.011800 -1.299843
v 1.671922 0.014180 -1.298595
v 1.671922 0.017307 -1.297515
v 1.671922 0.022102 -1.296598
v 1.671922 0.029145 -1.295800
v 1.671922 0.038060 -1.295105
v 1.671922 0.048472 -1.294490
v 1.671922 0.060007 -1.293938
v 1.671922 0.072292 -1.293425
v 1.671922 0.084952 -1.292933
v 1.672559 0.007272 -1.306065
v 1.673184 0.007905 -1.304555
v 1.673789 0.008785 -1.303095
v 1.674362 0.010042 -1.301713
v 1.674892 0.011800 -1.300433
v 1.675369 0.014180 -1.299280
v 1.675782 0.017307 -1.298285
v 1.676134 0.022102 -1.297435
v 1.676439 0.029145 -1.296698
v 1.676704 0.038060 -1.296055
v 1.676939 0.048472 -1.295488
v 1.677152 0.060007 -1.294978
v 1.677349 0.072292 -1.294503
v 1.677537 0.084952 -1.294048
v 1.673099 0.007272 -1.306425
v 1.674257 0.007905 -1.305270
v 1.675372 0.008785 -1.304153
v 1.676432 0.010042 -1.303095
v 1.677409 0.011800 -1.302115
v 1.678292 0.014180 -1.301233
v 1.679054 0.017307 -1.300470
v 1.679704 0.022102 -1.299820
v 1.680267 0.029145 -1.299258
v 1.680759 0.038060 -1.298765
v 1.681194 0.048472 -1.298330
v 1.681584 0.060007 -1.297940
v 1.681949 0.072292 -1.297578
v 1.682297 0.084952 -1.297228
v 1.673459 0.007272 -1.306965
v 1.674972 0.007905 -1.306340
v 1.676429 0.008785 -1.305735
v 1.677812 0.010042 -1.305163
v 1.679092 0.011800 -1.304633
v 1.680244 0.014180 -1.304155
v 1.681242 0.017307 -1.303743
v 1.682089 0.022102 -1.303390
v 1.682827 0.029145 -1.303085
v 1.683469 0.038060 -1.302820
v 1.684037 0.048472 -1.302585
v 1.684547 0.060007 -1.302372
v 1.685022 0.072292 -1.302178
v 1.685477 0.084952 -1.301988
v 2.908502 0.007272 -1.308238
v 2.908629 0.007272 -1.307603
v 2.910014 0.007905 -1.308865
v 2.910264 0.007905 -1.307603
v 2.911472 0.008785 -1.309470
v 2.911844 0.008785 -1.307603
v 2.912854 0.010042 -1.310043
v 2.913342 0.010042 -1.307603
v 2.914134 0.011800 -1.310573
v 2.914727 0.011800 -1.307603
v 2.915287 0.014180 -1.311050
v 2.915972 0.014180 -1.307603
v 2.916284 0.017307 -1.311463
v 2.917052 0.017307 -1.307603
v 2.917132 0.022102 -1.311813
v 2.917969 0.022102 -1.307603
v 2.917869 0.029145 -1.312118
v 2.918767 0.029145 -1.307603
v 2.918512 0.038060 -1.312385
v 2.919462 0.038060 -1.307603
v 2.919079 0.048472 -1.312620
v 2.920077 0.048472 -1.307603
v 2.919589 0.060007 -1.312833
v 2.920629 0.060007 -1.307603
v 2.920064 0.072292 -1.313028
v 2.921144 0.072292 -1.307603
v 2.920519 0.084952 -1.313215
v 2.921637 0.084952 -1.307603
v 2.908142 0.007272 -1.308778
v 2.909299 0.007905 -1.309935
v 2.910414 0.008785 -1.311053
v 2.911474 0.010042 -1.312110
v 2.912452 0.011800 -1.313090
v 2.913334 0.014180 -1.313970
v 2.914097 0.017307 -1.314735
v 2.914747 0.022102 -1.315383
v 2.915309 0.029145 -1.315948
v 2.915802 0.038060 -1.316440
v 2.916236 0.048472 -1.316873
v 2.916627 0.060007 -1.317265
v 2.916992 0.072292 -1.317628
v 2.917339 0.084952 -1.317975
v 2.907602 0.007272 -1.309140
v 2.908226 0.007905 -1.310650
v 2.908832 0.008785 -1.312110
v 2.909404 0.010042 -1.313493
v 2.909934 0.011800 -1.314773
v 2.910412 0.014180 -1.315923
v 2.910824 0.017307 -1.316920
v 2.911177 0.022102 -1.317770
v 2.911482 0.029145 -1.318505
v 2.911747 0.038060 -1.319148
v 2.911982 0.048472 -1.319715
v 2.912194 0.060007 -1.320228
v 2.912392 0.072292 -1.320700
v 2.912579 0.084952 -1.321155
v 2.906964 0.007272 -1.309265
v 2.906964 0.007905 -1.310900
v 2.906964 0.008785 -1.312480
v 2.906964 0.010042 -1.313978
v 2.906964 0.011800 -1.315363
v 2.906964 0.014180 -1.316608
v 2.906964 0.017307 -1.317688
v 2.906964 0.022102 -1.318608
v 2.906964 0.029145 -1.319403
v 2.906964 0.038060 -1.320100
v 2.906964 0.048472 -1.320713
v 2.906964 0.060007 -1.321268
v 2.906964 0.072292 -1.321780
v 2.906964 0.084952 -1.322273
v 2.906329 0.007272 -1.309140
v 2.905702 0.007905 -1.310650
v 2.905099 0.008785 -1.312110
v 2.904527 0.010042 -1.313493
v 2.903994 0.011800 -1.314773
v 2.903519 0.014180 -1.315923
v 2.903107 0.017307 -1.316920
v 2.902754 0.022102 -1.317770
v 2.902449 0.029145 -1.318505
v 2.902182 0.038060 -1.319148
v 2.901947 0.048472 -1.319715
v 2.901736 0.060007 -1.320228
v 2.901539 0.072292 -1.320700
v 2.901352 0.084952 -1.321155
v 2.905789 0.007272 -1.308778
v 2.904632 0.007905 -1.309935
v 2.903517 0.008785 -1.311053
v 2.902457 0.010042 -1.312110
v 2.901477 0.011800 -1.313090
v 2.900597 0.014180 -1.313970
v 2.899834 0.017307 -1.314735
v 2.899184 0.022102 -1.315383
v 2.898619 0.029145 -1.315948
v 2.898129 0.038060 -1.316440
v 2.897694 0.048472 -1.316873
v 2.897302 0.060007 -1.317265
v 2.896939 0.072292 -1.317628
v 2.896592 0.084952 -1.317975
v 2.905429 0.007272 -1.308238
v 2.903917 0.007905 -1.308865
v 2.902457 0.008785 -1.309470
v 2.901074 0.010042 -1.310043
v 2.899797 0.011800 -1.310573
v 2.898644 0.014180 -1.311050
v 2.897647 0.017307 -1.311463
v 2.896799 0.022102 -1.311813
v 2.896061 0.029145 -1.312118
v 2.895419 0.038060 -1.312385
v 2.894852 0.048472 -1.312620
v 2.894342 0.060007 -1.312833
v 2.893867 0.072292 -1.313028
v 2.893412 0.084952 -1.313215
v 2.905302 0.007272 -1.307603
v 2.903666 0.007905 -1.307603
v 2.902087 0.008785 -1.307603
v 2.900589 0.010042 -1.307603
v 2.899204 0.011800 -1.307603
v 2.897959 0.014180 -1.307603
v 2.896879 0.017307 -1.307603
v 2.895962 0.022102 -1.307603
v 2.895164 0.029145 -1.307603
v 2.894469 0.038060 -1.307603
v 2.893854 0.048472 -1.307603
v 2.893301 0.060007 -1.307603
v 2.892787 0.072292 -1.307603
v 2.892294 0.084952 -1.307603
v 2.905429 0.007272 -1.306965
v 2.903917 0.007905 -1.306340
v 2.902457 0.008785 -1.305735
v 2.901074 0.010042 -1.305163
v 2.899797 0.011800 -1.304633
v 2.898644 0.014180 -1.304155
v 2.897647 0.017307 -1.303743
v 2.896799 0.022102 -1.303390
v 2.896061 0.029145 -1.303085
v 2.895419 0.038060 -1.302820
v 2.894852 0.048472 -1.302585
v 2.894342 0.060007 -1.302372
v 2.893867 0.072292 -1.302178
v 2.893412 0.084952 -1.301988
v 2.905789 0.007272 -1.306425
v 2.904632 0.007905 -1.305270
v 2.903517 0.008785 -1.304153
v 2.902457 0.010042 -1.303095
v 2.901477 0.011800 -1.302115
v 2.900597 0.014180 -1.301233
v 2.899834 0.017307 -1.300470
v 2.899184 0.022102 -1.299820
v 2.898619 0.029145 -1.299258
v 2.898129 0.038060 -1.298765
v 2.897694 0.048472 -1.298330
v 2.897302 0.060007 -1.297940
v 2.896939 0.072292 -1.297578
v 2.896592 0.084952 -1.297228
v 2.906329 0.007272 -1.306065
v 2.905702 0.007905 -1.304555
v 2.905099 0.008785 -1.303095
v 2.904527 0.010042 -1.301713
v 2.903997 0.011800 -1.300433
v 2.903519 0.014180 -1.299280
v 2.903107 0.017307 -1.298285
v 2.902754 0.022102 -1.297435
v 2.902449 0.029145 -1.296698
v 2.902182 0.038060 -1.296055
v 2.901947 0.048472 -1.295488
v 2.901736 0.060007 -1.294978
v 2.901539 0.072292 -1.294503
v 2.901352 0.084952 -1.294048
v 2.906964 0.007272 -1.305938
v 2.906964 0.007905 -1.304303
v 2.906964 0.008785 -1.302723
v 2.906964 0.010042 -1.301228
v 2.906964 0.011800 -1.299843
v 2.906964 0.014180 -1.298595
v 2.906964 0.017307 -1.297515
v 2.906964 0.022102 -1.296598
v 2.906964 0.029145 -1.295800
v 2.906964 0.038060 -1.295105
v 2.906964 0.048472 -1.294490
v 2.906964 0.060007 -1.293938
v 2.906964 0.072292 -1.293425
v 2.906964 0.084952 -1.292933
v 2.907602 0.007272 -1.306065
v 2.908226 0.007905 -1.304555
v 2.908832 0.008785 -1.303095
v 2.909404 0.010042 -1.301713
v 2.909934 0.011800 -1.300433
v 2.910412 0.014180 -1.299280
v 2.910824 0.017307 -1.298285
v 2.911177 0.022102 -1.297435
v 2.911482 0.029145 -1.296698
v 2.911747 0.038060 -1.296055
v 2.911982 0.048472 -1.295488
v 2.912194 0.060007 -1.294978
v 2.912392 0.072292 -1.294503
v 2.912579 0.084952 -1.294048
v 2.908142 0.007272 -1.306425
v 2.909299 0.007905 -1.305270
v 2.910414 0.008785 -1.304153
v 2.911474 0.010042 -1.303095
v 2.912452 0.011800 -1.302115
v 2.913334 0.014180 -1.301233
v 2.914097 0.017307 -1.300470
v 2.914747 0.022102 -1.299820
v 2.915309 0.029145 -1.299258
v 2.915802 0.038060 -1.298765
v 2.916236 0.048472 -1.298330
v 2.916627 0.060007 -1.297940
v 2.916992 0.072292 -1.297578
v 2.917339 0.084952 -1.297228
v 2.908502 0.007272 -1.306965
v 2.910014 0.007905 -1.306340
v 2.911472 0.008785 -1.305735
v 2.912854 0.010042 -1.305163
v 2.914134 0.011800 -1.304633
v 2.915287 0.014180 -1.304155
v 2.916284 0.017307 -1.303743
v 2.917132 0.022102 -1.303390
v 2.917869 0.029145 -1.303085
v 2.918512 0.038060 -1.302820
v 2.919079 0.048472 -1.302585
v 2.919589 0.060007 -1.302372
v 2.920064 0.072292 -1.302178
v 2.920519 0.084952 -1.301988
v 2.908502 0.007272 -1.762830
v 2.908629 0.007272 -1.762195
v 2.910014 0.007905 -1.763457
v 2.910264 0.007905 -1.762195
v 2.911472 0.008785 -1.764062
v 2.911844 0.008785 -1.762195
v 2.912854 0.010042 -1.764635
v 2.913342 0.010042 -1.762195
v 2.914134 0.011800 -1.765165
v 2.914727 0.011800 -1.762195
v 2.915287 0.014180 -1.765642
v 2.915972 0.014180 -1.762195
v 2.916284 0.017307 -1.766055
v 2.917052 0.017307 -1.762195
v 2.917132 0.022102 -1.766405
v 2.917969 0.022102 -1.762195
v 2.917869 0.029145 -1.766710
v 2.918767 0.029145 -1.762195
v 2.918512 0.038060 -1.766977
v 2.919462 0.038060 -1.762195
v 2.919079 0.048472 -1.767212
v 2.920077 0.048472 -1.762195
v 2.919589 0.060007 -1.767425
v 2.920629 0.060007 -1.762195
v 2.920064 0.072292 -1.767620
v 2.921144 0.072292 -1.762195
v 2.920519 0.084952 -1.767807
v 2.921637 0.084952 -1.762195
v 2.908142 0.007272 -1.763370
v 2.909299 0.007905 -1.764527
v 2.910414 0.008785 -1.765645
v 2.911474 0.010042 -1.766702
v 2.912452 0.011800 -1.767682
v 2.913334 0.014180 -1.768562
v 2.914097 0.017307 -1.769327
v 2.914747 0.022102 -1.769974
v 2.915309 0.029145 -1.770539
v 2.915802 0.038060 -1.771032
v 2.916236 0.048472 -1.771464
v 2.916627 0.060007 -1.771857
v 2.916992 0.072292 -1.772220
v 2.917339 0.084952 -1.772567
v 2.907602 0.007272 -1.763732
v 2.908226 0.007905 -1.765242
v 2.908832 0.008785 -1.766702
v 2.909404 0.010042 -1.768085
v 2.909934 0.011800 -1.769365
v 2.910412 0.014180 -1.770514
v 2.910824 0.017307 -1.771512
v 2.911177 0.022102 -1.772362
v 2.911482 0.029145 -1.773097
v 2.911747 0.038060 -1.773740
v 2.911982 0.048472 -1.774307
v 2.912194 0.060007 -1.774820
v 2.912392 0.072292 -1.775292
v 2.912579 0.084952 -1.775747
v 2.906964 0.007272 -1.763857
v 2.906964 0.007905 -1.765492
v 2.906964 0.008785 -1.767072
v 2.906964 0.010042 -1.768570
v 2.906964 0.011800 -1.769955
v 2.906964 0.014180 -1.771200
v 2.906964 0.017307 -1.772280
v 2.906964 0.022102 -1.773200
v 2.906964 0.029145 -1.773995
v 2.906964 0.038060 -1.774692
v 2.906964 0.048472 -1.775305
v 2.906964 0.060007 -1.775860
v 2.906964 0.072292 -1.776372
v 2.906964 0.084952 -1.776865
v 2.906329 0.007272 -1.763732
v 2.905702 0.007905 -1.765242
v 2.905099 0.008785 -1.766702
v 2.904527 0.010042 -1.768085
v 2.903994 0.011800 -1.769365
v 2.903519 0.014180 -1.770514
v 2.903107 0.017307 -1.771512
v 2.902754 0.022102 -1.772362
v 2.902449 0.029145 -1.773097
v 2.902182 0.038060 -1.773740
v 2.901947 0.048472 -1.774307
v 2.901736 0.060007 -1.774820
v 2.901539 0.072292 -1.775292
v 2.901352 0.084952 -1.775747
v 2.905789 0.007272 -1.763370
v 2.904632 0.007905 -1.764527
v 2.903517 0.008785 -1.765645
v 2.902457 0.010042 -1.766702
v 2.901477 0.011800 -1.767682
v 2.900597 0.014180 -1.768562
v 2.899834 0.017307 -1.769327
v 2.899184 0.022102 -1.769974
v 2.898619 0.029145 -1.770539
v 2.898129 0.038060 -1.771032
v 2.897694 0.048472 -1.771464
v 2.897302 0.060007 -1.771857
v 2.896939 0.072292 -1.772220
v 2.896592 0.084952 -1.772567
v 2.905429 0.007272 -1.762830
v 2.903917 0.007905 -1.763457
v 2.902457 0.008785 -1.764062
v 2.901074 0.010042 -1.764635
v 2.899797 0.011800 -1.765165
v 2.898644 0.014180 -1.765642
v 2.897647 0.017307 -1.766055
v 2.896799 0.022102 -1.766405
v 2.896061 0.029145 -1.766710
v 2.895419 0.038060 -1.766977
v 2.894852 0.048472 -1.767212
v 2.894342 0.060007 -1.767425
v 2.893867 0.072292 -1.767620
v 2.893412 0.084952 -1.767807
v 2.905302 0.007272 -1.762195
v 2.903666 0.007905 -1.762195
v 2.902087 0.008785 -1.762195
v 2.900589 0.010042 -1.762195
v 2.899204 0.011800 -1.762195
v 2.897959 0.014180 -1.762195
v 2.896879 0.017307 -1.762195
v 2.895962 0.022102 -1.762195
v 2.895164 0.029145 -1.762195
v 2.894469 0.038060 -1.762195
v 2.893854 0.048472 -1.762195
v 2.893301 0.060007 -1.762195
v 2.892787 0.072292 -1.762195
v 2.892294 0.084952 -1.762195
v 2.905429 0.007272 -1.761557
v 2.903917 0.007905 -1.760932
v 2.902457 0.008785 -1.760327
v 2.901074 0.010042 -1.759755
v 2.899797 0.011800 -1.759225
v 2.898644 0.014180 -1.758747
v 2.897647 0.017307 -1.758335
v 2.896799 0.022102 -1.757982
v 2.896061 0.029145 -1.757677
v 2.895419 0.038060 -1.757412
v 2.894852 0.048472 -1.757177
v 2.894342 0.060007 -1.756964
v 2.893867 0.072292 -1.756770
v 2.893412 0.084952 -1.756580
v 2.905789 0.007272 -1.761017
v 2.904632 0.007905 -1.759862
v 2.903517 0.008785 -1.758745
v 2.902457 0.010042 -1.757687
v 2.901477 0.011800 -1.756707
v 2.900597 0.014180 -1.755825
v 2.899834 0.017307 -1.755062
v 2.899184 0.022102 -1.754412
v 2.898619 0.029145 -1.753850
v 2.898129 0.038060 -1.753357
v 2.897694 0.048472 -1.752922
v 2.897302 0.060007 -1.752532
v 2.896939 0.072292 -1.752170
v 2.896592 0.084952 -1.751820
v 2.906329 0.007272 -1.760657
v 2.905702 0.007905 -1.759147
v 2.905099 0.008785 -1.757687
v 2.904527 0.010042 -1.756305
v 2.903997 0.011800 -1.755024
v 2.903519 0.014180 -1.753872
v 2.903107 0.017307 -1.752877
v 2.902754 0.022102 -1.752027
v 2.902449 0.029145 -1.751290
v 2.902182 0.038060 -1.750647
v 2.901947 0.048472 -1.750080
v 2.901736 0.060007 -1.749570
v 2.901539 0.072292 -1.749095
v 2.901352 0.084952 -1.748639
v 2.906964 0.007272 -1.760530
v 2.906964 0.007905 -1.758895
v 2.906964 0.008785 -1.757314
v 2.906964 0.010042 -1.755820
v 2.906964 0.011800 -1.754435
v 2.906964 0.014180 -1.753187
v 2.906964 0.017307 -1.752107
v 2.906964 0.022102 -1.751190
v 2.906964 0.029145 -1.750392
v 2.906964 0.038060 -1.749697
v 2.906964 0.048472 -1.749082
v 2.906964 0.060007 -1.748530
v 2.906964 0.072292 -1.748017
v 2.906964 0.084952 -1.747525
v 2.907602 0.007272 -1.760657
v 2.908226 0.007905 -1.759147
v 2.908832 0.008785 -1.757687
v 2.909404 0.010042 -1.756305
v 2.909934 0.011800 -1.755024
v 2.910412 0.014180 -1.753872
v 2.910824 0.017307 -1.752877
v 2.911177 0.022102 -1.752027
v 2.911482 0.029145 -1.751290
v 2.911747 0.038060 -1.750647
v 2.911982 0.048472 -1.750080
v 2.912194 0.060007 -1.749570
v 2.912392 0.072292 -1.749095
v 2.912579 0.084952 -1.748639
v 2.908142 0.007272 -1.761017
v 2.909299 0.007905 -1.759862
v 2.910414 0.008785 -1.758745
v 2.911474 0.010042 -1.757687
v 2.912452 0.011800 -1.756707
v 2.913334 0.014180 -1.755825
v 2.914097 0.017307 -1.755062
v 2.914747 0.022102 -1.754412
v 2.915309 0.029145 -1.753850
v 2.915802 0.038060 -1.753357
v 2.916236 0.048472 -1.752922
v 2.916627 0.060007 -1.752532
v 2.916992 0.072292 -1.752170
v 2.917339 0.084952 -1.751820
v 2.908502 0.007272 -1.761557
v 2.910014 0.007905 -1.760932
v 2.911472 0.008785 -1.760327
v 2.912854 0.010042 -1.759755
v 2.914134 0.011800 -1.759225
v 2.915287 0.014180 -1.758747
v 2.916284 0.017307 -1.758335
v 2.917132 0.022102 -1.757982
v 2.917869 0.029145 -1.757677
v 2.918512 0.038060 -1.757412
v 2.919079 0.048472 -1.757177
v 2.919589 0.060007 -1.756964
v 2.920064 0.072292 -1.756770
v 2.920519 0.084952 -1.756580
v 1.673459 0.007272 -1.762830
v 1.673587 0.007272 -1.762195
v 1.674972 0.007905 -1.763457
v 1.675222 0.007905 -1.762195
v 1.676429 0.008785 -1.764062
v 1.676802 0.008785 -1.762195
v 1.677812 0.010042 -1.764635
v 1.678299 0.010042 -1.762195
v 1.679092 0.011800 -1.765165
v 1.679684 0.011800 -1.762195
v 1.680244 0.014180 -1.765642
v 1.680929 0.014180 -1.762195
v 1.681242 0.017307 -1.766055
v 1.682009 0.017307 -1.762195
v 1.682089 0.022102 -1.766405
v 1.682927 0.022102 -1.762195
v 1.682827 0.029145 -1.766710
v 1.683724 0.029145 -1.762195
v 1.683469 0.038060 -1.766977
v 1.684419 0.038060 -1.762195
v 1.684037 0.048472 -1.767212
v 1.685034 0.048472 -1.762195
v 1.684547 0.060007 -1.767425
v 1.685587 0.060007 -1.762195
v 1.685022 0.072292 -1.767620
v 1.686102 0.072292 -1.762195
v 1.685477 0.084952 -1.767807
v 1.686594 0.084952 -1.762195
v 1.673099 0.007272 -1.763370
v 1.674257 0.007905 -1.764527
v 1.675372 0.008785 -1.765645
v 1.676432 0.010042 -1.766702
v 1.677409 0.011800 -1.767682
v 1.678292 0.014180 -1.768562
v 1.679054 0.017307 -1.769327
v 1.679704 0.022102 -1.769974
v 1.680267 0.029145 -1.770539
v 1.680759 0.038060 -1.771032
v 1.681194 0.048472 -1.771464
v 1.681584 0.060007 -1.771857
v 1.681949 0.072292 -1.772220
v 1.682297 0.084952 -1.772567
v 1.672559 0.007272 -1.763732
v 1.673184 0.007905 -1.765242
v 1.673789 0.008785 -1.766702
v 1.674362 0.010042 -1.768085
v 1.674892 0.011800 -1.769365
v 1.675369 0.014180 -1.770514
v 1.675782 0.017307 -1.771512
v 1.676134 0.022102 -1.772362
v 1.676439 0.029145 -1.773097
v 1.676704 0.038060 -1.773740
v 1.676939 0.048472 -1.774307
v 1.677152 0.060007 -1.774820
v 1.677349 0.072292 -1.775292
v 1.677537 0.084952 -1.775747
v 1.671922 0.007272 -1.763857
v 1.671922 0.007905 -1.765492
v 1.671922 0.008785 -1.767072
v 1.671922 0.010042 -1.768570
v 1.671922 0.011800 -1.769955
v 1.671922 0.014180 -1.771200
v 1.671922 0.017307 -1.772280
v 1.671922 0.022102 -1.773200
v 1.671922 0.029145 -1.773995
v 1.671922 0.038060 -1.774692
v 1.671922 0.048472 -1.775305
v 1.671922 0.060007 -1.775860
v 1.671922 0.072292 -1.776372
v 1.671922 0.084952 -1.776865
v 1.671287 0.007272 -1.763732
v 1.670659 0.007905 -1.765242
v 1.670057 0.008785 -1.766702
v 1.669484 0.010042 -1.768085
v 1.668952 0.011800 -1.769365
v 1.668477 0.014180 -1.770514
v 1.668064 0.017307 -1.771512
v 1.667712 0.022102 -1.772362
v 1.667407 0.029145 -1.773097
v 1.667139 0.038060 -1.773740
v 1.666904 0.048472 -1.774307
v 1.666694 0.060007 -1.774820
v 1.666497 0.072292 -1.775292
v 1.666309 0.084952 -1.775747
v 1.670747 0.007272 -1.763370
v 1.669589 0.007905 -1.764527
v 1.668474 0.008785 -1.765645
v 1.667414 0.010042 -1.766702
v 1.666434 0.011800 -1.767682
v 1.665554 0.014180 -1.768562
v 1.664792 0.017307 -1.769327
v 1.664142 0.022102 -1.769974
v 1.663577 0.029145 -1.770539
v 1.663087 0.038060 -1.771032
v 1.662652 0.048472 -1.771464
v 1.662259 0.060007 -1.771857
v 1.661897 0.072292 -1.772220
v 1.661549 0.084952 -1.772567
v 1.670387 0.007272 -1.762830
v 1.668874 0.007905 -1.763457
v 1.667414 0.008785 -1.764062
v 1.666032 0.010042 -1.764635
v 1.664754 0.011800 -1.765165
v 1.663602 0.014180 -1.765642
v 1.662604 0.017307 -1.766055
v 1.661757 0.022102 -1.766405
v 1.661019 0.029145 -1.766710
v 1.660377 0.038060 -1.766977
v 1.659809 0.048472 -1.767212
v 1.659299 0.060007 -1.767425
v 1.658824 0.072292 -1.767620
v 1.658369 0.084952 -1.767807
v 1.670259 0.007272 -1.762195
v 1.668624 0.007905 -1.762195
v 1.667044 0.008785 -1.762195
v 1.665547 0.010042 -1.762195
v 1.664162 0.011800 -1.762195
v 1.662917 0.014180 -1.762195
v 1.661837 0.017307 -1.762195
v 1.660919 0.022102 -1.762195
v 1.660122 0.029145 -1.762195
v 1.659427 0.038060 -1.762195
v 1.658812 0.048472 -1.762195
v 1.658259 0.060007 -1.762195
v 1.657744 0.072292 -1.762195
v 1.657252 0.084952 -1.762195
v 1.670387 0.007272 -1.761557
v 1.668874 0.007905 -1.760932
v 1.667414 0.008785 -1.760327
v 1.666032 0.010042 -1.759755
v 1.664754 0.011800 -1.759225
v 1.663602 0.014180 -1.758747
v 1.662604 0.017307 -1.758335
v 1.661757 0.022102 -1.757982
v 1.661019 0.029145 -1.757677
v 1.660377 0.038060 -1.757412
v 1.659809 0.048472 -1.757177
v 1.659299 0.060007 -1.756964
v 1.658824 0.072292 -1.756770
v 1.658369 0.084952 -1.756580
v 1.670747 0.007272 -1.761017
v 1.669589 0.007905 -1.759862
v 1.668474 0.008785 -1.758745
v 1.667414 0.010042 -1.757687
v 1.666434 0.011800 -1.756707
v 1.665554 0.014180 -1.755825
v 1.664792 0.017307 -1.755062
v 1.664142 0.022102 -1.754412
v 1.663577 0.029145 -1.753850
v 1.663087 0.038060 -1.753357
v 1.662652 0.048472 -1.752922
v 1.662259 0.060007 -1.752532
v 1.661897 0.072292 -1.752170
v 1.661549 0.084952 -1.751820
v 1.671287 0.007272 -1.760657
v 1.670659 0.007905 -1.759147
v 1.670057 0.008785 -1.757687
v 1.669484 0.010042 -1.756305
v 1.668954 0.011800 -1.755024
v 1.668477 0.014180 -1.753872
v 1.668064 0.017307 -1.752877
v 1.667712 0.022102 -1.752027
v 1.667407 0.029145 -1.751290
v 1.667139 0.038060 -1.750647
v 1.666904 0.048472 -1.750080
v 1.666694 0.060007 -1.749570
v 1.666497 0.072292 -1.749095
v 1.666309 0.084952 -1.748639
v 1.671922 0.007272 -1.760530
v 1.671922 0.007905 -1.758895
v 1.671922 0.008785 -1.757314
v 1.671922 0.010042 -1.755820
v 1.671922 0.011800 -1.754435
v 1.671922 0.014180 -1.753187
v 1.671922 0.017307 -1.752107
v 1.671922 0.022102 -1.751190
v 1.671922 0.029145 -1.750392
v 1.671922 0.038060 -1.749697
v 1.671922 0.048472 -1.749082
v 1.671922 0.060007 -1.748530
v 1.671922 0.072292 -1.748017
v 1.671922 0.084952 -1.747525
v 1.672559 0.007272 -1.760657
v 1.673184 0.007905 -1.759147
v 1.673789 0.008785 -1.757687
v 1.674362 0.010042 -1.756305
v 1.674892 0.011800 -1.755024
v 1.675369 0.014180 -1.753872
v 1.675782 0.017307 -1.752877
v 1.676134 0.022102 -1.752027
v 1.676439 0.029145 -1.751290
v 1.676704 0.038060 -1.750647
v 1.676939 0.048472 -1.750080
v 1.677152 0.060007 -1.749570
v 1.677349 0.072292 -1.749095
v 1.677537 0.084952 -1.748639
v 1.673099 0.007272 -1.761017
v 1.674257 0.007905 -1.759862
v 1.675372 0.008785 -1.758745
v 1.676432 0.010042 -1.757687
v 1.677409 0.011800 -1.756707
v 1.678292 0.014180 -1.755825
v 1.679054 0.017307 -1.755062
v 1.679704 0.022102 -1.754412
v 1.680267 0.029145 -1.753850
v 1.680759 0.038060 -1.753357
v 1.681194 0.048472 -1.752922
v 1.681584 0.060007 -1.752532
v 1.681949 0.072292 -1.752170
v 1.682297 0.084952 -1.751820
v 1.673459 0.007272 -1.761557
v 1.674972 0.007905 -1.760932
v 1.676429 0.008785 -1.760327
v 1.677812 0.010042 -1.759755
v 1.679092 0.011800 -1.759225
v 1.680244 0.014180 -1.758747
v 1.681242 0.017307 -1.758335
v 1.682089 0.022102 -1.757982
v 1.682827 0.029145 -1.757677
v 1.683469 0.038060 -1.757412
v 1.684037 0.048472 -1.757177
v 1.684547 0.060007 -1.756964
v 1.685022 0.072292 -1.756770
v 1.685477 0.084952 -1.756580
vn 0.3604 -0.9328 -0.0001
vn 0.3990 -0.9020 -0.1652
vn 0.4318 -0.9020 -0.0000
vn 0.5755 -0.8178 -0.0000
vn 0.6690 -0.6897 -0.2772
vn 0.7240 -0.6898 -0.0000
vn 0.7783 -0.5387 -0.3227
vn 0.8426 -0.5385 0.0001
vn 0.8495 -0.3929 -0.3520
vn 0.9196 -0.3928 0.0001
vn 0.8932 -0.2556 -0.3700
vn 0.9668 -0.2556 -0.0000
vn 0.9135 -0.1496 -0.3783
vn 0.9887 -0.1496 -0.0001
vn 0.9955 -0.0950 -0.0001
vn 0.9197 -0.0950 -0.3809
vn 0.9977 -0.0683 -0.0000
vn 0.9217 -0.0683 -0.3817
vn 0.9986 -0.0533 -0.0000
vn 0.9225 -0.0533 -0.3822
vn 0.9990 -0.0448 -0.0000
vn 0.9231 -0.0403 -0.3824
vn 0.9992 -0.0404 -0.0000
vn 0.9232 -0.0388 -0.3824
vn 0.9992 -0.0389 -0.0000
vn 0.2551 -0.9328 -0.2544
vn 0.3327 -0.9329 -0.1380
vn 0.3053 -0.9020 -0.3054
vn 0.5317 -0.8177 -0.2204
vn 0.5122 -0.6896 -0.5120
vn 0.6502 -0.3929 -0.6503
vn 0.6993 -0.1496 -0.6990
vn 0.7039 -0.0950 -0.7040
vn 0.7060 -0.0533 -0.7062
vn 0.9229 -0.0448 -0.3823
vn 0.7065 -0.0403 -0.7065
vn 0.7066 -0.0388 -0.7066
vn 0.1378 -0.9327 -0.3332
vn 0.2200 -0.8178 -0.5317
vn 0.4069 -0.8178 -0.4070
vn 0.2770 -0.6896 -0.6691
vn 0.5958 -0.5385 -0.5959
vn 0.3519 -0.3927 -0.8497
vn 0.6835 -0.2557 -0.6837
vn 0.3784 -0.1497 -0.9135
vn 0.3809 -0.0949 -0.9198
vn 0.7053 -0.0683 -0.7056
vn 0.3821 -0.0534 -0.9226
vn 0.7064 -0.0449 -0.7064
vn 0.3824 -0.0403 -0.9231
vn -0.0000 -0.9020 -0.4318
vn 0.1648 -0.9020 -0.3991
vn -0.0001 -0.8179 -0.5753
vn -0.0001 -0.6896 -0.7241
vn -0.0001 -0.5384 -0.8427
vn 0.3224 -0.5385 -0.7786
vn -0.0001 -0.3927 -0.9197
vn 0.3698 -0.2559 -0.8932
vn -0.0001 -0.1497 -0.9887
vn -0.0000 -0.0949 -0.9955
vn 0.3817 -0.0682 -0.9218
vn -0.0000 -0.0534 -0.9986
vn -0.0000 -0.0449 -0.9990
vn 0.3823 -0.0448 -0.9229
vn -0.0000 -0.0402 -0.9992
vn 0.3824 -0.0388 -0.9232
vn -0.1379 -0.9327 -0.3331
vn -0.0002 -0.9326 -0.3609
vn -0.1652 -0.9020 -0.3990
vn -0.2202 -0.8178 -0.5317
vn -0.2769 -0.6898 -0.6690
vn -0.3518 -0.3926 -0.8498
vn -0.3698 -0.2559 -0.8932
vn -0.0001 -0.2559 -0.9667
vn -0.3785 -0.1497 -0.9134
vn -0.3809 -0.0950 -0.9197
vn -0.0000 -0.0682 -0.9977
vn -0.3819 -0.0682 -0.9217
vn -0.3822 -0.0448 -0.9230
vn -0.3825 -0.0388 -0.9232
vn -0.0000 -0.0389 -0.9992
vn -0.3053 -0.9020 -0.3053
vn -0.4066 -0.8178 -0.4072
vn -0.5120 -0.6897 -0.5120
vn -0.3224 -0.5384 -0.7786
vn -0.6502 -0.3926 -0.6504
vn -0.6835 -0.2557 -0.6837
vn -0.6993 -0.1496 -0.6990
vn -0.7054 -0.0682 -0.7055
vn -0.3822 -0.0534 -0.9225
vn -0.7065 -0.0448 -0.7063
vn -0.3824 -0.0402 -0.9231
vn -0.7066 -0.0388 -0.7066
vn -0.2551 -0.9329 -0.2543
vn -0.3988 -0.9021 -0.1650
vn -0.5316 -0.8179 -0.2203
vn -0.7784 -0.5386 -0.3225
vn -0.5959 -0.5385 -0.5957
vn -0.8496 -0.3929 -0.3519
vn -0.8932 -0.2556 -0.3700
vn -0.9135 -0.1496 -0.3783
vn -0.7039 -0.0950 -0.7039
vn -0.9218 -0.0682 -0.3817
vn -0.7061 -0.0534 -0.7061
vn -0.9230 -0.0448 -0.3822
vn -0.7065 -0.0402 -0.7065
vn -0.9231 -0.0403 -0.3824
vn -0.3604 -0.9328 -0.0001
vn -0.3328 -0.9329 -0.1380
vn -0.5753 -0.8179 -0.0000
vn -0.7242 -0.6896 0.0001
vn -0.6692 -0.6894 -0.2773
vn -0.8427 -0.5384 0.0002
vn -0.9196 -0.3928 0.0001
vn -0.9668 -0.2556 -0.0000
vn -0.9887 -0.1497 -0.0001
vn -0.9198 -0.0950 -0.3808
vn -0.9977 -0.0683 -0.0000
vn -0.9226 -0.0533 -0.3822
vn -0.9990 -0.0448 -0.0000
vn -0.9992 -0.0404 -0.0000
vn -0.9232 -0.0388 -0.3824
vn -0.3989 -0.9020 0.1650
vn -0.4318 -0.9020 -0.0000
vn -0.5316 -0.8179 0.2203
vn -0.7785 -0.5385 0.3223
vn -0.8932 -0.2557 0.3700
vn -0.9197 -0.0950 0.3809
vn -0.9955 -0.0949 -0.0001
vn -0.9218 -0.0682 0.3817
vn -0.9986 -0.0534 -0.0000
vn -0.9226 -0.0534 0.3820
vn -0.9231 -0.0403 0.3823
vn -0.9992 -0.0389 -0.0000
vn -0.3331 -0.9327 0.1381
vn -0.3053 -0.9020 0.3054
vn -0.5119 -0.6897 0.5121
vn -0.6693 -0.6893 0.2773
vn -0.5958 -0.5387 0.5957
vn -0.8496 -0.3929 0.3518
vn -0.6835 -0.2556 0.6837
vn -0.9135 -0.1497 0.3783
vn -0.7040 -0.0949 0.7038
vn -0.7056 -0.0683 0.7054
vn -0.7064 -0.0448 0.7063
vn -0.9230 -0.0448 0.3822
vn -0.7067 -0.0403 0.7064
vn -0.9232 -0.0389 0.3824
vn -0.2551 -0.9327 0.2550
vn -0.1655 -0.9019 0.3989
vn -0.4066 -0.8178 0.4072
vn -0.2771 -0.6896 0.6690
vn -0.3223 -0.5388 0.7784
vn -0.6503 -0.3926 0.6504
vn -0.3700 -0.2556 0.8932
vn -0.3783 -0.1499 0.9135
vn -0.6991 -0.1498 0.6991
vn -0.3810 -0.0950 0.9197
vn -0.3818 -0.0683 0.9217
vn -0.7062 -0.0534 0.7060
vn -0.3822 -0.0448 0.9230
vn -0.3823 -0.0403 0.9232
vn -0.7066 -0.0389 0.7066
vn -0.0001 -0.9327 0.3607
vn -0.1381 -0.9327 0.3332
vn -0.0000 -0.9020 0.4318
vn -0.2205 -0.8178 0.5316
vn -0.0001 -0.8177 0.5756
vn -0.0001 -0.6895 0.7243
vn -0.0001 -0.3929 0.9196
vn -0.3519 -0.3927 0.8497
vn -0.0001 -0.1498 0.9887
vn -0.0000 -0.0683 0.9977
vn -0.0000 -0.0533 0.9986
vn -0.3822 -0.0533 0.9226
vn -0.0000 -0.0403 0.9992
vn -0.3822 -0.0389 0.9232
vn 0.1652 -0.9020 0.3989
vn 0.2204 -0.8178 0.5316
vn 0.2771 -0.6896 0.6691
vn -0.0001 -0.5388 0.8424
vn 0.3223 -0.5388 0.7783
vn 0.3700 -0.2556 0.8932
vn -0.0001 -0.2556 0.9668
vn 0.3783 -0.1498 0.9135
vn -0.0001 -0.0950 0.9955
vn 0.3817 -0.0683 0.9218
vn 0.3820 -0.0533 0.9226
vn -0.0001 -0.0447 0.9990
vn 0.3823 -0.0448 0.9230
vn 0.3822 -0.0388 0.9233
vn -0.0000 -0.0389 0.9992
vn 0.2551 -0.9326 0.2551
vn 0.1381 -0.9326 0.3335
vn 0.3053 -0.9019 0.3054
vn 0.4069 -0.8178 0.4070
vn 0.5957 -0.5387 0.5958
vn 0.3518 -0.3927 0.8497
vn 0.6502 -0.3929 0.6503
vn 0.6835 -0.2556 0.6837
vn 0.7039 -0.0950 0.7039
vn 0.3810 -0.0950 0.9197
vn 0.7055 -0.0683 0.7054
vn 0.7061 -0.0534 0.7061
vn 0.7064 -0.0448 0.7064
vn 0.3823 -0.0403 0.9232
vn 0.7066 -0.0389 0.7065
vn 0.3330 -0.9327 0.1381
vn 0.5318 -0.8177 0.2204
vn 0.5121 -0.6896 0.5120
vn 0.7784 -0.5386 0.3225
vn 0.8496 -0.3930 0.3518
vn 0.9135 -0.1497 0.3784
vn 0.6991 -0.1497 0.6991
vn 0.9197 -0.0950 0.3810
vn 0.9226 -0.0533 0.3821
vn 0.9230 -0.0448 0.3823
vn 0.7066 -0.0404 0.7064
vn 0.9232 -0.0389 0.3824
vn 0.3990 -0.9019 0.1652
vn 0.6690 -0.6897 0.2772
vn 0.8932 -0.2556 0.3700
vn 0.9218 -0.0682 0.3817
vn 0.9231 -0.0403 0.3823
vn 0.3605 -0.9328 -0.0001
vn 0.6689 -0.6897 -0.2772
vn 0.7782 -0.5387 -0.3227
vn 0.8426 -0.5385 -0.0000
vn 0.8495 -0.3929 -0.3521
vn 0.9197 -0.3927 -0.0000
vn 0.9887 -0.1497 -0.0001
vn 0.9197 -0.0950 -0.3810
vn 0.9231 -0.0403 -0.3823
vn 0.9232 -0.0389 -0.3824
vn 0.9992 -0.0389 -0.0001
vn 0.2551 -0.9328 -0.2545
vn 0.5318 -0.8177 -0.2204
vn 0.5122 -0.6896 -0.5121
vn 0.7039 -0.0950 -0.7039
vn 0.7065 -0.0403 -0.7066
vn 0.2770 -0.6897 -0.6691
vn 0.5957 -0.5385 -0.5959
vn 0.3809 -0.0948 -0.9197
vn -0.0001 -0.8179 -0.5754
vn -0.0001 -0.6897 -0.7241
vn 0.3224 -0.5385 -0.7785
vn 0.3698 -0.2558 -0.8932
vn -0.1379 -0.9327 -0.3332
vn -0.0002 -0.9326 -0.3610
vn -0.1651 -0.9020 -0.3990
vn -0.0000 -0.2559 -0.9667
vn -0.3809 -0.0949 -0.9197
vn -0.3818 -0.0683 -0.9217
vn -0.3823 -0.0448 -0.9230
vn -0.3825 -0.0389 -0.9232
vn -0.3054 -0.9020 -0.3053
vn -0.4066 -0.8179 -0.4072
vn -0.2201 -0.8177 -0.5318
vn -0.6992 -0.1497 -0.6990
vn -0.2552 -0.9328 -0.2543
vn -0.3988 -0.9020 -0.1652
vn -0.5315 -0.8179 -0.2203
vn -0.7785 -0.5385 -0.3223
vn -0.9135 -0.1497 -0.3783
vn -0.9218 -0.0683 -0.3817
vn -0.3605 -0.9328 -0.0001
vn -0.3329 -0.9328 -0.1380
vn -0.5753 -0.8180 -0.0000
vn -0.7242 -0.6896 -0.0001
vn -0.6693 -0.6894 -0.2773
vn -0.9196 -0.3929 -0.0000
vn -0.9668 -0.2557 -0.0000
vn -0.9198 -0.0950 -0.3807
vn -0.9986 -0.0533 -0.0000
vn -0.9232 -0.0389 -0.3824
vn -0.3989 -0.9020 0.1652
vn -0.5315 -0.8179 0.2203
vn -0.6692 -0.6894 0.2773
vn -0.8427 -0.5383 -0.0001
vn -0.7785 -0.5385 0.3224
vn -0.8932 -0.2556 0.3700
vn -0.9226 -0.0533 0.3820
vn -0.3332 -0.9327 0.1381
vn -0.3056 -0.9019 0.3054
vn -0.4066 -0.8179 0.4071
vn -0.7040 -0.0949 0.7039
vn -0.7055 -0.0683 0.7054
vn -0.7062 -0.0533 0.7060
vn -0.2552 -0.9327 0.2550
vn -0.6502 -0.3927 0.6504
vn -0.7065 -0.0448 0.7063
vn -0.0001 -0.9327 0.3608
vn -0.1381 -0.9327 0.3333
vn -0.0000 -0.9020 0.4317
vn -0.0000 -0.6894 0.7244
vn 0.1652 -0.9020 0.3988
vn 0.3223 -0.5389 0.7783
vn 0.3811 -0.0950 0.9197
vn -0.0001 -0.0949 0.9955
vn 0.3817 -0.0682 0.9218
vn 0.3821 -0.0533 0.9226
vn 0.3822 -0.0389 0.9233
vn 0.2551 -0.9326 0.2552
vn 0.3053 -0.9020 0.3054
vn 0.3823 -0.0404 0.9232
vn 0.3331 -0.9327 0.1382
vn 0.5121 -0.6896 0.5121
vn 0.7782 -0.5387 0.3226
vn 0.8496 -0.3929 0.3519
vn 0.6991 -0.1497 0.6992
vn 0.9197 -0.0950 0.3811
vn 0.6689 -0.6897 0.2772
vn 0.4317 -0.9020 -0.0000
vn 0.7240 -0.6897 -0.0000
vn 0.9135 -0.1496 -0.3784
vn 0.9887 -0.1497 -0.0000
vn 0.9955 -0.0950 -0.0000
vn 0.9217 -0.0683 -0.3818
vn 0.2553 -0.9328 -0.2545
vn 0.3328 -0.9328 -0.1380
vn 0.3052 -0.9020 -0.3054
vn 0.5121 -0.6896 -0.5121
vn 0.1378 -0.9327 -0.3333
vn 0.2201 -0.8178 -0.5317
vn 0.3518 -0.3927 -0.8497
vn 0.3784 -0.1497 -0.9134
vn -0.0000 -0.5384 -0.8427
vn -0.3519 -0.3926 -0.8497
vn -0.3819 -0.0683 -0.9217
vn -0.3824 -0.0389 -0.9232
vn -0.2202 -0.8177 -0.5318
vn -0.6993 -0.1497 -0.6990
vn -0.7054 -0.0682 -0.7056
vn -0.3822 -0.0534 -0.9226
vn -0.7064 -0.0448 -0.7063
vn -0.2553 -0.9328 -0.2543
vn -0.7039 -0.0950 -0.7040
vn -0.7066 -0.0402 -0.7065
vn -0.3330 -0.9328 -0.1380
vn -0.5752 -0.8180 -0.0000
vn -0.9887 -0.1497 -0.0000
vn -0.4317 -0.9020 -0.0000
vn -0.5316 -0.8179 0.2202
vn -0.6692 -0.6894 0.2774
vn -0.9232 -0.0403 0.3823
vn -0.3054 -0.9019 0.3054
vn -0.2550 -0.9327 0.2550
vn -0.3783 -0.1499 0.9134
vn -0.3809 -0.0950 0.9197
vn -0.3819 -0.0683 0.9217
vn -0.0000 -0.1498 0.9887
vn -0.3822 -0.0389 0.9233
vn 0.1651 -0.9020 0.3988
vn -0.0000 -0.5388 0.8425
vn -0.0000 -0.0950 0.9955
vn -0.0000 -0.0447 0.9990
vn 0.2550 -0.9327 0.2552
vn 0.3519 -0.3927 0.8497
vn 0.6502 -0.3928 0.6503
vn 0.7055 -0.0683 0.7055
vn 0.7066 -0.0389 0.7066
vn 0.7783 -0.5387 0.3226
vn 0.7067 -0.0403 0.7064
vn 0.9887 -0.1496 -0.0000
vn 0.9226 -0.0533 -0.3822
vn 0.2552 -0.9328 -0.2544
vn -0.0001 -0.9019 -0.4319
vn -0.0001 -0.6896 -0.7242
vn -0.0001 -0.0449 -0.9990
vn -0.2201 -0.8178 -0.5317
vn -0.2770 -0.6898 -0.6690
vn -0.3519 -0.3926 -0.8498
vn -0.3824 -0.0388 -0.9232
vn -0.1652 -0.9019 -0.3990
vn -0.6503 -0.3926 -0.6504
vn -0.5316 -0.8178 -0.2203
vn -0.8496 -0.3929 -0.3520
vn -0.8426 -0.5385 -0.0000
vn -0.9196 -0.3928 -0.0000
vn -0.9887 -0.1496 -0.0001
vn -0.7784 -0.5386 0.3224
vn -0.8496 -0.3929 0.3519
vn -0.3055 -0.9019 0.3053
vn -0.7064 -0.0448 0.7064
vn -0.0000 -0.6895 0.7243
vn -0.0000 -0.0682 0.9977
vn -0.3822 -0.0533 0.9225
vn -0.0000 -0.0534 0.9986
vn 0.1653 -0.9020 0.3989
vn 0.3699 -0.2556 0.8932
vn 0.2550 -0.9327 0.2551
vn 0.4068 -0.8178 0.4070
vn 0.3330 -0.9328 0.1381
vn 0.3053 -0.9019 0.3056
vn 0.7067 -0.0404 0.7064
vt 0.455000 0.297808
vt 0.464900 0.323082
vt 0.464900 0.297808
vt 0.475200 0.297808
vt 0.486200 0.323082
vt 0.486200 0.297808
vt 0.498900 0.323082
vt 0.498900 0.297808
vt 0.514100 0.323082
vt 0.514100 0.297808
vt 0.532800 0.323082
vt 0.532800 0.297808
vt 0.560500 0.323082
vt 0.560500 0.297808
vt 0.600600 0.297808
vt 0.600600 0.323082
vt 0.651200 0.297808
vt 0.651200 0.323082
vt 0.710200 0.297808
vt 0.710200 0.323082
vt 0.775600 0.297808
vt 0.845200 0.323082
vt 0.845200 0.297808
vt 0.916900 0.323082
vt 0.916900 0.297808
vt 0.455000 0.348356
vt 0.455000 0.323082
vt 0.464900 0.348356
vt 0.475200 0.323082
vt 0.486200 0.348356
vt 0.514100 0.348356
vt 0.560500 0.348356
vt 0.600600 0.348356
vt 0.710200 0.348356
vt 0.775600 0.323082
vt 0.845200 0.348356
vt 0.916900 0.348356
vt 0.455000 0.373630
vt 0.475200 0.373630
vt 0.475200 0.348356
vt 0.486200 0.373630
vt 0.498900 0.348356
vt 0.514100 0.373630
vt 0.532800 0.348356
vt 0.560500 0.373630
vt 0.600600 0.373630
vt 0.651200 0.348356
vt 0.710200 0.373630
vt 0.775600 0.348356
vt 0.845200 0.373630
vt 0.464900 0.398904
vt 0.464900 0.373630
vt 0.475200 0.398904
vt 0.486200 0.398904
vt 0.498900 0.398904
vt 0.498900 0.373630
vt 0.514100 0.398904
vt 0.532800 0.373630
vt 0.560500 0.398904
vt 0.600600 0.398904
vt 0.651200 0.373630
vt 0.710200 0.398904
vt 0.775600 0.398904
vt 0.775600 0.373630
vt 0.845200 0.398904
vt 0.916900 0.373630
vt 0.455000 0.424178
vt 0.455000 0.398904
vt 0.464900 0.424178
vt 0.475200 0.424178
vt 0.486200 0.424178
vt 0.514100 0.424178
vt 0.532800 0.424178
vt 0.532800 0.398904
vt 0.560500 0.424178
vt 0.600600 0.424178
vt 0.651200 0.398904
vt 0.651200 0.424178
vt 0.775600 0.424178
vt 0.916900 0.424178
vt 0.916900 0.398904
vt 0.464900 0.449452
vt 0.475200 0.449452
vt 0.486200 0.449452
vt 0.498900 0.424178
vt 0.514100 0.449452
vt 0.532800 0.449452
vt 0.560500 0.449452
vt 0.651200 0.449452
vt 0.710200 0.424178
vt 0.775600 0.449452
vt 0.845200 0.424178
vt 0.916900 0.449452
vt 0.455000 0.449452
vt 0.464900 0.474726
vt 0.475200 0.474726
vt 0.498900 0.474726
vt 0.498900 0.449452
vt 0.514100 0.474726
vt 0.532800 0.474726
vt 0.560500 0.474726
vt 0.600600 0.449452
vt 0.651200 0.474726
vt 0.710200 0.449452
vt 0.775600 0.474726
vt 0.845200 0.449452
vt 0.845200 0.474726
vt 0.455000 0.500000
vt 0.455000 0.474726
vt 0.475200 0.500000
vt 0.486200 0.500000
vt 0.486200 0.474726
vt 0.498900 0.500000
vt 0.514100 0.500000
vt 0.532800 0.500000
vt 0.560500 0.500000
vt 0.600600 0.474726
vt 0.651200 0.500000
vt 0.710200 0.474726
vt 0.775600 0.500000
vt 0.845200 0.500000
vt 0.916900 0.474726
vt 0.464900 0.525274
vt 0.464900 0.500000
vt 0.475200 0.525274
vt 0.498900 0.525274
vt 0.532800 0.525274
vt 0.600600 0.525274
vt 0.600600 0.500000
vt 0.651200 0.525274
vt 0.710200 0.500000
vt 0.710200 0.525274
vt 0.845200 0.525274
vt 0.916900 0.500000
vt 0.455000 0.525274
vt 0.464900 0.550548
vt 0.486200 0.550548
vt 0.486200 0.525274
vt 0.498900 0.550548
vt 0.514100 0.525274
vt 0.532800 0.550548
vt 0.560500 0.525274
vt 0.600600 0.550548
vt 0.651200 0.550548
vt 0.775600 0.550548
vt 0.775600 0.525274
vt 0.845200 0.550548
vt 0.916900 0.525274
vt 0.455000 0.550548
vt 0.464900 0.575822
vt 0.475200 0.550548
vt 0.486200 0.575822
vt 0.498900 0.575822
vt 0.514100 0.550548
vt 0.532800 0.575822
vt 0.560500 0.575822
vt 0.560500 0.550548
vt 0.600600 0.575822
vt 0.651200 0.575822
vt 0.710200 0.550548
vt 0.775600 0.575822
vt 0.845200 0.575822
vt 0.916900 0.550548
vt 0.455000 0.601096
vt 0.455000 0.575822
vt 0.464900 0.601096
vt 0.475200 0.575822
vt 0.475200 0.601096
vt 0.486200 0.601096
vt 0.514100 0.601096
vt 0.514100 0.575822
vt 0.560500 0.601096
vt 0.651200 0.601096
vt 0.710200 0.601096
vt 0.710200 0.575822
vt 0.845200 0.601096
vt 0.916900 0.575822
vt 0.464900 0.626370
vt 0.475200 0.626370
vt 0.486200 0.626370
vt 0.498900 0.601096
vt 0.498900 0.626370
vt 0.532800 0.626370
vt 0.532800 0.601096
vt 0.560500 0.626370
vt 0.600600 0.601096
vt 0.651200 0.626370
vt 0.710200 0.626370
vt 0.775600 0.601096
vt 0.775600 0.626370
vt 0.916900 0.626370
vt 0.916900 0.601096
vt 0.455000 0.651644
vt 0.455000 0.626370
vt 0.464900 0.651644
vt 0.475200 0.651644
vt 0.498900 0.651644
vt 0.514100 0.626370
vt 0.514100 0.651644
vt 0.532800 0.651644
vt 0.600600 0.651644
vt 0.600600 0.626370
vt 0.651200 0.651644
vt 0.710200 0.651644
vt 0.775600 0.651644
vt 0.845200 0.626370
vt 0.916900 0.651644
vt 0.455000 0.676918
vt 0.475200 0.676918
vt 0.486200 0.651644
vt 0.498900 0.676918
vt 0.514100 0.676918
vt 0.560500 0.676918
vt 0.560500 0.651644
vt 0.600600 0.676918
vt 0.710200 0.676918
vt 0.775600 0.676918
vt 0.845200 0.651644
vt 0.916900 0.676918
vt 0.455000 0.702192
vt 0.464900 0.676918
vt 0.475200 0.702192
vt 0.486200 0.676918
vt 0.486200 0.702192
vt 0.514100 0.702192
vt 0.532800 0.676918
vt 0.560500 0.702192
vt 0.600600 0.702192
vt 0.651200 0.676918
vt 0.710200 0.702192
vt 0.775600 0.702192
vt 0.845200 0.676918
vt 0.916900 0.702192
vt 0.498900 0.702192
vt 0.464900 0.702192
vt 0.532800 0.702192
vt 0.651200 0.702192
vt 0.845200 0.702192
s 1
f 2/1/1 3/2/2 4/3/3
f 3/2/2 6/4/4 4/3/3
f 6/4/4 7/5/5 8/6/6
f 8/6/6 9/7/7 10/8/8
f 10/8/8 11/9/9 12/10/10
f 12/10/10 13/11/11 14/12/12
f 14/12/12 15/13/13 16/14/14
f 15/13/13 18/15/15 16/14/14
f 17/16/16 20/17/17 18/15/15
f 19/18/18 22/19/19 20/17/17
f 21/20/20 24/21/21 22/19/19
f 24/21/21 25/22/22 26/23/23
f 26/23/23 27/24/24 28/25/25
f 29/26/26 3/2/2 1/27/27
f 30/28/28 5/29/29 3/2/2
f 5/29/29 32/30/30 7/5/5
f 32/30/30 9/7/7 7/5/5
f 9/7/7 34/31/31 11/9/9
f 34/31/31 13/11/11 11/9/9
f 13/11/11 36/32/32 15/13/13
f 36/32/32 17/16/16 15/13/13
f 37/33/33 19/18/18 17/16/16
f 19/18/18 39/34/34 21/20/20
f 39/34/34 23/35/35 21/20/20
f 23/35/35 41/36/36 25/22/22
f 25/22/22 42/37/37 27/24/24
f 43/38/38 30/28/28 29/26/26
f 30/28/28 45/39/39 31/40/40
f 31/40/40 46/41/41 32/30/30
f 46/41/41 33/42/42 32/30/30
f 33/42/42 48/43/43 34/31/31
f 48/43/43 35/44/44 34/31/31
f 35/44/44 50/45/45 36/32/32
f 50/45/45 37/33/33 36/32/32
f 51/46/46 38/47/47 37/33/33
f 38/47/47 53/48/48 39/34/34
f 53/48/48 40/49/49 39/34/34
f 40/49/49 55/50/50 41/36/36
f 55/50/50 42/37/37 41/36/36
f 43/38/38 58/51/51 44/52/52
f 44/52/52 59/53/53 45/39/39
f 45/39/39 60/54/54 46/41/41
f 46/41/41 61/55/55 47/56/56
f 47/56/56 62/57/57 48/43/43
f 62/57/57 49/58/58 48/43/43
f 49/58/58 64/59/59 50/45/45
f 50/45/45 65/60/60 51/46/46
f 65/60/60 52/61/61 51/46/46
f 52/61/61 67/62/62 53/48/48
f 53/48/48 68/63/63 54/64/64
f 54/64/64 69/65/65 55/50/50
f 69/65/65 56/66/66 55/50/50
f 71/67/67 58/51/51 57/68/68
f 72/69/69 59/53/53 58/51/51
f 73/70/70 60/54/54 59/53/53
f 74/71/71 61/55/55 60/54/54
f 61/55/55 76/72/72 62/57/57
f 62/57/57 77/73/73 63/74/74
f 77/73/73 64/59/59 63/74/74
f 78/75/75 65/60/60 64/59/59
f 79/76/76 66/77/77 65/60/60
f 80/78/78 67/62/62 66/77/77
f 67/62/62 82/79/79 68/63/63
f 82/79/79 69/65/65 68/63/63
f 69/65/65 84/80/80 70/81/81
f 71/67/67 86/82/82 72/69/69
f 72/69/69 87/83/83 73/70/70
f 87/83/83 74/71/71 73/70/70
f 88/84/84 75/85/85 74/71/71
f 75/85/85 90/86/86 76/72/72
f 76/72/72 91/87/87 77/73/73
f 91/87/87 78/75/75 77/73/73
f 92/88/88 79/76/76 78/75/75
f 79/76/76 94/89/89 80/78/78
f 94/89/89 81/90/90 80/78/78
f 81/90/90 96/91/91 82/79/79
f 96/91/91 83/92/92 82/79/79
f 83/92/92 98/93/93 84/80/80
f 85/94/94 100/95/95 86/82/82
f 86/82/82 101/96/96 87/83/83
f 101/96/96 88/84/84 87/83/83
f 88/84/84 103/97/97 89/98/98
f 89/98/98 104/99/99 90/86/86
f 90/86/86 105/100/100 91/87/87
f 105/100/100 92/88/88 91/87/87
f 106/101/101 93/102/102 92/88/88
f 93/102/102 108/103/103 94/89/89
f 108/103/103 95/104/104 94/89/89
f 95/104/104 110/105/105 96/91/91
f 110/105/105 97/106/106 96/91/91
f 111/107/107 98/93/93 97/106/106
f 113/108/108 100/95/95 99/109/109
f 100/95/95 115/110/110 101/96/96
f 101/96/96 116/111/111 102/112/112
f 102/112/112 117/113/113 103/97/97
f 117/113/113 104/99/99 103/97/97
f 118/114/114 105/100/100 104/99/99
f 119/115/115 106/101/101 105/100/100
f 120/116/116 107/117/117 106/101/101
f 107/117/117 122/118/118 108/103/103
f 122/118/118 109/119/119 108/103/103
f 109/119/119 124/120/120 110/105/105
f 124/120/120 111/107/107 110/105/105
f 125/121/121 112/122/122 111/107/107
f 113/108/108 128/123/123 114/124/124
f 128/123/123 115/110/110 114/124/124
f 129/125/125 116/111/111 115/110/110
f 116/111/111 131/126/126 117/113/113
f 131/126/126 118/114/114 117/113/113
f 118/114/114 133/127/127 119/115/115
f 133/127/127 120/116/116 119/115/115
f 120/116/116 135/128/128 121/129/129
f 121/129/129 136/130/130 122/118/118
f 136/130/130 123/131/131 122/118/118
f 137/132/132 124/120/120 123/131/131
f 124/120/120 139/133/133 125/121/121
f 139/133/133 126/134/134 125/121/121
f 127/135/135 142/136/136 128/123/123
f 142/136/136 129/125/125 128/123/123
f 129/125/125 144/137/137 130/138/138
f 144/137/137 131/126/126 130/138/138
f 145/139/139 132/140/140 131/126/126
f 132/140/140 147/141/141 133/127/127
f 147/141/141 134/142/142 133/127/127
f 134/142/142 149/143/143 135/128/128
f 149/143/143 136/130/130 135/128/128
f 150/144/144 137/132/132 136/130/130
f 137/132/132 152/145/145 138/146/146
f 138/146/146 153/147/147 139/133/133
f 153/147/147 140/148/148 139/133/133
f 141/149/149 156/150/150 142/136/136
f 156/150/150 143/151/151 142/136/136
f 143/151/151 158/152/152 144/137/137
f 144/137/137 159/153/153 145/139/139
f 159/153/153 146/154/154 145/139/139
f 146/154/154 161/155/155 147/141/141
f 147/141/141 162/156/156 148/157/157
f 148/157/157 163/158/158 149/143/143
f 163/158/158 150/144/144 149/143/143
f 164/159/159 151/160/160 150/144/144
f 151/160/160 166/161/161 152/145/145
f 152/145/145 167/162/162 153/147/147
f 167/162/162 154/163/163 153/147/147
f 169/164/164 156/150/150 155/165/165
f 170/166/166 157/167/167 156/150/150
f 171/168/168 158/152/152 157/167/167
f 172/169/169 159/153/153 158/152/152
f 159/153/153 174/170/170 160/171/171
f 174/170/170 161/155/155 160/171/171
f 161/155/155 176/172/172 162/156/156
f 176/172/172 163/158/158 162/156/156
f 163/158/158 178/173/173 164/159/159
f 164/159/159 179/174/174 165/175/175
f 179/174/174 166/161/161 165/175/175
f 166/161/161 181/176/176 167/162/162
f 181/176/176 168/177/177 167/162/162
f 169/164/164 184/178/178 170/166/166
f 170/166/166 185/179/179 171/168/168
f 171/168/168 186/180/180 172/169/169
f 186/180/180 173/181/181 172/169/169
f 187/182/182 174/170/170 173/181/181
f 174/170/170 189/183/183 175/184/184
f 189/183/183 176/172/172 175/184/184
f 190/185/185 177/186/186 176/172/172
f 177/186/186 192/187/187 178/173/173
f 192/187/187 179/174/174 178/173/173
f 193/188/188 180/189/189 179/174/174
f 194/190/190 181/176/176 180/189/189
f 181/176/176 196/191/191 182/192/192
f 197/193/193 184/178/178 183/194/194
f 198/195/195 185/179/179 184/178/178
f 199/196/196 186/180/180 185/179/179
f 186/180/180 201/197/197 187/182/182
f 201/197/197 188/198/198 187/182/182
f 202/199/199 189/183/183 188/198/198
f 203/200/200 190/185/185 189/183/183
f 190/185/185 205/201/201 191/202/202
f 191/202/202 206/203/203 192/187/187
f 192/187/187 207/204/204 193/188/188
f 207/204/204 194/190/190 193/188/188
f 208/205/205 195/206/206 194/190/190
f 195/206/206 210/207/207 196/191/191
f 211/208/208 198/195/195 197/193/193
f 198/195/195 213/209/209 199/196/196
f 213/209/209 200/210/210 199/196/196
f 200/210/210 215/211/211 201/197/197
f 201/197/197 216/212/212 202/199/199
f 216/212/212 203/200/200 202/199/199
f 203/200/200 218/213/213 204/214/214
f 218/213/213 205/201/201 204/214/214
f 219/215/215 206/203/203 205/201/201
f 206/203/203 221/216/216 207/204/204
f 207/204/204 222/217/217 208/205/205
f 222/217/217 209/218/218 208/205/205
f 209/218/218 224/219/219 210/207/207
f 2/220/1 212/221/220 211/208/208
f 212/221/220 6/222/4 213/209/209
f 6/222/4 214/223/221 213/209/209
f 8/224/6 215/211/211 214/223/221
f 215/211/211 12/225/10 216/212/212
f 12/225/10 217/226/222 216/212/212
f 217/226/222 16/227/14 218/213/213
f 16/227/14 219/215/215 218/213/213
f 18/228/15 220/229/223 219/215/215
f 220/229/223 22/230/19 221/216/216
f 221/216/216 24/231/21 222/217/217
f 24/231/21 223/232/224 222/217/217
f 223/232/224 28/233/25 224/219/219
f 226/1/225 227/2/2 228/3/3
f 227/2/2 230/4/4 228/3/3
f 230/4/4 231/5/226 232/6/6
f 232/6/6 233/7/227 234/8/228
f 234/8/228 235/9/229 236/10/230
f 236/10/230 237/11/11 238/12/12
f 238/12/12 239/13/13 240/14/231
f 240/14/231 241/16/232 242/15/15
f 241/16/232 244/17/17 242/15/15
f 243/18/18 246/19/19 244/17/17
f 245/20/20 248/21/21 246/19/19
f 248/21/21 249/22/233 250/23/23
f 250/23/23 251/24/234 252/25/235
f 253/26/236 227/2/2 225/27/27
f 254/28/28 229/29/237 227/2/2
f 229/29/237 256/30/238 231/5/226
f 256/30/238 233/7/227 231/5/226
f 233/7/227 258/31/31 235/9/229
f 258/31/31 237/11/11 235/9/229
f 237/11/11 260/32/32 239/13/13
f 260/32/32 241/16/232 239/13/13
f 261/33/239 243/18/18 241/16/232
f 243/18/18 263/34/34 245/20/20
f 263/34/34 247/35/35 245/20/20
f 247/35/35 265/36/240 249/22/233
f 249/22/233 266/37/37 251/24/234
f 267/38/38 254/28/28 253/26/236
f 254/28/28 269/39/39 255/40/40
f 255/40/40 270/41/241 256/30/238
f 270/41/241 257/42/242 256/30/238
f 257/42/242 272/43/43 258/31/31
f 272/43/43 259/44/44 258/31/31
f 259/44/44 274/45/45 260/32/32
f 274/45/45 261/33/239 260/32/32
f 275/46/243 262/47/47 261/33/239
f 262/47/47 277/48/48 263/34/34
f 277/48/48 264/49/49 263/34/34
f 264/49/49 279/50/50 265/36/240
f 279/50/50 266/37/37 265/36/240
f 267/38/38 282/51/51 268/52/52
f 268/52/52 283/53/244 269/39/39
f 269/39/39 284/54/245 270/41/241
f 270/41/241 285/55/55 271/56/246
f 271/56/246 286/57/57 272/43/43
f 286/57/57 273/58/247 272/43/43
f 273/58/247 288/59/59 274/45/45
f 274/45/45 289/60/60 275/46/243
f 289/60/60 276/61/61 275/46/243
f 276/61/61 291/62/62 277/48/48
f 291/62/62 278/64/64 277/48/48
f 278/64/64 293/65/65 279/50/50
f 293/65/65 280/66/66 279/50/50
f 295/67/248 282/51/51 281/68/249
f 296/69/250 283/53/244 282/51/51
f 283/53/244 298/71/71 284/54/245
f 298/71/71 285/55/55 284/54/245
f 285/55/55 300/72/72 286/57/57
f 286/57/57 301/73/73 287/74/251
f 287/74/251 302/75/75 288/59/59
f 302/75/75 289/60/60 288/59/59
f 303/76/252 290/77/77 289/60/60
f 304/78/253 291/62/62 290/77/77
f 291/62/62 306/79/254 292/63/63
f 306/79/254 293/65/65 292/63/63
f 293/65/65 308/80/255 294/81/81
f 295/67/248 310/82/256 296/69/250
f 296/69/250 311/83/257 297/70/258
f 311/83/257 298/71/71 297/70/258
f 312/84/84 299/85/85 298/71/71
f 299/85/85 314/86/86 300/72/72
f 300/72/72 315/87/87 301/73/73
f 315/87/87 302/75/75 301/73/73
f 316/88/259 303/76/252 302/75/75
f 303/76/252 318/89/89 304/78/253
f 318/89/89 305/90/90 304/78/253
f 305/90/90 320/91/91 306/79/254
f 320/91/91 307/92/92 306/79/254
f 307/92/92 322/93/93 308/80/255
f 309/94/260 324/95/261 310/82/256
f 324/95/261 311/83/257 310/82/256
f 325/96/262 312/84/84 311/83/257
f 312/84/84 327/97/263 313/98/98
f 313/98/98 328/99/99 314/86/86
f 314/86/86 329/100/100 315/87/87
f 329/100/100 316/88/259 315/87/87
f 330/101/264 317/102/102 316/88/259
f 317/102/102 332/103/265 318/89/89
f 332/103/265 319/104/104 318/89/89
f 319/104/104 334/105/105 320/91/91
f 334/105/105 321/106/106 320/91/91
f 335/107/107 322/93/93 321/106/106
f 337/108/266 324/95/261 323/109/267
f 324/95/261 339/110/268 325/96/262
f 325/96/262 340/111/269 326/112/270
f 340/111/269 327/97/263 326/112/270
f 327/97/263 342/114/271 328/99/99
f 342/114/271 329/100/100 328/99/99
f 343/115/272 330/101/264 329/100/100
f 344/116/116 331/117/273 330/101/264
f 331/117/273 346/118/118 332/103/265
f 332/103/265 347/131/274 333/119/119
f 333/119/119 348/120/120 334/105/105
f 348/120/120 335/107/107 334/105/105
f 349/121/121 336/122/275 335/107/107
f 337/108/266 352/123/276 338/124/124
f 352/123/276 339/110/268 338/124/124
f 353/125/277 340/111/269 339/110/268
f 354/138/278 341/113/279 340/111/269
f 355/126/280 342/114/271 341/113/279
f 342/114/271 357/127/281 343/115/272
f 357/127/281 344/116/116 343/115/272
f 344/116/116 359/128/128 345/129/129
f 345/129/129 360/130/130 346/118/118
f 360/130/130 347/131/274 346/118/118
f 361/132/282 348/120/120 347/131/274
f 348/120/120 363/133/133 349/121/121
f 363/133/133 350/134/134 349/121/121
f 351/135/283 366/136/284 352/123/276
f 352/123/276 367/151/285 353/125/277
f 353/125/277 368/137/137 354/138/278
f 368/137/137 355/126/280 354/138/278
f 369/139/139 356/140/140 355/126/280
f 356/140/140 371/141/141 357/127/281
f 371/141/141 358/142/142 357/127/281
f 358/142/142 373/143/286 359/128/128
f 373/143/286 360/130/130 359/128/128
f 374/144/287 361/132/282 360/130/130
f 375/160/288 362/146/146 361/132/282
f 362/146/146 377/147/147 363/133/133
f 377/147/147 364/148/148 363/133/133
f 365/149/289 380/150/150 366/136/284
f 380/150/150 367/151/285 366/136/284
f 367/151/285 382/152/152 368/137/137
f 368/137/137 383/153/153 369/139/139
f 383/153/153 370/154/290 369/139/139
f 370/154/290 385/155/155 371/141/141
f 371/141/141 386/156/156 372/157/157
f 372/157/157 387/158/158 373/143/286
f 387/158/158 374/144/287 373/143/286
f 388/159/159 375/160/288 374/144/287
f 375/160/288 390/161/161 376/145/291
f 376/145/291 391/162/162 377/147/147
f 391/162/162 378/163/163 377/147/147
f 393/164/292 380/150/150 379/165/293
f 394/166/294 381/167/167 380/150/150
f 395/168/168 382/152/152 381/167/167
f 396/169/295 383/153/153 382/152/152
f 383/153/153 398/170/170 384/171/171
f 398/170/170 385/155/155 384/171/171
f 385/155/155 400/172/172 386/156/156
f 400/172/172 387/158/158 386/156/156
f 387/158/158 402/173/173 388/159/159
f 388/159/159 403/174/174 389/175/175
f 403/174/174 390/161/161 389/175/175
f 390/161/161 405/176/176 391/162/162
f 405/176/176 392/177/177 391/162/162
f 393/164/292 408/178/296 394/166/294
f 394/166/294 409/179/179 395/168/168
f 395/168/168 410/180/180 396/169/295
f 410/180/180 397/181/181 396/169/295
f 411/182/297 398/170/170 397/181/181
f 398/170/170 413/183/183 399/184/184
f 413/183/183 400/172/172 399/184/184
f 400/172/172 415/202/298 401/186/299
f 401/186/299 416/187/300 402/173/173
f 416/187/300 403/174/174 402/173/173
f 417/188/301 404/189/189 403/174/174
f 418/190/190 405/176/176 404/189/189
f 405/176/176 420/191/302 406/192/192
f 421/193/303 408/178/296 407/194/194
f 422/195/304 409/179/179 408/178/296
f 423/196/196 410/180/180 409/179/179
f 410/180/180 425/197/197 411/182/297
f 425/197/197 412/198/198 411/182/297
f 426/199/199 413/183/183 412/198/198
f 427/200/200 414/185/185 413/183/183
f 414/185/185 429/201/201 415/202/298
f 415/202/298 430/203/203 416/187/300
f 430/203/203 417/188/301 416/187/300
f 431/204/204 418/190/190 417/188/301
f 432/205/205 419/206/305 418/190/190
f 419/206/305 434/207/207 420/191/302
f 435/208/306 422/195/304 421/193/303
f 422/195/304 437/209/209 423/196/196
f 437/209/209 424/210/307 423/196/196
f 424/210/307 439/211/308 425/197/197
f 425/197/197 440/212/309 426/199/199
f 440/212/309 427/200/200 426/199/199
f 427/200/200 442/213/213 428/214/310
f 442/213/213 429/201/201 428/214/310
f 443/215/311 430/203/203 429/201/201
f 430/203/203 445/216/216 431/204/204
f 431/204/204 446/217/217 432/205/205
f 446/217/217 433/218/218 432/205/205
f 433/218/218 448/219/219 434/207/207
f 226/220/225 436/221/220 435/208/306
f 436/221/220 230/222/4 437/209/209
f 230/222/4 438/223/312 437/209/209
f 232/224/6 439/211/308 438/223/312
f 234/234/228 440/212/309 439/211/308
f 236/225/230 441/226/222 440/212/309
f 441/226/222 240/227/231 442/213/213
f 240/227/231 443/215/311 442/213/213
f 242/228/15 444/229/223 443/215/311
f 444/229/223 246/230/19 445/216/216
f 445/216/216 248/231/21 446/217/217
f 248/231/21 447/232/224 446/217/217
f 447/232/224 252/233/235 448/219/219
f 450/1/1 451/2/2 452/3/313
f 451/2/2 454/4/4 452/3/313
f 454/4/4 455/5/226 456/6/314
f 456/6/314 457/7/227 458/8/228
f 458/8/228 459/9/229 460/10/230
f 460/10/230 461/11/11 462/12/12
f 462/12/12 463/13/315 464/14/316
f 464/14/316 465/16/16 466/15/317
f 465/16/16 468/17/17 466/15/317
f 467/18/318 470/19/19 468/17/17
f 469/20/20 472/21/21 470/19/19
f 472/21/21 473/22/233 474/23/23
f 474/23/23 475/24/234 476/25/25
f 477/26/319 451/2/2 449/27/320
f 478/28/321 453/29/237 451/2/2
f 453/29/237 480/30/322 455/5/226
f 480/30/322 457/7/227 455/5/226
f 457/7/227 482/31/31 459/9/229
f 482/31/31 461/11/11 459/9/229
f 461/11/11 484/32/32 463/13/315
f 484/32/32 465/16/16 463/13/315
f 485/33/239 467/18/318 465/16/16
f 467/18/318 487/34/34 469/20/20
f 487/34/34 471/35/35 469/20/20
f 471/35/35 489/36/36 473/22/233
f 473/22/233 490/37/37 475/24/234
f 491/38/323 478/28/321 477/26/319
f 478/28/321 493/39/324 479/40/40
f 479/40/40 494/41/241 480/30/322
f 494/41/241 481/42/242 480/30/322
f 481/42/242 496/43/325 482/31/31
f 496/43/325 483/44/44 482/31/31
f 483/44/44 498/45/326 484/32/32
f 498/45/326 485/33/239 484/32/32
f 499/46/243 486/47/47 485/33/239
f 486/47/47 501/48/48 487/34/34
f 501/48/48 488/49/49 487/34/34
f 488/49/49 503/50/50 489/36/36
f 503/50/50 490/37/37 489/36/36
f 491/38/323 506/51/51 492/52/52
f 492/52/52 507/53/244 493/39/324
f 493/39/324 508/54/245 494/41/241
f 494/41/241 509/55/327 495/56/246
f 495/56/246 510/57/57 496/43/325
f 510/57/57 497/58/247 496/43/325
f 497/58/247 512/59/59 498/45/326
f 498/45/326 513/60/60 499/46/243
f 513/60/60 500/61/61 499/46/243
f 500/61/61 515/62/62 501/48/48
f 515/62/62 502/64/64 501/48/48
f 502/64/64 517/65/65 503/50/50
f 517/65/65 504/66/66 503/50/50
f 519/67/248 506/51/51 505/68/249
f 520/69/250 507/53/244 506/51/51
f 507/53/244 522/71/71 508/54/245
f 522/71/71 509/55/327 508/54/245
f 509/55/327 524/72/328 510/57/57
f 510/57/57 525/73/73 511/74/74
f 511/74/74 526/75/75 512/59/59
f 526/75/75 513/60/60 512/59/59
f 527/76/252 514/77/77 513/60/60
f 528/78/329 515/62/62 514/77/77
f 515/62/62 530/79/254 516/63/63
f 530/79/254 517/65/65 516/63/63
f 517/65/65 532/80/330 518/81/81
f 519/67/248 534/82/256 520/69/250
f 520/69/250 535/83/257 521/70/331
f 535/83/257 522/71/71 521/70/331
f 536/84/84 523/85/85 522/71/71
f 523/85/85 538/86/86 524/72/328
f 524/72/328 539/87/87 525/73/73
f 539/87/87 526/75/75 525/73/73
f 540/88/332 527/76/252 526/75/75
f 527/76/252 542/89/333 528/78/329
f 542/89/333 529/90/334 528/78/329
f 529/90/334 544/91/335 530/79/254
f 544/91/335 531/92/92 530/79/254
f 531/92/92 546/93/93 532/80/330
f 533/94/336 548/95/261 534/82/256
f 548/95/261 535/83/257 534/82/256
f 549/96/262 536/84/84 535/83/257
f 536/84/84 551/97/263 537/98/98
f 537/98/98 552/99/99 538/86/86
f 538/86/86 553/100/100 539/87/87
f 553/100/100 540/88/332 539/87/87
f 554/101/101 541/102/337 540/88/332
f 541/102/337 556/103/265 542/89/333
f 556/103/265 543/104/104 542/89/333
f 543/104/104 558/105/105 544/91/335
f 558/105/105 545/106/338 544/91/335
f 559/107/107 546/93/93 545/106/338
f 561/108/266 548/95/261 547/109/339
f 548/95/261 563/110/340 549/96/262
f 549/96/262 564/111/269 550/112/270
f 564/111/269 551/97/263 550/112/270
f 551/97/263 566/114/271 552/99/99
f 566/114/271 553/100/100 552/99/99
f 567/115/272 554/101/101 553/100/100
f 568/116/341 555/117/117 554/101/101
f 555/117/117 570/118/118 556/103/265
f 556/103/265 571/131/274 557/119/119
f 557/119/119 572/120/120 558/105/105
f 572/120/120 559/107/107 558/105/105
f 573/121/121 560/122/275 559/107/107
f 561/108/266 576/123/123 562/124/342
f 576/123/123 563/110/340 562/124/342
f 577/125/343 564/111/269 563/110/340
f 578/138/344 565/113/279 564/111/269
f 579/126/280 566/114/271 565/113/279
f 566/114/271 581/127/281 567/115/272
f 581/127/281 568/116/341 567/115/272
f 568/116/341 583/128/128 569/129/129
f 569/129/129 584/130/130 570/118/118
f 584/130/130 571/131/274 570/118/118
f 585/132/282 572/120/120 571/131/274
f 572/120/120 587/133/345 573/121/121
f 587/133/345 574/134/134 573/121/121
f 575/135/283 590/136/346 576/123/123
f 590/136/346 577/125/343 576/123/123
f 577/125/343 592/137/137 578/138/344
f 592/137/137 579/126/280 578/138/344
f 593/139/139 580/140/140 579/126/280
f 580/140/140 595/141/141 581/127/281
f 595/141/141 582/142/142 581/127/281
f 582/142/142 597/143/286 583/128/128
f 597/143/286 584/130/130 583/128/128
f 598/144/287 585/132/282 584/130/130
f 599/160/288 586/146/146 585/132/282
f 586/146/146 601/147/147 587/133/345
f 601/147/147 588/148/148 587/133/345
f 589/149/347 604/150/150 590/136/346
f 604/150/150 591/151/151 590/136/346
f 591/151/151 606/152/152 592/137/137
f 592/137/137 607/153/153 593/139/139
f 607/153/153 594/154/290 593/139/139
f 594/154/290 609/155/155 595/141/141
f 595/141/141 610/156/348 596/157/157
f 596/157/157 611/158/349 597/143/286
f 611/158/349 598/144/287 597/143/286
f 612/159/350 599/160/288 598/144/287
f 599/160/288 614/161/161 600/145/145
f 600/145/145 615/162/162 601/147/147
f 615/162/162 602/163/163 601/147/147
f 617/164/292 604/150/150 603/165/293
f 618/166/294 605/167/167 604/150/150
f 619/168/168 606/152/152 605/167/167
f 620/169/295 607/153/153 606/152/152
f 607/153/153 622/170/170 608/171/171
f 622/170/170 609/155/155 608/171/171
f 609/155/155 624/172/351 610/156/348
f 624/172/351 611/158/349 610/156/348
f 611/158/349 626/173/173 612/159/350
f 612/159/350 627/174/174 613/175/175
f 627/174/174 614/161/161 613/175/175
f 614/161/161 629/176/176 615/162/162
f 629/176/176 616/177/352 615/162/162
f 617/164/292 632/178/353 618/166/294
f 618/166/294 633/179/179 619/168/168
f 619/168/168 634/180/180 620/169/295
f 634/180/180 621/181/354 620/169/295
f 635/182/297 622/170/170 621/181/354
f 622/170/170 637/183/183 623/184/184
f 637/183/183 624/172/351 623/184/184
f 638/185/185 625/186/355 624/172/351
f 625/186/355 640/187/300 626/173/173
f 640/187/300 627/174/174 626/173/173
f 641/188/188 628/189/356 627/174/174
f 642/190/190 629/176/176 628/189/356
f 629/176/176 644/191/302 630/192/192
f 645/193/357 632/178/353 631/194/194
f 646/195/195 633/179/179 632/178/353
f 647/196/196 634/180/180 633/179/179
f 634/180/180 649/197/197 635/182/297
f 649/197/197 636/198/358 635/182/297
f 650/199/359 637/183/183 636/198/358
f 651/200/200 638/185/185 637/183/183
f 638/185/185 653/201/201 639/202/298
f 639/202/298 654/203/360 640/187/300
f 654/203/360 641/188/188 640/187/300
f 655/204/204 642/190/190 641/188/188
f 656/205/205 643/206/206 642/190/190
f 643/206/206 658/207/361 644/191/302
f 659/208/306 646/195/195 645/193/357
f 646/195/195 661/209/209 647/196/196
f 661/209/209 648/210/307 647/196/196
f 648/210/307 663/211/362 649/197/197
f 663/211/362 650/199/359 649/197/197
f 664/212/309 651/200/200 650/199/359
f 651/200/200 666/213/213 652/214/310
f 666/213/213 653/201/201 652/214/310
f 667/215/311 654/203/360 653/201/201
f 654/203/360 669/216/216 655/204/204
f 655/204/204 670/217/217 656/205/205
f 670/217/217 657/218/363 656/205/205
f 657/218/363 672/219/219 658/207/361
f 450/220/1 660/221/220 659/208/306
f 660/221/220 454/222/4 661/209/209
f 454/222/4 662/223/312 661/209/209
f 456/224/314 663/211/362 662/223/312
f 458/234/228 664/212/309 663/211/362
f 460/225/230 665/226/222 664/212/309
f 665/226/222 464/227/316 666/213/213
f 464/227/316 667/215/311 666/213/213
f 466/228/317 668/229/223 667/215/311
f 668/229/223 470/230/19 669/216/216
f 669/216/216 472/231/21 670/217/217
f 472/231/21 671/232/224 670/217/217
f 671/232/224 476/233/25 672/219/219
f 674/1/1 675/2/2 676/3/313
f 675/2/2 678/4/4 676/3/313
f 678/4/4 679/5/5 680/6/314
f 680/6/314 681/7/7 682/8/8
f 682/8/8 683/9/9 684/10/10
f 684/10/10 685/11/11 686/12/12
f 686/12/12 687/13/13 688/14/364
f 688/14/364 689/16/16 690/15/317
f 689/16/16 692/17/17 690/15/317
f 691/18/18 694/19/19 692/17/17
f 693/20/365 696/21/21 694/19/19
f 696/21/21 697/22/22 698/23/23
f 698/23/23 699/24/24 700/25/25
f 701/26/366 675/2/2 673/27/320
f 702/28/321 677/29/237 675/2/2
f 677/29/237 704/30/322 679/5/5
f 704/30/322 681/7/7 679/5/5
f 681/7/7 706/31/31 683/9/9
f 706/31/31 685/11/11 683/9/9
f 685/11/11 708/32/32 687/13/13
f 708/32/32 689/16/16 687/13/13
f 709/33/239 691/18/18 689/16/16
f 691/18/18 711/34/34 693/20/365
f 711/34/34 695/35/35 693/20/365
f 695/35/35 713/36/36 697/22/22
f 697/22/22 714/37/37 699/24/24
f 715/38/38 702/28/321 701/26/366
f 702/28/321 717/39/324 703/40/40
f 703/40/40 718/41/41 704/30/322
f 718/41/41 705/42/42 704/30/322
f 705/42/42 720/43/325 706/31/31
f 720/43/325 707/44/44 706/31/31
f 707/44/44 722/45/326 708/32/32
f 722/45/326 709/33/239 708/32/32
f 723/46/46 710/47/47 709/33/239
f 710/47/47 725/48/48 711/34/34
f 725/48/48 712/49/49 711/34/34
f 712/49/49 727/50/50 713/36/36
f 727/50/50 714/37/37 713/36/36
f 715/38/38 730/51/367 716/52/52
f 716/52/52 731/53/53 717/39/324
f 717/39/324 732/54/368 718/41/41
f 718/41/41 733/55/327 719/56/246
f 719/56/246 734/57/57 720/43/325
f 734/57/57 721/58/58 720/43/325
f 721/58/58 736/59/59 722/45/326
f 722/45/326 737/60/60 723/46/46
f 737/60/60 724/61/61 723/46/46
f 724/61/61 739/62/62 725/48/48
f 725/48/48 740/63/369 726/64/64
f 726/64/64 741/65/65 727/50/50
f 741/65/65 728/66/66 727/50/50
f 743/67/248 730/51/367 729/68/68
f 730/51/367 745/70/370 731/53/53
f 745/70/370 732/54/368 731/53/53
f 746/71/371 733/55/327 732/54/368
f 733/55/327 748/72/372 734/57/57
f 734/57/57 749/73/73 735/74/74
f 749/73/73 736/59/59 735/74/74
f 750/75/75 737/60/60 736/59/59
f 751/76/76 738/77/77 737/60/60
f 752/78/78 739/62/62 738/77/77
f 739/62/62 754/79/79 740/63/369
f 754/79/79 741/65/65 740/63/369
f 741/65/65 756/80/373 742/81/81
f 743/67/248 758/82/82 744/69/374
f 744/69/374 759/83/83 745/70/370
f 759/83/83 746/71/371 745/70/370
f 760/84/84 747/85/85 746/71/371
f 747/85/85 762/86/375 748/72/372
f 748/72/372 763/87/87 749/73/73
f 763/87/87 750/75/75 749/73/73
f 764/88/88 751/76/76 750/75/75
f 751/76/76 766/89/89 752/78/78
f 766/89/89 753/90/334 752/78/78
f 753/90/334 768/91/335 754/79/79
f 768/91/335 755/92/92 754/79/79
f 755/92/92 770/93/93 756/80/373
f 757/94/260 772/95/95 758/82/82
f 758/82/82 773/96/376 759/83/83
f 773/96/376 760/84/84 759/83/83
f 760/84/84 775/97/97 761/98/98
f 761/98/98 776/99/377 762/86/375
f 762/86/375 777/100/100 763/87/87
f 777/100/100 764/88/88 763/87/87
f 778/101/101 765/102/102 764/88/88
f 765/102/102 780/103/103 766/89/89
f 780/103/103 767/104/104 766/89/89
f 767/104/104 782/105/105 768/91/335
f 782/105/105 769/106/338 768/91/335
f 783/107/107 770/93/93 769/106/338
f 785/108/108 772/95/95 771/109/267
f 772/95/95 787/110/268 773/96/376
f 773/96/376 788/111/111 774/112/112
f 774/112/112 789/113/378 775/97/97
f 789/113/378 776/99/377 775/97/97
f 790/114/379 777/100/100 776/99/377
f 791/115/115 778/101/101 777/100/100
f 792/116/380 779/117/117 778/101/101
f 779/117/117 794/118/118 780/103/103
f 794/118/118 781/119/119 780/103/103
f 781/119/119 796/120/120 782/105/105
f 796/120/120 783/107/107 782/105/105
f 797/121/121 784/122/122 783/107/107
f 785/108/108 800/123/276 786/124/342
f 800/123/276 787/110/268 786/124/342
f 801/125/277 788/111/111 787/110/268
f 788/111/111 803/126/381 789/113/378
f 789/113/378 804/140/382 790/114/379
f 790/114/379 805/127/127 791/115/115
f 805/127/127 792/116/380 791/115/115
f 792/116/380 807/128/128 793/129/129
f 793/129/129 808/130/130 794/118/118
f 808/130/130 795/131/131 794/118/118
f 809/132/132 796/120/120 795/131/131
f 796/120/120 811/133/133 797/121/121
f 811/133/133 798/134/134 797/121/121
f 799/135/135 814/136/383 800/123/276
f 800/123/276 815/151/151 801/125/277
f 801/125/277 816/137/137 802/138/138
f 816/137/137 803/126/381 802/138/138
f 817/139/139 804/140/382 803/126/381
f 804/140/382 819/141/141 805/127/127
f 819/141/141 806/142/142 805/127/127
f 806/142/142 821/143/286 807/128/128
f 821/143/286 808/130/130 807/128/128
f 822/144/287 809/132/132 808/130/130
f 809/132/132 824/145/384 810/146/146
f 810/146/146 825/147/147 811/133/133
f 825/147/147 812/148/148 811/133/133
f 813/149/347 828/150/150 814/136/383
f 828/150/150 815/151/151 814/136/383
f 815/151/151 830/152/152 816/137/137
f 816/137/137 831/153/153 817/139/139
f 831/153/153 818/154/154 817/139/139
f 818/154/154 833/155/155 819/141/141
f 819/141/141 834/156/156 820/157/157
f 820/157/157 835/158/158 821/143/286
f 835/158/158 822/144/287 821/143/286
f 836/159/350 823/160/160 822/144/287
f 823/160/160 838/161/161 824/145/384
f 824/145/384 839/162/162 825/147/147
f 839/162/162 826/163/163 825/147/147
f 841/164/164 828/150/150 827/165/165
f 842/166/166 829/167/167 828/150/150
f 843/168/168 830/152/152 829/167/167
f 844/169/385 831/153/153 830/152/152
f 831/153/153 846/170/170 832/171/171
f 846/170/170 833/155/155 832/171/171
f 833/155/155 848/172/351 834/156/156
f 848/172/351 835/158/158 834/156/156
f 835/158/158 850/173/386 836/159/350
f 850/173/386 837/175/387 836/159/350
f 851/174/388 838/161/161 837/175/387
f 838/161/161 853/176/176 839/162/162
f 853/176/176 840/177/352 839/162/162
f 841/164/164 856/178/389 842/166/166
f 842/166/166 857/179/179 843/168/168
f 843/168/168 858/180/180 844/169/385
f 858/180/180 845/181/181 844/169/385
f 859/182/182 846/170/170 845/181/181
f 846/170/170 861/183/390 847/184/184
f 861/183/390 848/172/351 847/184/184
f 862/185/185 849/186/355 848/172/351
f 849/186/355 864/187/187 850/173/386
f 850/173/386 865/188/188 851/174/388
f 865/188/188 852/189/356 851/174/388
f 866/190/190 853/176/176 852/189/356
f 853/176/176 868/191/302 854/192/192
f 869/193/391 856/178/389 855/194/194
f 856/178/389 871/196/392 857/179/179
f 871/196/392 858/180/180 857/179/179
f 858/180/180 873/197/197 859/182/182
f 873/197/197 860/198/358 859/182/182
f 874/199/199 861/183/390 860/198/358
f 875/200/200 862/185/185 861/183/390
f 862/185/185 877/201/201 863/202/202
f 863/202/202 878/203/360 864/187/187
f 864/187/187 879/204/204 865/188/188
f 879/204/204 866/190/190 865/188/188
f 880/205/205 867/206/206 866/190/190
f 867/206/206 882/207/361 868/191/302
f 883/208/393 870/195/394 869/193/391
f 870/195/394 885/209/209 871/196/392
f 885/209/209 872/210/210 871/196/392
f 872/210/210 887/211/211 873/197/197
f 873/197/197 888/212/212 874/199/199
f 888/212/212 875/200/200 874/199/199
f 875/200/200 890/213/213 876/214/214
f 890/213/213 877/201/201 876/214/214
f 891/215/215 878/203/360 877/201/201
f 878/203/360 893/216/216 879/204/204
f 879/204/204 894/217/217 880/205/205
f 894/217/217 881/218/395 880/205/205
f 881/218/395 896/219/219 882/207/361
f 674/220/1 884/221/220 883/208/393
f 884/221/220 678/222/4 885/209/209
f 678/222/4 886/223/312 885/209/209
f 680/224/314 887/211/211 886/223/312
f 887/211/211 684/225/10 888/212/212
f 684/225/10 889/226/222 888/212/212
f 889/226/222 688/227/364 890/213/213
f 890/213/213 690/228/317 891/215/215
f 690/228/317 892/229/223 891/215/215
f 892/229/223 694/230/19 893/216/216
f 893/216/216 696/231/21 894/217/217
f 696/231/21 895/232/224 894/217/217
f 895/232/224 700/233/25 896/219/219
f 2/1/1 1/27/27 3/2/2
f 3/2/2 5/29/29 6/4/4
f 6/4/4 5/29/29 7/5/5
f 8/6/6 7/5/5 9/7/7
f 10/8/8 9/7/7 11/9/9
f 12/10/10 11/9/9 13/11/11
f 14/12/12 13/11/11 15/13/13
f 15/13/13 17/16/16 18/15/15
f 17/16/16 19/18/18 20/17/17
f 19/18/18 21/20/20 22/19/19
f 21/20/20 23/35/35 24/21/21
f 24/21/21 23/35/35 25/22/22
f 26/23/23 25/22/22 27/24/24
f 29/26/26 30/28/28 3/2/2
f 30/28/28 31/40/40 5/29/29
f 5/29/29 31/40/40 32/30/30
f 32/30/30 33/42/42 9/7/7
f 9/7/7 33/42/42 34/31/31
f 34/31/31 35/44/44 13/11/11
f 13/11/11 35/44/44 36/32/32
f 36/32/32 37/33/33 17/16/16
f 37/33/33 38/47/47 19/18/18
f 19/18/18 38/47/47 39/34/34
f 39/34/34 40/49/49 23/35/35
f 23/35/35 40/49/49 41/36/36
f 25/22/22 41/36/36 42/37/37
f 43/38/38 44/52/52 30/28/28
f 30/28/28 44/52/52 45/39/39
f 31/40/40 45/39/39 46/41/41
f 46/41/41 47/56/56 33/42/42
f 33/42/42 47/56/56 48/43/43
f 48/43/43 49/58/58 35/44/44
f 35/44/44 49/58/58 50/45/45
f 50/45/45 51/46/46 37/33/33
f 51/46/46 52/61/61 38/47/47
f 38/47/47 52/61/61 53/48/48
f 53/48/48 54/64/64 40/49/49
f 40/49/49 54/64/64 55/50/50
f 55/50/50 56/66/66 42/37/37
f 43/38/38 57/68/68 58/51/51
f 44/52/52 58/51/51 59/53/53
f 45/39/39 59/53/53 60/54/54
f 46/41/41 60/54/54 61/55/55
f 47/56/56 61/55/55 62/57/57
f 62/57/57 63/74/74 49/58/58
f 49/58/58 63/74/74 64/59/59
f 50/45/45 64/59/59 65/60/60
f 65/60/60 66/77/77 52/61/61
f 52/61/61 66/77/77 67/62/62
f 53/48/48 67/62/62 68/63/63
f 54/64/64 68/63/63 69/65/65
f 69/65/65 70/81/81 56/66/66
f 71/67/67 72/69/69 58/51/51
f 72/69/69 73/70/70 59/53/53
f 73/70/70 74/71/71 60/54/54
f 74/71/71 75/85/85 61/55/55
f 61/55/55 75/85/85 76/72/72
f 62/57/57 76/72/72 77/73/73
f 77/73/73 78/75/75 64/59/59
f 78/75/75 79/76/76 65/60/60
f 79/76/76 80/78/78 66/77/77
f 80/78/78 81/90/90 67/62/62
f 67/62/62 81/90/90 82/79/79
f 82/79/79 83/92/92 69/65/65
f 69/65/65 83/92/92 84/80/80
f 71/67/67 85/94/94 86/82/82
f 72/69/69 86/82/82 87/83/83
f 87/83/83 88/84/84 74/71/71
f 88/84/84 89/98/98 75/85/85
f 75/85/85 89/98/98 90/86/86
f 76/72/72 90/86/86 91/87/87
f 91/87/87 92/88/88 78/75/75
f 92/88/88 93/102/102 79/76/76
f 79/76/76 93/102/102 94/89/89
f 94/89/89 95/104/104 81/90/90
f 81/90/90 95/104/104 96/91/91
f 96/91/91 97/106/106 83/92/92
f 83/92/92 97/106/106 98/93/93
f 85/94/94 99/109/109 100/95/95
f 86/82/82 100/95/95 101/96/96
f 101/96/96 102/112/112 88/84/84
f 88/84/84 102/112/112 103/97/97
f 89/98/98 103/97/97 104/99/99
f 90/86/86 104/99/99 105/100/100
f 105/100/100 106/101/101 92/88/88
f 106/101/101 107/117/117 93/102/102
f 93/102/102 107/117/117 108/103/103
f 108/103/103 109/119/119 95/104/104
f 95/104/104 109/119/119 110/105/105
f 110/105/105 111/107/107 97/106/106
f 111/107/107 112/122/122 98/93/93
f 113/108/108 114/124/124 100/95/95
f 100/95/95 114/124/124 115/110/110
f 101/96/96 115/110/110 116/111/111
f 102/112/112 116/111/111 117/113/113
f 117/113/113 118/114/114 104/99/99
f 118/114/114 119/115/115 105/100/100
f 119/115/115 120/116/116 106/101/101
f 120/116/116 121/129/129 107/117/117
f 107/117/117 121/129/129 122/118/118
f 122/118/118 123/131/131 109/119/119
f 109/119/119 123/131/131 124/120/120
f 124/120/120 125/121/121 111/107/107
f 125/121/121 126/134/134 112/122/122
f 113/108/108 127/135/135 128/123/123
f 128/123/123 129/125/125 115/110/110
f 129/125/125 130/138/138 116/111/111
f 116/111/111 130/138/138 131/126/126
f 131/126/126 132/140/140 118/114/114
f 118/114/114 132/140/140 133/127/127
f 133/127/127 134/142/142 120/116/116
f 120/116/116 134/142/142 135/128/128
f 121/129/129 135/128/128 136/130/130
f 136/130/130 137/132/132 123/131/131
f 137/132/132 138/146/146 124/120/120
f 124/120/120 138/146/146 139/133/133
f 139/133/133 140/148/148 126/134/134
f 127/135/135 141/149/149 142/136/136
f 142/136/136 143/151/151 129/125/125
f 129/125/125 143/151/151 144/137/137
f 144/137/137 145/139/139 131/126/126
f 145/139/139 146/154/154 132/140/140
f 132/140/140 146/154/154 147/141/141
f 147/141/141 148/157/157 134/142/142
f 134/142/142 148/157/157 149/143/143
f 149/143/143 150/144/144 136/130/130
f 150/144/144 151/160/160 137/132/132
f 137/132/132 151/160/160 152/145/145
f 138/146/146 152/145/145 153/147/147
f 153/147/147 154/163/163 140/148/148
f 141/149/149 155/165/165 156/150/150
f 156/150/150 157/167/167 143/151/151
f 143/151/151 157/167/167 158/152/152
f 144/137/137 158/152/152 159/153/153
f 159/153/153 160/171/171 146/154/154
f 146/154/154 160/171/171 161/155/155
f 147/141/141 161/155/155 162/156/156
f 148/157/157 162/156/156 163/158/158
f 163/158/158 164/159/159 150/144/144
f 164/159/159 165/175/175 151/160/160
f 151/160/160 165/175/175 166/161/161
f 152/145/145 166/161/161 167/162/162
f 167/162/162 168/177/177 154/163/163
f 169/164/164 170/166/166 156/150/150
f 170/166/166 171/168/168 157/167/167
f 171/168/168 172/169/169 158/152/152
f 172/169/169 173/181/181 159/153/153
f 159/153/153 173/181/181 174/170/170
f 174/170/170 175/184/184 161/155/155
f 161/155/155 175/184/184 176/172/172
f 176/172/172 177/186/186 163/158/158
f 163/158/158 177/186/186 178/173/173
f 164/159/159 178/173/173 179/174/174
f 179/174/174 180/189/189 166/161/161
f 166/161/161 180/189/189 181/176/176
f 181/176/176 182/192/192 168/177/177
f 169/164/164 183/194/194 184/178/178
f 170/166/166 184/178/178 185/179/179
f 171/168/168 185/179/179 186/180/180
f 186/180/180 187/182/182 173/181/181
f 187/182/182 188/198/198 174/170/170
f 174/170/170 188/198/198 189/183/183
f 189/183/183 190/185/185 176/172/172
f 190/185/185 191/202/202 177/186/186
f 177/186/186 191/202/202 192/187/187
f 192/187/187 193/188/188 179/174/174
f 193/188/188 194/190/190 180/189/189
f 194/190/190 195/206/206 181/176/176
f 181/176/176 195/206/206 196/191/191
f 197/193/193 198/195/195 184/178/178
f 198/195/195 199/196/196 185/179/179
f 199/196/196 200/210/210 186/180/180
f 186/180/180 200/210/210 201/197/197
f 201/197/197 202/199/199 188/198/198
f 202/199/199 203/200/200 189/183/183
f 203/200/200 204/214/214 190/185/185
f 190/185/185 204/214/214 205/201/201
f 191/202/202 205/201/201 206/203/203
f 192/187/187 206/203/203 207/204/204
f 207/204/204 208/205/205 194/190/190
f 208/205/205 209/218/218 195/206/206
f 195/206/206 209/218/218 210/207/207
f 211/208/208 212/221/220 198/195/195
f 198/195/195 212/221/220 213/209/209
f 213/209/209 214/223/221 200/210/210
f 200/210/210 214/223/221 215/211/211
f 201/197/197 215/211/211 216/212/212
f 216/212/212 217/226/222 203/200/200
f 203/200/200 217/226/222 218/213/213
f 218/213/213 219/215/215 205/201/201
f 219/215/215 220/229/223 206/203/203
f 206/203/203 220/229/223 221/216/216
f 207/204/204 221/216/216 222/217/217
f 222/217/217 223/232/224 209/218/218
f 209/218/218 223/232/224 224/219/219
f 2/220/1 4/235/3 212/221/220
f 212/221/220 4/235/3 6/222/4
f 6/222/4 8/224/6 214/223/221
f 8/224/6 10/234/8 215/211/211
f 215/211/211 10/234/8 12/225/10
f 12/225/10 14/236/12 217/226/222
f 217/226/222 14/236/12 16/227/14
f 16/227/14 18/228/15 219/215/215
f 18/228/15 20/237/17 220/229/223
f 220/229/223 20/237/17 22/230/19
f 221/216/216 22/230/19 24/231/21
f 24/231/21 26/238/23 223/232/224
f 223/232/224 26/238/23 28/233/25
f 226/1/225 225/27/27 227/2/2
f 227/2/2 229/29/237 230/4/4
f 230/4/4 229/29/237 231/5/226
f 232/6/6 231/5/226 233/7/227
f 234/8/228 233/7/227 235/9/229
f 236/10/230 235/9/229 237/11/11
f 238/12/12 237/11/11 239/13/13
f 240/14/231 239/13/13 241/16/232
f 241/16/232 243/18/18 244/17/17
f 243/18/18 245/20/20 246/19/19
f 245/20/20 247/35/35 248/21/21
f 248/21/21 247/35/35 249/22/233
f 250/23/23 249/22/233 251/24/234
f 253/26/236 254/28/28 227/2/2
f 254/28/28 255/40/40 229/29/237
f 229/29/237 255/40/40 256/30/238
f 256/30/238 257/42/242 233/7/227
f 233/7/227 257/42/242 258/31/31
f 258/31/31 259/44/44 237/11/11
f 237/11/11 259/44/44 260/32/32
f 260/32/32 261/33/239 241/16/232
f 261/33/239 262/47/47 243/18/18
f 243/18/18 262/47/47 263/34/34
f 263/34/34 264/49/49 247/35/35
f 247/35/35 264/49/49 265/36/240
f 249/22/233 265/36/240 266/37/37
f 267/38/38 268/52/52 254/28/28
f 254/28/28 268/52/52 269/39/39
f 255/40/40 269/39/39 270/41/241
f 270/41/241 271/56/246 257/42/242
f 257/42/242 271/56/246 272/43/43
f 272/43/43 273/58/247 259/44/44
f 259/44/44 273/58/247 274/45/45
f 274/45/45 275/46/243 261/33/239
f 275/46/243 276/61/61 262/47/47
f 262/47/47 276/61/61 277/48/48
f 277/48/48 278/64/64 264/49/49
f 264/49/49 278/64/64 279/50/50
f 279/50/50 280/66/66 266/37/37
f 267/38/38 281/68/249 282/51/51
f 268/52/52 282/51/51 283/53/244
f 269/39/39 283/53/244 284/54/245
f 270/41/241 284/54/245 285/55/55
f 271/56/246 285/55/55 286/57/57
f 286/57/57 287/74/251 273/58/247
f 273/58/247 287/74/251 288/59/59
f 274/45/45 288/59/59 289/60/60
f 289/60/60 290/77/77 276/61/61
f 276/61/61 290/77/77 291/62/62
f 291/62/62 292/63/63 278/64/64
f 278/64/64 292/63/63 293/65/65
f 293/65/65 294/81/81 280/66/66
f 295/67/248 296/69/250 282/51/51
f 296/69/250 297/70/258 283/53/244
f 283/53/244 297/70/258 298/71/71
f 298/71/71 299/85/85 285/55/55
f 285/55/55 299/85/85 300/72/72
f 286/57/57 300/72/72 301/73/73
f 287/74/251 301/73/73 302/75/75
f 302/75/75 303/76/252 289/60/60
f 303/76/252 304/78/253 290/77/77
f 304/78/253 305/90/90 291/62/62
f 291/62/62 305/90/90 306/79/254
f 306/79/254 307/92/92 293/65/65
f 293/65/65 307/92/92 308/80/255
f 295/67/248 309/94/260 310/82/256
f 296/69/250 310/82/256 311/83/257
f 311/83/257 312/84/84 298/71/71
f 312/84/84 313/98/98 299/85/85
f 299/85/85 313/98/98 314/86/86
f 300/72/72 314/86/86 315/87/87
f 315/87/87 316/88/259 302/75/75
f 316/88/259 317/102/102 303/76/252
f 303/76/252 317/102/102 318/89/89
f 318/89/89 319/104/104 305/90/90
f 305/90/90 319/104/104 320/91/91
f 320/91/91 321/106/106 307/92/92
f 307/92/92 321/106/106 322/93/93
f 309/94/260 323/109/267 324/95/261
f 324/95/261 325/96/262 311/83/257
f 325/96/262 326/112/270 312/84/84
f 312/84/84 326/112/270 327/97/263
f 313/98/98 327/97/263 328/99/99
f 314/86/86 328/99/99 329/100/100
f 329/100/100 330/101/264 316/88/259
f 330/101/264 331/117/273 317/102/102
f 317/102/102 331/117/273 332/103/265
f 332/103/265 333/119/119 319/104/104
f 319/104/104 333/119/119 334/105/105
f 334/105/105 335/107/107 321/106/106
f 335/107/107 336/122/275 322/93/93
f 337/108/266 338/124/124 324/95/261
f 324/95/261 338/124/124 339/110/268
f 325/96/262 339/110/268 340/111/269
f 340/111/269 341/113/279 327/97/263
f 327/97/263 341/113/279 342/114/271
f 342/114/271 343/115/272 329/100/100
f 343/115/272 344/116/116 330/101/264
f 344/116/116 345/129/129 331/117/273
f 331/117/273 345/129/129 346/118/118
f 332/103/265 346/118/118 347/131/274
f 333/119/119 347/131/274 348/120/120
f 348/120/120 349/121/121 335/107/107
f 349/121/121 350/134/134 336/122/275
f 337/108/266 351/135/283 352/123/276
f 352/123/276 353/125/277 339/110/268
f 353/125/277 354/138/278 340/111/269
f 354/138/278 355/126/280 341/113/279
f 355/126/280 356/140/140 342/114/271
f 342/114/271 356/140/140 357/127/281
f 357/127/281 358/142/142 344/116/116
f 344/116/116 358/142/142 359/128/128
f 345/129/129 359/128/128 360/130/130
f 360/130/130 361/132/282 347/131/274
f 361/132/282 362/146/146 348/120/120
f 348/120/120 362/146/146 363/133/133
f 363/133/133 364/148/148 350/134/134
f 351/135/283 365/149/289 366/136/284
f 352/123/276 366/136/284 367/151/285
f 353/125/277 367/151/285 368/137/137
f 368/137/137 369/139/139 355/126/280
f 369/139/139 370/154/290 356/140/140
f 356/140/140 370/154/290 371/141/141
f 371/141/141 372/157/157 358/142/142
f 358/142/142 372/157/157 373/143/286
f 373/143/286 374/144/287 360/130/130
f 374/144/287 375/160/288 361/132/282
f 375/160/288 376/145/291 362/146/146
f 362/146/146 376/145/291 377/147/147
f 377/147/147 378/163/163 364/148/148
f 365/149/289 379/165/293 380/150/150
f 380/150/150 381/167/167 367/151/285
f 367/151/285 381/167/167 382/152/152
f 368/137/137 382/152/152 383/153/153
f 383/153/153 384/171/171 370/154/290
f 370/154/290 384/171/171 385/155/155
f 371/141/141 385/155/155 386/156/156
f 372/157/157 386/156/156 387/158/158
f 387/158/158 388/159/159 374/144/287
f 388/159/159 389/175/175 375/160/288
f 375/160/288 389/175/175 390/161/161
f 376/145/291 390/161/161 391/162/162
f 391/162/162 392/177/177 378/163/163
f 393/164/292 394/166/294 380/150/150
f 394/166/294 395/168/168 381/167/167
f 395/168/168 396/169/295 382/152/152
f 396/169/295 397/181/181 383/153/153
f 383/153/153 397/181/181 398/170/170
f 398/170/170 399/184/184 385/155/155
f 385/155/155 399/184/184 400/172/172
f 400/172/172 401/186/299 387/158/158
f 387/158/158 401/186/299 402/173/173
f 388/159/159 402/173/173 403/174/174
f 403/174/174 404/189/189 390/161/161
f 390/161/161 404/189/189 405/176/176
f 405/176/176 406/192/192 392/177/177
f 393/164/292 407/194/194 408/178/296
f 394/166/294 408/178/296 409/179/179
f 395/168/168 409/179/179 410/180/180
f 410/180/180 411/182/297 397/181/181
f 411/182/297 412/198/198 398/170/170
f 398/170/170 412/198/198 413/183/183
f 413/183/183 414/185/185 400/172/172
f 400/172/172 414/185/185 415/202/298
f 401/186/299 415/202/298 416/187/300
f 416/187/300 417/188/301 403/174/174
f 417/188/301 418/190/190 404/189/189
f 418/190/190 419/206/305 405/176/176
f 405/176/176 419/206/305 420/191/302
f 421/193/303 422/195/304 408/178/296
f 422/195/304 423/196/196 409/179/179
f 423/196/196 424/210/307 410/180/180
f 410/180/180 424/210/307 425/197/197
f 425/197/197 426/199/199 412/198/198
f 426/199/199 427/200/200 413/183/183
f 427/200/200 428/214/310 414/185/185
f 414/185/185 428/214/310 429/201/201
f 415/202/298 429/201/201 430/203/203
f 430/203/203 431/204/204 417/188/301
f 431/204/204 432/205/205 418/190/190
f 432/205/205 433/218/218 419/206/305
f 419/206/305 433/218/218 434/207/207
f 435/208/306 436/221/220 422/195/304
f 422/195/304 436/221/220 437/209/209
f 437/209/209 438/223/312 424/210/307
f 424/210/307 438/223/312 439/211/308
f 425/197/197 439/211/308 440/212/309
f 440/212/309 441/226/222 427/200/200
f 427/200/200 441/226/222 442/213/213
f 442/213/213 443/215/311 429/201/201
f 443/215/311 444/229/223 430/203/203
f 430/203/203 444/229/223 445/216/216
f 431/204/204 445/216/216 446/217/217
f 446/217/217 447/232/224 433/218/218
f 433/218/218 447/232/224 448/219/219
f 226/220/225 228/235/3 436/221/220
f 436/221/220 228/235/3 230/222/4
f 230/222/4 232/224/6 438/223/312
f 232/224/6 234/234/228 439/211/308
f 234/234/228 236/225/230 440/212/309
f 236/225/230 238/236/12 441/226/222
f 441/226/222 238/236/12 240/227/231
f 240/227/231 242/228/15 443/215/311
f 242/228/15 244/237/17 444/229/223
f 444/229/223 244/237/17 246/230/19
f 445/216/216 246/230/19 248/231/21
f 248/231/21 250/238/23 447/232/224
f 447/232/224 250/238/23 252/233/235
f 450/1/1 449/27/320 451/2/2
f 451/2/2 453/29/237 454/4/4
f 454/4/4 453/29/237 455/5/226
f 456/6/314 455/5/226 457/7/227
f 458/8/228 457/7/227 459/9/229
f 460/10/230 459/9/229 461/11/11
f 462/12/12 461/11/11 463/13/315
f 464/14/316 463/13/315 465/16/16
f 465/16/16 467/18/318 468/17/17
f 467/18/318 469/20/20 470/19/19
f 469/20/20 471/35/35 472/21/21
f 472/21/21 471/35/35 473/22/233
f 474/23/23 473/22/233 475/24/234
f 477/26/319 478/28/321 451/2/2
f 478/28/321 479/40/40 453/29/237
f 453/29/237 479/40/40 480/30/322
f 480/30/322 481/42/242 457/7/227
f 457/7/227 481/42/242 482/31/31
f 482/31/31 483/44/44 461/11/11
f 461/11/11 483/44/44 484/32/32
f 484/32/32 485/33/239 465/16/16
f 485/33/239 486/47/47 467/18/318
f 467/18/318 486/47/47 487/34/34
f 487/34/34 488/49/49 471/35/35
f 471/35/35 488/49/49 489/36/36
f 473/22/233 489/36/36 490/37/37
f 491/38/323 492/52/52 478/28/321
f 478/28/321 492/52/52 493/39/324
f 479/40/40 493/39/324 494/41/241
f 494/41/241 495/56/246 481/42/242
f 481/42/242 495/56/246 496/43/325
f 496/43/325 497/58/247 483/44/44
f 483/44/44 497/58/247 498/45/326
f 498/45/326 499/46/243 485/33/239
f 499/46/243 500/61/61 486/47/47
f 486/47/47 500/61/61 501/48/48
f 501/48/48 502/64/64 488/49/49
f 488/49/49 502/64/64 503/50/50
f 503/50/50 504/66/66 490/37/37
f 491/38/323 505/68/249 506/51/51
f 492/52/52 506/51/51 507/53/244
f 493/39/324 507/53/244 508/54/245
f 494/41/241 508/54/245 509/55/327
f 495/56/246 509/55/327 510/57/57
f 510/57/57 511/74/74 497/58/247
f 497/58/247 511/74/74 512/59/59
f 498/45/326 512/59/59 513/60/60
f 513/60/60 514/77/77 500/61/61
f 500/61/61 514/77/77 515/62/62
f 515/62/62 516/63/63 502/64/64
f 502/64/64 516/63/63 517/65/65
f 517/65/65 518/81/81 504/66/66
f 519/67/248 520/69/250 506/51/51
f 520/69/250 521/70/331 507/53/244
f 507/53/244 521/70/331 522/71/71
f 522/71/71 523/85/85 509/55/327
f 509/55/327 523/85/85 524/72/328
f 510/57/57 524/72/328 525/73/73
f 511/74/74 525/73/73 526/75/75
f 526/75/75 527/76/252 513/60/60
f 527/76/252 528/78/329 514/77/77
f 528/78/329 529/90/334 515/62/62
f 515/62/62 529/90/334 530/79/254
f 530/79/254 531/92/92 517/65/65
f 517/65/65 531/92/92 532/80/330
f 519/67/248 533/94/336 534/82/256
f 520/69/250 534/82/256 535/83/257
f 535/83/257 536/84/84 522/71/71
f 536/84/84 537/98/98 523/85/85
f 523/85/85 537/98/98 538/86/86
f 524/72/328 538/86/86 539/87/87
f 539/87/87 540/88/332 526/75/75
f 540/88/332 541/102/337 527/76/252
f 527/76/252 541/102/337 542/89/333
f 542/89/333 543/104/104 529/90/334
f 529/90/334 543/104/104 544/91/335
f 544/91/335 545/106/338 531/92/92
f 531/92/92 545/106/338 546/93/93
f 533/94/336 547/109/339 548/95/261
f 548/95/261 549/96/262 535/83/257
f 549/96/262 550/112/270 536/84/84
f 536/84/84 550/112/270 551/97/263
f 537/98/98 551/97/263 552/99/99
f 538/86/86 552/99/99 553/100/100
f 553/100/100 554/101/101 540/88/332
f 554/101/101 555/117/117 541/102/337
f 541/102/337 555/117/117 556/103/265
f 556/103/265 557/119/119 543/104/104
f 543/104/104 557/119/119 558/105/105
f 558/105/105 559/107/107 545/106/338
f 559/107/107 560/122/275 546/93/93
f 561/108/266 562/124/342 548/95/261
f 548/95/261 562/124/342 563/110/340
f 549/96/262 563/110/340 564/111/269
f 564/111/269 565/113/279 551/97/263
f 551/97/263 565/113/279 566/114/271
f 566/114/271 567/115/272 553/100/100
f 567/115/272 568/116/341 554/101/101
f 568/116/341 569/129/129 555/117/117
f 555/117/117 569/129/129 570/118/118
f 556/103/265 570/118/118 571/131/274
f 557/119/119 571/131/274 572/120/120
f 572/120/120 573/121/121 559/107/107
f 573/121/121 574/134/134 560/122/275
f 561/108/266 575/135/283 576/123/123
f 576/123/123 577/125/343 563/110/340
f 577/125/343 578/138/344 564/111/269
f 578/138/344 579/126/280 565/113/279
f 579/126/280 580/140/140 566/114/271
f 566/114/271 580/140/140 581/127/281
f 581/127/281 582/142/142 568/116/341
f 568/116/341 582/142/142 583/128/128
f 569/129/129 583/128/128 584/130/130
f 584/130/130 585/132/282 571/131/274
f 585/132/282 586/146/146 572/120/120
f 572/120/120 586/146/146 587/133/345
f 587/133/345 588/148/148 574/134/134
f 575/135/283 589/149/347 590/136/346
f 590/136/346 591/151/151 577/125/343
f 577/125/343 591/151/151 592/137/137
f 592/137/137 593/139/139 579/126/280
f 593/139/139 594/154/290 580/140/140
f 580/140/140 594/154/290 595/141/141
f 595/141/141 596/157/157 582/142/142
f 582/142/142 596/157/157 597/143/286
f 597/143/286 598/144/287 584/130/130
f 598/144/287 599/160/288 585/132/282
f 599/160/288 600/145/145 586/146/146
f 586/146/146 600/145/145 601/147/147
f 601/147/147 602/163/163 588/148/148
f 589/149/347 603/165/293 604/150/150
f 604/150/150 605/167/167 591/151/151
f 591/151/151 605/167/167 606/152/152
f 592/137/137 606/152/152 607/153/153
f 607/153/153 608/171/171 594/154/290
f 594/154/290 608/171/171 609/155/155
f 595/141/141 609/155/155 610/156/348
f 596/157/157 610/156/348 611/158/349
f 611/158/349 612/159/350 598/144/287
f 612/159/350 613/175/175 599/160/288
f 599/160/288 613/175/175 614/161/161
f 600/145/145 614/161/161 615/162/162
f 615/162/162 616/177/352 602/163/163
f 617/164/292 618/166/294 604/150/150
f 618/166/294 619/168/168 605/167/167
f 619/168/168 620/169/295 606/152/152
f 620/169/295 621/181/354 607/153/153
f 607/153/153 621/181/354 622/170/170
f 622/170/170 623/184/184 609/155/155
f 609/155/155 623/184/184 624/172/351
f 624/172/351 625/186/355 611/158/349
f 611/158/349 625/186/355 626/173/173
f 612/159/350 626/173/173 627/174/174
f 627/174/174 628/189/356 614/161/161
f 614/161/161 628/189/356 629/176/176
f 629/176/176 630/192/192 616/177/352
f 617/164/292 631/194/194 632/178/353
f 618/166/294 632/178/353 633/179/179
f 619/168/168 633/179/179 634/180/180
f 634/180/180 635/182/297 621/181/354
f 635/182/297 636/198/358 622/170/170
f 622/170/170 636/198/358 637/183/183
f 637/183/183 638/185/185 624/172/351
f 638/185/185 639/202/298 625/186/355
f 625/186/355 639/202/298 640/187/300
f 640/187/300 641/188/188 627/174/174
f 641/188/188 642/190/190 628/189/356
f 642/190/190 643/206/206 629/176/176
f 629/176/176 643/206/206 644/191/302
f 645/193/357 646/195/195 632/178/353
f 646/195/195 647/196/196 633/179/179
f 647/196/196 648/210/307 634/180/180
f 634/180/180 648/210/307 649/197/197
f 649/197/197 650/199/359 636/198/358
f 650/199/359 651/200/200 637/183/183
f 651/200/200 652/214/310 638/185/185
f 638/185/185 652/214/310 653/201/201
f 639/202/298 653/201/201 654/203/360
f 654/203/360 655/204/204 641/188/188
f 655/204/204 656/205/205 642/190/190
f 656/205/205 657/218/363 643/206/206
f 643/206/206 657/218/363 658/207/361
f 659/208/306 660/221/220 646/195/195
f 646/195/195 660/221/220 661/209/209
f 661/209/209 662/223/312 648/210/307
f 648/210/307 662/223/312 663/211/362
f 663/211/362 664/212/309 650/199/359
f 664/212/309 665/226/222 651/200/200
f 651/200/200 665/226/222 666/213/213
f 666/213/213 667/215/311 653/201/201
f 667/215/311 668/229/223 654/203/360
f 654/203/360 668/229/223 669/216/216
f 655/204/204 669/216/216 670/217/217
f 670/217/217 671/232/224 657/218/363
f 657/218/363 671/232/224 672/219/219
f 450/220/1 452/235/313 660/221/220
f 660/221/220 452/235/313 454/222/4
f 454/222/4 456/224/314 662/223/312
f 456/224/314 458/234/228 663/211/362
f 458/234/228 460/225/230 664/212/309
f 460/225/230 462/236/12 665/226/222
f 665/226/222 462/236/12 464/227/316
f 464/227/316 466/228/317 667/215/311
f 466/228/317 468/237/17 668/229/223
f 668/229/223 468/237/17 470/230/19
f 669/216/216 470/230/19 472/231/21
f 472/231/21 474/238/23 671/232/224
f 671/232/224 474/238/23 476/233/25
f 674/1/1 673/27/320 675/2/2
f 675/2/2 677/29/237 678/4/4
f 678/4/4 677/29/237 679/5/5
f 680/6/314 679/5/5 681/7/7
f 682/8/8 681/7/7 683/9/9
f 684/10/10 683/9/9 685/11/11
f 686/12/12 685/11/11 687/13/13
f 688/14/364 687/13/13 689/16/16
f 689/16/16 691/18/18 692/17/17
f 691/18/18 693/20/365 694/19/19
f 693/20/365 695/35/35 696/21/21
f 696/21/21 695/35/35 697/22/22
f 698/23/23 697/22/22 699/24/24
f 701/26/366 702/28/321 675/2/2
f 702/28/321 703/40/40 677/29/237
f 677/29/237 703/40/40 704/30/322
f 704/30/322 705/42/42 681/7/7
f 681/7/7 705/42/42 706/31/31
f 706/31/31 707/44/44 685/11/11
f 685/11/11 707/44/44 708/32/32
f 708/32/32 709/33/239 689/16/16
f 709/33/239 710/47/47 691/18/18
f 691/18/18 710/47/47 711/34/34
f 711/34/34 712/49/49 695/35/35
f 695/35/35 712/49/49 713/36/36
f 697/22/22 713/36/36 714/37/37
f 715/38/38 716/52/52 702/28/321
f 702/28/321 716/52/52 717/39/324
f 703/40/40 717/39/324 718/41/41
f 718/41/41 719/56/246 705/42/42
f 705/42/42 719/56/246 720/43/325
f 720/43/325 721/58/58 707/44/44
f 707/44/44 721/58/58 722/45/326
f 722/45/326 723/46/46 709/33/239
f 723/46/46 724/61/61 710/47/47
f 710/47/47 724/61/61 725/48/48
f 725/48/48 726/64/64 712/49/49
f 712/49/49 726/64/64 727/50/50
f 727/50/50 728/66/66 714/37/37
f 715/38/38 729/68/68 730/51/367
f 716/52/52 730/51/367 731/53/53
f 717/39/324 731/53/53 732/54/368
f 718/41/41 732/54/368 733/55/327
f 719/56/246 733/55/327 734/57/57
f 734/57/57 735/74/74 721/58/58
f 721/58/58 735/74/74 736/59/59
f 722/45/326 736/59/59 737/60/60
f 737/60/60 738/77/77 724/61/61
f 724/61/61 738/77/77 739/62/62
f 725/48/48 739/62/62 740/63/369
f 726/64/64 740/63/369 741/65/65
f 741/65/65 742/81/81 728/66/66
f 743/67/248 744/69/374 730/51/367
f 730/51/367 744/69/374 745/70/370
f 745/70/370 746/71/371 732/54/368
f 746/71/371 747/85/85 733/55/327
f 733/55/327 747/85/85 748/72/372
f 734/57/57 748/72/372 749/73/73
f 749/73/73 750/75/75 736/59/59
f 750/75/75 751/76/76 737/60/60
f 751/76/76 752/78/78 738/77/77
f 752/78/78 753/90/334 739/62/62
f 739/62/62 753/90/334 754/79/79
f 754/79/79 755/92/92 741/65/65
f 741/65/65 755/92/92 756/80/373
f 743/67/248 757/94/260 758/82/82
f 744/69/374 758/82/82 759/83/83
f 759/83/83 760/84/84 746/71/371
f 760/84/84 761/98/98 747/85/85
f 747/85/85 761/98/98 762/86/375
f 748/72/372 762/86/375 763/87/87
f 763/87/87 764/88/88 750/75/75
f 764/88/88 765/102/102 751/76/76
f 751/76/76 765/102/102 766/89/89
f 766/89/89 767/104/104 753/90/334
f 753/90/334 767/104/104 768/91/335
f 768/91/335 769/106/338 755/92/92
f 755/92/92 769/106/338 770/93/93
f 757/94/260 771/109/267 772/95/95
f 758/82/82 772/95/95 773/96/376
f 773/96/376 774/112/112 760/84/84
f 760/84/84 774/112/112 775/97/97
f 761/98/98 775/97/97 776/99/377
f 762/86/375 776/99/377 777/100/100
f 777/100/100 778/101/101 764/88/88
f 778/101/101 779/117/117 765/102/102
f 765/102/102 779/117/117 780/103/103
f 780/103/103 781/119/119 767/104/104
f 767/104/104 781/119/119 782/105/105
f 782/105/105 783/107/107 769/106/338
f 783/107/107 784/122/122 770/93/93
f 785/108/108 786/124/342 772/95/95
f 772/95/95 786/124/342 787/110/268
f 773/96/376 787/110/268 788/111/111
f 774/112/112 788/111/111 789/113/378
f 789/113/378 790/114/379 776/99/377
f 790/114/379 791/115/115 777/100/100
f 791/115/115 792/116/380 778/101/101
f 792/116/380 793/129/129 779/117/117
f 779/117/117 793/129/129 794/118/118
f 794/118/118 795/131/131 781/119/119
f 781/119/119 795/131/131 796/120/120
f 796/120/120 797/121/121 783/107/107
f 797/121/121 798/134/134 784/122/122
f 785/108/108 799/135/135 800/123/276
f 800/123/276 801/125/277 787/110/268
f 801/125/277 802/138/138 788/111/111
f 788/111/111 802/138/138 803/126/381
f 789/113/378 803/126/381 804/140/382
f 790/114/379 804/140/382 805/127/127
f 805/127/127 806/142/142 792/116/380
f 792/116/380 806/142/142 807/128/128
f 793/129/129 807/128/128 808/130/130
f 808/130/130 809/132/132 795/131/131
f 809/132/132 810/146/146 796/120/120
f 796/120/120 810/146/146 811/133/133
f 811/133/133 812/148/148 798/134/134
f 799/135/135 813/149/347 814/136/383
f 800/123/276 814/136/383 815/151/151
f 801/125/277 815/151/151 816/137/137
f 816/137/137 817/139/139 803/126/381
f 817/139/139 818/154/154 804/140/382
f 804/140/382 818/154/154 819/141/141
f 819/141/141 820/157/157 806/142/142
f 806/142/142 820/157/157 821/143/286
f 821/143/286 822/144/287 808/130/130
f 822/144/287 823/160/160 809/132/132
f 809/132/132 823/160/160 824/145/384
f 810/146/146 824/145/384 825/147/147
f 825/147/147 826/163/163 812/148/148
f 813/149/347 827/165/165 828/150/150
f 828/150/150 829/167/167 815/151/151
f 815/151/151 829/167/167 830/152/152
f 816/137/137 830/152/152 831/153/153
f 831/153/153 832/171/171 818/154/154
f 818/154/154 832/171/171 833/155/155
f 819/141/141 833/155/155 834/156/156
f 820/157/157 834/156/156 835/158/158
f 835/158/158 836/159/350 822/144/287
f 836/159/350 837/175/387 823/160/160
f 823/160/160 837/175/387 838/161/161
f 824/145/384 838/161/161 839/162/162
f 839/162/162 840/177/352 826/163/163
f 841/164/164 842/166/166 828/150/150
f 842/166/166 843/168/168 829/167/167
f 843/168/168 844/169/385 830/152/152
f 844/169/385 845/181/181 831/153/153
f 831/153/153 845/181/181 846/170/170
f 846/170/170 847/184/184 833/155/155
f 833/155/155 847/184/184 848/172/351
f 848/172/351 849/186/355 835/158/158
f 835/158/158 849/186/355 850/173/386
f 850/173/386 851/174/388 837/175/387
f 851/174/388 852/189/356 838/161/161
f 838/161/161 852/189/356 853/176/176
f 853/176/176 854/192/192 840/177/352
f 841/164/164 855/194/194 856/178/389
f 842/166/166 856/178/389 857/179/179
f 843/168/168 857/179/179 858/180/180
f 858/180/180 859/182/182 845/181/181
f 859/182/182 860/198/358 846/170/170
f 846/170/170 860/198/358 861/183/390
f 861/183/390 862/185/185 848/172/351
f 862/185/185 863/202/202 849/186/355
f 849/186/355 863/202/202 864/187/187
f 850/173/386 864/187/187 865/188/188
f 865/188/188 866/190/190 852/189/356
f 866/190/190 867/206/206 853/176/176
f 853/176/176 867/206/206 868/191/302
f 869/193/391 870/195/394 856/178/389
f 856/178/389 870/195/394 871/196/392
f 871/196/392 872/210/210 858/180/180
f 858/180/180 872/210/210 873/197/197
f 873/197/197 874/199/199 860/198/358
f 874/199/199 875/200/200 861/183/390
f 875/200/200 876/214/214 862/185/185
f 862/185/185 876/214/214 877/201/201
f 863/202/202 877/201/201 878/203/360
f 864/187/187 878/203/360 879/204/204
f 879/204/204 880/205/205 866/190/190
f 880/205/205 881/218/395 867/206/206
f 867/206/206 881/218/395 882/207/361
f 883/208/393 884/221/220 870/195/394
f 870/195/394 884/221/220 885/209/209
f 885/209/209 886/223/312 872/210/210
f 872/210/210 886/223/312 887/211/211
f 873/197/197 887/211/211 888/212/212
f 888/212/212 889/226/222 875/200/200
f 875/200/200 889/226/222 890/213/213
f 890/213/213 891/215/215 877/201/201
f 891/215/215 892/229/223 878/203/360
f 878/203/360 892/229/223 893/216/216
f 879/204/204 893/216/216 894/217/217
f 894/217/217 895/232/224 881/218/395
f 881/218/395 895/232/224 896/219/219
f 674/220/1 676/235/313 884/221/220
f 884/221/220 676/235/313 678/222/4
f 678/222/4 680/224/314 886/223/312
f 680/224/314 682/234/8 887/211/211
f 887/211/211 682/234/8 684/225/10
f 684/225/10 686/236/12 889/226/222
f 889/226/222 686/236/12 688/227/364
f 890/213/213 688/227/364 690/228/317
f 690/228/317 692/237/17 892/229/223
f 892/229/223 692/237/17 694/230/19
f 893/216/216 694/230/19 696/231/21
f 696/231/21 698/238/23 895/232/224
f 895/232/224 698/238/23 700/233/25
