# Blender 3.6.23
# www.blender.org
o sol.048
v 1.942292 0.822584 -1.340628
v 1.942304 0.822506 -1.340671
v 1.942307 0.822437 -1.340690
v 1.942311 0.822365 -1.340696
v 1.942305 0.822277 -1.340683
v 1.941858 0.816845 -1.338808
v 1.941847 0.816764 -1.338767
v 1.941834 0.816716 -1.338715
v 1.941821 0.816672 -1.338662
v 1.941801 0.816643 -1.338580
v 1.940479 0.815594 -1.333068
v 1.940459 0.815592 -1.332981
v 1.940441 0.815612 -1.332911
v 1.940427 0.815639 -1.332850
v 1.940413 0.815699 -1.332781
v 1.939541 0.820082 -1.329142
v 1.939529 0.820160 -1.329099
v 1.939526 0.820229 -1.329080
v 1.939523 0.820300 -1.329073
v 1.939528 0.820389 -1.329086
v 1.939975 0.825821 -1.330961
v 1.939983 0.825897 -1.331006
v 1.939995 0.825950 -1.331053
v 1.940009 0.825990 -1.331112
v 1.940029 0.826024 -1.331193
v 1.941351 0.827072 -1.336704
v 1.941371 0.827070 -1.336792
v 1.941387 0.827053 -1.336856
v 1.941403 0.827023 -1.336923
v 1.941421 0.826967 -1.336988
v 1.775736 0.820055 -1.368402
v 1.776229 0.826033 -1.370463
v 1.776662 0.815536 -1.372262
v 1.778067 0.816798 -1.378128
v 1.776613 0.815645 -1.372064
v 1.776643 0.815557 -1.372193
v 1.776194 0.825959 -1.370323
v 1.776184 0.825906 -1.370274
v 1.778523 0.822353 -1.380028
v 1.778517 0.822263 -1.380015
v 1.776630 0.815584 -1.372130
v 1.778520 0.822424 -1.380021
v 1.778517 0.822494 -1.380002
v 1.778056 0.816717 -1.378087
v 1.776683 0.815539 -1.372350
v 1.778010 0.816594 -1.377898
v 1.778043 0.816668 -1.378034
v 1.775723 0.820133 -1.368358
v 1.778504 0.822572 -1.379959
v 1.775717 0.820275 -1.368333
v 1.775721 0.820203 -1.368339
v 1.777593 0.827070 -1.376164
v 1.777578 0.827087 -1.376099
v 1.778030 0.816624 -1.377981
v 1.777627 0.826983 -1.376297
v 1.777610 0.827039 -1.376231
v 1.777557 0.827089 -1.376011
v 1.776210 0.826000 -1.370381
v 1.776173 0.825830 -1.370233
v 1.775723 0.820364 -1.368346
v 1.769352 0.820475 -1.371387
v 1.769334 0.821433 -1.371313
v 1.769364 0.822387 -1.371436
v 1.769439 0.823293 -1.371748
v 1.769556 0.824113 -1.372237
v 1.769711 0.824810 -1.372881
v 1.769897 0.825355 -1.373652
v 1.770104 0.825722 -1.374516
v 1.770325 0.825897 -1.375436
v 1.770550 0.825872 -1.376370
v 1.770769 0.825647 -1.377280
v 1.770971 0.825233 -1.378123
v 1.771150 0.824647 -1.378865
v 1.771296 0.823915 -1.379472
v 1.771403 0.823070 -1.379918
v 1.771467 0.822148 -1.380183
v 1.771484 0.821189 -1.380256
v 1.771455 0.820235 -1.380134
v 1.771380 0.819329 -1.379821
v 1.771262 0.818509 -1.379332
v 1.771107 0.817812 -1.378688
v 1.770922 0.817267 -1.377917
v 1.770714 0.816900 -1.377053
v 1.770493 0.816725 -1.376134
v 1.770269 0.816750 -1.375199
v 1.770050 0.816975 -1.374290
v 1.769847 0.817390 -1.373446
v 1.769669 0.817975 -1.372705
v 1.769523 0.818707 -1.372098
v 1.769416 0.819552 -1.371652
v 1.965072 0.817096 -1.329986
v 1.965257 0.817327 -1.330761
v 1.964997 0.816663 -1.330086
v 1.965203 0.816916 -1.330940
v 1.964841 0.816452 -1.330164
v 1.965055 0.816718 -1.331059
v 1.964593 0.816316 -1.330247
v 1.964816 0.816591 -1.331169
v 1.964302 0.816268 -1.330330
v 1.964525 0.816544 -1.331254
v 1.963238 0.816768 -1.330490
v 1.963438 0.817018 -1.331326
v 1.962084 0.816768 -1.330764
v 1.962287 0.817017 -1.331596
v 1.965429 0.817704 -1.331477
v 1.965392 0.817338 -1.331729
v 1.965253 0.817156 -1.331886
v 1.965019 0.817043 -1.332020
v 1.964732 0.817001 -1.332116
v 1.963622 0.817428 -1.332097
v 1.962474 0.817428 -1.332371
v 1.965580 0.818222 -1.332108
v 1.965557 0.817907 -1.332427
v 1.965425 0.817753 -1.332614
v 1.965197 0.817657 -1.332764
v 1.964911 0.817621 -1.332870
v 1.963785 0.817984 -1.332775
v 1.965704 0.818857 -1.332627
v 1.965696 0.818611 -1.333000
v 1.965569 0.818485 -1.333215
v 1.965342 0.818410 -1.333383
v 1.965060 0.818381 -1.333493
v 1.963922 0.818667 -1.333336
v 1.962770 0.818667 -1.333613
v 1.965798 0.819581 -1.333015
v 1.965798 0.819410 -1.333431
v 1.965678 0.819323 -1.333661
v 1.965456 0.819270 -1.333845
v 1.965171 0.819249 -1.333960
v 1.964021 0.819451 -1.333759
v 1.962870 0.819450 -1.334030
v 1.965854 0.820373 -1.333260
v 1.965861 0.820282 -1.333699
v 1.965742 0.820235 -1.333946
v 1.965526 0.820206 -1.334138
v 1.965242 0.820196 -1.334252
v 1.964085 0.820304 -1.334019
v 1.962934 0.820304 -1.334296
v 1.965876 0.821198 -1.333352
v 1.965887 0.821191 -1.333801
v 1.965769 0.821186 -1.334049
v 1.965552 0.821184 -1.334243
v 1.965267 0.821186 -1.334361
v 1.964106 0.821190 -1.334118
v 1.962954 0.821190 -1.334395
v 1.965859 0.822023 -1.333282
v 1.965868 0.822103 -1.333724
v 1.965749 0.822142 -1.333970
v 1.965530 0.822167 -1.334160
v 1.965248 0.822176 -1.334280
v 1.964088 0.822084 -1.334044
v 1.962937 0.822084 -1.334321
v 1.965806 0.822820 -1.333060
v 1.965809 0.822982 -1.333479
v 1.965688 0.823060 -1.333712
v 1.965468 0.823111 -1.333896
v 1.965183 0.823131 -1.334012
v 1.964030 0.822941 -1.333803
v 1.962879 0.822941 -1.334080
v 1.965717 0.823555 -1.332688
v 1.965709 0.823794 -1.333068
v 1.965583 0.823909 -1.333285
v 1.965362 0.823985 -1.333458
v 1.965077 0.824011 -1.333566
v 1.963937 0.823736 -1.333402
v 1.962785 0.823737 -1.333679
v 1.965598 0.824201 -1.332185
v 1.965577 0.824510 -1.332513
v 1.965448 0.824657 -1.332702
v 1.965219 0.824757 -1.332859
v 1.964932 0.824788 -1.332964
v 1.963805 0.824437 -1.332862
v 1.962654 0.824436 -1.333133
v 1.965450 0.824737 -1.331570
v 1.965415 0.825098 -1.331833
v 1.965275 0.825275 -1.331994
v 1.965040 0.825389 -1.332129
v 1.964756 0.825431 -1.332226
v 1.963647 0.825010 -1.332195
v 1.962496 0.825010 -1.332472
v 1.965281 0.825137 -1.330865
v 1.965227 0.825540 -1.331054
v 1.965080 0.825738 -1.331179
v 1.964842 0.825865 -1.331288
v 1.964553 0.825910 -1.331380
v 1.963462 0.825441 -1.331434
v 1.965096 0.825390 -1.330096
v 1.965026 0.825819 -1.330204
v 1.964869 0.826028 -1.330291
v 1.964624 0.826165 -1.330380
v 1.964334 0.826209 -1.330460
v 1.963264 0.825715 -1.330607
v 1.962115 0.825715 -1.330881
v 1.964905 0.825482 -1.329295
v 1.964813 0.825919 -1.329322
v 1.964648 0.826133 -1.329366
v 1.964397 0.826274 -1.329428
v 1.964102 0.826321 -1.329496
v 1.963058 0.825815 -1.329744
v 1.964712 0.825413 -1.328491
v 1.964600 0.825841 -1.328435
v 1.964426 0.826052 -1.328438
v 1.964167 0.826188 -1.328472
v 1.963871 0.826236 -1.328537
v 1.962850 0.825740 -1.328877
v 1.964526 0.825182 -1.327718
v 1.964395 0.825588 -1.327581
v 1.964212 0.825787 -1.327544
v 1.963947 0.825918 -1.327553
v 1.963649 0.825962 -1.327606
v 1.962651 0.825491 -1.328041
v 1.961496 0.825490 -1.328315
v 1.964355 0.824802 -1.327003
v 1.964205 0.825170 -1.326791
v 1.964011 0.825348 -1.326720
v 1.963741 0.825466 -1.326705
v 1.963445 0.825503 -1.326748
v 1.962464 0.825080 -1.327266
v 1.961312 0.825080 -1.327543
v 1.964204 0.824282 -1.326370
v 1.964040 0.824597 -1.326095
v 1.963839 0.824751 -1.325992
v 1.963563 0.824851 -1.325954
v 1.963262 0.824886 -1.325993
v 1.962301 0.824520 -1.326589
v 1.961153 0.824520 -1.326864
v 1.964080 0.823650 -1.325851
v 1.963901 0.823898 -1.325520
v 1.963695 0.824020 -1.325391
v 1.963414 0.824098 -1.325338
v 1.963114 0.824127 -1.325371
v 1.962167 0.823836 -1.326025
v 1.961016 0.823836 -1.326302
v 1.963985 0.822923 -1.325462
v 1.963799 0.823099 -1.325090
v 1.963586 0.823180 -1.324938
v 1.963306 0.823239 -1.324876
v 1.963001 0.823255 -1.324902
v 1.962067 0.823058 -1.325607
v 1.960916 0.823058 -1.325884
v 1.963928 0.822134 -1.325215
v 1.963736 0.822226 -1.324821
v 1.963519 0.822269 -1.324657
v 1.963234 0.822298 -1.324587
v 1.962932 0.822308 -1.324612
v 1.962004 0.822204 -1.325341
v 1.960852 0.822204 -1.325619
v 1.963906 0.821311 -1.325127
v 1.963713 0.821318 -1.324723
v 1.963491 0.821318 -1.324554
v 1.963211 0.821320 -1.324479
v 1.962905 0.821322 -1.324503
v 1.961980 0.821314 -1.325247
v 1.960828 0.821314 -1.325524
v 1.963922 0.820485 -1.325194
v 1.963729 0.820405 -1.324796
v 1.963512 0.820366 -1.324631
v 1.963230 0.820341 -1.324559
v 1.962925 0.820333 -1.324586
v 1.961998 0.820424 -1.325319
v 1.960846 0.820425 -1.325597
v 1.963976 0.819689 -1.325419
v 1.963791 0.819527 -1.325045
v 1.963573 0.819444 -1.324891
v 1.963295 0.819393 -1.324826
v 1.962989 0.819378 -1.324853
v 1.962055 0.819563 -1.325561
v 1.964066 0.818952 -1.325787
v 1.963888 0.818714 -1.325452
v 1.963678 0.818595 -1.325318
v 1.963397 0.818519 -1.325267
v 1.963097 0.818493 -1.325297
v 1.962152 0.818771 -1.325959
v 1.964185 0.818303 -1.326292
v 1.964020 0.817998 -1.326007
v 1.963817 0.817847 -1.325897
v 1.963544 0.817752 -1.325863
v 1.963240 0.817716 -1.325898
v 1.962283 0.818071 -1.326504
v 1.961132 0.818071 -1.326781
v 1.964334 0.817770 -1.326908
v 1.964182 0.817410 -1.326687
v 1.963989 0.817229 -1.326612
v 1.963716 0.817119 -1.326593
v 1.963419 0.817078 -1.326639
v 1.962441 0.817493 -1.327166
v 1.964503 0.817367 -1.327613
v 1.964370 0.816964 -1.327467
v 1.964184 0.816767 -1.327427
v 1.963918 0.816643 -1.327430
v 1.963621 0.816596 -1.327484
v 1.962623 0.817062 -1.327930
v 1.964688 0.817116 -1.328385
v 1.964572 0.816689 -1.328316
v 1.964395 0.816477 -1.328315
v 1.964135 0.816344 -1.328345
v 1.963843 0.816295 -1.328404
v 1.962822 0.816793 -1.328756
v 1.961670 0.816793 -1.329033
v 1.964879 0.817027 -1.329185
v 1.964784 0.816585 -1.329200
v 1.964619 0.816371 -1.329237
v 1.964365 0.816234 -1.329294
v 1.964071 0.816185 -1.329364
v 1.963031 0.816694 -1.329622
v 1.961876 0.816694 -1.329896
v 1.964911 0.824289 -1.329276
v 1.965049 0.824223 -1.329851
v 1.965180 0.824042 -1.330404
v 1.965303 0.823756 -1.330909
v 1.965407 0.823372 -1.331352
v 1.965495 0.822907 -1.331715
v 1.965561 0.822378 -1.331979
v 1.965597 0.821806 -1.332138
v 1.965611 0.821213 -1.332188
v 1.965594 0.820622 -1.332125
v 1.965551 0.820055 -1.331949
v 1.965486 0.819533 -1.331668
v 1.965395 0.819077 -1.331297
v 1.965287 0.818708 -1.330842
v 1.965164 0.818435 -1.330329
v 1.965029 0.818267 -1.329774
v 1.961475 0.817062 -1.328205
v 1.962633 0.817984 -1.333052
v 1.961906 0.825814 -1.330015
v 1.961001 0.818771 -1.326236
v 1.962311 0.825441 -1.331711
v 1.960904 0.819563 -1.325839
v 1.961696 0.825740 -1.329151
v 1.961290 0.817494 -1.327443
v 1.948414 0.816269 -1.334010
v 1.948636 0.816545 -1.334937
v 1.948839 0.817003 -1.335792
v 1.949021 0.817618 -1.336543
v 1.949170 0.818377 -1.337168
v 1.949282 0.819246 -1.337630
v 1.949354 0.820187 -1.337924
v 1.949377 0.821174 -1.338030
v 1.949357 0.822162 -1.337950
v 1.949293 0.823114 -1.337682
v 1.949189 0.823993 -1.337240
v 1.949043 0.824768 -1.336637
v 1.948865 0.825409 -1.335903
v 1.948663 0.825884 -1.335057
v 1.948442 0.826186 -1.334141
v 1.948214 0.826295 -1.333184
v 1.947983 0.826211 -1.332222
v 1.947762 0.825936 -1.331299
v 1.947553 0.825482 -1.330439
v 1.947371 0.824862 -1.329689
v 1.947224 0.824109 -1.329068
v 1.947110 0.823239 -1.328602
v 1.947044 0.822294 -1.328311
v 1.947015 0.821311 -1.328201
v 1.947036 0.820323 -1.328281
v 1.947099 0.819371 -1.328550
v 1.947209 0.818489 -1.328995
v 1.947349 0.817717 -1.329594
v 1.947528 0.817077 -1.330333
v 1.947729 0.816597 -1.331175
v 1.947951 0.816299 -1.332090
v 1.948184 0.816187 -1.333052
v 1.962093 0.816269 -1.330721
v 1.962316 0.816545 -1.331648
v 1.962519 0.817003 -1.332503
v 1.962701 0.817618 -1.333254
v 1.962849 0.818377 -1.333879
v 1.962962 0.819246 -1.334341
v 1.963034 0.820187 -1.334636
v 1.963057 0.821174 -1.334742
v 1.963037 0.822162 -1.334661
v 1.962973 0.823114 -1.334393
v 1.962869 0.823993 -1.333952
v 1.962723 0.824768 -1.333348
v 1.962545 0.825409 -1.332614
v 1.962343 0.825884 -1.331769
v 1.962121 0.826186 -1.330852
v 1.961894 0.826295 -1.329895
v 1.961663 0.826211 -1.328933
v 1.961441 0.825936 -1.328010
v 1.961233 0.825482 -1.327151
v 1.961051 0.824862 -1.326400
v 1.960904 0.824109 -1.325779
v 1.960790 0.823239 -1.325313
v 1.960723 0.822294 -1.325022
v 1.960695 0.821311 -1.324912
v 1.960715 0.820323 -1.324993
v 1.960779 0.819371 -1.325261
v 1.960888 0.818489 -1.325707
v 1.961029 0.817717 -1.326306
v 1.961208 0.817077 -1.327044
v 1.961409 0.816597 -1.327886
v 1.961630 0.816299 -1.328802
v 1.961863 0.816187 -1.329763
v 1.951686 0.816269 -1.333223
v 1.951456 0.816187 -1.332265
v 1.951936 0.825884 -1.334270
v 1.951714 0.826186 -1.333354
v 1.950288 0.821311 -1.327414
v 1.950308 0.820323 -1.327494
v 1.952137 0.825409 -1.335116
v 1.952555 0.819246 -1.336843
v 1.952627 0.820187 -1.337138
v 1.950481 0.818489 -1.328209
v 1.950622 0.817717 -1.328808
v 1.950316 0.822294 -1.327524
v 1.950383 0.823239 -1.327815
v 1.951487 0.826295 -1.332397
v 1.951909 0.816545 -1.334150
v 1.952112 0.817003 -1.335005
v 1.952650 0.821174 -1.337244
v 1.952629 0.822162 -1.337163
v 1.952294 0.817618 -1.335757
v 1.952442 0.818377 -1.336381
v 1.952566 0.823114 -1.336895
v 1.952462 0.823993 -1.336454
v 1.951256 0.826211 -1.331435
v 1.951034 0.825936 -1.330512
v 1.950372 0.819371 -1.327763
v 1.952316 0.824768 -1.335850
v 1.950801 0.817077 -1.329546
v 1.951002 0.816597 -1.330388
v 1.951223 0.816299 -1.331303
v 1.950826 0.825482 -1.329653
v 1.950644 0.824862 -1.328902
v 1.950496 0.824109 -1.328282
v 1.958923 0.816187 -1.330470
v 1.959181 0.826186 -1.331559
v 1.957775 0.820323 -1.325699
v 1.960094 0.820187 -1.335343
v 1.958089 0.817717 -1.327012
v 1.958954 0.826295 -1.330602
v 1.959579 0.817003 -1.333210
v 1.960097 0.822162 -1.335368
v 1.959909 0.818377 -1.334585
v 1.959929 0.823993 -1.334658
v 1.958501 0.825936 -1.328717
v 1.959783 0.824768 -1.334055
v 1.958469 0.816597 -1.328593
v 1.958111 0.824862 -1.327107
v 1.957964 0.824109 -1.326486
v 1.959154 0.816269 -1.331428
v 1.959403 0.825884 -1.332475
v 1.957755 0.821311 -1.325619
v 1.959605 0.825409 -1.333321
v 1.960022 0.819246 -1.335048
v 1.957948 0.818489 -1.326414
v 1.957784 0.822294 -1.325729
v 1.957850 0.823239 -1.326020
v 1.959376 0.816545 -1.332355
v 1.960117 0.821174 -1.335449
v 1.959761 0.817618 -1.333961
v 1.960033 0.823114 -1.335100
v 1.958723 0.826211 -1.329640
v 1.957839 0.819371 -1.325968
v 1.958268 0.817077 -1.327751
v 1.958691 0.816299 -1.329508
v 1.958293 0.825482 -1.327857
v 1.957049 0.825482 -1.328156
v 1.955139 0.821174 -1.336645
v 1.957116 0.825409 -1.333920
v 1.951889 0.824862 -1.328603
v 1.955220 0.826295 -1.331500
v 1.955804 0.825482 -1.328456
v 1.953894 0.821174 -1.336944
v 1.955871 0.825409 -1.334219
v 1.958538 0.824768 -1.334354
v 1.953976 0.826295 -1.331799
v 1.954560 0.825482 -1.328755
v 1.956606 0.823239 -1.326319
v 1.954627 0.825409 -1.334518
v 1.957294 0.824768 -1.334653
v 1.952731 0.826295 -1.332098
v 1.953315 0.825482 -1.329054
v 1.955361 0.823239 -1.326618
v 1.953382 0.825409 -1.334817
v 1.956049 0.824768 -1.334953
v 1.956845 0.817717 -1.327312
v 1.952070 0.825482 -1.329353
v 1.954117 0.823239 -1.326917
v 1.956511 0.821311 -1.325918
v 1.954805 0.824768 -1.335252
v 1.955600 0.817717 -1.327611
v 1.956595 0.819371 -1.326267
v 1.952872 0.823239 -1.327216
v 1.955266 0.821311 -1.326217
v 1.953560 0.824768 -1.335551
v 1.954355 0.817717 -1.327910
v 1.955350 0.819371 -1.326566
v 1.951627 0.823239 -1.327516
v 1.954021 0.821311 -1.326517
v 1.957257 0.825936 -1.329016
v 1.953111 0.817717 -1.328209
v 1.954105 0.819371 -1.326865
v 1.956539 0.822294 -1.326028
v 1.952777 0.821311 -1.326816
v 1.956012 0.825936 -1.329315
v 1.951866 0.817717 -1.328508
v 1.952861 0.819371 -1.327165
v 1.955294 0.822294 -1.326328
v 1.951532 0.821311 -1.327115
v 1.954768 0.825936 -1.329615
v 1.958849 0.820187 -1.335642
v 1.951616 0.819371 -1.327464
v 1.954050 0.822294 -1.326627
v 1.958159 0.825884 -1.332775
v 1.953523 0.825936 -1.329914
v 1.957605 0.820187 -1.335941
v 1.957479 0.826211 -1.329939
v 1.952805 0.822294 -1.326926
v 1.956914 0.825884 -1.333074
v 1.952279 0.825936 -1.330213
v 1.956360 0.820187 -1.336240
v 1.956234 0.826211 -1.330238
v 1.951561 0.822294 -1.327225
v 1.955670 0.825884 -1.333373
v 1.958685 0.823993 -1.334957
v 1.955116 0.820187 -1.336539
v 1.954990 0.826211 -1.330538
v 1.956704 0.818489 -1.326713
v 1.954425 0.825884 -1.333672
v 1.957440 0.823993 -1.335257
v 1.953871 0.820187 -1.336839
v 1.953745 0.826211 -1.330837
v 1.955459 0.818489 -1.327012
v 1.953181 0.825884 -1.333971
v 1.956196 0.823993 -1.335556
v 1.957937 0.826186 -1.331858
v 1.952500 0.826211 -1.331136
v 1.954215 0.818489 -1.327311
v 1.956719 0.824109 -1.326785
v 1.954951 0.823993 -1.335855
v 1.956692 0.826186 -1.332158
v 1.958789 0.823114 -1.335399
v 1.952970 0.818489 -1.327610
v 1.955475 0.824109 -1.327085
v 1.953707 0.823993 -1.336154
v 1.955448 0.826186 -1.332457
v 1.957544 0.823114 -1.335698
v 1.951726 0.818489 -1.327909
v 1.954230 0.824109 -1.327384
v 1.958852 0.822162 -1.335667
v 1.954203 0.826186 -1.332756
v 1.956299 0.823114 -1.335997
v 1.958777 0.819246 -1.335347
v 1.952986 0.824109 -1.327683
v 1.957608 0.822162 -1.335967
v 1.952959 0.826186 -1.333055
v 1.955055 0.823114 -1.336296
v 1.957533 0.819246 -1.335646
v 1.951741 0.824109 -1.327982
v 1.956363 0.822162 -1.336266
v 1.956531 0.820323 -1.325998
v 1.953810 0.823114 -1.336596
v 1.956288 0.819246 -1.335945
v 1.956867 0.824862 -1.327406
v 1.955118 0.822162 -1.336565
v 1.955286 0.820323 -1.326298
v 1.958872 0.821174 -1.335748
v 1.955044 0.819246 -1.336245
v 1.955622 0.824862 -1.327705
v 1.953874 0.822162 -1.336864
v 1.954042 0.820323 -1.326597
v 1.957628 0.821174 -1.336047
v 1.953799 0.819246 -1.336544
v 1.954378 0.824862 -1.328005
v 1.957710 0.826295 -1.330901
v 1.952797 0.820323 -1.326896
v 1.956383 0.821174 -1.336346
v 1.958360 0.825409 -1.333620
v 1.953133 0.824862 -1.328304
v 1.956465 0.826295 -1.331200
v 1.951553 0.820323 -1.327195
v 1.952054 0.816270 -1.333137
v 1.952272 0.816459 -1.333757
v 1.952608 0.816711 -1.334309
v 1.953050 0.817001 -1.334776
v 1.953579 0.817371 -1.335128
v 1.954179 0.817699 -1.335373
v 1.954825 0.818015 -1.335493
v 1.955496 0.818210 -1.335501
v 1.956168 0.818276 -1.335397
v 1.956813 0.818210 -1.335185
v 1.957408 0.818015 -1.334872
v 1.957929 0.817699 -1.334472
v 1.958352 0.817371 -1.333981
v 1.958663 0.817001 -1.333426
v 1.958845 0.816711 -1.332810
v 1.958893 0.816459 -1.332165
v 1.958805 0.816270 -1.331514
v 1.958581 0.816213 -1.330870
v 1.958234 0.816227 -1.330270
v 1.957776 0.816298 -1.329739
v 1.957224 0.816475 -1.329287
v 1.956602 0.816645 -1.328953
v 1.955934 0.816846 -1.328740
v 1.955248 0.816970 -1.328675
v 1.954572 0.817012 -1.328759
v 1.953931 0.816970 -1.328991
v 1.953350 0.816846 -1.329361
v 1.952852 0.816645 -1.329855
v 1.952450 0.816475 -1.330435
v 1.952163 0.816298 -1.331088
v 1.951997 0.816227 -1.331769
v 1.951960 0.816213 -1.332462
v 1.951856 0.816211 -1.332466
v 1.951953 0.816270 -1.333161
v 1.952177 0.816465 -1.333800
v 1.952523 0.816730 -1.334368
v 1.952977 0.817041 -1.334846
v 1.953522 0.817423 -1.335209
v 1.954139 0.817784 -1.335457
v 1.954805 0.818110 -1.335581
v 1.955497 0.818311 -1.335589
v 1.956188 0.818380 -1.335482
v 1.956853 0.818311 -1.335263
v 1.957466 0.818110 -1.334941
v 1.958002 0.817784 -1.334529
v 1.958439 0.817423 -1.334027
v 1.958759 0.817041 -1.333456
v 1.958947 0.816730 -1.332823
v 1.958997 0.816465 -1.332160
v 1.958906 0.816270 -1.331490
v 1.958676 0.816211 -1.330826
v 1.958318 0.816232 -1.330207
v 1.957846 0.816316 -1.329658
v 1.957277 0.816501 -1.329193
v 1.956636 0.816699 -1.328844
v 1.955947 0.816907 -1.328624
v 1.955241 0.817035 -1.328557
v 1.954545 0.817078 -1.328644
v 1.953884 0.817034 -1.328883
v 1.953286 0.816907 -1.329264
v 1.952773 0.816699 -1.329773
v 1.952360 0.816501 -1.330375
v 1.952064 0.816316 -1.331048
v 1.951894 0.816232 -1.331751
v 1.951550 0.816269 -1.331500
v 1.951493 0.816470 -1.330684
v 1.951499 0.816792 -1.329927
v 1.951567 0.817194 -1.329263
v 1.952495 0.817308 -1.328876
v 1.953459 0.817378 -1.328544
v 1.954448 0.817402 -1.328272
v 1.955452 0.817378 -1.328065
v 1.956462 0.817308 -1.327923
v 1.957464 0.817194 -1.327845
v 1.957828 0.816792 -1.328406
v 1.958176 0.816470 -1.329077
v 1.958498 0.816269 -1.329830
v 1.958779 0.816198 -1.330639
v 1.959006 0.816269 -1.331464
v 1.959172 0.816509 -1.332275
v 1.959269 0.816880 -1.333041
v 1.959297 0.817357 -1.333735
v 1.959252 0.817922 -1.334335
v 1.959141 0.818520 -1.334817
v 1.958200 0.818683 -1.335154
v 1.957230 0.818784 -1.335456
v 1.956238 0.818819 -1.335717
v 1.955236 0.818784 -1.335935
v 1.954234 0.818683 -1.336108
v 1.953244 0.818520 -1.336235
v 1.952924 0.817922 -1.335857
v 1.952613 0.817357 -1.335342
v 1.952321 0.816880 -1.334711
v 1.952062 0.816509 -1.333984
v 1.951842 0.816269 -1.333186
v 1.951669 0.816198 -1.332348
v 1.952081 0.816650 -1.333058
v 1.952296 0.816837 -1.333670
v 1.952627 0.817099 -1.334213
v 1.953062 0.817412 -1.334668
v 1.953584 0.817779 -1.335016
v 1.954174 0.818153 -1.335249
v 1.954812 0.818465 -1.335367
v 1.955474 0.818682 -1.335371
v 1.956136 0.818774 -1.335263
v 1.956774 0.818682 -1.335058
v 1.957362 0.818465 -1.334754
v 1.957876 0.818153 -1.334359
v 1.958296 0.817779 -1.333883
v 1.958603 0.817412 -1.333336
v 1.958783 0.817099 -1.332733
v 1.958831 0.816837 -1.332099
v 1.958745 0.816650 -1.331456
v 1.958524 0.816593 -1.330821
v 1.958181 0.816618 -1.330226
v 1.957728 0.816712 -1.329698
v 1.957183 0.816889 -1.329252
v 1.956567 0.817105 -1.328913
v 1.955907 0.817304 -1.328703
v 1.955230 0.817445 -1.328635
v 1.954561 0.817512 -1.328714
v 1.953930 0.817445 -1.328947
v 1.953357 0.817304 -1.329316
v 1.952865 0.817105 -1.329803
v 1.952471 0.816889 -1.330385
v 1.952188 0.816712 -1.331030
v 1.952025 0.816618 -1.331706
v 1.951989 0.816593 -1.332392
v 1.952017 0.816512 -1.331723
v 1.951981 0.816490 -1.332411
v 1.957741 0.816599 -1.329709
v 1.957194 0.816777 -1.329262
v 1.956144 0.818638 -1.335300
v 1.956785 0.818554 -1.335093
v 1.952465 0.816777 -1.330398
v 1.952181 0.816599 -1.331046
v 1.958540 0.816490 -1.330834
v 1.958195 0.816512 -1.330238
v 1.954816 0.818343 -1.335402
v 1.955480 0.818554 -1.335406
v 1.953356 0.817179 -1.329328
v 1.952862 0.816980 -1.329817
v 1.953583 0.817668 -1.335047
v 1.954175 0.818029 -1.335283
v 1.958848 0.816735 -1.332117
v 1.958761 0.816547 -1.331472
v 1.954564 0.817376 -1.328726
v 1.953930 0.817316 -1.328959
v 1.952622 0.816994 -1.334239
v 1.953059 0.817301 -1.334697
v 1.958619 0.817301 -1.333361
v 1.958800 0.816994 -1.332754
v 1.955914 0.817179 -1.328713
v 1.955235 0.817316 -1.328646
v 1.952074 0.816547 -1.333079
v 1.952290 0.816735 -1.333693
v 1.957891 0.818029 -1.334390
v 1.958311 0.817668 -1.333910
v 1.956577 0.816980 -1.328924
v 1.957375 0.818343 -1.334786
v 1.964771 0.824238 -1.328700
v 1.964639 0.824073 -1.328143
v 1.964516 0.823800 -1.327629
v 1.964406 0.823428 -1.327177
v 1.964317 0.822975 -1.326803
v 1.964250 0.822453 -1.326525
v 1.964209 0.821887 -1.326350
v 1.964194 0.821296 -1.326285
v 1.964206 0.820702 -1.326333
v 1.964245 0.820130 -1.326495
v 1.964308 0.819602 -1.326761
v 1.964393 0.819137 -1.327121
v 1.964500 0.818753 -1.327562
v 1.964620 0.818463 -1.328070
v 1.964754 0.818286 -1.328620
v 1.964892 0.818219 -1.329195
v 1.961744 0.816187 -1.329792
v 1.962002 0.826186 -1.330881
v 1.960596 0.820323 -1.325021
v 1.962914 0.820187 -1.334665
v 1.960909 0.817717 -1.326334
v 1.961774 0.826295 -1.329924
v 1.962399 0.817003 -1.332532
v 1.962917 0.822162 -1.334690
v 1.962729 0.818377 -1.333907
v 1.962749 0.823993 -1.333980
v 1.961322 0.825936 -1.328039
v 1.962603 0.824768 -1.333377
v 1.961289 0.816597 -1.327915
v 1.960931 0.824862 -1.326429
v 1.960784 0.824109 -1.325808
v 1.961974 0.816269 -1.330750
v 1.962224 0.825884 -1.331797
v 1.960575 0.821311 -1.324941
v 1.962425 0.825409 -1.332643
v 1.962842 0.819246 -1.334370
v 1.960769 0.818489 -1.325735
v 1.960604 0.822294 -1.325051
v 1.960670 0.823239 -1.325342
v 1.962196 0.816545 -1.331677
v 1.962937 0.821174 -1.334771
v 1.962581 0.817618 -1.333283
v 1.962853 0.823114 -1.334422
v 1.961543 0.826211 -1.328962
v 1.960659 0.819371 -1.325290
v 1.961088 0.817077 -1.327073
v 1.961511 0.816299 -1.328830
v 1.961113 0.825482 -1.327179
v 1.962578 0.817062 -1.327941
v 1.962605 0.825491 -1.328052
v 1.962805 0.825740 -1.328887
v 1.962418 0.825080 -1.327277
v 1.963740 0.817984 -1.332785
v 1.963976 0.819451 -1.333770
v 1.963012 0.825815 -1.329755
v 1.963417 0.825441 -1.331445
v 1.962256 0.824520 -1.326600
v 1.963602 0.825010 -1.332206
v 1.962396 0.817493 -1.327177
v 1.961958 0.822204 -1.325352
v 1.964040 0.820304 -1.334030
v 1.962010 0.819563 -1.325572
v 1.963891 0.823736 -1.333412
v 1.961934 0.821314 -1.325257
v 1.961952 0.820424 -1.325330
v 1.963985 0.822941 -1.333814
v 1.962022 0.823058 -1.325618
v 1.962107 0.818771 -1.325969
v 1.964061 0.821190 -1.334128
v 1.963577 0.817428 -1.332108
v 1.962238 0.818071 -1.326515
v 1.963393 0.817018 -1.331336
v 1.962122 0.823836 -1.326036
v 1.963193 0.816768 -1.330501
v 1.962985 0.816694 -1.329633
v 1.964043 0.822084 -1.334055
v 1.963219 0.825715 -1.330618
v 1.962777 0.816793 -1.328767
v 1.963760 0.824437 -1.332873
v 1.963876 0.818667 -1.333346
v 1.963258 0.816315 -1.330571
v 1.963306 0.816268 -1.330569
v 1.963478 0.816584 -1.331491
v 1.963528 0.816540 -1.331497
v 1.963734 0.816998 -1.332357
v 1.963682 0.817038 -1.332343
v 1.963861 0.817652 -1.333089
v 1.963915 0.817618 -1.333110
v 1.964011 0.818404 -1.333708
v 1.964066 0.818377 -1.333735
v 1.964173 0.819251 -1.334200
v 1.964117 0.819270 -1.334169
v 1.964189 0.820207 -1.334461
v 1.964245 0.820197 -1.334494
v 1.964271 0.821184 -1.334604
v 1.964214 0.821185 -1.334569
v 1.964195 0.822168 -1.334488
v 1.964251 0.822177 -1.334522
v 1.964187 0.823129 -1.334255
v 1.964131 0.823112 -1.334223
v 1.964080 0.824015 -1.333808
v 1.964025 0.823990 -1.333780
v 1.963934 0.824790 -1.333204
v 1.963880 0.824757 -1.333182
v 1.963761 0.825431 -1.332466
v 1.963709 0.825392 -1.332451
v 1.963506 0.825866 -1.331612
v 1.963556 0.825910 -1.331619
v 1.963336 0.826212 -1.330700
v 1.963287 0.826166 -1.330701
v 1.963105 0.826324 -1.329738
v 1.963059 0.826277 -1.329749
v 1.962831 0.826194 -1.328795
v 1.962875 0.826241 -1.328776
v 1.962608 0.825920 -1.327873
v 1.962649 0.825964 -1.327845
v 1.962447 0.825506 -1.326988
v 1.962407 0.825466 -1.327024
v 1.962224 0.824852 -1.326275
v 1.962263 0.824885 -1.326232
v 1.962081 0.824100 -1.325656
v 1.962118 0.824127 -1.325607
v 1.962004 0.823257 -1.325141
v 1.961968 0.823239 -1.325194
v 1.961897 0.822301 -1.324903
v 1.961932 0.822311 -1.324847
v 1.961907 0.821319 -1.324738
v 1.961872 0.821319 -1.324795
v 1.961929 0.820332 -1.324822
v 1.961894 0.820341 -1.324878
v 1.961955 0.819392 -1.325141
v 1.961991 0.819375 -1.325088
v 1.962061 0.818518 -1.325583
v 1.962097 0.818493 -1.325533
v 1.962243 0.817718 -1.326137
v 1.962205 0.817751 -1.326181
v 1.962423 0.817073 -1.326876
v 1.962383 0.817112 -1.326913
v 1.962580 0.816637 -1.327752
v 1.962621 0.816594 -1.327723
v 1.962801 0.816339 -1.328665
v 1.962845 0.816293 -1.328645
v 1.963072 0.816180 -1.329604
v 1.963027 0.816227 -1.329616
v 1.961532 0.817062 -1.328191
v 1.961554 0.825490 -1.328301
v 1.961753 0.825740 -1.329137
v 1.961370 0.825080 -1.327529
v 1.962691 0.817984 -1.333038
v 1.962927 0.819450 -1.334016
v 1.961964 0.825814 -1.330001
v 1.962368 0.825441 -1.331697
v 1.961210 0.824520 -1.326850
v 1.962553 0.825010 -1.332458
v 1.961348 0.817494 -1.327429
v 1.960910 0.822204 -1.325605
v 1.962991 0.820304 -1.334282
v 1.960962 0.819563 -1.325825
v 1.962843 0.823737 -1.333665
v 1.960886 0.821314 -1.325510
v 1.960904 0.820425 -1.325583
v 1.962936 0.822941 -1.334066
v 1.960974 0.823058 -1.325871
v 1.961058 0.818771 -1.326222
v 1.963012 0.821190 -1.334381
v 1.962531 0.817428 -1.332357
v 1.961189 0.818071 -1.326767
v 1.962344 0.817017 -1.331583
v 1.961074 0.823836 -1.326289
v 1.962141 0.816768 -1.330750
v 1.961934 0.816694 -1.329883
v 1.962994 0.822084 -1.334307
v 1.962173 0.825715 -1.330867
v 1.961728 0.816793 -1.329020
v 1.962712 0.824436 -1.333120
v 1.962828 0.818667 -1.333599
vn 0.1374 -0.0233 -0.9902
vn 0.2264 -0.2452 -0.9427
vn 0.1524 -0.2341 -0.9602
vn 0.1225 0.1802 -0.9760
vn 0.2153 0.3848 -0.8975
vn 0.2298 0.1823 -0.9560
vn 0.1427 -0.4053 -0.9030
vn 0.2142 -0.3992 -0.8915
vn 0.0464 -0.7568 -0.6520
vn 0.1849 -0.6123 -0.7687
vn 0.1515 -0.7621 -0.6294
vn 0.0879 -0.6150 -0.7836
vn -0.0475 -0.9926 -0.1122
vn 0.0599 -0.9668 -0.2484
vn 0.0253 -0.9942 -0.1044
vn -0.1237 -0.9865 0.1071
vn -0.0780 -0.9424 0.3252
vn -0.1830 -0.9368 0.2980
vn -0.2623 -0.5684 0.7798
vn -0.1645 -0.7073 0.6875
vn -0.1903 -0.5763 0.7947
vn -0.3108 -0.3770 0.8725
vn -0.2290 -0.1827 0.9561
vn -0.3297 -0.1804 0.9267
vn -0.2970 0.2369 0.9250
vn -0.2115 0.4229 0.8812
vn -0.2827 0.4226 0.8611
vn -0.2794 0.5955 0.7532
vn -0.1513 0.7605 0.6314
vn -0.2556 0.7574 0.6009
vn -0.1404 0.9545 0.2631
vn -0.0192 0.9966 0.0800
vn -0.0899 0.9945 0.0530
vn 0.0905 0.7164 -0.6918
vn 0.1232 0.8495 -0.5129
vn 0.1640 0.7123 -0.6825
vn -0.0275 0.9386 -0.3439
vn 0.0317 0.9908 -0.1316
vn 0.0770 0.9441 -0.3207
vn 0.1908 0.5755 -0.7952
vn 0.1179 0.5657 -0.8161
vn 0.1133 -0.8750 -0.4707
vn 0.0195 -0.8667 -0.4984
vn -0.0090 -0.9619 -0.2733
vn -0.2145 -0.8477 0.4852
vn -0.1226 -0.8492 0.5136
vn -0.3281 0.0225 0.9444
vn -0.2259 0.2471 0.9423
vn 0.2337 -0.0289 -0.9719
vn -0.2331 0.0284 0.9720
vn -0.1872 0.5972 0.7800
vn -0.2150 -0.3838 0.8980
vn -0.1091 0.8834 0.4557
vn -0.0651 0.9600 0.2724
vn -0.2047 0.8762 0.4364
vn -0.0632 0.9851 -0.1598
vn 0.0253 0.8491 -0.5276
vn 0.1203 0.3776 -0.9181
vn -0.2345 -0.7061 0.6681
vn -0.0285 -0.9926 0.1184
vn 0.0155 0.1775 -0.9840
vn 0.0889 -0.2525 -0.9635
vn -0.0605 -0.7430 -0.6665
vn -0.0065 -0.5882 -0.8087
vn -0.0730 -0.9557 -0.2850
vn -0.2836 -0.9208 0.2677
vn -0.2957 -0.7034 0.6463
vn -0.4312 -0.1776 0.8846
vn -0.3440 0.4073 0.8461
vn -0.3553 0.7431 0.5670
vn -0.1573 0.9855 0.0639
vn -0.0678 0.8301 -0.5535
vn -0.1321 0.9206 -0.3674
vn 0.0528 0.5783 -0.8141
vn -0.0826 -0.8676 -0.4903
vn -0.4171 0.0375 0.9081
vn -0.3716 0.5885 0.7181
vn -0.3987 -0.3855 0.8321
vn -0.2957 0.8676 0.3998
vn -0.1622 0.9738 -0.1594
vn 0.0204 0.3854 -0.9225
vn -0.3103 -0.8303 0.4630
vn -0.2160 -0.9740 0.0686
vn 0.0387 -0.0374 -0.9986
vn 0.9715 -0.0060 0.2371
vn 0.9468 -0.0817 0.3113
vn 0.9498 -0.0971 0.2974
vn 0.9849 -0.0845 0.1513
vn 0.9581 -0.2484 -0.1428
vn 0.9882 -0.0664 0.1380
vn 0.4343 0.1617 0.8861
vn 0.7679 0.0051 0.6405
vn 0.7703 0.0929 0.6309
vn 0.1021 -0.3518 0.9305
vn 0.4615 -0.4221 0.7803
vn 0.4465 -0.2873 0.8474
vn 0.1196 -0.5170 0.8476
vn -0.0864 -0.6951 0.7137
vn 0.1510 -0.6614 0.7347
vn 0.2621 -0.9276 0.2663
vn 0.0770 -0.9965 0.0326
vn 0.3034 -0.9488 0.0874
vn -0.5410 0.5254 0.6568
vn -0.0864 0.7150 0.6938
vn -0.5156 0.6645 0.5409
vn 0.9709 0.0029 0.2395
vn 0.9413 0.0465 0.3345
vn 0.9393 0.0254 0.3421
vn -0.3244 -0.9118 -0.2517
vn 0.1653 -0.9263 -0.3386
vn 0.1200 -0.9801 -0.1582
vn 0.0422 -0.9834 -0.1766
vn 0.7783 -0.6243 -0.0679
vn 0.0850 -0.9289 -0.3605
vn 0.9710 0.0040 0.2389
vn 0.9707 0.0031 0.2402
vn 0.9674 -0.1725 -0.1854
vn 0.9927 -0.0239 0.1184
vn 0.9911 -0.0456 0.1251
vn 0.8352 0.4084 0.3684
vn 0.5181 0.6493 0.5568
vn 0.8147 0.3735 0.4436
vn 0.4272 -0.7955 -0.4297
vn 0.7384 -0.5563 -0.3812
vn 0.7135 -0.6497 -0.2625
vn 0.0865 -0.1719 0.9813
vn -0.1393 -0.3685 0.9191
vn -0.9838 0.0043 0.1793
vn -0.8653 -0.1246 0.4854
vn -0.9821 -0.0739 0.1734
vn -0.2443 -0.7781 -0.5787
vn 0.2448 -0.7137 -0.6563
vn 0.2078 -0.8357 -0.5084
vn 0.8053 -0.5649 -0.1798
vn 0.1265 -0.8400 -0.5276
vn 0.9738 -0.0063 0.2271
vn 0.9444 -0.3161 -0.0903
vn 0.9807 -0.0983 0.1692
vn 0.9299 -0.3672 -0.0220
vn 0.4606 -0.6799 -0.5706
vn 0.7607 -0.4401 -0.4771
vn -0.0528 -0.8219 0.5671
vn 0.2195 -0.8714 0.4387
vn 0.1791 -0.7823 0.5966
vn 0.3470 -0.9331 -0.0939
vn -0.9275 -0.3691 -0.0594
vn -0.7417 -0.6700 -0.0330
vn -0.9095 -0.3945 -0.1314
vn -0.8240 -0.2885 -0.4876
vn -0.5805 -0.3883 -0.7157
vn -0.8122 -0.2297 -0.5362
vn 0.1626 -0.7172 -0.6777
vn 0.9740 -0.0054 0.2265
vn 0.9459 0.3086 -0.1001
vn 0.9813 0.0969 0.1665
vn 0.9855 0.0824 0.1485
vn 0.8000 -0.3076 0.5151
vn 0.7853 -0.2404 0.5705
vn 0.7825 0.2874 -0.5524
vn 0.9738 0.0804 -0.2128
vn 0.7906 0.1416 -0.5957
vn 0.3120 0.1806 -0.9328
vn 0.5151 0.3505 -0.7822
vn 0.5267 0.1719 -0.8325
vn 0.1706 0.9158 -0.3636
vn 0.4326 0.7823 -0.4482
vn 0.2114 0.8212 -0.5300
vn -0.5196 -0.6468 0.5583
vn -0.1173 -0.5422 0.8320
vn -0.5451 -0.5061 0.6684
vn -0.1836 -0.5262 -0.8303
vn -0.2120 -0.6647 -0.7164
vn 0.8528 -0.3784 -0.3599
vn 0.1939 -0.5661 -0.8012
vn 0.9727 -0.0082 0.2319
vn 0.9655 -0.1171 0.2328
vn 0.9707 -0.1146 0.2113
vn 0.9506 0.0998 0.2940
vn 0.9554 0.1101 0.2741
vn 0.5425 -0.7135 0.4434
vn 0.8514 -0.4312 0.2986
vn 0.8316 -0.4066 0.3782
vn 0.3956 0.8715 -0.2900
vn 0.6544 0.7560 -0.0100
vn 0.6873 0.7107 -0.1504
vn 0.1235 0.9751 -0.1844
vn -0.8699 0.3950 -0.2955
vn -0.7069 0.6841 -0.1795
vn -0.8880 0.4045 -0.2188
vn 0.2925 -0.3937 -0.8715
vn 0.2734 -0.5646 -0.7788
vn 0.8665 -0.2645 -0.4232
vn 0.2099 -0.3946 -0.8946
vn 0.9605 0.1160 0.2529
vn 0.9722 0.0083 0.2339
vn 0.9661 0.1174 0.2299
vn 0.9733 -0.0917 -0.2104
vn 0.9931 -0.0020 0.1173
vn 0.4332 0.0102 0.9013
vn 0.7705 -0.0801 0.6324
vn 0.5768 -0.7582 0.3041
vn 0.6133 -0.7738 0.1586
vn -0.0511 0.8361 0.5462
vn 0.1555 0.6797 0.7168
vn 0.1872 0.7958 0.5759
vn 0.4866 -0.5377 -0.6885
vn -0.8575 -0.2532 0.4478
vn -0.9692 -0.2193 0.1122
vn -0.9773 -0.1480 0.1516
vn -0.1682 -0.3646 -0.9159
vn 0.3019 -0.2083 -0.9303
vn 0.8783 -0.1384 -0.4576
vn 0.2284 -0.2090 -0.9509
vn 0.9469 0.0842 0.3103
vn 0.9428 0.0660 0.3268
vn 0.4847 -0.5410 0.6873
vn 0.8154 -0.3610 0.4525
vn 0.3114 0.9483 0.0619
vn 0.3524 0.9281 -0.1199
vn 0.2950 0.3696 -0.8811
vn 0.4937 0.5163 -0.6998
vn 0.2421 0.6948 -0.6773
vn 0.4664 0.6617 -0.5870
vn -0.6495 -0.6361 -0.4166
vn -0.8379 -0.3394 -0.4275
vn -0.8547 -0.3760 -0.3579
vn -0.1504 0.1687 -0.9741
vn 0.3112 -0.0133 -0.9503
vn -0.1461 -0.0136 -0.9892
vn 0.2326 -0.0146 -0.9725
vn 0.8000 0.3178 0.5090
vn 0.9926 0.0213 0.1198
vn 0.4687 0.4389 0.7666
vn 0.4921 0.5547 0.6710
vn 0.2664 0.9328 0.2428
vn 0.5538 0.7155 0.4260
vn 0.5835 0.7605 0.2849
vn 0.0874 0.0130 0.9961
vn -0.1550 -0.1809 0.9712
vn -0.8406 0.3883 0.3777
vn -0.9765 0.1599 0.1444
vn -0.9671 0.2282 0.1122
vn -0.1633 0.3433 -0.9249
vn 0.8823 -0.0086 -0.4707
vn 0.2304 0.1826 -0.9558
vn 0.9749 -0.0009 0.2228
vn 0.9746 0.0018 0.2240
vn 0.9391 -0.0211 0.3430
vn 0.9393 0.0003 0.3431
vn 0.7780 0.1756 0.6032
vn 0.7871 0.2505 0.5636
vn 0.0884 0.1980 0.9762
vn 0.4484 0.3055 0.8400
vn 0.1054 0.3747 0.9211
vn -0.9558 0.2878 0.0593
vn -0.1819 0.5056 -0.8434
vn 0.8714 0.2451 -0.4250
vn 0.2172 0.3707 -0.9030
vn 0.9746 -0.0037 0.2238
vn 0.9912 0.0440 0.1252
vn 0.6491 -0.7606 0.0105
vn 0.9113 -0.4086 0.0506
vn 0.8921 -0.4320 0.1324
vn 0.1259 0.5370 0.8342
vn -0.8685 0.1412 0.4751
vn -0.9822 0.0843 0.1679
vn 0.2699 0.5433 -0.7949
vn 0.8559 0.3616 -0.3697
vn 0.1940 0.5439 -0.8164
vn 0.9703 -0.0016 0.2418
vn 0.5289 -0.0125 -0.8486
vn 0.7962 -0.0113 -0.6050
vn -0.0121 -0.9154 0.4023
vn -0.5665 -0.2693 -0.7788
vn -0.8003 -0.0841 -0.5936
vn -0.8067 -0.1572 -0.5697
vn -0.2404 0.7643 -0.5983
vn -0.2109 0.6471 -0.7327
vn 0.1635 0.6988 -0.6964
vn 0.9412 -0.0413 0.3354
vn 0.9551 -0.1075 0.2761
vn 0.7951 -0.1611 -0.5847
vn 0.7824 -0.3053 -0.5429
vn 0.4388 -0.1401 0.8876
vn -0.3666 -0.9273 -0.0758
vn -0.6187 0.5652 -0.5457
vn -0.8536 0.3678 -0.3689
vn -0.8368 0.3321 -0.4352
vn 0.8347 0.4683 -0.2897
vn 0.1330 0.8239 -0.5509
vn 0.9743 -0.0012 0.2254
vn 0.9585 0.2412 -0.1519
vn 0.9679 0.1646 -0.1899
vn 0.7692 0.4200 -0.4817
vn 0.3886 -0.8815 -0.2683
vn -0.0094 0.9261 0.3772
vn 0.2274 0.8811 0.4148
vn -0.5951 -0.4908 -0.6364
vn -0.2804 0.8509 -0.4442
vn 0.8112 0.5515 -0.1944
vn 0.0927 0.9182 -0.3851
vn 0.9598 -0.1162 0.2554
vn 0.9717 -0.0068 0.2361
vn 0.9133 0.4054 0.0400
vn 0.9717 0.1136 0.2071
vn 0.9764 0.1090 0.1864
vn 0.7760 -0.1635 0.6092
vn 0.5138 -0.6378 0.5738
vn -0.1146 0.5651 0.8170
vn -0.4076 -0.9075 0.1019
vn 0.0339 -0.9746 0.2216
vn -0.3179 0.9071 -0.2757
vn 0.7524 0.6577 0.0378
vn 0.0482 0.9780 -0.2031
vn 0.9759 -0.1078 0.1897
vn 0.8722 -0.4388 0.2161
vn 0.9754 -0.0066 -0.2202
vn -0.9574 -0.2813 0.0653
vn -0.8014 -0.5612 0.2068
vn -0.9427 -0.3335 0.0123
vn -0.7395 0.6714 -0.0491
vn -0.9069 0.3963 -0.1429
vn 0.0023 0.9999 -0.0135
vn 0.9713 0.0062 0.2378
vn 0.9712 0.0046 0.2381
vn 0.8542 0.4330 0.2878
vn 0.0368 0.9801 0.1949
vn -0.8439 -0.3724 0.3862
vn -0.4012 0.9128 0.0766
vn 0.0789 0.9969 0.0055
vn -0.3586 0.9282 -0.0996
vn 0.7219 0.6720 0.1648
vn -0.0423 0.9833 0.1768
vn 0.9727 -0.0085 0.2321
vn 0.7152 0.6399 -0.2810
vn -0.1537 0.0135 0.9880
vn 0.6949 0.6569 0.2924
vn -0.0861 0.9285 0.3612
vn 0.9729 0.0080 0.2309
vn 0.9432 -0.0632 0.3261
vn -0.5985 0.4757 -0.6446
vn -0.8255 0.2791 -0.4906
vn -0.7975 0.5721 0.1919
vn -0.9413 0.3377 0.0007
vn 0.6637 0.6219 0.4155
vn -0.1270 0.8379 0.5309
vn 0.9731 0.0086 0.2303
vn 0.8740 0.4408 0.2043
vn 0.9306 0.3644 -0.0347
vn 0.7475 0.5375 -0.3904
vn 0.5116 -0.3755 -0.7729
vn 0.5238 -0.1981 -0.8285
vn -0.5746 0.1941 0.7951
vn -0.1480 0.2070 0.9671
vn -0.4814 0.7776 0.4044
vn 0.6048 0.4852 0.6315
vn -0.1628 0.7167 0.6782
vn 0.9705 0.0002 0.2411
vn -0.5618 0.2543 -0.7872
vn -0.8130 0.2179 -0.5400
vn -0.8039 0.1485 -0.5759
vn -0.1359 0.3933 0.9093
vn -0.1923 0.5672 0.8009
vn 0.9889 0.0641 0.1339
vn 0.9745 0.0037 0.2242
vn -0.5510 0.1243 -0.8252
vn -0.7981 0.0731 -0.5981
vn 0.5715 0.2662 0.7762
vn -0.2137 0.3951 0.8935
vn 0.9737 -0.0066 0.2276
vn -0.1524 -0.1947 -0.9689
vn -0.2275 0.2089 0.9511
vn 0.9735 0.0065 0.2288
vn -0.5512 -0.0104 -0.8343
vn -0.7964 -0.0063 -0.6048
vn -0.5784 0.0109 0.8157
vn 0.5646 0.1417 0.8131
vn -0.2326 0.0126 0.9725
vn 0.9712 -0.0057 0.2383
vn 0.6817 -0.7196 -0.1319
vn 0.5626 -0.1230 0.8175
vn -0.2296 -0.1820 0.9561
vn -0.5747 -0.1689 0.8007
vn -0.2175 -0.3690 0.9036
vn 0.6216 0.7710 0.1387
vn 0.8940 0.4320 0.1189
vn -0.6762 0.6683 -0.3101
vn 0.5847 -0.3690 0.7225
vn -0.1974 -0.5453 0.8147
vn -0.7123 -0.6830 -0.1616
vn -0.8737 -0.3943 -0.2848
vn -0.8927 -0.3993 -0.2090
vn -0.4839 -0.7645 0.4259
vn -0.1685 -0.6968 0.6972
vn -0.7693 0.6346 0.0739
vn -0.9267 0.3692 -0.0705
vn 0.6019 -0.4713 0.6447
vn -0.1324 -0.8233 0.5519
vn 0.9719 0.0078 0.2353
vn 0.6541 -0.6215 0.4311
vn -0.0914 -0.9194 0.3825
vn 0.9738 0.0063 0.2272
vn -0.0489 -0.9782 0.2017
vn 0.9710 -0.0046 0.2390
vn 0.7202 -0.6694 0.1822
vn -0.0030 -0.9999 0.0134
vn 0.9719 0.0086 0.2351
vn -0.2816 -0.8631 -0.4192
vn 0.7521 -0.6566 0.0571
vn 0.0425 -0.9834 -0.1765
vn 0.6760 -0.7164 0.1728
vn -0.0035 -0.9999 0.0144
vn 0.0922 0.9190 -0.3832
vn 0.7104 0.7036 0.0165
vn 0.7467 0.6557 -0.1118
vn -0.2293 -0.1820 0.9562
vn 0.5043 0.0110 0.8634
vn -0.2342 0.0158 0.9721
vn 0.7721 0.5919 -0.2315
vn 0.1323 0.8244 -0.5503
vn 0.2286 -0.2090 -0.9508
vn 0.8350 -0.2818 -0.4727
vn 0.2146 -0.3953 -0.8931
vn -0.1961 -0.5451 0.8151
vn 0.5519 -0.5033 0.6649
vn 0.5342 -0.3928 0.7485
vn -0.2287 0.2087 0.9509
vn 0.5109 0.1506 0.8463
vn 0.5168 0.2844 0.8074
vn -0.2149 0.3938 0.8938
vn 0.0032 0.9999 -0.0127
vn 0.0488 0.9780 -0.2028
vn 0.0868 -0.9283 -0.3617
vn 0.7685 -0.6018 -0.2174
vn 0.7410 -0.6646 -0.0962
vn 0.2330 -0.0130 -0.9724
vn 0.8459 0.1298 -0.5173
vn 0.8492 -0.0082 -0.5280
vn 0.1627 -0.7175 -0.6773
vn 0.8170 -0.4054 -0.4102
vn 0.7975 -0.5108 -0.3212
vn 0.1962 0.5449 -0.8152
vn 0.8376 0.2624 -0.4792
vn 0.2169 0.3704 -0.9032
vn -0.0860 0.9294 0.3590
vn 0.6485 0.7042 0.2891
vn -0.0425 0.9833 0.1770
vn 0.7100 -0.7032 0.0364
vn 0.5168 -0.2679 0.8131
vn -0.2173 -0.3718 0.9025
vn 0.5091 -0.1311 0.8506
vn 0.8005 0.4974 -0.3343
vn 0.8220 0.3877 -0.4171
vn -0.1323 -0.8239 0.5511
vn 0.6056 -0.6636 0.4392
vn 0.5797 -0.5938 0.5579
vn 0.1933 -0.5659 -0.8015
vn 0.6411 -0.7032 0.3076
vn -0.0485 -0.9781 0.2026
vn 0.6808 0.7161 0.1537
vn 0.2296 0.1819 -0.9561
vn 0.1275 -0.8386 -0.5296
vn -0.1274 0.8391 0.5289
vn 0.5553 0.5169 0.6515
vn 0.5826 0.6049 0.5428
vn -0.1935 0.5678 0.8001
vn -0.1627 0.7166 0.6783
vn 0.5342 0.4104 0.7390
vn -0.0925 -0.9187 0.3839
vn 0.1677 0.6967 -0.6975
vn 0.8451 -0.1481 -0.5137
vn -0.1675 -0.6972 0.6970
vn 0.6169 0.6660 0.4194
vn 0.0425 -0.9834 -0.1763
vn 0.0425 -0.9833 -0.1767
vn 0.0921 0.9191 -0.3831
vn -0.2299 -0.1818 0.9561
vn -0.2337 0.0158 0.9722
vn -0.2338 0.0158 0.9722
vn 0.1323 0.8243 -0.5505
vn 0.1323 0.8243 -0.5504
vn 0.2185 -0.3993 -0.8904
vn 0.2147 -0.3954 -0.8931
vn -0.1959 -0.5451 0.8152
vn -0.1627 -0.7004 0.6949
vn -0.1960 -0.5450 0.8152
vn -0.2286 0.2088 0.9509
vn -0.2286 0.2087 0.9509
vn -0.2148 0.3941 0.8936
vn -0.2148 0.3940 0.8936
vn 0.0031 0.9999 -0.0127
vn 0.0488 0.9780 -0.2029
vn 0.0869 -0.9283 -0.3616
vn 0.1568 -0.8372 -0.5239
vn 0.1189 -0.9252 -0.3605
vn 0.2337 -0.0128 -0.9722
vn 0.2298 0.1819 -0.9561
vn 0.2337 -0.0129 -0.9722
vn 0.1628 -0.7175 -0.6772
vn 0.2119 -0.5646 -0.7977
vn 0.1842 -0.7168 -0.6725
vn 0.1960 0.5445 -0.8156
vn 0.2171 0.3702 -0.9032
vn 0.2171 0.3700 -0.9033
vn -0.0864 0.9293 0.3592
vn -0.0426 0.9833 0.1770
vn -0.0426 0.9833 0.1771
vn -0.2170 -0.3717 0.9026
vn -0.2298 -0.1819 0.9561
vn 0.1677 0.6969 -0.6973
vn 0.1961 0.5446 -0.8155
vn -0.1326 -0.8235 0.5516
vn -0.0711 -0.9181 0.3899
vn -0.1141 -0.8226 0.5571
vn 0.1927 -0.5659 -0.8016
vn -0.0193 -0.9773 0.2112
vn -0.0487 -0.9781 0.2025
vn 0.2298 0.1818 -0.9561
vn 0.1273 -0.8386 -0.5297
vn -0.1272 0.8390 0.5291
vn -0.1631 0.7164 0.6784
vn -0.1272 0.8391 0.5289
vn -0.1924 0.5676 0.8005
vn -0.1925 0.5676 0.8005
vn -0.0924 -0.9186 0.3843
vn 0.1676 0.6970 -0.6972
vn -0.1675 -0.6975 0.6967
vn -0.0863 0.9293 0.3591
vn -0.2149 0.3940 0.8936
vn -0.2298 -0.1818 0.9561
vn -0.2338 0.0159 0.9722
vn -0.2337 0.0159 0.9722
vn 0.2114 -0.4080 -0.8881
vn -0.0863 0.9293 0.3592
vn -0.1271 0.8391 0.5289
vn 0.1676 0.6969 -0.6973
vn 0.1324 0.8243 -0.5505
vn 0.2172 0.3702 -0.9032
vn -0.1271 0.8391 0.5290
vn 0.2338 -0.0129 -0.9722
vn 0.1324 0.8243 -0.5504
vn 0.1677 0.6969 -0.6972
vn 0.1676 0.6970 -0.6973
vn -0.1672 -0.7070 0.6872
vn -0.2285 0.2087 0.9509
vn -0.0425 0.9833 0.1771
vn 0.1323 0.8244 -0.5504
vn -0.2147 0.3940 0.8937
vn -0.2148 0.3940 0.8937
vn 0.1960 0.5446 -0.8155
vn -0.1684 -0.7010 0.6930
vn -0.1960 -0.5451 0.8152
vn -0.1674 -0.6979 0.6964
vn -0.1650 -0.7008 0.6940
vn 0.2299 0.1818 -0.9561
vn -0.1634 -0.7069 0.6882
vn -0.1960 -0.5451 0.8151
vn 0.2299 0.1819 -0.9561
vn -0.1709 -0.7004 0.6930
vn -0.2170 -0.3718 0.9026
vn 0.2125 -0.4002 -0.8915
vn 0.2147 -0.3961 -0.8928
vn 0.2159 -0.4001 -0.8907
vn 0.2101 -0.3993 -0.8924
vn 0.2285 -0.2090 -0.9508
vn 0.2154 -0.4080 -0.8872
vn -0.0313 -0.9963 0.0806
vn 0.6209 -0.7823 -0.0502
vn -0.0815 -0.9700 0.2289
vn 0.6300 -0.7679 -0.1161
vn -0.0860 -0.9373 0.3377
vn 0.5616 -0.8132 -0.1528
vn -0.1387 -0.8726 0.4684
vn 0.4951 -0.8225 -0.2801
vn -0.1409 -0.8474 0.5120
vn 0.3311 -0.8478 -0.4142
vn -0.1446 -0.8299 0.5389
vn 0.1201 -0.8575 -0.5003
vn -0.1342 -0.8184 0.5587
vn -0.1161 -0.8295 0.5464
vn -0.1071 -0.8481 -0.5189
vn -0.1073 -0.8471 0.5204
vn -0.3140 -0.8225 -0.4743
vn -0.0896 -0.8728 0.4798
vn -0.4305 -0.8131 -0.3919
vn -0.0770 -0.9372 0.3402
vn -0.5088 -0.7679 -0.3892
vn -0.0307 -0.9700 0.2410
vn -0.5300 -0.7824 -0.3271
vn -0.0082 -0.9962 0.0864
vn -0.5564 -0.7651 -0.3242
vn -0.0078 -0.9988 -0.0487
vn -0.5702 -0.7709 -0.2839
vn 0.0413 -0.9832 -0.1778
vn -0.5837 -0.7613 -0.2823
vn 0.0549 -0.9491 -0.3102
vn -0.5759 -0.7805 -0.2431
vn 0.1148 -0.8990 -0.4227
vn -0.5496 -0.8008 -0.2381
vn 0.1633 -0.8171 -0.5528
vn -0.5622 -0.8097 -0.1682
vn 0.1589 -0.7503 -0.6417
vn -0.4907 -0.8590 -0.1458
vn 0.2032 -0.6414 -0.7398
vn -0.4194 -0.9073 -0.0287
vn 0.2044 -0.6018 -0.7721
vn -0.2534 -0.9631 0.0908
vn 0.2059 -0.5749 -0.7919
vn -0.0409 -0.9845 0.1708
vn 0.1942 -0.5575 -0.8071
vn 0.1766 -0.5752 -0.7987
vn 0.1840 -0.9632 0.1961
vn 0.1693 -0.6017 -0.7805
vn 0.3876 -0.9069 0.1650
vn 0.1550 -0.6420 -0.7509
vn 0.5025 -0.8594 0.0942
vn 0.1507 -0.7506 -0.6433
vn 0.5775 -0.8094 0.1064
vn 0.1064 -0.8175 -0.5660
vn 0.5978 -0.8007 0.0384
vn 0.0909 -0.8988 -0.4289
vn 0.6239 -0.7802 0.0449
vn 0.0924 -0.9488 -0.3020
vn 0.6483 -0.7612 0.0139
vn 0.0435 -0.9832 -0.1771
vn 0.6489 -0.7609 0.0085
vn 0.0284 -0.9988 -0.0394
vn -0.0231 -0.9890 0.1459
vn -0.0640 -0.9466 0.3160
vn 0.0445 -0.9990 -0.0089
vn 0.0435 -0.9834 -0.1762
vn 0.1196 -0.9396 -0.3206
vn 0.1267 -0.8704 -0.4758
vn 0.1606 -0.7688 -0.6190
vn 0.1969 -0.6569 -0.7279
vn 0.2114 -0.5500 -0.8080
vn 0.1911 -0.5378 -0.8211
vn 0.1913 -0.5072 -0.8403
vn 0.2044 -0.4854 -0.8501
vn 0.2116 -0.5069 -0.8356
vn 0.2031 -0.5377 -0.8183
vn 0.1786 -0.5499 -0.8159
vn 0.1554 -0.6569 -0.7378
vn 0.1383 -0.7687 -0.6245
vn 0.1032 -0.8706 -0.4810
vn 0.0364 -0.9398 -0.3398
vn 0.0413 -0.9833 -0.1772
vn -0.0375 -0.9989 -0.0293
vn -0.0459 -0.9891 0.1398
vn -0.0867 -0.9466 0.3105
vn -0.1305 -0.8826 0.4517
vn -0.1520 -0.8128 0.5623
vn -0.1329 -0.8045 0.5789
vn -0.1355 -0.7832 0.6069
vn -0.1497 -0.7681 0.6226
vn -0.1551 -0.7834 0.6018
vn -0.1446 -0.8046 0.5760
vn -0.1203 -0.8128 0.5700
vn -0.0893 -0.8826 0.4615
vn 0.0253 -0.9993 0.0286
vn -0.1516 -0.8226 0.5480
vn -0.1147 -0.9181 0.3794
vn -0.0802 -0.9772 0.1965
vn -0.0370 -0.9992 0.0141
vn 0.0424 -0.9834 -0.1767
vn 0.0562 -0.9250 -0.3758
vn 0.0969 -0.8372 -0.5383
vn 0.1411 -0.7168 -0.6829
vn 0.1736 -0.5645 -0.8070
vn 0.9888 -0.0470 -0.1418
vn 0.9965 -0.0771 0.0312
vn 0.9869 -0.0448 -0.1552
vn -0.5533 0.0166 -0.8328
vn -0.6863 -0.0091 -0.7273
vn -0.6997 -0.0116 -0.7144
vn -0.2251 -0.2669 0.9371
vn -0.4132 -0.2669 0.8706
vn -0.2250 -0.2668 0.9371
vn 0.8716 0.0173 -0.4899
vn 0.9416 -0.0067 -0.3365
vn 0.8603 0.0191 -0.5095
vn -0.8162 -0.0467 -0.5759
vn -0.9017 -0.0806 -0.4249
vn -0.9049 -0.0818 -0.4177
vn -0.0148 -0.2671 0.9636
vn 0.1725 -0.2613 0.9497
vn 0.1929 -0.2595 0.9463
vn 0.6106 0.0691 -0.7889
vn 0.7418 0.0536 -0.6684
vn 0.5937 0.0711 -0.8016
vn 0.3879 -0.2399 0.8899
vn 0.5429 -0.2297 0.8078
vn 0.5619 -0.2262 0.7956
vn -0.9862 -0.1449 -0.0803
vn -0.9608 -0.1142 -0.2527
vn -0.9866 -0.1465 -0.0723
vn 0.2329 0.0925 -0.9681
vn 0.4213 0.0857 -0.9029
vn 0.2330 0.0922 -0.9681
vn 0.7084 -0.1984 0.6774
vn 0.8184 -0.1773 0.5465
vn 0.8262 -0.1744 0.5357
vn -0.9388 -0.1990 0.2810
vn -0.9772 -0.1782 0.1151
vn -0.9325 -0.2027 0.2990
vn 0.0227 0.0847 -0.9961
vn -0.1648 0.0696 -0.9839
vn -0.1853 0.0687 -0.9803
vn 0.9147 -0.1451 0.3771
vn 0.9706 -0.1151 0.2116
vn 0.9707 -0.1141 0.2116
vn -0.7500 -0.2407 0.6161
vn -0.8512 -0.2284 0.4726
vn -0.7336 -0.2438 0.6343
vn 0.9960 -0.0803 0.0392
vn -0.3801 0.0512 -0.9235
vn -0.5340 0.0183 -0.8453
vn -0.4247 -0.2665 0.8652
vn -0.5852 -0.2602 0.7680
vn 0.9478 -0.0106 -0.3186
vn -0.8085 -0.0448 -0.5868
vn -0.0275 -0.2676 0.9631
vn 0.7585 0.0509 -0.6497
vn -0.9609 -0.1135 -0.2527
vn 0.3643 -0.2422 0.8992
vn 0.4326 0.0849 -0.8976
vn 0.6943 -0.2016 0.6908
vn -0.9793 -0.1749 0.1018
vn 0.0354 0.0855 -0.9957
vn 0.9114 -0.1462 0.3848
vn -0.8625 -0.2253 0.4531
vn -0.3569 0.0545 -0.9326
vn -0.6020 -0.2588 0.7554
vn 0.6429 -0.7651 -0.0359
vn -0.5822 -0.7606 -0.2871
vn 0.6366 -0.7712 0.0063
vn 0.8797 0.1218 -0.4597
vn 0.7858 0.6127 -0.0846
vn 0.6346 0.5631 0.5294
vn 0.5876 0.3831 0.7128
vn 0.5603 0.0079 0.8283
vn 0.5707 -0.2477 0.7829
vn 0.6291 -0.5551 0.5442
vn 0.6873 -0.6578 0.3081
vn 0.8340 -0.4764 -0.2783
vn -0.6813 -0.6717 -0.2911
vn 0.0866 -0.9287 -0.3606
vn -0.6223 -0.5747 -0.5315
vn 0.1259 -0.8392 -0.5291
vn 0.1906 -0.5683 -0.8004
vn 0.2287 -0.2072 -0.9512
vn -0.5557 -0.1417 -0.8192
vn 0.2322 0.1819 -0.9555
vn 0.1968 0.5427 -0.8166
vn -0.5775 0.3700 -0.7277
vn 0.1328 0.8255 -0.5485
vn -0.6445 0.6294 -0.4342
vn 0.0930 0.9184 -0.3845
vn 0.0029 0.9999 -0.0142
vn -0.0430 0.9833 0.1770
vn -0.0855 0.9290 0.3601
vn -0.1626 0.7155 0.6794
vn -0.8209 0.4887 0.2953
vn -0.1920 0.5680 0.8003
vn -0.2162 0.3963 0.8923
vn -0.8571 0.2703 0.4386
vn -0.2335 0.0129 0.9723
vn -0.8683 0.0095 0.4959
vn -0.2291 -0.1813 0.9564
vn -0.2173 -0.3703 0.9031
vn -0.1953 -0.5445 0.8157
vn -0.8232 -0.4766 0.3085
vn -0.1663 -0.6965 0.6980
vn -0.1343 -0.8236 0.5510
vn -0.7727 -0.6280 0.0924
vn -0.0478 -0.9782 0.2018
vn -0.0022 -0.9999 0.0134
vn 0.0420 -0.9833 -0.1771
vn -0.5631 0.3676 0.7401
vn -0.4466 0.8599 0.2471
vn -0.4494 -0.8521 0.2681
vn -0.5630 -0.3422 0.7523
vn 0.1659 -0.7165 -0.6776
vn 0.2122 -0.3946 -0.8940
vn 0.2333 -0.0143 -0.9723
vn 0.2172 0.3710 -0.9029
vn 0.1656 0.6978 -0.6969
vn 0.0481 0.9776 -0.2048
vn -0.1282 0.8381 0.5303
vn -0.2324 0.2079 0.9501
vn -0.0914 -0.9191 0.3834
vn 0.0764 -0.4072 -0.9101
vn -0.1104 -0.9856 -0.1281
vn -0.3207 -0.5785 0.7500
vn -0.3568 0.2524 0.8994
vn -0.1947 0.9557 0.2209
vn 0.0280 0.7031 -0.7105
vn 0.9705 -0.0042 0.2410
vn 0.9717 -0.0077 0.2362
vn 0.9729 -0.0084 0.2312
vn 0.9738 0.0041 0.2274
vt 0.624253 -0.197100
vt -0.561700 -0.193600
vt 0.624253 -0.193600
vt 0.624253 -0.197800
vt -0.561700 -0.197100
vt -0.561700 -0.197800
vt 0.624253 0.137700
vt -0.561700 0.137700
vt 0.624253 0.148700
vt -0.561700 0.144400
vt -0.561700 0.148700
vt 0.624253 0.144377
vt 0.624253 0.831300
vt -0.561700 0.168700
vt -0.561700 0.831300
vt 0.624253 0.841400
vt -0.561700 0.846500
vt 0.624253 0.846500
vt 0.624253 1.193600
vt -0.561700 0.862300
vt -0.561700 1.193600
vt 0.624253 1.197100
vt -0.561700 1.197800
vt 0.624253 1.197800
vt 0.624253 1.193600
vt 0.624253 0.862300
vt 0.624253 0.855600
vt -0.561700 0.851300
vt 0.624253 0.851300
vt 0.624253 0.831300
vt 0.624253 0.168700
vt 0.624253 0.153500
vt -0.561700 0.158600
vt -0.561700 0.153500
vt 0.624253 -0.193600
vt 0.624253 0.153500
vt 0.624253 0.158600
vt 0.624253 0.168700
vt 0.624253 0.855600
vt -0.561700 0.855600
vt 0.624253 1.197100
vt -0.561700 1.197100
vt -0.561700 0.841400
vt 0.624253 0.841400
vt 0.624253 0.158600
vt 0.624253 0.144377
vt 0.624253 -0.197100
vt 0.624253 0.862300
vt 0.749750 -0.197800
vt 0.749750 -0.193600
vt 0.749750 0.153500
vt 0.749750 0.144375
vt 0.749750 0.168700
vt 0.749750 0.851300
vt 0.749750 0.862300
vt 0.749750 1.197800
vt 0.749750 0.846500
vt 0.749750 0.148700
vt 0.749750 0.158600
vt 0.624253 0.851300
vt 0.749750 1.197100
vt 0.749750 0.855600
vt 0.749750 0.841400
vt 0.624253 0.846500
vt 0.749750 -0.197100
vt 0.812363 0.204423
vt 0.854293 0.198145
vt 0.844627 0.221549
vt 0.692461 0.285070
vt 0.662474 0.287340
vt 0.668998 0.275249
vt 0.847409 0.063965
vt 0.856421 0.092768
vt 0.840739 0.069389
vt 0.890800 0.144700
vt 0.881468 0.175446
vt 0.881499 0.145623
vt 0.567683 0.646336
vt 0.558380 0.614506
vt 0.568215 0.614674
vt 0.569013 0.519356
vt 0.558823 0.487754
vt 0.568602 0.487557
vt 0.516795 0.836777
vt 0.547215 0.871167
vt 0.514290 0.868479
vt 0.801866 0.101514
vt 0.812085 0.060355
vt 0.830158 0.078212
vt 0.525926 0.456941
vt 0.556851 0.425279
vt 0.557947 0.456195
vt 0.469932 0.458129
vt 0.467549 0.427794
vt 0.469531 0.427745
vt 0.773804 0.078513
vt 0.788963 0.088631
vt 0.639128 0.271804
vt 0.629923 0.243221
vt 0.647929 0.261187
vt 0.715858 0.017978
vt 0.744716 0.009475
vt 0.743929 0.017937
vt 0.714227 0.321723
vt 0.685928 0.306539
vt 0.715244 0.312413
vt 0.566246 0.710816
vt 0.557159 0.678309
vt 0.567174 0.678457
vt 0.519881 0.740981
vt 0.505683 0.708660
vt 0.520921 0.709148
vt 0.523890 0.395508
vt 0.554328 0.364059
vt 0.555606 0.394528
vt 0.466762 0.397317
vt 0.468767 0.397257
vt 0.703101 0.250002
vt 0.688507 0.298318
vt 0.717494 0.290047
vt 0.716202 0.303751
vt 0.683217 0.315381
vt 0.658424 0.295054
vt 0.558924 0.582926
vt 0.569013 0.551352
vt 0.568661 0.583145
vt 0.567703 0.455995
vt 0.524383 0.551014
vt 0.509093 0.519533
vt 0.524581 0.519573
vt 0.520791 0.365321
vt 0.504584 0.335435
vt 0.519916 0.334832
vt 0.467704 0.366992
vt 0.686249 0.242967
vt 0.592610 0.119186
vt 0.615560 0.099764
vt 0.605888 0.123293
vt 0.867517 0.202034
vt 0.872907 0.174503
vt 0.578637 0.176000
vt 0.592735 0.202673
vt 0.584464 0.205236
vt 0.548323 0.212172
vt 0.556557 0.181342
vt 0.557786 0.211809
vt 0.539671 0.060513
vt 0.551289 0.089929
vt 0.541984 0.090592
vt 0.525650 0.614194
vt 0.557878 0.646186
vt 0.525029 0.645643
vt 0.522014 0.334752
vt 0.522854 0.365251
vt 0.464680 0.336846
vt 0.466655 0.336779
vt 0.757314 0.249879
vt 0.791545 0.275054
vt 0.768066 0.284911
vt 0.742515 0.031706
vt 0.717110 0.031703
vt 0.847942 0.256926
vt 0.821554 0.271449
vt 0.841382 0.251482
vt 0.605225 0.058505
vt 0.633310 0.043383
vt 0.612307 0.064483
vt 0.537060 0.030735
vt 0.548979 0.059655
vt 0.504627 0.034054
vt 0.487513 0.007644
vt 0.501084 0.004557
vt 0.551862 0.303244
vt 0.553177 0.333524
vt 0.463641 0.306625
vt 0.465617 0.306550
vt 0.692204 0.036658
vt 0.686022 0.078700
vt 0.668687 0.046459
vt 0.619233 0.251972
vt 0.615695 0.222109
vt 0.864130 0.088714
vt 0.867415 0.118731
vt 0.826985 0.278146
vt 0.806823 0.303015
vt 0.802258 0.294802
vt 0.544447 0.903246
vt 0.557197 0.871949
vt 0.554236 0.904287
vt 0.562571 0.333136
vt 0.506257 0.676793
vt 0.522890 0.645599
vt 0.522116 0.677276
vt 0.520512 0.304212
vt 0.550638 0.273011
vt 0.462477 0.276187
vt 0.464484 0.276104
vt 0.767523 0.036664
vt 0.790920 0.046289
vt 0.875707 0.204564
vt 0.856849 0.227920
vt 0.653634 0.018453
vt 0.627403 0.036229
vt 0.547039 0.181708
vt 0.555094 0.150909
vt 0.543928 0.120981
vt 0.553402 0.120332
vt 0.507892 0.426620
vt 0.521805 0.395581
vt 0.522989 0.426128
vt 0.517111 0.213604
vt 0.549447 0.242652
vt 0.518105 0.243989
vt 0.462970 0.245943
vt 0.771523 0.023472
vt 0.605954 0.198626
vt 0.801376 0.026601
vt 0.773898 0.015299
vt 0.683083 0.006290
vt 0.714976 0.009533
vt 0.685708 0.015336
vt 0.565117 0.743081
vt 0.556245 0.710500
vt 0.499125 0.835620
vt 0.516400 0.804921
vt 0.514602 0.836621
vt 0.515751 0.183275
vt 0.461000 0.246023
vt 0.461917 0.215830
vt 0.647952 0.204807
vt 0.640994 0.187920
vt 0.854159 0.122782
vt 0.844291 0.099311
vt 0.820809 0.049555
vt 0.797465 0.034117
vt 0.854608 0.057914
vt 0.826262 0.043013
vt 0.831991 0.035694
vt 0.569272 0.176951
vt 0.575679 0.207936
vt 0.512146 0.868313
vt 0.514308 0.152966
vt 0.458882 0.185911
vt 0.460848 0.185836
vt 0.658069 0.219966
vt 0.600889 0.173688
vt 0.774676 0.306428
vt 0.744477 0.303800
vt 0.772211 0.298212
vt 0.805783 0.018396
vt 0.502525 0.772325
vt 0.518465 0.773166
vt 0.545616 0.151392
vt 0.457734 0.155673
vt 0.459730 0.155589
vt 0.819112 0.133505
vt 0.587821 0.237241
vt 0.596073 0.232796
vt 0.559176 0.551221
vt 0.503702 0.304974
vt 0.517190 0.274141
vt 0.518455 0.304295
vt 0.511113 0.092891
vt 0.512729 0.122865
vt 0.458382 0.125446
vt 0.859104 0.147749
vt 0.830660 0.242766
vt 0.612618 0.257539
vt 0.633789 0.278437
vt 0.872370 0.084280
vt 0.875653 0.116242
vt 0.526533 0.488228
vt 0.494367 0.093950
vt 0.507048 0.063315
vt 0.509053 0.093019
vt 0.456434 0.125529
vt 0.457057 0.095909
vt 0.671039 0.232836
vt 0.587144 0.146856
vt 0.587136 0.175071
vt 0.578541 0.146103
vt 0.746178 0.321808
vt 0.777579 0.315434
vt 0.541000 0.935126
vt 0.550824 0.936298
vt 0.505879 0.365746
vt 0.509071 0.063166
vt 0.455129 0.095998
vt 0.455696 0.066578
vt 0.812673 0.260888
vt 0.802288 0.219676
vt 0.619010 0.069864
vt 0.647575 0.060612
vt 0.629630 0.078664
vt 0.872810 0.146387
vt 0.855325 0.262667
vt 0.864312 0.232076
vt 0.872671 0.236284
vt 0.563815 0.363724
vt 0.565035 0.394101
vt 0.549669 0.839160
vt 0.526735 0.519563
vt 0.559233 0.519432
vt 0.506618 0.033855
vt 0.452719 0.037670
vt 0.454604 0.037611
vt 0.742999 0.289939
vt 0.798246 0.287289
vt 0.603542 0.228642
vt 0.546725 0.968085
vt 0.523489 0.614149
vt 0.508858 0.582302
vt 0.524229 0.582524
vt 0.497266 0.992686
vt 0.487894 0.959926
vt 0.502722 0.962157
vt 0.453881 0.009479
vt 0.739054 0.068073
vt 0.756961 0.071616
vt 0.688253 0.023490
vt 0.890789 0.176438
vt 0.542229 0.999870
vt 0.536846 0.966857
vt 0.507414 0.645319
vt 0.504804 0.962466
vt 0.532341 0.998520
vt 0.499328 0.993196
vt 0.446649 0.984663
vt 0.450338 0.956047
vt 0.448545 0.984795
vt 0.774216 0.242741
vt 0.587552 0.084765
vt 0.595754 0.089252
vt 0.563541 0.775442
vt 0.555052 0.742729
vt 0.503099 0.004163
vt 0.448386 0.955904
vt 0.452721 0.926070
vt 0.657925 0.101815
vt 0.859211 0.173174
vt 0.884512 0.113538
vt 0.566452 0.424777
vt 0.495827 0.123796
vt 0.510696 0.122975
vt 0.494205 0.898641
vt 0.509583 0.899928
vt 0.450770 0.925914
vt 0.455135 0.895549
vt 0.670865 0.088860
vt 0.662235 0.034315
vt 0.603404 0.093263
vt 0.569272 0.145159
vt 0.584464 0.116810
vt 0.561308 0.302786
vt 0.559989 0.272634
vt 0.520644 0.773283
vt 0.553589 0.774896
vt 0.511760 0.900129
vt 0.455406 0.864272
vt 0.457464 0.864413
vt 0.812051 0.116649
vt 0.605544 0.263392
vt 0.543452 0.000130
vt 0.546225 0.029862
vt 0.498781 0.184032
vt 0.512251 0.153064
vt 0.513681 0.183366
vt 0.551670 0.807023
vt 0.459417 0.833143
vt 0.600926 0.148214
vt 0.637339 0.170015
vt 0.745701 0.000130
vt 0.558934 0.242392
vt 0.499749 0.214287
vt 0.515019 0.213685
vt 0.459188 0.801889
vt 0.461242 0.802001
vt 0.721069 0.253442
vt 0.519246 0.274058
vt 0.462858 0.770328
vt 0.647840 0.116941
vt 0.561668 0.807755
vt 0.501179 0.244642
vt 0.516043 0.244073
vt 0.522086 0.741066
vt 0.460766 0.770224
vt 0.464343 0.738725
vt 0.819252 0.187553
vt 0.745256 0.312362
vt 0.714123 0.000140
vt 0.463866 0.707152
vt 0.465954 0.707232
vt 0.627846 0.285587
vt 0.523109 0.709225
vt 0.466754 0.675558
vt 0.658122 0.026815
vt 0.638879 0.049905
vt 0.776720 0.006359
vt 0.490640 0.035394
vt 0.465692 0.644142
vt 0.467776 0.644204
vt 0.508677 0.488368
vt 0.523797 0.456988
vt 0.524388 0.488249
vt 0.575520 0.113978
vt 0.526405 0.582549
vt 0.468679 0.612689
vt 0.653964 0.303211
vt 0.491046 0.929634
vt 0.506484 0.931249
vt 0.466635 0.612638
vt 0.469339 0.581561
vt 0.702879 0.071715
vt 0.833057 0.285275
vt 0.467868 0.550367
vt 0.469922 0.550393
vt 0.637275 0.151772
vt 0.470135 0.519365
vt 0.822726 0.169663
vt 0.468163 0.488703
vt 0.470138 0.488694
vt 0.720813 0.068097
vt 0.525087 0.426070
vt 0.467938 0.458155
vt 0.448493 0.462145
vt 0.451652 0.492556
vt 0.447762 0.492457
vt 0.436395 0.063940
vt 0.438423 0.034266
vt 0.440184 0.063720
vt 0.438558 0.706529
vt 0.441382 0.737500
vt 0.437559 0.737368
vt 0.441876 0.093484
vt 0.438155 0.093706
vt 0.446554 0.278012
vt 0.451382 0.308940
vt 0.447476 0.309051
vt 0.441658 0.644979
vt 0.446884 0.614673
vt 0.445572 0.645167
vt 0.436497 0.768053
vt 0.440421 0.768197
vt 0.439100 0.798885
vt 0.435291 0.798735
vt 0.433832 0.004712
vt 0.434752 0.034424
vt 0.448935 0.431741
vt 0.452801 0.401260
vt 0.452766 0.431786
vt 0.445757 0.246940
vt 0.448258 0.216007
vt 0.449657 0.246816
vt 0.448661 0.370723
vt 0.452000 0.339824
vt 0.452584 0.370670
vt 0.441501 0.154528
vt 0.446927 0.185162
vt 0.443039 0.185357
vt 0.430115 0.920856
vt 0.432719 0.951103
vt 0.428962 0.950986
vt 0.452321 0.462226
vt 0.443967 0.675921
vt 0.440149 0.675733
vt 0.442487 0.706694
vt 0.443748 0.123596
vt 0.445432 0.154324
vt 0.444486 0.583882
vt 0.449569 0.553550
vt 0.448386 0.584055
vt 0.448171 0.339896
vt 0.450735 0.523191
vt 0.446897 0.523077
vt 0.431893 0.981530
vt 0.428117 0.981426
vt 0.444434 0.216174
vt 0.448999 0.401273
vt 0.431451 0.890315
vt 0.436607 0.860040
vt 0.435286 0.890497
vt 0.434054 0.829398
vt 0.432812 0.859877
vt 0.437961 0.829555
vt 0.445782 0.553400
vt 0.439916 0.123801
vt 0.450517 0.277901
vt 0.443083 0.614495
vt 0.433991 0.921022
vt 0.106756 0.458074
vt 0.007417 0.485354
vt 0.008082 0.455841
vt 0.017307 0.071057
vt 0.118039 0.041855
vt 0.118084 0.071505
vt 0.005500 0.695761
vt 0.108516 0.727584
vt 0.005013 0.726129
vt 0.118008 0.101259
vt 0.017076 0.100669
vt 0.014429 0.278577
vt 0.114830 0.311762
vt 0.013440 0.308118
vt 0.006230 0.635065
vt 0.109028 0.605102
vt 0.109296 0.635510
vt 0.004582 0.756493
vt 0.108095 0.758175
vt 0.107446 0.788761
vt 0.003928 0.786886
vt 0.017587 0.011917
vt 0.017389 0.041480
vt 0.009002 0.426263
vt 0.109584 0.400697
vt 0.107909 0.429586
vt 0.015099 0.248897
vt 0.117157 0.221139
vt 0.116639 0.251334
vt 0.011219 0.367344
vt 0.113308 0.341739
vt 0.111584 0.371537
vt 0.016679 0.159987
vt 0.117563 0.191030
vt 0.016212 0.189557
vt 0.001502 0.908595
vt 0.104173 0.941242
vt 0.000823 0.938937
vt 0.109150 0.666254
vt 0.005842 0.665415
vt 0.108929 0.696920
vt 0.117984 0.131096
vt 0.117874 0.161089
vt 0.006602 0.574878
vt 0.107835 0.544877
vt 0.108579 0.574724
vt 0.012307 0.337714
vt 0.107126 0.515527
vt 0.007022 0.515200
vt 0.103446 0.971723
vt 0.000130 0.969413
vt 0.015667 0.219228
vt 0.010017 0.396767
vt 0.002117 0.878074
vt 0.106176 0.849820
vt 0.105542 0.880290
vt 0.003384 0.817378
vt 0.002711 0.847685
vt 0.106873 0.819398
vt 0.006745 0.544911
vt 0.016915 0.130293
vt 0.115944 0.281624
vt 0.006368 0.604998
vt 0.104887 0.910868
vt 0.345404 0.795194
vt 0.306850 0.763055
vt 0.346612 0.764472
vt 0.268908 0.699890
vt 0.307854 0.732233
vt 0.267915 0.730908
vt 0.228719 0.698756
vt 0.227930 0.729788
vt 0.188582 0.697932
vt 0.187986 0.728892
vt 0.148637 0.697361
vt 0.148168 0.728181
vt 0.309579 0.039245
vt 0.271950 0.069989
vt 0.271228 0.040259
vt 0.233424 0.070715
vt 0.232903 0.041007
vt 0.194936 0.071191
vt 0.194601 0.041505
vt 0.154213 0.313503
vt 0.155278 0.282812
vt 0.156490 0.071441
vt 0.156315 0.041775
vt 0.184367 0.882192
vt 0.144243 0.911807
vt 0.144939 0.881209
vt 0.223817 0.883252
vt 0.183618 0.912805
vt 0.263279 0.884399
vt 0.223007 0.913876
vt 0.302739 0.885636
vt 0.262402 0.915025
vt 0.272555 0.099907
vt 0.234292 0.130637
vt 0.233825 0.100601
vt 0.354245 0.219307
vt 0.313827 0.189798
vt 0.353302 0.188656
vt 0.182813 0.943198
vt 0.342184 0.886965
vt 0.301793 0.916254
vt 0.195495 0.252647
vt 0.155865 0.252125
vt 0.305722 0.793809
vt 0.267035 0.761768
vt 0.235456 0.252683
vt 0.195210 0.283725
vt 0.275495 0.252167
vt 0.235686 0.283915
vt 0.315419 0.251225
vt 0.276195 0.283309
vt 0.156540 0.101242
vt 0.355237 0.250045
vt 0.316367 0.282192
vt 0.195149 0.101036
vt 0.156646 0.131155
vt 0.195421 0.131018
vt 0.261482 0.945422
vt 0.181992 0.973682
vt 0.143488 0.942190
vt 0.311326 0.098939
vt 0.273235 0.129984
vt 0.148716 0.604514
vt 0.147689 0.758882
vt 0.300814 0.946644
vt 0.221271 0.974761
vt 0.222145 0.944274
vt 0.350130 0.097685
vt 0.312228 0.129046
vt 0.187400 0.759690
vt 0.340129 0.947932
vt 0.341163 0.917567
vt 0.260553 0.975909
vt 0.186608 0.790423
vt 0.146360 0.820245
vt 0.146984 0.789549
vt 0.227200 0.760643
vt 0.195651 0.191438
vt 0.156671 0.161258
vt 0.195625 0.161216
vt 0.299833 0.977126
vt 0.226296 0.791416
vt 0.185910 0.821169
vt 0.118119 0.012294
vt 0.156260 0.012229
vt 0.234969 0.191224
vt 0.234707 0.160908
vt 0.339107 0.978405
vt 0.266012 0.792545
vt 0.225506 0.822192
vt 0.156244 0.221655
vt 0.347697 0.733705
vt 0.274381 0.190670
vt 0.273875 0.160303
vt 0.265124 0.823330
vt 0.156501 0.191348
vt 0.189233 0.603930
vt 0.149057 0.635397
vt 0.313095 0.159401
vt 0.304742 0.824582
vt 0.230756 0.604215
vt 0.189348 0.635404
vt 0.352358 0.158213
vt 0.185102 0.851667
vt 0.148909 0.666477
vt 0.272386 0.605612
vt 0.230185 0.635962
vt 0.195618 0.221926
vt 0.224621 0.852712
vt 0.313163 0.607897
vt 0.271104 0.637224
vt 0.235217 0.221829
vt 0.351263 0.127814
vt 0.264156 0.853855
vt 0.353226 0.610235
vt 0.311632 0.639015
vt 0.274909 0.221316
vt 0.189018 0.666834
vt 0.303691 0.855099
vt 0.142718 0.972671
vt 0.314586 0.220441
vt 0.229432 0.667540
vt 0.343215 0.856444
vt 0.344347 0.825943
vt 0.269909 0.668700
vt 0.145617 0.850709
vt 0.194379 0.011959
vt 0.310192 0.670234
vt 0.310508 0.068996
vt 0.232494 0.011453
vt 0.350212 0.671943
vt 0.309002 0.701289
vt 0.349086 0.067734
vt 0.270615 0.010686
vt 0.194543 0.315077
vt 0.308757 0.009644
vt 0.235829 0.315512
vt 0.347957 0.037974
vt 0.346941 0.008321
vt 0.277004 0.314692
vt 0.357235 0.311642
vt 0.356279 0.280904
vt 0.317359 0.313175
vt 0.351725 0.640965
vt 0.122748 0.497770
vt 0.135310 0.514289
vt 0.132905 0.516277
vt 0.149495 0.530881
vt 0.147458 0.533528
vt 0.166395 0.545073
vt 0.164888 0.548591
vt 0.186547 0.556416
vt 0.185547 0.560455
vt 0.208670 0.563920
vt 0.208075 0.568285
vt 0.231847 0.566966
vt 0.231764 0.571565
vt 0.255606 0.569158
vt 0.255168 0.564755
vt 0.278551 0.562129
vt 0.277690 0.558021
vt 0.299874 0.550913
vt 0.298480 0.547299
vt 0.318108 0.536301
vt 0.316138 0.533540
vt 0.333513 0.519291
vt 0.331137 0.517183
vt 0.344506 0.500796
vt 0.341736 0.499402
vt 0.351554 0.480865
vt 0.351218 0.460549
vt 0.354207 0.460585
vt 0.349068 0.440920
vt 0.352030 0.440274
vt 0.342716 0.421554
vt 0.345513 0.420238
vt 0.332611 0.403590
vt 0.335035 0.401540
vt 0.318130 0.386887
vt 0.320182 0.384205
vt 0.301176 0.372510
vt 0.302686 0.369011
vt 0.281247 0.361344
vt 0.282195 0.357368
vt 0.259524 0.354424
vt 0.259977 0.350139
vt 0.236617 0.352424
vt 0.236530 0.347848
vt 0.212771 0.350942
vt 0.213310 0.355327
vt 0.189931 0.358321
vt 0.190839 0.362403
vt 0.168777 0.369639
vt 0.170175 0.373221
vt 0.150716 0.384151
vt 0.152656 0.386884
vt 0.135423 0.400861
vt 0.137745 0.402967
vt 0.124467 0.418947
vt 0.127169 0.420340
vt 0.117367 0.438387
vt 0.120244 0.439125
vt 0.114551 0.458171
vt 0.119411 0.477440
vt 0.116505 0.478051
vt 0.114958 0.507457
vt 0.119691 0.531916
vt 0.112098 0.482646
vt 0.111320 0.458142
vt 0.113152 0.433615
vt 0.117074 0.409020
vt 0.122869 0.384814
vt 0.130117 0.361079
vt 0.138414 0.338788
vt 0.169673 0.334638
vt 0.202374 0.332380
vt 0.236093 0.331310
vt 0.269605 0.331890
vt 0.302035 0.334236
vt 0.333322 0.338807
vt 0.341188 0.361475
vt 0.347921 0.385707
vt 0.352951 0.410453
vt 0.356171 0.435571
vt 0.357204 0.460664
vt 0.355601 0.485703
vt 0.351727 0.510934
vt 0.345911 0.535630
vt 0.338485 0.559703
vt 0.329872 0.582403
vt 0.298153 0.586260
vt 0.265173 0.588007
vt 0.231227 0.588261
vt 0.197414 0.586703
vt 0.164778 0.583685
vt 0.133609 0.578606
vt 0.126098 0.555875
vt 0.106694 0.486448
vt 0.355156 0.579557
vt 0.357106 0.549235
vt 0.359122 0.519436
vt 0.360769 0.489779
vt 0.361643 0.460749
vt 0.361410 0.431660
vt 0.360527 0.402277
vt 0.359515 0.372537
vt 0.358303 0.342230
vt 0.133603 0.494984
vt 0.130234 0.476691
vt 0.136550 0.494410
vt 0.308025 0.529392
vt 0.319784 0.513338
vt 0.322851 0.514435
vt 0.237016 0.364549
vt 0.255050 0.368108
vt 0.237210 0.368695
vt 0.157632 0.527069
vt 0.146597 0.510892
vt 0.160519 0.525642
vt 0.333539 0.497579
vt 0.337577 0.479019
vt 0.340534 0.479335
vt 0.217054 0.365947
vt 0.199475 0.373680
vt 0.197302 0.370713
vt 0.193047 0.548492
vt 0.177229 0.537239
vt 0.195233 0.545669
vt 0.178162 0.379308
vt 0.163695 0.392628
vt 0.160806 0.391065
vt 0.340967 0.441506
vt 0.340320 0.460408
vt 0.337998 0.441741
vt 0.232041 0.555231
vt 0.213678 0.550259
vt 0.232106 0.551224
vt 0.146030 0.405774
vt 0.138214 0.422925
vt 0.135268 0.422217
vt 0.324130 0.406134
vt 0.331410 0.423750
vt 0.320993 0.407159
vt 0.251757 0.554428
vt 0.269294 0.546890
vt 0.271406 0.549813
vt 0.128154 0.439999
vt 0.128084 0.458465
vt 0.125197 0.458402
vt 0.293064 0.378160
vt 0.306780 0.392274
vt 0.290201 0.380303
vt 0.127329 0.476909
vt 0.290593 0.541277
vt 0.305151 0.527843
vt 0.256135 0.364610
vt 0.272723 0.372086
vt 0.143548 0.511868
vt 0.330555 0.496894
vt 0.218312 0.369609
vt 0.174398 0.539405
vt 0.343283 0.460447
vt 0.180977 0.381626
vt 0.212419 0.553759
vt 0.149093 0.406899
vt 0.334426 0.423147
vt 0.250614 0.550870
vt 0.131054 0.440344
vt 0.309755 0.390826
vt 0.287807 0.538982
vt 0.274859 0.369279
vt 0.125507 0.496498
vt 0.348604 0.480141
vt 0.117469 0.458235
vt 0.459984 0.215899
vt 0.453823 0.066659
vt 0.452088 0.009512
vt 0.453121 0.895400
vt 0.457405 0.833021
vt 0.462312 0.738625
vt 0.464727 0.675500
vt 0.467335 0.581522
vt 0.468120 0.519352
vt 0.465759 0.367057
vt 0.348931 0.702850
vt 0.508548 0.457425
vt 0.506321 0.426660
vt 0.507169 0.396076
vt 0.505607 0.396128
vt 0.503054 0.335490
vt 0.501187 0.274742
vt 0.502713 0.274680
vt 0.498175 0.214349
vt 0.496200 0.153915
vt 0.497720 0.153839
vt 0.492870 0.094031
vt 0.492633 0.064494
vt 0.491132 0.064589
vt 0.486076 0.007800
vt 0.482032 0.988738
vt 0.483488 0.988963
vt 0.486368 0.959731
vt 0.489477 0.929470
vt 0.495079 0.867140
vt 0.496711 0.867267
vt 0.497504 0.835506
vt 0.499596 0.804052
vt 0.501222 0.804140
vt 0.502562 0.740379
vt 0.504219 0.740461
vt 0.504074 0.708608
vt 0.504611 0.676748
vt 0.505820 0.645264
vt 0.508465 0.613761
vt 0.506850 0.613724
vt 0.507244 0.582287
vt 0.509019 0.550758
vt 0.507492 0.519540
vt 0.507086 0.488385
vt 0.506962 0.457447
vt 0.518556 0.805044
vt 0.508605 0.931477
vt 0.526514 0.551031
vt 0.524283 0.677351
vt 0.504322 0.365811
vt 0.502125 0.305028
vt 0.499630 0.244717
vt 0.497231 0.184086
vt 0.494271 0.123879
vt 0.489161 0.035526
vt 0.492606 0.898497
vt 0.500920 0.772248
vt 0.507390 0.550751
vt 0.559503 0.839749
vt 0.749750 0.137700
vt 0.749750 0.831300
vt 0.749750 1.193600
vt 0.000000 0.000000
vt 0.822693 0.151426
vt 0.789381 0.232545
vt 0.739358 0.253418
vt 0.884466 0.207225
vt 0.534144 0.000797
vt 0.640864 0.133837
vt 0.437636 0.004589
s 1
f 39/1/1 5/2/2 40/3/3
f 42/4/4 2/5/5 3/6/6
f 34/7/7 5/2/2 6/8/8
f 47/9/9 7/10/10 8/11/11
f 34/7/7 7/10/10 44/12/12
f 45/13/13 10/14/14 11/15/15
f 33/16/16 13/17/17 36/18/18
f 31/19/19 15/20/20 16/21/21
f 48/22/22 18/23/23 51/24/24
f 60/25/25 21/20/26 59/26/27
f 38/27/28 23/28/29 37/29/30
f 32/30/31 26/14/32 57/31/33
f 55/7/34 29/10/35 30/8/36
f 52/32/37 27/33/38 28/34/39
f 55/7/34 1/2/40 49/35/41
f 47/36/9 9/33/42 54/37/43
f 46/38/44 9/33/42 10/14/14
f 41/39/45 13/28/17 14/40/46
f 50/41/47 20/21/48 60/25/25
f 39/1/1 3/6/6 4/5/49
f 51/24/24 19/42/50 50/41/47
f 59/26/27 22/40/51 38/27/28
f 31/19/19 17/42/52 48/22/22
f 32/30/31 24/43/53 25/15/54
f 58/44/55 23/17/29 24/43/53
f 53/45/56 26/14/32 27/33/38
f 52/9/37 29/10/35 56/46/57
f 43/47/58 1/2/40 2/5/5
f 41/39/45 15/20/20 35/48/59
f 45/13/13 12/43/60 33/16/16
f 76/49/61 43/47/58 42/4/4
f 34/7/7 78/50/62 40/3/3
f 81/51/63 44/12/12 47/9/9
f 80/52/64 34/7/7 44/12/12
f 45/13/13 83/53/65 46/38/44
f 86/54/66 33/16/16 36/18/18
f 31/19/19 88/55/67 35/48/59
f 61/56/68 48/22/22 51/24/24
f 64/55/69 60/25/25 59/26/27
f 66/57/70 38/27/28 37/29/30
f 69/53/71 32/30/31 57/31/33
f 55/7/34 72/52/72 56/46/57
f 71/58/73 53/45/56 52/32/37
f 74/50/74 55/7/34 49/35/41
f 54/37/43 81/51/63 47/36/9
f 46/38/44 82/59/75 54/37/43
f 41/39/45 86/54/66 36/60/18
f 60/25/25 62/61/76 50/41/47
f 39/1/1 76/49/61 42/4/4
f 50/41/47 61/56/68 51/24/24
f 65/62/77 59/26/27 38/27/28
f 90/61/78 31/19/19 48/22/22
f 32/30/31 67/63/79 58/44/55
f 58/44/55 66/57/70 37/64/30
f 70/59/80 57/31/33 53/45/56
f 56/46/57 71/58/73 52/9/37
f 75/65/81 49/35/41 43/47/58
f 35/48/59 87/62/82 41/39/45
f 85/63/83 45/13/13 33/16/16
f 40/3/3 77/65/84 39/1/1
f 746/66/85 274/67/86 281/68/87
f 112/69/88 119/70/89 118/71/90
f 243/72/91 249/73/92 242/74/93
f 265/75/94 270/76/95 264/77/96
f 271/78/97 278/79/98 277/80/99
f 296/81/100 304/82/101 303/83/102
f 855/84/103 224/85/104 853/86/105
f 740/87/106 234/88/107 241/89/108
f 815/90/109 100/91/110 99/92/111
f 903/93/112 104/94/113 901/95/114
f 738/96/115 234/88/107 739/97/116
f 126/98/117 132/99/118 125/100/119
f 207/101/120 215/102/121 214/103/122
f 108/104/123 114/105/124 107/106/125
f 258/107/126 266/108/127 265/109/94
f 861/110/128 260/111/129 863/112/130
f 818/113/131 116/114/132 109/115/133
f 901/95/114 111/116/134 899/117/135
f 118/71/90 319/118/136 112/69/88
f 113/119/137 105/120/138 106/121/139
f 115/122/140 120/123/141 114/105/124
f 285/124/142 290/125/143 284/126/144
f 100/91/110 97/127/145 99/92/111
f 872/128/146 298/129/147 874/130/148
f 820/131/149 123/132/150 822/133/151
f 111/116/134 882/134/152 899/117/135
f 125/100/119 318/135/153 118/71/90
f 168/136/154 174/137/155 167/138/156
f 270/76/95 275/139/157 269/140/158
f 155/141/159 147/142/160 148/143/161
f 150/144/162 156/145/163 149/146/164
f 185/147/165 177/148/166 178/149/167
f 868/150/168 272/151/169 867/152/170
f 823/153/171 116/114/132 821/154/172
f 882/134/152 124/155/173 909/156/174
f 322/157/175 300/158/176 91/159/177
f 207/101/120 213/160/178 206/161/179
f 289/162/180 294/163/181 288/164/182
f 184/165/183 189/166/184 183/167/185
f 191/168/186 184/169/183 185/147/165
f 278/79/98 284/126/144 277/80/99
f 843/170/187 199/171/188 845/172/189
f 823/153/171 129/173/190 122/174/191
f 909/156/174 131/175/192 883/176/193
f 200/177/194 307/178/195 194/179/196
f 133/180/197 139/181/198 132/99/118
f 250/182/199 256/183/200 249/73/92
f 295/184/201 303/185/102 302/186/202
f 217/187/203 223/188/204 216/189/205
f 129/173/190 121/190/206 122/174/191
f 267/191/207 866/192/208 864/193/209
f 824/194/210 136/195/211 129/173/190
f 883/176/193 138/196/212 890/197/213
f 738/96/115 220/198/214 227/199/215
f 119/70/89 125/100/119 118/71/90
f 276/200/216 282/201/217 275/139/157
f 197/202/218 189/166/184 190/203/219
f 157/204/220 163/205/221 156/145/163
f 163/205/221 171/206/222 170/207/223
f 102/208/224 819/209/225 816/210/226
f 831/211/227 143/212/228 828/213/229
f 138/196/212 898/214/230 890/197/213
f 221/215/231 227/199/215 220/198/214
f 139/181/198 147/142/160 146/216/232
f 229/217/233 221/215/231 222/218/234
f 203/219/235 208/220/236 202/221/237
f 304/82/101 97/127/145 303/83/102
f 251/222/238 259/223/239 258/107/126
f 232/224/240 857/225/241 854/226/242
f 150/144/162 832/227/243 157/204/220
f 145/228/244 905/229/245 898/214/230
f 315/230/246 146/216/232 314/231/247
f 249/73/92 255/232/248 248/233/249
f 229/217/233 235/234/250 228/235/251
f 244/236/252 236/237/253 237/238/254
f 156/239/163 148/143/161 149/240/164
f 852/241/255 232/224/240 854/226/242
f 834/242/256 157/204/220 832/227/243
f 905/229/245 159/243/257 895/244/258
f 139/181/198 316/245/259 132/99/118
f 147/142/160 153/246/260 146/216/232
f 95/247/261 94/248/262 93/249/263
f 237/238/254 229/217/233 230/250/264
f 246/251/265 861/110/128 858/252/266
f 834/242/256 171/206/222 164/253/267
f 895/244/258 166/254/268 892/255/269
f 742/256/270 248/233/249 255/232/248
f 236/237/253 242/74/93 235/234/250
f 142/257/271 148/143/161 141/258/272
f 291/259/273 296/81/100 290/125/143
f 265/109/94 272/151/169 271/78/97
f 130/260/274 826/261/275 825/262/276
f 838/263/277 171/206/222 836/264/278
f 166/254/268 908/265/279 892/255/269
f 262/266/280 742/256/270 255/232/248
f 294/163/181 287/267/281 288/164/182
f 134/268/282 126/98/117 127/269/283
f 251/270/238 257/271/284 250/182/199
f 170/207/223 178/149/167 177/148/166
f 815/90/109 304/82/101 876/272/285
f 179/273/286 840/274/287 839/275/288
f 173/276/289 887/277/290 908/265/279
f 132/99/118 317/278/291 125/100/119
f 161/279/292 153/246/260 154/280/293
f 154/280/293 162/281/294 161/279/292
f 98/282/295 95/247/261 97/283/145
f 210/284/296 216/189/205 209/285/297
f 819/209/225 117/286/298 820/131/149
f 178/149/167 841/287/299 185/147/165
f 180/288/300 885/289/301 887/277/290
f 293/290/302 747/291/303 287/267/281
f 182/292/304 187/293/305 181/294/306
f 257/271/284 263/295/307 256/183/200
f 290/296/143 283/297/308 284/298/144
f 109/115/133 115/299/140 108/300/123
f 231/301/309 223/188/204 224/85/104
f 875/302/310 304/82/101 297/303/311
f 185/147/165 842/304/312 191/168/186
f 885/289/301 193/305/313 906/306/314
f 92/307/315 322/157/175 91/159/177
f 93/249/263 300/158/176 301/308/316
f 133/180/197 141/258/272 140/309/317
f 251/270/238 243/72/91 244/236/252
f 203/310/235 210/284/296 209/285/297
f 869/311/318 286/312/319 871/313/320
f 845/314/189 205/315/321 846/316/322
f 193/305/313 884/317/323 906/306/314
f 736/318/324 220/198/214 737/319/325
f 201/320/326 206/161/179 200/177/194
f 113/119/137 120/123/141 119/70/89
f 271/321/97 276/200/216 270/76/95
f 197/322/218 204/323/327 203/310/235
f 273/324/328 869/311/318 866/192/208
f 847/325/329 198/326/330 844/327/331
f 325/328/332 880/329/333 884/330/323
f 749/331/334 293/290/302 300/158/176
f 91/159/177 94/248/262 92/307/315
f 189/166/184 182/292/304 183/167/185
f 177/332/166 183/167/185 176/333/335
f 244/334/252 252/335/336 251/222/238
f 844/336/331 191/168/186 842/304/312
f 847/325/329 210/284/296 204/323/327
f 329/337/337 879/338/338 880/329/333
f 187/293/305 309/339/339 181/294/306
f 268/340/340 275/139/157 274/67/86
f 295/184/201 301/308/316 294/163/181
f 258/341/126 264/77/96 257/271/284
f 98/342/295 109/115/133 108/300/123
f 172/343/341 839/275/288 837/344/342
f 218/345/343 852/241/255 851/346/344
f 212/347/345 881/348/346 879/338/338
f 308/349/347 194/179/196 307/178/195
f 195/350/348 200/177/194 194/179/196
f 183/167/185 175/351/349 176/333/335
f 163/352/221 169/353/350 162/281/294
f 128/354/351 136/195/211 135/355/352
f 859/356/353 252/335/336 245/357/354
f 850/358/355 224/85/104 217/187/203
f 881/348/346 226/359/356 886/360/357
f 741/361/358 241/89/108 248/233/249
f 242/74/93 234/88/107 235/234/250
f 302/186/202 93/249/263 301/308/316
f 142/257/271 134/268/282 135/362/352
f 191/168/186 197/363/218 190/364/219
f 158/365/359 835/366/360 833/367/361
f 855/84/103 238/368/362 231/301/309
f 226/359/356 902/369/363 886/360/357
f 160/370/364 313/371/365 153/246/260
f 175/351/349 181/294/306 174/137/155
f 106/121/139 92/307/315 94/248/262
f 140/309/317 148/143/161 147/142/160
f 216/372/205 222/218/234 215/102/121
f 143/212/228 149/146/164 142/373/271
f 151/374/366 833/367/361 830/375/367
f 857/225/241 246/251/265 858/252/266
f 902/369/363 240/376/368 896/377/369
f 320/378/370 92/307/315 105/120/138
f 263/295/307 255/232/248 256/183/200
f 222/218/234 214/103/122 215/102/121
f 97/283/145 302/186/202 303/185/102
f 136/195/211 142/373/271 135/355/352
f 827/379/371 143/212/228 136/195/211
f 238/368/362 859/356/353 245/357/354
f 240/376/368 889/380/372 896/377/369
f 310/381/373 167/138/156 174/137/155
f 241/89/108 249/73/92 248/233/249
f 283/297/308 288/164/182 282/201/217
f 276/200/216 284/298/144 283/297/308
f 238/368/362 244/334/252 237/382/254
f 826/261/275 144/383/374 829/384/375
f 860/385/376 259/223/239 252/335/336
f 247/386/377 893/387/378 889/380/372
f 745/388/379 268/340/340 274/67/86
f 228/235/251 234/88/107 227/199/215
f 96/389/380 106/121/139 94/248/262
f 209/390/297 215/102/121 208/220/236
f 210/284/296 850/358/355 217/187/203
f 863/112/130 267/191/207 864/193/209
f 893/387/378 261/391/381 894/392/382
f 310/381/373 181/294/306 309/339/339
f 214/103/122 220/198/214 213/160/178
f 168/136/154 176/333/335 175/351/349
f 128/393/351 134/268/282 127/269/283
f 862/394/383 266/108/127 259/223/239
f 261/391/381 891/395/384 894/392/382
f 319/118/136 105/120/138 112/69/88
f 263/295/307 268/340/340 262/266/280
f 196/396/385 188/397/386 189/166/184
f 223/398/204 229/217/233 222/218/234
f 840/274/287 192/399/387 843/170/187
f 266/108/127 867/152/170 272/151/169
f 891/395/384 326/400/388 897/401/389
f 313/371/365 146/216/232 153/246/260
f 305/402/390 814/403/391 877/404/392
f 127/269/283 119/70/89 120/123/141
f 170/405/223 176/333/335 169/353/350
f 123/132/150 825/262/276 822/133/151
f 278/79/98 870/406/393 285/124/142
f 326/400/388 900/407/394 897/401/389
f 747/291/303 281/68/87 287/267/281
f 188/397/386 194/179/196 187/293/305
f 195/350/348 202/221/237 201/320/326
f 121/408/206 127/269/283 120/123/141
f 846/316/322 211/409/395 848/410/396
f 286/312/319 872/128/146 871/313/320
f 280/411/397 888/412/398 900/407/394
f 206/161/179 734/413/399 200/177/194
f 274/67/86 282/201/217 281/68/87
f 264/77/96 269/140/158 263/295/307
f 289/162/180 296/414/100 295/184/201
f 116/114/132 121/190/206 115/299/140
f 874/130/148 305/402/390 877/404/392
f 870/406/393 291/259/273 285/124/142
f 888/412/398 323/415/400 878/416/401
f 167/138/156 312/417/402 160/370/364
f 293/290/302 301/308/316 300/158/176
f 208/220/236 201/320/326 202/221/237
f 197/202/218 202/221/237 196/396/385
f 835/366/360 172/343/341 837/344/342
f 291/259/273 875/302/310 297/303/311
f 323/415/400 907/418/403 878/416/401
f 744/419/404 262/266/280 268/340/340
f 161/279/292 167/138/156 160/370/364
f 107/106/125 113/119/137 106/121/139
f 98/282/295 107/106/125 96/389/380
f 848/410/396 218/345/343 851/346/344
f 907/418/403 306/420/405 904/421/406
f 213/160/178 735/422/407 206/161/179
f 282/201/217 287/267/281 281/68/87
f 169/353/350 161/279/292 162/281/294
f 156/239/163 162/281/294 155/141/159
f 829/384/375 151/374/366 830/375/367
f 817/423/408 109/115/133 100/91/110
f 904/421/406 103/424/409 903/93/112
f 765/425/410 394/426/411 750/427/412
f 766/428/413 377/429/414 376/430/415
f 752/431/416 386/432/417 767/433/418
f 766/428/413 375/434/419 768/435/420
f 753/436/421 368/437/422 769/438/423
f 770/439/424 390/440/425 389/441/426
f 771/442/427 386/432/417 385/443/428
f 771/442/427 384/444/429 772/445/430
f 755/446/431 377/429/414 751/447/432
f 773/448/433 365/449/434 364/450/435
f 774/451/436 371/452/437 370/453/438
f 775/454/439 367/455/440 366/456/441
f 759/457/442 372/458/443 776/459/444
f 760/460/445 379/461/446 777/462/447
f 773/448/433 363/463/448 765/425/410
f 770/439/424 388/464/449 778/465/450
f 752/431/416 388/464/449 387/466/451
f 759/457/442 374/467/452 373/468/453
f 779/469/454 392/470/455 391/471/456
f 769/438/423 367/455/440 758/472/457
f 750/427/412 393/473/458 780/474/459
f 777/462/447 378/475/460 755/476/431
f 776/459/444 371/452/437 757/477/461
f 775/454/439 365/449/434 756/478/462
f 781/479/463 382/480/464 381/481/465
f 764/482/466 382/480/464 763/483/467
f 764/482/466 384/444/429 383/484/468
f 780/474/459 392/470/455 762/485/469
f 761/486/470 375/434/419 374/467/452
f 753/436/421 370/453/438 369/487/471
f 779/469/454 390/440/425 754/488/472
f 760/460/445 381/481/465 380/489/473
f 395/490/474 362/491/412 331/492/475
f 344/493/476 398/494/432 397/495/476
f 355/496/477 399/497/478 354/498/479
f 344/493/476 401/499/480 343/500/481
f 337/501/421 402/502/482 336/503/483
f 357/504/484 405/505/485 404/506/486
f 353/507/487 399/497/478 406/508/488
f 353/507/487 407/509/489 352/510/490
f 346/511/491 398/494/432 345/512/492
f 332/513/493 410/514/494 409/515/495
f 338/516/496 412/517/497 411/518/498
f 334/519/499 414/520/500 413/521/501
f 341/522/502 415/523/503 340/524/504
f 348/525/505 417/526/506 347/527/507
f 331/492/475 409/515/495 395/490/474
f 357/504/484 419/528/508 356/529/508
f 355/496/477 419/528/508 400/530/509
f 341/522/502 420/531/510 416/532/511
f 359/533/512 422/534/513 421/535/514
f 336/503/483 414/520/500 335/536/515
f 362/491/412 423/537/516 361/538/517
f 347/527/507 408/539/491 346/540/491
f 340/524/504 412/517/497 339/541/518
f 334/519/499 410/514/494 333/542/519
f 349/543/520 425/544/521 424/545/522
f 351/546/523 425/544/521 350/547/521
f 351/546/523 407/509/489 426/548/524
f 361/538/517 422/534/513 360/549/525
f 342/550/526 401/499/480 420/531/510
f 337/501/421 411/518/498 403/551/421
f 359/533/512 405/505/485 358/552/527
f 348/525/505 424/545/522 418/553/528
f 449/554/529 495/555/487 448/556/487
f 558/557/530 481/558/478 486/559/478
f 563/560/530 486/559/478 491/561/478
f 568/562/530 491/561/478 496/563/531
f 573/564/509 496/563/531 501/565/532
f 400/530/509 501/565/532 399/497/478
f 528/566/492 511/567/476 533/568/492
f 533/568/492 516/569/476 538/570/492
f 538/570/492 521/571/476 543/572/492
f 565/573/533 403/551/421 523/574/421
f 543/572/492 526/575/476 548/576/492
f 548/576/492 397/495/476 398/494/432
f 474/577/522 512/578/534 479/579/522
f 469/580/522 507/581/534 474/577/522
f 464/582/522 502/583/528 469/580/522
f 459/584/535 497/585/528 464/582/522
f 461/586/481 477/587/536 466/588/537
f 434/589/518 534/590/503 453/591/538
f 502/583/528 524/592/507 507/581/534
f 458/593/539 492/594/528 459/584/535
f 460/595/498 523/574/421 465/596/498
f 470/597/529 500/598/487 495/555/487
f 569/599/498 518/600/421 460/595/498
f 564/601/540 513/602/421 569/599/498
f 559/603/540 508/604/421 564/601/540
f 476/605/481 397/495/476 526/575/476
f 451/606/498 503/607/421 559/603/540
f 471/608/541 487/609/542 476/605/481
f 466/588/537 482/610/536 471/608/541
f 514/611/507 502/583/528 497/585/528
f 468/612/491 529/613/507 524/592/507
f 570/614/541 472/615/543 461/586/481
f 498/616/544 404/506/486 405/505/485
f 496/563/531 515/617/545 501/565/532
f 509/618/507 497/585/528 492/594/528
f 463/619/491 524/592/507 519/620/546
f 445/621/547 467/622/536 570/614/541
f 501/565/532 406/508/488 399/497/478
f 491/561/478 510/623/488 496/563/531
f 454/624/447 492/594/528 437/625/534
f 572/626/491 519/620/546 514/611/507
f 485/627/548 551/628/524 490/629/549
f 490/629/549 406/508/488 515/617/545
f 486/559/478 505/630/487 491/561/478
f 549/631/538 537/632/511 532/633/511
f 567/634/491 514/611/507 509/618/507
f 480/635/549 546/636/523 485/627/548
f 548/576/492 408/637/491 473/638/491
f 481/558/478 500/598/487 486/559/478
f 544/639/503 532/633/511 527/640/550
f 432/641/491 509/618/507 454/624/447
f 475/642/549 541/643/524 480/635/549
f 562/644/518 411/518/498 412/517/497
f 444/645/478 495/555/487 481/558/478
f 539/646/503 527/640/550 522/647/511
f 482/610/536 537/632/511 487/609/542
f 470/597/529 536/648/523 475/642/549
f 554/649/538 416/532/511 537/632/511
f 493/650/551 540/651/552 498/616/544
f 534/590/503 522/647/511 517/652/550
f 477/587/536 532/633/511 482/610/536
f 449/554/529 531/653/523 470/597/529
f 529/613/507 418/553/528 512/578/534
f 488/654/553 535/655/552 493/650/551
f 453/591/538 517/652/550 436/656/511
f 472/615/543 527/640/550 477/587/536
f 571/657/521 551/628/524 546/636/523
f 504/658/508 404/506/486 540/651/552
f 483/659/554 530/660/552 488/654/553
f 557/661/555 465/596/498 562/644/518
f 467/622/536 522/647/511 472/615/543
f 566/662/521 546/636/523 541/643/524
f 504/658/508 400/530/509 419/528/508
f 478/663/556 525/664/557 483/659/554
f 552/665/558 460/595/498 557/661/555
f 438/666/536 517/652/550 467/622/536
f 561/667/521 541/643/524 536/648/523
f 487/609/542 416/532/511 420/531/510
f 431/668/559 520/669/557 478/663/556
f 547/670/558 569/599/498 552/665/558
f 499/671/560 573/564/509 504/658/508
f 556/672/521 536/648/523 531/653/523
f 473/673/491 417/526/506 529/613/507
f 471/608/541 526/575/476 521/571/476
f 542/674/497 564/601/540 547/670/558
f 494/675/560 568/562/530 499/671/560
f 440/676/521 531/653/523 441/677/523
f 562/644/518 415/523/503 554/649/538
f 466/588/537 521/571/476 516/569/476
f 434/589/518 559/603/540 542/674/497
f 489/678/560 563/560/530 494/675/560
f 571/657/521 479/579/522 462/679/521
f 462/679/521 424/545/522 425/544/521
f 461/586/481 516/569/476 511/567/476
f 543/572/492 473/638/491 468/680/491
f 484/681/508 558/557/530 489/678/560
f 566/662/521 474/577/522 571/657/521
f 462/679/521 426/548/524 551/628/524
f 570/614/541 511/567/476 506/682/476
f 538/570/492 468/680/491 463/683/491
f 455/684/560 553/685/509 484/681/508
f 561/667/521 469/580/522 566/662/521
f 490/629/549 426/548/524 407/509/489
f 445/621/547 506/682/476 443/686/476
f 533/568/492 463/683/491 572/687/491
f 499/671/560 540/651/552 535/655/552
f 556/672/521 464/582/522 561/667/521
f 476/605/481 420/531/510 401/499/480
f 560/688/561 523/574/421 518/600/421
f 528/566/492 572/687/491 567/689/491
f 494/675/560 535/655/552 530/660/552
f 440/676/521 459/584/535 556/672/521
f 465/596/498 403/551/421 411/518/498
f 555/690/562 518/600/421 513/602/421
f 428/691/432 567/689/491 432/692/491
f 489/678/560 530/660/552 525/664/557
f 557/661/555 554/649/538 549/631/538
f 479/579/522 418/553/528 424/545/522
f 550/693/563 513/602/421 508/604/421
f 485/627/548 515/617/545 510/623/488
f 484/681/508 525/664/557 520/669/557
f 552/665/558 549/631/538 544/639/503
f 446/694/564 503/607/421 430/695/565
f 545/696/566 508/604/421 503/607/421
f 480/635/549 510/623/488 505/630/487
f 455/684/560 520/669/557 447/697/557
f 547/670/558 544/639/503 539/646/503
f 428/691/432 506/682/476 528/566/492
f 475/642/549 505/630/487 500/598/487
f 524/592/507 512/578/534 507/581/534
f 542/674/497 539/646/503 534/590/503
f 553/685/509 444/645/478 481/558/478
f 637/698/567 603/699/568 636/700/569
f 636/700/569 602/701/570 635/702/571
f 635/702/571 601/703/572 634/704/573
f 634/704/573 600/705/574 633/706/575
f 633/706/575 599/707/576 632/708/577
f 632/708/577 598/709/578 631/710/579
f 598/709/578 630/711/580 631/710/579
f 597/712/581 629/713/582 630/711/580
f 596/714/583 628/715/584 629/713/582
f 595/716/585 627/717/586 628/715/584
f 594/718/587 626/719/588 627/717/586
f 593/720/589 625/721/590 626/719/588
f 592/722/591 624/723/592 625/721/590
f 624/723/592 590/724/593 623/725/594
f 623/725/594 589/726/595 622/727/596
f 622/727/596 588/728/597 621/729/598
f 621/729/598 587/730/599 620/731/600
f 620/731/600 586/732/601 619/733/602
f 619/733/602 585/734/603 618/735/604
f 618/735/604 584/736/605 617/737/606
f 617/737/606 583/738/607 616/739/608
f 616/739/608 582/740/609 615/741/610
f 582/740/609 614/742/611 615/741/610
f 581/743/612 613/744/613 614/742/611
f 580/745/614 612/746/615 613/744/613
f 579/747/616 611/748/617 612/746/615
f 578/749/618 610/750/619 611/748/617
f 577/751/620 609/752/621 610/750/619
f 576/753/622 608/754/623 609/752/621
f 575/755/624 607/756/625 608/754/623
f 607/756/625 605/757/626 606/758/627
f 638/759/628 636/700/569 639/760/629
f 669/761/630 637/698/567 638/759/628
f 668/762/631 606/758/627 669/761/630
f 608/754/623 668/762/631 667/763/632
f 609/752/621 667/763/632 666/764/633
f 610/750/619 666/764/633 665/765/634
f 611/748/617 665/765/634 664/766/635
f 612/746/615 664/766/635 663/767/636
f 662/768/637 612/746/615 663/767/636
f 661/769/638 613/744/613 662/768/637
f 660/770/639 614/742/611 661/769/638
f 616/739/608 660/770/639 659/771/640
f 617/737/606 659/771/640 658/772/641
f 618/735/604 658/772/641 657/773/642
f 656/774/643 618/735/604 657/773/642
f 655/775/644 619/733/602 656/774/643
f 654/776/645 620/731/600 655/775/644
f 653/777/646 621/729/598 654/776/645
f 652/778/647 622/727/596 653/777/646
f 624/723/592 652/778/647 651/779/648
f 625/721/590 651/779/648 650/780/649
f 626/719/588 650/780/649 649/781/650
f 627/717/586 649/781/650 648/782/651
f 628/715/584 648/782/651 647/783/652
f 646/784/653 628/715/584 647/783/652
f 645/785/654 629/713/582 646/784/653
f 644/786/655 630/711/580 645/785/654
f 632/708/577 644/786/655 643/787/656
f 633/706/575 643/787/656 642/788/657
f 634/704/573 642/788/657 641/789/658
f 640/790/659 634/704/573 641/789/658
f 639/760/629 635/702/571 640/790/659
f 396/791/660 638/759/628 423/537/516
f 423/537/516 639/760/629 422/534/513
f 422/534/513 640/790/659 421/535/514
f 421/535/514 641/789/658 405/505/485
f 641/789/658 498/616/544 405/505/485
f 642/788/657 493/650/551 498/616/544
f 643/787/656 488/654/553 493/650/551
f 488/654/553 645/785/654 483/659/554
f 483/659/554 646/784/653 478/663/556
f 478/663/556 647/783/652 431/668/559
f 647/783/652 456/792/661 431/668/559
f 648/782/651 439/793/662 456/792/661
f 649/781/650 457/794/663 439/793/662
f 650/780/649 427/795/664 457/794/663
f 651/779/648 442/796/665 427/795/664
f 442/796/665 653/777/646 450/797/666
f 450/797/666 654/776/645 433/798/667
f 433/798/667 655/775/644 452/799/668
f 452/799/668 656/774/643 435/800/669
f 435/800/669 657/773/642 446/694/564
f 657/773/642 545/696/566 446/694/564
f 658/772/641 550/693/563 545/696/566
f 659/771/640 555/690/562 550/693/563
f 555/690/562 661/769/638 560/688/561
f 560/688/561 662/768/637 565/573/533
f 565/573/533 663/767/636 402/502/482
f 663/767/636 414/520/500 402/502/482
f 664/766/635 413/521/501 414/520/500
f 665/765/634 410/514/494 413/521/501
f 666/764/633 409/515/495 410/514/494
f 667/763/632 395/490/474 409/515/495
f 395/490/474 669/761/630 396/791/660
f 702/801/670 701/802/671 700/803/672
f 705/804/673 689/805/674 704/806/675
f 706/807/676 679/808/677 678/809/678
f 708/810/679 699/811/680 698/812/681
f 711/813/682 687/814/683 710/815/684
f 713/816/685 676/817/686 712/818/687
f 714/819/688 697/820/689 696/821/690
f 717/822/691 674/823/692 716/824/693
f 718/825/694 686/826/695 685/827/696
f 720/828/697 695/829/698 694/830/699
f 723/831/700 672/832/701 722/833/702
f 724/834/703 684/835/704 683/836/705
f 727/837/706 692/838/707 726/839/708
f 729/840/709 670/841/710 728/842/711
f 730/843/712 682/844/713 681/845/714
f 703/846/715 670/841/710 701/802/671
f 732/847/716 690/848/717 705/804/673
f 707/849/718 680/850/719 679/808/677
f 709/851/720 700/803/672 699/811/680
f 704/806/675 688/852/721 711/813/682
f 706/807/676 677/853/722 713/816/685
f 715/854/723 698/812/681 697/820/689
f 710/815/684 686/826/695 719/855/724
f 712/818/687 675/856/725 717/822/691
f 721/857/726 696/821/690 695/829/698
f 716/824/693 673/858/727 723/831/700
f 725/859/728 685/827/696 684/835/704
f 720/828/697 693/860/729 727/837/706
f 722/833/702 671/861/730 729/840/709
f 731/862/731 683/836/705 682/844/713
f 726/839/708 691/863/732 732/847/716
f 733/864/733 681/845/714 680/850/719
f 604/865/734 703/846/715 702/801/670
f 594/718/587 704/806/675 593/720/589
f 582/740/609 707/849/718 706/807/676
f 602/701/570 709/851/720 708/810/679
f 592/722/591 710/815/684 591/866/735
f 581/743/612 712/818/687 580/745/614
f 600/705/574 715/854/723 714/819/688
f 579/747/616 716/824/693 578/749/618
f 589/726/595 719/855/724 718/825/694
f 598/709/578 721/857/726 720/828/697
f 577/751/620 722/833/702 576/753/622
f 587/730/599 725/859/728 724/834/703
f 597/712/581 726/839/708 596/714/583
f 575/755/624 728/842/711 574/867/736
f 585/734/603 731/862/731 730/843/712
f 605/757/626 728/842/711 703/846/715
f 595/716/585 705/804/673 594/718/587
f 583/738/607 733/864/733 707/849/718
f 603/699/568 702/801/670 709/851/720
f 593/720/589 711/813/682 592/722/591
f 582/740/609 713/816/685 581/743/612
f 601/703/572 708/810/679 715/854/723
f 591/866/735 719/855/724 590/724/593
f 580/745/614 717/822/691 579/747/616
f 599/707/576 714/819/688 721/857/726
f 578/749/618 723/831/700 577/751/620
f 588/728/597 718/825/694 725/859/728
f 598/709/578 727/837/706 597/712/581
f 576/753/622 729/840/709 575/755/624
f 586/732/601 724/834/703 731/862/731
f 596/714/583 732/847/716 595/716/585
f 584/736/605 730/843/712 733/864/733
f 606/758/627 604/865/734 637/698/567
f 371/452/437 159/243/257 152/868/737
f 372/458/443 166/254/268 159/243/257
f 373/468/453 173/276/289 166/254/268
f 374/467/452 180/288/300 173/276/289
f 375/434/419 327/869/738 180/288/300
f 376/430/415 193/305/313 327/869/738
f 377/429/414 325/870/332 193/305/313
f 378/475/460 329/337/337 325/328/332
f 379/461/446 212/347/345 329/337/337
f 380/489/473 219/871/739 212/347/345
f 381/481/465 226/359/356 219/871/739
f 382/480/464 233/872/740 226/359/356
f 383/484/468 240/376/368 233/872/740
f 384/444/429 247/386/377 240/376/368
f 385/443/428 254/873/741 247/386/377
f 386/432/417 261/391/381 254/873/741
f 261/391/381 388/464/449 328/874/742
f 328/874/742 389/441/426 326/400/388
f 326/400/388 390/440/425 280/411/397
f 280/411/397 391/471/456 330/875/743
f 330/875/743 392/470/455 323/415/400
f 323/415/400 393/473/458 299/876/744
f 299/876/744 394/426/411 306/420/405
f 306/420/405 363/463/448 103/424/409
f 103/424/409 364/450/435 104/94/113
f 104/94/113 365/449/434 111/116/134
f 111/116/134 366/456/441 324/877/745
f 324/877/745 367/455/440 124/155/173
f 124/155/173 368/437/422 131/175/192
f 131/175/192 369/487/471 138/196/212
f 138/196/212 370/453/438 145/228/244
f 370/453/438 152/868/737 145/228/244
f 765/425/410 427/795/664 442/796/665
f 443/686/476 751/447/432 766/428/413
f 429/878/477 767/433/418 444/645/478
f 443/686/476 768/435/420 445/621/547
f 430/695/565 769/438/423 446/694/564
f 447/697/557 754/488/472 770/439/424
f 448/556/487 767/433/418 771/442/427
f 448/556/487 772/445/430 449/554/529
f 432/692/491 751/447/432 428/691/432
f 450/797/666 756/478/462 773/448/433
f 451/606/498 757/477/461 774/451/436
f 452/799/668 758/472/457 775/454/439
f 436/656/511 776/459/444 453/591/538
f 437/625/534 777/462/447 454/624/447
f 442/796/665 773/448/433 765/425/410
f 447/697/557 778/465/450 455/684/560
f 429/878/477 778/465/450 752/431/416
f 436/656/511 761/486/470 759/457/442
f 456/792/661 762/485/469 779/469/454
f 446/694/564 758/472/457 435/800/669
f 427/795/664 780/474/459 457/794/663
f 454/624/447 755/476/431 432/641/491
f 453/591/538 757/477/461 434/589/518
f 452/799/668 756/478/462 433/798/667
f 458/593/539 763/483/467 781/479/463
f 441/677/523 763/483/467 440/676/521
f 441/677/523 772/445/430 764/482/466
f 457/794/663 762/485/469 439/793/662
f 438/666/536 768/435/420 761/486/470
f 430/695/565 774/451/436 753/436/421
f 456/792/661 754/488/472 431/668/559
f 437/625/534 781/479/463 760/460/445
f 101/879/746 805/880/747 102/208/224
f 805/880/747 110/881/748 102/208/224
f 803/882/749 117/286/298 110/881/748
f 117/286/298 813/883/750 123/132/150
f 813/883/750 130/260/274 123/132/150
f 130/260/274 794/884/751 137/885/752
f 794/884/751 144/383/374 137/885/752
f 144/383/374 809/886/753 151/374/366
f 809/886/753 158/365/359 151/374/366
f 158/365/359 796/887/754 165/888/755
f 796/887/754 172/343/341 165/888/755
f 172/343/341 791/889/756 179/273/286
f 791/889/756 186/890/757 179/273/286
f 789/891/758 192/399/387 186/890/757
f 192/399/387 788/892/759 199/171/188
f 788/893/759 205/315/321 199/894/188
f 784/895/760 211/409/395 205/315/321
f 783/896/761 218/345/343 211/409/395
f 218/345/343 790/897/762 225/898/763
f 225/898/763 806/899/764 232/224/240
f 232/224/240 800/900/765 239/901/766
f 800/900/765 246/251/265 239/901/766
f 246/251/265 797/902/767 253/903/768
f 253/903/768 798/904/769 260/111/129
f 260/111/129 795/905/770 267/191/207
f 795/905/770 273/324/328 267/191/207
f 801/906/771 279/907/772 273/324/328
f 804/908/773 286/312/319 279/907/772
f 792/909/774 292/910/775 286/312/319
f 292/910/775 811/911/776 298/129/147
f 298/129/147 808/912/777 305/402/390
f 305/402/390 807/913/778 101/879/746
f 830/375/367 832/227/243 831/211/227
f 854/226/242 856/914/779 855/84/103
f 833/367/361 834/242/256 832/227/243
f 829/384/375 827/379/371 826/261/275
f 854/226/242 853/86/105 852/241/255
f 861/110/128 859/356/353 858/252/266
f 861/110/128 862/394/383 860/385/376
f 851/346/344 849/915/780 848/410/396
f 816/210/226 818/113/131 817/423/408
f 874/130/148 876/272/285 875/302/310
f 846/316/322 849/915/780 847/325/329
f 874/130/148 873/916/781 872/128/146
f 866/192/208 868/150/168 867/152/170
f 835/366/360 836/264/278 834/242/256
f 830/375/367 828/213/229 829/384/375
f 822/133/151 824/194/210 823/153/171
f 822/133/151 821/154/172 820/131/149
f 840/274/287 842/304/312 841/287/299
f 871/313/320 868/150/168 869/311/318
f 864/193/209 867/152/170 865/917/782
f 871/313/320 873/916/781 870/406/393
f 820/131/149 818/113/131 819/209/225
f 845/172/189 842/304/312 843/170/187
f 839/275/288 836/264/278 837/344/342
f 863/112/130 865/917/782 862/394/383
f 826/261/275 824/194/210 825/262/276
f 839/275/288 841/287/299 838/263/277
f 846/316/322 844/327/331 845/314/189
f 858/252/266 856/914/779 857/225/241
f 814/403/391 817/423/408 815/90/109
f 851/346/344 853/86/105 850/358/355
f 815/90/109 877/404/392 814/403/391
f 101/879/746 816/210/226 814/403/391
f 807/913/778 901/95/114 805/880/747
f 805/880/747 899/117/135 803/882/749
f 899/117/135 786/918/783 803/882/749
f 786/918/783 909/156/174 813/883/750
f 909/156/174 787/919/784 813/883/750
f 787/919/784 890/197/213 794/884/751
f 890/197/213 802/920/785 794/884/751
f 898/214/230 809/886/753 802/920/785
f 809/886/753 895/244/258 799/921/786
f 799/921/786 892/255/269 796/887/754
f 892/255/269 812/922/787 796/887/754
f 812/922/787 887/277/290 791/889/756
f 887/277/290 789/891/758 791/889/756
f 789/891/758 906/306/314 810/923/788
f 906/306/314 788/892/759 810/923/788
f 884/330/323 784/895/760 788/893/759
f 880/329/333 783/896/761 784/895/760
f 879/338/338 785/924/789 783/896/761
f 785/924/789 886/360/357 790/897/762
f 886/360/357 806/899/764 790/897/762
f 806/899/764 896/377/369 800/900/765
f 896/377/369 793/925/790 800/900/765
f 889/380/372 797/902/767 793/925/790
f 797/902/767 894/392/382 798/904/769
f 894/392/382 795/905/770 798/904/769
f 795/905/770 897/401/389 801/906/771
f 897/401/389 804/908/773 801/906/771
f 900/407/394 792/909/774 804/908/773
f 792/909/774 878/416/401 782/926/791
f 878/416/401 811/911/776 782/926/791
f 811/911/776 904/421/406 808/912/777
f 808/912/777 903/93/112 807/913/778
f 231/301/309 237/382/254 230/927/264
f 39/1/1 4/5/49 5/2/2
f 42/4/4 43/47/58 2/5/5
f 34/7/7 40/3/3 5/2/2
f 47/9/9 44/12/12 7/10/10
f 34/7/7 6/8/8 7/10/10
f 45/13/13 46/38/44 10/14/14
f 33/16/16 12/43/60 13/17/17
f 31/19/19 35/48/59 15/20/20
f 48/22/22 17/42/52 18/23/23
f 60/25/25 20/21/48 21/20/26
f 38/27/28 22/40/51 23/28/29
f 32/30/31 25/15/54 26/14/32
f 55/7/34 56/46/57 29/10/35
f 52/32/37 53/45/56 27/33/38
f 55/7/34 30/8/36 1/2/40
f 47/36/9 8/34/11 9/33/42
f 46/38/44 54/37/43 9/33/42
f 41/39/45 36/60/18 13/28/17
f 50/41/47 19/42/50 20/21/48
f 39/1/1 42/4/4 3/6/6
f 51/24/24 18/23/23 19/42/50
f 59/26/27 21/20/26 22/40/51
f 31/19/19 16/21/21 17/42/52
f 32/30/31 58/44/55 24/43/53
f 58/44/55 37/64/30 23/17/29
f 53/45/56 57/31/33 26/14/32
f 52/9/37 28/11/39 29/10/35
f 43/47/58 49/35/41 1/2/40
f 41/39/45 14/40/46 15/20/20
f 45/13/13 11/15/15 12/43/60
f 76/49/61 75/65/81 43/47/58
f 34/7/7 79/928/792 78/50/62
f 81/51/63 80/52/64 44/12/12
f 80/52/64 79/928/792 34/7/7
f 45/13/13 84/929/793 83/53/65
f 86/54/66 85/63/83 33/16/16
f 31/19/19 89/930/794 88/55/67
f 61/56/68 90/61/78 48/22/22
f 64/55/69 63/930/795 60/25/25
f 66/57/70 65/62/77 38/27/28
f 69/53/71 68/929/796 32/30/31
f 55/7/34 73/928/797 72/52/72
f 71/58/73 70/59/80 53/45/56
f 74/50/74 73/928/797 55/7/34
f 54/37/43 82/59/75 81/51/63
f 46/38/44 83/53/65 82/59/75
f 41/39/45 87/62/82 86/54/66
f 60/25/25 63/930/795 62/61/76
f 39/1/1 77/931/84 76/49/61
f 50/41/47 62/61/76 61/56/68
f 65/62/77 64/55/69 59/26/27
f 90/61/78 89/930/794 31/19/19
f 32/30/31 68/929/796 67/63/79
f 58/44/55 67/63/79 66/57/70
f 70/59/80 69/53/71 57/31/33
f 56/46/57 72/52/72 71/58/73
f 75/65/81 74/50/74 49/35/41
f 35/48/59 88/55/67 87/62/82
f 85/63/83 84/929/793 45/13/13
f 40/3/3 78/931/62 77/65/84
f 746/66/85 745/388/379 274/67/86
f 112/69/88 113/119/137 119/70/89
f 243/72/91 250/182/199 249/73/92
f 265/75/94 271/321/97 270/76/95
f 271/78/97 272/151/169 278/79/98
f 296/81/100 297/303/311 304/82/101
f 855/84/103 231/301/309 224/85/104
f 740/87/106 739/97/116 234/88/107
f 815/90/109 817/423/408 100/91/110
f 903/93/112 103/424/409 104/94/113
f 738/96/115 227/199/215 234/88/107
f 126/98/117 133/180/197 132/99/118
f 207/101/120 208/220/236 215/102/121
f 108/104/123 115/122/140 114/105/124
f 258/107/126 259/223/239 266/108/127
f 861/110/128 253/903/768 260/111/129
f 818/113/131 821/154/172 116/114/132
f 901/95/114 104/94/113 111/116/134
f 118/71/90 318/135/153 319/118/136
f 113/119/137 112/69/88 105/120/138
f 115/122/140 121/408/206 120/123/141
f 285/124/142 291/259/273 290/125/143
f 100/91/110 98/342/295 97/127/145
f 872/128/146 292/910/775 298/129/147
f 820/131/149 117/286/298 123/132/150
f 111/116/134 324/877/745 882/134/152
f 125/100/119 317/278/291 318/135/153
f 168/136/154 175/351/349 174/137/155
f 270/76/95 276/200/216 275/139/157
f 155/141/159 154/280/293 147/142/160
f 150/144/162 157/204/220 156/145/163
f 185/147/165 184/169/183 177/148/166
f 868/150/168 278/79/98 272/151/169
f 823/153/171 122/174/191 116/114/132
f 882/134/152 324/877/745 124/155/173
f 322/157/175 749/331/334 300/158/176
f 207/101/120 214/103/122 213/160/178
f 289/162/180 295/184/201 294/163/181
f 184/165/183 190/203/219 189/166/184
f 191/168/186 190/364/219 184/169/183
f 278/79/98 285/124/142 284/126/144
f 843/170/187 192/399/387 199/171/188
f 823/153/171 824/194/210 129/173/190
f 909/156/174 124/155/173 131/175/192
f 200/177/194 734/413/399 307/178/195
f 133/180/197 140/309/317 139/181/198
f 250/182/199 257/271/284 256/183/200
f 295/184/201 296/414/100 303/185/102
f 217/187/203 224/85/104 223/188/204
f 129/173/190 128/354/351 121/190/206
f 267/191/207 273/324/328 866/192/208
f 824/194/210 827/379/371 136/195/211
f 883/176/193 131/175/192 138/196/212
f 738/96/115 737/319/325 220/198/214
f 119/70/89 126/98/117 125/100/119
f 276/200/216 283/297/308 282/201/217
f 197/202/218 196/396/385 189/166/184
f 157/204/220 164/253/267 163/205/221
f 163/205/221 164/253/267 171/206/222
f 102/208/224 110/881/748 819/209/225
f 831/211/227 150/144/162 143/212/228
f 138/196/212 145/228/244 898/214/230
f 221/215/231 228/235/251 227/199/215
f 139/181/198 140/309/317 147/142/160
f 229/217/233 228/235/251 221/215/231
f 203/219/235 209/390/297 208/220/236
f 304/82/101 99/92/111 97/127/145
f 251/222/238 252/335/336 259/223/239
f 232/224/240 239/901/766 857/225/241
f 150/144/162 831/211/227 832/227/243
f 145/228/244 152/868/737 905/229/245
f 315/230/246 139/181/198 146/216/232
f 249/73/92 256/183/200 255/232/248
f 229/217/233 236/237/253 235/234/250
f 244/236/252 243/72/91 236/237/253
f 156/239/163 155/141/159 148/143/161
f 852/241/255 225/898/763 232/224/240
f 834/242/256 164/253/267 157/204/220
f 905/229/245 152/868/737 159/243/257
f 139/181/198 315/230/246 316/245/259
f 147/142/160 154/280/293 153/246/260
f 95/247/261 96/389/380 94/248/262
f 237/238/254 236/237/253 229/217/233
f 246/251/265 253/903/768 861/110/128
f 834/242/256 836/264/278 171/206/222
f 895/244/258 159/243/257 166/254/268
f 742/256/270 741/361/358 248/233/249
f 236/237/253 243/72/91 242/74/93
f 142/257/271 149/240/164 148/143/161
f 291/259/273 297/303/311 296/81/100
f 265/109/94 266/108/127 272/151/169
f 130/260/274 137/885/752 826/261/275
f 838/263/277 178/149/167 171/206/222
f 166/254/268 173/276/289 908/265/279
f 262/266/280 743/932/798 742/256/270
f 294/163/181 293/290/302 287/267/281
f 134/268/282 133/180/197 126/98/117
f 251/270/238 258/341/126 257/271/284
f 170/207/223 171/206/222 178/149/167
f 815/90/109 99/92/111 304/82/101
f 179/273/286 186/890/757 840/274/287
f 173/276/289 180/288/300 887/277/290
f 132/99/118 316/245/259 317/278/291
f 161/279/292 160/370/364 153/246/260
f 154/280/293 155/141/159 162/281/294
f 98/282/295 96/389/380 95/247/261
f 210/284/296 217/187/203 216/189/205
f 819/209/225 110/881/748 117/286/298
f 178/149/167 838/263/277 841/287/299
f 180/288/300 327/869/738 885/289/301
f 293/290/302 748/933/799 747/291/303
f 182/292/304 188/397/386 187/293/305
f 257/271/284 264/77/96 263/295/307
f 290/296/143 289/162/180 283/297/308
f 109/115/133 116/114/132 115/299/140
f 231/301/309 230/927/264 223/188/204
f 875/302/310 876/272/285 304/82/101
f 185/147/165 841/287/299 842/304/312
f 885/289/301 327/869/738 193/305/313
f 92/307/315 321/934/800 322/157/175
f 93/249/263 91/159/177 300/158/176
f 133/180/197 134/268/282 141/258/272
f 251/270/238 250/182/199 243/72/91
f 203/310/235 204/323/327 210/284/296
f 869/311/318 279/907/772 286/312/319
f 845/314/189 199/894/188 205/315/321
f 193/305/313 325/870/332 884/317/323
f 736/318/324 213/160/178 220/198/214
f 201/320/326 207/101/120 206/161/179
f 113/119/137 114/105/124 120/123/141
f 271/321/97 277/935/99 276/200/216
f 197/322/218 198/326/330 204/323/327
f 273/324/328 279/907/772 869/311/318
f 847/325/329 204/323/327 198/326/330
f 325/328/332 329/337/337 880/329/333
f 749/331/334 748/933/799 293/290/302
f 91/159/177 93/249/263 94/248/262
f 189/166/184 188/397/386 182/292/304
f 177/332/166 184/165/183 183/167/185
f 244/334/252 245/357/354 252/335/336
f 844/336/331 198/936/330 191/168/186
f 847/325/329 849/915/780 210/284/296
f 329/337/337 212/347/345 879/338/338
f 187/293/305 308/349/347 309/339/339
f 268/340/340 269/140/158 275/139/157
f 295/184/201 302/186/202 301/308/316
f 258/341/126 265/75/94 264/77/96
f 98/342/295 100/91/110 109/115/133
f 172/343/341 179/273/286 839/275/288
f 218/345/343 225/898/763 852/241/255
f 212/347/345 219/871/739 881/348/346
f 308/349/347 187/293/305 194/179/196
f 195/350/348 201/320/326 200/177/194
f 183/167/185 182/292/304 175/351/349
f 163/352/221 170/405/223 169/353/350
f 128/354/351 129/173/190 136/195/211
f 859/356/353 860/385/376 252/335/336
f 850/358/355 853/86/105 224/85/104
f 881/348/346 219/871/739 226/359/356
f 741/361/358 740/87/106 241/89/108
f 242/74/93 241/89/108 234/88/107
f 302/186/202 95/247/261 93/249/263
f 142/257/271 141/258/272 134/268/282
f 191/168/186 198/936/330 197/363/218
f 158/365/359 165/888/755 835/366/360
f 855/84/103 856/914/779 238/368/362
f 226/359/356 233/872/740 902/369/363
f 160/370/364 312/417/402 313/371/365
f 175/351/349 182/292/304 181/294/306
f 106/121/139 105/120/138 92/307/315
f 140/309/317 141/258/272 148/143/161
f 216/372/205 223/398/204 222/218/234
f 143/212/228 150/144/162 149/146/164
f 151/374/366 158/365/359 833/367/361
f 857/225/241 239/901/766 246/251/265
f 902/369/363 233/872/740 240/376/368
f 320/378/370 321/934/800 92/307/315
f 263/295/307 262/266/280 255/232/248
f 222/218/234 221/215/231 214/103/122
f 97/283/145 95/247/261 302/186/202
f 136/195/211 143/212/228 142/373/271
f 827/379/371 828/213/229 143/212/228
f 238/368/362 856/914/779 859/356/353
f 240/376/368 247/386/377 889/380/372
f 310/381/373 311/937/801 167/138/156
f 241/89/108 242/74/93 249/73/92
f 283/297/308 289/162/180 288/164/182
f 276/200/216 277/935/99 284/298/144
f 238/368/362 245/357/354 244/334/252
f 826/261/275 137/885/752 144/383/374
f 860/385/376 862/394/383 259/223/239
f 247/386/377 254/873/741 893/387/378
f 745/388/379 744/419/404 268/340/340
f 228/235/251 235/234/250 234/88/107
f 96/389/380 107/106/125 106/121/139
f 209/390/297 216/372/205 215/102/121
f 210/284/296 849/915/780 850/358/355
f 863/112/130 260/111/129 267/191/207
f 893/387/378 254/873/741 261/391/381
f 310/381/373 174/137/155 181/294/306
f 214/103/122 221/215/231 220/198/214
f 168/136/154 169/353/350 176/333/335
f 128/393/351 135/362/352 134/268/282
f 862/394/383 865/917/782 266/108/127
f 261/391/381 328/874/742 891/395/384
f 319/118/136 320/378/370 105/120/138
f 263/295/307 269/140/158 268/340/340
f 196/396/385 195/350/348 188/397/386
f 223/398/204 230/250/264 229/217/233
f 840/274/287 186/890/757 192/399/387
f 266/108/127 865/917/782 867/152/170
f 891/395/384 328/874/742 326/400/388
f 313/371/365 314/231/247 146/216/232
f 305/402/390 101/879/746 814/403/391
f 127/269/283 126/98/117 119/70/89
f 170/405/223 177/332/166 176/333/335
f 123/132/150 130/260/274 825/262/276
f 278/79/98 868/150/168 870/406/393
f 326/400/388 280/411/397 900/407/394
f 747/291/303 746/66/85 281/68/87
f 188/397/386 195/350/348 194/179/196
f 195/350/348 196/396/385 202/221/237
f 121/408/206 128/393/351 127/269/283
f 846/316/322 205/315/321 211/409/395
f 286/312/319 292/910/775 872/128/146
f 280/411/397 330/875/743 888/412/398
f 206/161/179 735/422/407 734/413/399
f 274/67/86 275/139/157 282/201/217
f 264/77/96 270/76/95 269/140/158
f 289/162/180 290/296/143 296/414/100
f 116/114/132 122/174/191 121/190/206
f 874/130/148 298/129/147 305/402/390
f 870/406/393 873/916/781 291/259/273
f 888/412/398 330/875/743 323/415/400
f 167/138/156 311/937/801 312/417/402
f 293/290/302 294/163/181 301/308/316
f 208/220/236 207/101/120 201/320/326
f 197/202/218 203/219/235 202/221/237
f 835/366/360 165/888/755 172/343/341
f 291/259/273 873/916/781 875/302/310
f 323/415/400 299/876/744 907/418/403
f 744/419/404 743/932/798 262/266/280
f 161/279/292 168/136/154 167/138/156
f 107/106/125 114/105/124 113/119/137
f 98/282/295 108/104/123 107/106/125
f 848/410/396 211/409/395 218/345/343
f 907/418/403 299/876/744 306/420/405
f 213/160/178 736/318/324 735/422/407
f 282/201/217 288/164/182 287/267/281
f 169/353/350 168/136/154 161/279/292
f 156/239/163 163/352/221 162/281/294
f 829/384/375 144/383/374 151/374/366
f 817/423/408 818/113/131 109/115/133
f 904/421/406 306/420/405 103/424/409
f 765/425/410 363/463/448 394/426/411
f 766/428/413 751/447/432 377/429/414
f 752/431/416 387/466/451 386/432/417
f 766/428/413 376/430/415 375/434/419
f 753/436/421 369/487/471 368/437/422
f 770/439/424 754/488/472 390/440/425
f 771/442/427 767/433/418 386/432/417
f 771/442/427 385/443/428 384/444/429
f 755/446/431 378/938/460 377/429/414
f 773/448/433 756/478/462 365/449/434
f 774/451/436 757/477/461 371/452/437
f 775/454/439 758/472/457 367/455/440
f 759/457/442 373/468/453 372/458/443
f 760/460/445 380/489/473 379/461/446
f 773/448/433 364/450/435 363/463/448
f 770/439/424 389/441/426 388/464/449
f 752/431/416 778/465/450 388/464/449
f 759/457/442 761/486/470 374/467/452
f 779/469/454 762/485/469 392/470/455
f 769/438/423 368/437/422 367/455/440
f 750/427/412 394/426/411 393/473/458
f 777/462/447 379/461/446 378/475/460
f 776/459/444 372/458/443 371/452/437
f 775/454/439 366/456/441 365/449/434
f 781/479/463 763/483/467 382/480/464
f 764/482/466 383/484/468 382/480/464
f 764/482/466 772/445/430 384/444/429
f 780/474/459 393/473/458 392/470/455
f 761/486/470 768/435/420 375/434/419
f 753/436/421 774/451/436 370/453/438
f 779/469/454 391/471/456 390/440/425
f 760/460/445 781/479/463 381/481/465
f 395/490/474 396/791/660 362/491/412
f 344/493/476 345/512/492 398/494/432
f 355/496/477 400/530/509 399/497/478
f 344/493/476 397/495/476 401/499/480
f 337/501/421 403/551/421 402/502/482
f 357/504/484 358/552/527 405/505/485
f 353/507/487 354/498/479 399/497/478
f 353/507/487 406/508/488 407/509/489
f 346/511/491 408/637/491 398/494/432
f 332/513/493 333/542/519 410/514/494
f 338/516/496 339/541/518 412/517/497
f 334/519/499 335/536/515 414/520/500
f 341/522/502 416/532/511 415/523/503
f 348/525/505 418/553/528 417/526/506
f 331/492/475 332/513/493 409/515/495
f 357/504/484 404/506/486 419/528/508
f 355/496/477 356/529/508 419/528/508
f 341/522/502 342/550/526 420/531/510
f 359/533/512 360/549/525 422/534/513
f 336/503/483 402/502/482 414/520/500
f 362/491/412 396/791/660 423/537/516
f 347/527/507 417/526/506 408/539/491
f 340/524/504 415/523/503 412/517/497
f 334/519/499 413/521/501 410/514/494
f 349/543/520 350/547/521 425/544/521
f 351/546/523 426/548/524 425/544/521
f 351/546/523 352/510/490 407/509/489
f 361/538/517 423/537/516 422/534/513
f 342/550/526 343/500/481 401/499/480
f 337/501/421 338/516/496 411/518/498
f 359/533/512 421/535/514 405/505/485
f 348/525/505 349/543/520 424/545/522
f 449/554/529 470/597/529 495/555/487
f 558/557/530 553/685/509 481/558/478
f 563/560/530 558/557/530 486/559/478
f 568/562/530 563/560/530 491/561/478
f 573/564/509 568/562/530 496/563/531
f 400/530/509 573/564/509 501/565/532
f 528/566/492 506/682/476 511/567/476
f 533/568/492 511/567/476 516/569/476
f 538/570/492 516/569/476 521/571/476
f 565/573/533 402/502/482 403/551/421
f 543/572/492 521/571/476 526/575/476
f 548/576/492 526/575/476 397/495/476
f 474/577/522 507/581/534 512/578/534
f 469/580/522 502/583/528 507/581/534
f 464/582/522 497/585/528 502/583/528
f 459/584/535 492/594/528 497/585/528
f 461/586/481 472/615/543 477/587/536
f 434/589/518 542/674/497 534/590/503
f 502/583/528 519/620/546 524/592/507
f 458/593/539 437/625/534 492/594/528
f 460/595/498 518/600/421 523/574/421
f 470/597/529 475/642/549 500/598/487
f 569/599/498 513/602/421 518/600/421
f 564/601/540 508/604/421 513/602/421
f 559/603/540 503/607/421 508/604/421
f 476/605/481 401/499/480 397/495/476
f 451/606/498 430/695/565 503/607/421
f 471/608/541 482/610/536 487/609/542
f 466/588/537 477/587/536 482/610/536
f 514/611/507 519/620/546 502/583/528
f 468/612/491 473/673/491 529/613/507
f 570/614/541 467/622/536 472/615/543
f 498/616/544 540/651/552 404/506/486
f 496/563/531 510/623/488 515/617/545
f 509/618/507 514/611/507 497/585/528
f 463/619/491 468/612/491 524/592/507
f 445/621/547 438/666/536 467/622/536
f 501/565/532 515/617/545 406/508/488
f 491/561/478 505/630/487 510/623/488
f 454/624/447 509/618/507 492/594/528
f 572/626/491 463/619/491 519/620/546
f 485/627/548 546/636/523 551/628/524
f 490/629/549 407/509/489 406/508/488
f 486/559/478 500/598/487 505/630/487
f 549/631/538 554/649/538 537/632/511
f 567/634/491 572/626/491 514/611/507
f 480/635/549 541/643/524 546/636/523
f 548/576/492 398/494/432 408/637/491
f 481/558/478 495/555/487 500/598/487
f 544/639/503 549/631/538 532/633/511
f 432/641/491 567/634/491 509/618/507
f 475/642/549 536/648/523 541/643/524
f 562/644/518 465/596/498 411/518/498
f 444/645/478 448/556/487 495/555/487
f 539/646/503 544/639/503 527/640/550
f 482/610/536 532/633/511 537/632/511
f 470/597/529 531/653/523 536/648/523
f 554/649/538 415/523/503 416/532/511
f 493/650/551 535/655/552 540/651/552
f 534/590/503 539/646/503 522/647/511
f 477/587/536 527/640/550 532/633/511
f 449/554/529 441/677/523 531/653/523
f 529/613/507 417/526/506 418/553/528
f 488/654/553 530/660/552 535/655/552
f 453/591/538 534/590/503 517/652/550
f 472/615/543 522/647/511 527/640/550
f 571/657/521 462/679/521 551/628/524
f 504/658/508 419/528/508 404/506/486
f 483/659/554 525/664/557 530/660/552
f 557/661/555 460/595/498 465/596/498
f 467/622/536 517/652/550 522/647/511
f 566/662/521 571/657/521 546/636/523
f 504/658/508 573/564/509 400/530/509
f 478/663/556 520/669/557 525/664/557
f 552/665/558 569/599/498 460/595/498
f 438/666/536 436/656/511 517/652/550
f 561/667/521 566/662/521 541/643/524
f 487/609/542 537/632/511 416/532/511
f 431/668/559 447/697/557 520/669/557
f 547/670/558 564/601/540 569/599/498
f 499/671/560 568/562/530 573/564/509
f 556/672/521 561/667/521 536/648/523
f 473/673/491 408/539/491 417/526/506
f 471/608/541 476/605/481 526/575/476
f 542/674/497 559/603/540 564/601/540
f 494/675/560 563/560/530 568/562/530
f 440/676/521 556/672/521 531/653/523
f 562/644/518 412/517/497 415/523/503
f 466/588/537 471/608/541 521/571/476
f 434/589/518 451/606/498 559/603/540
f 489/678/560 558/557/530 563/560/530
f 571/657/521 474/577/522 479/579/522
f 462/679/521 479/579/522 424/545/522
f 461/586/481 466/588/537 516/569/476
f 543/572/492 548/576/492 473/638/491
f 484/681/508 553/685/509 558/557/530
f 566/662/521 469/580/522 474/577/522
f 462/679/521 425/544/521 426/548/524
f 570/614/541 461/586/481 511/567/476
f 538/570/492 543/572/492 468/680/491
f 455/684/560 429/878/477 553/685/509
f 561/667/521 464/582/522 469/580/522
f 490/629/549 551/628/524 426/548/524
f 445/621/547 570/614/541 506/682/476
f 533/568/492 538/570/492 463/683/491
f 499/671/560 504/658/508 540/651/552
f 556/672/521 459/584/535 464/582/522
f 476/605/481 487/609/542 420/531/510
f 560/688/561 565/573/533 523/574/421
f 528/566/492 533/568/492 572/687/491
f 494/675/560 499/671/560 535/655/552
f 440/676/521 458/593/539 459/584/535
f 465/596/498 523/574/421 403/551/421
f 555/690/562 560/688/561 518/600/421
f 428/691/432 528/566/492 567/689/491
f 489/678/560 494/675/560 530/660/552
f 557/661/555 562/644/518 554/649/538
f 479/579/522 512/578/534 418/553/528
f 550/693/563 555/690/562 513/602/421
f 485/627/548 490/629/549 515/617/545
f 484/681/508 489/678/560 525/664/557
f 552/665/558 557/661/555 549/631/538
f 446/694/564 545/696/566 503/607/421
f 545/696/566 550/693/563 508/604/421
f 480/635/549 485/627/548 510/623/488
f 455/684/560 484/681/508 520/669/557
f 547/670/558 552/665/558 544/639/503
f 428/691/432 443/686/476 506/682/476
f 475/642/549 480/635/549 505/630/487
f 524/592/507 529/613/507 512/578/534
f 542/674/497 547/670/558 539/646/503
f 553/685/509 429/878/477 444/645/478
f 637/698/567 604/865/734 603/699/568
f 636/700/569 603/699/568 602/701/570
f 635/702/571 602/701/570 601/703/572
f 634/704/573 601/703/572 600/705/574
f 633/706/575 600/705/574 599/707/576
f 632/708/577 599/707/576 598/709/578
f 598/709/578 597/712/581 630/711/580
f 597/712/581 596/714/583 629/713/582
f 596/714/583 595/716/585 628/715/584
f 595/716/585 594/718/587 627/717/586
f 594/718/587 593/720/589 626/719/588
f 593/720/589 592/722/591 625/721/590
f 592/722/591 591/866/735 624/723/592
f 624/723/592 591/866/735 590/724/593
f 623/725/594 590/724/593 589/726/595
f 622/727/596 589/726/595 588/728/597
f 621/729/598 588/728/597 587/730/599
f 620/731/600 587/730/599 586/732/601
f 619/733/602 586/732/601 585/734/603
f 618/735/604 585/734/603 584/736/605
f 617/737/606 584/736/605 583/738/607
f 616/739/608 583/738/607 582/740/609
f 582/740/609 581/743/612 614/742/611
f 581/743/612 580/745/614 613/744/613
f 580/745/614 579/747/616 612/746/615
f 579/747/616 578/749/618 611/748/617
f 578/749/618 577/751/620 610/750/619
f 577/751/620 576/753/622 609/752/621
f 576/753/622 575/755/624 608/754/623
f 575/755/624 574/867/736 607/756/625
f 607/756/625 574/867/736 605/757/626
f 638/759/628 637/698/567 636/700/569
f 669/761/630 606/758/627 637/698/567
f 668/762/631 607/756/625 606/758/627
f 608/754/623 607/756/625 668/762/631
f 609/752/621 608/754/623 667/763/632
f 610/750/619 609/752/621 666/764/633
f 611/748/617 610/750/619 665/765/634
f 612/746/615 611/748/617 664/766/635
f 662/768/637 613/744/613 612/746/615
f 661/769/638 614/742/611 613/744/613
f 660/770/639 615/741/610 614/742/611
f 616/739/608 615/741/610 660/770/639
f 617/737/606 616/739/608 659/771/640
f 618/735/604 617/737/606 658/772/641
f 656/774/643 619/733/602 618/735/604
f 655/775/644 620/731/600 619/733/602
f 654/776/645 621/729/598 620/731/600
f 653/777/646 622/727/596 621/729/598
f 652/778/647 623/725/594 622/727/596
f 624/723/592 623/725/594 652/778/647
f 625/721/590 624/723/592 651/779/648
f 626/719/588 625/721/590 650/780/649
f 627/717/586 626/719/588 649/781/650
f 628/715/584 627/717/586 648/782/651
f 646/784/653 629/713/582 628/715/584
f 645/785/654 630/711/580 629/713/582
f 644/786/655 631/710/579 630/711/580
f 632/708/577 631/710/579 644/786/655
f 633/706/575 632/708/577 643/787/656
f 634/704/573 633/706/575 642/788/657
f 640/790/659 635/702/571 634/704/573
f 639/760/629 636/700/569 635/702/571
f 396/791/660 669/761/630 638/759/628
f 423/537/516 638/759/628 639/760/629
f 422/534/513 639/760/629 640/790/659
f 421/535/514 640/790/659 641/789/658
f 641/789/658 642/788/657 498/616/544
f 642/788/657 643/787/656 493/650/551
f 643/787/656 644/786/655 488/654/553
f 488/654/553 644/786/655 645/785/654
f 483/659/554 645/785/654 646/784/653
f 478/663/556 646/784/653 647/783/652
f 647/783/652 648/782/651 456/792/661
f 648/782/651 649/781/650 439/793/662
f 649/781/650 650/780/649 457/794/663
f 650/780/649 651/779/648 427/795/664
f 651/779/648 652/778/647 442/796/665
f 442/796/665 652/778/647 653/777/646
f 450/797/666 653/777/646 654/776/645
f 433/798/667 654/776/645 655/775/644
f 452/799/668 655/775/644 656/774/643
f 435/800/669 656/774/643 657/773/642
f 657/773/642 658/772/641 545/696/566
f 658/772/641 659/771/640 550/693/563
f 659/771/640 660/770/639 555/690/562
f 555/690/562 660/770/639 661/769/638
f 560/688/561 661/769/638 662/768/637
f 565/573/533 662/768/637 663/767/636
f 663/767/636 664/766/635 414/520/500
f 664/766/635 665/765/634 413/521/501
f 665/765/634 666/764/633 410/514/494
f 666/764/633 667/763/632 409/515/495
f 667/763/632 668/762/631 395/490/474
f 395/490/474 668/762/631 669/761/630
f 702/801/670 703/846/715 701/802/671
f 705/804/673 690/848/717 689/805/674
f 706/807/676 707/849/718 679/808/677
f 708/810/679 709/851/720 699/811/680
f 711/813/682 688/852/721 687/814/683
f 713/816/685 677/853/722 676/817/686
f 714/819/688 715/854/723 697/820/689
f 717/822/691 675/856/725 674/823/692
f 718/825/694 719/855/724 686/826/695
f 720/828/697 721/857/726 695/829/698
f 723/831/700 673/858/727 672/832/701
f 724/834/703 725/859/728 684/835/704
f 727/837/706 693/860/729 692/838/707
f 729/840/709 671/861/730 670/841/710
f 730/843/712 731/862/731 682/844/713
f 703/846/715 728/842/711 670/841/710
f 732/847/716 691/863/732 690/848/717
f 707/849/718 733/864/733 680/850/719
f 709/851/720 702/801/670 700/803/672
f 704/806/675 689/805/674 688/852/721
f 706/807/676 678/809/678 677/853/722
f 715/854/723 708/810/679 698/812/681
f 710/815/684 687/814/683 686/826/695
f 712/818/687 676/817/686 675/856/725
f 721/857/726 714/819/688 696/821/690
f 716/824/693 674/823/692 673/858/727
f 725/859/728 718/825/694 685/827/696
f 720/828/697 694/830/699 693/860/729
f 722/833/702 672/832/701 671/861/730
f 731/862/731 724/834/703 683/836/705
f 726/839/708 692/838/707 691/863/732
f 733/864/733 730/843/712 681/845/714
f 604/865/734 605/757/626 703/846/715
f 594/718/587 705/804/673 704/806/675
f 582/740/609 583/738/607 707/849/718
f 602/701/570 603/699/568 709/851/720
f 592/722/591 711/813/682 710/815/684
f 581/743/612 713/816/685 712/818/687
f 600/705/574 601/703/572 715/854/723
f 579/747/616 717/822/691 716/824/693
f 589/726/595 590/724/593 719/855/724
f 598/709/578 599/707/576 721/857/726
f 577/751/620 723/831/700 722/833/702
f 587/730/599 588/728/597 725/859/728
f 597/712/581 727/837/706 726/839/708
f 575/755/624 729/840/709 728/842/711
f 585/734/603 586/732/601 731/862/731
f 605/757/626 574/867/736 728/842/711
f 595/716/585 732/847/716 705/804/673
f 583/738/607 584/736/605 733/864/733
f 603/699/568 604/865/734 702/801/670
f 593/720/589 704/806/675 711/813/682
f 582/740/609 706/807/676 713/816/685
f 601/703/572 602/701/570 708/810/679
f 591/866/735 710/815/684 719/855/724
f 580/745/614 712/818/687 717/822/691
f 599/707/576 600/705/574 714/819/688
f 578/749/618 716/824/693 723/831/700
f 588/728/597 589/726/595 718/825/694
f 598/709/578 720/828/697 727/837/706
f 576/753/622 722/833/702 729/840/709
f 586/732/601 587/730/599 724/834/703
f 596/714/583 726/839/708 732/847/716
f 584/736/605 585/734/603 730/843/712
f 606/758/627 605/757/626 604/865/734
f 371/452/437 372/458/443 159/243/257
f 372/458/443 373/468/453 166/254/268
f 373/468/453 374/467/452 173/276/289
f 374/467/452 375/434/419 180/288/300
f 375/434/419 376/430/415 327/869/738
f 376/430/415 377/429/414 193/305/313
f 377/429/414 378/938/460 325/870/332
f 378/475/460 379/461/446 329/337/337
f 379/461/446 380/489/473 212/347/345
f 380/489/473 381/481/465 219/871/739
f 381/481/465 382/480/464 226/359/356
f 382/480/464 383/484/468 233/872/740
f 383/484/468 384/444/429 240/376/368
f 384/444/429 385/443/428 247/386/377
f 385/443/428 386/432/417 254/873/741
f 386/432/417 387/466/451 261/391/381
f 261/391/381 387/466/451 388/464/449
f 328/874/742 388/464/449 389/441/426
f 326/400/388 389/441/426 390/440/425
f 280/411/397 390/440/425 391/471/456
f 330/875/743 391/471/456 392/470/455
f 323/415/400 392/470/455 393/473/458
f 299/876/744 393/473/458 394/426/411
f 306/420/405 394/426/411 363/463/448
f 103/424/409 363/463/448 364/450/435
f 104/94/113 364/450/435 365/449/434
f 111/116/134 365/449/434 366/456/441
f 324/877/745 366/456/441 367/455/440
f 124/155/173 367/455/440 368/437/422
f 131/175/192 368/437/422 369/487/471
f 138/196/212 369/487/471 370/453/438
f 370/453/438 371/452/437 152/868/737
f 765/425/410 750/427/412 427/795/664
f 443/686/476 428/691/432 751/447/432
f 429/878/477 752/431/416 767/433/418
f 443/686/476 766/428/413 768/435/420
f 430/695/565 753/436/421 769/438/423
f 447/697/557 431/668/559 754/488/472
f 448/556/487 444/645/478 767/433/418
f 448/556/487 771/442/427 772/445/430
f 432/692/491 755/446/431 751/447/432
f 450/797/666 433/798/667 756/478/462
f 451/606/498 434/589/518 757/477/461
f 452/799/668 435/800/669 758/472/457
f 436/656/511 759/457/442 776/459/444
f 437/625/534 760/460/445 777/462/447
f 442/796/665 450/797/666 773/448/433
f 447/697/557 770/439/424 778/465/450
f 429/878/477 455/684/560 778/465/450
f 436/656/511 438/666/536 761/486/470
f 456/792/661 439/793/662 762/485/469
f 446/694/564 769/438/423 758/472/457
f 427/795/664 750/427/412 780/474/459
f 454/624/447 777/462/447 755/476/431
f 453/591/538 776/459/444 757/477/461
f 452/799/668 775/454/439 756/478/462
f 458/593/539 440/676/521 763/483/467
f 441/677/523 764/482/466 763/483/467
f 441/677/523 449/554/529 772/445/430
f 457/794/663 780/474/459 762/485/469
f 438/666/536 445/621/547 768/435/420
f 430/695/565 451/606/498 774/451/436
f 456/792/661 779/469/454 754/488/472
f 437/625/534 458/593/539 781/479/463
f 101/879/746 807/913/778 805/880/747
f 805/880/747 803/882/749 110/881/748
f 803/882/749 786/918/783 117/286/298
f 117/286/298 786/918/783 813/883/750
f 813/883/750 787/919/784 130/260/274
f 130/260/274 787/919/784 794/884/751
f 794/884/751 802/920/785 144/383/374
f 144/383/374 802/920/785 809/886/753
f 809/886/753 799/921/786 158/365/359
f 158/365/359 799/921/786 796/887/754
f 796/887/754 812/922/787 172/343/341
f 172/343/341 812/922/787 791/889/756
f 791/889/756 789/891/758 186/890/757
f 789/891/758 810/923/788 192/399/387
f 192/399/387 810/923/788 788/892/759
f 788/893/759 784/895/760 205/315/321
f 784/895/760 783/896/761 211/409/395
f 783/896/761 785/924/789 218/345/343
f 218/345/343 785/924/789 790/897/762
f 225/898/763 790/897/762 806/899/764
f 232/224/240 806/899/764 800/900/765
f 800/900/765 793/925/790 246/251/265
f 246/251/265 793/925/790 797/902/767
f 253/903/768 797/902/767 798/904/769
f 260/111/129 798/904/769 795/905/770
f 795/905/770 801/906/771 273/324/328
f 801/906/771 804/908/773 279/907/772
f 804/908/773 792/909/774 286/312/319
f 792/909/774 782/926/791 292/910/775
f 292/910/775 782/926/791 811/911/776
f 298/129/147 811/911/776 808/912/777
f 305/402/390 808/912/777 807/913/778
f 830/375/367 833/367/361 832/227/243
f 854/226/242 857/225/241 856/914/779
f 833/367/361 835/366/360 834/242/256
f 829/384/375 828/213/229 827/379/371
f 854/226/242 855/84/103 853/86/105
f 861/110/128 860/385/376 859/356/353
f 861/110/128 863/112/130 862/394/383
f 851/346/344 850/358/355 849/915/780
f 816/210/226 819/209/225 818/113/131
f 874/130/148 877/404/392 876/272/285
f 846/316/322 848/410/396 849/915/780
f 874/130/148 875/302/310 873/916/781
f 866/192/208 869/311/318 868/150/168
f 835/366/360 837/344/342 836/264/278
f 830/375/367 831/211/227 828/213/229
f 822/133/151 825/262/276 824/194/210
f 822/133/151 823/153/171 821/154/172
f 840/274/287 843/170/187 842/304/312
f 871/313/320 870/406/393 868/150/168
f 864/193/209 866/192/208 867/152/170
f 871/313/320 872/128/146 873/916/781
f 820/131/149 821/154/172 818/113/131
f 845/172/189 844/336/331 842/304/312
f 839/275/288 838/263/277 836/264/278
f 863/112/130 864/193/209 865/917/782
f 826/261/275 827/379/371 824/194/210
f 839/275/288 840/274/287 841/287/299
f 846/316/322 847/325/329 844/327/331
f 858/252/266 859/356/353 856/914/779
f 814/403/391 816/210/226 817/423/408
f 851/346/344 852/241/255 853/86/105
f 815/90/109 876/272/285 877/404/392
f 101/879/746 102/208/224 816/210/226
f 807/913/778 903/93/112 901/95/114
f 805/880/747 901/95/114 899/117/135
f 899/117/135 882/134/152 786/918/783
f 786/918/783 882/134/152 909/156/174
f 909/156/174 883/176/193 787/919/784
f 787/919/784 883/176/193 890/197/213
f 890/197/213 898/214/230 802/920/785
f 898/214/230 905/229/245 809/886/753
f 809/886/753 905/229/245 895/244/258
f 799/921/786 895/244/258 892/255/269
f 892/255/269 908/265/279 812/922/787
f 812/922/787 908/265/279 887/277/290
f 887/277/290 885/289/301 789/891/758
f 789/891/758 885/289/301 906/306/314
f 906/306/314 884/317/323 788/892/759
f 884/330/323 880/329/333 784/895/760
f 880/329/333 879/338/338 783/896/761
f 879/338/338 881/348/346 785/924/789
f 785/924/789 881/348/346 886/360/357
f 886/360/357 902/369/363 806/899/764
f 806/899/764 902/369/363 896/377/369
f 896/377/369 889/380/372 793/925/790
f 889/380/372 893/387/378 797/902/767
f 797/902/767 893/387/378 894/392/382
f 894/392/382 891/395/384 795/905/770
f 795/905/770 891/395/384 897/401/389
f 897/401/389 900/407/394 804/908/773
f 900/407/394 888/412/398 792/909/774
f 792/909/774 888/412/398 878/416/401
f 878/416/401 907/418/403 811/911/776
f 811/911/776 907/418/403 904/421/406
f 808/912/777 904/421/406 903/93/112
f 231/301/309 238/368/362 237/382/254
