# Blender 3.6.23
# www.blender.org
o sol.052
v -0.550343 0.021438 -2.970418
v -0.553398 0.021438 -2.978515
v -0.559319 0.021438 -2.984827
v -0.567204 0.021438 -2.988392
v -0.575854 0.021438 -2.988669
v -0.583952 0.021438 -2.985614
v -0.590263 0.021438 -2.979692
v -0.593829 0.021438 -2.971807
v -0.594105 0.021438 -2.963157
v -0.591050 0.021438 -2.955060
v -0.585129 0.021438 -2.948748
v -0.577243 0.021438 -2.945183
v -0.568593 0.021438 -2.944906
v -0.560496 0.021438 -2.947961
v -0.554184 0.021438 -2.953882
v -0.550619 0.021438 -2.961768
v -0.550426 1.699452 -2.970404
v -0.553469 1.699452 -2.978471
v -0.559368 1.699452 -2.984759
v -0.567224 1.699452 -2.988311
v -0.575841 1.699452 -2.988586
v -0.583907 1.699452 -2.985542
v -0.590195 1.699452 -2.979643
v -0.593746 1.699452 -2.971788
v -0.594022 1.699452 -2.963171
v -0.590978 1.699452 -2.955104
v -0.585080 1.699452 -2.948817
v -0.577224 1.699452 -2.945265
v -0.568607 1.699452 -2.944989
v -0.560540 1.699452 -2.948033
v -0.554253 1.699452 -2.953932
v -0.550701 1.699452 -2.961787
v -0.550723 1.701851 -2.970355
v -0.553725 1.701851 -2.978312
v -0.559543 1.701851 -2.984514
v -0.567292 1.701851 -2.988017
v -0.575791 1.701851 -2.988288
v -0.583748 1.701851 -2.985286
v -0.589950 1.701851 -2.979468
v -0.593453 1.701851 -2.971720
v -0.593724 1.701851 -2.963220
v -0.590722 1.701851 -2.955264
v -0.584904 1.701851 -2.949062
v -0.577156 1.701851 -2.945559
v -0.568656 1.701851 -2.945287
v -0.560700 1.701851 -2.948289
v -0.554498 1.701851 -2.954107
v -0.550994 1.701851 -2.961856
v -0.553009 1.706046 -2.969976
v -0.555692 1.706046 -2.977086
v -0.560891 1.706046 -2.982629
v -0.567816 1.706046 -2.985760
v -0.575412 1.706046 -2.986002
v -0.582522 1.706046 -2.983320
v -0.588065 1.706046 -2.978120
v -0.591196 1.706046 -2.971195
v -0.591438 1.706046 -2.963599
v -0.588756 1.706046 -2.956489
v -0.583556 1.706046 -2.950947
v -0.576631 1.706046 -2.947815
v -0.569035 1.706046 -2.947573
v -0.561925 1.706046 -2.950256
v -0.556382 1.706046 -2.955455
v -0.553252 1.706046 -2.962380
v -0.552915 1.708261 -2.969992
v -0.555610 1.708261 -2.977137
v -0.560836 1.708261 -2.982707
v -0.567794 1.708261 -2.985853
v -0.575428 1.708261 -2.986097
v -0.582573 1.708261 -2.983401
v -0.588143 1.708261 -2.978176
v -0.591289 1.708261 -2.971217
v -0.591533 1.708261 -2.963583
v -0.588837 1.708261 -2.956438
v -0.583612 1.708261 -2.950868
v -0.576653 1.708261 -2.947722
v -0.569020 1.708261 -2.947478
v -0.561874 1.708261 -2.950174
v -0.556305 1.708261 -2.955400
v -0.553158 1.708261 -2.962358
v -0.549835 1.712939 -2.970502
v -0.552961 1.712939 -2.978787
v -0.559019 1.712939 -2.985246
v -0.567088 1.712939 -2.988894
v -0.575939 1.712939 -2.989176
v -0.584224 1.712939 -2.986050
v -0.590682 1.712939 -2.979992
v -0.594330 1.712939 -2.971923
v -0.594612 1.712939 -2.963073
v -0.591486 1.712939 -2.954788
v -0.585428 1.712939 -2.948329
v -0.577359 1.712939 -2.944681
v -0.568509 1.712939 -2.944399
v -0.560224 1.712939 -2.947525
v -0.553766 1.712939 -2.953583
v -0.550118 1.712939 -2.961652
v -0.548243 1.718023 -2.970767
v -0.551591 1.718023 -2.979641
v -0.558080 1.718023 -2.986558
v -0.566723 1.718023 -2.990465
v -0.576203 1.718023 -2.990768
v -0.585077 1.718023 -2.987420
v -0.591994 1.718023 -2.980931
v -0.595902 1.718023 -2.972288
v -0.596204 1.718023 -2.962808
v -0.592856 1.718023 -2.953934
v -0.586367 1.718023 -2.947017
v -0.577724 1.718023 -2.943110
v -0.568245 1.718023 -2.942807
v -0.559370 1.718023 -2.946155
v -0.552453 1.718023 -2.952644
v -0.548546 1.718023 -2.961287
v -0.552364 1.736495 -2.970083
v -0.555137 1.736495 -2.977432
v -0.560511 1.736495 -2.983161
v -0.567668 1.736495 -2.986397
v -0.575519 1.736495 -2.986648
v -0.582868 1.736495 -2.983875
v -0.588597 1.736495 -2.978501
v -0.591833 1.736495 -2.971343
v -0.592084 1.736495 -2.963492
v -0.589311 1.736495 -2.956143
v -0.583937 1.736495 -2.950414
v -0.576779 1.736495 -2.947178
v -0.568928 1.736495 -2.946928
v -0.561579 1.736495 -2.949700
v -0.555850 1.736495 -2.955075
v -0.552614 1.736495 -2.962232
v -0.547768 1.726402 -2.970845
v -0.549876 1.732334 -2.970495
v -0.552996 1.732334 -2.978765
v -0.551182 1.726402 -2.979896
v -0.559043 1.732334 -2.985212
v -0.557800 1.726402 -2.986950
v -0.567097 1.732334 -2.988853
v -0.566614 1.726402 -2.990935
v -0.575932 1.732334 -2.989136
v -0.576282 1.726402 -2.991244
v -0.584202 1.732334 -2.986015
v -0.585332 1.726402 -2.987829
v -0.590648 1.732334 -2.979968
v -0.592386 1.726402 -2.981211
v -0.594289 1.732334 -2.971914
v -0.596371 1.726402 -2.972397
v -0.594571 1.732334 -2.963079
v -0.596680 1.726402 -2.962730
v -0.591451 1.732334 -2.954809
v -0.593265 1.726402 -2.953680
v -0.585404 1.732334 -2.948363
v -0.586647 1.726402 -2.946625
v -0.577350 1.732334 -2.944722
v -0.577834 1.726402 -2.942640
v -0.568516 1.732334 -2.944440
v -0.568166 1.726402 -2.942332
v -0.560246 1.732334 -2.947560
v -0.559116 1.726402 -2.945746
v -0.553799 1.732334 -2.953608
v -0.552061 1.726402 -2.952364
v -0.550158 1.732334 -2.961661
v -0.548076 1.726402 -2.961178
v -0.555706 1.739430 -2.969528
v -0.558012 1.739430 -2.975641
v -0.562482 1.739430 -2.980405
v -0.568435 1.739430 -2.983097
v -0.574964 1.739430 -2.983305
v -0.581077 1.739430 -2.980999
v -0.585841 1.739430 -2.976529
v -0.588533 1.739430 -2.970576
v -0.588741 1.739430 -2.964047
v -0.586435 1.739430 -2.957935
v -0.581965 1.739430 -2.953170
v -0.576013 1.739430 -2.950479
v -0.569483 1.739430 -2.950270
v -0.563371 1.739430 -2.952576
v -0.558606 1.739430 -2.957046
v -0.555915 1.739430 -2.962999
v -0.561579 1.741347 -2.968554
v -0.563065 1.741347 -2.972493
v -0.565946 1.741347 -2.975563
v -0.569782 1.741347 -2.977298
v -0.573990 1.741347 -2.977432
v -0.577929 1.741347 -2.975946
v -0.580999 1.741347 -2.973065
v -0.582734 1.741347 -2.969229
v -0.582868 1.741347 -2.965021
v -0.581382 1.741347 -2.961082
v -0.578501 1.741347 -2.958012
v -0.574665 1.741347 -2.956278
v -0.570457 1.741347 -2.956143
v -0.566518 1.741347 -2.957629
v -0.563448 1.741347 -2.960510
v -0.561714 1.741347 -2.964346
v -0.565526 1.741722 -2.962233
v -0.565774 1.741985 -2.967858
v -0.567356 1.741722 -2.973261
v -0.571211 1.742044 -2.960683
v -0.572224 1.742658 -2.966788
v -0.573237 1.742044 -2.972892
v -0.577091 1.741722 -2.960314
v -0.578674 1.741985 -2.965717
v -0.578921 1.741722 -2.971343
v -0.552983 1.541293 -2.969980
v -0.576637 1.541293 -2.947789
v -0.588778 1.541293 -2.956475
v -0.591222 1.541293 -2.971201
v -0.582537 1.541293 -2.983342
v -0.567810 1.541293 -2.985786
v -0.556361 1.541293 -2.955439
v -0.556360 1.546916 -2.955439
v -0.561911 1.546916 -2.950233
v -0.567810 1.546916 -2.985786
v -0.560876 1.546916 -2.982651
v -0.552982 1.546916 -2.969980
v -0.553225 1.546916 -2.962374
v -0.582537 1.546916 -2.983342
v -0.575416 1.546916 -2.986029
v -0.591222 1.546916 -2.971201
v -0.588087 1.546916 -2.978136
v -0.588778 1.546916 -2.956475
v -0.591465 1.546916 -2.963595
v -0.576637 1.546916 -2.947789
v -0.583572 1.546916 -2.950924
v -0.569031 1.546916 -2.947546
v -0.555669 1.546916 -2.977100
v -0.555669 1.541293 -2.977100
v -0.569031 1.541293 -2.947546
v -0.583572 1.541293 -2.950924
v -0.591465 1.541293 -2.963595
v -0.588087 1.541293 -2.978135
v -0.575416 1.541293 -2.986028
v -0.553225 1.541293 -2.962374
v -0.560876 1.541293 -2.982651
v -0.561911 1.541293 -2.950233
v -0.550319 1.556169 -2.970422
v -0.577248 1.556169 -2.945160
v -0.591070 1.556169 -2.955047
v -0.593852 1.556169 -2.971812
v -0.583964 1.556169 -2.985634
v -0.567199 1.556169 -2.988415
v -0.554165 1.556169 -2.953869
v -0.553378 1.556169 -2.978528
v -0.568589 1.556169 -2.944883
v -0.585142 1.556169 -2.948729
v -0.594128 1.556169 -2.963153
v -0.590282 1.556169 -2.979706
v -0.575858 1.556169 -2.988692
v -0.550596 1.556169 -2.961763
v -0.559305 1.556169 -2.984846
v -0.560483 1.556169 -2.947942
v -0.553388 1.532058 -2.978522
v -0.568591 1.532058 -2.944895
v -0.585135 1.532058 -2.948738
v -0.594116 1.532058 -2.963155
v -0.590273 1.532058 -2.979699
v -0.575856 1.532058 -2.988680
v -0.550607 1.532058 -2.961766
v -0.559312 1.532058 -2.984837
v -0.560490 1.532058 -2.947952
v -0.550331 1.532058 -2.970420
v -0.577245 1.532058 -2.945171
v -0.591060 1.532058 -2.955054
v -0.593840 1.532058 -2.971809
v -0.583958 1.532058 -2.985624
v -0.567202 1.532058 -2.988404
v -0.554175 1.532058 -2.953876
v -0.555546 1.374469 -2.977177
v -0.555546 1.368996 -2.977177
v -0.569007 1.374469 -2.947403
v -0.569007 1.368996 -2.947403
v -0.583656 1.374469 -2.950806
v -0.583656 1.368996 -2.950806
v -0.591608 1.374469 -2.963571
v -0.591608 1.368996 -2.963571
v -0.588205 1.374469 -2.978220
v -0.588205 1.368996 -2.978220
v -0.575440 1.374469 -2.986171
v -0.575440 1.368996 -2.986171
v -0.553084 1.374469 -2.962341
v -0.553084 1.368996 -2.962341
v -0.560791 1.374469 -2.982769
v -0.560791 1.368996 -2.982769
v -0.561834 1.374469 -2.950110
v -0.561834 1.368996 -2.950110
v -0.552839 1.368996 -2.970004
v -0.576670 1.368996 -2.947648
v -0.588902 1.368996 -2.956398
v -0.591363 1.368996 -2.971234
v -0.582613 1.368996 -2.983465
v -0.567777 1.368996 -2.985927
v -0.556243 1.368996 -2.955355
v -0.552839 1.374469 -2.970004
v -0.576670 1.374469 -2.947648
v -0.588902 1.374469 -2.956398
v -0.591363 1.374469 -2.971234
v -0.582613 1.374469 -2.983465
v -0.567777 1.374469 -2.985927
v -0.556243 1.374469 -2.955355
v -0.553388 1.383256 -2.978521
v -0.550332 1.383256 -2.970420
v -0.559312 1.383256 -2.984836
v -0.568591 1.383256 -2.944896
v -0.577245 1.383256 -2.945172
v -0.560490 1.383256 -2.947952
v -0.585135 1.383256 -2.948739
v -0.591059 1.383256 -2.955054
v -0.594116 1.383256 -2.963155
v -0.593839 1.383256 -2.971809
v -0.590272 1.383256 -2.979699
v -0.583957 1.383256 -2.985623
v -0.575856 1.383256 -2.988679
v -0.567202 1.383256 -2.988403
v -0.550608 1.383256 -2.961766
v -0.554175 1.383256 -2.953876
v -0.559312 1.358256 -2.984836
v -0.553388 1.358256 -2.978521
v -0.550332 1.358256 -2.970420
v -0.560490 1.358256 -2.947952
v -0.568591 1.358256 -2.944896
v -0.577245 1.358256 -2.945172
v -0.585135 1.358256 -2.948739
v -0.591059 1.358256 -2.955054
v -0.594115 1.358256 -2.963155
v -0.593839 1.358256 -2.971809
v -0.590272 1.358256 -2.979699
v -0.583957 1.358256 -2.985623
v -0.575856 1.358256 -2.988679
v -0.567202 1.358256 -2.988403
v -0.550608 1.358256 -2.961766
v -0.554175 1.358256 -2.953876
v -0.554664 1.547623 -2.977726
v -0.553378 1.550620 -2.978528
v -0.550319 1.550620 -2.970422
v -0.551815 1.547623 -2.970174
v -0.568837 1.547623 -2.946379
v -0.568589 1.550620 -2.944883
v -0.577248 1.550620 -2.945160
v -0.576905 1.547623 -2.946636
v -0.584260 1.547623 -2.949962
v -0.585142 1.550620 -2.948729
v -0.591070 1.550620 -2.955047
v -0.589783 1.547623 -2.955849
v -0.592632 1.547623 -2.963401
v -0.594128 1.550620 -2.963153
v -0.593852 1.550620 -2.971812
v -0.592375 1.547623 -2.971469
v -0.589049 1.547623 -2.978824
v -0.590282 1.550620 -2.979706
v -0.583964 1.550620 -2.985634
v -0.583162 1.547623 -2.984347
v -0.575610 1.547623 -2.987196
v -0.575858 1.550620 -2.988692
v -0.567199 1.550620 -2.988415
v -0.567542 1.547623 -2.986938
v -0.552073 1.547623 -2.962106
v -0.550596 1.550620 -2.961763
v -0.554165 1.550620 -2.953869
v -0.555398 1.547623 -2.954751
v -0.560187 1.547623 -2.983613
v -0.559305 1.550620 -2.984846
v -0.561285 1.547623 -2.949228
v -0.560483 1.550620 -2.947942
v -0.554624 1.540558 -2.977751
v -0.553380 1.537656 -2.978526
v -0.568829 1.540558 -2.946332
v -0.568590 1.537656 -2.944886
v -0.584288 1.540557 -2.949923
v -0.585140 1.537656 -2.948732
v -0.592680 1.540558 -2.963393
v -0.594125 1.537656 -2.963154
v -0.589088 1.540558 -2.978852
v -0.590280 1.537656 -2.979704
v -0.575618 1.540558 -2.987244
v -0.575858 1.537656 -2.988689
v -0.552026 1.540558 -2.962095
v -0.550599 1.537656 -2.961764
v -0.560159 1.540558 -2.983652
v -0.559307 1.537656 -2.984843
v -0.561260 1.540558 -2.949188
v -0.560485 1.537656 -2.947944
v -0.550323 1.537656 -2.970422
v -0.551768 1.540558 -2.970182
v -0.577247 1.537656 -2.945163
v -0.576916 1.540557 -2.946590
v -0.591067 1.537656 -2.955049
v -0.589824 1.540557 -2.955824
v -0.593848 1.537656 -2.971811
v -0.592421 1.540557 -2.971480
v -0.583962 1.537656 -2.985631
v -0.583188 1.540557 -2.984387
v -0.567200 1.537656 -2.988412
v -0.567531 1.540558 -2.986985
v -0.554168 1.537656 -2.953871
v -0.555359 1.540558 -2.954723
v -0.551492 1.375800 -2.970227
v -0.550332 1.378803 -2.970420
v -0.576979 1.375800 -2.946317
v -0.577245 1.378803 -2.945172
v -0.590061 1.375800 -2.955676
v -0.591059 1.378803 -2.955054
v -0.592694 1.375800 -2.971543
v -0.593839 1.378803 -2.971809
v -0.583336 1.375800 -2.984625
v -0.583957 1.378803 -2.985623
v -0.567468 1.375800 -2.987258
v -0.567202 1.378803 -2.988403
v -0.555132 1.375800 -2.954561
v -0.554175 1.378803 -2.953876
v -0.553388 1.378803 -2.978521
v -0.554386 1.375800 -2.977899
v -0.568591 1.378803 -2.944896
v -0.568784 1.375800 -2.946056
v -0.585135 1.378803 -2.948739
v -0.584451 1.375800 -2.949696
v -0.594116 1.378803 -2.963155
v -0.592955 1.375800 -2.963347
v -0.590272 1.378803 -2.979699
v -0.589316 1.375800 -2.979015
v -0.575856 1.378803 -2.988679
v -0.575664 1.375800 -2.987519
v -0.550608 1.378803 -2.961766
v -0.551754 1.375800 -2.962032
v -0.559312 1.378803 -2.984836
v -0.559997 1.375800 -2.983880
v -0.560490 1.378803 -2.947952
v -0.561112 1.375800 -2.948950
v -0.550332 1.364375 -2.970420
v -0.551671 1.367842 -2.970198
v -0.554541 1.367842 -2.977803
v -0.553388 1.364375 -2.978521
v -0.577245 1.364375 -2.945172
v -0.576938 1.367842 -2.946494
v -0.568813 1.367842 -2.946235
v -0.568591 1.364375 -2.944896
v -0.591059 1.364375 -2.955054
v -0.589907 1.367842 -2.955772
v -0.584345 1.367842 -2.949843
v -0.585135 1.364375 -2.948739
v -0.593839 1.364375 -2.971809
v -0.592517 1.367842 -2.971502
v -0.592776 1.367842 -2.963377
v -0.594115 1.364375 -2.963155
v -0.583957 1.364375 -2.985623
v -0.583239 1.367842 -2.984471
v -0.589168 1.367842 -2.978909
v -0.590272 1.364375 -2.979699
v -0.567202 1.364375 -2.988403
v -0.567509 1.367842 -2.987081
v -0.575634 1.367842 -2.987340
v -0.575856 1.364375 -2.988679
v -0.554175 1.364375 -2.953876
v -0.555279 1.367842 -2.954666
v -0.551930 1.367842 -2.962073
v -0.550608 1.364375 -2.961766
v -0.560102 1.367842 -2.983732
v -0.559312 1.364375 -2.984836
v -0.561208 1.367842 -2.949104
v -0.560490 1.364375 -2.947952
v -0.553389 1.207280 -2.978520
v -0.550333 1.207280 -2.970420
v -0.568591 1.207280 -2.944897
v -0.577245 1.207280 -2.945173
v -0.585134 1.207280 -2.948740
v -0.591058 1.207280 -2.955055
v -0.594114 1.207280 -2.963155
v -0.593838 1.207280 -2.971809
v -0.590271 1.207280 -2.979698
v -0.583957 1.207280 -2.985622
v -0.575856 1.207280 -2.988678
v -0.567202 1.207280 -2.988402
v -0.550609 1.207280 -2.961766
v -0.554176 1.207280 -2.953877
v -0.559313 1.207280 -2.984835
v -0.560491 1.207280 -2.947953
v -0.558356 1.110488 -2.975426
v -0.556106 1.110488 -2.969462
v -0.569549 1.110488 -2.950669
v -0.575921 1.110488 -2.950873
v -0.581730 1.110488 -2.953499
v -0.586091 1.110488 -2.958148
v -0.588342 1.110488 -2.964113
v -0.588138 1.110488 -2.970484
v -0.585512 1.110488 -2.976294
v -0.580863 1.110488 -2.980655
v -0.574898 1.110488 -2.982906
v -0.568526 1.110488 -2.982702
v -0.556309 1.110488 -2.963090
v -0.558935 1.110488 -2.957282
v -0.562718 1.110488 -2.980076
v -0.563585 1.110488 -2.952920
v -0.558356 1.046334 -2.975426
v -0.556106 1.046334 -2.969462
v -0.569549 1.046334 -2.950670
v -0.575921 1.046334 -2.950873
v -0.581730 1.046334 -2.953499
v -0.586091 1.046334 -2.958149
v -0.588341 1.046334 -2.964113
v -0.588138 1.046334 -2.970484
v -0.585512 1.046334 -2.976293
v -0.580862 1.046334 -2.980655
v -0.574898 1.046334 -2.982905
v -0.568527 1.046334 -2.982702
v -0.556309 1.046334 -2.963090
v -0.558936 1.046334 -2.957282
v -0.562718 1.046334 -2.980076
v -0.563585 1.046334 -2.952920
v -0.553391 0.912624 -2.978519
v -0.550335 0.912624 -2.970419
v -0.568592 0.912624 -2.944899
v -0.577245 0.912624 -2.945175
v -0.585133 0.912624 -2.948742
v -0.591056 0.912624 -2.955055
v -0.594112 0.912624 -2.963156
v -0.593836 0.912624 -2.971808
v -0.590269 0.912624 -2.979697
v -0.583956 0.912624 -2.985620
v -0.575856 0.912624 -2.988676
v -0.567203 0.912624 -2.988400
v -0.550611 0.912624 -2.961766
v -0.554178 0.912624 -2.953878
v -0.559314 0.912624 -2.984833
v -0.560492 0.912624 -2.947955
v -0.559313 1.245173 -2.984835
v -0.560490 1.245173 -2.947953
v -0.553389 1.245173 -2.978521
v -0.550333 1.245173 -2.970420
v -0.568591 1.245173 -2.944896
v -0.577245 1.245173 -2.945173
v -0.585135 1.245173 -2.948740
v -0.591058 1.245173 -2.955055
v -0.594115 1.245173 -2.963155
v -0.593838 1.245173 -2.971809
v -0.590271 1.245173 -2.979698
v -0.583957 1.245173 -2.985622
v -0.575856 1.245173 -2.988679
v -0.567202 1.245173 -2.988402
v -0.550609 1.245173 -2.961766
v -0.554176 1.245173 -2.953877
v -0.553391 0.894529 -2.978519
v -0.550335 0.894529 -2.970419
v -0.568592 0.894529 -2.944899
v -0.577245 0.894529 -2.945175
v -0.585133 0.894529 -2.948742
v -0.591056 0.894529 -2.955055
v -0.594112 0.894529 -2.963156
v -0.593836 0.894529 -2.971808
v -0.590269 0.894529 -2.979697
v -0.583956 0.894529 -2.985620
v -0.575856 0.894529 -2.988676
v -0.567203 0.894529 -2.988400
v -0.550611 0.894529 -2.961766
v -0.554178 0.894529 -2.953878
v -0.559314 0.894529 -2.984833
v -0.560492 0.894529 -2.947955
v -0.560011 0.939988 -2.983860
v -0.561125 0.939988 -2.948971
v -0.554407 0.939988 -2.977886
v -0.551516 0.939988 -2.970223
v -0.568788 0.939988 -2.946080
v -0.576974 0.939988 -2.946341
v -0.584437 0.939988 -2.949715
v -0.590040 0.939988 -2.955689
v -0.592931 0.939988 -2.963351
v -0.592670 0.939988 -2.971537
v -0.589296 0.939988 -2.979000
v -0.583323 0.939988 -2.984604
v -0.575660 0.939988 -2.987495
v -0.567474 0.939988 -2.987234
v -0.551777 0.939988 -2.962037
v -0.555152 0.939988 -2.954575
v -0.561804 0.978976 -2.981354
v -0.562754 0.978976 -2.951586
v -0.557023 0.978976 -2.976257
v -0.554556 0.978976 -2.969719
v -0.569292 0.978976 -2.949120
v -0.576276 0.978976 -2.949342
v -0.582644 0.978976 -2.952221
v -0.587425 0.978976 -2.957318
v -0.589892 0.978976 -2.963856
v -0.589669 0.978976 -2.970840
v -0.586790 0.978976 -2.977208
v -0.581693 0.978976 -2.981989
v -0.575155 0.978976 -2.984455
v -0.568171 0.978976 -2.984232
v -0.554779 0.978976 -2.962735
v -0.557658 0.978976 -2.956367
v -0.559921 1.186804 -2.983985
v -0.561043 1.186804 -2.948840
v -0.554277 1.186804 -2.977968
v -0.551364 1.186804 -2.970249
v -0.568762 1.186804 -2.945928
v -0.577009 1.186804 -2.946191
v -0.584526 1.186804 -2.949590
v -0.590171 1.186804 -2.955607
v -0.593083 1.186804 -2.963326
v -0.592820 1.186804 -2.971572
v -0.589421 1.186804 -2.979090
v -0.583404 1.186804 -2.984735
v -0.575685 1.186804 -2.987647
v -0.567439 1.186804 -2.987384
v -0.551627 1.186804 -2.962003
v -0.555026 1.186804 -2.954485
v -0.557076 1.161611 -2.976224
v -0.554618 1.161611 -2.969709
v -0.569302 1.161611 -2.949182
v -0.576262 1.161611 -2.949404
v -0.582607 1.161611 -2.952272
v -0.587371 1.161611 -2.957351
v -0.589830 1.161611 -2.963866
v -0.589607 1.161611 -2.970826
v -0.586739 1.161611 -2.977171
v -0.581660 1.161611 -2.981935
v -0.575145 1.161611 -2.984393
v -0.568185 1.161611 -2.984171
v -0.554840 1.161611 -2.962749
v -0.557709 1.161611 -2.956404
v -0.561840 1.161611 -2.981302
v -0.562787 1.161611 -2.951640
v -0.553391 0.863766 -2.978519
v -0.550335 0.863766 -2.970419
v -0.568592 0.863766 -2.944899
v -0.577245 0.863766 -2.945175
v -0.585133 0.863766 -2.948742
v -0.591056 0.863766 -2.955055
v -0.594112 0.863766 -2.963156
v -0.593836 0.863766 -2.971808
v -0.590269 0.863766 -2.979697
v -0.583955 0.863766 -2.985620
v -0.575856 0.863766 -2.988676
v -0.567203 0.863766 -2.988399
v -0.550612 0.863766 -2.961766
v -0.554178 0.863766 -2.953878
v -0.559314 0.863766 -2.984833
v -0.560492 0.863766 -2.947955
v -0.555507 0.729954 -2.977202
v -0.552794 0.729954 -2.970011
v -0.569000 0.729954 -2.947358
v -0.576681 0.729954 -2.947603
v -0.583683 0.729954 -2.950769
v -0.588941 0.729954 -2.956374
v -0.591653 0.729954 -2.963564
v -0.591408 0.729954 -2.971244
v -0.588242 0.729954 -2.978247
v -0.582638 0.729954 -2.983505
v -0.575448 0.729954 -2.986217
v -0.567767 0.729954 -2.985972
v -0.553039 0.729954 -2.962331
v -0.556205 0.729954 -2.955328
v -0.560764 0.729954 -2.982806
v -0.561810 0.729954 -2.950070
v -0.555623 0.705474 -2.977129
v -0.552930 0.705474 -2.969989
v -0.569022 0.705474 -2.947494
v -0.576649 0.705474 -2.947737
v -0.583603 0.705474 -2.950881
v -0.588824 0.705474 -2.956446
v -0.591518 0.705474 -2.963586
v -0.591274 0.705474 -2.971213
v -0.588130 0.705474 -2.978167
v -0.582565 0.705474 -2.983388
v -0.575425 0.705474 -2.986082
v -0.567798 0.705474 -2.985838
v -0.553173 0.705474 -2.962362
v -0.556317 0.705474 -2.955408
v -0.560844 0.705474 -2.982694
v -0.561882 0.705474 -2.950187
v -0.552242 0.726460 -2.979236
v -0.550055 0.721356 -2.980597
v -0.548999 0.726460 -2.970641
v -0.546458 0.721356 -2.971063
v -0.567948 0.721356 -2.941022
v -0.568370 0.726460 -2.943563
v -0.577551 0.726460 -2.943856
v -0.578134 0.721356 -2.941347
v -0.587420 0.721356 -2.945546
v -0.585921 0.726460 -2.947640
v -0.592206 0.726460 -2.954340
v -0.594392 0.721356 -2.952978
v -0.597989 0.721356 -2.962512
v -0.595448 0.726460 -2.962934
v -0.595155 0.726460 -2.972115
v -0.597664 0.721356 -2.972698
v -0.593466 0.721356 -2.981984
v -0.591371 0.726460 -2.980485
v -0.584672 0.726460 -2.986770
v -0.586034 0.721356 -2.988956
v -0.576499 0.721356 -2.992553
v -0.576077 0.726460 -2.990012
v -0.566896 0.726460 -2.989719
v -0.566313 0.721356 -2.992228
v -0.546783 0.721356 -2.960877
v -0.549292 0.726460 -2.961460
v -0.553076 0.726460 -2.953090
v -0.550982 0.721356 -2.951591
v -0.557028 0.721356 -2.988030
v -0.558526 0.726460 -2.985935
v -0.558414 0.721356 -2.944619
v -0.559776 0.726460 -2.946806
v -0.551713 0.709602 -2.979565
v -0.550046 0.715619 -2.980604
v -0.548385 0.709602 -2.970743
v -0.546447 0.715619 -2.971065
v -0.567947 0.715619 -2.941011
v -0.568268 0.709602 -2.942949
v -0.577692 0.709602 -2.943250
v -0.578137 0.715619 -2.941336
v -0.587426 0.715619 -2.945536
v -0.586283 0.709602 -2.947134
v -0.592734 0.709602 -2.954010
v -0.594402 0.715619 -2.952972
v -0.598000 0.715619 -2.962511
v -0.596062 0.709602 -2.962832
v -0.595762 0.709602 -2.972256
v -0.597675 0.715619 -2.972700
v -0.593475 0.715619 -2.981990
v -0.591877 0.709602 -2.980847
v -0.585001 0.709602 -2.987298
v -0.586040 0.715619 -2.988966
v -0.576501 0.715619 -2.992564
v -0.576179 0.709602 -2.990626
v -0.566755 0.709602 -2.990325
v -0.566311 0.715619 -2.992239
v -0.546772 0.715619 -2.960875
v -0.548686 0.709602 -2.961319
v -0.552570 0.709602 -2.952728
v -0.550972 0.715619 -2.951585
v -0.557021 0.715619 -2.988039
v -0.558164 0.709602 -2.986441
v -0.558408 0.715619 -2.944610
v -0.559447 0.709602 -2.946277
v -0.560671 0.732688 -2.982936
v -0.561725 0.732688 -2.949935
v -0.555371 0.732688 -2.977286
v -0.552636 0.732688 -2.970037
v -0.568974 0.732688 -2.947200
v -0.576717 0.732688 -2.947447
v -0.583776 0.732688 -2.950639
v -0.589076 0.732688 -2.956289
v -0.591811 0.732688 -2.963537
v -0.591564 0.732688 -2.971281
v -0.588372 0.732688 -2.978339
v -0.582722 0.732688 -2.983640
v -0.575474 0.732688 -2.986375
v -0.567731 0.732688 -2.986128
v -0.552883 0.732688 -2.962294
v -0.556075 0.732688 -2.955235
v -0.555623 0.703116 -2.977129
v -0.552930 0.703116 -2.969989
v -0.569022 0.703116 -2.947494
v -0.576649 0.703116 -2.947737
v -0.583603 0.703116 -2.950881
v -0.588824 0.703116 -2.956446
v -0.591518 0.703116 -2.963586
v -0.591274 0.703116 -2.971213
v -0.588130 0.703116 -2.978167
v -0.582565 0.703116 -2.983388
v -0.575425 0.703116 -2.986082
v -0.567798 0.703116 -2.985838
v -0.553173 0.703116 -2.962362
v -0.556317 0.703116 -2.955408
v -0.560844 0.703116 -2.982694
v -0.561882 0.703116 -2.950187
v -0.553392 0.686612 -2.978519
v -0.550336 0.686612 -2.970419
v -0.568592 0.686612 -2.944900
v -0.577244 0.686612 -2.945176
v -0.585132 0.686612 -2.948743
v -0.591055 0.686612 -2.955056
v -0.594111 0.686612 -2.963156
v -0.593835 0.686612 -2.971808
v -0.590268 0.686612 -2.979696
v -0.583955 0.686612 -2.985619
v -0.575855 0.686612 -2.988675
v -0.567203 0.686612 -2.988399
v -0.550612 0.686612 -2.961767
v -0.554179 0.686612 -2.953879
v -0.559315 0.686612 -2.984833
v -0.560492 0.686612 -2.947956
v -0.559446 0.695384 -2.984649
v -0.560611 0.695384 -2.948147
v -0.553583 0.695384 -2.978400
v -0.550558 0.695384 -2.970383
v -0.568629 0.695384 -2.945122
v -0.577193 0.695384 -2.945396
v -0.585001 0.695384 -2.948926
v -0.590864 0.695384 -2.955175
v -0.593889 0.695384 -2.963193
v -0.593615 0.695384 -2.971757
v -0.590085 0.695384 -2.979565
v -0.583836 0.695384 -2.985428
v -0.575819 0.695384 -2.988453
v -0.567254 0.695384 -2.988179
v -0.550832 0.695384 -2.961818
v -0.554362 0.695384 -2.954010
v -0.560195 0.701140 -2.983602
v -0.561292 0.701140 -2.949240
v -0.554676 0.701140 -2.977719
v -0.551829 0.701140 -2.970172
v -0.568840 0.701140 -2.946393
v -0.576902 0.701140 -2.946650
v -0.584252 0.701140 -2.949973
v -0.589771 0.701140 -2.955856
v -0.592619 0.701140 -2.963403
v -0.592361 0.701140 -2.971466
v -0.589038 0.701140 -2.978816
v -0.583155 0.701140 -2.984335
v -0.575608 0.701140 -2.987182
v -0.567545 0.701140 -2.986925
v -0.552086 0.701140 -2.962110
v -0.555409 0.701140 -2.954759
v -0.554626 0.705952 -2.977750
v -0.560161 0.705952 -2.983650
v -0.551770 0.705952 -2.970181
v -0.552028 0.705952 -2.962096
v -0.568830 0.705952 -2.946334
v -0.561261 0.705952 -2.949190
v -0.576915 0.705952 -2.946592
v -0.584287 0.705952 -2.949925
v -0.589822 0.705952 -2.955825
v -0.592677 0.705952 -2.963394
v -0.592419 0.705952 -2.971479
v -0.589086 0.705952 -2.978851
v -0.583186 0.705952 -2.984385
v -0.575617 0.705952 -2.987241
v -0.567532 0.705952 -2.986983
v -0.555361 0.705952 -2.954724
v -0.614704 0.130987 -2.963423
v -0.614290 0.132368 -2.963195
v -0.615584 0.131239 -2.962980
v -0.615141 0.132505 -2.962820
v -0.615821 0.129938 -2.962707
v -0.614490 0.131239 -2.956387
v -0.613928 0.129606 -2.956481
v -0.614123 0.132505 -2.956681
v -0.614802 0.129938 -2.956569
v -0.616469 0.131629 -2.959446
v -0.615913 0.132958 -2.959538
v -0.616512 0.131577 -2.960888
v -0.616644 0.130196 -2.959417
v -0.616044 0.131577 -2.958067
v -0.615571 0.132820 -2.958247
v -0.616006 0.132820 -2.960870
v -0.616686 0.130252 -2.960757
v -0.616251 0.130252 -2.958135
v -0.615038 0.127476 -2.959683
v -0.615197 0.127759 -2.961107
v -0.615892 0.128012 -2.959542
v -0.615985 0.128217 -2.960874
v -0.615550 0.128217 -2.958251
v -0.613180 0.134497 -2.959992
v -0.613021 0.134214 -2.958568
v -0.614183 0.134467 -2.959826
v -0.613959 0.134226 -2.958515
v -0.614394 0.134226 -2.961138
v -0.616389 0.130235 -2.961913
v -0.616198 0.131441 -2.962096
v -0.615765 0.132593 -2.962017
v -0.614679 0.133541 -2.962197
v -0.613873 0.133469 -2.962482
v -0.615917 0.128864 -2.961992
v -0.613886 0.133541 -2.957420
v -0.614972 0.132593 -2.957240
v -0.615357 0.131441 -2.957025
v -0.615596 0.130235 -2.957137
v -0.615124 0.128864 -2.957215
v -0.614345 0.128504 -2.957193
v -0.614862 0.133752 -2.958475
v -0.615120 0.133923 -2.959670
v -0.615261 0.133752 -2.960884
v -0.616499 0.129076 -2.960679
v -0.616435 0.128958 -2.959452
v -0.616100 0.129076 -2.958270
v -0.616351 0.129330 -2.961593
v -0.615664 0.129330 -2.957452
v -0.615278 0.133384 -2.961771
v -0.614591 0.133384 -2.957630
v -0.615022 0.129606 -2.963073
v -0.615187 0.128504 -2.962264
v -0.613514 0.130987 -2.956252
v -0.613196 0.132368 -2.956602
v -0.613031 0.133469 -2.957411
v -0.614729 0.127759 -2.958285
v -0.613489 0.134214 -2.961390
v -0.751218 0.020132 -2.966306
v -0.741781 0.020132 -2.909434
v -0.759770 0.020132 -2.906449
v -0.769207 0.020132 -2.963321
v -0.776422 0.020132 -2.903686
v -0.778297 0.020132 -2.905028
v -0.777637 0.020132 -2.903968
v -0.787200 0.020132 -2.958683
v -0.785858 0.020132 -2.960558
v -0.786918 0.020132 -2.959899
v -0.778297 0.022876 -2.905028
v -0.776422 0.022918 -2.903686
v -0.776690 0.024571 -2.905294
v -0.777637 0.022883 -2.903968
v -0.777463 0.023839 -2.904212
v -0.776500 0.024082 -2.904157
v -0.777826 0.024052 -2.905106
v -0.787200 0.022876 -2.958683
v -0.785593 0.024571 -2.958950
v -0.785858 0.022918 -2.960558
v -0.786729 0.024052 -2.958761
v -0.786674 0.023839 -2.959725
v -0.785781 0.024082 -2.960087
v -0.786917 0.022883 -2.959899
v -0.750951 0.029673 -2.964698
v -0.751218 0.028020 -2.966306
v -0.751140 0.029189 -2.965835
v -0.741781 0.028020 -2.909434
v -0.742048 0.029673 -2.911042
v -0.741859 0.029189 -2.909905
v -0.760037 0.025246 -2.908057
v -0.759770 0.023593 -2.906449
v -0.759848 0.024762 -2.906920
v -0.768940 0.025246 -2.961713
v -0.769207 0.023593 -2.963321
v -0.769129 0.024762 -2.962850
v -0.803395 -0.004417 -2.899210
v -0.802670 0.000014 -2.894840
v -0.807766 0.000014 -2.898485
v -0.802883 -0.003119 -2.896120
v -0.805500 -0.002544 -2.896268
v -0.805973 0.000014 -2.895607
v -0.806486 -0.003119 -2.898698
v -0.817203 0.000014 -2.955358
v -0.813557 0.000014 -2.960453
v -0.812832 -0.004417 -2.956083
v -0.816435 0.000014 -2.958660
v -0.815774 -0.002544 -2.958187
v -0.813345 -0.003119 -2.959173
v -0.815923 -0.003119 -2.955570
v -0.807766 0.015702 -2.898485
v -0.802670 0.015702 -2.894840
v -0.803395 0.020132 -2.899210
v -0.805973 0.015702 -2.895607
v -0.805500 0.018260 -2.896268
v -0.802883 0.018835 -2.896120
v -0.806486 0.018835 -2.898698
v -0.817203 0.015702 -2.955358
v -0.812832 0.020132 -2.956083
v -0.813557 0.015702 -2.960453
v -0.815923 0.018835 -2.955570
v -0.815774 0.018260 -2.958187
v -0.813345 0.018835 -2.959173
v -0.816435 0.015702 -2.958660
v -0.787467 -0.004417 -2.960291
v -0.788192 0.000014 -2.964662
v -0.787979 -0.003119 -2.963382
v -0.778030 0.020132 -2.903419
v -0.777305 0.015702 -2.899049
v -0.777517 0.018835 -2.900329
v -0.787467 0.020132 -2.960291
v -0.788192 0.015702 -2.964662
v -0.787979 0.018835 -2.963382
v -0.778030 -0.004417 -2.903419
v -0.777305 0.000014 -2.899049
v -0.777517 -0.003119 -2.900329
v -0.668350 0.029673 -2.956702
v -0.666456 0.029673 -2.945287
v -0.605726 0.157182 -2.967093
v -0.603832 0.157182 -2.955678
v -0.614332 0.029673 -2.965665
v -0.612438 0.029673 -2.954251
v -0.599836 0.160244 -2.968070
v -0.597942 0.160244 -2.956656
v -0.671768 0.039996 -2.956135
v -0.666159 0.046587 -2.957065
v -0.669874 0.039996 -2.944720
v -0.662067 0.043867 -2.946016
v -0.614332 0.046587 -2.965665
v -0.614332 0.039996 -2.965665
v -0.612438 0.046587 -2.954251
v -0.612438 0.039996 -2.954251
v -0.673651 0.029673 -2.952782
v -0.672739 0.029673 -2.947285
v -0.606752 0.158883 -2.963883
v -0.605840 0.158883 -2.958385
v -0.599920 0.162579 -2.965016
v -0.599008 0.162579 -2.959519
v -0.666376 0.048346 -2.948340
v -0.667289 0.048346 -2.953838
v -0.673551 0.040687 -2.952799
v -0.672639 0.040687 -2.947301
v -0.626079 0.082940 -2.951987
v -0.614769 0.102819 -2.953864
v -0.606018 0.105907 -2.967044
v -0.609497 0.085657 -2.966467
v -0.604124 0.105907 -2.955630
v -0.607603 0.085657 -2.955053
v -0.619930 0.103861 -2.964736
v -0.627973 0.082940 -2.963401
v -0.628767 0.083793 -2.954581
v -0.620715 0.104716 -2.955917
v -0.621627 0.104716 -2.961415
v -0.629679 0.083793 -2.960078
v -0.634818 0.069567 -2.962265
v -0.645109 0.058621 -2.960558
v -0.643215 0.058621 -2.949144
v -0.630114 0.067534 -2.951317
v -0.612843 0.070900 -2.965912
v -0.614332 0.060488 -2.965665
v -0.610949 0.070900 -2.954498
v -0.612438 0.060488 -2.954251
v -0.645384 0.060329 -2.951824
v -0.635102 0.071280 -2.953530
v -0.636014 0.071280 -2.959027
v -0.646296 0.060329 -2.957321
v -0.598982 0.156780 -2.968212
v -0.597088 0.156780 -2.956798
v -0.601474 0.154540 -2.956070
v -0.603368 0.154540 -2.967484
v -0.664265 0.046587 -2.945651
v -0.666456 0.038709 -2.945287
v -0.663961 0.043867 -2.957430
v -0.668350 0.038709 -2.956702
v -0.671768 0.029673 -2.956135
v -0.669874 0.029673 -2.944720
v -0.618036 0.103861 -2.953322
v -0.622961 0.081509 -2.952504
v -0.624855 0.081509 -2.963919
v -0.616663 0.102819 -2.965278
v -0.632924 0.069567 -2.950851
v -0.641092 0.055857 -2.949496
v -0.642986 0.055857 -2.960910
v -0.632008 0.067534 -2.962732
v -0.609321 0.151718 -2.957808
v -0.606905 0.150330 -2.955169
v -0.597872 0.151111 -2.956667
v -0.599766 0.151111 -2.968082
v -0.608799 0.150330 -2.966583
v -0.610233 0.151718 -2.963305
v -0.603911 0.148146 -2.955665
v -0.605805 0.148146 -2.967080
v -0.530933 0.130987 -2.977324
v -0.531251 0.132368 -2.976974
v -0.529957 0.131239 -2.977188
v -0.530325 0.132505 -2.976893
v -0.529645 0.129938 -2.977006
v -0.528863 0.131239 -2.970595
v -0.529426 0.129606 -2.970501
v -0.529306 0.132505 -2.970755
v -0.528626 0.129938 -2.970868
v -0.527979 0.131629 -2.974129
v -0.528535 0.132958 -2.974037
v -0.528403 0.131577 -2.975508
v -0.527803 0.130196 -2.974158
v -0.527935 0.131577 -2.972687
v -0.528441 0.132820 -2.972705
v -0.528876 0.132820 -2.975328
v -0.528197 0.130252 -2.975440
v -0.527761 0.130252 -2.972818
v -0.529409 0.127476 -2.973892
v -0.529718 0.127759 -2.975290
v -0.528556 0.128012 -2.974033
v -0.528898 0.128217 -2.975324
v -0.528462 0.128217 -2.972702
v -0.531268 0.134498 -2.973583
v -0.530959 0.134214 -2.972185
v -0.530264 0.134467 -2.973750
v -0.530053 0.134226 -2.972437
v -0.530488 0.134226 -2.975060
v -0.528851 0.130235 -2.976439
v -0.529091 0.131441 -2.976550
v -0.529475 0.132593 -2.976335
v -0.530561 0.133541 -2.976155
v -0.531416 0.133469 -2.976164
v -0.529323 0.128864 -2.976360
v -0.529768 0.133541 -2.971378
v -0.528683 0.132593 -2.971558
v -0.528249 0.131441 -2.971479
v -0.528058 0.130235 -2.971662
v -0.528531 0.128864 -2.971584
v -0.529261 0.128504 -2.971311
v -0.529186 0.133752 -2.972691
v -0.529327 0.133923 -2.973906
v -0.529586 0.133752 -2.975100
v -0.528348 0.129076 -2.975306
v -0.528013 0.128958 -2.974123
v -0.527948 0.129076 -2.972896
v -0.528783 0.129330 -2.976123
v -0.528096 0.129330 -2.971982
v -0.529856 0.133384 -2.975945
v -0.529169 0.133384 -2.971804
v -0.530520 0.129606 -2.977095
v -0.530102 0.128504 -2.976382
v -0.529743 0.130987 -2.970152
v -0.530157 0.132368 -2.970380
v -0.530575 0.133469 -2.971093
v -0.529250 0.127759 -2.972468
v -0.531427 0.134214 -2.975007
v -0.402666 0.020132 -3.024141
v -0.393229 0.020132 -2.967269
v -0.375240 0.020132 -2.970254
v -0.384677 0.020132 -3.027126
v -0.358589 0.020132 -2.973017
v -0.357248 0.020132 -2.974892
v -0.357530 0.020132 -2.973676
v -0.366151 0.020132 -3.028548
v -0.368026 0.020132 -3.029889
v -0.366810 0.020132 -3.029607
v -0.357248 0.022876 -2.974892
v -0.358589 0.022918 -2.973017
v -0.358855 0.024571 -2.974625
v -0.357530 0.022883 -2.973676
v -0.357773 0.023839 -2.973851
v -0.358666 0.024082 -2.973488
v -0.357718 0.024052 -2.974814
v -0.366151 0.022876 -3.028548
v -0.367758 0.024571 -3.028281
v -0.368026 0.022918 -3.029889
v -0.366621 0.024052 -3.028470
v -0.366984 0.023839 -3.029363
v -0.367947 0.024082 -3.029418
v -0.366811 0.022883 -3.029607
v -0.402399 0.029673 -3.022533
v -0.402666 0.028020 -3.024141
v -0.402588 0.029189 -3.023670
v -0.393229 0.028020 -2.967269
v -0.393496 0.029673 -2.968877
v -0.393307 0.029189 -2.967740
v -0.375507 0.025246 -2.971862
v -0.375240 0.023593 -2.970254
v -0.375319 0.024762 -2.970725
v -0.384410 0.025246 -3.025518
v -0.384677 0.023593 -3.027126
v -0.384599 0.024762 -3.026655
v -0.331615 -0.004417 -2.977493
v -0.330890 0.000014 -2.973122
v -0.327245 0.000014 -2.978218
v -0.331102 -0.003119 -2.974402
v -0.328673 -0.002544 -2.975388
v -0.328012 0.000014 -2.974915
v -0.328525 -0.003119 -2.978005
v -0.336681 0.000014 -3.035090
v -0.341777 0.000014 -3.038735
v -0.341052 -0.004417 -3.034365
v -0.338474 0.000014 -3.037968
v -0.338947 -0.002544 -3.037307
v -0.341565 -0.003119 -3.037455
v -0.337961 -0.003119 -3.034878
v -0.327245 0.015702 -2.978218
v -0.330890 0.015702 -2.973122
v -0.331615 0.020132 -2.977493
v -0.328012 0.015702 -2.974915
v -0.328673 0.018260 -2.975388
v -0.331102 0.018835 -2.974402
v -0.328525 0.018835 -2.978005
v -0.336681 0.015702 -3.035090
v -0.341052 0.020132 -3.034365
v -0.341777 0.015702 -3.038735
v -0.337961 0.018835 -3.034878
v -0.338947 0.018260 -3.037307
v -0.341565 0.018835 -3.037455
v -0.338474 0.015702 -3.037968
v -0.577667 0.015702 -2.999594
v -0.577455 0.018835 -2.998314
v -0.576942 0.020132 -2.995224
v -0.577667 0.000014 -2.999594
v -0.577455 -0.003119 -2.998314
v -0.576942 -0.004417 -2.995224
v -0.566780 0.015702 -2.933981
v -0.566993 0.018835 -2.935261
v -0.567505 0.020132 -2.938351
v -0.566780 0.000014 -2.933981
v -0.566993 -0.003119 -2.935261
v -0.567505 -0.004417 -2.938351
v -0.366417 -0.004417 -3.030156
v -0.367143 0.000014 -3.034526
v -0.366930 -0.003119 -3.033247
v -0.356981 0.020132 -2.973284
v -0.356255 0.015702 -2.968913
v -0.356468 0.018835 -2.970193
v -0.366417 0.020132 -3.030156
v -0.367143 0.015702 -3.034526
v -0.366930 0.018835 -3.033247
v -0.356981 -0.004417 -2.973284
v -0.356255 0.000014 -2.968913
v -0.356468 -0.003119 -2.970193
v -0.576942 0.028020 -2.995224
v -0.576864 0.029184 -2.994752
v -0.576675 0.029673 -2.993615
v -0.567772 0.029673 -2.939960
v -0.567583 0.029184 -2.938823
v -0.567505 0.028020 -2.938351
v -0.567505 0.020132 -2.938351
v -0.576942 0.020132 -2.995224
v -0.477992 0.029673 -2.988288
v -0.476098 0.029673 -2.976873
v -0.573171 0.029673 -2.972495
v -0.571277 0.029673 -2.961080
v -0.540615 0.157182 -2.977897
v -0.538721 0.157182 -2.966482
v -0.573171 0.160244 -2.972495
v -0.571277 0.160244 -2.961080
v -0.532010 0.029673 -2.979324
v -0.530116 0.029673 -2.967910
v -0.546506 0.160244 -2.976919
v -0.544612 0.160244 -2.965505
v -0.474574 0.039996 -2.988855
v -0.480182 0.046587 -2.987924
v -0.472680 0.039996 -2.977440
v -0.480487 0.043867 -2.976145
v -0.571277 0.046587 -2.961080
v -0.571277 0.039996 -2.961080
v -0.573171 0.039996 -2.972495
v -0.573171 0.046587 -2.972495
v -0.532010 0.046587 -2.979324
v -0.532010 0.039996 -2.979324
v -0.530116 0.046587 -2.967910
v -0.530116 0.039996 -2.967910
v -0.471709 0.029673 -2.986290
v -0.470797 0.029673 -2.980793
v -0.572680 0.162651 -2.969537
v -0.571768 0.162651 -2.964039
v -0.538607 0.158883 -2.975190
v -0.537695 0.158883 -2.969692
v -0.545440 0.162579 -2.974056
v -0.544527 0.162579 -2.968559
v -0.477159 0.048346 -2.979737
v -0.478071 0.048347 -2.985235
v -0.471809 0.040687 -2.986274
v -0.470896 0.040687 -2.980776
v -0.516474 0.082940 -2.970174
v -0.527785 0.102819 -2.968297
v -0.571277 0.105907 -2.961080
v -0.571277 0.085657 -2.961080
v -0.540324 0.105907 -2.977945
v -0.536844 0.085657 -2.978522
v -0.538430 0.105907 -2.966531
v -0.534950 0.085657 -2.967108
v -0.526411 0.103861 -2.980253
v -0.518368 0.082940 -2.981588
v -0.573171 0.085657 -2.972495
v -0.573171 0.105907 -2.972495
v -0.514768 0.083793 -2.973497
v -0.522820 0.104716 -2.972161
v -0.523733 0.104716 -2.977658
v -0.515681 0.083793 -2.978994
v -0.511523 0.069567 -2.982724
v -0.501233 0.058621 -2.984431
v -0.499339 0.058621 -2.973017
v -0.512439 0.067534 -2.970843
v -0.571277 0.070900 -2.961080
v -0.571277 0.060488 -2.961080
v -0.573171 0.060488 -2.972495
v -0.573171 0.070900 -2.972495
v -0.533498 0.070900 -2.979077
v -0.532010 0.060488 -2.979324
v -0.531604 0.070900 -2.967663
v -0.530116 0.060488 -2.967910
v -0.498151 0.060329 -2.976254
v -0.508433 0.071280 -2.974548
v -0.509346 0.071280 -2.980045
v -0.499063 0.060329 -2.981751
v -0.547359 0.156780 -2.976778
v -0.573171 0.156780 -2.972495
v -0.545465 0.156780 -2.965363
v -0.541080 0.154540 -2.966091
v -0.542974 0.154540 -2.977505
v -0.571277 0.156780 -2.961080
v -0.478288 0.046587 -2.976510
v -0.476098 0.038709 -2.976873
v -0.482380 0.043867 -2.987559
v -0.477992 0.038709 -2.988288
v -0.474574 0.029673 -2.988855
v -0.472680 0.029673 -2.977440
v -0.524517 0.103861 -2.968839
v -0.519593 0.081509 -2.969656
v -0.521487 0.081509 -2.981071
v -0.529679 0.102819 -2.979711
v -0.509629 0.069567 -2.971309
v -0.501462 0.055857 -2.972665
v -0.503355 0.055857 -2.984079
v -0.514333 0.067534 -2.982258
v -0.534215 0.151718 -2.970270
v -0.535649 0.150330 -2.966992
v -0.544682 0.151111 -2.965493
v -0.571277 0.151111 -2.961080
v -0.573171 0.151111 -2.972495
v -0.546576 0.151111 -2.976907
v -0.537543 0.150331 -2.978406
v -0.535127 0.151718 -2.975768
v -0.538642 0.148146 -2.966496
v -0.540536 0.148146 -2.977910
v -0.568860 0.130987 -2.924307
v -0.568631 0.132368 -2.924721
v -0.568416 0.131239 -2.923427
v -0.568256 0.132505 -2.923870
v -0.568143 0.129938 -2.923190
v -0.561823 0.131239 -2.924521
v -0.561916 0.129606 -2.925084
v -0.562118 0.132505 -2.924888
v -0.562005 0.129938 -2.924209
v -0.564882 0.131629 -2.922543
v -0.564974 0.132958 -2.923099
v -0.566325 0.131577 -2.922499
v -0.564853 0.130196 -2.922367
v -0.563503 0.131577 -2.922967
v -0.563684 0.132820 -2.923440
v -0.566306 0.132820 -2.923005
v -0.566194 0.130252 -2.922325
v -0.563571 0.130252 -2.922760
v -0.565120 0.127476 -2.923973
v -0.566543 0.127759 -2.923814
v -0.564978 0.128012 -2.923119
v -0.566310 0.128217 -2.923026
v -0.563687 0.128217 -2.923461
v -0.565428 0.134498 -2.925831
v -0.564005 0.134214 -2.925991
v -0.565261 0.134467 -2.924828
v -0.563951 0.134226 -2.925052
v -0.566574 0.134226 -2.924617
v -0.567349 0.130235 -2.922622
v -0.567532 0.131441 -2.922813
v -0.567453 0.132593 -2.923247
v -0.567633 0.133541 -2.924332
v -0.567918 0.133469 -2.925138
v -0.567428 0.128864 -2.923094
v -0.562857 0.133541 -2.925125
v -0.562676 0.132593 -2.924039
v -0.562461 0.131441 -2.923654
v -0.562573 0.130235 -2.923415
v -0.562651 0.128864 -2.923887
v -0.562629 0.128504 -2.924666
v -0.563911 0.133752 -2.924149
v -0.565106 0.133923 -2.923891
v -0.566320 0.133752 -2.923750
v -0.566115 0.129076 -2.922512
v -0.564888 0.128958 -2.922577
v -0.563706 0.129076 -2.922912
v -0.567029 0.129330 -2.922660
v -0.562888 0.129330 -2.923347
v -0.567207 0.133384 -2.923733
v -0.563066 0.133384 -2.924420
v -0.568510 0.129606 -2.923990
v -0.567700 0.128504 -2.923825
v -0.561688 0.130987 -2.925497
v -0.562038 0.132368 -2.925815
v -0.562847 0.133469 -2.925980
v -0.563721 0.127759 -2.924282
v -0.566826 0.134214 -2.925522
v -0.571742 0.020132 -2.787793
v -0.514870 0.020132 -2.797230
v -0.511885 0.020132 -2.779241
v -0.568758 0.020132 -2.769804
v -0.509122 0.020132 -2.762589
v -0.510464 0.020132 -2.760714
v -0.509405 0.020132 -2.761374
v -0.564119 0.020132 -2.751812
v -0.565995 0.020132 -2.753153
v -0.565335 0.020132 -2.752094
v -0.510464 0.022876 -2.760714
v -0.509122 0.022918 -2.762589
v -0.510730 0.024571 -2.762321
v -0.509405 0.022883 -2.761374
v -0.509648 0.023839 -2.761548
v -0.509593 0.024082 -2.762511
v -0.510542 0.024052 -2.761185
v -0.564119 0.022876 -2.751812
v -0.564386 0.024571 -2.753418
v -0.565995 0.022918 -2.753153
v -0.564197 0.024052 -2.752282
v -0.565161 0.023839 -2.752337
v -0.565523 0.024082 -2.753230
v -0.565335 0.022883 -2.752094
v -0.570134 0.029673 -2.788060
v -0.571742 0.028020 -2.787793
v -0.571271 0.029189 -2.787871
v -0.514870 0.028020 -2.797230
v -0.516478 0.029673 -2.796963
v -0.515341 0.029189 -2.797152
v -0.513493 0.025246 -2.778974
v -0.511885 0.023593 -2.779241
v -0.512356 0.024762 -2.779163
v -0.567149 0.025246 -2.770071
v -0.568758 0.023593 -2.769804
v -0.568286 0.024762 -2.769882
v -0.504646 -0.004417 -2.735616
v -0.500276 0.000014 -2.736341
v -0.503921 0.000014 -2.731245
v -0.501556 -0.003119 -2.736129
v -0.501704 -0.002544 -2.733511
v -0.501043 0.000014 -2.733038
v -0.504134 -0.003119 -2.732525
v -0.560794 0.000014 -2.721808
v -0.565889 0.000014 -2.725454
v -0.561519 -0.004417 -2.726179
v -0.564096 0.000014 -2.722576
v -0.563623 -0.002544 -2.723237
v -0.564609 -0.003119 -2.725666
v -0.561006 -0.003119 -2.723089
v -0.503921 0.015702 -2.731245
v -0.500276 0.015702 -2.736341
v -0.504646 0.020132 -2.735616
v -0.501043 0.015702 -2.733038
v -0.501704 0.018260 -2.733511
v -0.501556 0.018835 -2.736129
v -0.504134 0.018835 -2.732525
v -0.560794 0.015702 -2.721808
v -0.561519 0.020132 -2.726179
v -0.565889 0.015702 -2.725454
v -0.561006 0.018835 -2.723089
v -0.563623 0.018260 -2.723237
v -0.564609 0.018835 -2.725666
v -0.564096 0.015702 -2.722576
v -0.565728 -0.004417 -2.751544
v -0.570098 0.000014 -2.750819
v -0.568818 -0.003119 -2.751032
v -0.508855 0.020132 -2.760981
v -0.504485 0.015702 -2.761706
v -0.505765 0.018835 -2.761494
v -0.565728 0.020132 -2.751544
v -0.570098 0.015702 -2.750819
v -0.568818 0.018835 -2.751032
v -0.508855 -0.004417 -2.760981
v -0.504485 0.000014 -2.761706
v -0.505765 -0.003119 -2.761494
v -0.562138 0.029673 -2.870661
v -0.550724 0.029673 -2.872555
v -0.571101 0.029673 -2.924680
v -0.559687 0.029673 -2.926574
v -0.551452 0.043867 -2.876944
v -0.571101 0.046587 -2.924680
v -0.571101 0.039996 -2.924680
v -0.559687 0.046587 -2.926574
v -0.559687 0.039996 -2.926574
v -0.559300 0.102819 -2.924242
v -0.572481 0.105907 -2.932994
v -0.571903 0.085657 -2.929514
v -0.561066 0.105907 -2.934888
v -0.560489 0.085657 -2.931408
v -0.556754 0.067534 -2.908897
v -0.571348 0.070900 -2.926168
v -0.571101 0.060488 -2.924680
v -0.559934 0.070900 -2.928062
v -0.559687 0.060488 -2.926574
v -0.573648 0.156780 -2.940029
v -0.562234 0.156780 -2.941923
v -0.561506 0.154540 -2.937537
v -0.572920 0.154540 -2.935643
v -0.550724 0.038709 -2.872555
v -0.562866 0.043867 -2.875050
v -0.562138 0.038709 -2.870661
v -0.557941 0.081509 -2.916050
v -0.569355 0.081509 -2.914156
v -0.570714 0.102819 -2.922349
v -0.554932 0.055857 -2.897919
v -0.566346 0.055857 -2.896025
v -0.568168 0.067534 -2.907003
v -0.562104 0.151111 -2.941139
v -0.573518 0.151111 -2.939245
v -0.561102 0.148146 -2.935100
v -0.572516 0.148146 -2.933206
v -0.582759 0.130987 -3.008078
v -0.582410 0.132368 -3.007760
v -0.582624 0.131239 -3.009054
v -0.582330 0.132505 -3.008687
v -0.582442 0.129938 -3.009367
v -0.576031 0.131239 -3.010149
v -0.575938 0.129606 -3.009585
v -0.576191 0.132505 -3.009705
v -0.576304 0.129938 -3.010385
v -0.579565 0.131629 -3.011033
v -0.579473 0.132958 -3.010477
v -0.580944 0.131577 -3.010608
v -0.579594 0.130196 -3.011208
v -0.578123 0.131577 -3.011076
v -0.578141 0.132820 -3.010570
v -0.580764 0.132820 -3.010135
v -0.580877 0.130252 -3.010815
v -0.578254 0.130252 -3.011250
v -0.579328 0.127476 -3.009602
v -0.580726 0.127759 -3.009293
v -0.579469 0.128012 -3.010456
v -0.580760 0.128217 -3.010113
v -0.578138 0.128217 -3.010549
v -0.579019 0.134498 -3.007744
v -0.577621 0.134214 -3.008053
v -0.579186 0.134467 -3.008747
v -0.577874 0.134226 -3.008958
v -0.580496 0.134226 -3.008523
v -0.581874 0.130235 -3.010160
v -0.581986 0.131441 -3.009921
v -0.581771 0.132593 -3.009536
v -0.581591 0.133541 -3.008450
v -0.581600 0.133469 -3.007595
v -0.581796 0.128864 -3.009688
v -0.576814 0.133541 -3.009243
v -0.576994 0.132593 -3.010328
v -0.576915 0.131441 -3.010762
v -0.577098 0.130235 -3.010953
v -0.577020 0.128864 -3.010481
v -0.576747 0.128504 -3.009751
v -0.578127 0.133752 -3.009825
v -0.579342 0.133923 -3.009684
v -0.580536 0.133752 -3.009426
v -0.580742 0.129076 -3.010664
v -0.579560 0.128958 -3.010998
v -0.578333 0.129076 -3.011063
v -0.581559 0.129330 -3.010228
v -0.577418 0.129330 -3.010915
v -0.581381 0.133384 -3.009155
v -0.577240 0.133384 -3.009842
v -0.582531 0.129606 -3.008492
v -0.581818 0.128504 -3.008909
v -0.575588 0.130987 -3.009268
v -0.575816 0.132368 -3.008854
v -0.576529 0.133469 -3.008437
v -0.577905 0.127759 -3.009761
v -0.580443 0.134214 -3.007585
v -0.629577 0.020132 -3.136345
v -0.572705 0.020132 -3.145782
v -0.575690 0.020132 -3.163771
v -0.632562 0.020132 -3.154334
v -0.578453 0.020132 -3.180422
v -0.580328 0.020132 -3.181764
v -0.579113 0.020132 -3.181481
v -0.633984 0.020132 -3.172861
v -0.635325 0.020132 -3.170986
v -0.635043 0.020132 -3.172201
v -0.580328 0.022876 -3.181764
v -0.578453 0.022918 -3.180422
v -0.580061 0.024571 -3.180157
v -0.579113 0.022883 -3.181481
v -0.579287 0.023839 -3.181238
v -0.578924 0.024082 -3.180345
v -0.580250 0.024052 -3.181293
v -0.633984 0.022876 -3.172861
v -0.633717 0.024571 -3.171253
v -0.635325 0.022918 -3.170986
v -0.633906 0.024052 -3.172390
v -0.634800 0.023839 -3.172027
v -0.634854 0.024082 -3.171064
v -0.635043 0.022883 -3.172201
v -0.627969 0.029673 -3.136612
v -0.629577 0.028020 -3.136345
v -0.629106 0.029189 -3.136423
v -0.572705 0.028020 -3.145782
v -0.574313 0.029673 -3.145515
v -0.573176 0.029189 -3.145704
v -0.577298 0.025246 -3.163504
v -0.575690 0.023593 -3.163771
v -0.576161 0.024762 -3.163693
v -0.630954 0.025246 -3.154601
v -0.632562 0.023593 -3.154334
v -0.632091 0.024762 -3.154412
v -0.582929 -0.004417 -3.207396
v -0.578558 0.000014 -3.208121
v -0.583654 0.000014 -3.211766
v -0.579838 -0.003119 -3.207909
v -0.580824 -0.002544 -3.210338
v -0.580351 0.000014 -3.210999
v -0.583441 -0.003119 -3.210486
v -0.640526 0.000014 -3.202330
v -0.644171 0.000014 -3.197234
v -0.639801 -0.004417 -3.197959
v -0.643404 0.000014 -3.200537
v -0.642743 -0.002544 -3.200064
v -0.642891 -0.003119 -3.197446
v -0.640314 -0.003119 -3.201050
v -0.583654 0.015702 -3.211766
v -0.578558 0.015702 -3.208121
v -0.582929 0.020132 -3.207396
v -0.580351 0.015702 -3.210999
v -0.580824 0.018260 -3.210338
v -0.579838 0.018835 -3.207909
v -0.583441 0.018835 -3.210486
v -0.640526 0.015702 -3.202330
v -0.639801 0.020132 -3.197959
v -0.644171 0.015702 -3.197234
v -0.640314 0.018835 -3.201050
v -0.642743 0.018260 -3.200064
v -0.642891 0.018835 -3.197446
v -0.643404 0.015702 -3.200537
v -0.605030 0.015702 -2.961344
v -0.603750 0.018835 -2.961556
v -0.600660 0.020132 -2.962069
v -0.605030 0.000014 -2.961344
v -0.603750 -0.003119 -2.961556
v -0.600660 -0.004417 -2.962069
v -0.539417 0.015702 -2.972231
v -0.540697 0.018835 -2.972019
v -0.543787 0.020132 -2.971506
v -0.539417 0.000014 -2.972231
v -0.540697 -0.003119 -2.972019
v -0.543787 -0.004417 -2.971506
v -0.635592 -0.004417 -3.172594
v -0.639963 0.000014 -3.171869
v -0.638682 -0.003119 -3.172081
v -0.578720 0.020132 -3.182031
v -0.574349 0.015702 -3.182756
v -0.575629 0.018835 -3.182543
v -0.635592 0.020132 -3.172594
v -0.639963 0.015702 -3.171869
v -0.638682 0.018835 -3.172081
v -0.578720 -0.004417 -3.182031
v -0.574349 0.000014 -3.182756
v -0.575629 -0.003119 -3.182543
v -0.600660 0.028020 -2.962069
v -0.600189 0.029184 -2.962147
v -0.599052 0.029673 -2.962336
v -0.545396 0.029673 -2.971239
v -0.544259 0.029184 -2.971428
v -0.543787 0.028020 -2.971506
v -0.543787 0.020132 -2.971506
v -0.600660 0.020132 -2.962069
v -0.593724 0.029673 -3.061020
v -0.582309 0.029673 -3.062914
v -0.577931 0.029673 -2.965840
v -0.566517 0.029673 -2.967735
v -0.584761 0.029673 -3.007002
v -0.573346 0.029673 -3.008895
v -0.581581 0.043867 -3.058525
v -0.566517 0.046587 -2.967735
v -0.566517 0.039996 -2.967735
v -0.577931 0.039996 -2.965840
v -0.577931 0.046587 -2.965840
v -0.584761 0.046587 -3.007002
v -0.584761 0.039996 -3.007002
v -0.573346 0.046587 -3.008895
v -0.573346 0.039996 -3.008895
v -0.573733 0.102819 -3.011227
v -0.566517 0.105907 -2.967735
v -0.566517 0.085657 -2.967735
v -0.583381 0.105907 -2.998687
v -0.583958 0.085657 -3.002167
v -0.571967 0.105907 -3.000581
v -0.572544 0.085657 -3.004061
v -0.577931 0.085657 -2.965840
v -0.577931 0.105907 -2.965841
v -0.576279 0.067534 -3.026572
v -0.566517 0.070900 -2.967735
v -0.566517 0.060488 -2.967735
v -0.577931 0.060488 -2.965840
v -0.577931 0.070900 -2.965840
v -0.584514 0.070900 -3.005513
v -0.584761 0.060488 -3.007002
v -0.573099 0.070900 -3.007407
v -0.573346 0.060488 -3.008895
v -0.582214 0.156780 -2.991652
v -0.577931 0.156780 -2.965841
v -0.570799 0.156780 -2.993546
v -0.571527 0.154540 -2.997931
v -0.582941 0.154540 -2.996037
v -0.566517 0.156780 -2.967735
v -0.582309 0.038709 -3.062914
v -0.592996 0.043867 -3.056631
v -0.593724 0.038709 -3.061020
v -0.575092 0.081509 -3.019419
v -0.586507 0.081509 -3.017524
v -0.585147 0.102819 -3.009332
v -0.578101 0.055857 -3.037550
v -0.589515 0.055857 -3.035655
v -0.587694 0.067534 -3.024678
v -0.570929 0.151111 -2.994330
v -0.566517 0.151111 -2.967735
v -0.577931 0.151111 -2.965841
v -0.582344 0.151111 -2.992436
v -0.571931 0.148146 -3.000369
v -0.583346 0.148146 -2.998475
v -0.557893 0.029673 -2.865414
v -0.558506 0.029673 -2.865522
v -0.552501 0.029673 -2.866518
v -0.553046 0.029673 -2.866219
v -0.568993 0.158883 -2.932313
v -0.569605 0.158732 -2.932350
v -0.563580 0.158732 -2.933350
v -0.564147 0.158883 -2.933117
v -0.570127 0.162579 -2.939145
v -0.570720 0.162375 -2.939099
v -0.564705 0.162375 -2.940097
v -0.565280 0.162579 -2.939950
v -0.554102 0.048346 -2.872581
v -0.553549 0.048198 -2.872814
v -0.559547 0.048198 -2.871818
v -0.558949 0.048347 -2.871777
v -0.557910 0.040687 -2.865514
v -0.558525 0.040627 -2.865615
v -0.552513 0.040627 -2.866613
v -0.553063 0.040687 -2.866318
v -0.559800 0.083721 -2.910470
v -0.560343 0.083793 -2.910191
v -0.561679 0.104716 -2.918242
v -0.561135 0.104644 -2.918521
v -0.567130 0.104644 -2.917527
v -0.566525 0.104716 -2.917439
v -0.565189 0.083793 -2.909386
v -0.565793 0.083721 -2.909475
v -0.557032 0.060184 -2.893811
v -0.557585 0.060329 -2.893573
v -0.559291 0.071280 -2.903855
v -0.558739 0.071134 -2.904094
v -0.564738 0.071134 -2.903099
v -0.564138 0.071280 -2.903051
v -0.562432 0.060329 -2.892769
v -0.563032 0.060184 -2.892816
v -0.563569 0.151718 -2.929636
v -0.563017 0.151599 -2.929898
v -0.568416 0.151718 -2.928833
v -0.569022 0.151599 -2.928901
v -0.591947 0.029673 -3.067057
v -0.591401 0.029673 -3.067356
v -0.586554 0.029673 -3.068161
v -0.585941 0.029673 -3.068053
v -0.575228 0.162443 -2.966289
v -0.574647 0.162651 -2.966385
v -0.569800 0.162651 -2.967190
v -0.569219 0.162443 -2.967286
v -0.580867 0.158732 -3.000225
v -0.580301 0.158883 -3.000458
v -0.575454 0.158883 -3.001262
v -0.574843 0.158732 -3.001225
v -0.579743 0.162375 -2.993479
v -0.579167 0.162579 -2.993626
v -0.574320 0.162579 -2.994430
v -0.573728 0.162375 -2.994477
v -0.584900 0.048198 -3.061757
v -0.585499 0.048346 -3.061799
v -0.590345 0.048347 -3.060994
v -0.590899 0.048198 -3.060761
v -0.591935 0.040627 -3.066962
v -0.591385 0.040687 -3.067256
v -0.586538 0.040687 -3.068061
v -0.585922 0.040627 -3.067960
v -0.579258 0.083793 -3.024189
v -0.578654 0.083721 -3.024100
v -0.577318 0.104644 -3.016048
v -0.577922 0.104716 -3.016137
v -0.582769 0.104716 -3.015332
v -0.583312 0.104644 -3.015054
v -0.584648 0.083721 -3.023105
v -0.584105 0.083793 -3.023385
v -0.582015 0.060329 -3.040806
v -0.581415 0.060184 -3.040759
v -0.579709 0.071134 -3.030476
v -0.580309 0.071280 -3.030524
v -0.585156 0.071280 -3.029720
v -0.585709 0.071134 -3.029481
v -0.587415 0.060184 -3.039763
v -0.586862 0.060329 -3.040002
v -0.575425 0.151599 -3.004674
v -0.576031 0.151718 -3.004743
v -0.581430 0.151599 -3.003677
v -0.580878 0.151718 -3.003938
v -0.572304 0.157301 -2.933213
v -0.572559 0.156978 -2.933467
v -0.561145 0.156978 -2.935361
v -0.561305 0.157301 -2.935038
v -0.573296 0.160405 -2.939170
v -0.573517 0.159979 -2.939241
v -0.562289 0.160405 -2.940996
v -0.562103 0.159979 -2.941135
v -0.561342 0.040044 -2.867121
v -0.561610 0.039908 -2.867479
v -0.562526 0.046400 -2.873003
v -0.562286 0.046705 -2.872777
v -0.550195 0.039908 -2.869373
v -0.550334 0.040044 -2.868948
v -0.557459 0.082842 -2.913147
v -0.557594 0.082996 -2.912755
v -0.570209 0.103790 -2.919306
v -0.569953 0.103918 -2.918969
v -0.568618 0.082996 -2.910926
v -0.568873 0.082842 -2.911253
v -0.567734 0.069427 -2.904387
v -0.567486 0.069681 -2.904114
v -0.565778 0.058735 -2.893823
v -0.566018 0.058430 -2.894049
v -0.554604 0.058430 -2.895943
v -0.554759 0.058735 -2.895652
v -0.551266 0.046705 -2.874605
v -0.551112 0.046400 -2.874897
v -0.561345 0.029673 -2.867117
v -0.561610 0.029673 -2.867479
v -0.550195 0.029673 -2.869373
v -0.550329 0.029673 -2.868944
v -0.558929 0.103918 -2.920798
v -0.558795 0.103790 -2.921200
v -0.556466 0.069681 -2.905942
v -0.556319 0.069427 -2.906281
v -0.560639 0.150180 -2.932312
v -0.560783 0.150424 -2.931943
v -0.571798 0.150424 -2.930116
v -0.572053 0.150180 -2.930418
v -0.583302 0.156978 -2.998214
v -0.583143 0.157301 -2.998537
v -0.572144 0.157301 -3.000362
v -0.571888 0.156978 -3.000108
v -0.577931 0.159979 -2.965841
v -0.577730 0.160408 -2.965874
v -0.566718 0.160408 -2.967701
v -0.566517 0.159979 -2.967735
v -0.582344 0.159979 -2.992440
v -0.582159 0.160405 -2.992579
v -0.570930 0.159979 -2.994334
v -0.571151 0.160405 -2.994405
v -0.594252 0.039908 -3.064202
v -0.594114 0.040044 -3.064627
v -0.593181 0.046705 -3.058970
v -0.593335 0.046400 -3.058678
v -0.583106 0.040044 -3.066454
v -0.582838 0.039908 -3.066096
v -0.575829 0.082996 -3.022649
v -0.575574 0.082842 -3.022322
v -0.585518 0.103918 -3.012777
v -0.585652 0.103790 -3.012375
v -0.586988 0.082842 -3.020428
v -0.586853 0.082996 -3.020820
v -0.587981 0.069681 -3.027633
v -0.588128 0.069427 -3.027295
v -0.589843 0.058430 -3.037632
v -0.589689 0.058735 -3.037923
v -0.578669 0.058735 -3.039752
v -0.578429 0.058430 -3.039526
v -0.581921 0.046400 -3.060572
v -0.582161 0.046705 -3.060798
v -0.594252 0.029673 -3.064202
v -0.594118 0.029673 -3.064631
v -0.583103 0.029673 -3.066458
v -0.582838 0.029673 -3.066096
v -0.574238 0.103790 -3.014269
v -0.574495 0.103918 -3.014606
v -0.576714 0.069427 -3.029189
v -0.576961 0.069681 -3.029461
v -0.572649 0.150424 -3.003459
v -0.572394 0.150180 -3.003156
v -0.583808 0.150180 -3.001263
v -0.583665 0.150424 -3.001632
vn 0.8471 0.0624 -0.5277
vn 0.9865 0.0004 -0.1637
vn 0.8488 0.0004 -0.5288
vn 0.1634 0.0624 0.9846
vn -0.2263 0.0004 0.9741
vn 0.1637 0.0004 0.9865
vn -0.5807 0.0624 0.8117
vn -0.8488 0.0004 0.5288
vn -0.5818 0.0004 0.8133
vn -0.9846 0.0623 0.1634
vn -0.9741 0.0004 -0.2263
vn -0.9865 0.0004 0.1637
vn -0.8133 0.0004 -0.5818
vn -0.5277 0.0624 -0.8471
vn -0.5288 0.0004 -0.8488
vn -0.1637 0.0004 -0.9865
vn 0.2259 0.0624 -0.9722
vn 0.2263 0.0004 -0.9741
vn 0.9722 0.0623 0.2259
vn 0.8133 0.0004 0.5818
vn 0.9741 0.0004 0.2263
vn 0.5818 0.0004 -0.8133
vn 0.5287 0.0004 0.8488
vn -0.2259 0.0624 0.9722
vn -0.9722 0.0624 -0.2259
vn 0.9846 0.0624 -0.1634
vn 0.5277 0.0624 0.8471
vn -0.8089 0.3030 0.5039
vn -0.8471 0.0624 0.5277
vn -0.9283 0.3030 -0.2157
vn -0.7751 0.3030 -0.5545
vn -0.5039 0.3030 -0.8089
vn -0.1560 0.3030 -0.9401
vn 0.2157 0.3030 -0.9283
vn 0.8117 0.0623 0.5807
vn 0.9283 0.3030 0.2157
vn 0.7751 0.3030 0.5545
vn 0.5545 0.3030 -0.7751
vn 0.8089 0.3030 -0.5039
vn 0.5039 0.3030 0.8089
vn 0.1560 0.3030 0.9401
vn -0.5545 0.3030 0.7751
vn -0.9401 0.3030 0.1560
vn -0.8117 0.0623 -0.5807
vn -0.1634 0.0624 -0.9846
vn 0.5807 0.0624 -0.8117
vn 0.9401 0.3030 -0.1560
vn -0.2157 0.3030 0.9282
vn -0.5653 0.2365 0.7902
vn -0.9585 0.2366 0.1590
vn -0.7902 0.2366 -0.5653
vn -0.5137 0.2366 -0.8247
vn -0.1590 0.2365 -0.9585
vn 0.9585 0.2366 -0.1590
vn 0.9464 0.2366 0.2199
vn 0.5653 0.2365 -0.7902
vn 0.7902 0.2366 0.5653
vn 0.5138 0.2366 0.8247
vn 0.8247 0.2366 -0.5138
vn -0.2199 0.2366 0.9464
vn -0.8247 0.2366 0.5138
vn -0.9464 0.2366 -0.2199
vn 0.2198 0.2366 -0.9464
vn 0.1591 0.2366 0.9585
vn 0.9343 -0.3210 -0.1550
vn -0.2143 -0.3210 0.9225
vn -0.8039 -0.3210 0.5008
vn -0.9225 -0.3210 -0.2143
vn -0.7703 -0.3210 -0.5510
vn -0.5008 -0.3210 -0.8039
vn 0.2143 -0.3210 -0.9225
vn 0.9225 -0.3210 0.2143
vn 0.7703 -0.3210 0.5510
vn 0.8039 -0.3210 -0.5008
vn 0.5008 -0.3210 0.8039
vn 0.1550 -0.3210 0.9343
vn -0.5510 -0.3210 0.7703
vn -0.9343 -0.3210 0.1550
vn -0.1550 -0.3210 -0.9343
vn 0.5510 -0.3210 -0.7703
vn 0.5263 -0.4264 -0.7357
vn 0.7677 -0.4264 -0.4783
vn 0.4783 -0.4264 0.7677
vn 0.1481 -0.4264 0.8923
vn -0.5263 -0.4264 0.7357
vn -0.7677 -0.4264 0.4783
vn -0.8923 -0.4264 0.1481
vn -0.7357 -0.4264 -0.5263
vn -0.1481 -0.4264 -0.8923
vn 0.8923 -0.4265 -0.1481
vn 0.8811 -0.4264 0.2047
vn 0.2047 -0.4264 -0.8811
vn -0.2047 -0.4264 0.8811
vn -0.8810 -0.4264 -0.2047
vn -0.4783 -0.4264 -0.7677
vn 0.7357 -0.4264 0.5263
vn 0.5725 -0.1787 -0.8002
vn 0.8002 -0.1787 0.5725
vn 0.5203 -0.1787 0.8351
vn 0.9706 -0.1787 -0.1611
vn -0.2226 -0.1787 0.9584
vn -0.5725 -0.1787 0.8002
vn -0.8351 -0.1787 0.5202
vn -0.9584 -0.1787 -0.2227
vn -0.5203 -0.1787 -0.8351
vn 0.2227 -0.1787 -0.9584
vn 0.9584 -0.1787 0.2227
vn 0.8351 -0.1787 -0.5202
vn 0.1611 -0.1787 0.9706
vn -0.9706 -0.1787 0.1611
vn -0.8002 -0.1787 -0.5725
vn -0.1611 -0.1787 -0.9706
vn -0.1481 0.4260 -0.8925
vn -0.4082 0.6356 -0.6553
vn -0.1264 0.6356 -0.7616
vn 0.5264 0.4260 -0.7358
vn 0.1747 0.6356 -0.7520
vn 0.4492 0.6356 -0.6279
vn 0.7358 0.4260 0.5264
vn 0.4082 0.6356 0.6553
vn 0.4784 0.4260 0.7679
vn -0.2047 0.4260 0.8813
vn 0.1264 0.6356 0.7616
vn -0.1747 0.6356 0.7520
vn -0.7679 0.4260 0.4784
vn -0.4492 0.6356 0.6279
vn -0.6553 0.6356 0.4082
vn -0.8813 0.4260 -0.2047
vn -0.7616 0.6356 0.1264
vn -0.7520 0.6356 -0.1747
vn -0.7358 0.4260 -0.5264
vn -0.4784 0.4260 -0.7679
vn 0.8404 0.1403 -0.5235
vn 0.9768 0.1403 -0.1621
vn 0.2047 0.4260 -0.8813
vn 0.7520 0.6356 0.1747
vn 0.6279 0.6356 0.4492
vn 0.8813 0.4260 0.2047
vn 0.7616 0.6356 -0.1264
vn 0.1481 0.4260 0.8925
vn -0.5264 0.4260 0.7358
vn -0.8925 0.4260 0.1481
vn -0.6279 0.6356 -0.4492
vn -0.1621 0.1403 -0.9768
vn 0.7679 0.4260 -0.4784
vn 0.6553 0.6356 -0.4082
vn 0.2241 0.1403 -0.9644
vn 0.5761 0.1403 -0.8053
vn 0.5235 0.1403 0.8404
vn 0.9644 0.1403 0.2240
vn -0.2241 0.1403 0.9644
vn -0.5761 0.1403 0.8053
vn -0.8404 0.1402 0.5235
vn -0.9644 0.1402 -0.2240
vn -0.5235 0.1403 -0.8404
vn 0.8053 0.1403 0.5761
vn 0.1621 0.1403 0.9768
vn -0.9768 0.1403 0.1621
vn -0.8053 0.1403 -0.5761
vn 0.8925 0.4260 -0.1481
vn 0.4320 0.8608 -0.2691
vn 0.5021 0.8608 -0.0833
vn 0.0833 0.8608 0.5021
vn -0.1152 0.8608 0.4957
vn -0.2961 0.8608 0.4139
vn -0.4320 0.8608 0.2691
vn -0.4958 0.8608 -0.1152
vn -0.4140 0.8608 -0.2961
vn -0.2691 0.8608 -0.4320
vn -0.0833 0.8608 -0.5021
vn 0.1152 0.8608 -0.4957
vn 0.4139 0.8608 0.2961
vn -0.5021 0.8608 0.0833
vn 0.4958 0.8608 0.1152
vn 0.2961 0.8608 -0.4139
vn 0.2691 0.8608 0.4320
vn 0.0543 0.9725 -0.2266
vn 0.2265 0.9725 0.0538
vn 0.1895 0.9724 0.1361
vn 0.1354 0.9724 -0.1900
vn 0.1970 0.9725 -0.1241
vn 0.1246 0.9725 0.1969
vn 0.0390 0.9712 0.2352
vn -0.1353 0.9724 0.1900
vn -0.1970 0.9725 0.1241
vn -0.2346 0.9713 0.0389
vn -0.2265 0.9725 -0.0538
vn -0.1894 0.9724 -0.1361
vn -0.1246 0.9725 -0.1968
vn -0.0390 0.9712 -0.2352
vn 0.2346 0.9713 -0.0389
vn -0.0544 0.9725 0.2265
vn 0.1043 0.9920 0.0712
vn 0.0189 0.9933 0.1139
vn -0.0757 0.9920 0.1011
vn 0.1161 0.9931 -0.0193
vn -0.0000 1.0000 -0.0000
vn -0.1161 0.9931 0.0193
vn 0.0757 0.9920 -0.1011
vn -0.1043 0.9920 -0.0712
vn -0.0189 0.9933 -0.1139
vn 0.6938 -0.5218 0.4964
vn 0.4511 0.5218 0.7241
vn 0.6938 0.5218 0.4963
vn 0.1931 -0.5217 -0.8310
vn 0.4964 0.5218 -0.6938
vn 0.1931 0.5218 -0.8309
vn 0.8416 -0.5217 -0.1396
vn 0.8309 0.5218 0.1930
vn 0.8416 0.5218 -0.1396
vn -0.4511 -0.5218 -0.7241
vn -0.1397 0.5218 -0.8416
vn -0.4511 0.5217 -0.7241
vn -0.8310 -0.5218 -0.1930
vn -0.6938 0.5218 -0.4964
vn -0.8310 0.5217 -0.1930
vn -0.7241 -0.5218 0.4511
vn -0.8416 0.5218 0.1396
vn -0.7241 0.5217 0.4511
vn -0.1931 -0.5218 0.8309
vn -0.4964 0.5218 0.6938
vn -0.1931 0.5218 0.8309
vn 0.1397 -0.5218 0.8416
vn 0.1397 0.5218 0.8416
vn 0.7241 -0.5218 -0.4511
vn 0.7241 0.5218 -0.4510
vn 0.8310 -0.5218 0.1930
vn -0.1396 -0.5218 -0.8416
vn -0.6938 -0.5218 -0.4964
vn -0.8416 -0.5218 0.1396
vn -0.4964 -0.5217 0.6938
vn 0.4347 0.6647 -0.6076
vn 0.1223 0.6647 0.7370
vn 0.3950 0.6647 0.6341
vn -0.1691 0.6647 0.7277
vn -0.6342 0.6646 0.3951
vn -0.7278 0.6647 -0.1691
vn -0.1223 0.6647 -0.7370
vn -0.3951 0.6646 -0.6342
vn 0.7370 0.6647 -0.1223
vn 0.1595 0.2247 0.9613
vn -0.2263 -0.0008 0.9741
vn 0.1637 -0.0008 0.9865
vn -0.5670 0.2247 0.7925
vn -0.8488 -0.0008 0.5288
vn -0.5818 -0.0008 0.8133
vn -0.9613 0.2247 0.1595
vn -0.9741 -0.0008 -0.2263
vn -0.9865 -0.0008 0.1637
vn -0.8133 -0.0008 -0.5818
vn -0.5152 0.2247 -0.8271
vn -0.5288 -0.0008 -0.8488
vn -0.1637 -0.0008 -0.9865
vn 0.2205 0.2247 -0.9492
vn 0.2263 -0.0008 -0.9741
vn 0.9492 0.2247 0.2205
vn 0.8133 -0.0008 0.5818
vn 0.9741 -0.0008 0.2263
vn 0.1691 0.6647 -0.7277
vn 0.6076 0.6647 0.4347
vn 0.7923 -0.2258 0.5668
vn 0.5151 -0.2258 0.8269
vn 0.5668 -0.2258 -0.7923
vn 0.2205 -0.2259 -0.9489
vn 0.9489 -0.2258 0.2205
vn 0.9610 -0.2258 -0.1595
vn -0.5151 -0.2258 -0.8268
vn -0.1595 -0.2258 -0.9610
vn -0.9489 -0.2258 -0.2204
vn -0.7923 -0.2258 -0.5668
vn -0.9610 -0.2258 0.1595
vn -0.8268 -0.2258 0.5151
vn -0.5668 -0.2258 0.7923
vn -0.2205 -0.2258 0.9489
vn -0.1690 -0.6650 0.7274
vn -0.4345 -0.6650 0.6074
vn 0.7275 -0.6650 0.1690
vn 0.3949 -0.6650 0.6339
vn 0.4511 -0.5217 0.7241
vn 0.4964 -0.5217 -0.6939
vn 0.1690 -0.6650 -0.7274
vn 0.4345 -0.6650 -0.6074
vn -0.1223 -0.6650 -0.7368
vn -0.6074 -0.6650 -0.4345
vn -0.6339 -0.6650 0.3949
vn -0.7368 -0.6650 0.1223
vn 0.1223 -0.6650 0.7367
vn 0.6339 -0.6650 -0.3949
vn 0.5669 0.2247 -0.7925
vn 0.8488 -0.0008 -0.5287
vn 0.5818 -0.0008 -0.8133
vn 0.5152 0.2247 0.8271
vn 0.5287 -0.0008 0.8488
vn -0.8271 0.2247 0.5152
vn -0.7925 0.2247 -0.5669
vn 0.9865 -0.0008 -0.1637
vn 0.6341 0.6647 -0.3950
vn -0.4347 0.6647 0.6076
vn -0.7370 0.6647 0.1223
vn -0.6076 0.6647 -0.4347
vn 0.7277 0.6647 0.1690
vn 0.7925 0.2247 0.5669
vn 0.1595 -0.2258 0.9610
vn 0.7368 -0.6650 -0.1222
vn 0.6074 -0.6650 0.4345
vn -0.3949 -0.6650 -0.6339
vn -0.7275 -0.6650 -0.1690
vn 0.8268 -0.2258 -0.5151
vn 0.7429 0.4070 0.5314
vn 0.4447 0.5410 0.7138
vn 0.6840 0.5410 0.4893
vn 0.5314 0.4071 -0.7429
vn 0.1903 0.5411 -0.8192
vn 0.2067 0.4071 -0.8897
vn 0.8897 0.4070 0.2067
vn 0.8296 0.5411 -0.1377
vn 0.9011 0.4071 -0.1495
vn -0.1495 0.4070 -0.9011
vn -0.4447 0.5410 -0.7138
vn -0.4830 0.4070 -0.7753
vn -0.8897 0.4071 -0.2067
vn -0.6840 0.5411 -0.4893
vn -0.8192 0.5411 -0.1903
vn -0.9011 0.4070 0.1495
vn -0.7138 0.5410 0.4447
vn -0.7753 0.4070 0.4830
vn -0.5314 0.4071 0.7429
vn -0.1903 0.5410 0.8192
vn -0.2067 0.4070 0.8897
vn -0.4893 0.5411 0.6840
vn 0.8192 0.5410 0.1903
vn -0.1376 0.5411 -0.8296
vn -0.7429 0.4071 -0.5314
vn -0.8296 0.5411 0.1377
vn 0.4829 0.4071 0.7753
vn 0.1377 0.5410 0.8297
vn 0.7138 0.5410 -0.4447
vn 0.4893 0.5411 -0.6840
vn 0.8488 -0.0000 -0.5287
vn 0.5818 -0.0000 -0.8133
vn 0.1637 -0.0000 0.9865
vn 0.5288 -0.0000 0.8488
vn -0.5818 -0.0000 0.8133
vn -0.2263 -0.0000 0.9741
vn -0.9865 -0.0000 0.1637
vn -0.8488 -0.0000 0.5287
vn -0.8133 -0.0000 -0.5818
vn -0.9741 -0.0000 -0.2263
vn -0.1637 -0.0000 -0.9865
vn -0.5287 -0.0000 -0.8488
vn 0.9741 -0.0000 0.2263
vn 0.9865 -0.0000 -0.1637
vn 0.2263 -0.0000 -0.9741
vn 0.8133 -0.0000 0.5818
vn 0.9011 -0.4070 -0.1495
vn 0.7753 0.4071 -0.4830
vn 0.7753 -0.4070 -0.4830
vn -0.2067 -0.4070 0.8897
vn 0.1495 0.4070 0.9011
vn 0.1495 -0.4070 0.9011
vn -0.7753 -0.4070 0.4830
vn -0.5314 -0.4070 0.7429
vn -0.8897 -0.4070 -0.2067
vn -0.9011 -0.4070 0.1495
vn -0.4830 -0.4070 -0.7753
vn -0.7429 -0.4070 -0.5314
vn 0.2067 -0.4071 -0.8897
vn -0.1495 -0.4071 -0.9011
vn 0.7429 -0.4070 0.5314
vn 0.8897 -0.4070 0.2067
vn 0.5314 -0.4070 -0.7429
vn 0.4830 -0.4070 0.7753
vn -0.2225 -0.1815 0.9579
vn 0.1610 -0.1815 0.9701
vn 0.9701 0.1814 -0.1610
vn -0.8347 -0.1815 0.5200
vn -0.5721 -0.1815 0.7998
vn -0.2226 0.1815 0.9579
vn -0.9579 -0.1815 -0.2225
vn -0.9701 -0.1815 0.1610
vn -0.8347 0.1815 0.5200
vn -0.5200 -0.1815 -0.8347
vn -0.7998 -0.1815 -0.5722
vn -0.9579 0.1814 -0.2225
vn 0.2225 -0.1815 -0.9579
vn -0.1610 -0.1815 -0.9701
vn -0.5200 0.1815 -0.8347
vn 0.7998 -0.1815 0.5722
vn 0.9579 -0.1815 0.2225
vn 0.2225 0.1815 -0.9579
vn 0.8347 -0.1814 -0.5200
vn 0.5722 -0.1814 -0.7998
vn 0.7998 0.1815 0.5722
vn 0.5200 -0.1814 0.8347
vn 0.5721 0.1815 -0.7998
vn 0.5200 0.1814 0.8347
vn 0.1610 0.1815 0.9701
vn -0.5722 0.1815 0.7998
vn -0.9701 0.1815 0.1610
vn -0.7998 0.1814 -0.5722
vn 0.9701 -0.1815 -0.1610
vn 0.8347 0.1814 -0.5200
vn 0.8192 -0.5410 0.1903
vn 0.6840 -0.5410 0.4893
vn 0.1903 -0.5411 -0.8192
vn 0.4447 -0.5410 0.7138
vn 0.4893 -0.5410 -0.6840
vn -0.4447 -0.5410 -0.7138
vn -0.1377 -0.5411 -0.8296
vn -0.8192 -0.5410 -0.1903
vn -0.6840 -0.5410 -0.4893
vn -0.8297 -0.5410 0.1377
vn -0.4893 -0.5410 0.6840
vn 0.8297 -0.5410 -0.1377
vn -0.7138 -0.5410 0.4447
vn 0.1377 -0.5410 0.8297
vn -0.1903 -0.5410 0.8192
vn 0.7138 -0.5410 -0.4447
vn -0.8488 -0.0000 0.5288
vn -0.5288 -0.0000 -0.8488
vn 0.9613 0.2247 -0.1595
vn 0.8271 0.2247 -0.5152
vn -0.9492 0.2247 -0.2205
vn -0.1595 0.2247 -0.9613
vn -0.2205 0.2247 0.9492
vn 0.9579 0.1815 0.2225
vn -0.1610 0.1814 -0.9701
vn 0.8100 -0.0900 0.5795
vn 0.5286 -0.0254 0.8485
vn 0.5266 -0.0900 0.8453
vn 0.2262 -0.0254 -0.9737
vn 0.5794 -0.0900 -0.8100
vn 0.2254 -0.0900 -0.9701
vn 0.9825 -0.0900 -0.1630
vn 0.9737 -0.0254 0.2262
vn 0.9701 -0.0900 0.2254
vn -0.5286 -0.0254 -0.8485
vn -0.1630 -0.0900 -0.9825
vn -0.5266 -0.0900 -0.8453
vn -0.9701 -0.0900 -0.2254
vn -0.8131 -0.0254 -0.5816
vn -0.8100 -0.0900 -0.5795
vn -0.8453 -0.0900 0.5266
vn -0.9862 -0.0254 0.1636
vn -0.9825 -0.0900 0.1630
vn -0.2254 -0.0900 0.9701
vn -0.5816 -0.0254 0.8131
vn -0.5795 -0.0900 0.8100
vn 0.1636 -0.0254 0.9862
vn 0.1630 -0.0900 0.9825
vn 0.8131 -0.0254 0.5816
vn -0.8485 -0.0254 0.5286
vn 0.8453 -0.0900 -0.5266
vn 0.9862 -0.0254 -0.1636
vn 0.5816 -0.0254 -0.8131
vn 0.5818 0.0117 -0.8133
vn 0.8487 -0.0148 -0.5287
vn 0.8487 0.0117 -0.5287
vn 0.9864 0.0117 -0.1637
vn 0.1636 0.0117 0.9865
vn -0.2263 -0.0148 0.9740
vn -0.2263 0.0117 0.9740
vn -0.5817 -0.0148 0.8132
vn -0.8487 0.0117 0.5287
vn -0.5818 0.0117 0.8133
vn -0.9864 -0.0148 0.1637
vn -0.9740 0.0117 -0.2263
vn -0.9864 0.0117 0.1637
vn -0.8132 -0.0148 -0.5817
vn -0.5287 0.0117 -0.8487
vn -0.8133 0.0117 -0.5818
vn -0.1637 0.0117 -0.9864
vn 0.2262 -0.0148 -0.9740
vn 0.2263 0.0117 -0.9740
vn 0.9740 -0.0148 0.2263
vn 0.8133 0.0117 0.5818
vn 0.9740 0.0117 0.2263
vn 0.5287 0.0117 0.8487
vn 0.1637 -0.0148 0.9864
vn -0.8487 -0.0148 0.5287
vn -0.9740 -0.0148 -0.2263
vn -0.5287 -0.0148 -0.8487
vn 0.8132 -0.0148 0.5818
vn 0.5280 0.0513 0.8477
vn 0.8122 0.0513 0.5811
vn 0.5811 0.0513 -0.8122
vn 0.2260 0.0513 -0.9728
vn 0.9728 0.0513 0.2260
vn 0.9852 0.0513 -0.1635
vn -0.5281 0.0512 -0.8477
vn -0.1635 0.0513 -0.9852
vn -0.8123 0.0512 -0.5810
vn -0.9728 0.0512 -0.2260
vn -0.8477 0.0513 0.5281
vn -0.9852 0.0513 0.1635
vn -0.2260 0.0513 0.9728
vn -0.5811 0.0513 0.8122
vn 0.1635 0.0513 0.9852
vn 0.8477 0.0512 -0.5281
vn 0.5817 0.0218 -0.8131
vn 0.8488 -0.0000 -0.5288
vn 0.8486 0.0218 -0.5286
vn 0.1637 0.0218 0.9863
vn -0.5817 0.0218 0.8131
vn -0.9863 0.0218 0.1636
vn -0.5286 0.0218 -0.8486
vn 0.2262 0.0218 -0.9738
vn 0.9738 0.0218 0.2262
vn 0.5287 -0.0000 0.8488
vn -0.2262 0.0218 0.9738
vn -0.8486 0.0218 0.5286
vn -0.9738 0.0218 -0.2262
vn 0.9863 0.0218 -0.1637
vn 0.8131 0.0218 0.5817
vn -0.1637 -0.0254 -0.9862
vn -0.9737 -0.0254 -0.2262
vn -0.2262 -0.0254 0.9737
vn 0.8485 -0.0254 -0.5286
vn 0.8133 -0.0089 0.5818
vn 0.5287 -0.0089 0.8487
vn 0.2263 -0.0089 -0.9740
vn 0.5818 -0.0089 -0.8133
vn 0.9740 -0.0089 0.2263
vn 0.9865 -0.0089 -0.1637
vn -0.1637 -0.0089 -0.9865
vn -0.5287 -0.0089 -0.8487
vn -0.8133 -0.0089 -0.5818
vn -0.9740 -0.0089 -0.2263
vn -0.9865 -0.0089 0.1637
vn -0.8487 -0.0089 0.5287
vn -0.2263 -0.0089 0.9740
vn -0.5818 -0.0089 0.8133
vn 0.1637 -0.0089 0.9865
vn 0.8487 -0.0089 -0.5287
vn 0.5807 0.0611 -0.8118
vn 0.9847 0.0611 -0.1634
vn 0.1634 0.0611 0.9847
vn -0.5808 0.0611 0.8118
vn -0.9722 0.0611 -0.2259
vn -0.8118 0.0611 -0.5807
vn -0.8131 0.0218 -0.5817
vn -0.1634 0.0611 -0.9847
vn -0.1636 0.0218 -0.9863
vn 0.9722 0.0611 0.2259
vn 0.5278 0.0611 0.8472
vn 0.5286 0.0218 0.8486
vn -0.9847 0.0611 0.1634
vn 0.8118 0.0611 0.5807
vn 0.8472 0.0611 -0.5278
vn -0.2259 0.0611 0.9722
vn -0.8472 0.0611 0.5277
vn -0.5277 0.0611 -0.8472
vn 0.2259 0.0611 -0.9722
vn 0.8460 -0.0802 -0.5270
vn 0.5800 -0.0802 -0.8107
vn 0.9833 -0.0803 -0.1632
vn -0.2255 -0.0802 0.9709
vn 0.1632 -0.0802 0.9833
vn -0.5800 -0.0802 0.8107
vn -0.8460 -0.0802 0.5270
vn -0.9709 -0.0803 -0.2256
vn -0.9833 -0.0802 0.1632
vn -0.5271 -0.0802 -0.8460
vn -0.8107 -0.0802 -0.5799
vn 0.2256 -0.0802 -0.9709
vn -0.1632 -0.0803 -0.9833
vn 0.8107 -0.0803 0.5800
vn 0.9709 -0.0803 0.2256
vn 0.5270 -0.0803 0.8461
vn 0.5287 -0.0148 0.8487
vn 0.5818 -0.0148 -0.8132
vn 0.9864 -0.0148 -0.1637
vn -0.1637 -0.0148 -0.9864
vn 0.8482 -0.0380 -0.5284
vn 0.5814 -0.0380 -0.8127
vn 0.9858 -0.0380 -0.1636
vn 0.1635 -0.0380 0.9858
vn -0.2261 -0.0380 0.9734
vn -0.5814 -0.0380 0.8127
vn -0.8482 -0.0380 0.5284
vn -0.9858 -0.0380 0.1636
vn -0.9734 -0.0380 -0.2261
vn -0.5284 -0.0380 -0.8482
vn -0.8127 -0.0380 -0.5814
vn -0.1636 -0.0380 -0.9858
vn 0.2261 -0.0380 -0.9734
vn 0.8127 -0.0380 0.5814
vn 0.9734 -0.0380 0.2261
vn 0.5284 -0.0380 0.8482
vn -0.3395 -0.8122 0.4745
vn -0.1962 -0.4984 0.8445
vn -0.5044 -0.4984 0.7051
vn 0.3085 -0.8122 0.4952
vn 0.1419 -0.4984 0.8553
vn 0.0955 -0.8122 0.5756
vn 0.9749 -0.1532 -0.1618
vn 0.9488 0.2263 0.2204
vn 0.9626 -0.1532 0.2236
vn -0.1502 0.3981 -0.9050
vn 0.1819 0.5948 -0.7830
vn -0.1316 0.5948 -0.7930
vn -0.5683 -0.8122 -0.1320
vn -0.7051 -0.4984 -0.5044
vn -0.4745 -0.8122 -0.3394
vn -0.8936 0.3981 -0.2076
vn -0.7930 0.5948 0.1316
vn -0.9050 0.3980 0.1502
vn 0.3395 -0.8122 -0.4745
vn 0.1962 -0.4984 -0.8445
vn 0.5044 -0.4984 -0.7051
vn 0.1617 -0.1532 0.9749
vn -0.2204 0.2263 0.9488
vn -0.2236 -0.1532 0.9626
vn -0.1320 -0.8122 0.5683
vn -0.1618 -0.1532 -0.9749
vn 0.2204 0.2263 -0.9488
vn 0.2236 -0.1532 -0.9626
vn -0.5756 -0.8122 0.0955
vn -0.8445 -0.4984 -0.1962
vn -0.9609 0.2263 0.1594
vn -0.9626 -0.1532 -0.2236
vn -0.9749 -0.1532 0.1618
vn 0.7922 0.2263 0.5667
vn 0.5225 -0.1532 0.8388
vn 0.8037 -0.1532 0.5749
vn 0.5683 -0.8122 0.1320
vn 0.8553 -0.4984 -0.1419
vn 0.8445 -0.4984 0.1962
vn -0.0955 -0.8122 -0.5755
vn 0.1320 -0.8122 -0.5683
vn 0.4687 -0.5926 -0.6551
vn 0.8190 0.2624 -0.5102
vn 0.5614 0.2624 -0.7848
vn 0.6837 -0.5926 -0.4259
vn 0.9520 0.2624 -0.1580
vn 0.1580 0.2623 0.9520
vn -0.1823 -0.5926 0.7846
vn -0.2184 0.2624 0.9399
vn -0.4686 -0.5926 0.6551
vn -0.8190 0.2624 0.5102
vn -0.5614 0.2624 0.7848
vn -0.7946 -0.5926 0.1319
vn -0.9399 0.2624 -0.2184
vn -0.9520 0.2624 0.1580
vn -0.6551 -0.5926 -0.4687
vn -0.5102 0.2624 -0.8190
vn -0.7848 0.2623 -0.5614
vn -0.1318 -0.5926 -0.7946
vn 0.2183 0.2624 -0.9399
vn -0.1579 0.2624 -0.9520
vn 0.7846 -0.5926 0.1823
vn 0.7848 0.2623 0.5614
vn 0.9399 0.2624 0.2184
vn 0.4259 -0.5926 0.6837
vn 0.5102 0.2624 0.8190
vn -0.6837 -0.5926 0.4259
vn -0.7846 -0.5926 -0.1823
vn 0.7946 -0.5926 -0.1319
vn 0.1822 -0.5926 -0.7846
vn 0.7359 -0.4984 -0.4584
vn 0.4952 -0.8122 -0.3085
vn 0.9050 0.3980 -0.1502
vn 0.7830 0.5948 0.1819
vn 0.7930 0.5948 -0.1316
vn -0.4250 0.5948 -0.6823
vn -0.4851 0.3980 -0.7786
vn -0.7922 0.2263 -0.5667
vn -0.5225 -0.1532 -0.8388
vn -0.8037 -0.1532 -0.5750
vn -0.6823 0.5948 0.4250
vn -0.7786 0.3981 0.4851
vn -0.2076 0.3980 0.8936
vn -0.4677 0.5948 0.6538
vn -0.1819 0.5948 0.7830
vn -0.5667 0.2263 0.7922
vn -0.5749 -0.1532 0.8037
vn 0.8936 0.3981 0.2076
vn 0.6538 0.5948 0.4677
vn 0.2076 0.3980 -0.8936
vn 0.4677 0.5948 -0.6538
vn -0.7461 0.3981 -0.5338
vn -0.6538 0.5948 -0.4677
vn -0.7830 0.5948 -0.1819
vn -0.5337 0.3981 0.7461
vn 0.5150 0.2263 0.8268
vn 0.5337 0.3981 -0.7461
vn 0.6823 0.5948 -0.4250
vn 0.7786 0.3981 -0.4851
vn 0.5667 0.2263 -0.7922
vn 0.5749 -0.1532 -0.8037
vn -0.8388 -0.1532 0.5225
vn -0.3085 -0.8122 -0.4952
vn -0.4584 -0.4984 -0.7359
vn 0.5756 -0.8122 -0.0955
vn -0.5150 0.2263 -0.8268
vn -0.4952 -0.8122 0.3085
vn -0.7359 -0.4984 0.4584
vn 0.4851 0.3981 0.7786
vn 0.7461 0.3980 0.5337
vn 0.7051 -0.4984 0.5044
vn 0.4584 -0.4984 0.7359
vn -0.8268 0.2263 0.5150
vn -0.1419 -0.4984 -0.8553
vn -0.9488 0.2263 -0.2204
vn 0.8268 0.2263 -0.5150
vn 0.8387 -0.1532 -0.5225
vn 0.4745 -0.8122 0.3394
vn -0.8553 -0.4984 0.1419
vn 0.1501 0.3981 0.9050
vn 0.1316 0.5948 0.7930
vn 0.4250 0.5948 0.6823
vn 0.9609 0.2263 -0.1594
vn -0.1594 0.2263 -0.9609
vn 0.1594 0.2263 0.9609
vn 0.7610 0.3529 0.5444
vn 0.4947 0.3530 0.7941
vn 0.5444 0.3530 -0.7610
vn 0.2117 0.3530 -0.9114
vn 0.9114 0.3530 0.2117
vn 0.9230 0.3530 -0.1532
vn -0.4947 0.3530 -0.7941
vn -0.1532 0.3530 -0.9230
vn -0.7610 0.3530 -0.5444
vn -0.9114 0.3530 -0.2117
vn -0.9230 0.3530 0.1532
vn -0.7941 0.3530 0.4947
vn -0.2117 0.3530 0.9114
vn -0.5444 0.3529 0.7610
vn 0.1532 0.3530 0.9230
vn 0.7941 0.3530 -0.4947
vn 0.5818 0.0128 -0.8133
vn 0.8487 0.0128 -0.5287
vn 0.1637 0.0128 0.9864
vn -0.5818 0.0128 0.8132
vn -0.9864 0.0128 0.1637
vn -0.8132 0.0128 -0.5818
vn -0.1637 0.0128 -0.9864
vn 0.9740 0.0128 0.2263
vn -0.2263 0.0128 0.9740
vn -0.8487 0.0128 0.5287
vn -0.9740 0.0128 -0.2263
vn -0.5287 0.0128 -0.8487
vn 0.9864 0.0128 -0.1637
vn 0.8132 0.0128 0.5818
vn 0.5775 0.1211 -0.8073
vn 0.8425 0.1211 -0.5249
vn 0.1625 0.1211 0.9792
vn -0.8425 0.1211 0.5249
vn -0.9792 0.1211 0.1625
vn -0.8073 0.1211 -0.5775
vn -0.1625 0.1212 -0.9792
vn 0.2263 0.0128 -0.9740
vn 0.8073 0.1211 0.5775
vn 0.5287 0.0128 0.8487
vn -0.2246 0.1211 0.9669
vn -0.9669 0.1211 -0.2246
vn 0.9669 0.1211 0.2246
vn 0.2247 0.1211 -0.9669
vn 0.5249 0.1211 0.8425
vn 0.9792 0.1211 -0.1625
vn -0.5776 0.1211 0.8073
vn -0.5249 0.1211 -0.8425
vn 0.6551 -0.5926 0.4687
vn -0.4259 -0.5926 -0.6837
vn 0.1318 -0.5927 0.7946
vn -0.4239 0.0725 -0.9028
vn -0.4995 0.4406 -0.7459
vn -0.3022 0.4263 -0.8526
vn -0.3438 0.7286 -0.5925
vn -0.1714 0.7258 -0.6663
vn -0.8707 0.2109 -0.4444
vn -0.6233 0.1311 -0.7709
vn -0.6352 0.6630 -0.3961
vn -0.6681 -0.1958 -0.7178
vn -0.4919 -0.2895 -0.8211
vn -0.6716 -0.5092 -0.5381
vn -0.8882 -0.2927 -0.3541
vn -0.9083 -0.0404 -0.4164
vn -0.1097 0.0725 0.9913
vn -0.2319 0.4406 0.8672
vn -0.3411 0.1311 0.9309
vn -0.6803 0.2110 0.7019
vn -0.0102 0.4262 0.9045
vn -0.1342 0.7284 0.6718
vn -0.4734 0.6629 0.5800
vn -0.5955 0.4494 0.6658
vn -0.4004 -0.1958 0.8952
vn -0.2000 -0.2897 0.9360
vn -0.4618 -0.5093 0.7262
vn -0.2970 -0.5982 0.7443
vn -0.7263 -0.2927 0.6220
vn -0.9528 0.2592 0.1581
vn -0.7726 0.4959 0.3964
vn -0.8420 0.5211 0.1397
vn -0.5674 0.7448 0.3512
vn -0.6270 0.7721 0.1040
vn -0.8680 0.2486 0.4299
vn -0.8592 0.4959 -0.1257
vn -0.9603 0.2486 -0.1265
vn -0.7788 0.4494 -0.4377
vn -0.6505 0.7447 -0.1491
vn -0.9945 -0.0153 -0.1033
vn -0.9862 -0.0237 0.1637
vn -0.9364 -0.3358 -0.1017
vn -0.9240 -0.3502 0.1533
vn -0.9079 -0.0153 0.4189
vn -0.7252 -0.0405 0.6873
vn -0.8534 -0.3357 0.3987
vn -0.5123 -0.8546 0.0850
vn -0.7129 -0.6673 -0.2157
vn -0.5395 -0.7919 -0.2862
vn -0.5218 -0.5982 -0.6082
vn -0.7026 -0.7019 0.1166
vn -0.6052 -0.6672 0.4344
vn -0.4183 -0.7918 0.4451
vn -0.0215 0.9998 0.0036
vn -0.1870 0.9120 0.3650
vn 0.0372 0.9285 0.3695
vn 0.0532 0.7257 0.6860
vn -0.2617 0.9642 0.0434
vn -0.2950 0.9120 -0.2850
vn -0.0843 0.9285 -0.3617
vn -0.2328 0.9718 0.0386
vn -0.0394 0.9992 0.0065
vn -0.8312 0.3604 0.4233
vn -0.2245 0.2783 0.9339
vn -0.2440 0.8755 0.4171
vn -0.9363 0.2769 -0.2160
vn -0.4351 0.8737 -0.2177
vn -0.4335 0.3628 -0.8249
vn -0.0634 0.9220 -0.3820
vn -0.1515 0.3780 -0.9133
vn 0.0270 0.9213 0.3878
vn 0.1364 0.3782 0.9156
vn -0.4051 0.9118 0.0672
vn -0.9142 0.3757 0.1517
vn -0.9740 0.0001 -0.2266
vn -0.2260 -0.0000 0.9741
vn -0.8487 -0.0000 0.5289
vn -0.2773 0.8997 -0.3371
vn -0.2411 0.3766 -0.8944
vn 0.0639 0.9206 0.3852
vn 0.1514 0.3795 0.9127
vn -0.1537 0.8997 0.4086
vn 0.0607 0.3766 0.9244
vn -0.1004 0.9200 -0.3789
vn -0.1664 0.3794 -0.9101
vn -0.0000 -1.0000 -0.0000
vn -0.3160 -0.8865 0.3381
vn -0.1329 -0.3672 0.9206
vn -0.8144 -0.2817 0.5073
vn -0.9206 -0.3671 -0.1328
vn -0.5072 -0.2818 -0.8145
vn -0.3380 -0.8865 -0.3161
vn -0.8283 0.3673 0.4231
vn -0.2169 0.2818 0.9346
vn -0.2179 0.8864 0.4084
vn -0.9346 0.2818 -0.2171
vn -0.4083 0.8864 -0.2179
vn -0.4230 0.3672 -0.8284
vn -0.1512 0.3827 -0.9114
vn -0.0626 0.9239 -0.3775
vn -0.1512 -0.3827 -0.9114
vn -0.0626 -0.9239 -0.3775
vn 0.1512 0.3827 0.9114
vn 0.0626 0.9239 0.3775
vn 0.1512 -0.3827 0.9114
vn 0.0626 -0.9239 0.3775
vn -0.3775 0.9239 0.0626
vn -0.9114 0.3827 0.1512
vn -0.3775 -0.9239 0.0626
vn -0.9114 -0.3827 0.1512
vn 0.0627 -0.9239 0.3775
vn 0.1636 -0.0000 0.9865
vn -0.2781 0.9209 -0.2733
vn -0.5054 0.3493 -0.7891
vn -0.7233 0.6647 -0.1869
vn -0.4365 0.3653 -0.8222
vn -0.6229 0.7440 -0.2418
vn -0.3940 0.3134 -0.8640
vn -0.7029 0.5417 0.4610
vn -0.2326 0.1735 0.9570
vn -0.7937 0.3876 0.4688
vn -0.1476 0.3653 0.9191
vn -0.5114 0.7440 0.4300
vn -0.5466 0.7285 0.4128
vn -0.0542 0.9436 -0.3265
vn -0.2553 0.4687 -0.8457
vn -0.6506 0.7285 -0.2142
vn -0.8777 0.0057 0.4792
vn -0.3225 0.1780 0.9297
vn -0.8304 0.3240 0.4532
vn -0.6054 0.1780 -0.7757
vn -0.9323 0.3240 -0.1607
vn -0.8142 0.5417 -0.2092
vn -0.5292 0.1735 -0.8306
vn -0.4703 0.2359 -0.8504
vn -0.1636 -0.0000 -0.9865
vn -0.9319 0.3249 -0.1616
vn -0.5790 0.1471 -0.8019
vn -0.8297 0.3249 0.4539
vn -0.9854 0.0057 -0.1700
vn -0.5742 -0.0000 -0.8187
vn 0.0542 0.9437 0.3265
vn 0.0315 0.4687 0.8828
vn 0.1476 0.4325 0.8895
vn -0.1749 0.9209 0.3485
vn -0.9026 0.3876 -0.1874
vn -0.2234 0.3492 0.9100
vn -0.6242 0.6647 0.4104
vn -0.9419 0.2832 -0.1807
vn -0.8331 0.2832 0.4752
vn -0.2469 0.1269 0.9607
vn -0.1703 0.2360 0.9567
vn -0.0939 0.3134 0.9450
vn -0.1476 0.4325 -0.8895
vn -0.2791 -0.0000 0.9603
vn -0.5439 0.1269 -0.8295
vn -0.2890 0.1471 0.9460
vn -0.1638 -0.0000 -0.9865
vn 0.1098 0.0726 -0.9913
vn 0.2320 0.4406 -0.8672
vn 0.3411 0.1311 -0.9308
vn 0.0108 0.4263 -0.9045
vn 0.1341 0.7285 -0.6718
vn 0.6804 0.2109 -0.7018
vn 0.4734 0.6630 -0.5800
vn 0.5956 0.4494 -0.6658
vn 0.4004 -0.1958 -0.8952
vn 0.2000 -0.2896 -0.9360
vn 0.4618 -0.5093 -0.7262
vn 0.2974 -0.5982 -0.7441
vn 0.7262 -0.2927 -0.6221
vn 0.4242 0.0726 0.9026
vn 0.4998 0.4406 0.7457
vn 0.3027 0.4263 0.8524
vn 0.8706 0.2110 0.4445
vn 0.6233 0.1312 0.7709
vn 0.3438 0.7285 0.5925
vn 0.1712 0.7258 0.6663
vn 0.6352 0.6630 0.3962
vn 0.6681 -0.1958 0.7178
vn 0.4919 -0.2896 0.8211
vn 0.6716 -0.5093 0.5381
vn 0.8881 -0.2928 0.3542
vn 0.9084 -0.0405 0.4162
vn 0.9528 0.2591 -0.1581
vn 0.8592 0.4960 0.1257
vn 0.9603 0.2487 0.1265
vn 0.8420 0.5210 -0.1397
vn 0.6505 0.7448 0.1491
vn 0.7788 0.4494 0.4377
vn 0.7726 0.4958 -0.3965
vn 0.8680 0.2486 -0.4299
vn 0.5674 0.7448 -0.3513
vn 0.6270 0.7721 -0.1040
vn 0.9079 -0.0153 -0.4189
vn 0.9862 -0.0237 -0.1636
vn 0.8534 -0.3357 -0.3987
vn 0.7252 -0.0405 -0.6874
vn 0.9945 -0.0153 0.1032
vn 0.9365 -0.3357 0.1017
vn 0.9240 -0.3502 -0.1533
vn 0.5124 -0.8546 -0.0850
vn 0.6051 -0.6672 -0.4344
vn 0.7027 -0.7018 -0.1166
vn 0.4181 -0.7919 -0.4451
vn 0.7130 -0.6672 0.2156
vn 0.5397 -0.7917 0.2861
vn 0.5220 -0.5981 0.6081
vn 0.0215 0.9998 -0.0036
vn 0.2950 0.9120 0.2851
vn 0.2617 0.9642 -0.0434
vn 0.0843 0.9285 0.3617
vn 0.1871 0.9120 -0.3650
vn -0.0371 0.9285 -0.3695
vn -0.0530 0.7257 -0.6860
vn 0.2328 0.9718 -0.0386
vn 0.0394 0.9992 -0.0065
vn 0.9363 0.2770 0.2159
vn 0.4328 0.3628 0.8253
vn 0.4350 0.8737 0.2178
vn 0.8312 0.3603 -0.4235
vn 0.2439 0.8755 -0.4172
vn 0.2251 0.2783 -0.9338
vn -0.0639 0.9206 -0.3852
vn -0.1515 0.3782 -0.9132
vn 0.0997 0.9213 0.3758
vn 0.1666 0.3780 0.9107
vn 0.4050 0.9118 -0.0672
vn 0.9143 0.3756 -0.1517
vn 0.2265 -0.0000 -0.9740
vn 0.8487 0.0001 -0.5289
vn 0.5289 -0.0000 0.8487
vn 0.9740 0.0001 0.2264
vn 0.1537 0.8997 -0.4086
vn -0.0606 0.3766 -0.9244
vn 0.2773 0.8997 0.3371
vn 0.2410 0.3766 0.8945
vn -0.0270 0.9213 -0.3878
vn -0.1365 0.3782 -0.9156
vn 0.3380 -0.8865 0.3161
vn 0.5073 -0.2817 0.8144
vn 0.9206 -0.3671 0.1328
vn 0.8144 -0.2818 -0.5073
vn 0.1329 -0.3672 -0.9206
vn 0.3160 -0.8865 -0.3381
vn 0.9346 0.2818 0.2172
vn 0.4230 0.3672 0.8284
vn 0.4083 0.8865 0.2179
vn 0.8284 0.3672 -0.4231
vn 0.2179 0.8864 -0.4084
vn 0.2170 0.2818 -0.9346
vn 0.3775 0.9239 -0.0626
vn 0.9114 0.3827 -0.1512
vn 0.2264 -0.0000 -0.9740
vn 0.3775 -0.9239 -0.0626
vn 0.9114 -0.3827 -0.1512
vn -0.0627 -0.9239 -0.3775
vn -0.0627 0.9239 -0.3775
vn 0.1513 -0.3827 0.9114
vn 0.1749 0.9209 -0.3485
vn 0.2234 0.3492 -0.9100
vn -0.0315 0.4687 -0.8828
vn 0.1475 0.3653 -0.9191
vn 0.5114 0.7440 -0.4300
vn 0.5466 0.7285 -0.4129
vn 0.8142 0.5417 0.2092
vn 0.5292 0.1735 0.8306
vn 0.4703 0.2359 0.8504
vn 0.6229 0.7440 0.2418
vn 0.4366 0.3653 0.8222
vn 0.6507 0.7285 0.2142
vn 0.9854 0.0057 0.1700
vn 0.6054 0.1780 0.7757
vn 0.5743 -0.0000 0.8187
vn 0.3225 0.1780 -0.9297
vn 0.2325 0.1735 -0.9570
vn 0.7030 0.5417 -0.4609
vn 0.1704 0.2359 -0.9567
vn 0.8297 0.3249 -0.4539
vn 0.2890 0.1471 -0.9460
vn 0.6242 0.6647 -0.4104
vn 0.9319 0.3249 0.1616
vn 0.8304 0.3240 -0.4532
vn 0.8777 0.0057 -0.4791
vn 0.2792 -0.0000 -0.9602
vn 0.2553 0.4687 0.8457
vn 0.7937 0.3876 -0.4688
vn 0.5054 0.3492 0.7891
vn 0.2781 0.9209 0.2733
vn 0.8331 0.2832 -0.4752
vn 0.2469 0.1269 -0.9607
vn 0.9419 0.2832 0.1806
vn 0.5439 0.1269 0.8295
vn 0.5790 0.1471 0.8019
vn 0.3941 0.3134 0.8640
vn 0.0939 0.3134 -0.9450
vn -0.9027 0.0726 0.4240
vn -0.7458 0.4406 0.4996
vn -0.8526 0.4263 0.3022
vn -0.5924 0.7285 0.3440
vn -0.6664 0.7256 0.1715
vn -0.4444 0.2109 0.8707
vn -0.7708 0.1311 0.6234
vn -0.3962 0.6630 0.6352
vn -0.7179 -0.1958 0.6681
vn -0.8211 -0.2896 0.4918
vn -0.5381 -0.5093 0.6716
vn -0.3541 -0.2927 0.8882
vn -0.4164 -0.0404 0.9083
vn 0.9913 0.0726 0.1097
vn 0.8672 0.4406 0.2320
vn 0.9309 0.1312 0.3410
vn 0.7018 0.2109 0.6804
vn 0.9046 0.4262 0.0107
vn 0.6719 0.7284 0.1342
vn 0.5801 0.6630 0.4732
vn 0.6657 0.4495 0.5956
vn 0.8952 -0.1958 0.4004
vn 0.9360 -0.2896 0.2002
vn 0.7262 -0.5093 0.4618
vn 0.7439 -0.5983 0.2976
vn 0.6220 -0.2928 0.7262
vn 0.1581 0.2592 0.9528
vn 0.3964 0.4959 0.7726
vn 0.1396 0.5209 0.8421
vn 0.3513 0.7448 0.5674
vn 0.1040 0.7721 0.6270
vn 0.4298 0.2487 0.8680
vn -0.1258 0.4959 0.8592
vn -0.1263 0.2487 0.9603
vn -0.4378 0.4495 0.7786
vn -0.1492 0.7447 0.6505
vn -0.1032 -0.0153 0.9945
vn 0.1636 -0.0237 0.9862
vn -0.1017 -0.3358 0.9364
vn 0.1532 -0.3502 0.9241
vn 0.4189 -0.0153 0.9079
vn 0.6873 -0.0404 0.7252
vn 0.3986 -0.3358 0.8534
vn 0.0850 -0.8546 0.5123
vn -0.2158 -0.6672 0.7130
vn -0.2862 -0.7918 0.5396
vn -0.6080 -0.5983 0.5219
vn 0.1166 -0.7018 0.7027
vn 0.4345 -0.6672 0.6051
vn 0.4452 -0.7918 0.4182
vn 0.0036 0.9998 0.0215
vn 0.3650 0.9120 0.1870
vn 0.3696 0.9285 -0.0371
vn 0.6861 0.7256 -0.0529
vn 0.0434 0.9642 0.2616
vn -0.2851 0.9120 0.2950
vn -0.3617 0.9285 0.0842
vn 0.0386 0.9718 0.2328
vn 0.0065 0.9992 0.0394
vn 0.4229 0.3606 0.8313
vn 0.9338 0.2783 0.2250
vn 0.4170 0.8755 0.2442
vn -0.2157 0.2771 0.9363
vn -0.2177 0.8737 0.4349
vn -0.8250 0.3627 0.4333
vn -0.3820 0.9220 0.0634
vn -0.9133 0.3781 0.1515
vn 0.3878 0.9213 -0.0270
vn 0.9157 0.3781 -0.1365
vn 0.0672 0.9118 0.4050
vn 0.1517 0.3757 0.9142
vn -0.2265 0.0001 0.9740
vn 0.9741 0.0001 0.2262
vn 0.5288 -0.0000 0.8487
vn -0.3372 0.8997 0.2773
vn -0.8945 0.3766 0.2411
vn 0.3852 0.9206 -0.0639
vn 0.9127 0.3795 -0.1514
vn 0.4086 0.8997 0.1536
vn 0.9244 0.3766 -0.0607
vn -0.3789 0.9200 0.1004
vn -0.9101 0.3794 0.1664
vn 0.3380 -0.8864 0.3161
vn 0.9206 -0.3672 0.1329
vn 0.5074 -0.2817 0.8143
vn -0.1327 -0.3672 0.9206
vn -0.8143 -0.2818 0.5074
vn -0.3161 -0.8865 0.3380
vn 0.4231 0.3672 0.8284
vn 0.9346 0.2817 0.2171
vn 0.4083 0.8865 0.2178
vn -0.2173 0.2818 0.9345
vn -0.2179 0.8865 0.4083
vn -0.8284 0.3671 0.4230
vn -0.2262 -0.0000 0.9741
vn -0.0060 0.3400 0.9404
vn 0.2728 0.6880 0.6724
vn -0.0410 0.6881 0.7245
vn 0.3171 0.2971 0.9007
vn -0.0162 0.4052 0.9141
vn 0.3107 0.4051 0.8598
vn -0.5037 0.8537 -0.1322
vn -0.8219 0.4531 -0.3451
vn -0.7837 0.6207 -0.0226
vn -0.0580 0.7567 0.6511
vn 0.3130 0.3372 0.8879
vn 0.2648 0.7568 0.5976
vn 0.9623 0.2201 -0.1597
vn 0.9650 0.2420 -0.1012
vn -0.9437 0.1642 0.2871
vn -0.9181 0.0762 0.3889
vn -0.9182 0.1813 0.3521
vn 0.5597 0.6775 0.4772
vn 0.8483 0.2288 0.4776
vn 0.8231 0.4973 0.2744
vn 0.2976 0.5687 0.7668
vn -0.0680 0.7789 0.6234
vn 0.2658 0.7789 0.5681
vn 0.2028 0.9564 0.2101
vn 0.9945 0.0762 0.0714
vn 0.9976 -0.0000 0.0691
vn 0.6121 0.2635 0.7456
vn 0.8628 0.2572 0.4352
vn 0.8674 0.1882 0.4607
vn -0.9218 -0.0000 0.3877
vn -0.9071 0.0969 0.4096
vn 0.9966 0.0665 0.0479
vn 0.4792 0.8741 -0.0795
vn 0.7838 0.6206 0.0226
vn 0.7737 0.6204 -0.1284
vn -0.3390 0.2634 0.9032
vn -0.6761 0.2572 0.6905
vn -0.3453 0.3599 0.8668
vn -0.9623 0.2202 0.1597
vn 0.5036 0.8538 0.1322
vn 0.8219 0.4531 0.3452
vn -0.3652 0.5043 0.7825
vn -0.6938 0.3600 0.6237
vn -0.0340 0.5687 0.8219
vn 0.9924 0.1226 0.0078
vn 0.1665 0.9856 -0.0276
vn -0.1241 0.9564 0.2644
vn -0.8231 0.4973 -0.2744
vn -0.5707 0.6889 -0.4469
vn -0.5599 0.6774 -0.4771
vn -0.9367 0.1228 0.3280
vn 0.9859 0.1642 -0.0330
vn 0.9807 0.1954 -0.0015
vn -0.4792 0.8741 0.0795
vn -0.7345 0.6206 0.2745
vn -0.4340 0.8538 0.2877
vn 0.5938 0.2995 0.7468
vn 0.5571 0.6180 0.5547
vn -0.3204 0.2996 0.8987
vn -0.6663 0.4532 0.5921
vn -0.6533 0.2102 0.7273
vn -0.9287 0.1954 0.3153
vn 0.6207 0.0050 0.7841
vn 0.6010 0.3031 0.7396
vn -0.3341 0.0050 0.9425
vn -0.6487 0.2288 0.7258
vn -0.6633 0.0003 0.7483
vn -0.3760 0.6773 0.6323
vn -0.3302 0.3030 0.8940
vn 0.9908 0.0969 0.0949
vn 0.5983 0.5043 0.6226
vn 0.6069 0.3598 0.7087
vn -0.9278 0.0663 0.3671
vn 0.9828 0.1811 0.0366
vn -0.6723 0.1881 0.7160
vn 0.5707 0.6889 0.4469
vn 0.8582 0.3599 0.3660
vn 0.8391 0.4854 0.2455
vn -0.6904 0.4973 0.5255
vn -0.3959 0.6889 0.6072
vn -0.7149 0.4853 0.5033
vn 0.9950 0.0914 0.0401
vn -0.3480 0.6180 0.7049
vn 0.8532 0.2103 0.4773
vn -0.0097 0.2971 0.9548
vn 0.3098 0.3399 0.8880
vn -0.9288 0.0914 0.3592
vn -0.9913 0.0726 -0.1097
vn -0.8672 0.4406 -0.2320
vn -0.9309 0.1312 -0.3409
vn -0.9046 0.4262 -0.0107
vn -0.6718 0.7285 -0.1343
vn -0.7019 0.2109 -0.6804
vn -0.5800 0.6630 -0.4733
vn -0.6657 0.4496 -0.5956
vn -0.8952 -0.1958 -0.4004
vn -0.9360 -0.2896 -0.2001
vn -0.7262 -0.5093 -0.4618
vn -0.7441 -0.5981 -0.2975
vn -0.6220 -0.2927 -0.7263
vn 0.9027 0.0726 -0.4241
vn 0.7458 0.4406 -0.4996
vn 0.8526 0.4262 -0.3023
vn 0.4443 0.2110 -0.8707
vn 0.7708 0.1311 -0.6234
vn 0.5926 0.7284 -0.3439
vn 0.6663 0.7257 -0.1714
vn 0.3962 0.6630 -0.6352
vn 0.7179 -0.1958 -0.6681
vn 0.8212 -0.2896 -0.4917
vn 0.5380 -0.5093 -0.6717
vn 0.3541 -0.2927 -0.8882
vn 0.4163 -0.0404 -0.9083
vn -0.1580 0.2592 -0.9528
vn 0.1257 0.4959 -0.8592
vn 0.1266 0.2487 -0.9603
vn -0.1397 0.5210 -0.8420
vn 0.1491 0.7448 -0.6505
vn 0.4378 0.4494 -0.7787
vn -0.3964 0.4959 -0.7726
vn -0.4300 0.2487 -0.8679
vn -0.3513 0.7448 -0.5674
vn -0.1040 0.7721 -0.6270
vn -0.4189 -0.0153 -0.9079
vn -0.1636 -0.0238 -0.9862
vn -0.3987 -0.3358 -0.8534
vn -0.6873 -0.0404 -0.7252
vn 0.1034 -0.0152 -0.9945
vn 0.1018 -0.3358 -0.9364
vn -0.1533 -0.3502 -0.9240
vn -0.0850 -0.8546 -0.5123
vn -0.4344 -0.6672 -0.6051
vn -0.1166 -0.7018 -0.7027
vn -0.4452 -0.7918 -0.4182
vn 0.2158 -0.6672 -0.7129
vn 0.2862 -0.7918 -0.5396
vn 0.6081 -0.5982 -0.5218
vn -0.0036 0.9998 -0.0215
vn 0.2851 0.9120 -0.2950
vn -0.0434 0.9642 -0.2617
vn 0.3617 0.9285 -0.0842
vn -0.3650 0.9120 -0.1870
vn -0.3695 0.9285 0.0371
vn -0.6859 0.7258 0.0529
vn -0.0386 0.9718 -0.2328
vn -0.0065 0.9992 -0.0394
vn 0.2160 0.2771 -0.9362
vn 0.8251 0.3626 -0.4333
vn 0.2177 0.8737 -0.4350
vn -0.4228 0.3606 -0.8314
vn -0.4169 0.8755 -0.2442
vn -0.9337 0.2785 -0.2250
vn -0.3852 0.9206 0.0639
vn 0.3758 0.9213 -0.0997
vn 0.9107 0.3780 -0.1665
vn -0.0672 0.9118 -0.4050
vn -0.1517 0.3755 -0.9143
vn -0.9740 -0.0000 -0.2264
vn -0.5284 0.0001 -0.8490
vn 0.8486 -0.0000 -0.5290
vn 0.2265 0.0001 -0.9740
vn -0.4087 0.8996 -0.1536
vn -0.9244 0.3765 0.0607
vn 0.3853 0.9206 -0.0639
vn 0.9132 0.3782 -0.1515
vn 0.3371 0.8997 -0.2774
vn 0.8944 0.3767 -0.2411
vn -0.3878 0.9214 0.0270
vn -0.9156 0.3782 0.1365
vn 0.3161 -0.8865 -0.3381
vn 0.8144 -0.2818 -0.5074
vn 0.1327 -0.3672 -0.9206
vn -0.5073 -0.2817 -0.8144
vn -0.9206 -0.3672 -0.1328
vn 0.2173 0.2818 -0.9345
vn 0.8284 0.3671 -0.4230
vn 0.2178 0.8865 -0.4083
vn -0.4231 0.3672 -0.8284
vn -0.4084 0.8864 -0.2178
vn -0.9346 0.2817 -0.2171
vn -0.2726 0.6881 -0.6725
vn 0.0059 0.3399 -0.9404
vn -0.3097 0.3399 -0.8880
vn -0.9976 -0.0000 -0.0693
vn 0.0161 0.4052 -0.9141
vn -0.3170 0.2971 -0.9007
vn 0.0089 0.2971 -0.9548
vn -0.9859 0.1642 0.0330
vn -0.8483 0.2288 -0.4775
vn 0.0579 0.7567 -0.6512
vn -0.3129 0.3372 -0.8879
vn -0.2650 0.7568 -0.5976
vn 0.1241 0.9564 -0.2644
vn -0.1665 0.9856 0.0276
vn -0.9966 0.0665 -0.0479
vn 0.9277 0.0664 -0.3672
vn 0.9182 0.0762 -0.3888
vn -0.2029 0.9564 -0.2101
vn 0.0679 0.7789 -0.6234
vn 0.9437 0.1642 -0.2871
vn -0.3273 0.0088 -0.9449
vn 0.0097 0.3372 -0.9414
vn 0.0045 0.0088 -1.0000
vn 0.9218 -0.0000 -0.3877
vn -0.9945 0.0761 -0.0713
vn 0.9460 0.2419 -0.2158
vn -0.6120 0.2635 -0.7456
vn -0.8629 0.2572 -0.4351
vn -0.8674 0.1882 -0.4606
vn 0.9367 0.1227 -0.3280
vn -0.3104 0.4052 -0.8599
vn 0.0341 0.5686 -0.8219
vn -0.2979 0.5687 -0.7667
vn -0.7737 0.6205 0.1284
vn 0.3203 0.2996 -0.8987
vn 0.6663 0.4531 -0.5922
vn 0.6534 0.2103 -0.7272
vn -0.5937 0.2995 -0.7468
vn -0.8532 0.2103 -0.4773
vn 0.7345 0.6206 -0.2745
vn 0.3341 0.0050 -0.9425
vn 0.6488 0.2288 -0.7258
vn 0.6633 0.0003 -0.7484
vn -0.6206 0.0050 -0.7841
vn -0.8694 0.0003 -0.4941
vn -0.9807 0.1954 0.0015
vn 0.3759 0.6773 -0.6324
vn 0.6903 0.4973 -0.5255
vn 0.3652 0.5042 -0.7825
vn 0.6760 0.2573 -0.6905
vn 0.6939 0.3600 -0.6237
vn 0.4339 0.8538 -0.2877
vn 0.3958 0.6889 -0.6073
vn -0.8582 0.3600 -0.3660
vn -0.5986 0.5042 -0.6225
vn 0.9287 0.1954 -0.3153
vn 0.3382 0.2635 -0.9034
vn 0.6722 0.1881 -0.7161
vn -0.9650 0.2420 0.1012
vn -0.9924 0.1226 -0.0078
vn -0.0045 0.0088 1.0000
vn 0.3273 0.0088 0.9449
vn 0.3302 0.3031 -0.8939
vn -0.6009 0.3031 -0.7396
vn 0.0410 0.6881 -0.7245
vn -0.6067 0.3599 -0.7088
vn 0.3452 0.3599 -0.8668
vn -0.5569 0.6181 -0.5548
vn -0.2657 0.7789 -0.5681
vn 0.3480 0.6180 -0.7049
vn -0.0097 0.3372 0.9414
vn -0.9460 0.2419 0.2159
vn 0.8695 0.0003 0.4939
vn 0.9182 0.1812 -0.3522
vn -0.9828 0.1811 -0.0365
vn 0.9072 0.0968 -0.4095
vn -0.9908 0.0969 -0.0949
vn 0.9287 0.0914 -0.3593
vn -0.9950 0.0914 -0.0400
vn 0.7150 0.4854 -0.5032
vn -0.8391 0.4854 -0.2455
vn -0.8163 0.2771 0.5068
vn -0.1435 0.3627 0.9208
vn -0.3413 0.8737 0.3465
vn -0.9234 0.3603 -0.1322
vn -0.3655 0.8756 -0.3159
vn -0.5145 0.2781 -0.8111
vn -0.1514 0.3795 -0.9127
vn 0.0274 0.9199 0.3911
vn 0.1365 0.3794 0.9151
vn -0.4050 0.9118 0.0672
vn -0.9143 0.3755 0.1517
vn -0.5290 0.0001 -0.8486
vn -0.9741 -0.0000 -0.2262
vn -0.8488 0.0001 0.5288
vn -0.2774 0.8997 -0.3371
vn -0.2411 0.3764 -0.8945
vn 0.0634 0.9220 0.3820
vn 0.1515 0.3782 0.9132
vn -0.1536 0.8997 0.4086
vn 0.0608 0.3766 0.9244
vn -0.0997 0.9213 -0.3758
vn -0.1665 0.3781 -0.9107
vn -0.2180 -0.8864 0.4084
vn -0.2170 -0.2818 0.9346
vn -0.8283 -0.3672 0.4231
vn -0.9346 -0.2818 -0.2171
vn -0.4231 -0.3672 -0.8284
vn -0.4084 -0.8864 -0.2179
vn -0.8145 0.2817 0.5073
vn -0.1330 0.3671 0.9206
vn -0.3161 0.8865 0.3381
vn -0.9206 0.3671 -0.1328
vn -0.3381 0.8865 -0.3161
vn -0.5073 0.2818 -0.8144
vn -0.2264 -0.0000 0.9740
vn -0.8487 -0.0000 0.5288
vn -0.5286 -0.0000 -0.8489
vn -0.1513 -0.3827 -0.9114
vn 0.0627 0.9239 0.3775
vn -0.1513 0.3827 -0.9114
vn 0.9234 0.3604 0.1323
vn 0.5143 0.2785 0.8112
vn 0.3658 0.8754 0.3159
vn 0.8163 0.2770 -0.5068
vn 0.3411 0.8738 -0.3466
vn 0.1432 0.3629 -0.9208
vn 0.1004 0.9200 0.3789
vn 0.1664 0.3794 0.9101
vn 0.5284 -0.0000 0.8490
vn -0.0608 0.3766 -0.9244
vn 0.0634 0.9220 0.3821
vn 0.2774 0.8997 0.3371
vn 0.2411 0.3764 0.8945
vn -0.0273 0.9199 -0.3911
vn -0.1364 0.3796 -0.9151
vn 0.4084 -0.8864 0.2179
vn 0.4231 -0.3672 0.8284
vn 0.9346 -0.2818 0.2172
vn 0.8283 -0.3672 -0.4231
vn 0.2170 -0.2818 -0.9346
vn 0.2179 -0.8864 -0.4084
vn 0.9206 0.3671 0.1328
vn 0.5073 0.2817 0.8144
vn 0.3380 0.8865 0.3161
vn 0.8144 0.2818 -0.5073
vn 0.3161 0.8864 -0.3381
vn 0.1329 0.3672 -0.9206
vn 0.2262 -0.0000 -0.9741
vn 0.8487 -0.0000 -0.5288
vn 0.1513 0.3827 0.9114
vn 0.9026 0.3876 0.1874
vn 0.9323 0.3240 0.1607
vn 0.7233 0.6647 0.1869
vn 0.5071 0.2769 0.8162
vn 0.9208 0.3627 0.1436
vn 0.3465 0.8737 0.3413
vn -0.1320 0.3603 0.9234
vn -0.3161 0.8754 0.3658
vn -0.8113 0.2782 0.5142
vn -0.9128 0.3794 0.1514
vn 0.3911 0.9199 -0.0273
vn 0.9151 0.3794 -0.1365
vn 0.1517 0.3755 0.9143
vn -0.8489 0.0001 0.5286
vn -0.2258 -0.0000 0.9742
vn 0.9740 -0.0000 0.2264
vn 0.5288 0.0001 0.8487
vn -0.3372 0.8997 0.2774
vn 0.3820 0.9220 -0.0634
vn 0.9133 0.3781 -0.1515
vn 0.4087 0.8996 0.1536
vn -0.3758 0.9213 0.0997
vn -0.9107 0.3781 0.1665
vn 0.4084 -0.8864 0.2178
vn 0.9346 -0.2818 0.2171
vn 0.4230 -0.3672 0.8284
vn -0.2172 -0.2818 0.9346
vn -0.8284 -0.3671 0.4230
vn -0.2179 -0.8865 0.4083
vn 0.9206 0.3672 0.1329
vn 0.3381 0.8864 0.3161
vn -0.1325 0.3672 0.9207
vn -0.3160 0.8865 0.3381
vn -0.8143 0.2818 0.5074
vn 0.1321 0.3603 -0.9234
vn 0.8111 0.2784 -0.5143
vn 0.3161 0.8754 -0.3658
vn -0.5069 0.2770 -0.8163
vn -0.3465 0.8737 -0.3413
vn -0.9208 0.3626 -0.1436
vn -0.3821 0.9220 0.0634
vn -0.9128 0.3793 0.1515
vn 0.3789 0.9200 -0.1004
vn 0.9101 0.3794 -0.1664
vn -0.1517 0.3757 -0.9142
vn -0.5288 -0.0000 -0.8487
vn 0.8489 -0.0000 -0.5286
vn -0.4086 0.8997 -0.1536
vn 0.3821 0.9220 -0.0634
vn 0.9128 0.3794 -0.1515
vn 0.8945 0.3765 -0.2411
vn -0.3912 0.9199 0.0273
vn -0.9152 0.3793 0.1365
vn 0.2178 -0.8865 -0.4083
vn 0.8284 -0.3672 -0.4230
vn 0.2173 -0.2818 -0.9345
vn -0.4230 -0.3672 -0.8284
vn -0.9346 -0.2817 -0.2171
vn -0.4084 -0.8864 -0.2178
vn 0.1325 0.3672 -0.9207
vn 0.8144 0.2818 -0.5074
vn 0.3160 0.8865 -0.3381
vn -0.5073 0.2817 -0.8144
vn -0.3380 0.8865 -0.3161
vn -0.9206 0.3672 -0.1328
vt 0.028846 1.615507
vt 0.016759 1.391990
vt 0.030207 1.392031
vt -0.038527 1.615010
vt -0.050419 1.391367
vt -0.036995 1.391661
vt 0.150295 1.616422
vt 0.138109 1.392215
vt 0.151941 1.391834
vt 0.123281 1.616218
vt 0.110942 1.392314
vt 0.124482 1.392319
vt 0.097444 1.392265
vt 0.082787 1.615910
vt 0.083969 1.392212
vt 0.070519 1.392151
vt 0.055810 1.615707
vt 0.057089 1.392104
vt 0.001892 1.615308
vt -0.010133 1.391883
vt 0.003310 1.391943
vt 0.043652 1.392067
vt -0.023568 1.391801
vt -0.051999 1.614913
vt -0.063933 1.390855
vt 0.109779 1.616115
vt 0.015368 1.615408
vt -0.025055 1.615109
vt 0.150212 1.626038
vt 0.136067 1.626528
vt 0.136892 1.622735
vt 0.123421 1.620114
vt 0.109395 1.621926
vt 0.109872 1.618088
vt 0.096019 1.620511
vt 0.082674 1.619734
vt 0.055866 1.616380
vt 0.069374 1.619617
vt 0.056133 1.620168
vt -0.009519 1.628933
vt 0.004221 1.628867
vt -0.008392 1.632520
vt 0.029278 1.619531
vt 0.042974 1.621384
vt 0.029919 1.623256
vt -0.034534 1.637673
vt -0.020852 1.636652
vt -0.033180 1.641179
vt -0.046844 1.642585
vt -0.057458 1.651451
vt -0.059076 1.648059
vt 0.122774 1.623941
vt 0.096318 1.616677
vt 0.069297 1.615808
vt 0.016177 1.622079
vt 0.003240 1.625231
vt 0.042517 1.617624
vt -0.022102 1.633109
vt 0.016995 1.625761
vt -0.045377 1.646025
vt -0.053714 1.658020
vt 0.121358 1.631775
vt 0.095303 1.628343
vt 0.082344 1.627542
vt 0.069437 1.627395
vt 0.018584 1.633310
vt 0.006151 1.636334
vt 0.043820 1.629073
vt -0.006155 1.639911
vt -0.018350 1.643983
vt 0.031145 1.630880
vt -0.042406 1.653259
vt 0.146745 1.636892
vt 0.134364 1.634166
vt 0.108311 1.629776
vt 0.056591 1.627907
vt -0.030452 1.648472
vt 0.019325 1.636846
vt -0.041072 1.656660
vt 0.133605 1.637835
vt 0.107787 1.633455
vt 0.094952 1.632007
vt 0.082177 1.631192
vt 0.056796 1.631525
vt 0.007055 1.639836
vt -0.005102 1.643382
vt 0.031713 1.634448
vt -0.017167 1.647431
vt -0.029168 1.651903
vt -0.052442 1.661153
vt 0.120693 1.635465
vt 0.069456 1.631031
vt 0.044209 1.632669
vt 0.045073 1.641166
vt 0.033005 1.642884
vt -0.014376 1.655628
vt -0.026154 1.660102
vt -0.050458 1.669252
vt 0.131909 1.646954
vt 0.118992 1.644309
vt 0.094030 1.640665
vt 0.069434 1.639616
vt 0.021031 1.645212
vt 0.009157 1.648131
vt 0.057220 1.640072
vt -0.038100 1.664843
vt 0.146062 1.640365
vt 0.106436 1.642175
vt 0.081704 1.639811
vt -0.002632 1.651614
vt 0.045912 1.648168
vt -0.000413 1.658409
vt -0.011855 1.662417
vt 0.022579 1.652104
vt -0.035282 1.671944
vt 0.144320 1.657961
vt 0.130211 1.654671
vt 0.105367 1.649399
vt 0.081414 1.646924
vt 0.057691 1.647117
vt 0.011048 1.654969
vt 0.034204 1.649835
vt -0.023392 1.666964
vt -0.048136 1.677060
vt 0.117565 1.651685
vt 0.093350 1.647818
vt 0.069529 1.646697
vt 0.069795 1.664469
vt 0.080310 1.671006
vt 0.069821 1.670744
vt 0.048114 1.665784
vt 0.059322 1.671095
vt 0.048843 1.672035
vt 0.005522 1.675495
vt -0.002361 1.685465
vt -0.004927 1.679479
vt -0.026031 1.690053
vt -0.012283 1.690207
vt -0.022139 1.696025
vt 0.124188 1.673760
vt 0.131281 1.685567
vt 0.121473 1.679880
vt 0.102360 1.667377
vt 0.111390 1.676118
vt 0.101132 1.673575
vt 0.091517 1.665686
vt 0.080660 1.664742
vt 0.036011 1.659833
vt 0.024902 1.662016
vt 0.058939 1.664825
vt 0.017776 1.678241
vt 0.007654 1.681520
vt 0.016037 1.672198
vt 0.028049 1.675653
vt -0.015388 1.684242
vt -0.031952 1.703723
vt -0.037246 1.697686
vt 0.113218 1.669962
vt 0.090759 1.671924
vt 0.069709 1.656873
vt 0.037339 1.667328
vt 0.038408 1.673553
vt 0.058428 1.657248
vt 0.047189 1.658241
vt -0.007970 1.672182
vt 0.013894 1.664810
vt -0.030405 1.682382
vt 0.140251 1.670935
vt 0.127155 1.665832
vt 0.103737 1.659752
vt 0.081020 1.657138
vt 0.002951 1.668181
vt -0.018990 1.676871
vt -0.042997 1.689179
vt 0.115251 1.662263
vt 0.092355 1.658078
vt 0.135521 1.679503
vt 0.026632 1.669432
vt 0.039454 1.680012
vt 0.029436 1.682046
vt -0.009062 1.696229
vt -0.018079 1.701824
vt 0.127007 1.690726
vt 0.118652 1.685673
vt 0.099796 1.679864
vt 0.089908 1.678320
vt 0.079881 1.677466
vt 0.069780 1.677236
vt 0.059653 1.677595
vt 0.009832 1.687754
vt -0.026403 1.708820
vt 0.109442 1.682229
vt 0.019539 1.684577
vt 0.049535 1.678524
vt 0.000282 1.691607
vt 0.065468 1.688966
vt 0.060355 1.680875
vt 0.059326 1.724002
vt 0.060427 1.711551
vt 0.064839 1.716157
vt 0.048927 1.697137
vt 0.060862 1.693378
vt 0.058272 1.699206
vt 0.078699 1.728322
vt 0.070667 1.718747
vt 0.077056 1.718911
vt 0.088124 1.724683
vt 0.087617 1.712180
vt 0.095462 1.717693
vt 0.099783 1.698320
vt 0.090207 1.706352
vt 0.090372 1.699963
vt 0.089153 1.681556
vt 0.088052 1.694007
vt 0.083640 1.689402
vt 0.077812 1.686811
vt 0.071423 1.686647
vt 0.048696 1.707238
vt 0.052335 1.716664
vt 0.053017 1.687865
vt 0.068598 1.728092
vt 0.058108 1.705595
vt 0.083011 1.716592
vt 0.099553 1.708421
vt 0.096144 1.688894
vt 0.066966 1.712625
vt 0.075844 1.711967
vt 0.084419 1.709578
vt 0.064525 1.704475
vt 0.074240 1.702779
vt 0.083955 1.701083
vt 0.064060 1.695980
vt 0.081513 1.692933
vt 0.072636 1.693591
vt -0.010016 1.375450
vt -0.023640 1.365632
vt -0.010236 1.365662
vt 0.057191 1.375648
vt 0.043539 1.365816
vt 0.056991 1.365849
vt 0.016858 1.375532
vt 0.003196 1.365695
vt 0.016639 1.365733
vt 0.084063 1.375742
vt 0.070367 1.365804
vt 0.083836 1.366004
vt 0.111002 1.375815
vt 0.097302 1.365857
vt 0.110778 1.366042
vt 0.137709 1.375799
vt 0.124206 1.365890
vt 0.137446 1.366081
vt -0.049834 1.375323
vt -0.062434 1.366478
vt -0.050089 1.365693
vt -0.036748 1.375374
vt -0.036969 1.365617
vt 0.030305 1.375571
vt 0.030088 1.365774
vt 0.003415 1.375491
vt 0.070618 1.375680
vt 0.097539 1.375755
vt 0.124443 1.375821
vt 0.150279 1.375053
vt 0.150205 1.366629
vt 0.043566 1.363410
vt -0.036957 1.363242
vt -0.023618 1.363239
vt -0.050145 1.363328
vt 0.137522 1.363653
vt 0.110782 1.363532
vt 0.070376 1.363509
vt 0.083840 1.363493
vt 0.016666 1.363327
vt -0.037027 1.357986
vt -0.050560 1.349464
vt -0.037055 1.349283
vt 0.151441 1.359148
vt 0.137997 1.349703
vt 0.151720 1.350123
vt 0.124256 1.358338
vt 0.110890 1.349450
vt 0.124406 1.349549
vt 0.097383 1.349476
vt 0.083846 1.358143
vt 0.083918 1.349437
vt 0.070464 1.349486
vt 0.056996 1.358160
vt 0.057077 1.349436
vt 0.003204 1.357984
vt -0.010165 1.349233
vt 0.003281 1.349251
vt 0.057014 1.363451
vt -0.010212 1.363260
vt -0.010032 1.383239
vt -0.023445 1.383175
vt 0.043739 1.383412
vt 0.057177 1.383449
vt 0.003402 1.383290
vt 0.016847 1.383334
vt 0.084057 1.383547
vt 0.070607 1.383489
vt 0.111008 1.383627
vt 0.097529 1.383583
vt 0.124486 1.383618
vt 0.137957 1.383486
vt -0.063548 1.382087
vt -0.050073 1.382839
vt -0.062302 1.374710
vt -0.049919 1.377524
vt -0.062760 1.376749
vt 0.003390 1.377803
vt -0.023446 1.377711
vt -0.023419 1.375409
vt 0.043750 1.375610
vt 0.057165 1.377960
vt 0.043725 1.377924
vt 0.070593 1.377995
vt 0.097514 1.378075
vt 0.137756 1.378102
vt 0.124427 1.378128
vt -0.036780 1.377653
vt 0.030280 1.377885
vt 0.043553 1.358105
vt 0.030190 1.349322
vt 0.043642 1.349375
vt -0.023649 1.357950
vt -0.023606 1.349234
vt -0.063831 1.359026
vt -0.064248 1.349943
vt 0.137697 1.358397
vt 0.097316 1.358268
vt 0.016734 1.349281
vt 0.030115 1.363367
vt 0.150691 1.364446
vt 0.124215 1.363599
vt 0.097306 1.363550
vt 0.003221 1.363291
vt -0.010233 1.357960
vt -0.036808 1.383073
vt 0.151629 1.382731
vt 0.016833 1.377845
vt -0.010041 1.377759
vt 0.084039 1.378056
vt 0.110981 1.378129
vt 0.150811 1.377270
vt 0.030294 1.383375
vt -0.010388 1.093158
vt -0.023811 1.090418
vt -0.010402 1.090284
vt 0.043476 1.092841
vt 0.056881 1.090039
vt 0.056890 1.092711
vt 0.003104 1.093005
vt 0.016486 1.090207
vt 0.016494 1.092875
vt 0.070367 1.092818
vt 0.083911 1.089888
vt 0.083906 1.092678
vt 0.110837 1.092556
vt 0.097388 1.089837
vt 0.110844 1.089785
vt 0.124232 1.092476
vt 0.137454 1.089720
vt 0.137398 1.092366
vt -0.062884 1.094305
vt -0.050334 1.090739
vt -0.050240 1.093488
vt 0.150253 1.090288
vt 0.149804 1.092753
vt 0.003106 1.090232
vt 0.070356 1.089931
vt 0.097380 1.092616
vt 0.124242 1.089730
vt -0.023795 1.093072
vt -0.037090 1.090508
vt 0.029942 1.090103
vt 0.043480 1.090062
vt 0.029823 1.117778
vt 0.043298 1.117737
vt -0.037307 1.117824
vt -0.023936 1.117862
vt -0.064019 1.117228
vt -0.050642 1.117650
vt 0.124269 1.117329
vt 0.137861 1.117095
vt 0.097262 1.117536
vt 0.110757 1.117450
vt 0.070256 1.117659
vt 0.083762 1.117605
vt 0.002921 1.117840
vt 0.016361 1.117804
vt 0.151685 1.116588
vt 0.056766 1.117693
vt -0.010520 1.117867
vt 0.016340 1.102423
vt 0.029952 1.092985
vt 0.029808 1.102404
vt -0.050312 1.102786
vt -0.037072 1.093243
vt -0.037234 1.102672
vt 0.137322 1.101731
vt 0.150045 1.100956
vt 0.110676 1.102058
vt 0.124078 1.101961
vt 0.083730 1.102191
vt 0.097214 1.102128
vt 0.056738 1.102280
vt 0.070230 1.102255
vt -0.010526 1.102547
vt 0.002913 1.102489
vt 0.043284 1.102347
vt -0.023934 1.102578
vt -0.050454 1.110844
vt -0.037233 1.110949
vt 0.016463 1.084195
vt 0.003043 1.074656
vt 0.016468 1.074616
vt 0.137660 1.110070
vt 0.151389 1.109294
vt -0.050624 1.084810
vt -0.064677 1.075670
vt -0.050890 1.075221
vt 0.110737 1.110475
vt 0.124197 1.110347
vt 0.137538 1.083843
vt 0.124321 1.074243
vt 0.137784 1.074404
vt 0.083767 1.110627
vt 0.097258 1.110558
vt 0.110796 1.083744
vt 0.097364 1.074220
vt 0.110847 1.074208
vt 0.056775 1.110717
vt 0.070266 1.110683
vt 0.083849 1.083813
vt 0.070344 1.074298
vt 0.083866 1.074248
vt -0.010497 1.110929
vt 0.002939 1.110890
vt 0.056857 1.084016
vt 0.043426 1.074461
vt 0.056861 1.074423
vt 0.029838 1.110816
vt 0.043311 1.110770
vt -0.010438 1.084204
vt -0.023900 1.074871
vt -0.010440 1.074712
vt -0.023905 1.110941
vt 0.043415 1.084010
vt 0.029935 1.074500
vt -0.023858 1.084430
vt -0.037334 1.074994
vt -0.063744 1.110291
vt -0.037226 1.084520
vt 0.150960 1.084399
vt 0.151291 1.074748
vt 0.124215 1.083737
vt 0.097334 1.083776
vt 0.016373 1.110843
vt 0.029917 1.084007
vt 0.002898 1.105674
vt -0.010540 1.105725
vt 0.056726 1.105478
vt -0.023945 1.105749
vt 0.043269 1.105540
vt 0.083718 1.105389
vt 0.070217 1.105450
vt 0.110671 1.105246
vt 0.097204 1.105323
vt 0.124091 1.105134
vt -0.063132 1.105238
vt -0.062621 1.102428
vt 0.016328 1.105616
vt 0.150698 1.104037
vt 0.137423 1.104914
vt -0.037250 1.105807
vt -0.050377 1.105809
vt 0.029794 1.105593
vt 0.029452 0.898964
vt 0.042809 0.898955
vt 0.016079 0.898916
vt -0.037791 0.898267
vt -0.051404 0.898041
vt 0.150600 0.897132
vt 0.136925 0.897462
vt 0.109800 0.898091
vt 0.123327 0.897787
vt 0.096333 0.898362
vt 0.082912 0.898588
vt 0.056163 0.898889
vt 0.069527 0.898766
vt -0.010758 0.898668
vt 0.002680 0.898816
vt -0.024245 0.898481
vt -0.065070 0.897827
vt 0.016651 1.358018
vt 0.030102 1.358058
vt 0.110796 1.358176
vt 0.070392 1.358250
vt -0.050359 1.358182
vt 0.003039 1.084191
vt -0.064277 1.085622
vt -0.063456 1.091646
vt 0.070329 1.083823
vt -0.007740 0.809256
vt -0.022571 0.839973
vt -0.020500 0.808424
vt 0.055666 0.841416
vt 0.042754 0.810656
vt 0.055320 0.810578
vt 0.017580 0.810310
vt 0.003751 0.840981
vt 0.004946 0.809878
vt 0.081609 0.840839
vt 0.067885 0.810330
vt 0.080462 0.809903
vt 0.105711 0.808444
vt 0.094651 0.840341
vt 0.093065 0.809282
vt 0.131241 0.805956
vt 0.121033 0.838900
vt 0.118425 0.807352
vt -0.046394 0.805972
vt -0.063263 0.837485
vt -0.059692 0.804205
vt -0.035929 0.839266
vt -0.033368 0.807347
vt -0.009357 0.840544
vt 0.144199 0.804185
vt 0.134464 0.837950
vt 0.030178 0.810567
vt 0.016784 0.841286
vt 0.042721 0.841503
vt 0.044228 0.571032
vt 0.032352 0.681027
vt 0.033329 0.570961
vt 0.022441 0.570936
vt -0.020802 0.571307
vt -0.032710 0.678929
vt -0.031485 0.571518
vt 0.129873 0.679875
vt 0.119951 0.572838
vt 0.130575 0.573283
vt 0.108586 0.680559
vt 0.098520 0.572087
vt 0.109266 0.572439
vt 0.087008 0.681009
vt 0.076884 0.571525
vt 0.087722 0.571783
vt 0.066016 0.571314
vt 0.054271 0.681213
vt 0.055127 0.571150
vt 0.010477 0.680582
vt 0.000737 0.571028
vt 0.011573 0.570959
vt -0.010059 0.571144
vt -0.022018 0.679435
vt -0.042113 0.571776
vt 0.119262 0.680246
vt 0.097831 0.680814
vt 0.076132 0.681141
vt -0.000410 0.680263
vt -0.014386 0.457076
vt -0.002567 0.456464
vt 0.045099 0.455603
vt 0.057052 0.455767
vt 0.009305 0.456016
vt 0.021214 0.455726
vt 0.080926 0.456552
vt 0.068998 0.456083
vt 0.092823 0.457181
vt 0.104675 0.457974
vt 0.128168 0.460088
vt 0.116464 0.458941
vt -0.037799 0.458824
vt -0.049338 0.459980
vt -0.026137 0.457859
vt 0.139770 0.461423
vt 0.033149 0.455589
vt 0.045530 0.348228
vt 0.032012 0.320095
vt 0.045601 0.320087
vt 0.032125 0.348257
vt 0.018403 0.320167
vt -0.035672 0.350162
vt -0.050797 0.321403
vt -0.036711 0.321061
vt 0.155031 0.352078
vt 0.141988 0.321626
vt 0.156223 0.321962
vt 0.126832 0.350379
vt 0.113985 0.320956
vt 0.127914 0.321280
vt 0.100175 0.320672
vt 0.085846 0.348795
vt 0.086455 0.320438
vt 0.072801 0.320260
vt 0.058937 0.348308
vt 0.059191 0.320142
vt 0.005237 0.348651
vt -0.008968 0.320500
vt 0.004750 0.320302
vt -0.022779 0.320755
vt -0.049601 0.350949
vt -0.065069 0.321756
vt 0.140807 0.351155
vt 0.113044 0.349732
vt 0.018701 0.348397
vt -0.008293 0.349024
vt 0.068622 0.841195
vt 0.107780 0.839697
vt -0.049479 0.838431
vt 0.148148 0.836854
vt 0.029767 0.841460
vt -0.009242 0.271547
vt -0.023092 0.271463
vt 0.059402 0.271752
vt 0.045707 0.271725
vt 0.004549 0.271608
vt 0.018294 0.271655
vt 0.073109 0.271772
vt 0.086839 0.271781
vt 0.100608 0.271772
vt 0.114426 0.271734
vt 0.128306 0.271653
vt 0.142259 0.271511
vt -0.051027 0.271172
vt -0.065118 0.270925
vt -0.037016 0.271343
vt 0.156295 0.271287
vt 0.032009 0.271692
vt 0.045381 0.390973
vt 0.019502 0.391220
vt -0.032591 0.393922
vt 0.150306 0.397344
vt 0.110401 0.393327
vt 0.097304 0.392486
vt 0.099394 0.349205
vt 0.071281 0.391384
vt 0.072368 0.348497
vt 0.006540 0.391600
vt -0.019491 0.392930
vt -0.021918 0.349525
vt -0.059027 0.396720
vt -0.063769 0.351899
vt 0.123580 0.394392
vt -0.006453 0.392164
vt 0.032445 0.391013
vt -0.045767 0.395172
vt 0.136866 0.395714
vt 0.084270 0.391844
vt 0.058322 0.391096
vt 0.030846 0.769148
vt 0.042790 0.769290
vt 0.018903 0.768843
vt -0.040238 0.764505
vt -0.028564 0.765803
vt 0.136734 0.764128
vt 0.125373 0.765507
vt 0.102136 0.767535
vt 0.113817 0.766633
vt 0.078527 0.768750
vt 0.090364 0.768234
vt 0.054726 0.769272
vt 0.066643 0.769093
vt -0.004927 0.767713
vt 0.006974 0.768368
vt -0.016781 0.766864
vt -0.051762 0.762952
vt -0.011247 0.679880
vt 0.043312 0.681152
vt 0.021402 0.680837
vt 0.065215 0.681209
vt -0.043316 0.678368
vt 0.033859 0.060201
vt 0.046605 0.060297
vt 0.021118 0.060068
vt -0.029784 0.059378
vt -0.042495 0.059455
vt 0.147414 0.061009
vt 0.135412 0.060493
vt 0.122960 0.060324
vt 0.110319 0.060312
vt 0.084860 0.060372
vt 0.097603 0.060343
vt 0.072108 0.060378
vt 0.059355 0.060355
vt -0.004346 0.059704
vt 0.008383 0.059899
vt -0.017068 0.059509
vt -0.054959 0.059774
vt -0.052567 0.013773
vt -0.041641 0.022627
vt -0.054693 0.020681
vt -0.015959 0.016702
vt -0.028880 0.023507
vt -0.028487 0.016239
vt 0.021625 0.032948
vt 0.008782 0.039987
vt 0.008971 0.032777
vt 0.072079 0.055923
vt 0.059539 0.048023
vt 0.072262 0.048043
vt 0.110325 0.017300
vt 0.097627 0.024833
vt 0.097600 0.017437
vt 0.110290 0.055873
vt 0.123287 0.048089
vt 0.122980 0.055917
vt 0.046988 0.017558
vt 0.059573 0.024936
vt 0.046923 0.024901
vt -0.029181 0.031812
vt -0.042741 0.038781
vt -0.042301 0.031135
vt -0.040864 0.015443
vt 0.072306 0.033204
vt 0.059525 0.040420
vt 0.059620 0.033196
vt 0.123110 0.017083
vt 0.110389 0.024731
vt 0.123346 0.040412
vt 0.110525 0.033080
vt 0.123449 0.033028
vt -0.003909 0.039769
vt -0.016383 0.032244
vt -0.003689 0.032550
vt 0.009181 0.017226
vt 0.021657 0.024710
vt 0.009036 0.024544
vt 0.072256 0.017574
vt 0.059615 0.017584
vt 0.047013 0.015581
vt 0.034385 0.011745
vt 0.046981 0.011805
vt 0.034406 0.015517
vt 0.021804 0.011644
vt -0.028249 0.010579
vt -0.040665 0.013570
vt -0.040430 0.009912
vt 0.148037 0.013583
vt 0.135644 0.010793
vt 0.147777 0.010103
vt 0.123079 0.015073
vt 0.110208 0.011490
vt 0.122931 0.011239
vt 0.097600 0.015447
vt 0.084853 0.011750
vt 0.097516 0.011648
vt 0.072269 0.015592
vt 0.059590 0.011826
vt 0.072213 0.011808
vt 0.009229 0.015256
vt -0.003306 0.011287
vt 0.009238 0.011494
vt -0.015881 0.014740
vt -0.015817 0.010998
vt -0.051662 0.008984
vt 0.135888 0.014669
vt 0.110314 0.015302
vt 0.021810 0.015410
vt 0.059634 0.015605
vt 0.034285 0.024827
vt 0.034373 0.017491
vt 0.021138 0.055617
vt 0.008705 0.047581
vt 0.021409 0.047750
vt 0.084992 0.048036
vt 0.084822 0.055917
vt 0.097682 0.040394
vt 0.085008 0.033182
vt 0.097738 0.033137
vt 0.136192 0.048463
vt 0.135549 0.056178
vt -0.042620 0.054947
vt -0.056533 0.047358
vt -0.042677 0.046783
vt -0.057195 0.038512
vt -0.056630 0.029886
vt 0.008414 0.055450
vt -0.004006 0.047376
vt 0.059337 0.055900
vt 0.046823 0.047969
vt 0.097563 0.055892
vt 0.097732 0.048015
vt 0.110489 0.048008
vt 0.149337 0.049826
vt 0.147559 0.057012
vt -0.016642 0.039498
vt 0.046599 0.055843
vt 0.034114 0.047879
vt 0.033866 0.055749
vt 0.046830 0.040371
vt 0.046946 0.033153
vt 0.136748 0.032993
vt 0.084915 0.017525
vt 0.084917 0.024900
vt 0.021771 0.017383
vt 0.084945 0.040423
vt 0.135988 0.016706
vt 0.150314 0.023167
vt 0.136398 0.024271
vt -0.017042 0.055053
vt -0.004309 0.055254
vt -0.003583 0.024316
vt -0.016212 0.023996
vt 0.151152 0.032847
vt 0.136539 0.040643
vt 0.072236 0.024935
vt 0.110461 0.040373
vt 0.034143 0.040284
vt 0.034282 0.033072
vt -0.003396 0.017008
vt 0.123260 0.024575
vt -0.029805 0.054906
vt -0.029586 0.046917
vt -0.016749 0.047144
vt 0.021462 0.040157
vt 0.072229 0.040435
vt 0.150914 0.041447
vt -0.029502 0.039168
vt -0.055028 0.055450
vt -0.003253 0.007693
vt -0.015735 0.007420
vt 0.046974 0.008188
vt 0.059572 0.008204
vt 0.009272 0.007891
vt 0.021822 0.008035
vt 0.084811 0.008118
vt 0.072184 0.008182
vt 0.097459 0.008008
vt 0.110130 0.007841
vt 0.122816 0.007581
vt 0.135478 0.007131
vt -0.040257 0.006511
vt -0.051750 0.005896
vt -0.028124 0.007041
vt 0.147933 0.006609
vt 0.034390 0.008132
vt 0.047110 -0.013583
vt 0.034216 -0.727870
vt 0.046679 -0.727920
vt 0.034594 -0.013609
vt 0.021753 -0.727819
vt -0.027515 -0.014201
vt -0.040548 -0.727573
vt -0.028089 -0.727622
vt 0.147593 -0.014923
vt 0.133930 -0.728273
vt 0.146381 -0.728322
vt 0.122413 -0.014339
vt 0.109002 -0.728173
vt 0.121466 -0.728223
vt 0.097279 -0.013877
vt 0.084073 -0.728072
vt 0.096538 -0.728122
vt 0.072178 -0.013642
vt 0.059144 -0.727970
vt 0.071608 -0.728021
vt 0.009622 -0.013760
vt -0.003170 -0.727720
vt 0.009291 -0.727769
vt -0.015630 -0.727671
vt -0.039743 -0.014359
vt -0.053005 -0.727526
vt 0.135006 -0.014636
vt 0.109840 -0.014078
vt 0.084725 -0.013734
vt 0.022095 -0.013668
vt -0.002816 -0.013882
vt 0.047046 -0.000789
vt 0.034491 -0.000833
vt -0.027805 -0.001714
vt 0.135272 -0.001847
vt 0.122647 -0.001479
vt 0.097400 -0.001023
vt 0.072197 -0.000818
vt 0.059639 -0.013593
vt -0.003045 -0.001209
vt -0.015202 -0.014032
vt -0.039954 -0.002021
vt -0.051928 -0.014428
vt 0.110022 -0.001211
vt 0.009438 -0.001040
vt 0.059615 -0.000784
vt -0.015473 -0.001433
vt 0.021953 -0.000916
vt 0.147955 -0.002196
vt 0.084792 -0.000896
vt -0.051869 -0.002220
vt -0.003337 0.015041
vt 0.084922 0.015540
vt 0.148588 0.015507
vt -0.028374 0.014292
vt -0.052017 0.012115
vt 0.473172 0.326757
vt 0.477701 0.327448
vt 0.476421 0.329645
vt 0.480534 0.328749
vt 0.480156 0.330962
vt 0.477483 0.323703
vt 0.475503 0.325106
vt 0.480831 0.327010
vt 0.474026 0.322253
vt 0.471530 0.322731
vt 0.473742 0.319147
vt 0.475479 0.319444
vt 0.476206 0.321408
vt 0.490698 0.314341
vt 0.489844 0.318845
vt 0.488367 0.315993
vt 0.486387 0.317395
vt 0.492340 0.318367
vt 0.490129 0.321952
vt 0.488391 0.321654
vt 0.487664 0.319690
vt 0.486170 0.313650
vt 0.487450 0.311454
vt 0.483336 0.312350
vt 0.483715 0.310137
vt 0.483039 0.314088
vt 0.481935 0.320549
vt 0.485695 0.321193
vt 0.483593 0.322894
vt 0.487053 0.323265
vt 0.485087 0.325005
vt 0.484278 0.318890
vt 0.481292 0.324312
vt 0.479593 0.322209
vt 0.479222 0.325671
vt 0.482793 0.326283
vt 0.478175 0.319906
vt 0.480277 0.318205
vt 0.476817 0.317834
vt 0.478784 0.316094
vt 0.482578 0.316787
vt 0.484649 0.315427
vt 0.481077 0.314816
vt 0.475732 0.311780
vt 0.475041 0.316312
vt 0.472846 0.315031
vt 0.471530 0.318768
vt 0.477382 0.314113
vt 0.480233 0.312634
vt 0.479755 0.310137
vt 0.488139 0.329319
vt 0.488829 0.324787
vt 0.491024 0.326068
vt 0.492340 0.322330
vt 0.486488 0.326986
vt 0.483638 0.328464
vt 0.484116 0.330962
vt 0.319079 1.035362
vt 0.171849 1.083361
vt 0.171849 1.035362
vt 0.296064 0.054229
vt 0.303514 0.009530
vt 0.305319 0.054229
vt 0.282566 1.086469
vt 0.290016 1.131168
vt 0.282566 1.131168
vt 0.282566 0.570349
vt 0.303663 1.038179
vt 0.282566 1.038179
vt 0.319079 0.570350
vt 0.171849 0.570350
vt 0.319079 1.127795
vt 0.171849 1.127795
vt 0.323381 0.372797
vt 0.316024 0.228612
vt 0.323381 0.228612
vt 0.291821 1.086469
vt 0.296064 0.102519
vt 0.317160 0.102519
vt 0.316024 0.372797
vt 0.313102 0.375292
vt 0.312635 0.372797
vt 0.292835 1.133661
vt 0.290169 1.134220
vt 0.169301 1.130270
vt 0.168729 1.127793
vt 0.313102 0.226116
vt 0.315770 0.225555
vt 0.321627 1.130270
vt 0.319079 1.130828
vt 0.306333 0.007036
vt 0.306873 0.009528
vt 0.322200 0.570350
vt 0.322200 1.035362
vt 0.320520 0.570349
vt 0.320532 0.102519
vt 0.168729 1.083361
vt 0.293375 1.131170
vt 0.295193 1.086469
vt 0.171849 1.130828
vt 0.312635 0.228612
vt 0.296064 0.009529
vt 0.303667 0.006477
vt 0.323147 0.225555
vt 0.282811 1.134221
vt 0.323147 0.375853
vt 0.319079 1.083361
vt 0.322200 1.083361
vt 0.308691 0.054229
vt 0.168729 1.035362
vt 0.168729 0.570350
vt 0.307022 0.570349
vt 0.303663 0.570349
vt 0.307035 1.038179
vt 0.322200 1.127793
vt 0.317160 0.570349
vt 0.296064 0.570349
vt -0.227120 0.506793
vt -0.164129 0.674704
vt -0.227120 0.674704
vt -0.164129 0.442263
vt -0.227120 0.487956
vt -0.227120 0.442263
vt 0.358681 0.487956
vt 0.358681 0.442263
vt -0.227120 0.739234
vt -0.164129 0.693541
vt -0.164129 0.739234
vt -0.164129 0.758071
vt -0.227120 0.925982
vt -0.227120 0.758071
vt 0.358681 0.674704
vt -0.164129 0.506793
vt 0.358681 0.506793
vt 0.358681 0.739234
vt 0.358681 0.693541
vt -0.234850 0.684122
vt -0.234850 0.674704
vt -0.227120 0.693541
vt -0.227120 0.684122
vt -0.242772 0.693541
vt -0.234850 0.693541
vt -0.384007 0.693541
vt -0.391930 0.684122
vt -0.384007 0.684122
vt -0.234850 0.497375
vt -0.234850 0.487956
vt -0.227120 0.497375
vt -0.242772 0.739234
vt -0.234850 0.748652
vt -0.242772 0.748652
vt -0.234850 0.739234
vt -0.227120 0.748652
vt -0.384007 0.739234
vt -0.391930 0.748652
vt -0.391930 0.739234
vt -0.234850 0.935400
vt -0.234850 0.925982
vt -0.234850 0.432845
vt -0.227120 0.432845
vt -0.164129 0.432845
vt 0.358681 0.925982
vt -0.164129 0.935400
vt -0.164129 0.925982
vt 0.358681 0.497375
vt -0.164129 0.487956
vt -0.164129 0.497375
vt -0.164129 0.748652
vt 0.358681 0.748652
vt 0.358681 0.758071
vt 0.358681 0.684122
vt -0.164129 0.684122
vt -0.234850 0.758071
vt -0.384007 0.748652
vt -0.234850 0.442263
vt -0.391930 0.693541
vt -0.234850 0.506793
vt -0.227120 0.935400
vt 0.137704 0.001934
vt 0.010170 0.022994
vt 0.010170 0.001934
vt 0.379969 0.985576
vt 0.364087 0.993974
vt 0.364169 0.985457
vt 0.137704 0.041357
vt 0.070053 0.062962
vt 0.020532 0.035016
vt 0.234884 0.714433
vt 0.320648 0.748827
vt 0.234884 0.748827
vt 0.049369 0.996365
vt 0.108217 0.987841
vt 0.108929 0.997346
vt 0.234884 0.098026
vt 0.149119 0.132420
vt 0.141218 0.098026
vt 0.146238 0.973740
vt 0.181158 0.964981
vt 0.180787 0.973937
vt 0.049331 0.965823
vt 0.108022 0.973729
vt 0.049287 0.974683
vt 0.112860 0.122753
vt 0.095971 0.090180
vt 0.234883 0.041357
vt 0.137704 0.073756
vt 0.438756 0.986164
vt 0.379767 0.993796
vt 0.049212 0.987456
vt 0.234883 0.001934
vt 0.137704 0.025995
vt 0.002101 0.974403
vt 0.028195 0.966295
vt 0.027779 0.975340
vt 0.332063 0.618340
vt 0.234884 0.642402
vt 0.234884 0.618340
vt 0.459597 0.639400
vt 0.332063 0.642401
vt 0.234884 0.657764
vt 0.332063 0.657764
vt 0.028106 0.996203
vt 0.027499 0.987221
vt 0.449235 0.651422
vt 0.234883 0.025995
vt 0.146429 0.987578
vt 0.181300 0.996095
vt 0.145605 0.996852
vt 0.172093 0.284983
vt 0.163590 0.292974
vt 0.157836 0.278072
vt 0.297674 0.901389
vt 0.306178 0.909380
vt 0.295823 0.914601
vt 0.234884 0.690162
vt 0.234884 0.901389
vt 0.234884 0.914601
vt 0.234883 0.284983
vt 0.173944 0.298195
vt 0.347454 0.986306
vt 0.346312 0.994951
vt 0.347452 0.973648
vt 0.002364 0.988730
vt 0.003058 0.998067
vt 0.438756 0.973486
vt 0.379929 0.965799
vt 0.438756 0.965129
vt 0.380160 0.973991
vt 0.328549 0.714433
vt 0.356908 0.739160
vt 0.180868 0.987153
vt 0.364270 0.965717
vt 0.364468 0.974286
vt 0.132201 0.172422
vt 0.157334 0.179620
vt 0.312434 0.796026
vt 0.337566 0.788829
vt 0.234884 0.132420
vt 0.234883 0.179620
vt 0.234432 0.987033
vt 0.234348 0.973717
vt 0.233982 0.964675
vt 0.332063 0.690162
vt 0.373797 0.706587
vt 0.399714 0.679368
vt 0.234884 0.073756
vt 0.145352 0.964457
vt 0.108653 0.964238
vt 0.234884 0.922676
vt 0.171929 0.306270
vt 0.158021 0.299132
vt 0.297838 0.922676
vt 0.234883 0.306270
vt 0.015342 0.041358
vt 0.002101 0.025995
vt 0.454426 0.657764
vt 0.467667 0.618340
vt 0.467667 0.642401
vt 0.002101 0.001934
vt 0.124487 0.174852
vt 0.105498 0.126088
vt 0.345281 0.791258
vt 0.150767 0.283163
vt 0.311932 0.894479
vt 0.319000 0.899569
vt 0.065041 0.069404
vt 0.404726 0.685811
vt 0.380431 0.711326
vt 0.364269 0.742495
vt 0.089337 0.094919
vt 0.311746 0.915538
vt 0.346222 0.964940
vt 0.234127 0.996075
vt 0.234884 0.796027
vt 0.473172 0.376141
vt 0.474026 0.371637
vt 0.475503 0.374489
vt 0.471530 0.372115
vt 0.473742 0.368530
vt 0.477483 0.373087
vt 0.475479 0.368828
vt 0.476206 0.370792
vt 0.477701 0.376832
vt 0.476421 0.379028
vt 0.480534 0.378132
vt 0.480156 0.380345
vt 0.480831 0.376393
vt 0.490698 0.363725
vt 0.486170 0.363034
vt 0.487450 0.360837
vt 0.486387 0.366779
vt 0.488367 0.365376
vt 0.483336 0.361733
vt 0.483715 0.359520
vt 0.483039 0.363472
vt 0.489844 0.368229
vt 0.492340 0.367751
vt 0.490129 0.371335
vt 0.488391 0.371038
vt 0.487664 0.369074
vt 0.481935 0.369933
vt 0.482578 0.366170
vt 0.484278 0.368273
vt 0.480277 0.367588
vt 0.481077 0.364199
vt 0.484649 0.364811
vt 0.478175 0.369289
vt 0.479593 0.371592
vt 0.476817 0.367217
vt 0.478784 0.365477
vt 0.481292 0.373695
vt 0.483593 0.372277
vt 0.482793 0.375666
vt 0.479222 0.375055
vt 0.485695 0.370576
vt 0.487054 0.372648
vt 0.485087 0.374388
vt 0.488139 0.378702
vt 0.483638 0.377848
vt 0.486488 0.376369
vt 0.484116 0.380345
vt 0.488829 0.374170
vt 0.491024 0.375451
vt 0.492340 0.371714
vt 0.475732 0.361163
vt 0.480233 0.362018
vt 0.477382 0.363496
vt 0.479755 0.359520
vt 0.475041 0.365695
vt 0.472846 0.364414
vt 0.471530 0.368152
vt 0.171849 0.105337
vt 0.319079 0.057338
vt 0.319079 0.105337
vt 0.296064 1.086468
vt 0.303514 1.131168
vt 0.296064 1.131168
vt 0.290016 0.009529
vt 0.282566 0.054229
vt 0.282566 0.009529
vt 0.303663 0.102519
vt 0.282566 0.102519
vt 0.171849 0.012904
vt 0.171849 0.057338
vt 0.321946 0.372798
vt 0.329303 0.228611
vt 0.329303 0.372798
vt 0.291821 0.054229
vt 0.296064 1.038179
vt 0.305319 1.086469
vt 0.321946 0.228611
vt 0.319024 0.226116
vt 0.321692 0.225555
vt 0.292835 0.007036
vt 0.293375 0.009528
vt 0.169301 0.010429
vt 0.171849 0.009871
vt 0.319024 0.375293
vt 0.318557 0.372798
vt 0.319079 0.012904
vt 0.321627 0.010429
vt 0.322200 0.012906
vt 0.306333 1.133661
vt 0.303667 1.134220
vt 0.317160 1.038179
vt 0.320532 1.038179
vt 0.168729 0.057338
vt 0.295193 0.054229
vt 0.319079 0.009871
vt 0.318557 0.228611
vt 0.329069 0.375854
vt 0.321692 0.375854
vt 0.290169 0.006477
vt 0.329069 0.225555
vt 0.322200 0.105337
vt 0.308691 1.086468
vt 0.307035 0.102519
vt 0.168729 0.105337
vt 0.322200 0.057338
vt 0.306873 1.131170
vt 0.944481 0.674704
vt 0.881490 0.506793
vt 0.944481 0.506793
vt 0.944481 0.487956
vt 0.881490 0.442263
vt 0.944481 0.442263
vt 0.881490 0.693541
vt 0.944481 0.739234
vt 0.881490 0.739234
vt 0.944481 0.758071
vt 0.881490 0.925982
vt 0.881490 0.758071
vt 0.881490 0.674704
vt 0.952211 0.684122
vt 0.944481 0.684122
vt 0.944481 0.693541
vt 0.952211 0.693541
vt 0.960133 0.693541
vt 0.960133 0.684122
vt 1.101367 0.693541
vt 1.109288 0.684122
vt 1.109288 0.693541
vt 0.952211 0.497375
vt 0.944481 0.497375
vt 0.952211 0.506793
vt 0.960133 0.739234
vt 0.952211 0.748652
vt 0.952211 0.739234
vt 0.944481 0.748652
vt 0.952211 0.758071
vt 1.101367 0.739234
vt 1.109288 0.748652
vt 1.101367 0.748652
vt 0.944481 0.925982
vt 0.952211 0.935400
vt 0.944481 0.935400
vt 0.952211 0.432845
vt 0.952211 0.442263
vt 0.358681 0.432845
vt 0.881490 0.432845
vt 0.881490 0.935400
vt 0.881490 0.487956
vt 0.881490 0.497375
vt 0.881490 0.748652
vt 0.881490 0.684122
vt 0.952211 0.925982
vt 0.960133 0.748652
vt 1.109288 0.739234
vt 1.101367 0.684122
vt 0.944481 0.432845
vt 0.459597 0.022993
vt 0.332063 0.001934
vt 0.459597 0.001933
vt 0.497543 0.985576
vt 0.513425 0.993974
vt 0.497745 0.993796
vt 0.399714 0.062962
vt 0.332063 0.041357
vt 0.449235 0.035016
vt 0.149119 0.748827
vt 0.141219 0.714433
vt 0.828140 0.996365
vt 0.769293 0.987841
vt 0.828297 0.987456
vt 0.320648 0.132420
vt 0.328549 0.098026
vt 0.731272 0.973740
vt 0.696352 0.964981
vt 0.732158 0.964457
vt 0.769488 0.973729
vt 0.828178 0.965823
vt 0.828223 0.974683
vt 0.356907 0.122753
vt 0.373796 0.090180
vt 0.332063 0.073756
vt 0.438756 0.994541
vt 0.332063 0.025995
vt 0.875408 0.974403
vt 0.849314 0.966295
vt 0.874879 0.964874
vt 0.137704 0.618340
vt 0.010170 0.639400
vt 0.010170 0.618340
vt 0.137704 0.642402
vt 0.137704 0.657764
vt 0.849403 0.996203
vt 0.020532 0.651422
vt 0.696210 0.996095
vt 0.731081 0.987578
vt 0.731905 0.996852
vt 0.306177 0.292974
vt 0.297673 0.284983
vt 0.311931 0.278072
vt 0.172094 0.901389
vt 0.163590 0.909380
vt 0.157836 0.894479
vt 0.173945 0.914601
vt 0.295823 0.298195
vt 0.530058 0.986306
vt 0.531200 0.994951
vt 0.513343 0.985457
vt 0.530060 0.973648
vt 0.850010 0.987221
vt 0.875144 0.988730
vt 0.874451 0.998067
vt 0.497583 0.965800
vt 0.112860 0.739160
vt 0.095971 0.706587
vt 0.696642 0.987153
vt 0.513242 0.965717
vt 0.497352 0.973991
vt 0.337566 0.172422
vt 0.312433 0.179620
vt 0.157334 0.796027
vt 0.132201 0.788829
vt 0.643079 0.987033
vt 0.643384 0.996075
vt 0.643163 0.973717
vt 0.643529 0.964675
vt 0.531290 0.964941
vt 0.137704 0.690162
vt 0.070053 0.679369
vt 0.297838 0.306270
vt 0.171929 0.922676
vt 0.234883 0.298195
vt 0.454425 0.041357
vt 0.015342 0.657764
vt 0.002101 0.618340
vt 0.467666 0.001933
vt 0.345280 0.174852
vt 0.124487 0.791259
vt 0.319000 0.283163
vt 0.404726 0.069404
vt 0.065042 0.685811
vt 0.089337 0.711326
vt 0.380430 0.094919
vt 0.150768 0.899569
vt 0.473172 0.351449
vt 0.477701 0.352140
vt 0.476421 0.354336
vt 0.480534 0.353440
vt 0.480156 0.355653
vt 0.477483 0.348395
vt 0.475503 0.349797
vt 0.480831 0.351702
vt 0.474026 0.346945
vt 0.471530 0.347423
vt 0.473742 0.343839
vt 0.475479 0.344136
vt 0.476206 0.346100
vt 0.490698 0.339033
vt 0.489844 0.343537
vt 0.488367 0.340685
vt 0.486387 0.342087
vt 0.492340 0.343059
vt 0.490129 0.346643
vt 0.488391 0.346346
vt 0.487664 0.344382
vt 0.486170 0.338342
vt 0.487450 0.336146
vt 0.483336 0.337042
vt 0.483715 0.334829
vt 0.483039 0.338780
vt 0.481935 0.345241
vt 0.485695 0.345885
vt 0.483593 0.347585
vt 0.487054 0.347957
vt 0.485087 0.349696
vt 0.484278 0.343581
vt 0.481292 0.349004
vt 0.479593 0.346900
vt 0.479222 0.350363
vt 0.482793 0.350974
vt 0.478175 0.344597
vt 0.480277 0.342897
vt 0.476817 0.342525
vt 0.478784 0.340786
vt 0.482578 0.341478
vt 0.484649 0.340119
vt 0.481077 0.339508
vt 0.475732 0.336472
vt 0.475041 0.341003
vt 0.472846 0.339722
vt 0.471530 0.343460
vt 0.477382 0.338804
vt 0.480233 0.337326
vt 0.479755 0.334828
vt 0.488139 0.354010
vt 0.488829 0.349478
vt 0.491024 0.350759
vt 0.492340 0.347022
vt 0.486488 0.351677
vt 0.483638 0.353156
vt 0.484116 0.355653
vt 0.325105 0.974676
vt 0.180872 1.023672
vt 0.180872 0.974676
vt 0.317111 -0.026846
vt 0.324410 -0.072474
vt 0.326178 -0.026846
vt 0.337934 1.026843
vt 0.345232 1.072472
vt 0.337934 1.072471
vt 0.337934 0.499999
vt 0.358601 0.977550
vt 0.337934 0.977550
vt 0.325105 0.500000
vt 0.180872 0.500000
vt 0.325105 1.023672
vt 0.180872 1.069029
vt 0.379297 0.140158
vt 0.372089 -0.007025
vt 0.379297 -0.007025
vt 0.347000 1.026843
vt 0.317111 0.022447
vt 0.337778 0.022447
vt 0.372089 0.140158
vt 0.369226 0.142705
vt 0.368769 0.140158
vt 0.347994 1.075017
vt 0.345382 1.075587
vt 0.178376 1.071555
vt 0.177815 1.069027
vt 0.369226 -0.009572
vt 0.371840 -0.010144
vt 0.325105 1.069029
vt 0.327601 1.071555
vt 0.325105 1.072125
vt 0.327171 -0.075020
vt 0.327700 -0.072476
vt 0.328162 0.974676
vt 0.341082 0.022447
vt 0.337778 0.499999
vt 0.177815 1.023672
vt 0.348523 1.072473
vt 0.350303 1.026843
vt 0.180872 1.072125
vt 0.368769 -0.007025
vt 0.317111 -0.072474
vt 0.324559 -0.075590
vt 0.379068 -0.010144
vt 0.338174 1.075588
vt 0.379068 0.143277
vt 0.328162 1.023672
vt 0.329481 -0.026846
vt 0.177815 0.500000
vt 0.361891 0.499999
vt 0.358601 0.499999
vt 0.177815 0.974676
vt 0.361904 0.977550
vt 0.328162 1.069027
vt 0.317111 0.499999
vt 0.579969 -0.275783
vt 0.409987 -0.213489
vt 0.409987 -0.275783
vt 0.693339 0.824456
vt 0.739946 0.887221
vt 0.693339 0.887221
vt 0.739946 0.303530
vt 0.693339 0.303530
vt 0.806682 -0.217396
vt 0.853289 -0.280160
vt 0.853289 -0.217396
vt 0.080002 0.820550
vt 0.249983 0.882844
vt 0.080002 0.882844
vt 0.409987 0.303530
vt 0.579969 -0.213489
vt 0.579969 0.303530
vt 0.806682 0.303530
vt 0.853289 0.303530
vt 0.402446 -0.281980
vt 0.409987 -0.283373
vt 0.860887 -0.286404
vt 0.862595 -0.280160
vt 0.966696 -0.246868
vt 0.974316 -0.240607
vt 0.966696 -0.239200
vt 0.966696 -0.387984
vt 0.974316 -0.394245
vt 0.976029 -0.387984
vt 0.747544 0.893465
vt 0.739946 0.894868
vt 0.587510 -0.281980
vt 0.589205 -0.275783
vt 0.919961 -0.246868
vt 0.912341 -0.240607
vt 0.910628 -0.246868
vt 0.806682 -0.280160
vt 0.799083 -0.286404
vt 0.806682 -0.287807
vt 0.072461 0.889041
vt 0.070766 0.882844
vt 0.919961 -0.387984
vt 0.912341 -0.394245
vt 0.919961 -0.395652
vt 0.257525 0.889041
vt 0.249983 0.890433
vt 0.685740 0.893465
vt 0.684033 0.887221
vt 0.684033 0.824456
vt 0.249983 0.303530
vt 0.259220 0.820550
vt 0.249983 0.820550
vt 0.749252 0.824456
vt 0.749252 0.303530
vt 0.589205 0.303530
vt 0.797376 0.303530
vt 0.070765 0.303530
vt 0.080002 0.303530
vt 0.862595 0.303530
vt 0.862595 -0.217396
vt 0.400751 0.303530
vt 0.400751 -0.213489
vt 0.853289 -0.287807
vt 0.919961 -0.239200
vt 0.080002 0.890433
vt 0.910628 -0.387984
vt 0.693339 0.894868
vt 0.966696 -0.395652
vt 0.579969 -0.283373
vt 0.589205 -0.213489
vt 0.749252 0.887221
vt 0.739946 0.824456
vt 0.070766 0.820550
vt 0.797376 -0.217396
vt 0.259220 0.882844
vt 0.400751 -0.275783
vt 0.137704 0.310137
vt 0.010170 0.331197
vt 0.010170 0.310137
vt 0.530055 0.939053
vt 0.513058 0.949662
vt 0.513322 0.939814
vt 0.137704 0.349561
vt 0.070053 0.371165
vt 0.020532 0.343219
vt 0.704313 0.098026
vt 0.790078 0.132420
vt 0.704313 0.132420
vt 0.643155 0.950104
vt 0.696646 0.938239
vt 0.696717 0.949890
vt 0.234883 0.406230
vt 0.149119 0.440624
vt 0.141218 0.406230
vt 0.379948 0.938315
vt 0.364089 0.931233
vt 0.379778 0.931379
vt 0.828292 0.937909
vt 0.849746 0.948566
vt 0.828227 0.949170
vt 0.112860 0.430957
vt 0.095971 0.398384
vt 0.234883 0.349561
vt 0.137704 0.381959
vt 0.173944 0.606398
vt 0.234883 0.613856
vt 0.172083 0.613856
vt 0.918665 0.035016
vt 0.873810 0.068960
vt 0.869144 0.062962
vt 0.234883 0.334198
vt 0.137704 0.334198
vt 0.775607 0.292973
vt 0.787943 0.282812
vt 0.780745 0.298656
vt 0.801493 0.001933
vt 0.704313 0.025995
vt 0.704313 0.001933
vt 0.929027 0.022993
vt 0.801493 0.025995
vt 0.704313 0.041357
vt 0.801493 0.041357
vt 0.828218 0.950677
vt 0.849343 0.957693
vt 0.828181 0.958197
vt 0.731259 0.950050
vt 0.769303 0.937604
vt 0.769475 0.950046
vt 0.172094 0.593186
vt 0.163590 0.601177
vt 0.157836 0.586276
vt 0.767103 0.284983
vt 0.765252 0.298194
vt 0.704313 0.073756
vt 0.704313 0.284983
vt 0.704313 0.298194
vt 0.234884 0.593186
vt 0.497359 0.949932
vt 0.151254 0.591016
vt 0.002657 0.310137
vt 0.643191 0.951652
vt 0.696375 0.959038
vt 0.643503 0.959338
vt 0.936540 0.001933
vt 0.936540 0.025788
vt 0.125018 0.482888
vt 0.132201 0.480626
vt 0.438752 0.951847
vt 0.497564 0.958247
vt 0.438752 0.958913
vt 0.797978 0.098026
vt 0.826337 0.122753
vt 0.643103 0.936817
vt 0.696237 0.929105
vt 0.696605 0.936706
vt 0.704313 0.305652
vt 0.497368 0.951335
vt 0.513225 0.958291
vt 0.157334 0.487823
vt 0.781863 0.179620
vt 0.806996 0.172422
vt 0.234883 0.440624
vt 0.234883 0.487823
vt 0.731150 0.936245
vt 0.731849 0.928376
vt 0.731091 0.937851
vt 0.089794 0.402796
vt 0.438752 0.950373
vt 0.497528 0.939720
vt 0.801493 0.073756
vt 0.843226 0.090180
vt 0.234883 0.381959
vt 0.049359 0.928838
vt 0.108276 0.935962
vt 0.049225 0.936399
vt 0.849403 0.094593
vt 0.065387 0.377164
vt 0.015699 0.349124
vt 0.438752 0.937722
vt 0.497727 0.931379
vt 0.497557 0.938315
vt 0.530162 0.951708
vt 0.513058 0.951086
vt 0.530152 0.937563
vt 0.513416 0.931233
vt 0.531119 0.930242
vt 0.923497 0.040920
vt 0.875362 0.951025
vt 0.849694 0.950057
vt 0.875085 0.935078
vt 0.849445 0.929024
vt 0.874498 0.927173
vt 0.828283 0.936399
vt 0.849957 0.936607
vt 0.002657 0.333992
vt 0.731346 0.951657
vt 0.696690 0.951424
vt 0.781361 0.278072
vt 0.814179 0.174684
vt 0.158451 0.606860
vt 0.643361 0.929132
vt 0.769433 0.951687
vt 0.732097 0.959534
vt 0.768898 0.959738
vt 0.828150 0.928838
vt 0.769231 0.935962
vt 0.768627 0.927898
vt 0.106005 0.434062
vt 0.513347 0.938395
vt 0.531204 0.959082
vt 0.643082 0.938365
vt 0.530057 0.950212
vt 0.833192 0.125859
vt 0.704313 0.179620
vt 0.473172 0.400832
vt 0.474026 0.396328
vt 0.475503 0.399181
vt 0.471530 0.396807
vt 0.473742 0.393222
vt 0.477483 0.397778
vt 0.475479 0.393520
vt 0.476206 0.395483
vt 0.477701 0.401523
vt 0.476421 0.403720
vt 0.480534 0.402824
vt 0.480156 0.405037
vt 0.480831 0.401085
vt 0.490698 0.388417
vt 0.486170 0.387726
vt 0.487450 0.385529
vt 0.486387 0.391471
vt 0.488367 0.390068
vt 0.483336 0.386425
vt 0.483715 0.384212
vt 0.483039 0.388164
vt 0.489844 0.392920
vt 0.492340 0.392442
vt 0.490129 0.396027
vt 0.488391 0.395729
vt 0.487664 0.393766
vt 0.481935 0.394624
vt 0.482578 0.390862
vt 0.484278 0.392965
vt 0.480277 0.392280
vt 0.481077 0.388891
vt 0.484649 0.389502
vt 0.478175 0.393981
vt 0.479593 0.396284
vt 0.476817 0.391909
vt 0.478784 0.390169
vt 0.481292 0.398387
vt 0.483593 0.396969
vt 0.482793 0.400358
vt 0.479222 0.399747
vt 0.485695 0.395268
vt 0.487054 0.397340
vt 0.485087 0.399080
vt 0.488139 0.403394
vt 0.483638 0.402539
vt 0.486488 0.401061
vt 0.484116 0.405037
vt 0.488829 0.398862
vt 0.491024 0.400143
vt 0.492340 0.396405
vt 0.475732 0.385855
vt 0.480233 0.386709
vt 0.477382 0.388188
vt 0.479755 0.384212
vt 0.475041 0.390387
vt 0.472846 0.389106
vt 0.471530 0.392844
vt 0.180872 0.025324
vt 0.325105 -0.023672
vt 0.325105 0.025324
vt 0.317111 1.026843
vt 0.324410 1.072471
vt 0.317112 1.072471
vt 0.345232 -0.072475
vt 0.337934 -0.026846
vt 0.337934 -0.072475
vt 0.358601 0.022447
vt 0.337934 0.022447
vt 0.180872 -0.023672
vt 0.325105 -0.069029
vt 0.362954 0.140158
vt 0.370161 -0.007025
vt 0.370161 0.140158
vt 0.347000 -0.026846
vt 0.317111 0.977550
vt 0.326178 1.026843
vt 0.362954 -0.007025
vt 0.360091 -0.009572
vt 0.362705 -0.010144
vt 0.347994 -0.075020
vt 0.348523 -0.072476
vt 0.180872 -0.069029
vt 0.178376 -0.071555
vt 0.180872 -0.072125
vt 0.360091 0.142705
vt 0.359634 0.140158
vt 0.327601 -0.071555
vt 0.328162 -0.069027
vt 0.327171 1.075017
vt 0.324559 1.075587
vt 0.328162 0.500000
vt 0.337778 0.977550
vt 0.341069 0.499999
vt 0.341082 0.977550
vt 0.177815 -0.023672
vt 0.350303 -0.026846
vt 0.325105 -0.072125
vt 0.359634 -0.007025
vt 0.369932 0.143277
vt 0.362705 0.143277
vt 0.345382 -0.075590
vt 0.369932 -0.010144
vt 0.328162 0.025324
vt 0.329481 1.026843
vt 0.361904 0.022447
vt 0.177815 0.025324
vt 0.328162 -0.023672
vt 0.327700 1.072473
vt 0.409987 0.882844
vt 0.579969 0.820550
vt 0.579969 0.882844
vt 0.739945 -0.280160
vt 0.693339 -0.217396
vt 0.693339 -0.280160
vt 0.739945 -0.217396
vt 0.853289 0.824456
vt 0.806682 0.887221
vt 0.806682 0.824456
vt 0.080002 -0.275783
vt 0.249983 -0.213489
vt 0.080002 -0.213489
vt 0.409987 0.820550
vt 0.402446 0.889041
vt 0.400751 0.882844
vt 0.853289 0.887221
vt 0.860887 0.893465
vt 0.853289 0.894868
vt 0.966696 -0.659128
vt 0.974316 -0.665389
vt 0.976028 -0.659128
vt 0.966696 -0.518011
vt 0.974316 -0.511750
vt 0.966696 -0.510343
vt 0.747544 -0.286404
vt 0.749252 -0.280160
vt 0.587510 0.889041
vt 0.579969 0.890433
vt 0.919961 -0.659128
vt 0.912341 -0.665389
vt 0.919961 -0.666796
vt 0.799084 0.893465
vt 0.797376 0.887221
vt 0.072460 -0.281980
vt 0.080002 -0.283373
vt 0.919961 -0.518011
vt 0.912341 -0.511750
vt 0.910628 -0.518011
vt 0.249983 -0.275783
vt 0.257525 -0.281980
vt 0.259220 -0.275783
vt 0.685740 -0.286404
vt 0.693339 -0.287807
vt 0.684033 0.303530
vt 0.684033 -0.217396
vt 0.259220 -0.213489
vt 0.749252 -0.217396
vt 0.589205 0.820550
vt 0.797376 0.824456
vt 0.862595 0.824456
vt 0.400751 0.820550
vt 0.966696 -0.666796
vt 0.910628 -0.659128
vt 0.919961 -0.510343
vt 0.409988 0.890433
vt 0.976029 -0.518011
vt 0.070765 -0.275783
vt 0.684033 -0.280160
vt 0.862595 0.887221
vt 0.459597 0.331197
vt 0.332063 0.310137
vt 0.459597 0.310137
vt 0.364183 0.939814
vt 0.347448 0.950212
vt 0.347451 0.939053
vt 0.399714 0.371165
vt 0.332063 0.349561
vt 0.449235 0.343219
vt 0.618549 0.132420
vt 0.610648 0.098026
vt 0.479600 0.022993
vt 0.472086 0.001933
vt 0.479600 0.001933
vt 0.320648 0.440624
vt 0.328548 0.406229
vt 0.180790 0.949890
vt 0.234424 0.938365
vt 0.234351 0.950104
vt 0.534816 0.068961
vt 0.489962 0.035016
vt 0.539483 0.062962
vt 0.356907 0.430957
vt 0.373796 0.398383
vt 0.332063 0.381959
vt 0.028064 0.929024
vt 0.049282 0.949170
vt 0.027515 0.938092
vt 0.049216 0.937909
vt 0.234883 0.310137
vt 0.380146 0.949932
vt 0.438752 0.939196
vt 0.607134 0.025995
vt 0.607134 0.001933
vt 0.607134 0.041357
vt 0.332063 0.334198
vt 0.594448 0.174684
vt 0.582289 0.122753
vt 0.601631 0.172422
vt 0.344749 0.482888
vt 0.311931 0.586276
vt 0.337566 0.480626
vt 0.306177 0.601177
vt 0.297673 0.593186
vt 0.641523 0.284983
vt 0.633019 0.292973
vt 0.627265 0.278072
vt 0.643374 0.298194
vt 0.295823 0.606398
vt 0.318513 0.591016
vt 0.379977 0.939720
vt 0.108033 0.950045
vt 0.404381 0.377164
vt 0.002349 0.936728
vt 0.027762 0.948566
vt 0.002117 0.949359
vt 0.467110 0.310137
vt 0.620684 0.282812
vt 0.234884 0.606398
vt 0.565400 0.090180
vt 0.297684 0.613856
vt 0.312433 0.487823
vt 0.626763 0.179620
vt 0.234404 0.936817
vt 0.181270 0.929105
vt 0.234145 0.929132
vt 0.379973 0.402796
vt 0.180861 0.938239
vt 0.146248 0.950050
vt 0.146416 0.937851
vt 0.607134 0.073756
vt 0.438752 0.930637
vt 0.347343 0.951708
vt 0.364280 0.958291
vt 0.346301 0.959082
vt 0.347353 0.937562
vt 0.346386 0.930242
vt 0.379941 0.958247
vt 0.002146 0.951024
vt 0.028166 0.957693
vt 0.002594 0.959093
vt 0.002424 0.935078
vt 0.003011 0.927173
vt 0.485129 0.040920
vt 0.049290 0.950677
vt 0.049328 0.958197
vt 0.146162 0.951656
vt 0.181132 0.959038
vt 0.145410 0.959534
vt 0.380137 0.951335
vt 0.108075 0.951687
vt 0.145659 0.928376
vt 0.146358 0.936246
vt 0.454068 0.349124
vt 0.234315 0.951652
vt 0.234004 0.959338
vt 0.641513 0.305652
vt 0.559223 0.094593
vt 0.875160 0.936727
vt 0.875392 0.949359
vt 0.027815 0.950057
vt 0.027551 0.936607
vt 0.364447 0.949662
vt 0.180902 0.936706
vt 0.180817 0.951423
vt 0.364158 0.938395
vt 0.108204 0.937604
vt 0.364447 0.951086
vt 0.849993 0.938092
vt 0.497654 0.930457
vt 0.513106 0.959254
vt 0.497721 0.959165
vt 0.513285 0.930276
vt 0.497493 0.959166
vt 0.438761 0.959837
vt 0.849149 0.958666
vt 0.828285 0.959124
vt 0.924109 0.041630
vt 0.937474 0.001933
vt 0.937465 0.026105
vt 0.001723 0.310138
vt 0.696372 0.959976
vt 0.643500 0.960285
vt 0.696228 0.928168
vt 0.150460 0.591584
vt 0.513619 0.930277
vt 0.531280 0.929310
vt 0.732089 0.960515
vt 0.731833 0.927397
vt 0.768647 0.926895
vt 0.828083 0.927898
vt 0.850125 0.095185
vt 0.834041 0.126219
vt 0.696321 0.959976
vt 0.828126 0.959133
vt 0.768807 0.960735
vt 0.124146 0.483187
vt 0.531388 0.929321
vt 0.643401 0.928192
vt 0.704313 0.306651
vt 0.641265 0.306644
vt 0.311315 0.606860
vt 0.297931 0.614847
vt 0.627881 0.298656
vt 0.627200 0.299410
vt 0.234884 0.614854
vt 0.467110 0.333991
vt 0.454680 0.349833
vt 0.028278 0.928059
vt 0.049266 0.927905
vt 0.027965 0.928042
vt 0.028043 0.958680
vt 0.002669 0.960097
vt 0.363762 0.434062
vt 0.345622 0.483187
vt 0.575435 0.125859
vt 0.593575 0.174983
vt 0.574586 0.126219
vt 0.364063 0.959251
vt 0.346131 0.960020
vt 0.619890 0.283381
vt 0.404990 0.377873
vt 0.380695 0.403388
vt 0.534207 0.069670
vt 0.484517 0.041630
vt 0.181330 0.928169
vt 0.364611 0.434423
vt 0.346023 0.960008
vt 0.233957 0.960278
vt 0.767114 0.305652
vt 0.136786 1.616320
vt 0.096281 1.616013
vt -0.011582 1.615209
vt 0.042327 1.615607
vt -0.065475 1.614818
vt 0.149169 1.629813
vt 0.145477 1.649364
vt -0.062997 1.364217
vt 0.315770 0.375853
vt 0.296309 0.006477
vt -0.242772 0.684122
vt 0.358681 0.935400
vt 0.002630 0.964874
vt 0.459597 0.618340
vt 0.168729 0.012906
vt 0.296309 1.134221
vt 0.282811 0.006476
vt 0.952211 0.674704
vt 0.952211 0.487956
vt 0.768580 0.997346
vt 0.696723 0.973937
vt 0.768856 0.964238
vt 0.849730 0.975340
vt 0.513044 0.974286
vt 0.311745 0.299132
vt 0.158022 0.915538
vt 0.467666 0.025995
vt 0.002101 0.642402
vt 0.364269 0.126088
vt 0.105499 0.742495
vt 0.371840 0.143277
vt 0.317351 -0.075591
vt 0.976029 -0.246868
vt 0.797376 -0.280160
vt 0.259220 0.303530
vt 0.929027 0.001933
vt 0.108881 0.927898
vt 0.874914 0.959093
vt 0.177815 -0.069027
vt 0.317352 1.075588
vt 0.338174 -0.075591
vt 0.739945 -0.287807
vt 0.589205 0.882844
vt 0.806682 0.894868
vt 0.249983 -0.283373
vt 0.070765 -0.213489
vt 0.472086 0.025788
vt 0.108610 0.959738
vt 0.438761 0.929711
vt 0.497880 0.930458
vt 0.001732 0.334309
vt 0.643352 0.928185
vt 0.157770 0.607614
vt 0.768925 0.960739
vt 0.768528 0.926900
vt 0.732215 0.960510
vt 0.311997 0.607614
vt 0.468035 0.334309
vt 0.003103 0.926189
vt 0.558501 0.095185
vt 0.145548 0.927402
s 1
f 18/1/1 234/2/2 241/3/3
f 29/4/4 235/5/5 242/6/6
f 27/7/7 236/8/8 243/9/9
f 25/10/10 237/11/11 244/12/12
f 245/13/13 22/14/14 238/15/15
f 246/16/16 20/17/17 239/18/18
f 32/19/19 240/20/20 247/21/21
f 248/22/22 18/1/1 241/3/3
f 249/23/23 29/4/4 242/6/6
f 28/24/24 243/25/9 235/5/5
f 236/8/8 25/10/10 244/12/12
f 24/26/25 245/13/13 237/11/11
f 22/14/14 246/16/16 238/15/15
f 17/27/26 247/21/21 234/2/2
f 20/17/17 248/22/22 239/18/18
f 240/20/20 30/28/27 249/23/23
f 27/29/7 42/30/28 26/31/29
f 25/32/10 40/33/30 24/34/25
f 22/14/14 39/35/31 38/36/32
f 20/37/17 37/38/33 36/39/34
f 31/40/35 48/41/36 47/42/37
f 18/43/1 35/44/38 34/45/39
f 29/46/4 46/47/40 45/48/41
f 28/49/24 43/50/42 27/51/7
f 25/32/10 42/30/28 41/52/43
f 23/53/44 40/33/30 39/35/31
f 21/54/45 38/36/32 37/38/33
f 17/55/26 48/41/36 32/56/19
f 20/37/17 35/44/38 19/57/46
f 30/58/27 47/42/37 46/47/40
f 17/55/26 34/45/39 33/59/47
f 28/49/24 45/48/41 44/60/48
f 44/60/48 59/61/49 43/50/42
f 42/30/28 57/62/50 41/52/43
f 40/33/30 55/63/51 39/35/31
f 37/38/33 54/64/52 53/65/53
f 48/41/36 49/66/54 64/67/55
f 36/39/34 51/68/56 35/44/38
f 46/47/40 63/69/57 62/70/58
f 33/59/47 50/71/59 49/66/54
f 45/48/41 60/72/60 44/60/48
f 42/30/28 59/73/49 58/74/61
f 41/52/43 56/75/62 40/33/30
f 39/35/31 54/64/52 38/36/32
f 37/38/33 52/76/63 36/39/34
f 48/41/36 63/69/57 47/42/37
f 34/45/39 51/68/56 50/71/59
f 45/48/41 62/70/58 61/77/64
f 50/71/59 65/78/65 49/66/54
f 61/77/64 76/79/66 60/72/60
f 59/73/49 74/80/67 58/74/61
f 57/62/50 72/81/68 56/75/62
f 54/64/52 71/82/69 70/83/70
f 53/65/53 68/84/71 52/76/63
f 63/69/57 80/85/72 79/86/73
f 51/68/56 66/87/74 50/71/59
f 61/77/64 78/88/75 77/89/76
f 60/72/60 75/90/77 59/61/49
f 58/74/61 73/91/78 57/62/50
f 55/63/51 72/81/68 71/82/69
f 53/65/53 70/83/70 69/92/79
f 49/66/54 80/85/72 64/67/55
f 52/76/63 67/93/80 51/68/56
f 63/69/57 78/88/75 62/70/58
f 66/87/74 83/94/81 82/95/82
f 77/89/76 94/96/83 93/97/84
f 76/79/66 91/98/85 75/90/77
f 73/91/78 90/99/86 89/100/87
f 72/81/68 87/101/88 71/82/69
f 70/83/70 85/102/89 69/92/79
f 80/85/72 81/103/90 96/104/91
f 67/93/80 84/105/92 83/94/81
f 79/86/73 94/96/83 78/88/75
f 65/78/65 82/95/82 81/103/90
f 77/89/76 92/106/93 76/79/66
f 75/107/77 90/99/86 74/80/67
f 72/81/68 89/100/87 88/108/94
f 70/83/70 87/101/88 86/109/95
f 68/84/71 85/102/89 84/105/92
f 79/86/73 96/104/91 95/110/96
f 84/105/92 99/111/97 83/94/81
f 94/96/83 111/112/98 110/113/99
f 82/95/82 97/114/100 81/103/90
f 93/97/84 108/115/101 92/106/93
f 90/99/86 107/116/102 106/117/103
f 89/100/87 104/118/104 88/108/94
f 87/101/88 102/119/105 86/109/95
f 85/102/89 100/120/106 84/105/92
f 95/110/96 112/121/107 111/112/98
f 82/95/82 99/111/97 98/122/108
f 93/97/84 110/113/99 109/123/109
f 92/106/93 107/124/102 91/98/85
f 90/99/86 105/125/110 89/100/87
f 87/101/88 104/118/104 103/126/111
f 85/102/89 102/119/105 101/127/112
f 96/104/91 97/114/100 112/121/107
f 137/128/113 118/129/114 117/130/115
f 133/131/116 116/132/117 115/133/118
f 157/134/119 126/135/120 155/136/121
f 151/137/122 125/138/123 124/139/124
f 147/140/125 123/141/126 122/142/127
f 143/143/128 121/144/129 120/145/130
f 141/146/131 118/129/114 139/147/132
f 97/114/100 132/148/133 129/149/134
f 135/150/135 117/130/115 116/132/117
f 157/134/119 128/151/136 127/152/137
f 159/153/138 113/154/139 128/151/136
f 155/136/121 125/138/123 153/155/140
f 151/137/122 123/156/126 149/157/141
f 145/158/142 122/142/127 121/144/129
f 143/143/128 119/159/143 141/146/131
f 102/119/105 138/160/144 101/127/112
f 131/161/145 115/133/118 114/162/146
f 99/111/97 136/163/147 134/164/148
f 111/112/98 156/165/149 110/113/99
f 112/121/107 129/149/134 160/166/150
f 109/123/109 152/167/151 108/115/101
f 106/117/103 150/168/152 148/169/153
f 105/125/110 144/170/154 104/118/104
f 103/126/111 140/171/155 102/119/105
f 101/127/112 136/163/147 100/120/106
f 111/112/98 160/166/150 158/172/156
f 98/122/108 134/164/148 132/148/133
f 110/113/99 154/173/157 109/123/109
f 107/124/102 152/167/151 150/174/152
f 105/125/110 148/169/153 146/175/158
f 103/126/111 144/170/154 142/176/159
f 131/161/145 129/149/134 132/148/133
f 133/131/116 132/148/133 134/164/148
f 135/150/135 134/164/148 136/163/147
f 137/128/113 136/163/147 138/160/144
f 137/128/113 140/171/155 139/147/132
f 139/147/132 142/176/159 141/146/131
f 141/146/131 144/170/154 143/143/128
f 143/143/128 146/175/158 145/158/142
f 145/158/142 148/169/153 147/140/125
f 147/140/125 150/168/152 149/177/141
f 151/137/122 150/174/152 152/167/151
f 153/155/140 152/167/151 154/173/157
f 153/155/140 156/165/149 155/136/121
f 157/134/119 156/165/149 158/172/156
f 157/134/119 160/166/150 159/153/138
f 159/153/138 129/149/134 130/178/160
f 131/161/145 113/154/139 130/178/160
f 113/154/139 162/179/161 161/180/162
f 124/139/124 173/181/163 172/182/164
f 122/142/127 171/183/165 170/184/166
f 121/144/129 168/185/167 120/145/130
f 118/129/114 167/186/168 166/187/169
f 116/132/117 165/188/170 164/189/171
f 128/151/136 175/190/172 127/152/137
f 115/133/118 162/179/161 114/162/146
f 126/135/120 173/181/163 125/138/123
f 124/139/124 171/191/165 123/156/126
f 122/142/127 169/192/173 121/144/129
f 119/159/143 168/185/167 167/186/168
f 117/130/115 166/187/169 165/188/170
f 128/151/136 161/180/162 176/193/174
f 115/133/118 164/189/171 163/194/175
f 126/135/120 175/190/172 174/195/176
f 165/188/170 180/196/177 164/197/171
f 175/198/172 192/199/178 191/200/179
f 162/201/161 179/202/180 178/203/181
f 173/204/163 190/205/182 189/206/183
f 172/207/164 187/208/184 171/209/165
f 169/210/173 186/211/185 185/212/186
f 167/213/168 184/214/187 183/215/188
f 165/188/170 182/216/189 181/217/190
f 161/218/162 192/199/178 176/219/174
f 163/220/175 180/196/177 179/202/180
f 175/198/172 190/205/182 174/221/176
f 162/201/161 177/222/191 161/218/162
f 172/207/164 189/206/183 188/223/192
f 171/209/165 186/211/185 170/224/166
f 168/225/167 185/212/186 184/214/187
f 167/213/168 182/216/189 166/187/169
f 193/226/193 191/200/179 192/199/178
f 196/227/194 190/205/182 193/226/193
f 196/227/194 188/223/192 189/206/183
f 199/228/195 187/208/184 188/223/192
f 194/229/196 192/199/178 177/222/191
f 197/230/197 193/226/193 194/229/196
f 197/230/197 199/228/195 196/227/194
f 200/231/198 186/211/185 199/228/195
f 178/203/181 194/229/196 177/222/191
f 195/232/199 197/230/197 194/229/196
f 201/233/200 197/230/197 198/234/201
f 184/214/187 200/231/198 201/233/200
f 179/202/180 195/232/199 178/203/181
f 180/196/177 198/234/201 195/232/199
f 182/216/189 198/234/201 181/217/190
f 183/215/188 201/233/200 182/216/189
f 209/235/202 233/236/203 208/237/204
f 211/238/205 232/239/206 207/240/207
f 213/241/208 231/242/209 202/243/210
f 215/244/211 230/245/212 206/246/213
f 217/247/214 229/248/215 205/249/216
f 219/250/217 228/251/218 204/252/219
f 221/253/220 227/254/221 203/255/222
f 233/236/203 223/256/223 226/257/224
f 232/239/206 224/258/225 225/259/226
f 214/260/227 208/237/204 231/242/209
f 216/261/228 207/240/207 230/245/212
f 218/262/229 206/246/213 229/248/215
f 220/263/230 205/249/216 228/251/218
f 222/264/231 204/252/219 227/265/221
f 223/256/223 203/255/222 226/257/224
f 224/258/225 202/243/210 225/259/226
f 225/259/226 376/266/232 232/239/206
f 233/236/203 364/267/233 378/268/234
f 227/254/221 383/269/235 203/255/222
f 228/251/218 385/270/236 204/252/219
f 229/248/215 387/271/237 205/249/216
f 206/246/213 372/272/238 389/273/239
f 231/242/209 381/274/240 202/243/210
f 365/275/241 260/276/242 251/277/243
f 367/278/244 261/279/245 252/280/246
f 369/281/247 262/282/248 253/283/249
f 254/284/250 388/285/251 263/286/252
f 255/287/253 390/288/254 264/289/255
f 375/290/256 265/291/257 256/292/258
f 232/239/206 391/293/259 207/240/207
f 208/237/204 378/268/234 393/294/260
f 356/295/261 249/23/23 361/296/262
f 239/18/18 359/297/263 352/298/264
f 234/2/2 355/299/265 332/300/266
f 348/301/267 246/16/16 351/302/268
f 344/303/269 245/13/13 347/304/270
f 236/8/8 343/305/271 340/306/272
f 235/5/5 339/307/273 336/308/274
f 222/309/231 337/310/275 338/311/276
f 213/241/208 354/312/277 214/260/227
f 209/235/202 360/313/278 210/314/279
f 212/315/280 353/316/281 358/317/282
f 215/244/211 350/318/283 216/261/228
f 217/247/214 346/319/284 218/262/229
f 220/263/230 341/320/285 342/321/286
f 210/314/279 334/322/287 223/256/223
f 212/315/280 330/323/288 224/258/225
f 377/324/289 250/325/290 257/326/291
f 379/327/292 251/277/243 258/328/293
f 260/276/242 367/329/244 252/330/246
f 384/331/294 253/283/249 261/279/245
f 262/282/248 371/332/295 254/284/250
f 388/285/251 255/287/253 263/286/252
f 259/333/296 375/290/256 256/292/258
f 202/243/210 362/334/297 225/259/226
f 226/257/224 383/269/235 364/267/233
f 204/252/219 366/335/298 227/265/221
f 205/249/216 368/336/299 228/251/218
f 206/246/213 370/337/300 229/248/215
f 207/240/207 372/272/238 230/245/212
f 231/242/209 393/294/260 374/338/301
f 264/289/255 377/324/289 257/326/291
f 392/339/302 258/328/293 265/291/257
f 247/21/21 356/295/261 355/299/265
f 242/6/6 336/308/274 335/340/303
f 246/16/16 352/298/264 351/302/268
f 347/304/270 238/15/15 348/301/267
f 244/12/12 344/303/269 343/305/271
f 243/9/9 340/306/272 339/341/273
f 223/256/223 337/310/275 221/253/220
f 224/258/225 333/342/304 213/241/208
f 214/260/227 357/343/305 209/235/202
f 216/261/228 353/316/281 211/238/205
f 215/244/211 346/319/284 349/344/306
f 220/263/230 345/345/307 217/247/214
f 219/250/217 338/346/276 341/320/285
f 361/296/262 242/6/6 335/340/303
f 248/22/22 331/347/308 359/297/263
f 290/348/309 456/349/310 451/350/311
f 281/351/312 447/352/313 289/353/314
f 279/354/315 427/355/316 284/356/317
f 277/357/318 443/358/319 288/359/320
f 287/360/321 444/361/322 439/362/323
f 273/363/324 435/364/325 286/365/326
f 271/366/327 431/367/328 285/368/329
f 286/365/326 436/369/330 271/370/327
f 290/348/309 452/371/331 279/354/315
f 289/353/314 448/372/332 277/357/318
f 275/373/333 443/358/319 444/361/322
f 273/363/324 439/362/323 440/374/334
f 283/375/335 432/376/336 456/349/310
f 281/351/312 428/377/337 454/378/338
f 257/326/291 298/379/339 300/380/340
f 258/328/293 301/381/341 303/382/342
f 260/276/242 304/383/343 302/384/344
f 261/279/245 306/385/345 305/386/346
f 262/282/248 308/387/347 307/388/348
f 263/286/252 310/389/349 309/390/350
f 259/333/296 312/391/351 299/392/352
f 298/379/339 259/333/296 299/392/352
f 251/277/243 302/384/344 301/381/341
f 304/393/343 261/279/245 305/386/346
f 253/283/249 307/388/348 306/385/345
f 308/387/347 263/286/252 309/390/350
f 310/389/349 264/289/255 311/394/353
f 256/292/258 313/395/354 312/391/351
f 311/394/353 257/326/291 300/380/340
f 265/291/257 303/382/342 313/395/354
f 291/396/355 267/397/356 266/398/357
f 292/399/358 269/400/359 268/401/360
f 293/402/361 271/370/327 270/403/362
f 294/404/363 273/363/324 272/405/364
f 295/406/365 275/373/333 274/407/366
f 296/408/367 277/357/318 276/409/368
f 297/410/369 279/354/315 278/411/370
f 266/398/357 281/351/312 280/412/371
f 282/413/372 269/400/359 283/375/335
f 292/399/358 271/366/327 285/368/329
f 293/402/361 273/363/324 286/365/326
f 274/407/366 287/360/321 294/404/363
f 295/406/365 277/357/318 288/359/320
f 278/411/370 284/356/317 291/396/355
f 280/412/371 289/353/314 296/408/367
f 282/413/372 290/348/309 297/410/369
f 285/368/329 432/376/336 269/400/359
f 301/381/341 397/414/373 410/415/374
f 426/416/375 328/417/351 316/418/352
f 304/393/343 399/419/376 412/420/377
f 430/421/378 320/422/343 319/423/344
f 306/385/345 401/424/379 414/425/380
f 434/426/381 322/427/345 321/428/346
f 308/387/347 403/429/382 416/430/383
f 438/431/384 324/432/347 323/433/348
f 310/389/349 405/434/385 418/435/386
f 442/436/387 326/437/349 325/438/350
f 312/391/351 407/439/388 420/440/389
f 446/441/390 314/442/340 327/443/353
f 300/380/340 408/444/391 422/445/392
f 450/446/393 317/447/342 329/448/354
f 424/449/394 301/381/341 410/415/374
f 455/450/395 315/451/339 314/442/340
f 457/452/396 318/453/341 317/447/342
f 302/384/344 412/454/377 397/414/373
f 433/455/397 319/423/344 318/453/341
f 305/386/346 414/425/380 399/419/376
f 437/456/398 321/428/346 320/457/343
f 307/388/348 416/430/383 401/424/379
f 441/458/399 323/433/348 322/427/345
f 403/429/382 310/389/349 418/435/386
f 445/459/400 325/438/350 324/432/347
f 299/392/352 420/440/389 395/460/401
f 429/461/402 316/418/352 315/451/339
f 311/394/353 422/445/392 405/434/385
f 326/437/349 446/441/390 327/443/353
f 313/395/354 424/449/394 407/439/388
f 328/417/351 450/446/393 329/448/354
f 297/410/369 421/462/403 406/463/404
f 276/409/368 404/464/405 296/408/367
f 297/410/369 425/465/406 282/413/372
f 296/408/367 423/466/407 280/412/371
f 276/409/368 402/467/408 419/468/409
f 274/407/366 400/469/410 417/470/411
f 293/402/361 415/471/412 272/405/364
f 292/399/358 413/472/413 270/473/362
f 278/411/370 394/474/414 421/462/403
f 266/398/357 394/474/414 291/396/355
f 274/407/366 402/467/408 295/406/365
f 294/404/363 415/471/412 400/469/410
f 293/402/361 413/475/413 398/476/415
f 292/399/358 411/477/416 396/478/417
f 282/413/372 411/477/416 268/401/360
f 266/398/357 423/466/407 409/479/418
f 314/442/340 524/480/339 522/481/340
f 315/451/339 525/482/352 524/480/339
f 526/483/341 319/423/344 527/484/344
f 528/485/343 321/428/346 529/486/419
f 322/427/345 531/487/348 530/488/345
f 532/489/347 325/438/350 533/490/420
f 326/437/349 535/491/353 534/492/349
f 328/417/351 537/493/354 536/494/351
f 317/447/342 526/483/341 523/495/342
f 319/423/344 528/496/343 527/484/344
f 529/486/419 322/427/345 530/488/345
f 323/433/348 532/489/347 531/487/348
f 533/490/420 326/437/349 534/492/349
f 316/418/352 536/494/351 525/482/352
f 535/491/353 314/442/340 522/481/340
f 329/448/354 523/495/342 537/493/354
f 356/295/261 360/313/278 357/343/305
f 359/297/263 353/316/281 352/298/264
f 332/300/266 354/312/277 333/342/304
f 348/301/267 350/318/283 349/344/306
f 347/304/270 345/345/307 344/303/269
f 343/305/271 341/320/285 340/306/272
f 339/307/273 337/310/275 336/308/274
f 335/340/303 360/313/278 361/296/262
f 331/347/308 358/317/282 359/297/263
f 355/299/265 357/343/305 354/312/277
f 351/302/268 353/316/281 350/318/283
f 347/304/270 349/344/306 346/319/284
f 343/305/271 345/345/307 342/321/286
f 340/306/272 338/346/276 339/341/273
f 336/308/274 334/322/287 335/340/303
f 331/347/308 333/342/304 330/323/288
f 241/3/3 332/300/266 331/347/308
f 362/334/297 380/497/421 363/498/422
f 383/269/235 365/275/241 364/267/233
f 385/270/236 367/278/244 366/335/298
f 368/336/299 386/499/423 369/281/247
f 389/273/239 371/332/295 370/337/300
f 372/272/238 390/288/254 373/500/424
f 374/338/301 392/339/302 375/290/256
f 376/266/232 363/498/422 377/324/289
f 364/267/233 379/327/292 378/268/234
f 383/269/235 367/329/244 382/501/425
f 368/336/299 384/331/294 385/270/236
f 387/271/237 371/332/295 386/499/423
f 372/272/238 388/285/251 389/273/239
f 381/274/240 375/290/256 380/497/421
f 391/293/259 377/324/289 390/288/254
f 378/268/234 392/339/302 393/294/260
f 363/498/422 259/333/296 250/325/290
f 408/444/391 394/474/414 409/479/418
f 397/414/373 411/477/416 410/415/374
f 399/419/376 413/475/413 412/420/377
f 414/425/380 400/469/410 415/471/412
f 416/430/383 402/467/408 417/470/411
f 418/435/386 404/464/405 419/468/409
f 420/440/389 406/463/404 421/462/403
f 422/445/392 409/479/418 423/466/407
f 424/449/394 411/477/416 425/465/406
f 397/414/373 413/472/413 396/478/417
f 414/425/380 398/476/415 399/419/376
f 416/430/383 400/469/410 401/424/379
f 403/429/382 419/468/409 402/467/408
f 420/440/389 394/474/414 395/460/401
f 405/434/385 423/466/407 404/464/405
f 407/439/388 425/465/406 406/463/404
f 298/379/339 395/460/401 408/444/391
f 426/416/375 428/377/337 427/355/316
f 433/455/397 431/367/328 430/421/378
f 434/426/381 436/369/330 435/364/325
f 438/431/384 440/374/334 439/362/323
f 445/459/400 443/358/319 442/436/387
f 446/441/390 448/372/332 447/352/313
f 453/502/426 451/350/311 450/446/393
f 455/450/395 428/377/337 429/461/402
f 457/452/396 432/376/336 433/455/397
f 437/503/398 431/367/328 436/504/330
f 441/458/399 435/364/325 440/374/334
f 438/431/384 444/361/322 445/459/400
f 442/436/387 448/372/332 449/505/427
f 426/416/375 452/371/331 453/502/426
f 455/450/395 447/352/313 454/378/338
f 457/452/396 451/350/311 456/349/310
f 267/397/356 427/355/316 428/377/337
f 601/506/428 473/507/429 587/508/430
f 469/509/431 586/510/432 599/511/433
f 589/512/434 470/513/435 600/514/436
f 467/515/437 598/516/438 597/517/439
f 595/518/440 466/519/441 596/520/442
f 593/521/443 464/522/444 594/523/445
f 591/524/446 462/525/447 592/526/448
f 587/508/430 460/527/449 590/528/450
f 600/514/436 471/529/451 601/506/428
f 598/516/438 469/509/431 599/511/433
f 466/519/441 597/517/439 596/520/442
f 464/522/444 595/518/440 594/523/445
f 592/530/448 463/531/452 593/521/443
f 460/527/449 591/524/446 590/528/450
f 588/532/453 459/533/454 589/512/434
f 472/534/455 588/532/453 586/510/432
f 504/535/456 474/536/457 490/537/458
f 474/536/457 491/538/459 490/537/458
f 492/539/460 477/540/461 493/541/462
f 478/542/463 495/543/464 494/544/465
f 480/545/466 497/546/467 496/547/468
f 482/548/469 499/549/470 498/550/471
f 500/551/472 485/552/473 501/553/474
f 486/554/475 503/555/476 502/556/477
f 505/557/478 476/558/479 492/539/460
f 477/540/461 494/559/465 493/541/462
f 479/560/480 496/547/468 495/543/464
f 481/561/481 498/550/471 497/546/467
f 483/562/482 500/551/472 499/549/470
f 491/538/459 486/554/475 502/556/477
f 485/552/473 504/535/456 501/553/474
f 487/563/483 505/557/478 503/555/476
f 503/555/476 571/564/484 585/565/485
f 501/553/474 570/566/486 583/567/487
f 491/538/459 584/568/488 573/569/489
f 581/570/490 500/551/472 582/571/491
f 497/546/467 580/572/492 579/573/493
f 577/574/494 496/547/468 578/575/495
f 575/576/496 494/559/465 576/577/497
f 571/564/484 492/539/460 574/578/498
f 502/556/477 585/565/485 584/568/488
f 582/571/491 501/553/474 583/567/487
f 498/550/471 581/570/490 580/572/492
f 578/575/495 497/546/467 579/573/493
f 576/579/497 495/543/464 577/574/494
f 492/539/460 575/576/496 574/578/498
f 490/537/458 573/569/489 572/580/499
f 570/566/486 490/537/458 572/580/499
f 520/581/500 538/582/501 552/583/340
f 506/584/502 539/585/352 538/582/501
f 508/586/503 541/587/344 540/588/341
f 510/589/504 543/590/346 542/591/343
f 512/592/505 545/593/348 544/594/345
f 546/595/347 515/596/506 547/597/350
f 548/598/349 517/599/507 549/600/353
f 518/601/508 551/602/354 550/603/351
f 553/604/509 508/586/503 540/588/341
f 509/605/510 542/606/343 541/587/344
f 511/607/511 544/594/345 543/590/346
f 513/608/512 546/595/347 545/593/348
f 515/596/506 548/598/349 547/597/350
f 507/609/513 550/603/351 539/585/352
f 517/599/507 552/583/340 549/600/353
f 519/610/514 553/604/509 551/602/354
f 537/493/354 473/507/429 471/529/451
f 469/509/431 522/481/340 472/534/455
f 525/482/352 470/513/435 459/533/454
f 467/515/437 534/492/349 468/611/515
f 531/487/348 466/519/441 465/612/516
f 529/486/419 464/522/444 463/531/452
f 461/613/517 528/496/343 462/525/447
f 473/507/429 526/483/341 460/527/449
f 470/513/435 537/493/354 471/529/451
f 468/611/515 535/491/353 469/509/431
f 466/519/441 533/490/420 467/515/437
f 530/488/345 465/612/516 464/522/444
f 528/485/343 463/531/452 462/614/447
f 460/527/449 527/484/344 461/613/517
f 458/615/518 525/482/352 459/533/454
f 522/481/340 458/615/518 472/534/455
f 631/616/519 553/604/509 633/617/520
f 629/618/521 552/583/340 632/619/522
f 539/585/352 630/620/523 619/621/524
f 547/597/350 628/622/525 627/623/526
f 545/593/348 626/624/527 625/625/528
f 543/590/346 624/626/529 623/627/530
f 621/628/531 542/606/343 622/629/532
f 633/617/520 540/588/341 620/630/533
f 630/620/523 551/602/354 631/616/519
f 628/622/525 549/600/353 629/618/521
f 546/595/347 627/623/526 626/624/527
f 544/594/345 625/625/528 624/626/529
f 622/631/532 543/590/346 623/627/530
f 620/630/533 541/587/344 621/628/531
f 538/582/501 619/621/524 618/632/534
f 552/583/340 618/632/534 632/619/522
f 554/633/535 506/584/502 520/581/500
f 506/584/502 557/634/536 507/609/513
f 558/635/537 509/605/510 508/586/503
f 560/636/538 511/607/511 510/589/504
f 512/592/505 563/637/539 513/608/512
f 564/638/540 515/596/506 514/639/541
f 566/640/542 517/599/507 516/641/543
f 568/642/544 519/610/514 518/601/508
f 555/643/545 508/586/503 521/644/546
f 509/605/510 560/645/538 510/646/504
f 511/607/511 562/647/547 512/592/505
f 563/637/539 514/639/541 513/608/512
f 515/596/506 566/640/542 516/641/543
f 507/609/513 568/642/544 518/601/508
f 517/599/507 554/633/535 520/581/500
f 569/648/548 521/644/546 519/610/514
f 554/633/535 572/580/499 556/649/549
f 556/649/549 573/569/489 557/634/536
f 558/635/537 575/576/496 559/650/550
f 560/636/538 577/574/494 561/651/551
f 578/575/495 563/637/539 562/647/547
f 580/572/492 565/652/552 564/638/540
f 566/640/542 583/567/487 567/653/553
f 584/568/488 569/648/548 568/642/544
f 555/643/545 574/578/498 558/635/537
f 575/576/496 560/645/538 559/650/550
f 577/574/494 562/647/547 561/651/551
f 579/573/493 564/638/540 563/637/539
f 581/570/490 566/640/542 565/652/552
f 573/569/489 568/642/544 557/634/536
f 583/567/487 554/633/535 567/653/553
f 585/565/485 555/643/545 569/648/548
f 586/510/432 602/654/554 616/655/555
f 602/654/554 589/512/434 603/656/556
f 590/528/450 605/657/557 604/658/558
f 606/659/559 593/521/443 607/660/560
f 594/523/445 609/661/561 608/662/562
f 596/520/442 611/663/563 610/664/564
f 598/516/438 613/665/565 612/666/566
f 600/514/436 615/667/567 614/668/568
f 617/669/569 590/528/450 604/658/558
f 605/657/557 592/526/448 606/670/559
f 593/521/443 608/662/562 607/660/560
f 595/518/440 610/664/564 609/661/561
f 597/517/439 612/666/566 611/663/563
f 589/512/434 614/668/568 603/656/556
f 599/511/433 616/655/555 613/665/565
f 601/506/428 617/669/569 615/667/567
f 615/667/567 489/671/570 487/563/483
f 613/665/565 488/672/571 485/552/473
f 603/656/556 486/554/475 475/673/572
f 611/663/563 484/674/573 483/562/482
f 481/561/481 610/664/564 482/548/469
f 479/560/480 608/662/562 480/545/466
f 605/657/557 478/675/463 477/540/461
f 617/669/569 476/558/479 489/671/570
f 486/554/475 615/667/567 487/563/483
f 484/674/573 613/665/565 485/552/473
f 482/548/469 611/663/563 483/562/482
f 480/545/466 609/661/561 481/561/481
f 478/542/463 607/660/560 479/560/480
f 604/658/558 477/540/461 476/558/479
f 602/654/554 475/673/572 474/536/457
f 616/655/555 474/536/457 488/672/571
f 632/619/522 732/676/574 730/677/575
f 732/676/574 619/621/524 733/678/576
f 734/679/577 621/628/531 735/680/578
f 736/681/579 623/627/530 737/682/580
f 738/683/581 625/625/528 739/684/582
f 626/624/527 741/685/583 740/686/584
f 742/687/585 629/618/521 743/688/586
f 630/620/523 745/689/587 744/690/588
f 633/617/520 734/679/577 731/691/589
f 621/628/531 736/692/579 735/680/578
f 737/682/580 624/626/529 738/683/581
f 625/625/528 740/686/584 739/684/582
f 627/623/526 742/687/585 741/685/583
f 619/621/524 744/690/588 733/678/576
f 743/688/586 632/619/522 730/677/575
f 631/616/519 731/691/589 745/689/587
f 817/693/590 704/694/591 707/695/592
f 815/696/593 703/697/594 814/698/595
f 701/699/596 690/700/597 722/701/598
f 644/702/599 688/703/600 687/704/601
f 820/705/602 715/706/603 821/707/604
f 641/708/605 679/709/606 640/710/607
f 811/711/608 720/712/609 727/713/610
f 702/714/611 673/715/612 705/716/613
f 814/698/595 704/694/591 816/717/614
f 718/718/615 689/719/616 721/720/617
f 819/721/618 712/722/619 820/705/602
f 678/723/620 713/724/621 710/725/622
f 693/726/623 728/727/624 725/728/625
f 813/729/626 700/730/627 723/731/628
f 823/732/629 720/712/609 824/733/630
f 664/734/631 746/735/632 760/736/633
f 650/737/634 747/738/635 746/735/632
f 748/739/636 653/740/637 749/741/638
f 654/742/639 751/743/640 750/744/641
f 656/745/642 753/746/643 752/747/644
f 658/748/645 755/749/646 754/750/647
f 660/751/648 757/752/649 756/753/650
f 662/754/651 759/755/652 758/756/653
f 665/757/654 748/739/636 761/758/655
f 653/740/637 750/759/641 749/741/638
f 655/760/656 752/747/644 751/743/640
f 657/761/657 754/750/647 753/746/643
f 755/749/646 660/751/648 756/753/650
f 651/762/658 758/756/653 747/738/635
f 661/763/659 760/736/633 757/752/649
f 759/755/652 665/757/654 761/758/655
f 811/711/608 698/764/660 810/765/661
f 722/701/598 693/726/623 725/728/625
f 635/766/662 691/767/663 668/768/664
f 644/702/599 684/769/665 643/770/666
f 682/771/667 717/772/668 714/773/669
f 640/710/607 676/774/670 639/775/671
f 637/776/672 675/777/673 672/778/674
f 705/716/613 674/779/675 706/780/676
f 646/781/677 692/782/678 691/767/663
f 645/783/679 695/784/680 688/703/600
f 642/785/681 684/769/665 683/786/682
f 641/708/605 683/786/682 680/787/683
f 639/775/671 675/788/673 638/789/684
f 696/790/685 702/714/611 728/727/624
f 648/791/686 666/792/687 695/784/680
f 635/766/662 666/792/687 634/793/688
f 721/720/617 694/794/689 726/795/690
f 709/796/691 678/723/620 710/725/622
f 822/797/692 715/706/603 716/798/693
f 810/765/661 700/730/627 812/799/694
f 685/800/695 718/718/615 717/772/668
f 818/801/696 707/802/592 708/803/697
f 649/804/698 692/782/678 647/805/699
f 815/696/593 724/806/700 729/807/701
f 706/808/676 677/809/702 709/796/691
f 823/732/629 716/798/693 719/810/703
f 681/811/704 714/773/669 713/724/621
f 726/795/690 667/812/705 699/813/706
f 825/814/707 723/731/628 724/806/700
f 818/801/696 711/815/708 819/721/618
f 636/816/709 672/778/674 671/817/710
f 649/804/698 671/817/710 697/818/711
f 697/818/711 693/726/623 692/782/678
f 688/703/600 694/794/689 689/719/616
f 691/767/663 669/819/712 668/768/664
f 687/704/601 685/800/695 684/769/665
f 683/786/682 681/811/704 680/787/683
f 676/774/670 678/723/620 677/809/702
f 672/778/674 674/779/675 673/715/612
f 671/817/710 696/790/685 697/818/711
f 692/782/678 690/700/597 691/767/663
f 687/704/601 689/719/616 686/820/713
f 684/769/665 682/771/667 683/786/682
f 680/787/683 678/723/620 679/709/606
f 675/788/673 677/809/702 674/821/675
f 671/817/710 673/715/612 670/822/714
f 666/792/687 669/819/712 667/812/705
f 695/784/680 667/812/705 694/794/689
f 699/813/706 727/713/610 726/795/690
f 701/699/596 698/764/660 699/813/706
f 702/714/611 704/694/591 703/697/594
f 706/808/676 708/803/697 707/802/592
f 710/725/622 712/722/619 711/815/708
f 714/773/669 716/798/693 715/706/603
f 718/718/615 720/712/609 719/810/703
f 725/728/625 723/731/628 722/701/598
f 702/714/611 729/807/701 728/727/624
f 705/716/613 707/695/592 704/694/591
f 710/725/622 708/803/697 709/796/691
f 713/724/621 715/706/603 712/722/619
f 717/772/668 719/810/703 716/798/693
f 701/699/596 723/731/628 700/730/627
f 721/720/617 727/713/610 720/712/609
f 728/727/624 724/806/700 725/728/625
f 699/813/706 669/819/712 701/699/596
f 745/689/587 649/804/698 647/805/699
f 645/783/679 730/677/575 648/791/686
f 733/678/576 646/781/677 635/766/662
f 741/685/583 644/702/599 643/770/666
f 641/708/605 740/686/584 642/785/681
f 639/775/671 738/683/581 640/710/607
f 735/680/578 638/823/684 637/776/672
f 649/804/698 734/679/577 636/816/709
f 744/690/588 647/805/699 646/781/677
f 644/702/599 743/688/586 645/783/679
f 740/686/584 643/770/666 642/785/681
f 738/683/581 641/708/605 640/710/607
f 638/789/684 737/682/580 639/775/671
f 734/679/577 637/776/672 636/816/709
f 634/793/688 733/678/576 635/766/662
f 730/677/575 634/793/688 648/791/686
f 809/824/715 761/758/655 795/825/716
f 757/752/649 794/826/717 807/827/718
f 747/738/635 808/828/719 797/829/720
f 805/830/721 756/753/650 806/831/722
f 753/746/643 804/832/723 803/833/724
f 751/743/640 802/834/725 801/835/726
f 799/836/727 750/759/641 800/837/728
f 795/825/716 748/739/636 798/838/729
f 808/828/719 759/755/652 809/824/715
f 756/753/650 807/827/718 806/831/722
f 804/832/723 755/749/646 805/830/721
f 752/747/644 803/833/724 802/834/725
f 800/839/728 751/743/640 801/835/726
f 748/739/636 799/836/727 798/838/729
f 796/840/730 747/738/635 797/829/720
f 760/736/633 796/840/730 794/826/717
f 776/841/731 2/842/339 3/843/340
f 762/844/732 1/845/352 2/842/339
f 764/846/733 12/847/344 13/848/341
f 766/849/734 10/850/419 11/851/343
f 768/852/735 8/853/348 9/854/345
f 770/855/736 6/856/420 7/857/347
f 772/858/737 4/859/353 5/860/349
f 774/861/738 15/862/354 16/863/351
f 14/864/509 764/846/733 13/848/341
f 765/865/739 11/866/343 12/847/344
f 767/867/740 9/854/345 10/850/419
f 769/868/741 7/857/347 8/853/348
f 771/869/742 5/860/349 6/856/420
f 763/870/743 16/863/351 1/845/352
f 4/859/353 776/841/731 3/843/340
f 775/871/744 14/864/509 15/862/354
f 778/872/745 762/844/732 776/841/731
f 780/873/746 763/870/743 762/844/732
f 782/874/747 765/865/739 764/846/733
f 766/849/734 785/875/748 767/867/740
f 786/876/749 769/868/741 768/852/735
f 788/877/750 771/869/742 770/855/736
f 790/878/751 773/879/752 772/858/737
f 774/861/738 793/880/753 775/871/744
f 777/881/754 782/874/747 764/846/733
f 783/882/755 766/883/734 765/865/739
f 767/867/740 786/876/749 768/852/735
f 787/884/756 770/855/736 769/868/741
f 771/869/742 790/878/751 772/858/737
f 763/870/743 792/885/757 774/861/738
f 791/886/758 776/841/731 773/879/752
f 775/871/744 779/887/759 777/881/754
f 778/872/745 796/840/730 780/873/746
f 780/873/746 797/829/720 781/888/760
f 798/838/729 783/882/755 782/874/747
f 784/889/761 801/835/726 785/875/748
f 786/876/749 803/833/724 787/884/756
f 788/877/750 805/830/721 789/890/762
f 806/831/722 791/886/758 790/878/751
f 808/828/719 793/880/753 792/885/757
f 795/825/716 782/874/747 779/887/759
f 783/882/755 800/837/728 784/891/761
f 785/875/748 802/834/725 786/876/749
f 787/884/756 804/832/723 788/877/750
f 789/890/762 806/831/722 790/878/751
f 781/888/760 808/828/719 792/885/757
f 791/886/758 794/826/717 778/872/745
f 809/824/715 779/887/759 793/880/753
f 655/760/656 819/721/618 656/745/642
f 662/754/651 825/814/707 663/892/763
f 659/893/764 823/732/629 660/751/648
f 663/892/763 815/696/593 665/757/654
f 655/760/656 817/894/590 818/801/696
f 651/762/658 810/765/661 812/799/694
f 658/748/645 822/797/692 659/893/764
f 664/734/631 810/765/661 650/737/634
f 660/751/648 824/733/630 661/763/659
f 662/754/651 812/799/694 813/729/626
f 656/745/642 820/705/602 657/761/657
f 652/895/765 816/717/614 653/740/637
f 661/763/659 811/711/608 664/734/631
f 657/761/657 821/707/604 658/748/645
f 652/895/765 815/696/593 814/698/595
f 654/896/639 816/717/614 817/693/590
f 826/897/766 829/898/767 827/899/768
f 827/899/768 857/900/769 858/901/770
f 855/902/771 829/898/767 828/903/772
f 829/898/767 874/904/773 857/900/769
f 826/897/766 830/905/774 828/903/772
f 830/905/774 855/902/771 828/903/772
f 876/906/775 859/907/776 830/905/774
f 830/905/774 872/908/777 854/909/778
f 878/910/779 833/911/780 831/912/781
f 833/911/780 862/913/782 831/912/781
f 879/914/783 860/915/784 833/911/780
f 833/911/780 875/916/785 861/917/786
f 878/910/779 834/918/787 832/919/788
f 832/919/788 864/920/789 865/921/790
f 862/913/782 834/918/787 831/912/781
f 834/918/787 873/922/791 864/920/789
f 835/923/792 840/924/793 836/925/794
f 836/925/794 866/926/795 867/927/796
f 839/928/797 861/917/786 840/924/793
f 840/924/793 875/916/785 866/926/795
f 835/923/792 841/929/798 837/930/799
f 837/930/799 856/931/800 855/902/771
f 836/925/794 868/932/801 841/929/798
f 841/929/798 874/904/773 856/931/800
f 835/923/792 842/933/802 838/934/803
f 838/934/803 869/935/804 870/936/805
f 837/930/799 854/909/778 842/933/802
f 842/933/802 872/908/777 869/935/804
f 835/923/792 843/937/806 839/928/797
f 839/928/797 863/938/807 862/913/782
f 838/934/803 871/939/808 843/937/806
f 843/937/806 873/922/791 863/938/807
f 844/940/809 847/941/810 845/942/811
f 845/942/811 859/907/776 877/943/812
f 870/936/805 847/941/810 846/944/813
f 847/941/810 872/908/777 859/907/776
f 844/940/809 848/945/814 846/944/813
f 848/945/814 870/936/805 846/944/813
f 881/946/815 864/920/789 848/945/814
f 848/945/814 873/922/791 871/939/808
f 849/947/816 852/948/817 850/949/818
f 850/949/818 860/915/784 880/950/819
f 867/927/796 852/948/817 851/951/820
f 852/948/817 875/916/785 860/915/784
f 849/947/816 853/952/821 851/951/820
f 853/952/821 867/927/796 851/951/820
f 882/953/822 857/900/769 853/952/821
f 853/952/821 874/904/773 868/932/801
s 0
f 907/954/823 913/955/823 911/956/823
f 886/957/349 902/958/349 917/959/349
f 885/960/341 894/961/341 887/962/341
f 1186/963/341 910/964/341 884/965/341
f 1182/966/197 911/956/197 1183/967/197
f 913/955/824 901/968/824 895/969/824
f 888/970/345 900/971/345 890/972/345
f 884/965/341 914/973/341 885/960/341
f 883/974/349 917/959/349 908/975/349
f 893/976/825 897/977/825 899/978/825
f 894/961/826 897/979/826 896/980/826
f 895/969/827 897/981/827 898/982/827
f 900/971/828 904/983/828 906/984/828
f 901/968/829 904/985/829 903/986/829
f 902/958/830 904/987/830 905/988/830
f 907/954/831 1181/989/831 909/990/831
f 1181/991/832 908/975/832 909/992/832
f 895/969/833 915/993/833 913/955/833
f 898/994/834 914/973/834 915/995/834
f 901/968/835 899/996/835 895/969/835
f 903/997/836 893/976/836 899/978/836
f 891/998/350 906/999/350 902/958/350
f 892/1000/837 900/971/837 906/984/837
f 887/962/838 896/980/838 889/1001/838
f 889/1002/839 893/976/839 888/970/839
f 916/1003/840 909/990/840 918/1004/840
f 918/1005/841 908/975/841 917/959/841
f 1183/967/842 912/1006/842 1184/1007/842
f 1184/1008/843 910/964/843 1185/1009/843
f 913/955/844 912/1006/844 911/956/844
f 915/995/845 910/964/845 912/1010/845
f 901/968/846 918/1004/846 905/1011/846
f 905/988/847 917/959/847 902/958/847
f 883/974/349 1180/1012/349 1187/1013/349
f 928/1014/848 956/1015/848 919/1016/848
f 954/1017/349 927/1018/349 942/1019/349
f 1159/1020/349 954/1017/349 1156/1021/349
f 934/1022/341 957/1023/341 951/1024/341
f 950/1025/197 941/1026/197 935/1027/197
f 1167/1028/848 947/1029/848 1161/1030/848
f 1162/1031/341 957/1023/341 1165/1032/341
f 919/1016/849 923/1033/849 925/1034/849
f 920/1035/850 923/1033/850 922/1036/850
f 921/1037/851 923/1033/851 924/1038/851
f 926/1039/852 930/1040/852 932/1041/852
f 927/1018/853 930/1042/853 929/1043/853
f 928/1014/854 930/1042/854 931/1044/854
f 933/1045/855 937/1046/855 939/1047/855
f 934/1022/856 937/1046/856 936/1048/856
f 935/1027/857 937/1046/857 938/1049/857
f 940/1050/858 944/1051/858 946/1052/858
f 941/1026/859 944/1053/859 943/1054/859
f 942/1019/860 944/1055/860 945/1056/860
f 955/1057/861 1156/1021/861 954/1017/861
f 1158/1058/862 955/1059/862 953/1060/862
f 1160/1061/863 948/1062/863 1159/1020/863
f 1161/1030/864 949/1063/864 1160/1061/864
f 952/1064/865 1162/1031/865 1163/1065/865
f 950/1025/866 1163/1065/866 1164/1066/866
f 1166/1067/867 957/1023/867 958/1068/867
f 956/1015/868 1166/1067/868 958/1068/868
f 1164/1066/197 953/1060/197 950/1025/197
f 920/1035/344 936/1048/344 924/1038/344
f 936/1048/346 921/1037/346 924/1038/346
f 941/1026/869 939/1069/869 935/1027/869
f 943/1070/870 933/1045/870 939/1047/870
f 927/1018/420 946/1071/420 942/1019/420
f 929/1072/348 940/1050/348 946/1052/348
f 928/1014/871 925/1034/871 932/1073/871
f 932/1041/872 921/1037/872 926/1039/872
f 947/1029/864 931/1044/864 949/1063/864
f 949/1063/863 927/1018/863 948/1062/863
f 950/1025/866 938/1049/866 952/1064/866
f 938/1049/865 951/1024/865 952/1064/865
f 953/1060/862 945/1074/862 941/1026/862
f 955/1057/861 942/1019/861 945/1056/861
f 956/1015/873 922/1036/873 919/1016/873
f 922/1036/867 957/1023/867 920/1035/867
f 940/1050/345 921/1037/345 933/1045/345
s 1
f 964/1075/341 1014/1076/874 960/1077/341
f 979/1078/875 961/1079/876 977/1080/877
f 973/1081/341 1024/1082/341 970/1083/341
f 1247/1084/349 988/1085/349 1234/1086/349
f 968/1087/878 1008/1088/879 998/1089/880
f 1244/1090/341 990/1091/341 1003/1092/341
f 1006/1093/881 985/1094/882 993/1095/883
f 1013/1096/884 1005/1097/885 981/1098/886
f 1003/1092/341 1020/1099/874 1000/1100/341
f 1204/1101/341 1004/1102/341 973/1081/341
f 1214/1103/887 965/1104/888 979/1078/875
f 981/1098/886 1008/1088/879 982/1105/889
f 1191/1106/341 974/1107/341 964/1075/341
f 976/1108/890 969/1109/891 984/1110/892
f 963/1111/349 1206/1112/349 1190/1113/349
f 963/1111/349 1016/1114/349 972/1115/349
f 1207/1116/349 972/1115/349 971/1117/349
f 970/1083/341 974/1107/341 973/1081/341
f 982/1105/889 967/1118/893 983/1119/894
f 1015/1120/349 972/1115/349 1016/1114/349
f 973/1081/341 1205/1121/341 1204/1101/341
f 1007/1122/895 992/1123/896 997/1124/897
f 1029/1125/341 1011/1126/341 1033/1127/341
f 1030/1128/349 1012/1129/349 1009/1130/898
f 971/1117/349 1246/1131/349 1207/1116/349
f 1280/1132/349 1009/1130/898 1257/1133/349
f 1279/1134/341 1010/1135/874 1029/1125/341
f 1032/1136/899 961/1079/876 1031/1137/900
f 1027/1138/901 977/1080/877 1032/1136/899
f 981/1098/886 969/1109/891 1013/1096/884
f 982/1105/889 984/1110/892 981/1098/886
f 975/1139/902 967/1118/893 1017/1140/903
f 975/1139/902 984/1110/892 983/1119/894
f 1215/1141/904 966/1142/905 1195/1143/906
f 1215/1141/904 979/1078/875 980/1144/907
f 1001/1145/349 1021/1146/349 988/1085/349
f 1006/1093/881 996/1147/908 1007/1122/895
f 980/1144/907 962/1148/909 966/1142/905
f 979/1078/875 978/1149/910 980/1144/907
f 986/1150/341 990/1091/341 989/1151/341
f 987/1152/349 1234/1086/349 988/1085/349
f 1022/1153/349 988/1085/349 1021/1146/349
f 989/1151/341 1227/1154/341 1226/1155/341
f 995/1156/911 992/1123/896 996/1147/908
f 994/1157/912 985/1094/882 1019/1158/913
f 994/1157/912 996/1147/908 993/1095/883
f 1027/1138/901 962/1148/909 978/1149/910
f 1000/1100/341 1004/1102/341 1003/1092/341
f 1001/1145/349 1246/1131/349 1002/1159/349
f 1026/1160/349 1002/1159/349 1025/1161/349
f 1003/1092/341 1245/1162/341 1244/1090/341
f 997/1124/897 1008/1088/879 1007/1122/895
f 1023/1163/914 1005/1097/885 999/1164/915
f 1006/1093/881 1008/1088/879 1005/1097/885
f 971/1117/349 1025/1161/349 1002/1159/349
f 1009/1130/898 1194/1165/916 1257/1133/349
f 1011/1126/341 966/1166/905 962/1167/909
f 1012/1129/349 965/1168/888 1009/1130/898
f 1010/1135/874 1195/1169/906 966/1166/905
f 1014/1076/874 1013/1170/884 969/1171/891
f 1016/1114/349 968/1172/878 1015/1120/349
f 1016/1114/349 1017/1173/903 967/1174/893
f 1014/1076/874 1018/1175/917 960/1077/341
f 1020/1099/874 1019/1176/913 985/1177/882
f 1021/1146/349 991/1178/918 1022/1153/349
f 1011/1126/341 1028/1179/919 1033/1127/341
f 1034/1180/920 991/1178/918 1031/1181/900
f 1000/1100/341 999/1182/915 1024/1082/341
f 1026/1160/349 998/1183/880 997/1184/897
f 1015/1120/349 998/1183/880 1025/1161/349
f 1021/1146/349 997/1184/897 992/1185/896
f 1020/1099/874 1023/1186/914 1000/1100/341
f 970/1083/341 999/1182/915 1013/1170/884
f 1012/1129/349 1031/1181/900 961/1187/876
f 1033/1127/341 1019/1176/913 986/1150/341
f 994/1157/912 1028/1188/919 1027/1138/901
f 994/1157/912 1032/1136/899 995/1156/911
f 995/1156/911 1031/1137/900 991/1189/918
f 1226/1155/341 1029/1125/341 989/1151/341
f 1235/1190/349 1030/1128/349 1280/1132/349
f 987/1152/349 1034/1180/920 1030/1128/349
f 989/1151/341 1033/1127/341 986/1150/341
f 1035/1191/921 1038/1192/922 1037/1193/923
f 1036/1194/924 1066/1195/925 1038/1192/922
f 1038/1192/922 1064/1196/926 1037/1193/923
f 1038/1192/922 1083/1197/927 1065/1198/928
f 1035/1191/921 1039/1199/929 1085/1200/930
f 1064/1196/926 1039/1199/929 1037/1193/923
f 1085/1200/930 1068/1201/931 1086/1202/932
f 1039/1199/929 1081/1203/933 1068/1201/931
f 1087/1204/934 1042/1205/935 1088/1206/936
f 1071/1207/937 1042/1205/935 1040/1208/938
f 1088/1206/936 1069/1209/939 1089/1210/940
f 1042/1205/935 1084/1211/941 1069/1209/939
f 1087/1204/934 1043/1212/942 1040/1208/938
f 1041/1213/943 1073/1214/944 1043/1212/942
f 1043/1212/942 1071/1207/937 1040/1208/938
f 1043/1212/942 1082/1215/945 1072/1216/946
f 1044/1217/947 1049/1218/948 1048/1219/949
f 1045/1220/950 1075/1221/951 1049/1218/948
f 1048/1219/949 1070/1222/952 1071/1207/937
f 1049/1218/948 1084/1211/941 1070/1222/952
f 1044/1217/947 1050/1223/953 1045/1220/950
f 1046/1224/954 1065/1198/928 1050/1223/953
f 1045/1220/950 1077/1225/955 1076/1226/956
f 1050/1223/953 1083/1197/927 1077/1225/955
f 1044/1217/947 1051/1227/957 1046/1224/954
f 1047/1228/958 1078/1229/959 1051/1227/957
f 1046/1224/954 1063/1230/960 1064/1196/926
f 1051/1227/957 1081/1203/933 1063/1230/960
f 1044/1217/947 1052/1231/961 1047/1228/958
f 1048/1219/949 1072/1216/946 1052/1231/961
f 1047/1228/958 1080/1232/962 1079/1233/963
f 1052/1231/961 1082/1215/945 1080/1232/962
f 1053/1234/964 1056/1235/965 1055/1236/966
f 1054/1237/967 1068/1201/931 1056/1235/965
f 1056/1235/965 1079/1233/963 1055/1236/966
f 1056/1235/965 1081/1203/933 1078/1229/959
f 1053/1234/964 1057/1238/968 1090/1239/969
f 1079/1233/963 1057/1238/968 1055/1236/966
f 1090/1239/969 1073/1214/944 1074/1240/970
f 1057/1238/968 1082/1215/945 1073/1214/944
f 1058/1241/971 1061/1242/972 1060/1243/973
f 1059/1244/974 1069/1209/939 1061/1242/972
f 1061/1242/972 1076/1226/956 1060/1243/973
f 1061/1242/972 1084/1211/941 1075/1221/951
f 1058/1241/971 1062/1245/975 1091/1246/976
f 1076/1226/956 1062/1245/975 1060/1243/973
f 1091/1246/976 1066/1195/925 1067/1247/977
f 1062/1245/975 1083/1197/927 1066/1195/925
s 0
f 1120/1248/978 1125/1249/978 1116/1250/978
f 1095/1251/349 1111/1252/349 1100/1253/349
f 1103/1254/341 1094/1255/341 1096/1256/341
f 1119/1257/341 1186/963/341 1093/1258/341
f 1183/967/197 1116/1250/197 1182/966/197
f 1104/1259/979 1125/1249/979 1122/1260/979
f 1109/1261/352 1097/1262/352 1099/1263/352
f 1123/1264/341 1093/1258/341 1094/1255/341
f 1092/1265/349 1126/1266/349 1095/1251/349
f 1102/1267/980 1106/1268/980 1105/1269/980
f 1103/1254/981 1106/1270/981 1107/1271/981
f 1104/1259/982 1106/1272/982 1108/1273/982
f 1109/1261/983 1113/1274/983 1112/1275/983
f 1110/1276/984 1113/1277/984 1114/1278/984
f 1111/1252/985 1113/1279/985 1115/1280/985
f 1116/1250/986 1181/989/986 1182/966/986
f 1117/1281/987 1181/991/987 1118/1282/987
f 1124/1283/988 1104/1259/988 1122/1260/988
f 1123/1264/989 1107/1271/989 1124/1284/989
f 1104/1259/990 1112/1285/990 1110/1276/990
f 1108/1286/991 1109/1261/991 1112/1275/991
f 1115/1280/992 1100/1253/992 1111/1252/992
f 1109/1261/993 1101/1287/993 1115/1288/993
f 1096/1256/994 1105/1289/994 1103/1254/994
f 1098/1290/995 1102/1267/995 1105/1269/995
f 1125/1249/996 1118/1291/996 1116/1250/996
f 1127/1292/997 1117/1281/997 1118/1282/997
f 1184/1007/842 1120/1248/842 1183/967/842
f 1185/1009/843 1121/1293/843 1184/1008/843
f 1121/1294/998 1122/1260/998 1120/1248/998
f 1119/1257/999 1124/1284/999 1121/1293/999
f 1110/1276/1000 1127/1295/1000 1125/1249/1000
f 1114/1296/1001 1126/1266/1001 1127/1292/1001
f 1180/1012/349 1092/1265/349 1187/1013/349
f 1128/1297/848 1168/1298/848 1137/1299/848
f 1136/1300/349 1175/1301/349 1151/1302/349
f 1175/1301/349 1159/1020/349 1156/1021/349
f 1178/1303/341 1143/1304/341 1172/1305/341
f 1144/1306/197 1174/1307/197 1171/1308/197
f 1161/1030/848 1177/1309/848 1167/1028/848
f 1178/1303/341 1162/1031/341 1165/1032/341
f 1128/1297/1002 1132/1310/1002 1131/1311/1002
f 1129/1312/1003 1132/1310/1003 1133/1313/1003
f 1130/1314/1004 1132/1310/1004 1134/1315/1004
f 1135/1316/1005 1139/1317/1005 1138/1318/1005
f 1136/1300/1006 1139/1319/1006 1140/1320/1006
f 1137/1299/1007 1139/1319/1007 1141/1321/1007
f 1142/1322/1008 1146/1323/1008 1145/1324/1008
f 1143/1304/1009 1146/1323/1009 1147/1325/1009
f 1144/1306/1010 1146/1323/1010 1148/1326/1010
f 1149/1327/1011 1153/1328/1011 1152/1329/1011
f 1150/1330/1012 1153/1331/1012 1154/1332/1012
f 1151/1302/1013 1153/1333/1013 1155/1334/1013
f 1175/1301/861 1157/1335/861 1176/1336/861
f 1176/1337/862 1158/1058/862 1174/1307/862
f 1160/1061/863 1169/1338/863 1170/1339/863
f 1160/1061/864 1168/1298/864 1161/1030/864
f 1162/1031/865 1173/1340/865 1163/1065/865
f 1163/1065/866 1171/1308/866 1164/1066/866
f 1179/1341/867 1165/1032/867 1166/1067/867
f 1179/1341/868 1167/1028/868 1177/1309/868
f 1171/1308/197 1158/1058/197 1164/1066/197
f 1133/1313/509 1143/1304/509 1129/1312/509
f 1130/1314/351 1145/1324/351 1133/1313/351
f 1144/1306/1014 1152/1342/1014 1150/1330/1014
f 1142/1322/1015 1152/1329/1015 1148/1343/1015
f 1155/1334/1016 1136/1300/1016 1151/1302/1016
f 1149/1327/339 1138/1318/339 1155/1344/339
f 1141/1321/1017 1128/1297/1017 1137/1299/1017
f 1141/1345/1018 1130/1314/1018 1134/1315/1018
f 1168/1298/1019 1140/1320/1019 1137/1299/1019
f 1169/1338/863 1140/1320/863 1170/1339/863
f 1173/1340/866 1144/1306/866 1171/1308/866
f 1172/1305/865 1147/1325/865 1173/1340/865
f 1154/1332/1020 1174/1307/1020 1150/1330/1020
f 1151/1302/861 1176/1336/861 1154/1346/861
f 1131/1311/868 1177/1309/868 1128/1297/868
f 1131/1311/1021 1178/1303/1021 1179/1341/1021
f 1130/1314/352 1149/1327/352 1142/1322/352
s 1
f 1263/1347/341 1197/1348/341 1189/1349/341
f 1218/1350/1022 1192/1351/1023 1198/1352/1024
f 1273/1353/341 1210/1354/341 1203/1355/341
f 1247/1084/349 1229/1356/349 1248/1357/349
f 1201/1358/1025 1255/1359/1026 1221/1360/1027
f 1231/1361/341 1244/1090/341 1250/1362/341
f 1253/1363/1028 1224/1364/1029 1272/1365/1030
f 1252/1366/1031 1262/1367/1032 1220/1368/1033
f 1269/1369/341 1250/1362/341 1243/1370/341
f 1251/1371/341 1204/1101/341 1210/1354/341
f 1214/1103/887 1198/1352/1024 1194/1372/916
f 1255/1359/1026 1220/1368/1033 1221/1360/1027
f 1211/1373/341 1191/1106/341 1197/1348/341
f 1213/1374/1034 1202/1375/1035 1267/1376/1036
f 1206/1112/349 1196/1377/349 1190/1113/349
f 1196/1377/349 1265/1378/349 1188/1379/349
f 1209/1380/349 1207/1116/349 1208/1381/349
f 1211/1373/341 1203/1355/341 1210/1354/341
f 1221/1360/1027 1200/1382/1037 1201/1358/1025
f 1264/1383/349 1209/1380/349 1208/1381/349
f 1205/1121/341 1210/1354/341 1204/1101/341
f 1233/1384/1038 1254/1385/1039 1240/1386/1040
f 1259/1387/341 1278/1388/341 1284/1389/341
f 1281/1390/349 1260/1391/349 1285/1392/349
f 1246/1131/349 1208/1381/349 1207/1116/349
f 1280/1132/349 1256/1393/349 1281/1390/349
f 1258/1394/341 1279/1134/341 1278/1388/341
f 1192/1351/1023 1283/1395/1041 1282/1396/1042
f 1216/1397/1043 1276/1398/1044 1283/1395/1041
f 1202/1375/1035 1220/1368/1033 1262/1367/1032
f 1220/1368/1033 1222/1399/1045 1221/1360/1027
f 1200/1382/1037 1212/1400/1046 1266/1401/1047
f 1222/1399/1045 1213/1374/1034 1212/1400/1046
f 1199/1402/1048 1215/1141/904 1195/1143/906
f 1215/1141/904 1218/1350/1022 1214/1103/887
f 1248/1357/349 1270/1403/349 1275/1404/349
f 1239/1405/1049 1253/1363/1028 1254/1385/1039
f 1193/1406/1050 1219/1407/1051 1199/1402/1048
f 1219/1407/1051 1216/1397/1043 1218/1350/1022
f 1231/1361/341 1225/1408/874 1230/1409/341
f 1228/1410/349 1234/1086/349 1235/1190/349
f 1271/1411/349 1229/1356/349 1228/1410/349
f 1227/1154/341 1230/1409/341 1226/1155/341
f 1238/1412/1052 1233/1384/1038 1232/1413/1053
f 1224/1364/1029 1237/1414/1054 1268/1415/1055
f 1237/1414/1054 1239/1405/1049 1238/1412/1052
f 1276/1398/1044 1193/1406/1050 1277/1416/1056
f 1251/1371/341 1243/1370/341 1250/1362/341
f 1248/1357/349 1246/1131/349 1247/1084/349
f 1275/1404/349 1249/1417/349 1248/1357/349
f 1245/1162/341 1250/1362/341 1244/1090/341
f 1255/1359/1026 1240/1386/1040 1254/1385/1039
f 1272/1365/1030 1252/1366/1031 1253/1363/1028
f 1253/1363/1028 1255/1359/1026 1254/1385/1039
f 1208/1381/349 1274/1418/349 1264/1383/349
f 1194/1165/916 1256/1393/349 1257/1133/349
f 1259/1387/341 1199/1419/1048 1258/1394/341
f 1198/1420/1024 1260/1391/349 1256/1393/349
f 1258/1394/341 1195/1169/906 1261/1421/341
f 1263/1347/341 1262/1422/1032 1203/1355/341
f 1201/1423/1025 1265/1378/349 1264/1383/349
f 1265/1378/349 1266/1424/1047 1188/1379/349
f 1267/1425/1036 1263/1347/341 1189/1349/341
f 1269/1369/341 1268/1426/1055 1225/1408/874
f 1232/1427/1053 1270/1403/349 1271/1411/349
f 1277/1428/1056 1259/1387/341 1284/1389/341
f 1285/1392/349 1232/1427/1053 1271/1411/349
f 1242/1429/1057 1243/1370/341 1273/1353/341
f 1275/1404/349 1241/1430/1058 1274/1418/349
f 1241/1430/1058 1264/1383/349 1274/1418/349
f 1270/1403/349 1240/1431/1040 1275/1404/349
f 1272/1432/1030 1269/1369/341 1243/1370/341
f 1203/1355/341 1242/1429/1057 1273/1353/341
f 1260/1391/349 1282/1433/1042 1285/1392/349
f 1268/1426/1055 1284/1389/341 1225/1408/874
f 1237/1414/1054 1277/1416/1056 1268/1415/1055
f 1283/1395/1041 1237/1414/1054 1238/1412/1052
f 1282/1396/1042 1238/1412/1052 1232/1413/1053
f 1278/1388/341 1226/1155/341 1230/1409/341
f 1235/1190/349 1281/1390/349 1228/1410/349
f 1228/1410/349 1285/1392/349 1271/1411/349
f 1284/1389/341 1230/1409/341 1225/1408/874
f 1286/1434/1059 1289/1435/1060 1287/1436/1061
f 1287/1436/1061 1317/1437/1062 1318/1438/1063
f 1315/1439/1064 1289/1435/1060 1288/1440/1065
f 1289/1435/1060 1334/1441/1066 1317/1437/1062
f 1286/1434/1059 1290/1442/1067 1288/1440/1065
f 1290/1442/1067 1315/1439/1064 1288/1440/1065
f 1336/1443/1068 1319/1444/1069 1290/1442/1067
f 1290/1442/1067 1332/1445/1070 1314/1446/1071
f 1338/1447/1072 1293/1448/1073 1291/1449/1074
f 1293/1448/1073 1322/1450/1075 1291/1449/1074
f 1339/1451/1076 1320/1452/1077 1293/1448/1073
f 1293/1448/1073 1335/1453/1078 1321/1454/1079
f 1338/1447/1072 1294/1455/1080 1292/1456/1081
f 1292/1456/1081 1324/1457/1082 1325/1458/1083
f 1322/1450/1075 1294/1455/1080 1291/1449/1074
f 1294/1455/1080 1333/1459/1084 1324/1457/1082
f 1295/1460/1085 1300/1461/1086 1296/1462/1087
f 1296/1462/1087 1326/1463/1088 1327/1464/1089
f 1299/1465/1090 1321/1454/1079 1300/1461/1086
f 1300/1461/1086 1335/1453/1078 1326/1463/1088
f 1295/1460/1085 1301/1466/1091 1297/1467/1092
f 1297/1467/1092 1316/1468/1093 1315/1439/1064
f 1296/1462/1087 1328/1469/1094 1301/1466/1091
f 1301/1466/1091 1334/1441/1066 1316/1468/1093
f 1295/1460/1085 1302/1470/1095 1298/1471/1096
f 1298/1471/1096 1329/1472/1097 1330/1473/1098
f 1297/1467/1092 1314/1446/1071 1302/1470/1095
f 1302/1470/1095 1332/1445/1070 1329/1472/1097
f 1295/1460/1085 1303/1474/1099 1299/1465/1090
f 1299/1465/1090 1323/1475/1100 1322/1450/1075
f 1298/1471/1096 1331/1476/1101 1303/1474/1099
f 1303/1474/1099 1333/1459/1084 1323/1475/1100
f 1304/1477/1102 1307/1478/1103 1305/1479/1104
f 1305/1479/1104 1319/1444/1069 1337/1480/1105
f 1330/1473/1098 1307/1478/1103 1306/1481/1106
f 1307/1478/1103 1332/1445/1070 1319/1444/1069
f 1304/1477/1102 1308/1482/1107 1306/1481/1106
f 1308/1482/1107 1330/1473/1098 1306/1481/1106
f 1341/1483/1108 1324/1457/1082 1308/1482/1107
f 1308/1482/1107 1333/1459/1084 1331/1476/1101
f 1309/1484/1109 1312/1485/1110 1310/1486/1111
f 1310/1486/1111 1320/1452/1077 1340/1487/1112
f 1327/1464/1089 1312/1485/1110 1311/1488/1113
f 1312/1485/1110 1335/1453/1078 1320/1452/1077
f 1309/1484/1109 1313/1489/1114 1311/1488/1113
f 1313/1489/1114 1327/1464/1089 1311/1488/1113
f 1342/1490/1115 1317/1437/1062 1313/1489/1114
f 1313/1489/1114 1334/1441/1066 1328/1469/1094
s 0
f 1367/1491/1116 1373/1492/1116 1371/1493/1116
f 1346/1494/345 1362/1495/345 1377/1496/345
f 1345/1497/352 1354/1498/352 1347/1499/352
f 1606/1500/352 1370/1501/352 1344/1502/352
f 1602/1503/197 1371/1493/197 1603/1504/197
f 1376/1505/1117 1355/1506/1117 1373/1492/1117
f 1348/1507/341 1360/1508/341 1350/1509/341
f 1344/1502/352 1374/1510/352 1345/1497/352
f 1343/1511/345 1377/1496/345 1368/1512/345
f 1353/1513/1118 1357/1514/1118 1359/1515/1118
f 1354/1498/1119 1357/1516/1119 1356/1517/1119
f 1355/1506/1120 1357/1518/1120 1358/1519/1120
f 1360/1508/1121 1364/1520/1121 1366/1521/1121
f 1361/1522/1122 1364/1523/1122 1363/1524/1122
f 1362/1495/1123 1364/1525/1123 1365/1526/1123
f 1602/1503/1124 1369/1527/1124 1367/1491/1124
f 1369/1528/1125 1600/1529/1125 1368/1512/1125
f 1355/1506/1126 1375/1530/1126 1373/1492/1126
f 1358/1531/1127 1374/1510/1127 1375/1532/1127
f 1361/1522/1128 1359/1533/1128 1355/1506/1128
f 1363/1534/1129 1353/1513/1129 1359/1515/1129
f 1351/1535/839 1366/1536/839 1362/1495/839
f 1352/1537/1130 1360/1508/1130 1366/1521/1130
f 1347/1499/1131 1356/1517/1131 1349/1538/1131
f 1349/1539/1132 1353/1513/1132 1348/1507/1132
f 1376/1505/1133 1369/1527/1133 1378/1540/1133
f 1378/1541/1134 1368/1512/1134 1377/1496/1134
f 1371/1493/1135 1604/1542/1135 1603/1504/1135
f 1604/1543/1136 1370/1501/1136 1605/1544/1136
f 1373/1492/1137 1372/1545/1137 1371/1493/1137
f 1375/1532/1138 1370/1501/1138 1372/1546/1138
f 1361/1522/1139 1378/1540/1139 1365/1547/1139
f 1365/1526/1140 1377/1496/1140 1362/1495/1140
f 1343/1511/345 1600/1529/345 1607/1548/345
f 1388/1549/848 1416/1550/848 1379/1551/848
f 1414/1552/345 1387/1553/345 1402/1554/345
f 1579/1555/345 1414/1552/345 1576/1556/345
f 1411/1557/352 1380/1558/352 1417/1559/352
f 1410/1560/197 1401/1561/197 1395/1562/197
f 1587/1563/848 1407/1564/848 1581/1565/848
f 1582/1566/352 1417/1559/352 1585/1567/352
f 1379/1551/1141 1383/1568/1141 1385/1569/1141
f 1380/1558/1142 1383/1570/1142 1382/1571/1142
f 1381/1572/1143 1383/1573/1143 1384/1574/1143
f 1386/1575/1144 1390/1576/1144 1392/1577/1144
f 1387/1553/1145 1390/1578/1145 1389/1579/1145
f 1388/1549/1146 1390/1580/1146 1391/1581/1146
f 1393/1582/1147 1397/1583/1147 1399/1584/1147
f 1394/1585/1148 1397/1586/1148 1396/1587/1148
f 1395/1562/1149 1397/1588/1149 1398/1589/1149
f 1400/1590/1150 1404/1591/1150 1406/1592/1150
f 1401/1561/1151 1404/1593/1151 1403/1594/1151
f 1402/1554/1152 1404/1595/1152 1405/1596/1152
f 1415/1597/870 1576/1556/870 1414/1552/870
f 1578/1598/869 1415/1599/869 1413/1600/869
f 1409/1601/872 1579/1555/872 1580/1602/872
f 1407/1564/871 1580/1603/871 1581/1565/871
f 1583/1604/1015 1411/1557/1015 1582/1566/1015
f 1410/1560/1014 1583/1605/1014 1584/1606/1014
f 1586/1607/1018 1417/1559/1018 1418/1608/1018
f 1416/1550/1017 1586/1609/1017 1418/1610/1017
f 1578/1598/197 1410/1560/197 1584/1606/197
f 1394/1585/351 1384/1611/351 1380/1558/351
f 1396/1612/509 1381/1572/509 1384/1574/509
f 1395/1562/866 1403/1594/866 1399/1613/866
f 1403/1614/865 1393/1582/865 1399/1584/865
f 1387/1553/346 1406/1615/346 1402/1554/346
f 1389/1616/1153 1400/1590/1153 1406/1592/1153
f 1388/1549/868 1385/1569/868 1392/1617/868
f 1392/1577/867 1381/1572/867 1386/1575/867
f 1407/1564/871 1391/1581/871 1409/1618/871
f 1391/1619/872 1408/1620/872 1409/1601/872
f 1395/1562/1014 1412/1621/1014 1410/1560/1014
f 1412/1622/1015 1394/1585/1015 1411/1557/1015
f 1413/1600/869 1405/1623/869 1401/1561/869
f 1405/1596/870 1414/1552/870 1402/1554/870
f 1416/1550/1017 1382/1624/1017 1379/1551/1017
f 1418/1608/1018 1380/1558/1018 1382/1571/1018
f 1400/1590/341 1381/1572/341 1393/1582/341
s 1
f 1422/1625/352 1442/1626/352 1420/1627/352
f 1700/1628/1154 1669/1629/1155 1666/1630/1156
f 1426/1631/352 1448/1632/352 1423/1633/352
f 1636/1634/345 1430/1635/345 1630/1636/345
f 1684/1637/1157 1688/1638/1158 1683/1639/1159
f 1633/1640/352 1432/1641/352 1436/1642/352
f 1714/1643/1160 1787/1644/1161 1795/1645/1162
f 1677/1646/1163 1681/1647/1164 1674/1648/1165
f 1436/1642/352 1445/1649/352 1433/1650/352
f 1615/1651/352 1437/1652/352 1426/1631/352
f 1439/1653/352 1793/1654/1166 1753/1655/1167
f 1443/1656/345 1769/1657/1168 1449/1658/345
f 1422/1625/352 1616/1659/352 1427/1660/352
f 1441/1661/345 1785/1662/1169 1747/1663/1170
f 1421/1664/345 1617/1665/345 1610/1666/345
f 1421/1664/345 1444/1667/345 1425/1668/345
f 1618/1669/345 1425/1668/345 1424/1670/345
f 1423/1633/352 1427/1660/352 1426/1631/352
f 1675/1671/1171 1759/1672/1172 1772/1673/1173
f 1443/1656/345 1425/1668/345 1444/1667/345
f 1615/1651/352 1427/1660/352 1616/1659/352
f 1692/1674/1174 1696/1675/1175 1691/1676/1176
f 1451/1677/352 1440/1678/352 1453/1679/352
f 1452/1680/345 1441/1661/345 1438/1681/345
f 1424/1670/345 1635/1682/345 1618/1669/345
f 1658/1683/345 1438/1681/345 1642/1684/345
f 1657/1685/352 1439/1653/352 1451/1677/352
f 1673/1686/1177 1666/1630/1156 1669/1629/1155
f 1440/1678/352 1782/1687/1178 1453/1679/352
f 1674/1648/1165 1696/1675/1175 1677/1646/1163
f 1442/1626/352 1776/1688/1179 1420/1627/352
f 1685/1689/1180 1761/1690/1181 1778/1691/1182
f 1444/1667/345 1775/1692/1183 1755/1693/1184
f 1453/1679/352 1779/1694/1185 1428/1695/352
f 1709/1696/1186 1752/1697/1187 1792/1698/1188
f 1434/1699/345 1446/1700/345 1430/1635/345
f 1686/1701/1189 1764/1702/1190 1689/1703/1191
f 1438/1681/345 1790/1704/1192 1642/1684/345
f 1672/1705/1193 1749/1706/1194 1752/1697/1187
f 1428/1695/352 1432/1641/352 1431/1707/352
f 1429/1708/345 1630/1636/345 1430/1635/345
f 1447/1709/345 1430/1635/345 1446/1700/345
f 1431/1707/352 1625/1710/352 1624/1711/352
f 1694/1712/1195 1764/1702/1190 1767/1713/1196
f 1695/1714/1197 1683/1639/1159 1688/1638/1158
f 1445/1649/352 1781/1715/1198 1433/1650/352
f 1708/1716/1199 1670/1717/1200 1673/1686/1177
f 1433/1650/352 1437/1652/352 1436/1642/352
f 1434/1699/345 1635/1682/345 1435/1718/345
f 1450/1719/345 1435/1718/345 1449/1658/345
f 1436/1642/352 1634/1720/352 1633/1640/352
f 1800/1721/1201 1740/1722/1202 1721/1723/1203
f 1450/1719/345 1769/1657/1168 1766/1724/1204
f 1423/1633/352 1770/1725/1205 1773/1726/1206
f 1424/1670/345 1449/1658/345 1435/1718/345
f 1706/1727/1207 1750/1728/1208 1671/1729/1209
f 1699/1730/1210 1749/1706/1194 1668/1731/1211
f 1701/1732/1212 1746/1733/1213 1784/1734/1214
f 1444/1667/345 1756/1735/1215 1443/1656/345
f 1664/1736/1216 1759/1672/1172 1680/1737/1217
f 1663/1738/1218 1754/1739/1219 1774/1740/1220
f 1676/1741/1221 1754/1739/1219 1679/1742/1222
f 1442/1626/352 1773/1726/1206 1758/1743/1223
f 1693/1744/1224 1761/1690/1181 1682/1745/1225
f 1454/1746/345 1762/1747/1226 1785/1662/1169
f 1440/1678/352 1753/1655/1167 1748/1748/1227
f 1686/1701/1189 1784/1734/1214 1763/1749/1228
f 1772/1673/1173 1690/1750/1229 1675/1671/1171
f 1780/1751/1230 1690/1750/1229 1771/1752/1231
f 1757/1753/1232 1697/1754/1233 1768/1755/1234
f 1767/1713/1196 1697/1754/1233 1694/1712/1195
f 1445/1649/352 1779/1694/1185 1760/1756/1235
f 1433/1650/352 1770/1725/1205 1448/1632/352
f 1671/1729/1209 1746/1733/1213 1667/1757/1236
f 1685/1689/1180 1783/1758/1237 1699/1730/1210
f 1687/1759/1238 1698/1760/1239 1700/1628/1154
f 1446/1700/345 1762/1747/1226 1447/1709/345
f 1446/1700/345 1766/1724/1204 1765/1761/1240
f 1624/1711/352 1451/1677/352 1431/1707/352
f 1631/1762/345 1452/1680/345 1658/1683/345
f 1429/1708/345 1454/1746/345 1452/1680/345
f 1431/1707/352 1453/1679/352 1428/1695/352
f 1455/1763/1241 1458/1764/1242 1457/1765/1243
f 1456/1766/1244 1486/1767/1245 1458/1764/1242
f 1458/1764/1242 1484/1768/1246 1457/1765/1243
f 1458/1764/1242 1503/1769/1247 1485/1770/1248
f 1455/1763/1241 1459/1771/1249 1505/1772/1250
f 1484/1768/1246 1459/1771/1249 1457/1765/1243
f 1505/1772/1250 1488/1773/1251 1506/1774/1252
f 1459/1771/1249 1501/1775/1253 1488/1773/1251
f 1507/1776/1254 1462/1777/1255 1508/1778/1256
f 1491/1779/1257 1462/1777/1255 1460/1780/1258
f 1508/1778/1256 1489/1781/1259 1509/1782/1260
f 1462/1777/1255 1504/1783/1261 1489/1781/1259
f 1507/1776/1254 1463/1784/1262 1460/1780/1258
f 1461/1785/1263 1493/1786/1264 1463/1784/1262
f 1463/1784/1262 1491/1779/1257 1460/1780/1258
f 1463/1784/1262 1502/1787/1265 1492/1788/1266
f 1464/1789/1267 1469/1790/1268 1468/1791/1269
f 1465/1792/1270 1495/1793/1271 1469/1790/1268
f 1468/1791/1269 1490/1794/1272 1491/1779/1257
f 1469/1790/1268 1504/1783/1261 1490/1794/1272
f 1464/1789/1267 1470/1795/1273 1465/1792/1270
f 1466/1796/1274 1485/1770/1248 1470/1795/1273
f 1465/1792/1270 1497/1797/1275 1496/1798/1276
f 1470/1795/1273 1503/1769/1247 1497/1797/1275
f 1464/1789/1267 1471/1799/1277 1466/1796/1274
f 1467/1800/1278 1498/1801/1279 1471/1799/1277
f 1466/1796/1274 1483/1802/1280 1484/1768/1246
f 1471/1799/1277 1501/1775/1253 1483/1802/1280
f 1464/1789/1267 1472/1803/1281 1467/1800/1278
f 1468/1791/1269 1492/1788/1266 1472/1803/1281
f 1467/1800/1278 1500/1804/1282 1499/1805/1283
f 1472/1803/1281 1502/1787/1265 1500/1804/1282
f 1473/1806/1284 1476/1807/1285 1475/1808/1286
f 1474/1809/1287 1488/1773/1251 1476/1807/1285
f 1476/1807/1285 1499/1805/1283 1475/1808/1286
f 1476/1807/1285 1501/1775/1253 1498/1801/1279
f 1473/1806/1284 1477/1810/1288 1510/1811/1289
f 1499/1805/1283 1477/1810/1288 1475/1808/1286
f 1510/1811/1289 1493/1786/1264 1494/1812/1290
f 1477/1810/1288 1502/1787/1265 1493/1786/1264
f 1478/1813/1291 1481/1814/1292 1480/1815/1293
f 1479/1816/1294 1489/1781/1259 1481/1814/1292
f 1481/1814/1292 1496/1798/1276 1480/1815/1293
f 1481/1814/1292 1504/1783/1261 1495/1793/1271
f 1478/1813/1291 1482/1817/1295 1511/1818/1296
f 1496/1798/1276 1482/1817/1295 1480/1815/1293
f 1511/1818/1296 1486/1767/1245 1487/1819/1297
f 1482/1817/1295 1503/1769/1247 1486/1767/1245
s 0
f 1540/1820/1298 1545/1821/1298 1536/1822/1298
f 1515/1823/345 1531/1824/345 1520/1825/345
f 1523/1826/352 1514/1827/352 1516/1828/352
f 1539/1829/352 1606/1500/352 1513/1830/352
f 1603/1504/197 1536/1822/197 1602/1503/197
f 1542/1831/1299 1530/1832/1299 1545/1821/1299
f 1529/1833/349 1517/1834/349 1519/1835/349
f 1543/1836/352 1513/1830/352 1514/1827/352
f 1512/1837/345 1546/1838/345 1515/1823/345
f 1522/1839/1300 1526/1840/1300 1525/1841/1300
f 1523/1826/1301 1526/1842/1301 1527/1843/1301
f 1524/1844/1302 1526/1845/1302 1528/1846/1302
f 1529/1833/1303 1533/1847/1303 1532/1848/1303
f 1530/1832/1304 1533/1849/1304 1534/1850/1304
f 1531/1824/1305 1533/1851/1305 1535/1852/1305
f 1536/1822/1306 1601/1853/1306 1602/1503/1306
f 1537/1854/1125 1601/1855/1125 1538/1856/1125
f 1544/1857/1307 1524/1844/1307 1542/1831/1307
f 1543/1836/1308 1527/1843/1308 1544/1858/1308
f 1524/1844/1309 1532/1859/1309 1530/1832/1309
f 1522/1839/1310 1532/1848/1310 1528/1860/1310
f 1535/1852/1311 1520/1825/1311 1531/1824/1311
f 1529/1833/1312 1521/1861/1312 1535/1862/1312
f 1516/1828/1313 1525/1863/1313 1523/1826/1313
f 1518/1864/1314 1522/1839/1314 1525/1841/1314
f 1545/1821/1315 1538/1865/1315 1536/1822/1315
f 1547/1866/1316 1537/1854/1316 1538/1856/1316
f 1604/1542/1317 1540/1820/1317 1603/1504/1317
f 1604/1543/1318 1539/1829/1318 1541/1867/1318
f 1541/1868/1319 1542/1831/1319 1540/1820/1319
f 1539/1829/1320 1544/1858/1320 1541/1867/1320
f 1530/1832/1321 1547/1869/1321 1545/1821/1321
f 1534/1870/1322 1546/1838/1322 1547/1866/1322
f 1600/1529/345 1512/1837/345 1607/1548/345
f 1548/1871/848 1588/1872/848 1557/1873/848
f 1556/1874/345 1595/1875/345 1571/1876/345
f 1576/1556/345 1589/1877/345 1579/1555/345
f 1598/1878/352 1563/1879/352 1592/1880/352
f 1564/1881/197 1594/1882/197 1591/1883/197
f 1581/1565/848 1597/1884/848 1587/1563/848
f 1598/1878/352 1582/1566/352 1585/1567/352
f 1548/1871/1323 1552/1885/1323 1551/1886/1323
f 1549/1887/1324 1552/1888/1324 1553/1889/1324
f 1550/1890/1325 1552/1891/1325 1554/1892/1325
f 1555/1893/1326 1559/1894/1326 1558/1895/1326
f 1556/1874/1327 1559/1896/1327 1560/1897/1327
f 1557/1873/854 1559/1898/854 1561/1899/854
f 1562/1900/1328 1566/1901/1328 1565/1902/1328
f 1563/1879/1329 1566/1903/1329 1567/1904/1329
f 1564/1881/1330 1566/1905/1330 1568/1906/1330
f 1569/1907/1331 1573/1908/1331 1572/1909/1331
f 1570/1910/1332 1573/1911/1332 1574/1912/1332
f 1571/1876/1333 1573/1913/1333 1575/1914/1333
f 1595/1875/870 1577/1915/870 1596/1916/870
f 1596/1917/869 1578/1598/869 1594/1882/869
f 1580/1602/872 1589/1877/872 1590/1918/872
f 1581/1565/871 1590/1919/871 1588/1872/871
f 1582/1566/1015 1593/1920/1015 1583/1604/1015
f 1583/1605/1014 1591/1883/1014 1584/1606/1014
f 1599/1921/1018 1585/1567/1018 1586/1607/1018
f 1599/1922/1017 1587/1563/1017 1597/1884/1017
f 1591/1883/197 1578/1598/197 1584/1606/197
f 1553/1889/339 1563/1879/339 1549/1887/339
f 1550/1890/353 1565/1902/353 1553/1923/353
f 1568/1906/862 1570/1910/862 1564/1881/862
f 1568/1924/861 1569/1907/861 1572/1909/861
f 1575/1914/348 1556/1874/348 1571/1876/348
f 1569/1907/350 1558/1895/350 1575/1925/350
f 1557/1873/864 1554/1926/864 1548/1871/864
f 1561/1927/863 1550/1890/863 1554/1892/863
f 1590/1919/871 1557/1873/871 1588/1872/871
f 1590/1918/872 1556/1874/872 1560/1897/872
f 1591/1883/1014 1567/1928/1014 1564/1881/1014
f 1592/1880/1015 1567/1904/1015 1593/1920/1015
f 1570/1910/869 1596/1917/869 1594/1882/869
f 1571/1876/870 1596/1916/870 1574/1929/870
f 1548/1871/1017 1599/1922/1017 1597/1884/1017
f 1549/1887/1018 1599/1921/1018 1551/1930/1018
f 1550/1890/349 1569/1907/349 1562/1900/349
s 1
f 1647/1931/352 1613/1932/352 1609/1933/352
f 1711/1934/1334 1743/1935/1335 1745/1936/1336
f 1653/1937/352 1621/1938/352 1614/1939/352
f 1636/1634/345 1627/1940/345 1637/1941/345
f 1649/1942/345 1818/1943/1337 1608/1944/345
f 1629/1945/352 1633/1640/352 1639/1946/352
f 1726/1947/1338 1730/1948/1339 1729/1949/1340
f 1812/1950/1341 1648/1951/345 1654/1952/345
f 1650/1953/352 1639/1946/352 1632/1954/352
f 1640/1955/352 1615/1651/352 1621/1938/352
f 1721/1723/1203 1799/1956/1342 1800/1721/1201
f 1719/1957/1343 1723/1958/1344 1720/1959/1345
f 1613/1932/352 1616/1659/352 1611/1960/352
f 1716/1961/1346 1707/1962/1347 1708/1716/1199
f 1610/1666/345 1620/1963/345 1612/1964/345
f 1612/1964/345 1649/1942/345 1608/1944/345
f 1620/1963/345 1618/1669/345 1619/1965/345
f 1622/1966/352 1614/1939/352 1621/1938/352
f 1807/1967/1348 1651/1968/345 1652/1969/345
f 1648/1951/345 1620/1963/345 1619/1965/345
f 1616/1659/352 1621/1938/352 1615/1651/352
f 1822/1970/1349 1660/1971/352 1623/1972/352
f 1644/1973/352 1656/1974/352 1660/1971/352
f 1659/1975/345 1645/1976/345 1661/1977/345
f 1635/1682/345 1619/1965/345 1618/1669/345
f 1658/1683/345 1641/1978/345 1659/1975/345
f 1643/1979/352 1657/1685/352 1656/1974/352
f 1827/1980/1350 1644/1973/352 1660/1971/352
f 1716/1961/1346 1711/1934/1334 1715/1981/1351
f 1720/1959/1345 1734/1982/1352 1719/1957/1343
f 1614/1939/352 1815/1983/1353 1653/1937/352
f 1703/1984/1354 1724/1985/1355 1704/1986/1356
f 1821/1987/1357 1647/1931/352 1609/1933/352
f 1645/1976/345 1828/1988/1358 1661/1977/345
f 1643/1979/352 1793/1654/1166 1646/1989/352
f 1637/1941/345 1651/1968/345 1655/1990/345
f 1745/1936/1336 1729/1949/1340 1730/1948/1339
f 1650/1953/352 1822/1970/1349 1623/1972/352
f 1644/1973/352 1796/1991/1359 1643/1979/352
f 1629/1945/352 1623/1972/352 1628/1992/352
f 1626/1993/345 1630/1636/345 1631/1762/345
f 1652/1969/345 1627/1940/345 1626/1993/345
f 1625/1710/352 1628/1992/352 1624/1711/352
f 1731/1994/1360 1809/1995/1361 1806/1996/1362
f 1824/1997/1363 1650/1953/352 1632/1954/352
f 1733/1998/1364 1737/1999/1365 1738/2000/1366
f 1790/1704/1192 1641/1978/345 1642/1684/345
f 1640/1955/352 1632/1954/352 1639/1946/352
f 1637/1941/345 1635/1682/345 1636/1634/345
f 1655/1990/345 1638/2001/345 1637/1941/345
f 1634/1720/352 1639/1946/352 1633/1640/352
f 1734/1982/1352 1738/2000/1366 1737/1999/1365
f 1815/1983/1353 1632/1954/352 1653/1937/352
f 1619/1965/345 1654/1952/345 1648/1951/345
f 1706/1727/1207 1795/1645/1162 1791/2002/1367
f 1742/2003/1368 1788/2004/1369 1826/2005/1370
f 1787/1644/1161 1744/2006/1371 1829/2007/1372
f 1797/2008/1373 1709/1696/1186 1792/1698/1188
f 1705/2009/1374 1802/2010/1375 1820/2011/1376
f 1799/1956/1342 1702/2012/1377 1819/2013/1378
f 1801/2014/1379 1649/1942/345 1648/1951/345
f 1802/2010/1375 1718/2015/1380 1817/2016/1381
f 1736/2017/1382 1804/2018/1383 1825/2019/1384
f 1661/1977/345 1807/1967/1348 1652/1969/345
f 1788/2004/1369 1717/2020/1385 1797/2008/1373
f 1829/2007/1372 1731/1994/1360 1806/1996/1362
f 1735/2021/1386 1817/2016/1381 1718/2015/1380
f 1740/1722/1202 1810/2022/1387 1739/2023/1388
f 1647/1931/352 1816/2024/1389 1614/1939/352
f 1809/1995/1361 1739/2023/1388 1810/2022/1387
f 1804/2018/1383 1728/2025/1390 1823/2026/1391
f 1825/2019/1384 1735/2021/1386 1736/2017/1382
f 1794/2027/1392 1645/1976/345 1641/1978/345
f 1728/2025/1390 1826/2005/1370 1823/2026/1391
f 1651/1968/345 1811/2028/1393 1655/1990/345
f 1655/1990/345 1812/1950/1341 1654/1952/345
f 1656/1974/352 1624/1711/352 1628/1992/352
f 1631/1762/345 1659/1975/345 1626/1993/345
f 1626/1993/345 1661/1977/345 1652/1969/345
f 1660/1971/352 1628/1992/352 1623/1972/352
f 1674/1648/1165 1680/1737/1217 1675/1671/1171
f 1679/1742/1222 1677/1646/1163 1676/1741/1221
f 1662/2029/1394 1679/1742/1222 1663/1738/1218
f 1680/1737/1217 1665/2030/1395 1664/1736/1216
f 1708/1716/1199 1672/1705/1193 1709/1696/1186
f 1671/1729/1209 1707/1962/1347 1706/1727/1207
f 1669/1629/1155 1672/1705/1193 1673/1686/1177
f 1671/1729/1209 1666/1630/1156 1670/1717/1200
f 1687/1759/1238 1689/1703/1191 1688/1638/1158
f 1684/1637/1157 1682/1745/1225 1685/1689/1180
f 1684/1637/1157 1699/1730/1210 1698/1760/1239
f 1700/1628/1154 1667/1757/1236 1701/1732/1212
f 1696/1675/1175 1694/1712/1195 1697/1754/1233
f 1691/1676/1176 1693/1744/1224 1692/1674/1174
f 1695/1714/1197 1689/1703/1191 1694/1712/1195
f 1696/1675/1175 1676/1741/1221 1677/1646/1163
f 1691/1676/1176 1675/1671/1171 1690/1750/1229
f 1692/1674/1174 1682/1745/1225 1683/1639/1159
f 1698/1760/1239 1668/1731/1211 1669/1629/1155
f 1687/1759/1238 1701/1732/1212 1686/1701/1189
f 1725/2031/1396 1719/1957/1343 1718/2015/1380
f 1720/1959/1345 1722/2032/1397 1721/1723/1203
f 1722/2032/1397 1703/1984/1354 1702/2012/1377
f 1704/1986/1356 1725/2031/1396 1705/2009/1374
f 1717/2020/1385 1708/1716/1199 1709/1696/1186
f 1707/1962/1347 1714/1643/1160 1706/1727/1207
f 1717/2020/1385 1712/2033/1398 1716/1961/1346
f 1711/1934/1334 1714/1643/1160 1715/1981/1351
f 1732/2034/1399 1730/1948/1339 1733/1998/1364
f 1727/2035/1400 1729/1949/1340 1728/2025/1390
f 1742/2003/1368 1729/1949/1340 1743/1935/1335
f 1710/2036/1401 1745/1936/1336 1744/2006/1371
f 1739/2023/1388 1741/2037/1402 1740/1722/1202
f 1736/2017/1382 1734/1982/1352 1737/1999/1365
f 1732/2034/1399 1738/2000/1366 1739/2023/1388
f 1721/1723/1203 1741/2037/1402 1720/1959/1345
f 1718/2015/1380 1734/1982/1352 1735/2021/1386
f 1727/2035/1400 1737/1999/1365 1726/1947/1338
f 1713/2038/1403 1743/1935/1335 1712/2033/1398
f 1744/2006/1371 1730/1948/1339 1731/1994/1360
f 1665/2030/1395 1678/2039/1404 1662/2029/1394
f 1791/2002/1367 1751/2040/1405 1750/1728/1208
f 1752/1697/1187 1748/2041/1227 1753/2042/1167
f 1750/1728/1208 1747/2043/1170 1746/1733/1213
f 1792/1698/1188 1753/2044/1167 1793/2045/1166
f 1772/1673/1173 1758/2046/1223 1773/2047/1206
f 1755/1693/1184 1757/2048/1232 1756/1735/1215
f 1755/1693/1184 1774/2049/1220 1754/2050/1219
f 1758/1743/1223 1777/2051/1406 1776/1688/1179
f 1778/1691/1182 1760/2052/1235 1779/2053/1185
f 1763/1749/1228 1765/2054/1240 1764/1702/1190
f 1748/1748/1227 1783/2055/1237 1782/1687/1178
f 1784/1734/1214 1747/2056/1170 1785/2057/1169
f 1771/1752/1231 1781/2058/1198 1780/1751/1230
f 1768/1755/1234 1766/2059/1204 1769/2060/1168
f 1768/1755/1234 1756/2061/1215 1757/1753/1232
f 1765/1761/1240 1767/2062/1196 1764/2063/1190
f 1780/1751/1230 1760/2064/1235 1761/1690/1181
f 1771/1752/1231 1773/2065/1206 1770/2066/1205
f 1782/1687/1178 1778/2067/1182 1779/1694/1185
f 1763/1749/1228 1785/2068/1169 1762/2069/1226
f 1794/2027/1392 1791/2070/1367 1795/2071/1162
f 1789/2072/1407 1797/2073/1373 1796/1991/1359
f 1786/2074/1408 1795/2071/1162 1787/2075/1161
f 1796/1991/1359 1792/2076/1188 1793/1654/1166
f 1803/2077/1409 1817/2078/1381 1816/2024/1389
f 1800/1721/1201 1798/2079/1410 1801/2080/1379
f 1819/2013/1378 1798/2081/1410 1799/1956/1342
f 1820/2011/1376 1803/2082/1409 1821/2083/1357
f 1805/2084/1411 1823/2085/1391 1822/1970/1349
f 1808/2086/1412 1806/2087/1362 1809/2088/1361
f 1826/2005/1370 1789/2089/1407 1827/2090/1350
f 1786/2074/1408 1829/2091/1372 1828/1988/1358
f 1824/1997/1363 1814/2092/1413 1825/2093/1384
f 1811/2028/1393 1813/2094/1414 1812/1950/1341
f 1801/2014/1379 1813/2094/1414 1800/2095/1201
f 1810/2022/1387 1808/2096/1412 1809/1995/1361
f 1805/2084/1411 1825/2093/1384 1804/2097/1383
f 1816/2024/1389 1814/2092/1413 1815/1983/1353
f 1823/2026/1391 1827/2098/1350 1822/2099/1349
f 1828/1988/1358 1806/2087/1362 1807/1967/1348
f 1441/1661/345 1751/2100/1405 1438/1681/345
f 18/1/1 17/27/26 234/2/2
f 29/4/4 28/24/24 235/5/5
f 27/7/7 26/2101/29 236/8/8
f 25/10/10 24/26/25 237/11/11
f 245/13/13 23/2102/44 22/14/14
f 246/16/16 21/54/45 20/17/17
f 32/19/19 31/2103/35 240/20/20
f 248/22/22 19/2104/46 18/1/1
f 249/23/23 30/28/27 29/4/4
f 28/24/24 27/2105/7 243/25/9
f 236/8/8 26/2101/29 25/10/10
f 24/26/25 23/2102/44 245/13/13
f 22/14/14 21/54/45 246/16/16
f 17/27/26 32/19/19 247/21/21
f 20/17/17 19/2104/46 248/22/22
f 240/20/20 31/2103/35 30/28/27
f 27/29/7 43/2106/42 42/30/28
f 25/32/10 41/52/43 40/33/30
f 22/14/14 23/53/44 39/35/31
f 20/37/17 21/54/45 37/38/33
f 31/40/35 32/56/19 48/41/36
f 18/43/1 19/57/46 35/44/38
f 29/46/4 30/58/27 46/47/40
f 28/49/24 44/60/48 43/50/42
f 25/32/10 26/31/29 42/30/28
f 23/53/44 24/34/25 40/33/30
f 21/54/45 22/14/14 38/36/32
f 17/55/26 33/59/47 48/41/36
f 20/37/17 36/39/34 35/44/38
f 30/58/27 31/40/35 47/42/37
f 17/55/26 18/43/1 34/45/39
f 28/49/24 29/46/4 45/48/41
f 44/60/48 60/72/60 59/61/49
f 42/30/28 58/74/61 57/62/50
f 40/33/30 56/75/62 55/63/51
f 37/38/33 38/36/32 54/64/52
f 48/41/36 33/59/47 49/66/54
f 36/39/34 52/76/63 51/68/56
f 46/47/40 47/42/37 63/69/57
f 33/59/47 34/45/39 50/71/59
f 45/48/41 61/77/64 60/72/60
f 42/30/28 43/2106/42 59/73/49
f 41/52/43 57/62/50 56/75/62
f 39/35/31 55/63/51 54/64/52
f 37/38/33 53/65/53 52/76/63
f 48/41/36 64/67/55 63/69/57
f 34/45/39 35/44/38 51/68/56
f 45/48/41 46/47/40 62/70/58
f 50/71/59 66/87/74 65/78/65
f 61/77/64 77/89/76 76/79/66
f 59/73/49 75/107/77 74/80/67
f 57/62/50 73/91/78 72/81/68
f 54/64/52 55/63/51 71/82/69
f 53/65/53 69/92/79 68/84/71
f 63/69/57 64/67/55 80/85/72
f 51/68/56 67/93/80 66/87/74
f 61/77/64 62/70/58 78/88/75
f 60/72/60 76/79/66 75/90/77
f 58/74/61 74/80/67 73/91/78
f 55/63/51 56/75/62 72/81/68
f 53/65/53 54/64/52 70/83/70
f 49/66/54 65/78/65 80/85/72
f 52/76/63 68/84/71 67/93/80
f 63/69/57 79/86/73 78/88/75
f 66/87/74 67/93/80 83/94/81
f 77/89/76 78/88/75 94/96/83
f 76/79/66 92/106/93 91/98/85
f 73/91/78 74/80/67 90/99/86
f 72/81/68 88/108/94 87/101/88
f 70/83/70 86/109/95 85/102/89
f 80/85/72 65/78/65 81/103/90
f 67/93/80 68/84/71 84/105/92
f 79/86/73 95/110/96 94/96/83
f 65/78/65 66/87/74 82/95/82
f 77/89/76 93/97/84 92/106/93
f 75/107/77 91/2107/85 90/99/86
f 72/81/68 73/91/78 89/100/87
f 70/83/70 71/82/69 87/101/88
f 68/84/71 69/92/79 85/102/89
f 79/86/73 80/85/72 96/104/91
f 84/105/92 100/120/106 99/111/97
f 94/96/83 95/110/96 111/112/98
f 82/95/82 98/122/108 97/114/100
f 93/97/84 109/123/109 108/115/101
f 90/99/86 91/2107/85 107/116/102
f 89/100/87 105/125/110 104/118/104
f 87/101/88 103/126/111 102/119/105
f 85/102/89 101/127/112 100/120/106
f 95/110/96 96/104/91 112/121/107
f 82/95/82 83/94/81 99/111/97
f 93/97/84 94/96/83 110/113/99
f 92/106/93 108/115/101 107/124/102
f 90/99/86 106/117/103 105/125/110
f 87/101/88 88/108/94 104/118/104
f 85/102/89 86/109/95 102/119/105
f 96/104/91 81/103/90 97/114/100
f 137/128/113 139/147/132 118/129/114
f 133/131/116 135/150/135 116/132/117
f 157/134/119 127/152/137 126/135/120
f 151/137/122 153/155/140 125/138/123
f 147/140/125 149/177/141 123/141/126
f 143/143/128 145/158/142 121/144/129
f 141/146/131 119/159/143 118/129/114
f 97/114/100 98/122/108 132/148/133
f 135/150/135 137/128/113 117/130/115
f 157/134/119 159/153/138 128/151/136
f 159/153/138 130/178/160 113/154/139
f 155/136/121 126/135/120 125/138/123
f 151/137/122 124/139/124 123/156/126
f 145/158/142 147/140/125 122/142/127
f 143/143/128 120/145/130 119/159/143
f 102/119/105 140/171/155 138/160/144
f 131/161/145 133/131/116 115/133/118
f 99/111/97 100/120/106 136/163/147
f 111/112/98 158/172/156 156/165/149
f 112/121/107 97/114/100 129/149/134
f 109/123/109 154/173/157 152/167/151
f 106/117/103 107/116/102 150/168/152
f 105/125/110 146/175/158 144/170/154
f 103/126/111 142/176/159 140/171/155
f 101/127/112 138/160/144 136/163/147
f 111/112/98 112/121/107 160/166/150
f 98/122/108 99/111/97 134/164/148
f 110/113/99 156/165/149 154/173/157
f 107/124/102 108/115/101 152/167/151
f 105/125/110 106/117/103 148/169/153
f 103/126/111 104/118/104 144/170/154
f 131/161/145 130/178/160 129/149/134
f 133/131/116 131/161/145 132/148/133
f 135/150/135 133/131/116 134/164/148
f 137/128/113 135/150/135 136/163/147
f 137/128/113 138/160/144 140/171/155
f 139/147/132 140/171/155 142/176/159
f 141/146/131 142/176/159 144/170/154
f 143/143/128 144/170/154 146/175/158
f 145/158/142 146/175/158 148/169/153
f 147/140/125 148/169/153 150/168/152
f 151/137/122 149/157/141 150/174/152
f 153/155/140 151/137/122 152/167/151
f 153/155/140 154/173/157 156/165/149
f 157/134/119 155/136/121 156/165/149
f 157/134/119 158/172/156 160/166/150
f 159/153/138 160/166/150 129/149/134
f 131/161/145 114/162/146 113/154/139
f 113/154/139 114/162/146 162/179/161
f 124/139/124 125/138/123 173/181/163
f 122/142/127 123/141/126 171/183/165
f 121/144/129 169/192/173 168/185/167
f 118/129/114 119/159/143 167/186/168
f 116/132/117 117/130/115 165/188/170
f 128/151/136 176/193/174 175/190/172
f 115/133/118 163/194/175 162/179/161
f 126/135/120 174/195/176 173/181/163
f 124/139/124 172/182/164 171/191/165
f 122/142/127 170/184/166 169/192/173
f 119/159/143 120/145/130 168/185/167
f 117/130/115 118/129/114 166/187/169
f 128/151/136 113/154/139 161/180/162
f 115/133/118 116/132/117 164/189/171
f 126/135/120 127/152/137 175/190/172
f 165/188/170 181/217/190 180/196/177
f 175/198/172 176/219/174 192/199/178
f 162/201/161 163/220/175 179/202/180
f 173/204/163 174/221/176 190/205/182
f 172/207/164 188/223/192 187/208/184
f 169/210/173 170/224/166 186/211/185
f 167/213/168 168/225/167 184/214/187
f 165/188/170 166/187/169 182/216/189
f 161/218/162 177/222/191 192/199/178
f 163/220/175 164/197/171 180/196/177
f 175/198/172 191/200/179 190/205/182
f 162/201/161 178/203/181 177/222/191
f 172/207/164 173/204/163 189/206/183
f 171/209/165 187/208/184 186/211/185
f 168/225/167 169/210/173 185/212/186
f 167/213/168 183/215/188 182/216/189
f 193/226/193 190/205/182 191/200/179
f 196/227/194 189/206/183 190/205/182
f 196/227/194 199/228/195 188/223/192
f 199/228/195 186/211/185 187/208/184
f 194/229/196 193/226/193 192/199/178
f 197/230/197 196/227/194 193/226/193
f 197/230/197 200/231/198 199/228/195
f 200/231/198 185/212/186 186/211/185
f 178/203/181 195/232/199 194/229/196
f 195/232/199 198/234/201 197/230/197
f 201/233/200 200/231/198 197/230/197
f 184/214/187 185/212/186 200/231/198
f 179/202/180 180/196/177 195/232/199
f 180/196/177 181/217/190 198/234/201
f 182/216/189 201/233/200 198/234/201
f 183/215/188 184/214/187 201/233/200
f 209/235/202 210/314/279 233/236/203
f 211/238/205 212/315/280 232/239/206
f 213/241/208 214/260/227 231/242/209
f 215/244/211 216/261/228 230/245/212
f 217/247/214 218/262/229 229/248/215
f 219/250/217 220/263/230 228/251/218
f 221/253/220 222/309/231 227/254/221
f 233/236/203 210/314/279 223/256/223
f 232/239/206 212/315/280 224/258/225
f 214/260/227 209/235/202 208/237/204
f 216/261/228 211/238/205 207/240/207
f 218/262/229 215/244/211 206/246/213
f 220/263/230 217/247/214 205/249/216
f 222/264/231 219/250/217 204/252/219
f 223/256/223 221/253/220 203/255/222
f 224/258/225 213/241/208 202/243/210
f 225/259/226 362/334/297 376/266/232
f 233/236/203 226/257/224 364/267/233
f 227/254/221 366/2108/298 383/269/235
f 228/251/218 368/336/299 385/270/236
f 229/248/215 370/337/300 387/271/237
f 206/246/213 230/245/212 372/272/238
f 231/242/209 374/338/301 381/274/240
f 365/275/241 382/501/425 260/276/242
f 367/278/244 384/331/294 261/279/245
f 369/281/247 386/499/423 262/282/248
f 254/284/250 371/332/295 388/285/251
f 255/287/253 373/500/424 390/288/254
f 375/290/256 392/339/302 265/291/257
f 232/239/206 376/266/232 391/293/259
f 208/237/204 233/236/203 378/268/234
f 356/295/261 240/20/20 249/23/23
f 239/18/18 248/22/22 359/297/263
f 234/2/2 247/21/21 355/299/265
f 348/301/267 238/15/15 246/16/16
f 344/303/269 237/11/11 245/13/13
f 236/8/8 244/12/12 343/305/271
f 235/5/5 243/25/9 339/307/273
f 222/309/231 221/253/220 337/310/275
f 213/241/208 333/342/304 354/312/277
f 209/235/202 357/343/305 360/313/278
f 212/315/280 211/238/205 353/316/281
f 215/244/211 349/344/306 350/318/283
f 217/247/214 345/345/307 346/319/284
f 220/263/230 219/250/217 341/320/285
f 210/314/279 360/313/278 334/322/287
f 212/315/280 358/317/282 330/323/288
f 377/324/289 363/498/422 250/325/290
f 379/327/292 365/275/241 251/277/243
f 260/276/242 382/501/425 367/329/244
f 384/331/294 369/281/247 253/283/249
f 262/282/248 386/499/423 371/332/295
f 388/285/251 373/500/424 255/287/253
f 259/333/296 380/497/421 375/290/256
f 202/243/210 381/274/240 362/334/297
f 226/257/224 203/255/222 383/269/235
f 204/252/219 385/270/236 366/335/298
f 205/249/216 387/271/237 368/336/299
f 206/246/213 389/273/239 370/337/300
f 207/240/207 391/293/259 372/272/238
f 231/242/209 208/237/204 393/294/260
f 264/289/255 390/288/254 377/324/289
f 392/339/302 379/327/292 258/328/293
f 247/21/21 240/20/20 356/295/261
f 242/6/6 235/5/5 336/308/274
f 246/16/16 239/18/18 352/298/264
f 347/304/270 245/13/13 238/15/15
f 244/12/12 237/11/11 344/303/269
f 243/9/9 236/8/8 340/306/272
f 223/256/223 334/322/287 337/310/275
f 224/258/225 330/323/288 333/342/304
f 214/260/227 354/312/277 357/343/305
f 216/261/228 350/318/283 353/316/281
f 215/244/211 218/262/229 346/319/284
f 220/263/230 342/321/286 345/345/307
f 219/250/217 222/264/231 338/346/276
f 361/296/262 249/23/23 242/6/6
f 248/22/22 241/3/3 331/347/308
f 290/348/309 283/375/335 456/349/310
f 281/351/312 454/378/338 447/352/313
f 279/354/315 452/371/331 427/355/316
f 277/357/318 448/372/332 443/358/319
f 287/360/321 275/373/333 444/361/322
f 273/363/324 440/374/334 435/364/325
f 271/366/327 436/504/330 431/367/328
f 286/365/326 435/364/325 436/369/330
f 290/348/309 451/350/311 452/371/331
f 289/353/314 447/352/313 448/372/332
f 275/373/333 288/359/320 443/358/319
f 273/363/324 287/360/321 439/362/323
f 283/375/335 269/400/359 432/376/336
f 281/351/312 267/397/356 428/377/337
f 257/326/291 250/325/290 298/379/339
f 258/328/293 251/277/243 301/381/341
f 260/276/242 252/330/246 304/383/343
f 261/279/245 253/283/249 306/385/345
f 262/282/248 254/284/250 308/387/347
f 263/286/252 255/287/253 310/389/349
f 259/333/296 256/292/258 312/391/351
f 298/379/339 250/325/290 259/333/296
f 251/277/243 260/276/242 302/384/344
f 304/393/343 252/280/246 261/279/245
f 253/283/249 262/282/248 307/388/348
f 308/387/347 254/284/250 263/286/252
f 310/389/349 255/287/253 264/289/255
f 256/292/258 265/291/257 313/395/354
f 311/394/353 264/289/255 257/326/291
f 265/291/257 258/328/293 303/382/342
f 291/396/355 284/356/317 267/397/356
f 292/399/358 285/368/329 269/400/359
f 293/402/361 286/365/326 271/370/327
f 294/404/363 287/360/321 273/363/324
f 295/406/365 288/359/320 275/373/333
f 296/408/367 289/353/314 277/357/318
f 297/410/369 290/348/309 279/354/315
f 266/398/357 267/397/356 281/351/312
f 282/413/372 268/401/360 269/400/359
f 292/399/358 270/473/362 271/366/327
f 293/402/361 272/405/364 273/363/324
f 274/407/366 275/373/333 287/360/321
f 295/406/365 276/409/368 277/357/318
f 278/411/370 279/354/315 284/356/317
f 280/412/371 281/351/312 289/353/314
f 282/413/372 283/375/335 290/348/309
f 285/368/329 431/367/328 432/376/336
f 301/381/341 302/384/344 397/414/373
f 426/416/375 453/502/426 328/417/351
f 304/393/343 305/386/346 399/419/376
f 430/421/378 437/503/398 320/422/343
f 306/385/345 307/388/348 401/424/379
f 434/426/381 441/458/399 322/427/345
f 308/387/347 309/390/350 403/429/382
f 438/431/384 445/459/400 324/432/347
f 310/389/349 311/394/353 405/434/385
f 442/436/387 449/505/427 326/437/349
f 312/391/351 313/395/354 407/439/388
f 446/441/390 455/450/395 314/442/340
f 300/380/340 298/379/339 408/444/391
f 450/446/393 457/452/396 317/447/342
f 424/449/394 303/382/342 301/381/341
f 455/450/395 429/461/402 315/451/339
f 457/452/396 433/455/397 318/453/341
f 302/384/344 304/383/343 412/454/377
f 433/455/397 430/421/378 319/423/344
f 305/386/346 306/385/345 414/425/380
f 437/456/398 434/426/381 321/428/346
f 307/388/348 308/387/347 416/430/383
f 441/458/399 438/431/384 323/433/348
f 403/429/382 309/390/350 310/389/349
f 445/459/400 442/436/387 325/438/350
f 299/392/352 312/391/351 420/440/389
f 429/461/402 426/416/375 316/418/352
f 311/394/353 300/380/340 422/445/392
f 326/437/349 449/505/427 446/441/390
f 313/395/354 303/382/342 424/449/394
f 328/417/351 453/502/426 450/446/393
f 297/410/369 278/411/370 421/462/403
f 276/409/368 419/468/409 404/464/405
f 297/410/369 406/463/404 425/465/406
f 296/408/367 404/464/405 423/466/407
f 276/409/368 295/406/365 402/467/408
f 274/407/366 294/404/363 400/469/410
f 293/402/361 398/476/415 415/471/412
f 292/399/358 396/478/417 413/472/413
f 278/411/370 291/396/355 394/474/414
f 266/398/357 409/479/418 394/474/414
f 274/407/366 417/470/411 402/467/408
f 294/404/363 272/405/364 415/471/412
f 293/402/361 270/403/362 413/475/413
f 292/399/358 268/401/360 411/477/416
f 282/413/372 425/465/406 411/477/416
f 266/398/357 280/412/371 423/466/407
f 314/442/340 315/451/339 524/480/339
f 315/451/339 316/418/352 525/482/352
f 526/483/341 318/453/341 319/423/344
f 528/485/343 320/457/343 321/428/346
f 322/427/345 323/433/348 531/487/348
f 532/489/347 324/432/347 325/438/350
f 326/437/349 327/443/353 535/491/353
f 328/417/351 329/448/354 537/493/354
f 317/447/342 318/453/341 526/483/341
f 319/423/344 320/422/343 528/496/343
f 529/486/419 321/428/346 322/427/345
f 323/433/348 324/432/347 532/489/347
f 533/490/420 325/438/350 326/437/349
f 316/418/352 328/417/351 536/494/351
f 535/491/353 327/443/353 314/442/340
f 329/448/354 317/447/342 523/495/342
f 356/295/261 361/296/262 360/313/278
f 359/297/263 358/317/282 353/316/281
f 332/300/266 355/299/265 354/312/277
f 348/301/267 351/302/268 350/318/283
f 347/304/270 346/319/284 345/345/307
f 343/305/271 342/321/286 341/320/285
f 339/307/273 338/311/276 337/310/275
f 335/340/303 334/322/287 360/313/278
f 331/347/308 330/323/288 358/317/282
f 355/299/265 356/295/261 357/343/305
f 351/302/268 352/298/264 353/316/281
f 347/304/270 348/301/267 349/344/306
f 343/305/271 344/303/269 345/345/307
f 340/306/272 341/320/285 338/346/276
f 336/308/274 337/310/275 334/322/287
f 331/347/308 332/300/266 333/342/304
f 241/3/3 234/2/2 332/300/266
f 362/334/297 381/274/240 380/497/421
f 383/269/235 382/501/425 365/275/241
f 385/270/236 384/331/294 367/278/244
f 368/336/299 387/271/237 386/499/423
f 389/273/239 388/285/251 371/332/295
f 372/272/238 391/293/259 390/288/254
f 374/338/301 393/294/260 392/339/302
f 376/266/232 362/334/297 363/498/422
f 364/267/233 365/275/241 379/327/292
f 383/269/235 366/2108/298 367/329/244
f 368/336/299 369/281/247 384/331/294
f 387/271/237 370/337/300 371/332/295
f 372/272/238 373/500/424 388/285/251
f 381/274/240 374/338/301 375/290/256
f 391/293/259 376/266/232 377/324/289
f 378/268/234 379/327/292 392/339/302
f 363/498/422 380/497/421 259/333/296
f 408/444/391 395/460/401 394/474/414
f 397/414/373 396/478/417 411/477/416
f 399/419/376 398/476/415 413/475/413
f 414/425/380 401/424/379 400/469/410
f 416/430/383 403/429/382 402/467/408
f 418/435/386 405/434/385 404/464/405
f 420/440/389 407/439/388 406/463/404
f 422/445/392 408/444/391 409/479/418
f 424/449/394 410/415/374 411/477/416
f 397/414/373 412/454/377 413/472/413
f 414/425/380 415/471/412 398/476/415
f 416/430/383 417/470/411 400/469/410
f 403/429/382 418/435/386 419/468/409
f 420/440/389 421/462/403 394/474/414
f 405/434/385 422/445/392 423/466/407
f 407/439/388 424/449/394 425/465/406
f 298/379/339 299/392/352 395/460/401
f 426/416/375 429/461/402 428/377/337
f 433/455/397 432/376/336 431/367/328
f 434/426/381 437/456/398 436/369/330
f 438/431/384 441/458/399 440/374/334
f 445/459/400 444/361/322 443/358/319
f 446/441/390 449/505/427 448/372/332
f 453/502/426 452/371/331 451/350/311
f 455/450/395 454/378/338 428/377/337
f 457/452/396 456/349/310 432/376/336
f 437/503/398 430/421/378 431/367/328
f 441/458/399 434/426/381 435/364/325
f 438/431/384 439/362/323 444/361/322
f 442/436/387 443/358/319 448/372/332
f 426/416/375 427/355/316 452/371/331
f 455/450/395 446/441/390 447/352/313
f 457/452/396 450/446/393 451/350/311
f 267/397/356 284/356/317 427/355/316
f 601/506/428 471/529/451 473/507/429
f 469/509/431 472/534/455 586/510/432
f 589/512/434 459/533/454 470/513/435
f 467/515/437 468/611/515 598/516/438
f 595/518/440 465/612/516 466/519/441
f 593/521/443 463/531/452 464/522/444
f 591/524/446 461/613/517 462/525/447
f 587/508/430 473/507/429 460/527/449
f 600/514/436 470/513/435 471/529/451
f 598/516/438 468/611/515 469/509/431
f 466/519/441 467/515/437 597/517/439
f 464/522/444 465/612/516 595/518/440
f 592/530/448 462/614/447 463/531/452
f 460/527/449 461/613/517 591/524/446
f 588/532/453 458/615/518 459/533/454
f 472/534/455 458/615/518 588/532/453
f 504/535/456 488/672/571 474/536/457
f 474/536/457 475/673/572 491/538/459
f 492/539/460 476/558/479 477/540/461
f 478/542/463 479/560/480 495/543/464
f 480/545/466 481/561/481 497/546/467
f 482/548/469 483/562/482 499/549/470
f 500/551/472 484/674/573 485/552/473
f 486/554/475 487/563/483 503/555/476
f 505/557/478 489/671/570 476/558/479
f 477/540/461 478/675/463 494/559/465
f 479/560/480 480/545/466 496/547/468
f 481/561/481 482/548/469 498/550/471
f 483/562/482 484/674/573 500/551/472
f 491/538/459 475/673/572 486/554/475
f 485/552/473 488/672/571 504/535/456
f 487/563/483 489/671/570 505/557/478
f 503/555/476 505/557/478 571/564/484
f 501/553/474 504/535/456 570/566/486
f 491/538/459 502/556/477 584/568/488
f 581/570/490 499/549/470 500/551/472
f 497/546/467 498/550/471 580/572/492
f 577/574/494 495/543/464 496/547/468
f 575/576/496 493/541/462 494/559/465
f 571/564/484 505/557/478 492/539/460
f 502/556/477 503/555/476 585/565/485
f 582/571/491 500/551/472 501/553/474
f 498/550/471 499/549/470 581/570/490
f 578/575/495 496/547/468 497/546/467
f 576/579/497 494/544/465 495/543/464
f 492/539/460 493/541/462 575/576/496
f 490/537/458 491/538/459 573/569/489
f 570/566/486 504/535/456 490/537/458
f 520/581/500 506/584/502 538/582/501
f 506/584/502 507/609/513 539/585/352
f 508/586/503 509/605/510 541/587/344
f 510/589/504 511/607/511 543/590/346
f 512/592/505 513/608/512 545/593/348
f 546/595/347 514/639/541 515/596/506
f 548/598/349 516/641/543 517/599/507
f 518/601/508 519/610/514 551/602/354
f 553/604/509 521/644/546 508/586/503
f 509/605/510 510/646/504 542/606/343
f 511/607/511 512/592/505 544/594/345
f 513/608/512 514/639/541 546/595/347
f 515/596/506 516/641/543 548/598/349
f 507/609/513 518/601/508 550/603/351
f 517/599/507 520/581/500 552/583/340
f 519/610/514 521/644/546 553/604/509
f 537/493/354 523/495/342 473/507/429
f 469/509/431 535/491/353 522/481/340
f 525/482/352 536/494/351 470/513/435
f 467/515/437 533/490/420 534/492/349
f 531/487/348 532/489/347 466/519/441
f 529/486/419 530/488/345 464/522/444
f 461/613/517 527/484/344 528/496/343
f 473/507/429 523/495/342 526/483/341
f 470/513/435 536/494/351 537/493/354
f 468/611/515 534/492/349 535/491/353
f 466/519/441 532/489/347 533/490/420
f 530/488/345 531/487/348 465/612/516
f 528/485/343 529/486/419 463/531/452
f 460/527/449 526/483/341 527/484/344
f 458/615/518 524/480/339 525/482/352
f 522/481/340 524/480/339 458/615/518
f 631/616/519 551/602/354 553/604/509
f 629/618/521 549/600/353 552/583/340
f 539/585/352 550/603/351 630/620/523
f 547/597/350 548/598/349 628/622/525
f 545/593/348 546/595/347 626/624/527
f 543/590/346 544/594/345 624/626/529
f 621/628/531 541/587/344 542/606/343
f 633/617/520 553/604/509 540/588/341
f 630/620/523 550/603/351 551/602/354
f 628/622/525 548/598/349 549/600/353
f 546/595/347 547/597/350 627/623/526
f 544/594/345 545/593/348 625/625/528
f 622/631/532 542/591/343 543/590/346
f 620/630/533 540/588/341 541/587/344
f 538/582/501 539/585/352 619/621/524
f 552/583/340 538/582/501 618/632/534
f 554/633/535 556/649/549 506/584/502
f 506/584/502 556/649/549 557/634/536
f 558/635/537 559/650/550 509/605/510
f 560/636/538 561/651/551 511/607/511
f 512/592/505 562/647/547 563/637/539
f 564/638/540 565/652/552 515/596/506
f 566/640/542 567/653/553 517/599/507
f 568/642/544 569/648/548 519/610/514
f 555/643/545 558/635/537 508/586/503
f 509/605/510 559/650/550 560/645/538
f 511/607/511 561/651/551 562/647/547
f 563/637/539 564/638/540 514/639/541
f 515/596/506 565/652/552 566/640/542
f 507/609/513 557/634/536 568/642/544
f 517/599/507 567/653/553 554/633/535
f 569/648/548 555/643/545 521/644/546
f 554/633/535 570/566/486 572/580/499
f 556/649/549 572/580/499 573/569/489
f 558/635/537 574/578/498 575/576/496
f 560/636/538 576/579/497 577/574/494
f 578/575/495 579/573/493 563/637/539
f 580/572/492 581/570/490 565/652/552
f 566/640/542 582/571/491 583/567/487
f 584/568/488 585/565/485 569/648/548
f 555/643/545 571/564/484 574/578/498
f 575/576/496 576/577/497 560/645/538
f 577/574/494 578/575/495 562/647/547
f 579/573/493 580/572/492 564/638/540
f 581/570/490 582/571/491 566/640/542
f 573/569/489 584/568/488 568/642/544
f 583/567/487 570/566/486 554/633/535
f 585/565/485 571/564/484 555/643/545
f 586/510/432 588/532/453 602/654/554
f 602/654/554 588/532/453 589/512/434
f 590/528/450 591/524/446 605/657/557
f 606/659/559 592/530/448 593/521/443
f 594/523/445 595/518/440 609/661/561
f 596/520/442 597/517/439 611/663/563
f 598/516/438 599/511/433 613/665/565
f 600/514/436 601/506/428 615/667/567
f 617/669/569 587/508/430 590/528/450
f 605/657/557 591/524/446 592/526/448
f 593/521/443 594/523/445 608/662/562
f 595/518/440 596/520/442 610/664/564
f 597/517/439 598/516/438 612/666/566
f 589/512/434 600/514/436 614/668/568
f 599/511/433 586/510/432 616/655/555
f 601/506/428 587/508/430 617/669/569
f 615/667/567 617/669/569 489/671/570
f 613/665/565 616/655/555 488/672/571
f 603/656/556 614/668/568 486/554/475
f 611/663/563 612/666/566 484/674/573
f 481/561/481 609/661/561 610/664/564
f 479/560/480 607/660/560 608/662/562
f 605/657/557 606/670/559 478/675/463
f 617/669/569 604/658/558 476/558/479
f 486/554/475 614/668/568 615/667/567
f 484/674/573 612/666/566 613/665/565
f 482/548/469 610/664/564 611/663/563
f 480/545/466 608/662/562 609/661/561
f 478/542/463 606/659/559 607/660/560
f 604/658/558 605/657/557 477/540/461
f 602/654/554 603/656/556 475/673/572
f 616/655/555 602/654/554 474/536/457
f 632/619/522 618/632/534 732/676/574
f 732/676/574 618/632/534 619/621/524
f 734/679/577 620/630/533 621/628/531
f 736/681/579 622/631/532 623/627/530
f 738/683/581 624/626/529 625/625/528
f 626/624/527 627/623/526 741/685/583
f 742/687/585 628/622/525 629/618/521
f 630/620/523 631/616/519 745/689/587
f 633/617/520 620/630/533 734/679/577
f 621/628/531 622/629/532 736/692/579
f 737/682/580 623/627/530 624/626/529
f 625/625/528 626/624/527 740/686/584
f 627/623/526 628/622/525 742/687/585
f 619/621/524 630/620/523 744/690/588
f 743/688/586 629/618/521 632/619/522
f 631/616/519 633/617/520 731/691/589
f 817/693/590 816/717/614 704/694/591
f 815/696/593 729/807/701 703/697/594
f 701/699/596 669/819/712 690/700/597
f 644/702/599 645/783/679 688/703/600
f 820/705/602 712/722/619 715/706/603
f 641/708/605 680/787/683 679/709/606
f 811/711/608 824/733/630 720/712/609
f 702/714/611 670/822/714 673/715/612
f 814/698/595 703/697/594 704/694/591
f 718/718/615 686/820/713 689/719/616
f 819/721/618 711/815/708 712/722/619
f 678/723/620 681/811/704 713/724/621
f 693/726/623 696/790/685 728/727/624
f 813/729/626 812/799/694 700/730/627
f 823/732/629 719/810/703 720/712/609
f 664/734/631 650/737/634 746/735/632
f 650/737/634 651/762/658 747/738/635
f 748/739/636 652/895/765 653/740/637
f 654/742/639 655/760/656 751/743/640
f 656/745/642 657/761/657 753/746/643
f 658/748/645 659/893/764 755/749/646
f 660/751/648 661/763/659 757/752/649
f 662/754/651 663/892/763 759/755/652
f 665/757/654 652/895/765 748/739/636
f 653/740/637 654/896/639 750/759/641
f 655/760/656 656/745/642 752/747/644
f 657/761/657 658/748/645 754/750/647
f 755/749/646 659/893/764 660/751/648
f 651/762/658 662/754/651 758/756/653
f 661/763/659 664/734/631 760/736/633
f 759/755/652 663/892/763 665/757/654
f 811/711/608 727/713/610 698/764/660
f 722/701/598 690/700/597 693/726/623
f 635/766/662 646/781/677 691/767/663
f 644/702/599 687/704/601 684/769/665
f 682/771/667 685/800/695 717/772/668
f 640/710/607 679/709/606 676/774/670
f 637/776/672 638/823/684 675/777/673
f 705/716/613 673/715/612 674/779/675
f 646/781/677 647/805/699 692/782/678
f 645/783/679 648/791/686 695/784/680
f 642/785/681 643/770/666 684/769/665
f 641/708/605 642/785/681 683/786/682
f 639/775/671 676/774/670 675/788/673
f 696/790/685 670/822/714 702/714/611
f 648/791/686 634/793/688 666/792/687
f 635/766/662 668/768/664 666/792/687
f 721/720/617 689/719/616 694/794/689
f 709/796/691 677/809/702 678/723/620
f 822/797/692 821/707/604 715/706/603
f 810/765/661 698/764/660 700/730/627
f 685/800/695 686/820/713 718/718/615
f 818/801/696 817/894/590 707/802/592
f 649/804/698 697/818/711 692/782/678
f 815/696/593 825/814/707 724/806/700
f 706/808/676 674/821/675 677/809/702
f 823/732/629 822/797/692 716/798/693
f 681/811/704 682/771/667 714/773/669
f 726/795/690 694/794/689 667/812/705
f 825/814/707 813/729/626 723/731/628
f 818/801/696 708/803/697 711/815/708
f 636/816/709 637/776/672 672/778/674
f 649/804/698 636/816/709 671/817/710
f 697/818/711 696/790/685 693/726/623
f 688/703/600 695/784/680 694/794/689
f 691/767/663 690/700/597 669/819/712
f 687/704/601 686/820/713 685/800/695
f 683/786/682 682/771/667 681/811/704
f 676/774/670 679/709/606 678/723/620
f 672/778/674 675/777/673 674/779/675
f 671/817/710 670/822/714 696/790/685
f 692/782/678 693/726/623 690/700/597
f 687/704/601 688/703/600 689/719/616
f 684/769/665 685/800/695 682/771/667
f 680/787/683 681/811/704 678/723/620
f 675/788/673 676/774/670 677/809/702
f 671/817/710 672/778/674 673/715/612
f 666/792/687 668/768/664 669/819/712
f 695/784/680 666/792/687 667/812/705
f 699/813/706 698/764/660 727/713/610
f 701/699/596 700/730/627 698/764/660
f 702/714/611 705/716/613 704/694/591
f 706/808/676 709/796/691 708/803/697
f 710/725/622 713/724/621 712/722/619
f 714/773/669 717/772/668 716/798/693
f 718/718/615 721/720/617 720/712/609
f 725/728/625 724/806/700 723/731/628
f 702/714/611 703/697/594 729/807/701
f 705/716/613 706/780/676 707/695/592
f 710/725/622 711/815/708 708/803/697
f 713/724/621 714/773/669 715/706/603
f 717/772/668 718/718/615 719/810/703
f 701/699/596 722/701/598 723/731/628
f 721/720/617 726/795/690 727/713/610
f 728/727/624 729/807/701 724/806/700
f 699/813/706 667/812/705 669/819/712
f 745/689/587 731/691/589 649/804/698
f 645/783/679 743/688/586 730/677/575
f 733/678/576 744/690/588 646/781/677
f 741/685/583 742/687/585 644/702/599
f 641/708/605 739/684/582 740/686/584
f 639/775/671 737/682/580 738/683/581
f 735/680/578 736/692/579 638/823/684
f 649/804/698 731/691/589 734/679/577
f 744/690/588 745/689/587 647/805/699
f 644/702/599 742/687/585 743/688/586
f 740/686/584 741/685/583 643/770/666
f 738/683/581 739/684/582 641/708/605
f 638/789/684 736/681/579 737/682/580
f 734/679/577 735/680/578 637/776/672
f 634/793/688 732/676/574 733/678/576
f 730/677/575 732/676/574 634/793/688
f 809/824/715 759/755/652 761/758/655
f 757/752/649 760/736/633 794/826/717
f 747/738/635 758/756/653 808/828/719
f 805/830/721 755/749/646 756/753/650
f 753/746/643 754/750/647 804/832/723
f 751/743/640 752/747/644 802/834/725
f 799/836/727 749/741/638 750/759/641
f 795/825/716 761/758/655 748/739/636
f 808/828/719 758/756/653 759/755/652
f 756/753/650 757/752/649 807/827/718
f 804/832/723 754/750/647 755/749/646
f 752/747/644 753/746/643 803/833/724
f 800/839/728 750/744/641 751/743/640
f 748/739/636 749/741/638 799/836/727
f 796/840/730 746/735/632 747/738/635
f 760/736/633 746/735/632 796/840/730
f 776/841/731 762/844/732 2/842/339
f 762/844/732 763/870/743 1/845/352
f 764/846/733 765/865/739 12/847/344
f 766/849/734 767/867/740 10/850/419
f 768/852/735 769/868/741 8/853/348
f 770/855/736 771/869/742 6/856/420
f 772/858/737 773/879/752 4/859/353
f 774/861/738 775/871/744 15/862/354
f 14/864/509 777/881/754 764/846/733
f 765/865/739 766/883/734 11/866/343
f 767/867/740 768/852/735 9/854/345
f 769/868/741 770/855/736 7/857/347
f 771/869/742 772/858/737 5/860/349
f 763/870/743 774/861/738 16/863/351
f 4/859/353 773/879/752 776/841/731
f 775/871/744 777/881/754 14/864/509
f 778/872/745 780/873/746 762/844/732
f 780/873/746 781/888/760 763/870/743
f 782/874/747 783/882/755 765/865/739
f 766/849/734 784/889/761 785/875/748
f 786/876/749 787/884/756 769/868/741
f 788/877/750 789/890/762 771/869/742
f 790/878/751 791/886/758 773/879/752
f 774/861/738 792/885/757 793/880/753
f 777/881/754 779/887/759 782/874/747
f 783/882/755 784/891/761 766/883/734
f 767/867/740 785/875/748 786/876/749
f 787/884/756 788/877/750 770/855/736
f 771/869/742 789/890/762 790/878/751
f 763/870/743 781/888/760 792/885/757
f 791/886/758 778/872/745 776/841/731
f 775/871/744 793/880/753 779/887/759
f 778/872/745 794/826/717 796/840/730
f 780/873/746 796/840/730 797/829/720
f 798/838/729 799/836/727 783/882/755
f 784/889/761 800/839/728 801/835/726
f 786/876/749 802/834/725 803/833/724
f 788/877/750 804/832/723 805/830/721
f 806/831/722 807/827/718 791/886/758
f 808/828/719 809/824/715 793/880/753
f 795/825/716 798/838/729 782/874/747
f 783/882/755 799/836/727 800/837/728
f 785/875/748 801/835/726 802/834/725
f 787/884/756 803/833/724 804/832/723
f 789/890/762 805/830/721 806/831/722
f 781/888/760 797/829/720 808/828/719
f 791/886/758 807/827/718 794/826/717
f 809/824/715 795/825/716 779/887/759
f 655/760/656 818/801/696 819/721/618
f 662/754/651 813/729/626 825/814/707
f 659/893/764 822/797/692 823/732/629
f 663/892/763 825/814/707 815/696/593
f 655/760/656 654/742/639 817/894/590
f 651/762/658 650/737/634 810/765/661
f 658/748/645 821/707/604 822/797/692
f 664/734/631 811/711/608 810/765/661
f 660/751/648 823/732/629 824/733/630
f 662/754/651 651/762/658 812/799/694
f 656/745/642 819/721/618 820/705/602
f 652/895/765 814/698/595 816/717/614
f 661/763/659 824/733/630 811/711/608
f 657/761/657 820/705/602 821/707/604
f 652/895/765 665/757/654 815/696/593
f 654/896/639 653/740/637 816/717/614
f 826/897/766 828/903/772 829/898/767
f 827/899/768 829/898/767 857/900/769
f 855/902/771 856/931/800 829/898/767
f 829/898/767 856/931/800 874/904/773
f 826/897/766 876/906/775 830/905/774
f 830/905/774 854/909/778 855/902/771
f 876/906/775 877/943/812 859/907/776
f 830/905/774 859/907/776 872/908/777
f 878/910/779 879/914/783 833/911/780
f 833/911/780 861/917/786 862/913/782
f 879/914/783 880/950/819 860/915/784
f 833/911/780 860/915/784 875/916/785
f 878/910/779 831/912/781 834/918/787
f 832/919/788 834/918/787 864/920/789
f 862/913/782 863/938/807 834/918/787
f 834/918/787 863/938/807 873/922/791
f 835/923/792 839/928/797 840/924/793
f 836/925/794 840/924/793 866/926/795
f 839/928/797 862/913/782 861/917/786
f 840/924/793 861/917/786 875/916/785
f 835/923/792 836/925/794 841/929/798
f 837/930/799 841/929/798 856/931/800
f 836/925/794 867/927/796 868/932/801
f 841/929/798 868/932/801 874/904/773
f 835/923/792 837/930/799 842/933/802
f 838/934/803 842/933/802 869/935/804
f 837/930/799 855/902/771 854/909/778
f 842/933/802 854/909/778 872/908/777
f 835/923/792 838/934/803 843/937/806
f 839/928/797 843/937/806 863/938/807
f 838/934/803 870/936/805 871/939/808
f 843/937/806 871/939/808 873/922/791
f 844/940/809 846/944/813 847/941/810
f 845/942/811 847/941/810 859/907/776
f 870/936/805 869/935/804 847/941/810
f 847/941/810 869/935/804 872/908/777
f 844/940/809 881/946/815 848/945/814
f 848/945/814 871/939/808 870/936/805
f 881/946/815 865/921/790 864/920/789
f 848/945/814 864/920/789 873/922/791
f 849/947/816 851/951/820 852/948/817
f 850/949/818 852/948/817 860/915/784
f 867/927/796 866/926/795 852/948/817
f 852/948/817 866/926/795 875/916/785
f 849/947/816 882/953/822 853/952/821
f 853/952/821 868/932/801 867/927/796
f 882/953/822 858/901/770 857/900/769
f 853/952/821 857/900/769 874/904/773
s 0
f 907/954/823 916/1003/823 913/955/823
f 886/957/349 891/998/349 902/958/349
f 885/960/341 914/973/341 894/961/341
f 1186/963/341 1185/1009/341 910/964/341
f 1182/966/197 907/954/197 911/956/197
f 913/955/824 916/1003/824 901/968/824
f 888/970/345 893/976/345 900/971/345
f 884/965/341 910/964/341 914/973/341
f 883/974/898 886/957/898 917/959/898
f 893/976/1415 896/2109/1415 897/977/1415
f 894/961/1416 898/994/1416 897/979/1416
f 895/969/1417 899/996/1417 897/981/1417
f 900/971/1418 903/997/1418 904/983/1418
f 901/968/1419 905/1011/1419 904/985/1419
f 902/958/1420 906/999/1420 904/987/1420
f 907/954/986 1182/966/986 1181/989/986
f 1181/991/1421 1180/1012/1421 908/975/1421
f 895/969/1422 898/982/1422 915/993/1422
f 898/994/1423 894/961/1423 914/973/1423
f 901/968/1424 903/986/1424 899/996/1424
f 903/997/1425 900/971/1425 893/976/1425
f 891/998/1426 892/2110/1426 906/999/1426
f 892/1000/1427 890/972/1427 900/971/1427
f 887/962/1153 894/961/1153 896/980/1153
f 889/1002/1428 896/2109/1428 893/976/1428
f 916/1003/1429 907/954/1429 909/990/1429
f 918/1005/1430 909/992/1430 908/975/1430
f 1183/967/1431 911/956/1431 912/1006/1431
f 1184/1008/1432 912/1010/1432 910/964/1432
f 913/955/1433 915/993/1433 912/1006/1433
f 915/995/1434 914/973/1434 910/964/1434
f 901/968/1435 916/1003/1435 918/1004/1435
f 905/988/1436 918/1005/1436 917/959/1436
f 883/974/349 908/975/349 1180/1012/349
f 928/1014/848 947/1029/848 956/1015/848
f 954/1017/349 948/1062/349 927/1018/349
f 1159/1020/349 948/1062/349 954/1017/349
f 934/1022/341 920/1035/341 957/1023/341
f 950/1025/197 953/1060/197 941/1026/197
f 1167/1028/848 956/1015/848 947/1029/848
f 1162/1031/341 951/1024/341 957/1023/341
f 919/1016/1437 922/1036/1437 923/1033/1437
f 920/1035/1438 924/1038/1438 923/1033/1438
f 921/1037/1439 925/2111/1439 923/1033/1439
f 926/1039/1440 929/1072/1440 930/1040/1440
f 927/1018/1441 931/1044/1441 930/1042/1441
f 928/1014/1442 932/1073/1442 930/1042/1442
f 933/1045/1443 936/1048/1443 937/1046/1443
f 934/1022/1444 938/1049/1444 937/1046/1444
f 935/1027/1445 939/1069/1445 937/1046/1445
f 940/1050/1446 943/1070/1446 944/1051/1446
f 941/1026/1447 945/1074/1447 944/1053/1447
f 942/1019/1448 946/1071/1448 944/1055/1448
f 955/1057/861 1157/1335/861 1156/1021/861
f 1158/1058/862 1157/2112/862 955/1059/862
f 1160/1061/863 949/1063/863 948/1062/863
f 1161/1030/864 947/1029/864 949/1063/864
f 952/1064/865 951/1024/865 1162/1031/865
f 950/1025/866 952/1064/866 1163/1065/866
f 1166/1067/867 1165/1032/867 957/1023/867
f 956/1015/868 1167/1028/868 1166/1067/868
f 1164/1066/197 1158/1058/197 953/1060/197
f 920/1035/1449 934/1022/1449 936/1048/1449
f 936/1048/1450 933/1045/1450 921/1037/1450
f 941/1026/869 943/1054/869 939/1069/869
f 943/1070/870 940/1050/870 933/1045/870
f 927/1018/1451 929/1043/1451 946/1071/1451
f 929/1072/348 926/1039/348 940/1050/348
f 928/1014/871 919/1016/871 925/1034/871
f 932/1041/872 925/2111/872 921/1037/872
f 947/1029/864 928/1014/864 931/1044/864
f 949/1063/1452 931/1044/1452 927/1018/1452
f 950/1025/1453 935/1027/1453 938/1049/1453
f 938/1049/865 934/1022/865 951/1024/865
f 953/1060/862 955/1059/862 945/1074/862
f 955/1057/1454 954/1017/1454 942/1019/1454
f 956/1015/868 958/1068/868 922/1036/868
f 922/1036/867 958/1068/867 957/1023/867
f 940/1050/345 926/1039/345 921/1037/345
s 1
f 964/1075/341 974/1107/341 1014/1076/874
f 979/1078/875 965/1104/888 961/1079/876
f 973/1081/341 1004/1102/341 1024/1082/341
f 1247/1084/349 1001/1145/349 988/1085/349
f 968/1087/878 982/1105/889 1008/1088/879
f 1244/1090/341 1227/1154/341 990/1091/341
f 1006/1093/881 1023/1163/914 985/1094/882
f 1013/1096/884 999/1164/915 1005/1097/885
f 1003/1092/341 990/1091/341 1020/1099/874
f 1204/1101/341 1245/1162/341 1004/1102/341
f 1214/1103/887 1194/1372/916 965/1104/888
f 981/1098/886 1005/1097/885 1008/1088/879
f 1191/1106/341 1205/1121/341 974/1107/341
f 976/1108/890 1018/2113/917 969/1109/891
f 963/1111/349 972/1115/349 1206/1112/349
f 963/1111/349 959/2114/349 1016/1114/349
f 1207/1116/349 1206/1112/349 972/1115/349
f 970/1083/341 1014/1076/874 974/1107/341
f 982/1105/889 968/1087/878 967/1118/893
f 1015/1120/349 971/1117/349 972/1115/349
f 973/1081/341 974/1107/341 1205/1121/341
f 1007/1122/895 996/1147/908 992/1123/896
f 1029/1125/341 1010/1135/874 1011/1126/341
f 1030/1128/349 1034/1180/920 1012/1129/349
f 971/1117/349 1002/1159/349 1246/1131/349
f 1280/1132/349 1030/1128/349 1009/1130/898
f 1279/1134/341 1261/1421/341 1010/1135/874
f 1032/1136/899 977/1080/877 961/1079/876
f 1027/1138/901 978/1149/910 977/1080/877
f 981/1098/886 984/1110/892 969/1109/891
f 982/1105/889 983/1119/894 984/1110/892
f 975/1139/902 983/1119/894 967/1118/893
f 975/1139/902 976/1108/890 984/1110/892
f 1215/1141/904 980/1144/907 966/1142/905
f 1215/1141/904 1214/1103/887 979/1078/875
f 1001/1145/349 1026/1160/349 1021/1146/349
f 1006/1093/881 993/1095/883 996/1147/908
f 980/1144/907 978/1149/910 962/1148/909
f 979/1078/875 977/1080/877 978/1149/910
f 986/1150/341 1020/1099/874 990/1091/341
f 987/1152/349 1235/1190/349 1234/1086/349
f 1022/1153/349 987/1152/349 988/1085/349
f 989/1151/341 990/1091/341 1227/1154/341
f 995/1156/911 991/1189/918 992/1123/896
f 994/1157/912 993/1095/883 985/1094/882
f 994/1157/912 995/1156/911 996/1147/908
f 1027/1138/901 1028/1188/919 962/1148/909
f 1000/1100/341 1024/1082/341 1004/1102/341
f 1001/1145/349 1247/1084/349 1246/1131/349
f 1026/1160/349 1001/1145/349 1002/1159/349
f 1003/1092/341 1004/1102/341 1245/1162/341
f 997/1124/897 998/1089/880 1008/1088/879
f 1023/1163/914 1006/1093/881 1005/1097/885
f 1006/1093/881 1007/1122/895 1008/1088/879
f 971/1117/349 1015/1120/349 1025/1161/349
f 1009/1130/898 965/1168/888 1194/1165/916
f 1011/1126/341 1010/1135/874 966/1166/905
f 1012/1129/349 961/1187/876 965/1168/888
f 1010/1135/874 1261/1421/341 1195/1169/906
f 1014/1076/874 970/1083/341 1013/1170/884
f 1016/1114/349 967/1174/893 968/1172/878
f 1016/1114/349 959/2114/349 1017/1173/903
f 1014/1076/874 969/1171/891 1018/1175/917
f 1020/1099/874 986/1150/341 1019/1176/913
f 1021/1146/349 992/1185/896 991/1178/918
f 1011/1126/341 962/1167/909 1028/1179/919
f 1034/1180/920 1022/1153/349 991/1178/918
f 1000/1100/341 1023/1186/914 999/1182/915
f 1026/1160/349 1025/1161/349 998/1183/880
f 1015/1120/349 968/1172/878 998/1183/880
f 1021/1146/349 1026/1160/349 997/1184/897
f 1020/1099/874 985/1177/882 1023/1186/914
f 970/1083/341 1024/1082/341 999/1182/915
f 1012/1129/349 1034/1180/920 1031/1181/900
f 1033/1127/341 1028/1179/919 1019/1176/913
f 994/1157/912 1019/1158/913 1028/1188/919
f 994/1157/912 1027/1138/901 1032/1136/899
f 995/1156/911 1032/1136/899 1031/1137/900
f 1226/1155/341 1279/1134/341 1029/1125/341
f 1235/1190/349 987/1152/349 1030/1128/349
f 987/1152/349 1022/1153/349 1034/1180/920
f 989/1151/341 1029/1125/341 1033/1127/341
f 1035/1191/921 1036/1194/924 1038/1192/922
f 1036/1194/924 1067/1247/977 1066/1195/925
f 1038/1192/922 1065/1198/928 1064/1196/926
f 1038/1192/922 1066/1195/925 1083/1197/927
f 1035/1191/921 1037/1193/923 1039/1199/929
f 1064/1196/926 1063/1230/960 1039/1199/929
f 1085/1200/930 1039/1199/929 1068/1201/931
f 1039/1199/929 1063/1230/960 1081/1203/933
f 1087/1204/934 1040/1208/938 1042/1205/935
f 1071/1207/937 1070/1222/952 1042/1205/935
f 1088/1206/936 1042/1205/935 1069/1209/939
f 1042/1205/935 1070/1222/952 1084/1211/941
f 1087/1204/934 1041/1213/943 1043/1212/942
f 1041/1213/943 1074/1240/970 1073/1214/944
f 1043/1212/942 1072/1216/946 1071/1207/937
f 1043/1212/942 1073/1214/944 1082/1215/945
f 1044/1217/947 1045/1220/950 1049/1218/948
f 1045/1220/950 1076/1226/956 1075/1221/951
f 1048/1219/949 1049/1218/948 1070/1222/952
f 1049/1218/948 1075/1221/951 1084/1211/941
f 1044/1217/947 1046/1224/954 1050/1223/953
f 1046/1224/954 1064/1196/926 1065/1198/928
f 1045/1220/950 1050/1223/953 1077/1225/955
f 1050/1223/953 1065/1198/928 1083/1197/927
f 1044/1217/947 1047/1228/958 1051/1227/957
f 1047/1228/958 1079/1233/963 1078/1229/959
f 1046/1224/954 1051/1227/957 1063/1230/960
f 1051/1227/957 1078/1229/959 1081/1203/933
f 1044/1217/947 1048/1219/949 1052/1231/961
f 1048/1219/949 1071/1207/937 1072/1216/946
f 1047/1228/958 1052/1231/961 1080/1232/962
f 1052/1231/961 1072/1216/946 1082/1215/945
f 1053/1234/964 1054/1237/967 1056/1235/965
f 1054/1237/967 1086/1202/932 1068/1201/931
f 1056/1235/965 1078/1229/959 1079/1233/963
f 1056/1235/965 1068/1201/931 1081/1203/933
f 1053/1234/964 1055/1236/966 1057/1238/968
f 1079/1233/963 1080/1232/962 1057/1238/968
f 1090/1239/969 1057/1238/968 1073/1214/944
f 1057/1238/968 1080/1232/962 1082/1215/945
f 1058/1241/971 1059/1244/974 1061/1242/972
f 1059/1244/974 1089/1210/940 1069/1209/939
f 1061/1242/972 1075/1221/951 1076/1226/956
f 1061/1242/972 1069/1209/939 1084/1211/941
f 1058/1241/971 1060/1243/973 1062/1245/975
f 1076/1226/956 1077/1225/955 1062/1245/975
f 1091/1246/976 1062/1245/975 1066/1195/925
f 1062/1245/975 1077/1225/955 1083/1197/927
s 0
f 1120/1248/978 1122/1260/978 1125/1249/978
f 1095/1251/349 1126/1266/349 1111/1252/349
f 1103/1254/341 1123/1264/341 1094/1255/341
f 1119/1257/341 1185/1009/341 1186/963/341
f 1183/967/197 1120/1248/197 1116/1250/197
f 1104/1259/979 1110/1276/979 1125/1249/979
f 1109/1261/352 1102/1267/352 1097/1262/352
f 1123/1264/341 1119/1257/341 1093/1258/341
f 1092/1265/349 1117/1281/349 1126/1266/349
f 1102/1267/1455 1108/1286/1455 1106/1268/1455
f 1103/1254/1456 1105/1289/1456 1106/1270/1456
f 1104/1259/1457 1107/2115/1457 1106/1272/1457
f 1109/1261/1458 1115/1288/1458 1113/1274/1458
f 1110/1276/1459 1112/1285/1459 1113/1277/1459
f 1111/1252/1460 1114/1296/1460 1113/1279/1460
f 1116/1250/831 1118/1291/831 1181/989/831
f 1117/1281/1421 1180/1012/1421 1181/991/1421
f 1124/1283/1461 1107/2115/1461 1104/1259/1461
f 1123/1264/1462 1103/1254/1462 1107/1271/1462
f 1104/1259/990 1108/1273/990 1112/1285/990
f 1108/1286/991 1102/1267/991 1109/1261/991
f 1115/1280/1016 1101/2116/1016 1100/1253/1016
f 1109/1261/339 1099/1263/339 1101/1287/339
f 1096/1256/1463 1098/2117/1463 1105/1289/1463
f 1098/1290/351 1097/1262/351 1102/1267/351
f 1125/1249/996 1127/1295/996 1118/1291/996
f 1127/1292/1464 1126/1266/1464 1117/1281/1464
f 1184/1007/1465 1121/1294/1465 1120/1248/1465
f 1185/1009/1432 1119/1257/1432 1121/1293/1432
f 1121/1294/1466 1124/1283/1466 1122/1260/1466
f 1119/1257/1467 1123/1264/1467 1124/1284/1467
f 1110/1276/1468 1114/1278/1468 1127/1295/1468
f 1114/1296/1469 1111/1252/1469 1126/1266/1469
f 1180/1012/349 1117/1281/349 1092/1265/349
f 1128/1297/848 1177/1309/848 1168/1298/848
f 1136/1300/349 1169/1338/349 1175/1301/349
f 1175/1301/349 1169/1338/349 1159/1020/349
f 1178/1303/341 1129/1312/341 1143/1304/341
f 1144/1306/197 1150/1330/197 1174/1307/197
f 1161/1030/848 1168/1298/848 1177/1309/848
f 1178/1303/341 1172/1305/341 1162/1031/341
f 1128/1297/1470 1134/2118/1470 1132/1310/1470
f 1129/1312/1471 1131/1311/1471 1132/1310/1471
f 1130/1314/1472 1133/1313/1472 1132/1310/1472
f 1135/1316/1473 1141/1345/1473 1139/1317/1473
f 1136/1300/1474 1138/2119/1474 1139/1319/1474
f 1137/1299/1475 1140/1320/1475 1139/1319/1475
f 1142/1322/1476 1148/1343/1476 1146/1323/1476
f 1143/1304/1477 1145/1324/1477 1146/1323/1477
f 1144/1306/1478 1147/1325/1478 1146/1323/1478
f 1149/1327/1479 1155/1344/1479 1153/1328/1479
f 1150/1330/1480 1152/1342/1480 1153/1331/1480
f 1151/1302/1481 1154/1346/1481 1153/1333/1481
f 1175/1301/861 1156/1021/861 1157/1335/861
f 1176/1337/862 1157/2112/862 1158/1058/862
f 1160/1061/863 1159/1020/863 1169/1338/863
f 1160/1061/864 1170/1339/864 1168/1298/864
f 1162/1031/865 1172/1305/865 1173/1340/865
f 1163/1065/866 1173/1340/866 1171/1308/866
f 1179/1341/867 1178/1303/867 1165/1032/867
f 1179/1341/868 1166/1067/868 1167/1028/868
f 1171/1308/197 1174/1307/197 1158/1058/197
f 1133/1313/342 1145/1324/342 1143/1304/342
f 1130/1314/351 1142/1322/351 1145/1324/351
f 1144/1306/1014 1148/1326/1014 1152/1342/1014
f 1142/1322/1015 1149/1327/1015 1152/1329/1015
f 1155/1334/1482 1138/2119/1482 1136/1300/1482
f 1149/1327/1483 1135/1316/1483 1138/1318/1483
f 1141/1321/1017 1134/2118/1017 1128/1297/1017
f 1141/1345/1018 1135/1316/1018 1130/1314/1018
f 1168/1298/864 1170/1339/864 1140/1320/864
f 1169/1338/863 1136/1300/863 1140/1320/863
f 1173/1340/866 1147/1325/866 1144/1306/866
f 1172/1305/1484 1143/1304/1484 1147/1325/1484
f 1154/1332/862 1176/1337/862 1174/1307/862
f 1151/1302/861 1175/1301/861 1176/1336/861
f 1131/1311/868 1179/1341/868 1177/1309/868
f 1131/1311/867 1129/1312/867 1178/1303/867
f 1130/1314/352 1135/1316/352 1149/1327/352
s 1
f 1263/1347/341 1211/1373/341 1197/1348/341
f 1218/1350/1022 1216/1397/1043 1192/1351/1023
f 1273/1353/341 1251/1371/341 1210/1354/341
f 1247/1084/349 1234/1086/349 1229/1356/349
f 1201/1358/1025 1241/2120/1058 1255/1359/1026
f 1231/1361/341 1227/1154/341 1244/1090/341
f 1253/1363/1028 1236/2121/1485 1224/1364/1029
f 1252/1366/1031 1242/2122/1057 1262/1367/1032
f 1269/1369/341 1231/1361/341 1250/1362/341
f 1251/1371/341 1245/1162/341 1204/1101/341
f 1214/1103/887 1218/1350/1022 1198/1352/1024
f 1255/1359/1026 1252/1366/1031 1220/1368/1033
f 1211/1373/341 1205/1121/341 1191/1106/341
f 1213/1374/1034 1223/2123/1486 1202/1375/1035
f 1206/1112/349 1209/1380/349 1196/1377/349
f 1196/1377/349 1209/1380/349 1265/1378/349
f 1209/1380/349 1206/1112/349 1207/1116/349
f 1211/1373/341 1263/1347/341 1203/1355/341
f 1221/1360/1027 1222/1399/1045 1200/1382/1037
f 1264/1383/349 1265/1378/349 1209/1380/349
f 1205/1121/341 1211/1373/341 1210/1354/341
f 1233/1384/1038 1239/1405/1049 1254/1385/1039
f 1259/1387/341 1258/1394/341 1278/1388/341
f 1281/1390/349 1256/1393/349 1260/1391/349
f 1246/1131/349 1249/1417/349 1208/1381/349
f 1280/1132/349 1257/1133/349 1256/1393/349
f 1258/1394/341 1261/1421/341 1279/1134/341
f 1192/1351/1023 1216/1397/1043 1283/1395/1041
f 1216/1397/1043 1217/2124/1487 1276/1398/1044
f 1202/1375/1035 1223/2123/1486 1220/1368/1033
f 1220/1368/1033 1223/2123/1486 1222/1399/1045
f 1200/1382/1037 1222/1399/1045 1212/1400/1046
f 1222/1399/1045 1223/2123/1486 1213/1374/1034
f 1199/1402/1048 1219/1407/1051 1215/1141/904
f 1215/1141/904 1219/1407/1051 1218/1350/1022
f 1248/1357/349 1229/1356/349 1270/1403/349
f 1239/1405/1049 1236/2121/1485 1253/1363/1028
f 1193/1406/1050 1217/2124/1487 1219/1407/1051
f 1219/1407/1051 1217/2124/1487 1216/1397/1043
f 1231/1361/341 1269/1369/341 1225/1408/874
f 1228/1410/349 1229/1356/349 1234/1086/349
f 1271/1411/349 1270/1403/349 1229/1356/349
f 1227/1154/341 1231/1361/341 1230/1409/341
f 1238/1412/1052 1239/1405/1049 1233/1384/1038
f 1224/1364/1029 1236/2121/1485 1237/1414/1054
f 1237/1414/1054 1236/2121/1485 1239/1405/1049
f 1276/1398/1044 1217/2124/1487 1193/1406/1050
f 1251/1371/341 1273/1353/341 1243/1370/341
f 1248/1357/349 1249/1417/349 1246/1131/349
f 1275/1404/349 1274/1418/349 1249/1417/349
f 1245/1162/341 1251/1371/341 1250/1362/341
f 1255/1359/1026 1241/2120/1058 1240/1386/1040
f 1272/1365/1030 1242/2122/1057 1252/1366/1031
f 1253/1363/1028 1252/1366/1031 1255/1359/1026
f 1208/1381/349 1249/1417/349 1274/1418/349
f 1194/1165/916 1198/1420/1024 1256/1393/349
f 1259/1387/341 1193/2125/1050 1199/1419/1048
f 1198/1420/1024 1192/2126/1023 1260/1391/349
f 1258/1394/341 1199/1419/1048 1195/1169/906
f 1263/1347/341 1202/2127/1035 1262/1422/1032
f 1201/1423/1025 1200/2128/1037 1265/1378/349
f 1265/1378/349 1200/2128/1037 1266/1424/1047
f 1267/1425/1036 1202/2127/1035 1263/1347/341
f 1269/1369/341 1224/2129/1029 1268/1426/1055
f 1232/1427/1053 1233/2130/1038 1270/1403/349
f 1277/1428/1056 1193/2125/1050 1259/1387/341
f 1285/1392/349 1282/1433/1042 1232/1427/1053
f 1242/1429/1057 1272/1432/1030 1243/1370/341
f 1275/1404/349 1240/1431/1040 1241/1430/1058
f 1241/1430/1058 1201/1423/1025 1264/1383/349
f 1270/1403/349 1233/2130/1038 1240/1431/1040
f 1272/1432/1030 1224/2129/1029 1269/1369/341
f 1203/1355/341 1262/1422/1032 1242/1429/1057
f 1260/1391/349 1192/2126/1023 1282/1433/1042
f 1268/1426/1055 1277/1428/1056 1284/1389/341
f 1237/1414/1054 1276/1398/1044 1277/1416/1056
f 1283/1395/1041 1276/1398/1044 1237/1414/1054
f 1282/1396/1042 1283/1395/1041 1238/1412/1052
f 1278/1388/341 1279/1134/341 1226/1155/341
f 1235/1190/349 1280/1132/349 1281/1390/349
f 1228/1410/349 1281/1390/349 1285/1392/349
f 1284/1389/341 1278/1388/341 1230/1409/341
f 1286/1434/1059 1288/1440/1065 1289/1435/1060
f 1287/1436/1061 1289/1435/1060 1317/1437/1062
f 1315/1439/1064 1316/1468/1093 1289/1435/1060
f 1289/1435/1060 1316/1468/1093 1334/1441/1066
f 1286/1434/1059 1336/1443/1068 1290/1442/1067
f 1290/1442/1067 1314/1446/1071 1315/1439/1064
f 1336/1443/1068 1337/1480/1105 1319/1444/1069
f 1290/1442/1067 1319/1444/1069 1332/1445/1070
f 1338/1447/1072 1339/1451/1076 1293/1448/1073
f 1293/1448/1073 1321/1454/1079 1322/1450/1075
f 1339/1451/1076 1340/1487/1112 1320/1452/1077
f 1293/1448/1073 1320/1452/1077 1335/1453/1078
f 1338/1447/1072 1291/1449/1074 1294/1455/1080
f 1292/1456/1081 1294/1455/1080 1324/1457/1082
f 1322/1450/1075 1323/1475/1100 1294/1455/1080
f 1294/1455/1080 1323/1475/1100 1333/1459/1084
f 1295/1460/1085 1299/1465/1090 1300/1461/1086
f 1296/1462/1087 1300/1461/1086 1326/1463/1088
f 1299/1465/1090 1322/1450/1075 1321/1454/1079
f 1300/1461/1086 1321/1454/1079 1335/1453/1078
f 1295/1460/1085 1296/1462/1087 1301/1466/1091
f 1297/1467/1092 1301/1466/1091 1316/1468/1093
f 1296/1462/1087 1327/1464/1089 1328/1469/1094
f 1301/1466/1091 1328/1469/1094 1334/1441/1066
f 1295/1460/1085 1297/1467/1092 1302/1470/1095
f 1298/1471/1096 1302/1470/1095 1329/1472/1097
f 1297/1467/1092 1315/1439/1064 1314/1446/1071
f 1302/1470/1095 1314/1446/1071 1332/1445/1070
f 1295/1460/1085 1298/1471/1096 1303/1474/1099
f 1299/1465/1090 1303/1474/1099 1323/1475/1100
f 1298/1471/1096 1330/1473/1098 1331/1476/1101
f 1303/1474/1099 1331/1476/1101 1333/1459/1084
f 1304/1477/1102 1306/1481/1106 1307/1478/1103
f 1305/1479/1104 1307/1478/1103 1319/1444/1069
f 1330/1473/1098 1329/1472/1097 1307/1478/1103
f 1307/1478/1103 1329/1472/1097 1332/1445/1070
f 1304/1477/1102 1341/1483/1108 1308/1482/1107
f 1308/1482/1107 1331/1476/1101 1330/1473/1098
f 1341/1483/1108 1325/1458/1083 1324/1457/1082
f 1308/1482/1107 1324/1457/1082 1333/1459/1084
f 1309/1484/1109 1311/1488/1113 1312/1485/1110
f 1310/1486/1111 1312/1485/1110 1320/1452/1077
f 1327/1464/1089 1326/1463/1088 1312/1485/1110
f 1312/1485/1110 1326/1463/1088 1335/1453/1078
f 1309/1484/1109 1342/1490/1115 1313/1489/1114
f 1313/1489/1114 1328/1469/1094 1327/1464/1089
f 1342/1490/1115 1318/1438/1063 1317/1437/1062
f 1313/1489/1114 1317/1437/1062 1334/1441/1066
s 0
f 1367/1491/1116 1376/1505/1116 1373/1492/1116
f 1346/1494/345 1351/1535/345 1362/1495/345
f 1345/1497/352 1374/1510/352 1354/1498/352
f 1606/1500/352 1605/1544/352 1370/1501/352
f 1602/1503/197 1367/1491/197 1371/1493/197
f 1376/1505/1117 1361/1522/1117 1355/1506/1117
f 1348/1507/341 1353/1513/341 1360/1508/341
f 1344/1502/352 1370/1501/352 1374/1510/352
f 1343/1511/345 1346/1494/345 1377/1496/345
f 1353/1513/1488 1356/2131/1488 1357/1514/1488
f 1354/1498/1489 1358/1531/1489 1357/1516/1489
f 1355/1506/1490 1359/1533/1490 1357/1518/1490
f 1360/1508/1491 1363/1534/1491 1364/1520/1491
f 1361/1522/1492 1365/1547/1492 1364/1523/1492
f 1362/1495/1493 1366/1536/1493 1364/1525/1493
f 1602/1503/1306 1601/1853/1306 1369/1527/1306
f 1369/1528/1494 1601/1855/1494 1600/1529/1494
f 1355/1506/1495 1358/1519/1495 1375/1530/1495
f 1358/1531/1496 1354/1498/1496 1374/1510/1496
f 1361/1522/1128 1363/1524/1128 1359/1533/1128
f 1363/1534/1497 1360/1508/1497 1353/1513/1497
f 1351/1535/1498 1352/2132/1498 1366/1536/1498
f 1352/1537/1499 1350/1509/1499 1360/1508/1499
f 1347/1499/1500 1354/1498/1500 1356/1517/1500
f 1349/1539/1501 1356/2131/1501 1353/1513/1501
f 1376/1505/1502 1367/1491/1502 1369/1527/1502
f 1378/1541/1134 1369/1528/1134 1368/1512/1134
f 1371/1493/1503 1372/1545/1503 1604/1542/1503
f 1604/1543/1504 1372/1546/1504 1370/1501/1504
f 1373/1492/1505 1375/1530/1505 1372/1545/1505
f 1375/1532/1138 1374/1510/1138 1370/1501/1138
f 1361/1522/1506 1376/1505/1506 1378/1540/1506
f 1365/1526/1507 1378/1541/1507 1377/1496/1507
f 1343/1511/345 1368/1512/345 1600/1529/345
f 1388/1549/848 1407/1564/848 1416/1550/848
f 1414/1552/345 1408/1620/345 1387/1553/345
f 1579/1555/345 1408/1620/345 1414/1552/345
f 1411/1557/352 1394/1585/352 1380/1558/352
f 1410/1560/197 1413/1600/197 1401/1561/197
f 1587/1563/848 1416/1550/848 1407/1564/848
f 1582/1566/352 1411/1557/352 1417/1559/352
f 1379/1551/1508 1382/1624/1508 1383/1568/1508
f 1380/1558/1509 1384/1611/1509 1383/1570/1509
f 1381/1572/1510 1385/2133/1510 1383/1573/1510
f 1386/1575/1511 1389/1616/1511 1390/1576/1511
f 1387/1553/1512 1391/1619/1512 1390/1578/1512
f 1388/1549/1513 1392/1617/1513 1390/1580/1513
f 1393/1582/1477 1396/1612/1477 1397/1583/1477
f 1394/1585/1514 1398/2134/1514 1397/1586/1514
f 1395/1562/1515 1399/1613/1515 1397/1588/1515
f 1400/1590/1516 1403/1614/1516 1404/1591/1516
f 1401/1561/1517 1405/1623/1517 1404/1593/1517
f 1402/1554/1518 1406/1615/1518 1404/1595/1518
f 1415/1597/870 1577/1915/870 1576/1556/870
f 1578/1598/869 1577/2135/869 1415/1599/869
f 1409/1601/872 1408/1620/872 1579/1555/872
f 1407/1564/871 1409/1618/871 1580/1603/871
f 1583/1604/1015 1412/1622/1015 1411/1557/1015
f 1410/1560/1014 1412/1621/1014 1583/1605/1014
f 1586/1607/1018 1585/1567/1018 1417/1559/1018
f 1416/1550/1017 1587/1563/1017 1586/1609/1017
f 1578/1598/197 1413/1600/197 1410/1560/197
f 1394/1585/351 1396/1587/351 1384/1611/351
f 1396/1612/509 1393/1582/509 1381/1572/509
f 1395/1562/866 1401/1561/866 1403/1594/866
f 1403/1614/865 1400/1590/865 1393/1582/865
f 1387/1553/419 1389/1579/419 1406/1615/419
f 1389/1616/344 1386/1575/344 1400/1590/344
f 1388/1549/868 1379/1551/868 1385/1569/868
f 1392/1577/867 1385/2133/867 1381/1572/867
f 1407/1564/871 1388/1549/871 1391/1581/871
f 1391/1619/872 1387/1553/872 1408/1620/872
f 1395/1562/1014 1398/1589/1014 1412/1621/1014
f 1412/1622/1015 1398/2134/1015 1394/1585/1015
f 1413/1600/869 1415/1599/869 1405/1623/869
f 1405/1596/870 1415/1597/870 1414/1552/870
f 1416/1550/1017 1418/1610/1017 1382/1624/1017
f 1418/1608/1018 1417/1559/1018 1380/1558/1018
f 1400/1590/341 1386/1575/341 1381/1572/341
s 1
f 1422/1625/352 1427/1660/352 1442/1626/352
f 1700/1628/1154 1698/1760/1239 1669/1629/1155
f 1426/1631/352 1437/1652/352 1448/1632/352
f 1636/1634/345 1434/1699/345 1430/1635/345
f 1684/1637/1157 1687/1759/1238 1688/1638/1158
f 1633/1640/352 1625/1710/352 1432/1641/352
f 1714/1643/1160 1710/2036/1401 1787/1644/1161
f 1677/1646/1163 1678/2039/1404 1681/1647/1164
f 1436/1642/352 1432/1641/352 1445/1649/352
f 1615/1651/352 1634/1720/352 1437/1652/352
f 1439/1653/352 1646/1989/352 1793/1654/1166
f 1443/1656/345 1756/1735/1215 1769/1657/1168
f 1422/1625/352 1611/1960/352 1616/1659/352
f 1441/1661/345 1454/1746/345 1785/1662/1169
f 1421/1664/345 1425/1668/345 1617/1665/345
f 1421/1664/345 1419/2136/345 1444/1667/345
f 1618/1669/345 1617/1665/345 1425/1668/345
f 1423/1633/352 1442/1626/352 1427/1660/352
f 1675/1671/1171 1680/1737/1217 1759/1672/1172
f 1443/1656/345 1424/1670/345 1425/1668/345
f 1615/1651/352 1426/1631/352 1427/1660/352
f 1692/1674/1174 1695/1714/1197 1696/1675/1175
f 1451/1677/352 1439/1653/352 1440/1678/352
f 1452/1680/345 1454/1746/345 1441/1661/345
f 1424/1670/345 1435/1718/345 1635/1682/345
f 1658/1683/345 1452/1680/345 1438/1681/345
f 1657/1685/352 1646/1989/352 1439/1653/352
f 1673/1686/1177 1670/1717/1200 1666/1630/1156
f 1440/1678/352 1748/1748/1227 1782/1687/1178
f 1674/1648/1165 1691/1676/1176 1696/1675/1175
f 1442/1626/352 1758/1743/1223 1776/1688/1179
f 1685/1689/1180 1682/1745/1225 1761/1690/1181
f 1444/1667/345 1419/2136/345 1775/1692/1183
f 1453/1679/352 1782/1687/1178 1779/1694/1185
f 1709/1696/1186 1672/1705/1193 1752/1697/1187
f 1434/1699/345 1450/1719/345 1446/1700/345
f 1686/1701/1189 1763/1749/1228 1764/1702/1190
f 1438/1681/345 1751/2100/1405 1790/1704/1192
f 1672/1705/1193 1668/1731/1211 1749/1706/1194
f 1428/1695/352 1445/1649/352 1432/1641/352
f 1429/1708/345 1631/1762/345 1630/1636/345
f 1447/1709/345 1429/1708/345 1430/1635/345
f 1431/1707/352 1432/1641/352 1625/1710/352
f 1694/1712/1195 1689/1703/1191 1764/1702/1190
f 1695/1714/1197 1692/1674/1174 1683/1639/1159
f 1445/1649/352 1760/1756/1235 1781/1715/1198
f 1708/1716/1199 1707/1962/1347 1670/1717/1200
f 1433/1650/352 1448/1632/352 1437/1652/352
f 1434/1699/345 1636/1634/345 1635/1682/345
f 1450/1719/345 1434/1699/345 1435/1718/345
f 1436/1642/352 1437/1652/352 1634/1720/352
f 1800/1721/1201 1813/2137/1414 1740/1722/1202
f 1450/1719/345 1449/1658/345 1769/1657/1168
f 1423/1633/352 1448/1632/352 1770/1725/1205
f 1424/1670/345 1443/1656/345 1449/1658/345
f 1706/1727/1207 1791/2002/1367 1750/1728/1208
f 1699/1730/1210 1783/1758/1237 1749/1706/1194
f 1701/1732/1212 1667/1757/1236 1746/1733/1213
f 1444/1667/345 1755/1693/1184 1756/1735/1215
f 1664/1736/1216 1777/2138/1406 1759/1672/1172
f 1663/1738/1218 1679/1742/1222 1754/1739/1219
f 1676/1741/1221 1757/1753/1232 1754/1739/1219
f 1442/1626/352 1423/1633/352 1773/1726/1206
f 1693/1744/1224 1780/1751/1230 1761/1690/1181
f 1454/1746/345 1447/1709/345 1762/1747/1226
f 1440/1678/352 1439/1653/352 1753/1655/1167
f 1686/1701/1189 1701/1732/1212 1784/1734/1214
f 1772/1673/1173 1771/1752/1231 1690/1750/1229
f 1780/1751/1230 1693/1744/1224 1690/1750/1229
f 1757/1753/1232 1676/1741/1221 1697/1754/1233
f 1767/1713/1196 1768/1755/1234 1697/1754/1233
f 1445/1649/352 1428/1695/352 1779/1694/1185
f 1433/1650/352 1781/1715/1198 1770/1725/1205
f 1671/1729/1209 1750/1728/1208 1746/1733/1213
f 1685/1689/1180 1778/1691/1182 1783/1758/1237
f 1687/1759/1238 1684/1637/1157 1698/1760/1239
f 1446/1700/345 1765/1761/1240 1762/1747/1226
f 1446/1700/345 1450/1719/345 1766/1724/1204
f 1624/1711/352 1657/1685/352 1451/1677/352
f 1631/1762/345 1429/1708/345 1452/1680/345
f 1429/1708/345 1447/1709/345 1454/1746/345
f 1431/1707/352 1451/1677/352 1453/1679/352
f 1455/1763/1241 1456/1766/1244 1458/1764/1242
f 1456/1766/1244 1487/1819/1297 1486/1767/1245
f 1458/1764/1242 1485/1770/1248 1484/1768/1246
f 1458/1764/1242 1486/1767/1245 1503/1769/1247
f 1455/1763/1241 1457/1765/1243 1459/1771/1249
f 1484/1768/1246 1483/1802/1280 1459/1771/1249
f 1505/1772/1250 1459/1771/1249 1488/1773/1251
f 1459/1771/1249 1483/1802/1280 1501/1775/1253
f 1507/1776/1254 1460/1780/1258 1462/1777/1255
f 1491/1779/1257 1490/1794/1272 1462/1777/1255
f 1508/1778/1256 1462/1777/1255 1489/1781/1259
f 1462/1777/1255 1490/1794/1272 1504/1783/1261
f 1507/1776/1254 1461/1785/1263 1463/1784/1262
f 1461/1785/1263 1494/1812/1290 1493/1786/1264
f 1463/1784/1262 1492/1788/1266 1491/1779/1257
f 1463/1784/1262 1493/1786/1264 1502/1787/1265
f 1464/1789/1267 1465/1792/1270 1469/1790/1268
f 1465/1792/1270 1496/1798/1276 1495/1793/1271
f 1468/1791/1269 1469/1790/1268 1490/1794/1272
f 1469/1790/1268 1495/1793/1271 1504/1783/1261
f 1464/1789/1267 1466/1796/1274 1470/1795/1273
f 1466/1796/1274 1484/1768/1246 1485/1770/1248
f 1465/1792/1270 1470/1795/1273 1497/1797/1275
f 1470/1795/1273 1485/1770/1248 1503/1769/1247
f 1464/1789/1267 1467/1800/1278 1471/1799/1277
f 1467/1800/1278 1499/1805/1283 1498/1801/1279
f 1466/1796/1274 1471/1799/1277 1483/1802/1280
f 1471/1799/1277 1498/1801/1279 1501/1775/1253
f 1464/1789/1267 1468/1791/1269 1472/1803/1281
f 1468/1791/1269 1491/1779/1257 1492/1788/1266
f 1467/1800/1278 1472/1803/1281 1500/1804/1282
f 1472/1803/1281 1492/1788/1266 1502/1787/1265
f 1473/1806/1284 1474/1809/1287 1476/1807/1285
f 1474/1809/1287 1506/1774/1252 1488/1773/1251
f 1476/1807/1285 1498/1801/1279 1499/1805/1283
f 1476/1807/1285 1488/1773/1251 1501/1775/1253
f 1473/1806/1284 1475/1808/1286 1477/1810/1288
f 1499/1805/1283 1500/1804/1282 1477/1810/1288
f 1510/1811/1289 1477/1810/1288 1493/1786/1264
f 1477/1810/1288 1500/1804/1282 1502/1787/1265
f 1478/1813/1291 1479/1816/1294 1481/1814/1292
f 1479/1816/1294 1509/1782/1260 1489/1781/1259
f 1481/1814/1292 1495/1793/1271 1496/1798/1276
f 1481/1814/1292 1489/1781/1259 1504/1783/1261
f 1478/1813/1291 1480/1815/1293 1482/1817/1295
f 1496/1798/1276 1497/1797/1275 1482/1817/1295
f 1511/1818/1296 1482/1817/1295 1486/1767/1245
f 1482/1817/1295 1497/1797/1275 1503/1769/1247
s 0
f 1540/1820/1298 1542/1831/1298 1545/1821/1298
f 1515/1823/345 1546/1838/345 1531/1824/345
f 1523/1826/352 1543/1836/352 1514/1827/352
f 1539/1829/352 1605/1544/352 1606/1500/352
f 1603/1504/197 1540/1820/197 1536/1822/197
f 1542/1831/1299 1524/1844/1299 1530/1832/1299
f 1529/1833/349 1522/1839/349 1517/1834/349
f 1543/1836/352 1539/1829/352 1513/1830/352
f 1512/1837/345 1537/1854/345 1546/1838/345
f 1522/1839/1519 1528/1860/1519 1526/1840/1519
f 1523/1826/1520 1525/1863/1520 1526/1842/1520
f 1524/1844/1521 1527/2139/1521 1526/1845/1521
f 1529/1833/1522 1535/1862/1522 1533/1847/1522
f 1530/1832/1523 1532/1859/1523 1533/1849/1523
f 1531/1824/1524 1534/1870/1524 1533/1851/1524
f 1536/1822/1525 1538/1865/1525 1601/1853/1525
f 1537/1854/1526 1600/1529/1526 1601/1855/1526
f 1544/1857/1527 1527/2139/1527 1524/1844/1527
f 1543/1836/1528 1523/1826/1528 1527/1843/1528
f 1524/1844/1309 1528/1846/1309 1532/1859/1309
f 1522/1839/1529 1529/1833/1529 1532/1848/1529
f 1535/1852/1427 1521/2140/1427 1520/1825/1427
f 1529/1833/1530 1519/1835/1530 1521/1861/1530
f 1516/1828/1531 1518/2141/1531 1525/1863/1531
f 1518/1864/1482 1517/1834/1482 1522/1839/1482
f 1545/1821/1532 1547/1869/1532 1538/1865/1532
f 1547/1866/1316 1546/1838/1316 1537/1854/1316
f 1604/1542/1533 1541/1868/1533 1540/1820/1533
f 1604/1543/1534 1605/1544/1534 1539/1829/1534
f 1541/1868/1319 1544/1857/1319 1542/1831/1319
f 1539/1829/1535 1543/1836/1535 1544/1858/1535
f 1530/1832/1536 1534/1850/1536 1547/1869/1536
f 1534/1870/1537 1531/1824/1537 1546/1838/1537
f 1600/1529/345 1537/1854/345 1512/1837/345
f 1548/1871/848 1597/1884/848 1588/1872/848
f 1556/1874/345 1589/1877/345 1595/1875/345
f 1576/1556/345 1595/1875/345 1589/1877/345
f 1598/1878/352 1549/1887/352 1563/1879/352
f 1564/1881/197 1570/1910/197 1594/1882/197
f 1581/1565/848 1588/1872/848 1597/1884/848
f 1598/1878/352 1592/1880/352 1582/1566/352
f 1548/1871/1538 1554/1926/1538 1552/1885/1538
f 1549/1887/1539 1551/1930/1539 1552/1888/1539
f 1550/1890/1540 1553/1923/1540 1552/1891/1540
f 1555/1893/1541 1561/1927/1541 1559/1894/1541
f 1556/1874/1542 1558/2142/1542 1559/1896/1542
f 1557/1873/1543 1560/2143/1543 1559/1898/1543
f 1562/1900/1544 1568/1924/1544 1566/1901/1544
f 1563/1879/1545 1565/2144/1545 1566/1903/1545
f 1564/1881/1546 1567/1928/1546 1566/1905/1546
f 1569/1907/1547 1575/1925/1547 1573/1908/1547
f 1570/1910/1548 1572/2145/1548 1573/1911/1548
f 1571/1876/1549 1574/1929/1549 1573/1913/1549
f 1595/1875/870 1576/1556/870 1577/1915/870
f 1596/1917/869 1577/2135/869 1578/1598/869
f 1580/1602/872 1579/1555/872 1589/1877/872
f 1581/1565/871 1580/1603/871 1590/1919/871
f 1582/1566/1015 1592/1880/1015 1593/1920/1015
f 1583/1605/1014 1593/2146/1014 1591/1883/1014
f 1599/1921/1018 1598/1878/1018 1585/1567/1018
f 1599/1922/1017 1586/1609/1017 1587/1563/1017
f 1591/1883/197 1594/1882/197 1578/1598/197
f 1553/1889/501 1565/2144/501 1563/1879/501
f 1550/1890/353 1562/1900/353 1565/1902/353
f 1568/1906/862 1572/2145/862 1570/1910/862
f 1568/1924/861 1562/1900/861 1569/1907/861
f 1575/1914/1427 1558/2142/1427 1556/1874/1427
f 1569/1907/350 1555/1893/350 1558/1895/350
f 1557/1873/864 1561/1899/864 1554/1926/864
f 1561/1927/863 1555/1893/863 1550/1890/863
f 1590/1919/871 1560/2143/871 1557/1873/871
f 1590/1918/872 1589/1877/872 1556/1874/872
f 1591/1883/1014 1593/2146/1014 1567/1928/1014
f 1592/1880/1015 1563/1879/1015 1567/1904/1015
f 1570/1910/869 1574/1912/869 1596/1917/869
f 1571/1876/870 1595/1875/870 1596/1916/870
f 1548/1871/1017 1551/1886/1017 1599/1922/1017
f 1549/1887/1018 1598/1878/1018 1599/1921/1018
f 1550/1890/349 1555/1893/349 1569/1907/349
s 1
f 1647/1931/352 1622/1966/352 1613/1932/352
f 1711/1934/1334 1712/2033/1398 1743/1935/1335
f 1653/1937/352 1640/1955/352 1621/1938/352
f 1636/1634/345 1630/1636/345 1627/1940/345
f 1649/1942/345 1798/2147/1410 1818/1943/1337
f 1629/1945/352 1625/1710/352 1633/1640/352
f 1726/1947/1338 1733/1998/1364 1730/1948/1339
f 1812/1950/1341 1801/2014/1379 1648/1951/345
f 1650/1953/352 1629/1945/352 1639/1946/352
f 1640/1955/352 1634/1720/352 1615/1651/352
f 1721/1723/1203 1722/2032/1397 1799/1956/1342
f 1719/1957/1343 1724/1985/1355 1723/1958/1344
f 1613/1932/352 1622/1966/352 1616/1659/352
f 1716/1961/1346 1715/1981/1351 1707/1962/1347
f 1610/1666/345 1617/1665/345 1620/1963/345
f 1612/1964/345 1620/1963/345 1649/1942/345
f 1620/1963/345 1617/1665/345 1618/1669/345
f 1622/1966/352 1647/1931/352 1614/1939/352
f 1807/1967/1348 1808/2086/1412 1651/1968/345
f 1648/1951/345 1649/1942/345 1620/1963/345
f 1616/1659/352 1622/1966/352 1621/1938/352
f 1822/1970/1349 1827/1980/1350 1660/1971/352
f 1644/1973/352 1643/1979/352 1656/1974/352
f 1659/1975/345 1641/1978/345 1645/1976/345
f 1635/1682/345 1638/2001/345 1619/1965/345
f 1658/1683/345 1642/1684/345 1641/1978/345
f 1643/1979/352 1646/1989/352 1657/1685/352
f 1827/1980/1350 1789/2072/1407 1644/1973/352
f 1716/1961/1346 1712/2033/1398 1711/1934/1334
f 1720/1959/1345 1741/2037/1402 1734/1982/1352
f 1614/1939/352 1816/2024/1389 1815/1983/1353
f 1703/1984/1354 1723/1958/1344 1724/1985/1355
f 1821/1987/1357 1803/2077/1409 1647/1931/352
f 1645/1976/345 1786/2074/1408 1828/1988/1358
f 1643/1979/352 1796/1991/1359 1793/1654/1166
f 1637/1941/345 1627/1940/345 1651/1968/345
f 1745/1936/1336 1743/1935/1335 1729/1949/1340
f 1650/1953/352 1805/2084/1411 1822/1970/1349
f 1644/1973/352 1789/2072/1407 1796/1991/1359
f 1629/1945/352 1650/1953/352 1623/1972/352
f 1626/1993/345 1627/1940/345 1630/1636/345
f 1652/1969/345 1651/1968/345 1627/1940/345
f 1625/1710/352 1629/1945/352 1628/1992/352
f 1731/1994/1360 1732/2034/1399 1809/1995/1361
f 1824/1997/1363 1805/2084/1411 1650/1953/352
f 1733/1998/1364 1726/1947/1338 1737/1999/1365
f 1790/1704/1192 1794/2027/1392 1641/1978/345
f 1640/1955/352 1653/1937/352 1632/1954/352
f 1637/1941/345 1638/2001/345 1635/1682/345
f 1655/1990/345 1654/1952/345 1638/2001/345
f 1634/1720/352 1640/1955/352 1639/1946/352
f 1734/1982/1352 1741/2037/1402 1738/2000/1366
f 1815/1983/1353 1824/1997/1363 1632/1954/352
f 1619/1965/345 1638/2001/345 1654/1952/345
f 1706/1727/1207 1714/1643/1160 1795/1645/1162
f 1742/2003/1368 1713/2038/1403 1788/2004/1369
f 1787/1644/1161 1710/2036/1401 1744/2006/1371
f 1797/2008/1373 1717/2020/1385 1709/1696/1186
f 1705/2009/1374 1725/2031/1396 1802/2010/1375
f 1799/1956/1342 1722/2032/1397 1702/2012/1377
f 1801/2014/1379 1798/2147/1410 1649/1942/345
f 1802/2010/1375 1725/2031/1396 1718/2015/1380
f 1736/2017/1382 1727/2035/1400 1804/2018/1383
f 1661/1977/345 1828/1988/1358 1807/1967/1348
f 1788/2004/1369 1713/2038/1403 1717/2020/1385
f 1829/2007/1372 1744/2006/1371 1731/1994/1360
f 1735/2021/1386 1814/2148/1413 1817/2016/1381
f 1740/1722/1202 1813/2137/1414 1810/2022/1387
f 1647/1931/352 1803/2077/1409 1816/2024/1389
f 1809/1995/1361 1732/2034/1399 1739/2023/1388
f 1804/2018/1383 1727/2035/1400 1728/2025/1390
f 1825/2019/1384 1814/2148/1413 1735/2021/1386
f 1794/2027/1392 1786/2074/1408 1645/1976/345
f 1728/2025/1390 1742/2003/1368 1826/2005/1370
f 1651/1968/345 1808/2086/1412 1811/2028/1393
f 1655/1990/345 1811/2028/1393 1812/1950/1341
f 1656/1974/352 1657/1685/352 1624/1711/352
f 1631/1762/345 1658/1683/345 1659/1975/345
f 1626/1993/345 1659/1975/345 1661/1977/345
f 1660/1971/352 1656/1974/352 1628/1992/352
f 1674/1648/1165 1681/1647/1164 1680/1737/1217
f 1679/1742/1222 1678/2039/1404 1677/1646/1163
f 1662/2029/1394 1678/2039/1404 1679/1742/1222
f 1680/1737/1217 1681/1647/1164 1665/2030/1395
f 1708/1716/1199 1673/1686/1177 1672/1705/1193
f 1671/1729/1209 1670/1717/1200 1707/1962/1347
f 1669/1629/1155 1668/1731/1211 1672/1705/1193
f 1671/1729/1209 1667/1757/1236 1666/1630/1156
f 1687/1759/1238 1686/1701/1189 1689/1703/1191
f 1684/1637/1157 1683/1639/1159 1682/1745/1225
f 1684/1637/1157 1685/1689/1180 1699/1730/1210
f 1700/1628/1154 1666/1630/1156 1667/1757/1236
f 1696/1675/1175 1695/1714/1197 1694/1712/1195
f 1691/1676/1176 1690/1750/1229 1693/1744/1224
f 1695/1714/1197 1688/1638/1158 1689/1703/1191
f 1696/1675/1175 1697/1754/1233 1676/1741/1221
f 1691/1676/1176 1674/1648/1165 1675/1671/1171
f 1692/1674/1174 1693/1744/1224 1682/1745/1225
f 1698/1760/1239 1699/1730/1210 1668/1731/1211
f 1687/1759/1238 1700/1628/1154 1701/1732/1212
f 1725/2031/1396 1724/1985/1355 1719/1957/1343
f 1720/1959/1345 1723/1958/1344 1722/2032/1397
f 1722/2032/1397 1723/1958/1344 1703/1984/1354
f 1704/1986/1356 1724/1985/1355 1725/2031/1396
f 1717/2020/1385 1716/1961/1346 1708/1716/1199
f 1707/1962/1347 1715/1981/1351 1714/1643/1160
f 1717/2020/1385 1713/2038/1403 1712/2033/1398
f 1711/1934/1334 1710/2036/1401 1714/1643/1160
f 1732/2034/1399 1731/1994/1360 1730/1948/1339
f 1727/2035/1400 1726/1947/1338 1729/1949/1340
f 1742/2003/1368 1728/2025/1390 1729/1949/1340
f 1710/2036/1401 1711/1934/1334 1745/1936/1336
f 1739/2023/1388 1738/2000/1366 1741/2037/1402
f 1736/2017/1382 1735/2021/1386 1734/1982/1352
f 1732/2034/1399 1733/1998/1364 1738/2000/1366
f 1721/1723/1203 1740/1722/1202 1741/2037/1402
f 1718/2015/1380 1719/1957/1343 1734/1982/1352
f 1727/2035/1400 1736/2017/1382 1737/1999/1365
f 1713/2038/1403 1742/2003/1368 1743/1935/1335
f 1744/2006/1371 1745/1936/1336 1730/1948/1339
f 1665/2030/1395 1681/1647/1164 1678/2039/1404
f 1791/2002/1367 1790/2149/1192 1751/2040/1405
f 1752/1697/1187 1749/1706/1194 1748/2041/1227
f 1750/1728/1208 1751/2150/1405 1747/2043/1170
f 1792/1698/1188 1752/1697/1187 1753/2044/1167
f 1772/1673/1173 1759/1672/1172 1758/2046/1223
f 1755/1693/1184 1754/2050/1219 1757/2048/1232
f 1755/1693/1184 1775/1692/1183 1774/2049/1220
f 1758/1743/1223 1759/2151/1172 1777/2051/1406
f 1778/1691/1182 1761/1690/1181 1760/2052/1235
f 1763/1749/1228 1762/2152/1226 1765/2054/1240
f 1748/1748/1227 1749/2153/1194 1783/2055/1237
f 1784/1734/1214 1746/1733/1213 1747/2056/1170
f 1771/1752/1231 1770/2154/1205 1781/2058/1198
f 1768/1755/1234 1767/1713/1196 1766/2059/1204
f 1768/1755/1234 1769/2155/1168 1756/2061/1215
f 1765/1761/1240 1766/1724/1204 1767/2062/1196
f 1780/1751/1230 1781/2156/1198 1760/2064/1235
f 1771/1752/1231 1772/1673/1173 1773/2065/1206
f 1782/1687/1178 1783/2055/1237 1778/2067/1182
f 1763/1749/1228 1784/1734/1214 1785/2068/1169
f 1794/2027/1392 1790/1704/1192 1791/2070/1367
f 1789/2072/1407 1788/2157/1369 1797/2073/1373
f 1786/2074/1408 1794/2027/1392 1795/2071/1162
f 1796/1991/1359 1797/2073/1373 1792/2076/1188
f 1803/2077/1409 1802/2158/1375 1817/2078/1381
f 1800/1721/1201 1799/1956/1342 1798/2079/1410
f 1819/2013/1378 1818/2159/1337 1798/2081/1410
f 1820/2011/1376 1802/2010/1375 1803/2082/1409
f 1805/2084/1411 1804/2097/1383 1823/2085/1391
f 1808/2086/1412 1807/1967/1348 1806/2087/1362
f 1826/2005/1370 1788/2004/1369 1789/2089/1407
f 1786/2074/1408 1787/2075/1161 1829/2091/1372
f 1824/1997/1363 1815/1983/1353 1814/2092/1413
f 1811/2028/1393 1810/2160/1387 1813/2094/1414
f 1801/2014/1379 1812/1950/1341 1813/2094/1414
f 1810/2022/1387 1811/2161/1393 1808/2096/1412
f 1805/2084/1411 1824/1997/1363 1825/2093/1384
f 1816/2024/1389 1817/2078/1381 1814/2092/1413
f 1823/2026/1391 1826/2005/1370 1827/2098/1350
f 1828/1988/1358 1829/2091/1372 1806/2087/1362
f 1441/1661/345 1747/1663/1170 1751/2100/1405
