# Blender 3.6.23
# www.blender.org
o sol.039
v 3.624677 2.641785 3.515947
v 3.625758 2.641022 3.515947
v 3.625762 2.641021 4.363134
v 3.624681 2.641784 4.363134
v 3.653523 2.665917 3.515946
v 3.654605 2.665154 3.515947
v 3.654609 2.665154 4.363134
v 3.653527 2.665917 4.363134
v 3.625759 2.641022 3.657145
v 3.625759 2.641021 3.798342
v 3.625760 2.641021 3.939540
v 3.625761 2.641021 4.080739
v 3.625761 2.641021 4.221936
v 3.624677 2.641785 3.657145
v 3.624678 2.641784 3.798342
v 3.624679 2.641784 3.939540
v 3.624679 2.641784 4.080739
v 3.624680 2.641784 4.221936
v 3.654605 2.665154 3.657145
v 3.654606 2.665154 3.798342
v 3.654607 2.665154 3.939541
v 3.654607 2.665154 4.080739
v 3.654608 2.665154 4.221936
v 3.653524 2.665917 3.657144
v 3.653524 2.665917 3.798342
v 3.653525 2.665917 3.939540
v 3.653526 2.665917 4.080738
v 3.653527 2.665917 4.221936
v 3.624677 2.608256 3.515947
v 3.625758 2.607493 3.515947
v 3.625762 2.607493 4.363134
v 3.624681 2.608256 4.363134
v 3.653523 2.632389 3.515946
v 3.654605 2.631626 3.515947
v 3.654609 2.631625 4.363134
v 3.653527 2.632388 4.363134
v 3.625759 2.607493 3.657145
v 3.625759 2.607493 3.798342
v 3.625760 2.607493 3.939540
v 3.625761 2.607493 4.080739
v 3.625761 2.607493 4.221936
v 3.624677 2.608256 3.657145
v 3.624678 2.608256 3.798342
v 3.624679 2.608256 3.939540
v 3.624679 2.608256 4.080739
v 3.624680 2.608256 4.221936
v 3.654605 2.631626 3.657145
v 3.654606 2.631625 3.798342
v 3.654607 2.631625 3.939541
v 3.654607 2.631625 4.080739
v 3.654608 2.631625 4.221936
v 3.653524 2.632389 3.657144
v 3.653524 2.632388 3.798342
v 3.653525 2.632388 3.939540
v 3.653526 2.632388 4.080738
v 3.653527 2.632388 4.221936
v 3.624677 2.574728 3.515947
v 3.625758 2.573965 3.515947
v 3.625762 2.573964 4.363134
v 3.624681 2.574727 4.363134
v 3.653523 2.598860 3.515946
v 3.654605 2.598097 3.515947
v 3.654609 2.598097 4.363134
v 3.653527 2.598860 4.363134
v 3.625759 2.573965 3.657145
v 3.625759 2.573965 3.798342
v 3.625760 2.573964 3.939541
v 3.625761 2.573964 4.080739
v 3.625761 2.573964 4.221936
v 3.624677 2.574728 3.657145
v 3.624678 2.574728 3.798342
v 3.624679 2.574727 3.939540
v 3.624679 2.574727 4.080739
v 3.624680 2.574727 4.221936
v 3.654605 2.598097 3.657145
v 3.654606 2.598097 3.798342
v 3.654607 2.598097 3.939541
v 3.654607 2.598097 4.080739
v 3.654608 2.598097 4.221936
v 3.653524 2.598860 3.657144
v 3.653524 2.598860 3.798342
v 3.653525 2.598860 3.939540
v 3.653526 2.598860 4.080738
v 3.653527 2.598860 4.221936
v 3.624677 2.541199 3.515947
v 3.625758 2.540437 3.515947
v 3.625762 2.540436 4.363134
v 3.624681 2.541199 4.363134
v 3.653523 2.565332 3.515946
v 3.654605 2.564569 3.515947
v 3.654609 2.564568 4.363134
v 3.653527 2.565331 4.363134
v 3.625759 2.540437 3.657145
v 3.625759 2.540436 3.798342
v 3.625760 2.540436 3.939541
v 3.625761 2.540436 4.080739
v 3.625761 2.540436 4.221936
v 3.624677 2.541199 3.657145
v 3.624678 2.541199 3.798342
v 3.624679 2.541199 3.939540
v 3.624679 2.541199 4.080739
v 3.624680 2.541199 4.221936
v 3.654605 2.564569 3.657145
v 3.654606 2.564569 3.798342
v 3.654607 2.564569 3.939541
v 3.654607 2.564569 4.080739
v 3.654608 2.564568 4.221936
v 3.653524 2.565332 3.657144
v 3.653524 2.565332 3.798342
v 3.653525 2.565332 3.939540
v 3.653526 2.565332 4.080738
v 3.653527 2.565331 4.221936
v 3.624677 2.507671 3.515947
v 3.625758 2.506908 3.515947
v 3.625762 2.506907 4.363134
v 3.624681 2.507670 4.363134
v 3.653523 2.531804 3.515946
v 3.654605 2.531041 3.515947
v 3.654609 2.531040 4.363134
v 3.653527 2.531803 4.363134
v 3.625759 2.506908 3.657145
v 3.625759 2.506908 3.798342
v 3.625760 2.506908 3.939541
v 3.625761 2.506908 4.080739
v 3.625761 2.506908 4.221936
v 3.624677 2.507671 3.657145
v 3.624678 2.507671 3.798342
v 3.624679 2.507671 3.939540
v 3.624679 2.507671 4.080739
v 3.624680 2.507671 4.221936
v 3.654605 2.531040 3.657145
v 3.654606 2.531040 3.798342
v 3.654607 2.531040 3.939541
v 3.654607 2.531040 4.080739
v 3.654608 2.531040 4.221936
v 3.653524 2.531803 3.657144
v 3.653524 2.531803 3.798342
v 3.653525 2.531803 3.939540
v 3.653526 2.531803 4.080738
v 3.653527 2.531803 4.221936
v 3.624677 2.474143 3.515947
v 3.625758 2.473380 3.515947
v 3.625762 2.473379 4.363134
v 3.624681 2.474142 4.363134
v 3.653523 2.498275 3.515946
v 3.654605 2.497512 3.515947
v 3.654609 2.497512 4.363134
v 3.653527 2.498275 4.363134
v 3.625759 2.473380 3.657145
v 3.625759 2.473380 3.798342
v 3.625760 2.473379 3.939541
v 3.625761 2.473379 4.080739
v 3.625761 2.473379 4.221936
v 3.624677 2.474143 3.657145
v 3.624678 2.474143 3.798342
v 3.624679 2.474142 3.939540
v 3.624679 2.474142 4.080739
v 3.624680 2.474142 4.221936
v 3.654605 2.497512 3.657145
v 3.654606 2.497512 3.798342
v 3.654607 2.497512 3.939541
v 3.654607 2.497512 4.080739
v 3.654608 2.497512 4.221936
v 3.653524 2.498275 3.657144
v 3.653524 2.498275 3.798342
v 3.653525 2.498275 3.939540
v 3.653526 2.498275 4.080738
v 3.653527 2.498275 4.221936
v 3.624677 2.440614 3.515947
v 3.625758 2.439852 3.515947
v 3.625762 2.439851 4.363134
v 3.624681 2.440614 4.363134
v 3.653523 2.464747 3.515946
v 3.654605 2.463984 3.515947
v 3.654609 2.463983 4.363134
v 3.653527 2.464746 4.363134
v 3.625759 2.439852 3.657145
v 3.625759 2.439851 3.798342
v 3.625760 2.439851 3.939541
v 3.625761 2.439851 4.080739
v 3.625761 2.439851 4.221936
v 3.624677 2.440614 3.657145
v 3.624678 2.440614 3.798342
v 3.624679 2.440614 3.939540
v 3.624679 2.440614 4.080739
v 3.624680 2.440614 4.221936
v 3.654605 2.463984 3.657145
v 3.654606 2.463984 3.798342
v 3.654607 2.463984 3.939541
v 3.654607 2.463983 4.080739
v 3.654608 2.463983 4.221936
v 3.653524 2.464747 3.657145
v 3.653524 2.464746 3.798342
v 3.653525 2.464746 3.939540
v 3.653526 2.464746 4.080738
v 3.653527 2.464746 4.221936
v 3.624677 2.407086 3.515947
v 3.625758 2.406323 3.515947
v 3.625762 2.406322 4.363134
v 3.624681 2.407085 4.363134
v 3.653523 2.431218 3.515946
v 3.654605 2.430455 3.515947
v 3.654609 2.430455 4.363134
v 3.653527 2.431218 4.363134
v 3.625759 2.406323 3.657145
v 3.625759 2.406323 3.798342
v 3.625760 2.406322 3.939541
v 3.625761 2.406322 4.080739
v 3.625761 2.406322 4.221936
v 3.624677 2.407086 3.657145
v 3.624678 2.407086 3.798342
v 3.624679 2.407085 3.939540
v 3.624679 2.407085 4.080739
v 3.624680 2.407085 4.221936
v 3.654605 2.430455 3.657145
v 3.654606 2.430455 3.798342
v 3.654607 2.430455 3.939541
v 3.654607 2.430455 4.080739
v 3.654608 2.430455 4.221936
v 3.653524 2.431218 3.657145
v 3.653524 2.431218 3.798342
v 3.653525 2.431218 3.939540
v 3.653526 2.431218 4.080738
v 3.653527 2.431218 4.221936
v 3.624677 2.373558 3.515947
v 3.625758 2.372795 3.515947
v 3.625762 2.372794 4.363134
v 3.624681 2.373557 4.363134
v 3.653523 2.397690 3.515946
v 3.654605 2.396927 3.515947
v 3.654609 2.396926 4.363134
v 3.653527 2.397689 4.363134
v 3.625759 2.372795 3.657145
v 3.625759 2.372794 3.798342
v 3.625760 2.372794 3.939541
v 3.625761 2.372794 4.080739
v 3.625761 2.372794 4.221936
v 3.624677 2.373558 3.657145
v 3.624678 2.373557 3.798342
v 3.624679 2.373557 3.939540
v 3.624679 2.373557 4.080739
v 3.624680 2.373557 4.221936
v 3.654605 2.396927 3.657145
v 3.654606 2.396927 3.798342
v 3.654607 2.396927 3.939541
v 3.654607 2.396927 4.080739
v 3.654608 2.396926 4.221936
v 3.653524 2.397690 3.657145
v 3.653524 2.397690 3.798342
v 3.653525 2.397690 3.939540
v 3.653526 2.397690 4.080738
v 3.653527 2.397689 4.221936
v 3.624677 2.340029 3.515947
v 3.625758 2.339266 3.515947
v 3.625762 2.339266 4.363134
v 3.624681 2.340029 4.363134
v 3.653523 2.364161 3.515946
v 3.654605 2.363399 3.515947
v 3.654609 2.363398 4.363134
v 3.653527 2.364161 4.363134
v 3.625759 2.339266 3.657145
v 3.625759 2.339266 3.798342
v 3.625760 2.339266 3.939541
v 3.625761 2.339266 4.080739
v 3.625761 2.339266 4.221936
v 3.624677 2.340029 3.657145
v 3.624678 2.340029 3.798342
v 3.624679 2.340029 3.939540
v 3.624679 2.340029 4.080739
v 3.624680 2.340029 4.221936
v 3.654605 2.363399 3.657145
v 3.654606 2.363398 3.798342
v 3.654607 2.363398 3.939541
v 3.654607 2.363398 4.080739
v 3.654608 2.363398 4.221936
v 3.653524 2.364161 3.657145
v 3.653524 2.364161 3.798342
v 3.653525 2.364161 3.939540
v 3.653526 2.364161 4.080738
v 3.653527 2.364161 4.221936
v 3.624677 2.306501 3.515947
v 3.625758 2.305738 3.515947
v 3.625762 2.305737 4.363134
v 3.624681 2.306500 4.363134
v 3.653523 2.330633 3.515946
v 3.654605 2.329870 3.515947
v 3.654609 2.329870 4.363134
v 3.653527 2.330632 4.363134
v 3.625759 2.305738 3.657145
v 3.625759 2.305737 3.798342
v 3.625760 2.305737 3.939541
v 3.625761 2.305737 4.080739
v 3.625761 2.305737 4.221936
v 3.624677 2.306501 3.657145
v 3.624678 2.306500 3.798342
v 3.624679 2.306500 3.939540
v 3.624679 2.306500 4.080739
v 3.624680 2.306500 4.221936
v 3.654605 2.329870 3.657145
v 3.654606 2.329870 3.798342
v 3.654607 2.329870 3.939541
v 3.654607 2.329870 4.080739
v 3.654608 2.329870 4.221936
v 3.653524 2.330633 3.657145
v 3.653524 2.330633 3.798342
v 3.653525 2.330633 3.939540
v 3.653526 2.330633 4.080738
v 3.653527 2.330633 4.221936
v 3.624677 2.272972 3.515947
v 3.625758 2.272209 3.515947
v 3.625762 2.272209 4.363134
v 3.624681 2.272972 4.363134
v 3.653523 2.297105 3.515946
v 3.654605 2.296342 3.515947
v 3.654609 2.296341 4.363134
v 3.653527 2.297104 4.363134
v 3.625759 2.272209 3.657145
v 3.625759 2.272209 3.798342
v 3.625760 2.272209 3.939541
v 3.625761 2.272209 4.080739
v 3.625761 2.272209 4.221936
v 3.624677 2.272972 3.657145
v 3.624678 2.272972 3.798342
v 3.624679 2.272972 3.939540
v 3.624679 2.272972 4.080739
v 3.624680 2.272972 4.221936
v 3.654605 2.296342 3.657145
v 3.654606 2.296342 3.798342
v 3.654607 2.296342 3.939541
v 3.654607 2.296341 4.080739
v 3.654608 2.296341 4.221936
v 3.653524 2.297105 3.657145
v 3.653524 2.297105 3.798342
v 3.653525 2.297105 3.939540
v 3.653526 2.297104 4.080738
v 3.653527 2.297104 4.221936
v 3.624677 2.239444 3.515947
v 3.625758 2.238681 3.515947
v 3.625762 2.238680 4.363134
v 3.624681 2.239443 4.363134
v 3.653523 2.263577 3.515946
v 3.654605 2.262814 3.515947
v 3.654609 2.262813 4.363134
v 3.653527 2.263576 4.363134
v 3.625759 2.238681 3.657145
v 3.625759 2.238681 3.798342
v 3.625760 2.238681 3.939541
v 3.625761 2.238681 4.080739
v 3.625761 2.238681 4.221936
v 3.624677 2.239444 3.657145
v 3.624678 2.239444 3.798342
v 3.624679 2.239444 3.939540
v 3.624679 2.239444 4.080739
v 3.624680 2.239444 4.221936
v 3.654605 2.262813 3.657145
v 3.654606 2.262813 3.798343
v 3.654607 2.262813 3.939541
v 3.654607 2.262813 4.080739
v 3.654608 2.262813 4.221936
v 3.653524 2.263576 3.657145
v 3.653524 2.263576 3.798342
v 3.653525 2.263576 3.939540
v 3.653526 2.263576 4.080739
v 3.653527 2.263576 4.221936
v 3.624677 2.205915 3.515947
v 3.625758 2.205153 3.515947
v 3.625762 2.205152 4.363134
v 3.624681 2.205915 4.363134
v 3.653523 2.230048 3.515946
v 3.654605 2.229285 3.515947
v 3.654609 2.229285 4.363134
v 3.653527 2.230047 4.363134
v 3.625759 2.205153 3.657145
v 3.625759 2.205152 3.798342
v 3.625760 2.205152 3.939541
v 3.625761 2.205152 4.080739
v 3.625761 2.205152 4.221936
v 3.624677 2.205915 3.657145
v 3.624678 2.205915 3.798342
v 3.624679 2.205915 3.939540
v 3.624679 2.205915 4.080739
v 3.624680 2.205915 4.221936
v 3.654605 2.229285 3.657145
v 3.654606 2.229285 3.798343
v 3.654607 2.229285 3.939541
v 3.654607 2.229285 4.080739
v 3.654608 2.229285 4.221936
v 3.653524 2.230048 3.657145
v 3.653524 2.230048 3.798342
v 3.653525 2.230048 3.939540
v 3.653526 2.230048 4.080739
v 3.653527 2.230047 4.221936
v 3.624677 2.172391 3.515949
v 3.625758 2.171628 3.515949
v 3.625762 2.171628 4.363137
v 3.624681 2.172390 4.363136
v 3.653523 2.196520 3.515946
v 3.654605 2.195757 3.515947
v 3.654609 2.195756 4.363134
v 3.653527 2.196519 4.363134
v 3.625759 2.171628 3.657147
v 3.625760 2.171628 3.798345
v 3.625760 2.171628 3.939543
v 3.625761 2.171628 4.080741
v 3.625762 2.171628 4.221939
v 3.624678 2.172391 3.657147
v 3.624678 2.172390 3.798345
v 3.624679 2.172390 3.939543
v 3.624680 2.172390 4.080741
v 3.624680 2.172390 4.221939
v 3.654605 2.195757 3.657145
v 3.654606 2.195756 3.798343
v 3.654607 2.195756 3.939541
v 3.654607 2.195756 4.080739
v 3.654608 2.195756 4.221936
v 3.653524 2.196520 3.657145
v 3.653524 2.196519 3.798342
v 3.653525 2.196519 3.939540
v 3.653526 2.196519 4.080739
v 3.653527 2.196519 4.221936
v 3.624679 2.138896 3.515974
v 3.625761 2.138135 3.515975
v 3.625765 2.138134 4.363162
v 3.624683 2.138896 4.363161
v 3.653524 2.163000 3.515952
v 3.654605 2.162237 3.515953
v 3.654609 2.162237 4.363141
v 3.653528 2.162999 4.363141
v 3.625761 2.138135 3.657172
v 3.625762 2.138135 3.798370
v 3.625762 2.138134 3.939568
v 3.625763 2.138134 4.080766
v 3.625764 2.138134 4.221964
v 3.624680 2.138896 3.657171
v 3.624680 2.138896 3.798369
v 3.624681 2.138896 3.939567
v 3.624682 2.138896 4.080765
v 3.624682 2.138896 4.221963
v 3.654606 2.162237 3.657151
v 3.654607 2.162237 3.798349
v 3.654607 2.162237 3.939547
v 3.654608 2.162237 4.080745
v 3.654609 2.162237 4.221943
v 3.653524 2.163000 3.657151
v 3.653525 2.162999 3.798348
v 3.653526 2.162999 3.939546
v 3.653527 2.162999 4.080744
v 3.653527 2.162999 4.221942
v 3.624686 2.105468 3.516045
v 3.625767 2.104708 3.516047
v 3.625772 2.104707 4.363235
v 3.624690 2.105467 4.363233
v 3.653527 2.129520 3.515987
v 3.654609 2.128759 3.515990
v 3.654613 2.128759 4.363177
v 3.653531 2.129520 4.363175
v 3.625768 2.104708 3.657245
v 3.625769 2.104708 3.798443
v 3.625769 2.104707 3.939641
v 3.625770 2.104707 4.080839
v 3.625771 2.104707 4.222037
v 3.624687 2.105468 3.657243
v 3.624687 2.105467 3.798441
v 3.624688 2.105467 3.939639
v 3.624688 2.105467 4.080837
v 3.624689 2.105467 4.222035
v 3.654609 2.128759 3.657187
v 3.654610 2.128759 3.798385
v 3.654611 2.128759 3.939583
v 3.654611 2.128759 4.080781
v 3.654612 2.128759 4.221979
v 3.653528 2.129520 3.657185
v 3.653528 2.129520 3.798383
v 3.653529 2.129520 3.939581
v 3.653530 2.129520 4.080780
v 3.653531 2.129520 4.221977
v 3.624699 2.072140 3.516189
v 3.625781 2.071383 3.516193
v 3.625785 2.071383 4.363381
v 3.624703 2.072140 4.363376
v 3.653536 2.096116 3.516077
v 3.654617 2.095357 3.516080
v 3.654621 2.095357 4.363267
v 3.653539 2.096116 4.363265
v 3.625782 2.071383 3.657391
v 3.625782 2.071383 3.798589
v 3.625783 2.071383 3.939787
v 3.625784 2.071383 4.080985
v 3.625784 2.071383 4.222183
v 3.624700 2.072140 3.657387
v 3.624701 2.072140 3.798585
v 3.624701 2.072140 3.939783
v 3.624702 2.072140 4.080981
v 3.624703 2.072140 4.222178
v 3.654618 2.095357 3.657278
v 3.654619 2.095357 3.798476
v 3.654619 2.095357 3.939674
v 3.654620 2.095357 4.080872
v 3.654621 2.095357 4.222070
v 3.653536 2.096116 3.657274
v 3.653537 2.096116 3.798473
v 3.653537 2.096116 3.939671
v 3.653538 2.096116 4.080869
v 3.653539 2.096116 4.222066
v 3.624722 2.038949 3.516431
v 3.625804 2.038195 3.516438
v 3.625808 2.038195 4.363626
v 3.624726 2.038948 4.363618
v 3.653551 2.062823 3.516246
v 3.654633 2.062067 3.516251
v 3.654637 2.062067 4.363438
v 3.653555 2.062822 4.363433
v 3.625805 2.038195 3.657636
v 3.625805 2.038195 3.798833
v 3.625806 2.038195 3.940032
v 3.625807 2.038195 4.081230
v 3.625807 2.038195 4.222427
v 3.624723 2.038949 3.657629
v 3.624723 2.038948 3.798826
v 3.624724 2.038948 3.940025
v 3.624725 2.038948 4.081223
v 3.624725 2.038948 4.222420
v 3.654634 2.062067 3.657449
v 3.654635 2.062067 3.798647
v 3.654635 2.062067 3.939845
v 3.654636 2.062067 4.081043
v 3.654637 2.062067 4.222240
v 3.653552 2.062823 3.657444
v 3.653553 2.062823 3.798641
v 3.653553 2.062823 3.939839
v 3.653554 2.062823 4.081038
v 3.653555 2.062823 4.222235
v 3.624756 2.005929 3.516796
v 3.625839 2.005180 3.516806
v 3.625842 2.005179 4.363994
v 3.624760 2.005928 4.363984
v 3.653577 2.029676 3.516519
v 3.654659 2.028924 3.516528
v 3.654663 2.028924 4.363715
v 3.653581 2.029675 4.363707
v 3.625839 2.005180 3.658004
v 3.625840 2.005180 3.799202
v 3.625841 2.005179 3.940399
v 3.625841 2.005179 4.081598
v 3.625842 2.005179 4.222795
v 3.624757 2.005929 3.657994
v 3.624758 2.005929 3.799192
v 3.624758 2.005928 3.940389
v 3.624759 2.005928 4.081588
v 3.624760 2.005929 4.222785
v 3.654660 2.028924 3.657725
v 3.654661 2.028924 3.798923
v 3.654661 2.028924 3.940121
v 3.654662 2.028924 4.081319
v 3.654663 2.028924 4.222517
v 3.653578 2.029676 3.657717
v 3.653578 2.029676 3.798915
v 3.653579 2.029676 3.940113
v 3.653580 2.029676 4.081311
v 3.653580 2.029676 4.222509
v 3.624804 1.973116 3.517310
v 3.625887 1.972372 3.517323
v 3.625891 1.972372 4.364511
v 3.624808 1.973116 4.364497
v 3.653615 1.996711 3.516923
v 3.654697 1.995963 3.516935
v 3.654701 1.995963 4.364122
v 3.653619 1.996710 4.364111
v 3.625888 1.972372 3.658521
v 3.625888 1.972372 3.799719
v 3.625889 1.972372 3.940917
v 3.625890 1.972372 4.082115
v 3.625890 1.972372 4.223313
v 3.624805 1.973116 3.658507
v 3.624806 1.973116 3.799706
v 3.624806 1.973116 3.940903
v 3.624807 1.973116 4.082101
v 3.624808 1.973116 4.223299
v 3.654698 1.995963 3.658133
v 3.654699 1.995963 3.799330
v 3.654699 1.995963 3.940529
v 3.654700 1.995963 4.081727
v 3.654701 1.995963 4.222924
v 3.653615 1.996711 3.658121
v 3.653616 1.996711 3.799319
v 3.653617 1.996711 3.940517
v 3.653617 1.996711 4.081716
v 3.653618 1.996711 4.222913
v 3.624869 1.940545 3.517997
v 3.625952 1.939808 3.518014
v 3.625956 1.939807 4.365202
v 3.624873 1.940545 4.365184
v 3.653667 1.963963 3.517483
v 3.654750 1.963220 3.517499
v 3.654754 1.963220 4.364686
v 3.653671 1.963962 4.364671
v 3.625952 1.939807 3.659213
v 3.625953 1.939807 3.800410
v 3.625954 1.939807 3.941608
v 3.625954 1.939807 4.082806
v 3.625955 1.939807 4.224004
v 3.624869 1.940545 3.659195
v 3.624870 1.940545 3.800392
v 3.624871 1.940545 3.941591
v 3.624871 1.940545 4.082788
v 3.624872 1.940545 4.223987
v 3.654751 1.963220 3.658696
v 3.654752 1.963220 3.799894
v 3.654752 1.963220 3.941092
v 3.654753 1.963220 4.082290
v 3.654754 1.963220 4.223488
v 3.653668 1.963963 3.658681
v 3.653668 1.963963 3.799879
v 3.653669 1.963963 3.941077
v 3.653670 1.963963 4.082275
v 3.653671 1.963963 4.223473
v 3.624948 1.908202 3.518847
v 3.626032 1.907468 3.518868
v 3.626036 1.907467 4.366055
v 3.624952 1.908201 4.366034
v 3.653736 1.931462 3.518221
v 3.654820 1.930726 3.518240
v 3.654824 1.930725 4.365427
v 3.653740 1.931462 4.365408
v 3.626032 1.907467 3.660065
v 3.626033 1.907467 3.801264
v 3.626034 1.907467 3.942461
v 3.626034 1.907467 4.083660
v 3.626035 1.907467 4.224857
v 3.624949 1.908202 3.660045
v 3.624950 1.908202 3.801243
v 3.624950 1.908202 3.942440
v 3.624951 1.908201 4.083639
v 3.624952 1.908201 4.224836
v 3.654820 1.930726 3.659438
v 3.654821 1.930726 3.800636
v 3.654821 1.930725 3.941834
v 3.654822 1.930725 4.083032
v 3.654823 1.930725 4.224230
v 3.653737 1.931462 3.659419
v 3.653738 1.931462 3.800617
v 3.653738 1.931462 3.941815
v 3.653739 1.931462 4.083013
v 3.653740 1.931462 4.224211
v 3.625037 1.875987 3.519789
v 3.626120 1.875255 3.519811
v 3.626124 1.875254 4.366999
v 3.625041 1.875986 4.366977
v 3.653819 1.899166 3.519105
v 3.654902 1.898432 3.519126
v 3.654907 1.898432 4.366313
v 3.653823 1.899165 4.366292
v 3.626121 1.875255 3.661009
v 3.626122 1.875255 3.802207
v 3.626122 1.875255 3.943405
v 3.626123 1.875254 4.084603
v 3.626123 1.875254 4.225801
v 3.625037 1.875987 3.660987
v 3.625038 1.875987 3.802185
v 3.625039 1.875987 3.943383
v 3.625040 1.875986 4.084581
v 3.625040 1.875987 4.225779
v 3.654903 1.898432 3.660324
v 3.654904 1.898432 3.801522
v 3.654905 1.898432 3.942720
v 3.654905 1.898432 4.083918
v 3.654906 1.898432 4.225116
v 3.653820 1.899165 3.660302
v 3.653821 1.899165 3.801501
v 3.653821 1.899165 3.942698
v 3.653822 1.899165 4.083897
v 3.653822 1.899165 4.225094
v 3.625126 1.843795 3.520749
v 3.626210 1.843062 3.520770
v 3.626214 1.843061 4.367958
v 3.625131 1.843794 4.367936
v 3.653909 1.866968 3.520060
v 3.654992 1.866236 3.520082
v 3.654996 1.866235 4.367270
v 3.653913 1.866967 4.367247
v 3.626211 1.843062 3.661968
v 3.626211 1.843062 3.803165
v 3.626212 1.843062 3.944364
v 3.626213 1.843061 4.085561
v 3.626213 1.843061 4.226759
v 3.625127 1.843795 3.661946
v 3.625128 1.843795 3.803144
v 3.625129 1.843795 3.944342
v 3.625129 1.843794 4.085540
v 3.625130 1.843795 4.226738
v 3.654993 1.866235 3.661280
v 3.654994 1.866235 3.802478
v 3.654994 1.866235 3.943676
v 3.654995 1.866235 4.084874
v 3.654995 1.866235 4.226071
v 3.653909 1.866968 3.661258
v 3.653910 1.866968 3.802455
v 3.653911 1.866968 3.943653
v 3.653911 1.866968 4.084852
v 3.653912 1.866967 4.226049
v 3.625211 1.811520 3.521648
v 3.626294 1.810784 3.521667
v 3.626298 1.810783 4.368855
v 3.625215 1.811519 4.368835
v 3.653998 1.834763 3.521009
v 3.655081 1.834030 3.521031
v 3.655085 1.834029 4.368218
v 3.654002 1.834763 4.368197
v 3.626295 1.810784 3.662865
v 3.626295 1.810784 3.804063
v 3.626296 1.810784 3.945261
v 3.626297 1.810783 4.086459
v 3.626297 1.810783 4.227656
v 3.625211 1.811520 3.662845
v 3.625212 1.811520 3.804043
v 3.625213 1.811520 3.945241
v 3.625214 1.811519 4.086439
v 3.625214 1.811519 4.227637
v 3.655082 1.834029 3.662229
v 3.655082 1.834029 3.803427
v 3.655083 1.834029 3.944624
v 3.655084 1.834029 4.085823
v 3.655085 1.834029 4.227020
v 3.653998 1.834763 3.662207
v 3.653999 1.834763 3.803405
v 3.654000 1.834763 3.944603
v 3.654001 1.834763 4.085802
v 3.654001 1.834763 4.226999
v 3.625282 1.779055 3.522411
v 3.626365 1.778313 3.522426
v 3.626369 1.778313 4.369614
v 3.625286 1.779055 4.369598
v 3.654079 1.802446 3.521878
v 3.655162 1.801708 3.521897
v 3.655166 1.801708 4.369084
v 3.654083 1.802445 4.369066
v 3.626366 1.778313 3.663624
v 3.626367 1.778313 3.804822
v 3.626367 1.778313 3.946020
v 3.626368 1.778313 4.087218
v 3.626368 1.778313 4.228415
v 3.625283 1.779055 3.663609
v 3.625283 1.779055 3.804807
v 3.625284 1.779055 3.946004
v 3.625285 1.779055 4.087203
v 3.625286 1.779055 4.228401
v 3.655163 1.801708 3.663095
v 3.655164 1.801708 3.804293
v 3.655164 1.801708 3.945490
v 3.655165 1.801707 4.086689
v 3.655166 1.801708 4.227886
v 3.654080 1.802445 3.663076
v 3.654080 1.802445 3.804274
v 3.654081 1.802445 3.945472
v 3.654082 1.802445 4.086670
v 3.654082 1.802445 4.227868
v 3.625334 1.746295 3.522962
v 3.626416 1.745545 3.522971
v 3.626420 1.745545 4.370160
v 3.625338 1.746294 4.370150
v 3.654146 1.769909 3.522590
v 3.655229 1.769165 3.522604
v 3.655232 1.769165 4.369792
v 3.654150 1.769908 4.369777
v 3.626417 1.745545 3.664170
v 3.626418 1.745545 3.805367
v 3.626418 1.745545 3.946565
v 3.626419 1.745545 4.087763
v 3.626420 1.745545 4.228961
v 3.625335 1.746295 3.664160
v 3.625335 1.746294 3.805358
v 3.625336 1.746294 3.946556
v 3.625337 1.746294 4.087754
v 3.625337 1.746294 4.228951
v 3.655229 1.769165 3.663802
v 3.655230 1.769165 3.805000
v 3.655231 1.769165 3.946198
v 3.655231 1.769165 4.087396
v 3.655232 1.769165 4.228593
v 3.654146 1.769909 3.663788
v 3.654147 1.769909 3.804986
v 3.654148 1.769909 3.946183
v 3.654148 1.769908 4.087381
v 3.654149 1.769908 4.228580
v 3.625359 1.713133 3.523225
v 3.626440 1.712373 3.523227
v 3.626444 1.712373 4.370415
v 3.625362 1.713132 4.370412
v 3.654191 1.737047 3.523068
v 3.655273 1.736294 3.523076
v 3.655277 1.736294 4.370264
v 3.654194 1.737046 4.370255
v 3.626441 1.712373 3.664425
v 3.626441 1.712373 3.805623
v 3.626442 1.712373 3.946821
v 3.626443 1.712373 4.088019
v 3.626443 1.712373 4.229217
v 3.625359 1.713133 3.664423
v 3.625360 1.713133 3.805621
v 3.625361 1.713133 3.946819
v 3.625361 1.713132 4.088017
v 3.625362 1.713133 4.229215
v 3.655273 1.736294 3.664274
v 3.655274 1.736294 3.805472
v 3.655275 1.736294 3.946669
v 3.655275 1.736294 4.087868
v 3.655276 1.736294 4.229065
v 3.654191 1.737047 3.664266
v 3.654192 1.737047 3.805464
v 3.654192 1.737047 3.946662
v 3.654193 1.737046 4.087860
v 3.654194 1.737046 4.229058
v 3.625350 1.679479 3.523131
v 3.626431 1.678708 3.523124
v 3.626435 1.678707 4.370312
v 3.625355 1.679479 4.370318
v 3.654206 1.703753 3.523237
v 3.655288 1.702990 3.523237
v 3.655292 1.702990 4.370424
v 3.654210 1.703753 4.370424
v 3.626432 1.678708 3.664322
v 3.626433 1.678708 3.805520
v 3.626433 1.678708 3.946718
v 3.626434 1.678707 4.087916
v 3.626435 1.678708 4.229114
v 3.625351 1.679479 3.664329
v 3.625352 1.679479 3.805526
v 3.625353 1.679479 3.946724
v 3.625353 1.679479 4.087923
v 3.625354 1.679479 4.229120
v 3.655288 1.702990 3.664434
v 3.655289 1.702990 3.805632
v 3.655290 1.702990 3.946830
v 3.655290 1.702990 4.088028
v 3.655291 1.702990 4.229226
v 3.654207 1.703753 3.664434
v 3.654208 1.703753 3.805632
v 3.654208 1.703753 3.946830
v 3.654209 1.703753 4.088028
v 3.654210 1.703753 4.229226
v 3.625317 1.645385 3.522671
v 3.626398 1.644605 3.522657
v 3.626402 1.644604 4.369844
v 3.625321 1.645384 4.369858
v 3.654190 1.669964 3.523038
v 3.655271 1.669190 3.523030
v 3.655275 1.669189 4.370217
v 3.654194 1.669963 4.370225
v 3.626399 1.644605 3.663855
v 3.626399 1.644605 3.805053
v 3.626400 1.644605 3.946250
v 3.626400 1.644604 4.087449
v 3.626401 1.644604 4.228646
v 3.625318 1.645385 3.663869
v 3.625319 1.645385 3.805067
v 3.625319 1.645385 3.946265
v 3.625320 1.645384 4.087463
v 3.625320 1.645384 4.228661
v 3.655271 1.669190 3.664227
v 3.655272 1.669190 3.805425
v 3.655273 1.669190 3.946623
v 3.655273 1.669189 4.087821
v 3.655274 1.669189 4.229019
v 3.654191 1.669964 3.664236
v 3.654191 1.669964 3.805434
v 3.654192 1.669964 3.946631
v 3.654192 1.669963 4.087830
v 3.654193 1.669963 4.229028
v 3.625273 1.610972 3.521869
v 3.626353 1.610186 3.521848
v 3.626357 1.610185 4.369035
v 3.625277 1.610971 4.369057
v 3.654152 1.635766 3.522482
v 3.655232 1.634984 3.522466
v 3.655236 1.634984 4.369653
v 3.654156 1.635765 4.369670
v 3.626354 1.610185 3.663045
v 3.626354 1.610185 3.804243
v 3.626355 1.610185 3.945441
v 3.626356 1.610185 4.086639
v 3.626356 1.610185 4.227837
v 3.625273 1.610971 3.663067
v 3.625274 1.610971 3.804265
v 3.625275 1.610971 3.945463
v 3.625275 1.610971 4.086661
v 3.625276 1.610971 4.227859
v 3.655233 1.634984 3.663664
v 3.655234 1.634984 3.804862
v 3.655234 1.634984 3.946059
v 3.655235 1.634984 4.087258
v 3.655236 1.634983 4.228456
v 3.654153 1.635766 3.663680
v 3.654153 1.635766 3.804878
v 3.654154 1.635766 3.946076
v 3.654155 1.635765 4.087274
v 3.654155 1.635765 4.228472
v 3.625231 1.576363 3.520749
v 3.626311 1.575573 3.520720
v 3.626315 1.575573 4.367908
v 3.625235 1.576362 4.367937
v 3.654107 1.601282 3.521594
v 3.655187 1.600494 3.521571
v 3.655191 1.600494 4.368759
v 3.654111 1.601281 4.368782
v 3.626312 1.575573 3.661918
v 3.626313 1.575573 3.803116
v 3.626313 1.575573 3.944314
v 3.626314 1.575573 4.085512
v 3.626315 1.575573 4.226710
v 3.625231 1.576362 3.661947
v 3.625232 1.576363 3.803145
v 3.625233 1.576362 3.944343
v 3.625233 1.576362 4.085541
v 3.625234 1.576362 4.226738
v 3.655188 1.600494 3.662769
v 3.655188 1.600494 3.803967
v 3.655189 1.600494 3.945165
v 3.655190 1.600494 4.086363
v 3.655190 1.600494 4.227561
v 3.654107 1.601281 3.662792
v 3.654108 1.601282 3.803990
v 3.654109 1.601281 3.945188
v 3.654109 1.601281 4.086386
v 3.654110 1.601281 4.227584
v 3.625206 1.541682 3.519334
v 3.626287 1.540892 3.519300
v 3.626291 1.540891 4.366487
v 3.625210 1.541681 4.366521
v 3.654068 1.566633 3.520400
v 3.655149 1.565843 3.520371
v 3.655153 1.565843 4.367558
v 3.654072 1.566632 4.367588
v 3.626287 1.540892 3.660497
v 3.626288 1.540892 3.801695
v 3.626289 1.540892 3.942893
v 3.626289 1.540891 4.084091
v 3.626290 1.540891 4.225289
v 3.625206 1.541682 3.660532
v 3.625207 1.541682 3.801730
v 3.625207 1.541681 3.942927
v 3.625208 1.541681 4.084126
v 3.625209 1.541681 4.225323
v 3.655149 1.565843 3.661569
v 3.655150 1.565843 3.802767
v 3.655151 1.565843 3.943964
v 3.655151 1.565842 4.085163
v 3.655152 1.565843 4.226360
v 3.654069 1.566633 3.661598
v 3.654069 1.566632 3.802796
v 3.654070 1.566633 3.943994
v 3.654071 1.566633 4.085192
v 3.654071 1.566632 4.226390
v 3.625211 1.507052 3.517647
v 3.626293 1.506264 3.517608
v 3.626297 1.506263 4.364796
v 3.625215 1.507051 4.364835
v 3.654050 1.531941 3.518925
v 3.655131 1.531152 3.518890
v 3.655136 1.531151 4.366077
v 3.654054 1.531941 4.366113
v 3.626294 1.506264 3.658806
v 3.626295 1.506264 3.800004
v 3.626295 1.506264 3.941202
v 3.626296 1.506263 4.082400
v 3.626297 1.506263 4.223598
v 3.625212 1.507052 3.658845
v 3.625213 1.507052 3.800043
v 3.625213 1.507052 3.941241
v 3.625214 1.507051 4.082439
v 3.625215 1.507051 4.223637
v 3.655132 1.531152 3.660088
v 3.655133 1.531152 3.801286
v 3.655133 1.531152 3.942484
v 3.655134 1.531151 4.083682
v 3.655135 1.531151 4.224880
v 3.654051 1.531941 3.660123
v 3.654051 1.531941 3.801321
v 3.654052 1.531942 3.942518
v 3.654053 1.531941 4.083717
v 3.654053 1.531941 4.224915
v 3.625262 1.472596 3.515713
v 3.626345 1.471813 3.515670
v 3.626349 1.471812 4.362857
v 3.625266 1.472596 4.362900
v 3.654067 1.497330 3.517194
v 3.655149 1.496543 3.517154
v 3.655154 1.496543 4.364342
v 3.654071 1.497330 4.364381
v 3.626346 1.471813 3.656868
v 3.626346 1.471813 3.798065
v 3.626347 1.471813 3.939264
v 3.626348 1.471813 4.080462
v 3.626348 1.471813 4.221659
v 3.625263 1.472597 3.656911
v 3.625263 1.472596 3.798109
v 3.625264 1.472596 3.939307
v 3.625265 1.472596 4.080505
v 3.625265 1.472596 4.221703
v 3.655150 1.496543 3.658352
v 3.655151 1.496543 3.799550
v 3.655151 1.496542 3.940748
v 3.655152 1.496542 4.081946
v 3.655153 1.496542 4.223144
v 3.654068 1.497330 3.658391
v 3.654068 1.497330 3.799589
v 3.654069 1.497330 3.940787
v 3.654070 1.497330 4.081985
v 3.654070 1.497330 4.223183
v 3.625371 1.438438 3.513555
v 3.626456 1.437662 3.513508
v 3.626460 1.437661 4.360695
v 3.625376 1.438438 4.360742
v 3.654133 1.462920 3.515232
v 3.655216 1.462138 3.515189
v 3.655221 1.462137 4.362376
v 3.654137 1.462920 4.362419
v 3.626457 1.437662 3.654706
v 3.626457 1.437662 3.795904
v 3.626458 1.437661 3.937102
v 3.626459 1.437662 4.078300
v 3.626460 1.437662 4.219498
v 3.625372 1.438438 3.654752
v 3.625373 1.438438 3.795950
v 3.625374 1.438438 3.937148
v 3.625374 1.438438 4.078346
v 3.625375 1.438438 4.219544
v 3.655217 1.462138 3.656387
v 3.655218 1.462138 3.797585
v 3.655219 1.462138 3.938783
v 3.655219 1.462138 4.079980
v 3.655220 1.462138 4.221178
v 3.654133 1.462920 3.656430
v 3.654134 1.462920 3.797628
v 3.654135 1.462920 3.938826
v 3.654135 1.462920 4.080023
v 3.654136 1.462920 4.221221
v 3.625544 1.404641 3.511227
v 3.626629 1.403871 3.511180
v 3.626633 1.403871 4.358367
v 3.625548 1.404641 4.358414
v 3.654261 1.428831 3.513067
v 3.655346 1.428055 3.513022
v 3.655350 1.428055 4.360209
v 3.654265 1.428830 4.360254
v 3.626630 1.403871 3.652378
v 3.626631 1.403871 3.793576
v 3.626631 1.403871 3.934774
v 3.626632 1.403870 4.075971
v 3.626633 1.403870 4.217169
v 3.625544 1.404642 3.652425
v 3.625545 1.404641 3.793622
v 3.625546 1.404641 3.934820
v 3.625546 1.404641 4.076018
v 3.625547 1.404641 4.217216
v 3.655347 1.428055 3.654220
v 3.655347 1.428055 3.795418
v 3.655348 1.428055 3.936615
v 3.655348 1.428055 4.077813
v 3.655349 1.428055 4.219011
v 3.654262 1.428830 3.654265
v 3.654262 1.428831 3.795463
v 3.654263 1.428830 3.936661
v 3.654263 1.428831 4.077858
v 3.654264 1.428830 4.219056
v 3.599882 2.641785 2.635058
v 3.600963 2.641022 2.635058
v 3.600967 2.641021 3.482245
v 3.599886 2.641784 3.482245
v 3.628729 2.665917 2.635058
v 3.629810 2.665154 2.635058
v 3.629814 2.665154 3.482245
v 3.628733 2.665917 3.482245
v 3.600964 2.641022 2.776256
v 3.600965 2.641022 2.917454
v 3.600965 2.641022 3.058651
v 3.600966 2.641021 3.199850
v 3.600967 2.641021 3.341048
v 3.599883 2.641785 2.776256
v 3.599883 2.641785 2.917454
v 3.599884 2.641785 3.058651
v 3.599885 2.641784 3.199850
v 3.599885 2.641784 3.341047
v 3.629811 2.665154 2.776256
v 3.629811 2.665154 2.917454
v 3.629812 2.665154 3.058652
v 3.629813 2.665154 3.199850
v 3.629813 2.665154 3.341047
v 3.628729 2.665917 2.776256
v 3.628730 2.665917 2.917454
v 3.628731 2.665917 3.058651
v 3.628731 2.665917 3.199849
v 3.628732 2.665917 3.341047
v 3.599882 2.608256 2.635058
v 3.600963 2.607493 2.635058
v 3.600967 2.607493 3.482245
v 3.599886 2.608256 3.482245
v 3.628729 2.632389 2.635058
v 3.629810 2.631626 2.635058
v 3.629814 2.631626 3.482245
v 3.628733 2.632388 3.482245
v 3.600964 2.607493 2.776256
v 3.600965 2.607493 2.917454
v 3.600965 2.607493 3.058651
v 3.600966 2.607493 3.199850
v 3.600967 2.607493 3.341048
v 3.599883 2.608256 2.776256
v 3.599883 2.608256 2.917454
v 3.599884 2.608256 3.058651
v 3.599885 2.608256 3.199850
v 3.599885 2.608256 3.341047
v 3.629811 2.631626 2.776256
v 3.629811 2.631626 2.917454
v 3.629812 2.631626 3.058652
v 3.629813 2.631626 3.199850
v 3.629813 2.631626 3.341047
v 3.628729 2.632389 2.776256
v 3.628730 2.632389 2.917454
v 3.628731 2.632389 3.058651
v 3.628731 2.632389 3.199849
v 3.628732 2.632389 3.341047
v 3.599882 2.574728 2.635058
v 3.600963 2.573965 2.635058
v 3.600967 2.573965 3.482245
v 3.599886 2.574728 3.482245
v 3.628729 2.598860 2.635058
v 3.629810 2.598097 2.635058
v 3.629814 2.598097 3.482245
v 3.628733 2.598860 3.482245
v 3.600964 2.573965 2.776256
v 3.600965 2.573965 2.917454
v 3.600965 2.573965 3.058652
v 3.600966 2.573965 3.199850
v 3.600967 2.573965 3.341048
v 3.599883 2.574728 2.776256
v 3.599883 2.574728 2.917454
v 3.599884 2.574728 3.058651
v 3.599885 2.574728 3.199850
v 3.599885 2.574728 3.341047
v 3.629811 2.598097 2.776256
v 3.629811 2.598097 2.917454
v 3.629812 2.598097 3.058652
v 3.629813 2.598097 3.199850
v 3.629813 2.598097 3.341047
v 3.628729 2.598860 2.776256
v 3.628730 2.598860 2.917454
v 3.628731 2.598860 3.058651
v 3.628731 2.598860 3.199849
v 3.628732 2.598860 3.341047
v 3.599882 2.541199 2.635058
v 3.600963 2.540437 2.635058
v 3.600967 2.540436 3.482245
v 3.599886 2.541199 3.482245
v 3.628729 2.565332 2.635058
v 3.629810 2.564569 2.635058
v 3.629814 2.564569 3.482245
v 3.628733 2.565331 3.482245
v 3.600964 2.540437 2.776256
v 3.600965 2.540437 2.917454
v 3.600965 2.540437 3.058652
v 3.600966 2.540436 3.199850
v 3.600967 2.540436 3.341048
v 3.599883 2.541199 2.776256
v 3.599883 2.541199 2.917454
v 3.599884 2.541199 3.058651
v 3.599885 2.541199 3.199850
v 3.599885 2.541199 3.341047
v 3.629811 2.564569 2.776256
v 3.629811 2.564569 2.917454
v 3.629812 2.564569 3.058652
v 3.629813 2.564569 3.199850
v 3.629813 2.564569 3.341048
v 3.628729 2.565332 2.776256
v 3.628730 2.565332 2.917454
v 3.628731 2.565332 3.058651
v 3.628731 2.565332 3.199849
v 3.628732 2.565331 3.341047
v 3.599882 2.507671 2.635058
v 3.600963 2.506908 2.635058
v 3.600967 2.506908 3.482245
v 3.599886 2.507671 3.482245
v 3.628729 2.531804 2.635058
v 3.629810 2.531041 2.635058
v 3.629814 2.531040 3.482245
v 3.628733 2.531803 3.482245
v 3.600964 2.506908 2.776256
v 3.600965 2.506908 2.917454
v 3.600965 2.506908 3.058652
v 3.600966 2.506908 3.199850
v 3.600967 2.506908 3.341048
v 3.599883 2.507671 2.776256
v 3.599883 2.507671 2.917454
v 3.599884 2.507671 3.058651
v 3.599885 2.507671 3.199850
v 3.599885 2.507671 3.341047
v 3.629811 2.531040 2.776256
v 3.629811 2.531041 2.917454
v 3.629812 2.531040 3.058652
v 3.629813 2.531040 3.199850
v 3.629813 2.531040 3.341048
v 3.628729 2.531803 2.776256
v 3.628730 2.531803 2.917454
v 3.628731 2.531803 3.058651
v 3.628731 2.531803 3.199849
v 3.628732 2.531803 3.341047
v 3.599882 2.474143 2.635058
v 3.600963 2.473380 2.635058
v 3.600967 2.473380 3.482245
v 3.599886 2.474143 3.482245
v 3.628729 2.498275 2.635058
v 3.629810 2.497512 2.635058
v 3.629814 2.497512 3.482245
v 3.628733 2.498275 3.482245
v 3.600964 2.473380 2.776256
v 3.600965 2.473380 2.917454
v 3.600965 2.473380 3.058652
v 3.600966 2.473380 3.199850
v 3.600967 2.473380 3.341048
v 3.599883 2.474143 2.776256
v 3.599883 2.474143 2.917454
v 3.599884 2.474143 3.058651
v 3.599885 2.474143 3.199850
v 3.599885 2.474143 3.341047
v 3.629811 2.497512 2.776256
v 3.629811 2.497512 2.917454
v 3.629812 2.497512 3.058652
v 3.629813 2.497512 3.199850
v 3.629813 2.497512 3.341048
v 3.628729 2.498275 2.776256
v 3.628730 2.498275 2.917454
v 3.628731 2.498275 3.058651
v 3.628731 2.498275 3.199849
v 3.628732 2.498275 3.341047
v 3.599882 2.440614 2.635058
v 3.600963 2.439852 2.635058
v 3.600967 2.439851 3.482245
v 3.599886 2.440614 3.482245
v 3.628729 2.464747 2.635058
v 3.629810 2.463984 2.635058
v 3.629814 2.463984 3.482245
v 3.628733 2.464746 3.482245
v 3.600964 2.439852 2.776256
v 3.600965 2.439851 2.917454
v 3.600965 2.439851 3.058652
v 3.600966 2.439851 3.199850
v 3.600967 2.439851 3.341048
v 3.599883 2.440614 2.776256
v 3.599883 2.440614 2.917454
v 3.599884 2.440614 3.058651
v 3.599885 2.440614 3.199850
v 3.599885 2.440614 3.341047
v 3.629811 2.463984 2.776256
v 3.629811 2.463984 2.917454
v 3.629812 2.463984 3.058652
v 3.629813 2.463984 3.199850
v 3.629813 2.463984 3.341048
v 3.628729 2.464747 2.776256
v 3.628730 2.464747 2.917454
v 3.628731 2.464747 3.058651
v 3.628731 2.464746 3.199849
v 3.628732 2.464746 3.341047
v 3.599882 2.407086 2.635058
v 3.600963 2.406323 2.635058
v 3.600967 2.406323 3.482245
v 3.599886 2.407086 3.482245
v 3.628729 2.431218 2.635058
v 3.629810 2.430455 2.635058
v 3.629814 2.430455 3.482245
v 3.628733 2.431218 3.482245
v 3.600964 2.406323 2.776256
v 3.600965 2.406323 2.917454
v 3.600965 2.406323 3.058652
v 3.600966 2.406323 3.199850
v 3.600967 2.406323 3.341048
v 3.599883 2.407086 2.776256
v 3.599883 2.407086 2.917454
v 3.599884 2.407086 3.058651
v 3.599885 2.407086 3.199850
v 3.599885 2.407086 3.341047
v 3.629811 2.430455 2.776256
v 3.629811 2.430455 2.917454
v 3.629812 2.430455 3.058652
v 3.629813 2.430455 3.199850
v 3.629813 2.430455 3.341048
v 3.628729 2.431218 2.776256
v 3.628730 2.431218 2.917454
v 3.628731 2.431218 3.058651
v 3.628731 2.431218 3.199849
v 3.628732 2.431218 3.341047
v 3.599882 2.373558 2.635058
v 3.600963 2.372795 2.635058
v 3.600967 2.372794 3.482245
v 3.599886 2.373557 3.482245
v 3.628729 2.397690 2.635058
v 3.629810 2.396927 2.635058
v 3.629814 2.396927 3.482245
v 3.628733 2.397690 3.482245
v 3.600964 2.372795 2.776256
v 3.600965 2.372795 2.917454
v 3.600965 2.372794 3.058652
v 3.600966 2.372794 3.199850
v 3.600967 2.372794 3.341048
v 3.599883 2.373558 2.776256
v 3.599883 2.373558 2.917454
v 3.599884 2.373557 3.058651
v 3.599885 2.373557 3.199850
v 3.599885 2.373557 3.341047
v 3.629811 2.396927 2.776256
v 3.629811 2.396927 2.917454
v 3.629812 2.396927 3.058652
v 3.629813 2.396927 3.199850
v 3.629813 2.396927 3.341048
v 3.628729 2.397690 2.776256
v 3.628730 2.397690 2.917454
v 3.628731 2.397690 3.058651
v 3.628731 2.397690 3.199849
v 3.628732 2.397690 3.341047
v 3.599882 2.340029 2.635058
v 3.600963 2.339266 2.635058
v 3.600967 2.339266 3.482245
v 3.599886 2.340029 3.482245
v 3.628729 2.364161 2.635058
v 3.629810 2.363399 2.635058
v 3.629814 2.363398 3.482245
v 3.628733 2.364161 3.482245
v 3.600964 2.339266 2.776256
v 3.600965 2.339266 2.917454
v 3.600965 2.339266 3.058652
v 3.600966 2.339266 3.199850
v 3.600967 2.339266 3.341048
v 3.599883 2.340029 2.776256
v 3.599883 2.340029 2.917454
v 3.599884 2.340029 3.058651
v 3.599885 2.340029 3.199850
v 3.599885 2.340029 3.341047
v 3.629811 2.363399 2.776256
v 3.629811 2.363399 2.917454
v 3.629812 2.363399 3.058652
v 3.629813 2.363399 3.199850
v 3.629813 2.363398 3.341048
v 3.628729 2.364161 2.776256
v 3.628730 2.364161 2.917454
v 3.628731 2.364161 3.058651
v 3.628731 2.364161 3.199849
v 3.628732 2.364161 3.341047
v 3.599882 2.306501 2.635058
v 3.600963 2.305738 2.635058
v 3.600967 2.305737 3.482245
v 3.599886 2.306500 3.482245
v 3.628729 2.330633 2.635058
v 3.629810 2.329870 2.635058
v 3.629814 2.329870 3.482245
v 3.628733 2.330633 3.482245
v 3.600964 2.305738 2.776256
v 3.600965 2.305738 2.917454
v 3.600965 2.305737 3.058652
v 3.600966 2.305737 3.199850
v 3.600967 2.305737 3.341048
v 3.599883 2.306501 2.776256
v 3.599883 2.306501 2.917454
v 3.599884 2.306500 3.058651
v 3.599885 2.306500 3.199850
v 3.599885 2.306500 3.341047
v 3.629811 2.329870 2.776256
v 3.629811 2.329870 2.917454
v 3.629812 2.329870 3.058652
v 3.629813 2.329870 3.199850
v 3.629813 2.329870 3.341048
v 3.628729 2.330633 2.776256
v 3.628730 2.330633 2.917454
v 3.628731 2.330633 3.058651
v 3.628731 2.330633 3.199849
v 3.628732 2.330633 3.341047
v 3.599882 2.272972 2.635058
v 3.600963 2.272209 2.635058
v 3.600967 2.272209 3.482245
v 3.599886 2.272972 3.482245
v 3.628729 2.297105 2.635058
v 3.629810 2.296342 2.635058
v 3.629814 2.296342 3.482245
v 3.628733 2.297104 3.482245
v 3.600964 2.272209 2.776256
v 3.600965 2.272209 2.917454
v 3.600965 2.272209 3.058652
v 3.600966 2.272209 3.199850
v 3.600967 2.272209 3.341048
v 3.599883 2.272972 2.776256
v 3.599883 2.272972 2.917454
v 3.599884 2.272972 3.058651
v 3.599885 2.272972 3.199850
v 3.599885 2.272972 3.341047
v 3.629811 2.296342 2.776256
v 3.629811 2.296342 2.917454
v 3.629812 2.296342 3.058652
v 3.629813 2.296342 3.199850
v 3.629813 2.296341 3.341048
v 3.628729 2.297105 2.776256
v 3.628730 2.297105 2.917454
v 3.628731 2.297105 3.058651
v 3.628731 2.297105 3.199849
v 3.628732 2.297104 3.341047
v 3.599882 2.239444 2.635058
v 3.600963 2.238681 2.635058
v 3.600967 2.238681 3.482245
v 3.599886 2.239444 3.482245
v 3.628729 2.263577 2.635058
v 3.629810 2.262814 2.635058
v 3.629814 2.262813 3.482245
v 3.628733 2.263576 3.482245
v 3.600964 2.238681 2.776256
v 3.600965 2.238681 2.917454
v 3.600965 2.238681 3.058652
v 3.600966 2.238681 3.199850
v 3.600967 2.238681 3.341048
v 3.599883 2.239444 2.776256
v 3.599883 2.239444 2.917454
v 3.599884 2.239444 3.058651
v 3.599885 2.239444 3.199850
v 3.599885 2.239444 3.341047
v 3.629811 2.262813 2.776256
v 3.629811 2.262813 2.917454
v 3.629812 2.262813 3.058652
v 3.629813 2.262813 3.199850
v 3.629813 2.262813 3.341048
v 3.628729 2.263576 2.776256
v 3.628730 2.263576 2.917454
v 3.628731 2.263576 3.058651
v 3.628731 2.263576 3.199850
v 3.628732 2.263576 3.341047
v 3.599882 2.205915 2.635058
v 3.600963 2.205153 2.635058
v 3.600967 2.205152 3.482245
v 3.599886 2.205915 3.482245
v 3.628729 2.230048 2.635058
v 3.629810 2.229285 2.635058
v 3.629814 2.229285 3.482245
v 3.628733 2.230048 3.482245
v 3.600964 2.205153 2.776256
v 3.600965 2.205153 2.917454
v 3.600965 2.205153 3.058652
v 3.600966 2.205152 3.199850
v 3.600967 2.205152 3.341048
v 3.599883 2.205915 2.776256
v 3.599883 2.205915 2.917454
v 3.599884 2.205915 3.058651
v 3.599885 2.205915 3.199850
v 3.599885 2.205915 3.341047
v 3.629811 2.229285 2.776256
v 3.629811 2.229285 2.917454
v 3.629812 2.229285 3.058652
v 3.629813 2.229285 3.199850
v 3.629813 2.229285 3.341048
v 3.628729 2.230048 2.776256
v 3.628730 2.230048 2.917454
v 3.628731 2.230048 3.058651
v 3.628731 2.230048 3.199850
v 3.628732 2.230048 3.341047
v 3.599882 2.172391 2.635061
v 3.600964 2.171628 2.635061
v 3.600967 2.171628 3.482248
v 3.599886 2.172390 3.482248
v 3.628729 2.196520 2.635058
v 3.629810 2.195757 2.635058
v 3.629814 2.195756 3.482245
v 3.628733 2.196519 3.482245
v 3.600964 2.171628 2.776258
v 3.600965 2.171628 2.917457
v 3.600966 2.171628 3.058654
v 3.600966 2.171628 3.199852
v 3.600967 2.171628 3.341050
v 3.599883 2.172391 2.776258
v 3.599884 2.172391 2.917456
v 3.599884 2.172391 3.058654
v 3.599885 2.172391 3.199852
v 3.599885 2.172391 3.341050
v 3.629811 2.195757 2.776256
v 3.629811 2.195757 2.917454
v 3.629812 2.195756 3.058652
v 3.629813 2.195756 3.199850
v 3.629813 2.195756 3.341048
v 3.628729 2.196520 2.776256
v 3.628730 2.196519 2.917454
v 3.628731 2.196519 3.058651
v 3.628731 2.196519 3.199850
v 3.628732 2.196519 3.341047
v 3.599885 2.138896 2.635085
v 3.600966 2.138135 2.635086
v 3.600970 2.138135 3.482273
v 3.599888 2.138896 3.482272
v 3.628729 2.163000 2.635064
v 3.629811 2.162237 2.635065
v 3.629815 2.162237 3.482252
v 3.628733 2.162999 3.482251
v 3.600967 2.138135 2.776284
v 3.600967 2.138135 2.917482
v 3.600968 2.138135 3.058680
v 3.600969 2.138135 3.199878
v 3.600969 2.138135 3.341075
v 3.599885 2.138896 2.776283
v 3.599886 2.138896 2.917481
v 3.599887 2.138896 3.058678
v 3.599887 2.138896 3.199877
v 3.599888 2.138896 3.341074
v 3.629811 2.162237 2.776263
v 3.629812 2.162237 2.917460
v 3.629813 2.162237 3.058658
v 3.629813 2.162237 3.199856
v 3.629814 2.162237 3.341054
v 3.628730 2.163000 2.776262
v 3.628731 2.163000 2.917459
v 3.628731 2.163000 3.058658
v 3.628732 2.163000 3.199855
v 3.628733 2.162999 3.341053
v 3.599891 2.105468 2.635156
v 3.600973 2.104708 2.635159
v 3.600977 2.104708 3.482346
v 3.599895 2.105467 3.482343
v 3.628733 2.129520 2.635099
v 3.629814 2.128759 2.635101
v 3.629818 2.128759 3.482288
v 3.628736 2.129520 3.482286
v 3.600974 2.104708 2.776356
v 3.600974 2.104708 2.917555
v 3.600975 2.104708 3.058752
v 3.600976 2.104708 3.199950
v 3.600976 2.104708 3.341148
v 3.599892 2.105468 2.776354
v 3.599893 2.105468 2.917552
v 3.599893 2.105468 3.058750
v 3.599894 2.105467 3.199948
v 3.599895 2.105467 3.341146
v 3.629815 2.128759 2.776299
v 3.629815 2.128759 2.917496
v 3.629816 2.128759 3.058694
v 3.629817 2.128759 3.199892
v 3.629817 2.128759 3.341090
v 3.628733 2.129520 2.776297
v 3.628734 2.129520 2.917495
v 3.628734 2.129520 3.058692
v 3.628735 2.129520 3.199890
v 3.628736 2.129520 3.341088
v 3.599905 2.072140 2.635300
v 3.600986 2.071383 2.635305
v 3.600991 2.071383 3.482492
v 3.599909 2.072140 3.482487
v 3.628741 2.096116 2.635188
v 3.629822 2.095357 2.635191
v 3.629827 2.095357 3.482379
v 3.628745 2.096116 3.482375
v 3.600987 2.071383 2.776503
v 3.600988 2.071383 2.917700
v 3.600988 2.071383 3.058898
v 3.600989 2.071383 3.200096
v 3.600990 2.071383 3.341294
v 3.599905 2.072140 2.776498
v 3.599906 2.072140 2.917696
v 3.599906 2.072140 3.058894
v 3.599907 2.072140 3.200092
v 3.599908 2.072140 3.341290
v 3.629823 2.095357 2.776389
v 3.629824 2.095357 2.917587
v 3.629825 2.095357 3.058785
v 3.629825 2.095357 3.199983
v 3.629826 2.095357 3.341181
v 3.628742 2.096116 2.776386
v 3.628742 2.096116 2.917584
v 3.628743 2.096116 3.058782
v 3.628744 2.096116 3.199980
v 3.628744 2.096116 3.341178
v 3.599927 2.038949 2.635542
v 3.601009 2.038195 2.635549
v 3.601013 2.038195 3.482737
v 3.599931 2.038948 3.482729
v 3.628757 2.062823 2.635357
v 3.629838 2.062067 2.635362
v 3.629843 2.062067 3.482549
v 3.628761 2.062823 3.482544
v 3.601010 2.038195 2.776747
v 3.601011 2.038195 2.917945
v 3.601011 2.038195 3.059143
v 3.601012 2.038195 3.200341
v 3.601012 2.038195 3.341539
v 3.599928 2.038949 2.776740
v 3.599929 2.038948 2.917938
v 3.599929 2.038948 3.059136
v 3.599930 2.038948 3.200334
v 3.599931 2.038948 3.341532
v 3.629839 2.062067 2.776560
v 3.629840 2.062067 2.917758
v 3.629841 2.062067 3.058956
v 3.629841 2.062067 3.200154
v 3.629842 2.062067 3.341352
v 3.628757 2.062823 2.776555
v 3.628758 2.062823 2.917753
v 3.628759 2.062823 3.058951
v 3.628759 2.062823 3.200149
v 3.628760 2.062823 3.341346
v 3.599962 2.005929 2.635907
v 3.601044 2.005180 2.635917
v 3.601048 2.005179 3.483105
v 3.599966 2.005929 3.483094
v 3.628782 2.029676 2.635631
v 3.629864 2.028924 2.635639
v 3.629869 2.028924 3.482826
v 3.628786 2.029676 3.482818
v 3.601044 2.005180 2.777115
v 3.601045 2.005180 2.918313
v 3.601046 2.005180 3.059511
v 3.601047 2.005179 3.200709
v 3.601047 2.005179 3.341907
v 3.599962 2.005929 2.777105
v 3.599963 2.005929 2.918303
v 3.599963 2.005929 3.059501
v 3.599964 2.005929 3.200699
v 3.599965 2.005929 3.341897
v 3.629865 2.028924 2.776837
v 3.629866 2.028924 2.918034
v 3.629867 2.028924 3.059232
v 3.629867 2.028924 3.200430
v 3.629868 2.028924 3.341628
v 3.628783 2.029676 2.776829
v 3.628783 2.029676 2.918026
v 3.628784 2.029676 3.059224
v 3.628785 2.029676 3.200423
v 3.628786 2.029676 3.341620
v 3.600010 1.973116 2.636421
v 3.601092 1.972373 2.636435
v 3.601096 1.972372 3.483622
v 3.600013 1.973116 3.483608
v 3.628820 1.996711 2.636035
v 3.629903 1.995964 2.636046
v 3.629907 1.995963 3.483233
v 3.628824 1.996710 3.483222
v 3.601093 1.972372 2.777632
v 3.601094 1.972372 2.918830
v 3.601094 1.972372 3.060028
v 3.601095 1.972372 3.201226
v 3.601096 1.972372 3.342424
v 3.600010 1.973116 2.777619
v 3.600011 1.973116 2.918817
v 3.600012 1.973116 3.060014
v 3.600012 1.973116 3.201212
v 3.600013 1.973116 3.342410
v 3.629903 1.995963 2.777244
v 3.629904 1.995963 2.918442
v 3.629905 1.995963 3.059640
v 3.629905 1.995963 3.200838
v 3.629906 1.995963 3.342035
v 3.628821 1.996711 2.777233
v 3.628821 1.996711 2.918431
v 3.628822 1.996711 3.059628
v 3.628823 1.996711 3.200827
v 3.628824 1.996711 3.342024
v 3.600074 1.940546 2.637108
v 3.601157 1.939808 2.637126
v 3.601161 1.939807 3.484313
v 3.600078 1.940545 3.484295
v 3.628873 1.963963 2.636595
v 3.629955 1.963221 2.636610
v 3.629960 1.963220 3.483797
v 3.628876 1.963962 3.483782
v 3.601158 1.939807 2.778324
v 3.601159 1.939807 2.919522
v 3.601159 1.939807 3.060720
v 3.601160 1.939807 3.201917
v 3.601160 1.939807 3.343115
v 3.600075 1.940546 2.778306
v 3.600075 1.940546 2.919504
v 3.600076 1.940546 3.060702
v 3.600077 1.940545 3.201900
v 3.600077 1.940545 3.343097
v 3.629956 1.963220 2.777808
v 3.629957 1.963221 2.919006
v 3.629957 1.963220 3.060203
v 3.629958 1.963220 3.201401
v 3.629959 1.963220 3.342599
v 3.628873 1.963963 2.777792
v 3.628874 1.963963 2.918990
v 3.628875 1.963963 3.060189
v 3.628875 1.963963 3.201386
v 3.628876 1.963963 3.342584
v 3.600154 1.908202 2.637958
v 3.601237 1.907468 2.637979
v 3.601241 1.907467 3.485166
v 3.600158 1.908202 3.485145
v 3.628942 1.931463 2.637332
v 3.630025 1.930726 2.637351
v 3.630029 1.930725 3.484539
v 3.628946 1.931462 3.484520
v 3.601238 1.907468 2.779177
v 3.601238 1.907468 2.920375
v 3.601239 1.907467 3.061573
v 3.601240 1.907468 3.202770
v 3.601240 1.907467 3.343968
v 3.600154 1.908202 2.779156
v 3.600155 1.908202 2.920354
v 3.600156 1.908202 3.061552
v 3.600156 1.908202 3.202750
v 3.600157 1.908201 3.343947
v 3.630026 1.930726 2.778549
v 3.630026 1.930726 2.919747
v 3.630027 1.930726 3.060945
v 3.630028 1.930726 3.202143
v 3.630028 1.930725 3.343341
v 3.628942 1.931462 2.778530
v 3.628943 1.931462 2.919728
v 3.628944 1.931462 3.060926
v 3.628944 1.931462 3.202124
v 3.628945 1.931462 3.343322
v 3.600242 1.875987 2.638901
v 3.601326 1.875255 2.638922
v 3.601329 1.875254 3.486110
v 3.600246 1.875987 3.486088
v 3.629025 1.899166 2.638216
v 3.630108 1.898432 2.638238
v 3.630112 1.898432 3.485425
v 3.629029 1.899165 3.485404
v 3.601326 1.875255 2.780121
v 3.601327 1.875255 2.921318
v 3.601327 1.875255 3.062516
v 3.601328 1.875254 3.203714
v 3.601329 1.875255 3.344912
v 3.600243 1.875987 2.780099
v 3.600243 1.875987 2.921297
v 3.600244 1.875987 3.062494
v 3.600245 1.875987 3.203692
v 3.600245 1.875987 3.344890
v 3.630109 1.898432 2.779435
v 3.630109 1.898432 2.920634
v 3.630110 1.898432 3.061831
v 3.630111 1.898432 3.203029
v 3.630111 1.898432 3.344227
v 3.629025 1.899166 2.779414
v 3.629026 1.899166 2.920612
v 3.629026 1.899166 3.061810
v 3.629027 1.899165 3.203007
v 3.629028 1.899165 3.344206
v 3.600332 1.843795 2.639860
v 3.601415 1.843062 2.639881
v 3.601419 1.843062 3.487069
v 3.600336 1.843795 3.487047
v 3.629114 1.866968 2.639171
v 3.630198 1.866236 2.639193
v 3.630202 1.866235 3.486381
v 3.629118 1.866967 3.486358
v 3.601416 1.843062 2.781079
v 3.601417 1.843062 2.922277
v 3.601417 1.843062 3.063475
v 3.601418 1.843062 3.204673
v 3.601419 1.843062 3.345871
v 3.600332 1.843795 2.781058
v 3.600333 1.843795 2.922255
v 3.600334 1.843795 3.063453
v 3.600335 1.843795 3.204651
v 3.600335 1.843795 3.345849
v 3.630198 1.866235 2.780391
v 3.630199 1.866235 2.921589
v 3.630199 1.866235 3.062787
v 3.630200 1.866235 3.203985
v 3.630201 1.866235 3.345182
v 3.629115 1.866968 2.780369
v 3.629115 1.866968 2.921567
v 3.629116 1.866968 3.062765
v 3.629117 1.866968 3.203963
v 3.629117 1.866968 3.345160
v 3.600416 1.811520 2.640759
v 3.601499 1.810784 2.640778
v 3.601503 1.810783 3.487965
v 3.600420 1.811519 3.487946
v 3.629203 1.834763 2.640121
v 3.630286 1.834030 2.640142
v 3.630291 1.834029 3.487329
v 3.629207 1.834763 3.487308
v 3.601500 1.810784 2.781976
v 3.601501 1.810784 2.923174
v 3.601501 1.810784 3.064372
v 3.601502 1.810783 3.205570
v 3.601503 1.810783 3.346767
v 3.600417 1.811520 2.781957
v 3.600417 1.811520 2.923155
v 3.600418 1.811520 3.064353
v 3.600419 1.811520 3.205550
v 3.600420 1.811520 3.346748
v 3.630287 1.834030 2.781340
v 3.630288 1.834030 2.922538
v 3.630289 1.834029 3.063736
v 3.630289 1.834029 3.204934
v 3.630290 1.834029 3.346131
v 3.629204 1.834763 2.781319
v 3.629204 1.834763 2.922516
v 3.629205 1.834763 3.063715
v 3.629206 1.834763 3.204912
v 3.629206 1.834763 3.346110
v 3.600488 1.779055 2.641522
v 3.601570 1.778314 2.641537
v 3.601574 1.778313 3.488725
v 3.600492 1.779055 3.488709
v 3.629284 1.802446 2.640989
v 3.630368 1.801708 2.641008
v 3.630372 1.801708 3.488195
v 3.629288 1.802445 3.488177
v 3.601571 1.778313 2.782736
v 3.601572 1.778313 2.923933
v 3.601573 1.778313 3.065131
v 3.601573 1.778313 3.206329
v 3.601574 1.778313 3.347527
v 3.600488 1.779055 2.782720
v 3.600489 1.779055 2.923918
v 3.600490 1.779055 3.065116
v 3.600490 1.779055 3.206313
v 3.600491 1.779055 3.347512
v 3.630368 1.801708 2.782206
v 3.630369 1.801708 2.923404
v 3.630370 1.801708 3.064602
v 3.630370 1.801708 3.205800
v 3.630371 1.801708 3.346997
v 3.629285 1.802445 2.782187
v 3.629286 1.802445 2.923385
v 3.629286 1.802445 3.064583
v 3.629287 1.802445 3.205781
v 3.629288 1.802445 3.346979
v 3.600539 1.746295 2.642073
v 3.601622 1.745545 2.642083
v 3.601625 1.745545 3.489270
v 3.600543 1.746294 3.489261
v 3.629351 1.769909 2.641701
v 3.630434 1.769165 2.641715
v 3.630438 1.769165 3.488902
v 3.629355 1.769908 3.488889
v 3.601622 1.745545 2.783281
v 3.601623 1.745545 2.924479
v 3.601624 1.745545 3.065677
v 3.601624 1.745545 3.206874
v 3.601625 1.745545 3.348072
v 3.600540 1.746295 2.783271
v 3.600541 1.746295 2.924469
v 3.600541 1.746295 3.065667
v 3.600542 1.746295 3.206865
v 3.600543 1.746294 3.348063
v 3.630435 1.769165 2.782913
v 3.630435 1.769165 2.924111
v 3.630436 1.769165 3.065309
v 3.630437 1.769165 3.206506
v 3.630437 1.769165 3.347705
v 3.629352 1.769909 2.782899
v 3.629353 1.769909 2.924097
v 3.629353 1.769909 3.065295
v 3.629354 1.769908 3.206493
v 3.629354 1.769909 3.347691
v 3.600564 1.713133 2.642336
v 3.601645 1.712373 2.642339
v 3.601649 1.712373 3.489526
v 3.600568 1.713133 3.489523
v 3.629396 1.737047 2.642179
v 3.630478 1.736295 2.642187
v 3.630482 1.736294 3.489374
v 3.629400 1.737046 3.489367
v 3.601646 1.712373 2.783536
v 3.601647 1.712373 2.924734
v 3.601648 1.712373 3.065932
v 3.601648 1.712373 3.207130
v 3.601649 1.712373 3.348328
v 3.600564 1.713133 2.783534
v 3.600565 1.713133 2.924732
v 3.600566 1.713133 3.065930
v 3.600567 1.713133 3.207128
v 3.600567 1.713133 3.348326
v 3.630479 1.736294 2.783385
v 3.630479 1.736295 2.924583
v 3.630480 1.736294 3.065781
v 3.630481 1.736294 3.206979
v 3.630481 1.736294 3.348176
v 3.629396 1.737047 2.783377
v 3.629397 1.737047 2.924575
v 3.629398 1.737047 3.065773
v 3.629399 1.737047 3.206971
v 3.629399 1.737046 3.348169
v 3.600556 1.679480 2.642242
v 3.601637 1.678708 2.642236
v 3.601641 1.678708 3.489423
v 3.600560 1.679479 3.489429
v 3.629412 1.703753 2.642348
v 3.630493 1.702990 2.642348
v 3.630497 1.702990 3.489535
v 3.629416 1.703753 3.489535
v 3.601637 1.678708 2.783433
v 3.601638 1.678708 2.924631
v 3.601639 1.678708 3.065829
v 3.601640 1.678708 3.207027
v 3.601640 1.678708 3.348225
v 3.600557 1.679480 2.783440
v 3.600557 1.679479 2.924638
v 3.600558 1.679479 3.065836
v 3.600559 1.679479 3.207033
v 3.600559 1.679479 3.348231
v 3.630494 1.702990 2.783546
v 3.630495 1.702990 2.924743
v 3.630495 1.702990 3.065942
v 3.630496 1.702990 3.207139
v 3.630497 1.702990 3.348337
v 3.629412 1.703753 2.783545
v 3.629413 1.703753 2.924743
v 3.629414 1.703753 3.065942
v 3.629415 1.703753 3.207139
v 3.629415 1.703753 3.348337
v 3.600523 1.645385 2.641783
v 3.601603 1.644605 2.641768
v 3.601607 1.644605 3.488955
v 3.600527 1.645384 3.488970
v 3.629395 1.669964 2.642149
v 3.630476 1.669190 2.642141
v 3.630480 1.669189 3.489328
v 3.629399 1.669964 3.489337
v 3.601604 1.644605 2.782966
v 3.601604 1.644605 2.924164
v 3.601605 1.644605 3.065362
v 3.601606 1.644605 3.206560
v 3.601606 1.644605 3.347757
v 3.600523 1.645385 2.782980
v 3.600524 1.645385 2.924178
v 3.600525 1.645385 3.065376
v 3.600525 1.645385 3.206574
v 3.600526 1.645385 3.347772
v 3.630476 1.669190 2.783339
v 3.630477 1.669190 2.924537
v 3.630478 1.669190 3.065734
v 3.630479 1.669190 3.206933
v 3.630480 1.669189 3.348130
v 3.629396 1.669964 2.783347
v 3.629396 1.669964 2.924545
v 3.629397 1.669964 3.065743
v 3.629398 1.669964 3.206941
v 3.629399 1.669963 3.348139
v 3.600478 1.610972 2.640981
v 3.601558 1.610186 2.640959
v 3.601562 1.610185 3.488146
v 3.600482 1.610971 3.488168
v 3.629357 1.635766 2.641593
v 3.630438 1.634984 2.641577
v 3.630442 1.634984 3.488765
v 3.629361 1.635766 3.488781
v 3.601559 1.610185 2.782157
v 3.601560 1.610186 2.923355
v 3.601560 1.610186 3.064553
v 3.601561 1.610186 3.205750
v 3.601562 1.610185 3.346948
v 3.600479 1.610971 2.782178
v 3.600479 1.610971 2.923377
v 3.600480 1.610971 3.064574
v 3.600481 1.610971 3.205772
v 3.600482 1.610971 3.346970
v 3.630438 1.634984 2.782775
v 3.630439 1.634984 2.923973
v 3.630440 1.634984 3.065171
v 3.630440 1.634984 3.206369
v 3.630441 1.634984 3.347567
v 3.629358 1.635766 2.782791
v 3.629359 1.635766 2.923989
v 3.629359 1.635766 3.065187
v 3.629360 1.635766 3.206385
v 3.629360 1.635765 3.347583
v 3.600436 1.576363 2.639860
v 3.601516 1.575573 2.639832
v 3.601521 1.575573 3.487019
v 3.600440 1.576362 3.487047
v 3.629312 1.601282 2.640706
v 3.630393 1.600495 2.640683
v 3.630396 1.600494 3.487870
v 3.629316 1.601281 3.487893
v 3.601517 1.575573 2.781029
v 3.601518 1.575573 2.922228
v 3.601519 1.575573 3.063426
v 3.601519 1.575573 3.204623
v 3.601520 1.575573 3.345821
v 3.600437 1.576362 2.781058
v 3.600437 1.576363 2.922256
v 3.600438 1.576362 3.063454
v 3.600439 1.576362 3.204652
v 3.600440 1.576362 3.345850
v 3.630393 1.600495 2.781880
v 3.630394 1.600495 2.923078
v 3.630394 1.600494 3.064276
v 3.630395 1.600495 3.205474
v 3.630396 1.600494 3.346672
v 3.629313 1.601281 2.781904
v 3.629313 1.601282 2.923101
v 3.629314 1.601281 3.064299
v 3.629315 1.601282 3.205498
v 3.629315 1.601282 3.346695
v 3.600411 1.541682 2.638445
v 3.601492 1.540892 2.638411
v 3.601496 1.540892 3.485598
v 3.600415 1.541681 3.485632
v 3.629273 1.566633 2.639511
v 3.630354 1.565843 2.639482
v 3.630358 1.565843 3.486669
v 3.629277 1.566632 3.486699
v 3.601493 1.540892 2.779608
v 3.601493 1.540892 2.920807
v 3.601494 1.540892 3.062005
v 3.601495 1.540892 3.203202
v 3.601495 1.540892 3.344400
v 3.600412 1.541682 2.779643
v 3.600412 1.541682 2.920841
v 3.600413 1.541681 3.062039
v 3.600414 1.541681 3.203236
v 3.600414 1.541681 3.344434
v 3.630355 1.565843 2.780680
v 3.630356 1.565843 2.921878
v 3.630356 1.565843 3.063076
v 3.630357 1.565843 3.204273
v 3.630358 1.565843 3.345471
v 3.629274 1.566633 2.780710
v 3.629275 1.566633 2.921907
v 3.629275 1.566633 3.063105
v 3.629276 1.566633 3.204303
v 3.629277 1.566632 3.345501
v 3.600417 1.507052 2.636759
v 3.601499 1.506264 2.636719
v 3.601502 1.506264 3.483907
v 3.600421 1.507051 3.483946
v 3.629256 1.531942 2.638036
v 3.630337 1.531152 2.638001
v 3.630341 1.531151 3.485188
v 3.629260 1.531941 3.485224
v 3.601499 1.506264 2.777917
v 3.601500 1.506264 2.919115
v 3.601501 1.506264 3.060313
v 3.601501 1.506264 3.201511
v 3.601502 1.506263 3.342709
v 3.600417 1.507052 2.777956
v 3.600418 1.507052 2.919154
v 3.600419 1.507052 3.060352
v 3.600420 1.507052 3.201550
v 3.600420 1.507051 3.342748
v 3.630337 1.531152 2.779199
v 3.630338 1.531152 2.920397
v 3.630339 1.531152 3.061595
v 3.630340 1.531151 3.202793
v 3.630340 1.531152 3.343991
v 3.629256 1.531941 2.779234
v 3.629257 1.531941 2.920432
v 3.629257 1.531942 3.061630
v 3.629258 1.531941 3.202828
v 3.629259 1.531941 3.344026
v 3.600467 1.472596 2.634824
v 3.601551 1.471813 2.634781
v 3.601554 1.471813 3.481968
v 3.600471 1.472596 3.482012
v 3.629272 1.497330 2.636305
v 3.630355 1.496543 2.636266
v 3.630359 1.496543 3.483453
v 3.629277 1.497330 3.483492
v 3.601551 1.471813 2.775979
v 3.601552 1.471813 2.917177
v 3.601552 1.471813 3.058375
v 3.601553 1.471813 3.199573
v 3.601554 1.471813 3.340770
v 3.600468 1.472597 2.776022
v 3.600469 1.472596 2.917220
v 3.600469 1.472596 3.058418
v 3.600470 1.472596 3.199616
v 3.600471 1.472596 3.340813
v 3.630355 1.496543 2.777463
v 3.630356 1.496543 2.918661
v 3.630357 1.496542 3.059859
v 3.630357 1.496542 3.201057
v 3.630358 1.496542 3.342255
v 3.629273 1.497330 2.777503
v 3.629274 1.497330 2.918701
v 3.629274 1.497330 3.059899
v 3.629275 1.497330 3.201097
v 3.629276 1.497330 3.342294
v 3.600577 1.438438 2.632666
v 3.601662 1.437662 2.632620
v 3.601665 1.437661 3.479807
v 3.600581 1.438438 3.479853
v 3.629338 1.462920 2.634343
v 3.630422 1.462138 2.634300
v 3.630426 1.462138 3.481488
v 3.629342 1.462920 3.481531
v 3.601662 1.437662 2.773818
v 3.601663 1.437662 2.915015
v 3.601663 1.437661 3.056214
v 3.601664 1.437662 3.197411
v 3.601665 1.437662 3.338609
v 3.600577 1.438438 2.773864
v 3.600578 1.438438 2.915062
v 3.600579 1.438438 3.056260
v 3.600580 1.438438 3.197458
v 3.600580 1.438438 3.338655
v 3.630422 1.462138 2.775498
v 3.630423 1.462138 2.916696
v 3.630424 1.462138 3.057894
v 3.630424 1.462138 3.199092
v 3.630425 1.462138 3.340290
v 3.629339 1.462920 2.775541
v 3.629339 1.462920 2.916739
v 3.629340 1.462920 3.057937
v 3.629341 1.462920 3.199135
v 3.629341 1.462920 3.340333
v 3.600749 1.404641 2.630338
v 3.601835 1.403872 2.630291
v 3.601839 1.403871 3.477479
v 3.600753 1.404641 3.477525
v 3.629466 1.428831 2.632178
v 3.630551 1.428055 2.632133
v 3.630555 1.428055 3.479320
v 3.629470 1.428830 3.479366
v 3.601835 1.403871 2.771489
v 3.601836 1.403871 2.912687
v 3.601837 1.403871 3.053885
v 3.601837 1.403871 3.195083
v 3.601838 1.403871 3.336281
v 3.600750 1.404642 2.771536
v 3.600750 1.404641 2.912734
v 3.600751 1.404641 3.053931
v 3.600751 1.404641 3.195129
v 3.600752 1.404641 3.336327
v 3.630552 1.428055 2.773331
v 3.630553 1.428056 2.914529
v 3.630553 1.428055 3.055727
v 3.630554 1.428055 3.196924
v 3.630555 1.428055 3.338123
v 3.629467 1.428830 2.773376
v 3.629467 1.428831 2.914574
v 3.629468 1.428830 3.055772
v 3.629469 1.428831 3.196970
v 3.629469 1.428830 3.338168
v 3.632331 2.641785 1.531314
v 3.633413 2.641022 1.531314
v 3.633417 2.641021 2.378501
v 3.632335 2.641784 2.378501
v 3.661178 2.665917 1.531313
v 3.662260 2.665154 1.531314
v 3.662263 2.665154 2.378501
v 3.661182 2.665916 2.378501
v 3.633413 2.641022 1.672512
v 3.633414 2.641022 1.813709
v 3.633415 2.641022 1.954907
v 3.633415 2.641021 2.096105
v 3.633416 2.641021 2.237303
v 3.632332 2.641785 1.672512
v 3.632333 2.641785 1.813709
v 3.632333 2.641785 1.954907
v 3.632334 2.641784 2.096105
v 3.632335 2.641784 2.237303
v 3.662260 2.665154 1.672512
v 3.662261 2.665154 1.813710
v 3.662261 2.665154 1.954907
v 3.662262 2.665154 2.096105
v 3.662263 2.665154 2.237303
v 3.661179 2.665917 1.672511
v 3.661179 2.665917 1.813709
v 3.661180 2.665917 1.954907
v 3.661181 2.665917 2.096105
v 3.661181 2.665916 2.237303
v 3.632331 2.608256 1.531314
v 3.633413 2.607493 1.531314
v 3.633417 2.607493 2.378501
v 3.632335 2.608256 2.378501
v 3.661178 2.632389 1.531313
v 3.662260 2.631626 1.531314
v 3.662263 2.631625 2.378501
v 3.661182 2.632388 2.378501
v 3.633413 2.607493 1.672512
v 3.633414 2.607493 1.813709
v 3.633415 2.607493 1.954907
v 3.633415 2.607493 2.096105
v 3.633416 2.607493 2.237303
v 3.632332 2.608256 1.672512
v 3.632333 2.608256 1.813709
v 3.632333 2.608256 1.954907
v 3.632334 2.608256 2.096105
v 3.632335 2.608256 2.237303
v 3.662260 2.631626 1.672512
v 3.662261 2.631626 1.813710
v 3.662261 2.631626 1.954907
v 3.662262 2.631626 2.096105
v 3.662263 2.631625 2.237303
v 3.661179 2.632389 1.672511
v 3.661179 2.632389 1.813709
v 3.661180 2.632389 1.954907
v 3.661181 2.632389 2.096105
v 3.661181 2.632388 2.237303
v 3.632331 2.574728 1.531314
v 3.633413 2.573965 1.531314
v 3.633417 2.573964 2.378501
v 3.632335 2.574727 2.378501
v 3.661178 2.598860 1.531313
v 3.662260 2.598097 1.531314
v 3.662263 2.598097 2.378501
v 3.661182 2.598860 2.378501
v 3.633413 2.573965 1.672512
v 3.633414 2.573965 1.813709
v 3.633415 2.573965 1.954907
v 3.633415 2.573965 2.096105
v 3.633416 2.573964 2.237303
v 3.632332 2.574728 1.672512
v 3.632333 2.574728 1.813709
v 3.632333 2.574728 1.954907
v 3.632334 2.574728 2.096105
v 3.632335 2.574727 2.237303
v 3.662260 2.598097 1.672512
v 3.662261 2.598097 1.813710
v 3.662261 2.598097 1.954908
v 3.662262 2.598097 2.096105
v 3.662263 2.598097 2.237303
v 3.661179 2.598860 1.672511
v 3.661179 2.598860 1.813709
v 3.661180 2.598860 1.954907
v 3.661181 2.598860 2.096105
v 3.661181 2.598860 2.237303
v 3.632331 2.541199 1.531314
v 3.633413 2.540437 1.531314
v 3.633417 2.540436 2.378501
v 3.632335 2.541199 2.378501
v 3.661178 2.565332 1.531313
v 3.662260 2.564569 1.531314
v 3.662263 2.564568 2.378501
v 3.661182 2.565331 2.378501
v 3.633413 2.540437 1.672511
v 3.633414 2.540437 1.813709
v 3.633415 2.540437 1.954907
v 3.633415 2.540436 2.096105
v 3.633416 2.540436 2.237303
v 3.632332 2.541199 1.672511
v 3.632333 2.541199 1.813709
v 3.632333 2.541199 1.954907
v 3.632334 2.541199 2.096105
v 3.632335 2.541199 2.237303
v 3.662260 2.564569 1.672512
v 3.662261 2.564569 1.813710
v 3.662261 2.564569 1.954908
v 3.662262 2.564569 2.096105
v 3.662263 2.564568 2.237303
v 3.661179 2.565332 1.672511
v 3.661179 2.565332 1.813709
v 3.661180 2.565332 1.954907
v 3.661181 2.565332 2.096105
v 3.661181 2.565331 2.237303
v 3.632331 2.507671 1.531314
v 3.633413 2.506908 1.531314
v 3.633417 2.506907 2.378501
v 3.632335 2.507670 2.378501
v 3.661178 2.531804 1.531313
v 3.662260 2.531041 1.531314
v 3.662263 2.531040 2.378501
v 3.661182 2.531803 2.378501
v 3.633413 2.506908 1.672511
v 3.633414 2.506908 1.813709
v 3.633415 2.506908 1.954907
v 3.633415 2.506908 2.096105
v 3.633416 2.506908 2.237303
v 3.632332 2.507671 1.672511
v 3.632333 2.507671 1.813709
v 3.632333 2.507671 1.954907
v 3.632334 2.507671 2.096105
v 3.632335 2.507671 2.237303
v 3.662260 2.531041 1.672512
v 3.662261 2.531041 1.813709
v 3.662261 2.531040 1.954907
v 3.662262 2.531040 2.096105
v 3.662263 2.531040 2.237303
v 3.661179 2.531804 1.672511
v 3.661179 2.531803 1.813709
v 3.661180 2.531803 1.954907
v 3.661181 2.531803 2.096105
v 3.661181 2.531803 2.237303
v 3.632331 2.474143 1.531314
v 3.633413 2.473380 1.531314
v 3.633417 2.473379 2.378501
v 3.632335 2.474142 2.378501
v 3.661178 2.498275 1.531313
v 3.662260 2.497512 1.531314
v 3.662263 2.497512 2.378501
v 3.661182 2.498274 2.378501
v 3.633413 2.473380 1.672511
v 3.633414 2.473380 1.813709
v 3.633415 2.473380 1.954907
v 3.633415 2.473379 2.096105
v 3.633416 2.473379 2.237303
v 3.632332 2.474143 1.672511
v 3.632333 2.474143 1.813709
v 3.632333 2.474143 1.954907
v 3.632334 2.474142 2.096105
v 3.632335 2.474142 2.237303
v 3.662260 2.497512 1.672512
v 3.662261 2.497512 1.813709
v 3.662261 2.497512 1.954907
v 3.662262 2.497512 2.096105
v 3.662263 2.497512 2.237303
v 3.661179 2.498275 1.672511
v 3.661179 2.498275 1.813709
v 3.661180 2.498275 1.954907
v 3.661181 2.498275 2.096105
v 3.661181 2.498275 2.237303
v 3.632331 2.440614 1.531314
v 3.633413 2.439851 1.531314
v 3.633417 2.439851 2.378501
v 3.632335 2.440614 2.378501
v 3.661178 2.464747 1.531313
v 3.662260 2.463984 1.531314
v 3.662263 2.463983 2.378501
v 3.661182 2.464746 2.378501
v 3.633413 2.439851 1.672511
v 3.633414 2.439851 1.813709
v 3.633415 2.439851 1.954907
v 3.633415 2.439851 2.096105
v 3.633416 2.439851 2.237303
v 3.632332 2.440614 1.672511
v 3.632333 2.440614 1.813709
v 3.632333 2.440614 1.954907
v 3.632334 2.440614 2.096105
v 3.632335 2.440614 2.237303
v 3.662260 2.463984 1.672512
v 3.662261 2.463984 1.813709
v 3.662261 2.463984 1.954907
v 3.662262 2.463984 2.096105
v 3.662263 2.463983 2.237303
v 3.661179 2.464747 1.672511
v 3.661179 2.464747 1.813709
v 3.661180 2.464747 1.954907
v 3.661181 2.464746 2.096105
v 3.661181 2.464746 2.237303
v 3.632331 2.407086 1.531314
v 3.633413 2.406323 1.531314
v 3.633417 2.406322 2.378501
v 3.632335 2.407085 2.378501
v 3.661178 2.431218 1.531313
v 3.662260 2.430455 1.531314
v 3.662263 2.430455 2.378501
v 3.661182 2.431218 2.378501
v 3.633413 2.406323 1.672511
v 3.633414 2.406323 1.813709
v 3.633415 2.406323 1.954907
v 3.633415 2.406323 2.096105
v 3.633416 2.406322 2.237303
v 3.632332 2.407086 1.672511
v 3.632333 2.407086 1.813709
v 3.632333 2.407086 1.954907
v 3.632334 2.407086 2.096105
v 3.632335 2.407085 2.237303
v 3.662260 2.430455 1.672512
v 3.662261 2.430455 1.813709
v 3.662261 2.430455 1.954907
v 3.662262 2.430455 2.096105
v 3.662263 2.430455 2.237303
v 3.661179 2.431218 1.672511
v 3.661179 2.431218 1.813709
v 3.661180 2.431218 1.954907
v 3.661181 2.431218 2.096105
v 3.661181 2.431218 2.237303
v 3.632331 2.373557 1.531314
v 3.633413 2.372795 1.531314
v 3.633417 2.372794 2.378501
v 3.632335 2.373557 2.378501
v 3.661178 2.397690 1.531313
v 3.662260 2.396927 1.531314
v 3.662263 2.396926 2.378501
v 3.661182 2.397689 2.378501
v 3.633413 2.372794 1.672511
v 3.633414 2.372794 1.813709
v 3.633415 2.372794 1.954907
v 3.633415 2.372794 2.096105
v 3.633416 2.372794 2.237303
v 3.632332 2.373557 1.672511
v 3.632333 2.373557 1.813709
v 3.632333 2.373557 1.954907
v 3.632334 2.373557 2.096105
v 3.632335 2.373557 2.237303
v 3.662260 2.396927 1.672512
v 3.662261 2.396927 1.813709
v 3.662261 2.396927 1.954907
v 3.662262 2.396927 2.096105
v 3.662263 2.396926 2.237303
v 3.661179 2.397690 1.672511
v 3.661179 2.397690 1.813709
v 3.661180 2.397690 1.954907
v 3.661181 2.397690 2.096105
v 3.661181 2.397689 2.237303
v 3.632331 2.340029 1.531314
v 3.633413 2.339266 1.531314
v 3.633417 2.339266 2.378501
v 3.632335 2.340029 2.378501
v 3.661178 2.364161 1.531313
v 3.662260 2.363399 1.531314
v 3.662263 2.363398 2.378501
v 3.661182 2.364161 2.378501
v 3.633413 2.339266 1.672511
v 3.633414 2.339266 1.813709
v 3.633415 2.339266 1.954907
v 3.633415 2.339266 2.096105
v 3.633416 2.339266 2.237303
v 3.632332 2.340029 1.672511
v 3.632333 2.340029 1.813709
v 3.632333 2.340029 1.954907
v 3.632334 2.340029 2.096105
v 3.632335 2.340029 2.237303
v 3.662260 2.363399 1.672512
v 3.662261 2.363399 1.813709
v 3.662261 2.363398 1.954907
v 3.662262 2.363398 2.096105
v 3.662263 2.363398 2.237303
v 3.661179 2.364161 1.672511
v 3.661179 2.364161 1.813709
v 3.661180 2.364161 1.954907
v 3.661181 2.364161 2.096105
v 3.661181 2.364161 2.237303
v 3.632331 2.306501 1.531314
v 3.633413 2.305738 1.531314
v 3.633417 2.305737 2.378501
v 3.632335 2.306500 2.378501
v 3.661178 2.330633 1.531313
v 3.662260 2.329870 1.531314
v 3.662263 2.329870 2.378501
v 3.661182 2.330632 2.378501
v 3.633413 2.305738 1.672511
v 3.633414 2.305738 1.813709
v 3.633415 2.305737 1.954907
v 3.633415 2.305737 2.096105
v 3.633416 2.305737 2.237303
v 3.632332 2.306501 1.672511
v 3.632333 2.306501 1.813709
v 3.632333 2.306500 1.954907
v 3.632334 2.306500 2.096105
v 3.632335 2.306500 2.237303
v 3.662260 2.329870 1.672512
v 3.662261 2.329870 1.813709
v 3.662261 2.329870 1.954907
v 3.662262 2.329870 2.096105
v 3.662263 2.329870 2.237303
v 3.661179 2.330633 1.672511
v 3.661179 2.330633 1.813709
v 3.661180 2.330633 1.954907
v 3.661181 2.330633 2.096105
v 3.661181 2.330633 2.237303
v 3.632331 2.272972 1.531314
v 3.633413 2.272209 1.531314
v 3.633417 2.272209 2.378501
v 3.632335 2.272972 2.378501
v 3.661178 2.297105 1.531313
v 3.662260 2.296342 1.531314
v 3.662263 2.296341 2.378501
v 3.661182 2.297104 2.378501
v 3.633413 2.272209 1.672511
v 3.633414 2.272209 1.813709
v 3.633415 2.272209 1.954907
v 3.633415 2.272209 2.096105
v 3.633416 2.272209 2.237303
v 3.632332 2.272972 1.672511
v 3.632333 2.272972 1.813709
v 3.632333 2.272972 1.954907
v 3.632334 2.272972 2.096105
v 3.632335 2.272972 2.237303
v 3.662260 2.296342 1.672512
v 3.662261 2.296342 1.813709
v 3.662261 2.296342 1.954907
v 3.662262 2.296342 2.096105
v 3.662263 2.296341 2.237303
v 3.661179 2.297105 1.672511
v 3.661179 2.297105 1.813709
v 3.661180 2.297105 1.954907
v 3.661181 2.297105 2.096105
v 3.661181 2.297104 2.237303
v 3.632331 2.239444 1.531314
v 3.633413 2.238681 1.531314
v 3.633417 2.238680 2.378501
v 3.632335 2.239443 2.378501
v 3.661178 2.263577 1.531313
v 3.662260 2.262814 1.531314
v 3.662263 2.262813 2.378501
v 3.661182 2.263576 2.378501
v 3.633413 2.238681 1.672511
v 3.633414 2.238681 1.813709
v 3.633415 2.238681 1.954907
v 3.633415 2.238681 2.096105
v 3.633416 2.238681 2.237303
v 3.632332 2.239444 1.672511
v 3.632333 2.239444 1.813709
v 3.632333 2.239444 1.954907
v 3.632334 2.239444 2.096105
v 3.632335 2.239444 2.237303
v 3.662260 2.262813 1.672512
v 3.662261 2.262813 1.813709
v 3.662261 2.262813 1.954907
v 3.662262 2.262813 2.096105
v 3.662263 2.262813 2.237303
v 3.661179 2.263576 1.672511
v 3.661179 2.263576 1.813709
v 3.661180 2.263576 1.954907
v 3.661181 2.263576 2.096105
v 3.661181 2.263576 2.237303
v 3.632331 2.205915 1.531314
v 3.633413 2.205153 1.531314
v 3.633417 2.205152 2.378501
v 3.632335 2.205915 2.378501
v 3.661178 2.230048 1.531313
v 3.662260 2.229285 1.531314
v 3.662263 2.229285 2.378501
v 3.661182 2.230047 2.378501
v 3.633413 2.205153 1.672511
v 3.633414 2.205153 1.813709
v 3.633415 2.205153 1.954907
v 3.633415 2.205152 2.096105
v 3.633416 2.205152 2.237303
v 3.632332 2.205915 1.672511
v 3.632333 2.205915 1.813709
v 3.632333 2.205915 1.954907
v 3.632334 2.205915 2.096105
v 3.632335 2.205915 2.237303
v 3.662260 2.229285 1.672512
v 3.662261 2.229285 1.813709
v 3.662261 2.229285 1.954907
v 3.662262 2.229285 2.096105
v 3.662263 2.229285 2.237303
v 3.661179 2.230048 1.672511
v 3.661179 2.230048 1.813709
v 3.661180 2.230048 1.954907
v 3.661181 2.230048 2.096105
v 3.661181 2.230047 2.237303
v 3.632331 2.172391 1.531316
v 3.633413 2.171628 1.531316
v 3.633417 2.171628 2.378504
v 3.632336 2.172390 2.378503
v 3.661178 2.196520 1.531313
v 3.662260 2.195757 1.531314
v 3.662263 2.195756 2.378501
v 3.661182 2.196519 2.378501
v 3.633414 2.171628 1.672514
v 3.633414 2.171628 1.813712
v 3.633415 2.171628 1.954910
v 3.633416 2.171628 2.096108
v 3.633416 2.171628 2.237306
v 3.632332 2.172391 1.672514
v 3.632333 2.172391 1.813712
v 3.632334 2.172391 1.954910
v 3.632334 2.172391 2.096107
v 3.632335 2.172390 2.237305
v 3.662260 2.195757 1.672512
v 3.662261 2.195757 1.813709
v 3.662261 2.195756 1.954907
v 3.662262 2.195756 2.096105
v 3.662263 2.195756 2.237303
v 3.661179 2.196520 1.672511
v 3.661179 2.196519 1.813709
v 3.661180 2.196519 1.954907
v 3.661181 2.196519 2.096105
v 3.661181 2.196519 2.237303
v 3.632334 2.138896 1.531341
v 3.633415 2.138135 1.531342
v 3.633419 2.138134 2.378529
v 3.632338 2.138896 2.378528
v 3.661179 2.163000 1.531319
v 3.662260 2.162237 1.531320
v 3.662264 2.162237 2.378507
v 3.661182 2.162999 2.378507
v 3.633416 2.138135 1.672539
v 3.633417 2.138135 1.813738
v 3.633417 2.138135 1.954935
v 3.633418 2.138135 2.096133
v 3.633419 2.138134 2.237331
v 3.632334 2.138896 1.672538
v 3.632335 2.138896 1.813736
v 3.632336 2.138896 1.954934
v 3.632337 2.138896 2.096132
v 3.632337 2.138896 2.237330
v 3.662261 2.162237 1.672518
v 3.662261 2.162237 1.813716
v 3.662262 2.162237 1.954914
v 3.662262 2.162237 2.096112
v 3.662263 2.162237 2.237309
v 3.661179 2.163000 1.672517
v 3.661180 2.163000 1.813715
v 3.661180 2.163000 1.954913
v 3.661181 2.163000 2.096111
v 3.661182 2.162999 2.237309
v 3.632341 2.105468 1.531412
v 3.633422 2.104708 1.531415
v 3.633426 2.104707 2.378602
v 3.632345 2.105467 2.378599
v 3.661182 2.129520 1.531355
v 3.662263 2.128759 1.531356
v 3.662268 2.128758 2.378543
v 3.661186 2.129519 2.378542
v 3.633423 2.104708 1.672613
v 3.633423 2.104708 1.813810
v 3.633424 2.104708 1.955008
v 3.633425 2.104708 2.096206
v 3.633425 2.104707 2.237404
v 3.632341 2.105468 1.672610
v 3.632342 2.105468 1.813808
v 3.632343 2.105468 1.955006
v 3.632343 2.105467 2.096204
v 3.632344 2.105467 2.237401
v 3.662264 2.128759 1.672554
v 3.662265 2.128759 1.813752
v 3.662266 2.128759 1.954950
v 3.662266 2.128759 2.096148
v 3.662267 2.128758 2.237345
v 3.661182 2.129520 1.672552
v 3.661183 2.129520 1.813750
v 3.661184 2.129520 1.954948
v 3.661185 2.129520 2.096146
v 3.661185 2.129520 2.237344
v 3.632354 2.072140 1.531556
v 3.633436 2.071383 1.531561
v 3.633440 2.071383 2.378748
v 3.632358 2.072139 2.378743
v 3.661190 2.096116 1.531444
v 3.662272 2.095357 1.531447
v 3.662276 2.095356 2.378634
v 3.661194 2.096116 2.378631
v 3.633437 2.071383 1.672758
v 3.633437 2.071383 1.813956
v 3.633438 2.071383 1.955154
v 3.633438 2.071383 2.096352
v 3.633439 2.071383 2.237550
v 3.632355 2.072140 1.672754
v 3.632355 2.072140 1.813952
v 3.632356 2.072140 1.955150
v 3.632357 2.072140 2.096348
v 3.632357 2.072140 2.237545
v 3.662273 2.095357 1.672645
v 3.662273 2.095357 1.813843
v 3.662274 2.095357 1.955041
v 3.662274 2.095357 2.096239
v 3.662275 2.095357 2.237436
v 3.661191 2.096116 1.672642
v 3.661191 2.096116 1.813840
v 3.661192 2.096116 1.955037
v 3.661193 2.096116 2.096236
v 3.661194 2.096116 2.237433
v 3.632377 2.038949 1.531798
v 3.633459 2.038195 1.531805
v 3.633463 2.038194 2.378992
v 3.632381 2.038948 2.378985
v 3.661206 2.062823 1.531613
v 3.662288 2.062067 1.531618
v 3.662292 2.062067 2.378805
v 3.661210 2.062822 2.378800
v 3.633460 2.038195 1.673003
v 3.633460 2.038195 1.814201
v 3.633461 2.038195 1.955399
v 3.633461 2.038195 2.096596
v 3.633462 2.038195 2.237794
v 3.632377 2.038949 1.672996
v 3.632378 2.038948 1.814194
v 3.632379 2.038948 1.955392
v 3.632380 2.038948 2.096589
v 3.632380 2.038948 2.237787
v 3.662288 2.062067 1.672816
v 3.662289 2.062067 1.814014
v 3.662290 2.062067 1.955212
v 3.662291 2.062067 2.096410
v 3.662292 2.062067 2.237607
v 3.661207 2.062823 1.672811
v 3.661207 2.062823 1.814008
v 3.661208 2.062823 1.955206
v 3.661209 2.062823 2.096404
v 3.661209 2.062823 2.237602
v 3.632411 2.005929 1.532163
v 3.633493 2.005180 1.532173
v 3.633497 2.005179 2.379360
v 3.632415 2.005928 2.379350
v 3.661232 2.029676 1.531886
v 3.662314 2.028924 1.531895
v 3.662318 2.028924 2.379081
v 3.661236 2.029675 2.379074
v 3.633494 2.005180 1.673371
v 3.633495 2.005180 1.814569
v 3.633495 2.005180 1.955767
v 3.633496 2.005179 2.096964
v 3.633497 2.005179 2.238162
v 3.632412 2.005929 1.673361
v 3.632412 2.005929 1.814559
v 3.632413 2.005929 1.955757
v 3.632413 2.005929 2.096954
v 3.632414 2.005929 2.238152
v 3.662314 2.028924 1.673092
v 3.662315 2.028924 1.814290
v 3.662316 2.028924 1.955488
v 3.662317 2.028924 2.096686
v 3.662317 2.028924 2.237884
v 3.661232 2.029676 1.673084
v 3.661233 2.029676 1.814282
v 3.661234 2.029676 1.955480
v 3.661234 2.029676 2.096678
v 3.661235 2.029676 2.237876
v 3.632459 1.973116 1.532677
v 3.633542 1.972372 1.532690
v 3.633546 1.972372 2.379878
v 3.632463 1.973116 2.379864
v 3.661270 1.996711 1.532291
v 3.662352 1.995964 1.532302
v 3.662356 1.995963 2.379489
v 3.661273 1.996710 2.379478
v 3.633542 1.972372 1.673888
v 3.633543 1.972372 1.815086
v 3.633543 1.972372 1.956284
v 3.633544 1.972372 2.097482
v 3.633545 1.972372 2.238680
v 3.632460 1.973116 1.673875
v 3.632461 1.973116 1.815072
v 3.632461 1.973116 1.956270
v 3.632462 1.973116 2.097468
v 3.632462 1.973116 2.238666
v 3.662353 1.995963 1.673500
v 3.662354 1.995963 1.814698
v 3.662354 1.995963 1.955896
v 3.662355 1.995963 2.097093
v 3.662355 1.995963 2.238291
v 3.661270 1.996711 1.673488
v 3.661271 1.996711 1.814686
v 3.661272 1.996711 1.955884
v 3.661272 1.996711 2.097082
v 3.661273 1.996711 2.238280
v 3.632524 1.940546 1.533364
v 3.633606 1.939808 1.533382
v 3.633610 1.939807 2.380569
v 3.632527 1.940545 2.380551
v 3.661322 1.963963 1.532850
v 3.662405 1.963221 1.532866
v 3.662409 1.963220 2.380053
v 3.661326 1.963962 2.380038
v 3.633607 1.939807 1.674580
v 3.633608 1.939807 1.815777
v 3.633609 1.939807 1.956975
v 3.633609 1.939807 2.098173
v 3.633610 1.939807 2.239371
v 3.632524 1.940546 1.674562
v 3.632525 1.940546 1.815760
v 3.632525 1.940545 1.956957
v 3.632526 1.940545 2.098155
v 3.632527 1.940545 2.239353
v 3.662405 1.963220 1.674064
v 3.662406 1.963221 1.815261
v 3.662407 1.963220 1.956459
v 3.662407 1.963220 2.097657
v 3.662408 1.963220 2.238855
v 3.661323 1.963963 1.674048
v 3.661323 1.963963 1.815246
v 3.661324 1.963963 1.956444
v 3.661325 1.963963 2.097642
v 3.661325 1.963963 2.238840
v 3.632603 1.908202 1.534214
v 3.633686 1.907468 1.534235
v 3.633690 1.907467 2.381422
v 3.632607 1.908202 2.381401
v 3.661391 1.931463 1.533588
v 3.662474 1.930726 1.533607
v 3.662478 1.930725 2.380794
v 3.661395 1.931462 2.380775
v 3.633687 1.907468 1.675433
v 3.633688 1.907468 1.816630
v 3.633688 1.907467 1.957828
v 3.633689 1.907467 2.099026
v 3.633690 1.907467 2.240224
v 3.632604 1.908202 1.675412
v 3.632605 1.908202 1.816610
v 3.632605 1.908202 1.957808
v 3.632606 1.908202 2.099005
v 3.632607 1.908201 2.240203
v 3.662475 1.930726 1.674805
v 3.662476 1.930726 1.816003
v 3.662476 1.930725 1.957201
v 3.662477 1.930725 2.098399
v 3.662478 1.930725 2.239597
v 3.661392 1.931462 1.674786
v 3.661392 1.931462 1.815984
v 3.661393 1.931462 1.957182
v 3.661394 1.931462 2.098380
v 3.661394 1.931462 2.239578
v 3.632691 1.875987 1.535157
v 3.633775 1.875255 1.535179
v 3.633779 1.875254 2.382366
v 3.632695 1.875987 2.382344
v 3.661474 1.899166 1.534472
v 3.662557 1.898432 1.534493
v 3.662561 1.898432 2.381680
v 3.661478 1.899165 2.381659
v 3.633775 1.875255 1.676376
v 3.633776 1.875255 1.817574
v 3.633777 1.875255 1.958772
v 3.633778 1.875254 2.099970
v 3.633778 1.875255 2.241168
v 3.632692 1.875987 1.676355
v 3.632693 1.875987 1.817552
v 3.632693 1.875987 1.958750
v 3.632694 1.875987 2.099948
v 3.632695 1.875987 2.241146
v 3.662558 1.898432 1.675691
v 3.662559 1.898432 1.816889
v 3.662560 1.898432 1.958087
v 3.662560 1.898432 2.099285
v 3.662561 1.898432 2.240483
v 3.661475 1.899165 1.675670
v 3.661475 1.899165 1.816868
v 3.661476 1.899165 1.958066
v 3.661477 1.899165 2.099263
v 3.661477 1.899165 2.240461
v 3.632781 1.843795 1.536116
v 3.633864 1.843062 1.536137
v 3.633869 1.843062 2.383324
v 3.632785 1.843794 2.383302
v 3.661563 1.866968 1.535426
v 3.662647 1.866236 1.535449
v 3.662651 1.866235 2.382636
v 3.661567 1.866967 2.382614
v 3.633865 1.843062 1.677335
v 3.633866 1.843062 1.818533
v 3.633867 1.843062 1.959731
v 3.633867 1.843061 2.100928
v 3.633868 1.843062 2.242126
v 3.632782 1.843795 1.677313
v 3.632783 1.843795 1.818511
v 3.632783 1.843795 1.959709
v 3.632784 1.843794 2.100907
v 3.632784 1.843795 2.242105
v 3.662648 1.866235 1.676647
v 3.662648 1.866235 1.817845
v 3.662649 1.866235 1.959043
v 3.662650 1.866235 2.100240
v 3.662650 1.866235 2.241438
v 3.661564 1.866968 1.676624
v 3.661565 1.866968 1.817822
v 3.661566 1.866968 1.959020
v 3.661566 1.866968 2.100218
v 3.661567 1.866967 2.241416
v 3.632865 1.811520 1.537015
v 3.633949 1.810784 1.537034
v 3.633953 1.810783 2.384221
v 3.632869 1.811519 2.384202
v 3.661653 1.834763 1.536376
v 3.662736 1.834030 1.536398
v 3.662740 1.834029 2.383585
v 3.661656 1.834763 2.383564
v 3.633950 1.810784 1.678232
v 3.633950 1.810784 1.819430
v 3.633951 1.810783 1.960627
v 3.633951 1.810783 2.101825
v 3.633952 1.810783 2.243023
v 3.632866 1.811520 1.678212
v 3.632867 1.811520 1.819410
v 3.632868 1.811520 1.960608
v 3.632868 1.811519 2.101806
v 3.632869 1.811520 2.243004
v 3.662736 1.834029 1.677596
v 3.662737 1.834029 1.818794
v 3.662738 1.834029 1.959992
v 3.662739 1.834029 2.101189
v 3.662739 1.834029 2.242387
v 3.661653 1.834763 1.677574
v 3.661654 1.834763 1.818772
v 3.661654 1.834763 1.959970
v 3.661655 1.834763 2.101168
v 3.661656 1.834763 2.242366
v 3.632937 1.779055 1.537778
v 3.634020 1.778313 1.537793
v 3.634024 1.778313 2.384980
v 3.632941 1.779055 2.384965
v 3.661734 1.802446 1.537245
v 3.662817 1.801708 1.537264
v 3.662821 1.801708 2.384451
v 3.661738 1.802445 2.384433
v 3.634020 1.778313 1.678991
v 3.634021 1.778313 1.820189
v 3.634022 1.778313 1.961387
v 3.634022 1.778313 2.102585
v 3.634023 1.778313 2.243783
v 3.632938 1.779055 1.678976
v 3.632938 1.779055 1.820174
v 3.632939 1.779055 1.961371
v 3.632940 1.779055 2.102569
v 3.632940 1.779055 2.243767
v 3.662818 1.801708 1.678462
v 3.662818 1.801708 1.819660
v 3.662819 1.801708 1.960857
v 3.662820 1.801707 2.102055
v 3.662820 1.801708 2.243253
v 3.661735 1.802445 1.678443
v 3.661735 1.802445 1.819641
v 3.661736 1.802445 1.960839
v 3.661736 1.802445 2.102037
v 3.661737 1.802445 2.243235
v 3.632989 1.746295 1.538329
v 3.634071 1.745545 1.538338
v 3.634075 1.745545 2.385526
v 3.632993 1.746294 2.385516
v 3.661800 1.769909 1.537956
v 3.662883 1.769165 1.537971
v 3.662887 1.769165 2.385158
v 3.661804 1.769908 2.385144
v 3.634072 1.745545 1.679536
v 3.634072 1.745545 1.820734
v 3.634073 1.745545 1.961932
v 3.634074 1.745545 2.103130
v 3.634074 1.745545 2.244328
v 3.632989 1.746295 1.679527
v 3.632990 1.746294 1.820725
v 3.632991 1.746294 1.961923
v 3.632991 1.746294 2.103121
v 3.632992 1.746294 2.244318
v 3.662884 1.769165 1.679169
v 3.662884 1.769165 1.820367
v 3.662885 1.769165 1.961565
v 3.662886 1.769165 2.102762
v 3.662887 1.769165 2.243960
v 3.661801 1.769909 1.679155
v 3.661802 1.769909 1.820352
v 3.661802 1.769908 1.961550
v 3.661803 1.769908 2.102748
v 3.661804 1.769908 2.243946
v 3.633013 1.713133 1.538592
v 3.634095 1.712373 1.538594
v 3.634099 1.712373 2.385782
v 3.633017 1.713133 2.385779
v 3.661845 1.737047 1.538435
v 3.662927 1.736294 1.538443
v 3.662932 1.736294 2.385630
v 3.661849 1.737046 2.385622
v 3.634095 1.712373 1.679792
v 3.634096 1.712373 1.820990
v 3.634097 1.712373 1.962188
v 3.634098 1.712373 2.103386
v 3.634098 1.712373 2.244584
v 3.633014 1.713133 1.679790
v 3.633015 1.713133 1.820988
v 3.633015 1.713133 1.962186
v 3.633016 1.713133 2.103384
v 3.633017 1.713133 2.244581
v 3.662928 1.736294 1.679641
v 3.662929 1.736294 1.820839
v 3.662930 1.736294 1.962036
v 3.662930 1.736294 2.103234
v 3.662931 1.736294 2.244432
v 3.661846 1.737047 1.679633
v 3.661847 1.737047 1.820831
v 3.661847 1.737046 1.962029
v 3.661848 1.737046 2.103226
v 3.661849 1.737046 2.244424
v 3.633005 1.679480 1.538498
v 3.634086 1.678708 1.538491
v 3.634090 1.678707 2.385679
v 3.633009 1.679479 2.385685
v 3.661861 1.703753 1.538603
v 3.662943 1.702990 1.538604
v 3.662946 1.702990 2.385791
v 3.661865 1.703753 2.385791
v 3.634087 1.678708 1.679689
v 3.634088 1.678708 1.820887
v 3.634088 1.678708 1.962085
v 3.634089 1.678707 2.103283
v 3.634089 1.678708 2.244481
v 3.633006 1.679480 1.679696
v 3.633007 1.679479 1.820894
v 3.633008 1.679479 1.962091
v 3.633008 1.679479 2.103289
v 3.633008 1.679479 2.244487
v 3.662943 1.702990 1.679801
v 3.662944 1.702990 1.820999
v 3.662944 1.702990 1.962197
v 3.662945 1.702990 2.103395
v 3.662946 1.702990 2.244593
v 3.661862 1.703753 1.679801
v 3.661862 1.703753 1.820999
v 3.661863 1.703753 1.962197
v 3.661864 1.703753 2.103395
v 3.661864 1.703753 2.244593
v 3.632972 1.645385 1.538038
v 3.634053 1.644605 1.538024
v 3.634057 1.644604 2.385211
v 3.632976 1.645384 2.385225
v 3.661845 1.669964 1.538405
v 3.662925 1.669190 1.538397
v 3.662930 1.669189 2.385584
v 3.661849 1.669963 2.385592
v 3.634053 1.644605 1.679222
v 3.634054 1.644605 1.820419
v 3.634054 1.644604 1.961617
v 3.634055 1.644604 2.102815
v 3.634056 1.644604 2.244013
v 3.632973 1.645385 1.679236
v 3.632973 1.645385 1.820434
v 3.632974 1.645385 1.961632
v 3.632975 1.645384 2.102829
v 3.632975 1.645385 2.244027
v 3.662926 1.669190 1.679594
v 3.662927 1.669190 1.820792
v 3.662927 1.669190 1.961990
v 3.662928 1.669190 2.103188
v 3.662929 1.669189 2.244386
v 3.661845 1.669964 1.679603
v 3.661846 1.669964 1.820801
v 3.661847 1.669964 1.961999
v 3.661847 1.669963 2.103196
v 3.661848 1.669963 2.244394
v 3.632927 1.610972 1.537236
v 3.634007 1.610186 1.537215
v 3.634012 1.610185 2.384402
v 3.632931 1.610971 2.384423
v 3.661807 1.635766 1.537849
v 3.662887 1.634984 1.537833
v 3.662891 1.634984 2.385020
v 3.661811 1.635766 2.385037
v 3.634008 1.610185 1.678412
v 3.634009 1.610185 1.819610
v 3.634010 1.610185 1.960808
v 3.634010 1.610186 2.102006
v 3.634011 1.610185 2.243204
v 3.632928 1.610971 1.678434
v 3.632929 1.610971 1.819632
v 3.632929 1.610971 1.960830
v 3.632930 1.610971 2.102028
v 3.632931 1.610971 2.243226
v 3.662888 1.634984 1.679031
v 3.662889 1.634984 1.820229
v 3.662889 1.634984 1.961426
v 3.662890 1.634984 2.102624
v 3.662890 1.634984 2.243822
v 3.661808 1.635766 1.679047
v 3.661808 1.635766 1.820245
v 3.661809 1.635766 1.961443
v 3.661809 1.635765 2.102641
v 3.661810 1.635765 2.243839
v 3.632885 1.576363 1.536116
v 3.633966 1.575573 1.536088
v 3.633970 1.575573 2.383275
v 3.632889 1.576362 2.383303
v 3.661761 1.601282 1.536961
v 3.662842 1.600494 1.536938
v 3.662846 1.600494 2.384125
v 3.661766 1.601281 2.384149
v 3.633967 1.575573 1.677285
v 3.633967 1.575573 1.818483
v 3.633968 1.575573 1.959681
v 3.633969 1.575573 2.100879
v 3.633969 1.575573 2.242077
v 3.632886 1.576362 1.677314
v 3.632887 1.576363 1.818512
v 3.632887 1.576362 1.959710
v 3.632888 1.576362 2.100907
v 3.632889 1.576362 2.242105
v 3.662843 1.600494 1.678136
v 3.662843 1.600494 1.819334
v 3.662844 1.600494 1.960532
v 3.662845 1.600494 2.101730
v 3.662845 1.600494 2.242928
v 3.661762 1.601281 1.678159
v 3.661763 1.601282 1.819357
v 3.661763 1.601281 1.960555
v 3.661764 1.601281 2.101753
v 3.661765 1.601281 2.242951
v 3.632860 1.541682 1.534701
v 3.633941 1.540892 1.534667
v 3.633945 1.540892 2.381854
v 3.632864 1.541681 2.381888
v 3.661723 1.566633 1.535767
v 3.662803 1.565843 1.535738
v 3.662808 1.565843 2.382925
v 3.661727 1.566632 2.382955
v 3.633942 1.540892 1.675864
v 3.633943 1.540892 1.817062
v 3.633944 1.540892 1.958260
v 3.633944 1.540892 2.099458
v 3.633945 1.540892 2.240656
v 3.632861 1.541682 1.675899
v 3.632862 1.541682 1.817096
v 3.632862 1.541681 1.958294
v 3.632863 1.541681 2.099492
v 3.632864 1.541681 2.240690
v 3.662804 1.565843 1.676936
v 3.662805 1.565843 1.818134
v 3.662806 1.565843 1.959331
v 3.662806 1.565842 2.100529
v 3.662807 1.565843 2.241727
v 3.661723 1.566633 1.676965
v 3.661724 1.566633 1.818163
v 3.661725 1.566633 1.959361
v 3.661726 1.566633 2.100559
v 3.661726 1.566632 2.241757
v 3.632866 1.507052 1.533014
v 3.633948 1.506264 1.532975
v 3.633952 1.506264 2.380162
v 3.632870 1.507051 2.380202
v 3.661705 1.531942 1.534292
v 3.662786 1.531152 1.534257
v 3.662790 1.531151 2.381444
v 3.661709 1.531941 2.381479
v 3.633949 1.506264 1.674173
v 3.633950 1.506264 1.815371
v 3.633950 1.506264 1.956569
v 3.633951 1.506264 2.097766
v 3.633951 1.506263 2.238965
v 3.632867 1.507052 1.674212
v 3.632867 1.507052 1.815410
v 3.632868 1.507052 1.956608
v 3.632869 1.507052 2.097806
v 3.632869 1.507051 2.239004
v 3.662787 1.531152 1.675455
v 3.662788 1.531152 1.816653
v 3.662788 1.531151 1.957851
v 3.662789 1.531151 2.099048
v 3.662790 1.531151 2.240246
v 3.661705 1.531941 1.675490
v 3.661706 1.531941 1.816688
v 3.661707 1.531942 1.957885
v 3.661707 1.531941 2.099083
v 3.661708 1.531941 2.240281
v 3.632917 1.472596 1.531080
v 3.634000 1.471813 1.531037
v 3.634004 1.471812 2.378224
v 3.632921 1.472596 2.378267
v 3.661722 1.497330 1.532561
v 3.662804 1.496543 1.532521
v 3.662808 1.496543 2.379708
v 3.661726 1.497330 2.379748
v 3.634000 1.471813 1.672235
v 3.634001 1.471813 1.813432
v 3.634002 1.471813 1.954630
v 3.634002 1.471813 2.095828
v 3.634003 1.471813 2.237026
v 3.632917 1.472597 1.672278
v 3.632918 1.472596 1.813476
v 3.632919 1.472596 1.954674
v 3.632920 1.472596 2.095871
v 3.632920 1.472596 2.237069
v 3.662805 1.496543 1.673719
v 3.662806 1.496543 1.814917
v 3.662806 1.496542 1.956115
v 3.662807 1.496542 2.097313
v 3.662808 1.496542 2.238511
v 3.661723 1.497330 1.673758
v 3.661723 1.497330 1.814956
v 3.661724 1.497330 1.956154
v 3.661724 1.497330 2.097352
v 3.661725 1.497330 2.238550
v 3.633026 1.438438 1.528922
v 3.634111 1.437662 1.528875
v 3.634115 1.437661 2.376063
v 3.633030 1.438438 2.376109
v 3.661788 1.462920 1.530599
v 3.662871 1.462138 1.530556
v 3.662875 1.462137 2.377743
v 3.661791 1.462920 2.377786
v 3.634112 1.437662 1.670073
v 3.634112 1.437662 1.811271
v 3.634113 1.437661 1.952469
v 3.634114 1.437662 2.093667
v 3.634114 1.437662 2.234865
v 3.633027 1.438438 1.670119
v 3.633028 1.438438 1.811317
v 3.633028 1.438438 1.952515
v 3.633029 1.438438 2.093713
v 3.633029 1.438438 2.234911
v 3.662872 1.462138 1.671754
v 3.662872 1.462138 1.812952
v 3.662873 1.462138 1.954150
v 3.662874 1.462138 2.095348
v 3.662875 1.462138 2.236545
v 3.661788 1.462920 1.671797
v 3.661789 1.462920 1.812995
v 3.661790 1.462920 1.954193
v 3.661790 1.462920 2.095391
v 3.661791 1.462920 2.236588
v 3.633198 1.404641 1.526594
v 3.634284 1.403872 1.526547
v 3.634288 1.403871 2.373734
v 3.633202 1.404641 2.373780
v 3.661915 1.428831 1.528434
v 3.663001 1.428055 1.528389
v 3.663005 1.428055 2.375576
v 3.661920 1.428830 2.375622
v 3.634285 1.403871 1.667745
v 3.634286 1.403871 1.808943
v 3.634286 1.403871 1.950140
v 3.634287 1.403870 2.091338
v 3.634287 1.403870 2.232536
v 3.633199 1.404642 1.667792
v 3.633200 1.404641 1.808989
v 3.633200 1.404641 1.950187
v 3.633201 1.404641 2.091385
v 3.633202 1.404641 2.232583
v 3.663001 1.428055 1.669587
v 3.663002 1.428056 1.810785
v 3.663002 1.428055 1.951982
v 3.663003 1.428055 2.093180
v 3.663004 1.428055 2.234378
v 3.661916 1.428830 1.669632
v 3.661917 1.428831 1.810830
v 3.661917 1.428830 1.952028
v 3.661918 1.428831 2.093226
v 3.661919 1.428830 2.234424
v 3.608520 2.641785 0.664032
v 3.609601 2.641022 0.664032
v 3.609605 2.641021 1.511219
v 3.608524 2.641784 1.511219
v 3.637367 2.665917 0.664031
v 3.638448 2.665154 0.664032
v 3.638452 2.665154 1.511219
v 3.637371 2.665917 1.511219
v 3.609602 2.641022 0.805230
v 3.609602 2.641022 0.946427
v 3.609603 2.641022 1.087625
v 3.609604 2.641021 1.228823
v 3.609605 2.641021 1.370021
v 3.608521 2.641785 0.805230
v 3.608521 2.641785 0.946427
v 3.608522 2.641785 1.087625
v 3.608522 2.641784 1.228823
v 3.608523 2.641784 1.370021
v 3.638449 2.665154 0.805230
v 3.638449 2.665154 0.946428
v 3.638450 2.665154 1.087626
v 3.638451 2.665154 1.228823
v 3.638451 2.665154 1.370021
v 3.637367 2.665917 0.805229
v 3.637368 2.665917 0.946427
v 3.637368 2.665917 1.087625
v 3.637369 2.665917 1.228823
v 3.637370 2.665917 1.370021
v 3.608520 2.608257 0.664032
v 3.609601 2.607494 0.664032
v 3.609605 2.607493 1.511219
v 3.608524 2.608256 1.511219
v 3.637367 2.632389 0.664031
v 3.638448 2.631626 0.664032
v 3.638452 2.631626 1.511219
v 3.637371 2.632388 1.511219
v 3.609602 2.607493 0.805230
v 3.609602 2.607493 0.946427
v 3.609603 2.607493 1.087625
v 3.609604 2.607493 1.228823
v 3.609605 2.607493 1.370021
v 3.608521 2.608256 0.805230
v 3.608521 2.608256 0.946427
v 3.608522 2.608256 1.087625
v 3.608522 2.608256 1.228823
v 3.608523 2.608256 1.370021
v 3.638449 2.631626 0.805230
v 3.638449 2.631626 0.946428
v 3.638450 2.631626 1.087626
v 3.638451 2.631626 1.228823
v 3.638451 2.631626 1.370021
v 3.637367 2.632389 0.805229
v 3.637368 2.632389 0.946427
v 3.637368 2.632389 1.087625
v 3.637369 2.632389 1.228823
v 3.637370 2.632389 1.370021
v 3.608520 2.574728 0.664032
v 3.609601 2.573965 0.664032
v 3.609605 2.573965 1.511219
v 3.608524 2.574728 1.511219
v 3.637367 2.598861 0.664031
v 3.638448 2.598098 0.664032
v 3.638452 2.598097 1.511219
v 3.637371 2.598860 1.511219
v 3.609602 2.573965 0.805230
v 3.609602 2.573965 0.946427
v 3.609603 2.573965 1.087625
v 3.609604 2.573965 1.228823
v 3.609605 2.573965 1.370021
v 3.608521 2.574728 0.805230
v 3.608521 2.574728 0.946427
v 3.608522 2.574728 1.087625
v 3.608522 2.574728 1.228823
v 3.608523 2.574728 1.370021
v 3.638449 2.598097 0.805230
v 3.638449 2.598097 0.946428
v 3.638450 2.598097 1.087626
v 3.638451 2.598097 1.228823
v 3.638451 2.598097 1.370021
v 3.637367 2.598860 0.805229
v 3.637368 2.598860 0.946427
v 3.637368 2.598860 1.087625
v 3.637369 2.598860 1.228823
v 3.637370 2.598860 1.370021
v 3.608520 2.541200 0.664032
v 3.609601 2.540437 0.664032
v 3.609605 2.540436 1.511219
v 3.608524 2.541199 1.511219
v 3.637367 2.565332 0.664031
v 3.638448 2.564569 0.664032
v 3.638452 2.564569 1.511219
v 3.637371 2.565331 1.511219
v 3.609602 2.540437 0.805230
v 3.609602 2.540437 0.946427
v 3.609603 2.540437 1.087625
v 3.609604 2.540436 1.228823
v 3.609605 2.540436 1.370021
v 3.608521 2.541199 0.805230
v 3.608521 2.541199 0.946427
v 3.608522 2.541199 1.087625
v 3.608522 2.541199 1.228823
v 3.608523 2.541199 1.370021
v 3.638449 2.564569 0.805230
v 3.638449 2.564569 0.946428
v 3.638450 2.564569 1.087626
v 3.638451 2.564569 1.228823
v 3.638451 2.564569 1.370021
v 3.637367 2.565332 0.805229
v 3.637368 2.565332 0.946427
v 3.637368 2.565332 1.087625
v 3.637369 2.565332 1.228823
v 3.637370 2.565331 1.370021
v 3.608520 2.507671 0.664032
v 3.609601 2.506908 0.664032
v 3.609605 2.506908 1.511219
v 3.608524 2.507671 1.511219
v 3.637367 2.531804 0.664031
v 3.638448 2.531041 0.664032
v 3.638452 2.531040 1.511219
v 3.637371 2.531803 1.511219
v 3.609602 2.506908 0.805230
v 3.609602 2.506908 0.946427
v 3.609603 2.506908 1.087625
v 3.609604 2.506908 1.228823
v 3.609605 2.506908 1.370021
v 3.608521 2.507671 0.805230
v 3.608521 2.507671 0.946427
v 3.608522 2.507671 1.087625
v 3.608522 2.507671 1.228823
v 3.608523 2.507671 1.370021
v 3.638449 2.531041 0.805230
v 3.638449 2.531041 0.946428
v 3.638450 2.531040 1.087625
v 3.638451 2.531040 1.228823
v 3.638451 2.531040 1.370021
v 3.637367 2.531804 0.805229
v 3.637368 2.531803 0.946427
v 3.637368 2.531803 1.087625
v 3.637369 2.531803 1.228823
v 3.637370 2.531803 1.370021
v 3.608520 2.474143 0.664032
v 3.609601 2.473380 0.664032
v 3.609605 2.473379 1.511219
v 3.608524 2.474142 1.511219
v 3.637367 2.498275 0.664031
v 3.638448 2.497512 0.664032
v 3.638452 2.497512 1.511219
v 3.637371 2.498275 1.511219
v 3.609602 2.473380 0.805230
v 3.609602 2.473380 0.946427
v 3.609603 2.473380 1.087625
v 3.609604 2.473379 1.228823
v 3.609605 2.473379 1.370021
v 3.608521 2.474143 0.805230
v 3.608521 2.474143 0.946427
v 3.608522 2.474143 1.087625
v 3.608522 2.474142 1.228823
v 3.608523 2.474142 1.370021
v 3.638449 2.497512 0.805230
v 3.638449 2.497512 0.946428
v 3.638450 2.497512 1.087625
v 3.638451 2.497512 1.228823
v 3.638451 2.497512 1.370021
v 3.637367 2.498275 0.805229
v 3.637368 2.498275 0.946427
v 3.637368 2.498275 1.087625
v 3.637369 2.498275 1.228823
v 3.637370 2.498275 1.370021
v 3.608520 2.440614 0.664032
v 3.609601 2.439852 0.664032
v 3.609605 2.439851 1.511219
v 3.608524 2.440614 1.511219
v 3.637367 2.464747 0.664031
v 3.638448 2.463984 0.664032
v 3.638452 2.463984 1.511219
v 3.637371 2.464746 1.511219
v 3.609602 2.439851 0.805230
v 3.609602 2.439851 0.946427
v 3.609603 2.439851 1.087625
v 3.609604 2.439851 1.228823
v 3.609605 2.439851 1.370021
v 3.608521 2.440614 0.805230
v 3.608521 2.440614 0.946427
v 3.608522 2.440614 1.087625
v 3.608522 2.440614 1.228823
v 3.608523 2.440614 1.370021
v 3.638449 2.463984 0.805230
v 3.638449 2.463984 0.946428
v 3.638450 2.463984 1.087625
v 3.638451 2.463984 1.228823
v 3.638451 2.463983 1.370021
v 3.637367 2.464747 0.805229
v 3.637368 2.464747 0.946427
v 3.637368 2.464747 1.087625
v 3.637369 2.464746 1.228823
v 3.637370 2.464746 1.370021
v 3.608520 2.407086 0.664032
v 3.609601 2.406323 0.664032
v 3.609605 2.406322 1.511219
v 3.608524 2.407085 1.511219
v 3.637367 2.431219 0.664031
v 3.638448 2.430456 0.664032
v 3.638452 2.430455 1.511219
v 3.637371 2.431218 1.511219
v 3.609602 2.406323 0.805230
v 3.609602 2.406323 0.946427
v 3.609603 2.406323 1.087625
v 3.609604 2.406323 1.228823
v 3.609605 2.406323 1.370021
v 3.608521 2.407086 0.805230
v 3.608521 2.407086 0.946427
v 3.608522 2.407086 1.087625
v 3.608522 2.407086 1.228823
v 3.608523 2.407086 1.370021
v 3.638449 2.430455 0.805230
v 3.638449 2.430455 0.946428
v 3.638450 2.430455 1.087625
v 3.638451 2.430455 1.228823
v 3.638451 2.430455 1.370021
v 3.637367 2.431218 0.805229
v 3.637368 2.431218 0.946427
v 3.637368 2.431218 1.087625
v 3.637369 2.431218 1.228823
v 3.637370 2.431218 1.370021
v 3.608520 2.373558 0.664032
v 3.609601 2.372795 0.664032
v 3.609605 2.372794 1.511219
v 3.608524 2.373557 1.511219
v 3.637367 2.397690 0.664031
v 3.638448 2.396927 0.664032
v 3.638452 2.396927 1.511219
v 3.637371 2.397690 1.511219
v 3.609602 2.372794 0.805230
v 3.609602 2.372794 0.946427
v 3.609603 2.372794 1.087625
v 3.609604 2.372794 1.228823
v 3.609605 2.372794 1.370021
v 3.608521 2.373557 0.805230
v 3.608521 2.373557 0.946427
v 3.608522 2.373557 1.087625
v 3.608522 2.373557 1.228823
v 3.608523 2.373557 1.370021
v 3.638449 2.396927 0.805230
v 3.638449 2.396927 0.946428
v 3.638450 2.396927 1.087626
v 3.638451 2.396927 1.228823
v 3.638451 2.396927 1.370021
v 3.637367 2.397690 0.805229
v 3.637368 2.397690 0.946427
v 3.637368 2.397690 1.087625
v 3.637369 2.397690 1.228823
v 3.637370 2.397690 1.370021
v 3.608520 2.340029 0.664032
v 3.609601 2.339267 0.664032
v 3.609605 2.339266 1.511219
v 3.608524 2.340029 1.511219
v 3.637367 2.364162 0.664031
v 3.638448 2.363399 0.664032
v 3.638452 2.363398 1.511219
v 3.637371 2.364161 1.511219
v 3.609602 2.339266 0.805230
v 3.609602 2.339266 0.946427
v 3.609603 2.339266 1.087625
v 3.609604 2.339266 1.228823
v 3.609605 2.339266 1.370021
v 3.608521 2.340029 0.805230
v 3.608521 2.340029 0.946427
v 3.608522 2.340029 1.087625
v 3.608522 2.340029 1.228823
v 3.608523 2.340029 1.370021
v 3.638449 2.363399 0.805230
v 3.638449 2.363399 0.946428
v 3.638450 2.363398 1.087626
v 3.638451 2.363398 1.228823
v 3.638451 2.363398 1.370021
v 3.637367 2.364161 0.805229
v 3.637368 2.364161 0.946427
v 3.637368 2.364161 1.087625
v 3.637369 2.364161 1.228823
v 3.637370 2.364161 1.370021
v 3.608520 2.306501 0.664032
v 3.609601 2.305738 0.664032
v 3.609605 2.305737 1.511219
v 3.608524 2.306500 1.511219
v 3.637367 2.330633 0.664031
v 3.638448 2.329870 0.664032
v 3.638452 2.329870 1.511219
v 3.637371 2.330633 1.511219
v 3.609602 2.305738 0.805230
v 3.609602 2.305738 0.946427
v 3.609603 2.305737 1.087625
v 3.609604 2.305737 1.228823
v 3.609605 2.305737 1.370021
v 3.608521 2.306501 0.805230
v 3.608521 2.306501 0.946427
v 3.608522 2.306500 1.087625
v 3.608522 2.306500 1.228823
v 3.608523 2.306500 1.370021
v 3.638449 2.329870 0.805230
v 3.638449 2.329870 0.946428
v 3.638450 2.329870 1.087626
v 3.638451 2.329870 1.228823
v 3.638451 2.329870 1.370021
v 3.637367 2.330633 0.805229
v 3.637368 2.330633 0.946427
v 3.637368 2.330633 1.087625
v 3.637369 2.330633 1.228823
v 3.637370 2.330633 1.370021
v 3.608520 2.272973 0.664032
v 3.609601 2.272210 0.664032
v 3.609605 2.272209 1.511219
v 3.608524 2.272972 1.511219
v 3.637367 2.297105 0.664031
v 3.638448 2.296342 0.664032
v 3.638452 2.296342 1.511219
v 3.637371 2.297104 1.511219
v 3.609602 2.272209 0.805230
v 3.609602 2.272209 0.946427
v 3.609603 2.272209 1.087625
v 3.609604 2.272209 1.228823
v 3.609605 2.272209 1.370021
v 3.608521 2.272972 0.805230
v 3.608521 2.272972 0.946427
v 3.608522 2.272972 1.087625
v 3.608522 2.272972 1.228823
v 3.608523 2.272972 1.370021
v 3.638449 2.296342 0.805230
v 3.638449 2.296342 0.946428
v 3.638450 2.296342 1.087626
v 3.638451 2.296342 1.228823
v 3.638451 2.296341 1.370021
v 3.637367 2.297105 0.805229
v 3.637368 2.297105 0.946427
v 3.637368 2.297105 1.087625
v 3.637369 2.297105 1.228823
v 3.637370 2.297104 1.370021
v 3.608520 2.239444 0.664032
v 3.609601 2.238681 0.664032
v 3.609605 2.238681 1.511219
v 3.608524 2.239444 1.511219
v 3.637367 2.263577 0.664031
v 3.638448 2.262814 0.664032
v 3.638452 2.262813 1.511219
v 3.637371 2.263576 1.511219
v 3.609602 2.238681 0.805230
v 3.609602 2.238681 0.946427
v 3.609603 2.238681 1.087625
v 3.609604 2.238681 1.228823
v 3.609605 2.238681 1.370021
v 3.608521 2.239444 0.805230
v 3.608521 2.239444 0.946427
v 3.608522 2.239444 1.087625
v 3.608522 2.239444 1.228823
v 3.608523 2.239444 1.370021
v 3.638449 2.262813 0.805230
v 3.638449 2.262813 0.946428
v 3.638450 2.262813 1.087626
v 3.638451 2.262813 1.228823
v 3.638451 2.262813 1.370021
v 3.637367 2.263576 0.805229
v 3.637368 2.263576 0.946427
v 3.637368 2.263576 1.087625
v 3.637369 2.263576 1.228823
v 3.637370 2.263576 1.370021
v 3.608520 2.205916 0.664032
v 3.609601 2.205153 0.664032
v 3.609605 2.205152 1.511219
v 3.608524 2.205915 1.511219
v 3.637367 2.230048 0.664031
v 3.638448 2.229285 0.664032
v 3.638452 2.229285 1.511219
v 3.637371 2.230048 1.511219
v 3.609602 2.205153 0.805230
v 3.609602 2.205153 0.946427
v 3.609603 2.205153 1.087625
v 3.609604 2.205152 1.228823
v 3.609605 2.205152 1.370021
v 3.608521 2.205915 0.805230
v 3.608521 2.205915 0.946427
v 3.608522 2.205915 1.087625
v 3.608522 2.205915 1.228823
v 3.608523 2.205915 1.370021
v 3.638449 2.229285 0.805230
v 3.638449 2.229285 0.946428
v 3.638450 2.229285 1.087626
v 3.638451 2.229285 1.228823
v 3.638451 2.229285 1.370021
v 3.637367 2.230048 0.805229
v 3.637368 2.230048 0.946427
v 3.637368 2.230048 1.087625
v 3.637369 2.230048 1.228823
v 3.637370 2.230048 1.370021
v 3.608520 2.172391 0.664034
v 3.609601 2.171628 0.664035
v 3.609605 2.171628 1.511222
v 3.608524 2.172390 1.511221
v 3.637367 2.196520 0.664031
v 3.638448 2.195757 0.664032
v 3.638452 2.195756 1.511219
v 3.637371 2.196519 1.511219
v 3.609602 2.171628 0.805232
v 3.609603 2.171628 0.946430
v 3.609604 2.171628 1.087628
v 3.609604 2.171628 1.228826
v 3.609605 2.171628 1.370024
v 3.608521 2.172391 0.805232
v 3.608521 2.172391 0.946430
v 3.608522 2.172391 1.087628
v 3.608523 2.172391 1.228826
v 3.608523 2.172391 1.370024
v 3.638449 2.195757 0.805230
v 3.638449 2.195757 0.946428
v 3.638450 2.195756 1.087626
v 3.638451 2.195756 1.228823
v 3.638451 2.195756 1.370021
v 3.637367 2.196520 0.805229
v 3.637368 2.196519 0.946427
v 3.637368 2.196519 1.087625
v 3.637369 2.196519 1.228823
v 3.637370 2.196519 1.370021
v 3.608522 2.138896 0.664059
v 3.609604 2.138135 0.664060
v 3.609608 2.138135 1.511247
v 3.608526 2.138896 1.511246
v 3.637367 2.163000 0.664038
v 3.638449 2.162238 0.664038
v 3.638453 2.162237 1.511226
v 3.637371 2.162999 1.511225
v 3.609605 2.138135 0.805258
v 3.609605 2.138135 0.946455
v 3.609606 2.138135 1.087653
v 3.609607 2.138135 1.228851
v 3.609607 2.138135 1.370049
v 3.608523 2.138896 0.805257
v 3.608524 2.138896 0.946454
v 3.608525 2.138896 1.087652
v 3.608525 2.138896 1.228850
v 3.608526 2.138896 1.370048
v 3.638449 2.162237 0.805236
v 3.638450 2.162237 0.946434
v 3.638451 2.162237 1.087632
v 3.638451 2.162237 1.228830
v 3.638452 2.162237 1.370028
v 3.637368 2.163000 0.805236
v 3.637368 2.163000 0.946433
v 3.637369 2.163000 1.087631
v 3.637370 2.163000 1.228829
v 3.637371 2.162999 1.370027
v 3.608529 2.105468 0.664130
v 3.609611 2.104708 0.664133
v 3.609615 2.104707 1.511320
v 3.608533 2.105467 1.511317
v 3.637371 2.129520 0.664073
v 3.638452 2.128759 0.664074
v 3.638456 2.128759 1.511262
v 3.637374 2.129520 1.511260
v 3.609612 2.104708 0.805331
v 3.609612 2.104708 0.946528
v 3.609612 2.104708 1.087726
v 3.609613 2.104708 1.228924
v 3.609614 2.104708 1.370122
v 3.608530 2.105468 0.805328
v 3.608531 2.105468 0.946526
v 3.608531 2.105468 1.087724
v 3.608532 2.105467 1.228922
v 3.608532 2.105467 1.370119
v 3.638453 2.128759 0.805272
v 3.638453 2.128759 0.946470
v 3.638454 2.128759 1.087668
v 3.638455 2.128759 1.228866
v 3.638455 2.128759 1.370064
v 3.637371 2.129520 0.805271
v 3.637372 2.129520 0.946468
v 3.637372 2.129520 1.087666
v 3.637373 2.129520 1.228864
v 3.637374 2.129520 1.370062
v 3.608543 2.072140 0.664274
v 3.609624 2.071383 0.664279
v 3.609628 2.071383 1.511466
v 3.608546 2.072140 1.511461
v 3.637379 2.096117 0.664162
v 3.638460 2.095357 0.664165
v 3.638464 2.095357 1.511352
v 3.637383 2.096116 1.511349
v 3.609625 2.071383 0.805476
v 3.609626 2.071383 0.946674
v 3.609626 2.071383 1.087872
v 3.609627 2.071383 1.229070
v 3.609628 2.071383 1.370268
v 3.608543 2.072140 0.805472
v 3.608544 2.072140 0.946670
v 3.608544 2.072140 1.087868
v 3.608545 2.072140 1.229066
v 3.608546 2.072140 1.370263
v 3.638461 2.095357 0.805363
v 3.638462 2.095357 0.946561
v 3.638463 2.095357 1.087759
v 3.638463 2.095357 1.228957
v 3.638464 2.095357 1.370155
v 3.637379 2.096116 0.805360
v 3.637380 2.096116 0.946558
v 3.637381 2.096116 1.087756
v 3.637382 2.096116 1.228953
v 3.637382 2.096116 1.370151
v 3.608565 2.038949 0.664516
v 3.609647 2.038195 0.664523
v 3.609651 2.038195 1.511710
v 3.608569 2.038948 1.511703
v 3.637395 2.062824 0.664331
v 3.638476 2.062068 0.664336
v 3.638481 2.062067 1.511523
v 3.637398 2.062823 1.511518
v 3.609648 2.038195 0.805721
v 3.609649 2.038195 0.946919
v 3.609649 2.038195 1.088117
v 3.609650 2.038195 1.229314
v 3.609650 2.038195 1.370512
v 3.608566 2.038949 0.805714
v 3.608567 2.038948 0.946912
v 3.608567 2.038948 1.088110
v 3.608568 2.038948 1.229308
v 3.608569 2.038948 1.370505
v 3.638477 2.062067 0.805534
v 3.638478 2.062067 0.946732
v 3.638479 2.062067 1.087930
v 3.638479 2.062067 1.229128
v 3.638480 2.062067 1.370325
v 3.637395 2.062823 0.805529
v 3.637396 2.062823 0.946727
v 3.637397 2.062823 1.087924
v 3.637397 2.062823 1.229122
v 3.637398 2.062823 1.370320
v 3.608600 2.005929 0.664881
v 3.609682 2.005180 0.664891
v 3.609686 2.005179 1.512078
v 3.608603 2.005929 1.512068
v 3.637420 2.029676 0.664605
v 3.638502 2.028924 0.664613
v 3.638506 2.028924 1.511800
v 3.637424 2.029676 1.511792
v 3.609682 2.005180 0.806089
v 3.609683 2.005180 0.947287
v 3.609684 2.005180 1.088485
v 3.609684 2.005179 1.229683
v 3.609685 2.005179 1.370880
v 3.608600 2.005929 0.806079
v 3.608601 2.005929 0.947277
v 3.608601 2.005929 1.088475
v 3.608602 2.005929 1.229673
v 3.608603 2.005929 1.370870
v 3.638503 2.028924 0.805810
v 3.638504 2.028924 0.947008
v 3.638505 2.028924 1.088206
v 3.638505 2.028924 1.229404
v 3.638506 2.028924 1.370602
v 3.637421 2.029676 0.805802
v 3.637421 2.029676 0.947000
v 3.637422 2.029676 1.088198
v 3.637423 2.029676 1.229396
v 3.637424 2.029676 1.370594
v 3.608648 1.973116 0.665395
v 3.609730 1.972373 0.665408
v 3.609734 1.972372 1.512596
v 3.608651 1.973116 1.512582
v 3.637458 1.996711 0.665009
v 3.638541 1.995964 0.665020
v 3.638545 1.995963 1.512207
v 3.637462 1.996711 1.512196
v 3.609731 1.972372 0.806606
v 3.609731 1.972372 0.947804
v 3.609732 1.972372 1.089002
v 3.609733 1.972372 1.230200
v 3.609734 1.972372 1.371398
v 3.608648 1.973116 0.806593
v 3.608649 1.973116 0.947790
v 3.608650 1.973116 1.088988
v 3.608650 1.973116 1.230186
v 3.608651 1.973116 1.371384
v 3.638541 1.995963 0.806218
v 3.638542 1.995963 0.947416
v 3.638543 1.995963 1.088614
v 3.638543 1.995963 1.229811
v 3.638544 1.995963 1.371009
v 3.637459 1.996711 0.806206
v 3.637459 1.996711 0.947404
v 3.637460 1.996711 1.088602
v 3.637461 1.996711 1.229800
v 3.637461 1.996711 1.370998
v 3.608712 1.940546 0.666082
v 3.609795 1.939808 0.666100
v 3.609799 1.939807 1.513287
v 3.608716 1.940545 1.513269
v 3.637511 1.963963 0.665568
v 3.638593 1.963221 0.665584
v 3.638597 1.963220 1.512771
v 3.637514 1.963963 1.512756
v 3.609796 1.939807 0.807298
v 3.609797 1.939807 0.948495
v 3.609797 1.939807 1.089693
v 3.609798 1.939807 1.230891
v 3.609798 1.939807 1.372089
v 3.608713 1.940546 0.807280
v 3.608713 1.940546 0.948478
v 3.608714 1.940546 1.089676
v 3.608715 1.940545 1.230873
v 3.608715 1.940546 1.372071
v 3.638594 1.963220 0.806781
v 3.638595 1.963221 0.947979
v 3.638595 1.963220 1.089177
v 3.638596 1.963220 1.230375
v 3.638597 1.963220 1.371573
v 3.637511 1.963963 0.806766
v 3.637512 1.963963 0.947964
v 3.637513 1.963963 1.089162
v 3.637513 1.963963 1.230360
v 3.637514 1.963963 1.371558
v 3.608792 1.908202 0.666932
v 3.609875 1.907468 0.666953
v 3.609879 1.907467 1.514140
v 3.608796 1.908202 1.514119
v 3.637580 1.931463 0.666306
v 3.638663 1.930726 0.666325
v 3.638667 1.930725 1.513512
v 3.637583 1.931462 1.513494
v 3.609876 1.907468 0.808151
v 3.609876 1.907468 0.949348
v 3.609877 1.907468 1.090546
v 3.609878 1.907468 1.231744
v 3.609878 1.907468 1.372942
v 3.608792 1.908202 0.808130
v 3.608793 1.908202 0.949328
v 3.608794 1.908202 1.090526
v 3.608794 1.908202 1.231723
v 3.608795 1.908201 1.372921
v 3.638664 1.930726 0.807523
v 3.638664 1.930726 0.948721
v 3.638665 1.930726 1.089919
v 3.638666 1.930725 1.231117
v 3.638666 1.930725 1.372315
v 3.637580 1.931462 0.807504
v 3.637581 1.931462 0.948702
v 3.637582 1.931462 1.089900
v 3.637582 1.931462 1.231098
v 3.637583 1.931462 1.372296
v 3.608880 1.875987 0.667875
v 3.609963 1.875255 0.667896
v 3.609967 1.875254 1.515084
v 3.608884 1.875987 1.515062
v 3.637662 1.899166 0.667190
v 3.638746 1.898432 0.667211
v 3.638750 1.898432 1.514399
v 3.637666 1.899165 1.514377
v 3.609964 1.875255 0.809094
v 3.609965 1.875255 0.950292
v 3.609965 1.875255 1.091490
v 3.609966 1.875254 1.232688
v 3.609967 1.875255 1.373886
v 3.608881 1.875987 0.809072
v 3.608881 1.875987 0.950270
v 3.608882 1.875987 1.091468
v 3.608883 1.875987 1.232666
v 3.608883 1.875987 1.373864
v 3.638747 1.898432 0.808409
v 3.638747 1.898432 0.949607
v 3.638748 1.898432 1.090805
v 3.638749 1.898432 1.232003
v 3.638749 1.898432 1.373201
v 3.637663 1.899166 0.808388
v 3.637664 1.899166 0.949586
v 3.637664 1.899166 1.090783
v 3.637665 1.899165 1.231982
v 3.637666 1.899165 1.373179
v 3.608970 1.843795 0.668834
v 3.610053 1.843062 0.668855
v 3.610057 1.843062 1.516042
v 3.608974 1.843795 1.516021
v 3.637752 1.866968 0.668145
v 3.638835 1.866236 0.668167
v 3.638839 1.866235 1.515354
v 3.637756 1.866967 1.515332
v 3.610054 1.843062 0.810053
v 3.610054 1.843062 0.951251
v 3.610055 1.843062 1.092449
v 3.610056 1.843061 1.233647
v 3.610057 1.843062 1.374844
v 3.608970 1.843795 0.810031
v 3.608971 1.843795 0.951229
v 3.608972 1.843795 1.092427
v 3.608973 1.843795 1.233625
v 3.608973 1.843795 1.374823
v 3.638836 1.866236 0.809365
v 3.638837 1.866236 0.950563
v 3.638837 1.866236 1.091761
v 3.638838 1.866235 1.232959
v 3.638839 1.866235 1.374156
v 3.637753 1.866968 0.809343
v 3.637753 1.866968 0.950540
v 3.637754 1.866968 1.091738
v 3.637755 1.866968 1.232936
v 3.637755 1.866968 1.374134
v 3.609054 1.811520 0.669733
v 3.610137 1.810784 0.669752
v 3.610141 1.810783 1.516939
v 3.609058 1.811520 1.516920
v 3.637841 1.834763 0.669095
v 3.638924 1.834030 0.669116
v 3.638928 1.834029 1.516303
v 3.637845 1.834763 1.516282
v 3.610138 1.810784 0.810950
v 3.610139 1.810784 0.952148
v 3.610139 1.810784 1.093345
v 3.610140 1.810783 1.234543
v 3.610141 1.810783 1.375741
v 3.609055 1.811520 0.810931
v 3.609055 1.811520 0.952128
v 3.609056 1.811520 1.093326
v 3.609057 1.811520 1.234524
v 3.609057 1.811520 1.375722
v 3.638925 1.834030 0.810314
v 3.638926 1.834030 0.951512
v 3.638927 1.834029 1.092710
v 3.638927 1.834029 1.233907
v 3.638928 1.834029 1.375105
v 3.637842 1.834763 0.810292
v 3.637842 1.834763 0.951490
v 3.637843 1.834763 1.092688
v 3.637844 1.834763 1.233886
v 3.637844 1.834763 1.375084
v 3.609126 1.779055 0.670496
v 3.610208 1.778314 0.670511
v 3.610212 1.778313 1.517699
v 3.609129 1.779055 1.517683
v 3.637922 1.802446 0.669963
v 3.639005 1.801708 0.669982
v 3.639009 1.801708 1.517169
v 3.637926 1.802445 1.517151
v 3.610209 1.778313 0.811709
v 3.610210 1.778313 0.952907
v 3.610210 1.778313 1.094105
v 3.610211 1.778313 1.235303
v 3.610212 1.778313 1.376500
v 3.609126 1.779055 0.811694
v 3.609127 1.779055 0.952892
v 3.609128 1.779055 1.094090
v 3.609128 1.779055 1.235287
v 3.609129 1.779055 1.376485
v 3.639006 1.801708 0.811180
v 3.639007 1.801708 0.952378
v 3.639008 1.801708 1.093575
v 3.639008 1.801708 1.234773
v 3.639009 1.801708 1.375971
v 3.637923 1.802446 0.811161
v 3.637924 1.802446 0.952359
v 3.637924 1.802446 1.093557
v 3.637925 1.802445 1.234755
v 3.637926 1.802445 1.375953
v 3.609177 1.746295 0.671047
v 3.610260 1.745545 0.671057
v 3.610263 1.745545 1.518244
v 3.609181 1.746294 1.518234
v 3.637989 1.769909 0.670675
v 3.639072 1.769165 0.670689
v 3.639076 1.769165 1.517876
v 3.637993 1.769908 1.517862
v 3.610260 1.745545 0.812255
v 3.610261 1.745545 0.953452
v 3.610261 1.745545 1.094650
v 3.610262 1.745545 1.235848
v 3.610263 1.745545 1.377046
v 3.609178 1.746295 0.812245
v 3.609179 1.746295 0.953443
v 3.609179 1.746295 1.094641
v 3.609180 1.746294 1.235839
v 3.609180 1.746294 1.377036
v 3.639072 1.769165 0.811887
v 3.639073 1.769165 0.953085
v 3.639074 1.769165 1.094283
v 3.639075 1.769165 1.235480
v 3.639075 1.769165 1.376678
v 3.637990 1.769909 0.811873
v 3.637990 1.769909 0.953071
v 3.637991 1.769909 1.094268
v 3.637991 1.769908 1.235466
v 3.637992 1.769909 1.376664
v 3.609202 1.713133 0.671310
v 3.610283 1.712373 0.671312
v 3.610287 1.712373 1.518499
v 3.609206 1.713133 1.518497
v 3.638034 1.737047 0.671153
v 3.639116 1.736295 0.671161
v 3.639120 1.736294 1.518348
v 3.638038 1.737046 1.518340
v 3.610284 1.712373 0.812510
v 3.610285 1.712373 0.953708
v 3.610286 1.712373 1.094906
v 3.610286 1.712373 1.236104
v 3.610287 1.712373 1.377302
v 3.609202 1.713133 0.812508
v 3.609203 1.713133 0.953706
v 3.609204 1.713133 1.094904
v 3.609205 1.713133 1.236102
v 3.609205 1.713133 1.377299
v 3.639117 1.736294 0.812359
v 3.639117 1.736295 0.953557
v 3.639118 1.736294 1.094754
v 3.639119 1.736294 1.235952
v 3.639119 1.736294 1.377150
v 3.638034 1.737047 0.812351
v 3.638035 1.737047 0.953549
v 3.638036 1.737047 1.094747
v 3.638036 1.737047 1.235944
v 3.638037 1.737046 1.377142
v 3.609194 1.679480 0.671216
v 3.610275 1.678708 0.671210
v 3.610279 1.678708 1.518397
v 3.609198 1.679479 1.518403
v 3.638050 1.703753 0.671321
v 3.639131 1.702990 0.671322
v 3.639135 1.702990 1.518509
v 3.638053 1.703753 1.518509
v 3.610275 1.678708 0.812407
v 3.610276 1.678708 0.953605
v 3.610277 1.678708 1.094803
v 3.610277 1.678708 1.236001
v 3.610278 1.678708 1.377199
v 3.609195 1.679480 0.812414
v 3.609195 1.679479 0.953612
v 3.609196 1.679479 1.094809
v 3.609197 1.679479 1.236007
v 3.609197 1.679479 1.377205
v 3.639132 1.702990 0.812519
v 3.639132 1.702990 0.953717
v 3.639133 1.702990 1.094915
v 3.639133 1.702990 1.236113
v 3.639134 1.702990 1.377311
v 3.638050 1.703753 0.812519
v 3.638051 1.703753 0.953717
v 3.638052 1.703753 1.094915
v 3.638052 1.703753 1.236113
v 3.638053 1.703753 1.377311
v 3.609160 1.645385 0.670756
v 3.610241 1.644605 0.670742
v 3.610245 1.644605 1.517929
v 3.609165 1.645385 1.517943
v 3.638033 1.669964 0.671123
v 3.639114 1.669190 0.671115
v 3.639118 1.669190 1.518302
v 3.638037 1.669964 1.518310
v 3.610242 1.644605 0.811940
v 3.610242 1.644605 0.953137
v 3.610243 1.644605 1.094335
v 3.610244 1.644605 1.235533
v 3.610244 1.644605 1.376731
v 3.609161 1.645385 0.811954
v 3.609162 1.645385 0.953152
v 3.609163 1.645385 1.094350
v 3.609163 1.645385 1.235548
v 3.609164 1.645385 1.376745
v 3.639114 1.669190 0.812313
v 3.639115 1.669190 0.953510
v 3.639116 1.669190 1.094708
v 3.639117 1.669190 1.235906
v 3.639117 1.669189 1.377104
v 3.638034 1.669964 0.812321
v 3.638034 1.669964 0.953519
v 3.638035 1.669964 1.094717
v 3.638036 1.669964 1.235915
v 3.638036 1.669963 1.377113
v 3.609116 1.610972 0.669954
v 3.610196 1.610186 0.669933
v 3.610200 1.610185 1.517120
v 3.609120 1.610971 1.517142
v 3.637995 1.635766 0.670567
v 3.639076 1.634984 0.670551
v 3.639080 1.634984 1.517738
v 3.637999 1.635766 1.517755
v 3.610197 1.610185 0.811130
v 3.610198 1.610186 0.952328
v 3.610198 1.610186 1.093526
v 3.610199 1.610186 1.234724
v 3.610199 1.610185 1.375922
v 3.609117 1.610971 0.811152
v 3.609117 1.610971 0.952350
v 3.609118 1.610971 1.093548
v 3.609118 1.610971 1.234746
v 3.609119 1.610971 1.375944
v 3.639076 1.634984 0.811749
v 3.639077 1.634984 0.952947
v 3.639078 1.634984 1.094145
v 3.639078 1.634984 1.235343
v 3.639079 1.634984 1.376540
v 3.637996 1.635766 0.811765
v 3.637997 1.635766 0.952963
v 3.637997 1.635766 1.094161
v 3.637998 1.635766 1.235359
v 3.637998 1.635766 1.376557
v 3.609074 1.576363 0.668834
v 3.610154 1.575574 0.668806
v 3.610158 1.575573 1.515993
v 3.609078 1.576362 1.516021
v 3.637950 1.601282 0.669679
v 3.639030 1.600495 0.669656
v 3.639034 1.600494 1.516844
v 3.637954 1.601281 1.516867
v 3.610155 1.575573 0.810003
v 3.610156 1.575573 0.951201
v 3.610157 1.575573 1.092399
v 3.610157 1.575573 1.233597
v 3.610158 1.575573 1.374795
v 3.609075 1.576363 0.810032
v 3.609075 1.576363 0.951230
v 3.609076 1.576362 1.092428
v 3.609077 1.576362 1.233626
v 3.609077 1.576362 1.374823
v 3.639031 1.600495 0.810854
v 3.639032 1.600495 0.952052
v 3.639032 1.600494 1.093250
v 3.639033 1.600494 1.234448
v 3.639034 1.600494 1.375646
v 3.637950 1.601281 0.810877
v 3.637951 1.601282 0.952075
v 3.637952 1.601281 1.093273
v 3.637953 1.601282 1.234471
v 3.637953 1.601282 1.375669
v 3.609049 1.541682 0.667419
v 3.610130 1.540892 0.667385
v 3.610134 1.540892 1.514572
v 3.609053 1.541681 1.514606
v 3.637911 1.566633 0.668485
v 3.638992 1.565843 0.668456
v 3.638996 1.565843 1.515643
v 3.637915 1.566632 1.515673
v 3.610131 1.540892 0.808582
v 3.610131 1.540892 0.949780
v 3.610132 1.540892 1.090978
v 3.610133 1.540892 1.232176
v 3.610133 1.540892 1.373374
v 3.609050 1.541682 0.808617
v 3.609050 1.541682 0.949814
v 3.609051 1.541681 1.091012
v 3.609051 1.541681 1.232210
v 3.609052 1.541681 1.373408
v 3.638993 1.565843 0.809654
v 3.638994 1.565843 0.950852
v 3.638994 1.565843 1.092049
v 3.638995 1.565843 1.233247
v 3.638996 1.565843 1.374445
v 3.637912 1.566633 0.809683
v 3.637913 1.566633 0.950881
v 3.637913 1.566633 1.092079
v 3.637914 1.566633 1.233277
v 3.637915 1.566632 1.374475
v 3.609055 1.507052 0.665732
v 3.610137 1.506265 0.665693
v 3.610140 1.506264 1.512880
v 3.609059 1.507051 1.512919
v 3.637893 1.531942 0.667010
v 3.638975 1.531152 0.666975
v 3.638979 1.531151 1.514162
v 3.637897 1.531941 1.514197
v 3.610137 1.506264 0.806891
v 3.610138 1.506264 0.948089
v 3.610139 1.506264 1.089287
v 3.610139 1.506264 1.230485
v 3.610140 1.506263 1.371683
v 3.609055 1.507052 0.806930
v 3.609056 1.507052 0.948128
v 3.609056 1.507052 1.089326
v 3.609057 1.507052 1.230524
v 3.609058 1.507051 1.371722
v 3.638975 1.531152 0.808173
v 3.638976 1.531152 0.949371
v 3.638977 1.531152 1.090569
v 3.638978 1.531151 1.231766
v 3.638978 1.531152 1.372964
v 3.637894 1.531942 0.808208
v 3.637895 1.531941 0.949406
v 3.637895 1.531942 1.090604
v 3.637896 1.531941 1.231802
v 3.637897 1.531941 1.372999
v 3.609105 1.472596 0.663798
v 3.610188 1.471813 0.663755
v 3.610192 1.471813 1.510942
v 3.609109 1.472596 1.510985
v 3.637910 1.497330 0.665279
v 3.638993 1.496543 0.665239
v 3.638997 1.496543 1.512426
v 3.637914 1.497330 1.512466
v 3.610189 1.471813 0.804953
v 3.610189 1.471813 0.946151
v 3.610190 1.471813 1.087348
v 3.610191 1.471813 1.228546
v 3.610192 1.471813 1.369744
v 3.609106 1.472597 0.804996
v 3.609107 1.472596 0.946194
v 3.609107 1.472596 1.087391
v 3.609108 1.472596 1.228589
v 3.609109 1.472596 1.369787
v 3.638993 1.496543 0.806437
v 3.638994 1.496543 0.947635
v 3.638995 1.496543 1.088833
v 3.638995 1.496542 1.230031
v 3.638996 1.496542 1.371229
v 3.637911 1.497330 0.806477
v 3.637912 1.497330 0.947674
v 3.637912 1.497330 1.088872
v 3.637913 1.497330 1.230070
v 3.637913 1.497330 1.371268
v 3.609215 1.438438 0.661640
v 3.610300 1.437662 0.661593
v 3.610303 1.437661 1.508781
v 3.609219 1.438438 1.508827
v 3.637976 1.462921 0.663317
v 3.639060 1.462138 0.663274
v 3.639064 1.462138 1.510461
v 3.637980 1.462920 1.510504
v 3.610300 1.437662 0.802791
v 3.610301 1.437662 0.943989
v 3.610301 1.437662 1.085187
v 3.610302 1.437662 1.226385
v 3.610303 1.437662 1.367583
v 3.609215 1.438439 0.802838
v 3.609216 1.438438 0.944035
v 3.609217 1.438438 1.085233
v 3.609217 1.438438 1.226431
v 3.609218 1.438438 1.367629
v 3.639060 1.462138 0.804472
v 3.639061 1.462138 0.945670
v 3.639062 1.462138 1.086868
v 3.639062 1.462138 1.228066
v 3.639063 1.462138 1.369263
v 3.637977 1.462921 0.804515
v 3.637977 1.462920 0.945713
v 3.637978 1.462920 1.086911
v 3.637979 1.462920 1.228109
v 3.637979 1.462920 1.369307
v 3.609387 1.404641 0.659312
v 3.610473 1.403872 0.659265
v 3.610476 1.403871 1.506453
v 3.609391 1.404641 1.506499
v 3.638104 1.428831 0.661152
v 3.639189 1.428055 0.661107
v 3.639193 1.428055 1.508294
v 3.638108 1.428830 1.508340
v 3.610473 1.403871 0.800463
v 3.610474 1.403871 0.941661
v 3.610475 1.403871 1.082859
v 3.610475 1.403871 1.224056
v 3.610476 1.403871 1.365254
v 3.609388 1.404642 0.800510
v 3.609388 1.404641 0.941707
v 3.609389 1.404641 1.082905
v 3.609389 1.404641 1.224103
v 3.609390 1.404641 1.365301
v 3.639190 1.428055 0.802305
v 3.639190 1.428056 0.943503
v 3.639191 1.428055 1.084701
v 3.639192 1.428055 1.225898
v 3.639193 1.428055 1.367096
v 3.638105 1.428831 0.802350
v 3.638105 1.428831 0.943548
v 3.638106 1.428830 1.084746
v 3.638107 1.428831 1.225944
v 3.638107 1.428830 1.367142
v 3.626596 2.641785 -0.395265
v 3.627677 2.641022 -0.395265
v 3.627681 2.641021 0.451923
v 3.626600 2.641784 0.451922
v 3.655443 2.665917 -0.395265
v 3.656524 2.665154 -0.395265
v 3.656528 2.665154 0.451923
v 3.655447 2.665917 0.451922
v 3.627678 2.641022 -0.254067
v 3.627678 2.641022 -0.112869
v 3.627679 2.641022 0.028329
v 3.627680 2.641021 0.169527
v 3.627681 2.641021 0.310725
v 3.626597 2.641785 -0.254067
v 3.626597 2.641785 -0.112869
v 3.626598 2.641785 0.028329
v 3.626598 2.641784 0.169527
v 3.626599 2.641784 0.310724
v 3.656525 2.665154 -0.254067
v 3.656525 2.665154 -0.112869
v 3.656526 2.665154 0.028329
v 3.656527 2.665154 0.169527
v 3.656528 2.665154 0.310725
v 3.655443 2.665917 -0.254067
v 3.655444 2.665917 -0.112869
v 3.655444 2.665917 0.028329
v 3.655445 2.665917 0.169526
v 3.655446 2.665917 0.310724
v 3.626596 2.608256 -0.395265
v 3.627677 2.607493 -0.395265
v 3.627681 2.607493 0.451923
v 3.626600 2.608256 0.451922
v 3.655443 2.632389 -0.395265
v 3.656524 2.631626 -0.395265
v 3.656528 2.631626 0.451922
v 3.655447 2.632388 0.451922
v 3.627678 2.607493 -0.254067
v 3.627678 2.607493 -0.112869
v 3.627679 2.607493 0.028329
v 3.627680 2.607493 0.169527
v 3.627681 2.607493 0.310725
v 3.626597 2.608256 -0.254067
v 3.626597 2.608256 -0.112869
v 3.626598 2.608256 0.028329
v 3.626598 2.608256 0.169527
v 3.626599 2.608256 0.310724
v 3.656525 2.631626 -0.254067
v 3.656525 2.631626 -0.112869
v 3.656526 2.631626 0.028329
v 3.656527 2.631626 0.169527
v 3.656528 2.631626 0.310725
v 3.655443 2.632389 -0.254067
v 3.655444 2.632389 -0.112869
v 3.655444 2.632389 0.028329
v 3.655445 2.632389 0.169526
v 3.655446 2.632389 0.310724
v 3.626596 2.574728 -0.395265
v 3.627677 2.573965 -0.395265
v 3.627681 2.573965 0.451923
v 3.626600 2.574728 0.451922
v 3.655443 2.598860 -0.395265
v 3.656524 2.598097 -0.395265
v 3.656528 2.598097 0.451922
v 3.655447 2.598860 0.451922
v 3.627678 2.573965 -0.254067
v 3.627678 2.573965 -0.112869
v 3.627679 2.573965 0.028329
v 3.627680 2.573965 0.169527
v 3.627681 2.573965 0.310725
v 3.626597 2.574728 -0.254067
v 3.626597 2.574728 -0.112869
v 3.626598 2.574728 0.028329
v 3.626598 2.574728 0.169527
v 3.626599 2.574728 0.310724
v 3.656525 2.598097 -0.254067
v 3.656525 2.598097 -0.112869
v 3.656526 2.598097 0.028329
v 3.656527 2.598097 0.169527
v 3.656528 2.598097 0.310725
v 3.655443 2.598860 -0.254067
v 3.655444 2.598860 -0.112869
v 3.655444 2.598860 0.028329
v 3.655445 2.598860 0.169526
v 3.655446 2.598860 0.310724
v 3.626596 2.541199 -0.395265
v 3.627677 2.540437 -0.395265
v 3.627681 2.540436 0.451923
v 3.626600 2.541199 0.451922
v 3.655443 2.565332 -0.395265
v 3.656524 2.564569 -0.395265
v 3.656528 2.564569 0.451922
v 3.655447 2.565331 0.451922
v 3.627678 2.540436 -0.254067
v 3.627678 2.540436 -0.112869
v 3.627679 2.540436 0.028329
v 3.627680 2.540436 0.169527
v 3.627681 2.540436 0.310725
v 3.626597 2.541199 -0.254067
v 3.626597 2.541199 -0.112869
v 3.626598 2.541199 0.028329
v 3.626598 2.541199 0.169527
v 3.626599 2.541199 0.310724
v 3.656525 2.564569 -0.254067
v 3.656525 2.564569 -0.112869
v 3.656526 2.564569 0.028329
v 3.656527 2.564569 0.169527
v 3.656528 2.564569 0.310725
v 3.655443 2.565332 -0.254067
v 3.655444 2.565332 -0.112869
v 3.655444 2.565332 0.028329
v 3.655445 2.565332 0.169526
v 3.655446 2.565331 0.310724
v 3.626596 2.507671 -0.395265
v 3.627677 2.506908 -0.395265
v 3.627681 2.506907 0.451923
v 3.626600 2.507670 0.451922
v 3.655443 2.531804 -0.395265
v 3.656524 2.531041 -0.395265
v 3.656528 2.531040 0.451923
v 3.655447 2.531803 0.451922
v 3.627678 2.506908 -0.254067
v 3.627678 2.506908 -0.112869
v 3.627679 2.506908 0.028329
v 3.627680 2.506908 0.169527
v 3.627681 2.506908 0.310725
v 3.626597 2.507671 -0.254067
v 3.626597 2.507671 -0.112869
v 3.626598 2.507671 0.028329
v 3.626598 2.507671 0.169527
v 3.626599 2.507671 0.310724
v 3.656525 2.531040 -0.254067
v 3.656525 2.531041 -0.112869
v 3.656526 2.531040 0.028329
v 3.656527 2.531040 0.169527
v 3.656528 2.531040 0.310725
v 3.655443 2.531803 -0.254067
v 3.655444 2.531803 -0.112869
v 3.655444 2.531803 0.028329
v 3.655445 2.531803 0.169526
v 3.655446 2.531803 0.310724
v 3.626596 2.474143 -0.395265
v 3.627677 2.473380 -0.395265
v 3.627681 2.473379 0.451923
v 3.626600 2.474142 0.451922
v 3.655443 2.498275 -0.395265
v 3.656524 2.497512 -0.395265
v 3.656528 2.497512 0.451923
v 3.655447 2.498275 0.451922
v 3.627678 2.473380 -0.254067
v 3.627678 2.473380 -0.112869
v 3.627679 2.473380 0.028329
v 3.627680 2.473379 0.169527
v 3.627681 2.473379 0.310725
v 3.626597 2.474143 -0.254067
v 3.626597 2.474143 -0.112869
v 3.626598 2.474143 0.028329
v 3.626598 2.474142 0.169527
v 3.626599 2.474142 0.310724
v 3.656525 2.497512 -0.254067
v 3.656525 2.497512 -0.112869
v 3.656526 2.497512 0.028329
v 3.656527 2.497512 0.169527
v 3.656528 2.497512 0.310725
v 3.655443 2.498275 -0.254067
v 3.655444 2.498275 -0.112869
v 3.655444 2.498275 0.028329
v 3.655445 2.498275 0.169526
v 3.655446 2.498275 0.310724
v 3.626596 2.440614 -0.395265
v 3.627677 2.439851 -0.395265
v 3.627681 2.439851 0.451923
v 3.626600 2.440614 0.451922
v 3.655443 2.464747 -0.395265
v 3.656524 2.463984 -0.395265
v 3.656528 2.463984 0.451922
v 3.655447 2.464746 0.451922
v 3.627678 2.439851 -0.254067
v 3.627678 2.439851 -0.112869
v 3.627679 2.439851 0.028329
v 3.627680 2.439851 0.169527
v 3.627681 2.439851 0.310725
v 3.626597 2.440614 -0.254067
v 3.626597 2.440614 -0.112869
v 3.626598 2.440614 0.028329
v 3.626598 2.440614 0.169527
v 3.626599 2.440614 0.310724
v 3.656525 2.463984 -0.254067
v 3.656525 2.463984 -0.112869
v 3.656526 2.463984 0.028329
v 3.656527 2.463984 0.169527
v 3.656528 2.463983 0.310725
v 3.655443 2.464746 -0.254067
v 3.655444 2.464746 -0.112869
v 3.655444 2.464746 0.028329
v 3.655445 2.464746 0.169526
v 3.655446 2.464746 0.310724
v 3.626596 2.407086 -0.395265
v 3.627677 2.406323 -0.395265
v 3.627681 2.406322 0.451923
v 3.626600 2.407085 0.451922
v 3.655443 2.431218 -0.395265
v 3.656524 2.430455 -0.395265
v 3.656528 2.430455 0.451922
v 3.655447 2.431218 0.451922
v 3.627678 2.406323 -0.254067
v 3.627678 2.406323 -0.112869
v 3.627679 2.406323 0.028329
v 3.627680 2.406323 0.169527
v 3.627681 2.406323 0.310725
v 3.626597 2.407086 -0.254067
v 3.626597 2.407086 -0.112869
v 3.626598 2.407086 0.028329
v 3.626598 2.407086 0.169527
v 3.626599 2.407086 0.310724
v 3.656525 2.430455 -0.254067
v 3.656525 2.430455 -0.112869
v 3.656526 2.430455 0.028329
v 3.656527 2.430455 0.169527
v 3.656528 2.430455 0.310725
v 3.655443 2.431218 -0.254067
v 3.655444 2.431218 -0.112869
v 3.655444 2.431218 0.028329
v 3.655445 2.431218 0.169526
v 3.655446 2.431218 0.310724
v 3.626596 2.373557 -0.395265
v 3.627677 2.372795 -0.395265
v 3.627681 2.372794 0.451923
v 3.626600 2.373557 0.451922
v 3.655443 2.397690 -0.395265
v 3.656524 2.396927 -0.395265
v 3.656528 2.396927 0.451922
v 3.655447 2.397690 0.451922
v 3.627678 2.372794 -0.254067
v 3.627678 2.372794 -0.112869
v 3.627679 2.372794 0.028329
v 3.627680 2.372794 0.169527
v 3.627681 2.372794 0.310725
v 3.626597 2.373557 -0.254067
v 3.626597 2.373557 -0.112869
v 3.626598 2.373557 0.028329
v 3.626598 2.373557 0.169527
v 3.626599 2.373557 0.310724
v 3.656525 2.396927 -0.254067
v 3.656525 2.396927 -0.112869
v 3.656526 2.396927 0.028329
v 3.656527 2.396927 0.169527
v 3.656528 2.396927 0.310725
v 3.655443 2.397690 -0.254067
v 3.655444 2.397690 -0.112869
v 3.655444 2.397690 0.028329
v 3.655445 2.397690 0.169526
v 3.655446 2.397690 0.310724
v 3.626596 2.340029 -0.395265
v 3.627677 2.339266 -0.395265
v 3.627681 2.339266 0.451923
v 3.626600 2.340029 0.451922
v 3.655443 2.364161 -0.395265
v 3.656524 2.363399 -0.395265
v 3.656528 2.363398 0.451922
v 3.655447 2.364161 0.451922
v 3.627678 2.339266 -0.254067
v 3.627678 2.339266 -0.112869
v 3.627679 2.339266 0.028329
v 3.627680 2.339266 0.169527
v 3.627681 2.339266 0.310725
v 3.626597 2.340029 -0.254067
v 3.626597 2.340029 -0.112869
v 3.626598 2.340029 0.028329
v 3.626598 2.340029 0.169527
v 3.626599 2.340029 0.310724
v 3.656525 2.363399 -0.254067
v 3.656525 2.363399 -0.112869
v 3.656526 2.363398 0.028329
v 3.656527 2.363398 0.169527
v 3.656528 2.363398 0.310725
v 3.655443 2.364161 -0.254067
v 3.655444 2.364161 -0.112869
v 3.655444 2.364161 0.028329
v 3.655445 2.364161 0.169526
v 3.655446 2.364161 0.310724
v 3.626596 2.306501 -0.395265
v 3.627677 2.305738 -0.395265
v 3.627681 2.305737 0.451923
v 3.626600 2.306500 0.451922
v 3.655443 2.330633 -0.395265
v 3.656524 2.329870 -0.395265
v 3.656528 2.329870 0.451922
v 3.655447 2.330633 0.451922
v 3.627678 2.305738 -0.254067
v 3.627678 2.305737 -0.112869
v 3.627679 2.305737 0.028329
v 3.627680 2.305737 0.169527
v 3.627681 2.305737 0.310725
v 3.626597 2.306501 -0.254067
v 3.626597 2.306500 -0.112869
v 3.626598 2.306500 0.028329
v 3.626598 2.306500 0.169527
v 3.626599 2.306500 0.310724
v 3.656525 2.329870 -0.254067
v 3.656525 2.329870 -0.112869
v 3.656526 2.329870 0.028329
v 3.656527 2.329870 0.169527
v 3.656528 2.329870 0.310725
v 3.655443 2.330633 -0.254067
v 3.655444 2.330633 -0.112869
v 3.655444 2.330633 0.028329
v 3.655445 2.330633 0.169526
v 3.655446 2.330633 0.310724
v 3.626596 2.272972 -0.395265
v 3.627677 2.272209 -0.395265
v 3.627681 2.272209 0.451923
v 3.626600 2.272972 0.451922
v 3.655443 2.297105 -0.395265
v 3.656524 2.296342 -0.395265
v 3.656528 2.296341 0.451923
v 3.655447 2.297104 0.451922
v 3.627678 2.272209 -0.254067
v 3.627678 2.272209 -0.112869
v 3.627679 2.272209 0.028329
v 3.627680 2.272209 0.169527
v 3.627681 2.272209 0.310725
v 3.626597 2.272972 -0.254067
v 3.626597 2.272972 -0.112869
v 3.626598 2.272972 0.028329
v 3.626598 2.272972 0.169527
v 3.626599 2.272972 0.310724
v 3.656525 2.296342 -0.254067
v 3.656525 2.296342 -0.112869
v 3.656526 2.296342 0.028329
v 3.656527 2.296341 0.169527
v 3.656528 2.296341 0.310725
v 3.655443 2.297105 -0.254067
v 3.655444 2.297105 -0.112869
v 3.655444 2.297105 0.028329
v 3.655445 2.297104 0.169526
v 3.655446 2.297104 0.310724
v 3.626596 2.239444 -0.395265
v 3.627677 2.238681 -0.395265
v 3.627681 2.238681 0.451923
v 3.626600 2.239444 0.451922
v 3.655443 2.263577 -0.395265
v 3.656524 2.262814 -0.395265
v 3.656528 2.262813 0.451922
v 3.655447 2.263576 0.451922
v 3.627678 2.238681 -0.254067
v 3.627678 2.238681 -0.112869
v 3.627679 2.238681 0.028329
v 3.627680 2.238681 0.169527
v 3.627681 2.238681 0.310725
v 3.626597 2.239444 -0.254067
v 3.626597 2.239444 -0.112869
v 3.626598 2.239444 0.028329
v 3.626598 2.239444 0.169527
v 3.626599 2.239444 0.310724
v 3.656525 2.262813 -0.254067
v 3.656525 2.262813 -0.112869
v 3.656526 2.262813 0.028329
v 3.656527 2.262813 0.169527
v 3.656528 2.262813 0.310725
v 3.655443 2.263576 -0.254067
v 3.655444 2.263576 -0.112869
v 3.655444 2.263576 0.028329
v 3.655445 2.263576 0.169526
v 3.655446 2.263576 0.310724
v 3.626596 2.205915 -0.395265
v 3.627677 2.205153 -0.395265
v 3.627681 2.205152 0.451923
v 3.626600 2.205915 0.451922
v 3.655443 2.230048 -0.395265
v 3.656524 2.229285 -0.395265
v 3.656528 2.229285 0.451922
v 3.655447 2.230048 0.451922
v 3.627678 2.205153 -0.254067
v 3.627678 2.205153 -0.112869
v 3.627679 2.205152 0.028329
v 3.627680 2.205152 0.169527
v 3.627681 2.205152 0.310725
v 3.626597 2.205915 -0.254067
v 3.626597 2.205915 -0.112869
v 3.626598 2.205915 0.028329
v 3.626598 2.205915 0.169527
v 3.626599 2.205915 0.310724
v 3.656525 2.229285 -0.254067
v 3.656525 2.229285 -0.112869
v 3.656526 2.229285 0.028329
v 3.656527 2.229285 0.169527
v 3.656528 2.229285 0.310725
v 3.655443 2.230048 -0.254067
v 3.655444 2.230048 -0.112869
v 3.655444 2.230048 0.028329
v 3.655445 2.230048 0.169526
v 3.655446 2.230048 0.310724
v 3.626596 2.172391 -0.395262
v 3.627677 2.171628 -0.395262
v 3.627681 2.171628 0.451925
v 3.626600 2.172390 0.451925
v 3.655443 2.196520 -0.395265
v 3.656524 2.195757 -0.395265
v 3.656528 2.195756 0.451922
v 3.655447 2.196519 0.451922
v 3.627678 2.171628 -0.254064
v 3.627679 2.171628 -0.112866
v 3.627679 2.171628 0.028332
v 3.627680 2.171628 0.169530
v 3.627681 2.171628 0.310727
v 3.626597 2.172391 -0.254064
v 3.626597 2.172391 -0.112867
v 3.626598 2.172390 0.028331
v 3.626599 2.172390 0.169529
v 3.626599 2.172390 0.310727
v 3.656525 2.195757 -0.254067
v 3.656525 2.195757 -0.112869
v 3.656526 2.195756 0.028329
v 3.656527 2.195756 0.169527
v 3.656528 2.195756 0.310725
v 3.655443 2.196520 -0.254067
v 3.655444 2.196519 -0.112869
v 3.655444 2.196519 0.028329
v 3.655445 2.196519 0.169526
v 3.655446 2.196519 0.310724
v 3.626598 2.138896 -0.395238
v 3.627680 2.138135 -0.395237
v 3.627684 2.138134 0.451951
v 3.626602 2.138896 0.451949
v 3.655443 2.163000 -0.395259
v 3.656525 2.162237 -0.395258
v 3.656528 2.162237 0.451929
v 3.655447 2.162999 0.451928
v 3.627681 2.138135 -0.254039
v 3.627681 2.138135 -0.112841
v 3.627682 2.138135 0.028357
v 3.627683 2.138134 0.169555
v 3.627683 2.138134 0.310753
v 3.626599 2.138896 -0.254040
v 3.626600 2.138896 -0.112842
v 3.626601 2.138896 0.028356
v 3.626601 2.138896 0.169554
v 3.626602 2.138896 0.310751
v 3.656525 2.162237 -0.254060
v 3.656526 2.162237 -0.112862
v 3.656527 2.162237 0.028335
v 3.656527 2.162237 0.169533
v 3.656528 2.162237 0.310731
v 3.655444 2.163000 -0.254061
v 3.655444 2.163000 -0.112863
v 3.655445 2.163000 0.028335
v 3.655446 2.163000 0.169533
v 3.655447 2.162999 0.310731
v 3.626605 2.105468 -0.395166
v 3.627687 2.104708 -0.395164
v 3.627691 2.104707 0.452023
v 3.626609 2.105467 0.452021
v 3.655447 2.129520 -0.395224
v 3.656528 2.128759 -0.395222
v 3.656532 2.128759 0.451965
v 3.655450 2.129520 0.451963
v 3.627687 2.104708 -0.253966
v 3.627688 2.104708 -0.112768
v 3.627689 2.104708 0.028430
v 3.627689 2.104708 0.169628
v 3.627690 2.104708 0.310826
v 3.626606 2.105468 -0.253968
v 3.626606 2.105468 -0.112771
v 3.626607 2.105468 0.028427
v 3.626608 2.105467 0.169625
v 3.626609 2.105467 0.310823
v 3.656528 2.128759 -0.254024
v 3.656529 2.128759 -0.112826
v 3.656530 2.128759 0.028371
v 3.656531 2.128759 0.169569
v 3.656531 2.128759 0.310767
v 3.655447 2.129520 -0.254026
v 3.655448 2.129520 -0.112828
v 3.655448 2.129520 0.028370
v 3.655449 2.129520 0.169568
v 3.655450 2.129520 0.310766
v 3.626619 2.072140 -0.395022
v 3.627701 2.071383 -0.395018
v 3.627704 2.071383 0.452169
v 3.626623 2.072140 0.452165
v 3.655455 2.096116 -0.395135
v 3.656536 2.095357 -0.395131
v 3.656540 2.095357 0.452056
v 3.655459 2.096116 0.452053
v 3.627701 2.071383 -0.253820
v 3.627702 2.071383 -0.112622
v 3.627702 2.071383 0.028576
v 3.627703 2.071383 0.169773
v 3.627704 2.071383 0.310971
v 3.626619 2.072140 -0.253825
v 3.626620 2.072140 -0.112627
v 3.626621 2.072140 0.028571
v 3.626621 2.072140 0.169769
v 3.626622 2.072140 0.310967
v 3.656537 2.095357 -0.253934
v 3.656538 2.095357 -0.112736
v 3.656538 2.095357 0.028462
v 3.656539 2.095357 0.169660
v 3.656540 2.095357 0.310858
v 3.655455 2.096116 -0.253937
v 3.655456 2.096116 -0.112739
v 3.655457 2.096116 0.028459
v 3.655457 2.096116 0.169657
v 3.655458 2.096116 0.310855
v 3.626641 2.038948 -0.394781
v 3.627723 2.038195 -0.394774
v 3.627727 2.038195 0.452414
v 3.626645 2.038948 0.452407
v 3.655471 2.062823 -0.394966
v 3.656552 2.062067 -0.394960
v 3.656557 2.062067 0.452227
v 3.655474 2.062822 0.452222
v 3.627724 2.038195 -0.253576
v 3.627725 2.038195 -0.112378
v 3.627725 2.038195 0.028820
v 3.627726 2.038195 0.170018
v 3.627727 2.038195 0.311216
v 3.626642 2.038948 -0.253583
v 3.626642 2.038948 -0.112385
v 3.626643 2.038948 0.028813
v 3.626644 2.038948 0.170011
v 3.626645 2.038948 0.311209
v 3.656553 2.062067 -0.253763
v 3.656554 2.062067 -0.112565
v 3.656554 2.062067 0.028633
v 3.656555 2.062067 0.169831
v 3.656556 2.062067 0.311029
v 3.655471 2.062823 -0.253768
v 3.655472 2.062823 -0.112570
v 3.655472 2.062823 0.028628
v 3.655473 2.062823 0.169826
v 3.655474 2.062823 0.311024
v 3.626676 2.005929 -0.394415
v 3.627758 2.005180 -0.394406
v 3.627762 2.005179 0.452782
v 3.626679 2.005929 0.452772
v 3.655496 2.029676 -0.394692
v 3.656578 2.028924 -0.394684
v 3.656583 2.028924 0.452503
v 3.655500 2.029676 0.452495
v 3.627758 2.005180 -0.253208
v 3.627759 2.005180 -0.112010
v 3.627760 2.005179 0.029188
v 3.627760 2.005179 0.170386
v 3.627761 2.005179 0.311584
v 3.626676 2.005929 -0.253218
v 3.626677 2.005929 -0.112020
v 3.626678 2.005929 0.029178
v 3.626678 2.005929 0.170376
v 3.626679 2.005929 0.311574
v 3.656579 2.028924 -0.253486
v 3.656580 2.028924 -0.112288
v 3.656580 2.028924 0.028910
v 3.656581 2.028924 0.170107
v 3.656582 2.028924 0.311305
v 3.655497 2.029676 -0.253494
v 3.655498 2.029676 -0.112296
v 3.655498 2.029676 0.028902
v 3.655499 2.029676 0.170100
v 3.655499 2.029676 0.311297
v 3.626724 1.973116 -0.393902
v 3.627806 1.972373 -0.393888
v 3.627810 1.972372 0.453299
v 3.626728 1.973116 0.453285
v 3.655534 1.996711 -0.394288
v 3.656616 1.995964 -0.394277
v 3.656621 1.995963 0.452911
v 3.655538 1.996710 0.452900
v 3.627807 1.972372 -0.252690
v 3.627808 1.972372 -0.111492
v 3.627808 1.972372 0.029705
v 3.627809 1.972372 0.170903
v 3.627810 1.972372 0.312101
v 3.626724 1.973116 -0.252704
v 3.626725 1.973116 -0.111506
v 3.626726 1.973116 0.029692
v 3.626726 1.973116 0.170890
v 3.626727 1.973116 0.312087
v 3.656617 1.995963 -0.253079
v 3.656618 1.995963 -0.111881
v 3.656619 1.995963 0.029317
v 3.656619 1.995963 0.170515
v 3.656620 1.995963 0.311713
v 3.655535 1.996711 -0.253090
v 3.655535 1.996711 -0.111892
v 3.655536 1.996711 0.029306
v 3.655537 1.996711 0.170504
v 3.655537 1.996711 0.311702
v 3.626788 1.940546 -0.393215
v 3.627871 1.939808 -0.393197
v 3.627875 1.939807 0.453990
v 3.626792 1.940545 0.453973
v 3.655586 1.963963 -0.393728
v 3.656669 1.963221 -0.393713
v 3.656673 1.963220 0.453474
v 3.655591 1.963962 0.453459
v 3.627872 1.939807 -0.251999
v 3.627872 1.939807 -0.110801
v 3.627873 1.939807 0.030397
v 3.627874 1.939807 0.171595
v 3.627874 1.939807 0.312793
v 3.626789 1.940545 -0.252017
v 3.626790 1.940545 -0.110819
v 3.626790 1.940545 0.030379
v 3.626791 1.940545 0.171577
v 3.626791 1.940545 0.312775
v 3.656670 1.963220 -0.252515
v 3.656671 1.963221 -0.111317
v 3.656671 1.963220 0.029881
v 3.656672 1.963220 0.171079
v 3.656673 1.963220 0.312276
v 3.655587 1.963963 -0.252530
v 3.655588 1.963963 -0.111332
v 3.655589 1.963963 0.029866
v 3.655589 1.963963 0.171064
v 3.655590 1.963963 0.312261
v 3.626868 1.908202 -0.392365
v 3.627951 1.907468 -0.392344
v 3.627955 1.907467 0.454844
v 3.626872 1.908201 0.454823
v 3.655656 1.931463 -0.392991
v 3.656739 1.930726 -0.392971
v 3.656743 1.930725 0.454216
v 3.655660 1.931462 0.454197
v 3.627952 1.907468 -0.251146
v 3.627952 1.907468 -0.109948
v 3.627953 1.907467 0.031250
v 3.627954 1.907468 0.172448
v 3.627954 1.907468 0.313646
v 3.626868 1.908202 -0.251167
v 3.626869 1.908202 -0.109969
v 3.626870 1.908202 0.031229
v 3.626870 1.908202 0.172427
v 3.626871 1.908201 0.313625
v 3.656740 1.930726 -0.251773
v 3.656740 1.930726 -0.110576
v 3.656741 1.930725 0.030622
v 3.656741 1.930725 0.171820
v 3.656742 1.930725 0.313018
v 3.655656 1.931462 -0.251793
v 3.655657 1.931462 -0.110595
v 3.655658 1.931462 0.030603
v 3.655658 1.931462 0.171801
v 3.655659 1.931462 0.312999
v 3.626956 1.875987 -0.391422
v 3.628039 1.875255 -0.391400
v 3.628043 1.875254 0.455787
v 3.626960 1.875986 0.455765
v 3.655739 1.899166 -0.392107
v 3.656822 1.898432 -0.392085
v 3.656826 1.898432 0.455102
v 3.655742 1.899165 0.455081
v 3.628040 1.875255 -0.250202
v 3.628041 1.875255 -0.109004
v 3.628042 1.875255 0.032194
v 3.628042 1.875254 0.173391
v 3.628043 1.875255 0.314589
v 3.626957 1.875987 -0.250224
v 3.626957 1.875987 -0.109026
v 3.626958 1.875987 0.032172
v 3.626959 1.875987 0.173369
v 3.626959 1.875987 0.314567
v 3.656822 1.898432 -0.250887
v 3.656823 1.898432 -0.109689
v 3.656824 1.898432 0.031508
v 3.656825 1.898432 0.172706
v 3.656826 1.898432 0.313904
v 3.655739 1.899165 -0.250909
v 3.655740 1.899165 -0.109711
v 3.655740 1.899165 0.031487
v 3.655741 1.899165 0.172685
v 3.655742 1.899165 0.313883
v 3.627046 1.843795 -0.390463
v 3.628129 1.843062 -0.390442
v 3.628133 1.843061 0.456746
v 3.627050 1.843794 0.456724
v 3.655828 1.866968 -0.391152
v 3.656912 1.866236 -0.391129
v 3.656915 1.866235 0.456058
v 3.655832 1.866967 0.456035
v 3.628130 1.843062 -0.249244
v 3.628130 1.843062 -0.108046
v 3.628131 1.843062 0.033152
v 3.628132 1.843061 0.174350
v 3.628133 1.843062 0.315548
v 3.627046 1.843795 -0.249265
v 3.627047 1.843795 -0.108067
v 3.627048 1.843795 0.033130
v 3.627048 1.843795 0.174328
v 3.627049 1.843795 0.315526
v 3.656912 1.866235 -0.249932
v 3.656913 1.866235 -0.108734
v 3.656913 1.866235 0.032464
v 3.656914 1.866235 0.173662
v 3.656915 1.866235 0.314860
v 3.655828 1.866968 -0.249954
v 3.655829 1.866968 -0.108756
v 3.655830 1.866968 0.032442
v 3.655831 1.866968 0.173640
v 3.655831 1.866968 0.314838
v 3.627130 1.811520 -0.389564
v 3.628213 1.810784 -0.389545
v 3.628217 1.810783 0.457643
v 3.627134 1.811519 0.457623
v 3.655917 1.834763 -0.390202
v 3.657000 1.834030 -0.390181
v 3.657005 1.834029 0.457007
v 3.655921 1.834763 0.456985
v 3.628214 1.810783 -0.248347
v 3.628215 1.810783 -0.107149
v 3.628215 1.810783 0.034049
v 3.628216 1.810783 0.175247
v 3.628217 1.810783 0.316445
v 3.627131 1.811520 -0.248366
v 3.627131 1.811520 -0.107168
v 3.627132 1.811520 0.034030
v 3.627133 1.811519 0.175228
v 3.627133 1.811520 0.316425
v 3.657001 1.834029 -0.248983
v 3.657001 1.834029 -0.107785
v 3.657002 1.834029 0.033413
v 3.657003 1.834029 0.174611
v 3.657004 1.834029 0.315809
v 3.655918 1.834763 -0.249004
v 3.655918 1.834763 -0.107806
v 3.655919 1.834763 0.033392
v 3.655920 1.834763 0.174590
v 3.655920 1.834763 0.315787
v 3.627202 1.779055 -0.388801
v 3.628284 1.778314 -0.388785
v 3.628288 1.778313 0.458402
v 3.627205 1.779055 0.458387
v 3.655998 1.802446 -0.389333
v 3.657081 1.801708 -0.389315
v 3.657086 1.801708 0.457873
v 3.656002 1.802445 0.457854
v 3.628285 1.778313 -0.247588
v 3.628286 1.778313 -0.106390
v 3.628286 1.778313 0.034808
v 3.628287 1.778313 0.176006
v 3.628288 1.778313 0.317204
v 3.627202 1.779055 -0.247603
v 3.627203 1.779055 -0.106405
v 3.627204 1.779055 0.034793
v 3.627204 1.779055 0.175991
v 3.627205 1.779055 0.317189
v 3.657082 1.801708 -0.248117
v 3.657083 1.801708 -0.106919
v 3.657084 1.801708 0.034279
v 3.657084 1.801708 0.175477
v 3.657085 1.801708 0.316675
v 3.655999 1.802445 -0.248135
v 3.656000 1.802445 -0.106938
v 3.656000 1.802445 0.034260
v 3.656001 1.802445 0.175458
v 3.656002 1.802445 0.316656
v 3.627253 1.746295 -0.388249
v 3.628335 1.745545 -0.388240
v 3.628340 1.745545 0.458948
v 3.627257 1.746294 0.458938
v 3.656065 1.769909 -0.388622
v 3.657148 1.769165 -0.388608
v 3.657152 1.769165 0.458580
v 3.656069 1.769908 0.458566
v 3.628336 1.745545 -0.247042
v 3.628337 1.745545 -0.105844
v 3.628337 1.745545 0.035354
v 3.628338 1.745545 0.176552
v 3.628339 1.745545 0.317750
v 3.627254 1.746295 -0.247052
v 3.627255 1.746294 -0.105854
v 3.627255 1.746294 0.035344
v 3.627256 1.746294 0.176542
v 3.627256 1.746294 0.317740
v 3.657148 1.769165 -0.247410
v 3.657149 1.769165 -0.106212
v 3.657150 1.769165 0.034986
v 3.657150 1.769165 0.176184
v 3.657151 1.769165 0.317382
v 3.656066 1.769909 -0.247424
v 3.656066 1.769909 -0.106226
v 3.656067 1.769909 0.034972
v 3.656068 1.769908 0.176170
v 3.656068 1.769909 0.317368
v 3.627278 1.713133 -0.387986
v 3.628359 1.712373 -0.387984
v 3.628363 1.712372 0.459203
v 3.627282 1.713133 0.459201
v 3.656110 1.737047 -0.388144
v 3.657192 1.736294 -0.388136
v 3.657196 1.736294 0.459052
v 3.656114 1.737046 0.459044
v 3.628360 1.712373 -0.246786
v 3.628361 1.712373 -0.105589
v 3.628361 1.712373 0.035609
v 3.628362 1.712373 0.176807
v 3.628363 1.712373 0.318005
v 3.627279 1.713133 -0.246789
v 3.627279 1.713133 -0.105591
v 3.627280 1.713133 0.035607
v 3.627281 1.713133 0.176805
v 3.627281 1.713133 0.318003
v 3.657193 1.736294 -0.246938
v 3.657193 1.736294 -0.105740
v 3.657194 1.736294 0.035458
v 3.657195 1.736294 0.176656
v 3.657195 1.736294 0.317854
v 3.656111 1.737046 -0.246946
v 3.656111 1.737046 -0.105748
v 3.656112 1.737046 0.035450
v 3.656113 1.737046 0.176648
v 3.656113 1.737046 0.317846
v 3.627270 1.679480 -0.388081
v 3.628351 1.678708 -0.388087
v 3.628355 1.678707 0.459100
v 3.627274 1.679479 0.459107
v 3.656126 1.703753 -0.387975
v 3.657207 1.702990 -0.387975
v 3.657211 1.702989 0.459212
v 3.656130 1.703753 0.459212
v 3.628351 1.678708 -0.246889
v 3.628352 1.678708 -0.105691
v 3.628353 1.678708 0.035506
v 3.628354 1.678708 0.176704
v 3.628354 1.678708 0.317902
v 3.627270 1.679479 -0.246883
v 3.627271 1.679479 -0.105685
v 3.627272 1.679479 0.035513
v 3.627273 1.679479 0.176711
v 3.627273 1.679479 0.317909
v 3.657208 1.702990 -0.246777
v 3.657208 1.702990 -0.105579
v 3.657209 1.702990 0.035619
v 3.657210 1.702990 0.176816
v 3.657210 1.702990 0.318014
v 3.656126 1.703753 -0.246777
v 3.656127 1.703753 -0.105579
v 3.656127 1.703753 0.035619
v 3.656128 1.703753 0.176817
v 3.656129 1.703753 0.318014
v 3.627236 1.645385 -0.388540
v 3.628317 1.644605 -0.388555
v 3.628321 1.644604 0.458633
v 3.627241 1.645384 0.458647
v 3.656109 1.669964 -0.388174
v 3.657190 1.669190 -0.388182
v 3.657194 1.669189 0.459005
v 3.656113 1.669963 0.459014
v 3.628318 1.644605 -0.247357
v 3.628318 1.644604 -0.106159
v 3.628319 1.644604 0.035039
v 3.628320 1.644604 0.176237
v 3.628320 1.644604 0.317435
v 3.627237 1.645385 -0.247343
v 3.627238 1.645385 -0.106145
v 3.627239 1.645385 0.035053
v 3.627239 1.645384 0.176251
v 3.627240 1.645385 0.317449
v 3.657191 1.669190 -0.246984
v 3.657191 1.669190 -0.105786
v 3.657192 1.669190 0.035412
v 3.657193 1.669190 0.176610
v 3.657193 1.669189 0.317807
v 3.656110 1.669964 -0.246976
v 3.656111 1.669964 -0.105778
v 3.656111 1.669964 0.035420
v 3.656112 1.669964 0.176618
v 3.656113 1.669963 0.317816
v 3.627192 1.610972 -0.389342
v 3.628272 1.610186 -0.389364
v 3.628276 1.610185 0.457823
v 3.627196 1.610971 0.457845
v 3.656071 1.635766 -0.388729
v 3.657152 1.634984 -0.388746
v 3.657156 1.634984 0.458442
v 3.656075 1.635765 0.458458
v 3.628273 1.610185 -0.248166
v 3.628273 1.610185 -0.106968
v 3.628274 1.610185 0.034230
v 3.628275 1.610186 0.175428
v 3.628275 1.610185 0.316625
v 3.627193 1.610971 -0.248144
v 3.627193 1.610971 -0.106946
v 3.627194 1.610971 0.034251
v 3.627194 1.610971 0.175449
v 3.627195 1.610971 0.316647
v 3.657152 1.634984 -0.247548
v 3.657153 1.634984 -0.106350
v 3.657154 1.634984 0.034848
v 3.657155 1.634984 0.176046
v 3.657155 1.634984 0.317244
v 3.656072 1.635766 -0.247532
v 3.656073 1.635766 -0.106334
v 3.656073 1.635766 0.034864
v 3.656074 1.635765 0.176062
v 3.656075 1.635765 0.317260
v 3.627150 1.576363 -0.390462
v 3.628230 1.575574 -0.390491
v 3.628235 1.575573 0.456696
v 3.627154 1.576362 0.456725
v 3.656026 1.601282 -0.389617
v 3.657106 1.600495 -0.389640
v 3.657110 1.600494 0.457547
v 3.656030 1.601281 0.457570
v 3.628231 1.575573 -0.249293
v 3.628232 1.575573 -0.108095
v 3.628232 1.575573 0.033103
v 3.628233 1.575573 0.174301
v 3.628234 1.575573 0.315499
v 3.627151 1.576362 -0.249265
v 3.627151 1.576363 -0.108067
v 3.627152 1.576362 0.033131
v 3.627153 1.576362 0.174329
v 3.627153 1.576362 0.315527
v 3.657107 1.600494 -0.248442
v 3.657108 1.600494 -0.107245
v 3.657108 1.600494 0.033953
v 3.657109 1.600494 0.175151
v 3.657110 1.600494 0.316349
v 3.656026 1.601281 -0.248419
v 3.656027 1.601282 -0.107221
v 3.656028 1.601281 0.033977
v 3.656029 1.601281 0.175175
v 3.656029 1.601281 0.316372
v 3.627125 1.541682 -0.391878
v 3.628206 1.540892 -0.391912
v 3.628210 1.540891 0.455275
v 3.627129 1.541681 0.455309
v 3.655987 1.566633 -0.390811
v 3.657068 1.565843 -0.390841
v 3.657072 1.565843 0.456346
v 3.655991 1.566632 0.456376
v 3.628206 1.540892 -0.250714
v 3.628207 1.540892 -0.109516
v 3.628208 1.540892 0.031682
v 3.628209 1.540892 0.172880
v 3.628209 1.540892 0.314077
v 3.627126 1.541682 -0.250680
v 3.627126 1.541682 -0.109482
v 3.627127 1.541681 0.031716
v 3.627127 1.541681 0.172914
v 3.627128 1.541681 0.314112
v 3.657069 1.565843 -0.249643
v 3.657069 1.565843 -0.108445
v 3.657070 1.565843 0.032753
v 3.657071 1.565843 0.173951
v 3.657072 1.565843 0.315149
v 3.655988 1.566633 -0.249613
v 3.655989 1.566632 -0.108416
v 3.655989 1.566633 0.032782
v 3.655990 1.566633 0.173980
v 3.655991 1.566632 0.315178
v 3.627131 1.507052 -0.393564
v 3.628212 1.506264 -0.393603
v 3.628216 1.506263 0.453584
v 3.627135 1.507051 0.453623
v 3.655970 1.531942 -0.392287
v 3.657051 1.531152 -0.392322
v 3.657055 1.531151 0.454866
v 3.655973 1.531941 0.454901
v 3.628213 1.506264 -0.252406
v 3.628214 1.506264 -0.111208
v 3.628215 1.506264 0.029990
v 3.628215 1.506264 0.171188
v 3.628216 1.506263 0.312386
v 3.627131 1.507052 -0.252366
v 3.627132 1.507052 -0.111169
v 3.627132 1.507052 0.030029
v 3.627133 1.507052 0.171227
v 3.627134 1.507051 0.312425
v 3.657051 1.531152 -0.251124
v 3.657052 1.531152 -0.109926
v 3.657053 1.531152 0.031272
v 3.657053 1.531151 0.172470
v 3.657054 1.531152 0.313668
v 3.655970 1.531941 -0.251089
v 3.655971 1.531941 -0.109891
v 3.655971 1.531942 0.031307
v 3.655972 1.531941 0.172505
v 3.655973 1.531941 0.313703
v 3.627181 1.472596 -0.395499
v 3.628264 1.471813 -0.395542
v 3.628268 1.471812 0.451646
v 3.627185 1.472596 0.451689
v 3.655986 1.497330 -0.394018
v 3.657069 1.496543 -0.394057
v 3.657073 1.496543 0.453130
v 3.655990 1.497330 0.453170
v 3.628265 1.471813 -0.254344
v 3.628266 1.471813 -0.113146
v 3.628266 1.471813 0.028052
v 3.628267 1.471813 0.169250
v 3.628268 1.471813 0.310447
v 3.627182 1.472597 -0.254301
v 3.627182 1.472596 -0.113103
v 3.627183 1.472596 0.028095
v 3.627184 1.472596 0.169293
v 3.627185 1.472596 0.310491
v 3.657069 1.496543 -0.252859
v 3.657070 1.496543 -0.111662
v 3.657071 1.496542 0.029536
v 3.657071 1.496542 0.170734
v 3.657072 1.496542 0.311932
v 3.655987 1.497330 -0.252820
v 3.655988 1.497330 -0.111622
v 3.655988 1.497330 0.029576
v 3.655989 1.497330 0.170774
v 3.655989 1.497330 0.311972
v 3.627291 1.438438 -0.397657
v 3.628376 1.437662 -0.397703
v 3.628379 1.437661 0.449484
v 3.627295 1.438438 0.449530
v 3.656052 1.462920 -0.395980
v 3.657136 1.462138 -0.396022
v 3.657140 1.462137 0.451165
v 3.656056 1.462920 0.451208
v 3.628376 1.437662 -0.256505
v 3.628377 1.437662 -0.115307
v 3.628377 1.437661 0.025890
v 3.628378 1.437662 0.167088
v 3.628379 1.437662 0.308286
v 3.627291 1.438438 -0.256459
v 3.627292 1.438438 -0.115261
v 3.627293 1.438438 0.025937
v 3.627293 1.438438 0.167135
v 3.627294 1.438438 0.308332
v 3.657136 1.462138 -0.254825
v 3.657137 1.462138 -0.113627
v 3.657138 1.462138 0.027571
v 3.657138 1.462138 0.168769
v 3.657139 1.462138 0.309967
v 3.656053 1.462920 -0.254782
v 3.656053 1.462920 -0.113584
v 3.656054 1.462920 0.027614
v 3.656055 1.462920 0.168812
v 3.656055 1.462920 0.310010
v 3.627463 1.404641 -0.399985
v 3.628549 1.403872 -0.400032
v 3.628552 1.403871 0.447156
v 3.627467 1.404641 0.447202
v 3.656180 1.428831 -0.398144
v 3.657265 1.428055 -0.398190
v 3.657269 1.428055 0.448998
v 3.656184 1.428830 0.449043
v 3.628549 1.403871 -0.258834
v 3.628550 1.403871 -0.117636
v 3.628551 1.403871 0.023562
v 3.628551 1.403871 0.164760
v 3.628552 1.403871 0.305958
v 3.627464 1.404642 -0.258787
v 3.627464 1.404641 -0.117589
v 3.627465 1.404641 0.023609
v 3.627465 1.404641 0.164806
v 3.627466 1.404641 0.306004
v 3.657266 1.428055 -0.256992
v 3.657267 1.428056 -0.115794
v 3.657267 1.428055 0.025404
v 3.657268 1.428055 0.166602
v 3.657269 1.428055 0.307800
v 3.656181 1.428830 -0.256947
v 3.656181 1.428831 -0.115749
v 3.656182 1.428830 0.025449
v 3.656183 1.428831 0.166647
v 3.656183 1.428830 0.307845
v 3.598804 2.641784 -1.346172
v 3.599885 2.641022 -1.346172
v 3.599889 2.641021 -0.498985
v 3.598808 2.641784 -0.498985
v 3.627650 2.665917 -1.346173
v 3.628732 2.665154 -1.346172
v 3.628736 2.665154 -0.498985
v 3.627654 2.665916 -0.498985
v 3.599886 2.641021 -1.204974
v 3.599886 2.641021 -1.063777
v 3.599887 2.641021 -0.922579
v 3.599888 2.641021 -0.781381
v 3.599888 2.641021 -0.640183
v 3.598804 2.641784 -1.204974
v 3.598805 2.641784 -1.063777
v 3.598806 2.641784 -0.922579
v 3.598806 2.641784 -0.781381
v 3.598807 2.641784 -0.640183
v 3.628733 2.665154 -1.204974
v 3.628733 2.665154 -1.063776
v 3.628734 2.665154 -0.922579
v 3.628734 2.665154 -0.781381
v 3.628735 2.665154 -0.640183
v 3.627651 2.665917 -1.204975
v 3.627652 2.665917 -1.063777
v 3.627652 2.665917 -0.922579
v 3.627653 2.665917 -0.781381
v 3.627654 2.665916 -0.640183
v 3.598804 2.608256 -1.346172
v 3.599885 2.607493 -1.346172
v 3.599889 2.607492 -0.498985
v 3.598808 2.608255 -0.498985
v 3.627650 2.632389 -1.346173
v 3.628732 2.631626 -1.346172
v 3.628736 2.631625 -0.498985
v 3.627654 2.632388 -0.498985
v 3.599886 2.607493 -1.204974
v 3.599886 2.607493 -1.063777
v 3.599887 2.607493 -0.922579
v 3.599888 2.607493 -0.781381
v 3.599888 2.607493 -0.640183
v 3.598804 2.608256 -1.204974
v 3.598805 2.608256 -1.063777
v 3.598806 2.608256 -0.922579
v 3.598806 2.608256 -0.781381
v 3.598807 2.608256 -0.640183
v 3.628733 2.631625 -1.204974
v 3.628733 2.631625 -1.063776
v 3.628734 2.631625 -0.922579
v 3.628734 2.631625 -0.781381
v 3.628735 2.631625 -0.640183
v 3.627651 2.632388 -1.204975
v 3.627652 2.632388 -1.063777
v 3.627652 2.632388 -0.922579
v 3.627653 2.632388 -0.781381
v 3.627654 2.632388 -0.640183
v 3.598804 2.574728 -1.346172
v 3.599885 2.573965 -1.346172
v 3.599889 2.573964 -0.498985
v 3.598808 2.574727 -0.498985
v 3.627650 2.598860 -1.346173
v 3.628732 2.598097 -1.346172
v 3.628736 2.598097 -0.498985
v 3.627654 2.598860 -0.498985
v 3.599886 2.573965 -1.204974
v 3.599886 2.573965 -1.063777
v 3.599887 2.573965 -0.922579
v 3.599888 2.573965 -0.781381
v 3.599888 2.573964 -0.640183
v 3.598804 2.574728 -1.204974
v 3.598805 2.574728 -1.063777
v 3.598806 2.574728 -0.922579
v 3.598806 2.574728 -0.781381
v 3.598807 2.574727 -0.640183
v 3.628733 2.598097 -1.204974
v 3.628733 2.598097 -1.063776
v 3.628734 2.598097 -0.922579
v 3.628734 2.598097 -0.781381
v 3.628735 2.598097 -0.640183
v 3.627651 2.598860 -1.204975
v 3.627652 2.598860 -1.063777
v 3.627652 2.598860 -0.922579
v 3.627653 2.598860 -0.781381
v 3.627654 2.598860 -0.640183
v 3.598804 2.541199 -1.346172
v 3.599885 2.540437 -1.346172
v 3.599889 2.540436 -0.498985
v 3.598808 2.541199 -0.498985
v 3.627650 2.565332 -1.346173
v 3.628732 2.564569 -1.346172
v 3.628736 2.564568 -0.498985
v 3.627654 2.565331 -0.498985
v 3.599886 2.540436 -1.204975
v 3.599886 2.540436 -1.063777
v 3.599887 2.540436 -0.922579
v 3.599888 2.540436 -0.781381
v 3.599888 2.540436 -0.640183
v 3.598804 2.541199 -1.204975
v 3.598805 2.541199 -1.063777
v 3.598806 2.541199 -0.922579
v 3.598806 2.541199 -0.781381
v 3.598807 2.541199 -0.640183
v 3.628733 2.564569 -1.204974
v 3.628733 2.564569 -1.063776
v 3.628734 2.564569 -0.922579
v 3.628734 2.564569 -0.781381
v 3.628735 2.564568 -0.640183
v 3.627651 2.565332 -1.204975
v 3.627652 2.565332 -1.063777
v 3.627652 2.565332 -0.922579
v 3.627653 2.565332 -0.781381
v 3.627654 2.565331 -0.640183
v 3.598804 2.507671 -1.346172
v 3.599885 2.506908 -1.346172
v 3.599889 2.506907 -0.498985
v 3.598808 2.507670 -0.498985
v 3.627650 2.531803 -1.346173
v 3.628732 2.531040 -1.346172
v 3.628736 2.531040 -0.498985
v 3.627654 2.531803 -0.498985
v 3.599886 2.506908 -1.204975
v 3.599886 2.506908 -1.063777
v 3.599887 2.506908 -0.922579
v 3.599888 2.506908 -0.781381
v 3.599888 2.506907 -0.640183
v 3.598804 2.507671 -1.204975
v 3.598805 2.507671 -1.063777
v 3.598806 2.507671 -0.922579
v 3.598806 2.507671 -0.781381
v 3.598807 2.507670 -0.640183
v 3.628733 2.531040 -1.204974
v 3.628733 2.531040 -1.063777
v 3.628734 2.531040 -0.922579
v 3.628734 2.531040 -0.781381
v 3.628735 2.531040 -0.640183
v 3.627651 2.531803 -1.204975
v 3.627652 2.531803 -1.063777
v 3.627652 2.531803 -0.922579
v 3.627653 2.531803 -0.781381
v 3.627654 2.531803 -0.640183
v 3.598804 2.474143 -1.346172
v 3.599885 2.473380 -1.346172
v 3.599889 2.473379 -0.498985
v 3.598808 2.474142 -0.498985
v 3.627650 2.498275 -1.346173
v 3.628732 2.497512 -1.346172
v 3.628736 2.497511 -0.498985
v 3.627654 2.498274 -0.498985
v 3.599886 2.473380 -1.204975
v 3.599886 2.473380 -1.063777
v 3.599887 2.473379 -0.922579
v 3.599888 2.473379 -0.781381
v 3.599888 2.473379 -0.640183
v 3.598804 2.474143 -1.204975
v 3.598805 2.474143 -1.063777
v 3.598806 2.474142 -0.922579
v 3.598806 2.474142 -0.781381
v 3.598807 2.474142 -0.640183
v 3.628733 2.497512 -1.204974
v 3.628733 2.497512 -1.063777
v 3.628734 2.497512 -0.922579
v 3.628734 2.497512 -0.781381
v 3.628735 2.497511 -0.640183
v 3.627651 2.498275 -1.204975
v 3.627652 2.498275 -1.063777
v 3.627652 2.498275 -0.922579
v 3.627653 2.498275 -0.781381
v 3.627654 2.498274 -0.640183
v 3.598804 2.440614 -1.346172
v 3.599885 2.439851 -1.346172
v 3.599889 2.439851 -0.498985
v 3.598808 2.440614 -0.498985
v 3.627650 2.464747 -1.346173
v 3.628732 2.463984 -1.346172
v 3.628736 2.463983 -0.498985
v 3.627654 2.464746 -0.498985
v 3.599886 2.439851 -1.204975
v 3.599886 2.439851 -1.063777
v 3.599887 2.439851 -0.922579
v 3.599888 2.439851 -0.781381
v 3.599888 2.439851 -0.640183
v 3.598804 2.440614 -1.204975
v 3.598805 2.440614 -1.063777
v 3.598806 2.440614 -0.922579
v 3.598806 2.440614 -0.781381
v 3.598807 2.440614 -0.640183
v 3.628733 2.463984 -1.204974
v 3.628733 2.463984 -1.063777
v 3.628734 2.463984 -0.922579
v 3.628734 2.463983 -0.781381
v 3.628735 2.463983 -0.640183
v 3.627651 2.464746 -1.204975
v 3.627652 2.464746 -1.063777
v 3.627652 2.464746 -0.922579
v 3.627653 2.464746 -0.781381
v 3.627654 2.464746 -0.640183
v 3.598804 2.407086 -1.346172
v 3.599885 2.406323 -1.346172
v 3.599889 2.406322 -0.498985
v 3.598808 2.407085 -0.498985
v 3.627650 2.431218 -1.346173
v 3.628732 2.430455 -1.346172
v 3.628736 2.430455 -0.498985
v 3.627654 2.431218 -0.498985
v 3.599886 2.406323 -1.204975
v 3.599886 2.406323 -1.063777
v 3.599887 2.406323 -0.922579
v 3.599888 2.406323 -0.781381
v 3.599888 2.406322 -0.640183
v 3.598804 2.407086 -1.204975
v 3.598805 2.407086 -1.063777
v 3.598806 2.407086 -0.922579
v 3.598806 2.407086 -0.781381
v 3.598807 2.407085 -0.640183
v 3.628733 2.430455 -1.204974
v 3.628733 2.430455 -1.063777
v 3.628734 2.430455 -0.922579
v 3.628734 2.430455 -0.781381
v 3.628735 2.430455 -0.640183
v 3.627651 2.431218 -1.204975
v 3.627652 2.431218 -1.063777
v 3.627652 2.431218 -0.922579
v 3.627653 2.431218 -0.781381
v 3.627654 2.431218 -0.640183
v 3.598804 2.373557 -1.346172
v 3.599885 2.372795 -1.346172
v 3.599889 2.372794 -0.498985
v 3.598808 2.373557 -0.498985
v 3.627650 2.397690 -1.346173
v 3.628732 2.396927 -1.346172
v 3.628736 2.396926 -0.498985
v 3.627654 2.397689 -0.498985
v 3.599886 2.372794 -1.204975
v 3.599886 2.372794 -1.063777
v 3.599887 2.372794 -0.922579
v 3.599888 2.372794 -0.781381
v 3.599888 2.372794 -0.640183
v 3.598804 2.373557 -1.204975
v 3.598805 2.373557 -1.063777
v 3.598806 2.373557 -0.922579
v 3.598806 2.373557 -0.781381
v 3.598807 2.373557 -0.640183
v 3.628733 2.396927 -1.204974
v 3.628733 2.396927 -1.063777
v 3.628734 2.396927 -0.922579
v 3.628734 2.396927 -0.781381
v 3.628735 2.396926 -0.640183
v 3.627651 2.397690 -1.204975
v 3.627652 2.397690 -1.063777
v 3.627652 2.397690 -0.922579
v 3.627653 2.397690 -0.781381
v 3.627654 2.397689 -0.640183
v 3.598804 2.340029 -1.346172
v 3.599885 2.339266 -1.346172
v 3.599889 2.339266 -0.498985
v 3.598808 2.340029 -0.498985
v 3.627650 2.364161 -1.346173
v 3.628732 2.363399 -1.346172
v 3.628736 2.363398 -0.498985
v 3.627654 2.364161 -0.498985
v 3.599886 2.339266 -1.204975
v 3.599886 2.339266 -1.063777
v 3.599887 2.339266 -0.922579
v 3.599888 2.339266 -0.781381
v 3.599888 2.339266 -0.640183
v 3.598804 2.340029 -1.204975
v 3.598805 2.340029 -1.063777
v 3.598806 2.340029 -0.922579
v 3.598806 2.340029 -0.781381
v 3.598807 2.340029 -0.640183
v 3.628733 2.363399 -1.204974
v 3.628733 2.363399 -1.063777
v 3.628734 2.363398 -0.922579
v 3.628734 2.363398 -0.781381
v 3.628735 2.363398 -0.640183
v 3.627651 2.364161 -1.204975
v 3.627652 2.364161 -1.063777
v 3.627652 2.364161 -0.922579
v 3.627653 2.364161 -0.781381
v 3.627654 2.364161 -0.640183
v 3.598804 2.306501 -1.346172
v 3.599885 2.305738 -1.346172
v 3.599889 2.305737 -0.498985
v 3.598808 2.306500 -0.498985
v 3.627650 2.330633 -1.346173
v 3.628732 2.329870 -1.346172
v 3.628736 2.329870 -0.498985
v 3.627654 2.330632 -0.498985
v 3.599886 2.305738 -1.204975
v 3.599886 2.305737 -1.063777
v 3.599887 2.305737 -0.922579
v 3.599888 2.305737 -0.781381
v 3.599888 2.305737 -0.640183
v 3.598804 2.306501 -1.204975
v 3.598805 2.306500 -1.063777
v 3.598806 2.306500 -0.922579
v 3.598806 2.306500 -0.781381
v 3.598807 2.306500 -0.640183
v 3.628733 2.329870 -1.204974
v 3.628733 2.329870 -1.063777
v 3.628734 2.329870 -0.922579
v 3.628734 2.329870 -0.781381
v 3.628735 2.329870 -0.640183
v 3.627651 2.330633 -1.204975
v 3.627652 2.330633 -1.063777
v 3.627652 2.330633 -0.922579
v 3.627653 2.330633 -0.781381
v 3.627654 2.330632 -0.640183
v 3.598804 2.272972 -1.346172
v 3.599885 2.272209 -1.346172
v 3.599889 2.272209 -0.498985
v 3.598808 2.272972 -0.498985
v 3.627650 2.297105 -1.346173
v 3.628732 2.296342 -1.346172
v 3.628736 2.296341 -0.498985
v 3.627654 2.297104 -0.498985
v 3.599886 2.272209 -1.204975
v 3.599886 2.272209 -1.063777
v 3.599887 2.272209 -0.922579
v 3.599888 2.272209 -0.781381
v 3.599888 2.272209 -0.640183
v 3.598804 2.272972 -1.204975
v 3.598805 2.272972 -1.063777
v 3.598806 2.272972 -0.922579
v 3.598806 2.272972 -0.781381
v 3.598807 2.272972 -0.640183
v 3.628733 2.296342 -1.204974
v 3.628733 2.296342 -1.063777
v 3.628734 2.296342 -0.922579
v 3.628734 2.296341 -0.781381
v 3.628735 2.296341 -0.640183
v 3.627651 2.297105 -1.204975
v 3.627652 2.297105 -1.063777
v 3.627652 2.297105 -0.922579
v 3.627653 2.297104 -0.781381
v 3.627654 2.297104 -0.640183
v 3.598804 2.239444 -1.346172
v 3.599885 2.238681 -1.346172
v 3.599889 2.238680 -0.498985
v 3.598808 2.239443 -0.498985
v 3.627650 2.263576 -1.346173
v 3.628732 2.262813 -1.346172
v 3.628736 2.262813 -0.498985
v 3.627654 2.263576 -0.498985
v 3.599886 2.238681 -1.204975
v 3.599886 2.238681 -1.063777
v 3.599887 2.238681 -0.922579
v 3.599888 2.238681 -0.781381
v 3.599888 2.238680 -0.640183
v 3.598804 2.239444 -1.204975
v 3.598805 2.239444 -1.063777
v 3.598806 2.239444 -0.922579
v 3.598806 2.239444 -0.781381
v 3.598807 2.239443 -0.640183
v 3.628733 2.262813 -1.204974
v 3.628733 2.262813 -1.063777
v 3.628734 2.262813 -0.922579
v 3.628734 2.262813 -0.781381
v 3.628735 2.262813 -0.640183
v 3.627651 2.263576 -1.204975
v 3.627652 2.263576 -1.063777
v 3.627652 2.263576 -0.922579
v 3.627653 2.263576 -0.781381
v 3.627654 2.263576 -0.640183
v 3.598804 2.205915 -1.346172
v 3.599885 2.205153 -1.346172
v 3.599889 2.205152 -0.498985
v 3.598808 2.205915 -0.498985
v 3.627650 2.230048 -1.346173
v 3.628732 2.229285 -1.346172
v 3.628736 2.229284 -0.498985
v 3.627654 2.230047 -0.498985
v 3.599886 2.205153 -1.204975
v 3.599886 2.205153 -1.063777
v 3.599887 2.205152 -0.922579
v 3.599888 2.205152 -0.781381
v 3.599888 2.205152 -0.640183
v 3.598804 2.205915 -1.204975
v 3.598805 2.205915 -1.063777
v 3.598806 2.205915 -0.922579
v 3.598806 2.205915 -0.781381
v 3.598807 2.205915 -0.640183
v 3.628733 2.229285 -1.204974
v 3.628733 2.229285 -1.063777
v 3.628734 2.229285 -0.922579
v 3.628734 2.229285 -0.781381
v 3.628735 2.229284 -0.640183
v 3.627651 2.230048 -1.204975
v 3.627652 2.230048 -1.063777
v 3.627652 2.230048 -0.922579
v 3.627653 2.230048 -0.781381
v 3.627654 2.230047 -0.640183
v 3.598804 2.172391 -1.346170
v 3.599885 2.171628 -1.346170
v 3.599889 2.171628 -0.498982
v 3.598808 2.172390 -0.498983
v 3.627650 2.196519 -1.346173
v 3.628732 2.195756 -1.346172
v 3.628736 2.195756 -0.498985
v 3.627654 2.196519 -0.498985
v 3.599886 2.171628 -1.204972
v 3.599887 2.171628 -1.063774
v 3.599887 2.171628 -0.922576
v 3.599888 2.171628 -0.781378
v 3.599889 2.171628 -0.640180
v 3.598805 2.172391 -1.204972
v 3.598805 2.172391 -1.063774
v 3.598806 2.172390 -0.922576
v 3.598807 2.172390 -0.781378
v 3.598807 2.172390 -0.640180
v 3.628733 2.195756 -1.204974
v 3.628733 2.195756 -1.063777
v 3.628734 2.195756 -0.922579
v 3.628734 2.195756 -0.781381
v 3.628735 2.195756 -0.640183
v 3.627651 2.196519 -1.204975
v 3.627652 2.196519 -1.063777
v 3.627652 2.196519 -0.922579
v 3.627653 2.196519 -0.781381
v 3.627654 2.196519 -0.640183
v 3.598806 2.138896 -1.346145
v 3.599888 2.138135 -1.346144
v 3.599892 2.138134 -0.498957
v 3.598810 2.138896 -0.498958
v 3.627651 2.163000 -1.346166
v 3.628733 2.162237 -1.346166
v 3.628736 2.162237 -0.498978
v 3.627655 2.162999 -0.498979
v 3.599888 2.138135 -1.204947
v 3.599889 2.138135 -1.063749
v 3.599890 2.138135 -0.922551
v 3.599890 2.138134 -0.781353
v 3.599891 2.138134 -0.640155
v 3.598807 2.138896 -1.204948
v 3.598807 2.138896 -1.063750
v 3.598808 2.138896 -0.922552
v 3.598809 2.138896 -0.781354
v 3.598809 2.138896 -0.640156
v 3.628733 2.162237 -1.204968
v 3.628734 2.162237 -1.063770
v 3.628734 2.162237 -0.922572
v 3.628735 2.162237 -0.781374
v 3.628736 2.162237 -0.640176
v 3.627652 2.163000 -1.204969
v 3.627652 2.162999 -1.063771
v 3.627653 2.162999 -0.922573
v 3.627654 2.162999 -0.781375
v 3.627654 2.162999 -0.640177
v 3.598813 2.105468 -1.346074
v 3.599895 2.104708 -1.346071
v 3.599899 2.104707 -0.498884
v 3.598817 2.105467 -0.498887
v 3.627654 2.129520 -1.346131
v 3.628736 2.128759 -1.346130
v 3.628740 2.128758 -0.498942
v 3.627658 2.129519 -0.498944
v 3.599895 2.104708 -1.204874
v 3.599896 2.104708 -1.063676
v 3.599896 2.104707 -0.922478
v 3.599897 2.104707 -0.781280
v 3.599898 2.104707 -0.640082
v 3.598814 2.105468 -1.204876
v 3.598814 2.105467 -1.063678
v 3.598815 2.105467 -0.922480
v 3.598815 2.105467 -0.781282
v 3.598816 2.105467 -0.640085
v 3.628736 2.128759 -1.204932
v 3.628737 2.128759 -1.063734
v 3.628738 2.128759 -0.922536
v 3.628738 2.128759 -0.781338
v 3.628739 2.128758 -0.640140
v 3.627655 2.129520 -1.204934
v 3.627656 2.129520 -1.063736
v 3.627656 2.129520 -0.922538
v 3.627657 2.129520 -0.781340
v 3.627658 2.129519 -0.640142
v 3.598826 2.072140 -1.345930
v 3.599908 2.071383 -1.345926
v 3.599912 2.071383 -0.498738
v 3.598830 2.072139 -0.498743
v 3.627663 2.096116 -1.346042
v 3.628744 2.095357 -1.346039
v 3.628748 2.095356 -0.498852
v 3.627666 2.096116 -0.498855
v 3.599909 2.071383 -1.204728
v 3.599910 2.071383 -1.063530
v 3.599910 2.071383 -0.922332
v 3.599911 2.071383 -0.781134
v 3.599912 2.071383 -0.639936
v 3.598827 2.072140 -1.204732
v 3.598828 2.072140 -1.063534
v 3.598828 2.072140 -0.922336
v 3.598829 2.072140 -0.781138
v 3.598830 2.072139 -0.639941
v 3.628745 2.095357 -1.204841
v 3.628746 2.095357 -1.063643
v 3.628746 2.095357 -0.922445
v 3.628747 2.095357 -0.781247
v 3.628748 2.095356 -0.640050
v 3.627663 2.096116 -1.204844
v 3.627664 2.096116 -1.063646
v 3.627665 2.096116 -0.922449
v 3.627665 2.096116 -0.781251
v 3.627666 2.096116 -0.640053
v 3.598849 2.038948 -1.345688
v 3.599931 2.038195 -1.345681
v 3.599935 2.038194 -0.498494
v 3.598853 2.038948 -0.498501
v 3.627678 2.062823 -1.345873
v 3.628760 2.062067 -1.345868
v 3.628764 2.062067 -0.498681
v 3.627682 2.062822 -0.498686
v 3.599932 2.038195 -1.204483
v 3.599932 2.038195 -1.063285
v 3.599933 2.038195 -0.922088
v 3.599934 2.038195 -0.780890
v 3.599934 2.038195 -0.639692
v 3.598850 2.038948 -1.204490
v 3.598850 2.038948 -1.063292
v 3.598851 2.038948 -0.922095
v 3.598852 2.038948 -0.780897
v 3.598852 2.038948 -0.639699
v 3.628761 2.062067 -1.204670
v 3.628762 2.062067 -1.063472
v 3.628762 2.062067 -0.922274
v 3.628763 2.062067 -0.781076
v 3.628764 2.062067 -0.639879
v 3.627679 2.062823 -1.204676
v 3.627680 2.062823 -1.063478
v 3.627681 2.062823 -0.922280
v 3.627681 2.062823 -0.781082
v 3.627682 2.062822 -0.639884
v 3.598883 2.005929 -1.345323
v 3.599966 2.005180 -1.345313
v 3.599969 2.005179 -0.498126
v 3.598887 2.005928 -0.498136
v 3.627704 2.029676 -1.345600
v 3.628786 2.028924 -1.345591
v 3.628790 2.028923 -0.498404
v 3.627708 2.029675 -0.498412
v 3.599966 2.005180 -1.204115
v 3.599967 2.005180 -1.062917
v 3.599968 2.005179 -0.921719
v 3.599968 2.005179 -0.780522
v 3.599969 2.005179 -0.639324
v 3.598884 2.005929 -1.204125
v 3.598885 2.005929 -1.062927
v 3.598885 2.005928 -0.921730
v 3.598886 2.005928 -0.780532
v 3.598887 2.005928 -0.639334
v 3.628787 2.028924 -1.204394
v 3.628788 2.028924 -1.063196
v 3.628788 2.028924 -0.921998
v 3.628789 2.028924 -0.780800
v 3.628790 2.028923 -0.639602
v 3.627705 2.029676 -1.204402
v 3.627705 2.029676 -1.063204
v 3.627706 2.029676 -0.922006
v 3.627707 2.029676 -0.780808
v 3.627707 2.029675 -0.639610
v 3.598931 1.973116 -1.344809
v 3.600014 1.972372 -1.344796
v 3.600018 1.972372 -0.497608
v 3.598935 1.973116 -0.497622
v 3.627742 1.996711 -1.345195
v 3.628824 1.995963 -1.345184
v 3.628829 1.995963 -0.497997
v 3.627746 1.996710 -0.498008
v 3.600015 1.972372 -1.203598
v 3.600015 1.972372 -1.062400
v 3.600016 1.972372 -0.921202
v 3.600017 1.972372 -0.780004
v 3.600018 1.972372 -0.638806
v 3.598932 1.973116 -1.203611
v 3.598933 1.973116 -1.062414
v 3.598933 1.973116 -0.921216
v 3.598934 1.973116 -0.780018
v 3.598935 1.973116 -0.638820
v 3.628825 1.995963 -1.203986
v 3.628826 1.995963 -1.062788
v 3.628826 1.995963 -0.921591
v 3.628827 1.995963 -0.780393
v 3.628828 1.995963 -0.639195
v 3.627743 1.996711 -1.203998
v 3.627743 1.996711 -1.062800
v 3.627744 1.996711 -0.921602
v 3.627745 1.996711 -0.780404
v 3.627745 1.996711 -0.639206
v 3.598996 1.940545 -1.344122
v 3.600079 1.939807 -1.344104
v 3.600083 1.939807 -0.496917
v 3.599000 1.940545 -0.496935
v 3.627794 1.963963 -1.344636
v 3.628877 1.963220 -1.344621
v 3.628881 1.963220 -0.497433
v 3.627798 1.963962 -0.497448
v 3.600080 1.939807 -1.202906
v 3.600080 1.939807 -1.061709
v 3.600081 1.939807 -0.920511
v 3.600081 1.939807 -0.779313
v 3.600082 1.939807 -0.638115
v 3.598996 1.940545 -1.202924
v 3.598997 1.940545 -1.061726
v 3.598998 1.940545 -0.920529
v 3.598999 1.940545 -0.779331
v 3.598999 1.940545 -0.638133
v 3.628878 1.963220 -1.203423
v 3.628879 1.963220 -1.062225
v 3.628879 1.963220 -0.921027
v 3.628880 1.963220 -0.779829
v 3.628881 1.963220 -0.638631
v 3.627795 1.963963 -1.203438
v 3.627796 1.963962 -1.062240
v 3.627796 1.963963 -0.921042
v 3.627797 1.963962 -0.779844
v 3.627798 1.963962 -0.638646
v 3.599075 1.908202 -1.343272
v 3.600159 1.907468 -1.343251
v 3.600163 1.907467 -0.496064
v 3.599080 1.908201 -0.496085
v 3.627863 1.931462 -1.343898
v 3.628947 1.930726 -1.343879
v 3.628951 1.930725 -0.496692
v 3.627867 1.931462 -0.496711
v 3.600160 1.907467 -1.202054
v 3.600160 1.907467 -1.060856
v 3.600161 1.907467 -0.919658
v 3.600161 1.907467 -0.778460
v 3.600162 1.907467 -0.637262
v 3.599076 1.908202 -1.202074
v 3.599077 1.908202 -1.060876
v 3.599077 1.908201 -0.919679
v 3.599078 1.908201 -0.778481
v 3.599079 1.908201 -0.637283
v 3.628947 1.930726 -1.202681
v 3.628948 1.930725 -1.061483
v 3.628949 1.930725 -0.920285
v 3.628950 1.930725 -0.779087
v 3.628950 1.930725 -0.637890
v 3.627864 1.931462 -1.202700
v 3.627865 1.931462 -1.061502
v 3.627866 1.931462 -0.920304
v 3.627866 1.931462 -0.779106
v 3.627867 1.931462 -0.637909
v 3.599164 1.875987 -1.342330
v 3.600247 1.875255 -1.342308
v 3.600251 1.875254 -0.495120
v 3.599168 1.875986 -0.495142
v 3.627946 1.899165 -1.343014
v 3.629030 1.898432 -1.342993
v 3.629034 1.898432 -0.495806
v 3.627950 1.899165 -0.495827
v 3.600248 1.875254 -1.201110
v 3.600249 1.875254 -1.059912
v 3.600249 1.875254 -0.918714
v 3.600250 1.875254 -0.777516
v 3.600250 1.875254 -0.636318
v 3.599164 1.875987 -1.201132
v 3.599165 1.875987 -1.059934
v 3.599166 1.875987 -0.918736
v 3.599167 1.875986 -0.777538
v 3.599167 1.875987 -0.636340
v 3.629030 1.898432 -1.201795
v 3.629031 1.898432 -1.060597
v 3.629032 1.898432 -0.919399
v 3.629032 1.898432 -0.778201
v 3.629033 1.898432 -0.637003
v 3.627947 1.899165 -1.201816
v 3.627948 1.899165 -1.060619
v 3.627948 1.899165 -0.919421
v 3.627949 1.899165 -0.778223
v 3.627950 1.899165 -0.637025
v 3.599254 1.843795 -1.341371
v 3.600337 1.843062 -1.341349
v 3.600341 1.843061 -0.494162
v 3.599258 1.843794 -0.494183
v 3.628036 1.866968 -1.342060
v 3.629119 1.866236 -1.342037
v 3.629123 1.866235 -0.494850
v 3.628040 1.866967 -0.494872
v 3.600338 1.843062 -1.200151
v 3.600338 1.843062 -1.058953
v 3.600339 1.843062 -0.917756
v 3.600340 1.843061 -0.776558
v 3.600340 1.843061 -0.635360
v 3.599254 1.843795 -1.200173
v 3.599255 1.843795 -1.058975
v 3.599256 1.843795 -0.917777
v 3.599256 1.843794 -0.776579
v 3.599257 1.843795 -0.635381
v 3.629120 1.866235 -1.200839
v 3.629121 1.866235 -1.059641
v 3.629121 1.866235 -0.918444
v 3.629122 1.866235 -0.777246
v 3.629123 1.866235 -0.636048
v 3.628036 1.866968 -1.200861
v 3.628037 1.866968 -1.059664
v 3.628038 1.866968 -0.918466
v 3.628038 1.866968 -0.777268
v 3.628039 1.866967 -0.636070
v 3.599338 1.811520 -1.340471
v 3.600421 1.810784 -1.340452
v 3.600425 1.810783 -0.493265
v 3.599342 1.811519 -0.493284
v 3.628125 1.834763 -1.341110
v 3.629208 1.834029 -1.341088
v 3.629212 1.834029 -0.493901
v 3.628129 1.834763 -0.493922
v 3.600422 1.810783 -1.199255
v 3.600422 1.810783 -1.058057
v 3.600423 1.810783 -0.916859
v 3.600424 1.810783 -0.775661
v 3.600425 1.810783 -0.634463
v 3.599339 1.811520 -1.199274
v 3.599339 1.811519 -1.058076
v 3.599340 1.811519 -0.916878
v 3.599341 1.811519 -0.775680
v 3.599341 1.811519 -0.634482
v 3.629209 1.834029 -1.199890
v 3.629210 1.834029 -1.058692
v 3.629210 1.834029 -0.917495
v 3.629211 1.834029 -0.776297
v 3.629212 1.834029 -0.635099
v 3.628125 1.834763 -1.199912
v 3.628126 1.834763 -1.058714
v 3.628127 1.834763 -0.917516
v 3.628128 1.834763 -0.776318
v 3.628128 1.834763 -0.635120
v 3.599410 1.779055 -1.339708
v 3.600492 1.778313 -1.339693
v 3.600496 1.778313 -0.492506
v 3.599413 1.779055 -0.492521
v 3.628206 1.802445 -1.340241
v 3.629289 1.801708 -1.340222
v 3.629293 1.801707 -0.493035
v 3.628210 1.802445 -0.493053
v 3.600493 1.778313 -1.198495
v 3.600494 1.778313 -1.057297
v 3.600494 1.778313 -0.916099
v 3.600495 1.778313 -0.774901
v 3.600495 1.778313 -0.633704
v 3.599410 1.779055 -1.198510
v 3.599411 1.779055 -1.057312
v 3.599411 1.779054 -0.916115
v 3.599412 1.779055 -0.774917
v 3.599413 1.779055 -0.633719
v 3.629290 1.801708 -1.199024
v 3.629291 1.801708 -1.057827
v 3.629291 1.801708 -0.916629
v 3.629292 1.801707 -0.775431
v 3.629293 1.801707 -0.634233
v 3.628207 1.802445 -1.199043
v 3.628207 1.802445 -1.057845
v 3.628208 1.802445 -0.916647
v 3.628209 1.802445 -0.775449
v 3.628210 1.802445 -0.634251
v 3.599461 1.746295 -1.339157
v 3.600543 1.745545 -1.339148
v 3.600547 1.745545 -0.491960
v 3.599465 1.746294 -0.491970
v 3.628273 1.769909 -1.339530
v 3.629356 1.769165 -1.339515
v 3.629360 1.769165 -0.492328
v 3.628277 1.769908 -0.492342
v 3.600544 1.745545 -1.197950
v 3.600545 1.745545 -1.056752
v 3.600545 1.745545 -0.915554
v 3.600546 1.745545 -0.774356
v 3.600547 1.745545 -0.633158
v 3.599462 1.746295 -1.197959
v 3.599463 1.746294 -1.056761
v 3.599463 1.746294 -0.915563
v 3.599464 1.746294 -0.774365
v 3.599464 1.746294 -0.633168
v 3.629356 1.769165 -1.198317
v 3.629357 1.769165 -1.057119
v 3.629358 1.769165 -0.915922
v 3.629358 1.769164 -0.774724
v 3.629359 1.769164 -0.633526
v 3.628273 1.769909 -1.198331
v 3.628274 1.769909 -1.057134
v 3.628275 1.769908 -0.915936
v 3.628275 1.769908 -0.774738
v 3.628276 1.769908 -0.633540
v 3.599486 1.713133 -1.338894
v 3.600567 1.712373 -1.338892
v 3.600571 1.712372 -0.491705
v 3.599490 1.713132 -0.491707
v 3.628318 1.737047 -1.339051
v 3.629400 1.736294 -1.339043
v 3.629404 1.736294 -0.491856
v 3.628322 1.737046 -0.491864
v 3.600568 1.712373 -1.197694
v 3.600569 1.712372 -1.056496
v 3.600569 1.712372 -0.915298
v 3.600570 1.712372 -0.774100
v 3.600571 1.712372 -0.632902
v 3.599486 1.713133 -1.197696
v 3.599487 1.713133 -1.056498
v 3.599488 1.713133 -0.915300
v 3.599488 1.713132 -0.774103
v 3.599489 1.713133 -0.632905
v 3.629400 1.736294 -1.197845
v 3.629401 1.736294 -1.056648
v 3.629402 1.736294 -0.915450
v 3.629403 1.736294 -0.774252
v 3.629403 1.736294 -0.633054
v 3.628318 1.737046 -1.197853
v 3.628319 1.737046 -1.056656
v 3.628320 1.737046 -0.915457
v 3.628320 1.737046 -0.774260
v 3.628321 1.737046 -0.633062
v 3.599478 1.679479 -1.338988
v 3.600559 1.678708 -1.338995
v 3.600563 1.678707 -0.491807
v 3.599482 1.679479 -0.491801
v 3.628334 1.703753 -1.338883
v 3.629415 1.702990 -1.338882
v 3.629419 1.702989 -0.491695
v 3.628337 1.703753 -0.491695
v 3.600559 1.678708 -1.197797
v 3.600560 1.678708 -1.056599
v 3.600560 1.678708 -0.915401
v 3.600561 1.678707 -0.774203
v 3.600562 1.678708 -0.633005
v 3.599478 1.679479 -1.197790
v 3.599479 1.679479 -1.056593
v 3.599480 1.679479 -0.915395
v 3.599480 1.679479 -0.774197
v 3.599481 1.679479 -0.632999
v 3.629416 1.702990 -1.197685
v 3.629416 1.702990 -1.056487
v 3.629417 1.702989 -0.915289
v 3.629417 1.702989 -0.774091
v 3.629418 1.702989 -0.632893
v 3.628334 1.703753 -1.197685
v 3.628335 1.703753 -1.056487
v 3.628335 1.703753 -0.915289
v 3.628336 1.703753 -0.774091
v 3.628337 1.703753 -0.632893
v 3.599444 1.645385 -1.339448
v 3.600525 1.644605 -1.339463
v 3.600529 1.644604 -0.492275
v 3.599448 1.645384 -0.492261
v 3.628317 1.669964 -1.339081
v 3.629398 1.669190 -1.339089
v 3.629402 1.669189 -0.491902
v 3.628321 1.669963 -0.491894
v 3.600526 1.644605 -1.198264
v 3.600526 1.644604 -1.057067
v 3.600527 1.644604 -0.915869
v 3.600527 1.644604 -0.774671
v 3.600528 1.644604 -0.633473
v 3.599445 1.645385 -1.198250
v 3.599446 1.645385 -1.057052
v 3.599446 1.645385 -0.915854
v 3.599447 1.645384 -0.774657
v 3.599448 1.645384 -0.633459
v 3.629398 1.669190 -1.197892
v 3.629399 1.669190 -1.056694
v 3.629400 1.669189 -0.915496
v 3.629400 1.669189 -0.774298
v 3.629401 1.669189 -0.633100
v 3.628318 1.669964 -1.197883
v 3.628318 1.669964 -1.056685
v 3.628319 1.669964 -0.915487
v 3.628320 1.669963 -0.774290
v 3.628320 1.669963 -0.633092
v 3.599400 1.610972 -1.340250
v 3.600480 1.610186 -1.340271
v 3.600484 1.610185 -0.493084
v 3.599404 1.610971 -0.493063
v 3.628279 1.635766 -1.339637
v 3.629360 1.634984 -1.339653
v 3.629364 1.634984 -0.492466
v 3.628283 1.635765 -0.492449
v 3.600481 1.610185 -1.199074
v 3.600482 1.610185 -1.057876
v 3.600482 1.610185 -0.916678
v 3.600483 1.610185 -0.775480
v 3.600483 1.610185 -0.634282
v 3.599401 1.610971 -1.199052
v 3.599401 1.610971 -1.057854
v 3.599402 1.610971 -0.916656
v 3.599402 1.610971 -0.775458
v 3.599403 1.610971 -0.634260
v 3.629360 1.634984 -1.198455
v 3.629361 1.634984 -1.057257
v 3.629361 1.634984 -0.916059
v 3.629362 1.634984 -0.774862
v 3.629363 1.634983 -0.633664
v 3.628280 1.635766 -1.198439
v 3.628280 1.635766 -1.057241
v 3.628281 1.635766 -0.916043
v 3.628282 1.635765 -0.774845
v 3.628282 1.635765 -0.633647
v 3.599358 1.576363 -1.341370
v 3.600438 1.575573 -1.341398
v 3.600442 1.575573 -0.494211
v 3.599362 1.576362 -0.494183
v 3.628234 1.601281 -1.340525
v 3.629314 1.600494 -1.340548
v 3.629318 1.600494 -0.493361
v 3.628238 1.601281 -0.493337
v 3.600439 1.575573 -1.200201
v 3.600440 1.575573 -1.059003
v 3.600440 1.575573 -0.917805
v 3.600441 1.575573 -0.776607
v 3.600442 1.575573 -0.635409
v 3.599359 1.576362 -1.200172
v 3.599359 1.576362 -1.058974
v 3.599360 1.576362 -0.917777
v 3.599360 1.576362 -0.776579
v 3.599361 1.576362 -0.635381
v 3.629315 1.600494 -1.199350
v 3.629315 1.600494 -1.058152
v 3.629316 1.600494 -0.916954
v 3.629317 1.600494 -0.775756
v 3.629318 1.600494 -0.634559
v 3.628234 1.601281 -1.199327
v 3.628235 1.601281 -1.058129
v 3.628236 1.601281 -0.916931
v 3.628236 1.601281 -0.775733
v 3.628237 1.601281 -0.634535
v 3.599333 1.541682 -1.342785
v 3.600414 1.540892 -1.342820
v 3.600418 1.540891 -0.495632
v 3.599337 1.541681 -0.495598
v 3.628195 1.566633 -1.341719
v 3.629276 1.565843 -1.341748
v 3.629280 1.565843 -0.494561
v 3.628199 1.566632 -0.494531
v 3.600414 1.540892 -1.201622
v 3.600415 1.540892 -1.060424
v 3.600416 1.540892 -0.919226
v 3.600416 1.540891 -0.778028
v 3.600417 1.540891 -0.636830
v 3.599334 1.541682 -1.201587
v 3.599334 1.541682 -1.060390
v 3.599335 1.541681 -0.919192
v 3.599335 1.541681 -0.777994
v 3.599336 1.541681 -0.636796
v 3.629277 1.565843 -1.200550
v 3.629277 1.565843 -1.059353
v 3.629278 1.565843 -0.918155
v 3.629279 1.565842 -0.776957
v 3.629279 1.565843 -0.635759
v 3.628196 1.566633 -1.200521
v 3.628196 1.566632 -1.059323
v 3.628197 1.566633 -0.918125
v 3.628198 1.566633 -0.776927
v 3.628199 1.566632 -0.635729
v 3.599339 1.507052 -1.344472
v 3.600420 1.506264 -1.344511
v 3.600424 1.506263 -0.497324
v 3.599342 1.507051 -0.497285
v 3.628177 1.531941 -1.343194
v 3.629259 1.531152 -1.343229
v 3.629263 1.531151 -0.496042
v 3.628181 1.531941 -0.496007
v 3.600421 1.506264 -1.203313
v 3.600422 1.506263 -1.062115
v 3.600422 1.506264 -0.920917
v 3.600423 1.506263 -0.779720
v 3.600424 1.506263 -0.638522
v 3.599339 1.507052 -1.203274
v 3.599340 1.507051 -1.062076
v 3.599340 1.507052 -0.920878
v 3.599341 1.507051 -0.779680
v 3.599342 1.507051 -0.638483
v 3.629259 1.531152 -1.202031
v 3.629260 1.531152 -1.060833
v 3.629261 1.531151 -0.919636
v 3.629261 1.531151 -0.778438
v 3.629262 1.531151 -0.637240
v 3.628178 1.531941 -1.201996
v 3.628179 1.531941 -1.060799
v 3.628179 1.531941 -0.919601
v 3.628180 1.531941 -0.778403
v 3.628181 1.531941 -0.637205
v 3.599389 1.472596 -1.346406
v 3.600472 1.471813 -1.346449
v 3.600476 1.471812 -0.499262
v 3.599393 1.472596 -0.499219
v 3.628194 1.497330 -1.344926
v 3.629277 1.496543 -1.344965
v 3.629281 1.496543 -0.497778
v 3.628198 1.497330 -0.497738
v 3.600473 1.471813 -1.205251
v 3.600473 1.471813 -1.064054
v 3.600474 1.471813 -0.922856
v 3.600475 1.471813 -0.781658
v 3.600476 1.471813 -0.640460
v 3.599390 1.472596 -1.205208
v 3.599391 1.472596 -1.064010
v 3.599391 1.472596 -0.922813
v 3.599392 1.472596 -0.781615
v 3.599392 1.472596 -0.640417
v 3.629277 1.496543 -1.203767
v 3.629278 1.496543 -1.062569
v 3.629279 1.496542 -0.921371
v 3.629279 1.496542 -0.780173
v 3.629280 1.496542 -0.638976
v 3.628195 1.497330 -1.203728
v 3.628196 1.497330 -1.062530
v 3.628196 1.497330 -0.921332
v 3.628197 1.497330 -0.780134
v 3.628197 1.497330 -0.638936
v 3.599499 1.438438 -1.348564
v 3.600583 1.437662 -1.348611
v 3.600587 1.437661 -0.501423
v 3.599503 1.438438 -0.501377
v 3.628260 1.462920 -1.346887
v 3.629344 1.462138 -1.346930
v 3.629348 1.462137 -0.499743
v 3.628264 1.462920 -0.499700
v 3.600584 1.437662 -1.207413
v 3.600585 1.437661 -1.066215
v 3.600585 1.437661 -0.925017
v 3.600586 1.437662 -0.783819
v 3.600587 1.437662 -0.642621
v 3.599499 1.438438 -1.207367
v 3.599500 1.438438 -1.066169
v 3.599501 1.438438 -0.924971
v 3.599501 1.438438 -0.783773
v 3.599502 1.438438 -0.642575
v 3.629344 1.462138 -1.205732
v 3.629345 1.462138 -1.064534
v 3.629346 1.462138 -0.923336
v 3.629346 1.462138 -0.782139
v 3.629347 1.462138 -0.640941
v 3.628261 1.462920 -1.205689
v 3.628261 1.462920 -1.064491
v 3.628262 1.462920 -0.923293
v 3.628263 1.462920 -0.782095
v 3.628263 1.462920 -0.640898
v 3.599671 1.404641 -1.350892
v 3.600757 1.403871 -1.350939
v 3.600760 1.403871 -0.503752
v 3.599675 1.404641 -0.503705
v 3.628388 1.428831 -1.349052
v 3.629473 1.428055 -1.349097
v 3.629477 1.428055 -0.501910
v 3.628392 1.428830 -0.501865
v 3.600757 1.403871 -1.209741
v 3.600758 1.403871 -1.068543
v 3.600759 1.403871 -0.927346
v 3.600759 1.403870 -0.786148
v 3.600760 1.403870 -0.644950
v 3.599671 1.404642 -1.209695
v 3.599672 1.404641 -1.068497
v 3.599673 1.404641 -0.927299
v 3.599673 1.404641 -0.786101
v 3.599674 1.404641 -0.644903
v 3.629474 1.428055 -1.207899
v 3.629474 1.428055 -1.066701
v 3.629475 1.428055 -0.925503
v 3.629476 1.428055 -0.784306
v 3.629477 1.428055 -0.643108
v 3.628389 1.428830 -1.207854
v 3.628389 1.428831 -1.066656
v 3.628390 1.428830 -0.925458
v 3.628390 1.428831 -0.784260
v 3.628391 1.428830 -0.643062
v 3.628514 2.641785 -2.354107
v 3.629595 2.641022 -2.354107
v 3.629599 2.641021 -1.506920
v 3.628517 2.641784 -1.506920
v 3.657360 2.665917 -2.354108
v 3.658442 2.665154 -2.354107
v 3.658445 2.665154 -1.506920
v 3.657364 2.665917 -1.506920
v 3.629595 2.641022 -2.212909
v 3.629596 2.641021 -2.071712
v 3.629597 2.641021 -1.930514
v 3.629597 2.641021 -1.789316
v 3.629598 2.641021 -1.648118
v 3.628514 2.641785 -2.212909
v 3.628515 2.641784 -2.071712
v 3.628515 2.641784 -1.930514
v 3.628516 2.641784 -1.789316
v 3.628517 2.641784 -1.648118
v 3.658442 2.665154 -2.212909
v 3.658443 2.665154 -2.071711
v 3.658443 2.665154 -1.930514
v 3.658444 2.665154 -1.789316
v 3.658445 2.665154 -1.648118
v 3.657361 2.665917 -2.212910
v 3.657361 2.665917 -2.071712
v 3.657362 2.665917 -1.930514
v 3.657363 2.665917 -1.789316
v 3.657363 2.665917 -1.648118
v 3.628514 2.608257 -2.354107
v 3.629595 2.607494 -2.354107
v 3.629599 2.607493 -1.506920
v 3.628517 2.608256 -1.506920
v 3.657360 2.632389 -2.354108
v 3.658442 2.631626 -2.354107
v 3.658445 2.631625 -1.506920
v 3.657364 2.632388 -1.506920
v 3.629595 2.607494 -2.212909
v 3.629596 2.607493 -2.071712
v 3.629597 2.607493 -1.930514
v 3.629597 2.607493 -1.789316
v 3.629598 2.607493 -1.648118
v 3.628514 2.608257 -2.212909
v 3.628515 2.608256 -2.071712
v 3.628515 2.608256 -1.930514
v 3.628516 2.608256 -1.789316
v 3.628517 2.608256 -1.648118
v 3.658442 2.631626 -2.212909
v 3.658443 2.631625 -2.071711
v 3.658443 2.631625 -1.930514
v 3.658444 2.631625 -1.789316
v 3.658445 2.631625 -1.648118
v 3.657361 2.632389 -2.212910
v 3.657361 2.632388 -2.071712
v 3.657362 2.632388 -1.930514
v 3.657363 2.632388 -1.789316
v 3.657363 2.632388 -1.648118
v 3.628514 2.574728 -2.354107
v 3.629595 2.573965 -2.354107
v 3.629599 2.573965 -1.506920
v 3.628517 2.574728 -1.506920
v 3.657360 2.598861 -2.354108
v 3.658442 2.598098 -2.354107
v 3.658445 2.598097 -1.506920
v 3.657364 2.598860 -1.506920
v 3.629595 2.573965 -2.212909
v 3.629596 2.573965 -2.071712
v 3.629597 2.573965 -1.930514
v 3.629597 2.573965 -1.789316
v 3.629598 2.573965 -1.648118
v 3.628514 2.574728 -2.212909
v 3.628515 2.574728 -2.071712
v 3.628515 2.574728 -1.930514
v 3.628516 2.574728 -1.789316
v 3.628517 2.574728 -1.648118
v 3.658442 2.598098 -2.212909
v 3.658443 2.598097 -2.071711
v 3.658443 2.598097 -1.930514
v 3.658444 2.598097 -1.789316
v 3.658445 2.598097 -1.648118
v 3.657361 2.598861 -2.212910
v 3.657361 2.598860 -2.071712
v 3.657362 2.598860 -1.930514
v 3.657363 2.598860 -1.789316
v 3.657363 2.598860 -1.648118
v 3.628514 2.541199 -2.354107
v 3.629595 2.540437 -2.354107
v 3.629599 2.540436 -1.506920
v 3.628517 2.541199 -1.506920
v 3.657360 2.565332 -2.354108
v 3.658442 2.564569 -2.354107
v 3.658445 2.564569 -1.506920
v 3.657364 2.565331 -1.506920
v 3.629595 2.540437 -2.212909
v 3.629596 2.540436 -2.071712
v 3.629597 2.540436 -1.930514
v 3.629597 2.540436 -1.789316
v 3.629598 2.540436 -1.648118
v 3.628514 2.541199 -2.212909
v 3.628515 2.541199 -2.071712
v 3.628515 2.541199 -1.930514
v 3.628516 2.541199 -1.789316
v 3.628517 2.541199 -1.648118
v 3.658442 2.564569 -2.212909
v 3.658443 2.564569 -2.071711
v 3.658443 2.564569 -1.930514
v 3.658444 2.564569 -1.789316
v 3.658445 2.564569 -1.648118
v 3.657361 2.565332 -2.212910
v 3.657361 2.565332 -2.071712
v 3.657362 2.565332 -1.930514
v 3.657363 2.565332 -1.789316
v 3.657363 2.565331 -1.648118
v 3.628514 2.507671 -2.354107
v 3.629595 2.506908 -2.354107
v 3.629599 2.506907 -1.506920
v 3.628517 2.507670 -1.506920
v 3.657360 2.531804 -2.354108
v 3.658442 2.531041 -2.354107
v 3.658445 2.531040 -1.506920
v 3.657364 2.531803 -1.506920
v 3.629595 2.506908 -2.212909
v 3.629596 2.506908 -2.071712
v 3.629597 2.506908 -1.930514
v 3.629597 2.506908 -1.789316
v 3.629598 2.506908 -1.648118
v 3.628514 2.507671 -2.212909
v 3.628515 2.507671 -2.071712
v 3.628515 2.507671 -1.930514
v 3.628516 2.507671 -1.789316
v 3.628517 2.507671 -1.648118
v 3.658442 2.531041 -2.212909
v 3.658443 2.531040 -2.071711
v 3.658443 2.531040 -1.930514
v 3.658444 2.531040 -1.789316
v 3.658445 2.531040 -1.648118
v 3.657361 2.531804 -2.212910
v 3.657361 2.531803 -2.071712
v 3.657362 2.531803 -1.930514
v 3.657363 2.531803 -1.789316
v 3.657363 2.531803 -1.648118
v 3.628514 2.474143 -2.354107
v 3.629595 2.473380 -2.354107
v 3.629599 2.473379 -1.506920
v 3.628517 2.474142 -1.506920
v 3.657360 2.498275 -2.354108
v 3.658442 2.497512 -2.354107
v 3.658445 2.497512 -1.506920
v 3.657364 2.498275 -1.506920
v 3.629595 2.473380 -2.212909
v 3.629596 2.473380 -2.071712
v 3.629597 2.473379 -1.930514
v 3.629597 2.473379 -1.789316
v 3.629598 2.473379 -1.648118
v 3.628514 2.474143 -2.212909
v 3.628515 2.474143 -2.071712
v 3.628515 2.474142 -1.930514
v 3.628516 2.474142 -1.789316
v 3.628517 2.474142 -1.648118
v 3.658442 2.497512 -2.212909
v 3.658443 2.497512 -2.071711
v 3.658443 2.497512 -1.930514
v 3.658444 2.497512 -1.789316
v 3.658445 2.497512 -1.648118
v 3.657361 2.498275 -2.212910
v 3.657361 2.498275 -2.071712
v 3.657362 2.498275 -1.930514
v 3.657363 2.498275 -1.789316
v 3.657363 2.498275 -1.648118
v 3.628514 2.440614 -2.354107
v 3.629595 2.439852 -2.354107
v 3.629599 2.439851 -1.506920
v 3.628517 2.440614 -1.506920
v 3.657360 2.464747 -2.354108
v 3.658442 2.463984 -2.354107
v 3.658445 2.463983 -1.506920
v 3.657364 2.464746 -1.506920
v 3.629595 2.439852 -2.212909
v 3.629596 2.439851 -2.071712
v 3.629597 2.439851 -1.930514
v 3.629597 2.439851 -1.789316
v 3.629598 2.439851 -1.648118
v 3.628514 2.440614 -2.212909
v 3.628515 2.440614 -2.071712
v 3.628515 2.440614 -1.930514
v 3.628516 2.440614 -1.789316
v 3.628517 2.440614 -1.648118
v 3.658442 2.463984 -2.212909
v 3.658443 2.463984 -2.071711
v 3.658443 2.463984 -1.930514
v 3.658444 2.463983 -1.789316
v 3.658445 2.463983 -1.648118
v 3.657361 2.464747 -2.212910
v 3.657361 2.464746 -2.071712
v 3.657362 2.464746 -1.930514
v 3.657363 2.464746 -1.789316
v 3.657363 2.464746 -1.648118
v 3.628514 2.407086 -2.354107
v 3.629595 2.406323 -2.354107
v 3.629599 2.406322 -1.506920
v 3.628517 2.407085 -1.506920
v 3.657360 2.431219 -2.354108
v 3.658442 2.430456 -2.354107
v 3.658445 2.430455 -1.506920
v 3.657364 2.431218 -1.506920
v 3.629595 2.406323 -2.212909
v 3.629596 2.406323 -2.071712
v 3.629597 2.406323 -1.930514
v 3.629597 2.406323 -1.789316
v 3.629598 2.406323 -1.648118
v 3.628514 2.407086 -2.212909
v 3.628515 2.407086 -2.071712
v 3.628515 2.407086 -1.930514
v 3.628516 2.407086 -1.789316
v 3.628517 2.407086 -1.648118
v 3.658442 2.430455 -2.212909
v 3.658443 2.430455 -2.071711
v 3.658443 2.430455 -1.930514
v 3.658444 2.430455 -1.789316
v 3.658445 2.430455 -1.648118
v 3.657361 2.431218 -2.212910
v 3.657361 2.431218 -2.071712
v 3.657362 2.431218 -1.930514
v 3.657363 2.431218 -1.789316
v 3.657363 2.431218 -1.648118
v 3.628514 2.373558 -2.354107
v 3.629595 2.372795 -2.354107
v 3.629599 2.372794 -1.506920
v 3.628517 2.373557 -1.506920
v 3.657360 2.397690 -2.354108
v 3.658442 2.396927 -2.354107
v 3.658445 2.396927 -1.506920
v 3.657364 2.397690 -1.506920
v 3.629595 2.372795 -2.212909
v 3.629596 2.372794 -2.071712
v 3.629597 2.372794 -1.930514
v 3.629597 2.372794 -1.789316
v 3.629598 2.372794 -1.648118
v 3.628514 2.373558 -2.212909
v 3.628515 2.373557 -2.071712
v 3.628515 2.373557 -1.930514
v 3.628516 2.373557 -1.789316
v 3.628517 2.373557 -1.648118
v 3.658442 2.396927 -2.212909
v 3.658443 2.396927 -2.071711
v 3.658443 2.396927 -1.930514
v 3.658444 2.396927 -1.789316
v 3.658445 2.396927 -1.648118
v 3.657361 2.397690 -2.212910
v 3.657361 2.397690 -2.071712
v 3.657362 2.397690 -1.930514
v 3.657363 2.397690 -1.789316
v 3.657363 2.397690 -1.648118
v 3.628514 2.340029 -2.354107
v 3.629595 2.339266 -2.354107
v 3.629599 2.339266 -1.506920
v 3.628517 2.340029 -1.506920
v 3.657360 2.364162 -2.354108
v 3.658442 2.363399 -2.354107
v 3.658445 2.363398 -1.506920
v 3.657364 2.364161 -1.506920
v 3.629595 2.339266 -2.212909
v 3.629596 2.339266 -2.071712
v 3.629597 2.339266 -1.930514
v 3.629597 2.339266 -1.789316
v 3.629598 2.339266 -1.648118
v 3.628514 2.340029 -2.212909
v 3.628515 2.340029 -2.071712
v 3.628515 2.340029 -1.930514
v 3.628516 2.340029 -1.789316
v 3.628517 2.340029 -1.648118
v 3.658442 2.363399 -2.212909
v 3.658443 2.363399 -2.071711
v 3.658443 2.363398 -1.930514
v 3.658444 2.363398 -1.789316
v 3.658445 2.363398 -1.648118
v 3.657361 2.364162 -2.212910
v 3.657361 2.364161 -2.071712
v 3.657362 2.364161 -1.930514
v 3.657363 2.364161 -1.789316
v 3.657363 2.364161 -1.648118
v 3.628514 2.306501 -2.354107
v 3.629595 2.305738 -2.354107
v 3.629599 2.305737 -1.506920
v 3.628517 2.306500 -1.506920
v 3.657360 2.330633 -2.354108
v 3.658442 2.329870 -2.354107
v 3.658445 2.329870 -1.506920
v 3.657364 2.330633 -1.506920
v 3.629595 2.305738 -2.212909
v 3.629596 2.305737 -2.071712
v 3.629597 2.305737 -1.930514
v 3.629597 2.305737 -1.789316
v 3.629598 2.305737 -1.648118
v 3.628514 2.306501 -2.212909
v 3.628515 2.306500 -2.071712
v 3.628515 2.306500 -1.930514
v 3.628516 2.306500 -1.789316
v 3.628517 2.306500 -1.648118
v 3.658442 2.329870 -2.212909
v 3.658443 2.329870 -2.071711
v 3.658443 2.329870 -1.930514
v 3.658444 2.329870 -1.789316
v 3.658445 2.329870 -1.648118
v 3.657361 2.330633 -2.212910
v 3.657361 2.330633 -2.071712
v 3.657362 2.330633 -1.930514
v 3.657363 2.330633 -1.789316
v 3.657363 2.330633 -1.648118
v 3.628514 2.272972 -2.354107
v 3.629595 2.272210 -2.354107
v 3.629599 2.272209 -1.506920
v 3.628517 2.272972 -1.506920
v 3.657360 2.297105 -2.354108
v 3.658442 2.296342 -2.354107
v 3.658445 2.296341 -1.506920
v 3.657364 2.297104 -1.506920
v 3.629595 2.272210 -2.212909
v 3.629596 2.272209 -2.071712
v 3.629597 2.272209 -1.930514
v 3.629597 2.272209 -1.789316
v 3.629598 2.272209 -1.648118
v 3.628514 2.272973 -2.212909
v 3.628515 2.272972 -2.071712
v 3.628515 2.272972 -1.930514
v 3.628516 2.272972 -1.789316
v 3.628517 2.272972 -1.648118
v 3.658442 2.296342 -2.212909
v 3.658443 2.296342 -2.071711
v 3.658443 2.296342 -1.930514
v 3.658444 2.296341 -1.789316
v 3.658445 2.296341 -1.648118
v 3.657361 2.297105 -2.212910
v 3.657361 2.297105 -2.071712
v 3.657362 2.297105 -1.930514
v 3.657363 2.297104 -1.789316
v 3.657363 2.297104 -1.648118
v 3.628514 2.239444 -2.354107
v 3.629595 2.238681 -2.354107
v 3.629599 2.238681 -1.506920
v 3.628517 2.239444 -1.506920
v 3.657360 2.263577 -2.354108
v 3.658442 2.262814 -2.354107
v 3.658445 2.262813 -1.506920
v 3.657364 2.263576 -1.506920
v 3.629595 2.238681 -2.212909
v 3.629596 2.238681 -2.071712
v 3.629597 2.238681 -1.930514
v 3.629597 2.238681 -1.789316
v 3.629598 2.238681 -1.648118
v 3.628514 2.239444 -2.212909
v 3.628515 2.239444 -2.071712
v 3.628515 2.239444 -1.930514
v 3.628516 2.239444 -1.789316
v 3.628517 2.239444 -1.648118
v 3.658442 2.262814 -2.212909
v 3.658443 2.262813 -2.071711
v 3.658443 2.262813 -1.930514
v 3.658444 2.262813 -1.789316
v 3.658445 2.262813 -1.648118
v 3.657361 2.263577 -2.212910
v 3.657361 2.263576 -2.071712
v 3.657362 2.263576 -1.930514
v 3.657363 2.263576 -1.789316
v 3.657363 2.263576 -1.648118
v 3.628514 2.205916 -2.354107
v 3.629595 2.205153 -2.354107
v 3.629599 2.205152 -1.506920
v 3.628517 2.205915 -1.506920
v 3.657360 2.230048 -2.354108
v 3.658442 2.229285 -2.354107
v 3.658445 2.229285 -1.506920
v 3.657364 2.230047 -1.506920
v 3.629595 2.205153 -2.212909
v 3.629596 2.205153 -2.071712
v 3.629597 2.205152 -1.930514
v 3.629597 2.205152 -1.789316
v 3.629598 2.205152 -1.648118
v 3.628514 2.205916 -2.212909
v 3.628515 2.205915 -2.071712
v 3.628515 2.205915 -1.930514
v 3.628516 2.205915 -1.789316
v 3.628517 2.205915 -1.648118
v 3.658442 2.229285 -2.212909
v 3.658443 2.229285 -2.071711
v 3.658443 2.229285 -1.930514
v 3.658444 2.229285 -1.789316
v 3.658445 2.229285 -1.648118
v 3.657361 2.230048 -2.212910
v 3.657361 2.230048 -2.071712
v 3.657362 2.230048 -1.930514
v 3.657363 2.230048 -1.789316
v 3.657363 2.230047 -1.648118
v 3.628514 2.172391 -2.354105
v 3.629595 2.171628 -2.354105
v 3.629599 2.171628 -1.506917
v 3.628518 2.172390 -1.506918
v 3.657360 2.196520 -2.354108
v 3.658442 2.195757 -2.354107
v 3.658445 2.195756 -1.506920
v 3.657364 2.196519 -1.506920
v 3.629596 2.171628 -2.212907
v 3.629596 2.171628 -2.071709
v 3.629597 2.171628 -1.930511
v 3.629598 2.171628 -1.789313
v 3.629598 2.171628 -1.648115
v 3.628514 2.172391 -2.212907
v 3.628515 2.172391 -2.071709
v 3.628516 2.172390 -1.930511
v 3.628516 2.172390 -1.789313
v 3.628517 2.172390 -1.648116
v 3.658442 2.195757 -2.212909
v 3.658443 2.195756 -2.071711
v 3.658443 2.195756 -1.930514
v 3.658444 2.195756 -1.789316
v 3.658445 2.195756 -1.648118
v 3.657361 2.196520 -2.212910
v 3.657361 2.196519 -2.071712
v 3.657362 2.196519 -1.930514
v 3.657363 2.196519 -1.789316
v 3.657363 2.196519 -1.648118
v 3.628516 2.138896 -2.354080
v 3.629597 2.138135 -2.354079
v 3.629601 2.138134 -1.506892
v 3.628520 2.138896 -1.506893
v 3.657361 2.163000 -2.354102
v 3.658442 2.162237 -2.354101
v 3.658446 2.162237 -1.506914
v 3.657365 2.162999 -1.506914
v 3.629598 2.138135 -2.212882
v 3.629599 2.138135 -2.071684
v 3.629599 2.138135 -1.930486
v 3.629600 2.138134 -1.789288
v 3.629601 2.138134 -1.648090
v 3.628516 2.138897 -2.212883
v 3.628517 2.138896 -2.071685
v 3.628518 2.138896 -1.930487
v 3.628519 2.138896 -1.789289
v 3.628519 2.138896 -1.648091
v 3.658443 2.162237 -2.212903
v 3.658443 2.162237 -2.071705
v 3.658444 2.162237 -1.930507
v 3.658445 2.162237 -1.789309
v 3.658445 2.162237 -1.648111
v 3.657361 2.163000 -2.212904
v 3.657362 2.162999 -2.071706
v 3.657362 2.162999 -1.930508
v 3.657363 2.162999 -1.789310
v 3.657364 2.162999 -1.648112
v 3.628523 2.105468 -2.354009
v 3.629604 2.104708 -2.354007
v 3.629608 2.104707 -1.506819
v 3.628527 2.105467 -1.506822
v 3.657364 2.129520 -2.354067
v 3.658445 2.128759 -2.354065
v 3.658450 2.128759 -1.506878
v 3.657368 2.129520 -1.506879
v 3.629605 2.104708 -2.212809
v 3.629606 2.104708 -2.071611
v 3.629606 2.104707 -1.930413
v 3.629607 2.104707 -1.789215
v 3.629608 2.104707 -1.648017
v 3.628523 2.105468 -2.212811
v 3.628524 2.105467 -2.071613
v 3.628525 2.105467 -1.930415
v 3.628525 2.105467 -1.789217
v 3.628526 2.105467 -1.648019
v 3.658446 2.128759 -2.212867
v 3.658447 2.128759 -2.071669
v 3.658448 2.128759 -1.930471
v 3.658448 2.128759 -1.789273
v 3.658449 2.128759 -1.648075
v 3.657365 2.129520 -2.212869
v 3.657365 2.129520 -2.071671
v 3.657366 2.129520 -1.930473
v 3.657367 2.129520 -1.789275
v 3.657367 2.129520 -1.648077
v 3.628536 2.072140 -2.353865
v 3.629618 2.071383 -2.353861
v 3.629622 2.071383 -1.506673
v 3.628540 2.072140 -1.506678
v 3.657372 2.096117 -2.353977
v 3.658454 2.095357 -2.353974
v 3.658458 2.095357 -1.506787
v 3.657376 2.096116 -1.506790
v 3.629619 2.071383 -2.212663
v 3.629619 2.071383 -2.071465
v 3.629620 2.071383 -1.930267
v 3.629620 2.071383 -1.789069
v 3.629621 2.071383 -1.647871
v 3.628537 2.072140 -2.212667
v 3.628537 2.072140 -2.071469
v 3.628538 2.072140 -1.930271
v 3.628539 2.072140 -1.789073
v 3.628540 2.072140 -1.647876
v 3.658455 2.095357 -2.212776
v 3.658455 2.095357 -2.071578
v 3.658456 2.095357 -1.930380
v 3.658457 2.095357 -1.789182
v 3.658457 2.095357 -1.647985
v 3.657373 2.096116 -2.212780
v 3.657373 2.096116 -2.071582
v 3.657374 2.096116 -1.930384
v 3.657375 2.096116 -1.789186
v 3.657376 2.096116 -1.647988
v 3.628559 2.038949 -2.353623
v 3.629641 2.038195 -2.353616
v 3.629645 2.038195 -1.506429
v 3.628563 2.038948 -1.506436
v 3.657388 2.062823 -2.353808
v 3.658470 2.062067 -2.353803
v 3.658474 2.062067 -1.506616
v 3.657392 2.062822 -1.506621
v 3.629642 2.038195 -2.212418
v 3.629642 2.038195 -2.071220
v 3.629643 2.038195 -1.930022
v 3.629643 2.038195 -1.788825
v 3.629644 2.038195 -1.647627
v 3.628559 2.038949 -2.212425
v 3.628560 2.038948 -2.071228
v 3.628561 2.038948 -1.930030
v 3.628561 2.038948 -1.788832
v 3.628562 2.038948 -1.647634
v 3.658471 2.062067 -2.212605
v 3.658471 2.062067 -2.071407
v 3.658472 2.062067 -1.930209
v 3.658473 2.062067 -1.789011
v 3.658473 2.062067 -1.647814
v 3.657389 2.062823 -2.212610
v 3.657389 2.062823 -2.071413
v 3.657390 2.062823 -1.930215
v 3.657391 2.062823 -1.789017
v 3.657391 2.062823 -1.647819
v 3.628593 2.005929 -2.353258
v 3.629675 2.005180 -2.353248
v 3.629679 2.005179 -1.506061
v 3.628597 2.005928 -1.506071
v 3.657414 2.029676 -2.353535
v 3.658496 2.028924 -2.353527
v 3.658500 2.028924 -1.506339
v 3.657418 2.029676 -1.506347
v 3.629676 2.005180 -2.212050
v 3.629677 2.005180 -2.070853
v 3.629677 2.005179 -1.929654
v 3.629678 2.005179 -1.788457
v 3.629678 2.005179 -1.647259
v 3.628594 2.005929 -2.212060
v 3.628594 2.005929 -2.070863
v 3.628595 2.005928 -1.929664
v 3.628595 2.005928 -1.788467
v 3.628596 2.005929 -1.647269
v 3.658496 2.028924 -2.212329
v 3.658497 2.028924 -2.071131
v 3.658498 2.028924 -1.929933
v 3.658499 2.028924 -1.788735
v 3.658499 2.028924 -1.647537
v 3.657414 2.029676 -2.212337
v 3.657415 2.029676 -2.071139
v 3.657416 2.029676 -1.929941
v 3.657416 2.029676 -1.788743
v 3.657417 2.029676 -1.647545
v 3.628641 1.973116 -2.352744
v 3.629724 1.972372 -2.352731
v 3.629728 1.972372 -1.505543
v 3.628645 1.973116 -1.505557
v 3.657452 1.996711 -2.353131
v 3.658534 1.995963 -2.353119
v 3.658538 1.995963 -1.505932
v 3.657455 1.996710 -1.505943
v 3.629725 1.972372 -2.211533
v 3.629725 1.972372 -2.070335
v 3.629725 1.972372 -1.929137
v 3.629726 1.972372 -1.787939
v 3.629727 1.972372 -1.646741
v 3.628642 1.973116 -2.211546
v 3.628643 1.973116 -2.070349
v 3.628643 1.973116 -1.929151
v 3.628644 1.973116 -1.787953
v 3.628644 1.973116 -1.646755
v 3.658535 1.995963 -2.211921
v 3.658535 1.995963 -2.070724
v 3.658536 1.995963 -1.929525
v 3.658537 1.995963 -1.788328
v 3.658538 1.995963 -1.647130
v 3.657452 1.996711 -2.211933
v 3.657453 1.996711 -2.070735
v 3.657454 1.996711 -1.929537
v 3.657454 1.996711 -1.788339
v 3.657455 1.996711 -1.647141
v 3.628706 1.940545 -2.352057
v 3.629788 1.939808 -2.352040
v 3.629792 1.939807 -1.504852
v 3.628709 1.940545 -1.504870
v 3.657504 1.963963 -2.352571
v 3.658587 1.963221 -2.352556
v 3.658591 1.963220 -1.505368
v 3.657508 1.963962 -1.505383
v 3.629789 1.939807 -2.210841
v 3.629790 1.939807 -2.069644
v 3.629791 1.939807 -1.928446
v 3.629791 1.939807 -1.787248
v 3.629792 1.939807 -1.646050
v 3.628706 1.940545 -2.210860
v 3.628707 1.940545 -2.069662
v 3.628707 1.940545 -1.928464
v 3.628708 1.940545 -1.787266
v 3.628709 1.940545 -1.646068
v 3.658588 1.963220 -2.211358
v 3.658588 1.963221 -2.070160
v 3.658589 1.963220 -1.928962
v 3.658589 1.963220 -1.787764
v 3.658590 1.963220 -1.646566
v 3.657505 1.963963 -2.211373
v 3.657505 1.963963 -2.070175
v 3.657506 1.963963 -1.928977
v 3.657507 1.963963 -1.787779
v 3.657507 1.963963 -1.646581
v 3.628785 1.908202 -2.351207
v 3.629868 1.907468 -2.351187
v 3.629873 1.907467 -1.503999
v 3.628789 1.908201 -1.504020
v 3.657573 1.931463 -2.351833
v 3.658657 1.930726 -2.351814
v 3.658660 1.930725 -1.504627
v 3.657577 1.931462 -1.504645
v 3.629869 1.907468 -2.209989
v 3.629870 1.907468 -2.068791
v 3.629870 1.907467 -1.927593
v 3.629871 1.907467 -1.786395
v 3.629872 1.907467 -1.645197
v 3.628786 1.908202 -2.210009
v 3.628787 1.908202 -2.068811
v 3.628787 1.908202 -1.927613
v 3.628788 1.908201 -1.786415
v 3.628788 1.908201 -1.645218
v 3.658657 1.930726 -2.210616
v 3.658658 1.930726 -2.069418
v 3.658658 1.930725 -1.928220
v 3.658659 1.930725 -1.787022
v 3.658660 1.930725 -1.645824
v 3.657574 1.931462 -2.210635
v 3.657574 1.931462 -2.069437
v 3.657575 1.931462 -1.928239
v 3.657576 1.931462 -1.787041
v 3.657577 1.931462 -1.645843
v 3.628874 1.875987 -2.350265
v 3.629957 1.875255 -2.350243
v 3.629961 1.875254 -1.503055
v 3.628877 1.875987 -1.503077
v 3.657656 1.899166 -2.350950
v 3.658739 1.898432 -2.350928
v 3.658743 1.898432 -1.503740
v 3.657660 1.899165 -1.503762
v 3.629957 1.875255 -2.209045
v 3.629958 1.875255 -2.067847
v 3.629959 1.875255 -1.926649
v 3.629960 1.875254 -1.785451
v 3.629960 1.875254 -1.644253
v 3.628874 1.875987 -2.209067
v 3.628875 1.875987 -2.067869
v 3.628875 1.875987 -1.926671
v 3.628876 1.875987 -1.785473
v 3.628877 1.875987 -1.644275
v 3.658740 1.898432 -2.209730
v 3.658741 1.898432 -2.068532
v 3.658741 1.898432 -1.927334
v 3.658742 1.898432 -1.786136
v 3.658743 1.898432 -1.644938
v 3.657657 1.899165 -2.209752
v 3.657657 1.899165 -2.068554
v 3.657658 1.899165 -1.927355
v 3.657659 1.899165 -1.786158
v 3.657659 1.899165 -1.644960
v 3.628963 1.843795 -2.349306
v 3.630047 1.843062 -2.349284
v 3.630051 1.843062 -1.502097
v 3.628967 1.843795 -1.502118
v 3.657745 1.866968 -2.349994
v 3.658829 1.866236 -2.349972
v 3.658833 1.866235 -1.502785
v 3.657749 1.866967 -1.502807
v 3.630047 1.843062 -2.208086
v 3.630048 1.843062 -2.066888
v 3.630049 1.843062 -1.925690
v 3.630049 1.843061 -1.784492
v 3.630050 1.843062 -1.643295
v 3.628964 1.843795 -2.208108
v 3.628965 1.843795 -2.066910
v 3.628965 1.843795 -1.925712
v 3.628966 1.843795 -1.784514
v 3.628967 1.843795 -1.643316
v 3.658830 1.866235 -2.208774
v 3.658830 1.866235 -2.067576
v 3.658831 1.866235 -1.926378
v 3.658832 1.866235 -1.785180
v 3.658832 1.866235 -1.643983
v 3.657746 1.866968 -2.208797
v 3.657747 1.866968 -2.067599
v 3.657748 1.866968 -1.926401
v 3.657748 1.866968 -1.785203
v 3.657749 1.866967 -1.644005
v 3.629048 1.811520 -2.348406
v 3.630131 1.810784 -2.348387
v 3.630135 1.810783 -1.501200
v 3.629051 1.811519 -1.501219
v 3.657835 1.834763 -2.349045
v 3.658918 1.834030 -2.349023
v 3.658922 1.834029 -1.501836
v 3.657838 1.834763 -1.501857
v 3.630131 1.810784 -2.207189
v 3.630132 1.810784 -2.065992
v 3.630133 1.810784 -1.924794
v 3.630133 1.810783 -1.783596
v 3.630134 1.810783 -1.642398
v 3.629048 1.811520 -2.207209
v 3.629049 1.811520 -2.066011
v 3.629050 1.811520 -1.924813
v 3.629050 1.811519 -1.783615
v 3.629051 1.811520 -1.642417
v 3.658918 1.834029 -2.207825
v 3.658919 1.834029 -2.066628
v 3.658920 1.834029 -1.925429
v 3.658921 1.834029 -1.784232
v 3.658921 1.834029 -1.643034
v 3.657835 1.834763 -2.207847
v 3.657836 1.834763 -2.066649
v 3.657836 1.834763 -1.925451
v 3.657837 1.834763 -1.784253
v 3.657838 1.834763 -1.643055
v 3.629119 1.779055 -2.347643
v 3.630202 1.778313 -2.347628
v 3.630206 1.778313 -1.500441
v 3.629123 1.779055 -1.500456
v 3.657916 1.802446 -2.348176
v 3.658999 1.801708 -2.348157
v 3.659003 1.801708 -1.500970
v 3.657920 1.802445 -1.500988
v 3.630202 1.778313 -2.206430
v 3.630203 1.778313 -2.065232
v 3.630204 1.778313 -1.924034
v 3.630204 1.778313 -1.782836
v 3.630205 1.778313 -1.641639
v 3.629120 1.779055 -2.206445
v 3.629120 1.779055 -2.065248
v 3.629121 1.779055 -1.924050
v 3.629122 1.779055 -1.782852
v 3.629122 1.779055 -1.641654
v 3.659000 1.801708 -2.206959
v 3.659000 1.801708 -2.065761
v 3.659001 1.801708 -1.924564
v 3.659002 1.801707 -1.783366
v 3.659003 1.801708 -1.642168
v 3.657917 1.802445 -2.206978
v 3.657917 1.802445 -2.065780
v 3.657918 1.802445 -1.924582
v 3.657918 1.802445 -1.783384
v 3.657919 1.802445 -1.642186
v 3.629171 1.746295 -2.347092
v 3.630253 1.745545 -2.347083
v 3.630257 1.745545 -1.499895
v 3.629175 1.746294 -1.499905
v 3.657982 1.769909 -2.347465
v 3.659065 1.769165 -2.347450
v 3.659069 1.769165 -1.500263
v 3.657987 1.769908 -1.500277
v 3.630254 1.745545 -2.205885
v 3.630254 1.745545 -2.064687
v 3.630255 1.745545 -1.923489
v 3.630256 1.745545 -1.782291
v 3.630256 1.745545 -1.641093
v 3.629171 1.746295 -2.205894
v 3.629172 1.746295 -2.064696
v 3.629173 1.746295 -1.923498
v 3.629173 1.746294 -1.782300
v 3.629174 1.746294 -1.641103
v 3.659066 1.769165 -2.206252
v 3.659067 1.769165 -2.065054
v 3.659067 1.769165 -1.923856
v 3.659068 1.769165 -1.782659
v 3.659069 1.769165 -1.641461
v 3.657983 1.769909 -2.206266
v 3.657984 1.769909 -2.065068
v 3.657984 1.769909 -1.923871
v 3.657985 1.769908 -1.782673
v 3.657986 1.769908 -1.641475
v 3.629195 1.713133 -2.346829
v 3.630277 1.712373 -2.346827
v 3.630281 1.712373 -1.499640
v 3.629199 1.713133 -1.499642
v 3.658027 1.737047 -2.346986
v 3.659110 1.736294 -2.346978
v 3.659114 1.736294 -1.499791
v 3.658031 1.737046 -1.499799
v 3.630278 1.712373 -2.205629
v 3.630278 1.712373 -2.064431
v 3.630279 1.712373 -1.923233
v 3.630280 1.712373 -1.782035
v 3.630280 1.712373 -1.640837
v 3.629196 1.713133 -2.205631
v 3.629197 1.713133 -2.064433
v 3.629198 1.713133 -1.923235
v 3.629198 1.713133 -1.782037
v 3.629199 1.713133 -1.640840
v 3.659110 1.736294 -2.205780
v 3.659111 1.736294 -2.064583
v 3.659111 1.736294 -1.923385
v 3.659112 1.736294 -1.782187
v 3.659113 1.736294 -1.640989
v 3.658028 1.737047 -2.205788
v 3.658029 1.737047 -2.064590
v 3.658029 1.737047 -1.923393
v 3.658030 1.737046 -1.782195
v 3.658031 1.737046 -1.640997
v 3.629187 1.679479 -2.346923
v 3.630268 1.678708 -2.346930
v 3.630272 1.678708 -1.499742
v 3.629191 1.679479 -1.499736
v 3.658043 1.703753 -2.346818
v 3.659125 1.702990 -2.346817
v 3.659129 1.702990 -1.499630
v 3.658047 1.703753 -1.499630
v 3.630269 1.678708 -2.205732
v 3.630270 1.678708 -2.064534
v 3.630270 1.678708 -1.923336
v 3.630271 1.678708 -1.782138
v 3.630271 1.678708 -1.640940
v 3.629188 1.679479 -2.205725
v 3.629189 1.679479 -2.064528
v 3.629189 1.679479 -1.923330
v 3.629190 1.679479 -1.782132
v 3.629191 1.679479 -1.640934
v 3.659125 1.702990 -2.205620
v 3.659126 1.702990 -2.064422
v 3.659127 1.702990 -1.923224
v 3.659127 1.702990 -1.782026
v 3.659128 1.702990 -1.640828
v 3.658044 1.703753 -2.205620
v 3.658044 1.703753 -2.064422
v 3.658045 1.703753 -1.923224
v 3.658046 1.703753 -1.782026
v 3.658046 1.703753 -1.640828
v 3.629154 1.645385 -2.347383
v 3.630235 1.644605 -2.347397
v 3.630239 1.644604 -1.500210
v 3.629158 1.645384 -1.500196
v 3.658027 1.669964 -2.347016
v 3.659107 1.669190 -2.347024
v 3.659111 1.669189 -1.499837
v 3.658031 1.669964 -1.499829
v 3.630235 1.644605 -2.206199
v 3.630236 1.644605 -2.065002
v 3.630236 1.644605 -1.923804
v 3.630237 1.644604 -1.782606
v 3.630238 1.644604 -1.641408
v 3.629155 1.645385 -2.206185
v 3.629155 1.645385 -2.064987
v 3.629156 1.645385 -1.923789
v 3.629157 1.645384 -1.782592
v 3.629157 1.645385 -1.641394
v 3.659108 1.669190 -2.205827
v 3.659109 1.669190 -2.064629
v 3.659110 1.669190 -1.923431
v 3.659110 1.669190 -1.782233
v 3.659111 1.669189 -1.641035
v 3.658027 1.669964 -2.205818
v 3.658028 1.669964 -2.064620
v 3.658029 1.669964 -1.923422
v 3.658029 1.669964 -1.782225
v 3.658030 1.669963 -1.641026
v 3.629109 1.610972 -2.348185
v 3.630190 1.610186 -2.348206
v 3.630194 1.610185 -1.501019
v 3.629113 1.610971 -1.500998
v 3.657989 1.635766 -2.347572
v 3.659069 1.634984 -2.347588
v 3.659073 1.634984 -1.500401
v 3.657993 1.635766 -1.500384
v 3.630190 1.610185 -2.207009
v 3.630191 1.610185 -2.065811
v 3.630192 1.610185 -1.924613
v 3.630192 1.610185 -1.783415
v 3.630193 1.610185 -1.642217
v 3.629110 1.610971 -2.206987
v 3.629111 1.610971 -2.065789
v 3.629111 1.610971 -1.924591
v 3.629112 1.610971 -1.783393
v 3.629113 1.610971 -1.642195
v 3.659070 1.634984 -2.206390
v 3.659070 1.634984 -2.065192
v 3.659071 1.634984 -1.923995
v 3.659072 1.634984 -1.782797
v 3.659072 1.634984 -1.641599
v 3.657990 1.635766 -2.206374
v 3.657990 1.635766 -2.065176
v 3.657991 1.635766 -1.923978
v 3.657991 1.635765 -1.782780
v 3.657992 1.635765 -1.641582
v 3.629067 1.576363 -2.349305
v 3.630148 1.575573 -2.349334
v 3.630152 1.575573 -1.502146
v 3.629071 1.576362 -1.502118
v 3.657943 1.601282 -2.348459
v 3.659024 1.600495 -2.348483
v 3.659028 1.600494 -1.501296
v 3.657948 1.601281 -1.501272
v 3.630149 1.575573 -2.208136
v 3.630149 1.575573 -2.066938
v 3.630150 1.575573 -1.925740
v 3.630151 1.575573 -1.784542
v 3.630152 1.575573 -1.643344
v 3.629068 1.576362 -2.208107
v 3.629069 1.576363 -2.066909
v 3.629069 1.576362 -1.925711
v 3.629070 1.576362 -1.784514
v 3.629071 1.576362 -1.643316
v 3.659024 1.600495 -2.207285
v 3.659025 1.600495 -2.066087
v 3.659026 1.600494 -1.924889
v 3.659027 1.600494 -1.783691
v 3.659027 1.600494 -1.642493
v 3.657944 1.601281 -2.207262
v 3.657945 1.601282 -2.066064
v 3.657945 1.601281 -1.924866
v 3.657946 1.601281 -1.783668
v 3.657947 1.601281 -1.642470
v 3.629043 1.541682 -2.350720
v 3.630123 1.540892 -2.350754
v 3.630127 1.540891 -1.503567
v 3.629046 1.541681 -1.503533
v 3.657905 1.566633 -2.349654
v 3.658986 1.565843 -2.349683
v 3.658990 1.565843 -1.502496
v 3.657909 1.566632 -1.502466
v 3.630124 1.540892 -2.209557
v 3.630125 1.540892 -2.068359
v 3.630126 1.540892 -1.927161
v 3.630126 1.540891 -1.785963
v 3.630127 1.540891 -1.644765
v 3.629043 1.541682 -2.209522
v 3.629044 1.541682 -2.068325
v 3.629044 1.541681 -1.927127
v 3.629045 1.541681 -1.785929
v 3.629046 1.541681 -1.644731
v 3.658986 1.565843 -2.208485
v 3.658987 1.565843 -2.067287
v 3.658988 1.565843 -1.926090
v 3.658988 1.565842 -1.784892
v 3.658989 1.565843 -1.643694
v 3.657906 1.566633 -2.208456
v 3.657906 1.566632 -2.067258
v 3.657907 1.566633 -1.926060
v 3.657907 1.566633 -1.784862
v 3.657908 1.566632 -1.643664
v 3.629048 1.507052 -2.352407
v 3.630130 1.506264 -2.352446
v 3.630134 1.506263 -1.505259
v 3.629052 1.507051 -1.505220
v 3.657887 1.531942 -2.351129
v 3.658968 1.531152 -2.351164
v 3.658972 1.531151 -1.503977
v 3.657891 1.531941 -1.503942
v 3.630131 1.506264 -2.211248
v 3.630131 1.506264 -2.070050
v 3.630132 1.506264 -1.928852
v 3.630133 1.506263 -1.787655
v 3.630133 1.506263 -1.646456
v 3.629049 1.507052 -2.211209
v 3.629049 1.507052 -2.070011
v 3.629050 1.507052 -1.928813
v 3.629051 1.507051 -1.787615
v 3.629051 1.507051 -1.646417
v 3.658969 1.531152 -2.209966
v 3.658970 1.531152 -2.068768
v 3.658970 1.531152 -1.927570
v 3.658971 1.531151 -1.786373
v 3.658972 1.531152 -1.645175
v 3.657887 1.531941 -2.209931
v 3.657888 1.531941 -2.068733
v 3.657889 1.531942 -1.927536
v 3.657889 1.531941 -1.786338
v 3.657890 1.531941 -1.645140
v 3.629099 1.472596 -2.354341
v 3.630182 1.471813 -2.354384
v 3.630186 1.471812 -1.507197
v 3.629103 1.472596 -1.507154
v 3.657904 1.497330 -2.352860
v 3.658986 1.496543 -2.352900
v 3.658990 1.496543 -1.505713
v 3.657908 1.497330 -1.505673
v 3.630183 1.471813 -2.213187
v 3.630183 1.471813 -2.071989
v 3.630184 1.471813 -1.930791
v 3.630185 1.471813 -1.789593
v 3.630185 1.471813 -1.648395
v 3.629099 1.472597 -2.213143
v 3.629100 1.472596 -2.071945
v 3.629101 1.472596 -1.930748
v 3.629102 1.472596 -1.789550
v 3.629102 1.472596 -1.648352
v 3.658987 1.496543 -2.211702
v 3.658988 1.496543 -2.070504
v 3.658988 1.496542 -1.929306
v 3.658989 1.496542 -1.788108
v 3.658990 1.496542 -1.646910
v 3.657905 1.497330 -2.211663
v 3.657905 1.497330 -2.070465
v 3.657906 1.497330 -1.929267
v 3.657906 1.497330 -1.788069
v 3.657907 1.497330 -1.646871
v 3.629208 1.438438 -2.356499
v 3.630293 1.437662 -2.356546
v 3.630297 1.437661 -1.509358
v 3.629212 1.438438 -1.509312
v 3.657969 1.462920 -2.354822
v 3.659053 1.462138 -2.354865
v 3.659057 1.462137 -1.507678
v 3.657973 1.462920 -1.507635
v 3.630294 1.437662 -2.215348
v 3.630294 1.437662 -2.074150
v 3.630295 1.437661 -1.932952
v 3.630296 1.437662 -1.791754
v 3.630296 1.437662 -1.650556
v 3.629209 1.438438 -2.215302
v 3.629210 1.438438 -2.074104
v 3.629210 1.438438 -1.932906
v 3.629211 1.438438 -1.791708
v 3.629211 1.438438 -1.650510
v 3.659054 1.462138 -2.213667
v 3.659054 1.462138 -2.072469
v 3.659055 1.462138 -1.931271
v 3.659056 1.462138 -1.790074
v 3.659057 1.462138 -1.648876
v 3.657970 1.462920 -2.213624
v 3.657971 1.462920 -2.072426
v 3.657972 1.462920 -1.931228
v 3.657972 1.462920 -1.790030
v 3.657973 1.462920 -1.648832
v 3.629380 1.404641 -2.358827
v 3.630466 1.403872 -2.358874
v 3.630470 1.403871 -1.511687
v 3.629384 1.404641 -1.511640
v 3.658097 1.428831 -2.356987
v 3.659183 1.428055 -2.357032
v 3.659187 1.428055 -1.509845
v 3.658102 1.428830 -1.509800
v 3.630467 1.403871 -2.217676
v 3.630468 1.403871 -2.076478
v 3.630468 1.403871 -1.935280
v 3.630469 1.403871 -1.794083
v 3.630469 1.403871 -1.652885
v 3.629381 1.404642 -2.217630
v 3.629382 1.404641 -2.076432
v 3.629382 1.404641 -1.935234
v 3.629383 1.404641 -1.794036
v 3.629384 1.404641 -1.652838
v 3.659184 1.428055 -2.215834
v 3.659184 1.428056 -2.074636
v 3.659184 1.428055 -1.933439
v 3.659185 1.428055 -1.792241
v 3.659186 1.428055 -1.651043
v 3.658098 1.428830 -2.215789
v 3.658099 1.428831 -2.074591
v 3.658099 1.428830 -1.933393
v 3.658100 1.428831 -1.792195
v 3.658101 1.428830 -1.650997
v 3.608520 2.641784 -3.264496
v 3.609601 2.641022 -3.264496
v 3.609605 2.641021 -2.417309
v 3.608524 2.641784 -2.417309
v 3.637367 2.665917 -3.264496
v 3.638448 2.665154 -3.264496
v 3.638452 2.665154 -2.417309
v 3.637371 2.665916 -2.417309
v 3.609602 2.641021 -3.123298
v 3.609602 2.641021 -2.982100
v 3.609603 2.641021 -2.840903
v 3.609604 2.641021 -2.699705
v 3.609605 2.641021 -2.558507
v 3.608521 2.641784 -3.123298
v 3.608521 2.641784 -2.982100
v 3.608522 2.641784 -2.840903
v 3.608522 2.641784 -2.699705
v 3.608523 2.641784 -2.558507
v 3.638449 2.665154 -3.123298
v 3.638449 2.665154 -2.982100
v 3.638450 2.665154 -2.840902
v 3.638451 2.665154 -2.699705
v 3.638451 2.665154 -2.558507
v 3.637367 2.665917 -3.123299
v 3.637368 2.665917 -2.982101
v 3.637368 2.665917 -2.840903
v 3.637369 2.665916 -2.699705
v 3.637370 2.665916 -2.558507
v 3.608520 2.608256 -3.264496
v 3.609601 2.607493 -3.264496
v 3.609605 2.607493 -2.417309
v 3.608524 2.608256 -2.417309
v 3.637367 2.632389 -3.264496
v 3.638448 2.631626 -3.264496
v 3.638452 2.631625 -2.417309
v 3.637371 2.632388 -2.417309
v 3.609602 2.607493 -3.123298
v 3.609602 2.607493 -2.982100
v 3.609603 2.607493 -2.840903
v 3.609604 2.607493 -2.699705
v 3.609605 2.607493 -2.558507
v 3.608521 2.608256 -3.123298
v 3.608521 2.608256 -2.982100
v 3.608522 2.608256 -2.840903
v 3.608522 2.608256 -2.699705
v 3.608523 2.608256 -2.558507
v 3.638449 2.631625 -3.123298
v 3.638449 2.631625 -2.982100
v 3.638450 2.631625 -2.840902
v 3.638451 2.631625 -2.699705
v 3.638451 2.631625 -2.558507
v 3.637367 2.632388 -3.123299
v 3.637368 2.632388 -2.982101
v 3.637368 2.632388 -2.840903
v 3.637369 2.632388 -2.699705
v 3.637370 2.632388 -2.558507
v 3.608520 2.574728 -3.264496
v 3.609601 2.573965 -3.264496
v 3.609605 2.573965 -2.417309
v 3.608524 2.574728 -2.417309
v 3.637367 2.598860 -3.264496
v 3.638448 2.598097 -3.264496
v 3.638452 2.598097 -2.417309
v 3.637371 2.598860 -2.417309
v 3.609602 2.573965 -3.123298
v 3.609602 2.573965 -2.982100
v 3.609603 2.573965 -2.840902
v 3.609604 2.573965 -2.699705
v 3.609605 2.573965 -2.558506
v 3.608521 2.574728 -3.123298
v 3.608521 2.574728 -2.982100
v 3.608522 2.574728 -2.840903
v 3.608522 2.574728 -2.699705
v 3.608523 2.574728 -2.558507
v 3.638449 2.598097 -3.123298
v 3.638449 2.598097 -2.982100
v 3.638450 2.598097 -2.840902
v 3.638451 2.598097 -2.699705
v 3.638451 2.598097 -2.558507
v 3.637367 2.598860 -3.123299
v 3.637368 2.598860 -2.982101
v 3.637368 2.598860 -2.840903
v 3.637369 2.598860 -2.699705
v 3.637370 2.598860 -2.558507
v 3.608520 2.541199 -3.264496
v 3.609601 2.540437 -3.264496
v 3.609605 2.540436 -2.417309
v 3.608524 2.541199 -2.417309
v 3.637367 2.565332 -3.264496
v 3.638448 2.564569 -3.264496
v 3.638452 2.564569 -2.417309
v 3.637371 2.565331 -2.417309
v 3.609602 2.540436 -3.123298
v 3.609602 2.540436 -2.982100
v 3.609603 2.540436 -2.840902
v 3.609604 2.540436 -2.699705
v 3.609605 2.540436 -2.558506
v 3.608521 2.541199 -3.123298
v 3.608521 2.541199 -2.982100
v 3.608522 2.541199 -2.840903
v 3.608522 2.541199 -2.699705
v 3.608523 2.541199 -2.558507
v 3.638449 2.564569 -3.123298
v 3.638449 2.564569 -2.982100
v 3.638450 2.564569 -2.840902
v 3.638451 2.564569 -2.699705
v 3.638451 2.564569 -2.558507
v 3.637367 2.565332 -3.123298
v 3.637368 2.565332 -2.982101
v 3.637368 2.565332 -2.840903
v 3.637369 2.565332 -2.699705
v 3.637370 2.565331 -2.558507
v 3.608520 2.507671 -3.264496
v 3.609601 2.506908 -3.264496
v 3.609605 2.506907 -2.417309
v 3.608524 2.507670 -2.417309
v 3.637367 2.531803 -3.264496
v 3.638448 2.531040 -3.264496
v 3.638452 2.531040 -2.417309
v 3.637371 2.531803 -2.417309
v 3.609602 2.506908 -3.123298
v 3.609602 2.506908 -2.982100
v 3.609603 2.506908 -2.840902
v 3.609604 2.506908 -2.699705
v 3.609605 2.506908 -2.558506
v 3.608521 2.507671 -3.123298
v 3.608521 2.507671 -2.982100
v 3.608522 2.507671 -2.840903
v 3.608522 2.507671 -2.699705
v 3.608523 2.507671 -2.558507
v 3.638449 2.531040 -3.123298
v 3.638449 2.531040 -2.982100
v 3.638450 2.531040 -2.840902
v 3.638451 2.531040 -2.699705
v 3.638451 2.531040 -2.558507
v 3.637367 2.531803 -3.123298
v 3.637368 2.531803 -2.982101
v 3.637368 2.531803 -2.840903
v 3.637369 2.531803 -2.699705
v 3.637370 2.531803 -2.558507
v 3.608520 2.474143 -3.264496
v 3.609601 2.473380 -3.264496
v 3.609605 2.473379 -2.417309
v 3.608524 2.474142 -2.417309
v 3.637367 2.498275 -3.264496
v 3.638448 2.497512 -3.264496
v 3.638452 2.497512 -2.417309
v 3.637371 2.498275 -2.417309
v 3.609602 2.473380 -3.123298
v 3.609602 2.473380 -2.982100
v 3.609603 2.473379 -2.840902
v 3.609604 2.473379 -2.699705
v 3.609605 2.473379 -2.558506
v 3.608521 2.474143 -3.123298
v 3.608521 2.474143 -2.982100
v 3.608522 2.474142 -2.840903
v 3.608522 2.474142 -2.699705
v 3.608523 2.474142 -2.558507
v 3.638449 2.497512 -3.123298
v 3.638449 2.497512 -2.982100
v 3.638450 2.497512 -2.840902
v 3.638451 2.497512 -2.699705
v 3.638451 2.497512 -2.558507
v 3.637367 2.498275 -3.123298
v 3.637368 2.498275 -2.982101
v 3.637368 2.498275 -2.840903
v 3.637369 2.498275 -2.699705
v 3.637370 2.498275 -2.558507
v 3.608520 2.440614 -3.264496
v 3.609601 2.439851 -3.264496
v 3.609605 2.439851 -2.417309
v 3.608524 2.440614 -2.417309
v 3.637367 2.464746 -3.264496
v 3.638448 2.463984 -3.264496
v 3.638452 2.463983 -2.417309
v 3.637371 2.464746 -2.417309
v 3.609602 2.439851 -3.123298
v 3.609602 2.439851 -2.982100
v 3.609603 2.439851 -2.840902
v 3.609604 2.439851 -2.699705
v 3.609605 2.439851 -2.558506
v 3.608521 2.440614 -3.123298
v 3.608521 2.440614 -2.982100
v 3.608522 2.440614 -2.840903
v 3.608522 2.440614 -2.699705
v 3.608523 2.440614 -2.558507
v 3.638449 2.463984 -3.123298
v 3.638449 2.463984 -2.982100
v 3.638450 2.463984 -2.840902
v 3.638451 2.463983 -2.699705
v 3.638451 2.463983 -2.558506
v 3.637367 2.464746 -3.123298
v 3.637368 2.464746 -2.982101
v 3.637368 2.464746 -2.840903
v 3.637369 2.464746 -2.699705
v 3.637370 2.464746 -2.558507
v 3.608520 2.407086 -3.264496
v 3.609601 2.406323 -3.264496
v 3.609605 2.406322 -2.417309
v 3.608524 2.407085 -2.417309
v 3.637367 2.431218 -3.264496
v 3.638448 2.430455 -3.264496
v 3.638452 2.430455 -2.417309
v 3.637371 2.431218 -2.417309
v 3.609602 2.406323 -3.123298
v 3.609602 2.406323 -2.982100
v 3.609603 2.406322 -2.840902
v 3.609604 2.406322 -2.699705
v 3.609605 2.406322 -2.558506
v 3.608521 2.407086 -3.123298
v 3.608521 2.407086 -2.982100
v 3.608522 2.407085 -2.840903
v 3.608522 2.407085 -2.699705
v 3.608523 2.407085 -2.558507
v 3.638449 2.430455 -3.123298
v 3.638449 2.430455 -2.982100
v 3.638450 2.430455 -2.840902
v 3.638451 2.430455 -2.699705
v 3.638451 2.430455 -2.558506
v 3.637367 2.431218 -3.123298
v 3.637368 2.431218 -2.982101
v 3.637368 2.431218 -2.840903
v 3.637369 2.431218 -2.699705
v 3.637370 2.431218 -2.558507
v 3.608520 2.373557 -3.264496
v 3.609601 2.372794 -3.264496
v 3.609605 2.372794 -2.417309
v 3.608524 2.373557 -2.417309
v 3.637367 2.397690 -3.264496
v 3.638448 2.396927 -3.264496
v 3.638452 2.396926 -2.417309
v 3.637371 2.397689 -2.417309
v 3.609602 2.372794 -3.123298
v 3.609602 2.372794 -2.982100
v 3.609603 2.372794 -2.840902
v 3.609604 2.372794 -2.699705
v 3.609605 2.372794 -2.558506
v 3.608521 2.373557 -3.123298
v 3.608521 2.373557 -2.982100
v 3.608522 2.373557 -2.840903
v 3.608522 2.373557 -2.699705
v 3.608523 2.373557 -2.558507
v 3.638449 2.396927 -3.123298
v 3.638449 2.396927 -2.982100
v 3.638450 2.396927 -2.840902
v 3.638451 2.396927 -2.699705
v 3.638451 2.396926 -2.558506
v 3.637367 2.397690 -3.123298
v 3.637368 2.397690 -2.982101
v 3.637368 2.397690 -2.840903
v 3.637369 2.397690 -2.699705
v 3.637370 2.397689 -2.558507
v 3.608520 2.340029 -3.264496
v 3.609601 2.339266 -3.264496
v 3.609605 2.339266 -2.417309
v 3.608524 2.340029 -2.417309
v 3.637367 2.364161 -3.264496
v 3.638448 2.363398 -3.264496
v 3.638452 2.363398 -2.417309
v 3.637371 2.364161 -2.417309
v 3.609602 2.339266 -3.123298
v 3.609602 2.339266 -2.982100
v 3.609603 2.339266 -2.840902
v 3.609604 2.339266 -2.699705
v 3.609605 2.339266 -2.558506
v 3.608521 2.340029 -3.123298
v 3.608521 2.340029 -2.982100
v 3.608522 2.340029 -2.840903
v 3.608522 2.340029 -2.699705
v 3.608523 2.340029 -2.558507
v 3.638449 2.363398 -3.123298
v 3.638449 2.363398 -2.982100
v 3.638450 2.363398 -2.840902
v 3.638451 2.363398 -2.699705
v 3.638451 2.363398 -2.558506
v 3.637367 2.364161 -3.123298
v 3.637368 2.364161 -2.982101
v 3.637368 2.364161 -2.840903
v 3.637369 2.364161 -2.699705
v 3.637370 2.364161 -2.558507
v 3.608520 2.306500 -3.264496
v 3.609601 2.305737 -3.264496
v 3.609605 2.305737 -2.417309
v 3.608524 2.306500 -2.417309
v 3.637367 2.330633 -3.264496
v 3.638448 2.329870 -3.264496
v 3.638452 2.329870 -2.417309
v 3.637371 2.330632 -2.417309
v 3.609602 2.305737 -3.123298
v 3.609602 2.305737 -2.982100
v 3.609603 2.305737 -2.840902
v 3.609604 2.305737 -2.699705
v 3.609605 2.305737 -2.558506
v 3.608521 2.306500 -3.123298
v 3.608521 2.306500 -2.982100
v 3.608522 2.306500 -2.840903
v 3.608522 2.306500 -2.699705
v 3.608523 2.306500 -2.558507
v 3.638449 2.329870 -3.123298
v 3.638449 2.329870 -2.982100
v 3.638450 2.329870 -2.840902
v 3.638451 2.329870 -2.699705
v 3.638451 2.329870 -2.558506
v 3.637367 2.330633 -3.123298
v 3.637368 2.330633 -2.982101
v 3.637368 2.330633 -2.840903
v 3.637369 2.330633 -2.699705
v 3.637370 2.330633 -2.558507
v 3.608520 2.272972 -3.264496
v 3.609601 2.272209 -3.264496
v 3.609605 2.272209 -2.417309
v 3.608524 2.272972 -2.417309
v 3.637367 2.297105 -3.264496
v 3.638448 2.296342 -3.264496
v 3.638452 2.296341 -2.417309
v 3.637371 2.297104 -2.417309
v 3.609602 2.272209 -3.123298
v 3.609602 2.272209 -2.982100
v 3.609603 2.272209 -2.840902
v 3.609604 2.272209 -2.699705
v 3.609605 2.272209 -2.558506
v 3.608521 2.272972 -3.123298
v 3.608521 2.272972 -2.982100
v 3.608522 2.272972 -2.840903
v 3.608522 2.272972 -2.699705
v 3.608523 2.272972 -2.558507
v 3.638449 2.296341 -3.123298
v 3.638449 2.296341 -2.982100
v 3.638450 2.296341 -2.840902
v 3.638451 2.296341 -2.699705
v 3.638451 2.296341 -2.558506
v 3.637367 2.297104 -3.123298
v 3.637368 2.297104 -2.982101
v 3.637368 2.297104 -2.840903
v 3.637369 2.297104 -2.699705
v 3.637370 2.297104 -2.558507
v 3.608520 2.239444 -3.264496
v 3.609601 2.238681 -3.264496
v 3.609605 2.238680 -2.417309
v 3.608524 2.239443 -2.417309
v 3.637367 2.263576 -3.264496
v 3.638448 2.262813 -3.264496
v 3.638452 2.262813 -2.417309
v 3.637371 2.263576 -2.417309
v 3.609602 2.238681 -3.123298
v 3.609602 2.238681 -2.982100
v 3.609603 2.238681 -2.840902
v 3.609604 2.238681 -2.699705
v 3.609605 2.238681 -2.558506
v 3.608521 2.239444 -3.123298
v 3.608521 2.239444 -2.982100
v 3.608522 2.239444 -2.840903
v 3.608522 2.239444 -2.699705
v 3.608523 2.239444 -2.558507
v 3.638449 2.262813 -3.123298
v 3.638449 2.262813 -2.982100
v 3.638450 2.262813 -2.840902
v 3.638451 2.262813 -2.699705
v 3.638451 2.262813 -2.558506
v 3.637367 2.263576 -3.123298
v 3.637368 2.263576 -2.982101
v 3.637368 2.263576 -2.840903
v 3.637369 2.263576 -2.699705
v 3.637370 2.263576 -2.558507
v 3.608520 2.205915 -3.264496
v 3.609601 2.205153 -3.264496
v 3.609605 2.205152 -2.417309
v 3.608524 2.205915 -2.417309
v 3.637367 2.230048 -3.264496
v 3.638448 2.229285 -3.264496
v 3.638452 2.229285 -2.417309
v 3.637371 2.230047 -2.417309
v 3.609602 2.205153 -3.123298
v 3.609602 2.205153 -2.982100
v 3.609603 2.205152 -2.840902
v 3.609604 2.205152 -2.699705
v 3.609605 2.205152 -2.558506
v 3.608521 2.205915 -3.123298
v 3.608521 2.205915 -2.982100
v 3.608522 2.205915 -2.840903
v 3.608522 2.205915 -2.699705
v 3.608523 2.205915 -2.558507
v 3.638449 2.229285 -3.123298
v 3.638449 2.229285 -2.982100
v 3.638450 2.229285 -2.840902
v 3.638451 2.229285 -2.699705
v 3.638451 2.229285 -2.558506
v 3.637367 2.230048 -3.123298
v 3.637368 2.230048 -2.982101
v 3.637368 2.230048 -2.840903
v 3.637369 2.230048 -2.699705
v 3.637370 2.230047 -2.558507
v 3.608520 2.172391 -3.264494
v 3.609601 2.171628 -3.264493
v 3.609605 2.171628 -2.417306
v 3.608524 2.172390 -2.417306
v 3.637367 2.196519 -3.264496
v 3.638448 2.195756 -3.264496
v 3.638452 2.195756 -2.417309
v 3.637371 2.196519 -2.417309
v 3.609602 2.171628 -3.123296
v 3.609603 2.171628 -2.982098
v 3.609604 2.171628 -2.840900
v 3.609604 2.171628 -2.699702
v 3.609605 2.171628 -2.558504
v 3.608521 2.172391 -3.123296
v 3.608521 2.172390 -2.982098
v 3.608522 2.172390 -2.840900
v 3.608523 2.172390 -2.699702
v 3.608523 2.172390 -2.558504
v 3.638449 2.195756 -3.123298
v 3.638449 2.195756 -2.982100
v 3.638450 2.195756 -2.840902
v 3.638451 2.195756 -2.699705
v 3.638451 2.195756 -2.558506
v 3.637367 2.196519 -3.123298
v 3.637368 2.196519 -2.982101
v 3.637368 2.196519 -2.840903
v 3.637369 2.196519 -2.699705
v 3.637370 2.196519 -2.558507
v 3.608522 2.138896 -3.264469
v 3.609604 2.138135 -3.264468
v 3.609608 2.138134 -2.417281
v 3.608526 2.138896 -2.417282
v 3.637367 2.163000 -3.264490
v 3.638449 2.162237 -3.264489
v 3.638453 2.162237 -2.417302
v 3.637371 2.162999 -2.417303
v 3.609605 2.138135 -3.123270
v 3.609605 2.138135 -2.982073
v 3.609606 2.138134 -2.840874
v 3.609607 2.138134 -2.699677
v 3.609607 2.138134 -2.558479
v 3.608523 2.138896 -3.123271
v 3.608524 2.138896 -2.982074
v 3.608525 2.138896 -2.840876
v 3.608525 2.138896 -2.699678
v 3.608526 2.138896 -2.558480
v 3.638449 2.162237 -3.123292
v 3.638450 2.162237 -2.982094
v 3.638451 2.162237 -2.840896
v 3.638451 2.162237 -2.699698
v 3.638452 2.162237 -2.558500
v 3.637368 2.163000 -3.123293
v 3.637368 2.162999 -2.982095
v 3.637369 2.162999 -2.840897
v 3.637370 2.162999 -2.699699
v 3.637371 2.162999 -2.558501
v 3.608529 2.105468 -3.264398
v 3.609611 2.104708 -3.264395
v 3.609615 2.104707 -2.417208
v 3.608533 2.105467 -2.417211
v 3.637371 2.129520 -3.264456
v 3.638452 2.128759 -3.264453
v 3.638456 2.128759 -2.417266
v 3.637374 2.129520 -2.417268
v 3.609612 2.104708 -3.123198
v 3.609612 2.104708 -2.982000
v 3.609612 2.104707 -2.840802
v 3.609613 2.104707 -2.699604
v 3.609614 2.104707 -2.558406
v 3.608530 2.105468 -3.123200
v 3.608531 2.105467 -2.982002
v 3.608531 2.105467 -2.840804
v 3.608532 2.105467 -2.699606
v 3.608532 2.105467 -2.558408
v 3.638453 2.128759 -3.123256
v 3.638453 2.128759 -2.982058
v 3.638454 2.128759 -2.840860
v 3.638455 2.128759 -2.699662
v 3.638455 2.128759 -2.558464
v 3.637371 2.129520 -3.123257
v 3.637372 2.129520 -2.982059
v 3.637372 2.129520 -2.840862
v 3.637373 2.129520 -2.699664
v 3.637374 2.129520 -2.558466
v 3.608543 2.072140 -3.264254
v 3.609624 2.071383 -3.264249
v 3.609628 2.071383 -2.417062
v 3.608546 2.072140 -2.417067
v 3.637379 2.096116 -3.264366
v 3.638460 2.095357 -3.264363
v 3.638464 2.095357 -2.417176
v 3.637383 2.096116 -2.417179
v 3.609625 2.071383 -3.123052
v 3.609626 2.071383 -2.981854
v 3.609626 2.071383 -2.840656
v 3.609627 2.071383 -2.699458
v 3.609628 2.071383 -2.558260
v 3.608543 2.072140 -3.123056
v 3.608544 2.072140 -2.981858
v 3.608544 2.072140 -2.840660
v 3.608545 2.072140 -2.699462
v 3.608546 2.072140 -2.558264
v 3.638461 2.095357 -3.123165
v 3.638462 2.095357 -2.981967
v 3.638463 2.095357 -2.840769
v 3.638463 2.095357 -2.699571
v 3.638464 2.095357 -2.558374
v 3.637379 2.096116 -3.123168
v 3.637380 2.096116 -2.981970
v 3.637381 2.096116 -2.840772
v 3.637382 2.096116 -2.699575
v 3.637382 2.096116 -2.558377
v 3.608565 2.038948 -3.264012
v 3.609647 2.038195 -3.264005
v 3.609651 2.038195 -2.416818
v 3.608569 2.038948 -2.416825
v 3.637395 2.062823 -3.264198
v 3.638476 2.062067 -3.264192
v 3.638481 2.062067 -2.417005
v 3.637398 2.062822 -2.417010
v 3.609648 2.038195 -3.122807
v 3.609649 2.038195 -2.981610
v 3.609649 2.038195 -2.840411
v 3.609650 2.038195 -2.699214
v 3.609650 2.038195 -2.558016
v 3.608566 2.038948 -3.122814
v 3.608567 2.038948 -2.981616
v 3.608567 2.038948 -2.840418
v 3.608568 2.038948 -2.699220
v 3.608569 2.038948 -2.558023
v 3.638477 2.062067 -3.122994
v 3.638478 2.062067 -2.981796
v 3.638479 2.062067 -2.840598
v 3.638479 2.062067 -2.699401
v 3.638480 2.062067 -2.558203
v 3.637395 2.062823 -3.122999
v 3.637396 2.062823 -2.981801
v 3.637397 2.062823 -2.840604
v 3.637397 2.062823 -2.699406
v 3.637398 2.062823 -2.558208
v 3.608600 2.005929 -3.263647
v 3.609682 2.005180 -3.263637
v 3.609686 2.005179 -2.416450
v 3.608603 2.005928 -2.416460
v 3.637420 2.029676 -3.263924
v 3.638502 2.028924 -3.263916
v 3.638506 2.028924 -2.416728
v 3.637424 2.029675 -2.416736
v 3.609682 2.005180 -3.122439
v 3.609683 2.005180 -2.981241
v 3.609684 2.005179 -2.840043
v 3.609684 2.005179 -2.698845
v 3.609685 2.005179 -2.557647
v 3.608600 2.005929 -3.122449
v 3.608601 2.005929 -2.981251
v 3.608601 2.005928 -2.840054
v 3.608602 2.005928 -2.698855
v 3.608603 2.005929 -2.557658
v 3.638503 2.028924 -3.122718
v 3.638504 2.028924 -2.981520
v 3.638505 2.028924 -2.840322
v 3.638505 2.028924 -2.699124
v 3.638506 2.028924 -2.557926
v 3.637421 2.029676 -3.122725
v 3.637421 2.029676 -2.981528
v 3.637422 2.029676 -2.840330
v 3.637423 2.029676 -2.699132
v 3.637424 2.029676 -2.557934
v 3.608648 1.973116 -3.263133
v 3.609730 1.972372 -3.263120
v 3.609734 1.972372 -2.415932
v 3.608651 1.973116 -2.415946
v 3.637458 1.996711 -3.263520
v 3.638541 1.995963 -3.263508
v 3.638545 1.995963 -2.416321
v 3.637462 1.996710 -2.416332
v 3.609731 1.972372 -3.121922
v 3.609731 1.972372 -2.980724
v 3.609732 1.972372 -2.839526
v 3.609733 1.972372 -2.698328
v 3.609734 1.972372 -2.557130
v 3.608648 1.973116 -3.121936
v 3.608649 1.973116 -2.980737
v 3.608650 1.973116 -2.839540
v 3.608650 1.973116 -2.698342
v 3.608651 1.973116 -2.557144
v 3.638541 1.995963 -3.122310
v 3.638542 1.995963 -2.981112
v 3.638543 1.995963 -2.839914
v 3.638543 1.995963 -2.698717
v 3.638544 1.995963 -2.557519
v 3.637459 1.996711 -3.122321
v 3.637459 1.996711 -2.981124
v 3.637460 1.996711 -2.839926
v 3.637461 1.996711 -2.698728
v 3.637461 1.996711 -2.557530
v 3.608712 1.940545 -3.262446
v 3.609795 1.939807 -3.262429
v 3.609799 1.939807 -2.415241
v 3.608716 1.940545 -2.415259
v 3.637511 1.963963 -3.262959
v 3.638593 1.963220 -3.262944
v 3.638597 1.963220 -2.415757
v 3.637514 1.963962 -2.415772
v 3.609796 1.939807 -3.121230
v 3.609797 1.939807 -2.980033
v 3.609797 1.939807 -2.838835
v 3.609798 1.939807 -2.697637
v 3.609798 1.939807 -2.556439
v 3.608713 1.940545 -3.121248
v 3.608713 1.940545 -2.980051
v 3.608714 1.940545 -2.838852
v 3.608715 1.940545 -2.697655
v 3.608715 1.940545 -2.556457
v 3.638594 1.963220 -3.121747
v 3.638595 1.963220 -2.980549
v 3.638595 1.963220 -2.839351
v 3.638596 1.963220 -2.698153
v 3.638597 1.963220 -2.556955
v 3.637511 1.963963 -3.121762
v 3.637512 1.963963 -2.980564
v 3.637513 1.963963 -2.839366
v 3.637513 1.963963 -2.698168
v 3.637514 1.963962 -2.556970
v 3.608792 1.908202 -3.261596
v 3.609875 1.907468 -3.261575
v 3.609879 1.907467 -2.414388
v 3.608796 1.908201 -2.414409
v 3.637580 1.931462 -3.262222
v 3.638663 1.930725 -3.262203
v 3.638667 1.930725 -2.415015
v 3.637583 1.931462 -2.415034
v 3.609876 1.907467 -3.120377
v 3.609876 1.907467 -2.979179
v 3.609877 1.907467 -2.837982
v 3.609878 1.907467 -2.696784
v 3.609878 1.907467 -2.555586
v 3.608792 1.908202 -3.120398
v 3.608793 1.908202 -2.979200
v 3.608794 1.908201 -2.838002
v 3.608794 1.908201 -2.696805
v 3.608795 1.908201 -2.555607
v 3.638664 1.930725 -3.121005
v 3.638664 1.930725 -2.979807
v 3.638665 1.930725 -2.838609
v 3.638666 1.930725 -2.697411
v 3.638666 1.930725 -2.556214
v 3.637580 1.931462 -3.121024
v 3.637581 1.931462 -2.979826
v 3.637582 1.931462 -2.838628
v 3.637582 1.931462 -2.697430
v 3.637583 1.931462 -2.556232
v 3.608880 1.875987 -3.260653
v 3.609963 1.875255 -3.260632
v 3.609967 1.875254 -2.413444
v 3.608884 1.875986 -2.413466
v 3.637662 1.899165 -3.261338
v 3.638746 1.898432 -3.261317
v 3.638750 1.898432 -2.414129
v 3.637666 1.899165 -2.414150
v 3.609964 1.875254 -3.119434
v 3.609965 1.875254 -2.978236
v 3.609965 1.875254 -2.837038
v 3.609966 1.875254 -2.695840
v 3.609967 1.875254 -2.554642
v 3.608881 1.875987 -3.119455
v 3.608881 1.875987 -2.978258
v 3.608882 1.875987 -2.837060
v 3.608883 1.875986 -2.695862
v 3.608883 1.875986 -2.554664
v 3.638747 1.898432 -3.120119
v 3.638747 1.898432 -2.978921
v 3.638748 1.898432 -2.837723
v 3.638749 1.898432 -2.696525
v 3.638749 1.898432 -2.555327
v 3.637663 1.899165 -3.120140
v 3.637664 1.899165 -2.978942
v 3.637664 1.899165 -2.837744
v 3.637665 1.899165 -2.696547
v 3.637666 1.899165 -2.555349
v 3.608970 1.843795 -3.259694
v 3.610053 1.843062 -3.259673
v 3.610057 1.843061 -2.412486
v 3.608974 1.843794 -2.412507
v 3.637752 1.866968 -3.260383
v 3.638835 1.866236 -3.260361
v 3.638839 1.866235 -2.413174
v 3.637756 1.866967 -2.413196
v 3.610054 1.843062 -3.118475
v 3.610054 1.843062 -2.977278
v 3.610055 1.843062 -2.836079
v 3.610056 1.843061 -2.694882
v 3.610057 1.843061 -2.553684
v 3.608970 1.843795 -3.118497
v 3.608971 1.843795 -2.977299
v 3.608972 1.843795 -2.836101
v 3.608973 1.843794 -2.694903
v 3.608973 1.843794 -2.553705
v 3.638836 1.866235 -3.119163
v 3.638837 1.866235 -2.977965
v 3.638837 1.866235 -2.836767
v 3.638838 1.866235 -2.695570
v 3.638839 1.866235 -2.554372
v 3.637753 1.866968 -3.119185
v 3.637753 1.866968 -2.977988
v 3.637754 1.866968 -2.836790
v 3.637755 1.866968 -2.695592
v 3.637755 1.866967 -2.554394
v 3.609054 1.811519 -3.258795
v 3.610137 1.810784 -3.258776
v 3.610141 1.810783 -2.411589
v 3.609058 1.811519 -2.411608
v 3.637841 1.834763 -3.259434
v 3.638924 1.834029 -3.259412
v 3.638928 1.834029 -2.412225
v 3.637845 1.834763 -2.412246
v 3.610138 1.810783 -3.117578
v 3.610139 1.810783 -2.976380
v 3.610139 1.810783 -2.835182
v 3.610140 1.810783 -2.693985
v 3.610141 1.810783 -2.552787
v 3.609055 1.811520 -3.117597
v 3.609055 1.811519 -2.976400
v 3.609056 1.811519 -2.835202
v 3.609057 1.811519 -2.694004
v 3.609057 1.811519 -2.552806
v 3.638925 1.834029 -3.118214
v 3.638926 1.834029 -2.977016
v 3.638927 1.834029 -2.835819
v 3.638927 1.834029 -2.694621
v 3.638928 1.834029 -2.553423
v 3.637842 1.834763 -3.118236
v 3.637842 1.834763 -2.977038
v 3.637843 1.834763 -2.835840
v 3.637844 1.834763 -2.694642
v 3.637844 1.834763 -2.553444
v 3.609126 1.779055 -3.258032
v 3.610208 1.778313 -3.258017
v 3.610212 1.778313 -2.410829
v 3.609129 1.779055 -2.410845
v 3.637922 1.802445 -3.258565
v 3.639005 1.801708 -3.258546
v 3.639009 1.801707 -2.411359
v 3.637926 1.802445 -2.411377
v 3.610209 1.778313 -3.116819
v 3.610210 1.778313 -2.975621
v 3.610210 1.778313 -2.834423
v 3.610211 1.778313 -2.693225
v 3.610212 1.778313 -2.552027
v 3.609126 1.779055 -3.116834
v 3.609127 1.779055 -2.975636
v 3.609128 1.779054 -2.834439
v 3.609128 1.779055 -2.693241
v 3.609129 1.779055 -2.552043
v 3.639006 1.801708 -3.117348
v 3.639007 1.801708 -2.976150
v 3.639008 1.801708 -2.834953
v 3.639008 1.801707 -2.693754
v 3.639009 1.801707 -2.552557
v 3.637923 1.802445 -3.117367
v 3.637924 1.802445 -2.976169
v 3.637924 1.802445 -2.834971
v 3.637925 1.802445 -2.693773
v 3.637926 1.802445 -2.552575
v 3.609177 1.746295 -3.257481
v 3.610260 1.745545 -3.257471
v 3.610263 1.745544 -2.410284
v 3.609181 1.746294 -2.410294
v 3.637989 1.769909 -3.257853
v 3.639072 1.769165 -3.257839
v 3.639076 1.769165 -2.410652
v 3.637993 1.769908 -2.410666
v 3.610260 1.745545 -3.116273
v 3.610261 1.745545 -2.975075
v 3.610261 1.745545 -2.833878
v 3.610262 1.745545 -2.692680
v 3.610263 1.745544 -2.551482
v 3.609178 1.746295 -3.116283
v 3.609179 1.746294 -2.975085
v 3.609179 1.746294 -2.833887
v 3.609180 1.746294 -2.692689
v 3.609180 1.746294 -2.551491
v 3.639072 1.769165 -3.116641
v 3.639073 1.769165 -2.975443
v 3.639074 1.769165 -2.834245
v 3.639075 1.769165 -2.693048
v 3.639075 1.769164 -2.551850
v 3.637990 1.769909 -3.116655
v 3.637990 1.769909 -2.975457
v 3.637991 1.769908 -2.834259
v 3.637991 1.769908 -2.693062
v 3.637992 1.769908 -2.551863
v 3.609202 1.713133 -3.257218
v 3.610283 1.712373 -3.257216
v 3.610287 1.712372 -2.410028
v 3.609206 1.713132 -2.410031
v 3.638034 1.737047 -3.257375
v 3.639116 1.736294 -3.257367
v 3.639120 1.736294 -2.410180
v 3.638038 1.737046 -2.410188
v 3.610284 1.712373 -3.116018
v 3.610285 1.712373 -2.974820
v 3.610286 1.712373 -2.833622
v 3.610286 1.712373 -2.692424
v 3.610287 1.712372 -2.551226
v 3.609202 1.713133 -3.116020
v 3.609203 1.713133 -2.974822
v 3.609204 1.713133 -2.833624
v 3.609205 1.713132 -2.692426
v 3.609205 1.713133 -2.551229
v 3.639117 1.736294 -3.116169
v 3.639117 1.736294 -2.974971
v 3.639118 1.736294 -2.833774
v 3.639119 1.736294 -2.692575
v 3.639119 1.736294 -2.551378
v 3.638034 1.737046 -3.116177
v 3.638035 1.737046 -2.974979
v 3.638036 1.737046 -2.833781
v 3.638036 1.737046 -2.692584
v 3.638037 1.737046 -2.551386
v 3.609194 1.679479 -3.257312
v 3.610275 1.678708 -3.257318
v 3.610279 1.678707 -2.410131
v 3.609198 1.679479 -2.410125
v 3.638050 1.703753 -3.257206
v 3.639131 1.702990 -3.257206
v 3.639135 1.702989 -2.410019
v 3.638053 1.703753 -2.410019
v 3.610275 1.678708 -3.116121
v 3.610276 1.678708 -2.974923
v 3.610277 1.678708 -2.833725
v 3.610277 1.678707 -2.692527
v 3.610278 1.678708 -2.551329
v 3.609195 1.679479 -3.116114
v 3.609195 1.679479 -2.974916
v 3.609196 1.679479 -2.833719
v 3.609197 1.679479 -2.692521
v 3.609197 1.679479 -2.551323
v 3.639132 1.702990 -3.116009
v 3.639132 1.702990 -2.974811
v 3.639133 1.702990 -2.833613
v 3.639133 1.702990 -2.692415
v 3.639134 1.702989 -2.551217
v 3.638050 1.703753 -3.116009
v 3.638051 1.703753 -2.974811
v 3.638052 1.703753 -2.833613
v 3.638052 1.703753 -2.692415
v 3.638053 1.703753 -2.551217
v 3.609160 1.645384 -3.257772
v 3.610241 1.644605 -3.257787
v 3.610245 1.644604 -2.410599
v 3.609165 1.645384 -2.410585
v 3.638033 1.669964 -3.257405
v 3.639114 1.669189 -3.257413
v 3.639118 1.669189 -2.410226
v 3.638037 1.669963 -2.410218
v 3.610242 1.644605 -3.116588
v 3.610242 1.644604 -2.975390
v 3.610243 1.644604 -2.834193
v 3.610244 1.644604 -2.692995
v 3.610244 1.644604 -2.551797
v 3.609161 1.645385 -3.116574
v 3.609162 1.645385 -2.975376
v 3.609163 1.645385 -2.834178
v 3.609163 1.645384 -2.692980
v 3.609164 1.645384 -2.551782
v 3.639114 1.669189 -3.116215
v 3.639115 1.669190 -2.975018
v 3.639116 1.669189 -2.833820
v 3.639117 1.669189 -2.692622
v 3.639117 1.669189 -2.551424
v 3.638034 1.669964 -3.116207
v 3.638034 1.669964 -2.975009
v 3.638035 1.669964 -2.833812
v 3.638036 1.669963 -2.692613
v 3.638036 1.669963 -2.551415
v 3.609116 1.610972 -3.258574
v 3.610196 1.610186 -3.258595
v 3.610200 1.610185 -2.411408
v 3.609120 1.610971 -2.411386
v 3.637995 1.635766 -3.257961
v 3.639076 1.634984 -3.257977
v 3.639080 1.634983 -2.410790
v 3.637999 1.635765 -2.410773
v 3.610197 1.610185 -3.117398
v 3.610198 1.610185 -2.976200
v 3.610198 1.610185 -2.835002
v 3.610199 1.610185 -2.693804
v 3.610199 1.610185 -2.552606
v 3.609117 1.610971 -3.117376
v 3.609117 1.610971 -2.976178
v 3.609118 1.610971 -2.834980
v 3.609118 1.610971 -2.693782
v 3.609119 1.610971 -2.552584
v 3.639076 1.634984 -3.116779
v 3.639077 1.634984 -2.975581
v 3.639078 1.634984 -2.834383
v 3.639078 1.634984 -2.693185
v 3.639079 1.634983 -2.551987
v 3.637996 1.635766 -3.116763
v 3.637997 1.635766 -2.975565
v 3.637997 1.635766 -2.834367
v 3.637998 1.635765 -2.693169
v 3.637998 1.635765 -2.551971
v 3.609074 1.576363 -3.259694
v 3.610154 1.575573 -3.259722
v 3.610158 1.575573 -2.412535
v 3.609078 1.576362 -2.412507
v 3.637950 1.601281 -3.258848
v 3.639030 1.600494 -3.258872
v 3.639034 1.600494 -2.411685
v 3.637954 1.601281 -2.411661
v 3.610155 1.575573 -3.118525
v 3.610156 1.575573 -2.977327
v 3.610157 1.575573 -2.836128
v 3.610157 1.575573 -2.694931
v 3.610158 1.575573 -2.553733
v 3.609075 1.576362 -3.118496
v 3.609075 1.576363 -2.977298
v 3.609076 1.576362 -2.836100
v 3.609077 1.576362 -2.694902
v 3.609077 1.576362 -2.553705
v 3.639031 1.600494 -3.117674
v 3.639032 1.600494 -2.976476
v 3.639032 1.600494 -2.835278
v 3.639033 1.600494 -2.694080
v 3.639034 1.600494 -2.552882
v 3.637950 1.601281 -3.117651
v 3.637951 1.601282 -2.976453
v 3.637952 1.601281 -2.835255
v 3.637953 1.601281 -2.694057
v 3.637953 1.601281 -2.552859
v 3.609049 1.541682 -3.261109
v 3.610130 1.540892 -3.261143
v 3.610134 1.540891 -2.413956
v 3.609053 1.541681 -2.413922
v 3.637911 1.566633 -3.260043
v 3.638992 1.565843 -3.260072
v 3.638996 1.565842 -2.412885
v 3.637915 1.566632 -2.412855
v 3.610131 1.540892 -3.119946
v 3.610131 1.540892 -2.978748
v 3.610132 1.540892 -2.837549
v 3.610133 1.540891 -2.696352
v 3.610133 1.540891 -2.555154
v 3.609050 1.541682 -3.119911
v 3.609050 1.541682 -2.978713
v 3.609051 1.541681 -2.837516
v 3.609051 1.541681 -2.696318
v 3.609052 1.541681 -2.555120
v 3.638993 1.565843 -3.118874
v 3.638994 1.565843 -2.977676
v 3.638994 1.565843 -2.836478
v 3.638995 1.565842 -2.695281
v 3.638996 1.565843 -2.554083
v 3.637912 1.566632 -3.118845
v 3.637913 1.566632 -2.977647
v 3.637913 1.566633 -2.836449
v 3.637914 1.566633 -2.695251
v 3.637915 1.566632 -2.554054
v 3.609055 1.507052 -3.262796
v 3.610137 1.506264 -3.262835
v 3.610140 1.506263 -2.415648
v 3.609059 1.507051 -2.415609
v 3.637893 1.531941 -3.261518
v 3.638975 1.531151 -3.261553
v 3.638979 1.531151 -2.414366
v 3.637897 1.531941 -2.414331
v 3.610137 1.506264 -3.121637
v 3.610138 1.506263 -2.980439
v 3.610139 1.506264 -2.839241
v 3.610139 1.506263 -2.698043
v 3.610140 1.506263 -2.556845
v 3.609055 1.507052 -3.121598
v 3.609056 1.507051 -2.980400
v 3.609056 1.507052 -2.839202
v 3.609057 1.507051 -2.698004
v 3.609058 1.507051 -2.556806
v 3.638975 1.531151 -3.120355
v 3.638976 1.531152 -2.979157
v 3.638977 1.531151 -2.837959
v 3.638978 1.531151 -2.696762
v 3.638978 1.531151 -2.555563
v 3.637894 1.531941 -3.120320
v 3.637895 1.531941 -2.979122
v 3.637895 1.531941 -2.837924
v 3.637896 1.531941 -2.696726
v 3.637897 1.531941 -2.555529
v 3.609105 1.472596 -3.264730
v 3.610188 1.471813 -3.264773
v 3.610192 1.471812 -2.417586
v 3.609109 1.472596 -2.417543
v 3.637910 1.497330 -3.263249
v 3.638993 1.496543 -3.263288
v 3.638997 1.496542 -2.416101
v 3.637914 1.497330 -2.416062
v 3.610189 1.471813 -3.123575
v 3.610189 1.471813 -2.982378
v 3.610190 1.471813 -2.841179
v 3.610191 1.471813 -2.699982
v 3.610192 1.471812 -2.558784
v 3.609106 1.472596 -3.123532
v 3.609107 1.472596 -2.982334
v 3.609107 1.472596 -2.841136
v 3.609108 1.472596 -2.699939
v 3.609109 1.472596 -2.558741
v 3.638993 1.496543 -3.122091
v 3.638994 1.496543 -2.980893
v 3.638995 1.496542 -2.839695
v 3.638995 1.496542 -2.698497
v 3.638996 1.496542 -2.557299
v 3.637911 1.497330 -3.122051
v 3.637912 1.497330 -2.980853
v 3.637912 1.497330 -2.839656
v 3.637913 1.497330 -2.698457
v 3.637913 1.497330 -2.557260
v 3.609215 1.438438 -3.266888
v 3.610300 1.437662 -3.266935
v 3.610303 1.437661 -2.419747
v 3.609219 1.438437 -2.419701
v 3.637976 1.462920 -3.265211
v 3.639060 1.462138 -3.265254
v 3.639064 1.462137 -2.418067
v 3.637980 1.462920 -2.418023
v 3.610300 1.437662 -3.125736
v 3.610301 1.437661 -2.984539
v 3.610301 1.437661 -2.843341
v 3.610302 1.437662 -2.702143
v 3.610303 1.437661 -2.560945
v 3.609215 1.438438 -3.125690
v 3.609216 1.438438 -2.984493
v 3.609217 1.438438 -2.843294
v 3.609217 1.438438 -2.702097
v 3.609218 1.438438 -2.560899
v 3.639060 1.462138 -3.124056
v 3.639061 1.462138 -2.982858
v 3.639062 1.462138 -2.841660
v 3.639062 1.462138 -2.700462
v 3.639063 1.462138 -2.559264
v 3.637977 1.462920 -3.124013
v 3.637977 1.462920 -2.982815
v 3.637978 1.462920 -2.841617
v 3.637979 1.462920 -2.700419
v 3.637979 1.462920 -2.559222
v 3.609387 1.404641 -3.269216
v 3.610473 1.403871 -3.269263
v 3.610476 1.403870 -2.422076
v 3.609391 1.404641 -2.422029
v 3.638104 1.428831 -3.267376
v 3.639189 1.428055 -3.267421
v 3.639193 1.428055 -2.420234
v 3.638108 1.428830 -2.420188
v 3.610473 1.403871 -3.128065
v 3.610474 1.403871 -2.986867
v 3.610475 1.403871 -2.845669
v 3.610475 1.403870 -2.704471
v 3.610476 1.403870 -2.563274
v 3.609388 1.404641 -3.128018
v 3.609388 1.404641 -2.986821
v 3.609389 1.404641 -2.845623
v 3.609389 1.404641 -2.704425
v 3.609390 1.404641 -2.563227
v 3.639190 1.428055 -3.126223
v 3.639190 1.428055 -2.985025
v 3.639191 1.428055 -2.843827
v 3.639192 1.428055 -2.702630
v 3.639193 1.428055 -2.561432
v 3.638105 1.428830 -3.126178
v 3.638105 1.428831 -2.984980
v 3.638106 1.428830 -2.843782
v 3.638107 1.428831 -2.702584
v 3.638107 1.428830 -2.561386
vn -0.5766 -0.8170 -0.0000
vn 0.5764 0.8172 -0.0000
vn -0.0000 -0.0000 -1.0000
vn 0.6416 -0.7670 -0.0000
vn -0.0000 0.0002 1.0000
vn -0.6417 0.7670 -0.0000
vn -0.5764 -0.8171 -0.0000
vn -0.5764 -0.8172 -0.0000
vn 0.5763 0.8173 -0.0000
vn 0.5765 0.8171 -0.0000
vn 0.6417 -0.7670 -0.0000
vn -0.6416 0.7670 -0.0000
vn 0.5761 0.8174 -0.0000
vn -0.5765 -0.8171 -0.0000
vn 0.5762 0.8173 -0.0000
vn -0.0000 -0.0000 1.0000
vn -0.0005 -0.0000 1.0000
vn 0.5766 0.8170 -0.0000
vn -0.0001 -0.0002 -1.0000
vn -0.0000 0.0004 1.0000
vn -0.5762 -0.8173 -0.0000
vn 0.6416 -0.7671 -0.0000
vn -0.5754 -0.8179 -0.0000
vn 0.5764 0.8171 -0.0000
vn 0.0003 -0.0012 -1.0000
vn 0.6412 -0.7674 -0.0000
vn -0.0000 0.0012 1.0000
vn -0.6412 0.7674 -0.0000
vn -0.5755 -0.8178 -0.0000
vn -0.5757 -0.8177 -0.0000
vn -0.5758 -0.8176 -0.0000
vn 0.5760 0.8175 -0.0000
vn -0.6412 0.7673 -0.0000
vn -0.5747 -0.8184 -0.0000
vn 0.5756 0.8177 -0.0000
vn 0.0003 -0.0027 -1.0000
vn 0.6405 -0.7680 -0.0000
vn -0.0005 0.0029 1.0000
vn -0.6405 0.7680 -0.0000
vn -0.5744 -0.8186 -0.0000
vn -0.5745 -0.8185 -0.0000
vn 0.5757 0.8177 -0.0000
vn 0.5756 0.8178 -0.0000
vn 0.5751 0.8181 -0.0000
vn 0.5752 0.8180 -0.0000
vn 0.6404 -0.7680 -0.0000
vn -0.5733 -0.8193 -0.0000
vn 0.5742 0.8187 -0.0000
vn -0.0001 -0.0051 -1.0000
vn 0.6393 -0.7690 -0.0000
vn -0.0010 0.0054 1.0000
vn -0.6393 0.7689 -0.0000
vn -0.5733 -0.8194 -0.0000
vn -0.5731 -0.8195 -0.0000
vn 0.5746 0.8184 -0.0000
vn 0.5743 0.8187 -0.0000
vn 0.5744 0.8186 -0.0000
vn 0.5741 0.8188 -0.0000
vn 0.6393 -0.7689 -0.0000
vn -0.5713 -0.8207 -0.0000
vn 0.5726 0.8198 -0.0000
vn 0.0006 -0.0084 -1.0000
vn 0.6378 -0.7702 -0.0000
vn -0.0005 0.0085 1.0000
vn -0.6378 0.7702 -0.0000
vn -0.5715 -0.8206 -0.0000
vn -0.5711 -0.8209 -0.0000
vn -0.5714 -0.8207 -0.0000
vn -0.5712 -0.8208 -0.0000
vn 0.5727 0.8198 -0.0000
vn 0.5729 0.8196 -0.0000
vn 0.5730 0.8196 -0.0000
vn -0.5689 -0.8224 -0.0000
vn 0.5707 0.8212 -0.0000
vn 0.0007 -0.0125 -0.9999
vn 0.6359 -0.7718 -0.0000
vn -0.0005 0.0125 0.9999
vn -0.6359 0.7718 -0.0000
vn -0.5690 -0.8223 -0.0000
vn -0.5691 -0.8223 -0.0000
vn 0.5710 0.8210 -0.0000
vn 0.5709 0.8210 -0.0000
vn 0.5706 0.8212 -0.0000
vn 0.5708 0.8211 -0.0000
vn -0.5664 -0.8241 -0.0000
vn 0.5682 0.8229 -0.0000
vn 0.0007 -0.0173 -0.9999
vn 0.6335 -0.7737 -0.0000
vn -0.0010 0.0173 0.9998
vn -0.6336 0.7737 -0.0000
vn -0.5663 -0.8242 -0.0000
vn -0.5665 -0.8241 -0.0000
vn -0.5660 -0.8244 -0.0000
vn 0.5681 0.8230 -0.0000
vn 0.5685 0.8227 -0.0000
vn 0.5684 0.8228 -0.0000
vn 0.6336 -0.7737 -0.0000
vn -0.5632 -0.8263 -0.0000
vn 0.5653 0.8249 -0.0000
vn 0.0008 -0.0228 -0.9997
vn 0.6308 -0.7759 -0.0000
vn -0.0010 0.0230 0.9997
vn -0.6309 0.7759 -0.0000
vn -0.5631 -0.8264 -0.0000
vn -0.5634 -0.8262 -0.0000
vn 0.5657 0.8246 -0.0000
vn 0.5656 0.8247 -0.0000
vn 0.5651 0.8251 -0.0000
vn 0.5654 0.8248 -0.0000
vn 0.5652 0.8249 -0.0000
vn -0.5610 -0.8278 -0.0000
vn 0.5627 0.8267 -0.0000
vn 0.0004 -0.0276 -0.9996
vn 0.6284 -0.7779 -0.0000
vn -0.0005 0.0278 0.9996
vn -0.6285 0.7778 -0.0000
vn -0.5611 -0.8277 -0.0000
vn -0.5608 -0.8280 -0.0000
vn 0.5623 0.8269 -0.0000
vn 0.5624 0.8269 -0.0000
vn 0.5623 0.8270 -0.0000
vn 0.5626 0.8268 -0.0000
vn -0.5603 -0.8283 -0.0000
vn 0.5604 0.8282 -0.0000
vn -0.0000 -0.0296 -0.9996
vn 0.6272 -0.7789 -0.0000
vn -0.0005 0.0300 0.9996
vn -0.6272 0.7789 -0.0000
vn -0.5597 -0.8287 -0.0000
vn -0.5601 -0.8284 -0.0000
vn -0.5599 -0.8286 -0.0000
vn -0.5599 -0.8285 -0.0000
vn -0.5602 -0.8284 -0.0000
vn 0.5606 0.8281 -0.0000
vn 0.5603 0.8283 -0.0000
vn -0.6272 0.7788 -0.0000
vn 0.5599 0.8285 -0.0000
vn -0.0001 -0.0295 -0.9996
vn 0.6271 -0.7789 -0.0000
vn -0.0000 0.0297 0.9996
vn -0.6271 0.7789 -0.0000
vn -0.5605 -0.8282 -0.0000
vn -0.5604 -0.8282 -0.0000
vn 0.5598 0.8286 -0.0000
vn 0.5600 0.8285 -0.0000
vn -0.5623 -0.8269 -0.0000
vn 0.5605 0.8282 -0.0000
vn -0.0007 -0.0267 -0.9996
vn 0.6282 -0.7780 -0.0000
vn 0.0005 0.0269 0.9996
vn -0.6282 0.7780 -0.0000
vn -0.5620 -0.8271 -0.0000
vn -0.5620 -0.8272 -0.0000
vn -0.5619 -0.8272 -0.0000
vn -0.5624 -0.8269 -0.0000
vn -0.5622 -0.8270 -0.0000
vn 0.5611 0.8277 -0.0000
vn 0.5609 0.8279 -0.0000
vn 0.5607 0.8280 -0.0000
vn 0.6283 -0.7780 -0.0000
vn -0.5651 -0.8250 -0.0000
vn 0.5629 0.8265 -0.0000
vn -0.0009 -0.0217 -0.9998
vn 0.6305 -0.7762 -0.0000
vn 0.0005 0.0219 0.9998
vn -0.6305 0.7762 -0.0000
vn -0.5652 -0.8249 -0.0000
vn 0.5628 0.8266 -0.0000
vn 0.5630 0.8264 -0.0000
vn 0.6306 -0.7761 -0.0000
vn -0.5695 -0.8220 -0.0000
vn 0.5661 0.8244 -0.0000
vn -0.0009 -0.0144 -0.9999
vn 0.6340 -0.7733 -0.0000
vn 0.0005 0.0146 0.9999
vn -0.6339 0.7734 -0.0000
vn -0.5692 -0.8222 -0.0000
vn -0.5693 -0.8221 -0.0000
vn 0.5664 0.8241 -0.0000
vn 0.5663 0.8242 -0.0000
vn 0.5665 0.8241 -0.0000
vn 0.5662 0.8242 -0.0000
vn 0.6340 -0.7734 -0.0000
vn -0.5752 -0.8180 -0.0000
vn -0.0016 -0.0048 -1.0000
vn 0.6385 -0.7696 -0.0000
vn 0.0015 0.0050 1.0000
vn -0.6384 0.7697 -0.0000
vn -0.5753 -0.8179 -0.0000
vn -0.5750 -0.8181 -0.0000
vn -0.5749 -0.8182 -0.0000
vn -0.5751 -0.8181 -0.0000
vn -0.5809 -0.8140 -0.0000
vn -0.0015 0.0063 -1.0000
vn 0.6439 -0.7652 -0.0000
vn 0.0010 -0.0061 1.0000
vn -0.6437 0.7653 -0.0000
vn -0.5810 -0.8139 -0.0000
vn -0.5811 -0.8138 -0.0000
vn -0.5808 -0.8141 -0.0000
vn 0.5767 0.8169 -0.0000
vn 0.5769 0.8168 -0.0000
vn 0.6438 -0.7652 -0.0000
vn 0.6439 -0.7651 -0.0000
vn -0.6437 0.7652 -0.0000
vn -0.5852 -0.8109 -0.0000
vn 0.5820 0.8132 -0.0000
vn -0.0014 0.0165 -0.9999
vn 0.6483 -0.7614 -0.0000
vn 0.0014 -0.0163 0.9999
vn -0.6482 0.7614 -0.0000
vn -0.5855 -0.8107 -0.0000
vn -0.5857 -0.8105 -0.0000
vn -0.5853 -0.8108 -0.0000
vn 0.5823 0.8130 -0.0000
vn 0.5827 0.8127 -0.0000
vn 0.5824 0.8129 -0.0000
vn 0.5825 0.8128 -0.0000
vn 0.5821 0.8131 -0.0000
vn -0.6482 0.7615 -0.0000
vn -0.5882 -0.8087 -0.0000
vn 0.5860 0.8103 -0.0000
vn -0.0011 0.0261 -0.9997
vn 0.6515 -0.7587 -0.0000
vn 0.0009 -0.0259 0.9997
vn -0.6514 0.7587 -0.0000
vn -0.5883 -0.8086 -0.0000
vn -0.5884 -0.8086 -0.0000
vn -0.5883 -0.8087 -0.0000
vn -0.5885 -0.8085 -0.0000
vn 0.5865 0.8100 -0.0000
vn 0.5867 0.8098 -0.0000
vn 0.5863 0.8101 -0.0000
vn 0.5862 0.8102 -0.0000
vn -0.5897 -0.8076 -0.0000
vn 0.5890 0.8082 -0.0000
vn -0.0009 0.0350 -0.9994
vn 0.6534 -0.7570 -0.0000
vn 0.0009 -0.0348 0.9994
vn -0.6533 0.7571 -0.0000
vn -0.5900 -0.8074 -0.0000
vn -0.5897 -0.8077 -0.0000
vn -0.5901 -0.8073 -0.0000
vn -0.5898 -0.8076 -0.0000
vn 0.5886 0.8084 -0.0000
vn 0.5887 0.8084 -0.0000
vn 0.5889 0.8082 -0.0000
vn 0.5888 0.8083 -0.0000
vn -0.5898 -0.8075 -0.0000
vn 0.5899 0.8075 -0.0000
vn -0.0002 0.0430 -0.9991
vn 0.6540 -0.7565 -0.0000
vn 0.0005 -0.0428 0.9991
vn -0.6540 0.7565 -0.0000
vn -0.5896 -0.8077 -0.0000
vn 0.5903 0.8072 -0.0000
vn 0.5906 0.8070 -0.0000
vn -0.5888 -0.8083 -0.0000
vn 0.5896 0.8077 -0.0000
vn 0.0007 0.0505 -0.9987
vn 0.6533 -0.7571 -0.0000
vn -0.0009 -0.0504 0.9987
vn -0.6534 0.7570 -0.0000
vn -0.5889 -0.8082 -0.0000
vn -0.5886 -0.8084 -0.0000
vn 0.5897 0.8076 -0.0000
vn 0.5900 0.8074 -0.0000
vn 0.6534 -0.7571 -0.0000
vn -0.5860 -0.8103 -0.0000
vn 0.5879 0.8089 -0.0000
vn 0.0019 0.0576 -0.9983
vn 0.6514 -0.7587 -0.0000
vn -0.0019 -0.0576 0.9983
vn -0.6515 0.7587 -0.0000
vn -0.5863 -0.8101 -0.0000
vn -0.5862 -0.8102 -0.0000
vn -0.5858 -0.8104 -0.0000
vn 0.5881 0.8088 -0.0000
vn 0.5883 0.8086 -0.0000
vn 0.5883 0.8087 -0.0000
vn -0.5820 -0.8132 -0.0000
vn 0.5853 0.8108 -0.0000
vn 0.0034 0.0643 -0.9979
vn 0.6481 -0.7615 -0.0000
vn -0.0033 -0.0643 0.9979
vn -0.5822 -0.8131 -0.0000
vn -0.5821 -0.8131 -0.0000
vn -0.5819 -0.8132 -0.0000
vn 0.5855 0.8107 -0.0000
vn 0.5854 0.8108 -0.0000
vn -0.5786 -0.8156 -0.0000
vn 0.5811 0.8138 -0.0000
vn 0.0059 0.0689 -0.9976
vn 0.6442 -0.7649 -0.0000
vn -0.0062 -0.0686 0.9976
vn -0.6442 0.7648 -0.0000
vn -0.5789 -0.8154 -0.0000
vn -0.5783 -0.8158 -0.0000
vn -0.5784 -0.8157 -0.0000
vn -0.5787 -0.8155 -0.0000
vn -0.5790 -0.8153 -0.0000
vn 0.5818 0.8134 -0.0000
vn 0.5811 0.8139 -0.0000
vn 0.5809 0.8140 -0.0000
vn 0.5813 0.8137 -0.0000
vn -0.0001 -0.0000 -1.0000
vn 0.0002 0.0002 1.0000
vn 0.5763 0.8172 -0.0000
vn 0.0001 -0.0002 -1.0000
vn -0.0002 0.0004 1.0000
vn -0.6416 0.7671 -0.0000
vn 0.5760 0.8174 -0.0000
vn -0.0002 0.0012 1.0000
vn 0.5753 0.8180 -0.0000
vn 0.5754 0.8179 -0.0000
vn 0.5758 0.8176 -0.0000
vn 0.5743 0.8186 -0.0000
vn 0.0002 -0.0051 -1.0000
vn -0.0005 0.0054 1.0000
vn -0.5730 -0.8195 -0.0000
vn -0.5736 -0.8191 -0.0000
vn -0.5735 -0.8192 -0.0000
vn 0.5745 0.8185 -0.0000
vn 0.5748 0.8183 -0.0000
vn 0.5728 0.8197 -0.0000
vn -0.0007 0.0086 1.0000
vn -0.5694 -0.8221 -0.0000
vn 0.5707 0.8211 -0.0000
vn 0.5711 0.8209 -0.0000
vn 0.5686 0.8226 -0.0000
vn 0.0009 -0.0173 -0.9998
vn -0.0007 0.0173 0.9999
vn -0.5661 -0.8244 -0.0000
vn 0.5683 0.8228 -0.0000
vn 0.5655 0.8247 -0.0000
vn 0.0009 -0.0228 -0.9997
vn -0.0007 0.0230 0.9997
vn -0.5630 -0.8265 -0.0000
vn 0.5655 0.8248 -0.0000
vn 0.5622 0.8270 -0.0000
vn 0.0006 -0.0276 -0.9996
vn -0.0008 0.0278 0.9996
vn -0.5612 -0.8277 -0.0000
vn 0.5625 0.8268 -0.0000
vn 0.5626 0.8267 -0.0000
vn 0.5605 0.8281 -0.0000
vn -0.0002 -0.0296 -0.9996
vn -0.0003 0.0300 0.9996
vn 0.5608 0.8280 -0.0000
vn 0.5602 0.8283 -0.0000
vn 0.5601 0.8284 -0.0000
vn 0.0003 0.0297 0.9996
vn -0.5606 -0.8281 -0.0000
vn 0.5599 0.8286 -0.0000
vn -0.5621 -0.8271 -0.0000
vn -0.0006 -0.0268 -0.9996
vn -0.6282 0.7781 -0.0000
vn -0.5621 -0.8270 -0.0000
vn -0.5653 -0.8249 -0.0000
vn 0.0007 0.0219 0.9998
vn -0.5650 -0.8251 -0.0000
vn 0.5632 0.8263 -0.0000
vn -0.0011 -0.0144 -0.9999
vn 0.0010 0.0145 0.9999
vn 0.5658 0.8245 -0.0000
vn 0.5662 0.8243 -0.0000
vn 0.5661 0.8243 -0.0000
vn -0.0015 -0.0048 -1.0000
vn 0.0012 0.0050 1.0000
vn -0.5749 -0.8183 -0.0000
vn 0.5710 0.8209 -0.0000
vn 0.5709 0.8211 -0.0000
vn -0.5812 -0.8138 -0.0000
vn 0.5768 0.8169 -0.0000
vn -0.0018 0.0063 -1.0000
vn 0.0012 -0.0061 1.0000
vn -0.5806 -0.8142 -0.0000
vn -0.5809 -0.8139 -0.0000
vn 0.5767 0.8170 -0.0000
vn -0.5854 -0.8107 -0.0000
vn -0.5853 -0.8109 -0.0000
vn 0.5819 0.8133 -0.0000
vn -0.0009 0.0261 -0.9997
vn 0.0012 -0.0259 0.9997
vn -0.5881 -0.8088 -0.0000
vn -0.5879 -0.8089 -0.0000
vn 0.5887 0.8083 -0.0000
vn -0.0010 0.0350 -0.9994
vn 0.0012 -0.0348 0.9994
vn -0.5899 -0.8075 -0.0000
vn 0.5885 0.8085 -0.0000
vn -0.5901 -0.8074 -0.0000
vn -0.0000 -0.0428 0.9991
vn 0.5901 0.8073 -0.0000
vn -0.5887 -0.8083 -0.0000
vn 0.5898 0.8075 -0.0000
vn 0.0004 0.0504 -0.9987
vn -0.0007 -0.0505 0.9987
vn -0.5890 -0.8081 -0.0000
vn 0.5894 0.8078 -0.0000
vn 0.5884 0.8086 -0.0000
vn 0.0018 0.0577 -0.9983
vn 0.5880 0.8088 -0.0000
vn -0.5824 -0.8129 -0.0000
vn 0.5851 0.8110 -0.0000
vn 0.0033 0.0643 -0.9979
vn 0.6481 -0.7616 -0.0000
vn -0.5818 -0.8133 -0.0000
vn -0.5825 -0.8128 -0.0000
vn 0.5852 0.8109 -0.0000
vn 0.5855 0.8106 -0.0000
vn -0.5785 -0.8157 -0.0000
vn 0.0059 0.0690 -0.9976
vn -0.0060 -0.0686 0.9976
vn -0.5784 -0.8158 -0.0000
vn 0.5814 0.8136 -0.0000
vn 0.5815 0.8135 -0.0000
vn -0.0000 0.0001 1.0000
vn 0.5766 0.8171 -0.0000
vn -0.0002 0.0002 1.0000
vn -0.5763 -0.8172 -0.0000
vn -0.0002 0.0003 1.0000
vn 0.0002 -0.0011 -1.0000
vn 0.0004 -0.0028 -1.0000
vn -0.0002 0.0027 1.0000
vn -0.5746 -0.8184 -0.0000
vn 0.5755 0.8178 -0.0000
vn 0.5753 0.8179 -0.0000
vn 0.0003 -0.0052 -1.0000
vn -0.0005 0.0052 1.0000
vn 0.0004 -0.0084 -1.0000
vn -0.0007 0.0085 1.0000
vn -0.5714 -0.8206 -0.0000
vn -0.5716 -0.8205 -0.0000
vn 0.5724 0.8200 -0.0000
vn 0.0007 -0.0123 -0.9999
vn 0.6358 -0.7718 -0.0000
vn -0.0010 0.0126 0.9999
vn -0.5688 -0.8225 -0.0000
vn 0.0008 -0.0173 -0.9999
vn -0.5662 -0.8242 -0.0000
vn 0.5684 0.8227 -0.0000
vn 0.0009 -0.0230 -0.9997
vn -0.0010 0.0231 0.9997
vn -0.5635 -0.8262 -0.0000
vn -0.5607 -0.8280 -0.0000
vn 0.0004 -0.0274 -0.9996
vn -0.0008 0.0277 0.9996
vn 0.0003 -0.0297 -0.9996
vn -0.0003 0.0298 0.9996
vn 0.5608 0.8279 -0.0000
vn -0.0002 -0.0295 -0.9996
vn -0.0000 0.0296 0.9996
vn -0.0005 -0.0268 -0.9996
vn -0.0010 -0.0217 -0.9998
vn 0.0010 0.0218 0.9998
vn 0.5630 0.8265 -0.0000
vn 0.6305 -0.7761 -0.0000
vn -0.5697 -0.8219 -0.0000
vn -0.0012 -0.0143 -0.9999
vn 0.5660 0.8244 -0.0000
vn -0.0014 -0.0049 -1.0000
vn 0.0015 0.0049 1.0000
vn -0.0016 0.0062 -1.0000
vn 0.0012 -0.0060 1.0000
vn -0.5804 -0.8143 -0.0000
vn -0.0013 0.0166 -0.9999
vn 0.0012 -0.0164 0.9999
vn -0.5856 -0.8106 -0.0000
vn -0.5851 -0.8110 -0.0000
vn 0.0012 -0.0261 0.9997
vn -0.5880 -0.8088 -0.0000
vn 0.5861 0.8102 -0.0000
vn -0.0008 0.0349 -0.9994
vn 0.0007 -0.0346 0.9994
vn 0.5884 0.8085 -0.0000
vn -0.0001 0.0429 -0.9991
vn -0.0002 -0.0427 0.9991
vn -0.5895 -0.8077 -0.0000
vn -0.5887 -0.8084 -0.0000
vn 0.0007 0.0504 -0.9987
vn -0.5891 -0.8081 -0.0000
vn 0.5892 0.8080 -0.0000
vn 0.5897 0.8077 -0.0000
vn 0.0017 0.0577 -0.9983
vn -0.0021 -0.0575 0.9983
vn -0.5861 -0.8103 -0.0000
vn -0.5859 -0.8103 -0.0000
vn -0.5825 -0.8129 -0.0000
vn 0.0034 0.0644 -0.9979
vn -0.0036 -0.0642 0.9979
vn 0.0061 0.0689 -0.9976
vn -0.5787 -0.8156 -0.0000
vn -0.5783 -0.8159 -0.0000
vn -0.6443 0.7648 -0.0000
vn -0.0001 0.0002 1.0000
vn 0.0001 -0.0011 -1.0000
vn 0.5754 0.8178 -0.0000
vn -0.0004 0.0028 1.0000
vn 0.0005 -0.0052 -1.0000
vn -0.0005 0.0053 1.0000
vn 0.0005 -0.0084 -1.0000
vn -0.0006 0.0085 1.0000
vn -0.5718 -0.8204 -0.0000
vn 0.5725 0.8199 -0.0000
vn 0.0006 -0.0124 -0.9999
vn -0.0007 0.0125 0.9999
vn -0.0009 0.0174 0.9998
vn 0.0007 -0.0229 -0.9997
vn -0.0009 0.0231 0.9997
vn 0.0005 -0.0275 -0.9996
vn -0.0005 0.0276 0.9996
vn -0.5613 -0.8276 -0.0000
vn 0.5624 0.8268 -0.0000
vn 0.0001 -0.0297 -0.9996
vn -0.0004 0.0299 0.9996
vn 0.0001 0.0296 0.9996
vn 0.5597 0.8287 -0.0000
vn 0.0005 0.0268 0.9996
vn -0.5624 -0.8268 -0.0000
vn 0.5627 0.8266 -0.0000
vn -0.0008 -0.0217 -0.9998
vn 0.0006 0.0219 0.9998
vn 0.5631 0.8264 -0.0000
vn -0.0012 -0.0144 -0.9999
vn 0.0012 0.0145 0.9999
vn 0.5659 0.8245 -0.0000
vn 0.0012 0.0049 1.0000
vn -0.0015 0.0062 -1.0000
vn -0.5805 -0.8143 -0.0000
vn 0.5822 0.8130 -0.0000
vn -0.0015 0.0166 -0.9999
vn -0.5855 -0.8106 -0.0000
vn -0.0012 0.0261 -0.9997
vn 0.0011 -0.0260 0.9997
vn -0.5879 -0.8090 -0.0000
vn 0.0006 -0.0346 0.9994
vn 0.0002 -0.0428 0.9991
vn -0.5899 -0.8074 -0.0000
vn 0.0006 0.0505 -0.9987
vn -0.0009 -0.0505 0.9987
vn -0.5890 -0.8082 -0.0000
vn 0.5882 0.8087 -0.0000
vn -0.0020 -0.0575 0.9983
vn -0.5861 -0.8102 -0.0000
vn -0.5862 -0.8101 -0.0000
vn -0.5823 -0.8130 -0.0000
vn 0.0035 0.0644 -0.9979
vn -0.0036 -0.0641 0.9979
vn -0.5819 -0.8133 -0.0000
vn -0.0061 -0.0686 0.9976
vn -0.5782 -0.8159 -0.0000
vn -0.5788 -0.8155 -0.0000
vn -0.0001 0.0001 1.0000
vn -0.5768 -0.8169 -0.0000
vn -0.5761 -0.8174 -0.0000
vn -0.0000 -0.0002 -1.0000
vn -0.5760 -0.8175 -0.0000
vn -0.5756 -0.8177 -0.0000
vn -0.0003 0.0012 1.0000
vn 0.0003 -0.0028 -1.0000
vn -0.5748 -0.8183 -0.0000
vn 0.0004 -0.0052 -1.0000
vn 0.5726 0.8199 -0.0000
vn 0.5729 0.8197 -0.0000
vn -0.5662 -0.8243 -0.0000
vn -0.0009 0.0173 0.9998
vn 0.0008 -0.0229 -0.9997
vn -0.0009 0.0230 0.9997
vn 0.5649 0.8252 -0.0000
vn -0.0006 0.0277 0.9996
vn -0.5609 -0.8279 -0.0000
vn 0.0004 0.0269 0.9996
vn 0.5610 0.8278 -0.0000
vn -0.5648 -0.8252 -0.0000
vn -0.5646 -0.8254 -0.0000
vn 0.5659 0.8244 -0.0000
vn -0.0014 -0.0048 -1.0000
vn 0.0014 0.0049 1.0000
vn 0.0014 -0.0061 1.0000
vn -0.5808 -0.8140 -0.0000
vn -0.5807 -0.8141 -0.0000
vn -0.0014 0.0166 -0.9999
vn 0.0013 -0.0164 0.9999
vn -0.5858 -0.8105 -0.0000
vn -0.5882 -0.8088 -0.0000
vn 0.5866 0.8099 -0.0000
vn -0.0009 0.0349 -0.9994
vn 0.0006 -0.0347 0.9994
vn 0.5890 0.8081 -0.0000
vn 0.0001 -0.0428 0.9991
vn -0.5902 -0.8072 -0.0000
vn -0.0007 -0.0504 0.9987
vn -0.0019 -0.0575 0.9983
vn -0.5859 -0.8104 -0.0000
vn -0.5788 -0.8154 -0.0000
vn 0.0003 -0.0011 -1.0000
vn 0.5757 0.8176 -0.0000
vn 0.0005 -0.0028 -1.0000
vn -0.0003 0.0028 1.0000
vn 0.5747 0.8184 -0.0000
vn 0.0005 -0.0123 -0.9999
vn -0.5658 -0.8245 -0.0000
vn 0.5681 0.8229 -0.0000
vn 0.5652 0.8250 -0.0000
vn -0.5633 -0.8263 -0.0000
vn 0.5656 0.8246 -0.0000
vn 0.0005 -0.0274 -0.9996
vn -0.0006 0.0276 0.9996
vn 0.0002 -0.0297 -0.9996
vn -0.5618 -0.8273 -0.0000
vn -0.0011 -0.0143 -0.9999
vn -0.0013 -0.0049 -1.0000
vn -0.5854 -0.8108 -0.0000
vn -0.5880 -0.8089 -0.0000
vn -0.0010 0.0349 -0.9994
vn -0.5894 -0.8078 -0.0000
vn 0.0008 0.0504 -0.9987
vn 0.0061 0.0688 -0.9976
vn 0.5812 0.8138 -0.0000
vn -0.0002 0.0001 1.0000
vn -0.0002 -0.0000 -1.0000
vn -0.0004 0.0013 1.0000
vn -0.5759 -0.8175 -0.0000
vn 0.5759 0.8175 -0.0000
vn 0.0001 -0.0027 -1.0000
vn -0.0002 0.0028 1.0000
vn 0.5744 0.8185 -0.0000
vn 0.5740 0.8189 -0.0000
vn 0.0008 -0.0084 -1.0000
vn 0.5730 0.8195 -0.0000
vn 0.5727 0.8197 -0.0000
vn 0.0008 -0.0172 -0.9999
vn -0.0007 0.0174 0.9998
vn -0.5667 -0.8239 -0.0000
vn 0.0005 -0.0228 -0.9997
vn 0.5649 0.8251 -0.0000
vn -0.0001 0.0299 0.9996
vn 0.0001 0.0297 0.9996
vn -0.0004 -0.0267 -0.9996
vn -0.0007 -0.0217 -0.9998
vn -0.0015 -0.0143 -0.9999
vn 0.5666 0.8240 -0.0000
vn -0.0012 -0.0048 -1.0000
vn 0.0013 0.0049 1.0000
vn 0.0016 -0.0061 1.0000
vn 0.0011 -0.0164 0.9999
vn 0.5865 0.8099 -0.0000
vn -0.0011 0.0350 -0.9994
vn 0.0008 -0.0347 0.9994
vn -0.5903 -0.8072 -0.0000
vn -0.5895 -0.8078 -0.0000
vn -0.5902 -0.8073 -0.0000
vn 0.0019 0.0577 -0.9983
vn -0.0018 -0.0575 0.9983
vn 0.5856 0.8106 -0.0000
vn 0.0058 0.0689 -0.9976
vn -0.0005 0.0001 1.0000
vn 0.0001 -0.0000 -1.0000
vn -0.0005 0.0002 1.0000
vn 0.0004 -0.0002 -1.0000
vn -0.0005 0.0013 1.0000
vn 0.0005 -0.0027 -1.0000
vn 0.0007 -0.0052 -1.0000
vn -0.0007 0.0052 1.0000
vn -0.5738 -0.8190 -0.0000
vn 0.0002 -0.0084 -1.0000
vn 0.0006 -0.0125 -0.9999
vn 0.0006 -0.0171 -0.9999
vn -0.0005 0.0277 0.9996
vn 0.0002 -0.0296 -0.9996
vn -0.0003 0.0299 0.9996
vn -0.0014 -0.0144 -0.9999
vn -0.0013 -0.0048 -1.0000
vn -0.0016 0.0063 -1.0000
vn -0.0012 0.0167 -0.9999
vn -0.0014 0.0261 -0.9997
vn 0.5862 0.8101 -0.0000
vn 0.0007 -0.0347 0.9994
vn -0.0003 0.0430 -0.9991
vn 0.5904 0.8071 -0.0000
vn 0.0004 0.0506 -0.9987
vn -0.6534 0.7571 -0.0000
vn 0.0017 0.0578 -0.9983
vn 0.0033 0.0645 -0.9979
vn 0.5850 0.8110 -0.0000
vn 0.6441 -0.7649 -0.0000
vn -0.0003 0.0002 1.0000
vn -0.0000 -0.0004 -1.0000
vn 0.0003 -0.0000 1.0000
vn 0.0005 -0.0004 -1.0000
vn 0.0003 0.0001 1.0000
vn -0.5763 -0.8173 -0.0000
vn -0.0000 -0.0010 -1.0000
vn -0.0002 0.0007 1.0000
vn -0.0000 -0.0026 -1.0000
vn -0.0000 0.0022 1.0000
vn 0.5749 0.8182 -0.0000
vn -0.0000 -0.0045 -1.0000
vn 0.0001 0.0045 1.0000
vn -0.5734 -0.8193 -0.0000
vn -0.5713 -0.8208 -0.0000
vn -0.0002 -0.0075 -1.0000
vn 0.0003 0.0073 1.0000
vn -0.5717 -0.8205 -0.0000
vn 0.5704 0.8214 -0.0000
vn -0.0002 -0.0114 -0.9999
vn 0.0002 0.0111 0.9999
vn -0.5690 -0.8224 -0.0000
vn -0.0005 -0.0159 -0.9999
vn 0.0009 0.0157 0.9999
vn 0.5687 0.8225 -0.0000
vn -0.0005 -0.0213 -0.9998
vn 0.0005 0.0211 0.9998
vn -0.5630 -0.8264 -0.0000
vn -0.0003 -0.0265 -0.9996
vn 0.0002 0.0265 0.9996
vn 0.5620 0.8271 -0.0000
vn 0.0003 -0.0296 -0.9996
vn -0.0001 0.0292 0.9996
vn -0.5598 -0.8286 -0.0000
vn -0.5600 -0.8285 -0.0000
vn -0.0000 -0.0301 -0.9995
vn -0.0005 0.0300 0.9995
vn 0.0008 -0.0282 -0.9996
vn -0.0004 0.0280 0.9996
vn -0.5655 -0.8248 -0.0000
vn 0.0010 -0.0239 -0.9997
vn -0.0008 0.0237 0.9997
vn -0.5649 -0.8251 -0.0000
vn -0.5654 -0.8248 -0.0000
vn 0.0012 -0.0172 -0.9999
vn -0.0009 0.0171 0.9999
vn -0.5694 -0.8220 -0.0000
vn 0.0017 -0.0083 -1.0000
vn -0.0018 0.0081 1.0000
vn -0.5747 -0.8183 -0.0000
vn -0.5750 -0.8182 -0.0000
vn 0.5713 0.8207 -0.0000
vn 0.0019 0.0025 -1.0000
vn -0.0019 -0.0025 1.0000
vn -0.5813 -0.8137 -0.0000
vn 0.0017 0.0132 -0.9999
vn -0.0020 -0.0133 0.9999
vn -0.5850 -0.8110 -0.0000
vn 0.5864 0.8100 -0.0000
vn 0.0014 0.0229 -0.9997
vn -0.0016 -0.0231 0.9997
vn -0.5878 -0.8090 -0.0000
vn 0.0019 0.0318 -0.9995
vn -0.0018 -0.0320 0.9995
vn 0.0021 0.0402 -0.9992
vn -0.0021 -0.0405 0.9992
vn -0.5904 -0.8071 -0.0000
vn 0.5905 0.8071 -0.0000
vn 0.5898 0.8076 -0.0000
vn 0.0028 0.0479 -0.9988
vn -0.0026 -0.0482 0.9988
vn 0.5893 0.8079 -0.0000
vn 0.0042 0.0553 -0.9985
vn -0.0036 -0.0555 0.9985
vn -0.5864 -0.8100 -0.0000
vn 0.0052 0.0622 -0.9981
vn -0.0057 -0.0624 0.9980
vn -0.5817 -0.8134 -0.0000
vn 0.0069 0.0677 -0.9977
vn -0.0066 -0.0680 0.9977
vn -0.5780 -0.8160 -0.0000
vn 0.5812 0.8137 -0.0000
vn 0.5816 0.8135 -0.0000
vn -0.0004 0.0002 1.0000
vn -0.0002 -0.0004 -1.0000
vn 0.0001 -0.0000 1.0000
vn 0.0001 0.0001 1.0000
vn -0.0000 0.0007 1.0000
vn 0.0002 -0.0026 -1.0000
vn 0.0004 0.0022 1.0000
vn -0.5746 -0.8185 -0.0000
vn -0.5743 -0.8186 -0.0000
vn -0.5732 -0.8194 -0.0000
vn -0.0001 0.0045 1.0000
vn 0.5746 0.8185 -0.0000
vn 0.5739 0.8189 -0.0000
vn 0.0008 0.0073 1.0000
vn 0.0003 0.0111 0.9999
vn -0.5693 -0.8222 -0.0000
vn 0.5678 0.8232 -0.0000
vn 0.0008 0.0157 0.9999
vn 0.5651 0.8250 -0.0000
vn 0.0006 0.0211 0.9998
vn 0.5658 0.8246 -0.0000
vn -0.0005 -0.0265 -0.9996
vn 0.0004 0.0265 0.9996
vn -0.5608 -0.8279 -0.0000
vn 0.0002 0.0292 0.9996
vn 0.5596 0.8287 -0.0000
vn -0.0004 0.0300 0.9995
vn -0.0007 0.0280 0.9996
vn -0.5652 -0.8250 -0.0000
vn 0.0012 -0.0239 -0.9997
vn -0.0009 0.0237 0.9997
vn -0.5649 -0.8252 -0.0000
vn -0.5697 -0.8218 -0.0000
vn -0.0011 0.0171 0.9999
vn -0.5696 -0.8219 -0.0000
vn -0.0015 0.0081 1.0000
vn 0.5704 0.8213 -0.0000
vn -0.0017 -0.0025 1.0000
vn 0.0019 0.0132 -0.9999
vn -0.0017 -0.0133 0.9999
vn -0.0019 -0.0231 0.9997
vn 0.5861 0.8103 -0.0000
vn 0.0016 0.0318 -0.9995
vn -0.0019 -0.0320 0.9995
vn -0.0020 -0.0405 0.9992
vn 0.0033 0.0479 -0.9988
vn -0.0024 -0.0482 0.9988
vn -0.5886 -0.8085 -0.0000
vn 0.0040 0.0553 -0.9985
vn -0.5865 -0.8099 -0.0000
vn 0.5880 0.8089 -0.0000
vn 0.0055 0.0622 -0.9980
vn -0.0054 -0.0623 0.9980
vn 0.5851 0.8109 -0.0000
vn 0.5854 0.8107 -0.0000
vn 0.5814 0.8137 -0.0000
vn 0.0067 0.0677 -0.9977
vn -0.0068 -0.0681 0.9977
vn 0.0004 -0.0003 -1.0000
vn -0.5767 -0.8170 -0.0000
vn 0.0002 -0.0003 -1.0000
vn -0.0000 -0.0009 -1.0000
vn 0.0002 0.0008 1.0000
vn -0.5760 -0.8174 -0.0000
vn -0.0000 -0.0024 -1.0000
vn 0.0003 0.0022 1.0000
vn -0.0001 -0.0045 -1.0000
vn 0.0005 0.0044 1.0000
vn 0.5722 0.8201 -0.0000
vn 0.0004 0.0074 1.0000
vn -0.5711 -0.8208 -0.0000
vn -0.0004 -0.0113 -0.9999
vn 0.0006 0.0111 0.9999
vn -0.5691 -0.8222 -0.0000
vn 0.5705 0.8213 -0.0000
vn 0.0009 0.0156 0.9999
vn -0.5664 -0.8242 -0.0000
vn -0.5666 -0.8240 -0.0000
vn -0.0006 -0.0213 -0.9998
vn 0.0010 0.0211 0.9998
vn -0.0003 -0.0266 -0.9996
vn 0.0007 0.0264 0.9997
vn 0.5602 0.8284 -0.0000
vn -0.0000 0.0294 0.9996
vn 0.0005 -0.0302 -0.9995
vn 0.0009 -0.0283 -0.9996
vn -0.0005 0.0279 0.9996
vn -0.0008 0.0236 0.9997
vn 0.0015 -0.0172 -0.9999
vn -0.0012 0.0170 0.9999
vn -0.0016 0.0081 1.0000
vn -0.5753 -0.8180 -0.0000
vn 0.0019 0.0023 -1.0000
vn -0.0018 -0.0026 1.0000
vn -0.5851 -0.8109 -0.0000
vn 0.0018 0.0131 -0.9999
vn -0.0017 -0.0132 0.9999
vn 0.0018 0.0228 -0.9997
vn 0.5868 0.8097 -0.0000
vn 0.0018 0.0320 -0.9995
vn 0.5891 0.8081 -0.0000
vn 0.0023 0.0402 -0.9992
vn -0.0022 -0.0404 0.9992
vn 0.5899 0.8074 -0.0000
vn 0.0029 0.0481 -0.9988
vn -0.0027 -0.0481 0.9988
vn 0.5901 0.8074 -0.0000
vn 0.5895 0.8078 -0.0000
vn -0.0035 -0.0555 0.9985
vn 0.0053 0.0622 -0.9980
vn -0.0053 -0.0623 0.9980
vn -0.5826 -0.8128 -0.0000
vn 0.0067 0.0678 -0.9977
vn -0.0068 -0.0679 0.9977
vn 0.5810 0.8139 -0.0000
vn 0.0001 0.0002 1.0000
vn 0.0001 -0.0010 -1.0000
vn 0.0001 -0.0025 -1.0000
vn 0.0001 0.0023 1.0000
vn -0.0002 -0.0046 -1.0000
vn 0.0002 0.0045 1.0000
vn 0.5740 0.8188 -0.0000
vn -0.0003 -0.0113 -0.9999
vn 0.0005 0.0111 0.9999
vn 0.5680 0.8230 -0.0000
vn 0.0006 0.0157 0.9999
vn 0.0007 0.0212 0.9998
vn 0.0004 0.0264 0.9997
vn -0.5611 -0.8278 -0.0000
vn 0.0003 0.0293 0.9996
vn 0.0004 -0.0302 -0.9995
vn -0.0002 0.0299 0.9996
vn -0.5605 -0.8281 -0.0000
vn 0.0007 -0.0282 -0.9996
vn -0.0005 0.0280 0.9996
vn 0.5633 0.8263 -0.0000
vn 0.0014 -0.0172 -0.9999
vn -0.0014 0.0171 0.9999
vn 0.0018 -0.0084 -1.0000
vn 0.0018 0.0024 -1.0000
vn -0.0015 -0.0027 1.0000
vn 0.0017 0.0131 -0.9999
vn -0.0016 -0.0132 0.9999
vn 0.0016 0.0229 -0.9997
vn -0.0014 -0.0231 0.9997
vn 0.0030 0.0480 -0.9988
vn 0.0039 0.0553 -0.9985
vn -0.0038 -0.0554 0.9985
vn 0.0055 0.0622 -0.9981
vn 0.0071 0.0677 -0.9977
vn -0.0069 -0.0680 0.9977
vn 0.0003 -0.0003 -1.0000
vn 0.0001 0.0008 1.0000
vn 0.0003 0.0044 1.0000
vn 0.0003 0.0074 1.0000
vn -0.0004 -0.0159 -0.9999
vn 0.0007 0.0157 0.9999
vn -0.5633 -0.8262 -0.0000
vn -0.5614 -0.8276 -0.0000
vn 0.0001 -0.0296 -0.9996
vn 0.0002 0.0293 0.9996
vn 0.0014 -0.0173 -0.9999
vn 0.0019 0.0024 -1.0000
vn -0.0017 -0.0026 1.0000
vn 0.5771 0.8167 -0.0000
vn -0.0016 -0.0133 0.9999
vn 0.0018 0.0229 -0.9997
vn 0.5902 0.8073 -0.0000
vn -0.0029 -0.0482 0.9988
vn -0.0038 -0.0555 0.9985
vn 0.5886 0.8085 -0.0000
vn 0.0054 0.0622 -0.9981
vn 0.0070 0.0677 -0.9977
vn -0.0068 -0.0680 0.9977
vn -0.5767 -0.8169 -0.0000
vn -0.0001 -0.0009 -1.0000
vn -0.5742 -0.8187 -0.0000
vn -0.5730 -0.8196 -0.0000
vn -0.0002 -0.0113 -0.9999
vn 0.5650 0.8251 -0.0000
vn -0.0003 -0.0267 -0.9996
vn 0.0005 0.0264 0.9997
vn -0.5601 -0.8285 -0.0000
vn -0.5602 -0.8283 -0.0000
vn 0.0016 -0.0083 -1.0000
vn 0.0020 0.0023 -1.0000
vn 0.5823 0.8129 -0.0000
vn 0.0016 0.0228 -0.9997
vn 0.5866 0.8098 -0.0000
vn 0.0025 0.0402 -0.9992
vn 0.0028 0.0481 -0.9988
vn -0.0029 -0.0481 0.9988
vn 0.0068 0.0677 -0.9977
vn -0.0000 -0.0003 -1.0000
vn 0.0002 -0.0004 -1.0000
vn -0.5757 -0.8176 -0.0000
vn 0.0002 -0.0010 -1.0000
vn -0.5754 -0.8178 -0.0000
vn -0.0005 -0.0045 -1.0000
vn -0.5734 -0.8192 -0.0000
vn -0.0002 -0.0076 -1.0000
vn -0.5716 -0.8206 -0.0000
vn 0.5723 0.8200 -0.0000
vn -0.0005 -0.0113 -0.9999
vn 0.0005 0.0112 0.9999
vn -0.0005 -0.0160 -0.9999
vn 0.0005 0.0157 0.9999
vn -0.5661 -0.8243 -0.0000
vn 0.0007 0.0211 0.9998
vn -0.5635 -0.8261 -0.0000
vn -0.0005 -0.0266 -0.9996
vn -0.0003 -0.0296 -0.9996
vn -0.0000 0.0292 0.9996
vn 0.0003 -0.0301 -0.9995
vn -0.5604 -0.8283 -0.0000
vn 0.0005 -0.0282 -0.9996
vn 0.0007 -0.0238 -0.9997
vn -0.0010 0.0236 0.9997
vn 0.0015 -0.0173 -0.9998
vn -0.5751 -0.8180 -0.0000
vn 0.0015 -0.0083 -1.0000
vn 0.0017 0.0023 -1.0000
vn -0.0015 -0.0132 0.9999
vn 0.0019 0.0320 -0.9995
vn -0.0018 -0.0321 0.9995
vn 0.0023 0.0403 -0.9992
vn -0.0020 -0.0404 0.9992
vn 0.0028 0.0480 -0.9988
vn -0.0028 -0.0483 0.9988
vn 0.0040 0.0552 -0.9985
vn -0.0040 -0.0555 0.9985
vn -0.0054 -0.0624 0.9980
vn 0.0069 0.0678 -0.9977
vn 0.0007 -0.0004 -1.0000
vn 0.0002 0.0001 1.0000
vn 0.0003 0.0008 1.0000
vn 0.0001 0.0022 1.0000
vn -0.0000 -0.0077 -1.0000
vn -0.0000 -0.0113 -0.9999
vn 0.0004 0.0112 0.9999
vn -0.5688 -0.8224 -0.0000
vn -0.0007 -0.0159 -0.9999
vn -0.0007 -0.0213 -0.9998
vn -0.5623 -0.8270 -0.0000
vn -0.0012 0.0171 0.9999
vn -0.0017 0.0081 1.0000
vn 0.0014 0.0025 -1.0000
vn 0.0021 0.0229 -0.9997
vn -0.0017 -0.0321 0.9995
vn 0.0030 0.0479 -0.9988
vn -0.0028 -0.0482 0.9988
vn -0.0041 -0.0555 0.9984
vn 0.0055 0.0620 -0.9981
vn 0.5853 0.8109 -0.0000
vn 0.0072 0.0677 -0.9977
vt 0.000000 0.000000
s 0
f 13/1/1 4/1/1 18/1/1
f 8/1/2 23/1/2 28/1/2
f 5/1/3 2/1/3 1/1/3
f 13/1/4 7/1/4 3/1/4
f 3/1/5 8/1/5 4/1/5
f 28/1/6 4/1/6 8/1/6
f 2/1/7 14/1/7 1/1/7
f 9/1/1 15/1/1 14/1/1
f 10/1/1 16/1/1 15/1/1
f 11/1/1 17/1/1 16/1/1
f 12/1/8 18/1/8 17/1/8
f 24/1/9 6/1/9 5/1/9
f 25/1/2 19/1/2 24/1/2
f 26/1/9 20/1/9 25/1/9
f 27/1/10 21/1/10 26/1/10
f 28/1/10 22/1/10 27/1/10
f 6/1/11 9/1/11 2/1/11
f 19/1/4 10/1/4 9/1/4
f 20/1/4 11/1/4 10/1/4
f 21/1/4 12/1/4 11/1/4
f 22/1/4 13/1/4 12/1/4
f 1/1/12 24/1/12 5/1/12
f 14/1/12 25/1/12 24/1/12
f 15/1/12 26/1/12 25/1/12
f 16/1/12 27/1/12 26/1/12
f 17/1/12 28/1/12 27/1/12
f 41/1/1 32/1/1 46/1/1
f 36/1/2 51/1/2 56/1/2
f 33/1/3 30/1/3 29/1/3
f 41/1/4 35/1/4 31/1/4
f 31/1/5 36/1/5 32/1/5
f 46/1/6 36/1/6 56/1/6
f 30/1/1 42/1/1 29/1/1
f 37/1/1 43/1/1 42/1/1
f 38/1/1 44/1/1 43/1/1
f 39/1/1 45/1/1 44/1/1
f 40/1/8 46/1/8 45/1/8
f 52/1/9 34/1/9 33/1/9
f 53/1/2 47/1/2 52/1/2
f 54/1/9 48/1/9 53/1/9
f 55/1/10 49/1/10 54/1/10
f 56/1/10 50/1/10 55/1/10
f 34/1/11 37/1/11 30/1/11
f 47/1/4 38/1/4 37/1/4
f 48/1/4 39/1/4 38/1/4
f 49/1/4 40/1/4 39/1/4
f 50/1/4 41/1/4 40/1/4
f 29/1/12 52/1/12 33/1/12
f 42/1/12 53/1/12 52/1/12
f 43/1/12 54/1/12 53/1/12
f 54/1/12 45/1/12 55/1/12
f 45/1/12 56/1/12 55/1/12
f 69/1/1 60/1/1 74/1/1
f 64/1/2 79/1/2 84/1/2
f 61/1/3 58/1/3 57/1/3
f 79/1/4 59/1/4 69/1/4
f 59/1/5 64/1/5 60/1/5
f 84/1/6 60/1/6 64/1/6
f 58/1/1 70/1/1 57/1/1
f 65/1/1 71/1/1 70/1/1
f 66/1/1 72/1/1 71/1/1
f 67/1/1 73/1/1 72/1/1
f 68/1/8 74/1/8 73/1/8
f 80/1/9 62/1/9 61/1/9
f 81/1/2 75/1/2 80/1/2
f 82/1/13 76/1/13 81/1/13
f 83/1/10 77/1/10 82/1/10
f 84/1/10 78/1/10 83/1/10
f 62/1/11 65/1/11 58/1/11
f 75/1/4 66/1/4 65/1/4
f 76/1/4 67/1/4 66/1/4
f 77/1/11 68/1/11 67/1/11
f 78/1/4 69/1/4 68/1/4
f 57/1/12 80/1/12 61/1/12
f 70/1/12 81/1/12 80/1/12
f 81/1/6 72/1/6 82/1/6
f 72/1/12 83/1/12 82/1/12
f 73/1/12 84/1/12 83/1/12
f 97/1/1 88/1/1 102/1/1
f 92/1/10 107/1/10 112/1/10
f 89/1/3 86/1/3 85/1/3
f 107/1/4 87/1/4 97/1/4
f 87/1/5 92/1/5 88/1/5
f 112/1/6 88/1/6 92/1/6
f 86/1/14 98/1/14 85/1/14
f 93/1/1 99/1/1 98/1/1
f 94/1/1 100/1/1 99/1/1
f 95/1/1 101/1/1 100/1/1
f 96/1/8 102/1/8 101/1/8
f 108/1/9 90/1/9 89/1/9
f 109/1/2 103/1/2 108/1/2
f 110/1/9 104/1/9 109/1/9
f 111/1/10 105/1/10 110/1/10
f 112/1/10 106/1/10 111/1/10
f 90/1/11 93/1/11 86/1/11
f 103/1/4 94/1/4 93/1/4
f 104/1/4 95/1/4 94/1/4
f 105/1/4 96/1/4 95/1/4
f 106/1/11 97/1/11 96/1/11
f 85/1/12 108/1/12 89/1/12
f 98/1/12 109/1/12 108/1/12
f 99/1/12 110/1/12 109/1/12
f 100/1/12 111/1/12 110/1/12
f 101/1/6 112/1/6 111/1/6
f 125/1/1 116/1/1 130/1/1
f 120/1/10 135/1/10 140/1/10
f 117/1/3 114/1/3 113/1/3
f 135/1/4 115/1/4 125/1/4
f 115/1/5 120/1/5 116/1/5
f 140/1/6 116/1/6 120/1/6
f 114/1/1 126/1/1 113/1/1
f 121/1/1 127/1/1 126/1/1
f 122/1/1 128/1/1 127/1/1
f 123/1/1 129/1/1 128/1/1
f 124/1/8 130/1/8 129/1/8
f 136/1/15 118/1/15 117/1/15
f 137/1/2 131/1/2 136/1/2
f 138/1/13 132/1/13 137/1/13
f 139/1/10 133/1/10 138/1/10
f 140/1/10 134/1/10 139/1/10
f 118/1/11 121/1/11 114/1/11
f 131/1/4 122/1/4 121/1/4
f 132/1/4 123/1/4 122/1/4
f 133/1/4 124/1/4 123/1/4
f 134/1/4 125/1/4 124/1/4
f 113/1/12 136/1/12 117/1/12
f 126/1/12 137/1/12 136/1/12
f 127/1/12 138/1/12 137/1/12
f 128/1/12 139/1/12 138/1/12
f 129/1/12 140/1/12 139/1/12
f 153/1/1 144/1/1 158/1/1
f 148/1/10 163/1/10 168/1/10
f 145/1/3 142/1/3 141/1/3
f 163/1/4 143/1/4 153/1/4
f 143/1/5 148/1/5 144/1/5
f 168/1/6 144/1/6 148/1/6
f 142/1/14 154/1/14 141/1/14
f 149/1/1 155/1/1 154/1/1
f 150/1/1 156/1/1 155/1/1
f 151/1/1 157/1/1 156/1/1
f 152/1/8 158/1/8 157/1/8
f 164/1/15 146/1/15 145/1/15
f 165/1/2 159/1/2 164/1/2
f 166/1/15 160/1/15 165/1/15
f 167/1/10 161/1/10 166/1/10
f 168/1/10 162/1/10 167/1/10
f 146/1/11 149/1/11 142/1/11
f 159/1/4 150/1/4 149/1/4
f 160/1/4 151/1/4 150/1/4
f 161/1/4 152/1/4 151/1/4
f 162/1/4 153/1/4 152/1/4
f 141/1/12 164/1/12 145/1/12
f 154/1/12 165/1/12 164/1/12
f 155/1/12 166/1/12 165/1/12
f 156/1/12 167/1/12 166/1/12
f 157/1/12 168/1/12 167/1/12
f 181/1/1 172/1/1 186/1/1
f 176/1/10 191/1/10 196/1/10
f 173/1/3 170/1/3 169/1/3
f 191/1/4 171/1/4 181/1/4
f 171/1/5 176/1/5 172/1/5
f 196/1/6 172/1/6 176/1/6
f 170/1/1 182/1/1 169/1/1
f 177/1/1 183/1/1 182/1/1
f 178/1/1 184/1/1 183/1/1
f 179/1/1 185/1/1 184/1/1
f 180/1/8 186/1/8 185/1/8
f 192/1/2 174/1/2 173/1/2
f 193/1/9 187/1/9 192/1/9
f 194/1/9 188/1/9 193/1/9
f 195/1/10 189/1/10 194/1/10
f 196/1/10 190/1/10 195/1/10
f 174/1/11 177/1/11 170/1/11
f 187/1/4 178/1/4 177/1/4
f 188/1/4 179/1/4 178/1/4
f 189/1/4 180/1/4 179/1/4
f 190/1/4 181/1/4 180/1/4
f 169/1/12 192/1/12 173/1/12
f 182/1/12 193/1/12 192/1/12
f 183/1/12 194/1/12 193/1/12
f 184/1/12 195/1/12 194/1/12
f 195/1/6 186/1/6 196/1/6
f 209/1/1 200/1/1 214/1/1
f 204/1/10 219/1/10 224/1/10
f 201/1/3 198/1/3 197/1/3
f 219/1/4 199/1/4 209/1/4
f 199/1/5 204/1/5 200/1/5
f 224/1/6 200/1/6 204/1/6
f 198/1/14 210/1/14 197/1/14
f 205/1/1 211/1/1 210/1/1
f 206/1/1 212/1/1 211/1/1
f 207/1/1 213/1/1 212/1/1
f 208/1/8 214/1/8 213/1/8
f 220/1/2 202/1/2 201/1/2
f 221/1/9 215/1/9 220/1/9
f 222/1/15 216/1/15 221/1/15
f 223/1/10 217/1/10 222/1/10
f 224/1/10 218/1/10 223/1/10
f 202/1/11 205/1/11 198/1/11
f 215/1/4 206/1/4 205/1/4
f 216/1/4 207/1/4 206/1/4
f 217/1/4 208/1/4 207/1/4
f 218/1/4 209/1/4 208/1/4
f 197/1/12 220/1/12 201/1/12
f 210/1/12 221/1/12 220/1/12
f 211/1/12 222/1/12 221/1/12
f 212/1/12 223/1/12 222/1/12
f 223/1/6 214/1/6 224/1/6
f 237/1/1 228/1/1 242/1/1
f 232/1/10 247/1/10 252/1/10
f 229/1/3 226/1/3 225/1/3
f 247/1/4 227/1/4 237/1/4
f 227/1/5 232/1/5 228/1/5
f 252/1/6 228/1/6 232/1/6
f 226/1/14 238/1/14 225/1/14
f 233/1/1 239/1/1 238/1/1
f 234/1/1 240/1/1 239/1/1
f 235/1/1 241/1/1 240/1/1
f 236/1/8 242/1/8 241/1/8
f 248/1/2 230/1/2 229/1/2
f 249/1/9 243/1/9 248/1/9
f 250/1/15 244/1/15 249/1/15
f 251/1/10 245/1/10 250/1/10
f 252/1/10 246/1/10 251/1/10
f 230/1/11 233/1/11 226/1/11
f 243/1/4 234/1/4 233/1/4
f 244/1/4 235/1/4 234/1/4
f 245/1/4 236/1/4 235/1/4
f 246/1/4 237/1/4 236/1/4
f 225/1/12 248/1/12 229/1/12
f 238/1/12 249/1/12 248/1/12
f 239/1/12 250/1/12 249/1/12
f 240/1/12 251/1/12 250/1/12
f 241/1/12 252/1/12 251/1/12
f 265/1/1 256/1/1 270/1/1
f 260/1/10 275/1/10 280/1/10
f 257/1/3 254/1/3 253/1/3
f 275/1/4 255/1/4 265/1/4
f 255/1/5 260/1/5 256/1/5
f 280/1/6 256/1/6 260/1/6
f 254/1/14 266/1/14 253/1/14
f 261/1/1 267/1/1 266/1/1
f 262/1/1 268/1/1 267/1/1
f 263/1/1 269/1/1 268/1/1
f 264/1/8 270/1/8 269/1/8
f 276/1/2 258/1/2 257/1/2
f 277/1/9 271/1/9 276/1/9
f 278/1/15 272/1/15 277/1/15
f 279/1/10 273/1/10 278/1/10
f 280/1/10 274/1/10 279/1/10
f 258/1/11 261/1/11 254/1/11
f 271/1/4 262/1/4 261/1/4
f 272/1/4 263/1/4 262/1/4
f 273/1/4 264/1/4 263/1/4
f 274/1/4 265/1/4 264/1/4
f 253/1/12 276/1/12 257/1/12
f 266/1/12 277/1/12 276/1/12
f 267/1/12 278/1/12 277/1/12
f 268/1/12 279/1/12 278/1/12
f 269/1/12 280/1/12 279/1/12
f 293/1/1 284/1/1 298/1/1
f 288/1/10 303/1/10 308/1/10
f 285/1/3 282/1/3 281/1/3
f 303/1/4 283/1/4 293/1/4
f 283/1/16 288/1/16 284/1/16
f 298/1/6 288/1/6 308/1/6
f 282/1/1 294/1/1 281/1/1
f 289/1/1 295/1/1 294/1/1
f 290/1/1 296/1/1 295/1/1
f 291/1/1 297/1/1 296/1/1
f 292/1/8 298/1/8 297/1/8
f 304/1/2 286/1/2 285/1/2
f 305/1/9 299/1/9 304/1/9
f 306/1/15 300/1/15 305/1/15
f 307/1/10 301/1/10 306/1/10
f 308/1/10 302/1/10 307/1/10
f 286/1/11 289/1/11 282/1/11
f 299/1/4 290/1/4 289/1/4
f 300/1/4 291/1/4 290/1/4
f 301/1/4 292/1/4 291/1/4
f 302/1/4 293/1/4 292/1/4
f 281/1/12 304/1/12 285/1/12
f 294/1/12 305/1/12 304/1/12
f 295/1/12 306/1/12 305/1/12
f 296/1/12 307/1/12 306/1/12
f 297/1/12 308/1/12 307/1/12
f 321/1/1 312/1/1 326/1/1
f 316/1/10 331/1/10 336/1/10
f 313/1/3 310/1/3 309/1/3
f 331/1/4 311/1/4 321/1/4
f 311/1/17 316/1/17 312/1/17
f 336/1/6 312/1/6 316/1/6
f 310/1/14 322/1/14 309/1/14
f 317/1/1 323/1/1 322/1/1
f 318/1/1 324/1/1 323/1/1
f 319/1/1 325/1/1 324/1/1
f 320/1/8 326/1/8 325/1/8
f 332/1/2 314/1/2 313/1/2
f 333/1/9 327/1/9 332/1/9
f 334/1/9 328/1/9 333/1/9
f 335/1/10 329/1/10 334/1/10
f 336/1/10 330/1/10 335/1/10
f 314/1/11 317/1/11 310/1/11
f 327/1/4 318/1/4 317/1/4
f 328/1/4 319/1/4 318/1/4
f 329/1/4 320/1/4 319/1/4
f 330/1/4 321/1/4 320/1/4
f 309/1/12 332/1/12 313/1/12
f 322/1/12 333/1/12 332/1/12
f 323/1/12 334/1/12 333/1/12
f 324/1/12 335/1/12 334/1/12
f 325/1/12 336/1/12 335/1/12
f 349/1/1 340/1/1 354/1/1
f 344/1/10 359/1/10 364/1/10
f 341/1/3 338/1/3 337/1/3
f 359/1/4 339/1/4 349/1/4
f 339/1/17 344/1/17 340/1/17
f 364/1/6 340/1/6 344/1/6
f 338/1/14 350/1/14 337/1/14
f 345/1/1 351/1/1 350/1/1
f 346/1/1 352/1/1 351/1/1
f 347/1/1 353/1/1 352/1/1
f 348/1/8 354/1/8 353/1/8
f 360/1/2 342/1/2 341/1/2
f 361/1/9 355/1/9 360/1/9
f 362/1/13 356/1/13 361/1/13
f 363/1/10 357/1/10 362/1/10
f 364/1/18 358/1/18 363/1/18
f 342/1/11 345/1/11 338/1/11
f 355/1/4 346/1/4 345/1/4
f 356/1/4 347/1/4 346/1/4
f 357/1/4 348/1/4 347/1/4
f 358/1/4 349/1/4 348/1/4
f 337/1/12 360/1/12 341/1/12
f 350/1/12 361/1/12 360/1/12
f 351/1/12 362/1/12 361/1/12
f 362/1/12 353/1/12 363/1/12
f 363/1/6 354/1/6 364/1/6
f 377/1/1 368/1/1 382/1/1
f 372/1/10 387/1/10 392/1/10
f 369/1/3 366/1/3 365/1/3
f 387/1/4 367/1/4 377/1/4
f 367/1/17 372/1/17 368/1/17
f 392/1/6 368/1/6 372/1/6
f 366/1/14 378/1/14 365/1/14
f 373/1/1 379/1/1 378/1/1
f 374/1/1 380/1/1 379/1/1
f 375/1/1 381/1/1 380/1/1
f 376/1/8 382/1/8 381/1/8
f 388/1/2 370/1/2 369/1/2
f 389/1/9 383/1/9 388/1/9
f 390/1/13 384/1/13 389/1/13
f 391/1/10 385/1/10 390/1/10
f 392/1/18 386/1/18 391/1/18
f 370/1/11 373/1/11 366/1/11
f 383/1/4 374/1/4 373/1/4
f 384/1/4 375/1/4 374/1/4
f 385/1/4 376/1/4 375/1/4
f 386/1/4 377/1/4 376/1/4
f 365/1/12 388/1/12 369/1/12
f 378/1/12 389/1/12 388/1/12
f 379/1/12 390/1/12 389/1/12
f 390/1/12 381/1/12 391/1/12
f 391/1/6 382/1/6 392/1/6
f 405/1/7 396/1/7 410/1/7
f 400/1/10 415/1/10 420/1/10
f 397/1/19 394/1/19 393/1/19
f 405/1/4 399/1/4 395/1/4
f 395/1/20 400/1/20 396/1/20
f 410/1/12 400/1/12 420/1/12
f 394/1/21 406/1/21 393/1/21
f 401/1/14 407/1/14 406/1/14
f 402/1/14 408/1/14 407/1/14
f 403/1/7 409/1/7 408/1/7
f 404/1/21 410/1/21 409/1/21
f 416/1/2 398/1/2 397/1/2
f 417/1/9 411/1/9 416/1/9
f 418/1/13 412/1/13 417/1/13
f 419/1/10 413/1/10 418/1/10
f 420/1/18 414/1/18 419/1/18
f 394/1/22 411/1/22 401/1/22
f 401/1/22 412/1/22 402/1/22
f 402/1/4 413/1/4 403/1/4
f 403/1/4 414/1/4 404/1/4
f 404/1/4 415/1/4 405/1/4
f 393/1/12 416/1/12 397/1/12
f 406/1/12 417/1/12 416/1/12
f 407/1/12 418/1/12 417/1/12
f 408/1/12 419/1/12 418/1/12
f 409/1/12 420/1/12 419/1/12
f 433/1/23 424/1/23 438/1/23
f 428/1/24 443/1/24 448/1/24
f 425/1/25 422/1/25 421/1/25
f 433/1/26 427/1/26 423/1/26
f 423/1/27 428/1/27 424/1/27
f 438/1/28 428/1/28 448/1/28
f 422/1/29 434/1/29 421/1/29
f 429/1/30 435/1/30 434/1/30
f 430/1/29 436/1/29 435/1/29
f 431/1/31 437/1/31 436/1/31
f 432/1/23 438/1/23 437/1/23
f 444/1/13 426/1/13 425/1/13
f 445/1/13 439/1/13 444/1/13
f 446/1/32 440/1/32 445/1/32
f 447/1/2 441/1/2 446/1/2
f 448/1/2 442/1/2 447/1/2
f 422/1/26 439/1/26 429/1/26
f 429/1/26 440/1/26 430/1/26
f 430/1/26 441/1/26 431/1/26
f 431/1/26 442/1/26 432/1/26
f 432/1/26 443/1/26 433/1/26
f 421/1/28 444/1/28 425/1/28
f 434/1/28 445/1/28 444/1/28
f 435/1/33 446/1/33 445/1/33
f 436/1/28 447/1/28 446/1/28
f 437/1/28 448/1/28 447/1/28
f 461/1/34 452/1/34 466/1/34
f 456/1/35 471/1/35 476/1/35
f 453/1/36 450/1/36 449/1/36
f 461/1/37 455/1/37 451/1/37
f 451/1/38 456/1/38 452/1/38
f 466/1/39 456/1/39 476/1/39
f 450/1/40 462/1/40 449/1/40
f 457/1/41 463/1/41 462/1/41
f 458/1/34 464/1/34 463/1/34
f 459/1/41 465/1/41 464/1/41
f 460/1/34 466/1/34 465/1/34
f 472/1/42 454/1/42 453/1/42
f 473/1/35 467/1/35 472/1/35
f 474/1/43 468/1/43 473/1/43
f 475/1/44 469/1/44 474/1/44
f 476/1/45 470/1/45 475/1/45
f 450/1/46 467/1/46 457/1/46
f 457/1/46 468/1/46 458/1/46
f 458/1/46 469/1/46 459/1/46
f 459/1/46 470/1/46 460/1/46
f 460/1/37 471/1/37 461/1/37
f 449/1/39 472/1/39 453/1/39
f 462/1/39 473/1/39 472/1/39
f 463/1/39 474/1/39 473/1/39
f 464/1/39 475/1/39 474/1/39
f 465/1/39 476/1/39 475/1/39
f 489/1/47 480/1/47 494/1/47
f 484/1/48 499/1/48 504/1/48
f 481/1/49 478/1/49 477/1/49
f 489/1/50 483/1/50 479/1/50
f 479/1/51 484/1/51 480/1/51
f 494/1/52 484/1/52 504/1/52
f 478/1/53 490/1/53 477/1/53
f 485/1/53 491/1/53 490/1/53
f 486/1/54 492/1/54 491/1/54
f 487/1/54 493/1/54 492/1/54
f 488/1/53 494/1/53 493/1/53
f 500/1/55 482/1/55 481/1/55
f 501/1/56 495/1/56 500/1/56
f 502/1/57 496/1/57 501/1/57
f 503/1/58 497/1/58 502/1/58
f 504/1/57 498/1/57 503/1/57
f 478/1/50 495/1/50 485/1/50
f 485/1/59 496/1/59 486/1/59
f 486/1/50 497/1/50 487/1/50
f 487/1/50 498/1/50 488/1/50
f 488/1/50 499/1/50 489/1/50
f 477/1/52 500/1/52 481/1/52
f 490/1/52 501/1/52 500/1/52
f 491/1/52 502/1/52 501/1/52
f 492/1/52 503/1/52 502/1/52
f 493/1/52 504/1/52 503/1/52
f 517/1/60 508/1/60 522/1/60
f 512/1/61 527/1/61 532/1/61
f 509/1/62 506/1/62 505/1/62
f 517/1/63 511/1/63 507/1/63
f 507/1/64 512/1/64 508/1/64
f 522/1/65 512/1/65 532/1/65
f 506/1/66 518/1/66 505/1/66
f 513/1/67 519/1/67 518/1/67
f 514/1/67 520/1/67 519/1/67
f 515/1/68 521/1/68 520/1/68
f 516/1/69 522/1/69 521/1/69
f 528/1/70 510/1/70 509/1/70
f 529/1/71 523/1/71 528/1/71
f 530/1/70 524/1/70 529/1/70
f 531/1/71 525/1/71 530/1/71
f 532/1/72 526/1/72 531/1/72
f 506/1/63 523/1/63 513/1/63
f 513/1/63 524/1/63 514/1/63
f 514/1/63 525/1/63 515/1/63
f 515/1/63 526/1/63 516/1/63
f 516/1/63 527/1/63 517/1/63
f 505/1/65 528/1/65 509/1/65
f 518/1/65 529/1/65 528/1/65
f 519/1/65 530/1/65 529/1/65
f 520/1/65 531/1/65 530/1/65
f 521/1/65 532/1/65 531/1/65
f 545/1/73 536/1/73 550/1/73
f 540/1/74 555/1/74 560/1/74
f 537/1/75 534/1/75 533/1/75
f 545/1/76 539/1/76 535/1/76
f 535/1/77 540/1/77 536/1/77
f 550/1/78 540/1/78 560/1/78
f 534/1/79 546/1/79 533/1/79
f 541/1/79 547/1/79 546/1/79
f 542/1/80 548/1/80 547/1/80
f 543/1/79 549/1/79 548/1/79
f 544/1/73 550/1/73 549/1/73
f 556/1/81 538/1/81 537/1/81
f 557/1/82 551/1/82 556/1/82
f 558/1/83 552/1/83 557/1/83
f 559/1/82 553/1/82 558/1/82
f 560/1/84 554/1/84 559/1/84
f 534/1/76 551/1/76 541/1/76
f 541/1/76 552/1/76 542/1/76
f 542/1/76 553/1/76 543/1/76
f 543/1/76 554/1/76 544/1/76
f 544/1/76 555/1/76 545/1/76
f 533/1/78 556/1/78 537/1/78
f 546/1/78 557/1/78 556/1/78
f 547/1/78 558/1/78 557/1/78
f 548/1/78 559/1/78 558/1/78
f 549/1/78 560/1/78 559/1/78
f 573/1/85 564/1/85 578/1/85
f 568/1/86 583/1/86 588/1/86
f 565/1/87 562/1/87 561/1/87
f 573/1/88 567/1/88 563/1/88
f 563/1/89 568/1/89 564/1/89
f 578/1/90 568/1/90 588/1/90
f 562/1/91 574/1/91 561/1/91
f 569/1/85 575/1/85 574/1/85
f 570/1/92 576/1/92 575/1/92
f 571/1/92 577/1/92 576/1/92
f 572/1/93 578/1/93 577/1/93
f 584/1/94 566/1/94 565/1/94
f 585/1/95 579/1/95 584/1/95
f 586/1/86 580/1/86 585/1/86
f 587/1/95 581/1/95 586/1/95
f 588/1/96 582/1/96 587/1/96
f 562/1/97 579/1/97 569/1/97
f 569/1/88 580/1/88 570/1/88
f 570/1/88 581/1/88 571/1/88
f 571/1/88 582/1/88 572/1/88
f 572/1/88 583/1/88 573/1/88
f 561/1/90 584/1/90 565/1/90
f 574/1/90 585/1/90 584/1/90
f 575/1/90 586/1/90 585/1/90
f 576/1/90 587/1/90 586/1/90
f 577/1/90 588/1/90 587/1/90
f 601/1/98 592/1/98 606/1/98
f 596/1/99 611/1/99 616/1/99
f 593/1/100 590/1/100 589/1/100
f 601/1/101 595/1/101 591/1/101
f 591/1/102 596/1/102 592/1/102
f 606/1/103 596/1/103 616/1/103
f 590/1/104 602/1/104 589/1/104
f 597/1/98 603/1/98 602/1/98
f 598/1/105 604/1/105 603/1/105
f 599/1/98 605/1/98 604/1/98
f 600/1/98 606/1/98 605/1/98
f 612/1/106 594/1/106 593/1/106
f 613/1/107 607/1/107 612/1/107
f 614/1/108 608/1/108 613/1/108
f 615/1/109 609/1/109 614/1/109
f 616/1/110 610/1/110 615/1/110
f 590/1/101 607/1/101 597/1/101
f 597/1/101 608/1/101 598/1/101
f 598/1/101 609/1/101 599/1/101
f 599/1/101 610/1/101 600/1/101
f 600/1/101 611/1/101 601/1/101
f 589/1/103 612/1/103 593/1/103
f 602/1/103 613/1/103 612/1/103
f 603/1/103 614/1/103 613/1/103
f 604/1/103 615/1/103 614/1/103
f 605/1/103 616/1/103 615/1/103
f 629/1/111 620/1/111 634/1/111
f 624/1/112 639/1/112 644/1/112
f 621/1/113 618/1/113 617/1/113
f 629/1/114 623/1/114 619/1/114
f 619/1/115 624/1/115 620/1/115
f 634/1/116 624/1/116 644/1/116
f 618/1/111 630/1/111 617/1/111
f 625/1/111 631/1/111 630/1/111
f 626/1/117 632/1/117 631/1/117
f 627/1/117 633/1/117 632/1/117
f 628/1/118 634/1/118 633/1/118
f 640/1/119 622/1/119 621/1/119
f 641/1/120 635/1/120 640/1/120
f 642/1/121 636/1/121 641/1/121
f 643/1/122 637/1/122 642/1/122
f 644/1/122 638/1/122 643/1/122
f 618/1/114 635/1/114 625/1/114
f 625/1/114 636/1/114 626/1/114
f 626/1/114 637/1/114 627/1/114
f 627/1/114 638/1/114 628/1/114
f 628/1/114 639/1/114 629/1/114
f 617/1/116 640/1/116 621/1/116
f 630/1/116 641/1/116 640/1/116
f 631/1/116 642/1/116 641/1/116
f 632/1/116 643/1/116 642/1/116
f 633/1/116 644/1/116 643/1/116
f 657/1/123 648/1/123 662/1/123
f 652/1/124 667/1/124 672/1/124
f 649/1/125 646/1/125 645/1/125
f 657/1/126 651/1/126 647/1/126
f 647/1/127 652/1/127 648/1/127
f 662/1/128 652/1/128 672/1/128
f 646/1/129 658/1/129 645/1/129
f 653/1/130 659/1/130 658/1/130
f 654/1/131 660/1/131 659/1/131
f 655/1/132 661/1/132 660/1/132
f 656/1/133 662/1/133 661/1/133
f 668/1/134 650/1/134 649/1/134
f 669/1/135 663/1/135 668/1/135
f 670/1/134 664/1/134 669/1/134
f 671/1/124 665/1/124 670/1/124
f 672/1/134 666/1/134 671/1/134
f 646/1/126 663/1/126 653/1/126
f 653/1/126 664/1/126 654/1/126
f 654/1/126 665/1/126 655/1/126
f 655/1/126 666/1/126 656/1/126
f 656/1/126 667/1/126 657/1/126
f 645/1/136 668/1/136 649/1/136
f 658/1/136 669/1/136 668/1/136
f 659/1/136 670/1/136 669/1/136
f 660/1/136 671/1/136 670/1/136
f 661/1/136 672/1/136 671/1/136
f 685/1/123 676/1/123 690/1/123
f 680/1/137 695/1/137 700/1/137
f 677/1/138 674/1/138 673/1/138
f 685/1/139 679/1/139 675/1/139
f 675/1/140 680/1/140 676/1/140
f 690/1/141 680/1/141 700/1/141
f 674/1/142 686/1/142 673/1/142
f 681/1/143 687/1/143 686/1/143
f 682/1/123 688/1/123 687/1/123
f 683/1/123 689/1/123 688/1/123
f 684/1/123 690/1/123 689/1/123
f 696/1/144 678/1/144 677/1/144
f 697/1/137 691/1/137 696/1/137
f 698/1/144 692/1/144 697/1/144
f 699/1/135 693/1/135 698/1/135
f 700/1/145 694/1/145 699/1/145
f 674/1/139 691/1/139 681/1/139
f 681/1/139 692/1/139 682/1/139
f 682/1/139 693/1/139 683/1/139
f 683/1/139 694/1/139 684/1/139
f 684/1/139 695/1/139 685/1/139
f 673/1/141 696/1/141 677/1/141
f 686/1/141 697/1/141 696/1/141
f 687/1/141 698/1/141 697/1/141
f 688/1/141 699/1/141 698/1/141
f 689/1/141 700/1/141 699/1/141
f 713/1/146 704/1/146 718/1/146
f 708/1/147 723/1/147 728/1/147
f 705/1/148 702/1/148 701/1/148
f 713/1/149 707/1/149 703/1/149
f 703/1/150 708/1/150 704/1/150
f 718/1/151 708/1/151 728/1/151
f 702/1/152 714/1/152 701/1/152
f 709/1/153 715/1/153 714/1/153
f 710/1/154 716/1/154 715/1/154
f 711/1/155 717/1/155 716/1/155
f 712/1/156 718/1/156 717/1/156
f 724/1/157 706/1/157 705/1/157
f 725/1/158 719/1/158 724/1/158
f 726/1/158 720/1/158 725/1/158
f 727/1/159 721/1/159 726/1/159
f 728/1/159 722/1/159 727/1/159
f 702/1/149 719/1/149 709/1/149
f 709/1/160 720/1/160 710/1/160
f 710/1/160 721/1/160 711/1/160
f 711/1/160 722/1/160 712/1/160
f 712/1/160 723/1/160 713/1/160
f 701/1/151 724/1/151 705/1/151
f 714/1/151 725/1/151 724/1/151
f 715/1/151 726/1/151 725/1/151
f 716/1/151 727/1/151 726/1/151
f 717/1/151 728/1/151 727/1/151
f 741/1/161 732/1/161 746/1/161
f 736/1/162 751/1/162 756/1/162
f 733/1/163 730/1/163 729/1/163
f 741/1/164 735/1/164 731/1/164
f 731/1/165 736/1/165 732/1/165
f 746/1/166 736/1/166 756/1/166
f 730/1/167 742/1/167 729/1/167
f 737/1/161 743/1/161 742/1/161
f 738/1/161 744/1/161 743/1/161
f 739/1/167 745/1/167 744/1/167
f 740/1/161 746/1/161 745/1/161
f 752/1/112 734/1/112 733/1/112
f 753/1/168 747/1/168 752/1/168
f 754/1/122 748/1/122 753/1/122
f 755/1/112 749/1/112 754/1/112
f 756/1/169 750/1/169 755/1/169
f 730/1/164 747/1/164 737/1/164
f 737/1/170 748/1/170 738/1/170
f 738/1/170 749/1/170 739/1/170
f 739/1/164 750/1/164 740/1/164
f 740/1/164 751/1/164 741/1/164
f 729/1/166 752/1/166 733/1/166
f 742/1/166 753/1/166 752/1/166
f 743/1/166 754/1/166 753/1/166
f 744/1/166 755/1/166 754/1/166
f 745/1/166 756/1/166 755/1/166
f 769/1/171 760/1/171 774/1/171
f 764/1/172 779/1/172 784/1/172
f 761/1/173 758/1/173 757/1/173
f 769/1/174 763/1/174 759/1/174
f 759/1/175 764/1/175 760/1/175
f 774/1/176 764/1/176 784/1/176
f 758/1/171 770/1/171 757/1/171
f 765/1/177 771/1/177 770/1/177
f 766/1/80 772/1/80 771/1/80
f 767/1/178 773/1/178 772/1/178
f 768/1/171 774/1/171 773/1/171
f 780/1/179 762/1/179 761/1/179
f 781/1/180 775/1/180 780/1/180
f 782/1/180 776/1/180 781/1/180
f 783/1/181 777/1/181 782/1/181
f 784/1/182 778/1/182 783/1/182
f 758/1/183 775/1/183 765/1/183
f 765/1/183 776/1/183 766/1/183
f 766/1/174 777/1/174 767/1/174
f 767/1/174 778/1/174 768/1/174
f 768/1/183 779/1/183 769/1/183
f 757/1/176 780/1/176 761/1/176
f 770/1/176 781/1/176 780/1/176
f 771/1/176 782/1/176 781/1/176
f 772/1/176 783/1/176 782/1/176
f 773/1/176 784/1/176 783/1/176
f 797/1/184 788/1/184 802/1/184
f 792/1/81 807/1/81 812/1/81
f 789/1/185 786/1/185 785/1/185
f 797/1/186 791/1/186 787/1/186
f 787/1/187 792/1/187 788/1/187
f 802/1/188 792/1/188 812/1/188
f 786/1/23 798/1/23 785/1/23
f 793/1/189 799/1/189 798/1/189
f 794/1/190 800/1/190 799/1/190
f 795/1/191 801/1/191 800/1/191
f 796/1/192 802/1/192 801/1/192
f 808/1/83 790/1/83 789/1/83
f 809/1/82 803/1/82 808/1/82
f 810/1/84 804/1/84 809/1/84
f 811/1/84 805/1/84 810/1/84
f 812/1/82 806/1/82 811/1/82
f 786/1/186 803/1/186 793/1/186
f 793/1/186 804/1/186 794/1/186
f 794/1/186 805/1/186 795/1/186
f 795/1/186 806/1/186 796/1/186
f 796/1/186 807/1/186 797/1/186
f 785/1/188 808/1/188 789/1/188
f 798/1/188 809/1/188 808/1/188
f 799/1/188 810/1/188 809/1/188
f 800/1/188 811/1/188 810/1/188
f 801/1/188 812/1/188 811/1/188
f 830/1/193 815/1/193 816/1/193
f 840/1/10 819/1/10 835/1/10
f 817/1/194 814/1/194 813/1/194
f 835/1/195 815/1/195 825/1/195
f 815/1/196 820/1/196 816/1/196
f 840/1/197 816/1/197 820/1/197
f 813/1/193 821/1/193 826/1/193
f 826/1/198 822/1/198 827/1/198
f 827/1/198 823/1/198 828/1/198
f 828/1/199 824/1/199 829/1/199
f 829/1/200 825/1/200 830/1/200
f 836/1/201 818/1/201 817/1/201
f 837/1/10 831/1/10 836/1/10
f 838/1/10 832/1/10 837/1/10
f 839/1/202 833/1/202 838/1/202
f 839/1/201 835/1/201 834/1/201
f 818/1/203 821/1/203 814/1/203
f 831/1/203 822/1/203 821/1/203
f 832/1/195 823/1/195 822/1/195
f 833/1/203 824/1/203 823/1/203
f 834/1/204 825/1/204 824/1/204
f 817/1/197 826/1/197 836/1/197
f 836/1/205 827/1/205 837/1/205
f 837/1/205 828/1/205 838/1/205
f 838/1/205 829/1/205 839/1/205
f 839/1/205 830/1/205 840/1/205
f 858/1/206 843/1/206 844/1/206
f 868/1/207 847/1/207 863/1/207
f 845/1/208 842/1/208 841/1/208
f 863/1/209 843/1/209 853/1/209
f 843/1/210 848/1/210 844/1/210
f 868/1/211 844/1/211 848/1/211
f 841/1/212 849/1/212 854/1/212
f 854/1/213 850/1/213 855/1/213
f 855/1/212 851/1/212 856/1/212
f 856/1/214 852/1/214 857/1/214
f 857/1/206 853/1/206 858/1/206
f 845/1/215 859/1/215 846/1/215
f 864/1/216 860/1/216 859/1/216
f 865/1/217 861/1/217 860/1/217
f 866/1/218 862/1/218 861/1/218
f 867/1/219 863/1/219 862/1/219
f 846/1/209 849/1/209 842/1/209
f 859/1/209 850/1/209 849/1/209
f 860/1/209 851/1/209 850/1/209
f 861/1/209 852/1/209 851/1/209
f 862/1/209 853/1/209 852/1/209
f 845/1/220 854/1/220 864/1/220
f 864/1/220 855/1/220 865/1/220
f 865/1/211 856/1/211 866/1/211
f 866/1/211 857/1/211 867/1/211
f 867/1/220 858/1/220 868/1/220
f 886/1/221 871/1/221 872/1/221
f 896/1/222 875/1/222 891/1/222
f 873/1/223 870/1/223 869/1/223
f 891/1/224 871/1/224 881/1/224
f 871/1/225 876/1/225 872/1/225
f 896/1/226 872/1/226 876/1/226
f 869/1/227 877/1/227 882/1/227
f 882/1/221 878/1/221 883/1/221
f 883/1/228 879/1/228 884/1/228
f 884/1/229 880/1/229 885/1/229
f 885/1/230 881/1/230 886/1/230
f 873/1/231 887/1/231 874/1/231
f 892/1/232 888/1/232 887/1/232
f 893/1/233 889/1/233 888/1/233
f 894/1/233 890/1/233 889/1/233
f 895/1/234 891/1/234 890/1/234
f 874/1/224 877/1/224 870/1/224
f 887/1/224 878/1/224 877/1/224
f 888/1/224 879/1/224 878/1/224
f 889/1/224 880/1/224 879/1/224
f 890/1/224 881/1/224 880/1/224
f 873/1/226 882/1/226 892/1/226
f 892/1/226 883/1/226 893/1/226
f 893/1/226 884/1/226 894/1/226
f 894/1/226 885/1/226 895/1/226
f 895/1/226 886/1/226 896/1/226
f 914/1/235 899/1/235 900/1/235
f 924/1/236 903/1/236 919/1/236
f 901/1/237 898/1/237 897/1/237
f 919/1/238 899/1/238 909/1/238
f 899/1/239 904/1/239 900/1/239
f 924/1/240 900/1/240 904/1/240
f 897/1/235 905/1/235 910/1/235
f 910/1/241 906/1/241 911/1/241
f 911/1/242 907/1/242 912/1/242
f 912/1/243 908/1/243 913/1/243
f 913/1/244 909/1/244 914/1/244
f 901/1/245 915/1/245 902/1/245
f 920/1/246 916/1/246 915/1/246
f 921/1/247 917/1/247 916/1/247
f 922/1/248 918/1/248 917/1/248
f 923/1/248 919/1/248 918/1/248
f 902/1/238 905/1/238 898/1/238
f 915/1/238 906/1/238 905/1/238
f 916/1/238 907/1/238 906/1/238
f 917/1/238 908/1/238 907/1/238
f 918/1/238 909/1/238 908/1/238
f 901/1/240 910/1/240 920/1/240
f 920/1/240 911/1/240 921/1/240
f 921/1/240 912/1/240 922/1/240
f 922/1/240 913/1/240 923/1/240
f 923/1/240 914/1/240 924/1/240
f 942/1/249 927/1/249 928/1/249
f 952/1/250 931/1/250 947/1/250
f 929/1/251 926/1/251 925/1/251
f 947/1/252 927/1/252 937/1/252
f 927/1/253 932/1/253 928/1/253
f 952/1/254 928/1/254 932/1/254
f 925/1/241 933/1/241 938/1/241
f 938/1/243 934/1/243 939/1/243
f 939/1/255 935/1/255 940/1/255
f 940/1/249 936/1/249 941/1/249
f 941/1/241 937/1/241 942/1/241
f 929/1/256 943/1/256 930/1/256
f 948/1/250 944/1/250 943/1/250
f 949/1/250 945/1/250 944/1/250
f 950/1/256 946/1/256 945/1/256
f 951/1/257 947/1/257 946/1/257
f 930/1/252 933/1/252 926/1/252
f 943/1/252 934/1/252 933/1/252
f 944/1/252 935/1/252 934/1/252
f 945/1/252 936/1/252 935/1/252
f 946/1/252 937/1/252 936/1/252
f 929/1/254 938/1/254 948/1/254
f 948/1/254 939/1/254 949/1/254
f 949/1/254 940/1/254 950/1/254
f 950/1/254 941/1/254 951/1/254
f 951/1/254 942/1/254 952/1/254
f 970/1/258 955/1/258 956/1/258
f 980/1/259 959/1/259 975/1/259
f 957/1/260 954/1/260 953/1/260
f 975/1/261 955/1/261 965/1/261
f 955/1/262 960/1/262 956/1/262
f 980/1/263 956/1/263 960/1/263
f 953/1/264 961/1/264 966/1/264
f 966/1/230 962/1/230 967/1/230
f 967/1/265 963/1/265 968/1/265
f 968/1/265 964/1/265 969/1/265
f 969/1/230 965/1/230 970/1/230
f 957/1/266 971/1/266 958/1/266
f 976/1/250 972/1/250 971/1/250
f 977/1/266 973/1/266 972/1/266
f 978/1/267 974/1/267 973/1/267
f 979/1/250 975/1/250 974/1/250
f 958/1/261 961/1/261 954/1/261
f 971/1/261 962/1/261 961/1/261
f 972/1/268 963/1/268 962/1/268
f 973/1/261 964/1/261 963/1/261
f 974/1/261 965/1/261 964/1/261
f 957/1/263 966/1/263 976/1/263
f 976/1/263 967/1/263 977/1/263
f 977/1/263 968/1/263 978/1/263
f 978/1/263 969/1/263 979/1/263
f 979/1/263 970/1/263 980/1/263
f 998/1/269 983/1/269 984/1/269
f 1008/1/270 987/1/270 1003/1/270
f 985/1/271 982/1/271 981/1/271
f 1003/1/272 983/1/272 993/1/272
f 983/1/273 988/1/273 984/1/273
f 1008/1/274 984/1/274 988/1/274
f 981/1/275 989/1/275 994/1/275
f 994/1/276 990/1/276 995/1/276
f 995/1/269 991/1/269 996/1/269
f 996/1/277 992/1/277 997/1/277
f 997/1/269 993/1/269 998/1/269
f 985/1/278 999/1/278 986/1/278
f 1004/1/279 1000/1/279 999/1/279
f 1005/1/278 1001/1/278 1000/1/278
f 1006/1/280 1002/1/280 1001/1/280
f 1007/1/245 1003/1/245 1002/1/245
f 986/1/272 989/1/272 982/1/272
f 999/1/272 990/1/272 989/1/272
f 1000/1/272 991/1/272 990/1/272
f 1001/1/272 992/1/272 991/1/272
f 1002/1/272 993/1/272 992/1/272
f 985/1/226 994/1/226 1004/1/226
f 1004/1/226 995/1/226 1005/1/226
f 1005/1/274 996/1/274 1006/1/274
f 1006/1/274 997/1/274 1007/1/274
f 1007/1/274 998/1/274 1008/1/274
f 1026/1/281 1011/1/281 1012/1/281
f 1036/1/282 1015/1/282 1031/1/282
f 1013/1/283 1010/1/283 1009/1/283
f 1031/1/284 1011/1/284 1021/1/284
f 1011/1/285 1016/1/285 1012/1/285
f 1036/1/220 1012/1/220 1016/1/220
f 1009/1/286 1017/1/286 1022/1/286
f 1022/1/287 1018/1/287 1023/1/287
f 1023/1/287 1019/1/287 1024/1/287
f 1024/1/288 1020/1/288 1025/1/288
f 1025/1/288 1021/1/288 1026/1/288
f 1013/1/282 1027/1/282 1014/1/282
f 1032/1/282 1028/1/282 1027/1/282
f 1033/1/289 1029/1/289 1028/1/289
f 1034/1/290 1030/1/290 1029/1/290
f 1035/1/282 1031/1/282 1030/1/282
f 1014/1/284 1017/1/284 1010/1/284
f 1027/1/284 1018/1/284 1017/1/284
f 1028/1/284 1019/1/284 1018/1/284
f 1029/1/284 1020/1/284 1019/1/284
f 1030/1/284 1021/1/284 1020/1/284
f 1013/1/220 1022/1/220 1032/1/220
f 1032/1/220 1023/1/220 1033/1/220
f 1033/1/220 1024/1/220 1034/1/220
f 1034/1/220 1025/1/220 1035/1/220
f 1035/1/220 1026/1/220 1036/1/220
f 1054/1/291 1039/1/291 1040/1/291
f 1064/1/292 1043/1/292 1059/1/292
f 1041/1/293 1038/1/293 1037/1/293
f 1059/1/294 1039/1/294 1049/1/294
f 1039/1/295 1044/1/295 1040/1/295
f 1064/1/296 1040/1/296 1044/1/296
f 1037/1/297 1045/1/297 1050/1/297
f 1050/1/298 1046/1/298 1051/1/298
f 1051/1/299 1047/1/299 1052/1/299
f 1052/1/300 1048/1/300 1053/1/300
f 1053/1/301 1049/1/301 1054/1/301
f 1041/1/302 1055/1/302 1042/1/302
f 1060/1/292 1056/1/292 1055/1/292
f 1061/1/303 1057/1/303 1056/1/303
f 1062/1/304 1058/1/304 1057/1/304
f 1063/1/305 1059/1/305 1058/1/305
f 1042/1/294 1045/1/294 1038/1/294
f 1055/1/294 1046/1/294 1045/1/294
f 1056/1/294 1047/1/294 1046/1/294
f 1057/1/294 1048/1/294 1047/1/294
f 1058/1/294 1049/1/294 1048/1/294
f 1041/1/296 1050/1/296 1060/1/296
f 1060/1/296 1051/1/296 1061/1/296
f 1061/1/296 1052/1/296 1062/1/296
f 1062/1/296 1053/1/296 1063/1/296
f 1063/1/296 1054/1/296 1064/1/296
f 1077/1/1 1068/1/1 1082/1/1
f 1072/1/2 1087/1/2 1092/1/2
f 1069/1/306 1066/1/306 1065/1/306
f 1077/1/4 1071/1/4 1067/1/4
f 1067/1/307 1072/1/307 1068/1/307
f 1092/1/12 1068/1/12 1072/1/12
f 1066/1/7 1078/1/7 1065/1/7
f 1073/1/1 1079/1/1 1078/1/1
f 1074/1/8 1080/1/8 1079/1/8
f 1075/1/8 1081/1/8 1080/1/8
f 1076/1/1 1082/1/1 1081/1/1
f 1088/1/10 1070/1/10 1069/1/10
f 1089/1/10 1083/1/10 1088/1/10
f 1090/1/10 1084/1/10 1089/1/10
f 1091/1/308 1085/1/308 1090/1/308
f 1092/1/10 1086/1/10 1091/1/10
f 1070/1/4 1073/1/4 1066/1/4
f 1083/1/4 1074/1/4 1073/1/4
f 1084/1/11 1075/1/11 1074/1/11
f 1085/1/11 1076/1/11 1075/1/11
f 1076/1/4 1087/1/4 1077/1/4
f 1065/1/6 1088/1/6 1069/1/6
f 1078/1/6 1089/1/6 1088/1/6
f 1079/1/6 1090/1/6 1089/1/6
f 1080/1/6 1091/1/6 1090/1/6
f 1081/1/12 1092/1/12 1091/1/12
f 1105/1/1 1096/1/1 1110/1/1
f 1100/1/2 1115/1/2 1120/1/2
f 1097/1/306 1094/1/306 1093/1/306
f 1105/1/11 1099/1/11 1095/1/11
f 1095/1/307 1100/1/307 1096/1/307
f 1120/1/12 1096/1/12 1100/1/12
f 1094/1/1 1106/1/1 1093/1/1
f 1101/1/1 1107/1/1 1106/1/1
f 1102/1/8 1108/1/8 1107/1/8
f 1103/1/8 1109/1/8 1108/1/8
f 1104/1/1 1110/1/1 1109/1/1
f 1116/1/10 1098/1/10 1097/1/10
f 1117/1/10 1111/1/10 1116/1/10
f 1118/1/10 1112/1/10 1117/1/10
f 1119/1/308 1113/1/308 1118/1/308
f 1120/1/10 1114/1/10 1119/1/10
f 1098/1/4 1101/1/4 1094/1/4
f 1111/1/4 1102/1/4 1101/1/4
f 1112/1/11 1103/1/11 1102/1/11
f 1113/1/11 1104/1/11 1103/1/11
f 1114/1/11 1105/1/11 1104/1/11
f 1093/1/6 1116/1/6 1097/1/6
f 1106/1/6 1117/1/6 1116/1/6
f 1107/1/6 1118/1/6 1117/1/6
f 1108/1/6 1119/1/6 1118/1/6
f 1109/1/12 1120/1/12 1119/1/12
f 1133/1/1 1124/1/1 1138/1/1
f 1128/1/2 1143/1/2 1148/1/2
f 1125/1/306 1122/1/306 1121/1/306
f 1143/1/4 1123/1/4 1133/1/4
f 1123/1/307 1128/1/307 1124/1/307
f 1148/1/12 1124/1/12 1128/1/12
f 1122/1/1 1134/1/1 1121/1/1
f 1129/1/1 1135/1/1 1134/1/1
f 1130/1/8 1136/1/8 1135/1/8
f 1131/1/8 1137/1/8 1136/1/8
f 1132/1/1 1138/1/1 1137/1/1
f 1144/1/10 1126/1/10 1125/1/10
f 1145/1/10 1139/1/10 1144/1/10
f 1146/1/2 1140/1/2 1145/1/2
f 1147/1/308 1141/1/308 1146/1/308
f 1148/1/10 1142/1/10 1147/1/10
f 1126/1/4 1129/1/4 1122/1/4
f 1139/1/4 1130/1/4 1129/1/4
f 1140/1/11 1131/1/11 1130/1/11
f 1141/1/11 1132/1/11 1131/1/11
f 1142/1/11 1133/1/11 1132/1/11
f 1121/1/6 1144/1/6 1125/1/6
f 1134/1/6 1145/1/6 1144/1/6
f 1135/1/6 1146/1/6 1145/1/6
f 1136/1/6 1147/1/6 1146/1/6
f 1137/1/12 1148/1/12 1147/1/12
f 1161/1/1 1152/1/1 1166/1/1
f 1156/1/308 1171/1/308 1176/1/308
f 1153/1/306 1150/1/306 1149/1/306
f 1171/1/4 1151/1/4 1161/1/4
f 1151/1/307 1156/1/307 1152/1/307
f 1176/1/12 1152/1/12 1156/1/12
f 1150/1/14 1162/1/14 1149/1/14
f 1157/1/1 1163/1/1 1162/1/1
f 1158/1/8 1164/1/8 1163/1/8
f 1159/1/8 1165/1/8 1164/1/8
f 1160/1/1 1166/1/1 1165/1/1
f 1172/1/10 1154/1/10 1153/1/10
f 1173/1/10 1167/1/10 1172/1/10
f 1174/1/10 1168/1/10 1173/1/10
f 1175/1/308 1169/1/308 1174/1/308
f 1176/1/10 1170/1/10 1175/1/10
f 1154/1/4 1157/1/4 1150/1/4
f 1167/1/4 1158/1/4 1157/1/4
f 1168/1/11 1159/1/11 1158/1/11
f 1169/1/11 1160/1/11 1159/1/11
f 1170/1/11 1161/1/11 1160/1/11
f 1149/1/6 1172/1/6 1153/1/6
f 1162/1/6 1173/1/6 1172/1/6
f 1163/1/6 1174/1/6 1173/1/6
f 1164/1/6 1175/1/6 1174/1/6
f 1175/1/12 1166/1/12 1176/1/12
f 1189/1/1 1180/1/1 1194/1/1
f 1184/1/308 1199/1/308 1204/1/308
f 1181/1/306 1178/1/306 1177/1/306
f 1199/1/4 1179/1/4 1189/1/4
f 1179/1/307 1184/1/307 1180/1/307
f 1204/1/12 1180/1/12 1184/1/12
f 1178/1/1 1190/1/1 1177/1/1
f 1185/1/1 1191/1/1 1190/1/1
f 1186/1/8 1192/1/8 1191/1/8
f 1187/1/8 1193/1/8 1192/1/8
f 1188/1/1 1194/1/1 1193/1/1
f 1200/1/10 1182/1/10 1181/1/10
f 1201/1/10 1195/1/10 1200/1/10
f 1202/1/2 1196/1/2 1201/1/2
f 1203/1/308 1197/1/308 1202/1/308
f 1204/1/10 1198/1/10 1203/1/10
f 1182/1/4 1185/1/4 1178/1/4
f 1195/1/4 1186/1/4 1185/1/4
f 1196/1/11 1187/1/11 1186/1/11
f 1197/1/11 1188/1/11 1187/1/11
f 1198/1/11 1189/1/11 1188/1/11
f 1177/1/6 1200/1/6 1181/1/6
f 1190/1/6 1201/1/6 1200/1/6
f 1191/1/6 1202/1/6 1201/1/6
f 1192/1/6 1203/1/6 1202/1/6
f 1193/1/12 1204/1/12 1203/1/12
f 1217/1/1 1208/1/1 1222/1/1
f 1212/1/308 1227/1/308 1232/1/308
f 1209/1/3 1206/1/3 1205/1/3
f 1227/1/4 1207/1/4 1217/1/4
f 1207/1/5 1212/1/5 1208/1/5
f 1232/1/12 1208/1/12 1212/1/12
f 1206/1/14 1218/1/14 1205/1/14
f 1213/1/1 1219/1/1 1218/1/1
f 1214/1/8 1220/1/8 1219/1/8
f 1215/1/8 1221/1/8 1220/1/8
f 1216/1/1 1222/1/1 1221/1/1
f 1228/1/10 1210/1/10 1209/1/10
f 1229/1/10 1223/1/10 1228/1/10
f 1230/1/10 1224/1/10 1229/1/10
f 1231/1/308 1225/1/308 1230/1/308
f 1232/1/10 1226/1/10 1231/1/10
f 1210/1/4 1213/1/4 1206/1/4
f 1223/1/4 1214/1/4 1213/1/4
f 1224/1/11 1215/1/11 1214/1/11
f 1225/1/11 1216/1/11 1215/1/11
f 1226/1/11 1217/1/11 1216/1/11
f 1205/1/6 1228/1/6 1209/1/6
f 1218/1/6 1229/1/6 1228/1/6
f 1219/1/6 1230/1/6 1229/1/6
f 1220/1/6 1231/1/6 1230/1/6
f 1221/1/12 1232/1/12 1231/1/12
f 1245/1/1 1236/1/1 1250/1/1
f 1240/1/308 1255/1/308 1260/1/308
f 1237/1/306 1234/1/306 1233/1/306
f 1255/1/4 1235/1/4 1245/1/4
f 1235/1/307 1240/1/307 1236/1/307
f 1260/1/12 1236/1/12 1240/1/12
f 1234/1/1 1246/1/1 1233/1/1
f 1241/1/1 1247/1/1 1246/1/1
f 1242/1/8 1248/1/8 1247/1/8
f 1243/1/8 1249/1/8 1248/1/8
f 1244/1/1 1250/1/1 1249/1/1
f 1256/1/10 1238/1/10 1237/1/10
f 1257/1/10 1251/1/10 1256/1/10
f 1258/1/10 1252/1/10 1257/1/10
f 1259/1/308 1253/1/308 1258/1/308
f 1260/1/10 1254/1/10 1259/1/10
f 1238/1/4 1241/1/4 1234/1/4
f 1251/1/4 1242/1/4 1241/1/4
f 1252/1/11 1243/1/11 1242/1/11
f 1253/1/11 1244/1/11 1243/1/11
f 1254/1/11 1245/1/11 1244/1/11
f 1233/1/6 1256/1/6 1237/1/6
f 1246/1/6 1257/1/6 1256/1/6
f 1247/1/6 1258/1/6 1257/1/6
f 1248/1/6 1259/1/6 1258/1/6
f 1259/1/12 1250/1/12 1260/1/12
f 1273/1/1 1264/1/1 1278/1/1
f 1268/1/308 1283/1/308 1288/1/308
f 1265/1/3 1262/1/3 1261/1/3
f 1283/1/4 1263/1/4 1273/1/4
f 1263/1/307 1268/1/307 1264/1/307
f 1288/1/12 1264/1/12 1268/1/12
f 1262/1/14 1274/1/14 1261/1/14
f 1269/1/1 1275/1/1 1274/1/1
f 1270/1/8 1276/1/8 1275/1/8
f 1271/1/8 1277/1/8 1276/1/8
f 1272/1/1 1278/1/1 1277/1/1
f 1284/1/10 1266/1/10 1265/1/10
f 1285/1/10 1279/1/10 1284/1/10
f 1286/1/10 1280/1/10 1285/1/10
f 1287/1/308 1281/1/308 1286/1/308
f 1288/1/10 1282/1/10 1287/1/10
f 1266/1/4 1269/1/4 1262/1/4
f 1279/1/4 1270/1/4 1269/1/4
f 1280/1/11 1271/1/11 1270/1/11
f 1281/1/11 1272/1/11 1271/1/11
f 1282/1/11 1273/1/11 1272/1/11
f 1261/1/6 1284/1/6 1265/1/6
f 1274/1/6 1285/1/6 1284/1/6
f 1275/1/6 1286/1/6 1285/1/6
f 1276/1/6 1287/1/6 1286/1/6
f 1287/1/12 1278/1/12 1288/1/12
f 1301/1/1 1292/1/1 1306/1/1
f 1296/1/308 1311/1/308 1316/1/308
f 1293/1/3 1290/1/3 1289/1/3
f 1311/1/4 1291/1/4 1301/1/4
f 1291/1/307 1296/1/307 1292/1/307
f 1316/1/12 1292/1/12 1296/1/12
f 1290/1/14 1302/1/14 1289/1/14
f 1297/1/1 1303/1/1 1302/1/1
f 1298/1/8 1304/1/8 1303/1/8
f 1299/1/8 1305/1/8 1304/1/8
f 1300/1/1 1306/1/1 1305/1/1
f 1312/1/10 1294/1/10 1293/1/10
f 1313/1/10 1307/1/10 1312/1/10
f 1314/1/10 1308/1/10 1313/1/10
f 1315/1/308 1309/1/308 1314/1/308
f 1316/1/10 1310/1/10 1315/1/10
f 1294/1/4 1297/1/4 1290/1/4
f 1307/1/4 1298/1/4 1297/1/4
f 1308/1/11 1299/1/11 1298/1/11
f 1309/1/11 1300/1/11 1299/1/11
f 1310/1/11 1301/1/11 1300/1/11
f 1289/1/6 1312/1/6 1293/1/6
f 1302/1/6 1313/1/6 1312/1/6
f 1303/1/6 1314/1/6 1313/1/6
f 1304/1/6 1315/1/6 1314/1/6
f 1305/1/12 1316/1/12 1315/1/12
f 1329/1/1 1320/1/1 1334/1/1
f 1324/1/308 1339/1/308 1344/1/308
f 1321/1/3 1318/1/3 1317/1/3
f 1339/1/4 1319/1/4 1329/1/4
f 1319/1/5 1324/1/5 1320/1/5
f 1344/1/12 1320/1/12 1324/1/12
f 1318/1/14 1330/1/14 1317/1/14
f 1325/1/1 1331/1/1 1330/1/1
f 1326/1/8 1332/1/8 1331/1/8
f 1327/1/8 1333/1/8 1332/1/8
f 1328/1/1 1334/1/1 1333/1/1
f 1340/1/10 1322/1/10 1321/1/10
f 1341/1/10 1335/1/10 1340/1/10
f 1342/1/10 1336/1/10 1341/1/10
f 1343/1/308 1337/1/308 1342/1/308
f 1344/1/10 1338/1/10 1343/1/10
f 1322/1/4 1325/1/4 1318/1/4
f 1335/1/4 1326/1/4 1325/1/4
f 1336/1/11 1327/1/11 1326/1/11
f 1337/1/11 1328/1/11 1327/1/11
f 1338/1/11 1329/1/11 1328/1/11
f 1317/1/6 1340/1/6 1321/1/6
f 1330/1/6 1341/1/6 1340/1/6
f 1331/1/6 1342/1/6 1341/1/6
f 1332/1/6 1343/1/6 1342/1/6
f 1343/1/12 1334/1/12 1344/1/12
f 1357/1/1 1348/1/1 1362/1/1
f 1352/1/308 1367/1/308 1372/1/308
f 1349/1/306 1346/1/306 1345/1/306
f 1367/1/4 1347/1/4 1357/1/4
f 1347/1/16 1352/1/16 1348/1/16
f 1362/1/12 1352/1/12 1372/1/12
f 1346/1/1 1358/1/1 1345/1/1
f 1353/1/1 1359/1/1 1358/1/1
f 1354/1/8 1360/1/8 1359/1/8
f 1355/1/8 1361/1/8 1360/1/8
f 1356/1/1 1362/1/1 1361/1/1
f 1368/1/10 1350/1/10 1349/1/10
f 1369/1/10 1363/1/10 1368/1/10
f 1370/1/10 1364/1/10 1369/1/10
f 1371/1/308 1365/1/308 1370/1/308
f 1372/1/10 1366/1/10 1371/1/10
f 1350/1/4 1353/1/4 1346/1/4
f 1363/1/4 1354/1/4 1353/1/4
f 1364/1/11 1355/1/11 1354/1/11
f 1365/1/11 1356/1/11 1355/1/11
f 1366/1/11 1357/1/11 1356/1/11
f 1345/1/6 1368/1/6 1349/1/6
f 1358/1/6 1369/1/6 1368/1/6
f 1359/1/6 1370/1/6 1369/1/6
f 1360/1/6 1371/1/6 1370/1/6
f 1361/1/12 1372/1/12 1371/1/12
f 1385/1/1 1376/1/1 1390/1/1
f 1380/1/308 1395/1/308 1400/1/308
f 1377/1/3 1374/1/3 1373/1/3
f 1395/1/4 1375/1/4 1385/1/4
f 1375/1/16 1380/1/16 1376/1/16
f 1400/1/6 1376/1/6 1380/1/6
f 1374/1/14 1386/1/14 1373/1/14
f 1381/1/1 1387/1/1 1386/1/1
f 1382/1/8 1388/1/8 1387/1/8
f 1383/1/8 1389/1/8 1388/1/8
f 1384/1/1 1390/1/1 1389/1/1
f 1396/1/10 1378/1/10 1377/1/10
f 1397/1/10 1391/1/10 1396/1/10
f 1398/1/10 1392/1/10 1397/1/10
f 1399/1/308 1393/1/308 1398/1/308
f 1400/1/10 1394/1/10 1399/1/10
f 1378/1/4 1381/1/4 1374/1/4
f 1391/1/4 1382/1/4 1381/1/4
f 1392/1/11 1383/1/11 1382/1/11
f 1393/1/11 1384/1/11 1383/1/11
f 1394/1/11 1385/1/11 1384/1/11
f 1373/1/6 1396/1/6 1377/1/6
f 1386/1/6 1397/1/6 1396/1/6
f 1387/1/6 1398/1/6 1397/1/6
f 1388/1/6 1399/1/6 1398/1/6
f 1389/1/12 1400/1/12 1399/1/12
f 1413/1/1 1404/1/1 1418/1/1
f 1408/1/308 1423/1/308 1428/1/308
f 1405/1/3 1402/1/3 1401/1/3
f 1423/1/4 1403/1/4 1413/1/4
f 1403/1/16 1408/1/16 1404/1/16
f 1428/1/6 1404/1/6 1408/1/6
f 1402/1/14 1414/1/14 1401/1/14
f 1409/1/1 1415/1/1 1414/1/1
f 1410/1/8 1416/1/8 1415/1/8
f 1411/1/8 1417/1/8 1416/1/8
f 1412/1/1 1418/1/1 1417/1/1
f 1424/1/10 1406/1/10 1405/1/10
f 1425/1/10 1419/1/10 1424/1/10
f 1426/1/2 1420/1/2 1425/1/2
f 1427/1/308 1421/1/308 1426/1/308
f 1428/1/2 1422/1/2 1427/1/2
f 1406/1/4 1409/1/4 1402/1/4
f 1419/1/4 1410/1/4 1409/1/4
f 1420/1/11 1411/1/11 1410/1/11
f 1421/1/11 1412/1/11 1411/1/11
f 1422/1/11 1413/1/11 1412/1/11
f 1401/1/6 1424/1/6 1405/1/6
f 1414/1/6 1425/1/6 1424/1/6
f 1415/1/6 1426/1/6 1425/1/6
f 1426/1/6 1417/1/6 1427/1/6
f 1427/1/6 1418/1/6 1428/1/6
f 1441/1/1 1432/1/1 1446/1/1
f 1436/1/308 1451/1/308 1456/1/308
f 1433/1/3 1430/1/3 1429/1/3
f 1451/1/4 1431/1/4 1441/1/4
f 1431/1/16 1436/1/16 1432/1/16
f 1456/1/6 1432/1/6 1436/1/6
f 1430/1/14 1442/1/14 1429/1/14
f 1437/1/1 1443/1/1 1442/1/1
f 1438/1/8 1444/1/8 1443/1/8
f 1439/1/8 1445/1/8 1444/1/8
f 1440/1/1 1446/1/1 1445/1/1
f 1452/1/10 1434/1/10 1433/1/10
f 1453/1/10 1447/1/10 1452/1/10
f 1454/1/2 1448/1/2 1453/1/2
f 1455/1/308 1449/1/308 1454/1/308
f 1456/1/2 1450/1/2 1455/1/2
f 1434/1/4 1437/1/4 1430/1/4
f 1447/1/4 1438/1/4 1437/1/4
f 1448/1/11 1439/1/11 1438/1/11
f 1449/1/11 1440/1/11 1439/1/11
f 1450/1/11 1441/1/11 1440/1/11
f 1429/1/6 1452/1/6 1433/1/6
f 1442/1/6 1453/1/6 1452/1/6
f 1443/1/6 1454/1/6 1453/1/6
f 1454/1/6 1445/1/6 1455/1/6
f 1455/1/6 1446/1/6 1456/1/6
f 1469/1/21 1460/1/21 1474/1/21
f 1464/1/308 1479/1/308 1484/1/308
f 1461/1/309 1458/1/309 1457/1/309
f 1469/1/22 1463/1/22 1459/1/22
f 1459/1/310 1464/1/310 1460/1/310
f 1474/1/311 1464/1/311 1484/1/311
f 1458/1/7 1470/1/7 1457/1/7
f 1465/1/21 1471/1/21 1470/1/21
f 1466/1/14 1472/1/14 1471/1/14
f 1467/1/7 1473/1/7 1472/1/7
f 1468/1/7 1474/1/7 1473/1/7
f 1480/1/10 1462/1/10 1461/1/10
f 1481/1/10 1475/1/10 1480/1/10
f 1482/1/2 1476/1/2 1481/1/2
f 1483/1/308 1477/1/308 1482/1/308
f 1484/1/2 1478/1/2 1483/1/2
f 1458/1/4 1475/1/4 1465/1/4
f 1465/1/4 1476/1/4 1466/1/4
f 1466/1/4 1477/1/4 1467/1/4
f 1467/1/4 1478/1/4 1468/1/4
f 1468/1/22 1479/1/22 1469/1/22
f 1457/1/12 1480/1/12 1461/1/12
f 1470/1/12 1481/1/12 1480/1/12
f 1471/1/12 1482/1/12 1481/1/12
f 1472/1/12 1483/1/12 1482/1/12
f 1473/1/12 1484/1/12 1483/1/12
f 1497/1/31 1488/1/31 1502/1/31
f 1492/1/312 1507/1/312 1512/1/312
f 1489/1/25 1486/1/25 1485/1/25
f 1497/1/26 1491/1/26 1487/1/26
f 1487/1/313 1492/1/313 1488/1/313
f 1502/1/28 1492/1/28 1512/1/28
f 1486/1/29 1498/1/29 1485/1/29
f 1493/1/30 1499/1/30 1498/1/30
f 1494/1/29 1500/1/29 1499/1/29
f 1495/1/31 1501/1/31 1500/1/31
f 1496/1/31 1502/1/31 1501/1/31
f 1508/1/15 1490/1/15 1489/1/15
f 1509/1/15 1503/1/15 1508/1/15
f 1510/1/308 1504/1/308 1509/1/308
f 1511/1/32 1505/1/32 1510/1/32
f 1512/1/15 1506/1/15 1511/1/15
f 1486/1/26 1503/1/26 1493/1/26
f 1493/1/26 1504/1/26 1494/1/26
f 1494/1/26 1505/1/26 1495/1/26
f 1495/1/26 1506/1/26 1496/1/26
f 1496/1/26 1507/1/26 1497/1/26
f 1485/1/28 1508/1/28 1489/1/28
f 1498/1/28 1509/1/28 1508/1/28
f 1499/1/28 1510/1/28 1509/1/28
f 1500/1/33 1511/1/33 1510/1/33
f 1501/1/28 1512/1/28 1511/1/28
f 1525/1/191 1516/1/191 1530/1/191
f 1520/1/35 1535/1/35 1540/1/35
f 1517/1/36 1514/1/36 1513/1/36
f 1525/1/46 1519/1/46 1515/1/46
f 1515/1/38 1520/1/38 1516/1/38
f 1530/1/39 1520/1/39 1540/1/39
f 1514/1/191 1526/1/191 1513/1/191
f 1521/1/184 1527/1/184 1526/1/184
f 1522/1/191 1528/1/191 1527/1/191
f 1523/1/190 1529/1/190 1528/1/190
f 1524/1/41 1530/1/41 1529/1/41
f 1536/1/314 1518/1/314 1517/1/314
f 1537/1/315 1531/1/315 1536/1/315
f 1538/1/314 1532/1/314 1537/1/314
f 1539/1/316 1533/1/316 1538/1/316
f 1540/1/42 1534/1/42 1539/1/42
f 1514/1/46 1531/1/46 1521/1/46
f 1521/1/37 1532/1/37 1522/1/37
f 1522/1/37 1533/1/37 1523/1/37
f 1523/1/37 1534/1/37 1524/1/37
f 1524/1/46 1535/1/46 1525/1/46
f 1513/1/39 1536/1/39 1517/1/39
f 1526/1/39 1537/1/39 1536/1/39
f 1527/1/39 1538/1/39 1537/1/39
f 1528/1/39 1539/1/39 1538/1/39
f 1529/1/39 1540/1/39 1539/1/39
f 1553/1/54 1544/1/54 1558/1/54
f 1548/1/317 1563/1/317 1568/1/317
f 1545/1/318 1542/1/318 1541/1/318
f 1553/1/59 1547/1/59 1543/1/59
f 1543/1/319 1548/1/319 1544/1/319
f 1558/1/52 1548/1/52 1568/1/52
f 1542/1/320 1554/1/320 1541/1/320
f 1549/1/320 1555/1/320 1554/1/320
f 1550/1/54 1556/1/54 1555/1/54
f 1551/1/321 1557/1/321 1556/1/321
f 1552/1/322 1558/1/322 1557/1/322
f 1564/1/56 1546/1/56 1545/1/56
f 1565/1/48 1559/1/48 1564/1/48
f 1566/1/58 1560/1/58 1565/1/58
f 1567/1/323 1561/1/323 1566/1/323
f 1568/1/324 1562/1/324 1567/1/324
f 1542/1/59 1559/1/59 1549/1/59
f 1549/1/59 1560/1/59 1550/1/59
f 1550/1/50 1561/1/50 1551/1/50
f 1551/1/50 1562/1/50 1552/1/50
f 1552/1/59 1563/1/59 1553/1/59
f 1541/1/52 1564/1/52 1545/1/52
f 1554/1/52 1565/1/52 1564/1/52
f 1555/1/52 1566/1/52 1565/1/52
f 1556/1/52 1567/1/52 1566/1/52
f 1557/1/52 1568/1/52 1567/1/52
f 1581/1/66 1572/1/66 1586/1/66
f 1576/1/325 1591/1/325 1596/1/325
f 1573/1/62 1570/1/62 1569/1/62
f 1581/1/63 1575/1/63 1571/1/63
f 1571/1/326 1576/1/326 1572/1/326
f 1586/1/65 1576/1/65 1596/1/65
f 1570/1/66 1582/1/66 1569/1/66
f 1577/1/66 1583/1/66 1582/1/66
f 1578/1/66 1584/1/66 1583/1/66
f 1579/1/68 1585/1/68 1584/1/68
f 1580/1/66 1586/1/66 1585/1/66
f 1592/1/71 1574/1/71 1573/1/71
f 1593/1/71 1587/1/71 1592/1/71
f 1594/1/61 1588/1/61 1593/1/61
f 1595/1/71 1589/1/71 1594/1/71
f 1596/1/70 1590/1/70 1595/1/70
f 1570/1/63 1587/1/63 1577/1/63
f 1577/1/63 1588/1/63 1578/1/63
f 1578/1/63 1589/1/63 1579/1/63
f 1579/1/63 1590/1/63 1580/1/63
f 1580/1/63 1591/1/63 1581/1/63
f 1569/1/65 1592/1/65 1573/1/65
f 1582/1/65 1593/1/65 1592/1/65
f 1583/1/65 1594/1/65 1593/1/65
f 1584/1/65 1595/1/65 1594/1/65
f 1585/1/65 1596/1/65 1595/1/65
f 1609/1/327 1600/1/327 1614/1/327
f 1604/1/74 1619/1/74 1624/1/74
f 1601/1/75 1598/1/75 1597/1/75
f 1609/1/76 1603/1/76 1599/1/76
f 1599/1/77 1604/1/77 1600/1/77
f 1614/1/78 1604/1/78 1624/1/78
f 1598/1/79 1610/1/79 1597/1/79
f 1605/1/177 1611/1/177 1610/1/177
f 1606/1/178 1612/1/178 1611/1/178
f 1607/1/79 1613/1/79 1612/1/79
f 1608/1/177 1614/1/177 1613/1/177
f 1620/1/83 1602/1/83 1601/1/83
f 1621/1/328 1615/1/328 1620/1/328
f 1622/1/83 1616/1/83 1621/1/83
f 1623/1/81 1617/1/81 1622/1/81
f 1624/1/329 1618/1/329 1623/1/329
f 1598/1/76 1615/1/76 1605/1/76
f 1605/1/76 1616/1/76 1606/1/76
f 1606/1/76 1617/1/76 1607/1/76
f 1607/1/76 1618/1/76 1608/1/76
f 1608/1/76 1619/1/76 1609/1/76
f 1597/1/78 1620/1/78 1601/1/78
f 1610/1/78 1621/1/78 1620/1/78
f 1611/1/78 1622/1/78 1621/1/78
f 1612/1/78 1623/1/78 1622/1/78
f 1613/1/78 1624/1/78 1623/1/78
f 1637/1/85 1628/1/85 1642/1/85
f 1632/1/330 1647/1/330 1652/1/330
f 1629/1/331 1626/1/331 1625/1/331
f 1637/1/88 1631/1/88 1627/1/88
f 1627/1/332 1632/1/332 1628/1/332
f 1642/1/90 1632/1/90 1652/1/90
f 1626/1/333 1638/1/333 1625/1/333
f 1633/1/85 1639/1/85 1638/1/85
f 1634/1/92 1640/1/92 1639/1/92
f 1635/1/92 1641/1/92 1640/1/92
f 1636/1/92 1642/1/92 1641/1/92
f 1648/1/334 1630/1/334 1629/1/334
f 1649/1/334 1643/1/334 1648/1/334
f 1650/1/86 1644/1/86 1649/1/86
f 1651/1/86 1645/1/86 1650/1/86
f 1652/1/330 1646/1/330 1651/1/330
f 1626/1/88 1643/1/88 1633/1/88
f 1633/1/88 1644/1/88 1634/1/88
f 1634/1/88 1645/1/88 1635/1/88
f 1635/1/88 1646/1/88 1636/1/88
f 1636/1/88 1647/1/88 1637/1/88
f 1625/1/90 1648/1/90 1629/1/90
f 1638/1/90 1649/1/90 1648/1/90
f 1639/1/90 1650/1/90 1649/1/90
f 1640/1/90 1651/1/90 1650/1/90
f 1641/1/90 1652/1/90 1651/1/90
f 1665/1/98 1656/1/98 1670/1/98
f 1660/1/335 1675/1/335 1680/1/335
f 1657/1/336 1654/1/336 1653/1/336
f 1665/1/101 1659/1/101 1655/1/101
f 1655/1/337 1660/1/337 1656/1/337
f 1670/1/103 1660/1/103 1680/1/103
f 1654/1/104 1666/1/104 1653/1/104
f 1661/1/98 1667/1/98 1666/1/98
f 1662/1/338 1668/1/338 1667/1/338
f 1663/1/98 1669/1/98 1668/1/98
f 1664/1/98 1670/1/98 1669/1/98
f 1676/1/339 1658/1/339 1657/1/339
f 1677/1/107 1671/1/107 1676/1/107
f 1678/1/99 1672/1/99 1677/1/99
f 1679/1/107 1673/1/107 1678/1/107
f 1680/1/106 1674/1/106 1679/1/106
f 1654/1/101 1671/1/101 1661/1/101
f 1661/1/101 1672/1/101 1662/1/101
f 1662/1/101 1673/1/101 1663/1/101
f 1663/1/101 1674/1/101 1664/1/101
f 1664/1/101 1675/1/101 1665/1/101
f 1653/1/103 1676/1/103 1657/1/103
f 1666/1/103 1677/1/103 1676/1/103
f 1667/1/103 1678/1/103 1677/1/103
f 1668/1/103 1679/1/103 1678/1/103
f 1669/1/103 1680/1/103 1679/1/103
f 1693/1/111 1684/1/111 1698/1/111
f 1688/1/340 1703/1/340 1708/1/340
f 1685/1/341 1682/1/341 1681/1/341
f 1693/1/114 1687/1/114 1683/1/114
f 1683/1/342 1688/1/342 1684/1/342
f 1698/1/116 1688/1/116 1708/1/116
f 1682/1/118 1694/1/118 1681/1/118
f 1689/1/343 1695/1/343 1694/1/343
f 1690/1/117 1696/1/117 1695/1/117
f 1691/1/117 1697/1/117 1696/1/117
f 1692/1/111 1698/1/111 1697/1/111
f 1704/1/120 1686/1/120 1685/1/120
f 1705/1/344 1699/1/344 1704/1/344
f 1706/1/344 1700/1/344 1705/1/344
f 1707/1/345 1701/1/345 1706/1/345
f 1708/1/120 1702/1/120 1707/1/120
f 1682/1/114 1699/1/114 1689/1/114
f 1689/1/114 1700/1/114 1690/1/114
f 1690/1/114 1701/1/114 1691/1/114
f 1691/1/114 1702/1/114 1692/1/114
f 1692/1/114 1703/1/114 1693/1/114
f 1681/1/116 1704/1/116 1685/1/116
f 1694/1/116 1705/1/116 1704/1/116
f 1695/1/116 1706/1/116 1705/1/116
f 1696/1/116 1707/1/116 1706/1/116
f 1697/1/116 1708/1/116 1707/1/116
f 1721/1/131 1712/1/131 1726/1/131
f 1716/1/346 1731/1/346 1736/1/346
f 1713/1/347 1710/1/347 1709/1/347
f 1721/1/126 1715/1/126 1711/1/126
f 1711/1/348 1716/1/348 1712/1/348
f 1726/1/128 1716/1/128 1736/1/128
f 1710/1/132 1722/1/132 1709/1/132
f 1717/1/130 1723/1/130 1722/1/130
f 1718/1/131 1724/1/131 1723/1/131
f 1719/1/133 1725/1/133 1724/1/133
f 1720/1/132 1726/1/132 1725/1/132
f 1732/1/349 1714/1/349 1713/1/349
f 1733/1/159 1727/1/159 1732/1/159
f 1734/1/350 1728/1/350 1733/1/350
f 1735/1/346 1729/1/346 1734/1/346
f 1736/1/346 1730/1/346 1735/1/346
f 1710/1/126 1727/1/126 1717/1/126
f 1717/1/126 1728/1/126 1718/1/126
f 1718/1/126 1729/1/126 1719/1/126
f 1719/1/126 1730/1/126 1720/1/126
f 1720/1/126 1731/1/126 1721/1/126
f 1709/1/128 1732/1/128 1713/1/128
f 1722/1/128 1733/1/128 1732/1/128
f 1723/1/136 1734/1/136 1733/1/136
f 1724/1/128 1735/1/128 1734/1/128
f 1725/1/136 1736/1/136 1735/1/136
f 1749/1/123 1740/1/123 1754/1/123
f 1744/1/351 1759/1/351 1764/1/351
f 1741/1/138 1738/1/138 1737/1/138
f 1749/1/139 1743/1/139 1739/1/139
f 1739/1/352 1744/1/352 1740/1/352
f 1754/1/141 1744/1/141 1764/1/141
f 1738/1/123 1750/1/123 1737/1/123
f 1745/1/143 1751/1/143 1750/1/143
f 1746/1/353 1752/1/353 1751/1/353
f 1747/1/118 1753/1/118 1752/1/118
f 1748/1/118 1754/1/118 1753/1/118
f 1760/1/144 1742/1/144 1741/1/144
f 1761/1/354 1755/1/354 1760/1/354
f 1762/1/144 1756/1/144 1761/1/144
f 1763/1/144 1757/1/144 1762/1/144
f 1764/1/137 1758/1/137 1763/1/137
f 1738/1/139 1755/1/139 1745/1/139
f 1745/1/139 1756/1/139 1746/1/139
f 1746/1/139 1757/1/139 1747/1/139
f 1747/1/139 1758/1/139 1748/1/139
f 1748/1/139 1759/1/139 1749/1/139
f 1737/1/141 1760/1/141 1741/1/141
f 1750/1/141 1761/1/141 1760/1/141
f 1751/1/141 1762/1/141 1761/1/141
f 1752/1/141 1763/1/141 1762/1/141
f 1753/1/141 1764/1/141 1763/1/141
f 1777/1/355 1768/1/355 1782/1/355
f 1772/1/134 1787/1/134 1792/1/134
f 1769/1/356 1766/1/356 1765/1/356
f 1777/1/160 1771/1/160 1767/1/160
f 1767/1/150 1772/1/150 1768/1/150
f 1782/1/357 1772/1/357 1792/1/357
f 1766/1/152 1778/1/152 1765/1/152
f 1773/1/156 1779/1/156 1778/1/156
f 1774/1/358 1780/1/358 1779/1/358
f 1775/1/355 1781/1/355 1780/1/355
f 1776/1/156 1782/1/156 1781/1/156
f 1788/1/159 1770/1/159 1769/1/159
f 1789/1/159 1783/1/159 1788/1/159
f 1790/1/159 1784/1/159 1789/1/159
f 1791/1/349 1785/1/349 1790/1/349
f 1792/1/349 1786/1/349 1791/1/349
f 1766/1/160 1783/1/160 1773/1/160
f 1773/1/160 1784/1/160 1774/1/160
f 1774/1/160 1785/1/160 1775/1/160
f 1775/1/160 1786/1/160 1776/1/160
f 1776/1/149 1787/1/149 1777/1/149
f 1765/1/151 1788/1/151 1769/1/151
f 1778/1/151 1789/1/151 1788/1/151
f 1779/1/151 1790/1/151 1789/1/151
f 1780/1/151 1791/1/151 1790/1/151
f 1781/1/151 1792/1/151 1791/1/151
f 1805/1/359 1796/1/359 1810/1/359
f 1800/1/168 1815/1/168 1820/1/168
f 1797/1/163 1794/1/163 1793/1/163
f 1805/1/164 1799/1/164 1795/1/164
f 1795/1/360 1800/1/360 1796/1/360
f 1810/1/166 1800/1/166 1820/1/166
f 1794/1/361 1806/1/361 1793/1/361
f 1801/1/359 1807/1/359 1806/1/359
f 1802/1/359 1808/1/359 1807/1/359
f 1803/1/167 1809/1/167 1808/1/167
f 1804/1/359 1810/1/359 1809/1/359
f 1816/1/162 1798/1/162 1797/1/162
f 1817/1/169 1811/1/169 1816/1/169
f 1818/1/168 1812/1/168 1817/1/168
f 1819/1/112 1813/1/112 1818/1/112
f 1820/1/362 1814/1/362 1819/1/362
f 1794/1/164 1811/1/164 1801/1/164
f 1801/1/164 1812/1/164 1802/1/164
f 1802/1/170 1813/1/170 1803/1/170
f 1803/1/164 1814/1/164 1804/1/164
f 1804/1/164 1815/1/164 1805/1/164
f 1793/1/166 1816/1/166 1797/1/166
f 1806/1/166 1817/1/166 1816/1/166
f 1807/1/166 1818/1/166 1817/1/166
f 1808/1/166 1819/1/166 1818/1/166
f 1809/1/166 1820/1/166 1819/1/166
f 1833/1/177 1824/1/177 1838/1/177
f 1828/1/179 1843/1/179 1848/1/179
f 1825/1/363 1822/1/363 1821/1/363
f 1833/1/183 1827/1/183 1823/1/183
f 1823/1/364 1828/1/364 1824/1/364
f 1838/1/176 1828/1/176 1848/1/176
f 1822/1/177 1834/1/177 1821/1/177
f 1829/1/177 1835/1/177 1834/1/177
f 1830/1/178 1836/1/178 1835/1/178
f 1831/1/171 1837/1/171 1836/1/171
f 1832/1/177 1838/1/177 1837/1/177
f 1844/1/365 1826/1/365 1825/1/365
f 1845/1/366 1839/1/366 1844/1/366
f 1846/1/366 1840/1/366 1845/1/366
f 1847/1/367 1841/1/367 1846/1/367
f 1848/1/367 1842/1/367 1847/1/367
f 1822/1/183 1839/1/183 1829/1/183
f 1829/1/183 1840/1/183 1830/1/183
f 1830/1/183 1841/1/183 1831/1/183
f 1831/1/183 1842/1/183 1832/1/183
f 1832/1/174 1843/1/174 1833/1/174
f 1821/1/176 1844/1/176 1825/1/176
f 1834/1/176 1845/1/176 1844/1/176
f 1835/1/176 1846/1/176 1845/1/176
f 1836/1/176 1847/1/176 1846/1/176
f 1837/1/176 1848/1/176 1847/1/176
f 1861/1/184 1852/1/184 1866/1/184
f 1856/1/84 1871/1/84 1876/1/84
f 1853/1/368 1850/1/368 1849/1/368
f 1861/1/186 1855/1/186 1851/1/186
f 1851/1/369 1856/1/369 1852/1/369
f 1866/1/188 1856/1/188 1876/1/188
f 1850/1/191 1862/1/191 1849/1/191
f 1857/1/370 1863/1/370 1862/1/370
f 1858/1/184 1864/1/184 1863/1/184
f 1859/1/184 1865/1/184 1864/1/184
f 1860/1/192 1866/1/192 1865/1/192
f 1872/1/82 1854/1/82 1853/1/82
f 1873/1/371 1867/1/371 1872/1/371
f 1874/1/372 1868/1/372 1873/1/372
f 1875/1/84 1869/1/84 1874/1/84
f 1876/1/84 1870/1/84 1875/1/84
f 1850/1/186 1867/1/186 1857/1/186
f 1857/1/186 1868/1/186 1858/1/186
f 1858/1/186 1869/1/186 1859/1/186
f 1859/1/186 1870/1/186 1860/1/186
f 1860/1/186 1871/1/186 1861/1/186
f 1849/1/188 1872/1/188 1853/1/188
f 1862/1/188 1873/1/188 1872/1/188
f 1863/1/188 1874/1/188 1873/1/188
f 1864/1/188 1875/1/188 1874/1/188
f 1865/1/188 1876/1/188 1875/1/188
f 1894/1/373 1879/1/373 1880/1/373
f 1904/1/374 1883/1/374 1899/1/374
f 1881/1/375 1878/1/375 1877/1/375
f 1899/1/203 1879/1/203 1889/1/203
f 1879/1/376 1884/1/376 1880/1/376
f 1904/1/205 1880/1/205 1884/1/205
f 1877/1/200 1885/1/200 1890/1/200
f 1890/1/377 1886/1/377 1891/1/377
f 1891/1/193 1887/1/193 1892/1/193
f 1892/1/378 1888/1/378 1893/1/378
f 1893/1/198 1889/1/198 1894/1/198
f 1900/1/201 1882/1/201 1881/1/201
f 1901/1/374 1895/1/374 1900/1/374
f 1902/1/10 1896/1/10 1901/1/10
f 1903/1/379 1897/1/379 1902/1/379
f 1903/1/374 1899/1/374 1898/1/374
f 1882/1/203 1885/1/203 1878/1/203
f 1895/1/203 1886/1/203 1885/1/203
f 1896/1/203 1887/1/203 1886/1/203
f 1897/1/204 1888/1/204 1887/1/204
f 1898/1/204 1889/1/204 1888/1/204
f 1881/1/205 1890/1/205 1900/1/205
f 1900/1/205 1891/1/205 1901/1/205
f 1901/1/205 1892/1/205 1902/1/205
f 1902/1/197 1893/1/197 1903/1/197
f 1903/1/197 1894/1/197 1904/1/197
f 1922/1/212 1907/1/212 1908/1/212
f 1932/1/217 1911/1/217 1927/1/217
f 1909/1/208 1906/1/208 1905/1/208
f 1927/1/209 1907/1/209 1917/1/209
f 1907/1/210 1912/1/210 1908/1/210
f 1932/1/220 1908/1/220 1912/1/220
f 1905/1/380 1913/1/380 1918/1/380
f 1918/1/206 1914/1/206 1919/1/206
f 1919/1/380 1915/1/380 1920/1/380
f 1920/1/381 1916/1/381 1921/1/381
f 1921/1/214 1917/1/214 1922/1/214
f 1909/1/218 1923/1/218 1910/1/218
f 1928/1/215 1924/1/215 1923/1/215
f 1929/1/382 1925/1/382 1924/1/382
f 1930/1/207 1926/1/207 1925/1/207
f 1931/1/219 1927/1/219 1926/1/219
f 1910/1/209 1913/1/209 1906/1/209
f 1923/1/209 1914/1/209 1913/1/209
f 1924/1/209 1915/1/209 1914/1/209
f 1925/1/209 1916/1/209 1915/1/209
f 1926/1/209 1917/1/209 1916/1/209
f 1909/1/220 1918/1/220 1928/1/220
f 1928/1/220 1919/1/220 1929/1/220
f 1929/1/211 1920/1/211 1930/1/211
f 1930/1/211 1921/1/211 1931/1/211
f 1931/1/220 1922/1/220 1932/1/220
f 1950/1/230 1935/1/230 1936/1/230
f 1960/1/233 1939/1/233 1955/1/233
f 1937/1/383 1934/1/383 1933/1/383
f 1955/1/224 1935/1/224 1945/1/224
f 1935/1/384 1940/1/384 1936/1/384
f 1960/1/226 1936/1/226 1940/1/226
f 1933/1/221 1941/1/221 1946/1/221
f 1946/1/385 1942/1/385 1947/1/385
f 1947/1/385 1943/1/385 1948/1/385
f 1948/1/386 1944/1/386 1949/1/386
f 1949/1/228 1945/1/228 1950/1/228
f 1937/1/233 1951/1/233 1938/1/233
f 1956/1/233 1952/1/233 1951/1/233
f 1957/1/233 1953/1/233 1952/1/233
f 1958/1/233 1954/1/233 1953/1/233
f 1959/1/222 1955/1/222 1954/1/222
f 1938/1/224 1941/1/224 1934/1/224
f 1951/1/224 1942/1/224 1941/1/224
f 1952/1/224 1943/1/224 1942/1/224
f 1953/1/224 1944/1/224 1943/1/224
f 1954/1/224 1945/1/224 1944/1/224
f 1937/1/226 1946/1/226 1956/1/226
f 1956/1/226 1947/1/226 1957/1/226
f 1957/1/226 1948/1/226 1958/1/226
f 1958/1/226 1949/1/226 1959/1/226
f 1959/1/226 1950/1/226 1960/1/226
f 1978/1/244 1963/1/244 1964/1/244
f 1988/1/387 1967/1/387 1983/1/387
f 1965/1/388 1962/1/388 1961/1/388
f 1983/1/238 1963/1/238 1973/1/238
f 1963/1/389 1968/1/389 1964/1/389
f 1988/1/240 1964/1/240 1968/1/240
f 1961/1/235 1969/1/235 1974/1/235
f 1974/1/241 1970/1/241 1975/1/241
f 1975/1/235 1971/1/235 1976/1/235
f 1976/1/390 1972/1/390 1977/1/390
f 1977/1/244 1973/1/244 1978/1/244
f 1965/1/248 1979/1/248 1966/1/248
f 1984/1/246 1980/1/246 1979/1/246
f 1985/1/247 1981/1/247 1980/1/247
f 1986/1/391 1982/1/391 1981/1/391
f 1987/1/245 1983/1/245 1982/1/245
f 1966/1/268 1969/1/268 1962/1/268
f 1979/1/268 1970/1/268 1969/1/268
f 1980/1/238 1971/1/238 1970/1/238
f 1981/1/238 1972/1/238 1971/1/238
f 1982/1/238 1973/1/238 1972/1/238
f 1965/1/240 1974/1/240 1984/1/240
f 1984/1/240 1975/1/240 1985/1/240
f 1985/1/240 1976/1/240 1986/1/240
f 1986/1/240 1977/1/240 1987/1/240
f 1987/1/240 1978/1/240 1988/1/240
f 2006/1/392 1991/1/392 1992/1/392
f 2016/1/266 1995/1/266 2011/1/266
f 1993/1/251 1990/1/251 1989/1/251
f 2011/1/252 1991/1/252 2001/1/252
f 1991/1/393 1996/1/393 1992/1/393
f 2016/1/254 1992/1/254 1996/1/254
f 1989/1/249 1997/1/249 2002/1/249
f 2002/1/390 1998/1/390 2003/1/390
f 2003/1/255 1999/1/255 2004/1/255
f 2004/1/249 2000/1/249 2005/1/249
f 2005/1/249 2001/1/249 2006/1/249
f 1993/1/256 2007/1/256 1994/1/256
f 2012/1/394 2008/1/394 2007/1/394
f 2013/1/250 2009/1/250 2008/1/250
f 2014/1/256 2010/1/256 2009/1/256
f 2015/1/394 2011/1/394 2010/1/394
f 1994/1/252 1997/1/252 1990/1/252
f 2007/1/252 1998/1/252 1997/1/252
f 2008/1/252 1999/1/252 1998/1/252
f 2009/1/252 2000/1/252 1999/1/252
f 2010/1/252 2001/1/252 2000/1/252
f 1993/1/254 2002/1/254 2012/1/254
f 2012/1/254 2003/1/254 2013/1/254
f 2013/1/254 2004/1/254 2014/1/254
f 2014/1/254 2005/1/254 2015/1/254
f 2015/1/254 2006/1/254 2016/1/254
f 2034/1/395 2019/1/395 2020/1/395
f 2044/1/396 2023/1/396 2039/1/396
f 2021/1/397 2018/1/397 2017/1/397
f 2039/1/261 2019/1/261 2029/1/261
f 2019/1/398 2024/1/398 2020/1/398
f 2044/1/263 2020/1/263 2024/1/263
f 2017/1/264 2025/1/264 2030/1/264
f 2030/1/258 2026/1/258 2031/1/258
f 2031/1/258 2027/1/258 2032/1/258
f 2032/1/399 2028/1/399 2033/1/399
f 2033/1/395 2029/1/395 2034/1/395
f 2021/1/267 2035/1/267 2022/1/267
f 2040/1/250 2036/1/250 2035/1/250
f 2041/1/400 2037/1/400 2036/1/400
f 2042/1/396 2038/1/396 2037/1/396
f 2043/1/400 2039/1/400 2038/1/400
f 2022/1/261 2025/1/261 2018/1/261
f 2035/1/268 2026/1/268 2025/1/268
f 2036/1/238 2027/1/238 2026/1/238
f 2037/1/238 2028/1/238 2027/1/238
f 2038/1/268 2029/1/268 2028/1/268
f 2021/1/263 2030/1/263 2040/1/263
f 2040/1/263 2031/1/263 2041/1/263
f 2041/1/263 2032/1/263 2042/1/263
f 2042/1/263 2033/1/263 2043/1/263
f 2043/1/263 2034/1/263 2044/1/263
f 2062/1/269 2047/1/269 2048/1/269
f 2072/1/401 2051/1/401 2067/1/401
f 2049/1/402 2046/1/402 2045/1/402
f 2067/1/272 2047/1/272 2057/1/272
f 2047/1/273 2052/1/273 2048/1/273
f 2072/1/226 2048/1/226 2052/1/226
f 2045/1/275 2053/1/275 2058/1/275
f 2058/1/269 2054/1/269 2059/1/269
f 2059/1/276 2055/1/276 2060/1/276
f 2060/1/275 2056/1/275 2061/1/275
f 2061/1/269 2057/1/269 2062/1/269
f 2049/1/278 2063/1/278 2050/1/278
f 2068/1/279 2064/1/279 2063/1/279
f 2069/1/278 2065/1/278 2064/1/278
f 2070/1/403 2066/1/403 2065/1/403
f 2071/1/401 2067/1/401 2066/1/401
f 2050/1/272 2053/1/272 2046/1/272
f 2063/1/272 2054/1/272 2053/1/272
f 2064/1/272 2055/1/272 2054/1/272
f 2065/1/272 2056/1/272 2055/1/272
f 2066/1/272 2057/1/272 2056/1/272
f 2049/1/274 2058/1/274 2068/1/274
f 2068/1/274 2059/1/274 2069/1/274
f 2069/1/274 2060/1/274 2070/1/274
f 2070/1/274 2061/1/274 2071/1/274
f 2071/1/274 2062/1/274 2072/1/274
f 2090/1/404 2075/1/404 2076/1/404
f 2100/1/405 2079/1/405 2095/1/405
f 2077/1/406 2074/1/406 2073/1/406
f 2095/1/407 2075/1/407 2085/1/407
f 2075/1/285 2080/1/285 2076/1/285
f 2100/1/220 2076/1/220 2080/1/220
f 2073/1/408 2081/1/408 2086/1/408
f 2086/1/281 2082/1/281 2087/1/281
f 2087/1/409 2083/1/409 2088/1/409
f 2088/1/408 2084/1/408 2089/1/408
f 2089/1/408 2085/1/408 2090/1/408
f 2077/1/282 2091/1/282 2078/1/282
f 2096/1/282 2092/1/282 2091/1/282
f 2097/1/410 2093/1/410 2092/1/410
f 2098/1/290 2094/1/290 2093/1/290
f 2099/1/411 2095/1/411 2094/1/411
f 2078/1/284 2081/1/284 2074/1/284
f 2091/1/407 2082/1/407 2081/1/407
f 2092/1/284 2083/1/284 2082/1/284
f 2093/1/407 2084/1/407 2083/1/407
f 2094/1/284 2085/1/284 2084/1/284
f 2077/1/220 2086/1/220 2096/1/220
f 2096/1/220 2087/1/220 2097/1/220
f 2097/1/220 2088/1/220 2098/1/220
f 2098/1/220 2089/1/220 2099/1/220
f 2099/1/220 2090/1/220 2100/1/220
f 2118/1/412 2103/1/412 2104/1/412
f 2128/1/292 2107/1/292 2123/1/292
f 2105/1/413 2102/1/413 2101/1/413
f 2123/1/294 2103/1/294 2113/1/294
f 2103/1/414 2108/1/414 2104/1/414
f 2128/1/296 2104/1/296 2108/1/296
f 2101/1/291 2109/1/291 2114/1/291
f 2114/1/298 2110/1/298 2115/1/298
f 2115/1/415 2111/1/415 2116/1/415
f 2116/1/291 2112/1/291 2117/1/291
f 2117/1/300 2113/1/300 2118/1/300
f 2105/1/305 2119/1/305 2106/1/305
f 2124/1/305 2120/1/305 2119/1/305
f 2125/1/305 2121/1/305 2120/1/305
f 2126/1/416 2122/1/416 2121/1/416
f 2127/1/417 2123/1/417 2122/1/417
f 2106/1/294 2109/1/294 2102/1/294
f 2119/1/294 2110/1/294 2109/1/294
f 2120/1/294 2111/1/294 2110/1/294
f 2121/1/294 2112/1/294 2111/1/294
f 2122/1/294 2113/1/294 2112/1/294
f 2105/1/296 2114/1/296 2124/1/296
f 2124/1/296 2115/1/296 2125/1/296
f 2125/1/296 2116/1/296 2126/1/296
f 2126/1/296 2117/1/296 2127/1/296
f 2127/1/296 2118/1/296 2128/1/296
f 2141/1/8 2132/1/8 2146/1/8
f 2136/1/10 2151/1/10 2156/1/10
f 2133/1/3 2130/1/3 2129/1/3
f 2151/1/11 2131/1/11 2141/1/11
f 2131/1/418 2136/1/418 2132/1/418
f 2146/1/12 2136/1/12 2156/1/12
f 2130/1/21 2142/1/21 2129/1/21
f 2137/1/8 2143/1/8 2142/1/8
f 2138/1/8 2144/1/8 2143/1/8
f 2139/1/8 2145/1/8 2144/1/8
f 2140/1/8 2146/1/8 2145/1/8
f 2152/1/419 2134/1/419 2133/1/419
f 2153/1/419 2147/1/419 2152/1/419
f 2154/1/308 2148/1/308 2153/1/308
f 2155/1/9 2149/1/9 2154/1/9
f 2156/1/24 2150/1/24 2155/1/24
f 2134/1/4 2137/1/4 2130/1/4
f 2147/1/4 2138/1/4 2137/1/4
f 2148/1/11 2139/1/11 2138/1/11
f 2149/1/11 2140/1/11 2139/1/11
f 2150/1/11 2141/1/11 2140/1/11
f 2129/1/6 2152/1/6 2133/1/6
f 2142/1/12 2153/1/12 2152/1/12
f 2143/1/6 2154/1/6 2153/1/6
f 2144/1/6 2155/1/6 2154/1/6
f 2155/1/12 2146/1/12 2156/1/12
f 2169/1/8 2160/1/8 2174/1/8
f 2164/1/10 2179/1/10 2184/1/10
f 2161/1/306 2158/1/306 2157/1/306
f 2179/1/11 2159/1/11 2169/1/11
f 2159/1/418 2164/1/418 2160/1/418
f 2174/1/12 2164/1/12 2184/1/12
f 2158/1/8 2170/1/8 2157/1/8
f 2165/1/1 2171/1/1 2170/1/1
f 2166/1/8 2172/1/8 2171/1/8
f 2167/1/8 2173/1/8 2172/1/8
f 2168/1/8 2174/1/8 2173/1/8
f 2180/1/419 2162/1/419 2161/1/419
f 2181/1/419 2175/1/419 2180/1/419
f 2182/1/308 2176/1/308 2181/1/308
f 2183/1/9 2177/1/9 2182/1/9
f 2184/1/24 2178/1/24 2183/1/24
f 2162/1/4 2165/1/4 2158/1/4
f 2175/1/4 2166/1/4 2165/1/4
f 2176/1/11 2167/1/11 2166/1/11
f 2177/1/11 2168/1/11 2167/1/11
f 2178/1/11 2169/1/11 2168/1/11
f 2157/1/6 2180/1/6 2161/1/6
f 2170/1/12 2181/1/12 2180/1/12
f 2171/1/6 2182/1/6 2181/1/6
f 2182/1/6 2173/1/6 2183/1/6
f 2183/1/12 2174/1/12 2184/1/12
f 2197/1/8 2188/1/8 2202/1/8
f 2192/1/10 2207/1/10 2212/1/10
f 2189/1/306 2186/1/306 2185/1/306
f 2207/1/11 2187/1/11 2197/1/11
f 2187/1/418 2192/1/418 2188/1/418
f 2212/1/12 2188/1/12 2192/1/12
f 2186/1/8 2198/1/8 2185/1/8
f 2193/1/1 2199/1/1 2198/1/1
f 2194/1/8 2200/1/8 2199/1/8
f 2195/1/8 2201/1/8 2200/1/8
f 2196/1/8 2202/1/8 2201/1/8
f 2208/1/419 2190/1/419 2189/1/419
f 2209/1/419 2203/1/419 2208/1/419
f 2210/1/15 2204/1/15 2209/1/15
f 2211/1/308 2205/1/308 2210/1/308
f 2212/1/24 2206/1/24 2211/1/24
f 2190/1/4 2193/1/4 2186/1/4
f 2203/1/4 2194/1/4 2193/1/4
f 2204/1/11 2195/1/11 2194/1/11
f 2205/1/11 2196/1/11 2195/1/11
f 2206/1/11 2197/1/11 2196/1/11
f 2185/1/6 2208/1/6 2189/1/6
f 2198/1/12 2209/1/12 2208/1/12
f 2199/1/6 2210/1/6 2209/1/6
f 2210/1/6 2201/1/6 2211/1/6
f 2211/1/12 2202/1/12 2212/1/12
f 2225/1/8 2216/1/8 2230/1/8
f 2220/1/24 2235/1/24 2240/1/24
f 2217/1/3 2214/1/3 2213/1/3
f 2235/1/11 2215/1/11 2225/1/11
f 2215/1/418 2220/1/418 2216/1/418
f 2240/1/12 2216/1/12 2220/1/12
f 2214/1/21 2226/1/21 2213/1/21
f 2221/1/1 2227/1/1 2226/1/1
f 2222/1/8 2228/1/8 2227/1/8
f 2223/1/8 2229/1/8 2228/1/8
f 2224/1/8 2230/1/8 2229/1/8
f 2236/1/419 2218/1/419 2217/1/419
f 2237/1/419 2231/1/419 2236/1/419
f 2238/1/308 2232/1/308 2237/1/308
f 2239/1/308 2233/1/308 2238/1/308
f 2240/1/24 2234/1/24 2239/1/24
f 2218/1/4 2221/1/4 2214/1/4
f 2231/1/4 2222/1/4 2221/1/4
f 2232/1/11 2223/1/11 2222/1/11
f 2233/1/11 2224/1/11 2223/1/11
f 2234/1/11 2225/1/11 2224/1/11
f 2213/1/6 2236/1/6 2217/1/6
f 2226/1/12 2237/1/12 2236/1/12
f 2227/1/6 2238/1/6 2237/1/6
f 2238/1/6 2229/1/6 2239/1/6
f 2239/1/12 2230/1/12 2240/1/12
f 2253/1/8 2244/1/8 2258/1/8
f 2248/1/24 2263/1/24 2268/1/24
f 2245/1/306 2242/1/306 2241/1/306
f 2263/1/4 2243/1/4 2253/1/4
f 2243/1/420 2248/1/420 2244/1/420
f 2268/1/12 2244/1/12 2248/1/12
f 2242/1/8 2254/1/8 2241/1/8
f 2249/1/1 2255/1/1 2254/1/1
f 2250/1/8 2256/1/8 2255/1/8
f 2251/1/8 2257/1/8 2256/1/8
f 2252/1/8 2258/1/8 2257/1/8
f 2264/1/419 2246/1/419 2245/1/419
f 2265/1/419 2259/1/419 2264/1/419
f 2266/1/15 2260/1/15 2265/1/15
f 2267/1/308 2261/1/308 2266/1/308
f 2268/1/24 2262/1/24 2267/1/24
f 2246/1/4 2249/1/4 2242/1/4
f 2259/1/4 2250/1/4 2249/1/4
f 2260/1/11 2251/1/11 2250/1/11
f 2261/1/11 2252/1/11 2251/1/11
f 2262/1/11 2253/1/11 2252/1/11
f 2241/1/6 2264/1/6 2245/1/6
f 2254/1/12 2265/1/12 2264/1/12
f 2255/1/6 2266/1/6 2265/1/6
f 2266/1/6 2257/1/6 2267/1/6
f 2267/1/12 2258/1/12 2268/1/12
f 2281/1/8 2272/1/8 2286/1/8
f 2276/1/24 2291/1/24 2296/1/24
f 2273/1/3 2270/1/3 2269/1/3
f 2291/1/4 2271/1/4 2281/1/4
f 2271/1/420 2276/1/420 2272/1/420
f 2296/1/12 2272/1/12 2276/1/12
f 2270/1/421 2282/1/421 2269/1/421
f 2277/1/1 2283/1/1 2282/1/1
f 2278/1/8 2284/1/8 2283/1/8
f 2279/1/8 2285/1/8 2284/1/8
f 2280/1/8 2286/1/8 2285/1/8
f 2292/1/419 2274/1/419 2273/1/419
f 2293/1/419 2287/1/419 2292/1/419
f 2294/1/9 2288/1/9 2293/1/9
f 2295/1/308 2289/1/308 2294/1/308
f 2296/1/10 2290/1/10 2295/1/10
f 2274/1/4 2277/1/4 2270/1/4
f 2287/1/4 2278/1/4 2277/1/4
f 2288/1/11 2279/1/11 2278/1/11
f 2289/1/11 2280/1/11 2279/1/11
f 2290/1/11 2281/1/11 2280/1/11
f 2269/1/6 2292/1/6 2273/1/6
f 2282/1/12 2293/1/12 2292/1/12
f 2283/1/6 2294/1/6 2293/1/6
f 2284/1/6 2295/1/6 2294/1/6
f 2295/1/12 2286/1/12 2296/1/12
f 2309/1/8 2300/1/8 2314/1/8
f 2304/1/24 2319/1/24 2324/1/24
f 2301/1/306 2298/1/306 2297/1/306
f 2319/1/4 2299/1/4 2309/1/4
f 2299/1/420 2304/1/420 2300/1/420
f 2324/1/12 2300/1/12 2304/1/12
f 2298/1/8 2310/1/8 2297/1/8
f 2305/1/1 2311/1/1 2310/1/1
f 2306/1/1 2312/1/1 2311/1/1
f 2307/1/8 2313/1/8 2312/1/8
f 2308/1/8 2314/1/8 2313/1/8
f 2320/1/419 2302/1/419 2301/1/419
f 2321/1/419 2315/1/419 2320/1/419
f 2322/1/419 2316/1/419 2321/1/419
f 2323/1/9 2317/1/9 2322/1/9
f 2324/1/10 2318/1/10 2323/1/10
f 2302/1/4 2305/1/4 2298/1/4
f 2315/1/4 2306/1/4 2305/1/4
f 2316/1/11 2307/1/11 2306/1/11
f 2317/1/11 2308/1/11 2307/1/11
f 2318/1/11 2309/1/11 2308/1/11
f 2297/1/6 2320/1/6 2301/1/6
f 2310/1/12 2321/1/12 2320/1/12
f 2311/1/6 2322/1/6 2321/1/6
f 2322/1/6 2313/1/6 2323/1/6
f 2323/1/12 2314/1/12 2324/1/12
f 2337/1/8 2328/1/8 2342/1/8
f 2332/1/24 2347/1/24 2352/1/24
f 2329/1/3 2326/1/3 2325/1/3
f 2347/1/4 2327/1/4 2337/1/4
f 2327/1/420 2332/1/420 2328/1/420
f 2352/1/12 2328/1/12 2332/1/12
f 2326/1/421 2338/1/421 2325/1/421
f 2333/1/1 2339/1/1 2338/1/1
f 2334/1/1 2340/1/1 2339/1/1
f 2335/1/8 2341/1/8 2340/1/8
f 2336/1/8 2342/1/8 2341/1/8
f 2348/1/419 2330/1/419 2329/1/419
f 2349/1/419 2343/1/419 2348/1/419
f 2350/1/2 2344/1/2 2349/1/2
f 2351/1/9 2345/1/9 2350/1/9
f 2352/1/10 2346/1/10 2351/1/10
f 2330/1/4 2333/1/4 2326/1/4
f 2343/1/4 2334/1/4 2333/1/4
f 2344/1/11 2335/1/11 2334/1/11
f 2345/1/11 2336/1/11 2335/1/11
f 2346/1/11 2337/1/11 2336/1/11
f 2325/1/6 2348/1/6 2329/1/6
f 2338/1/6 2349/1/6 2348/1/6
f 2339/1/6 2350/1/6 2349/1/6
f 2350/1/6 2341/1/6 2351/1/6
f 2351/1/12 2342/1/12 2352/1/12
f 2365/1/8 2356/1/8 2370/1/8
f 2360/1/24 2375/1/24 2380/1/24
f 2357/1/3 2354/1/3 2353/1/3
f 2375/1/4 2355/1/4 2365/1/4
f 2355/1/420 2360/1/420 2356/1/420
f 2380/1/12 2356/1/12 2360/1/12
f 2354/1/421 2366/1/421 2353/1/421
f 2361/1/1 2367/1/1 2366/1/1
f 2362/1/1 2368/1/1 2367/1/1
f 2363/1/8 2369/1/8 2368/1/8
f 2364/1/8 2370/1/8 2369/1/8
f 2376/1/419 2358/1/419 2357/1/419
f 2377/1/419 2371/1/419 2376/1/419
f 2378/1/2 2372/1/2 2377/1/2
f 2379/1/9 2373/1/9 2378/1/9
f 2380/1/10 2374/1/10 2379/1/10
f 2358/1/4 2361/1/4 2354/1/4
f 2371/1/4 2362/1/4 2361/1/4
f 2372/1/11 2363/1/11 2362/1/11
f 2373/1/11 2364/1/11 2363/1/11
f 2374/1/11 2365/1/11 2364/1/11
f 2353/1/6 2376/1/6 2357/1/6
f 2366/1/6 2377/1/6 2376/1/6
f 2367/1/6 2378/1/6 2377/1/6
f 2378/1/6 2369/1/6 2379/1/6
f 2379/1/12 2370/1/12 2380/1/12
f 2393/1/8 2384/1/8 2398/1/8
f 2388/1/24 2403/1/24 2408/1/24
f 2385/1/3 2382/1/3 2381/1/3
f 2403/1/4 2383/1/4 2393/1/4
f 2383/1/420 2388/1/420 2384/1/420
f 2408/1/12 2384/1/12 2388/1/12
f 2382/1/421 2394/1/421 2381/1/421
f 2389/1/1 2395/1/1 2394/1/1
f 2390/1/1 2396/1/1 2395/1/1
f 2391/1/8 2397/1/8 2396/1/8
f 2392/1/8 2398/1/8 2397/1/8
f 2404/1/419 2386/1/419 2385/1/419
f 2405/1/419 2399/1/419 2404/1/419
f 2406/1/2 2400/1/2 2405/1/2
f 2407/1/9 2401/1/9 2406/1/9
f 2408/1/10 2402/1/10 2407/1/10
f 2386/1/4 2389/1/4 2382/1/4
f 2399/1/4 2390/1/4 2389/1/4
f 2400/1/11 2391/1/11 2390/1/11
f 2401/1/11 2392/1/11 2391/1/11
f 2402/1/11 2393/1/11 2392/1/11
f 2381/1/6 2404/1/6 2385/1/6
f 2394/1/6 2405/1/6 2404/1/6
f 2395/1/6 2406/1/6 2405/1/6
f 2406/1/6 2397/1/6 2407/1/6
f 2407/1/12 2398/1/12 2408/1/12
f 2421/1/8 2412/1/8 2426/1/8
f 2416/1/24 2431/1/24 2436/1/24
f 2413/1/306 2410/1/306 2409/1/306
f 2431/1/4 2411/1/4 2421/1/4
f 2411/1/420 2416/1/420 2412/1/420
f 2436/1/12 2412/1/12 2416/1/12
f 2410/1/1 2422/1/1 2409/1/1
f 2417/1/1 2423/1/1 2422/1/1
f 2418/1/1 2424/1/1 2423/1/1
f 2419/1/8 2425/1/8 2424/1/8
f 2420/1/8 2426/1/8 2425/1/8
f 2432/1/419 2414/1/419 2413/1/419
f 2433/1/419 2427/1/419 2432/1/419
f 2434/1/2 2428/1/2 2433/1/2
f 2435/1/9 2429/1/9 2434/1/9
f 2436/1/10 2430/1/10 2435/1/10
f 2414/1/4 2417/1/4 2410/1/4
f 2427/1/4 2418/1/4 2417/1/4
f 2428/1/11 2419/1/11 2418/1/11
f 2429/1/11 2420/1/11 2419/1/11
f 2430/1/11 2421/1/11 2420/1/11
f 2409/1/6 2432/1/6 2413/1/6
f 2422/1/6 2433/1/6 2432/1/6
f 2423/1/6 2434/1/6 2433/1/6
f 2434/1/6 2425/1/6 2435/1/6
f 2435/1/12 2426/1/12 2436/1/12
f 2449/1/8 2440/1/8 2454/1/8
f 2444/1/24 2459/1/24 2464/1/24
f 2441/1/3 2438/1/3 2437/1/3
f 2459/1/4 2439/1/4 2449/1/4
f 2439/1/420 2444/1/420 2440/1/420
f 2464/1/12 2440/1/12 2444/1/12
f 2438/1/14 2450/1/14 2437/1/14
f 2445/1/1 2451/1/1 2450/1/1
f 2446/1/1 2452/1/1 2451/1/1
f 2447/1/8 2453/1/8 2452/1/8
f 2448/1/1 2454/1/1 2453/1/1
f 2460/1/419 2442/1/419 2441/1/419
f 2461/1/419 2455/1/419 2460/1/419
f 2462/1/10 2456/1/10 2461/1/10
f 2463/1/9 2457/1/9 2462/1/9
f 2464/1/10 2458/1/10 2463/1/10
f 2442/1/4 2445/1/4 2438/1/4
f 2455/1/4 2446/1/4 2445/1/4
f 2456/1/11 2447/1/11 2446/1/11
f 2457/1/11 2448/1/11 2447/1/11
f 2458/1/11 2449/1/11 2448/1/11
f 2437/1/6 2460/1/6 2441/1/6
f 2450/1/6 2461/1/6 2460/1/6
f 2451/1/6 2462/1/6 2461/1/6
f 2452/1/6 2463/1/6 2462/1/6
f 2463/1/12 2454/1/12 2464/1/12
f 2477/1/8 2468/1/8 2482/1/8
f 2472/1/24 2487/1/24 2492/1/24
f 2469/1/3 2466/1/3 2465/1/3
f 2487/1/4 2467/1/4 2477/1/4
f 2467/1/420 2472/1/420 2468/1/420
f 2492/1/12 2468/1/12 2472/1/12
f 2466/1/14 2478/1/14 2465/1/14
f 2473/1/1 2479/1/1 2478/1/1
f 2474/1/1 2480/1/1 2479/1/1
f 2475/1/8 2481/1/8 2480/1/8
f 2476/1/1 2482/1/1 2481/1/1
f 2488/1/419 2470/1/419 2469/1/419
f 2489/1/419 2483/1/419 2488/1/419
f 2490/1/2 2484/1/2 2489/1/2
f 2491/1/9 2485/1/9 2490/1/9
f 2492/1/10 2486/1/10 2491/1/10
f 2470/1/4 2473/1/4 2466/1/4
f 2483/1/4 2474/1/4 2473/1/4
f 2484/1/11 2475/1/11 2474/1/11
f 2485/1/11 2476/1/11 2475/1/11
f 2486/1/11 2477/1/11 2476/1/11
f 2465/1/6 2488/1/6 2469/1/6
f 2478/1/6 2489/1/6 2488/1/6
f 2479/1/6 2490/1/6 2489/1/6
f 2480/1/6 2491/1/6 2490/1/6
f 2481/1/6 2492/1/6 2491/1/6
f 2505/1/8 2496/1/8 2510/1/8
f 2500/1/24 2515/1/24 2520/1/24
f 2497/1/3 2494/1/3 2493/1/3
f 2515/1/4 2495/1/4 2505/1/4
f 2495/1/420 2500/1/420 2496/1/420
f 2520/1/12 2496/1/12 2500/1/12
f 2494/1/14 2506/1/14 2493/1/14
f 2501/1/1 2507/1/1 2506/1/1
f 2502/1/1 2508/1/1 2507/1/1
f 2503/1/8 2509/1/8 2508/1/8
f 2504/1/1 2510/1/1 2509/1/1
f 2516/1/419 2498/1/419 2497/1/419
f 2517/1/419 2511/1/419 2516/1/419
f 2518/1/2 2512/1/2 2517/1/2
f 2519/1/9 2513/1/9 2518/1/9
f 2520/1/10 2514/1/10 2519/1/10
f 2498/1/4 2501/1/4 2494/1/4
f 2511/1/4 2502/1/4 2501/1/4
f 2512/1/11 2503/1/11 2502/1/11
f 2513/1/11 2504/1/11 2503/1/11
f 2514/1/11 2505/1/11 2504/1/11
f 2493/1/6 2516/1/6 2497/1/6
f 2506/1/6 2517/1/6 2516/1/6
f 2507/1/6 2518/1/6 2517/1/6
f 2508/1/6 2519/1/6 2518/1/6
f 2519/1/12 2510/1/12 2520/1/12
f 2533/1/21 2524/1/21 2538/1/21
f 2528/1/24 2543/1/24 2548/1/24
f 2525/1/309 2522/1/309 2521/1/309
f 2533/1/4 2527/1/4 2523/1/4
f 2523/1/422 2528/1/422 2524/1/422
f 2538/1/12 2528/1/12 2548/1/12
f 2522/1/21 2534/1/21 2521/1/21
f 2529/1/7 2535/1/7 2534/1/7
f 2530/1/14 2536/1/14 2535/1/14
f 2531/1/7 2537/1/7 2536/1/7
f 2532/1/21 2538/1/21 2537/1/21
f 2544/1/419 2526/1/419 2525/1/419
f 2545/1/419 2539/1/419 2544/1/419
f 2546/1/2 2540/1/2 2545/1/2
f 2547/1/9 2541/1/9 2546/1/9
f 2548/1/10 2542/1/10 2547/1/10
f 2522/1/4 2539/1/4 2529/1/4
f 2529/1/4 2540/1/4 2530/1/4
f 2530/1/4 2541/1/4 2531/1/4
f 2531/1/4 2542/1/4 2532/1/4
f 2532/1/4 2543/1/4 2533/1/4
f 2521/1/12 2544/1/12 2525/1/12
f 2534/1/12 2545/1/12 2544/1/12
f 2535/1/12 2546/1/12 2545/1/12
f 2536/1/12 2547/1/12 2546/1/12
f 2537/1/12 2548/1/12 2547/1/12
f 2561/1/31 2552/1/31 2566/1/31
f 2556/1/13 2571/1/13 2576/1/13
f 2553/1/423 2550/1/423 2549/1/423
f 2561/1/26 2555/1/26 2551/1/26
f 2551/1/313 2556/1/313 2552/1/313
f 2566/1/28 2556/1/28 2576/1/28
f 2550/1/29 2562/1/29 2549/1/29
f 2557/1/30 2563/1/30 2562/1/30
f 2558/1/31 2564/1/31 2563/1/31
f 2559/1/31 2565/1/31 2564/1/31
f 2560/1/31 2566/1/31 2565/1/31
f 2572/1/10 2554/1/10 2553/1/10
f 2573/1/15 2567/1/15 2572/1/15
f 2574/1/13 2568/1/13 2573/1/13
f 2575/1/15 2569/1/15 2574/1/15
f 2576/1/308 2570/1/308 2575/1/308
f 2550/1/26 2567/1/26 2557/1/26
f 2557/1/26 2568/1/26 2558/1/26
f 2558/1/26 2569/1/26 2559/1/26
f 2559/1/26 2570/1/26 2560/1/26
f 2560/1/26 2571/1/26 2561/1/26
f 2549/1/28 2572/1/28 2553/1/28
f 2562/1/28 2573/1/28 2572/1/28
f 2563/1/28 2574/1/28 2573/1/28
f 2564/1/28 2575/1/28 2574/1/28
f 2565/1/33 2576/1/33 2575/1/33
f 2589/1/41 2580/1/41 2594/1/41
f 2584/1/42 2599/1/42 2604/1/42
f 2581/1/424 2578/1/424 2577/1/424
f 2589/1/46 2583/1/46 2579/1/46
f 2579/1/425 2584/1/425 2580/1/425
f 2594/1/39 2584/1/39 2604/1/39
f 2578/1/426 2590/1/426 2577/1/426
f 2585/1/34 2591/1/34 2590/1/34
f 2586/1/34 2592/1/34 2591/1/34
f 2587/1/190 2593/1/190 2592/1/190
f 2588/1/41 2594/1/41 2593/1/41
f 2600/1/427 2582/1/427 2581/1/427
f 2601/1/428 2595/1/428 2600/1/428
f 2602/1/315 2596/1/315 2601/1/315
f 2603/1/35 2597/1/35 2602/1/35
f 2604/1/42 2598/1/42 2603/1/42
f 2578/1/37 2595/1/37 2585/1/37
f 2585/1/37 2596/1/37 2586/1/37
f 2586/1/46 2597/1/46 2587/1/46
f 2587/1/46 2598/1/46 2588/1/46
f 2588/1/46 2599/1/46 2589/1/46
f 2577/1/39 2600/1/39 2581/1/39
f 2590/1/39 2601/1/39 2600/1/39
f 2591/1/39 2602/1/39 2601/1/39
f 2592/1/39 2603/1/39 2602/1/39
f 2593/1/39 2604/1/39 2603/1/39
f 2617/1/47 2608/1/47 2622/1/47
f 2612/1/57 2627/1/57 2632/1/57
f 2609/1/429 2606/1/429 2605/1/429
f 2617/1/50 2611/1/50 2607/1/50
f 2607/1/430 2612/1/430 2608/1/430
f 2622/1/52 2612/1/52 2632/1/52
f 2606/1/53 2618/1/53 2605/1/53
f 2613/1/53 2619/1/53 2618/1/53
f 2614/1/47 2620/1/47 2619/1/47
f 2615/1/47 2621/1/47 2620/1/47
f 2616/1/53 2622/1/53 2621/1/53
f 2628/1/323 2610/1/323 2609/1/323
f 2629/1/58 2623/1/58 2628/1/58
f 2630/1/48 2624/1/48 2629/1/48
f 2631/1/55 2625/1/55 2630/1/55
f 2632/1/57 2626/1/57 2631/1/57
f 2606/1/50 2623/1/50 2613/1/50
f 2613/1/59 2624/1/59 2614/1/59
f 2614/1/50 2625/1/50 2615/1/50
f 2615/1/50 2626/1/50 2616/1/50
f 2616/1/59 2627/1/59 2617/1/59
f 2605/1/52 2628/1/52 2609/1/52
f 2618/1/52 2629/1/52 2628/1/52
f 2619/1/52 2630/1/52 2629/1/52
f 2620/1/52 2631/1/52 2630/1/52
f 2621/1/52 2632/1/52 2631/1/52
f 2645/1/66 2636/1/66 2650/1/66
f 2640/1/72 2655/1/72 2660/1/72
f 2637/1/431 2634/1/431 2633/1/431
f 2645/1/63 2639/1/63 2635/1/63
f 2635/1/432 2640/1/432 2636/1/432
f 2650/1/65 2640/1/65 2660/1/65
f 2634/1/433 2646/1/433 2633/1/433
f 2641/1/66 2647/1/66 2646/1/66
f 2642/1/66 2648/1/66 2647/1/66
f 2643/1/434 2649/1/434 2648/1/434
f 2644/1/433 2650/1/433 2649/1/433
f 2656/1/71 2638/1/71 2637/1/71
f 2657/1/71 2651/1/71 2656/1/71
f 2658/1/435 2652/1/435 2657/1/435
f 2659/1/71 2653/1/71 2658/1/71
f 2660/1/71 2654/1/71 2659/1/71
f 2634/1/63 2651/1/63 2641/1/63
f 2641/1/63 2652/1/63 2642/1/63
f 2642/1/63 2653/1/63 2643/1/63
f 2643/1/63 2654/1/63 2644/1/63
f 2644/1/63 2655/1/63 2645/1/63
f 2633/1/65 2656/1/65 2637/1/65
f 2646/1/65 2657/1/65 2656/1/65
f 2647/1/65 2658/1/65 2657/1/65
f 2648/1/65 2659/1/65 2658/1/65
f 2649/1/65 2660/1/65 2659/1/65
f 2673/1/177 2664/1/177 2678/1/177
f 2668/1/83 2683/1/83 2688/1/83
f 2665/1/436 2662/1/436 2661/1/436
f 2673/1/437 2667/1/437 2663/1/437
f 2663/1/438 2668/1/438 2664/1/438
f 2678/1/78 2668/1/78 2688/1/78
f 2662/1/79 2674/1/79 2661/1/79
f 2669/1/439 2675/1/439 2674/1/439
f 2670/1/80 2676/1/80 2675/1/80
f 2671/1/79 2677/1/79 2676/1/79
f 2672/1/177 2678/1/177 2677/1/177
f 2684/1/328 2666/1/328 2665/1/328
f 2685/1/84 2679/1/84 2684/1/84
f 2686/1/328 2680/1/328 2685/1/328
f 2687/1/81 2681/1/81 2686/1/81
f 2688/1/329 2682/1/329 2687/1/329
f 2662/1/76 2679/1/76 2669/1/76
f 2669/1/76 2680/1/76 2670/1/76
f 2670/1/76 2681/1/76 2671/1/76
f 2671/1/76 2682/1/76 2672/1/76
f 2672/1/76 2683/1/76 2673/1/76
f 2661/1/78 2684/1/78 2665/1/78
f 2674/1/78 2685/1/78 2684/1/78
f 2675/1/78 2686/1/78 2685/1/78
f 2676/1/78 2687/1/78 2686/1/78
f 2677/1/78 2688/1/78 2687/1/78
f 2701/1/85 2692/1/85 2706/1/85
f 2696/1/95 2711/1/95 2716/1/95
f 2693/1/440 2690/1/440 2689/1/440
f 2701/1/88 2695/1/88 2691/1/88
f 2691/1/332 2696/1/332 2692/1/332
f 2706/1/90 2696/1/90 2716/1/90
f 2690/1/333 2702/1/333 2689/1/333
f 2697/1/85 2703/1/85 2702/1/85
f 2698/1/92 2704/1/92 2703/1/92
f 2699/1/441 2705/1/441 2704/1/441
f 2700/1/441 2706/1/441 2705/1/441
f 2712/1/334 2694/1/334 2693/1/334
f 2713/1/96 2707/1/96 2712/1/96
f 2714/1/442 2708/1/442 2713/1/442
f 2715/1/442 2709/1/442 2714/1/442
f 2716/1/334 2710/1/334 2715/1/334
f 2690/1/88 2707/1/88 2697/1/88
f 2697/1/88 2708/1/88 2698/1/88
f 2698/1/88 2709/1/88 2699/1/88
f 2699/1/88 2710/1/88 2700/1/88
f 2700/1/88 2711/1/88 2701/1/88
f 2689/1/90 2712/1/90 2693/1/90
f 2702/1/90 2713/1/90 2712/1/90
f 2703/1/90 2714/1/90 2713/1/90
f 2704/1/90 2715/1/90 2714/1/90
f 2705/1/90 2716/1/90 2715/1/90
f 2729/1/98 2720/1/98 2734/1/98
f 2724/1/339 2739/1/339 2744/1/339
f 2721/1/443 2718/1/443 2717/1/443
f 2729/1/101 2723/1/101 2719/1/101
f 2719/1/444 2724/1/444 2720/1/444
f 2734/1/103 2724/1/103 2744/1/103
f 2718/1/104 2730/1/104 2717/1/104
f 2725/1/445 2731/1/445 2730/1/445
f 2726/1/105 2732/1/105 2731/1/105
f 2727/1/445 2733/1/445 2732/1/445
f 2728/1/98 2734/1/98 2733/1/98
f 2740/1/99 2722/1/99 2721/1/99
f 2741/1/339 2735/1/339 2740/1/339
f 2742/1/107 2736/1/107 2741/1/107
f 2743/1/365 2737/1/365 2742/1/365
f 2744/1/339 2738/1/339 2743/1/339
f 2718/1/101 2735/1/101 2725/1/101
f 2725/1/101 2736/1/101 2726/1/101
f 2726/1/101 2737/1/101 2727/1/101
f 2727/1/101 2738/1/101 2728/1/101
f 2728/1/101 2739/1/101 2729/1/101
f 2717/1/103 2740/1/103 2721/1/103
f 2730/1/103 2741/1/103 2740/1/103
f 2731/1/103 2742/1/103 2741/1/103
f 2732/1/103 2743/1/103 2742/1/103
f 2733/1/103 2744/1/103 2743/1/103
f 2757/1/446 2748/1/446 2762/1/446
f 2752/1/340 2767/1/340 2772/1/340
f 2749/1/447 2746/1/447 2745/1/447
f 2757/1/114 2751/1/114 2747/1/114
f 2747/1/448 2752/1/448 2748/1/448
f 2762/1/116 2752/1/116 2772/1/116
f 2746/1/111 2758/1/111 2745/1/111
f 2753/1/343 2759/1/343 2758/1/343
f 2754/1/117 2760/1/117 2759/1/117
f 2755/1/117 2761/1/117 2760/1/117
f 2756/1/111 2762/1/111 2761/1/111
f 2768/1/112 2750/1/112 2749/1/112
f 2769/1/344 2763/1/344 2768/1/344
f 2770/1/340 2764/1/340 2769/1/340
f 2771/1/344 2765/1/344 2770/1/344
f 2772/1/340 2766/1/340 2771/1/340
f 2746/1/114 2763/1/114 2753/1/114
f 2753/1/114 2764/1/114 2754/1/114
f 2754/1/114 2765/1/114 2755/1/114
f 2755/1/114 2766/1/114 2756/1/114
f 2756/1/114 2767/1/114 2757/1/114
f 2745/1/116 2768/1/116 2749/1/116
f 2758/1/116 2769/1/116 2768/1/116
f 2759/1/116 2770/1/116 2769/1/116
f 2760/1/116 2771/1/116 2770/1/116
f 2761/1/116 2772/1/116 2771/1/116
f 2785/1/131 2776/1/131 2790/1/131
f 2780/1/147 2795/1/147 2800/1/147
f 2777/1/449 2774/1/449 2773/1/449
f 2785/1/126 2779/1/126 2775/1/126
f 2775/1/450 2780/1/450 2776/1/450
f 2790/1/128 2780/1/128 2800/1/128
f 2774/1/132 2786/1/132 2773/1/132
f 2781/1/130 2787/1/130 2786/1/130
f 2782/1/131 2788/1/131 2787/1/131
f 2783/1/132 2789/1/132 2788/1/132
f 2784/1/129 2790/1/129 2789/1/129
f 2796/1/451 2778/1/451 2777/1/451
f 2797/1/134 2791/1/134 2796/1/134
f 2798/1/346 2792/1/346 2797/1/346
f 2799/1/346 2793/1/346 2798/1/346
f 2800/1/124 2794/1/124 2799/1/124
f 2774/1/126 2791/1/126 2781/1/126
f 2781/1/126 2792/1/126 2782/1/126
f 2782/1/126 2793/1/126 2783/1/126
f 2783/1/126 2794/1/126 2784/1/126
f 2784/1/126 2795/1/126 2785/1/126
f 2773/1/136 2796/1/136 2777/1/136
f 2786/1/128 2797/1/128 2796/1/128
f 2787/1/136 2798/1/136 2797/1/136
f 2788/1/128 2799/1/128 2798/1/128
f 2789/1/136 2800/1/136 2799/1/136
f 2813/1/123 2804/1/123 2818/1/123
f 2808/1/144 2823/1/144 2828/1/144
f 2805/1/452 2802/1/452 2801/1/452
f 2813/1/139 2807/1/139 2803/1/139
f 2803/1/453 2808/1/453 2804/1/453
f 2818/1/141 2808/1/141 2828/1/141
f 2802/1/123 2814/1/123 2801/1/123
f 2809/1/353 2815/1/353 2814/1/353
f 2810/1/353 2816/1/353 2815/1/353
f 2811/1/118 2817/1/118 2816/1/118
f 2812/1/353 2818/1/353 2817/1/353
f 2824/1/144 2806/1/144 2805/1/144
f 2825/1/354 2819/1/354 2824/1/354
f 2826/1/354 2820/1/354 2825/1/354
f 2827/1/354 2821/1/354 2826/1/354
f 2828/1/137 2822/1/137 2827/1/137
f 2802/1/139 2819/1/139 2809/1/139
f 2809/1/139 2820/1/139 2810/1/139
f 2810/1/139 2821/1/139 2811/1/139
f 2811/1/139 2822/1/139 2812/1/139
f 2812/1/139 2823/1/139 2813/1/139
f 2801/1/141 2824/1/141 2805/1/141
f 2814/1/141 2825/1/141 2824/1/141
f 2815/1/141 2826/1/141 2825/1/141
f 2816/1/141 2827/1/141 2826/1/141
f 2817/1/141 2828/1/141 2827/1/141
f 2841/1/146 2832/1/146 2846/1/146
f 2836/1/159 2851/1/159 2856/1/159
f 2833/1/454 2830/1/454 2829/1/454
f 2841/1/160 2835/1/160 2831/1/160
f 2831/1/150 2836/1/150 2832/1/150
f 2846/1/151 2836/1/151 2856/1/151
f 2830/1/152 2842/1/152 2829/1/152
f 2837/1/153 2843/1/153 2842/1/153
f 2838/1/355 2844/1/355 2843/1/355
f 2839/1/355 2845/1/355 2844/1/355
f 2840/1/156 2846/1/156 2845/1/156
f 2852/1/134 2834/1/134 2833/1/134
f 2853/1/159 2847/1/159 2852/1/159
f 2854/1/159 2848/1/159 2853/1/159
f 2855/1/159 2849/1/159 2854/1/159
f 2856/1/158 2850/1/158 2855/1/158
f 2830/1/160 2847/1/160 2837/1/160
f 2837/1/160 2848/1/160 2838/1/160
f 2838/1/149 2849/1/149 2839/1/149
f 2839/1/160 2850/1/160 2840/1/160
f 2840/1/149 2851/1/149 2841/1/149
f 2829/1/151 2852/1/151 2833/1/151
f 2842/1/151 2853/1/151 2852/1/151
f 2843/1/151 2854/1/151 2853/1/151
f 2844/1/151 2855/1/151 2854/1/151
f 2845/1/151 2856/1/151 2855/1/151
f 2869/1/161 2860/1/161 2874/1/161
f 2864/1/122 2879/1/122 2884/1/122
f 2861/1/455 2858/1/455 2857/1/455
f 2869/1/164 2863/1/164 2859/1/164
f 2859/1/456 2864/1/456 2860/1/456
f 2874/1/166 2864/1/166 2884/1/166
f 2858/1/361 2870/1/361 2857/1/361
f 2865/1/161 2871/1/161 2870/1/161
f 2866/1/359 2872/1/359 2871/1/359
f 2867/1/167 2873/1/167 2872/1/167
f 2868/1/359 2874/1/359 2873/1/359
f 2880/1/112 2862/1/112 2861/1/112
f 2881/1/457 2875/1/457 2880/1/457
f 2882/1/168 2876/1/168 2881/1/168
f 2883/1/168 2877/1/168 2882/1/168
f 2884/1/169 2878/1/169 2883/1/169
f 2858/1/164 2875/1/164 2865/1/164
f 2865/1/164 2876/1/164 2866/1/164
f 2866/1/170 2877/1/170 2867/1/170
f 2867/1/458 2878/1/458 2868/1/458
f 2868/1/164 2879/1/164 2869/1/164
f 2857/1/166 2880/1/166 2861/1/166
f 2870/1/166 2881/1/166 2880/1/166
f 2871/1/166 2882/1/166 2881/1/166
f 2872/1/166 2883/1/166 2882/1/166
f 2873/1/166 2884/1/166 2883/1/166
f 2897/1/459 2888/1/459 2902/1/459
f 2892/1/182 2907/1/182 2912/1/182
f 2889/1/460 2886/1/460 2885/1/460
f 2897/1/174 2891/1/174 2887/1/174
f 2887/1/364 2892/1/364 2888/1/364
f 2902/1/176 2892/1/176 2912/1/176
f 2886/1/177 2898/1/177 2885/1/177
f 2893/1/171 2899/1/171 2898/1/171
f 2894/1/171 2900/1/171 2899/1/171
f 2895/1/171 2901/1/171 2900/1/171
f 2896/1/171 2902/1/171 2901/1/171
f 2908/1/365 2890/1/365 2889/1/365
f 2909/1/172 2903/1/172 2908/1/172
f 2910/1/172 2904/1/172 2909/1/172
f 2911/1/461 2905/1/461 2910/1/461
f 2912/1/181 2906/1/181 2911/1/181
f 2886/1/183 2903/1/183 2893/1/183
f 2893/1/183 2904/1/183 2894/1/183
f 2894/1/174 2905/1/174 2895/1/174
f 2895/1/183 2906/1/183 2896/1/183
f 2896/1/174 2907/1/174 2897/1/174
f 2885/1/176 2908/1/176 2889/1/176
f 2898/1/176 2909/1/176 2908/1/176
f 2899/1/176 2910/1/176 2909/1/176
f 2900/1/176 2911/1/176 2910/1/176
f 2901/1/176 2912/1/176 2911/1/176
f 2925/1/191 2916/1/191 2930/1/191
f 2920/1/74 2935/1/74 2940/1/74
f 2917/1/462 2914/1/462 2913/1/462
f 2925/1/186 2919/1/186 2915/1/186
f 2915/1/463 2920/1/463 2916/1/463
f 2930/1/188 2920/1/188 2940/1/188
f 2914/1/191 2926/1/191 2913/1/191
f 2921/1/370 2927/1/370 2926/1/370
f 2922/1/190 2928/1/190 2927/1/190
f 2923/1/184 2929/1/184 2928/1/184
f 2924/1/370 2930/1/370 2929/1/370
f 2936/1/371 2918/1/371 2917/1/371
f 2937/1/329 2931/1/329 2936/1/329
f 2938/1/82 2932/1/82 2937/1/82
f 2939/1/84 2933/1/84 2938/1/84
f 2940/1/84 2934/1/84 2939/1/84
f 2914/1/186 2931/1/186 2921/1/186
f 2921/1/186 2932/1/186 2922/1/186
f 2922/1/186 2933/1/186 2923/1/186
f 2923/1/186 2934/1/186 2924/1/186
f 2924/1/186 2935/1/186 2925/1/186
f 2913/1/188 2936/1/188 2917/1/188
f 2926/1/188 2937/1/188 2936/1/188
f 2927/1/188 2938/1/188 2937/1/188
f 2928/1/188 2939/1/188 2938/1/188
f 2929/1/188 2940/1/188 2939/1/188
f 2958/1/198 2943/1/198 2944/1/198
f 2968/1/374 2947/1/374 2963/1/374
f 2945/1/464 2942/1/464 2941/1/464
f 2963/1/204 2943/1/204 2953/1/204
f 2943/1/465 2948/1/465 2944/1/465
f 2968/1/197 2944/1/197 2948/1/197
f 2941/1/377 2949/1/377 2954/1/377
f 2954/1/466 2950/1/466 2955/1/466
f 2955/1/199 2951/1/199 2956/1/199
f 2956/1/373 2952/1/373 2957/1/373
f 2957/1/378 2953/1/378 2958/1/378
f 2964/1/202 2946/1/202 2945/1/202
f 2965/1/202 2959/1/202 2964/1/202
f 2966/1/374 2960/1/374 2965/1/374
f 2966/1/379 2962/1/379 2961/1/379
f 2967/1/201 2963/1/201 2962/1/201
f 2946/1/203 2949/1/203 2942/1/203
f 2959/1/203 2950/1/203 2949/1/203
f 2960/1/195 2951/1/195 2950/1/195
f 2961/1/204 2952/1/204 2951/1/204
f 2962/1/204 2953/1/204 2952/1/204
f 2945/1/197 2954/1/197 2964/1/197
f 2964/1/205 2955/1/205 2965/1/205
f 2965/1/197 2956/1/197 2966/1/197
f 2966/1/205 2957/1/205 2967/1/205
f 2967/1/197 2958/1/197 2968/1/197
f 2986/1/380 2971/1/380 2972/1/380
f 2996/1/217 2975/1/217 2991/1/217
f 2973/1/467 2970/1/467 2969/1/467
f 2991/1/209 2971/1/209 2981/1/209
f 2971/1/468 2976/1/468 2972/1/468
f 2996/1/211 2972/1/211 2976/1/211
f 2969/1/469 2977/1/469 2982/1/469
f 2982/1/212 2978/1/212 2983/1/212
f 2983/1/212 2979/1/212 2984/1/212
f 2984/1/214 2980/1/214 2985/1/214
f 2985/1/470 2981/1/470 2986/1/470
f 2973/1/218 2987/1/218 2974/1/218
f 2992/1/207 2988/1/207 2987/1/207
f 2993/1/382 2989/1/382 2988/1/382
f 2994/1/215 2990/1/215 2989/1/215
f 2995/1/217 2991/1/217 2990/1/217
f 2974/1/209 2977/1/209 2970/1/209
f 2987/1/209 2978/1/209 2977/1/209
f 2988/1/209 2979/1/209 2978/1/209
f 2989/1/209 2980/1/209 2979/1/209
f 2990/1/209 2981/1/209 2980/1/209
f 2973/1/220 2982/1/220 2992/1/220
f 2992/1/211 2983/1/211 2993/1/211
f 2993/1/211 2984/1/211 2994/1/211
f 2994/1/211 2985/1/211 2995/1/211
f 2995/1/220 2986/1/220 2996/1/220
f 3014/1/230 2999/1/230 3000/1/230
f 3024/1/233 3003/1/233 3019/1/233
f 3001/1/223 2998/1/223 2997/1/223
f 3019/1/224 2999/1/224 3009/1/224
f 2999/1/471 3004/1/471 3000/1/471
f 3024/1/226 3000/1/226 3004/1/226
f 2997/1/229 3005/1/229 3010/1/229
f 3010/1/472 3006/1/472 3011/1/472
f 3011/1/472 3007/1/472 3012/1/472
f 3012/1/386 3008/1/386 3013/1/386
f 3013/1/229 3009/1/229 3014/1/229
f 3001/1/233 3015/1/233 3002/1/233
f 3020/1/231 3016/1/231 3015/1/231
f 3021/1/222 3017/1/222 3016/1/222
f 3022/1/473 3018/1/473 3017/1/473
f 3023/1/222 3019/1/222 3018/1/222
f 3002/1/224 3005/1/224 2998/1/224
f 3015/1/224 3006/1/224 3005/1/224
f 3016/1/224 3007/1/224 3006/1/224
f 3017/1/224 3008/1/224 3007/1/224
f 3018/1/224 3009/1/224 3008/1/224
f 3001/1/226 3010/1/226 3020/1/226
f 3020/1/226 3011/1/226 3021/1/226
f 3021/1/226 3012/1/226 3022/1/226
f 3022/1/226 3013/1/226 3023/1/226
f 3023/1/226 3014/1/226 3024/1/226
f 3042/1/255 3027/1/255 3028/1/255
f 3052/1/387 3031/1/387 3047/1/387
f 3029/1/474 3026/1/474 3025/1/474
f 3047/1/238 3027/1/238 3037/1/238
f 3027/1/475 3032/1/475 3028/1/475
f 3052/1/240 3028/1/240 3032/1/240
f 3025/1/390 3033/1/390 3038/1/390
f 3038/1/241 3034/1/241 3039/1/241
f 3039/1/235 3035/1/235 3040/1/235
f 3040/1/390 3036/1/390 3041/1/390
f 3041/1/255 3037/1/255 3042/1/255
f 3029/1/245 3043/1/245 3030/1/245
f 3048/1/476 3044/1/476 3043/1/476
f 3049/1/246 3045/1/246 3044/1/246
f 3050/1/387 3046/1/387 3045/1/387
f 3051/1/248 3047/1/248 3046/1/248
f 3030/1/238 3033/1/238 3026/1/238
f 3043/1/238 3034/1/238 3033/1/238
f 3044/1/238 3035/1/238 3034/1/238
f 3045/1/238 3036/1/238 3035/1/238
f 3046/1/238 3037/1/238 3036/1/238
f 3029/1/240 3038/1/240 3048/1/240
f 3048/1/240 3039/1/240 3049/1/240
f 3049/1/240 3040/1/240 3050/1/240
f 3050/1/240 3041/1/240 3051/1/240
f 3051/1/240 3042/1/240 3052/1/240
f 3070/1/392 3055/1/392 3056/1/392
f 3080/1/266 3059/1/266 3075/1/266
f 3057/1/477 3054/1/477 3053/1/477
f 3075/1/252 3055/1/252 3065/1/252
f 3055/1/478 3060/1/478 3056/1/478
f 3080/1/254 3056/1/254 3060/1/254
f 3053/1/390 3061/1/390 3066/1/390
f 3066/1/249 3062/1/249 3067/1/249
f 3067/1/479 3063/1/479 3068/1/479
f 3068/1/241 3064/1/241 3069/1/241
f 3069/1/244 3065/1/244 3070/1/244
f 3057/1/256 3071/1/256 3058/1/256
f 3076/1/394 3072/1/394 3071/1/394
f 3077/1/250 3073/1/250 3072/1/250
f 3078/1/267 3074/1/267 3073/1/267
f 3079/1/394 3075/1/394 3074/1/394
f 3058/1/252 3061/1/252 3054/1/252
f 3071/1/252 3062/1/252 3061/1/252
f 3072/1/252 3063/1/252 3062/1/252
f 3073/1/252 3064/1/252 3063/1/252
f 3074/1/252 3065/1/252 3064/1/252
f 3057/1/254 3066/1/254 3076/1/254
f 3076/1/254 3067/1/254 3077/1/254
f 3077/1/254 3068/1/254 3078/1/254
f 3078/1/254 3069/1/254 3079/1/254
f 3079/1/254 3070/1/254 3080/1/254
f 3098/1/480 3083/1/480 3084/1/480
f 3108/1/259 3087/1/259 3103/1/259
f 3085/1/481 3082/1/481 3081/1/481
f 3103/1/268 3083/1/268 3093/1/268
f 3083/1/398 3088/1/398 3084/1/398
f 3108/1/263 3084/1/263 3088/1/263
f 3081/1/258 3089/1/258 3094/1/258
f 3094/1/265 3090/1/265 3095/1/265
f 3095/1/258 3091/1/258 3096/1/258
f 3096/1/482 3092/1/482 3097/1/482
f 3097/1/264 3093/1/264 3098/1/264
f 3085/1/266 3099/1/266 3086/1/266
f 3104/1/266 3100/1/266 3099/1/266
f 3105/1/483 3101/1/483 3100/1/483
f 3106/1/396 3102/1/396 3101/1/396
f 3107/1/484 3103/1/484 3102/1/484
f 3086/1/261 3089/1/261 3082/1/261
f 3099/1/268 3090/1/268 3089/1/268
f 3100/1/238 3091/1/238 3090/1/238
f 3101/1/268 3092/1/268 3091/1/268
f 3102/1/268 3093/1/268 3092/1/268
f 3085/1/263 3094/1/263 3104/1/263
f 3104/1/263 3095/1/263 3105/1/263
f 3105/1/263 3096/1/263 3106/1/263
f 3106/1/263 3097/1/263 3107/1/263
f 3107/1/263 3098/1/263 3108/1/263
f 3126/1/277 3111/1/277 3112/1/277
f 3136/1/245 3115/1/245 3131/1/245
f 3113/1/485 3110/1/485 3109/1/485
f 3131/1/272 3111/1/272 3121/1/272
f 3111/1/486 3116/1/486 3112/1/486
f 3136/1/226 3112/1/226 3116/1/226
f 3109/1/276 3117/1/276 3122/1/276
f 3122/1/487 3118/1/487 3123/1/487
f 3123/1/276 3119/1/276 3124/1/276
f 3124/1/276 3120/1/276 3125/1/276
f 3125/1/488 3121/1/488 3126/1/488
f 3113/1/279 3127/1/279 3114/1/279
f 3132/1/245 3128/1/245 3127/1/245
f 3133/1/278 3129/1/278 3128/1/278
f 3134/1/280 3130/1/280 3129/1/280
f 3135/1/245 3131/1/245 3130/1/245
f 3114/1/272 3117/1/272 3110/1/272
f 3127/1/272 3118/1/272 3117/1/272
f 3128/1/272 3119/1/272 3118/1/272
f 3129/1/272 3120/1/272 3119/1/272
f 3130/1/272 3121/1/272 3120/1/272
f 3113/1/274 3122/1/274 3132/1/274
f 3132/1/226 3123/1/226 3133/1/226
f 3133/1/274 3124/1/274 3134/1/274
f 3134/1/274 3125/1/274 3135/1/274
f 3135/1/274 3126/1/274 3136/1/274
f 3154/1/489 3139/1/489 3140/1/489
f 3164/1/282 3143/1/282 3159/1/282
f 3141/1/490 3138/1/490 3137/1/490
f 3159/1/407 3139/1/407 3149/1/407
f 3139/1/491 3144/1/491 3140/1/491
f 3164/1/220 3140/1/220 3144/1/220
f 3137/1/281 3145/1/281 3150/1/281
f 3150/1/288 3146/1/288 3151/1/288
f 3151/1/489 3147/1/489 3152/1/489
f 3152/1/281 3148/1/281 3153/1/281
f 3153/1/281 3149/1/281 3154/1/281
f 3141/1/282 3155/1/282 3142/1/282
f 3160/1/282 3156/1/282 3155/1/282
f 3161/1/410 3157/1/410 3156/1/410
f 3162/1/290 3158/1/290 3157/1/290
f 3163/1/282 3159/1/282 3158/1/282
f 3142/1/284 3145/1/284 3138/1/284
f 3155/1/407 3146/1/407 3145/1/407
f 3156/1/284 3147/1/284 3146/1/284
f 3157/1/407 3148/1/407 3147/1/407
f 3158/1/284 3149/1/284 3148/1/284
f 3141/1/220 3150/1/220 3160/1/220
f 3160/1/220 3151/1/220 3161/1/220
f 3161/1/220 3152/1/220 3162/1/220
f 3162/1/220 3153/1/220 3163/1/220
f 3163/1/220 3154/1/220 3164/1/220
f 3182/1/300 3167/1/300 3168/1/300
f 3192/1/292 3171/1/292 3187/1/292
f 3169/1/492 3166/1/492 3165/1/492
f 3187/1/294 3167/1/294 3177/1/294
f 3167/1/295 3172/1/295 3168/1/295
f 3192/1/296 3168/1/296 3172/1/296
f 3165/1/493 3173/1/493 3178/1/493
f 3178/1/298 3174/1/298 3179/1/298
f 3179/1/494 3175/1/494 3180/1/494
f 3180/1/291 3176/1/291 3181/1/291
f 3181/1/291 3177/1/291 3182/1/291
f 3169/1/305 3183/1/305 3170/1/305
f 3188/1/417 3184/1/417 3183/1/417
f 3189/1/417 3185/1/417 3184/1/417
f 3190/1/416 3186/1/416 3185/1/416
f 3191/1/417 3187/1/417 3186/1/417
f 3170/1/294 3173/1/294 3166/1/294
f 3183/1/294 3174/1/294 3173/1/294
f 3184/1/294 3175/1/294 3174/1/294
f 3185/1/294 3176/1/294 3175/1/294
f 3186/1/294 3177/1/294 3176/1/294
f 3169/1/296 3178/1/296 3188/1/296
f 3188/1/495 3179/1/495 3189/1/495
f 3189/1/296 3180/1/296 3190/1/296
f 3190/1/296 3181/1/296 3191/1/296
f 3191/1/296 3182/1/296 3192/1/296
f 3205/1/1 3196/1/1 3210/1/1
f 3200/1/10 3215/1/10 3220/1/10
f 3197/1/3 3194/1/3 3193/1/3
f 3205/1/4 3199/1/4 3195/1/4
f 3195/1/496 3200/1/496 3196/1/496
f 3220/1/12 3196/1/12 3200/1/12
f 3194/1/14 3206/1/14 3193/1/14
f 3201/1/1 3207/1/1 3206/1/1
f 3202/1/1 3208/1/1 3207/1/1
f 3203/1/8 3209/1/8 3208/1/8
f 3204/1/8 3210/1/8 3209/1/8
f 3216/1/379 3198/1/379 3197/1/379
f 3217/1/18 3211/1/18 3216/1/18
f 3218/1/10 3212/1/10 3217/1/10
f 3219/1/308 3213/1/308 3218/1/308
f 3220/1/10 3214/1/10 3219/1/10
f 3198/1/4 3201/1/4 3194/1/4
f 3211/1/4 3202/1/4 3201/1/4
f 3212/1/11 3203/1/11 3202/1/11
f 3213/1/11 3204/1/11 3203/1/11
f 3214/1/11 3205/1/11 3204/1/11
f 3193/1/6 3216/1/6 3197/1/6
f 3206/1/6 3217/1/6 3216/1/6
f 3207/1/6 3218/1/6 3217/1/6
f 3218/1/6 3209/1/6 3219/1/6
f 3219/1/12 3210/1/12 3220/1/12
f 3233/1/1 3224/1/1 3238/1/1
f 3228/1/10 3243/1/10 3248/1/10
f 3225/1/3 3222/1/3 3221/1/3
f 3233/1/11 3227/1/11 3223/1/11
f 3223/1/496 3228/1/496 3224/1/496
f 3248/1/12 3224/1/12 3228/1/12
f 3222/1/1 3234/1/1 3221/1/1
f 3229/1/1 3235/1/1 3234/1/1
f 3230/1/1 3236/1/1 3235/1/1
f 3231/1/8 3237/1/8 3236/1/8
f 3232/1/8 3238/1/8 3237/1/8
f 3244/1/379 3226/1/379 3225/1/379
f 3245/1/18 3239/1/18 3244/1/18
f 3246/1/10 3240/1/10 3245/1/10
f 3247/1/308 3241/1/308 3246/1/308
f 3248/1/10 3242/1/10 3247/1/10
f 3226/1/4 3229/1/4 3222/1/4
f 3239/1/4 3230/1/4 3229/1/4
f 3240/1/11 3231/1/11 3230/1/11
f 3241/1/11 3232/1/11 3231/1/11
f 3242/1/11 3233/1/11 3232/1/11
f 3221/1/6 3244/1/6 3225/1/6
f 3234/1/6 3245/1/6 3244/1/6
f 3235/1/6 3246/1/6 3245/1/6
f 3246/1/6 3237/1/6 3247/1/6
f 3247/1/12 3238/1/12 3248/1/12
f 3261/1/1 3252/1/1 3266/1/1
f 3256/1/10 3271/1/10 3276/1/10
f 3253/1/3 3250/1/3 3249/1/3
f 3261/1/4 3255/1/4 3251/1/4
f 3251/1/496 3256/1/496 3252/1/496
f 3276/1/12 3252/1/12 3256/1/12
f 3250/1/1 3262/1/1 3249/1/1
f 3257/1/1 3263/1/1 3262/1/1
f 3258/1/1 3264/1/1 3263/1/1
f 3259/1/8 3265/1/8 3264/1/8
f 3260/1/8 3266/1/8 3265/1/8
f 3272/1/379 3254/1/379 3253/1/379
f 3273/1/18 3267/1/18 3272/1/18
f 3274/1/2 3268/1/2 3273/1/2
f 3275/1/308 3269/1/308 3274/1/308
f 3276/1/10 3270/1/10 3275/1/10
f 3254/1/4 3257/1/4 3250/1/4
f 3267/1/4 3258/1/4 3257/1/4
f 3268/1/11 3259/1/11 3258/1/11
f 3269/1/11 3260/1/11 3259/1/11
f 3270/1/11 3261/1/11 3260/1/11
f 3249/1/6 3272/1/6 3253/1/6
f 3262/1/6 3273/1/6 3272/1/6
f 3263/1/6 3274/1/6 3273/1/6
f 3274/1/6 3265/1/6 3275/1/6
f 3275/1/12 3266/1/12 3276/1/12
f 3289/1/1 3280/1/1 3294/1/1
f 3284/1/308 3299/1/308 3304/1/308
f 3281/1/3 3278/1/3 3277/1/3
f 3289/1/4 3283/1/4 3279/1/4
f 3279/1/496 3284/1/496 3280/1/496
f 3304/1/12 3280/1/12 3284/1/12
f 3278/1/14 3290/1/14 3277/1/14
f 3285/1/1 3291/1/1 3290/1/1
f 3286/1/1 3292/1/1 3291/1/1
f 3287/1/8 3293/1/8 3292/1/8
f 3288/1/1 3294/1/1 3293/1/1
f 3300/1/379 3282/1/379 3281/1/379
f 3301/1/18 3295/1/18 3300/1/18
f 3302/1/10 3296/1/10 3301/1/10
f 3303/1/308 3297/1/308 3302/1/308
f 3304/1/10 3298/1/10 3303/1/10
f 3282/1/4 3285/1/4 3278/1/4
f 3295/1/4 3286/1/4 3285/1/4
f 3296/1/11 3287/1/11 3286/1/11
f 3297/1/11 3288/1/11 3287/1/11
f 3298/1/11 3289/1/11 3288/1/11
f 3277/1/6 3300/1/6 3281/1/6
f 3290/1/6 3301/1/6 3300/1/6
f 3291/1/6 3302/1/6 3301/1/6
f 3292/1/6 3303/1/6 3302/1/6
f 3293/1/6 3304/1/6 3303/1/6
f 3317/1/1 3308/1/1 3322/1/1
f 3312/1/308 3327/1/308 3332/1/308
f 3309/1/3 3306/1/3 3305/1/3
f 3327/1/11 3307/1/11 3317/1/11
f 3307/1/418 3312/1/418 3308/1/418
f 3332/1/12 3308/1/12 3312/1/12
f 3306/1/8 3318/1/8 3305/1/8
f 3313/1/1 3319/1/1 3318/1/1
f 3314/1/1 3320/1/1 3319/1/1
f 3315/1/8 3321/1/8 3320/1/8
f 3316/1/1 3322/1/1 3321/1/1
f 3328/1/379 3310/1/379 3309/1/379
f 3329/1/18 3323/1/18 3328/1/18
f 3330/1/2 3324/1/2 3329/1/2
f 3331/1/308 3325/1/308 3330/1/308
f 3332/1/10 3326/1/10 3331/1/10
f 3310/1/4 3313/1/4 3306/1/4
f 3323/1/4 3314/1/4 3313/1/4
f 3324/1/11 3315/1/11 3314/1/11
f 3325/1/11 3316/1/11 3315/1/11
f 3326/1/11 3317/1/11 3316/1/11
f 3305/1/6 3328/1/6 3309/1/6
f 3318/1/6 3329/1/6 3328/1/6
f 3319/1/6 3330/1/6 3329/1/6
f 3320/1/6 3331/1/6 3330/1/6
f 3331/1/12 3322/1/12 3332/1/12
f 3345/1/8 3336/1/8 3350/1/8
f 3340/1/308 3355/1/308 3360/1/308
f 3337/1/3 3334/1/3 3333/1/3
f 3355/1/11 3335/1/11 3345/1/11
f 3335/1/418 3340/1/418 3336/1/418
f 3360/1/12 3336/1/12 3340/1/12
f 3334/1/421 3346/1/421 3333/1/421
f 3341/1/8 3347/1/8 3346/1/8
f 3342/1/1 3348/1/1 3347/1/1
f 3343/1/8 3349/1/8 3348/1/8
f 3344/1/8 3350/1/8 3349/1/8
f 3356/1/379 3338/1/379 3337/1/379
f 3357/1/18 3351/1/18 3356/1/18
f 3358/1/10 3352/1/10 3357/1/10
f 3359/1/308 3353/1/308 3358/1/308
f 3360/1/10 3354/1/10 3359/1/10
f 3338/1/4 3341/1/4 3334/1/4
f 3351/1/11 3342/1/11 3341/1/11
f 3352/1/11 3343/1/11 3342/1/11
f 3353/1/11 3344/1/11 3343/1/11
f 3354/1/11 3345/1/11 3344/1/11
f 3333/1/6 3356/1/6 3337/1/6
f 3346/1/6 3357/1/6 3356/1/6
f 3347/1/6 3358/1/6 3357/1/6
f 3348/1/6 3359/1/6 3358/1/6
f 3349/1/12 3360/1/12 3359/1/12
f 3373/1/8 3364/1/8 3378/1/8
f 3368/1/308 3383/1/308 3388/1/308
f 3365/1/3 3362/1/3 3361/1/3
f 3383/1/11 3363/1/11 3373/1/11
f 3363/1/418 3368/1/418 3364/1/418
f 3388/1/12 3364/1/12 3368/1/12
f 3362/1/8 3374/1/8 3361/1/8
f 3369/1/8 3375/1/8 3374/1/8
f 3370/1/1 3376/1/1 3375/1/1
f 3371/1/8 3377/1/8 3376/1/8
f 3372/1/8 3378/1/8 3377/1/8
f 3384/1/379 3366/1/379 3365/1/379
f 3385/1/2 3379/1/2 3384/1/2
f 3386/1/10 3380/1/10 3385/1/10
f 3387/1/308 3381/1/308 3386/1/308
f 3388/1/10 3382/1/10 3387/1/10
f 3366/1/4 3369/1/4 3362/1/4
f 3379/1/4 3370/1/4 3369/1/4
f 3380/1/11 3371/1/11 3370/1/11
f 3381/1/11 3372/1/11 3371/1/11
f 3382/1/11 3373/1/11 3372/1/11
f 3361/1/6 3384/1/6 3365/1/6
f 3374/1/6 3385/1/6 3384/1/6
f 3375/1/6 3386/1/6 3385/1/6
f 3376/1/6 3387/1/6 3386/1/6
f 3377/1/12 3388/1/12 3387/1/12
f 3401/1/8 3392/1/8 3406/1/8
f 3396/1/308 3411/1/308 3416/1/308
f 3393/1/3 3390/1/3 3389/1/3
f 3411/1/11 3391/1/11 3401/1/11
f 3391/1/418 3396/1/418 3392/1/418
f 3416/1/12 3392/1/12 3396/1/12
f 3390/1/421 3402/1/421 3389/1/421
f 3397/1/8 3403/1/8 3402/1/8
f 3398/1/1 3404/1/1 3403/1/1
f 3399/1/8 3405/1/8 3404/1/8
f 3400/1/8 3406/1/8 3405/1/8
f 3412/1/379 3394/1/379 3393/1/379
f 3413/1/2 3407/1/2 3412/1/2
f 3414/1/10 3408/1/10 3413/1/10
f 3415/1/308 3409/1/308 3414/1/308
f 3416/1/10 3410/1/10 3415/1/10
f 3394/1/4 3397/1/4 3390/1/4
f 3407/1/4 3398/1/4 3397/1/4
f 3408/1/11 3399/1/11 3398/1/11
f 3409/1/11 3400/1/11 3399/1/11
f 3410/1/11 3401/1/11 3400/1/11
f 3389/1/6 3412/1/6 3393/1/6
f 3402/1/6 3413/1/6 3412/1/6
f 3403/1/6 3414/1/6 3413/1/6
f 3414/1/6 3405/1/6 3415/1/6
f 3405/1/12 3416/1/12 3415/1/12
f 3429/1/8 3420/1/8 3434/1/8
f 3424/1/308 3439/1/308 3444/1/308
f 3421/1/3 3418/1/3 3417/1/3
f 3439/1/11 3419/1/11 3429/1/11
f 3419/1/418 3424/1/418 3420/1/418
f 3444/1/12 3420/1/12 3424/1/12
f 3418/1/421 3430/1/421 3417/1/421
f 3425/1/1 3431/1/1 3430/1/1
f 3426/1/1 3432/1/1 3431/1/1
f 3427/1/8 3433/1/8 3432/1/8
f 3428/1/8 3434/1/8 3433/1/8
f 3440/1/379 3422/1/379 3421/1/379
f 3441/1/2 3435/1/2 3440/1/2
f 3442/1/10 3436/1/10 3441/1/10
f 3443/1/308 3437/1/308 3442/1/308
f 3444/1/10 3438/1/10 3443/1/10
f 3422/1/4 3425/1/4 3418/1/4
f 3435/1/4 3426/1/4 3425/1/4
f 3436/1/11 3427/1/11 3426/1/11
f 3437/1/11 3428/1/11 3427/1/11
f 3438/1/11 3429/1/11 3428/1/11
f 3417/1/6 3440/1/6 3421/1/6
f 3430/1/6 3441/1/6 3440/1/6
f 3431/1/6 3442/1/6 3441/1/6
f 3442/1/6 3433/1/6 3443/1/6
f 3433/1/12 3444/1/12 3443/1/12
f 3457/1/8 3448/1/8 3462/1/8
f 3452/1/308 3467/1/308 3472/1/308
f 3449/1/3 3446/1/3 3445/1/3
f 3467/1/11 3447/1/11 3457/1/11
f 3447/1/418 3452/1/418 3448/1/418
f 3472/1/12 3448/1/12 3452/1/12
f 3446/1/14 3458/1/14 3445/1/14
f 3453/1/1 3459/1/1 3458/1/1
f 3454/1/1 3460/1/1 3459/1/1
f 3455/1/8 3461/1/8 3460/1/8
f 3456/1/8 3462/1/8 3461/1/8
f 3468/1/379 3450/1/379 3449/1/379
f 3469/1/18 3463/1/18 3468/1/18
f 3470/1/10 3464/1/10 3469/1/10
f 3471/1/308 3465/1/308 3470/1/308
f 3472/1/10 3466/1/10 3471/1/10
f 3450/1/4 3453/1/4 3446/1/4
f 3463/1/4 3454/1/4 3453/1/4
f 3464/1/11 3455/1/11 3454/1/11
f 3465/1/11 3456/1/11 3455/1/11
f 3466/1/11 3457/1/11 3456/1/11
f 3445/1/6 3468/1/6 3449/1/6
f 3458/1/12 3469/1/12 3468/1/12
f 3459/1/6 3470/1/6 3469/1/6
f 3470/1/6 3461/1/6 3471/1/6
f 3471/1/12 3462/1/12 3472/1/12
f 3485/1/8 3476/1/8 3490/1/8
f 3480/1/308 3495/1/308 3500/1/308
f 3477/1/3 3474/1/3 3473/1/3
f 3495/1/11 3475/1/11 3485/1/11
f 3475/1/418 3480/1/418 3476/1/418
f 3500/1/12 3476/1/12 3480/1/12
f 3474/1/1 3486/1/1 3473/1/1
f 3481/1/1 3487/1/1 3486/1/1
f 3482/1/1 3488/1/1 3487/1/1
f 3483/1/8 3489/1/8 3488/1/8
f 3484/1/8 3490/1/8 3489/1/8
f 3496/1/379 3478/1/379 3477/1/379
f 3497/1/18 3491/1/18 3496/1/18
f 3498/1/10 3492/1/10 3497/1/10
f 3499/1/308 3493/1/308 3498/1/308
f 3500/1/10 3494/1/10 3499/1/10
f 3478/1/4 3481/1/4 3474/1/4
f 3491/1/4 3482/1/4 3481/1/4
f 3492/1/11 3483/1/11 3482/1/11
f 3493/1/11 3484/1/11 3483/1/11
f 3494/1/11 3485/1/11 3484/1/11
f 3473/1/6 3496/1/6 3477/1/6
f 3486/1/12 3497/1/12 3496/1/12
f 3487/1/6 3498/1/6 3497/1/6
f 3498/1/6 3489/1/6 3499/1/6
f 3489/1/12 3500/1/12 3499/1/12
f 3513/1/8 3504/1/8 3518/1/8
f 3508/1/308 3523/1/308 3528/1/308
f 3505/1/3 3502/1/3 3501/1/3
f 3523/1/11 3503/1/11 3513/1/11
f 3503/1/418 3508/1/418 3504/1/418
f 3528/1/12 3504/1/12 3508/1/12
f 3502/1/14 3514/1/14 3501/1/14
f 3509/1/1 3515/1/1 3514/1/1
f 3510/1/1 3516/1/1 3515/1/1
f 3511/1/8 3517/1/8 3516/1/8
f 3512/1/8 3518/1/8 3517/1/8
f 3524/1/18 3506/1/18 3505/1/18
f 3525/1/18 3519/1/18 3524/1/18
f 3526/1/18 3520/1/18 3525/1/18
f 3527/1/308 3521/1/308 3526/1/308
f 3528/1/10 3522/1/10 3527/1/10
f 3506/1/4 3509/1/4 3502/1/4
f 3519/1/4 3510/1/4 3509/1/4
f 3520/1/11 3511/1/11 3510/1/11
f 3521/1/11 3512/1/11 3511/1/11
f 3522/1/11 3513/1/11 3512/1/11
f 3501/1/6 3524/1/6 3505/1/6
f 3514/1/12 3525/1/12 3524/1/12
f 3515/1/6 3526/1/6 3525/1/6
f 3526/1/6 3517/1/6 3527/1/6
f 3527/1/12 3518/1/12 3528/1/12
f 3541/1/8 3532/1/8 3546/1/8
f 3536/1/308 3551/1/308 3556/1/308
f 3533/1/3 3530/1/3 3529/1/3
f 3551/1/11 3531/1/11 3541/1/11
f 3531/1/418 3536/1/418 3532/1/418
f 3556/1/12 3532/1/12 3536/1/12
f 3530/1/14 3542/1/14 3529/1/14
f 3537/1/1 3543/1/1 3542/1/1
f 3538/1/1 3544/1/1 3543/1/1
f 3539/1/8 3545/1/8 3544/1/8
f 3540/1/8 3546/1/8 3545/1/8
f 3552/1/18 3534/1/18 3533/1/18
f 3553/1/18 3547/1/18 3552/1/18
f 3554/1/10 3548/1/10 3553/1/10
f 3555/1/308 3549/1/308 3554/1/308
f 3556/1/10 3550/1/10 3555/1/10
f 3534/1/4 3537/1/4 3530/1/4
f 3547/1/4 3538/1/4 3537/1/4
f 3548/1/11 3539/1/11 3538/1/11
f 3549/1/11 3540/1/11 3539/1/11
f 3550/1/11 3541/1/11 3540/1/11
f 3529/1/6 3552/1/6 3533/1/6
f 3542/1/12 3553/1/12 3552/1/12
f 3543/1/6 3554/1/6 3553/1/6
f 3554/1/6 3545/1/6 3555/1/6
f 3545/1/12 3556/1/12 3555/1/12
f 3569/1/8 3560/1/8 3574/1/8
f 3564/1/308 3579/1/308 3584/1/308
f 3561/1/3 3558/1/3 3557/1/3
f 3579/1/11 3559/1/11 3569/1/11
f 3559/1/418 3564/1/418 3560/1/418
f 3584/1/12 3560/1/12 3564/1/12
f 3558/1/14 3570/1/14 3557/1/14
f 3565/1/1 3571/1/1 3570/1/1
f 3566/1/1 3572/1/1 3571/1/1
f 3567/1/8 3573/1/8 3572/1/8
f 3568/1/8 3574/1/8 3573/1/8
f 3580/1/18 3562/1/18 3561/1/18
f 3581/1/18 3575/1/18 3580/1/18
f 3582/1/10 3576/1/10 3581/1/10
f 3583/1/308 3577/1/308 3582/1/308
f 3584/1/10 3578/1/10 3583/1/10
f 3562/1/4 3565/1/4 3558/1/4
f 3575/1/4 3566/1/4 3565/1/4
f 3576/1/11 3567/1/11 3566/1/11
f 3577/1/11 3568/1/11 3567/1/11
f 3578/1/11 3569/1/11 3568/1/11
f 3557/1/6 3580/1/6 3561/1/6
f 3570/1/12 3581/1/12 3580/1/12
f 3571/1/6 3582/1/6 3581/1/6
f 3572/1/6 3583/1/6 3582/1/6
f 3583/1/12 3574/1/12 3584/1/12
f 3597/1/21 3588/1/21 3602/1/21
f 3592/1/308 3607/1/308 3612/1/308
f 3589/1/309 3586/1/309 3585/1/309
f 3597/1/22 3591/1/22 3587/1/22
f 3587/1/422 3592/1/422 3588/1/422
f 3602/1/12 3592/1/12 3612/1/12
f 3586/1/21 3598/1/21 3585/1/21
f 3593/1/14 3599/1/14 3598/1/14
f 3594/1/14 3600/1/14 3599/1/14
f 3595/1/21 3601/1/21 3600/1/21
f 3596/1/7 3602/1/7 3601/1/7
f 3608/1/18 3590/1/18 3589/1/18
f 3609/1/18 3603/1/18 3608/1/18
f 3610/1/10 3604/1/10 3609/1/10
f 3611/1/308 3605/1/308 3610/1/308
f 3612/1/10 3606/1/10 3611/1/10
f 3586/1/4 3603/1/4 3593/1/4
f 3593/1/4 3604/1/4 3594/1/4
f 3594/1/4 3605/1/4 3595/1/4
f 3595/1/4 3606/1/4 3596/1/4
f 3596/1/4 3607/1/4 3597/1/4
f 3585/1/12 3608/1/12 3589/1/12
f 3598/1/12 3609/1/12 3608/1/12
f 3599/1/12 3610/1/12 3609/1/12
f 3600/1/12 3611/1/12 3610/1/12
f 3601/1/12 3612/1/12 3611/1/12
f 3625/1/31 3616/1/31 3630/1/31
f 3620/1/312 3635/1/312 3640/1/312
f 3617/1/497 3614/1/497 3613/1/497
f 3625/1/26 3619/1/26 3615/1/26
f 3615/1/313 3620/1/313 3616/1/313
f 3630/1/28 3620/1/28 3640/1/28
f 3614/1/29 3626/1/29 3613/1/29
f 3621/1/30 3627/1/30 3626/1/30
f 3622/1/31 3628/1/31 3627/1/31
f 3623/1/31 3629/1/31 3628/1/31
f 3624/1/31 3630/1/31 3629/1/31
f 3636/1/2 3618/1/2 3617/1/2
f 3637/1/9 3631/1/9 3636/1/9
f 3638/1/15 3632/1/15 3637/1/15
f 3639/1/32 3633/1/32 3638/1/32
f 3640/1/15 3634/1/15 3639/1/15
f 3614/1/26 3631/1/26 3621/1/26
f 3621/1/26 3632/1/26 3622/1/26
f 3622/1/26 3633/1/26 3623/1/26
f 3623/1/26 3634/1/26 3624/1/26
f 3624/1/26 3635/1/26 3625/1/26
f 3613/1/28 3636/1/28 3617/1/28
f 3626/1/28 3637/1/28 3636/1/28
f 3627/1/28 3638/1/28 3637/1/28
f 3628/1/33 3639/1/33 3638/1/33
f 3629/1/33 3640/1/33 3639/1/33
f 3653/1/34 3644/1/34 3658/1/34
f 3648/1/498 3663/1/498 3668/1/498
f 3645/1/36 3642/1/36 3641/1/36
f 3653/1/46 3647/1/46 3643/1/46
f 3643/1/499 3648/1/499 3644/1/499
f 3658/1/39 3648/1/39 3668/1/39
f 3642/1/426 3654/1/426 3641/1/426
f 3649/1/191 3655/1/191 3654/1/191
f 3650/1/191 3656/1/191 3655/1/191
f 3651/1/190 3657/1/190 3656/1/190
f 3652/1/41 3658/1/41 3657/1/41
f 3664/1/428 3646/1/428 3645/1/428
f 3665/1/428 3659/1/428 3664/1/428
f 3666/1/428 3660/1/428 3665/1/428
f 3667/1/35 3661/1/35 3666/1/35
f 3668/1/35 3662/1/35 3667/1/35
f 3642/1/37 3659/1/37 3649/1/37
f 3649/1/46 3660/1/46 3650/1/46
f 3650/1/37 3661/1/37 3651/1/37
f 3651/1/37 3662/1/37 3652/1/37
f 3652/1/46 3663/1/46 3653/1/46
f 3641/1/39 3664/1/39 3645/1/39
f 3654/1/39 3665/1/39 3664/1/39
f 3655/1/39 3666/1/39 3665/1/39
f 3656/1/39 3667/1/39 3666/1/39
f 3657/1/39 3668/1/39 3667/1/39
f 3681/1/321 3672/1/321 3686/1/321
f 3676/1/323 3691/1/323 3696/1/323
f 3673/1/500 3670/1/500 3669/1/500
f 3681/1/50 3675/1/50 3671/1/50
f 3671/1/501 3676/1/501 3672/1/501
f 3686/1/52 3676/1/52 3696/1/52
f 3670/1/53 3682/1/53 3669/1/53
f 3677/1/53 3683/1/53 3682/1/53
f 3678/1/47 3684/1/47 3683/1/47
f 3679/1/321 3685/1/321 3684/1/321
f 3680/1/53 3686/1/53 3685/1/53
f 3692/1/323 3674/1/323 3673/1/323
f 3693/1/317 3687/1/317 3692/1/317
f 3694/1/48 3688/1/48 3693/1/48
f 3695/1/323 3689/1/323 3694/1/323
f 3696/1/323 3690/1/323 3695/1/323
f 3670/1/50 3687/1/50 3677/1/50
f 3677/1/59 3688/1/59 3678/1/59
f 3678/1/50 3689/1/50 3679/1/50
f 3679/1/50 3690/1/50 3680/1/50
f 3680/1/50 3691/1/50 3681/1/50
f 3669/1/52 3692/1/52 3673/1/52
f 3682/1/52 3693/1/52 3692/1/52
f 3683/1/52 3694/1/52 3693/1/52
f 3684/1/52 3695/1/52 3694/1/52
f 3685/1/52 3696/1/52 3695/1/52
f 3709/1/60 3700/1/60 3714/1/60
f 3704/1/71 3719/1/71 3724/1/71
f 3701/1/502 3698/1/502 3697/1/502
f 3709/1/63 3703/1/63 3699/1/63
f 3699/1/503 3704/1/503 3700/1/503
f 3714/1/65 3704/1/65 3724/1/65
f 3698/1/433 3710/1/433 3697/1/433
f 3705/1/504 3711/1/504 3710/1/504
f 3706/1/66 3712/1/66 3711/1/66
f 3707/1/434 3713/1/434 3712/1/434
f 3708/1/433 3714/1/433 3713/1/433
f 3720/1/71 3702/1/71 3701/1/71
f 3721/1/70 3715/1/70 3720/1/70
f 3722/1/505 3716/1/505 3721/1/505
f 3723/1/325 3717/1/325 3722/1/325
f 3724/1/325 3718/1/325 3723/1/325
f 3698/1/63 3715/1/63 3705/1/63
f 3705/1/63 3716/1/63 3706/1/63
f 3706/1/63 3717/1/63 3707/1/63
f 3707/1/63 3718/1/63 3708/1/63
f 3708/1/63 3719/1/63 3709/1/63
f 3697/1/65 3720/1/65 3701/1/65
f 3710/1/65 3721/1/65 3720/1/65
f 3711/1/65 3722/1/65 3721/1/65
f 3712/1/65 3723/1/65 3722/1/65
f 3713/1/65 3724/1/65 3723/1/65
f 3737/1/177 3728/1/177 3742/1/177
f 3732/1/74 3747/1/74 3752/1/74
f 3729/1/506 3726/1/506 3725/1/506
f 3737/1/76 3731/1/76 3727/1/76
f 3727/1/507 3732/1/507 3728/1/507
f 3742/1/78 3732/1/78 3752/1/78
f 3726/1/439 3738/1/439 3725/1/439
f 3733/1/79 3739/1/79 3738/1/79
f 3734/1/80 3740/1/80 3739/1/80
f 3735/1/79 3741/1/79 3740/1/79
f 3736/1/177 3742/1/177 3741/1/177
f 3748/1/83 3730/1/83 3729/1/83
f 3749/1/84 3743/1/84 3748/1/84
f 3750/1/328 3744/1/328 3749/1/328
f 3751/1/371 3745/1/371 3750/1/371
f 3752/1/329 3746/1/329 3751/1/329
f 3726/1/76 3743/1/76 3733/1/76
f 3733/1/76 3744/1/76 3734/1/76
f 3734/1/76 3745/1/76 3735/1/76
f 3735/1/76 3746/1/76 3736/1/76
f 3736/1/76 3747/1/76 3737/1/76
f 3725/1/78 3748/1/78 3729/1/78
f 3738/1/78 3749/1/78 3748/1/78
f 3739/1/78 3750/1/78 3749/1/78
f 3740/1/78 3751/1/78 3750/1/78
f 3741/1/78 3752/1/78 3751/1/78
f 3765/1/85 3756/1/85 3770/1/85
f 3760/1/96 3775/1/96 3780/1/96
f 3757/1/87 3754/1/87 3753/1/87
f 3765/1/88 3759/1/88 3755/1/88
f 3755/1/508 3760/1/508 3756/1/508
f 3770/1/90 3760/1/90 3780/1/90
f 3754/1/333 3766/1/333 3753/1/333
f 3761/1/85 3767/1/85 3766/1/85
f 3762/1/441 3768/1/441 3767/1/441
f 3763/1/441 3769/1/441 3768/1/441
f 3764/1/441 3770/1/441 3769/1/441
f 3776/1/334 3758/1/334 3757/1/334
f 3777/1/330 3771/1/330 3776/1/330
f 3778/1/96 3772/1/96 3777/1/96
f 3779/1/96 3773/1/96 3778/1/96
f 3780/1/96 3774/1/96 3779/1/96
f 3754/1/88 3771/1/88 3761/1/88
f 3761/1/88 3772/1/88 3762/1/88
f 3762/1/88 3773/1/88 3763/1/88
f 3763/1/88 3774/1/88 3764/1/88
f 3764/1/88 3775/1/88 3765/1/88
f 3753/1/90 3776/1/90 3757/1/90
f 3766/1/90 3777/1/90 3776/1/90
f 3767/1/90 3778/1/90 3777/1/90
f 3768/1/90 3779/1/90 3778/1/90
f 3769/1/90 3780/1/90 3779/1/90
f 3793/1/98 3784/1/98 3798/1/98
f 3788/1/99 3803/1/99 3808/1/99
f 3785/1/509 3782/1/509 3781/1/509
f 3793/1/101 3787/1/101 3783/1/101
f 3783/1/510 3788/1/510 3784/1/510
f 3798/1/103 3788/1/103 3808/1/103
f 3782/1/104 3794/1/104 3781/1/104
f 3789/1/105 3795/1/105 3794/1/105
f 3790/1/98 3796/1/98 3795/1/98
f 3791/1/98 3797/1/98 3796/1/98
f 3792/1/98 3798/1/98 3797/1/98
f 3804/1/335 3786/1/335 3785/1/335
f 3805/1/107 3799/1/107 3804/1/107
f 3806/1/335 3800/1/335 3805/1/335
f 3807/1/335 3801/1/335 3806/1/335
f 3808/1/107 3802/1/107 3807/1/107
f 3782/1/101 3799/1/101 3789/1/101
f 3789/1/101 3800/1/101 3790/1/101
f 3790/1/101 3801/1/101 3791/1/101
f 3791/1/101 3802/1/101 3792/1/101
f 3792/1/101 3803/1/101 3793/1/101
f 3781/1/103 3804/1/103 3785/1/103
f 3794/1/103 3805/1/103 3804/1/103
f 3795/1/103 3806/1/103 3805/1/103
f 3796/1/103 3807/1/103 3806/1/103
f 3797/1/103 3808/1/103 3807/1/103
f 3821/1/111 3812/1/111 3826/1/111
f 3816/1/120 3831/1/120 3836/1/120
f 3813/1/511 3810/1/511 3809/1/511
f 3821/1/114 3815/1/114 3811/1/114
f 3811/1/512 3816/1/512 3812/1/512
f 3826/1/116 3816/1/116 3836/1/116
f 3810/1/111 3822/1/111 3809/1/111
f 3817/1/343 3823/1/343 3822/1/343
f 3818/1/117 3824/1/117 3823/1/117
f 3819/1/513 3825/1/513 3824/1/513
f 3820/1/111 3826/1/111 3825/1/111
f 3832/1/122 3814/1/122 3813/1/122
f 3833/1/514 3827/1/514 3832/1/514
f 3834/1/120 3828/1/120 3833/1/120
f 3835/1/344 3829/1/344 3834/1/344
f 3836/1/514 3830/1/514 3835/1/514
f 3810/1/114 3827/1/114 3817/1/114
f 3817/1/114 3828/1/114 3818/1/114
f 3818/1/114 3829/1/114 3819/1/114
f 3819/1/114 3830/1/114 3820/1/114
f 3820/1/114 3831/1/114 3821/1/114
f 3809/1/116 3832/1/116 3813/1/116
f 3822/1/116 3833/1/116 3832/1/116
f 3823/1/116 3834/1/116 3833/1/116
f 3824/1/116 3835/1/116 3834/1/116
f 3825/1/116 3836/1/116 3835/1/116
f 3849/1/130 3840/1/130 3854/1/130
f 3844/1/346 3859/1/346 3864/1/346
f 3841/1/515 3838/1/515 3837/1/515
f 3849/1/126 3843/1/126 3839/1/126
f 3839/1/516 3844/1/516 3840/1/516
f 3854/1/128 3844/1/128 3864/1/128
f 3838/1/132 3850/1/132 3837/1/132
f 3845/1/130 3851/1/130 3850/1/130
f 3846/1/131 3852/1/131 3851/1/131
f 3847/1/132 3853/1/132 3852/1/132
f 3848/1/132 3854/1/132 3853/1/132
f 3860/1/349 3842/1/349 3841/1/349
f 3861/1/134 3855/1/134 3860/1/134
f 3862/1/134 3856/1/134 3861/1/134
f 3863/1/135 3857/1/135 3862/1/135
f 3864/1/124 3858/1/124 3863/1/124
f 3838/1/126 3855/1/126 3845/1/126
f 3845/1/126 3856/1/126 3846/1/126
f 3846/1/126 3857/1/126 3847/1/126
f 3847/1/126 3858/1/126 3848/1/126
f 3848/1/126 3859/1/126 3849/1/126
f 3837/1/136 3860/1/136 3841/1/136
f 3850/1/128 3861/1/128 3860/1/128
f 3851/1/136 3862/1/136 3861/1/136
f 3852/1/128 3863/1/128 3862/1/128
f 3853/1/136 3864/1/136 3863/1/136
f 3877/1/353 3868/1/353 3882/1/353
f 3872/1/137 3887/1/137 3892/1/137
f 3869/1/452 3866/1/452 3865/1/452
f 3877/1/139 3871/1/139 3867/1/139
f 3867/1/517 3872/1/517 3868/1/517
f 3882/1/141 3872/1/141 3892/1/141
f 3866/1/123 3878/1/123 3865/1/123
f 3873/1/353 3879/1/353 3878/1/353
f 3874/1/353 3880/1/353 3879/1/353
f 3875/1/353 3881/1/353 3880/1/353
f 3876/1/353 3882/1/353 3881/1/353
f 3888/1/354 3870/1/354 3869/1/354
f 3889/1/137 3883/1/137 3888/1/137
f 3890/1/145 3884/1/145 3889/1/145
f 3891/1/518 3885/1/518 3890/1/518
f 3892/1/144 3886/1/144 3891/1/144
f 3866/1/139 3883/1/139 3873/1/139
f 3873/1/139 3884/1/139 3874/1/139
f 3874/1/139 3885/1/139 3875/1/139
f 3875/1/139 3886/1/139 3876/1/139
f 3876/1/139 3887/1/139 3877/1/139
f 3865/1/141 3888/1/141 3869/1/141
f 3878/1/141 3889/1/141 3888/1/141
f 3879/1/141 3890/1/141 3889/1/141
f 3880/1/141 3891/1/141 3890/1/141
f 3881/1/141 3892/1/141 3891/1/141
f 3905/1/152 3896/1/152 3910/1/152
f 3900/1/134 3915/1/134 3920/1/134
f 3897/1/454 3894/1/454 3893/1/454
f 3905/1/160 3899/1/160 3895/1/160
f 3895/1/519 3900/1/519 3896/1/519
f 3910/1/151 3900/1/151 3920/1/151
f 3894/1/152 3906/1/152 3893/1/152
f 3901/1/520 3907/1/520 3906/1/520
f 3902/1/355 3908/1/355 3907/1/355
f 3903/1/355 3909/1/355 3908/1/355
f 3904/1/156 3910/1/156 3909/1/156
f 3916/1/346 3898/1/346 3897/1/346
f 3917/1/159 3911/1/159 3916/1/159
f 3918/1/159 3912/1/159 3917/1/159
f 3919/1/159 3913/1/159 3918/1/159
f 3920/1/158 3914/1/158 3919/1/158
f 3894/1/160 3911/1/160 3901/1/160
f 3901/1/160 3912/1/160 3902/1/160
f 3902/1/149 3913/1/149 3903/1/149
f 3903/1/160 3914/1/160 3904/1/160
f 3904/1/149 3915/1/149 3905/1/149
f 3893/1/151 3916/1/151 3897/1/151
f 3906/1/151 3917/1/151 3916/1/151
f 3907/1/151 3918/1/151 3917/1/151
f 3908/1/151 3919/1/151 3918/1/151
f 3909/1/151 3920/1/151 3919/1/151
f 3933/1/161 3924/1/161 3938/1/161
f 3928/1/521 3943/1/521 3948/1/521
f 3925/1/522 3922/1/522 3921/1/522
f 3933/1/164 3927/1/164 3923/1/164
f 3923/1/523 3928/1/523 3924/1/523
f 3938/1/166 3928/1/166 3948/1/166
f 3922/1/361 3934/1/361 3921/1/361
f 3929/1/161 3935/1/161 3934/1/161
f 3930/1/359 3936/1/359 3935/1/359
f 3931/1/167 3937/1/167 3936/1/167
f 3932/1/359 3938/1/359 3937/1/359
f 3944/1/168 3926/1/168 3925/1/168
f 3945/1/524 3939/1/524 3944/1/524
f 3946/1/162 3940/1/162 3945/1/162
f 3947/1/345 3941/1/345 3946/1/345
f 3948/1/524 3942/1/524 3947/1/524
f 3922/1/164 3939/1/164 3929/1/164
f 3929/1/164 3940/1/164 3930/1/164
f 3930/1/170 3941/1/170 3931/1/170
f 3931/1/164 3942/1/164 3932/1/164
f 3932/1/458 3943/1/458 3933/1/458
f 3921/1/166 3944/1/166 3925/1/166
f 3934/1/166 3945/1/166 3944/1/166
f 3935/1/166 3946/1/166 3945/1/166
f 3936/1/166 3947/1/166 3946/1/166
f 3937/1/166 3948/1/166 3947/1/166
f 3961/1/171 3952/1/171 3966/1/171
f 3956/1/180 3971/1/180 3976/1/180
f 3953/1/525 3950/1/525 3949/1/525
f 3961/1/174 3955/1/174 3951/1/174
f 3951/1/526 3956/1/526 3952/1/526
f 3966/1/176 3956/1/176 3976/1/176
f 3950/1/459 3962/1/459 3949/1/459
f 3957/1/459 3963/1/459 3962/1/459
f 3958/1/171 3964/1/171 3963/1/171
f 3959/1/171 3965/1/171 3964/1/171
f 3960/1/171 3966/1/171 3965/1/171
f 3972/1/527 3954/1/527 3953/1/527
f 3973/1/367 3967/1/367 3972/1/367
f 3974/1/367 3968/1/367 3973/1/367
f 3975/1/182 3969/1/182 3974/1/182
f 3976/1/179 3970/1/179 3975/1/179
f 3950/1/183 3967/1/183 3957/1/183
f 3957/1/183 3968/1/183 3958/1/183
f 3958/1/183 3969/1/183 3959/1/183
f 3959/1/183 3970/1/183 3960/1/183
f 3960/1/174 3971/1/174 3961/1/174
f 3949/1/176 3972/1/176 3953/1/176
f 3962/1/176 3973/1/176 3972/1/176
f 3963/1/176 3974/1/176 3973/1/176
f 3964/1/176 3975/1/176 3974/1/176
f 3965/1/176 3976/1/176 3975/1/176
f 3989/1/184 3980/1/184 3994/1/184
f 3984/1/328 3999/1/328 4004/1/328
f 3981/1/368 3978/1/368 3977/1/368
f 3989/1/186 3983/1/186 3979/1/186
f 3979/1/528 3984/1/528 3980/1/528
f 3994/1/188 3984/1/188 4004/1/188
f 3978/1/191 3990/1/191 3977/1/191
f 3985/1/370 3991/1/370 3990/1/370
f 3986/1/190 3992/1/190 3991/1/190
f 3987/1/191 3993/1/191 3992/1/191
f 3988/1/192 3994/1/192 3993/1/192
f 4000/1/329 3982/1/329 3981/1/329
f 4001/1/329 3995/1/329 4000/1/329
f 4002/1/74 3996/1/74 4001/1/74
f 4003/1/371 3997/1/371 4002/1/371
f 4004/1/84 3998/1/84 4003/1/84
f 3978/1/186 3995/1/186 3985/1/186
f 3985/1/186 3996/1/186 3986/1/186
f 3986/1/186 3997/1/186 3987/1/186
f 3987/1/186 3998/1/186 3988/1/186
f 3988/1/186 3999/1/186 3989/1/186
f 3977/1/188 4000/1/188 3981/1/188
f 3990/1/188 4001/1/188 4000/1/188
f 3991/1/188 4002/1/188 4001/1/188
f 3992/1/188 4003/1/188 4002/1/188
f 3993/1/188 4004/1/188 4003/1/188
f 4022/1/199 4007/1/199 4008/1/199
f 4032/1/374 4011/1/374 4027/1/374
f 4009/1/529 4006/1/529 4005/1/529
f 4027/1/204 4007/1/204 4017/1/204
f 4007/1/376 4012/1/376 4008/1/376
f 4032/1/205 4008/1/205 4012/1/205
f 4005/1/193 4013/1/193 4018/1/193
f 4018/1/530 4014/1/530 4019/1/530
f 4019/1/199 4015/1/199 4020/1/199
f 4020/1/373 4016/1/373 4021/1/373
f 4021/1/193 4017/1/193 4022/1/193
f 4028/1/374 4010/1/374 4009/1/374
f 4029/1/379 4023/1/379 4028/1/379
f 4029/1/10 4025/1/10 4024/1/10
f 4030/1/379 4026/1/379 4025/1/379
f 4031/1/374 4027/1/374 4026/1/374
f 4010/1/203 4013/1/203 4006/1/203
f 4023/1/203 4014/1/203 4013/1/203
f 4024/1/195 4015/1/195 4014/1/195
f 4025/1/204 4016/1/204 4015/1/204
f 4026/1/204 4017/1/204 4016/1/204
f 4009/1/197 4018/1/197 4028/1/197
f 4028/1/205 4019/1/205 4029/1/205
f 4029/1/197 4020/1/197 4030/1/197
f 4030/1/205 4021/1/205 4031/1/205
f 4031/1/197 4022/1/197 4032/1/197
f 4050/1/212 4035/1/212 4036/1/212
f 4060/1/531 4039/1/531 4055/1/531
f 4037/1/532 4034/1/532 4033/1/532
f 4055/1/209 4035/1/209 4045/1/209
f 4035/1/468 4040/1/468 4036/1/468
f 4060/1/220 4036/1/220 4040/1/220
f 4033/1/212 4041/1/212 4046/1/212
f 4046/1/533 4042/1/533 4047/1/533
f 4047/1/533 4043/1/533 4048/1/533
f 4048/1/206 4044/1/206 4049/1/206
f 4049/1/206 4045/1/206 4050/1/206
f 4037/1/218 4051/1/218 4038/1/218
f 4056/1/207 4052/1/207 4051/1/207
f 4057/1/219 4053/1/219 4052/1/219
f 4058/1/215 4054/1/215 4053/1/215
f 4059/1/219 4055/1/219 4054/1/219
f 4038/1/209 4041/1/209 4034/1/209
f 4051/1/209 4042/1/209 4041/1/209
f 4052/1/209 4043/1/209 4042/1/209
f 4053/1/209 4044/1/209 4043/1/209
f 4054/1/209 4045/1/209 4044/1/209
f 4037/1/211 4046/1/211 4056/1/211
f 4056/1/220 4047/1/220 4057/1/220
f 4057/1/220 4048/1/220 4058/1/220
f 4058/1/211 4049/1/211 4059/1/211
f 4059/1/220 4050/1/220 4060/1/220
f 4078/1/228 4063/1/228 4064/1/228
f 4088/1/233 4067/1/233 4083/1/233
f 4065/1/534 4062/1/534 4061/1/534
f 4083/1/224 4063/1/224 4073/1/224
f 4063/1/535 4068/1/535 4064/1/535
f 4088/1/226 4064/1/226 4068/1/226
f 4061/1/229 4069/1/229 4074/1/229
f 4074/1/385 4070/1/385 4075/1/385
f 4075/1/385 4071/1/385 4076/1/385
f 4076/1/536 4072/1/536 4077/1/536
f 4077/1/230 4073/1/230 4078/1/230
f 4065/1/233 4079/1/233 4066/1/233
f 4084/1/233 4080/1/233 4079/1/233
f 4085/1/222 4081/1/222 4080/1/222
f 4086/1/473 4082/1/473 4081/1/473
f 4087/1/222 4083/1/222 4082/1/222
f 4066/1/224 4069/1/224 4062/1/224
f 4079/1/224 4070/1/224 4069/1/224
f 4080/1/224 4071/1/224 4070/1/224
f 4081/1/224 4072/1/224 4071/1/224
f 4082/1/224 4073/1/224 4072/1/224
f 4065/1/226 4074/1/226 4084/1/226
f 4084/1/226 4075/1/226 4085/1/226
f 4085/1/226 4076/1/226 4086/1/226
f 4086/1/226 4077/1/226 4087/1/226
f 4087/1/226 4078/1/226 4088/1/226
f 4106/1/235 4091/1/235 4092/1/235
f 4116/1/387 4095/1/387 4111/1/387
f 4093/1/474 4090/1/474 4089/1/474
f 4111/1/238 4091/1/238 4101/1/238
f 4091/1/537 4096/1/537 4092/1/537
f 4116/1/240 4092/1/240 4096/1/240
f 4089/1/255 4097/1/255 4102/1/255
f 4102/1/390 4098/1/390 4103/1/390
f 4103/1/390 4099/1/390 4104/1/390
f 4104/1/249 4100/1/249 4105/1/249
f 4105/1/249 4101/1/249 4106/1/249
f 4093/1/248 4107/1/248 4094/1/248
f 4112/1/476 4108/1/476 4107/1/476
f 4113/1/247 4109/1/247 4108/1/247
f 4114/1/387 4110/1/387 4109/1/387
f 4115/1/248 4111/1/248 4110/1/248
f 4094/1/238 4097/1/238 4090/1/238
f 4107/1/238 4098/1/238 4097/1/238
f 4108/1/238 4099/1/238 4098/1/238
f 4109/1/238 4100/1/238 4099/1/238
f 4110/1/238 4101/1/238 4100/1/238
f 4093/1/240 4102/1/240 4112/1/240
f 4112/1/240 4103/1/240 4113/1/240
f 4113/1/240 4104/1/240 4114/1/240
f 4114/1/240 4105/1/240 4115/1/240
f 4115/1/240 4106/1/240 4116/1/240
f 4134/1/243 4119/1/243 4120/1/243
f 4144/1/266 4123/1/266 4139/1/266
f 4121/1/251 4118/1/251 4117/1/251
f 4139/1/252 4119/1/252 4129/1/252
f 4119/1/538 4124/1/538 4120/1/538
f 4144/1/254 4120/1/254 4124/1/254
f 4117/1/235 4125/1/235 4130/1/235
f 4130/1/539 4126/1/539 4131/1/539
f 4131/1/242 4127/1/242 4132/1/242
f 4132/1/390 4128/1/390 4133/1/390
f 4133/1/241 4129/1/241 4134/1/241
f 4121/1/267 4135/1/267 4122/1/267
f 4140/1/394 4136/1/394 4135/1/394
f 4141/1/250 4137/1/250 4136/1/250
f 4142/1/267 4138/1/267 4137/1/267
f 4143/1/250 4139/1/250 4138/1/250
f 4122/1/252 4125/1/252 4118/1/252
f 4135/1/252 4126/1/252 4125/1/252
f 4136/1/252 4127/1/252 4126/1/252
f 4137/1/252 4128/1/252 4127/1/252
f 4138/1/252 4129/1/252 4128/1/252
f 4121/1/254 4130/1/254 4140/1/254
f 4140/1/254 4131/1/254 4141/1/254
f 4141/1/254 4132/1/254 4142/1/254
f 4142/1/254 4133/1/254 4143/1/254
f 4143/1/254 4134/1/254 4144/1/254
f 4162/1/480 4147/1/480 4148/1/480
f 4172/1/259 4151/1/259 4167/1/259
f 4149/1/540 4146/1/540 4145/1/540
f 4167/1/268 4147/1/268 4157/1/268
f 4147/1/541 4152/1/541 4148/1/541
f 4172/1/263 4148/1/263 4152/1/263
f 4145/1/480 4153/1/480 4158/1/480
f 4158/1/258 4154/1/258 4159/1/258
f 4159/1/258 4155/1/258 4160/1/258
f 4160/1/542 4156/1/542 4161/1/542
f 4161/1/480 4157/1/480 4162/1/480
f 4149/1/267 4163/1/267 4150/1/267
f 4168/1/250 4164/1/250 4163/1/250
f 4169/1/400 4165/1/400 4164/1/400
f 4170/1/396 4166/1/396 4165/1/396
f 4171/1/484 4167/1/484 4166/1/484
f 4150/1/261 4153/1/261 4146/1/261
f 4163/1/261 4154/1/261 4153/1/261
f 4164/1/268 4155/1/268 4154/1/268
f 4165/1/268 4156/1/268 4155/1/268
f 4166/1/268 4157/1/268 4156/1/268
f 4149/1/263 4158/1/263 4168/1/263
f 4168/1/263 4159/1/263 4169/1/263
f 4169/1/263 4160/1/263 4170/1/263
f 4170/1/263 4161/1/263 4171/1/263
f 4171/1/263 4162/1/263 4172/1/263
f 4190/1/487 4175/1/487 4176/1/487
f 4200/1/543 4179/1/543 4195/1/543
f 4177/1/485 4174/1/485 4173/1/485
f 4195/1/272 4175/1/272 4185/1/272
f 4175/1/544 4180/1/544 4176/1/544
f 4200/1/226 4176/1/226 4180/1/226
f 4173/1/275 4181/1/275 4186/1/275
f 4186/1/276 4182/1/276 4187/1/276
f 4187/1/545 4183/1/545 4188/1/545
f 4188/1/546 4184/1/546 4189/1/546
f 4189/1/269 4185/1/269 4190/1/269
f 4177/1/279 4191/1/279 4178/1/279
f 4196/1/245 4192/1/245 4191/1/245
f 4197/1/278 4193/1/278 4192/1/278
f 4198/1/280 4194/1/280 4193/1/280
f 4199/1/401 4195/1/401 4194/1/401
f 4178/1/272 4181/1/272 4174/1/272
f 4191/1/272 4182/1/272 4181/1/272
f 4192/1/272 4183/1/272 4182/1/272
f 4193/1/272 4184/1/272 4183/1/272
f 4194/1/272 4185/1/272 4184/1/272
f 4177/1/274 4186/1/274 4196/1/274
f 4196/1/226 4187/1/226 4197/1/226
f 4197/1/226 4188/1/226 4198/1/226
f 4198/1/274 4189/1/274 4199/1/274
f 4199/1/274 4190/1/274 4200/1/274
f 4218/1/547 4203/1/547 4204/1/547
f 4228/1/282 4207/1/282 4223/1/282
f 4205/1/548 4202/1/548 4201/1/548
f 4223/1/407 4203/1/407 4213/1/407
f 4203/1/549 4208/1/549 4204/1/549
f 4228/1/220 4204/1/220 4208/1/220
f 4201/1/288 4209/1/288 4214/1/288
f 4214/1/550 4210/1/550 4215/1/550
f 4215/1/404 4211/1/404 4216/1/404
f 4216/1/288 4212/1/288 4217/1/288
f 4217/1/288 4213/1/288 4218/1/288
f 4205/1/282 4219/1/282 4206/1/282
f 4224/1/282 4220/1/282 4219/1/282
f 4225/1/410 4221/1/410 4220/1/410
f 4226/1/290 4222/1/290 4221/1/290
f 4227/1/282 4223/1/282 4222/1/282
f 4206/1/407 4209/1/407 4202/1/407
f 4219/1/407 4210/1/407 4209/1/407
f 4220/1/284 4211/1/284 4210/1/284
f 4221/1/284 4212/1/284 4211/1/284
f 4222/1/284 4213/1/284 4212/1/284
f 4205/1/220 4214/1/220 4224/1/220
f 4224/1/220 4215/1/220 4225/1/220
f 4225/1/220 4216/1/220 4226/1/220
f 4226/1/220 4217/1/220 4227/1/220
f 4227/1/220 4218/1/220 4228/1/220
f 4246/1/291 4231/1/291 4232/1/291
f 4256/1/416 4235/1/416 4251/1/416
f 4233/1/293 4230/1/293 4229/1/293
f 4251/1/294 4231/1/294 4241/1/294
f 4231/1/551 4236/1/551 4232/1/551
f 4256/1/296 4232/1/296 4236/1/296
f 4229/1/412 4237/1/412 4242/1/412
f 4242/1/552 4238/1/552 4243/1/552
f 4243/1/494 4239/1/494 4244/1/494
f 4244/1/300 4240/1/300 4245/1/300
f 4245/1/553 4241/1/553 4246/1/553
f 4233/1/305 4247/1/305 4234/1/305
f 4252/1/417 4248/1/417 4247/1/417
f 4253/1/417 4249/1/417 4248/1/417
f 4254/1/416 4250/1/416 4249/1/416
f 4255/1/417 4251/1/417 4250/1/417
f 4234/1/294 4237/1/294 4230/1/294
f 4247/1/294 4238/1/294 4237/1/294
f 4248/1/294 4239/1/294 4238/1/294
f 4249/1/294 4240/1/294 4239/1/294
f 4250/1/294 4241/1/294 4240/1/294
f 4233/1/296 4242/1/296 4252/1/296
f 4252/1/296 4243/1/296 4253/1/296
f 4253/1/296 4244/1/296 4254/1/296
f 4254/1/296 4245/1/296 4255/1/296
f 4255/1/296 4246/1/296 4256/1/296
f 4269/1/1 4260/1/1 4274/1/1
f 4264/1/18 4279/1/18 4284/1/18
f 4261/1/3 4258/1/3 4257/1/3
f 4279/1/4 4259/1/4 4269/1/4
f 4259/1/554 4264/1/554 4260/1/554
f 4284/1/6 4260/1/6 4264/1/6
f 4258/1/21 4270/1/21 4257/1/21
f 4265/1/555 4271/1/555 4270/1/555
f 4266/1/1 4272/1/1 4271/1/1
f 4267/1/1 4273/1/1 4272/1/1
f 4268/1/8 4274/1/8 4273/1/8
f 4280/1/2 4262/1/2 4261/1/2
f 4281/1/308 4275/1/308 4280/1/308
f 4282/1/15 4276/1/15 4281/1/15
f 4283/1/374 4277/1/374 4282/1/374
f 4284/1/10 4278/1/10 4283/1/10
f 4262/1/4 4265/1/4 4258/1/4
f 4275/1/11 4266/1/11 4265/1/11
f 4276/1/4 4267/1/4 4266/1/4
f 4277/1/4 4268/1/4 4267/1/4
f 4278/1/11 4269/1/11 4268/1/11
f 4257/1/12 4280/1/12 4261/1/12
f 4270/1/12 4281/1/12 4280/1/12
f 4271/1/6 4282/1/6 4281/1/6
f 4272/1/12 4283/1/12 4282/1/12
f 4283/1/6 4274/1/6 4284/1/6
f 4297/1/1 4288/1/1 4302/1/1
f 4292/1/18 4307/1/18 4312/1/18
f 4289/1/3 4286/1/3 4285/1/3
f 4307/1/4 4287/1/4 4297/1/4
f 4287/1/554 4292/1/554 4288/1/554
f 4312/1/6 4288/1/6 4292/1/6
f 4286/1/8 4298/1/8 4285/1/8
f 4293/1/1 4299/1/1 4298/1/1
f 4294/1/1 4300/1/1 4299/1/1
f 4295/1/1 4301/1/1 4300/1/1
f 4296/1/556 4302/1/556 4301/1/556
f 4308/1/2 4290/1/2 4289/1/2
f 4309/1/308 4303/1/308 4308/1/308
f 4310/1/2 4304/1/2 4309/1/2
f 4311/1/10 4305/1/10 4310/1/10
f 4312/1/10 4306/1/10 4311/1/10
f 4290/1/4 4293/1/4 4286/1/4
f 4303/1/11 4294/1/11 4293/1/11
f 4304/1/4 4295/1/4 4294/1/4
f 4305/1/4 4296/1/4 4295/1/4
f 4306/1/11 4297/1/11 4296/1/11
f 4285/1/12 4308/1/12 4289/1/12
f 4298/1/12 4309/1/12 4308/1/12
f 4299/1/12 4310/1/12 4309/1/12
f 4310/1/12 4301/1/12 4311/1/12
f 4311/1/6 4302/1/6 4312/1/6
f 4325/1/1 4316/1/1 4330/1/1
f 4320/1/18 4335/1/18 4340/1/18
f 4317/1/3 4314/1/3 4313/1/3
f 4335/1/11 4315/1/11 4325/1/11
f 4315/1/554 4320/1/554 4316/1/554
f 4340/1/6 4316/1/6 4320/1/6
f 4314/1/1 4326/1/1 4313/1/1
f 4321/1/555 4327/1/555 4326/1/555
f 4322/1/1 4328/1/1 4327/1/1
f 4323/1/555 4329/1/555 4328/1/555
f 4324/1/8 4330/1/8 4329/1/8
f 4336/1/2 4318/1/2 4317/1/2
f 4337/1/308 4331/1/308 4336/1/308
f 4338/1/13 4332/1/13 4337/1/13
f 4339/1/10 4333/1/10 4338/1/10
f 4340/1/10 4334/1/10 4339/1/10
f 4318/1/4 4321/1/4 4314/1/4
f 4331/1/4 4322/1/4 4321/1/4
f 4332/1/4 4323/1/4 4322/1/4
f 4333/1/11 4324/1/11 4323/1/11
f 4334/1/4 4325/1/4 4324/1/4
f 4313/1/12 4336/1/12 4317/1/12
f 4326/1/6 4337/1/6 4336/1/6
f 4327/1/6 4338/1/6 4337/1/6
f 4338/1/12 4329/1/12 4339/1/12
f 4339/1/6 4330/1/6 4340/1/6
f 4353/1/1 4344/1/1 4358/1/1
f 4348/1/18 4363/1/18 4368/1/18
f 4345/1/3 4342/1/3 4341/1/3
f 4363/1/4 4343/1/4 4353/1/4
f 4343/1/554 4348/1/554 4344/1/554
f 4368/1/6 4344/1/6 4348/1/6
f 4342/1/14 4354/1/14 4341/1/14
f 4349/1/555 4355/1/555 4354/1/555
f 4350/1/1 4356/1/1 4355/1/1
f 4351/1/1 4357/1/1 4356/1/1
f 4352/1/8 4358/1/8 4357/1/8
f 4364/1/2 4346/1/2 4345/1/2
f 4365/1/308 4359/1/308 4364/1/308
f 4366/1/308 4360/1/308 4365/1/308
f 4367/1/10 4361/1/10 4366/1/10
f 4368/1/10 4362/1/10 4367/1/10
f 4346/1/4 4349/1/4 4342/1/4
f 4359/1/11 4350/1/11 4349/1/11
f 4360/1/4 4351/1/4 4350/1/4
f 4361/1/11 4352/1/11 4351/1/11
f 4362/1/11 4353/1/11 4352/1/11
f 4341/1/12 4364/1/12 4345/1/12
f 4354/1/12 4365/1/12 4364/1/12
f 4355/1/6 4366/1/6 4365/1/6
f 4356/1/6 4367/1/6 4366/1/6
f 4367/1/6 4358/1/6 4368/1/6
f 4381/1/1 4372/1/1 4386/1/1
f 4376/1/18 4391/1/18 4396/1/18
f 4373/1/3 4370/1/3 4369/1/3
f 4391/1/4 4371/1/4 4381/1/4
f 4371/1/554 4376/1/554 4372/1/554
f 4386/1/12 4376/1/12 4396/1/12
f 4370/1/1 4382/1/1 4369/1/1
f 4377/1/555 4383/1/555 4382/1/555
f 4378/1/8 4384/1/8 4383/1/8
f 4379/1/1 4385/1/1 4384/1/1
f 4380/1/8 4386/1/8 4385/1/8
f 4392/1/2 4374/1/2 4373/1/2
f 4393/1/308 4387/1/308 4392/1/308
f 4394/1/9 4388/1/9 4393/1/9
f 4395/1/10 4389/1/10 4394/1/10
f 4396/1/10 4390/1/10 4395/1/10
f 4374/1/4 4377/1/4 4370/1/4
f 4387/1/11 4378/1/11 4377/1/11
f 4388/1/4 4379/1/4 4378/1/4
f 4389/1/4 4380/1/4 4379/1/4
f 4390/1/11 4381/1/11 4380/1/11
f 4369/1/12 4392/1/12 4373/1/12
f 4382/1/12 4393/1/12 4392/1/12
f 4383/1/6 4394/1/6 4393/1/6
f 4394/1/12 4385/1/12 4395/1/12
f 4395/1/6 4386/1/6 4396/1/6
f 4409/1/1 4400/1/1 4414/1/1
f 4404/1/18 4419/1/18 4424/1/18
f 4401/1/3 4398/1/3 4397/1/3
f 4419/1/4 4399/1/4 4409/1/4
f 4399/1/554 4404/1/554 4400/1/554
f 4424/1/6 4400/1/6 4404/1/6
f 4398/1/421 4410/1/421 4397/1/421
f 4405/1/555 4411/1/555 4410/1/555
f 4406/1/1 4412/1/1 4411/1/1
f 4407/1/1 4413/1/1 4412/1/1
f 4408/1/8 4414/1/8 4413/1/8
f 4420/1/2 4402/1/2 4401/1/2
f 4421/1/308 4415/1/308 4420/1/308
f 4422/1/15 4416/1/15 4421/1/15
f 4423/1/10 4417/1/10 4422/1/10
f 4424/1/10 4418/1/10 4423/1/10
f 4402/1/4 4405/1/4 4398/1/4
f 4415/1/4 4406/1/4 4405/1/4
f 4416/1/4 4407/1/4 4406/1/4
f 4417/1/11 4408/1/11 4407/1/11
f 4418/1/4 4409/1/4 4408/1/4
f 4397/1/12 4420/1/12 4401/1/12
f 4410/1/6 4421/1/6 4420/1/6
f 4411/1/6 4422/1/6 4421/1/6
f 4422/1/12 4413/1/12 4423/1/12
f 4423/1/6 4414/1/6 4424/1/6
f 4437/1/1 4428/1/1 4442/1/1
f 4432/1/18 4447/1/18 4452/1/18
f 4429/1/3 4426/1/3 4425/1/3
f 4447/1/4 4427/1/4 4437/1/4
f 4427/1/554 4432/1/554 4428/1/554
f 4452/1/6 4428/1/6 4432/1/6
f 4426/1/8 4438/1/8 4425/1/8
f 4433/1/555 4439/1/555 4438/1/555
f 4434/1/1 4440/1/1 4439/1/1
f 4435/1/1 4441/1/1 4440/1/1
f 4436/1/8 4442/1/8 4441/1/8
f 4448/1/2 4430/1/2 4429/1/2
f 4449/1/308 4443/1/308 4448/1/308
f 4450/1/308 4444/1/308 4449/1/308
f 4451/1/308 4445/1/308 4450/1/308
f 4452/1/10 4446/1/10 4451/1/10
f 4430/1/4 4433/1/4 4426/1/4
f 4443/1/11 4434/1/11 4433/1/11
f 4444/1/4 4435/1/4 4434/1/4
f 4445/1/4 4436/1/4 4435/1/4
f 4446/1/4 4437/1/4 4436/1/4
f 4425/1/12 4448/1/12 4429/1/12
f 4438/1/12 4449/1/12 4448/1/12
f 4439/1/6 4450/1/6 4449/1/6
f 4440/1/6 4451/1/6 4450/1/6
f 4441/1/12 4452/1/12 4451/1/12
f 4465/1/1 4456/1/1 4470/1/1
f 4460/1/18 4475/1/18 4480/1/18
f 4457/1/3 4454/1/3 4453/1/3
f 4475/1/4 4455/1/4 4465/1/4
f 4455/1/554 4460/1/554 4456/1/554
f 4480/1/6 4456/1/6 4460/1/6
f 4454/1/421 4466/1/421 4453/1/421
f 4461/1/555 4467/1/555 4466/1/555
f 4462/1/1 4468/1/1 4467/1/1
f 4463/1/1 4469/1/1 4468/1/1
f 4464/1/8 4470/1/8 4469/1/8
f 4476/1/2 4458/1/2 4457/1/2
f 4477/1/308 4471/1/308 4476/1/308
f 4478/1/13 4472/1/13 4477/1/13
f 4479/1/201 4473/1/201 4478/1/201
f 4480/1/10 4474/1/10 4479/1/10
f 4458/1/4 4461/1/4 4454/1/4
f 4471/1/11 4462/1/11 4461/1/11
f 4472/1/4 4463/1/4 4462/1/4
f 4473/1/4 4464/1/4 4463/1/4
f 4474/1/11 4465/1/11 4464/1/11
f 4453/1/12 4476/1/12 4457/1/12
f 4466/1/12 4477/1/12 4476/1/12
f 4467/1/6 4478/1/6 4477/1/6
f 4478/1/12 4469/1/12 4479/1/12
f 4479/1/6 4470/1/6 4480/1/6
f 4493/1/1 4484/1/1 4498/1/1
f 4488/1/18 4503/1/18 4508/1/18
f 4485/1/3 4482/1/3 4481/1/3
f 4503/1/4 4483/1/4 4493/1/4
f 4483/1/554 4488/1/554 4484/1/554
f 4508/1/6 4484/1/6 4488/1/6
f 4482/1/421 4494/1/421 4481/1/421
f 4489/1/1 4495/1/1 4494/1/1
f 4490/1/1 4496/1/1 4495/1/1
f 4491/1/1 4497/1/1 4496/1/1
f 4492/1/556 4498/1/556 4497/1/556
f 4504/1/2 4486/1/2 4485/1/2
f 4505/1/308 4499/1/308 4504/1/308
f 4506/1/308 4500/1/308 4505/1/308
f 4507/1/10 4501/1/10 4506/1/10
f 4508/1/10 4502/1/10 4507/1/10
f 4486/1/4 4489/1/4 4482/1/4
f 4499/1/11 4490/1/11 4489/1/11
f 4500/1/4 4491/1/4 4490/1/4
f 4501/1/4 4492/1/4 4491/1/4
f 4502/1/11 4493/1/11 4492/1/11
f 4481/1/12 4504/1/12 4485/1/12
f 4494/1/12 4505/1/12 4504/1/12
f 4495/1/12 4506/1/12 4505/1/12
f 4506/1/12 4497/1/12 4507/1/12
f 4507/1/6 4498/1/6 4508/1/6
f 4521/1/1 4512/1/1 4526/1/1
f 4516/1/18 4531/1/18 4536/1/18
f 4513/1/3 4510/1/3 4509/1/3
f 4531/1/4 4511/1/4 4521/1/4
f 4511/1/554 4516/1/554 4512/1/554
f 4536/1/6 4512/1/6 4516/1/6
f 4510/1/14 4522/1/14 4509/1/14
f 4517/1/555 4523/1/555 4522/1/555
f 4518/1/1 4524/1/1 4523/1/1
f 4519/1/555 4525/1/555 4524/1/555
f 4520/1/8 4526/1/8 4525/1/8
f 4532/1/2 4514/1/2 4513/1/2
f 4533/1/308 4527/1/308 4532/1/308
f 4534/1/15 4528/1/15 4533/1/15
f 4535/1/10 4529/1/10 4534/1/10
f 4536/1/10 4530/1/10 4535/1/10
f 4514/1/4 4517/1/4 4510/1/4
f 4527/1/4 4518/1/4 4517/1/4
f 4528/1/4 4519/1/4 4518/1/4
f 4529/1/4 4520/1/4 4519/1/4
f 4530/1/4 4521/1/4 4520/1/4
f 4509/1/12 4532/1/12 4513/1/12
f 4522/1/12 4533/1/12 4532/1/12
f 4523/1/6 4534/1/6 4533/1/6
f 4534/1/12 4525/1/12 4535/1/12
f 4535/1/6 4526/1/6 4536/1/6
f 4549/1/1 4540/1/1 4554/1/1
f 4544/1/18 4559/1/18 4564/1/18
f 4541/1/3 4538/1/3 4537/1/3
f 4559/1/4 4539/1/4 4549/1/4
f 4539/1/554 4544/1/554 4540/1/554
f 4564/1/6 4540/1/6 4544/1/6
f 4538/1/1 4550/1/1 4537/1/1
f 4545/1/555 4551/1/555 4550/1/555
f 4546/1/1 4552/1/1 4551/1/1
f 4547/1/8 4553/1/8 4552/1/8
f 4548/1/8 4554/1/8 4553/1/8
f 4560/1/2 4542/1/2 4541/1/2
f 4561/1/308 4555/1/308 4560/1/308
f 4562/1/13 4556/1/13 4561/1/13
f 4563/1/201 4557/1/201 4562/1/201
f 4564/1/10 4558/1/10 4563/1/10
f 4542/1/4 4545/1/4 4538/1/4
f 4555/1/11 4546/1/11 4545/1/11
f 4556/1/4 4547/1/4 4546/1/4
f 4557/1/4 4548/1/4 4547/1/4
f 4558/1/11 4549/1/11 4548/1/11
f 4537/1/12 4560/1/12 4541/1/12
f 4550/1/12 4561/1/12 4560/1/12
f 4551/1/6 4562/1/6 4561/1/6
f 4562/1/12 4553/1/12 4563/1/12
f 4563/1/6 4554/1/6 4564/1/6
f 4577/1/1 4568/1/1 4582/1/1
f 4572/1/18 4587/1/18 4592/1/18
f 4569/1/3 4566/1/3 4565/1/3
f 4587/1/4 4567/1/4 4577/1/4
f 4567/1/554 4572/1/554 4568/1/554
f 4592/1/6 4568/1/6 4572/1/6
f 4566/1/14 4578/1/14 4565/1/14
f 4573/1/1 4579/1/1 4578/1/1
f 4574/1/1 4580/1/1 4579/1/1
f 4575/1/1 4581/1/1 4580/1/1
f 4576/1/556 4582/1/556 4581/1/556
f 4588/1/2 4570/1/2 4569/1/2
f 4589/1/308 4583/1/308 4588/1/308
f 4590/1/2 4584/1/2 4589/1/2
f 4591/1/10 4585/1/10 4590/1/10
f 4592/1/10 4586/1/10 4591/1/10
f 4570/1/4 4573/1/4 4566/1/4
f 4583/1/11 4574/1/11 4573/1/11
f 4584/1/4 4575/1/4 4574/1/4
f 4585/1/4 4576/1/4 4575/1/4
f 4586/1/11 4577/1/11 4576/1/11
f 4565/1/12 4588/1/12 4569/1/12
f 4578/1/12 4589/1/12 4588/1/12
f 4579/1/12 4590/1/12 4589/1/12
f 4590/1/12 4581/1/12 4591/1/12
f 4591/1/6 4582/1/6 4592/1/6
f 4605/1/1 4596/1/1 4610/1/1
f 4600/1/18 4615/1/18 4620/1/18
f 4597/1/3 4594/1/3 4593/1/3
f 4615/1/4 4595/1/4 4605/1/4
f 4595/1/554 4600/1/554 4596/1/554
f 4620/1/6 4596/1/6 4600/1/6
f 4594/1/421 4606/1/421 4593/1/421
f 4601/1/555 4607/1/555 4606/1/555
f 4602/1/1 4608/1/1 4607/1/1
f 4603/1/1 4609/1/1 4608/1/1
f 4604/1/8 4610/1/8 4609/1/8
f 4616/1/2 4598/1/2 4597/1/2
f 4617/1/308 4611/1/308 4616/1/308
f 4618/1/15 4612/1/15 4617/1/15
f 4619/1/10 4613/1/10 4618/1/10
f 4620/1/10 4614/1/10 4619/1/10
f 4598/1/4 4601/1/4 4594/1/4
f 4611/1/4 4602/1/4 4601/1/4
f 4612/1/4 4603/1/4 4602/1/4
f 4613/1/11 4604/1/11 4603/1/11
f 4614/1/4 4605/1/4 4604/1/4
f 4593/1/12 4616/1/12 4597/1/12
f 4606/1/6 4617/1/6 4616/1/6
f 4607/1/6 4618/1/6 4617/1/6
f 4618/1/12 4609/1/12 4619/1/12
f 4619/1/6 4610/1/6 4620/1/6
f 4633/1/1 4624/1/1 4638/1/1
f 4628/1/18 4643/1/18 4648/1/18
f 4625/1/3 4622/1/3 4621/1/3
f 4643/1/4 4623/1/4 4633/1/4
f 4623/1/554 4628/1/554 4624/1/554
f 4648/1/6 4624/1/6 4628/1/6
f 4622/1/421 4634/1/421 4621/1/421
f 4629/1/555 4635/1/555 4634/1/555
f 4630/1/1 4636/1/1 4635/1/1
f 4631/1/8 4637/1/8 4636/1/8
f 4632/1/8 4638/1/8 4637/1/8
f 4644/1/2 4626/1/2 4625/1/2
f 4645/1/308 4639/1/308 4644/1/308
f 4646/1/15 4640/1/15 4645/1/15
f 4647/1/10 4641/1/10 4646/1/10
f 4648/1/10 4642/1/10 4647/1/10
f 4626/1/4 4629/1/4 4622/1/4
f 4639/1/11 4630/1/11 4629/1/11
f 4640/1/4 4631/1/4 4630/1/4
f 4641/1/11 4632/1/11 4631/1/11
f 4642/1/4 4633/1/4 4632/1/4
f 4621/1/12 4644/1/12 4625/1/12
f 4634/1/12 4645/1/12 4644/1/12
f 4635/1/6 4646/1/6 4645/1/6
f 4646/1/12 4637/1/12 4647/1/12
f 4647/1/6 4638/1/6 4648/1/6
f 4661/1/14 4652/1/14 4666/1/14
f 4656/1/18 4671/1/18 4676/1/18
f 4653/1/557 4650/1/557 4649/1/557
f 4661/1/4 4655/1/4 4651/1/4
f 4651/1/422 4656/1/422 4652/1/422
f 4666/1/12 4656/1/12 4676/1/12
f 4650/1/558 4662/1/558 4649/1/558
f 4657/1/14 4663/1/14 4662/1/14
f 4658/1/14 4664/1/14 4663/1/14
f 4659/1/14 4665/1/14 4664/1/14
f 4660/1/21 4666/1/21 4665/1/21
f 4672/1/2 4654/1/2 4653/1/2
f 4673/1/308 4667/1/308 4672/1/308
f 4674/1/308 4668/1/308 4673/1/308
f 4675/1/18 4669/1/18 4674/1/18
f 4676/1/10 4670/1/10 4675/1/10
f 4650/1/22 4667/1/22 4657/1/22
f 4657/1/22 4668/1/22 4658/1/22
f 4658/1/4 4669/1/4 4659/1/4
f 4659/1/4 4670/1/4 4660/1/4
f 4660/1/4 4671/1/4 4661/1/4
f 4649/1/12 4672/1/12 4653/1/12
f 4662/1/12 4673/1/12 4672/1/12
f 4663/1/12 4674/1/12 4673/1/12
f 4664/1/12 4675/1/12 4674/1/12
f 4665/1/12 4676/1/12 4675/1/12
f 4689/1/559 4680/1/559 4694/1/559
f 4684/1/15 4699/1/15 4704/1/15
f 4681/1/423 4678/1/423 4677/1/423
f 4689/1/26 4683/1/26 4679/1/26
f 4679/1/560 4684/1/560 4680/1/560
f 4694/1/28 4684/1/28 4704/1/28
f 4678/1/31 4690/1/31 4677/1/31
f 4685/1/30 4691/1/30 4690/1/30
f 4686/1/29 4692/1/29 4691/1/29
f 4687/1/559 4693/1/559 4692/1/559
f 4688/1/559 4694/1/559 4693/1/559
f 4700/1/13 4682/1/13 4681/1/13
f 4701/1/13 4695/1/13 4700/1/13
f 4702/1/32 4696/1/32 4701/1/32
f 4703/1/9 4697/1/9 4702/1/9
f 4704/1/13 4698/1/13 4703/1/13
f 4678/1/26 4695/1/26 4685/1/26
f 4685/1/26 4696/1/26 4686/1/26
f 4686/1/26 4697/1/26 4687/1/26
f 4687/1/26 4698/1/26 4688/1/26
f 4688/1/26 4699/1/26 4689/1/26
f 4677/1/28 4700/1/28 4681/1/28
f 4690/1/28 4701/1/28 4700/1/28
f 4691/1/28 4702/1/28 4701/1/28
f 4692/1/28 4703/1/28 4702/1/28
f 4693/1/28 4704/1/28 4703/1/28
f 4717/1/191 4708/1/191 4722/1/191
f 4712/1/315 4727/1/315 4732/1/315
f 4709/1/561 4706/1/561 4705/1/561
f 4717/1/46 4711/1/46 4707/1/46
f 4707/1/499 4712/1/499 4708/1/499
f 4722/1/39 4712/1/39 4732/1/39
f 4706/1/426 4718/1/426 4705/1/426
f 4713/1/41 4719/1/41 4718/1/41
f 4714/1/34 4720/1/34 4719/1/34
f 4715/1/562 4721/1/562 4720/1/562
f 4716/1/34 4722/1/34 4721/1/34
f 4728/1/43 4710/1/43 4709/1/43
f 4729/1/35 4723/1/35 4728/1/35
f 4730/1/427 4724/1/427 4729/1/427
f 4731/1/45 4725/1/45 4730/1/45
f 4732/1/315 4726/1/315 4731/1/315
f 4706/1/46 4723/1/46 4713/1/46
f 4713/1/46 4724/1/46 4714/1/46
f 4714/1/46 4725/1/46 4715/1/46
f 4715/1/46 4726/1/46 4716/1/46
f 4716/1/46 4727/1/46 4717/1/46
f 4705/1/39 4728/1/39 4709/1/39
f 4718/1/39 4729/1/39 4728/1/39
f 4719/1/39 4730/1/39 4729/1/39
f 4720/1/39 4731/1/39 4730/1/39
f 4721/1/39 4732/1/39 4731/1/39
f 4745/1/54 4736/1/54 4750/1/54
f 4740/1/317 4755/1/317 4760/1/317
f 4737/1/563 4734/1/563 4733/1/563
f 4745/1/50 4739/1/50 4735/1/50
f 4735/1/501 4740/1/501 4736/1/501
f 4750/1/52 4740/1/52 4760/1/52
f 4734/1/53 4746/1/53 4733/1/53
f 4741/1/53 4747/1/53 4746/1/53
f 4742/1/47 4748/1/47 4747/1/47
f 4743/1/54 4749/1/54 4748/1/54
f 4744/1/322 4750/1/322 4749/1/322
f 4756/1/55 4738/1/55 4737/1/55
f 4757/1/48 4751/1/48 4756/1/48
f 4758/1/57 4752/1/57 4757/1/57
f 4759/1/58 4753/1/58 4758/1/58
f 4760/1/57 4754/1/57 4759/1/57
f 4734/1/50 4751/1/50 4741/1/50
f 4741/1/50 4752/1/50 4742/1/50
f 4742/1/50 4753/1/50 4743/1/50
f 4743/1/50 4754/1/50 4744/1/50
f 4744/1/50 4755/1/50 4745/1/50
f 4733/1/52 4756/1/52 4737/1/52
f 4746/1/52 4757/1/52 4756/1/52
f 4747/1/52 4758/1/52 4757/1/52
f 4748/1/52 4759/1/52 4758/1/52
f 4749/1/52 4760/1/52 4759/1/52
f 4773/1/66 4764/1/66 4778/1/66
f 4768/1/564 4783/1/564 4788/1/564
f 4765/1/502 4762/1/502 4761/1/502
f 4773/1/63 4767/1/63 4763/1/63
f 4763/1/503 4768/1/503 4764/1/503
f 4778/1/65 4768/1/65 4788/1/65
f 4762/1/433 4774/1/433 4761/1/433
f 4769/1/60 4775/1/60 4774/1/60
f 4770/1/67 4776/1/67 4775/1/67
f 4771/1/504 4777/1/504 4776/1/504
f 4772/1/433 4778/1/433 4777/1/433
f 4784/1/71 4766/1/71 4765/1/71
f 4785/1/325 4779/1/325 4784/1/325
f 4786/1/72 4780/1/72 4785/1/72
f 4787/1/565 4781/1/565 4786/1/565
f 4788/1/71 4782/1/71 4787/1/71
f 4762/1/63 4779/1/63 4769/1/63
f 4769/1/63 4780/1/63 4770/1/63
f 4770/1/63 4781/1/63 4771/1/63
f 4771/1/63 4782/1/63 4772/1/63
f 4772/1/63 4783/1/63 4773/1/63
f 4761/1/65 4784/1/65 4765/1/65
f 4774/1/65 4785/1/65 4784/1/65
f 4775/1/65 4786/1/65 4785/1/65
f 4776/1/65 4787/1/65 4786/1/65
f 4777/1/65 4788/1/65 4787/1/65
f 4801/1/327 4792/1/327 4806/1/327
f 4796/1/84 4811/1/84 4816/1/84
f 4793/1/506 4790/1/506 4789/1/506
f 4801/1/76 4795/1/76 4791/1/76
f 4791/1/507 4796/1/507 4792/1/507
f 4806/1/78 4796/1/78 4816/1/78
f 4790/1/177 4802/1/177 4789/1/177
f 4797/1/79 4803/1/79 4802/1/79
f 4798/1/80 4804/1/80 4803/1/80
f 4799/1/79 4805/1/79 4804/1/79
f 4800/1/177 4806/1/177 4805/1/177
f 4812/1/84 4794/1/84 4793/1/84
f 4813/1/371 4807/1/371 4812/1/371
f 4814/1/328 4808/1/328 4813/1/328
f 4815/1/328 4809/1/328 4814/1/328
f 4816/1/84 4810/1/84 4815/1/84
f 4790/1/76 4807/1/76 4797/1/76
f 4797/1/76 4808/1/76 4798/1/76
f 4798/1/76 4809/1/76 4799/1/76
f 4799/1/76 4810/1/76 4800/1/76
f 4800/1/76 4811/1/76 4801/1/76
f 4789/1/78 4812/1/78 4793/1/78
f 4802/1/78 4813/1/78 4812/1/78
f 4803/1/78 4814/1/78 4813/1/78
f 4804/1/78 4815/1/78 4814/1/78
f 4805/1/78 4816/1/78 4815/1/78
f 4829/1/566 4820/1/566 4834/1/566
f 4824/1/94 4839/1/94 4844/1/94
f 4821/1/87 4818/1/87 4817/1/87
f 4829/1/88 4823/1/88 4819/1/88
f 4819/1/567 4824/1/567 4820/1/567
f 4834/1/90 4824/1/90 4844/1/90
f 4818/1/91 4830/1/91 4817/1/91
f 4825/1/566 4831/1/566 4830/1/566
f 4826/1/92 4832/1/92 4831/1/92
f 4827/1/92 4833/1/92 4832/1/92
f 4828/1/441 4834/1/441 4833/1/441
f 4840/1/86 4822/1/86 4821/1/86
f 4841/1/95 4835/1/95 4840/1/95
f 4842/1/334 4836/1/334 4841/1/334
f 4843/1/96 4837/1/96 4842/1/96
f 4844/1/96 4838/1/96 4843/1/96
f 4818/1/88 4835/1/88 4825/1/88
f 4825/1/88 4836/1/88 4826/1/88
f 4826/1/88 4837/1/88 4827/1/88
f 4827/1/97 4838/1/97 4828/1/97
f 4828/1/88 4839/1/88 4829/1/88
f 4817/1/90 4840/1/90 4821/1/90
f 4830/1/90 4841/1/90 4840/1/90
f 4831/1/90 4842/1/90 4841/1/90
f 4832/1/90 4843/1/90 4842/1/90
f 4833/1/90 4844/1/90 4843/1/90
f 4857/1/98 4848/1/98 4862/1/98
f 4852/1/109 4867/1/109 4872/1/109
f 4849/1/568 4846/1/568 4845/1/568
f 4857/1/101 4851/1/101 4847/1/101
f 4847/1/569 4852/1/569 4848/1/569
f 4862/1/103 4852/1/103 4872/1/103
f 4846/1/104 4858/1/104 4845/1/104
f 4853/1/98 4859/1/98 4858/1/98
f 4854/1/338 4860/1/338 4859/1/338
f 4855/1/338 4861/1/338 4860/1/338
f 4856/1/338 4862/1/338 4861/1/338
f 4868/1/335 4850/1/335 4849/1/335
f 4869/1/109 4863/1/109 4868/1/109
f 4870/1/570 4864/1/570 4869/1/570
f 4871/1/99 4865/1/99 4870/1/99
f 4872/1/99 4866/1/99 4871/1/99
f 4846/1/101 4863/1/101 4853/1/101
f 4853/1/101 4864/1/101 4854/1/101
f 4854/1/101 4865/1/101 4855/1/101
f 4855/1/101 4866/1/101 4856/1/101
f 4856/1/101 4867/1/101 4857/1/101
f 4845/1/103 4868/1/103 4849/1/103
f 4858/1/103 4869/1/103 4868/1/103
f 4859/1/103 4870/1/103 4869/1/103
f 4860/1/103 4871/1/103 4870/1/103
f 4861/1/103 4872/1/103 4871/1/103
f 4885/1/111 4876/1/111 4890/1/111
f 4880/1/122 4895/1/122 4900/1/122
f 4877/1/511 4874/1/511 4873/1/511
f 4885/1/114 4879/1/114 4875/1/114
f 4875/1/571 4880/1/571 4876/1/571
f 4890/1/116 4880/1/116 4900/1/116
f 4874/1/118 4886/1/118 4873/1/118
f 4881/1/111 4887/1/111 4886/1/111
f 4882/1/572 4888/1/572 4887/1/572
f 4883/1/572 4889/1/572 4888/1/572
f 4884/1/118 4890/1/118 4889/1/118
f 4896/1/344 4878/1/344 4877/1/344
f 4897/1/120 4891/1/120 4896/1/120
f 4898/1/119 4892/1/119 4897/1/119
f 4899/1/344 4893/1/344 4898/1/344
f 4900/1/345 4894/1/345 4899/1/345
f 4874/1/114 4891/1/114 4881/1/114
f 4881/1/114 4892/1/114 4882/1/114
f 4882/1/114 4893/1/114 4883/1/114
f 4883/1/114 4894/1/114 4884/1/114
f 4884/1/114 4895/1/114 4885/1/114
f 4873/1/116 4896/1/116 4877/1/116
f 4886/1/116 4897/1/116 4896/1/116
f 4887/1/116 4898/1/116 4897/1/116
f 4888/1/116 4899/1/116 4898/1/116
f 4889/1/116 4900/1/116 4899/1/116
f 4913/1/130 4904/1/130 4918/1/130
f 4908/1/124 4923/1/124 4928/1/124
f 4905/1/515 4902/1/515 4901/1/515
f 4913/1/126 4907/1/126 4903/1/126
f 4903/1/450 4908/1/450 4904/1/450
f 4918/1/128 4908/1/128 4928/1/128
f 4902/1/129 4914/1/129 4901/1/129
f 4909/1/131 4915/1/131 4914/1/131
f 4910/1/130 4916/1/130 4915/1/130
f 4911/1/132 4917/1/132 4916/1/132
f 4912/1/133 4918/1/133 4917/1/133
f 4924/1/159 4906/1/159 4905/1/159
f 4925/1/124 4919/1/124 4924/1/124
f 4926/1/124 4920/1/124 4925/1/124
f 4927/1/124 4921/1/124 4926/1/124
f 4928/1/159 4922/1/159 4927/1/159
f 4902/1/126 4919/1/126 4909/1/126
f 4909/1/126 4920/1/126 4910/1/126
f 4910/1/126 4921/1/126 4911/1/126
f 4911/1/126 4922/1/126 4912/1/126
f 4912/1/126 4923/1/126 4913/1/126
f 4901/1/128 4924/1/128 4905/1/128
f 4914/1/136 4925/1/136 4924/1/136
f 4915/1/136 4926/1/136 4925/1/136
f 4916/1/136 4927/1/136 4926/1/136
f 4917/1/136 4928/1/136 4927/1/136
f 4941/1/353 4932/1/353 4946/1/353
f 4936/1/145 4951/1/145 4956/1/145
f 4933/1/452 4930/1/452 4929/1/452
f 4941/1/139 4935/1/139 4931/1/139
f 4931/1/517 4936/1/517 4932/1/517
f 4946/1/141 4936/1/141 4956/1/141
f 4930/1/123 4942/1/123 4929/1/123
f 4937/1/143 4943/1/143 4942/1/143
f 4938/1/353 4944/1/353 4943/1/353
f 4939/1/123 4945/1/123 4944/1/123
f 4940/1/123 4946/1/123 4945/1/123
f 4952/1/518 4934/1/518 4933/1/518
f 4953/1/145 4947/1/145 4952/1/145
f 4954/1/518 4948/1/518 4953/1/518
f 4955/1/350 4949/1/350 4954/1/350
f 4956/1/145 4950/1/145 4955/1/145
f 4930/1/139 4947/1/139 4937/1/139
f 4937/1/139 4948/1/139 4938/1/139
f 4938/1/139 4949/1/139 4939/1/139
f 4939/1/139 4950/1/139 4940/1/139
f 4940/1/139 4951/1/139 4941/1/139
f 4929/1/141 4952/1/141 4933/1/141
f 4942/1/141 4953/1/141 4952/1/141
f 4943/1/141 4954/1/141 4953/1/141
f 4944/1/141 4955/1/141 4954/1/141
f 4945/1/141 4956/1/141 4955/1/141
f 4969/1/146 4960/1/146 4974/1/146
f 4964/1/346 4979/1/346 4984/1/346
f 4961/1/454 4958/1/454 4957/1/454
f 4969/1/149 4963/1/149 4959/1/149
f 4959/1/573 4964/1/573 4960/1/573
f 4974/1/151 4964/1/151 4984/1/151
f 4958/1/152 4970/1/152 4957/1/152
f 4965/1/156 4971/1/156 4970/1/156
f 4966/1/154 4972/1/154 4971/1/154
f 4967/1/355 4973/1/355 4972/1/355
f 4968/1/156 4974/1/156 4973/1/156
f 4980/1/158 4962/1/158 4961/1/158
f 4981/1/158 4975/1/158 4980/1/158
f 4982/1/574 4976/1/574 4981/1/574
f 4983/1/349 4977/1/349 4982/1/349
f 4984/1/159 4978/1/159 4983/1/159
f 4958/1/160 4975/1/160 4965/1/160
f 4965/1/160 4976/1/160 4966/1/160
f 4966/1/149 4977/1/149 4967/1/149
f 4967/1/149 4978/1/149 4968/1/149
f 4968/1/160 4979/1/160 4969/1/160
f 4957/1/151 4980/1/151 4961/1/151
f 4970/1/151 4981/1/151 4980/1/151
f 4971/1/151 4982/1/151 4981/1/151
f 4972/1/151 4983/1/151 4982/1/151
f 4973/1/151 4984/1/151 4983/1/151
f 4997/1/575 4988/1/575 5002/1/575
f 4992/1/162 5007/1/162 5012/1/162
f 4989/1/522 4986/1/522 4985/1/522
f 4997/1/164 4991/1/164 4987/1/164
f 4987/1/360 4992/1/360 4988/1/360
f 5002/1/166 4992/1/166 5012/1/166
f 4986/1/167 4998/1/167 4985/1/167
f 4993/1/359 4999/1/359 4998/1/359
f 4994/1/576 5000/1/576 4999/1/576
f 4995/1/361 5001/1/361 5000/1/361
f 4996/1/359 5002/1/359 5001/1/359
f 5008/1/457 4990/1/457 4989/1/457
f 5009/1/122 5003/1/122 5008/1/122
f 5010/1/344 5004/1/344 5009/1/344
f 5011/1/345 5005/1/345 5010/1/345
f 5012/1/524 5006/1/524 5011/1/524
f 4986/1/164 5003/1/164 4993/1/164
f 4993/1/164 5004/1/164 4994/1/164
f 4994/1/164 5005/1/164 4995/1/164
f 4995/1/164 5006/1/164 4996/1/164
f 4996/1/164 5007/1/164 4997/1/164
f 4985/1/166 5008/1/166 4989/1/166
f 4998/1/166 5009/1/166 5008/1/166
f 4999/1/166 5010/1/166 5009/1/166
f 5000/1/166 5011/1/166 5010/1/166
f 5001/1/166 5012/1/166 5011/1/166
f 5025/1/459 5016/1/459 5030/1/459
f 5020/1/577 5035/1/577 5040/1/577
f 5017/1/460 5014/1/460 5013/1/460
f 5025/1/174 5019/1/174 5015/1/174
f 5015/1/364 5020/1/364 5016/1/364
f 5030/1/176 5020/1/176 5040/1/176
f 5014/1/171 5026/1/171 5013/1/171
f 5021/1/171 5027/1/171 5026/1/171
f 5022/1/178 5028/1/178 5027/1/178
f 5023/1/178 5029/1/178 5028/1/178
f 5024/1/171 5030/1/171 5029/1/171
f 5036/1/180 5018/1/180 5017/1/180
f 5037/1/181 5031/1/181 5036/1/181
f 5038/1/181 5032/1/181 5037/1/181
f 5039/1/367 5033/1/367 5038/1/367
f 5040/1/461 5034/1/461 5039/1/461
f 5014/1/174 5031/1/174 5021/1/174
f 5021/1/174 5032/1/174 5022/1/174
f 5022/1/174 5033/1/174 5023/1/174
f 5023/1/174 5034/1/174 5024/1/174
f 5024/1/174 5035/1/174 5025/1/174
f 5013/1/176 5036/1/176 5017/1/176
f 5026/1/176 5037/1/176 5036/1/176
f 5027/1/176 5038/1/176 5037/1/176
f 5028/1/176 5039/1/176 5038/1/176
f 5029/1/176 5040/1/176 5039/1/176
f 5053/1/191 5044/1/191 5058/1/191
f 5048/1/82 5063/1/82 5068/1/82
f 5045/1/578 5042/1/578 5041/1/578
f 5053/1/186 5047/1/186 5043/1/186
f 5043/1/579 5048/1/579 5044/1/579
f 5058/1/188 5048/1/188 5068/1/188
f 5042/1/184 5054/1/184 5041/1/184
f 5049/1/192 5055/1/192 5054/1/192
f 5050/1/190 5056/1/190 5055/1/190
f 5051/1/191 5057/1/191 5056/1/191
f 5052/1/370 5058/1/370 5057/1/370
f 5064/1/83 5046/1/83 5045/1/83
f 5065/1/82 5059/1/82 5064/1/82
f 5066/1/74 5060/1/74 5065/1/74
f 5067/1/328 5061/1/328 5066/1/328
f 5068/1/329 5062/1/329 5067/1/329
f 5042/1/186 5059/1/186 5049/1/186
f 5049/1/186 5060/1/186 5050/1/186
f 5050/1/186 5061/1/186 5051/1/186
f 5051/1/186 5062/1/186 5052/1/186
f 5052/1/186 5063/1/186 5053/1/186
f 5041/1/188 5064/1/188 5045/1/188
f 5054/1/188 5065/1/188 5064/1/188
f 5055/1/188 5066/1/188 5065/1/188
f 5056/1/188 5067/1/188 5066/1/188
f 5057/1/188 5068/1/188 5067/1/188
f 5086/1/200 5071/1/200 5072/1/200
f 5096/1/10 5075/1/10 5091/1/10
f 5073/1/529 5070/1/529 5069/1/529
f 5091/1/204 5071/1/204 5081/1/204
f 5071/1/580 5076/1/580 5072/1/580
f 5096/1/197 5072/1/197 5076/1/197
f 5069/1/198 5077/1/198 5082/1/198
f 5082/1/198 5078/1/198 5083/1/198
f 5083/1/581 5079/1/581 5084/1/581
f 5084/1/582 5080/1/582 5085/1/582
f 5085/1/377 5081/1/377 5086/1/377
f 5092/1/18 5074/1/18 5073/1/18
f 5093/1/379 5087/1/379 5092/1/379
f 5093/1/374 5089/1/374 5088/1/374
f 5094/1/379 5090/1/379 5089/1/379
f 5095/1/374 5091/1/374 5090/1/374
f 5074/1/203 5077/1/203 5070/1/203
f 5087/1/203 5078/1/203 5077/1/203
f 5088/1/204 5079/1/204 5078/1/204
f 5089/1/203 5080/1/203 5079/1/203
f 5090/1/203 5081/1/203 5080/1/203
f 5073/1/197 5082/1/197 5092/1/197
f 5092/1/205 5083/1/205 5093/1/205
f 5093/1/205 5084/1/205 5094/1/205
f 5094/1/205 5085/1/205 5095/1/205
f 5095/1/197 5086/1/197 5096/1/197
f 5114/1/470 5099/1/470 5100/1/470
f 5124/1/531 5103/1/531 5119/1/531
f 5101/1/583 5098/1/583 5097/1/583
f 5119/1/209 5099/1/209 5109/1/209
f 5099/1/584 5104/1/584 5100/1/584
f 5124/1/211 5100/1/211 5104/1/211
f 5097/1/214 5105/1/214 5110/1/214
f 5110/1/585 5106/1/585 5111/1/585
f 5111/1/212 5107/1/212 5112/1/212
f 5112/1/469 5108/1/469 5113/1/469
f 5113/1/214 5109/1/214 5114/1/214
f 5101/1/218 5115/1/218 5102/1/218
f 5120/1/216 5116/1/216 5115/1/216
f 5121/1/217 5117/1/217 5116/1/217
f 5122/1/215 5118/1/215 5117/1/215
f 5123/1/382 5119/1/382 5118/1/382
f 5102/1/209 5105/1/209 5098/1/209
f 5115/1/209 5106/1/209 5105/1/209
f 5116/1/209 5107/1/209 5106/1/209
f 5117/1/209 5108/1/209 5107/1/209
f 5118/1/209 5109/1/209 5108/1/209
f 5101/1/220 5110/1/220 5120/1/220
f 5120/1/220 5111/1/220 5121/1/220
f 5121/1/220 5112/1/220 5122/1/220
f 5122/1/220 5113/1/220 5123/1/220
f 5123/1/220 5114/1/220 5124/1/220
f 5142/1/385 5127/1/385 5128/1/385
f 5152/1/233 5131/1/233 5147/1/233
f 5129/1/534 5126/1/534 5125/1/534
f 5147/1/224 5127/1/224 5137/1/224
f 5127/1/535 5132/1/535 5128/1/535
f 5152/1/226 5128/1/226 5132/1/226
f 5125/1/265 5133/1/265 5138/1/265
f 5138/1/385 5134/1/385 5139/1/385
f 5139/1/586 5135/1/586 5140/1/586
f 5140/1/229 5136/1/229 5141/1/229
f 5141/1/221 5137/1/221 5142/1/221
f 5129/1/231 5143/1/231 5130/1/231
f 5148/1/231 5144/1/231 5143/1/231
f 5149/1/233 5145/1/233 5144/1/233
f 5150/1/587 5146/1/587 5145/1/587
f 5151/1/234 5147/1/234 5146/1/234
f 5130/1/224 5133/1/224 5126/1/224
f 5143/1/224 5134/1/224 5133/1/224
f 5144/1/224 5135/1/224 5134/1/224
f 5145/1/224 5136/1/224 5135/1/224
f 5146/1/224 5137/1/224 5136/1/224
f 5129/1/226 5138/1/226 5148/1/226
f 5148/1/226 5139/1/226 5149/1/226
f 5149/1/226 5140/1/226 5150/1/226
f 5150/1/226 5141/1/226 5151/1/226
f 5151/1/226 5142/1/226 5152/1/226
f 5170/1/244 5155/1/244 5156/1/244
f 5180/1/387 5159/1/387 5175/1/387
f 5157/1/588 5154/1/588 5153/1/588
f 5175/1/268 5155/1/268 5165/1/268
f 5155/1/589 5160/1/589 5156/1/589
f 5180/1/240 5156/1/240 5160/1/240
f 5153/1/255 5161/1/255 5166/1/255
f 5166/1/241 5162/1/241 5167/1/241
f 5167/1/255 5163/1/255 5168/1/255
f 5168/1/392 5164/1/392 5169/1/392
f 5169/1/255 5165/1/255 5170/1/255
f 5157/1/245 5171/1/245 5158/1/245
f 5176/1/246 5172/1/246 5171/1/246
f 5177/1/247 5173/1/247 5172/1/247
f 5178/1/590 5174/1/590 5173/1/590
f 5179/1/248 5175/1/248 5174/1/248
f 5158/1/238 5161/1/238 5154/1/238
f 5171/1/238 5162/1/238 5161/1/238
f 5172/1/238 5163/1/238 5162/1/238
f 5173/1/238 5164/1/238 5163/1/238
f 5174/1/238 5165/1/238 5164/1/238
f 5157/1/240 5166/1/240 5176/1/240
f 5176/1/240 5167/1/240 5177/1/240
f 5177/1/240 5168/1/240 5178/1/240
f 5178/1/240 5169/1/240 5179/1/240
f 5179/1/240 5170/1/240 5180/1/240
f 5198/1/235 5183/1/235 5184/1/235
f 5208/1/250 5187/1/250 5203/1/250
f 5185/1/251 5182/1/251 5181/1/251
f 5203/1/252 5183/1/252 5193/1/252
f 5183/1/591 5188/1/591 5184/1/591
f 5208/1/254 5184/1/254 5188/1/254
f 5181/1/241 5189/1/241 5194/1/241
f 5194/1/592 5190/1/592 5195/1/592
f 5195/1/255 5191/1/255 5196/1/255
f 5196/1/235 5192/1/235 5197/1/235
f 5197/1/241 5193/1/241 5198/1/241
f 5185/1/267 5199/1/267 5186/1/267
f 5204/1/250 5200/1/250 5199/1/250
f 5205/1/250 5201/1/250 5200/1/250
f 5206/1/396 5202/1/396 5201/1/396
f 5207/1/257 5203/1/257 5202/1/257
f 5186/1/252 5189/1/252 5182/1/252
f 5199/1/252 5190/1/252 5189/1/252
f 5200/1/252 5191/1/252 5190/1/252
f 5201/1/252 5192/1/252 5191/1/252
f 5202/1/252 5193/1/252 5192/1/252
f 5185/1/254 5194/1/254 5204/1/254
f 5204/1/254 5195/1/254 5205/1/254
f 5205/1/254 5196/1/254 5206/1/254
f 5206/1/254 5197/1/254 5207/1/254
f 5207/1/254 5198/1/254 5208/1/254
f 5226/1/265 5211/1/265 5212/1/265
f 5236/1/259 5215/1/259 5231/1/259
f 5213/1/260 5210/1/260 5209/1/260
f 5231/1/268 5211/1/268 5221/1/268
f 5211/1/593 5216/1/593 5212/1/593
f 5236/1/263 5212/1/263 5216/1/263
f 5209/1/258 5217/1/258 5222/1/258
f 5222/1/228 5218/1/228 5223/1/228
f 5223/1/265 5219/1/265 5224/1/265
f 5224/1/230 5220/1/230 5225/1/230
f 5225/1/265 5221/1/265 5226/1/265
f 5213/1/267 5227/1/267 5214/1/267
f 5232/1/484 5228/1/484 5227/1/484
f 5233/1/266 5229/1/266 5228/1/266
f 5234/1/396 5230/1/396 5229/1/396
f 5235/1/250 5231/1/250 5230/1/250
f 5214/1/261 5217/1/261 5210/1/261
f 5227/1/261 5218/1/261 5217/1/261
f 5228/1/261 5219/1/261 5218/1/261
f 5229/1/261 5220/1/261 5219/1/261
f 5230/1/261 5221/1/261 5220/1/261
f 5213/1/263 5222/1/263 5232/1/263
f 5232/1/263 5223/1/263 5233/1/263
f 5233/1/263 5224/1/263 5234/1/263
f 5234/1/263 5225/1/263 5235/1/263
f 5235/1/263 5226/1/263 5236/1/263
f 5254/1/269 5239/1/269 5240/1/269
f 5264/1/543 5243/1/543 5259/1/543
f 5241/1/402 5238/1/402 5237/1/402
f 5259/1/272 5239/1/272 5249/1/272
f 5239/1/594 5244/1/594 5240/1/594
f 5264/1/274 5240/1/274 5244/1/274
f 5237/1/276 5245/1/276 5250/1/276
f 5250/1/545 5246/1/545 5251/1/545
f 5251/1/595 5247/1/595 5252/1/595
f 5252/1/213 5248/1/213 5253/1/213
f 5253/1/269 5249/1/269 5254/1/269
f 5241/1/279 5255/1/279 5242/1/279
f 5260/1/279 5256/1/279 5255/1/279
f 5261/1/278 5257/1/278 5256/1/278
f 5262/1/280 5258/1/280 5257/1/280
f 5263/1/401 5259/1/401 5258/1/401
f 5242/1/272 5245/1/272 5238/1/272
f 5255/1/272 5246/1/272 5245/1/272
f 5256/1/272 5247/1/272 5246/1/272
f 5257/1/272 5248/1/272 5247/1/272
f 5258/1/272 5249/1/272 5248/1/272
f 5241/1/226 5250/1/226 5260/1/226
f 5260/1/226 5251/1/226 5261/1/226
f 5261/1/226 5252/1/226 5262/1/226
f 5262/1/274 5253/1/274 5263/1/274
f 5263/1/274 5254/1/274 5264/1/274
f 5282/1/288 5267/1/288 5268/1/288
f 5292/1/282 5271/1/282 5287/1/282
f 5269/1/490 5266/1/490 5265/1/490
f 5287/1/407 5267/1/407 5277/1/407
f 5267/1/491 5272/1/491 5268/1/491
f 5292/1/220 5268/1/220 5272/1/220
f 5265/1/288 5273/1/288 5278/1/288
f 5278/1/281 5274/1/281 5279/1/281
f 5279/1/404 5275/1/404 5280/1/404
f 5280/1/408 5276/1/408 5281/1/408
f 5281/1/281 5277/1/281 5282/1/281
f 5269/1/282 5283/1/282 5270/1/282
f 5288/1/282 5284/1/282 5283/1/282
f 5289/1/289 5285/1/289 5284/1/289
f 5290/1/290 5286/1/290 5285/1/290
f 5291/1/411 5287/1/411 5286/1/411
f 5270/1/284 5273/1/284 5266/1/284
f 5283/1/407 5274/1/407 5273/1/407
f 5284/1/284 5275/1/284 5274/1/284
f 5285/1/284 5276/1/284 5275/1/284
f 5286/1/407 5277/1/407 5276/1/407
f 5269/1/220 5278/1/220 5288/1/220
f 5288/1/220 5279/1/220 5289/1/220
f 5289/1/220 5280/1/220 5290/1/220
f 5290/1/220 5281/1/220 5291/1/220
f 5291/1/220 5282/1/220 5292/1/220
f 5310/1/493 5295/1/493 5296/1/493
f 5320/1/416 5299/1/416 5315/1/416
f 5297/1/293 5294/1/293 5293/1/293
f 5315/1/294 5295/1/294 5305/1/294
f 5295/1/295 5300/1/295 5296/1/295
f 5320/1/296 5296/1/296 5300/1/296
f 5293/1/301 5301/1/301 5306/1/301
f 5306/1/298 5302/1/298 5307/1/298
f 5307/1/299 5303/1/299 5308/1/299
f 5308/1/596 5304/1/596 5309/1/596
f 5309/1/301 5305/1/301 5310/1/301
f 5297/1/417 5311/1/417 5298/1/417
f 5316/1/305 5312/1/305 5311/1/305
f 5317/1/305 5313/1/305 5312/1/305
f 5318/1/304 5314/1/304 5313/1/304
f 5319/1/417 5315/1/417 5314/1/417
f 5298/1/294 5301/1/294 5294/1/294
f 5311/1/294 5302/1/294 5301/1/294
f 5312/1/294 5303/1/294 5302/1/294
f 5313/1/294 5304/1/294 5303/1/294
f 5314/1/294 5305/1/294 5304/1/294
f 5297/1/296 5306/1/296 5316/1/296
f 5316/1/296 5307/1/296 5317/1/296
f 5317/1/296 5308/1/296 5318/1/296
f 5318/1/296 5309/1/296 5319/1/296
f 5319/1/296 5310/1/296 5320/1/296
f 5333/1/8 5324/1/8 5338/1/8
f 5328/1/9 5343/1/9 5348/1/9
f 5325/1/3 5322/1/3 5321/1/3
f 5343/1/4 5323/1/4 5333/1/4
f 5323/1/554 5328/1/554 5324/1/554
f 5348/1/12 5324/1/12 5328/1/12
f 5322/1/7 5334/1/7 5321/1/7
f 5329/1/1 5335/1/1 5334/1/1
f 5330/1/8 5336/1/8 5335/1/8
f 5331/1/556 5337/1/556 5336/1/556
f 5332/1/8 5338/1/8 5337/1/8
f 5344/1/2 5326/1/2 5325/1/2
f 5345/1/18 5339/1/18 5344/1/18
f 5346/1/18 5340/1/18 5345/1/18
f 5347/1/308 5341/1/308 5346/1/308
f 5348/1/10 5342/1/10 5347/1/10
f 5326/1/4 5329/1/4 5322/1/4
f 5339/1/4 5330/1/4 5329/1/4
f 5340/1/11 5331/1/11 5330/1/11
f 5341/1/11 5332/1/11 5331/1/11
f 5342/1/11 5333/1/11 5332/1/11
f 5321/1/6 5344/1/6 5325/1/6
f 5334/1/6 5345/1/6 5344/1/6
f 5335/1/6 5346/1/6 5345/1/6
f 5336/1/6 5347/1/6 5346/1/6
f 5347/1/12 5338/1/12 5348/1/12
f 5361/1/8 5352/1/8 5366/1/8
f 5356/1/9 5371/1/9 5376/1/9
f 5353/1/3 5350/1/3 5349/1/3
f 5371/1/4 5351/1/4 5361/1/4
f 5351/1/554 5356/1/554 5352/1/554
f 5376/1/12 5352/1/12 5356/1/12
f 5350/1/1 5362/1/1 5349/1/1
f 5357/1/1 5363/1/1 5362/1/1
f 5358/1/8 5364/1/8 5363/1/8
f 5359/1/556 5365/1/556 5364/1/556
f 5360/1/8 5366/1/8 5365/1/8
f 5372/1/2 5354/1/2 5353/1/2
f 5373/1/18 5367/1/18 5372/1/18
f 5374/1/18 5368/1/18 5373/1/18
f 5375/1/308 5369/1/308 5374/1/308
f 5376/1/10 5370/1/10 5375/1/10
f 5354/1/4 5357/1/4 5350/1/4
f 5367/1/4 5358/1/4 5357/1/4
f 5368/1/11 5359/1/11 5358/1/11
f 5369/1/11 5360/1/11 5359/1/11
f 5370/1/11 5361/1/11 5360/1/11
f 5349/1/6 5372/1/6 5353/1/6
f 5362/1/6 5373/1/6 5372/1/6
f 5363/1/6 5374/1/6 5373/1/6
f 5364/1/6 5375/1/6 5374/1/6
f 5375/1/12 5366/1/12 5376/1/12
f 5389/1/8 5380/1/8 5394/1/8
f 5384/1/9 5399/1/9 5404/1/9
f 5381/1/3 5378/1/3 5377/1/3
f 5399/1/4 5379/1/4 5389/1/4
f 5379/1/554 5384/1/554 5380/1/554
f 5394/1/6 5384/1/6 5404/1/6
f 5378/1/1 5390/1/1 5377/1/1
f 5385/1/1 5391/1/1 5390/1/1
f 5386/1/8 5392/1/8 5391/1/8
f 5387/1/556 5393/1/556 5392/1/556
f 5388/1/8 5394/1/8 5393/1/8
f 5400/1/2 5382/1/2 5381/1/2
f 5401/1/18 5395/1/18 5400/1/18
f 5402/1/2 5396/1/2 5401/1/2
f 5403/1/308 5397/1/308 5402/1/308
f 5404/1/10 5398/1/10 5403/1/10
f 5382/1/4 5385/1/4 5378/1/4
f 5395/1/4 5386/1/4 5385/1/4
f 5396/1/11 5387/1/11 5386/1/11
f 5397/1/11 5388/1/11 5387/1/11
f 5398/1/11 5389/1/11 5388/1/11
f 5377/1/6 5400/1/6 5381/1/6
f 5390/1/6 5401/1/6 5400/1/6
f 5401/1/6 5392/1/6 5402/1/6
f 5402/1/6 5393/1/6 5403/1/6
f 5403/1/12 5394/1/12 5404/1/12
f 5417/1/8 5408/1/8 5422/1/8
f 5412/1/9 5427/1/9 5432/1/9
f 5409/1/3 5406/1/3 5405/1/3
f 5427/1/4 5407/1/4 5417/1/4
f 5407/1/554 5412/1/554 5408/1/554
f 5422/1/6 5412/1/6 5432/1/6
f 5406/1/7 5418/1/7 5405/1/7
f 5413/1/1 5419/1/1 5418/1/1
f 5414/1/8 5420/1/8 5419/1/8
f 5415/1/556 5421/1/556 5420/1/556
f 5416/1/8 5422/1/8 5421/1/8
f 5428/1/2 5410/1/2 5409/1/2
f 5429/1/18 5423/1/18 5428/1/18
f 5430/1/10 5424/1/10 5429/1/10
f 5431/1/308 5425/1/308 5430/1/308
f 5432/1/10 5426/1/10 5431/1/10
f 5410/1/4 5413/1/4 5406/1/4
f 5423/1/4 5414/1/4 5413/1/4
f 5424/1/11 5415/1/11 5414/1/11
f 5425/1/11 5416/1/11 5415/1/11
f 5426/1/11 5417/1/11 5416/1/11
f 5405/1/6 5428/1/6 5409/1/6
f 5418/1/6 5429/1/6 5428/1/6
f 5419/1/6 5430/1/6 5429/1/6
f 5430/1/6 5421/1/6 5431/1/6
f 5431/1/12 5422/1/12 5432/1/12
f 5445/1/1 5436/1/1 5450/1/1
f 5440/1/9 5455/1/9 5460/1/9
f 5437/1/3 5434/1/3 5433/1/3
f 5455/1/4 5435/1/4 5445/1/4
f 5435/1/554 5440/1/554 5436/1/554
f 5460/1/12 5436/1/12 5440/1/12
f 5434/1/1 5446/1/1 5433/1/1
f 5441/1/1 5447/1/1 5446/1/1
f 5442/1/8 5448/1/8 5447/1/8
f 5443/1/556 5449/1/556 5448/1/556
f 5444/1/8 5450/1/8 5449/1/8
f 5456/1/2 5438/1/2 5437/1/2
f 5457/1/18 5451/1/18 5456/1/18
f 5458/1/2 5452/1/2 5457/1/2
f 5459/1/308 5453/1/308 5458/1/308
f 5460/1/10 5454/1/10 5459/1/10
f 5438/1/4 5441/1/4 5434/1/4
f 5451/1/4 5442/1/4 5441/1/4
f 5452/1/11 5443/1/11 5442/1/11
f 5453/1/11 5444/1/11 5443/1/11
f 5454/1/11 5445/1/11 5444/1/11
f 5433/1/6 5456/1/6 5437/1/6
f 5446/1/6 5457/1/6 5456/1/6
f 5447/1/6 5458/1/6 5457/1/6
f 5448/1/6 5459/1/6 5458/1/6
f 5459/1/12 5450/1/12 5460/1/12
f 5473/1/1 5464/1/1 5478/1/1
f 5468/1/9 5483/1/9 5488/1/9
f 5465/1/3 5462/1/3 5461/1/3
f 5483/1/4 5463/1/4 5473/1/4
f 5463/1/554 5468/1/554 5464/1/554
f 5488/1/12 5464/1/12 5468/1/12
f 5462/1/14 5474/1/14 5461/1/14
f 5469/1/1 5475/1/1 5474/1/1
f 5470/1/8 5476/1/8 5475/1/8
f 5471/1/556 5477/1/556 5476/1/556
f 5472/1/8 5478/1/8 5477/1/8
f 5484/1/2 5466/1/2 5465/1/2
f 5485/1/18 5479/1/18 5484/1/18
f 5486/1/10 5480/1/10 5485/1/10
f 5487/1/308 5481/1/308 5486/1/308
f 5488/1/10 5482/1/10 5487/1/10
f 5466/1/4 5469/1/4 5462/1/4
f 5479/1/4 5470/1/4 5469/1/4
f 5480/1/11 5471/1/11 5470/1/11
f 5481/1/11 5472/1/11 5471/1/11
f 5482/1/11 5473/1/11 5472/1/11
f 5461/1/6 5484/1/6 5465/1/6
f 5474/1/6 5485/1/6 5484/1/6
f 5475/1/6 5486/1/6 5485/1/6
f 5486/1/6 5477/1/6 5487/1/6
f 5487/1/12 5478/1/12 5488/1/12
f 5501/1/1 5492/1/1 5506/1/1
f 5496/1/15 5511/1/15 5516/1/15
f 5493/1/3 5490/1/3 5489/1/3
f 5511/1/4 5491/1/4 5501/1/4
f 5491/1/554 5496/1/554 5492/1/554
f 5516/1/6 5492/1/6 5496/1/6
f 5490/1/1 5502/1/1 5489/1/1
f 5497/1/1 5503/1/1 5502/1/1
f 5498/1/1 5504/1/1 5503/1/1
f 5499/1/556 5505/1/556 5504/1/556
f 5500/1/8 5506/1/8 5505/1/8
f 5512/1/2 5494/1/2 5493/1/2
f 5513/1/18 5507/1/18 5512/1/18
f 5514/1/18 5508/1/18 5513/1/18
f 5515/1/308 5509/1/308 5514/1/308
f 5516/1/201 5510/1/201 5515/1/201
f 5494/1/4 5497/1/4 5490/1/4
f 5507/1/4 5498/1/4 5497/1/4
f 5508/1/11 5499/1/11 5498/1/11
f 5509/1/11 5500/1/11 5499/1/11
f 5510/1/11 5501/1/11 5500/1/11
f 5489/1/6 5512/1/6 5493/1/6
f 5502/1/6 5513/1/6 5512/1/6
f 5503/1/6 5514/1/6 5513/1/6
f 5514/1/6 5505/1/6 5515/1/6
f 5515/1/12 5506/1/12 5516/1/12
f 5529/1/1 5520/1/1 5534/1/1
f 5524/1/15 5539/1/15 5544/1/15
f 5521/1/3 5518/1/3 5517/1/3
f 5539/1/4 5519/1/4 5529/1/4
f 5519/1/554 5524/1/554 5520/1/554
f 5544/1/6 5520/1/6 5524/1/6
f 5518/1/14 5530/1/14 5517/1/14
f 5525/1/1 5531/1/1 5530/1/1
f 5526/1/1 5532/1/1 5531/1/1
f 5527/1/556 5533/1/556 5532/1/556
f 5528/1/8 5534/1/8 5533/1/8
f 5540/1/2 5522/1/2 5521/1/2
f 5541/1/18 5535/1/18 5540/1/18
f 5542/1/10 5536/1/10 5541/1/10
f 5543/1/308 5537/1/308 5542/1/308
f 5544/1/201 5538/1/201 5543/1/201
f 5522/1/4 5525/1/4 5518/1/4
f 5535/1/4 5526/1/4 5525/1/4
f 5536/1/11 5527/1/11 5526/1/11
f 5537/1/11 5528/1/11 5527/1/11
f 5538/1/11 5529/1/11 5528/1/11
f 5517/1/6 5540/1/6 5521/1/6
f 5530/1/6 5541/1/6 5540/1/6
f 5531/1/6 5542/1/6 5541/1/6
f 5532/1/6 5543/1/6 5542/1/6
f 5543/1/12 5534/1/12 5544/1/12
f 5557/1/1 5548/1/1 5562/1/1
f 5552/1/15 5567/1/15 5572/1/15
f 5549/1/3 5546/1/3 5545/1/3
f 5567/1/4 5547/1/4 5557/1/4
f 5547/1/554 5552/1/554 5548/1/554
f 5572/1/6 5548/1/6 5552/1/6
f 5546/1/14 5558/1/14 5545/1/14
f 5553/1/1 5559/1/1 5558/1/1
f 5554/1/1 5560/1/1 5559/1/1
f 5555/1/556 5561/1/556 5560/1/556
f 5556/1/8 5562/1/8 5561/1/8
f 5568/1/2 5550/1/2 5549/1/2
f 5569/1/18 5563/1/18 5568/1/18
f 5570/1/10 5564/1/10 5569/1/10
f 5571/1/2 5565/1/2 5570/1/2
f 5572/1/201 5566/1/201 5571/1/201
f 5550/1/4 5553/1/4 5546/1/4
f 5563/1/4 5554/1/4 5553/1/4
f 5564/1/11 5555/1/11 5554/1/11
f 5565/1/11 5556/1/11 5555/1/11
f 5566/1/11 5557/1/11 5556/1/11
f 5545/1/6 5568/1/6 5549/1/6
f 5558/1/6 5569/1/6 5568/1/6
f 5559/1/6 5570/1/6 5569/1/6
f 5560/1/6 5571/1/6 5570/1/6
f 5571/1/12 5562/1/12 5572/1/12
f 5585/1/1 5576/1/1 5590/1/1
f 5580/1/15 5595/1/15 5600/1/15
f 5577/1/3 5574/1/3 5573/1/3
f 5595/1/4 5575/1/4 5585/1/4
f 5575/1/554 5580/1/554 5576/1/554
f 5600/1/6 5576/1/6 5580/1/6
f 5574/1/14 5586/1/14 5573/1/14
f 5581/1/1 5587/1/1 5586/1/1
f 5582/1/1 5588/1/1 5587/1/1
f 5583/1/556 5589/1/556 5588/1/556
f 5584/1/8 5590/1/8 5589/1/8
f 5596/1/2 5578/1/2 5577/1/2
f 5597/1/18 5591/1/18 5596/1/18
f 5598/1/10 5592/1/10 5597/1/10
f 5599/1/2 5593/1/2 5598/1/2
f 5600/1/201 5594/1/201 5599/1/201
f 5578/1/4 5581/1/4 5574/1/4
f 5591/1/4 5582/1/4 5581/1/4
f 5592/1/11 5583/1/11 5582/1/11
f 5593/1/11 5584/1/11 5583/1/11
f 5594/1/11 5585/1/11 5584/1/11
f 5573/1/6 5596/1/6 5577/1/6
f 5586/1/6 5597/1/6 5596/1/6
f 5587/1/6 5598/1/6 5597/1/6
f 5588/1/6 5599/1/6 5598/1/6
f 5599/1/12 5590/1/12 5600/1/12
f 5613/1/1 5604/1/1 5618/1/1
f 5608/1/15 5623/1/15 5628/1/15
f 5605/1/3 5602/1/3 5601/1/3
f 5623/1/4 5603/1/4 5613/1/4
f 5603/1/554 5608/1/554 5604/1/554
f 5628/1/12 5604/1/12 5608/1/12
f 5602/1/8 5614/1/8 5601/1/8
f 5609/1/1 5615/1/1 5614/1/1
f 5610/1/1 5616/1/1 5615/1/1
f 5611/1/556 5617/1/556 5616/1/556
f 5612/1/8 5618/1/8 5617/1/8
f 5624/1/2 5606/1/2 5605/1/2
f 5625/1/18 5619/1/18 5624/1/18
f 5626/1/10 5620/1/10 5625/1/10
f 5627/1/2 5621/1/2 5626/1/2
f 5628/1/201 5622/1/201 5627/1/201
f 5606/1/11 5609/1/11 5602/1/11
f 5619/1/4 5610/1/4 5609/1/4
f 5620/1/11 5611/1/11 5610/1/11
f 5621/1/11 5612/1/11 5611/1/11
f 5622/1/11 5613/1/11 5612/1/11
f 5601/1/6 5624/1/6 5605/1/6
f 5614/1/6 5625/1/6 5624/1/6
f 5615/1/6 5626/1/6 5625/1/6
f 5616/1/6 5627/1/6 5626/1/6
f 5627/1/12 5618/1/12 5628/1/12
f 5641/1/1 5632/1/1 5646/1/1
f 5636/1/15 5651/1/15 5656/1/15
f 5633/1/3 5630/1/3 5629/1/3
f 5651/1/4 5631/1/4 5641/1/4
f 5631/1/554 5636/1/554 5632/1/554
f 5656/1/12 5632/1/12 5636/1/12
f 5630/1/421 5642/1/421 5629/1/421
f 5637/1/1 5643/1/1 5642/1/1
f 5638/1/1 5644/1/1 5643/1/1
f 5639/1/556 5645/1/556 5644/1/556
f 5640/1/8 5646/1/8 5645/1/8
f 5652/1/2 5634/1/2 5633/1/2
f 5653/1/18 5647/1/18 5652/1/18
f 5654/1/18 5648/1/18 5653/1/18
f 5655/1/2 5649/1/2 5654/1/2
f 5656/1/201 5650/1/201 5655/1/201
f 5634/1/11 5637/1/11 5630/1/11
f 5647/1/4 5638/1/4 5637/1/4
f 5648/1/11 5639/1/11 5638/1/11
f 5649/1/11 5640/1/11 5639/1/11
f 5650/1/11 5641/1/11 5640/1/11
f 5629/1/6 5652/1/6 5633/1/6
f 5642/1/6 5653/1/6 5652/1/6
f 5643/1/6 5654/1/6 5653/1/6
f 5644/1/6 5655/1/6 5654/1/6
f 5655/1/12 5646/1/12 5656/1/12
f 5669/1/8 5660/1/8 5674/1/8
f 5664/1/15 5679/1/15 5684/1/15
f 5661/1/3 5658/1/3 5657/1/3
f 5679/1/4 5659/1/4 5669/1/4
f 5659/1/554 5664/1/554 5660/1/554
f 5684/1/12 5660/1/12 5664/1/12
f 5658/1/14 5670/1/14 5657/1/14
f 5665/1/1 5671/1/1 5670/1/1
f 5666/1/1 5672/1/1 5671/1/1
f 5667/1/556 5673/1/556 5672/1/556
f 5668/1/8 5674/1/8 5673/1/8
f 5680/1/2 5662/1/2 5661/1/2
f 5681/1/18 5675/1/18 5680/1/18
f 5682/1/10 5676/1/10 5681/1/10
f 5683/1/2 5677/1/2 5682/1/2
f 5684/1/10 5678/1/10 5683/1/10
f 5662/1/11 5665/1/11 5658/1/11
f 5675/1/4 5666/1/4 5665/1/4
f 5676/1/11 5667/1/11 5666/1/11
f 5677/1/11 5668/1/11 5667/1/11
f 5678/1/11 5669/1/11 5668/1/11
f 5657/1/6 5680/1/6 5661/1/6
f 5670/1/6 5681/1/6 5680/1/6
f 5671/1/6 5682/1/6 5681/1/6
f 5682/1/6 5673/1/6 5683/1/6
f 5683/1/12 5674/1/12 5684/1/12
f 5697/1/8 5688/1/8 5702/1/8
f 5692/1/9 5707/1/9 5712/1/9
f 5689/1/3 5686/1/3 5685/1/3
f 5707/1/4 5687/1/4 5697/1/4
f 5687/1/554 5692/1/554 5688/1/554
f 5702/1/6 5692/1/6 5712/1/6
f 5686/1/14 5698/1/14 5685/1/14
f 5693/1/1 5699/1/1 5698/1/1
f 5694/1/8 5700/1/8 5699/1/8
f 5695/1/556 5701/1/556 5700/1/556
f 5696/1/8 5702/1/8 5701/1/8
f 5708/1/2 5690/1/2 5689/1/2
f 5709/1/18 5703/1/18 5708/1/18
f 5710/1/10 5704/1/10 5709/1/10
f 5711/1/308 5705/1/308 5710/1/308
f 5712/1/10 5706/1/10 5711/1/10
f 5690/1/11 5693/1/11 5686/1/11
f 5703/1/4 5694/1/4 5693/1/4
f 5704/1/11 5695/1/11 5694/1/11
f 5705/1/11 5696/1/11 5695/1/11
f 5706/1/11 5697/1/11 5696/1/11
f 5685/1/6 5708/1/6 5689/1/6
f 5698/1/6 5709/1/6 5708/1/6
f 5699/1/6 5710/1/6 5709/1/6
f 5700/1/6 5711/1/6 5710/1/6
f 5711/1/12 5702/1/12 5712/1/12
f 5725/1/21 5716/1/21 5730/1/21
f 5720/1/9 5735/1/9 5740/1/9
f 5717/1/309 5714/1/309 5713/1/309
f 5725/1/4 5719/1/4 5715/1/4
f 5715/1/422 5720/1/422 5716/1/422
f 5730/1/12 5720/1/12 5740/1/12
f 5714/1/7 5726/1/7 5713/1/7
f 5721/1/7 5727/1/7 5726/1/7
f 5722/1/7 5728/1/7 5727/1/7
f 5723/1/14 5729/1/14 5728/1/14
f 5724/1/21 5730/1/21 5729/1/21
f 5736/1/2 5718/1/2 5717/1/2
f 5737/1/18 5731/1/18 5736/1/18
f 5738/1/10 5732/1/10 5737/1/10
f 5739/1/308 5733/1/308 5738/1/308
f 5740/1/10 5734/1/10 5739/1/10
f 5714/1/4 5731/1/4 5721/1/4
f 5721/1/4 5732/1/4 5722/1/4
f 5722/1/4 5733/1/4 5723/1/4
f 5723/1/4 5734/1/4 5724/1/4
f 5724/1/22 5735/1/22 5725/1/22
f 5713/1/12 5736/1/12 5717/1/12
f 5726/1/12 5737/1/12 5736/1/12
f 5727/1/12 5738/1/12 5737/1/12
f 5728/1/12 5739/1/12 5738/1/12
f 5729/1/12 5740/1/12 5739/1/12
f 5753/1/31 5744/1/31 5758/1/31
f 5748/1/312 5763/1/312 5768/1/312
f 5745/1/597 5742/1/597 5741/1/597
f 5753/1/26 5747/1/26 5743/1/26
f 5743/1/560 5748/1/560 5744/1/560
f 5758/1/28 5748/1/28 5768/1/28
f 5742/1/189 5754/1/189 5741/1/189
f 5749/1/30 5755/1/30 5754/1/30
f 5750/1/31 5756/1/31 5755/1/31
f 5751/1/31 5757/1/31 5756/1/31
f 5752/1/31 5758/1/31 5757/1/31
f 5764/1/2 5746/1/2 5745/1/2
f 5765/1/308 5759/1/308 5764/1/308
f 5766/1/15 5760/1/15 5765/1/15
f 5767/1/312 5761/1/312 5766/1/312
f 5768/1/24 5762/1/24 5767/1/24
f 5742/1/26 5759/1/26 5749/1/26
f 5749/1/26 5760/1/26 5750/1/26
f 5750/1/26 5761/1/26 5751/1/26
f 5751/1/26 5762/1/26 5752/1/26
f 5752/1/26 5763/1/26 5753/1/26
f 5741/1/28 5764/1/28 5745/1/28
f 5754/1/28 5765/1/28 5764/1/28
f 5755/1/28 5766/1/28 5765/1/28
f 5756/1/33 5767/1/33 5766/1/33
f 5757/1/28 5768/1/28 5767/1/28
f 5781/1/34 5772/1/34 5786/1/34
f 5776/1/598 5791/1/598 5796/1/598
f 5773/1/599 5770/1/599 5769/1/599
f 5781/1/46 5775/1/46 5771/1/46
f 5771/1/600 5776/1/600 5772/1/600
f 5786/1/39 5776/1/39 5796/1/39
f 5770/1/426 5782/1/426 5769/1/426
f 5777/1/191 5783/1/191 5782/1/191
f 5778/1/34 5784/1/34 5783/1/34
f 5779/1/190 5785/1/190 5784/1/190
f 5780/1/41 5786/1/41 5785/1/41
f 5792/1/428 5774/1/428 5773/1/428
f 5793/1/315 5787/1/315 5792/1/315
f 5794/1/315 5788/1/315 5793/1/315
f 5795/1/427 5789/1/427 5794/1/427
f 5796/1/427 5790/1/427 5795/1/427
f 5770/1/46 5787/1/46 5777/1/46
f 5777/1/46 5788/1/46 5778/1/46
f 5778/1/37 5789/1/37 5779/1/37
f 5779/1/37 5790/1/37 5780/1/37
f 5780/1/46 5791/1/46 5781/1/46
f 5769/1/39 5792/1/39 5773/1/39
f 5782/1/39 5793/1/39 5792/1/39
f 5783/1/39 5794/1/39 5793/1/39
f 5784/1/39 5795/1/39 5794/1/39
f 5785/1/39 5796/1/39 5795/1/39
f 5809/1/47 5800/1/47 5814/1/47
f 5804/1/57 5819/1/57 5824/1/57
f 5801/1/429 5798/1/429 5797/1/429
f 5809/1/50 5803/1/50 5799/1/50
f 5799/1/501 5804/1/501 5800/1/501
f 5814/1/52 5804/1/52 5824/1/52
f 5798/1/320 5810/1/320 5797/1/320
f 5805/1/322 5811/1/322 5810/1/322
f 5806/1/54 5812/1/54 5811/1/54
f 5807/1/321 5813/1/321 5812/1/321
f 5808/1/322 5814/1/322 5813/1/322
f 5820/1/317 5802/1/317 5801/1/317
f 5821/1/48 5815/1/48 5820/1/48
f 5822/1/58 5816/1/58 5821/1/58
f 5823/1/601 5817/1/601 5822/1/601
f 5824/1/601 5818/1/601 5823/1/601
f 5798/1/50 5815/1/50 5805/1/50
f 5805/1/50 5816/1/50 5806/1/50
f 5806/1/50 5817/1/50 5807/1/50
f 5807/1/50 5818/1/50 5808/1/50
f 5808/1/59 5819/1/59 5809/1/59
f 5797/1/52 5820/1/52 5801/1/52
f 5810/1/52 5821/1/52 5820/1/52
f 5811/1/52 5822/1/52 5821/1/52
f 5812/1/52 5823/1/52 5822/1/52
f 5813/1/52 5824/1/52 5823/1/52
f 5837/1/60 5828/1/60 5842/1/60
f 5832/1/70 5847/1/70 5852/1/70
f 5829/1/502 5826/1/502 5825/1/502
f 5837/1/63 5831/1/63 5827/1/63
f 5827/1/503 5832/1/503 5828/1/503
f 5842/1/65 5832/1/65 5852/1/65
f 5826/1/433 5838/1/433 5825/1/433
f 5833/1/60 5839/1/60 5838/1/60
f 5834/1/66 5840/1/66 5839/1/66
f 5835/1/68 5841/1/68 5840/1/68
f 5836/1/69 5842/1/69 5841/1/69
f 5848/1/71 5830/1/71 5829/1/71
f 5849/1/71 5843/1/71 5848/1/71
f 5850/1/61 5844/1/61 5849/1/61
f 5851/1/565 5845/1/565 5850/1/565
f 5852/1/565 5846/1/565 5851/1/565
f 5826/1/63 5843/1/63 5833/1/63
f 5833/1/63 5844/1/63 5834/1/63
f 5834/1/63 5845/1/63 5835/1/63
f 5835/1/63 5846/1/63 5836/1/63
f 5836/1/63 5847/1/63 5837/1/63
f 5825/1/65 5848/1/65 5829/1/65
f 5838/1/65 5849/1/65 5848/1/65
f 5839/1/65 5850/1/65 5849/1/65
f 5840/1/65 5851/1/65 5850/1/65
f 5841/1/65 5852/1/65 5851/1/65
f 5865/1/327 5856/1/327 5870/1/327
f 5860/1/84 5875/1/84 5880/1/84
f 5857/1/602 5854/1/602 5853/1/602
f 5865/1/76 5859/1/76 5855/1/76
f 5855/1/507 5860/1/507 5856/1/507
f 5870/1/78 5860/1/78 5880/1/78
f 5854/1/79 5866/1/79 5853/1/79
f 5861/1/79 5867/1/79 5866/1/79
f 5862/1/80 5868/1/80 5867/1/80
f 5863/1/79 5869/1/79 5868/1/79
f 5864/1/327 5870/1/327 5869/1/327
f 5876/1/74 5858/1/74 5857/1/74
f 5877/1/84 5871/1/84 5876/1/84
f 5878/1/83 5872/1/83 5877/1/83
f 5879/1/81 5873/1/81 5878/1/81
f 5880/1/81 5874/1/81 5879/1/81
f 5854/1/76 5871/1/76 5861/1/76
f 5861/1/76 5872/1/76 5862/1/76
f 5862/1/76 5873/1/76 5863/1/76
f 5863/1/76 5874/1/76 5864/1/76
f 5864/1/437 5875/1/437 5865/1/437
f 5853/1/78 5876/1/78 5857/1/78
f 5866/1/78 5877/1/78 5876/1/78
f 5867/1/78 5878/1/78 5877/1/78
f 5868/1/78 5879/1/78 5878/1/78
f 5869/1/78 5880/1/78 5879/1/78
f 5893/1/85 5884/1/85 5898/1/85
f 5888/1/86 5903/1/86 5908/1/86
f 5885/1/87 5882/1/87 5881/1/87
f 5893/1/88 5887/1/88 5883/1/88
f 5883/1/567 5888/1/567 5884/1/567
f 5898/1/90 5888/1/90 5908/1/90
f 5882/1/603 5894/1/603 5881/1/603
f 5889/1/85 5895/1/85 5894/1/85
f 5890/1/92 5896/1/92 5895/1/92
f 5891/1/92 5897/1/92 5896/1/92
f 5892/1/92 5898/1/92 5897/1/92
f 5904/1/604 5886/1/604 5885/1/604
f 5905/1/95 5899/1/95 5904/1/95
f 5906/1/86 5900/1/86 5905/1/86
f 5907/1/86 5901/1/86 5906/1/86
f 5908/1/95 5902/1/95 5907/1/95
f 5882/1/88 5899/1/88 5889/1/88
f 5889/1/88 5900/1/88 5890/1/88
f 5890/1/88 5901/1/88 5891/1/88
f 5891/1/88 5902/1/88 5892/1/88
f 5892/1/88 5903/1/88 5893/1/88
f 5881/1/90 5904/1/90 5885/1/90
f 5894/1/90 5905/1/90 5904/1/90
f 5895/1/90 5906/1/90 5905/1/90
f 5896/1/90 5907/1/90 5906/1/90
f 5897/1/90 5908/1/90 5907/1/90
f 5921/1/98 5912/1/98 5926/1/98
f 5916/1/605 5931/1/605 5936/1/605
f 5913/1/443 5910/1/443 5909/1/443
f 5921/1/101 5915/1/101 5911/1/101
f 5911/1/569 5916/1/569 5912/1/569
f 5926/1/103 5916/1/103 5936/1/103
f 5910/1/606 5922/1/606 5909/1/606
f 5917/1/105 5923/1/105 5922/1/105
f 5918/1/105 5924/1/105 5923/1/105
f 5919/1/98 5925/1/98 5924/1/98
f 5920/1/98 5926/1/98 5925/1/98
f 5932/1/99 5914/1/99 5913/1/99
f 5933/1/106 5927/1/106 5932/1/106
f 5934/1/99 5928/1/99 5933/1/99
f 5935/1/107 5929/1/107 5934/1/107
f 5936/1/607 5930/1/607 5935/1/607
f 5910/1/101 5927/1/101 5917/1/101
f 5917/1/101 5928/1/101 5918/1/101
f 5918/1/101 5929/1/101 5919/1/101
f 5919/1/101 5930/1/101 5920/1/101
f 5920/1/101 5931/1/101 5921/1/101
f 5909/1/103 5932/1/103 5913/1/103
f 5922/1/103 5933/1/103 5932/1/103
f 5923/1/103 5934/1/103 5933/1/103
f 5924/1/103 5935/1/103 5934/1/103
f 5925/1/103 5936/1/103 5935/1/103
f 5949/1/343 5940/1/343 5954/1/343
f 5944/1/340 5959/1/340 5964/1/340
f 5941/1/608 5938/1/608 5937/1/608
f 5949/1/114 5943/1/114 5939/1/114
f 5939/1/609 5944/1/609 5940/1/609
f 5954/1/116 5944/1/116 5964/1/116
f 5938/1/118 5950/1/118 5937/1/118
f 5945/1/343 5951/1/343 5950/1/343
f 5946/1/117 5952/1/117 5951/1/117
f 5947/1/117 5953/1/117 5952/1/117
f 5948/1/111 5954/1/111 5953/1/111
f 5960/1/120 5942/1/120 5941/1/120
f 5961/1/514 5955/1/514 5960/1/514
f 5962/1/120 5956/1/120 5961/1/120
f 5963/1/344 5957/1/344 5962/1/344
f 5964/1/514 5958/1/514 5963/1/514
f 5938/1/114 5955/1/114 5945/1/114
f 5945/1/114 5956/1/114 5946/1/114
f 5946/1/114 5957/1/114 5947/1/114
f 5947/1/114 5958/1/114 5948/1/114
f 5948/1/114 5959/1/114 5949/1/114
f 5937/1/116 5960/1/116 5941/1/116
f 5950/1/116 5961/1/116 5960/1/116
f 5951/1/116 5962/1/116 5961/1/116
f 5952/1/116 5963/1/116 5962/1/116
f 5953/1/116 5964/1/116 5963/1/116
f 5977/1/131 5968/1/131 5982/1/131
f 5972/1/124 5987/1/124 5992/1/124
f 5969/1/610 5966/1/610 5965/1/610
f 5977/1/126 5971/1/126 5967/1/126
f 5967/1/450 5972/1/450 5968/1/450
f 5982/1/128 5972/1/128 5992/1/128
f 5966/1/132 5978/1/132 5965/1/132
f 5973/1/130 5979/1/130 5978/1/130
f 5974/1/131 5980/1/131 5979/1/131
f 5975/1/132 5981/1/132 5980/1/132
f 5976/1/132 5982/1/132 5981/1/132
f 5988/1/349 5970/1/349 5969/1/349
f 5989/1/147 5983/1/147 5988/1/147
f 5990/1/135 5984/1/135 5989/1/135
f 5991/1/147 5985/1/147 5990/1/147
f 5992/1/147 5986/1/147 5991/1/147
f 5966/1/126 5983/1/126 5973/1/126
f 5973/1/126 5984/1/126 5974/1/126
f 5974/1/126 5985/1/126 5975/1/126
f 5975/1/126 5986/1/126 5976/1/126
f 5976/1/126 5987/1/126 5977/1/126
f 5965/1/136 5988/1/136 5969/1/136
f 5978/1/136 5989/1/136 5988/1/136
f 5979/1/136 5990/1/136 5989/1/136
f 5980/1/128 5991/1/128 5990/1/128
f 5981/1/128 5992/1/128 5991/1/128
f 6005/1/123 5996/1/123 6010/1/123
f 6000/1/145 6015/1/145 6020/1/145
f 5997/1/452 5994/1/452 5993/1/452
f 6005/1/139 5999/1/139 5995/1/139
f 5995/1/453 6000/1/453 5996/1/453
f 6010/1/141 6000/1/141 6020/1/141
f 5994/1/123 6006/1/123 5993/1/123
f 6001/1/143 6007/1/143 6006/1/143
f 6002/1/353 6008/1/353 6007/1/353
f 6003/1/353 6009/1/353 6008/1/353
f 6004/1/353 6010/1/353 6009/1/353
f 6016/1/354 5998/1/354 5997/1/354
f 6017/1/354 6011/1/354 6016/1/354
f 6018/1/354 6012/1/354 6017/1/354
f 6019/1/354 6013/1/354 6018/1/354
f 6020/1/137 6014/1/137 6019/1/137
f 5994/1/139 6011/1/139 6001/1/139
f 6001/1/139 6012/1/139 6002/1/139
f 6002/1/139 6013/1/139 6003/1/139
f 6003/1/139 6014/1/139 6004/1/139
f 6004/1/139 6015/1/139 6005/1/139
f 5993/1/141 6016/1/141 5997/1/141
f 6006/1/141 6017/1/141 6016/1/141
f 6007/1/141 6018/1/141 6017/1/141
f 6008/1/141 6019/1/141 6018/1/141
f 6009/1/141 6020/1/141 6019/1/141
f 6033/1/152 6024/1/152 6038/1/152
f 6028/1/159 6043/1/159 6048/1/159
f 6025/1/454 6022/1/454 6021/1/454
f 6033/1/160 6027/1/160 6023/1/160
f 6023/1/573 6028/1/573 6024/1/573
f 6038/1/357 6028/1/357 6048/1/357
f 6022/1/611 6034/1/611 6021/1/611
f 6029/1/156 6035/1/156 6034/1/156
f 6030/1/355 6036/1/355 6035/1/355
f 6031/1/154 6037/1/154 6036/1/154
f 6032/1/156 6038/1/156 6037/1/156
f 6044/1/159 6026/1/159 6025/1/159
f 6045/1/349 6039/1/349 6044/1/349
f 6046/1/349 6040/1/349 6045/1/349
f 6047/1/346 6041/1/346 6046/1/346
f 6048/1/574 6042/1/574 6047/1/574
f 6022/1/160 6039/1/160 6029/1/160
f 6029/1/160 6040/1/160 6030/1/160
f 6030/1/160 6041/1/160 6031/1/160
f 6031/1/160 6042/1/160 6032/1/160
f 6032/1/149 6043/1/149 6033/1/149
f 6021/1/151 6044/1/151 6025/1/151
f 6034/1/151 6045/1/151 6044/1/151
f 6035/1/151 6046/1/151 6045/1/151
f 6036/1/151 6047/1/151 6046/1/151
f 6037/1/151 6048/1/151 6047/1/151
f 6061/1/359 6052/1/359 6066/1/359
f 6056/1/112 6071/1/112 6076/1/112
f 6053/1/455 6050/1/455 6049/1/455
f 6061/1/164 6055/1/164 6051/1/164
f 6051/1/360 6056/1/360 6052/1/360
f 6066/1/166 6056/1/166 6076/1/166
f 6050/1/361 6062/1/361 6049/1/361
f 6057/1/161 6063/1/161 6062/1/161
f 6058/1/359 6064/1/359 6063/1/359
f 6059/1/361 6065/1/361 6064/1/361
f 6060/1/161 6066/1/161 6065/1/161
f 6072/1/168 6054/1/168 6053/1/168
f 6073/1/168 6067/1/168 6072/1/168
f 6074/1/112 6068/1/112 6073/1/112
f 6075/1/168 6069/1/168 6074/1/168
f 6076/1/524 6070/1/524 6075/1/524
f 6050/1/164 6067/1/164 6057/1/164
f 6057/1/164 6068/1/164 6058/1/164
f 6058/1/170 6069/1/170 6059/1/170
f 6059/1/164 6070/1/164 6060/1/164
f 6060/1/164 6071/1/164 6061/1/164
f 6049/1/166 6072/1/166 6053/1/166
f 6062/1/166 6073/1/166 6072/1/166
f 6063/1/166 6074/1/166 6073/1/166
f 6064/1/166 6075/1/166 6074/1/166
f 6065/1/166 6076/1/166 6075/1/166
f 6089/1/171 6080/1/171 6094/1/171
f 6084/1/180 6099/1/180 6104/1/180
f 6081/1/612 6078/1/612 6077/1/612
f 6089/1/174 6083/1/174 6079/1/174
f 6079/1/364 6084/1/364 6080/1/364
f 6094/1/176 6084/1/176 6104/1/176
f 6078/1/171 6090/1/171 6077/1/171
f 6085/1/171 6091/1/171 6090/1/171
f 6086/1/171 6092/1/171 6091/1/171
f 6087/1/171 6093/1/171 6092/1/171
f 6088/1/171 6094/1/171 6093/1/171
f 6100/1/527 6082/1/527 6081/1/527
f 6101/1/367 6095/1/367 6100/1/367
f 6102/1/367 6096/1/367 6101/1/367
f 6103/1/182 6097/1/182 6102/1/182
f 6104/1/182 6098/1/182 6103/1/182
f 6078/1/183 6095/1/183 6085/1/183
f 6085/1/174 6096/1/174 6086/1/174
f 6086/1/183 6097/1/183 6087/1/183
f 6087/1/183 6098/1/183 6088/1/183
f 6088/1/174 6099/1/174 6089/1/174
f 6077/1/176 6100/1/176 6081/1/176
f 6090/1/176 6101/1/176 6100/1/176
f 6091/1/176 6102/1/176 6101/1/176
f 6092/1/176 6103/1/176 6102/1/176
f 6093/1/176 6104/1/176 6103/1/176
f 6117/1/191 6108/1/191 6122/1/191
f 6112/1/84 6127/1/84 6132/1/84
f 6109/1/613 6106/1/613 6105/1/613
f 6117/1/186 6111/1/186 6107/1/186
f 6107/1/579 6112/1/579 6108/1/579
f 6122/1/188 6112/1/188 6132/1/188
f 6106/1/191 6118/1/191 6105/1/191
f 6113/1/370 6119/1/370 6118/1/370
f 6114/1/184 6120/1/184 6119/1/184
f 6115/1/184 6121/1/184 6120/1/184
f 6116/1/192 6122/1/192 6121/1/192
f 6128/1/328 6110/1/328 6109/1/328
f 6129/1/84 6123/1/84 6128/1/84
f 6130/1/372 6124/1/372 6129/1/372
f 6131/1/328 6125/1/328 6130/1/328
f 6132/1/81 6126/1/81 6131/1/81
f 6106/1/186 6123/1/186 6113/1/186
f 6113/1/186 6124/1/186 6114/1/186
f 6114/1/186 6125/1/186 6115/1/186
f 6115/1/186 6126/1/186 6116/1/186
f 6116/1/186 6127/1/186 6117/1/186
f 6105/1/188 6128/1/188 6109/1/188
f 6118/1/188 6129/1/188 6128/1/188
f 6119/1/188 6130/1/188 6129/1/188
f 6120/1/188 6131/1/188 6130/1/188
f 6121/1/188 6132/1/188 6131/1/188
f 6150/1/373 6135/1/373 6136/1/373
f 6160/1/10 6139/1/10 6155/1/10
f 6137/1/464 6134/1/464 6133/1/464
f 6155/1/204 6135/1/204 6145/1/204
f 6135/1/580 6140/1/580 6136/1/580
f 6160/1/197 6136/1/197 6140/1/197
f 6133/1/582 6141/1/582 6146/1/582
f 6146/1/377 6142/1/377 6147/1/377
f 6147/1/198 6143/1/198 6148/1/198
f 6148/1/198 6144/1/198 6149/1/198
f 6149/1/581 6145/1/581 6150/1/581
f 6156/1/202 6138/1/202 6137/1/202
f 6157/1/379 6151/1/379 6156/1/379
f 6157/1/10 6153/1/10 6152/1/10
f 6158/1/379 6154/1/379 6153/1/379
f 6159/1/374 6155/1/374 6154/1/374
f 6138/1/203 6141/1/203 6134/1/203
f 6151/1/203 6142/1/203 6141/1/203
f 6152/1/204 6143/1/204 6142/1/204
f 6153/1/204 6144/1/204 6143/1/204
f 6154/1/204 6145/1/204 6144/1/204
f 6137/1/205 6146/1/205 6156/1/205
f 6156/1/205 6147/1/205 6157/1/205
f 6157/1/205 6148/1/205 6158/1/205
f 6158/1/205 6149/1/205 6159/1/205
f 6159/1/197 6150/1/197 6160/1/197
f 6178/1/212 6163/1/212 6164/1/212
f 6188/1/531 6167/1/531 6183/1/531
f 6165/1/467 6162/1/467 6161/1/467
f 6183/1/209 6163/1/209 6173/1/209
f 6163/1/584 6168/1/584 6164/1/584
f 6188/1/220 6164/1/220 6168/1/220
f 6161/1/380 6169/1/380 6174/1/380
f 6174/1/614 6170/1/614 6175/1/614
f 6175/1/533 6171/1/533 6176/1/533
f 6176/1/206 6172/1/206 6177/1/206
f 6177/1/206 6173/1/206 6178/1/206
f 6165/1/218 6179/1/218 6166/1/218
f 6184/1/215 6180/1/215 6179/1/215
f 6185/1/219 6181/1/219 6180/1/219
f 6186/1/215 6182/1/215 6181/1/215
f 6187/1/219 6183/1/219 6182/1/219
f 6166/1/209 6169/1/209 6162/1/209
f 6179/1/209 6170/1/209 6169/1/209
f 6180/1/209 6171/1/209 6170/1/209
f 6181/1/209 6172/1/209 6171/1/209
f 6182/1/209 6173/1/209 6172/1/209
f 6165/1/220 6174/1/220 6184/1/220
f 6184/1/220 6175/1/220 6185/1/220
f 6185/1/220 6176/1/220 6186/1/220
f 6186/1/220 6177/1/220 6187/1/220
f 6187/1/220 6178/1/220 6188/1/220
f 6206/1/230 6191/1/230 6192/1/230
f 6216/1/233 6195/1/233 6211/1/233
f 6193/1/383 6190/1/383 6189/1/383
f 6211/1/224 6191/1/224 6201/1/224
f 6191/1/535 6196/1/535 6192/1/535
f 6216/1/226 6192/1/226 6196/1/226
f 6189/1/221 6197/1/221 6202/1/221
f 6202/1/615 6198/1/615 6203/1/615
f 6203/1/221 6199/1/221 6204/1/221
f 6204/1/615 6200/1/615 6205/1/615
f 6205/1/228 6201/1/228 6206/1/228
f 6193/1/231 6207/1/231 6194/1/231
f 6212/1/233 6208/1/233 6207/1/233
f 6213/1/222 6209/1/222 6208/1/222
f 6214/1/233 6210/1/233 6209/1/233
f 6215/1/234 6211/1/234 6210/1/234
f 6194/1/224 6197/1/224 6190/1/224
f 6207/1/224 6198/1/224 6197/1/224
f 6208/1/224 6199/1/224 6198/1/224
f 6209/1/224 6200/1/224 6199/1/224
f 6210/1/224 6201/1/224 6200/1/224
f 6193/1/226 6202/1/226 6212/1/226
f 6212/1/226 6203/1/226 6213/1/226
f 6213/1/226 6204/1/226 6214/1/226
f 6214/1/226 6205/1/226 6215/1/226
f 6215/1/226 6206/1/226 6216/1/226
f 6234/1/235 6219/1/235 6220/1/235
f 6244/1/236 6223/1/236 6239/1/236
f 6221/1/616 6218/1/616 6217/1/616
f 6239/1/238 6219/1/238 6229/1/238
f 6219/1/589 6224/1/589 6220/1/589
f 6244/1/240 6220/1/240 6224/1/240
f 6217/1/255 6225/1/255 6230/1/255
f 6230/1/243 6226/1/243 6231/1/243
f 6231/1/255 6227/1/255 6232/1/255
f 6232/1/249 6228/1/249 6233/1/249
f 6233/1/249 6229/1/249 6234/1/249
f 6221/1/245 6235/1/245 6222/1/245
f 6240/1/246 6236/1/246 6235/1/246
f 6241/1/246 6237/1/246 6236/1/246
f 6242/1/391 6238/1/391 6237/1/391
f 6243/1/245 6239/1/245 6238/1/245
f 6222/1/238 6225/1/238 6218/1/238
f 6235/1/238 6226/1/238 6225/1/238
f 6236/1/238 6227/1/238 6226/1/238
f 6237/1/238 6228/1/238 6227/1/238
f 6238/1/238 6229/1/238 6228/1/238
f 6221/1/240 6230/1/240 6240/1/240
f 6240/1/240 6231/1/240 6241/1/240
f 6241/1/240 6232/1/240 6242/1/240
f 6242/1/240 6233/1/240 6243/1/240
f 6243/1/240 6234/1/240 6244/1/240
f 6262/1/241 6247/1/241 6248/1/241
f 6272/1/400 6251/1/400 6267/1/400
f 6249/1/477 6246/1/477 6245/1/477
f 6267/1/252 6247/1/252 6257/1/252
f 6247/1/591 6252/1/591 6248/1/591
f 6272/1/254 6248/1/254 6252/1/254
f 6245/1/241 6253/1/241 6258/1/241
f 6258/1/241 6254/1/241 6259/1/241
f 6259/1/617 6255/1/617 6260/1/617
f 6260/1/390 6256/1/390 6261/1/390
f 6261/1/249 6257/1/249 6262/1/249
f 6249/1/256 6263/1/256 6250/1/256
f 6268/1/394 6264/1/394 6263/1/394
f 6269/1/250 6265/1/250 6264/1/250
f 6270/1/256 6266/1/256 6265/1/256
f 6271/1/394 6267/1/394 6266/1/394
f 6250/1/252 6253/1/252 6246/1/252
f 6263/1/252 6254/1/252 6253/1/252
f 6264/1/252 6255/1/252 6254/1/252
f 6265/1/252 6256/1/252 6255/1/252
f 6266/1/252 6257/1/252 6256/1/252
f 6249/1/254 6258/1/254 6268/1/254
f 6268/1/254 6259/1/254 6269/1/254
f 6269/1/254 6260/1/254 6270/1/254
f 6270/1/254 6261/1/254 6271/1/254
f 6271/1/254 6262/1/254 6272/1/254
f 6290/1/480 6275/1/480 6276/1/480
f 6300/1/396 6279/1/396 6295/1/396
f 6277/1/618 6274/1/618 6273/1/618
f 6295/1/261 6275/1/261 6285/1/261
f 6275/1/398 6280/1/398 6276/1/398
f 6300/1/263 6276/1/263 6280/1/263
f 6273/1/264 6281/1/264 6286/1/264
f 6286/1/264 6282/1/264 6287/1/264
f 6287/1/258 6283/1/258 6288/1/258
f 6288/1/399 6284/1/399 6289/1/399
f 6289/1/480 6285/1/480 6290/1/480
f 6277/1/267 6291/1/267 6278/1/267
f 6296/1/484 6292/1/484 6291/1/484
f 6297/1/400 6293/1/400 6292/1/400
f 6298/1/396 6294/1/396 6293/1/396
f 6299/1/266 6295/1/266 6294/1/266
f 6278/1/261 6281/1/261 6274/1/261
f 6291/1/268 6282/1/268 6281/1/268
f 6292/1/238 6283/1/238 6282/1/238
f 6293/1/268 6284/1/268 6283/1/268
f 6294/1/268 6285/1/268 6284/1/268
f 6277/1/263 6286/1/263 6296/1/263
f 6296/1/263 6287/1/263 6297/1/263
f 6297/1/263 6288/1/263 6298/1/263
f 6298/1/263 6289/1/263 6299/1/263
f 6299/1/263 6290/1/263 6300/1/263
f 6318/1/545 6303/1/545 6304/1/545
f 6328/1/543 6307/1/543 6323/1/543
f 6305/1/485 6302/1/485 6301/1/485
f 6323/1/272 6303/1/272 6313/1/272
f 6303/1/544 6308/1/544 6304/1/544
f 6328/1/274 6304/1/274 6308/1/274
f 6301/1/275 6309/1/275 6314/1/275
f 6314/1/269 6310/1/269 6315/1/269
f 6315/1/545 6311/1/545 6316/1/545
f 6316/1/546 6312/1/546 6317/1/546
f 6317/1/269 6313/1/269 6318/1/269
f 6305/1/279 6319/1/279 6306/1/279
f 6324/1/245 6320/1/245 6319/1/245
f 6325/1/278 6321/1/278 6320/1/278
f 6326/1/280 6322/1/280 6321/1/280
f 6327/1/401 6323/1/401 6322/1/401
f 6306/1/272 6309/1/272 6302/1/272
f 6319/1/272 6310/1/272 6309/1/272
f 6320/1/272 6311/1/272 6310/1/272
f 6321/1/272 6312/1/272 6311/1/272
f 6322/1/272 6313/1/272 6312/1/272
f 6305/1/274 6314/1/274 6324/1/274
f 6324/1/274 6315/1/274 6325/1/274
f 6325/1/274 6316/1/274 6326/1/274
f 6326/1/274 6317/1/274 6327/1/274
f 6327/1/274 6318/1/274 6328/1/274
f 6346/1/547 6331/1/547 6332/1/547
f 6356/1/405 6335/1/405 6351/1/405
f 6333/1/490 6330/1/490 6329/1/490
f 6351/1/407 6331/1/407 6341/1/407
f 6331/1/491 6336/1/491 6332/1/491
f 6356/1/220 6332/1/220 6336/1/220
f 6329/1/408 6337/1/408 6342/1/408
f 6342/1/408 6338/1/408 6343/1/408
f 6343/1/547 6339/1/547 6344/1/547
f 6344/1/287 6340/1/287 6345/1/287
f 6345/1/408 6341/1/408 6346/1/408
f 6333/1/282 6347/1/282 6334/1/282
f 6352/1/411 6348/1/411 6347/1/411
f 6353/1/410 6349/1/410 6348/1/410
f 6354/1/290 6350/1/290 6349/1/290
f 6355/1/411 6351/1/411 6350/1/411
f 6334/1/407 6337/1/407 6330/1/407
f 6347/1/284 6338/1/284 6337/1/284
f 6348/1/284 6339/1/284 6338/1/284
f 6349/1/284 6340/1/284 6339/1/284
f 6350/1/284 6341/1/284 6340/1/284
f 6333/1/220 6342/1/220 6352/1/220
f 6352/1/220 6343/1/220 6353/1/220
f 6353/1/220 6344/1/220 6354/1/220
f 6354/1/220 6345/1/220 6355/1/220
f 6355/1/220 6346/1/220 6356/1/220
f 6374/1/553 6359/1/553 6360/1/553
f 6384/1/416 6363/1/416 6379/1/416
f 6361/1/619 6358/1/619 6357/1/619
f 6379/1/294 6359/1/294 6369/1/294
f 6359/1/295 6364/1/295 6360/1/295
f 6384/1/296 6360/1/296 6364/1/296
f 6357/1/300 6365/1/300 6370/1/300
f 6370/1/415 6366/1/415 6371/1/415
f 6371/1/299 6367/1/299 6372/1/299
f 6372/1/493 6368/1/493 6373/1/493
f 6373/1/300 6369/1/300 6374/1/300
f 6361/1/305 6375/1/305 6362/1/305
f 6380/1/305 6376/1/305 6375/1/305
f 6381/1/305 6377/1/305 6376/1/305
f 6382/1/620 6378/1/620 6377/1/620
f 6383/1/302 6379/1/302 6378/1/302
f 6362/1/294 6365/1/294 6358/1/294
f 6375/1/294 6366/1/294 6365/1/294
f 6376/1/294 6367/1/294 6366/1/294
f 6377/1/294 6368/1/294 6367/1/294
f 6378/1/294 6369/1/294 6368/1/294
f 6361/1/296 6370/1/296 6380/1/296
f 6380/1/296 6371/1/296 6381/1/296
f 6381/1/296 6372/1/296 6382/1/296
f 6382/1/296 6373/1/296 6383/1/296
f 6383/1/296 6374/1/296 6384/1/296
f 6397/1/8 6388/1/8 6402/1/8
f 6392/1/379 6407/1/379 6412/1/379
f 6389/1/3 6386/1/3 6385/1/3
f 6407/1/4 6387/1/4 6397/1/4
f 6387/1/621 6392/1/621 6388/1/621
f 6412/1/6 6388/1/6 6392/1/6
f 6386/1/21 6398/1/21 6385/1/21
f 6393/1/1 6399/1/1 6398/1/1
f 6394/1/8 6400/1/8 6399/1/8
f 6395/1/1 6401/1/1 6400/1/1
f 6396/1/8 6402/1/8 6401/1/8
f 6408/1/308 6390/1/308 6389/1/308
f 6409/1/308 6403/1/308 6408/1/308
f 6410/1/308 6404/1/308 6409/1/308
f 6411/1/10 6405/1/10 6410/1/10
f 6412/1/24 6406/1/24 6411/1/24
f 6390/1/4 6393/1/4 6386/1/4
f 6403/1/4 6394/1/4 6393/1/4
f 6404/1/4 6395/1/4 6394/1/4
f 6405/1/4 6396/1/4 6395/1/4
f 6406/1/4 6397/1/4 6396/1/4
f 6385/1/12 6408/1/12 6389/1/12
f 6398/1/12 6409/1/12 6408/1/12
f 6399/1/12 6410/1/12 6409/1/12
f 6410/1/12 6401/1/12 6411/1/12
f 6411/1/6 6402/1/6 6412/1/6
f 6425/1/8 6416/1/8 6430/1/8
f 6420/1/379 6435/1/379 6440/1/379
f 6417/1/306 6414/1/306 6413/1/306
f 6435/1/4 6415/1/4 6425/1/4
f 6415/1/621 6420/1/621 6416/1/621
f 6440/1/6 6416/1/6 6420/1/6
f 6414/1/8 6426/1/8 6413/1/8
f 6421/1/1 6427/1/1 6426/1/1
f 6422/1/8 6428/1/8 6427/1/8
f 6423/1/1 6429/1/1 6428/1/1
f 6424/1/8 6430/1/8 6429/1/8
f 6436/1/308 6418/1/308 6417/1/308
f 6437/1/308 6431/1/308 6436/1/308
f 6438/1/308 6432/1/308 6437/1/308
f 6439/1/10 6433/1/10 6438/1/10
f 6440/1/24 6434/1/24 6439/1/24
f 6418/1/4 6421/1/4 6414/1/4
f 6431/1/4 6422/1/4 6421/1/4
f 6432/1/4 6423/1/4 6422/1/4
f 6433/1/4 6424/1/4 6423/1/4
f 6434/1/4 6425/1/4 6424/1/4
f 6413/1/12 6436/1/12 6417/1/12
f 6426/1/12 6437/1/12 6436/1/12
f 6427/1/12 6438/1/12 6437/1/12
f 6438/1/12 6429/1/12 6439/1/12
f 6439/1/6 6430/1/6 6440/1/6
f 6453/1/8 6444/1/8 6458/1/8
f 6448/1/379 6463/1/379 6468/1/379
f 6445/1/306 6442/1/306 6441/1/306
f 6463/1/4 6443/1/4 6453/1/4
f 6443/1/621 6448/1/621 6444/1/621
f 6468/1/6 6444/1/6 6448/1/6
f 6442/1/8 6454/1/8 6441/1/8
f 6449/1/1 6455/1/1 6454/1/1
f 6450/1/8 6456/1/8 6455/1/8
f 6451/1/1 6457/1/1 6456/1/1
f 6452/1/8 6458/1/8 6457/1/8
f 6464/1/308 6446/1/308 6445/1/308
f 6465/1/308 6459/1/308 6464/1/308
f 6466/1/15 6460/1/15 6465/1/15
f 6467/1/18 6461/1/18 6466/1/18
f 6468/1/24 6462/1/24 6467/1/24
f 6446/1/4 6449/1/4 6442/1/4
f 6459/1/4 6450/1/4 6449/1/4
f 6460/1/4 6451/1/4 6450/1/4
f 6461/1/11 6452/1/11 6451/1/11
f 6462/1/4 6453/1/4 6452/1/4
f 6441/1/12 6464/1/12 6445/1/12
f 6454/1/12 6465/1/12 6464/1/12
f 6455/1/12 6466/1/12 6465/1/12
f 6456/1/6 6467/1/6 6466/1/6
f 6467/1/6 6458/1/6 6468/1/6
f 6481/1/8 6472/1/8 6486/1/8
f 6476/1/379 6491/1/379 6496/1/379
f 6473/1/3 6470/1/3 6469/1/3
f 6491/1/4 6471/1/4 6481/1/4
f 6471/1/621 6476/1/621 6472/1/621
f 6496/1/6 6472/1/6 6476/1/6
f 6470/1/21 6482/1/21 6469/1/21
f 6477/1/1 6483/1/1 6482/1/1
f 6478/1/8 6484/1/8 6483/1/8
f 6479/1/1 6485/1/1 6484/1/1
f 6480/1/8 6486/1/8 6485/1/8
f 6492/1/308 6474/1/308 6473/1/308
f 6493/1/308 6487/1/308 6492/1/308
f 6494/1/308 6488/1/308 6493/1/308
f 6495/1/18 6489/1/18 6494/1/18
f 6496/1/24 6490/1/24 6495/1/24
f 6474/1/4 6477/1/4 6470/1/4
f 6487/1/4 6478/1/4 6477/1/4
f 6488/1/4 6479/1/4 6478/1/4
f 6489/1/4 6480/1/4 6479/1/4
f 6490/1/11 6481/1/11 6480/1/11
f 6469/1/12 6492/1/12 6473/1/12
f 6482/1/12 6493/1/12 6492/1/12
f 6483/1/12 6494/1/12 6493/1/12
f 6484/1/6 6495/1/6 6494/1/6
f 6495/1/6 6486/1/6 6496/1/6
f 6509/1/8 6500/1/8 6514/1/8
f 6504/1/379 6519/1/379 6524/1/379
f 6501/1/306 6498/1/306 6497/1/306
f 6519/1/4 6499/1/4 6509/1/4
f 6499/1/621 6504/1/621 6500/1/621
f 6514/1/6 6504/1/6 6524/1/6
f 6498/1/8 6510/1/8 6497/1/8
f 6505/1/1 6511/1/1 6510/1/1
f 6506/1/8 6512/1/8 6511/1/8
f 6507/1/1 6513/1/1 6512/1/1
f 6508/1/8 6514/1/8 6513/1/8
f 6520/1/308 6502/1/308 6501/1/308
f 6521/1/308 6515/1/308 6520/1/308
f 6522/1/15 6516/1/15 6521/1/15
f 6523/1/18 6517/1/18 6522/1/18
f 6524/1/24 6518/1/24 6523/1/24
f 6502/1/4 6505/1/4 6498/1/4
f 6515/1/4 6506/1/4 6505/1/4
f 6516/1/11 6507/1/11 6506/1/11
f 6517/1/4 6508/1/4 6507/1/4
f 6518/1/4 6509/1/4 6508/1/4
f 6497/1/12 6520/1/12 6501/1/12
f 6510/1/12 6521/1/12 6520/1/12
f 6511/1/12 6522/1/12 6521/1/12
f 6522/1/12 6513/1/12 6523/1/12
f 6523/1/6 6514/1/6 6524/1/6
f 6537/1/8 6528/1/8 6542/1/8
f 6532/1/379 6547/1/379 6552/1/379
f 6529/1/622 6526/1/622 6525/1/622
f 6547/1/4 6527/1/4 6537/1/4
f 6527/1/554 6532/1/554 6528/1/554
f 6552/1/6 6528/1/6 6532/1/6
f 6526/1/421 6538/1/421 6525/1/421
f 6533/1/1 6539/1/1 6538/1/1
f 6534/1/8 6540/1/8 6539/1/8
f 6535/1/1 6541/1/1 6540/1/1
f 6536/1/8 6542/1/8 6541/1/8
f 6548/1/308 6530/1/308 6529/1/308
f 6549/1/308 6543/1/308 6548/1/308
f 6550/1/9 6544/1/9 6549/1/9
f 6551/1/18 6545/1/18 6550/1/18
f 6552/1/24 6546/1/24 6551/1/24
f 6530/1/4 6533/1/4 6526/1/4
f 6543/1/4 6534/1/4 6533/1/4
f 6544/1/4 6535/1/4 6534/1/4
f 6545/1/4 6536/1/4 6535/1/4
f 6546/1/4 6537/1/4 6536/1/4
f 6525/1/12 6548/1/12 6529/1/12
f 6538/1/12 6549/1/12 6548/1/12
f 6539/1/12 6550/1/12 6549/1/12
f 6540/1/6 6551/1/6 6550/1/6
f 6551/1/6 6542/1/6 6552/1/6
f 6565/1/8 6556/1/8 6570/1/8
f 6560/1/379 6575/1/379 6580/1/379
f 6557/1/306 6554/1/306 6553/1/306
f 6575/1/4 6555/1/4 6565/1/4
f 6555/1/621 6560/1/621 6556/1/621
f 6580/1/6 6556/1/6 6560/1/6
f 6554/1/8 6566/1/8 6553/1/8
f 6561/1/1 6567/1/1 6566/1/1
f 6562/1/1 6568/1/1 6567/1/1
f 6563/1/1 6569/1/1 6568/1/1
f 6564/1/8 6570/1/8 6569/1/8
f 6576/1/308 6558/1/308 6557/1/308
f 6577/1/308 6571/1/308 6576/1/308
f 6578/1/308 6572/1/308 6577/1/308
f 6579/1/10 6573/1/10 6578/1/10
f 6580/1/24 6574/1/24 6579/1/24
f 6558/1/4 6561/1/4 6554/1/4
f 6571/1/4 6562/1/4 6561/1/4
f 6572/1/4 6563/1/4 6562/1/4
f 6573/1/4 6564/1/4 6563/1/4
f 6574/1/4 6565/1/4 6564/1/4
f 6553/1/12 6576/1/12 6557/1/12
f 6566/1/12 6577/1/12 6576/1/12
f 6567/1/12 6578/1/12 6577/1/12
f 6568/1/6 6579/1/6 6578/1/6
f 6579/1/6 6570/1/6 6580/1/6
f 6593/1/8 6584/1/8 6598/1/8
f 6588/1/379 6603/1/379 6608/1/379
f 6585/1/622 6582/1/622 6581/1/622
f 6603/1/4 6583/1/4 6593/1/4
f 6583/1/621 6588/1/621 6584/1/621
f 6608/1/6 6584/1/6 6588/1/6
f 6582/1/421 6594/1/421 6581/1/421
f 6589/1/1 6595/1/1 6594/1/1
f 6590/1/1 6596/1/1 6595/1/1
f 6591/1/1 6597/1/1 6596/1/1
f 6592/1/8 6598/1/8 6597/1/8
f 6604/1/308 6586/1/308 6585/1/308
f 6605/1/308 6599/1/308 6604/1/308
f 6606/1/9 6600/1/9 6605/1/9
f 6607/1/10 6601/1/10 6606/1/10
f 6608/1/10 6602/1/10 6607/1/10
f 6586/1/4 6589/1/4 6582/1/4
f 6599/1/4 6590/1/4 6589/1/4
f 6600/1/4 6591/1/4 6590/1/4
f 6601/1/4 6592/1/4 6591/1/4
f 6602/1/4 6593/1/4 6592/1/4
f 6581/1/12 6604/1/12 6585/1/12
f 6594/1/12 6605/1/12 6604/1/12
f 6595/1/12 6606/1/12 6605/1/12
f 6606/1/12 6597/1/12 6607/1/12
f 6607/1/6 6598/1/6 6608/1/6
f 6621/1/8 6612/1/8 6626/1/8
f 6616/1/379 6631/1/379 6636/1/379
f 6613/1/622 6610/1/622 6609/1/622
f 6631/1/4 6611/1/4 6621/1/4
f 6611/1/621 6616/1/621 6612/1/621
f 6636/1/6 6612/1/6 6616/1/6
f 6610/1/421 6622/1/421 6609/1/421
f 6617/1/1 6623/1/1 6622/1/1
f 6618/1/1 6624/1/1 6623/1/1
f 6619/1/1 6625/1/1 6624/1/1
f 6620/1/8 6626/1/8 6625/1/8
f 6632/1/308 6614/1/308 6613/1/308
f 6633/1/308 6627/1/308 6632/1/308
f 6634/1/9 6628/1/9 6633/1/9
f 6635/1/10 6629/1/10 6634/1/10
f 6636/1/10 6630/1/10 6635/1/10
f 6614/1/4 6617/1/4 6610/1/4
f 6627/1/4 6618/1/4 6617/1/4
f 6628/1/4 6619/1/4 6618/1/4
f 6629/1/4 6620/1/4 6619/1/4
f 6630/1/4 6621/1/4 6620/1/4
f 6609/1/12 6632/1/12 6613/1/12
f 6622/1/12 6633/1/12 6632/1/12
f 6623/1/12 6634/1/12 6633/1/12
f 6634/1/12 6625/1/12 6635/1/12
f 6635/1/6 6626/1/6 6636/1/6
f 6649/1/8 6640/1/8 6654/1/8
f 6644/1/379 6659/1/379 6664/1/379
f 6641/1/622 6638/1/622 6637/1/622
f 6659/1/4 6639/1/4 6649/1/4
f 6639/1/554 6644/1/554 6640/1/554
f 6664/1/6 6640/1/6 6644/1/6
f 6638/1/421 6650/1/421 6637/1/421
f 6645/1/1 6651/1/1 6650/1/1
f 6646/1/1 6652/1/1 6651/1/1
f 6647/1/1 6653/1/1 6652/1/1
f 6648/1/8 6654/1/8 6653/1/8
f 6660/1/308 6642/1/308 6641/1/308
f 6661/1/13 6655/1/13 6660/1/13
f 6662/1/24 6656/1/24 6661/1/24
f 6663/1/10 6657/1/10 6662/1/10
f 6664/1/10 6658/1/10 6663/1/10
f 6642/1/4 6645/1/4 6638/1/4
f 6655/1/4 6646/1/4 6645/1/4
f 6656/1/4 6647/1/4 6646/1/4
f 6657/1/4 6648/1/4 6647/1/4
f 6658/1/4 6649/1/4 6648/1/4
f 6637/1/12 6660/1/12 6641/1/12
f 6650/1/12 6661/1/12 6660/1/12
f 6651/1/12 6662/1/12 6661/1/12
f 6662/1/12 6653/1/12 6663/1/12
f 6663/1/6 6654/1/6 6664/1/6
f 6677/1/8 6668/1/8 6682/1/8
f 6672/1/379 6687/1/379 6692/1/379
f 6669/1/306 6666/1/306 6665/1/306
f 6687/1/4 6667/1/4 6677/1/4
f 6667/1/496 6672/1/496 6668/1/496
f 6692/1/6 6668/1/6 6672/1/6
f 6666/1/8 6678/1/8 6665/1/8
f 6673/1/1 6679/1/1 6678/1/1
f 6674/1/1 6680/1/1 6679/1/1
f 6675/1/1 6681/1/1 6680/1/1
f 6676/1/8 6682/1/8 6681/1/8
f 6688/1/308 6670/1/308 6669/1/308
f 6689/1/13 6683/1/13 6688/1/13
f 6690/1/24 6684/1/24 6689/1/24
f 6691/1/10 6685/1/10 6690/1/10
f 6692/1/10 6686/1/10 6691/1/10
f 6670/1/4 6673/1/4 6666/1/4
f 6683/1/4 6674/1/4 6673/1/4
f 6684/1/4 6675/1/4 6674/1/4
f 6685/1/4 6676/1/4 6675/1/4
f 6686/1/4 6677/1/4 6676/1/4
f 6665/1/12 6688/1/12 6669/1/12
f 6678/1/12 6689/1/12 6688/1/12
f 6679/1/12 6690/1/12 6689/1/12
f 6680/1/6 6691/1/6 6690/1/6
f 6691/1/6 6682/1/6 6692/1/6
f 6705/1/8 6696/1/8 6710/1/8
f 6700/1/379 6715/1/379 6720/1/379
f 6697/1/622 6694/1/622 6693/1/622
f 6705/1/4 6699/1/4 6695/1/4
f 6695/1/420 6700/1/420 6696/1/420
f 6720/1/6 6696/1/6 6700/1/6
f 6694/1/421 6706/1/421 6693/1/421
f 6701/1/1 6707/1/1 6706/1/1
f 6702/1/1 6708/1/1 6707/1/1
f 6703/1/1 6709/1/1 6708/1/1
f 6704/1/8 6710/1/8 6709/1/8
f 6716/1/2 6698/1/2 6697/1/2
f 6717/1/13 6711/1/13 6716/1/13
f 6718/1/10 6712/1/10 6717/1/10
f 6719/1/10 6713/1/10 6718/1/10
f 6720/1/10 6714/1/10 6719/1/10
f 6698/1/11 6701/1/11 6694/1/11
f 6711/1/4 6702/1/4 6701/1/4
f 6712/1/4 6703/1/4 6702/1/4
f 6713/1/4 6704/1/4 6703/1/4
f 6714/1/4 6705/1/4 6704/1/4
f 6693/1/12 6716/1/12 6697/1/12
f 6706/1/12 6717/1/12 6716/1/12
f 6707/1/12 6718/1/12 6717/1/12
f 6708/1/6 6719/1/6 6718/1/6
f 6719/1/6 6710/1/6 6720/1/6
f 6733/1/1 6724/1/1 6738/1/1
f 6728/1/379 6743/1/379 6748/1/379
f 6725/1/622 6722/1/622 6721/1/622
f 6743/1/11 6723/1/11 6733/1/11
f 6723/1/420 6728/1/420 6724/1/420
f 6748/1/6 6724/1/6 6728/1/6
f 6722/1/421 6734/1/421 6721/1/421
f 6729/1/8 6735/1/8 6734/1/8
f 6730/1/1 6736/1/1 6735/1/1
f 6731/1/1 6737/1/1 6736/1/1
f 6732/1/8 6738/1/8 6737/1/8
f 6744/1/2 6726/1/2 6725/1/2
f 6745/1/13 6739/1/13 6744/1/13
f 6746/1/24 6740/1/24 6745/1/24
f 6747/1/10 6741/1/10 6746/1/10
f 6748/1/10 6742/1/10 6747/1/10
f 6726/1/11 6729/1/11 6722/1/11
f 6739/1/4 6730/1/4 6729/1/4
f 6740/1/4 6731/1/4 6730/1/4
f 6741/1/4 6732/1/4 6731/1/4
f 6742/1/4 6733/1/4 6732/1/4
f 6721/1/12 6744/1/12 6725/1/12
f 6734/1/12 6745/1/12 6744/1/12
f 6735/1/12 6746/1/12 6745/1/12
f 6736/1/6 6747/1/6 6746/1/6
f 6737/1/6 6748/1/6 6747/1/6
f 6761/1/1 6752/1/1 6766/1/1
f 6756/1/379 6771/1/379 6776/1/379
f 6753/1/622 6750/1/622 6749/1/622
f 6771/1/11 6751/1/11 6761/1/11
f 6751/1/420 6756/1/420 6752/1/420
f 6776/1/6 6752/1/6 6756/1/6
f 6750/1/421 6762/1/421 6749/1/421
f 6757/1/8 6763/1/8 6762/1/8
f 6758/1/1 6764/1/1 6763/1/1
f 6759/1/1 6765/1/1 6764/1/1
f 6760/1/8 6766/1/8 6765/1/8
f 6772/1/2 6754/1/2 6753/1/2
f 6773/1/13 6767/1/13 6772/1/13
f 6774/1/24 6768/1/24 6773/1/24
f 6775/1/10 6769/1/10 6774/1/10
f 6776/1/10 6770/1/10 6775/1/10
f 6754/1/11 6757/1/11 6750/1/11
f 6767/1/4 6758/1/4 6757/1/4
f 6768/1/4 6759/1/4 6758/1/4
f 6769/1/4 6760/1/4 6759/1/4
f 6770/1/4 6761/1/4 6760/1/4
f 6749/1/12 6772/1/12 6753/1/12
f 6762/1/12 6773/1/12 6772/1/12
f 6763/1/12 6774/1/12 6773/1/12
f 6764/1/6 6775/1/6 6774/1/6
f 6775/1/6 6766/1/6 6776/1/6
f 6789/1/21 6780/1/21 6794/1/21
f 6784/1/379 6799/1/379 6804/1/379
f 6781/1/19 6778/1/19 6777/1/19
f 6789/1/4 6783/1/4 6779/1/4
f 6779/1/422 6784/1/422 6780/1/422
f 6794/1/12 6784/1/12 6804/1/12
f 6778/1/558 6790/1/558 6777/1/558
f 6785/1/14 6791/1/14 6790/1/14
f 6786/1/14 6792/1/14 6791/1/14
f 6787/1/7 6793/1/7 6792/1/7
f 6788/1/21 6794/1/21 6793/1/21
f 6800/1/2 6782/1/2 6781/1/2
f 6801/1/13 6795/1/13 6800/1/13
f 6802/1/24 6796/1/24 6801/1/24
f 6803/1/10 6797/1/10 6802/1/10
f 6804/1/10 6798/1/10 6803/1/10
f 6778/1/22 6795/1/22 6785/1/22
f 6785/1/4 6796/1/4 6786/1/4
f 6786/1/22 6797/1/22 6787/1/22
f 6787/1/4 6798/1/4 6788/1/4
f 6788/1/4 6799/1/4 6789/1/4
f 6777/1/12 6800/1/12 6781/1/12
f 6790/1/12 6801/1/12 6800/1/12
f 6791/1/12 6802/1/12 6801/1/12
f 6792/1/12 6803/1/12 6802/1/12
f 6793/1/12 6804/1/12 6803/1/12
f 6817/1/559 6808/1/559 6822/1/559
f 6812/1/308 6827/1/308 6832/1/308
f 6809/1/597 6806/1/597 6805/1/597
f 6817/1/26 6811/1/26 6807/1/26
f 6807/1/623 6812/1/623 6808/1/623
f 6822/1/28 6812/1/28 6832/1/28
f 6806/1/31 6818/1/31 6805/1/31
f 6813/1/624 6819/1/624 6818/1/624
f 6814/1/31 6820/1/31 6819/1/31
f 6815/1/31 6821/1/31 6820/1/31
f 6816/1/559 6822/1/559 6821/1/559
f 6828/1/13 6810/1/13 6809/1/13
f 6829/1/15 6823/1/15 6828/1/15
f 6830/1/625 6824/1/625 6829/1/625
f 6831/1/15 6825/1/15 6830/1/15
f 6832/1/308 6826/1/308 6831/1/308
f 6806/1/26 6823/1/26 6813/1/26
f 6813/1/26 6824/1/26 6814/1/26
f 6814/1/26 6825/1/26 6815/1/26
f 6815/1/26 6826/1/26 6816/1/26
f 6816/1/26 6827/1/26 6817/1/26
f 6805/1/28 6828/1/28 6809/1/28
f 6818/1/28 6829/1/28 6828/1/28
f 6819/1/28 6830/1/28 6829/1/28
f 6820/1/28 6831/1/28 6830/1/28
f 6821/1/28 6832/1/28 6831/1/28
f 6845/1/191 6836/1/191 6850/1/191
f 6840/1/314 6855/1/314 6860/1/314
f 6837/1/626 6834/1/626 6833/1/626
f 6845/1/46 6839/1/46 6835/1/46
f 6835/1/627 6840/1/627 6836/1/627
f 6850/1/39 6840/1/39 6860/1/39
f 6834/1/40 6846/1/40 6833/1/40
f 6841/1/34 6847/1/34 6846/1/34
f 6842/1/34 6848/1/34 6847/1/34
f 6843/1/562 6849/1/562 6848/1/562
f 6844/1/184 6850/1/184 6849/1/184
f 6856/1/427 6838/1/427 6837/1/427
f 6857/1/35 6851/1/35 6856/1/35
f 6858/1/315 6852/1/315 6857/1/315
f 6859/1/45 6853/1/45 6858/1/45
f 6860/1/427 6854/1/427 6859/1/427
f 6834/1/46 6851/1/46 6841/1/46
f 6841/1/46 6852/1/46 6842/1/46
f 6842/1/46 6853/1/46 6843/1/46
f 6843/1/46 6854/1/46 6844/1/46
f 6844/1/46 6855/1/46 6845/1/46
f 6833/1/39 6856/1/39 6837/1/39
f 6846/1/39 6857/1/39 6856/1/39
f 6847/1/39 6858/1/39 6857/1/39
f 6848/1/39 6859/1/39 6858/1/39
f 6849/1/39 6860/1/39 6859/1/39
f 6873/1/47 6864/1/47 6878/1/47
f 6868/1/57 6883/1/57 6888/1/57
f 6865/1/500 6862/1/500 6861/1/500
f 6873/1/50 6867/1/50 6863/1/50
f 6863/1/430 6868/1/430 6864/1/430
f 6878/1/52 6868/1/52 6888/1/52
f 6862/1/53 6874/1/53 6861/1/53
f 6869/1/320 6875/1/320 6874/1/320
f 6870/1/321 6876/1/321 6875/1/321
f 6871/1/54 6877/1/54 6876/1/54
f 6872/1/53 6878/1/53 6877/1/53
f 6884/1/323 6866/1/323 6865/1/323
f 6885/1/628 6879/1/628 6884/1/628
f 6886/1/57 6880/1/57 6885/1/57
f 6887/1/629 6881/1/629 6886/1/629
f 6888/1/48 6882/1/48 6887/1/48
f 6862/1/50 6879/1/50 6869/1/50
f 6869/1/50 6880/1/50 6870/1/50
f 6870/1/50 6881/1/50 6871/1/50
f 6871/1/50 6882/1/50 6872/1/50
f 6872/1/50 6883/1/50 6873/1/50
f 6861/1/52 6884/1/52 6865/1/52
f 6874/1/52 6885/1/52 6884/1/52
f 6875/1/52 6886/1/52 6885/1/52
f 6876/1/52 6887/1/52 6886/1/52
f 6877/1/52 6888/1/52 6887/1/52
f 6901/1/66 6892/1/66 6906/1/66
f 6896/1/61 6911/1/61 6916/1/61
f 6893/1/630 6890/1/630 6889/1/630
f 6901/1/63 6895/1/63 6891/1/63
f 6891/1/64 6896/1/64 6892/1/64
f 6906/1/65 6896/1/65 6916/1/65
f 6890/1/433 6902/1/433 6889/1/433
f 6897/1/60 6903/1/60 6902/1/60
f 6898/1/67 6904/1/67 6903/1/67
f 6899/1/68 6905/1/68 6904/1/68
f 6900/1/433 6906/1/433 6905/1/433
f 6912/1/71 6894/1/71 6893/1/71
f 6913/1/631 6907/1/631 6912/1/631
f 6914/1/72 6908/1/72 6913/1/72
f 6915/1/325 6909/1/325 6914/1/325
f 6916/1/632 6910/1/632 6915/1/632
f 6890/1/63 6907/1/63 6897/1/63
f 6897/1/63 6908/1/63 6898/1/63
f 6898/1/63 6909/1/63 6899/1/63
f 6899/1/63 6910/1/63 6900/1/63
f 6900/1/63 6911/1/63 6901/1/63
f 6889/1/65 6912/1/65 6893/1/65
f 6902/1/65 6913/1/65 6912/1/65
f 6903/1/65 6914/1/65 6913/1/65
f 6904/1/65 6915/1/65 6914/1/65
f 6905/1/65 6916/1/65 6915/1/65
f 6929/1/73 6920/1/73 6934/1/73
f 6924/1/84 6939/1/84 6944/1/84
f 6921/1/436 6918/1/436 6917/1/436
f 6929/1/76 6923/1/76 6919/1/76
f 6919/1/507 6924/1/507 6920/1/507
f 6934/1/78 6924/1/78 6944/1/78
f 6918/1/177 6930/1/177 6917/1/177
f 6925/1/79 6931/1/79 6930/1/79
f 6926/1/80 6932/1/80 6931/1/80
f 6927/1/79 6933/1/79 6932/1/79
f 6928/1/177 6934/1/177 6933/1/177
f 6940/1/328 6922/1/328 6921/1/328
f 6941/1/328 6935/1/328 6940/1/328
f 6942/1/74 6936/1/74 6941/1/74
f 6943/1/74 6937/1/74 6942/1/74
f 6944/1/81 6938/1/81 6943/1/81
f 6918/1/76 6935/1/76 6925/1/76
f 6925/1/76 6936/1/76 6926/1/76
f 6926/1/76 6937/1/76 6927/1/76
f 6927/1/76 6938/1/76 6928/1/76
f 6928/1/76 6939/1/76 6929/1/76
f 6917/1/78 6940/1/78 6921/1/78
f 6930/1/78 6941/1/78 6940/1/78
f 6931/1/78 6942/1/78 6941/1/78
f 6932/1/78 6943/1/78 6942/1/78
f 6933/1/78 6944/1/78 6943/1/78
f 6957/1/566 6948/1/566 6962/1/566
f 6952/1/86 6967/1/86 6972/1/86
f 6949/1/633 6946/1/633 6945/1/633
f 6957/1/88 6951/1/88 6947/1/88
f 6947/1/634 6952/1/634 6948/1/634
f 6962/1/90 6952/1/90 6972/1/90
f 6946/1/91 6958/1/91 6945/1/91
f 6953/1/566 6959/1/566 6958/1/566
f 6954/1/635 6960/1/635 6959/1/635
f 6955/1/92 6961/1/92 6960/1/92
f 6956/1/441 6962/1/441 6961/1/441
f 6968/1/86 6950/1/86 6949/1/86
f 6969/1/96 6963/1/96 6968/1/96
f 6970/1/86 6964/1/86 6969/1/86
f 6971/1/442 6965/1/442 6970/1/442
f 6972/1/95 6966/1/95 6971/1/95
f 6946/1/88 6963/1/88 6953/1/88
f 6953/1/88 6964/1/88 6954/1/88
f 6954/1/88 6965/1/88 6955/1/88
f 6955/1/97 6966/1/97 6956/1/97
f 6956/1/88 6967/1/88 6957/1/88
f 6945/1/90 6968/1/90 6949/1/90
f 6958/1/90 6969/1/90 6968/1/90
f 6959/1/90 6970/1/90 6969/1/90
f 6960/1/90 6971/1/90 6970/1/90
f 6961/1/90 6972/1/90 6971/1/90
f 6985/1/338 6976/1/338 6990/1/338
f 6980/1/99 6995/1/99 7000/1/99
f 6977/1/636 6974/1/636 6973/1/636
f 6985/1/101 6979/1/101 6975/1/101
f 6975/1/444 6980/1/444 6976/1/444
f 6990/1/103 6980/1/103 7000/1/103
f 6974/1/606 6986/1/606 6973/1/606
f 6981/1/338 6987/1/338 6986/1/338
f 6982/1/98 6988/1/98 6987/1/98
f 6983/1/98 6989/1/98 6988/1/98
f 6984/1/98 6990/1/98 6989/1/98
f 6996/1/109 6978/1/109 6977/1/109
f 6997/1/335 6991/1/335 6996/1/335
f 6998/1/637 6992/1/637 6997/1/637
f 6999/1/107 6993/1/107 6998/1/107
f 7000/1/107 6994/1/107 6999/1/107
f 6974/1/101 6991/1/101 6981/1/101
f 6981/1/101 6992/1/101 6982/1/101
f 6982/1/101 6993/1/101 6983/1/101
f 6983/1/101 6994/1/101 6984/1/101
f 6984/1/101 6995/1/101 6985/1/101
f 6973/1/103 6996/1/103 6977/1/103
f 6986/1/103 6997/1/103 6996/1/103
f 6987/1/103 6998/1/103 6997/1/103
f 6988/1/103 6999/1/103 6998/1/103
f 6989/1/103 7000/1/103 6999/1/103
f 7013/1/111 7004/1/111 7018/1/111
f 7008/1/345 7023/1/345 7028/1/345
f 7005/1/511 7002/1/511 7001/1/511
f 7013/1/114 7007/1/114 7003/1/114
f 7003/1/571 7008/1/571 7004/1/571
f 7018/1/116 7008/1/116 7028/1/116
f 7002/1/513 7014/1/513 7001/1/513
f 7009/1/111 7015/1/111 7014/1/111
f 7010/1/572 7016/1/572 7015/1/572
f 7011/1/117 7017/1/117 7016/1/117
f 7012/1/118 7018/1/118 7017/1/118
f 7024/1/121 7006/1/121 7005/1/121
f 7025/1/340 7019/1/340 7024/1/340
f 7026/1/120 7020/1/120 7025/1/120
f 7027/1/514 7021/1/514 7026/1/514
f 7028/1/120 7022/1/120 7027/1/120
f 7002/1/114 7019/1/114 7009/1/114
f 7009/1/114 7020/1/114 7010/1/114
f 7010/1/114 7021/1/114 7011/1/114
f 7011/1/114 7022/1/114 7012/1/114
f 7012/1/114 7023/1/114 7013/1/114
f 7001/1/116 7024/1/116 7005/1/116
f 7014/1/116 7025/1/116 7024/1/116
f 7015/1/116 7026/1/116 7025/1/116
f 7016/1/116 7027/1/116 7026/1/116
f 7017/1/116 7028/1/116 7027/1/116
f 7041/1/130 7032/1/130 7046/1/130
f 7036/1/124 7051/1/124 7056/1/124
f 7033/1/610 7030/1/610 7029/1/610
f 7041/1/126 7035/1/126 7031/1/126
f 7031/1/638 7036/1/638 7032/1/638
f 7046/1/128 7036/1/128 7056/1/128
f 7030/1/129 7042/1/129 7029/1/129
f 7037/1/130 7043/1/130 7042/1/130
f 7038/1/131 7044/1/131 7043/1/131
f 7039/1/132 7045/1/132 7044/1/132
f 7040/1/133 7046/1/133 7045/1/133
f 7052/1/147 7034/1/147 7033/1/147
f 7053/1/135 7047/1/135 7052/1/135
f 7054/1/134 7048/1/134 7053/1/134
f 7055/1/147 7049/1/147 7054/1/147
f 7056/1/134 7050/1/134 7055/1/134
f 7030/1/126 7047/1/126 7037/1/126
f 7037/1/126 7048/1/126 7038/1/126
f 7038/1/126 7049/1/126 7039/1/126
f 7039/1/126 7050/1/126 7040/1/126
f 7040/1/126 7051/1/126 7041/1/126
f 7029/1/136 7052/1/136 7033/1/136
f 7042/1/136 7053/1/136 7052/1/136
f 7043/1/128 7054/1/128 7053/1/128
f 7044/1/136 7055/1/136 7054/1/136
f 7045/1/136 7056/1/136 7055/1/136
f 7069/1/123 7060/1/123 7074/1/123
f 7064/1/518 7079/1/518 7084/1/518
f 7061/1/452 7058/1/452 7057/1/452
f 7069/1/139 7063/1/139 7059/1/139
f 7059/1/639 7064/1/639 7060/1/639
f 7074/1/141 7064/1/141 7084/1/141
f 7058/1/142 7070/1/142 7057/1/142
f 7065/1/353 7071/1/353 7070/1/353
f 7066/1/353 7072/1/353 7071/1/353
f 7067/1/353 7073/1/353 7072/1/353
f 7068/1/123 7074/1/123 7073/1/123
f 7080/1/137 7062/1/137 7061/1/137
f 7081/1/145 7075/1/145 7080/1/145
f 7082/1/354 7076/1/354 7081/1/354
f 7083/1/351 7077/1/351 7082/1/351
f 7084/1/351 7078/1/351 7083/1/351
f 7058/1/139 7075/1/139 7065/1/139
f 7065/1/139 7076/1/139 7066/1/139
f 7066/1/139 7077/1/139 7067/1/139
f 7067/1/139 7078/1/139 7068/1/139
f 7068/1/139 7079/1/139 7069/1/139
f 7057/1/141 7080/1/141 7061/1/141
f 7070/1/141 7081/1/141 7080/1/141
f 7071/1/141 7082/1/141 7081/1/141
f 7072/1/141 7083/1/141 7082/1/141
f 7073/1/141 7084/1/141 7083/1/141
f 7097/1/146 7088/1/146 7102/1/146
f 7092/1/134 7107/1/134 7112/1/134
f 7089/1/640 7086/1/640 7085/1/640
f 7097/1/160 7091/1/160 7087/1/160
f 7087/1/573 7092/1/573 7088/1/573
f 7102/1/151 7092/1/151 7112/1/151
f 7086/1/152 7098/1/152 7085/1/152
f 7093/1/156 7099/1/156 7098/1/156
f 7094/1/154 7100/1/154 7099/1/154
f 7095/1/355 7101/1/355 7100/1/355
f 7096/1/156 7102/1/156 7101/1/156
f 7108/1/159 7090/1/159 7089/1/159
f 7109/1/158 7103/1/158 7108/1/158
f 7110/1/158 7104/1/158 7109/1/158
f 7111/1/134 7105/1/134 7110/1/134
f 7112/1/134 7106/1/134 7111/1/134
f 7086/1/149 7103/1/149 7093/1/149
f 7093/1/160 7104/1/160 7094/1/160
f 7094/1/149 7105/1/149 7095/1/149
f 7095/1/160 7106/1/160 7096/1/160
f 7096/1/160 7107/1/160 7097/1/160
f 7085/1/151 7108/1/151 7089/1/151
f 7098/1/151 7109/1/151 7108/1/151
f 7099/1/151 7110/1/151 7109/1/151
f 7100/1/151 7111/1/151 7110/1/151
f 7101/1/151 7112/1/151 7111/1/151
f 7125/1/161 7116/1/161 7130/1/161
f 7120/1/162 7135/1/162 7140/1/162
f 7117/1/641 7114/1/641 7113/1/641
f 7125/1/164 7119/1/164 7115/1/164
f 7115/1/360 7120/1/360 7116/1/360
f 7130/1/166 7120/1/166 7140/1/166
f 7114/1/167 7126/1/167 7113/1/167
f 7121/1/359 7127/1/359 7126/1/359
f 7122/1/575 7128/1/575 7127/1/575
f 7123/1/361 7129/1/361 7128/1/361
f 7124/1/359 7130/1/359 7129/1/359
f 7136/1/521 7118/1/521 7117/1/521
f 7137/1/345 7131/1/345 7136/1/345
f 7138/1/521 7132/1/521 7137/1/521
f 7139/1/112 7133/1/112 7138/1/112
f 7140/1/524 7134/1/524 7139/1/524
f 7114/1/164 7131/1/164 7121/1/164
f 7121/1/170 7132/1/170 7122/1/170
f 7122/1/164 7133/1/164 7123/1/164
f 7123/1/164 7134/1/164 7124/1/164
f 7124/1/164 7135/1/164 7125/1/164
f 7113/1/166 7136/1/166 7117/1/166
f 7126/1/166 7137/1/166 7136/1/166
f 7127/1/166 7138/1/166 7137/1/166
f 7128/1/166 7139/1/166 7138/1/166
f 7129/1/166 7140/1/166 7139/1/166
f 7153/1/171 7144/1/171 7158/1/171
f 7148/1/180 7163/1/180 7168/1/180
f 7145/1/642 7142/1/642 7141/1/642
f 7153/1/174 7147/1/174 7143/1/174
f 7143/1/364 7148/1/364 7144/1/364
f 7158/1/176 7148/1/176 7168/1/176
f 7142/1/171 7154/1/171 7141/1/171
f 7149/1/171 7155/1/171 7154/1/171
f 7150/1/178 7156/1/178 7155/1/178
f 7151/1/178 7157/1/178 7156/1/178
f 7152/1/171 7158/1/171 7157/1/171
f 7164/1/366 7146/1/366 7145/1/366
f 7165/1/643 7159/1/643 7164/1/643
f 7166/1/180 7160/1/180 7165/1/180
f 7167/1/180 7161/1/180 7166/1/180
f 7168/1/180 7162/1/180 7167/1/180
f 7142/1/174 7159/1/174 7149/1/174
f 7149/1/183 7160/1/183 7150/1/183
f 7150/1/183 7161/1/183 7151/1/183
f 7151/1/174 7162/1/174 7152/1/174
f 7152/1/174 7163/1/174 7153/1/174
f 7141/1/176 7164/1/176 7145/1/176
f 7154/1/176 7165/1/176 7164/1/176
f 7155/1/176 7166/1/176 7165/1/176
f 7156/1/176 7167/1/176 7166/1/176
f 7157/1/176 7168/1/176 7167/1/176
f 7181/1/191 7172/1/191 7186/1/191
f 7176/1/84 7191/1/84 7196/1/84
f 7173/1/644 7170/1/644 7169/1/644
f 7181/1/186 7175/1/186 7171/1/186
f 7171/1/645 7176/1/645 7172/1/645
f 7186/1/188 7176/1/188 7196/1/188
f 7170/1/191 7182/1/191 7169/1/191
f 7177/1/370 7183/1/370 7182/1/370
f 7178/1/190 7184/1/190 7183/1/190
f 7179/1/191 7185/1/191 7184/1/191
f 7180/1/426 7186/1/426 7185/1/426
f 7192/1/74 7174/1/74 7173/1/74
f 7193/1/84 7187/1/84 7192/1/84
f 7194/1/84 7188/1/84 7193/1/84
f 7195/1/81 7189/1/81 7194/1/81
f 7196/1/81 7190/1/81 7195/1/81
f 7170/1/186 7187/1/186 7177/1/186
f 7177/1/186 7188/1/186 7178/1/186
f 7178/1/186 7189/1/186 7179/1/186
f 7179/1/186 7190/1/186 7180/1/186
f 7180/1/186 7191/1/186 7181/1/186
f 7169/1/188 7192/1/188 7173/1/188
f 7182/1/188 7193/1/188 7192/1/188
f 7183/1/188 7194/1/188 7193/1/188
f 7184/1/188 7195/1/188 7194/1/188
f 7185/1/188 7196/1/188 7195/1/188
f 7214/1/198 7199/1/198 7200/1/198
f 7224/1/10 7203/1/10 7219/1/10
f 7201/1/529 7198/1/529 7197/1/529
f 7219/1/204 7199/1/204 7209/1/204
f 7199/1/646 7204/1/646 7200/1/646
f 7224/1/205 7200/1/205 7204/1/205
f 7197/1/373 7205/1/373 7210/1/373
f 7210/1/198 7206/1/198 7211/1/198
f 7211/1/198 7207/1/198 7212/1/198
f 7212/1/582 7208/1/582 7213/1/582
f 7213/1/581 7209/1/581 7214/1/581
f 7220/1/18 7202/1/18 7201/1/18
f 7221/1/379 7215/1/379 7220/1/379
f 7222/1/10 7216/1/10 7221/1/10
f 7222/1/202 7218/1/202 7217/1/202
f 7223/1/374 7219/1/374 7218/1/374
f 7202/1/203 7205/1/203 7198/1/203
f 7215/1/203 7206/1/203 7205/1/203
f 7216/1/204 7207/1/204 7206/1/204
f 7217/1/203 7208/1/203 7207/1/203
f 7218/1/203 7209/1/203 7208/1/203
f 7201/1/197 7210/1/197 7220/1/197
f 7220/1/205 7211/1/205 7221/1/205
f 7221/1/205 7212/1/205 7222/1/205
f 7222/1/205 7213/1/205 7223/1/205
f 7223/1/205 7214/1/205 7224/1/205
f 7242/1/206 7227/1/206 7228/1/206
f 7252/1/531 7231/1/531 7247/1/531
f 7229/1/532 7226/1/532 7225/1/532
f 7247/1/209 7227/1/209 7237/1/209
f 7227/1/647 7232/1/647 7228/1/647
f 7252/1/220 7228/1/220 7232/1/220
f 7225/1/380 7233/1/380 7238/1/380
f 7238/1/585 7234/1/585 7239/1/585
f 7239/1/533 7235/1/533 7240/1/533
f 7240/1/533 7236/1/533 7241/1/533
f 7241/1/614 7237/1/614 7242/1/614
f 7229/1/216 7243/1/216 7230/1/216
f 7248/1/218 7244/1/218 7243/1/218
f 7249/1/219 7245/1/219 7244/1/219
f 7250/1/215 7246/1/215 7245/1/215
f 7251/1/219 7247/1/219 7246/1/219
f 7230/1/209 7233/1/209 7226/1/209
f 7243/1/209 7234/1/209 7233/1/209
f 7244/1/209 7235/1/209 7234/1/209
f 7245/1/209 7236/1/209 7235/1/209
f 7246/1/209 7237/1/209 7236/1/209
f 7229/1/211 7238/1/211 7248/1/211
f 7248/1/220 7239/1/220 7249/1/220
f 7249/1/211 7240/1/211 7250/1/211
f 7250/1/220 7241/1/220 7251/1/220
f 7251/1/211 7242/1/211 7252/1/211
f 7270/1/229 7255/1/229 7256/1/229
f 7280/1/233 7259/1/233 7275/1/233
f 7257/1/223 7254/1/223 7253/1/223
f 7275/1/224 7255/1/224 7265/1/224
f 7255/1/225 7260/1/225 7256/1/225
f 7280/1/226 7256/1/226 7260/1/226
f 7253/1/230 7261/1/230 7266/1/230
f 7266/1/221 7262/1/221 7267/1/221
f 7267/1/221 7263/1/221 7268/1/221
f 7268/1/385 7264/1/385 7269/1/385
f 7269/1/227 7265/1/227 7270/1/227
f 7257/1/233 7271/1/233 7258/1/233
f 7276/1/231 7272/1/231 7271/1/231
f 7277/1/648 7273/1/648 7272/1/648
f 7278/1/233 7274/1/233 7273/1/233
f 7279/1/222 7275/1/222 7274/1/222
f 7258/1/224 7261/1/224 7254/1/224
f 7271/1/224 7262/1/224 7261/1/224
f 7272/1/224 7263/1/224 7262/1/224
f 7273/1/224 7264/1/224 7263/1/224
f 7274/1/224 7265/1/224 7264/1/224
f 7257/1/226 7266/1/226 7276/1/226
f 7276/1/226 7267/1/226 7277/1/226
f 7277/1/226 7268/1/226 7278/1/226
f 7278/1/226 7269/1/226 7279/1/226
f 7279/1/226 7270/1/226 7280/1/226
f 7298/1/244 7283/1/244 7284/1/244
f 7308/1/236 7287/1/236 7303/1/236
f 7285/1/649 7282/1/649 7281/1/649
f 7303/1/238 7283/1/238 7293/1/238
f 7283/1/650 7288/1/650 7284/1/650
f 7308/1/240 7284/1/240 7288/1/240
f 7281/1/235 7289/1/235 7294/1/235
f 7294/1/390 7290/1/390 7295/1/390
f 7295/1/249 7291/1/249 7296/1/249
f 7296/1/241 7292/1/241 7297/1/241
f 7297/1/242 7293/1/242 7298/1/242
f 7285/1/245 7299/1/245 7286/1/245
f 7304/1/476 7300/1/476 7299/1/476
f 7305/1/247 7301/1/247 7300/1/247
f 7306/1/248 7302/1/248 7301/1/248
f 7307/1/245 7303/1/245 7302/1/245
f 7286/1/238 7289/1/238 7282/1/238
f 7299/1/238 7290/1/238 7289/1/238
f 7300/1/238 7291/1/238 7290/1/238
f 7301/1/238 7292/1/238 7291/1/238
f 7302/1/238 7293/1/238 7292/1/238
f 7285/1/240 7294/1/240 7304/1/240
f 7304/1/240 7295/1/240 7305/1/240
f 7305/1/240 7296/1/240 7306/1/240
f 7306/1/240 7297/1/240 7307/1/240
f 7307/1/240 7298/1/240 7308/1/240
f 7326/1/390 7311/1/390 7312/1/390
f 7336/1/250 7315/1/250 7331/1/250
f 7313/1/251 7310/1/251 7309/1/251
f 7331/1/252 7311/1/252 7321/1/252
f 7311/1/538 7316/1/538 7312/1/538
f 7336/1/254 7312/1/254 7316/1/254
f 7309/1/241 7317/1/241 7322/1/241
f 7322/1/651 7318/1/651 7323/1/651
f 7323/1/652 7319/1/652 7324/1/652
f 7324/1/241 7320/1/241 7325/1/241
f 7325/1/653 7321/1/653 7326/1/653
f 7313/1/267 7327/1/267 7314/1/267
f 7332/1/250 7328/1/250 7327/1/250
f 7333/1/250 7329/1/250 7328/1/250
f 7334/1/267 7330/1/267 7329/1/267
f 7335/1/257 7331/1/257 7330/1/257
f 7314/1/252 7317/1/252 7310/1/252
f 7327/1/252 7318/1/252 7317/1/252
f 7328/1/252 7319/1/252 7318/1/252
f 7329/1/252 7320/1/252 7319/1/252
f 7330/1/252 7321/1/252 7320/1/252
f 7313/1/254 7322/1/254 7332/1/254
f 7332/1/254 7323/1/254 7333/1/254
f 7333/1/254 7324/1/254 7334/1/254
f 7334/1/254 7325/1/254 7335/1/254
f 7335/1/254 7326/1/254 7336/1/254
f 7354/1/395 7339/1/395 7340/1/395
f 7364/1/259 7343/1/259 7359/1/259
f 7341/1/260 7338/1/260 7337/1/260
f 7359/1/268 7339/1/268 7349/1/268
f 7339/1/593 7344/1/593 7340/1/593
f 7364/1/263 7340/1/263 7344/1/263
f 7337/1/264 7345/1/264 7350/1/264
f 7350/1/228 7346/1/228 7351/1/228
f 7351/1/228 7347/1/228 7352/1/228
f 7352/1/265 7348/1/265 7353/1/265
f 7353/1/395 7349/1/395 7354/1/395
f 7341/1/267 7355/1/267 7342/1/267
f 7360/1/484 7356/1/484 7355/1/484
f 7361/1/400 7357/1/400 7356/1/400
f 7362/1/267 7358/1/267 7357/1/267
f 7363/1/250 7359/1/250 7358/1/250
f 7342/1/261 7345/1/261 7338/1/261
f 7355/1/261 7346/1/261 7345/1/261
f 7356/1/268 7347/1/268 7346/1/268
f 7357/1/261 7348/1/261 7347/1/261
f 7358/1/261 7349/1/261 7348/1/261
f 7341/1/263 7350/1/263 7360/1/263
f 7360/1/263 7351/1/263 7361/1/263
f 7361/1/263 7352/1/263 7362/1/263
f 7362/1/263 7353/1/263 7363/1/263
f 7363/1/263 7354/1/263 7364/1/263
f 7382/1/487 7367/1/487 7368/1/487
f 7392/1/270 7371/1/270 7387/1/270
f 7369/1/654 7366/1/654 7365/1/654
f 7387/1/272 7367/1/272 7377/1/272
f 7367/1/655 7372/1/655 7368/1/655
f 7392/1/274 7368/1/274 7372/1/274
f 7365/1/275 7373/1/275 7378/1/275
f 7378/1/269 7374/1/269 7379/1/269
f 7379/1/487 7375/1/487 7380/1/487
f 7380/1/277 7376/1/277 7381/1/277
f 7381/1/277 7377/1/277 7382/1/277
f 7369/1/279 7383/1/279 7370/1/279
f 7388/1/279 7384/1/279 7383/1/279
f 7389/1/278 7385/1/278 7384/1/278
f 7390/1/403 7386/1/403 7385/1/403
f 7391/1/543 7387/1/543 7386/1/543
f 7370/1/272 7373/1/272 7366/1/272
f 7383/1/272 7374/1/272 7373/1/272
f 7384/1/272 7375/1/272 7374/1/272
f 7385/1/272 7376/1/272 7375/1/272
f 7386/1/272 7377/1/272 7376/1/272
f 7369/1/226 7378/1/226 7388/1/226
f 7388/1/274 7379/1/274 7389/1/274
f 7389/1/274 7380/1/274 7390/1/274
f 7390/1/274 7381/1/274 7391/1/274
f 7391/1/274 7382/1/274 7392/1/274
f 7410/1/286 7395/1/286 7396/1/286
f 7420/1/282 7399/1/282 7415/1/282
f 7397/1/548 7394/1/548 7393/1/548
f 7415/1/407 7395/1/407 7405/1/407
f 7395/1/491 7400/1/491 7396/1/491
f 7420/1/220 7396/1/220 7400/1/220
f 7393/1/281 7401/1/281 7406/1/281
f 7406/1/287 7402/1/287 7407/1/287
f 7407/1/286 7403/1/286 7408/1/286
f 7408/1/281 7404/1/281 7409/1/281
f 7409/1/281 7405/1/281 7410/1/281
f 7397/1/282 7411/1/282 7398/1/282
f 7416/1/282 7412/1/282 7411/1/282
f 7417/1/289 7413/1/289 7412/1/289
f 7418/1/656 7414/1/656 7413/1/656
f 7419/1/405 7415/1/405 7414/1/405
f 7398/1/284 7401/1/284 7394/1/284
f 7411/1/284 7402/1/284 7401/1/284
f 7412/1/284 7403/1/284 7402/1/284
f 7413/1/284 7404/1/284 7403/1/284
f 7414/1/407 7405/1/407 7404/1/407
f 7397/1/220 7406/1/220 7416/1/220
f 7416/1/220 7407/1/220 7417/1/220
f 7417/1/220 7408/1/220 7418/1/220
f 7418/1/220 7409/1/220 7419/1/220
f 7419/1/220 7410/1/220 7420/1/220
f 7438/1/299 7423/1/299 7424/1/299
f 7448/1/292 7427/1/292 7443/1/292
f 7425/1/657 7422/1/657 7421/1/657
f 7443/1/294 7423/1/294 7433/1/294
f 7423/1/551 7428/1/551 7424/1/551
f 7448/1/296 7424/1/296 7428/1/296
f 7421/1/297 7429/1/297 7434/1/297
f 7434/1/552 7430/1/552 7435/1/552
f 7435/1/552 7431/1/552 7436/1/552
f 7436/1/300 7432/1/300 7437/1/300
f 7437/1/553 7433/1/553 7438/1/553
f 7425/1/417 7439/1/417 7426/1/417
f 7444/1/305 7440/1/305 7439/1/305
f 7445/1/303 7441/1/303 7440/1/303
f 7446/1/620 7442/1/620 7441/1/620
f 7447/1/305 7443/1/305 7442/1/305
f 7426/1/294 7429/1/294 7422/1/294
f 7439/1/294 7430/1/294 7429/1/294
f 7440/1/294 7431/1/294 7430/1/294
f 7441/1/294 7432/1/294 7431/1/294
f 7442/1/294 7433/1/294 7432/1/294
f 7425/1/296 7434/1/296 7444/1/296
f 7444/1/296 7435/1/296 7445/1/296
f 7445/1/296 7436/1/296 7446/1/296
f 7446/1/296 7437/1/296 7447/1/296
f 7447/1/296 7438/1/296 7448/1/296
f 7461/1/1 7452/1/1 7466/1/1
f 7456/1/2 7471/1/2 7476/1/2
f 7453/1/3 7450/1/3 7449/1/3
f 7471/1/4 7451/1/4 7461/1/4
f 7451/1/658 7456/1/658 7452/1/658
f 7476/1/12 7452/1/12 7456/1/12
f 7450/1/14 7462/1/14 7449/1/14
f 7457/1/8 7463/1/8 7462/1/8
f 7458/1/1 7464/1/1 7463/1/1
f 7459/1/8 7465/1/8 7464/1/8
f 7460/1/1 7466/1/1 7465/1/1
f 7472/1/10 7454/1/10 7453/1/10
f 7473/1/10 7467/1/10 7472/1/10
f 7474/1/10 7468/1/10 7473/1/10
f 7475/1/308 7469/1/308 7474/1/308
f 7476/1/10 7470/1/10 7475/1/10
f 7454/1/4 7457/1/4 7450/1/4
f 7467/1/4 7458/1/4 7457/1/4
f 7468/1/11 7459/1/11 7458/1/11
f 7469/1/11 7460/1/11 7459/1/11
f 7470/1/11 7461/1/11 7460/1/11
f 7449/1/6 7472/1/6 7453/1/6
f 7462/1/6 7473/1/6 7472/1/6
f 7463/1/6 7474/1/6 7473/1/6
f 7464/1/6 7475/1/6 7474/1/6
f 7465/1/12 7476/1/12 7475/1/12
f 7489/1/1 7480/1/1 7494/1/1
f 7484/1/2 7499/1/2 7504/1/2
f 7481/1/3 7478/1/3 7477/1/3
f 7499/1/4 7479/1/4 7489/1/4
f 7479/1/658 7484/1/658 7480/1/658
f 7504/1/12 7480/1/12 7484/1/12
f 7478/1/1 7490/1/1 7477/1/1
f 7485/1/8 7491/1/8 7490/1/8
f 7486/1/1 7492/1/1 7491/1/1
f 7487/1/8 7493/1/8 7492/1/8
f 7488/1/1 7494/1/1 7493/1/1
f 7500/1/10 7482/1/10 7481/1/10
f 7501/1/10 7495/1/10 7500/1/10
f 7502/1/10 7496/1/10 7501/1/10
f 7503/1/308 7497/1/308 7502/1/308
f 7504/1/10 7498/1/10 7503/1/10
f 7482/1/4 7485/1/4 7478/1/4
f 7495/1/4 7486/1/4 7485/1/4
f 7496/1/11 7487/1/11 7486/1/11
f 7497/1/11 7488/1/11 7487/1/11
f 7498/1/11 7489/1/11 7488/1/11
f 7477/1/6 7500/1/6 7481/1/6
f 7490/1/12 7501/1/12 7500/1/12
f 7491/1/6 7502/1/6 7501/1/6
f 7502/1/6 7493/1/6 7503/1/6
f 7493/1/12 7504/1/12 7503/1/12
f 7517/1/1 7508/1/1 7522/1/1
f 7512/1/2 7527/1/2 7532/1/2
f 7509/1/3 7506/1/3 7505/1/3
f 7517/1/4 7511/1/4 7507/1/4
f 7507/1/658 7512/1/658 7508/1/658
f 7532/1/12 7508/1/12 7512/1/12
f 7506/1/1 7518/1/1 7505/1/1
f 7513/1/8 7519/1/8 7518/1/8
f 7514/1/1 7520/1/1 7519/1/1
f 7515/1/8 7521/1/8 7520/1/8
f 7516/1/1 7522/1/1 7521/1/1
f 7528/1/10 7510/1/10 7509/1/10
f 7529/1/10 7523/1/10 7528/1/10
f 7530/1/2 7524/1/2 7529/1/2
f 7531/1/308 7525/1/308 7530/1/308
f 7532/1/10 7526/1/10 7531/1/10
f 7510/1/4 7513/1/4 7506/1/4
f 7523/1/4 7514/1/4 7513/1/4
f 7524/1/11 7515/1/11 7514/1/11
f 7525/1/11 7516/1/11 7515/1/11
f 7526/1/11 7517/1/11 7516/1/11
f 7505/1/6 7528/1/6 7509/1/6
f 7518/1/6 7529/1/6 7528/1/6
f 7519/1/12 7530/1/12 7529/1/12
f 7520/1/6 7531/1/6 7530/1/6
f 7521/1/12 7532/1/12 7531/1/12
f 7545/1/1 7536/1/1 7550/1/1
f 7540/1/2 7555/1/2 7560/1/2
f 7537/1/3 7534/1/3 7533/1/3
f 7545/1/4 7539/1/4 7535/1/4
f 7535/1/658 7540/1/658 7536/1/658
f 7560/1/12 7536/1/12 7540/1/12
f 7534/1/14 7546/1/14 7533/1/14
f 7541/1/8 7547/1/8 7546/1/8
f 7542/1/1 7548/1/1 7547/1/1
f 7543/1/8 7549/1/8 7548/1/8
f 7544/1/1 7550/1/1 7549/1/1
f 7556/1/10 7538/1/10 7537/1/10
f 7557/1/10 7551/1/10 7556/1/10
f 7558/1/10 7552/1/10 7557/1/10
f 7559/1/308 7553/1/308 7558/1/308
f 7560/1/10 7554/1/10 7559/1/10
f 7538/1/4 7541/1/4 7534/1/4
f 7551/1/4 7542/1/4 7541/1/4
f 7552/1/11 7543/1/11 7542/1/11
f 7553/1/11 7544/1/11 7543/1/11
f 7544/1/4 7555/1/4 7545/1/4
f 7533/1/6 7556/1/6 7537/1/6
f 7546/1/6 7557/1/6 7556/1/6
f 7547/1/6 7558/1/6 7557/1/6
f 7548/1/6 7559/1/6 7558/1/6
f 7549/1/6 7560/1/6 7559/1/6
f 7573/1/1 7564/1/1 7578/1/1
f 7568/1/2 7583/1/2 7588/1/2
f 7565/1/3 7562/1/3 7561/1/3
f 7573/1/4 7567/1/4 7563/1/4
f 7563/1/658 7568/1/658 7564/1/658
f 7588/1/12 7564/1/12 7568/1/12
f 7562/1/1 7574/1/1 7561/1/1
f 7569/1/8 7575/1/8 7574/1/8
f 7570/1/1 7576/1/1 7575/1/1
f 7571/1/8 7577/1/8 7576/1/8
f 7572/1/1 7578/1/1 7577/1/1
f 7584/1/10 7566/1/10 7565/1/10
f 7585/1/10 7579/1/10 7584/1/10
f 7586/1/2 7580/1/2 7585/1/2
f 7587/1/308 7581/1/308 7586/1/308
f 7588/1/10 7582/1/10 7587/1/10
f 7566/1/4 7569/1/4 7562/1/4
f 7579/1/4 7570/1/4 7569/1/4
f 7580/1/11 7571/1/11 7570/1/11
f 7581/1/11 7572/1/11 7571/1/11
f 7582/1/11 7573/1/11 7572/1/11
f 7561/1/6 7584/1/6 7565/1/6
f 7574/1/12 7585/1/12 7584/1/12
f 7575/1/6 7586/1/6 7585/1/6
f 7586/1/6 7577/1/6 7587/1/6
f 7577/1/12 7588/1/12 7587/1/12
f 7601/1/1 7592/1/1 7606/1/1
f 7596/1/2 7611/1/2 7616/1/2
f 7593/1/306 7590/1/306 7589/1/306
f 7601/1/4 7595/1/4 7591/1/4
f 7591/1/621 7596/1/621 7592/1/621
f 7616/1/12 7592/1/12 7596/1/12
f 7590/1/14 7602/1/14 7589/1/14
f 7597/1/8 7603/1/8 7602/1/8
f 7598/1/1 7604/1/1 7603/1/1
f 7599/1/8 7605/1/8 7604/1/8
f 7600/1/1 7606/1/1 7605/1/1
f 7612/1/10 7594/1/10 7593/1/10
f 7613/1/10 7607/1/10 7612/1/10
f 7614/1/10 7608/1/10 7613/1/10
f 7615/1/308 7609/1/308 7614/1/308
f 7616/1/10 7610/1/10 7615/1/10
f 7594/1/4 7597/1/4 7590/1/4
f 7607/1/4 7598/1/4 7597/1/4
f 7608/1/11 7599/1/11 7598/1/11
f 7609/1/11 7600/1/11 7599/1/11
f 7610/1/11 7601/1/11 7600/1/11
f 7589/1/6 7612/1/6 7593/1/6
f 7602/1/6 7613/1/6 7612/1/6
f 7603/1/6 7614/1/6 7613/1/6
f 7604/1/6 7615/1/6 7614/1/6
f 7605/1/12 7616/1/12 7615/1/12
f 7629/1/1 7620/1/1 7634/1/1
f 7624/1/308 7639/1/308 7644/1/308
f 7621/1/3 7618/1/3 7617/1/3
f 7639/1/4 7619/1/4 7629/1/4
f 7619/1/658 7624/1/658 7620/1/658
f 7644/1/12 7620/1/12 7624/1/12
f 7618/1/1 7630/1/1 7617/1/1
f 7625/1/8 7631/1/8 7630/1/8
f 7626/1/1 7632/1/1 7631/1/1
f 7627/1/8 7633/1/8 7632/1/8
f 7628/1/1 7634/1/1 7633/1/1
f 7640/1/10 7622/1/10 7621/1/10
f 7641/1/10 7635/1/10 7640/1/10
f 7642/1/10 7636/1/10 7641/1/10
f 7643/1/308 7637/1/308 7642/1/308
f 7644/1/10 7638/1/10 7643/1/10
f 7622/1/4 7625/1/4 7618/1/4
f 7635/1/4 7626/1/4 7625/1/4
f 7636/1/11 7627/1/11 7626/1/11
f 7637/1/11 7628/1/11 7627/1/11
f 7638/1/11 7629/1/11 7628/1/11
f 7617/1/6 7640/1/6 7621/1/6
f 7630/1/6 7641/1/6 7640/1/6
f 7631/1/6 7642/1/6 7641/1/6
f 7642/1/6 7633/1/6 7643/1/6
f 7633/1/12 7644/1/12 7643/1/12
f 7657/1/1 7648/1/1 7662/1/1
f 7652/1/308 7667/1/308 7672/1/308
f 7649/1/659 7646/1/659 7645/1/659
f 7667/1/4 7647/1/4 7657/1/4
f 7647/1/658 7652/1/658 7648/1/658
f 7672/1/12 7648/1/12 7652/1/12
f 7646/1/14 7658/1/14 7645/1/14
f 7653/1/8 7659/1/8 7658/1/8
f 7654/1/1 7660/1/1 7659/1/1
f 7655/1/8 7661/1/8 7660/1/8
f 7656/1/1 7662/1/1 7661/1/1
f 7668/1/10 7650/1/10 7649/1/10
f 7669/1/10 7663/1/10 7668/1/10
f 7670/1/10 7664/1/10 7669/1/10
f 7671/1/308 7665/1/308 7670/1/308
f 7672/1/10 7666/1/10 7671/1/10
f 7650/1/4 7653/1/4 7646/1/4
f 7663/1/4 7654/1/4 7653/1/4
f 7664/1/11 7655/1/11 7654/1/11
f 7665/1/11 7656/1/11 7655/1/11
f 7666/1/11 7657/1/11 7656/1/11
f 7645/1/6 7668/1/6 7649/1/6
f 7658/1/6 7669/1/6 7668/1/6
f 7659/1/6 7670/1/6 7669/1/6
f 7660/1/6 7671/1/6 7670/1/6
f 7661/1/12 7672/1/12 7671/1/12
f 7685/1/1 7676/1/1 7690/1/1
f 7680/1/308 7695/1/308 7700/1/308
f 7677/1/306 7674/1/306 7673/1/306
f 7695/1/4 7675/1/4 7685/1/4
f 7675/1/658 7680/1/658 7676/1/658
f 7700/1/12 7676/1/12 7680/1/12
f 7674/1/14 7686/1/14 7673/1/14
f 7681/1/8 7687/1/8 7686/1/8
f 7682/1/1 7688/1/1 7687/1/1
f 7683/1/8 7689/1/8 7688/1/8
f 7684/1/1 7690/1/1 7689/1/1
f 7696/1/10 7678/1/10 7677/1/10
f 7697/1/10 7691/1/10 7696/1/10
f 7698/1/10 7692/1/10 7697/1/10
f 7699/1/308 7693/1/308 7698/1/308
f 7700/1/10 7694/1/10 7699/1/10
f 7678/1/4 7681/1/4 7674/1/4
f 7691/1/4 7682/1/4 7681/1/4
f 7692/1/11 7683/1/11 7682/1/11
f 7693/1/11 7684/1/11 7683/1/11
f 7694/1/11 7685/1/11 7684/1/11
f 7673/1/6 7696/1/6 7677/1/6
f 7686/1/6 7697/1/6 7696/1/6
f 7687/1/6 7698/1/6 7697/1/6
f 7688/1/6 7699/1/6 7698/1/6
f 7689/1/6 7700/1/6 7699/1/6
f 7713/1/1 7704/1/1 7718/1/1
f 7708/1/308 7723/1/308 7728/1/308
f 7705/1/306 7702/1/306 7701/1/306
f 7723/1/4 7703/1/4 7713/1/4
f 7703/1/621 7708/1/621 7704/1/621
f 7728/1/12 7704/1/12 7708/1/12
f 7702/1/14 7714/1/14 7701/1/14
f 7709/1/8 7715/1/8 7714/1/8
f 7710/1/1 7716/1/1 7715/1/1
f 7711/1/8 7717/1/8 7716/1/8
f 7712/1/1 7718/1/1 7717/1/1
f 7724/1/10 7706/1/10 7705/1/10
f 7725/1/10 7719/1/10 7724/1/10
f 7726/1/10 7720/1/10 7725/1/10
f 7727/1/308 7721/1/308 7726/1/308
f 7728/1/10 7722/1/10 7727/1/10
f 7706/1/4 7709/1/4 7702/1/4
f 7719/1/4 7710/1/4 7709/1/4
f 7720/1/11 7711/1/11 7710/1/11
f 7721/1/11 7712/1/11 7711/1/11
f 7722/1/11 7713/1/11 7712/1/11
f 7701/1/6 7724/1/6 7705/1/6
f 7714/1/6 7725/1/6 7724/1/6
f 7715/1/6 7726/1/6 7725/1/6
f 7716/1/6 7727/1/6 7726/1/6
f 7717/1/6 7728/1/6 7727/1/6
f 7741/1/1 7732/1/1 7746/1/1
f 7736/1/308 7751/1/308 7756/1/308
f 7733/1/3 7730/1/3 7729/1/3
f 7741/1/4 7735/1/4 7731/1/4
f 7731/1/420 7736/1/420 7732/1/420
f 7756/1/12 7732/1/12 7736/1/12
f 7730/1/1 7742/1/1 7729/1/1
f 7737/1/8 7743/1/8 7742/1/8
f 7738/1/1 7744/1/1 7743/1/1
f 7739/1/8 7745/1/8 7744/1/8
f 7740/1/1 7746/1/1 7745/1/1
f 7752/1/10 7734/1/10 7733/1/10
f 7753/1/10 7747/1/10 7752/1/10
f 7754/1/10 7748/1/10 7753/1/10
f 7755/1/308 7749/1/308 7754/1/308
f 7756/1/10 7750/1/10 7755/1/10
f 7734/1/4 7737/1/4 7730/1/4
f 7747/1/4 7738/1/4 7737/1/4
f 7748/1/11 7739/1/11 7738/1/11
f 7749/1/11 7740/1/11 7739/1/11
f 7750/1/11 7741/1/11 7740/1/11
f 7729/1/6 7752/1/6 7733/1/6
f 7742/1/6 7753/1/6 7752/1/6
f 7743/1/6 7754/1/6 7753/1/6
f 7744/1/6 7755/1/6 7754/1/6
f 7745/1/12 7756/1/12 7755/1/12
f 7769/1/1 7760/1/1 7774/1/1
f 7764/1/308 7779/1/308 7784/1/308
f 7761/1/659 7758/1/659 7757/1/659
f 7779/1/11 7759/1/11 7769/1/11
f 7759/1/660 7764/1/660 7760/1/660
f 7784/1/12 7760/1/12 7764/1/12
f 7758/1/14 7770/1/14 7757/1/14
f 7765/1/8 7771/1/8 7770/1/8
f 7766/1/1 7772/1/1 7771/1/1
f 7767/1/8 7773/1/8 7772/1/8
f 7768/1/1 7774/1/1 7773/1/1
f 7780/1/10 7762/1/10 7761/1/10
f 7781/1/10 7775/1/10 7780/1/10
f 7782/1/10 7776/1/10 7781/1/10
f 7783/1/308 7777/1/308 7782/1/308
f 7784/1/10 7778/1/10 7783/1/10
f 7762/1/4 7765/1/4 7758/1/4
f 7775/1/4 7766/1/4 7765/1/4
f 7776/1/11 7767/1/11 7766/1/11
f 7777/1/11 7768/1/11 7767/1/11
f 7778/1/11 7769/1/11 7768/1/11
f 7757/1/6 7780/1/6 7761/1/6
f 7770/1/6 7781/1/6 7780/1/6
f 7771/1/6 7782/1/6 7781/1/6
f 7772/1/6 7783/1/6 7782/1/6
f 7773/1/12 7784/1/12 7783/1/12
f 7797/1/1 7788/1/1 7802/1/1
f 7792/1/308 7807/1/308 7812/1/308
f 7789/1/659 7786/1/659 7785/1/659
f 7797/1/11 7791/1/11 7787/1/11
f 7787/1/660 7792/1/660 7788/1/660
f 7802/1/12 7792/1/12 7812/1/12
f 7786/1/14 7798/1/14 7785/1/14
f 7793/1/8 7799/1/8 7798/1/8
f 7794/1/1 7800/1/1 7799/1/1
f 7795/1/8 7801/1/8 7800/1/8
f 7796/1/1 7802/1/1 7801/1/1
f 7808/1/10 7790/1/10 7789/1/10
f 7809/1/10 7803/1/10 7808/1/10
f 7810/1/10 7804/1/10 7809/1/10
f 7811/1/308 7805/1/308 7810/1/308
f 7812/1/10 7806/1/10 7811/1/10
f 7790/1/4 7793/1/4 7786/1/4
f 7803/1/4 7794/1/4 7793/1/4
f 7804/1/11 7795/1/11 7794/1/11
f 7805/1/11 7796/1/11 7795/1/11
f 7806/1/11 7797/1/11 7796/1/11
f 7785/1/6 7808/1/6 7789/1/6
f 7798/1/6 7809/1/6 7808/1/6
f 7799/1/6 7810/1/6 7809/1/6
f 7810/1/6 7801/1/6 7811/1/6
f 7801/1/12 7812/1/12 7811/1/12
f 7825/1/1 7816/1/1 7830/1/1
f 7820/1/308 7835/1/308 7840/1/308
f 7817/1/306 7814/1/306 7813/1/306
f 7835/1/11 7815/1/11 7825/1/11
f 7815/1/660 7820/1/660 7816/1/660
f 7840/1/12 7816/1/12 7820/1/12
f 7814/1/14 7826/1/14 7813/1/14
f 7821/1/8 7827/1/8 7826/1/8
f 7822/1/1 7828/1/1 7827/1/1
f 7823/1/8 7829/1/8 7828/1/8
f 7824/1/1 7830/1/1 7829/1/1
f 7836/1/10 7818/1/10 7817/1/10
f 7837/1/10 7831/1/10 7836/1/10
f 7838/1/10 7832/1/10 7837/1/10
f 7839/1/308 7833/1/308 7838/1/308
f 7840/1/10 7834/1/10 7839/1/10
f 7818/1/4 7821/1/4 7814/1/4
f 7831/1/4 7822/1/4 7821/1/4
f 7832/1/11 7823/1/11 7822/1/11
f 7833/1/11 7824/1/11 7823/1/11
f 7834/1/11 7825/1/11 7824/1/11
f 7813/1/6 7836/1/6 7817/1/6
f 7826/1/6 7837/1/6 7836/1/6
f 7827/1/6 7838/1/6 7837/1/6
f 7828/1/6 7839/1/6 7838/1/6
f 7829/1/6 7840/1/6 7839/1/6
f 7853/1/21 7844/1/21 7858/1/21
f 7848/1/308 7863/1/308 7868/1/308
f 7845/1/661 7842/1/661 7841/1/661
f 7853/1/22 7847/1/22 7843/1/22
f 7843/1/422 7848/1/422 7844/1/422
f 7858/1/12 7848/1/12 7868/1/12
f 7842/1/14 7854/1/14 7841/1/14
f 7849/1/21 7855/1/21 7854/1/21
f 7850/1/7 7856/1/7 7855/1/7
f 7851/1/14 7857/1/14 7856/1/14
f 7852/1/14 7858/1/14 7857/1/14
f 7864/1/10 7846/1/10 7845/1/10
f 7865/1/10 7859/1/10 7864/1/10
f 7866/1/2 7860/1/2 7865/1/2
f 7867/1/308 7861/1/308 7866/1/308
f 7868/1/18 7862/1/18 7867/1/18
f 7842/1/4 7859/1/4 7849/1/4
f 7849/1/4 7860/1/4 7850/1/4
f 7850/1/4 7861/1/4 7851/1/4
f 7851/1/4 7862/1/4 7852/1/4
f 7852/1/22 7863/1/22 7853/1/22
f 7841/1/12 7864/1/12 7845/1/12
f 7854/1/12 7865/1/12 7864/1/12
f 7855/1/12 7866/1/12 7865/1/12
f 7856/1/12 7867/1/12 7866/1/12
f 7857/1/12 7868/1/12 7867/1/12
f 7881/1/31 7872/1/31 7886/1/31
f 7876/1/312 7891/1/312 7896/1/312
f 7873/1/25 7870/1/25 7869/1/25
f 7881/1/26 7875/1/26 7871/1/26
f 7871/1/662 7876/1/662 7872/1/662
f 7886/1/28 7876/1/28 7896/1/28
f 7870/1/29 7882/1/29 7869/1/29
f 7877/1/624 7883/1/624 7882/1/624
f 7878/1/31 7884/1/31 7883/1/31
f 7879/1/31 7885/1/31 7884/1/31
f 7880/1/31 7886/1/31 7885/1/31
f 7892/1/2 7874/1/2 7873/1/2
f 7893/1/308 7887/1/308 7892/1/308
f 7894/1/9 7888/1/9 7893/1/9
f 7895/1/625 7889/1/625 7894/1/625
f 7896/1/13 7890/1/13 7895/1/13
f 7870/1/26 7887/1/26 7877/1/26
f 7877/1/26 7888/1/26 7878/1/26
f 7878/1/26 7889/1/26 7879/1/26
f 7879/1/26 7890/1/26 7880/1/26
f 7880/1/26 7891/1/26 7881/1/26
f 7869/1/28 7892/1/28 7873/1/28
f 7882/1/28 7893/1/28 7892/1/28
f 7883/1/28 7894/1/28 7893/1/28
f 7884/1/33 7895/1/33 7894/1/33
f 7885/1/33 7896/1/33 7895/1/33
f 7909/1/34 7900/1/34 7914/1/34
f 7904/1/427 7919/1/427 7924/1/427
f 7901/1/663 7898/1/663 7897/1/663
f 7909/1/46 7903/1/46 7899/1/46
f 7899/1/627 7904/1/627 7900/1/627
f 7914/1/39 7904/1/39 7924/1/39
f 7898/1/191 7910/1/191 7897/1/191
f 7905/1/34 7911/1/34 7910/1/34
f 7906/1/34 7912/1/34 7911/1/34
f 7907/1/562 7913/1/562 7912/1/562
f 7908/1/41 7914/1/41 7913/1/41
f 7920/1/315 7902/1/315 7901/1/315
f 7921/1/427 7915/1/427 7920/1/427
f 7922/1/45 7916/1/45 7921/1/45
f 7923/1/427 7917/1/427 7922/1/427
f 7924/1/35 7918/1/35 7923/1/35
f 7898/1/37 7915/1/37 7905/1/37
f 7905/1/37 7916/1/37 7906/1/37
f 7906/1/37 7917/1/37 7907/1/37
f 7907/1/46 7918/1/46 7908/1/46
f 7908/1/46 7919/1/46 7909/1/46
f 7897/1/39 7920/1/39 7901/1/39
f 7910/1/39 7921/1/39 7920/1/39
f 7911/1/39 7922/1/39 7921/1/39
f 7912/1/39 7923/1/39 7922/1/39
f 7913/1/39 7924/1/39 7923/1/39
f 7937/1/321 7928/1/321 7942/1/321
f 7932/1/628 7947/1/628 7952/1/628
f 7929/1/664 7926/1/664 7925/1/664
f 7937/1/50 7931/1/50 7927/1/50
f 7927/1/665 7932/1/665 7928/1/665
f 7942/1/52 7932/1/52 7952/1/52
f 7926/1/53 7938/1/53 7925/1/53
f 7933/1/53 7939/1/53 7938/1/53
f 7934/1/47 7940/1/47 7939/1/47
f 7935/1/666 7941/1/666 7940/1/666
f 7936/1/322 7942/1/322 7941/1/322
f 7948/1/57 7930/1/57 7929/1/57
f 7949/1/317 7943/1/317 7948/1/317
f 7950/1/48 7944/1/48 7949/1/48
f 7951/1/57 7945/1/57 7950/1/57
f 7952/1/55 7946/1/55 7951/1/55
f 7926/1/50 7943/1/50 7933/1/50
f 7933/1/50 7944/1/50 7934/1/50
f 7934/1/50 7945/1/50 7935/1/50
f 7935/1/50 7946/1/50 7936/1/50
f 7936/1/50 7947/1/50 7937/1/50
f 7925/1/52 7948/1/52 7929/1/52
f 7938/1/52 7949/1/52 7948/1/52
f 7939/1/52 7950/1/52 7949/1/52
f 7940/1/52 7951/1/52 7950/1/52
f 7941/1/52 7952/1/52 7951/1/52
f 7965/1/66 7956/1/66 7970/1/66
f 7960/1/325 7975/1/325 7980/1/325
f 7957/1/667 7954/1/667 7953/1/667
f 7965/1/63 7959/1/63 7955/1/63
f 7955/1/432 7960/1/432 7956/1/432
f 7970/1/65 7960/1/65 7980/1/65
f 7954/1/433 7966/1/433 7953/1/433
f 7961/1/66 7967/1/66 7966/1/66
f 7962/1/66 7968/1/66 7967/1/66
f 7963/1/434 7969/1/434 7968/1/434
f 7964/1/433 7970/1/433 7969/1/433
f 7976/1/325 7958/1/325 7957/1/325
f 7977/1/71 7971/1/71 7976/1/71
f 7978/1/61 7972/1/61 7977/1/61
f 7979/1/71 7973/1/71 7978/1/71
f 7980/1/71 7974/1/71 7979/1/71
f 7954/1/63 7971/1/63 7961/1/63
f 7961/1/63 7972/1/63 7962/1/63
f 7962/1/63 7973/1/63 7963/1/63
f 7963/1/63 7974/1/63 7964/1/63
f 7964/1/63 7975/1/63 7965/1/63
f 7953/1/65 7976/1/65 7957/1/65
f 7966/1/65 7977/1/65 7976/1/65
f 7967/1/65 7978/1/65 7977/1/65
f 7968/1/65 7979/1/65 7978/1/65
f 7969/1/65 7980/1/65 7979/1/65
f 7993/1/327 7984/1/327 7998/1/327
f 7988/1/83 8003/1/83 8008/1/83
f 7985/1/668 7982/1/668 7981/1/668
f 7993/1/76 7987/1/76 7983/1/76
f 7983/1/77 7988/1/77 7984/1/77
f 7998/1/78 7988/1/78 8008/1/78
f 7982/1/79 7994/1/79 7981/1/79
f 7989/1/177 7995/1/177 7994/1/177
f 7990/1/80 7996/1/80 7995/1/80
f 7991/1/79 7997/1/79 7996/1/79
f 7992/1/177 7998/1/177 7997/1/177
f 8004/1/84 7986/1/84 7985/1/84
f 8005/1/84 7999/1/84 8004/1/84
f 8006/1/84 8000/1/84 8005/1/84
f 8007/1/84 8001/1/84 8006/1/84
f 8008/1/81 8002/1/81 8007/1/81
f 7982/1/76 7999/1/76 7989/1/76
f 7989/1/76 8000/1/76 7990/1/76
f 7990/1/76 8001/1/76 7991/1/76
f 7991/1/76 8002/1/76 7992/1/76
f 7992/1/76 8003/1/76 7993/1/76
f 7981/1/78 8004/1/78 7985/1/78
f 7994/1/78 8005/1/78 8004/1/78
f 7995/1/78 8006/1/78 8005/1/78
f 7996/1/78 8007/1/78 8006/1/78
f 7997/1/78 8008/1/78 8007/1/78
f 8021/1/566 8012/1/566 8026/1/566
f 8016/1/330 8031/1/330 8036/1/330
f 8013/1/669 8010/1/669 8009/1/669
f 8021/1/88 8015/1/88 8011/1/88
f 8011/1/634 8016/1/634 8012/1/634
f 8026/1/90 8016/1/90 8036/1/90
f 8010/1/333 8022/1/333 8009/1/333
f 8017/1/566 8023/1/566 8022/1/566
f 8018/1/92 8024/1/92 8023/1/92
f 8019/1/92 8025/1/92 8024/1/92
f 8020/1/92 8026/1/92 8025/1/92
f 8032/1/334 8014/1/334 8013/1/334
f 8033/1/334 8027/1/334 8032/1/334
f 8034/1/86 8028/1/86 8033/1/86
f 8035/1/442 8029/1/442 8034/1/442
f 8036/1/330 8030/1/330 8035/1/330
f 8010/1/88 8027/1/88 8017/1/88
f 8017/1/88 8028/1/88 8018/1/88
f 8018/1/88 8029/1/88 8019/1/88
f 8019/1/88 8030/1/88 8020/1/88
f 8020/1/88 8031/1/88 8021/1/88
f 8009/1/90 8032/1/90 8013/1/90
f 8022/1/90 8033/1/90 8032/1/90
f 8023/1/90 8034/1/90 8033/1/90
f 8024/1/90 8035/1/90 8034/1/90
f 8025/1/90 8036/1/90 8035/1/90
f 8049/1/98 8040/1/98 8054/1/98
f 8044/1/99 8059/1/99 8064/1/99
f 8041/1/636 8038/1/636 8037/1/636
f 8049/1/101 8043/1/101 8039/1/101
f 8039/1/444 8044/1/444 8040/1/444
f 8054/1/103 8044/1/103 8064/1/103
f 8038/1/104 8050/1/104 8037/1/104
f 8045/1/105 8051/1/105 8050/1/105
f 8046/1/98 8052/1/98 8051/1/98
f 8047/1/98 8053/1/98 8052/1/98
f 8048/1/98 8054/1/98 8053/1/98
f 8060/1/335 8042/1/335 8041/1/335
f 8061/1/106 8055/1/106 8060/1/106
f 8062/1/109 8056/1/109 8061/1/109
f 8063/1/106 8057/1/106 8062/1/106
f 8064/1/335 8058/1/335 8063/1/335
f 8038/1/101 8055/1/101 8045/1/101
f 8045/1/101 8056/1/101 8046/1/101
f 8046/1/101 8057/1/101 8047/1/101
f 8047/1/101 8058/1/101 8048/1/101
f 8048/1/101 8059/1/101 8049/1/101
f 8037/1/103 8060/1/103 8041/1/103
f 8050/1/103 8061/1/103 8060/1/103
f 8051/1/103 8062/1/103 8061/1/103
f 8052/1/103 8063/1/103 8062/1/103
f 8053/1/103 8064/1/103 8063/1/103
f 8077/1/111 8068/1/111 8082/1/111
f 8072/1/119 8087/1/119 8092/1/119
f 8069/1/341 8066/1/341 8065/1/341
f 8077/1/114 8071/1/114 8067/1/114
f 8067/1/670 8072/1/670 8068/1/670
f 8082/1/116 8072/1/116 8092/1/116
f 8066/1/118 8078/1/118 8065/1/118
f 8073/1/343 8079/1/343 8078/1/343
f 8074/1/117 8080/1/117 8079/1/117
f 8075/1/117 8081/1/117 8080/1/117
f 8076/1/111 8082/1/111 8081/1/111
f 8088/1/344 8070/1/344 8069/1/344
f 8089/1/119 8083/1/119 8088/1/119
f 8090/1/120 8084/1/120 8089/1/120
f 8091/1/112 8085/1/112 8090/1/112
f 8092/1/344 8086/1/344 8091/1/344
f 8066/1/114 8083/1/114 8073/1/114
f 8073/1/114 8084/1/114 8074/1/114
f 8074/1/114 8085/1/114 8075/1/114
f 8075/1/114 8086/1/114 8076/1/114
f 8076/1/114 8087/1/114 8077/1/114
f 8065/1/116 8088/1/116 8069/1/116
f 8078/1/116 8089/1/116 8088/1/116
f 8079/1/116 8090/1/116 8089/1/116
f 8080/1/116 8091/1/116 8090/1/116
f 8081/1/116 8092/1/116 8091/1/116
f 8105/1/131 8096/1/131 8110/1/131
f 8100/1/346 8115/1/346 8120/1/346
f 8097/1/671 8094/1/671 8093/1/671
f 8105/1/126 8099/1/126 8095/1/126
f 8095/1/672 8100/1/672 8096/1/672
f 8110/1/128 8100/1/128 8120/1/128
f 8094/1/132 8106/1/132 8093/1/132
f 8101/1/130 8107/1/130 8106/1/130
f 8102/1/130 8108/1/130 8107/1/130
f 8103/1/133 8109/1/133 8108/1/133
f 8104/1/132 8110/1/132 8109/1/132
f 8116/1/349 8098/1/349 8097/1/349
f 8117/1/346 8111/1/346 8116/1/346
f 8118/1/147 8112/1/147 8117/1/147
f 8119/1/346 8113/1/346 8118/1/346
f 8120/1/346 8114/1/346 8119/1/346
f 8094/1/126 8111/1/126 8101/1/126
f 8101/1/126 8112/1/126 8102/1/126
f 8102/1/126 8113/1/126 8103/1/126
f 8103/1/126 8114/1/126 8104/1/126
f 8104/1/126 8115/1/126 8105/1/126
f 8093/1/128 8116/1/128 8097/1/128
f 8106/1/136 8117/1/136 8116/1/136
f 8107/1/136 8118/1/136 8117/1/136
f 8108/1/128 8119/1/128 8118/1/128
f 8109/1/128 8120/1/128 8119/1/128
f 8133/1/123 8124/1/123 8138/1/123
f 8128/1/144 8143/1/144 8148/1/144
f 8125/1/452 8122/1/452 8121/1/452
f 8133/1/139 8127/1/139 8123/1/139
f 8123/1/352 8128/1/352 8124/1/352
f 8138/1/141 8128/1/141 8148/1/141
f 8122/1/123 8134/1/123 8121/1/123
f 8129/1/143 8135/1/143 8134/1/143
f 8130/1/353 8136/1/353 8135/1/353
f 8131/1/118 8137/1/118 8136/1/118
f 8132/1/353 8138/1/353 8137/1/353
f 8144/1/137 8126/1/137 8125/1/137
f 8145/1/144 8139/1/144 8144/1/144
f 8146/1/144 8140/1/144 8145/1/144
f 8147/1/145 8141/1/145 8146/1/145
f 8148/1/351 8142/1/351 8147/1/351
f 8122/1/139 8139/1/139 8129/1/139
f 8129/1/139 8140/1/139 8130/1/139
f 8130/1/139 8141/1/139 8131/1/139
f 8131/1/139 8142/1/139 8132/1/139
f 8132/1/139 8143/1/139 8133/1/139
f 8121/1/141 8144/1/141 8125/1/141
f 8134/1/141 8145/1/141 8144/1/141
f 8135/1/141 8146/1/141 8145/1/141
f 8136/1/141 8147/1/141 8146/1/141
f 8137/1/141 8148/1/141 8147/1/141
f 8161/1/152 8152/1/152 8166/1/152
f 8156/1/134 8171/1/134 8176/1/134
f 8153/1/356 8150/1/356 8149/1/356
f 8161/1/160 8155/1/160 8151/1/160
f 8151/1/150 8156/1/150 8152/1/150
f 8166/1/151 8156/1/151 8176/1/151
f 8150/1/146 8162/1/146 8149/1/146
f 8157/1/520 8163/1/520 8162/1/520
f 8158/1/355 8164/1/355 8163/1/355
f 8159/1/154 8165/1/154 8164/1/154
f 8160/1/156 8166/1/156 8165/1/156
f 8172/1/159 8154/1/159 8153/1/159
f 8173/1/451 8167/1/451 8172/1/451
f 8174/1/159 8168/1/159 8173/1/159
f 8175/1/134 8169/1/134 8174/1/134
f 8176/1/451 8170/1/451 8175/1/451
f 8150/1/160 8167/1/160 8157/1/160
f 8157/1/160 8168/1/160 8158/1/160
f 8158/1/149 8169/1/149 8159/1/149
f 8159/1/160 8170/1/160 8160/1/160
f 8160/1/149 8171/1/149 8161/1/149
f 8149/1/151 8172/1/151 8153/1/151
f 8162/1/151 8173/1/151 8172/1/151
f 8163/1/151 8174/1/151 8173/1/151
f 8164/1/151 8175/1/151 8174/1/151
f 8165/1/151 8176/1/151 8175/1/151
f 8189/1/359 8180/1/359 8194/1/359
f 8184/1/521 8199/1/521 8204/1/521
f 8181/1/522 8178/1/522 8177/1/522
f 8189/1/164 8183/1/164 8179/1/164
f 8179/1/360 8184/1/360 8180/1/360
f 8194/1/166 8184/1/166 8204/1/166
f 8178/1/361 8190/1/361 8177/1/361
f 8185/1/359 8191/1/359 8190/1/359
f 8186/1/359 8192/1/359 8191/1/359
f 8187/1/167 8193/1/167 8192/1/167
f 8188/1/359 8194/1/359 8193/1/359
f 8200/1/168 8182/1/168 8181/1/168
f 8201/1/521 8195/1/521 8200/1/521
f 8202/1/162 8196/1/162 8201/1/162
f 8203/1/168 8197/1/168 8202/1/168
f 8204/1/524 8198/1/524 8203/1/524
f 8178/1/164 8195/1/164 8185/1/164
f 8185/1/164 8196/1/164 8186/1/164
f 8186/1/170 8197/1/170 8187/1/170
f 8187/1/164 8198/1/164 8188/1/164
f 8188/1/164 8199/1/164 8189/1/164
f 8177/1/166 8200/1/166 8181/1/166
f 8190/1/166 8201/1/166 8200/1/166
f 8191/1/166 8202/1/166 8201/1/166
f 8192/1/166 8203/1/166 8202/1/166
f 8193/1/166 8204/1/166 8203/1/166
f 8217/1/171 8208/1/171 8222/1/171
f 8212/1/181 8227/1/181 8232/1/181
f 8209/1/673 8206/1/673 8205/1/673
f 8217/1/174 8211/1/174 8207/1/174
f 8207/1/364 8212/1/364 8208/1/364
f 8222/1/176 8212/1/176 8232/1/176
f 8206/1/171 8218/1/171 8205/1/171
f 8213/1/171 8219/1/171 8218/1/171
f 8214/1/171 8220/1/171 8219/1/171
f 8215/1/171 8221/1/171 8220/1/171
f 8216/1/171 8222/1/171 8221/1/171
f 8228/1/527 8210/1/527 8209/1/527
f 8229/1/180 8223/1/180 8228/1/180
f 8230/1/180 8224/1/180 8229/1/180
f 8231/1/461 8225/1/461 8230/1/461
f 8232/1/366 8226/1/366 8231/1/366
f 8206/1/183 8223/1/183 8213/1/183
f 8213/1/174 8224/1/174 8214/1/174
f 8214/1/174 8225/1/174 8215/1/174
f 8215/1/183 8226/1/183 8216/1/183
f 8216/1/174 8227/1/174 8217/1/174
f 8205/1/176 8228/1/176 8209/1/176
f 8218/1/176 8229/1/176 8228/1/176
f 8219/1/176 8230/1/176 8229/1/176
f 8220/1/176 8231/1/176 8230/1/176
f 8221/1/176 8232/1/176 8231/1/176
f 8245/1/184 8236/1/184 8250/1/184
f 8240/1/74 8255/1/74 8260/1/74
f 8237/1/674 8234/1/674 8233/1/674
f 8245/1/186 8239/1/186 8235/1/186
f 8235/1/528 8240/1/528 8236/1/528
f 8250/1/188 8240/1/188 8260/1/188
f 8234/1/34 8246/1/34 8233/1/34
f 8241/1/426 8247/1/426 8246/1/426
f 8242/1/184 8248/1/184 8247/1/184
f 8243/1/184 8249/1/184 8248/1/184
f 8244/1/370 8250/1/370 8249/1/370
f 8256/1/371 8238/1/371 8237/1/371
f 8257/1/82 8251/1/82 8256/1/82
f 8258/1/328 8252/1/328 8257/1/328
f 8259/1/81 8253/1/81 8258/1/81
f 8260/1/82 8254/1/82 8259/1/82
f 8234/1/186 8251/1/186 8241/1/186
f 8241/1/186 8252/1/186 8242/1/186
f 8242/1/186 8253/1/186 8243/1/186
f 8243/1/186 8254/1/186 8244/1/186
f 8244/1/186 8255/1/186 8245/1/186
f 8233/1/188 8256/1/188 8237/1/188
f 8246/1/188 8257/1/188 8256/1/188
f 8247/1/188 8258/1/188 8257/1/188
f 8248/1/188 8259/1/188 8258/1/188
f 8249/1/188 8260/1/188 8259/1/188
f 8278/1/199 8263/1/199 8264/1/199
f 8288/1/10 8267/1/10 8283/1/10
f 8265/1/675 8262/1/675 8261/1/675
f 8283/1/195 8263/1/195 8273/1/195
f 8263/1/580 8268/1/580 8264/1/580
f 8288/1/197 8264/1/197 8268/1/197
f 8261/1/582 8269/1/582 8274/1/582
f 8274/1/377 8270/1/377 8275/1/377
f 8275/1/198 8271/1/198 8276/1/198
f 8276/1/199 8272/1/199 8277/1/199
f 8277/1/198 8273/1/198 8278/1/198
f 8284/1/201 8266/1/201 8265/1/201
f 8285/1/374 8279/1/374 8284/1/374
f 8286/1/374 8280/1/374 8285/1/374
f 8287/1/379 8281/1/379 8286/1/379
f 8287/1/201 8283/1/201 8282/1/201
f 8266/1/203 8269/1/203 8262/1/203
f 8279/1/203 8270/1/203 8269/1/203
f 8280/1/204 8271/1/204 8270/1/204
f 8281/1/204 8272/1/204 8271/1/204
f 8282/1/204 8273/1/204 8272/1/204
f 8265/1/197 8274/1/197 8284/1/197
f 8284/1/205 8275/1/205 8285/1/205
f 8285/1/205 8276/1/205 8286/1/205
f 8286/1/205 8277/1/205 8287/1/205
f 8287/1/197 8278/1/197 8288/1/197
f 8306/1/212 8291/1/212 8292/1/212
f 8316/1/531 8295/1/531 8311/1/531
f 8293/1/676 8290/1/676 8289/1/676
f 8311/1/209 8291/1/209 8301/1/209
f 8291/1/468 8296/1/468 8292/1/468
f 8316/1/220 8292/1/220 8296/1/220
f 8289/1/212 8297/1/212 8302/1/212
f 8302/1/206 8298/1/206 8303/1/206
f 8303/1/206 8299/1/206 8304/1/206
f 8304/1/214 8300/1/214 8305/1/214
f 8305/1/380 8301/1/380 8306/1/380
f 8293/1/218 8307/1/218 8294/1/218
f 8312/1/215 8308/1/215 8307/1/215
f 8313/1/382 8309/1/382 8308/1/382
f 8314/1/215 8310/1/215 8309/1/215
f 8315/1/217 8311/1/217 8310/1/217
f 8294/1/209 8297/1/209 8290/1/209
f 8307/1/209 8298/1/209 8297/1/209
f 8308/1/209 8299/1/209 8298/1/209
f 8309/1/209 8300/1/209 8299/1/209
f 8310/1/209 8301/1/209 8300/1/209
f 8293/1/220 8302/1/220 8312/1/220
f 8312/1/220 8303/1/220 8313/1/220
f 8313/1/220 8304/1/220 8314/1/220
f 8314/1/220 8305/1/220 8315/1/220
f 8315/1/220 8306/1/220 8316/1/220
f 8334/1/230 8319/1/230 8320/1/230
f 8344/1/233 8323/1/233 8339/1/233
f 8321/1/677 8318/1/677 8317/1/677
f 8339/1/224 8319/1/224 8329/1/224
f 8319/1/225 8324/1/225 8320/1/225
f 8344/1/226 8320/1/226 8324/1/226
f 8317/1/221 8325/1/221 8330/1/221
f 8330/1/472 8326/1/472 8331/1/472
f 8331/1/227 8327/1/227 8332/1/227
f 8332/1/386 8328/1/386 8333/1/386
f 8333/1/228 8329/1/228 8334/1/228
f 8321/1/678 8335/1/678 8322/1/678
f 8340/1/233 8336/1/233 8335/1/233
f 8341/1/222 8337/1/222 8336/1/222
f 8342/1/233 8338/1/233 8337/1/233
f 8343/1/222 8339/1/222 8338/1/222
f 8322/1/224 8325/1/224 8318/1/224
f 8335/1/224 8326/1/224 8325/1/224
f 8336/1/224 8327/1/224 8326/1/224
f 8337/1/224 8328/1/224 8327/1/224
f 8338/1/224 8329/1/224 8328/1/224
f 8321/1/226 8330/1/226 8340/1/226
f 8340/1/226 8331/1/226 8341/1/226
f 8341/1/226 8332/1/226 8342/1/226
f 8342/1/226 8333/1/226 8343/1/226
f 8343/1/226 8334/1/226 8344/1/226
f 8362/1/249 8347/1/249 8348/1/249
f 8372/1/387 8351/1/387 8367/1/387
f 8349/1/237 8346/1/237 8345/1/237
f 8367/1/238 8347/1/238 8357/1/238
f 8347/1/679 8352/1/679 8348/1/679
f 8372/1/240 8348/1/240 8352/1/240
f 8345/1/235 8353/1/235 8358/1/235
f 8358/1/390 8354/1/390 8359/1/390
f 8359/1/255 8355/1/255 8360/1/255
f 8360/1/249 8356/1/249 8361/1/249
f 8361/1/539 8357/1/539 8362/1/539
f 8349/1/245 8363/1/245 8350/1/245
f 8368/1/476 8364/1/476 8363/1/476
f 8369/1/246 8365/1/246 8364/1/246
f 8370/1/391 8366/1/391 8365/1/391
f 8371/1/248 8367/1/248 8366/1/248
f 8350/1/238 8353/1/238 8346/1/238
f 8363/1/268 8354/1/268 8353/1/268
f 8364/1/238 8355/1/238 8354/1/238
f 8365/1/238 8356/1/238 8355/1/238
f 8366/1/238 8357/1/238 8356/1/238
f 8349/1/240 8358/1/240 8368/1/240
f 8368/1/240 8359/1/240 8369/1/240
f 8369/1/240 8360/1/240 8370/1/240
f 8370/1/240 8361/1/240 8371/1/240
f 8371/1/240 8362/1/240 8372/1/240
f 8390/1/592 8375/1/592 8376/1/592
f 8400/1/400 8379/1/400 8395/1/400
f 8377/1/680 8374/1/680 8373/1/680
f 8395/1/252 8375/1/252 8385/1/252
f 8375/1/538 8380/1/538 8376/1/538
f 8400/1/254 8376/1/254 8380/1/254
f 8373/1/241 8381/1/241 8386/1/241
f 8386/1/249 8382/1/249 8387/1/249
f 8387/1/479 8383/1/479 8388/1/479
f 8388/1/244 8384/1/244 8389/1/244
f 8389/1/244 8385/1/244 8390/1/244
f 8377/1/267 8391/1/267 8378/1/267
f 8396/1/681 8392/1/681 8391/1/681
f 8397/1/394 8393/1/394 8392/1/394
f 8398/1/267 8394/1/267 8393/1/267
f 8399/1/394 8395/1/394 8394/1/394
f 8378/1/252 8381/1/252 8374/1/252
f 8391/1/252 8382/1/252 8381/1/252
f 8392/1/252 8383/1/252 8382/1/252
f 8393/1/252 8384/1/252 8383/1/252
f 8394/1/252 8385/1/252 8384/1/252
f 8377/1/254 8386/1/254 8396/1/254
f 8396/1/254 8387/1/254 8397/1/254
f 8397/1/254 8388/1/254 8398/1/254
f 8398/1/254 8389/1/254 8399/1/254
f 8399/1/254 8390/1/254 8400/1/254
f 8418/1/480 8403/1/480 8404/1/480
f 8428/1/259 8407/1/259 8423/1/259
f 8405/1/682 8402/1/682 8401/1/682
f 8423/1/268 8403/1/268 8413/1/268
f 8403/1/398 8408/1/398 8404/1/398
f 8428/1/263 8404/1/263 8408/1/263
f 8401/1/258 8409/1/258 8414/1/258
f 8414/1/264 8410/1/264 8415/1/264
f 8415/1/395 8411/1/395 8416/1/395
f 8416/1/542 8412/1/542 8417/1/542
f 8417/1/480 8413/1/480 8418/1/480
f 8405/1/267 8419/1/267 8406/1/267
f 8424/1/250 8420/1/250 8419/1/250
f 8425/1/483 8421/1/483 8420/1/483
f 8426/1/259 8422/1/259 8421/1/259
f 8427/1/266 8423/1/266 8422/1/266
f 8406/1/261 8409/1/261 8402/1/261
f 8419/1/268 8410/1/268 8409/1/268
f 8420/1/238 8411/1/238 8410/1/238
f 8421/1/268 8412/1/268 8411/1/268
f 8422/1/268 8413/1/268 8412/1/268
f 8405/1/683 8414/1/683 8424/1/683
f 8424/1/263 8415/1/263 8425/1/263
f 8425/1/263 8416/1/263 8426/1/263
f 8426/1/263 8417/1/263 8427/1/263
f 8427/1/263 8418/1/263 8428/1/263
f 8446/1/595 8431/1/595 8432/1/595
f 8456/1/401 8435/1/401 8451/1/401
f 8433/1/684 8430/1/684 8429/1/684
f 8451/1/272 8431/1/272 8441/1/272
f 8431/1/273 8436/1/273 8432/1/273
f 8456/1/274 8432/1/274 8436/1/274
f 8429/1/545 8437/1/545 8442/1/545
f 8442/1/276 8438/1/276 8443/1/276
f 8443/1/276 8439/1/276 8444/1/276
f 8444/1/275 8440/1/275 8445/1/275
f 8445/1/269 8441/1/269 8446/1/269
f 8433/1/245 8447/1/245 8434/1/245
f 8452/1/245 8448/1/245 8447/1/245
f 8453/1/278 8449/1/278 8448/1/278
f 8454/1/280 8450/1/280 8449/1/280
f 8455/1/401 8451/1/401 8450/1/401
f 8434/1/272 8437/1/272 8430/1/272
f 8447/1/272 8438/1/272 8437/1/272
f 8448/1/272 8439/1/272 8438/1/272
f 8449/1/272 8440/1/272 8439/1/272
f 8450/1/272 8441/1/272 8440/1/272
f 8433/1/274 8442/1/274 8452/1/274
f 8452/1/226 8443/1/226 8453/1/226
f 8453/1/226 8444/1/226 8454/1/226
f 8454/1/274 8445/1/274 8455/1/274
f 8455/1/274 8446/1/274 8456/1/274
f 8474/1/404 8459/1/404 8460/1/404
f 8484/1/405 8463/1/405 8479/1/405
f 8461/1/685 8458/1/685 8457/1/685
f 8479/1/284 8459/1/284 8469/1/284
f 8459/1/491 8464/1/491 8460/1/491
f 8484/1/220 8460/1/220 8464/1/220
f 8457/1/288 8465/1/288 8470/1/288
f 8470/1/550 8466/1/550 8471/1/550
f 8471/1/404 8467/1/404 8472/1/404
f 8472/1/288 8468/1/288 8473/1/288
f 8473/1/281 8469/1/281 8474/1/281
f 8461/1/282 8475/1/282 8462/1/282
f 8480/1/405 8476/1/405 8475/1/405
f 8481/1/686 8477/1/686 8476/1/686
f 8482/1/290 8478/1/290 8477/1/290
f 8483/1/411 8479/1/411 8478/1/411
f 8462/1/407 8465/1/407 8458/1/407
f 8475/1/407 8466/1/407 8465/1/407
f 8476/1/284 8467/1/284 8466/1/284
f 8477/1/284 8468/1/284 8467/1/284
f 8478/1/284 8469/1/284 8468/1/284
f 8461/1/220 8470/1/220 8480/1/220
f 8480/1/220 8471/1/220 8481/1/220
f 8481/1/220 8472/1/220 8482/1/220
f 8482/1/220 8473/1/220 8483/1/220
f 8483/1/220 8474/1/220 8484/1/220
f 8502/1/596 8487/1/596 8488/1/596
f 8512/1/416 8491/1/416 8507/1/416
f 8489/1/657 8486/1/657 8485/1/657
f 8507/1/294 8487/1/294 8497/1/294
f 8487/1/414 8492/1/414 8488/1/414
f 8512/1/296 8488/1/296 8492/1/296
f 8485/1/299 8493/1/299 8498/1/299
f 8498/1/415 8494/1/415 8499/1/415
f 8499/1/299 8495/1/299 8500/1/299
f 8500/1/300 8496/1/300 8501/1/300
f 8501/1/553 8497/1/553 8502/1/553
f 8489/1/305 8503/1/305 8490/1/305
f 8508/1/417 8504/1/417 8503/1/417
f 8509/1/305 8505/1/305 8504/1/305
f 8510/1/416 8506/1/416 8505/1/416
f 8511/1/302 8507/1/302 8506/1/302
f 8490/1/687 8493/1/687 8486/1/687
f 8503/1/294 8494/1/294 8493/1/294
f 8504/1/294 8495/1/294 8494/1/294
f 8505/1/294 8496/1/294 8495/1/294
f 8506/1/294 8497/1/294 8496/1/294
f 8489/1/296 8498/1/296 8508/1/296
f 8508/1/296 8499/1/296 8509/1/296
f 8509/1/296 8500/1/296 8510/1/296
f 8510/1/296 8501/1/296 8511/1/296
f 8511/1/296 8502/1/296 8512/1/296
f 13/1/1 3/1/1 4/1/1
f 8/1/2 7/1/2 23/1/2
f 5/1/557 6/1/557 2/1/557
f 13/1/4 23/1/4 7/1/4
f 3/1/420 7/1/420 8/1/420
f 28/1/12 18/1/12 4/1/12
f 2/1/8 9/1/8 14/1/8
f 9/1/1 10/1/1 15/1/1
f 10/1/1 11/1/1 16/1/1
f 11/1/8 12/1/8 17/1/8
f 12/1/8 13/1/8 18/1/8
f 24/1/18 19/1/18 6/1/18
f 25/1/2 20/1/2 19/1/2
f 26/1/2 21/1/2 20/1/2
f 27/1/18 22/1/18 21/1/18
f 28/1/18 23/1/18 22/1/18
f 6/1/4 19/1/4 9/1/4
f 19/1/4 20/1/4 10/1/4
f 20/1/11 21/1/11 11/1/11
f 21/1/11 22/1/11 12/1/11
f 22/1/11 23/1/11 13/1/11
f 1/1/6 14/1/6 24/1/6
f 14/1/6 15/1/6 25/1/6
f 15/1/6 16/1/6 26/1/6
f 16/1/6 17/1/6 27/1/6
f 17/1/12 18/1/12 28/1/12
f 41/1/1 31/1/1 32/1/1
f 36/1/15 35/1/15 51/1/15
f 33/1/557 34/1/557 30/1/557
f 41/1/4 51/1/4 35/1/4
f 31/1/688 35/1/688 36/1/688
f 46/1/12 32/1/12 36/1/12
f 30/1/8 37/1/8 42/1/8
f 37/1/1 38/1/1 43/1/1
f 38/1/1 39/1/1 44/1/1
f 39/1/8 40/1/8 45/1/8
f 40/1/8 41/1/8 46/1/8
f 52/1/18 47/1/18 34/1/18
f 53/1/2 48/1/2 47/1/2
f 54/1/2 49/1/2 48/1/2
f 55/1/18 50/1/18 49/1/18
f 56/1/18 51/1/18 50/1/18
f 34/1/4 47/1/4 37/1/4
f 47/1/4 48/1/4 38/1/4
f 48/1/11 49/1/11 39/1/11
f 49/1/11 50/1/11 40/1/11
f 50/1/11 51/1/11 41/1/11
f 29/1/6 42/1/6 52/1/6
f 42/1/6 43/1/6 53/1/6
f 43/1/6 44/1/6 54/1/6
f 54/1/6 44/1/6 45/1/6
f 45/1/12 46/1/12 56/1/12
f 69/1/1 59/1/1 60/1/1
f 64/1/2 63/1/2 79/1/2
f 61/1/557 62/1/557 58/1/557
f 79/1/4 63/1/4 59/1/4
f 59/1/420 63/1/420 64/1/420
f 84/1/12 74/1/12 60/1/12
f 58/1/8 65/1/8 70/1/8
f 65/1/1 66/1/1 71/1/1
f 66/1/1 67/1/1 72/1/1
f 67/1/8 68/1/8 73/1/8
f 68/1/8 69/1/8 74/1/8
f 80/1/18 75/1/18 62/1/18
f 81/1/15 76/1/15 75/1/15
f 82/1/2 77/1/2 76/1/2
f 83/1/18 78/1/18 77/1/18
f 84/1/18 79/1/18 78/1/18
f 62/1/4 75/1/4 65/1/4
f 75/1/4 76/1/4 66/1/4
f 76/1/11 77/1/11 67/1/11
f 77/1/11 78/1/11 68/1/11
f 78/1/11 79/1/11 69/1/11
f 57/1/6 70/1/6 80/1/6
f 70/1/6 71/1/6 81/1/6
f 81/1/6 71/1/6 72/1/6
f 72/1/6 73/1/6 83/1/6
f 73/1/12 74/1/12 84/1/12
f 97/1/1 87/1/1 88/1/1
f 92/1/13 91/1/13 107/1/13
f 89/1/557 90/1/557 86/1/557
f 107/1/4 91/1/4 87/1/4
f 87/1/420 91/1/420 92/1/420
f 112/1/12 102/1/12 88/1/12
f 86/1/8 93/1/8 98/1/8
f 93/1/1 94/1/1 99/1/1
f 94/1/1 95/1/1 100/1/1
f 95/1/8 96/1/8 101/1/8
f 96/1/8 97/1/8 102/1/8
f 108/1/18 103/1/18 90/1/18
f 109/1/2 104/1/2 103/1/2
f 110/1/2 105/1/2 104/1/2
f 111/1/18 106/1/18 105/1/18
f 112/1/2 107/1/2 106/1/2
f 90/1/4 103/1/4 93/1/4
f 103/1/4 104/1/4 94/1/4
f 104/1/11 105/1/11 95/1/11
f 105/1/11 106/1/11 96/1/11
f 106/1/11 107/1/11 97/1/11
f 85/1/6 98/1/6 108/1/6
f 98/1/6 99/1/6 109/1/6
f 99/1/6 100/1/6 110/1/6
f 100/1/6 101/1/6 111/1/6
f 101/1/12 102/1/12 112/1/12
f 125/1/1 115/1/1 116/1/1
f 120/1/32 119/1/32 135/1/32
f 117/1/689 118/1/689 114/1/689
f 135/1/11 119/1/11 115/1/11
f 115/1/688 119/1/688 120/1/688
f 140/1/12 130/1/12 116/1/12
f 114/1/8 121/1/8 126/1/8
f 121/1/1 122/1/1 127/1/1
f 122/1/1 123/1/1 128/1/1
f 123/1/8 124/1/8 129/1/8
f 124/1/8 125/1/8 130/1/8
f 136/1/18 131/1/18 118/1/18
f 137/1/15 132/1/15 131/1/15
f 138/1/2 133/1/2 132/1/2
f 139/1/18 134/1/18 133/1/18
f 140/1/2 135/1/2 134/1/2
f 118/1/4 131/1/4 121/1/4
f 131/1/11 132/1/11 122/1/11
f 132/1/11 133/1/11 123/1/11
f 133/1/11 134/1/11 124/1/11
f 134/1/11 135/1/11 125/1/11
f 113/1/6 126/1/6 136/1/6
f 126/1/6 127/1/6 137/1/6
f 127/1/6 128/1/6 138/1/6
f 128/1/6 129/1/6 139/1/6
f 129/1/12 130/1/12 140/1/12
f 153/1/1 143/1/1 144/1/1
f 148/1/13 147/1/13 163/1/13
f 145/1/689 146/1/689 142/1/689
f 163/1/4 147/1/4 143/1/4
f 143/1/420 147/1/420 148/1/420
f 168/1/12 158/1/12 144/1/12
f 142/1/8 149/1/8 154/1/8
f 149/1/1 150/1/1 155/1/1
f 150/1/1 151/1/1 156/1/1
f 151/1/8 152/1/8 157/1/8
f 152/1/8 153/1/8 158/1/8
f 164/1/18 159/1/18 146/1/18
f 165/1/308 160/1/308 159/1/308
f 166/1/2 161/1/2 160/1/2
f 167/1/18 162/1/18 161/1/18
f 168/1/2 163/1/2 162/1/2
f 146/1/4 159/1/4 149/1/4
f 159/1/4 160/1/4 150/1/4
f 160/1/11 161/1/11 151/1/11
f 161/1/11 162/1/11 152/1/11
f 162/1/11 163/1/11 153/1/11
f 141/1/6 154/1/6 164/1/6
f 154/1/6 155/1/6 165/1/6
f 155/1/6 156/1/6 166/1/6
f 156/1/6 157/1/6 167/1/6
f 157/1/12 158/1/12 168/1/12
f 181/1/1 171/1/1 172/1/1
f 176/1/13 175/1/13 191/1/13
f 173/1/689 174/1/689 170/1/689
f 191/1/4 175/1/4 171/1/4
f 171/1/420 175/1/420 176/1/420
f 196/1/12 186/1/12 172/1/12
f 170/1/8 177/1/8 182/1/8
f 177/1/1 178/1/1 183/1/1
f 178/1/1 179/1/1 184/1/1
f 179/1/8 180/1/8 185/1/8
f 180/1/8 181/1/8 186/1/8
f 192/1/2 187/1/2 174/1/2
f 193/1/2 188/1/2 187/1/2
f 194/1/2 189/1/2 188/1/2
f 195/1/18 190/1/18 189/1/18
f 196/1/2 191/1/2 190/1/2
f 174/1/4 187/1/4 177/1/4
f 187/1/4 188/1/4 178/1/4
f 188/1/11 189/1/11 179/1/11
f 189/1/11 190/1/11 180/1/11
f 190/1/11 191/1/11 181/1/11
f 169/1/6 182/1/6 192/1/6
f 182/1/6 183/1/6 193/1/6
f 183/1/6 184/1/6 194/1/6
f 184/1/6 185/1/6 195/1/6
f 195/1/12 185/1/12 186/1/12
f 209/1/1 199/1/1 200/1/1
f 204/1/13 203/1/13 219/1/13
f 201/1/689 202/1/689 198/1/689
f 219/1/4 203/1/4 199/1/4
f 199/1/420 203/1/420 204/1/420
f 224/1/12 214/1/12 200/1/12
f 198/1/8 205/1/8 210/1/8
f 205/1/1 206/1/1 211/1/1
f 206/1/1 207/1/1 212/1/1
f 207/1/8 208/1/8 213/1/8
f 208/1/8 209/1/8 214/1/8
f 220/1/2 215/1/2 202/1/2
f 221/1/308 216/1/308 215/1/308
f 222/1/2 217/1/2 216/1/2
f 223/1/18 218/1/18 217/1/18
f 224/1/2 219/1/2 218/1/2
f 202/1/4 215/1/4 205/1/4
f 215/1/4 216/1/4 206/1/4
f 216/1/11 217/1/11 207/1/11
f 217/1/11 218/1/11 208/1/11
f 218/1/11 219/1/11 209/1/11
f 197/1/6 210/1/6 220/1/6
f 210/1/6 211/1/6 221/1/6
f 211/1/6 212/1/6 222/1/6
f 212/1/6 213/1/6 223/1/6
f 223/1/12 213/1/12 214/1/12
f 237/1/1 227/1/1 228/1/1
f 232/1/13 231/1/13 247/1/13
f 229/1/689 230/1/689 226/1/689
f 247/1/4 231/1/4 227/1/4
f 227/1/420 231/1/420 232/1/420
f 252/1/12 242/1/12 228/1/12
f 226/1/8 233/1/8 238/1/8
f 233/1/1 234/1/1 239/1/1
f 234/1/1 235/1/1 240/1/1
f 235/1/8 236/1/8 241/1/8
f 236/1/8 237/1/8 242/1/8
f 248/1/2 243/1/2 230/1/2
f 249/1/308 244/1/308 243/1/308
f 250/1/2 245/1/2 244/1/2
f 251/1/18 246/1/18 245/1/18
f 252/1/2 247/1/2 246/1/2
f 230/1/4 243/1/4 233/1/4
f 243/1/4 244/1/4 234/1/4
f 244/1/11 245/1/11 235/1/11
f 245/1/11 246/1/11 236/1/11
f 246/1/11 247/1/11 237/1/11
f 225/1/6 238/1/6 248/1/6
f 238/1/6 239/1/6 249/1/6
f 239/1/6 240/1/6 250/1/6
f 240/1/6 241/1/6 251/1/6
f 241/1/12 242/1/12 252/1/12
f 265/1/1 255/1/1 256/1/1
f 260/1/13 259/1/13 275/1/13
f 257/1/689 258/1/689 254/1/689
f 275/1/4 259/1/4 255/1/4
f 255/1/420 259/1/420 260/1/420
f 280/1/12 270/1/12 256/1/12
f 254/1/8 261/1/8 266/1/8
f 261/1/1 262/1/1 267/1/1
f 262/1/1 263/1/1 268/1/1
f 263/1/8 264/1/8 269/1/8
f 264/1/8 265/1/8 270/1/8
f 276/1/2 271/1/2 258/1/2
f 277/1/308 272/1/308 271/1/308
f 278/1/2 273/1/2 272/1/2
f 279/1/18 274/1/18 273/1/18
f 280/1/2 275/1/2 274/1/2
f 258/1/4 271/1/4 261/1/4
f 271/1/4 272/1/4 262/1/4
f 272/1/11 273/1/11 263/1/11
f 273/1/11 274/1/11 264/1/11
f 274/1/11 275/1/11 265/1/11
f 253/1/6 266/1/6 276/1/6
f 266/1/6 267/1/6 277/1/6
f 267/1/6 268/1/6 278/1/6
f 268/1/6 269/1/6 279/1/6
f 269/1/12 270/1/12 280/1/12
f 293/1/1 283/1/1 284/1/1
f 288/1/13 287/1/13 303/1/13
f 285/1/689 286/1/689 282/1/689
f 303/1/4 287/1/4 283/1/4
f 283/1/420 287/1/420 288/1/420
f 298/1/12 284/1/12 288/1/12
f 282/1/8 289/1/8 294/1/8
f 289/1/1 290/1/1 295/1/1
f 290/1/1 291/1/1 296/1/1
f 291/1/8 292/1/8 297/1/8
f 292/1/8 293/1/8 298/1/8
f 304/1/2 299/1/2 286/1/2
f 305/1/308 300/1/308 299/1/308
f 306/1/2 301/1/2 300/1/2
f 307/1/18 302/1/18 301/1/18
f 308/1/2 303/1/2 302/1/2
f 286/1/4 299/1/4 289/1/4
f 299/1/4 300/1/4 290/1/4
f 300/1/11 301/1/11 291/1/11
f 301/1/11 302/1/11 292/1/11
f 302/1/11 303/1/11 293/1/11
f 281/1/6 294/1/6 304/1/6
f 294/1/6 295/1/6 305/1/6
f 295/1/6 296/1/6 306/1/6
f 296/1/6 297/1/6 307/1/6
f 297/1/12 298/1/12 308/1/12
f 321/1/1 311/1/1 312/1/1
f 316/1/308 315/1/308 331/1/308
f 313/1/689 314/1/689 310/1/689
f 331/1/4 315/1/4 311/1/4
f 311/1/690 315/1/690 316/1/690
f 336/1/12 326/1/12 312/1/12
f 310/1/8 317/1/8 322/1/8
f 317/1/1 318/1/1 323/1/1
f 318/1/1 319/1/1 324/1/1
f 319/1/8 320/1/8 325/1/8
f 320/1/8 321/1/8 326/1/8
f 332/1/2 327/1/2 314/1/2
f 333/1/2 328/1/2 327/1/2
f 334/1/2 329/1/2 328/1/2
f 335/1/18 330/1/18 329/1/18
f 336/1/2 331/1/2 330/1/2
f 314/1/4 327/1/4 317/1/4
f 327/1/4 328/1/4 318/1/4
f 328/1/11 329/1/11 319/1/11
f 329/1/11 330/1/11 320/1/11
f 330/1/11 331/1/11 321/1/11
f 309/1/6 322/1/6 332/1/6
f 322/1/6 323/1/6 333/1/6
f 323/1/6 324/1/6 334/1/6
f 324/1/6 325/1/6 335/1/6
f 325/1/12 326/1/12 336/1/12
f 349/1/1 339/1/1 340/1/1
f 344/1/308 343/1/308 359/1/308
f 341/1/689 342/1/689 338/1/689
f 359/1/4 343/1/4 339/1/4
f 339/1/690 343/1/690 344/1/690
f 364/1/12 354/1/12 340/1/12
f 338/1/8 345/1/8 350/1/8
f 345/1/1 346/1/1 351/1/1
f 346/1/1 347/1/1 352/1/1
f 347/1/8 348/1/8 353/1/8
f 348/1/8 349/1/8 354/1/8
f 360/1/2 355/1/2 342/1/2
f 361/1/10 356/1/10 355/1/10
f 362/1/2 357/1/2 356/1/2
f 363/1/18 358/1/18 357/1/18
f 364/1/2 359/1/2 358/1/2
f 342/1/4 355/1/4 345/1/4
f 355/1/11 356/1/11 346/1/11
f 356/1/11 357/1/11 347/1/11
f 357/1/11 358/1/11 348/1/11
f 358/1/11 359/1/11 349/1/11
f 337/1/6 350/1/6 360/1/6
f 350/1/6 351/1/6 361/1/6
f 351/1/6 352/1/6 362/1/6
f 362/1/6 352/1/6 353/1/6
f 363/1/12 353/1/12 354/1/12
f 377/1/1 367/1/1 368/1/1
f 372/1/2 371/1/2 387/1/2
f 369/1/689 370/1/689 366/1/689
f 387/1/4 371/1/4 367/1/4
f 367/1/690 371/1/690 372/1/690
f 392/1/12 382/1/12 368/1/12
f 366/1/8 373/1/8 378/1/8
f 373/1/1 374/1/1 379/1/1
f 374/1/1 375/1/1 380/1/1
f 375/1/8 376/1/8 381/1/8
f 376/1/8 377/1/8 382/1/8
f 388/1/2 383/1/2 370/1/2
f 389/1/10 384/1/10 383/1/10
f 390/1/2 385/1/2 384/1/2
f 391/1/18 386/1/18 385/1/18
f 392/1/2 387/1/2 386/1/2
f 370/1/4 383/1/4 373/1/4
f 383/1/11 384/1/11 374/1/11
f 384/1/11 385/1/11 375/1/11
f 385/1/11 386/1/11 376/1/11
f 386/1/11 387/1/11 377/1/11
f 365/1/6 378/1/6 388/1/6
f 378/1/6 379/1/6 389/1/6
f 379/1/6 380/1/6 390/1/6
f 390/1/6 380/1/6 381/1/6
f 391/1/12 381/1/12 382/1/12
f 405/1/421 395/1/421 396/1/421
f 400/1/308 399/1/308 415/1/308
f 397/1/691 398/1/691 394/1/691
f 405/1/22 415/1/22 399/1/22
f 395/1/692 399/1/692 400/1/692
f 410/1/12 396/1/12 400/1/12
f 394/1/14 401/1/14 406/1/14
f 401/1/14 402/1/14 407/1/14
f 402/1/14 403/1/14 408/1/14
f 403/1/693 404/1/693 409/1/693
f 404/1/693 405/1/693 410/1/693
f 416/1/2 411/1/2 398/1/2
f 417/1/10 412/1/10 411/1/10
f 418/1/2 413/1/2 412/1/2
f 419/1/18 414/1/18 413/1/18
f 420/1/2 415/1/2 414/1/2
f 394/1/4 398/1/4 411/1/4
f 401/1/4 411/1/4 412/1/4
f 402/1/4 412/1/4 413/1/4
f 403/1/4 413/1/4 414/1/4
f 404/1/4 414/1/4 415/1/4
f 393/1/12 406/1/12 416/1/12
f 406/1/12 407/1/12 417/1/12
f 407/1/12 408/1/12 418/1/12
f 408/1/12 409/1/12 419/1/12
f 409/1/12 410/1/12 420/1/12
f 433/1/31 423/1/31 424/1/31
f 428/1/316 427/1/316 443/1/316
f 425/1/694 426/1/694 422/1/694
f 433/1/26 443/1/26 427/1/26
f 423/1/695 427/1/695 428/1/695
f 438/1/28 424/1/28 428/1/28
f 422/1/559 429/1/559 434/1/559
f 429/1/30 430/1/30 435/1/30
f 430/1/31 431/1/31 436/1/31
f 431/1/29 432/1/29 437/1/29
f 432/1/31 433/1/31 438/1/31
f 444/1/308 439/1/308 426/1/308
f 445/1/32 440/1/32 439/1/32
f 446/1/308 441/1/308 440/1/308
f 447/1/308 442/1/308 441/1/308
f 448/1/2 443/1/2 442/1/2
f 422/1/26 426/1/26 439/1/26
f 429/1/26 439/1/26 440/1/26
f 430/1/26 440/1/26 441/1/26
f 431/1/26 441/1/26 442/1/26
f 432/1/26 442/1/26 443/1/26
f 421/1/28 434/1/28 444/1/28
f 434/1/28 435/1/28 445/1/28
f 435/1/28 436/1/28 446/1/28
f 436/1/33 437/1/33 447/1/33
f 437/1/28 438/1/28 448/1/28
f 461/1/34 451/1/34 452/1/34
f 456/1/315 455/1/315 471/1/315
f 453/1/696 454/1/696 450/1/696
f 461/1/46 471/1/46 455/1/46
f 451/1/697 455/1/697 456/1/697
f 466/1/39 452/1/39 456/1/39
f 450/1/192 457/1/192 462/1/192
f 457/1/192 458/1/192 463/1/192
f 458/1/191 459/1/191 464/1/191
f 459/1/191 460/1/191 465/1/191
f 460/1/426 461/1/426 466/1/426
f 472/1/45 467/1/45 454/1/45
f 473/1/428 468/1/428 467/1/428
f 474/1/698 469/1/698 468/1/698
f 475/1/42 470/1/42 469/1/42
f 476/1/42 471/1/42 470/1/42
f 450/1/46 454/1/46 467/1/46
f 457/1/37 467/1/37 468/1/37
f 458/1/46 468/1/46 469/1/46
f 459/1/46 469/1/46 470/1/46
f 460/1/46 470/1/46 471/1/46
f 449/1/39 462/1/39 472/1/39
f 462/1/39 463/1/39 473/1/39
f 463/1/39 464/1/39 474/1/39
f 464/1/39 465/1/39 475/1/39
f 465/1/39 466/1/39 476/1/39
f 489/1/47 479/1/47 480/1/47
f 484/1/57 483/1/57 499/1/57
f 481/1/699 482/1/699 478/1/699
f 489/1/50 499/1/50 483/1/50
f 479/1/700 483/1/700 484/1/700
f 494/1/52 480/1/52 484/1/52
f 478/1/53 485/1/53 490/1/53
f 485/1/47 486/1/47 491/1/47
f 486/1/701 487/1/701 492/1/701
f 487/1/322 488/1/322 493/1/322
f 488/1/321 489/1/321 494/1/321
f 500/1/58 495/1/58 482/1/58
f 501/1/56 496/1/56 495/1/56
f 502/1/317 497/1/317 496/1/317
f 503/1/57 498/1/57 497/1/57
f 504/1/55 499/1/55 498/1/55
f 478/1/50 482/1/50 495/1/50
f 485/1/50 495/1/50 496/1/50
f 486/1/59 496/1/59 497/1/59
f 487/1/50 497/1/50 498/1/50
f 488/1/59 498/1/59 499/1/59
f 477/1/52 490/1/52 500/1/52
f 490/1/52 491/1/52 501/1/52
f 491/1/52 492/1/52 502/1/52
f 492/1/52 493/1/52 503/1/52
f 493/1/52 494/1/52 504/1/52
f 517/1/702 507/1/702 508/1/702
f 512/1/70 511/1/70 527/1/70
f 509/1/703 510/1/703 506/1/703
f 517/1/63 527/1/63 511/1/63
f 507/1/704 511/1/704 512/1/704
f 522/1/65 508/1/65 512/1/65
f 506/1/433 513/1/433 518/1/433
f 513/1/705 514/1/705 519/1/705
f 514/1/504 515/1/504 520/1/504
f 515/1/68 516/1/68 521/1/68
f 516/1/66 517/1/66 522/1/66
f 528/1/71 523/1/71 510/1/71
f 529/1/325 524/1/325 523/1/325
f 530/1/70 525/1/70 524/1/70
f 531/1/71 526/1/71 525/1/71
f 532/1/325 527/1/325 526/1/325
f 506/1/63 510/1/63 523/1/63
f 513/1/63 523/1/63 524/1/63
f 514/1/63 524/1/63 525/1/63
f 515/1/63 525/1/63 526/1/63
f 516/1/63 526/1/63 527/1/63
f 505/1/65 518/1/65 528/1/65
f 518/1/65 519/1/65 529/1/65
f 519/1/65 520/1/65 530/1/65
f 520/1/65 521/1/65 531/1/65
f 521/1/65 522/1/65 532/1/65
f 545/1/178 535/1/178 536/1/178
f 540/1/706 539/1/706 555/1/706
f 537/1/707 538/1/707 534/1/707
f 545/1/437 555/1/437 539/1/437
f 535/1/708 539/1/708 540/1/708
f 550/1/78 536/1/78 540/1/78
f 534/1/177 541/1/177 546/1/177
f 541/1/178 542/1/178 547/1/178
f 542/1/709 543/1/709 548/1/709
f 543/1/80 544/1/80 549/1/80
f 544/1/327 545/1/327 550/1/327
f 556/1/84 551/1/84 538/1/84
f 557/1/74 552/1/74 551/1/74
f 558/1/81 553/1/81 552/1/81
f 559/1/84 554/1/84 553/1/84
f 560/1/74 555/1/74 554/1/74
f 534/1/76 538/1/76 551/1/76
f 541/1/76 551/1/76 552/1/76
f 542/1/76 552/1/76 553/1/76
f 543/1/76 553/1/76 554/1/76
f 544/1/76 554/1/76 555/1/76
f 533/1/78 546/1/78 556/1/78
f 546/1/78 547/1/78 557/1/78
f 547/1/78 548/1/78 558/1/78
f 548/1/78 549/1/78 559/1/78
f 549/1/78 550/1/78 560/1/78
f 573/1/566 563/1/566 564/1/566
f 568/1/86 567/1/86 583/1/86
f 565/1/710 566/1/710 562/1/710
f 573/1/88 583/1/88 567/1/88
f 563/1/711 567/1/711 568/1/711
f 578/1/90 564/1/90 568/1/90
f 562/1/566 569/1/566 574/1/566
f 569/1/91 570/1/91 575/1/91
f 570/1/91 571/1/91 576/1/91
f 571/1/91 572/1/91 577/1/91
f 572/1/92 573/1/92 578/1/92
f 584/1/712 579/1/712 566/1/712
f 585/1/96 580/1/96 579/1/96
f 586/1/96 581/1/96 580/1/96
f 587/1/95 582/1/95 581/1/95
f 588/1/86 583/1/86 582/1/86
f 562/1/88 566/1/88 579/1/88
f 569/1/88 579/1/88 580/1/88
f 570/1/88 580/1/88 581/1/88
f 571/1/88 581/1/88 582/1/88
f 572/1/88 582/1/88 583/1/88
f 561/1/90 574/1/90 584/1/90
f 574/1/90 575/1/90 585/1/90
f 575/1/90 576/1/90 586/1/90
f 576/1/90 577/1/90 587/1/90
f 577/1/90 578/1/90 588/1/90
f 601/1/98 591/1/98 592/1/98
f 596/1/99 595/1/99 611/1/99
f 593/1/713 594/1/713 590/1/713
f 601/1/101 611/1/101 595/1/101
f 591/1/714 595/1/714 596/1/714
f 606/1/103 592/1/103 596/1/103
f 590/1/606 597/1/606 602/1/606
f 597/1/606 598/1/606 603/1/606
f 598/1/715 599/1/715 604/1/715
f 599/1/606 600/1/606 605/1/606
f 600/1/606 601/1/606 606/1/606
f 612/1/99 607/1/99 594/1/99
f 613/1/110 608/1/110 607/1/110
f 614/1/106 609/1/106 608/1/106
f 615/1/107 610/1/107 609/1/107
f 616/1/107 611/1/107 610/1/107
f 590/1/101 594/1/101 607/1/101
f 597/1/101 607/1/101 608/1/101
f 598/1/101 608/1/101 609/1/101
f 599/1/101 609/1/101 610/1/101
f 600/1/101 610/1/101 611/1/101
f 589/1/103 602/1/103 612/1/103
f 602/1/103 603/1/103 613/1/103
f 603/1/103 604/1/103 614/1/103
f 604/1/103 605/1/103 615/1/103
f 605/1/103 606/1/103 616/1/103
f 629/1/111 619/1/111 620/1/111
f 624/1/340 623/1/340 639/1/340
f 621/1/716 622/1/716 618/1/716
f 629/1/114 639/1/114 623/1/114
f 619/1/717 623/1/717 624/1/717
f 634/1/116 620/1/116 624/1/116
f 618/1/343 625/1/343 630/1/343
f 625/1/343 626/1/343 631/1/343
f 626/1/572 627/1/572 632/1/572
f 627/1/572 628/1/572 633/1/572
f 628/1/111 629/1/111 634/1/111
f 640/1/514 635/1/514 622/1/514
f 641/1/514 636/1/514 635/1/514
f 642/1/168 637/1/168 636/1/168
f 643/1/344 638/1/344 637/1/344
f 644/1/718 639/1/718 638/1/718
f 618/1/114 622/1/114 635/1/114
f 625/1/114 635/1/114 636/1/114
f 626/1/114 636/1/114 637/1/114
f 627/1/114 637/1/114 638/1/114
f 628/1/114 638/1/114 639/1/114
f 617/1/116 630/1/116 640/1/116
f 630/1/116 631/1/116 641/1/116
f 631/1/116 632/1/116 642/1/116
f 632/1/116 633/1/116 643/1/116
f 633/1/116 634/1/116 644/1/116
f 657/1/129 647/1/129 648/1/129
f 652/1/134 651/1/134 667/1/134
f 649/1/719 650/1/719 646/1/719
f 657/1/126 667/1/126 651/1/126
f 647/1/720 651/1/720 652/1/720
f 662/1/136 648/1/136 652/1/136
f 646/1/130 653/1/130 658/1/130
f 653/1/721 654/1/721 659/1/721
f 654/1/722 655/1/722 660/1/722
f 655/1/131 656/1/131 661/1/131
f 656/1/131 657/1/131 662/1/131
f 668/1/124 663/1/124 650/1/124
f 669/1/124 664/1/124 663/1/124
f 670/1/124 665/1/124 664/1/124
f 671/1/147 666/1/147 665/1/147
f 672/1/124 667/1/124 666/1/124
f 646/1/126 650/1/126 663/1/126
f 653/1/126 663/1/126 664/1/126
f 654/1/126 664/1/126 665/1/126
f 655/1/126 665/1/126 666/1/126
f 656/1/126 666/1/126 667/1/126
f 645/1/136 658/1/136 668/1/136
f 658/1/136 659/1/136 669/1/136
f 659/1/128 660/1/128 670/1/128
f 660/1/128 661/1/128 671/1/128
f 661/1/136 662/1/136 672/1/136
f 685/1/142 675/1/142 676/1/142
f 680/1/354 679/1/354 695/1/354
f 677/1/723 678/1/723 674/1/723
f 685/1/139 695/1/139 679/1/139
f 675/1/724 679/1/724 680/1/724
f 690/1/141 676/1/141 680/1/141
f 674/1/353 681/1/353 686/1/353
f 681/1/142 682/1/142 687/1/142
f 682/1/142 683/1/142 688/1/142
f 683/1/142 684/1/142 689/1/142
f 684/1/123 685/1/123 690/1/123
f 696/1/354 691/1/354 678/1/354
f 697/1/354 692/1/354 691/1/354
f 698/1/354 693/1/354 692/1/354
f 699/1/137 694/1/137 693/1/137
f 700/1/354 695/1/354 694/1/354
f 674/1/139 678/1/139 691/1/139
f 681/1/139 691/1/139 692/1/139
f 682/1/139 692/1/139 693/1/139
f 683/1/139 693/1/139 694/1/139
f 684/1/139 694/1/139 695/1/139
f 673/1/141 686/1/141 696/1/141
f 686/1/141 687/1/141 697/1/141
f 687/1/141 688/1/141 698/1/141
f 688/1/141 689/1/141 699/1/141
f 689/1/141 690/1/141 700/1/141
f 713/1/152 703/1/152 704/1/152
f 708/1/158 707/1/158 723/1/158
f 705/1/725 706/1/725 702/1/725
f 713/1/160 723/1/160 707/1/160
f 703/1/726 707/1/726 708/1/726
f 718/1/357 704/1/357 708/1/357
f 702/1/146 709/1/146 714/1/146
f 709/1/156 710/1/156 715/1/156
f 710/1/156 711/1/156 716/1/156
f 711/1/152 712/1/152 717/1/152
f 712/1/355 713/1/355 718/1/355
f 724/1/134 719/1/134 706/1/134
f 725/1/134 720/1/134 719/1/134
f 726/1/134 721/1/134 720/1/134
f 727/1/158 722/1/158 721/1/158
f 728/1/134 723/1/134 722/1/134
f 702/1/160 706/1/160 719/1/160
f 709/1/160 719/1/160 720/1/160
f 710/1/160 720/1/160 721/1/160
f 711/1/149 721/1/149 722/1/149
f 712/1/149 722/1/149 723/1/149
f 701/1/151 714/1/151 724/1/151
f 714/1/151 715/1/151 725/1/151
f 715/1/151 716/1/151 726/1/151
f 716/1/151 717/1/151 727/1/151
f 717/1/357 718/1/357 728/1/357
f 741/1/727 731/1/727 732/1/727
f 736/1/345 735/1/345 751/1/345
f 733/1/728 734/1/728 730/1/728
f 741/1/164 751/1/164 735/1/164
f 731/1/729 735/1/729 736/1/729
f 746/1/166 732/1/166 736/1/166
f 730/1/167 737/1/167 742/1/167
f 737/1/730 738/1/730 743/1/730
f 738/1/161 739/1/161 744/1/161
f 739/1/167 740/1/167 745/1/167
f 740/1/731 741/1/731 746/1/731
f 752/1/524 747/1/524 734/1/524
f 753/1/168 748/1/168 747/1/168
f 754/1/521 749/1/521 748/1/521
f 755/1/524 750/1/524 749/1/524
f 756/1/112 751/1/112 750/1/112
f 730/1/164 734/1/164 747/1/164
f 737/1/164 747/1/164 748/1/164
f 738/1/164 748/1/164 749/1/164
f 739/1/170 749/1/170 750/1/170
f 740/1/164 750/1/164 751/1/164
f 729/1/166 742/1/166 752/1/166
f 742/1/166 743/1/166 753/1/166
f 743/1/166 744/1/166 754/1/166
f 744/1/166 745/1/166 755/1/166
f 745/1/166 746/1/166 756/1/166
f 769/1/178 759/1/178 760/1/178
f 764/1/182 763/1/182 779/1/182
f 761/1/732 762/1/732 758/1/732
f 769/1/174 779/1/174 763/1/174
f 759/1/733 763/1/733 764/1/733
f 774/1/176 760/1/176 764/1/176
f 758/1/327 765/1/327 770/1/327
f 765/1/459 766/1/459 771/1/459
f 766/1/734 767/1/734 772/1/734
f 767/1/327 768/1/327 773/1/327
f 768/1/327 769/1/327 774/1/327
f 780/1/366 775/1/366 762/1/366
f 781/1/366 776/1/366 775/1/366
f 782/1/172 777/1/172 776/1/172
f 783/1/365 778/1/365 777/1/365
f 784/1/527 779/1/527 778/1/527
f 758/1/174 762/1/174 775/1/174
f 765/1/174 775/1/174 776/1/174
f 766/1/174 776/1/174 777/1/174
f 767/1/174 777/1/174 778/1/174
f 768/1/174 778/1/174 779/1/174
f 757/1/176 770/1/176 780/1/176
f 770/1/176 771/1/176 781/1/176
f 771/1/176 772/1/176 782/1/176
f 772/1/176 773/1/176 783/1/176
f 773/1/176 774/1/176 784/1/176
f 797/1/190 787/1/190 788/1/190
f 792/1/74 791/1/74 807/1/74
f 789/1/735 790/1/735 786/1/735
f 797/1/186 807/1/186 791/1/186
f 787/1/736 791/1/736 792/1/736
f 802/1/188 788/1/188 792/1/188
f 786/1/737 793/1/737 798/1/737
f 793/1/191 794/1/191 799/1/191
f 794/1/190 795/1/190 800/1/190
f 795/1/738 796/1/738 801/1/738
f 796/1/190 797/1/190 802/1/190
f 808/1/739 803/1/739 790/1/739
f 809/1/82 804/1/82 803/1/82
f 810/1/83 805/1/83 804/1/83
f 811/1/84 806/1/84 805/1/84
f 812/1/84 807/1/84 806/1/84
f 786/1/186 790/1/186 803/1/186
f 793/1/186 803/1/186 804/1/186
f 794/1/186 804/1/186 805/1/186
f 795/1/186 805/1/186 806/1/186
f 796/1/186 806/1/186 807/1/186
f 785/1/188 798/1/188 808/1/188
f 798/1/188 799/1/188 809/1/188
f 799/1/188 800/1/188 810/1/188
f 800/1/188 801/1/188 811/1/188
f 801/1/188 802/1/188 812/1/188
f 830/1/200 825/1/200 815/1/200
f 840/1/201 820/1/201 819/1/201
f 817/1/740 818/1/740 814/1/740
f 835/1/204 819/1/204 815/1/204
f 815/1/741 819/1/741 820/1/741
f 840/1/197 830/1/197 816/1/197
f 813/1/200 814/1/200 821/1/200
f 826/1/200 821/1/200 822/1/200
f 827/1/193 822/1/193 823/1/193
f 828/1/742 823/1/742 824/1/742
f 829/1/378 824/1/378 825/1/378
f 836/1/374 831/1/374 818/1/374
f 837/1/374 832/1/374 831/1/374
f 838/1/202 833/1/202 832/1/202
f 839/1/10 834/1/10 833/1/10
f 839/1/379 840/1/379 835/1/379
f 818/1/204 831/1/204 821/1/204
f 831/1/203 832/1/203 822/1/203
f 832/1/195 833/1/195 823/1/195
f 833/1/204 834/1/204 824/1/204
f 834/1/204 835/1/204 825/1/204
f 817/1/205 813/1/205 826/1/205
f 836/1/205 826/1/205 827/1/205
f 837/1/197 827/1/197 828/1/197
f 838/1/205 828/1/205 829/1/205
f 839/1/197 829/1/197 830/1/197
f 858/1/614 853/1/614 843/1/614
f 868/1/217 848/1/217 847/1/217
f 845/1/743 846/1/743 842/1/743
f 863/1/209 847/1/209 843/1/209
f 843/1/744 847/1/744 848/1/744
f 868/1/220 858/1/220 844/1/220
f 841/1/745 842/1/745 849/1/745
f 854/1/206 849/1/206 850/1/206
f 855/1/212 850/1/212 851/1/212
f 856/1/212 851/1/212 852/1/212
f 857/1/214 852/1/214 853/1/214
f 845/1/218 864/1/218 859/1/218
f 864/1/382 865/1/382 860/1/382
f 865/1/215 866/1/215 861/1/215
f 866/1/219 867/1/219 862/1/219
f 867/1/219 868/1/219 863/1/219
f 846/1/209 859/1/209 849/1/209
f 859/1/209 860/1/209 850/1/209
f 860/1/209 861/1/209 851/1/209
f 861/1/209 862/1/209 852/1/209
f 862/1/209 863/1/209 853/1/209
f 845/1/220 841/1/220 854/1/220
f 864/1/211 854/1/211 855/1/211
f 865/1/220 855/1/220 856/1/220
f 866/1/220 856/1/220 857/1/220
f 867/1/211 857/1/211 858/1/211
f 886/1/230 881/1/230 871/1/230
f 896/1/746 876/1/746 875/1/746
f 873/1/747 874/1/747 870/1/747
f 891/1/224 875/1/224 871/1/224
f 871/1/748 875/1/748 876/1/748
f 896/1/226 886/1/226 872/1/226
f 869/1/230 870/1/230 877/1/230
f 882/1/227 877/1/227 878/1/227
f 883/1/386 878/1/386 879/1/386
f 884/1/386 879/1/386 880/1/386
f 885/1/749 880/1/749 881/1/749
f 873/1/678 892/1/678 887/1/678
f 892/1/222 893/1/222 888/1/222
f 893/1/678 894/1/678 889/1/678
f 894/1/234 895/1/234 890/1/234
f 895/1/234 896/1/234 891/1/234
f 874/1/224 887/1/224 877/1/224
f 887/1/224 888/1/224 878/1/224
f 888/1/224 889/1/224 879/1/224
f 889/1/224 890/1/224 880/1/224
f 890/1/224 891/1/224 881/1/224
f 873/1/226 869/1/226 882/1/226
f 892/1/226 882/1/226 883/1/226
f 893/1/226 883/1/226 884/1/226
f 894/1/226 884/1/226 885/1/226
f 895/1/226 885/1/226 886/1/226
f 914/1/255 909/1/255 899/1/255
f 924/1/247 904/1/247 903/1/247
f 901/1/750 902/1/750 898/1/750
f 919/1/238 903/1/238 899/1/238
f 899/1/751 903/1/751 904/1/751
f 924/1/240 914/1/240 900/1/240
f 897/1/592 898/1/592 905/1/592
f 910/1/249 905/1/249 906/1/249
f 911/1/392 906/1/392 907/1/392
f 912/1/479 907/1/479 908/1/479
f 913/1/244 908/1/244 909/1/244
f 901/1/245 920/1/245 915/1/245
f 920/1/248 921/1/248 916/1/248
f 921/1/246 922/1/246 917/1/246
f 922/1/247 923/1/247 918/1/247
f 923/1/248 924/1/248 919/1/248
f 902/1/238 915/1/238 905/1/238
f 915/1/238 916/1/238 906/1/238
f 916/1/238 917/1/238 907/1/238
f 917/1/238 918/1/238 908/1/238
f 918/1/238 919/1/238 909/1/238
f 901/1/240 897/1/240 910/1/240
f 920/1/240 910/1/240 911/1/240
f 921/1/240 911/1/240 912/1/240
f 922/1/240 912/1/240 913/1/240
f 923/1/240 913/1/240 914/1/240
f 942/1/243 937/1/243 927/1/243
f 952/1/266 932/1/266 931/1/266
f 929/1/752 930/1/752 926/1/752
f 947/1/252 931/1/252 927/1/252
f 927/1/753 931/1/753 932/1/753
f 952/1/254 942/1/254 928/1/254
f 925/1/390 926/1/390 933/1/390
f 938/1/390 933/1/390 934/1/390
f 939/1/754 934/1/754 935/1/754
f 940/1/617 935/1/617 936/1/617
f 941/1/242 936/1/242 937/1/242
f 929/1/267 948/1/267 943/1/267
f 948/1/267 949/1/267 944/1/267
f 949/1/394 950/1/394 945/1/394
f 950/1/755 951/1/755 946/1/755
f 951/1/756 952/1/756 947/1/756
f 930/1/252 943/1/252 933/1/252
f 943/1/252 944/1/252 934/1/252
f 944/1/252 945/1/252 935/1/252
f 945/1/252 946/1/252 936/1/252
f 946/1/252 947/1/252 937/1/252
f 929/1/254 925/1/254 938/1/254
f 948/1/254 938/1/254 939/1/254
f 949/1/254 939/1/254 940/1/254
f 950/1/254 940/1/254 941/1/254
f 951/1/254 941/1/254 942/1/254
f 970/1/395 965/1/395 955/1/395
f 980/1/250 960/1/250 959/1/250
f 957/1/757 958/1/757 954/1/757
f 975/1/261 959/1/261 955/1/261
f 955/1/758 959/1/758 960/1/758
f 980/1/263 970/1/263 956/1/263
f 953/1/265 954/1/265 961/1/265
f 966/1/482 961/1/482 962/1/482
f 967/1/258 962/1/258 963/1/258
f 968/1/258 963/1/258 964/1/258
f 969/1/258 964/1/258 965/1/258
f 957/1/267 976/1/267 971/1/267
f 976/1/759 977/1/759 972/1/759
f 977/1/250 978/1/250 973/1/250
f 978/1/266 979/1/266 974/1/266
f 979/1/266 980/1/266 975/1/266
f 958/1/261 971/1/261 961/1/261
f 971/1/268 972/1/268 962/1/268
f 972/1/261 973/1/261 963/1/261
f 973/1/268 974/1/268 964/1/268
f 974/1/238 975/1/238 965/1/238
f 957/1/683 953/1/683 966/1/683
f 976/1/263 966/1/263 967/1/263
f 977/1/263 967/1/263 968/1/263
f 978/1/263 968/1/263 969/1/263
f 979/1/263 969/1/263 970/1/263
f 998/1/595 993/1/595 983/1/595
f 1008/1/543 988/1/543 987/1/543
f 985/1/760 986/1/760 982/1/760
f 1003/1/272 987/1/272 983/1/272
f 983/1/761 987/1/761 988/1/761
f 1008/1/274 998/1/274 984/1/274
f 981/1/269 982/1/269 989/1/269
f 994/1/275 989/1/275 990/1/275
f 995/1/762 990/1/762 991/1/762
f 996/1/545 991/1/545 992/1/545
f 997/1/269 992/1/269 993/1/269
f 985/1/387 1004/1/387 999/1/387
f 1004/1/403 1005/1/403 1000/1/403
f 1005/1/543 1006/1/543 1001/1/543
f 1006/1/543 1007/1/543 1002/1/543
f 1007/1/279 1008/1/279 1003/1/279
f 986/1/272 999/1/272 989/1/272
f 999/1/272 1000/1/272 990/1/272
f 1000/1/272 1001/1/272 991/1/272
f 1001/1/272 1002/1/272 992/1/272
f 1002/1/272 1003/1/272 993/1/272
f 985/1/274 981/1/274 994/1/274
f 1004/1/274 994/1/274 995/1/274
f 1005/1/274 995/1/274 996/1/274
f 1006/1/226 996/1/226 997/1/226
f 1007/1/274 997/1/274 998/1/274
f 1026/1/550 1021/1/550 1011/1/550
f 1036/1/410 1016/1/410 1015/1/410
f 1013/1/763 1014/1/763 1010/1/763
f 1031/1/284 1015/1/284 1011/1/284
f 1011/1/764 1015/1/764 1016/1/764
f 1036/1/220 1026/1/220 1012/1/220
f 1009/1/765 1010/1/765 1017/1/765
f 1022/1/550 1017/1/550 1018/1/550
f 1023/1/287 1018/1/287 1019/1/287
f 1024/1/404 1019/1/404 1020/1/404
f 1025/1/287 1020/1/287 1021/1/287
f 1013/1/282 1032/1/282 1027/1/282
f 1032/1/282 1033/1/282 1028/1/282
f 1033/1/282 1034/1/282 1029/1/282
f 1034/1/410 1035/1/410 1030/1/410
f 1035/1/282 1036/1/282 1031/1/282
f 1014/1/407 1027/1/407 1017/1/407
f 1027/1/284 1028/1/284 1018/1/284
f 1028/1/284 1029/1/284 1019/1/284
f 1029/1/407 1030/1/407 1020/1/407
f 1030/1/407 1031/1/407 1021/1/407
f 1013/1/220 1009/1/220 1022/1/220
f 1032/1/220 1022/1/220 1023/1/220
f 1033/1/220 1023/1/220 1024/1/220
f 1034/1/220 1024/1/220 1025/1/220
f 1035/1/220 1025/1/220 1026/1/220
f 1054/1/596 1049/1/596 1039/1/596
f 1064/1/303 1044/1/303 1043/1/303
f 1041/1/766 1042/1/766 1038/1/766
f 1059/1/294 1043/1/294 1039/1/294
f 1039/1/767 1043/1/767 1044/1/767
f 1064/1/296 1054/1/296 1040/1/296
f 1037/1/768 1038/1/768 1045/1/768
f 1050/1/300 1045/1/300 1046/1/300
f 1051/1/552 1046/1/552 1047/1/552
f 1052/1/552 1047/1/552 1048/1/552
f 1053/1/412 1048/1/412 1049/1/412
f 1041/1/769 1060/1/769 1055/1/769
f 1060/1/305 1061/1/305 1056/1/305
f 1061/1/305 1062/1/305 1057/1/305
f 1062/1/770 1063/1/770 1058/1/770
f 1063/1/305 1064/1/305 1059/1/305
f 1042/1/294 1055/1/294 1045/1/294
f 1055/1/294 1056/1/294 1046/1/294
f 1056/1/294 1057/1/294 1047/1/294
f 1057/1/294 1058/1/294 1048/1/294
f 1058/1/294 1059/1/294 1049/1/294
f 1041/1/296 1037/1/296 1050/1/296
f 1060/1/296 1050/1/296 1051/1/296
f 1061/1/495 1051/1/495 1052/1/495
f 1062/1/296 1052/1/296 1053/1/296
f 1063/1/296 1053/1/296 1054/1/296
f 1077/1/1 1067/1/1 1068/1/1
f 1072/1/2 1071/1/2 1087/1/2
f 1069/1/557 1070/1/557 1066/1/557
f 1077/1/4 1087/1/4 1071/1/4
f 1067/1/771 1071/1/771 1072/1/771
f 1092/1/6 1082/1/6 1068/1/6
f 1066/1/1 1073/1/1 1078/1/1
f 1073/1/1 1074/1/1 1079/1/1
f 1074/1/8 1075/1/8 1080/1/8
f 1075/1/8 1076/1/8 1081/1/8
f 1076/1/1 1077/1/1 1082/1/1
f 1088/1/13 1083/1/13 1070/1/13
f 1089/1/2 1084/1/2 1083/1/2
f 1090/1/2 1085/1/2 1084/1/2
f 1091/1/18 1086/1/18 1085/1/18
f 1092/1/2 1087/1/2 1086/1/2
f 1070/1/4 1083/1/4 1073/1/4
f 1083/1/11 1084/1/11 1074/1/11
f 1084/1/11 1085/1/11 1075/1/11
f 1085/1/4 1086/1/4 1076/1/4
f 1076/1/4 1086/1/4 1087/1/4
f 1065/1/6 1078/1/6 1088/1/6
f 1078/1/6 1079/1/6 1089/1/6
f 1079/1/12 1080/1/12 1090/1/12
f 1080/1/12 1081/1/12 1091/1/12
f 1081/1/6 1082/1/6 1092/1/6
f 1105/1/1 1095/1/1 1096/1/1
f 1100/1/15 1099/1/15 1115/1/15
f 1097/1/557 1098/1/557 1094/1/557
f 1105/1/4 1115/1/4 1099/1/4
f 1095/1/771 1099/1/771 1100/1/771
f 1120/1/6 1110/1/6 1096/1/6
f 1094/1/1 1101/1/1 1106/1/1
f 1101/1/1 1102/1/1 1107/1/1
f 1102/1/8 1103/1/8 1108/1/8
f 1103/1/8 1104/1/8 1109/1/8
f 1104/1/1 1105/1/1 1110/1/1
f 1116/1/13 1111/1/13 1098/1/13
f 1117/1/2 1112/1/2 1111/1/2
f 1118/1/2 1113/1/2 1112/1/2
f 1119/1/18 1114/1/18 1113/1/18
f 1120/1/2 1115/1/2 1114/1/2
f 1098/1/4 1111/1/4 1101/1/4
f 1111/1/11 1112/1/11 1102/1/11
f 1112/1/11 1113/1/11 1103/1/11
f 1113/1/4 1114/1/4 1104/1/4
f 1114/1/4 1115/1/4 1105/1/4
f 1093/1/12 1106/1/12 1116/1/12
f 1106/1/6 1107/1/6 1117/1/6
f 1107/1/12 1108/1/12 1118/1/12
f 1108/1/12 1109/1/12 1119/1/12
f 1109/1/6 1110/1/6 1120/1/6
f 1133/1/1 1123/1/1 1124/1/1
f 1128/1/2 1127/1/2 1143/1/2
f 1125/1/557 1126/1/557 1122/1/557
f 1143/1/4 1127/1/4 1123/1/4
f 1123/1/771 1127/1/771 1128/1/771
f 1148/1/6 1138/1/6 1124/1/6
f 1122/1/1 1129/1/1 1134/1/1
f 1129/1/1 1130/1/1 1135/1/1
f 1130/1/8 1131/1/8 1136/1/8
f 1131/1/8 1132/1/8 1137/1/8
f 1132/1/1 1133/1/1 1138/1/1
f 1144/1/13 1139/1/13 1126/1/13
f 1145/1/15 1140/1/15 1139/1/15
f 1146/1/2 1141/1/2 1140/1/2
f 1147/1/18 1142/1/18 1141/1/18
f 1148/1/2 1143/1/2 1142/1/2
f 1126/1/4 1139/1/4 1129/1/4
f 1139/1/11 1140/1/11 1130/1/11
f 1140/1/11 1141/1/11 1131/1/11
f 1141/1/4 1142/1/4 1132/1/4
f 1142/1/4 1143/1/4 1133/1/4
f 1121/1/6 1134/1/6 1144/1/6
f 1134/1/12 1135/1/12 1145/1/12
f 1135/1/12 1136/1/12 1146/1/12
f 1136/1/12 1137/1/12 1147/1/12
f 1137/1/6 1138/1/6 1148/1/6
f 1161/1/1 1151/1/1 1152/1/1
f 1156/1/2 1155/1/2 1171/1/2
f 1153/1/557 1154/1/557 1150/1/557
f 1171/1/4 1155/1/4 1151/1/4
f 1151/1/771 1155/1/771 1156/1/771
f 1176/1/6 1166/1/6 1152/1/6
f 1150/1/1 1157/1/1 1162/1/1
f 1157/1/1 1158/1/1 1163/1/1
f 1158/1/8 1159/1/8 1164/1/8
f 1159/1/8 1160/1/8 1165/1/8
f 1160/1/1 1161/1/1 1166/1/1
f 1172/1/13 1167/1/13 1154/1/13
f 1173/1/2 1168/1/2 1167/1/2
f 1174/1/2 1169/1/2 1168/1/2
f 1175/1/18 1170/1/18 1169/1/18
f 1176/1/2 1171/1/2 1170/1/2
f 1154/1/4 1167/1/4 1157/1/4
f 1167/1/11 1168/1/11 1158/1/11
f 1168/1/11 1169/1/11 1159/1/11
f 1169/1/4 1170/1/4 1160/1/4
f 1170/1/4 1171/1/4 1161/1/4
f 1149/1/6 1162/1/6 1172/1/6
f 1162/1/6 1163/1/6 1173/1/6
f 1163/1/12 1164/1/12 1174/1/12
f 1164/1/6 1165/1/6 1175/1/6
f 1175/1/6 1165/1/6 1166/1/6
f 1189/1/1 1179/1/1 1180/1/1
f 1184/1/15 1183/1/15 1199/1/15
f 1181/1/689 1182/1/689 1178/1/689
f 1199/1/11 1183/1/11 1179/1/11
f 1179/1/771 1183/1/771 1184/1/771
f 1204/1/6 1194/1/6 1180/1/6
f 1178/1/1 1185/1/1 1190/1/1
f 1185/1/1 1186/1/1 1191/1/1
f 1186/1/8 1187/1/8 1192/1/8
f 1187/1/8 1188/1/8 1193/1/8
f 1188/1/1 1189/1/1 1194/1/1
f 1200/1/13 1195/1/13 1182/1/13
f 1201/1/15 1196/1/15 1195/1/15
f 1202/1/2 1197/1/2 1196/1/2
f 1203/1/18 1198/1/18 1197/1/18
f 1204/1/2 1199/1/2 1198/1/2
f 1182/1/4 1195/1/4 1185/1/4
f 1195/1/11 1196/1/11 1186/1/11
f 1196/1/11 1197/1/11 1187/1/11
f 1197/1/4 1198/1/4 1188/1/4
f 1198/1/4 1199/1/4 1189/1/4
f 1177/1/12 1190/1/12 1200/1/12
f 1190/1/6 1191/1/6 1201/1/6
f 1191/1/12 1192/1/12 1202/1/12
f 1192/1/12 1193/1/12 1203/1/12
f 1193/1/6 1194/1/6 1204/1/6
f 1217/1/1 1207/1/1 1208/1/1
f 1212/1/308 1211/1/308 1227/1/308
f 1209/1/772 1210/1/772 1206/1/772
f 1227/1/4 1211/1/4 1207/1/4
f 1207/1/771 1211/1/771 1212/1/771
f 1232/1/6 1222/1/6 1208/1/6
f 1206/1/1 1213/1/1 1218/1/1
f 1213/1/1 1214/1/1 1219/1/1
f 1214/1/8 1215/1/8 1220/1/8
f 1215/1/8 1216/1/8 1221/1/8
f 1216/1/1 1217/1/1 1222/1/1
f 1228/1/13 1223/1/13 1210/1/13
f 1229/1/308 1224/1/308 1223/1/308
f 1230/1/2 1225/1/2 1224/1/2
f 1231/1/18 1226/1/18 1225/1/18
f 1232/1/2 1227/1/2 1226/1/2
f 1210/1/4 1223/1/4 1213/1/4
f 1223/1/11 1224/1/11 1214/1/11
f 1224/1/11 1225/1/11 1215/1/11
f 1225/1/4 1226/1/4 1216/1/4
f 1226/1/4 1227/1/4 1217/1/4
f 1205/1/6 1218/1/6 1228/1/6
f 1218/1/6 1219/1/6 1229/1/6
f 1219/1/12 1220/1/12 1230/1/12
f 1220/1/12 1221/1/12 1231/1/12
f 1221/1/6 1222/1/6 1232/1/6
f 1245/1/1 1235/1/1 1236/1/1
f 1240/1/308 1239/1/308 1255/1/308
f 1237/1/689 1238/1/689 1234/1/689
f 1255/1/4 1239/1/4 1235/1/4
f 1235/1/771 1239/1/771 1240/1/771
f 1260/1/6 1250/1/6 1236/1/6
f 1234/1/1 1241/1/1 1246/1/1
f 1241/1/1 1242/1/1 1247/1/1
f 1242/1/8 1243/1/8 1248/1/8
f 1243/1/8 1244/1/8 1249/1/8
f 1244/1/1 1245/1/1 1250/1/1
f 1256/1/13 1251/1/13 1238/1/13
f 1257/1/2 1252/1/2 1251/1/2
f 1258/1/2 1253/1/2 1252/1/2
f 1259/1/18 1254/1/18 1253/1/18
f 1260/1/2 1255/1/2 1254/1/2
f 1238/1/4 1251/1/4 1241/1/4
f 1251/1/11 1252/1/11 1242/1/11
f 1252/1/11 1253/1/11 1243/1/11
f 1253/1/4 1254/1/4 1244/1/4
f 1254/1/4 1255/1/4 1245/1/4
f 1233/1/6 1246/1/6 1256/1/6
f 1246/1/6 1247/1/6 1257/1/6
f 1247/1/12 1248/1/12 1258/1/12
f 1248/1/12 1249/1/12 1259/1/12
f 1259/1/6 1249/1/6 1250/1/6
f 1273/1/1 1263/1/1 1264/1/1
f 1268/1/308 1267/1/308 1283/1/308
f 1265/1/689 1266/1/689 1262/1/689
f 1283/1/4 1267/1/4 1263/1/4
f 1263/1/771 1267/1/771 1268/1/771
f 1288/1/6 1278/1/6 1264/1/6
f 1262/1/1 1269/1/1 1274/1/1
f 1269/1/1 1270/1/1 1275/1/1
f 1270/1/8 1271/1/8 1276/1/8
f 1271/1/8 1272/1/8 1277/1/8
f 1272/1/1 1273/1/1 1278/1/1
f 1284/1/13 1279/1/13 1266/1/13
f 1285/1/308 1280/1/308 1279/1/308
f 1286/1/2 1281/1/2 1280/1/2
f 1287/1/18 1282/1/18 1281/1/18
f 1288/1/2 1283/1/2 1282/1/2
f 1266/1/4 1279/1/4 1269/1/4
f 1279/1/11 1280/1/11 1270/1/11
f 1280/1/11 1281/1/11 1271/1/11
f 1281/1/4 1282/1/4 1272/1/4
f 1282/1/4 1283/1/4 1273/1/4
f 1261/1/6 1274/1/6 1284/1/6
f 1274/1/12 1275/1/12 1285/1/12
f 1275/1/12 1276/1/12 1286/1/12
f 1276/1/12 1277/1/12 1287/1/12
f 1287/1/6 1277/1/6 1278/1/6
f 1301/1/1 1291/1/1 1292/1/1
f 1296/1/2 1295/1/2 1311/1/2
f 1293/1/772 1294/1/772 1290/1/772
f 1311/1/4 1295/1/4 1291/1/4
f 1291/1/771 1295/1/771 1296/1/771
f 1316/1/6 1306/1/6 1292/1/6
f 1290/1/1 1297/1/1 1302/1/1
f 1297/1/1 1298/1/1 1303/1/1
f 1298/1/8 1299/1/8 1304/1/8
f 1299/1/8 1300/1/8 1305/1/8
f 1300/1/1 1301/1/1 1306/1/1
f 1312/1/13 1307/1/13 1294/1/13
f 1313/1/308 1308/1/308 1307/1/308
f 1314/1/2 1309/1/2 1308/1/2
f 1315/1/18 1310/1/18 1309/1/18
f 1316/1/2 1311/1/2 1310/1/2
f 1294/1/4 1307/1/4 1297/1/4
f 1307/1/11 1308/1/11 1298/1/11
f 1308/1/11 1309/1/11 1299/1/11
f 1309/1/4 1310/1/4 1300/1/4
f 1310/1/4 1311/1/4 1301/1/4
f 1289/1/6 1302/1/6 1312/1/6
f 1302/1/6 1303/1/6 1313/1/6
f 1303/1/12 1304/1/12 1314/1/12
f 1304/1/12 1305/1/12 1315/1/12
f 1305/1/6 1306/1/6 1316/1/6
f 1329/1/1 1319/1/1 1320/1/1
f 1324/1/308 1323/1/308 1339/1/308
f 1321/1/772 1322/1/772 1318/1/772
f 1339/1/4 1323/1/4 1319/1/4
f 1319/1/771 1323/1/771 1324/1/771
f 1344/1/6 1334/1/6 1320/1/6
f 1318/1/1 1325/1/1 1330/1/1
f 1325/1/1 1326/1/1 1331/1/1
f 1326/1/8 1327/1/8 1332/1/8
f 1327/1/8 1328/1/8 1333/1/8
f 1328/1/1 1329/1/1 1334/1/1
f 1340/1/13 1335/1/13 1322/1/13
f 1341/1/308 1336/1/308 1335/1/308
f 1342/1/2 1337/1/2 1336/1/2
f 1343/1/18 1338/1/18 1337/1/18
f 1344/1/2 1339/1/2 1338/1/2
f 1322/1/4 1335/1/4 1325/1/4
f 1335/1/11 1336/1/11 1326/1/11
f 1336/1/11 1337/1/11 1327/1/11
f 1337/1/4 1338/1/4 1328/1/4
f 1338/1/4 1339/1/4 1329/1/4
f 1317/1/6 1330/1/6 1340/1/6
f 1330/1/6 1331/1/6 1341/1/6
f 1331/1/12 1332/1/12 1342/1/12
f 1332/1/12 1333/1/12 1343/1/12
f 1343/1/6 1333/1/6 1334/1/6
f 1357/1/1 1347/1/1 1348/1/1
f 1352/1/308 1351/1/308 1367/1/308
f 1349/1/689 1350/1/689 1346/1/689
f 1367/1/4 1351/1/4 1347/1/4
f 1347/1/771 1351/1/771 1352/1/771
f 1362/1/6 1348/1/6 1352/1/6
f 1346/1/1 1353/1/1 1358/1/1
f 1353/1/1 1354/1/1 1359/1/1
f 1354/1/8 1355/1/8 1360/1/8
f 1355/1/8 1356/1/8 1361/1/8
f 1356/1/1 1357/1/1 1362/1/1
f 1368/1/13 1363/1/13 1350/1/13
f 1369/1/308 1364/1/308 1363/1/308
f 1370/1/2 1365/1/2 1364/1/2
f 1371/1/18 1366/1/18 1365/1/18
f 1372/1/2 1367/1/2 1366/1/2
f 1350/1/4 1363/1/4 1353/1/4
f 1363/1/11 1364/1/11 1354/1/11
f 1364/1/11 1365/1/11 1355/1/11
f 1365/1/4 1366/1/4 1356/1/4
f 1366/1/4 1367/1/4 1357/1/4
f 1345/1/6 1358/1/6 1368/1/6
f 1358/1/6 1359/1/6 1369/1/6
f 1359/1/12 1360/1/12 1370/1/12
f 1360/1/12 1361/1/12 1371/1/12
f 1361/1/6 1362/1/6 1372/1/6
f 1385/1/1 1375/1/1 1376/1/1
f 1380/1/308 1379/1/308 1395/1/308
f 1377/1/689 1378/1/689 1374/1/689
f 1395/1/4 1379/1/4 1375/1/4
f 1375/1/773 1379/1/773 1380/1/773
f 1400/1/6 1390/1/6 1376/1/6
f 1374/1/1 1381/1/1 1386/1/1
f 1381/1/1 1382/1/1 1387/1/1
f 1382/1/8 1383/1/8 1388/1/8
f 1383/1/8 1384/1/8 1389/1/8
f 1384/1/1 1385/1/1 1390/1/1
f 1396/1/13 1391/1/13 1378/1/13
f 1397/1/2 1392/1/2 1391/1/2
f 1398/1/2 1393/1/2 1392/1/2
f 1399/1/18 1394/1/18 1393/1/18
f 1400/1/2 1395/1/2 1394/1/2
f 1378/1/4 1391/1/4 1381/1/4
f 1391/1/11 1392/1/11 1382/1/11
f 1392/1/11 1393/1/11 1383/1/11
f 1393/1/4 1394/1/4 1384/1/4
f 1394/1/4 1395/1/4 1385/1/4
f 1373/1/6 1386/1/6 1396/1/6
f 1386/1/6 1387/1/6 1397/1/6
f 1387/1/12 1388/1/12 1398/1/12
f 1388/1/12 1389/1/12 1399/1/12
f 1389/1/6 1390/1/6 1400/1/6
f 1413/1/1 1403/1/1 1404/1/1
f 1408/1/308 1407/1/308 1423/1/308
f 1405/1/689 1406/1/689 1402/1/689
f 1423/1/4 1407/1/4 1403/1/4
f 1403/1/773 1407/1/773 1408/1/773
f 1428/1/6 1418/1/6 1404/1/6
f 1402/1/1 1409/1/1 1414/1/1
f 1409/1/1 1410/1/1 1415/1/1
f 1410/1/8 1411/1/8 1416/1/8
f 1411/1/8 1412/1/8 1417/1/8
f 1412/1/1 1413/1/1 1418/1/1
f 1424/1/13 1419/1/13 1406/1/13
f 1425/1/13 1420/1/13 1419/1/13
f 1426/1/2 1421/1/2 1420/1/2
f 1427/1/18 1422/1/18 1421/1/18
f 1428/1/2 1423/1/2 1422/1/2
f 1406/1/4 1419/1/4 1409/1/4
f 1419/1/4 1420/1/4 1410/1/4
f 1420/1/11 1421/1/11 1411/1/11
f 1421/1/4 1422/1/4 1412/1/4
f 1422/1/4 1423/1/4 1413/1/4
f 1401/1/6 1414/1/6 1424/1/6
f 1414/1/12 1415/1/12 1425/1/12
f 1415/1/12 1416/1/12 1426/1/12
f 1426/1/12 1416/1/12 1417/1/12
f 1427/1/6 1417/1/6 1418/1/6
f 1441/1/1 1431/1/1 1432/1/1
f 1436/1/2 1435/1/2 1451/1/2
f 1433/1/772 1434/1/772 1430/1/772
f 1451/1/4 1435/1/4 1431/1/4
f 1431/1/16 1435/1/16 1436/1/16
f 1456/1/6 1446/1/6 1432/1/6
f 1430/1/1 1437/1/1 1442/1/1
f 1437/1/1 1438/1/1 1443/1/1
f 1438/1/8 1439/1/8 1444/1/8
f 1439/1/8 1440/1/8 1445/1/8
f 1440/1/1 1441/1/1 1446/1/1
f 1452/1/13 1447/1/13 1434/1/13
f 1453/1/13 1448/1/13 1447/1/13
f 1454/1/2 1449/1/2 1448/1/2
f 1455/1/18 1450/1/18 1449/1/18
f 1456/1/2 1451/1/2 1450/1/2
f 1434/1/4 1447/1/4 1437/1/4
f 1447/1/4 1448/1/4 1438/1/4
f 1448/1/11 1449/1/11 1439/1/11
f 1449/1/4 1450/1/4 1440/1/4
f 1450/1/4 1451/1/4 1441/1/4
f 1429/1/6 1442/1/6 1452/1/6
f 1442/1/6 1443/1/6 1453/1/6
f 1443/1/12 1444/1/12 1454/1/12
f 1454/1/12 1444/1/12 1445/1/12
f 1455/1/6 1445/1/6 1446/1/6
f 1469/1/14 1459/1/14 1460/1/14
f 1464/1/308 1463/1/308 1479/1/308
f 1461/1/691 1462/1/691 1458/1/691
f 1469/1/4 1479/1/4 1463/1/4
f 1459/1/774 1463/1/774 1464/1/774
f 1474/1/12 1460/1/12 1464/1/12
f 1458/1/14 1465/1/14 1470/1/14
f 1465/1/14 1466/1/14 1471/1/14
f 1466/1/21 1467/1/21 1472/1/21
f 1467/1/21 1468/1/21 1473/1/21
f 1468/1/21 1469/1/21 1474/1/21
f 1480/1/13 1475/1/13 1462/1/13
f 1481/1/13 1476/1/13 1475/1/13
f 1482/1/2 1477/1/2 1476/1/2
f 1483/1/18 1478/1/18 1477/1/18
f 1484/1/2 1479/1/2 1478/1/2
f 1458/1/22 1462/1/22 1475/1/22
f 1465/1/22 1475/1/22 1476/1/22
f 1466/1/22 1476/1/22 1477/1/22
f 1467/1/4 1477/1/4 1478/1/4
f 1468/1/4 1478/1/4 1479/1/4
f 1457/1/12 1470/1/12 1480/1/12
f 1470/1/12 1471/1/12 1481/1/12
f 1471/1/12 1472/1/12 1482/1/12
f 1472/1/12 1473/1/12 1483/1/12
f 1473/1/12 1474/1/12 1484/1/12
f 1497/1/30 1487/1/30 1488/1/30
f 1492/1/15 1491/1/15 1507/1/15
f 1489/1/694 1490/1/694 1486/1/694
f 1497/1/26 1507/1/26 1491/1/26
f 1487/1/775 1491/1/775 1492/1/775
f 1502/1/28 1488/1/28 1492/1/28
f 1486/1/558 1493/1/558 1498/1/558
f 1493/1/31 1494/1/31 1499/1/31
f 1494/1/624 1495/1/624 1500/1/624
f 1495/1/559 1496/1/559 1501/1/559
f 1496/1/23 1497/1/23 1502/1/23
f 1508/1/13 1503/1/13 1490/1/13
f 1509/1/15 1504/1/15 1503/1/15
f 1510/1/316 1505/1/316 1504/1/316
f 1511/1/13 1506/1/13 1505/1/13
f 1512/1/625 1507/1/625 1506/1/625
f 1486/1/26 1490/1/26 1503/1/26
f 1493/1/26 1503/1/26 1504/1/26
f 1494/1/26 1504/1/26 1505/1/26
f 1495/1/26 1505/1/26 1506/1/26
f 1496/1/26 1506/1/26 1507/1/26
f 1485/1/28 1498/1/28 1508/1/28
f 1498/1/28 1499/1/28 1509/1/28
f 1499/1/33 1500/1/33 1510/1/33
f 1500/1/28 1501/1/28 1511/1/28
f 1501/1/28 1502/1/28 1512/1/28
f 1525/1/562 1515/1/562 1516/1/562
f 1520/1/45 1519/1/45 1535/1/45
f 1517/1/776 1518/1/776 1514/1/776
f 1525/1/46 1535/1/46 1519/1/46
f 1515/1/777 1519/1/777 1520/1/777
f 1530/1/39 1516/1/39 1520/1/39
f 1514/1/562 1521/1/562 1526/1/562
f 1521/1/778 1522/1/778 1527/1/778
f 1522/1/426 1523/1/426 1528/1/426
f 1523/1/779 1524/1/779 1529/1/779
f 1524/1/190 1525/1/190 1530/1/190
f 1536/1/42 1531/1/42 1518/1/42
f 1537/1/427 1532/1/427 1531/1/427
f 1538/1/35 1533/1/35 1532/1/35
f 1539/1/45 1534/1/45 1533/1/45
f 1540/1/45 1535/1/45 1534/1/45
f 1514/1/46 1518/1/46 1531/1/46
f 1521/1/46 1531/1/46 1532/1/46
f 1522/1/37 1532/1/37 1533/1/37
f 1523/1/46 1533/1/46 1534/1/46
f 1524/1/46 1534/1/46 1535/1/46
f 1513/1/39 1526/1/39 1536/1/39
f 1526/1/39 1527/1/39 1537/1/39
f 1527/1/39 1528/1/39 1538/1/39
f 1528/1/39 1529/1/39 1539/1/39
f 1529/1/39 1530/1/39 1540/1/39
f 1553/1/780 1543/1/780 1544/1/780
f 1548/1/57 1547/1/57 1563/1/57
f 1545/1/699 1546/1/699 1542/1/699
f 1553/1/50 1563/1/50 1547/1/50
f 1543/1/781 1547/1/781 1548/1/781
f 1558/1/52 1544/1/52 1548/1/52
f 1542/1/780 1549/1/780 1554/1/780
f 1549/1/53 1550/1/53 1555/1/53
f 1550/1/322 1551/1/322 1556/1/322
f 1551/1/780 1552/1/780 1557/1/780
f 1552/1/320 1553/1/320 1558/1/320
f 1564/1/782 1559/1/782 1546/1/782
f 1565/1/56 1560/1/56 1559/1/56
f 1566/1/317 1561/1/317 1560/1/317
f 1567/1/55 1562/1/55 1561/1/55
f 1568/1/783 1563/1/783 1562/1/783
f 1542/1/50 1546/1/50 1559/1/50
f 1549/1/50 1559/1/50 1560/1/50
f 1550/1/59 1560/1/59 1561/1/59
f 1551/1/59 1561/1/59 1562/1/59
f 1552/1/50 1562/1/50 1563/1/50
f 1541/1/52 1554/1/52 1564/1/52
f 1554/1/52 1555/1/52 1565/1/52
f 1555/1/52 1556/1/52 1566/1/52
f 1556/1/52 1557/1/52 1567/1/52
f 1557/1/52 1558/1/52 1568/1/52
f 1581/1/66 1571/1/66 1572/1/66
f 1576/1/435 1575/1/435 1591/1/435
f 1573/1/703 1574/1/703 1570/1/703
f 1581/1/63 1591/1/63 1575/1/63
f 1571/1/784 1575/1/784 1576/1/784
f 1586/1/65 1572/1/65 1576/1/65
f 1570/1/702 1577/1/702 1582/1/702
f 1577/1/702 1578/1/702 1583/1/702
f 1578/1/68 1579/1/68 1584/1/68
f 1579/1/433 1580/1/433 1585/1/433
f 1580/1/60 1581/1/60 1586/1/60
f 1592/1/71 1587/1/71 1574/1/71
f 1593/1/325 1588/1/325 1587/1/325
f 1594/1/71 1589/1/71 1588/1/71
f 1595/1/71 1590/1/71 1589/1/71
f 1596/1/61 1591/1/61 1590/1/61
f 1570/1/63 1574/1/63 1587/1/63
f 1577/1/63 1587/1/63 1588/1/63
f 1578/1/63 1588/1/63 1589/1/63
f 1579/1/63 1589/1/63 1590/1/63
f 1580/1/63 1590/1/63 1591/1/63
f 1569/1/65 1582/1/65 1592/1/65
f 1582/1/65 1583/1/65 1593/1/65
f 1583/1/65 1584/1/65 1594/1/65
f 1584/1/65 1585/1/65 1595/1/65
f 1585/1/65 1586/1/65 1596/1/65
f 1609/1/177 1599/1/177 1600/1/177
f 1604/1/83 1603/1/83 1619/1/83
f 1601/1/707 1602/1/707 1598/1/707
f 1609/1/76 1619/1/76 1603/1/76
f 1599/1/785 1603/1/785 1604/1/785
f 1614/1/78 1600/1/78 1604/1/78
f 1598/1/178 1605/1/178 1610/1/178
f 1605/1/709 1606/1/709 1611/1/709
f 1606/1/73 1607/1/73 1612/1/73
f 1607/1/79 1608/1/79 1613/1/79
f 1608/1/786 1609/1/786 1614/1/786
f 1620/1/81 1615/1/81 1602/1/81
f 1621/1/74 1616/1/74 1615/1/74
f 1622/1/84 1617/1/84 1616/1/84
f 1623/1/84 1618/1/84 1617/1/84
f 1624/1/74 1619/1/74 1618/1/74
f 1598/1/76 1602/1/76 1615/1/76
f 1605/1/437 1615/1/437 1616/1/437
f 1606/1/76 1616/1/76 1617/1/76
f 1607/1/76 1617/1/76 1618/1/76
f 1608/1/76 1618/1/76 1619/1/76
f 1597/1/78 1610/1/78 1620/1/78
f 1610/1/78 1611/1/78 1621/1/78
f 1611/1/78 1612/1/78 1622/1/78
f 1612/1/78 1613/1/78 1623/1/78
f 1613/1/78 1614/1/78 1624/1/78
f 1637/1/566 1627/1/566 1628/1/566
f 1632/1/787 1631/1/787 1647/1/787
f 1629/1/710 1630/1/710 1626/1/710
f 1637/1/88 1647/1/88 1631/1/88
f 1627/1/788 1631/1/788 1632/1/788
f 1642/1/90 1628/1/90 1632/1/90
f 1626/1/566 1633/1/566 1638/1/566
f 1633/1/92 1634/1/92 1639/1/92
f 1634/1/92 1635/1/92 1640/1/92
f 1635/1/92 1636/1/92 1641/1/92
f 1636/1/566 1637/1/566 1642/1/566
f 1648/1/95 1643/1/95 1630/1/95
f 1649/1/96 1644/1/96 1643/1/96
f 1650/1/96 1645/1/96 1644/1/96
f 1651/1/95 1646/1/95 1645/1/95
f 1652/1/86 1647/1/86 1646/1/86
f 1626/1/88 1630/1/88 1643/1/88
f 1633/1/88 1643/1/88 1644/1/88
f 1634/1/88 1644/1/88 1645/1/88
f 1635/1/88 1645/1/88 1646/1/88
f 1636/1/97 1646/1/97 1647/1/97
f 1625/1/90 1638/1/90 1648/1/90
f 1638/1/90 1639/1/90 1649/1/90
f 1639/1/90 1640/1/90 1650/1/90
f 1640/1/90 1641/1/90 1651/1/90
f 1641/1/90 1642/1/90 1652/1/90
f 1665/1/104 1655/1/104 1656/1/104
f 1660/1/789 1659/1/789 1675/1/789
f 1657/1/713 1658/1/713 1654/1/713
f 1665/1/101 1675/1/101 1659/1/101
f 1655/1/790 1659/1/790 1660/1/790
f 1670/1/103 1656/1/103 1660/1/103
f 1654/1/104 1661/1/104 1666/1/104
f 1661/1/104 1662/1/104 1667/1/104
f 1662/1/105 1663/1/105 1668/1/105
f 1663/1/104 1664/1/104 1669/1/104
f 1664/1/104 1665/1/104 1670/1/104
f 1676/1/791 1671/1/791 1658/1/791
f 1677/1/110 1672/1/110 1671/1/110
f 1678/1/339 1673/1/339 1672/1/339
f 1679/1/107 1674/1/107 1673/1/107
f 1680/1/570 1675/1/570 1674/1/570
f 1654/1/101 1658/1/101 1671/1/101
f 1661/1/101 1671/1/101 1672/1/101
f 1662/1/101 1672/1/101 1673/1/101
f 1663/1/101 1673/1/101 1674/1/101
f 1664/1/101 1674/1/101 1675/1/101
f 1653/1/103 1666/1/103 1676/1/103
f 1666/1/103 1667/1/103 1677/1/103
f 1667/1/103 1668/1/103 1678/1/103
f 1668/1/103 1669/1/103 1679/1/103
f 1669/1/103 1670/1/103 1680/1/103
f 1693/1/343 1683/1/343 1684/1/343
f 1688/1/112 1687/1/112 1703/1/112
f 1685/1/792 1686/1/792 1682/1/792
f 1693/1/114 1703/1/114 1687/1/114
f 1683/1/793 1687/1/793 1688/1/793
f 1698/1/116 1684/1/116 1688/1/116
f 1682/1/111 1689/1/111 1694/1/111
f 1689/1/572 1690/1/572 1695/1/572
f 1690/1/572 1691/1/572 1696/1/572
f 1691/1/794 1692/1/794 1697/1/794
f 1692/1/111 1693/1/111 1698/1/111
f 1704/1/514 1699/1/514 1686/1/514
f 1705/1/340 1700/1/340 1699/1/340
f 1706/1/344 1701/1/344 1700/1/344
f 1707/1/344 1702/1/344 1701/1/344
f 1708/1/344 1703/1/344 1702/1/344
f 1682/1/114 1686/1/114 1699/1/114
f 1689/1/114 1699/1/114 1700/1/114
f 1690/1/114 1700/1/114 1701/1/114
f 1691/1/114 1701/1/114 1702/1/114
f 1692/1/114 1702/1/114 1703/1/114
f 1681/1/116 1694/1/116 1704/1/116
f 1694/1/116 1695/1/116 1705/1/116
f 1695/1/116 1696/1/116 1706/1/116
f 1696/1/116 1697/1/116 1707/1/116
f 1697/1/116 1698/1/116 1708/1/116
f 1721/1/133 1711/1/133 1712/1/133
f 1716/1/124 1715/1/124 1731/1/124
f 1713/1/719 1714/1/719 1710/1/719
f 1721/1/126 1731/1/126 1715/1/126
f 1711/1/795 1715/1/795 1716/1/795
f 1726/1/136 1712/1/136 1716/1/136
f 1710/1/132 1717/1/132 1722/1/132
f 1717/1/132 1718/1/132 1723/1/132
f 1718/1/722 1719/1/722 1724/1/722
f 1719/1/722 1720/1/722 1725/1/722
f 1720/1/133 1721/1/133 1726/1/133
f 1732/1/134 1727/1/134 1714/1/134
f 1733/1/134 1728/1/134 1727/1/134
f 1734/1/134 1729/1/134 1728/1/134
f 1735/1/159 1730/1/159 1729/1/159
f 1736/1/134 1731/1/134 1730/1/134
f 1710/1/126 1714/1/126 1727/1/126
f 1717/1/126 1727/1/126 1728/1/126
f 1718/1/126 1728/1/126 1729/1/126
f 1719/1/126 1729/1/126 1730/1/126
f 1720/1/126 1730/1/126 1731/1/126
f 1709/1/136 1722/1/136 1732/1/136
f 1722/1/136 1723/1/136 1733/1/136
f 1723/1/128 1724/1/128 1734/1/128
f 1724/1/136 1725/1/136 1735/1/136
f 1725/1/128 1726/1/128 1736/1/128
f 1749/1/353 1739/1/353 1740/1/353
f 1744/1/796 1743/1/796 1759/1/796
f 1741/1/723 1742/1/723 1738/1/723
f 1749/1/139 1759/1/139 1743/1/139
f 1739/1/797 1743/1/797 1744/1/797
f 1754/1/141 1740/1/141 1744/1/141
f 1738/1/142 1745/1/142 1750/1/142
f 1745/1/143 1746/1/143 1751/1/143
f 1746/1/143 1747/1/143 1752/1/143
f 1747/1/133 1748/1/133 1753/1/133
f 1748/1/143 1749/1/143 1754/1/143
f 1760/1/351 1755/1/351 1742/1/351
f 1761/1/354 1756/1/354 1755/1/354
f 1762/1/351 1757/1/351 1756/1/351
f 1763/1/137 1758/1/137 1757/1/137
f 1764/1/354 1759/1/354 1758/1/354
f 1738/1/139 1742/1/139 1755/1/139
f 1745/1/139 1755/1/139 1756/1/139
f 1746/1/139 1756/1/139 1757/1/139
f 1747/1/139 1757/1/139 1758/1/139
f 1748/1/139 1758/1/139 1759/1/139
f 1737/1/141 1750/1/141 1760/1/141
f 1750/1/141 1751/1/141 1761/1/141
f 1751/1/141 1752/1/141 1762/1/141
f 1752/1/141 1753/1/141 1763/1/141
f 1753/1/141 1754/1/141 1764/1/141
f 1777/1/156 1767/1/156 1768/1/156
f 1772/1/134 1771/1/134 1787/1/134
f 1769/1/725 1770/1/725 1766/1/725
f 1777/1/149 1787/1/149 1771/1/149
f 1767/1/798 1771/1/798 1772/1/798
f 1782/1/151 1768/1/151 1772/1/151
f 1766/1/153 1773/1/153 1778/1/153
f 1773/1/154 1774/1/154 1779/1/154
f 1774/1/355 1775/1/355 1780/1/355
f 1775/1/156 1776/1/156 1781/1/156
f 1776/1/146 1777/1/146 1782/1/146
f 1788/1/158 1783/1/158 1770/1/158
f 1789/1/157 1784/1/157 1783/1/157
f 1790/1/134 1785/1/134 1784/1/134
f 1791/1/134 1786/1/134 1785/1/134
f 1792/1/134 1787/1/134 1786/1/134
f 1766/1/149 1770/1/149 1783/1/149
f 1773/1/160 1783/1/160 1784/1/160
f 1774/1/149 1784/1/149 1785/1/149
f 1775/1/160 1785/1/160 1786/1/160
f 1776/1/160 1786/1/160 1787/1/160
f 1765/1/151 1778/1/151 1788/1/151
f 1778/1/151 1779/1/151 1789/1/151
f 1779/1/151 1780/1/151 1790/1/151
f 1780/1/151 1781/1/151 1791/1/151
f 1781/1/151 1782/1/151 1792/1/151
f 1805/1/799 1795/1/799 1796/1/799
f 1800/1/345 1799/1/345 1815/1/345
f 1797/1/800 1798/1/800 1794/1/800
f 1805/1/164 1815/1/164 1799/1/164
f 1795/1/801 1799/1/801 1800/1/801
f 1810/1/166 1796/1/166 1800/1/166
f 1794/1/731 1801/1/731 1806/1/731
f 1801/1/799 1802/1/799 1807/1/799
f 1802/1/802 1803/1/802 1808/1/802
f 1803/1/799 1804/1/799 1809/1/799
f 1804/1/799 1805/1/799 1810/1/799
f 1816/1/112 1811/1/112 1798/1/112
f 1817/1/345 1812/1/345 1811/1/345
f 1818/1/344 1813/1/344 1812/1/344
f 1819/1/524 1814/1/524 1813/1/524
f 1820/1/112 1815/1/112 1814/1/112
f 1794/1/164 1798/1/164 1811/1/164
f 1801/1/164 1811/1/164 1812/1/164
f 1802/1/164 1812/1/164 1813/1/164
f 1803/1/170 1813/1/170 1814/1/170
f 1804/1/164 1814/1/164 1815/1/164
f 1793/1/166 1806/1/166 1816/1/166
f 1806/1/166 1807/1/166 1817/1/166
f 1807/1/166 1808/1/166 1818/1/166
f 1808/1/166 1809/1/166 1819/1/166
f 1809/1/166 1810/1/166 1820/1/166
f 1833/1/803 1823/1/803 1824/1/803
f 1828/1/461 1827/1/461 1843/1/461
f 1825/1/732 1826/1/732 1822/1/732
f 1833/1/174 1843/1/174 1827/1/174
f 1823/1/804 1827/1/804 1828/1/804
f 1838/1/176 1824/1/176 1828/1/176
f 1822/1/805 1829/1/805 1834/1/805
f 1829/1/734 1830/1/734 1835/1/734
f 1830/1/734 1831/1/734 1836/1/734
f 1831/1/178 1832/1/178 1837/1/178
f 1832/1/327 1833/1/327 1838/1/327
f 1844/1/179 1839/1/179 1826/1/179
f 1845/1/179 1840/1/179 1839/1/179
f 1846/1/180 1841/1/180 1840/1/180
f 1847/1/180 1842/1/180 1841/1/180
f 1848/1/179 1843/1/179 1842/1/179
f 1822/1/174 1826/1/174 1839/1/174
f 1829/1/174 1839/1/174 1840/1/174
f 1830/1/174 1840/1/174 1841/1/174
f 1831/1/174 1841/1/174 1842/1/174
f 1832/1/174 1842/1/174 1843/1/174
f 1821/1/176 1834/1/176 1844/1/176
f 1834/1/176 1835/1/176 1845/1/176
f 1835/1/176 1836/1/176 1846/1/176
f 1836/1/176 1837/1/176 1847/1/176
f 1837/1/176 1838/1/176 1848/1/176
f 1861/1/34 1851/1/34 1852/1/34
f 1856/1/74 1855/1/74 1871/1/74
f 1853/1/735 1854/1/735 1850/1/735
f 1861/1/186 1871/1/186 1855/1/186
f 1851/1/806 1855/1/806 1856/1/806
f 1866/1/188 1852/1/188 1856/1/188
f 1850/1/191 1857/1/191 1862/1/191
f 1857/1/192 1858/1/192 1863/1/192
f 1858/1/184 1859/1/184 1864/1/184
f 1859/1/191 1860/1/191 1865/1/191
f 1860/1/562 1861/1/562 1866/1/562
f 1872/1/84 1867/1/84 1854/1/84
f 1873/1/807 1868/1/807 1867/1/807
f 1874/1/84 1869/1/84 1868/1/84
f 1875/1/329 1870/1/329 1869/1/329
f 1876/1/81 1871/1/81 1870/1/81
f 1850/1/186 1854/1/186 1867/1/186
f 1857/1/186 1867/1/186 1868/1/186
f 1858/1/186 1868/1/186 1869/1/186
f 1859/1/186 1869/1/186 1870/1/186
f 1860/1/186 1870/1/186 1871/1/186
f 1849/1/188 1862/1/188 1872/1/188
f 1862/1/188 1863/1/188 1873/1/188
f 1863/1/188 1864/1/188 1874/1/188
f 1864/1/188 1865/1/188 1875/1/188
f 1865/1/188 1866/1/188 1876/1/188
f 1894/1/200 1889/1/200 1879/1/200
f 1904/1/9 1884/1/9 1883/1/9
f 1881/1/740 1882/1/740 1878/1/740
f 1899/1/204 1883/1/204 1879/1/204
f 1879/1/808 1883/1/808 1884/1/808
f 1904/1/205 1894/1/205 1880/1/205
f 1877/1/200 1878/1/200 1885/1/200
f 1890/1/198 1885/1/198 1886/1/198
f 1891/1/193 1886/1/193 1887/1/193
f 1892/1/193 1887/1/193 1888/1/193
f 1893/1/582 1888/1/582 1889/1/582
f 1900/1/18 1895/1/18 1882/1/18
f 1901/1/9 1896/1/9 1895/1/9
f 1902/1/379 1897/1/379 1896/1/379
f 1903/1/374 1898/1/374 1897/1/374
f 1903/1/10 1904/1/10 1899/1/10
f 1882/1/203 1895/1/203 1885/1/203
f 1895/1/203 1896/1/203 1886/1/203
f 1896/1/204 1897/1/204 1887/1/204
f 1897/1/204 1898/1/204 1888/1/204
f 1898/1/203 1899/1/203 1889/1/203
f 1881/1/205 1877/1/205 1890/1/205
f 1900/1/205 1890/1/205 1891/1/205
f 1901/1/205 1891/1/205 1892/1/205
f 1902/1/205 1892/1/205 1893/1/205
f 1903/1/205 1893/1/205 1894/1/205
f 1922/1/614 1917/1/614 1907/1/614
f 1932/1/215 1912/1/215 1911/1/215
f 1909/1/809 1910/1/809 1906/1/809
f 1927/1/209 1911/1/209 1907/1/209
f 1907/1/810 1911/1/810 1912/1/810
f 1932/1/211 1922/1/211 1908/1/211
f 1905/1/206 1906/1/206 1913/1/206
f 1918/1/213 1913/1/213 1914/1/213
f 1919/1/212 1914/1/212 1915/1/212
f 1920/1/212 1915/1/212 1916/1/212
f 1921/1/214 1916/1/214 1917/1/214
f 1909/1/217 1928/1/217 1923/1/217
f 1928/1/531 1929/1/531 1924/1/531
f 1929/1/217 1930/1/217 1925/1/217
f 1930/1/531 1931/1/531 1926/1/531
f 1931/1/215 1932/1/215 1927/1/215
f 1910/1/209 1923/1/209 1913/1/209
f 1923/1/209 1924/1/209 1914/1/209
f 1924/1/209 1925/1/209 1915/1/209
f 1925/1/209 1926/1/209 1916/1/209
f 1926/1/209 1927/1/209 1917/1/209
f 1909/1/220 1905/1/220 1918/1/220
f 1928/1/220 1918/1/220 1919/1/220
f 1929/1/220 1919/1/220 1920/1/220
f 1930/1/220 1920/1/220 1921/1/220
f 1931/1/211 1921/1/211 1922/1/211
f 1950/1/221 1945/1/221 1935/1/221
f 1960/1/473 1940/1/473 1939/1/473
f 1937/1/747 1938/1/747 1934/1/747
f 1955/1/224 1939/1/224 1935/1/224
f 1935/1/811 1939/1/811 1940/1/811
f 1960/1/226 1950/1/226 1936/1/226
f 1933/1/615 1934/1/615 1941/1/615
f 1946/1/227 1941/1/227 1942/1/227
f 1947/1/228 1942/1/228 1943/1/228
f 1948/1/221 1943/1/221 1944/1/221
f 1949/1/472 1944/1/472 1945/1/472
f 1937/1/587 1956/1/587 1951/1/587
f 1956/1/746 1957/1/746 1952/1/746
f 1957/1/746 1958/1/746 1953/1/746
f 1958/1/812 1959/1/812 1954/1/812
f 1959/1/473 1960/1/473 1955/1/473
f 1938/1/224 1951/1/224 1941/1/224
f 1951/1/224 1952/1/224 1942/1/224
f 1952/1/224 1953/1/224 1943/1/224
f 1953/1/224 1954/1/224 1944/1/224
f 1954/1/224 1955/1/224 1945/1/224
f 1937/1/226 1933/1/226 1946/1/226
f 1956/1/226 1946/1/226 1947/1/226
f 1957/1/226 1947/1/226 1948/1/226
f 1958/1/226 1948/1/226 1949/1/226
f 1959/1/226 1949/1/226 1950/1/226
f 1978/1/249 1973/1/249 1963/1/249
f 1988/1/387 1968/1/387 1967/1/387
f 1965/1/813 1966/1/813 1962/1/813
f 1983/1/268 1967/1/268 1963/1/268
f 1963/1/814 1967/1/814 1968/1/814
f 1988/1/240 1978/1/240 1964/1/240
f 1961/1/241 1962/1/241 1969/1/241
f 1974/1/255 1969/1/255 1970/1/255
f 1975/1/249 1970/1/249 1971/1/249
f 1976/1/479 1971/1/479 1972/1/479
f 1977/1/241 1972/1/241 1973/1/241
f 1965/1/246 1984/1/246 1979/1/246
f 1984/1/247 1985/1/247 1980/1/247
f 1985/1/387 1986/1/387 1981/1/387
f 1986/1/248 1987/1/248 1982/1/248
f 1987/1/247 1988/1/247 1983/1/247
f 1966/1/238 1979/1/238 1969/1/238
f 1979/1/238 1980/1/238 1970/1/238
f 1980/1/238 1981/1/238 1971/1/238
f 1981/1/238 1982/1/238 1972/1/238
f 1982/1/268 1983/1/268 1973/1/268
f 1965/1/240 1961/1/240 1974/1/240
f 1984/1/240 1974/1/240 1975/1/240
f 1985/1/240 1975/1/240 1976/1/240
f 1986/1/240 1976/1/240 1977/1/240
f 1987/1/240 1977/1/240 1978/1/240
f 2006/1/390 2001/1/390 1991/1/390
f 2016/1/250 1996/1/250 1995/1/250
f 1993/1/752 1994/1/752 1990/1/752
f 2011/1/252 1995/1/252 1991/1/252
f 1991/1/815 1995/1/815 1996/1/815
f 2016/1/254 2006/1/254 1992/1/254
f 1989/1/243 1990/1/243 1997/1/243
f 2002/1/243 1997/1/243 1998/1/243
f 2003/1/235 1998/1/235 1999/1/235
f 2004/1/617 1999/1/617 2000/1/617
f 2005/1/390 2000/1/390 2001/1/390
f 1993/1/250 2012/1/250 2007/1/250
f 2012/1/250 2013/1/250 2008/1/250
f 2013/1/394 2014/1/394 2009/1/394
f 2014/1/394 2015/1/394 2010/1/394
f 2015/1/266 2016/1/266 2011/1/266
f 1994/1/252 2007/1/252 1997/1/252
f 2007/1/252 2008/1/252 1998/1/252
f 2008/1/252 2009/1/252 1999/1/252
f 2009/1/252 2010/1/252 2000/1/252
f 2010/1/252 2011/1/252 2001/1/252
f 1993/1/254 1989/1/254 2002/1/254
f 2012/1/254 2002/1/254 2003/1/254
f 2013/1/254 2003/1/254 2004/1/254
f 2014/1/254 2004/1/254 2005/1/254
f 2015/1/254 2005/1/254 2006/1/254
f 2034/1/395 2029/1/395 2019/1/395
f 2044/1/396 2024/1/396 2023/1/396
f 2021/1/816 2022/1/816 2018/1/816
f 2039/1/261 2023/1/261 2019/1/261
f 2019/1/817 2023/1/817 2024/1/817
f 2044/1/263 2034/1/263 2020/1/263
f 2017/1/265 2018/1/265 2025/1/265
f 2030/1/265 2025/1/265 2026/1/265
f 2031/1/818 2026/1/818 2027/1/818
f 2032/1/227 2027/1/227 2028/1/227
f 2033/1/258 2028/1/258 2029/1/258
f 2021/1/250 2040/1/250 2035/1/250
f 2040/1/266 2041/1/266 2036/1/266
f 2041/1/267 2042/1/267 2037/1/267
f 2042/1/396 2043/1/396 2038/1/396
f 2043/1/259 2044/1/259 2039/1/259
f 2022/1/238 2035/1/238 2025/1/238
f 2035/1/238 2036/1/238 2026/1/238
f 2036/1/261 2037/1/261 2027/1/261
f 2037/1/261 2038/1/261 2028/1/261
f 2038/1/261 2039/1/261 2029/1/261
f 2021/1/263 2017/1/263 2030/1/263
f 2040/1/263 2030/1/263 2031/1/263
f 2041/1/263 2031/1/263 2032/1/263
f 2042/1/263 2032/1/263 2033/1/263
f 2043/1/263 2033/1/263 2034/1/263
f 2062/1/545 2057/1/545 2047/1/545
f 2072/1/543 2052/1/543 2051/1/543
f 2049/1/819 2050/1/819 2046/1/819
f 2067/1/272 2051/1/272 2047/1/272
f 2047/1/761 2051/1/761 2052/1/761
f 2072/1/274 2062/1/274 2048/1/274
f 2045/1/276 2046/1/276 2053/1/276
f 2058/1/820 2053/1/820 2054/1/820
f 2059/1/595 2054/1/595 2055/1/595
f 2060/1/595 2055/1/595 2056/1/595
f 2061/1/269 2056/1/269 2057/1/269
f 2049/1/391 2068/1/391 2063/1/391
f 2068/1/821 2069/1/821 2064/1/821
f 2069/1/543 2070/1/543 2065/1/543
f 2070/1/391 2071/1/391 2066/1/391
f 2071/1/279 2072/1/279 2067/1/279
f 2050/1/272 2063/1/272 2053/1/272
f 2063/1/272 2064/1/272 2054/1/272
f 2064/1/272 2065/1/272 2055/1/272
f 2065/1/272 2066/1/272 2056/1/272
f 2066/1/272 2067/1/272 2057/1/272
f 2049/1/274 2045/1/274 2058/1/274
f 2068/1/226 2058/1/226 2059/1/226
f 2069/1/226 2059/1/226 2060/1/226
f 2070/1/274 2060/1/274 2061/1/274
f 2071/1/274 2061/1/274 2062/1/274
f 2090/1/550 2085/1/550 2075/1/550
f 2100/1/410 2080/1/410 2079/1/410
f 2077/1/822 2078/1/822 2074/1/822
f 2095/1/407 2079/1/407 2075/1/407
f 2075/1/823 2079/1/823 2080/1/823
f 2100/1/220 2090/1/220 2076/1/220
f 2073/1/765 2074/1/765 2081/1/765
f 2086/1/550 2081/1/550 2082/1/550
f 2087/1/408 2082/1/408 2083/1/408
f 2088/1/404 2083/1/404 2084/1/404
f 2089/1/550 2084/1/550 2085/1/550
f 2077/1/410 2096/1/410 2091/1/410
f 2096/1/824 2097/1/824 2092/1/824
f 2097/1/656 2098/1/656 2093/1/656
f 2098/1/825 2099/1/825 2094/1/825
f 2099/1/410 2100/1/410 2095/1/410
f 2078/1/284 2091/1/284 2081/1/284
f 2091/1/284 2092/1/284 2082/1/284
f 2092/1/407 2093/1/407 2083/1/407
f 2093/1/284 2094/1/284 2084/1/284
f 2094/1/284 2095/1/284 2085/1/284
f 2077/1/220 2073/1/220 2086/1/220
f 2096/1/220 2086/1/220 2087/1/220
f 2097/1/220 2087/1/220 2088/1/220
f 2098/1/220 2088/1/220 2089/1/220
f 2099/1/220 2089/1/220 2090/1/220
f 2118/1/596 2113/1/596 2103/1/596
f 2128/1/826 2108/1/826 2107/1/826
f 2105/1/827 2106/1/827 2102/1/827
f 2123/1/294 2107/1/294 2103/1/294
f 2103/1/828 2107/1/828 2108/1/828
f 2128/1/296 2118/1/296 2104/1/296
f 2101/1/494 2102/1/494 2109/1/494
f 2114/1/300 2109/1/300 2110/1/300
f 2115/1/415 2110/1/415 2111/1/415
f 2116/1/412 2111/1/412 2112/1/412
f 2117/1/553 2112/1/553 2113/1/553
f 2105/1/769 2124/1/769 2119/1/769
f 2124/1/305 2125/1/305 2120/1/305
f 2125/1/292 2126/1/292 2121/1/292
f 2126/1/620 2127/1/620 2122/1/620
f 2127/1/305 2128/1/305 2123/1/305
f 2106/1/294 2119/1/294 2109/1/294
f 2119/1/294 2120/1/294 2110/1/294
f 2120/1/294 2121/1/294 2111/1/294
f 2121/1/294 2122/1/294 2112/1/294
f 2122/1/294 2123/1/294 2113/1/294
f 2105/1/296 2101/1/296 2114/1/296
f 2124/1/296 2114/1/296 2115/1/296
f 2125/1/296 2115/1/296 2116/1/296
f 2126/1/296 2116/1/296 2117/1/296
f 2127/1/296 2117/1/296 2118/1/296
f 2141/1/14 2131/1/14 2132/1/14
f 2136/1/18 2135/1/18 2151/1/18
f 2133/1/829 2134/1/829 2130/1/829
f 2151/1/4 2135/1/4 2131/1/4
f 2131/1/621 2135/1/621 2136/1/621
f 2146/1/6 2132/1/6 2136/1/6
f 2130/1/1 2137/1/1 2142/1/1
f 2137/1/14 2138/1/14 2143/1/14
f 2138/1/14 2139/1/14 2144/1/14
f 2139/1/14 2140/1/14 2145/1/14
f 2140/1/14 2141/1/14 2146/1/14
f 2152/1/2 2147/1/2 2134/1/2
f 2153/1/2 2148/1/2 2147/1/2
f 2154/1/2 2149/1/2 2148/1/2
f 2155/1/18 2150/1/18 2149/1/18
f 2156/1/2 2151/1/2 2150/1/2
f 2134/1/11 2147/1/11 2137/1/11
f 2147/1/11 2148/1/11 2138/1/11
f 2148/1/4 2149/1/4 2139/1/4
f 2149/1/4 2150/1/4 2140/1/4
f 2150/1/4 2151/1/4 2141/1/4
f 2129/1/12 2142/1/12 2152/1/12
f 2142/1/12 2143/1/12 2153/1/12
f 2143/1/12 2144/1/12 2154/1/12
f 2144/1/6 2145/1/6 2155/1/6
f 2155/1/6 2145/1/6 2146/1/6
f 2169/1/14 2159/1/14 2160/1/14
f 2164/1/10 2163/1/10 2179/1/10
f 2161/1/829 2162/1/829 2158/1/829
f 2179/1/11 2163/1/11 2159/1/11
f 2159/1/621 2163/1/621 2164/1/621
f 2174/1/6 2160/1/6 2164/1/6
f 2158/1/1 2165/1/1 2170/1/1
f 2165/1/8 2166/1/8 2171/1/8
f 2166/1/14 2167/1/14 2172/1/14
f 2167/1/14 2168/1/14 2173/1/14
f 2168/1/14 2169/1/14 2174/1/14
f 2180/1/2 2175/1/2 2162/1/2
f 2181/1/2 2176/1/2 2175/1/2
f 2182/1/2 2177/1/2 2176/1/2
f 2183/1/18 2178/1/18 2177/1/18
f 2184/1/2 2179/1/2 2178/1/2
f 2162/1/4 2175/1/4 2165/1/4
f 2175/1/11 2176/1/11 2166/1/11
f 2176/1/4 2177/1/4 2167/1/4
f 2177/1/4 2178/1/4 2168/1/4
f 2178/1/4 2179/1/4 2169/1/4
f 2157/1/12 2170/1/12 2180/1/12
f 2170/1/6 2171/1/6 2181/1/6
f 2171/1/12 2172/1/12 2182/1/12
f 2182/1/6 2172/1/6 2173/1/6
f 2183/1/6 2173/1/6 2174/1/6
f 2197/1/14 2187/1/14 2188/1/14
f 2192/1/18 2191/1/18 2207/1/18
f 2189/1/829 2190/1/829 2186/1/829
f 2207/1/4 2191/1/4 2187/1/4
f 2187/1/621 2191/1/621 2192/1/621
f 2212/1/6 2202/1/6 2188/1/6
f 2186/1/1 2193/1/1 2198/1/1
f 2193/1/8 2194/1/8 2199/1/8
f 2194/1/14 2195/1/14 2200/1/14
f 2195/1/14 2196/1/14 2201/1/14
f 2196/1/14 2197/1/14 2202/1/14
f 2208/1/2 2203/1/2 2190/1/2
f 2209/1/15 2204/1/15 2203/1/15
f 2210/1/2 2205/1/2 2204/1/2
f 2211/1/18 2206/1/18 2205/1/18
f 2212/1/2 2207/1/2 2206/1/2
f 2190/1/11 2203/1/11 2193/1/11
f 2203/1/11 2204/1/11 2194/1/11
f 2204/1/4 2205/1/4 2195/1/4
f 2205/1/4 2206/1/4 2196/1/4
f 2206/1/4 2207/1/4 2197/1/4
f 2185/1/12 2198/1/12 2208/1/12
f 2198/1/12 2199/1/12 2209/1/12
f 2199/1/6 2200/1/6 2210/1/6
f 2210/1/6 2200/1/6 2201/1/6
f 2211/1/6 2201/1/6 2202/1/6
f 2225/1/14 2215/1/14 2216/1/14
f 2220/1/18 2219/1/18 2235/1/18
f 2217/1/829 2218/1/829 2214/1/829
f 2235/1/4 2219/1/4 2215/1/4
f 2215/1/621 2219/1/621 2220/1/621
f 2240/1/6 2230/1/6 2216/1/6
f 2214/1/1 2221/1/1 2226/1/1
f 2221/1/8 2222/1/8 2227/1/8
f 2222/1/14 2223/1/14 2228/1/14
f 2223/1/14 2224/1/14 2229/1/14
f 2224/1/14 2225/1/14 2230/1/14
f 2236/1/2 2231/1/2 2218/1/2
f 2237/1/2 2232/1/2 2231/1/2
f 2238/1/2 2233/1/2 2232/1/2
f 2239/1/18 2234/1/18 2233/1/18
f 2240/1/18 2235/1/18 2234/1/18
f 2218/1/11 2231/1/11 2221/1/11
f 2231/1/11 2232/1/11 2222/1/11
f 2232/1/4 2233/1/4 2223/1/4
f 2233/1/11 2234/1/11 2224/1/11
f 2234/1/4 2235/1/4 2225/1/4
f 2213/1/12 2226/1/12 2236/1/12
f 2226/1/6 2227/1/6 2237/1/6
f 2227/1/12 2228/1/12 2238/1/12
f 2238/1/6 2228/1/6 2229/1/6
f 2239/1/6 2229/1/6 2230/1/6
f 2253/1/830 2243/1/830 2244/1/830
f 2248/1/10 2247/1/10 2263/1/10
f 2245/1/829 2246/1/829 2242/1/829
f 2263/1/11 2247/1/11 2243/1/11
f 2243/1/418 2247/1/418 2248/1/418
f 2268/1/6 2258/1/6 2244/1/6
f 2242/1/1 2249/1/1 2254/1/1
f 2249/1/8 2250/1/8 2255/1/8
f 2250/1/14 2251/1/14 2256/1/14
f 2251/1/14 2252/1/14 2257/1/14
f 2252/1/14 2253/1/14 2258/1/14
f 2264/1/2 2259/1/2 2246/1/2
f 2265/1/15 2260/1/15 2259/1/15
f 2266/1/2 2261/1/2 2260/1/2
f 2267/1/18 2262/1/18 2261/1/18
f 2268/1/18 2263/1/18 2262/1/18
f 2246/1/11 2259/1/11 2249/1/11
f 2259/1/11 2260/1/11 2250/1/11
f 2260/1/4 2261/1/4 2251/1/4
f 2261/1/4 2262/1/4 2252/1/4
f 2262/1/4 2263/1/4 2253/1/4
f 2241/1/12 2254/1/12 2264/1/12
f 2254/1/6 2255/1/6 2265/1/6
f 2255/1/12 2256/1/12 2266/1/12
f 2266/1/6 2256/1/6 2257/1/6
f 2267/1/6 2257/1/6 2258/1/6
f 2281/1/830 2271/1/830 2272/1/830
f 2276/1/10 2275/1/10 2291/1/10
f 2273/1/829 2274/1/829 2270/1/829
f 2291/1/4 2275/1/4 2271/1/4
f 2271/1/621 2275/1/621 2276/1/621
f 2296/1/6 2286/1/6 2272/1/6
f 2270/1/1 2277/1/1 2282/1/1
f 2277/1/8 2278/1/8 2283/1/8
f 2278/1/14 2279/1/14 2284/1/14
f 2279/1/14 2280/1/14 2285/1/14
f 2280/1/14 2281/1/14 2286/1/14
f 2292/1/2 2287/1/2 2274/1/2
f 2293/1/308 2288/1/308 2287/1/308
f 2294/1/2 2289/1/2 2288/1/2
f 2295/1/2 2290/1/2 2289/1/2
f 2296/1/2 2291/1/2 2290/1/2
f 2274/1/11 2287/1/11 2277/1/11
f 2287/1/11 2288/1/11 2278/1/11
f 2288/1/4 2289/1/4 2279/1/4
f 2289/1/4 2290/1/4 2280/1/4
f 2290/1/4 2291/1/4 2281/1/4
f 2269/1/12 2282/1/12 2292/1/12
f 2282/1/6 2283/1/6 2293/1/6
f 2283/1/12 2284/1/12 2294/1/12
f 2284/1/6 2285/1/6 2295/1/6
f 2295/1/6 2285/1/6 2286/1/6
f 2309/1/830 2299/1/830 2300/1/830
f 2304/1/10 2303/1/10 2319/1/10
f 2301/1/829 2302/1/829 2298/1/829
f 2319/1/11 2303/1/11 2299/1/11
f 2299/1/621 2303/1/621 2304/1/621
f 2324/1/6 2314/1/6 2300/1/6
f 2298/1/1 2305/1/1 2310/1/1
f 2305/1/8 2306/1/8 2311/1/8
f 2306/1/8 2307/1/8 2312/1/8
f 2307/1/14 2308/1/14 2313/1/14
f 2308/1/14 2309/1/14 2314/1/14
f 2320/1/2 2315/1/2 2302/1/2
f 2321/1/2 2316/1/2 2315/1/2
f 2322/1/13 2317/1/13 2316/1/13
f 2323/1/2 2318/1/2 2317/1/2
f 2324/1/2 2319/1/2 2318/1/2
f 2302/1/4 2315/1/4 2305/1/4
f 2315/1/11 2316/1/11 2306/1/11
f 2316/1/4 2317/1/4 2307/1/4
f 2317/1/4 2318/1/4 2308/1/4
f 2318/1/4 2319/1/4 2309/1/4
f 2297/1/12 2310/1/12 2320/1/12
f 2310/1/6 2311/1/6 2321/1/6
f 2311/1/12 2312/1/12 2322/1/12
f 2322/1/6 2312/1/6 2313/1/6
f 2323/1/6 2313/1/6 2314/1/6
f 2337/1/830 2327/1/830 2328/1/830
f 2332/1/10 2331/1/10 2347/1/10
f 2329/1/829 2330/1/829 2326/1/829
f 2347/1/11 2331/1/11 2327/1/11
f 2327/1/621 2331/1/621 2332/1/621
f 2352/1/6 2342/1/6 2328/1/6
f 2326/1/1 2333/1/1 2338/1/1
f 2333/1/8 2334/1/8 2339/1/8
f 2334/1/8 2335/1/8 2340/1/8
f 2335/1/14 2336/1/14 2341/1/14
f 2336/1/14 2337/1/14 2342/1/14
f 2348/1/2 2343/1/2 2330/1/2
f 2349/1/13 2344/1/13 2343/1/13
f 2350/1/13 2345/1/13 2344/1/13
f 2351/1/2 2346/1/2 2345/1/2
f 2352/1/2 2347/1/2 2346/1/2
f 2330/1/4 2343/1/4 2333/1/4
f 2343/1/11 2344/1/11 2334/1/11
f 2344/1/4 2345/1/4 2335/1/4
f 2345/1/4 2346/1/4 2336/1/4
f 2346/1/4 2347/1/4 2337/1/4
f 2325/1/12 2338/1/12 2348/1/12
f 2338/1/12 2339/1/12 2349/1/12
f 2339/1/6 2340/1/6 2350/1/6
f 2350/1/6 2340/1/6 2341/1/6
f 2351/1/6 2341/1/6 2342/1/6
f 2365/1/830 2355/1/830 2356/1/830
f 2360/1/18 2359/1/18 2375/1/18
f 2357/1/829 2358/1/829 2354/1/829
f 2375/1/4 2359/1/4 2355/1/4
f 2355/1/621 2359/1/621 2360/1/621
f 2380/1/6 2370/1/6 2356/1/6
f 2354/1/1 2361/1/1 2366/1/1
f 2361/1/8 2362/1/8 2367/1/8
f 2362/1/8 2363/1/8 2368/1/8
f 2363/1/14 2364/1/14 2369/1/14
f 2364/1/14 2365/1/14 2370/1/14
f 2376/1/2 2371/1/2 2358/1/2
f 2377/1/13 2372/1/13 2371/1/13
f 2378/1/13 2373/1/13 2372/1/13
f 2379/1/2 2374/1/2 2373/1/2
f 2380/1/2 2375/1/2 2374/1/2
f 2358/1/11 2371/1/11 2361/1/11
f 2371/1/11 2372/1/11 2362/1/11
f 2372/1/4 2373/1/4 2363/1/4
f 2373/1/4 2374/1/4 2364/1/4
f 2374/1/4 2375/1/4 2365/1/4
f 2353/1/12 2366/1/12 2376/1/12
f 2366/1/12 2367/1/12 2377/1/12
f 2367/1/12 2368/1/12 2378/1/12
f 2378/1/6 2368/1/6 2369/1/6
f 2379/1/6 2369/1/6 2370/1/6
f 2393/1/830 2383/1/830 2384/1/830
f 2388/1/10 2387/1/10 2403/1/10
f 2385/1/829 2386/1/829 2382/1/829
f 2403/1/4 2387/1/4 2383/1/4
f 2383/1/621 2387/1/621 2388/1/621
f 2408/1/6 2398/1/6 2384/1/6
f 2382/1/1 2389/1/1 2394/1/1
f 2389/1/8 2390/1/8 2395/1/8
f 2390/1/8 2391/1/8 2396/1/8
f 2391/1/14 2392/1/14 2397/1/14
f 2392/1/14 2393/1/14 2398/1/14
f 2404/1/2 2399/1/2 2386/1/2
f 2405/1/13 2400/1/13 2399/1/13
f 2406/1/13 2401/1/13 2400/1/13
f 2407/1/2 2402/1/2 2401/1/2
f 2408/1/2 2403/1/2 2402/1/2
f 2386/1/11 2399/1/11 2389/1/11
f 2399/1/11 2400/1/11 2390/1/11
f 2400/1/4 2401/1/4 2391/1/4
f 2401/1/4 2402/1/4 2392/1/4
f 2402/1/4 2403/1/4 2393/1/4
f 2381/1/12 2394/1/12 2404/1/12
f 2394/1/12 2395/1/12 2405/1/12
f 2395/1/12 2396/1/12 2406/1/12
f 2406/1/6 2396/1/6 2397/1/6
f 2407/1/6 2397/1/6 2398/1/6
f 2421/1/830 2411/1/830 2412/1/830
f 2416/1/10 2415/1/10 2431/1/10
f 2413/1/829 2414/1/829 2410/1/829
f 2431/1/4 2415/1/4 2411/1/4
f 2411/1/621 2415/1/621 2416/1/621
f 2436/1/6 2426/1/6 2412/1/6
f 2410/1/1 2417/1/1 2422/1/1
f 2417/1/8 2418/1/8 2423/1/8
f 2418/1/8 2419/1/8 2424/1/8
f 2419/1/14 2420/1/14 2425/1/14
f 2420/1/14 2421/1/14 2426/1/14
f 2432/1/2 2427/1/2 2414/1/2
f 2433/1/13 2428/1/13 2427/1/13
f 2434/1/13 2429/1/13 2428/1/13
f 2435/1/2 2430/1/2 2429/1/2
f 2436/1/2 2431/1/2 2430/1/2
f 2414/1/11 2427/1/11 2417/1/11
f 2427/1/11 2428/1/11 2418/1/11
f 2428/1/4 2429/1/4 2419/1/4
f 2429/1/4 2430/1/4 2420/1/4
f 2430/1/4 2431/1/4 2421/1/4
f 2409/1/6 2422/1/6 2432/1/6
f 2422/1/12 2423/1/12 2433/1/12
f 2423/1/6 2424/1/6 2434/1/6
f 2434/1/6 2424/1/6 2425/1/6
f 2435/1/6 2425/1/6 2426/1/6
f 2449/1/830 2439/1/830 2440/1/830
f 2444/1/308 2443/1/308 2459/1/308
f 2441/1/829 2442/1/829 2438/1/829
f 2459/1/4 2443/1/4 2439/1/4
f 2439/1/420 2443/1/420 2444/1/420
f 2464/1/6 2454/1/6 2440/1/6
f 2438/1/1 2445/1/1 2450/1/1
f 2445/1/8 2446/1/8 2451/1/8
f 2446/1/8 2447/1/8 2452/1/8
f 2447/1/1 2448/1/1 2453/1/1
f 2448/1/14 2449/1/14 2454/1/14
f 2460/1/2 2455/1/2 2442/1/2
f 2461/1/13 2456/1/13 2455/1/13
f 2462/1/13 2457/1/13 2456/1/13
f 2463/1/2 2458/1/2 2457/1/2
f 2464/1/2 2459/1/2 2458/1/2
f 2442/1/4 2455/1/4 2445/1/4
f 2455/1/11 2456/1/11 2446/1/11
f 2456/1/4 2457/1/4 2447/1/4
f 2457/1/4 2458/1/4 2448/1/4
f 2458/1/4 2459/1/4 2449/1/4
f 2437/1/12 2450/1/12 2460/1/12
f 2450/1/12 2451/1/12 2461/1/12
f 2451/1/6 2452/1/6 2462/1/6
f 2452/1/12 2453/1/12 2463/1/12
f 2463/1/6 2453/1/6 2454/1/6
f 2477/1/830 2467/1/830 2468/1/830
f 2472/1/308 2471/1/308 2487/1/308
f 2469/1/829 2470/1/829 2466/1/829
f 2487/1/4 2471/1/4 2467/1/4
f 2467/1/420 2471/1/420 2472/1/420
f 2492/1/6 2482/1/6 2468/1/6
f 2466/1/1 2473/1/1 2478/1/1
f 2473/1/8 2474/1/8 2479/1/8
f 2474/1/8 2475/1/8 2480/1/8
f 2475/1/1 2476/1/1 2481/1/1
f 2476/1/14 2477/1/14 2482/1/14
f 2488/1/2 2483/1/2 2470/1/2
f 2489/1/13 2484/1/13 2483/1/13
f 2490/1/13 2485/1/13 2484/1/13
f 2491/1/2 2486/1/2 2485/1/2
f 2492/1/2 2487/1/2 2486/1/2
f 2470/1/4 2483/1/4 2473/1/4
f 2483/1/11 2484/1/11 2474/1/11
f 2484/1/4 2485/1/4 2475/1/4
f 2485/1/4 2486/1/4 2476/1/4
f 2486/1/4 2487/1/4 2477/1/4
f 2465/1/12 2478/1/12 2488/1/12
f 2478/1/12 2479/1/12 2489/1/12
f 2479/1/12 2480/1/12 2490/1/12
f 2480/1/12 2481/1/12 2491/1/12
f 2481/1/6 2482/1/6 2492/1/6
f 2505/1/830 2495/1/830 2496/1/830
f 2500/1/2 2499/1/2 2515/1/2
f 2497/1/829 2498/1/829 2494/1/829
f 2515/1/4 2499/1/4 2495/1/4
f 2495/1/420 2499/1/420 2500/1/420
f 2520/1/6 2510/1/6 2496/1/6
f 2494/1/1 2501/1/1 2506/1/1
f 2501/1/8 2502/1/8 2507/1/8
f 2502/1/8 2503/1/8 2508/1/8
f 2503/1/1 2504/1/1 2509/1/1
f 2504/1/14 2505/1/14 2510/1/14
f 2516/1/2 2511/1/2 2498/1/2
f 2517/1/13 2512/1/13 2511/1/13
f 2518/1/13 2513/1/13 2512/1/13
f 2519/1/2 2514/1/2 2513/1/2
f 2520/1/2 2515/1/2 2514/1/2
f 2498/1/11 2511/1/11 2501/1/11
f 2511/1/11 2512/1/11 2502/1/11
f 2512/1/4 2513/1/4 2503/1/4
f 2513/1/4 2514/1/4 2504/1/4
f 2514/1/4 2515/1/4 2505/1/4
f 2493/1/6 2506/1/6 2516/1/6
f 2506/1/12 2507/1/12 2517/1/12
f 2507/1/12 2508/1/12 2518/1/12
f 2508/1/6 2509/1/6 2519/1/6
f 2519/1/6 2509/1/6 2510/1/6
f 2533/1/21 2523/1/21 2524/1/21
f 2528/1/308 2527/1/308 2543/1/308
f 2525/1/831 2526/1/831 2522/1/831
f 2533/1/4 2543/1/4 2527/1/4
f 2523/1/420 2527/1/420 2528/1/420
f 2538/1/12 2524/1/12 2528/1/12
f 2522/1/14 2529/1/14 2534/1/14
f 2529/1/14 2530/1/14 2535/1/14
f 2530/1/14 2531/1/14 2536/1/14
f 2531/1/21 2532/1/21 2537/1/21
f 2532/1/21 2533/1/21 2538/1/21
f 2544/1/2 2539/1/2 2526/1/2
f 2545/1/13 2540/1/13 2539/1/13
f 2546/1/13 2541/1/13 2540/1/13
f 2547/1/2 2542/1/2 2541/1/2
f 2548/1/2 2543/1/2 2542/1/2
f 2522/1/22 2526/1/22 2539/1/22
f 2529/1/4 2539/1/4 2540/1/4
f 2530/1/22 2540/1/22 2541/1/22
f 2531/1/4 2541/1/4 2542/1/4
f 2532/1/4 2542/1/4 2543/1/4
f 2521/1/12 2534/1/12 2544/1/12
f 2534/1/12 2535/1/12 2545/1/12
f 2535/1/12 2536/1/12 2546/1/12
f 2536/1/12 2537/1/12 2547/1/12
f 2537/1/12 2538/1/12 2548/1/12
f 2561/1/559 2551/1/559 2552/1/559
f 2556/1/15 2555/1/15 2571/1/15
f 2553/1/832 2554/1/832 2550/1/832
f 2561/1/26 2571/1/26 2555/1/26
f 2551/1/833 2555/1/833 2556/1/833
f 2566/1/28 2552/1/28 2556/1/28
f 2550/1/834 2557/1/834 2562/1/834
f 2557/1/624 2558/1/624 2563/1/624
f 2558/1/559 2559/1/559 2564/1/559
f 2559/1/31 2560/1/31 2565/1/31
f 2560/1/559 2561/1/559 2566/1/559
f 2572/1/13 2567/1/13 2554/1/13
f 2573/1/32 2568/1/32 2567/1/32
f 2574/1/13 2569/1/13 2568/1/13
f 2575/1/308 2570/1/308 2569/1/308
f 2576/1/13 2571/1/13 2570/1/13
f 2550/1/26 2554/1/26 2567/1/26
f 2557/1/26 2567/1/26 2568/1/26
f 2558/1/26 2568/1/26 2569/1/26
f 2559/1/26 2569/1/26 2570/1/26
f 2560/1/26 2570/1/26 2571/1/26
f 2549/1/28 2562/1/28 2572/1/28
f 2562/1/28 2563/1/28 2573/1/28
f 2563/1/33 2564/1/33 2574/1/33
f 2564/1/28 2565/1/28 2575/1/28
f 2565/1/28 2566/1/28 2576/1/28
f 2589/1/191 2579/1/191 2580/1/191
f 2584/1/45 2583/1/45 2599/1/45
f 2581/1/835 2582/1/835 2578/1/835
f 2589/1/46 2599/1/46 2583/1/46
f 2579/1/836 2583/1/836 2584/1/836
f 2594/1/39 2580/1/39 2584/1/39
f 2578/1/34 2585/1/34 2590/1/34
f 2585/1/370 2586/1/370 2591/1/370
f 2586/1/191 2587/1/191 2592/1/191
f 2587/1/40 2588/1/40 2593/1/40
f 2588/1/370 2589/1/370 2594/1/370
f 2600/1/42 2595/1/42 2582/1/42
f 2601/1/427 2596/1/427 2595/1/427
f 2602/1/315 2597/1/315 2596/1/315
f 2603/1/45 2598/1/45 2597/1/45
f 2604/1/427 2599/1/427 2598/1/427
f 2578/1/46 2582/1/46 2595/1/46
f 2585/1/46 2595/1/46 2596/1/46
f 2586/1/37 2596/1/37 2597/1/37
f 2587/1/46 2597/1/46 2598/1/46
f 2588/1/37 2598/1/37 2599/1/37
f 2577/1/39 2590/1/39 2600/1/39
f 2590/1/39 2591/1/39 2601/1/39
f 2591/1/39 2592/1/39 2602/1/39
f 2592/1/39 2593/1/39 2603/1/39
f 2593/1/39 2594/1/39 2604/1/39
f 2617/1/780 2607/1/780 2608/1/780
f 2612/1/57 2611/1/57 2627/1/57
f 2609/1/837 2610/1/837 2606/1/837
f 2617/1/50 2627/1/50 2611/1/50
f 2607/1/838 2611/1/838 2612/1/838
f 2622/1/52 2608/1/52 2612/1/52
f 2606/1/47 2613/1/47 2618/1/47
f 2613/1/53 2614/1/53 2619/1/53
f 2614/1/53 2615/1/53 2620/1/53
f 2615/1/780 2616/1/780 2621/1/780
f 2616/1/53 2617/1/53 2622/1/53
f 2628/1/782 2623/1/782 2610/1/782
f 2629/1/56 2624/1/56 2623/1/56
f 2630/1/317 2625/1/317 2624/1/317
f 2631/1/48 2626/1/48 2625/1/48
f 2632/1/48 2627/1/48 2626/1/48
f 2606/1/50 2610/1/50 2623/1/50
f 2613/1/50 2623/1/50 2624/1/50
f 2614/1/50 2624/1/50 2625/1/50
f 2615/1/50 2625/1/50 2626/1/50
f 2616/1/50 2626/1/50 2627/1/50
f 2605/1/52 2618/1/52 2628/1/52
f 2618/1/52 2619/1/52 2629/1/52
f 2619/1/52 2620/1/52 2630/1/52
f 2620/1/52 2621/1/52 2631/1/52
f 2621/1/52 2622/1/52 2632/1/52
f 2645/1/434 2635/1/434 2636/1/434
f 2640/1/839 2639/1/839 2655/1/839
f 2637/1/703 2638/1/703 2634/1/703
f 2645/1/63 2655/1/63 2639/1/63
f 2635/1/840 2639/1/840 2640/1/840
f 2650/1/65 2636/1/65 2640/1/65
f 2634/1/69 2641/1/69 2646/1/69
f 2641/1/841 2642/1/841 2647/1/841
f 2642/1/66 2643/1/66 2648/1/66
f 2643/1/68 2644/1/68 2649/1/68
f 2644/1/66 2645/1/66 2650/1/66
f 2656/1/71 2651/1/71 2638/1/71
f 2657/1/325 2652/1/325 2651/1/325
f 2658/1/71 2653/1/71 2652/1/71
f 2659/1/71 2654/1/71 2653/1/71
f 2660/1/61 2655/1/61 2654/1/61
f 2634/1/63 2638/1/63 2651/1/63
f 2641/1/63 2651/1/63 2652/1/63
f 2642/1/63 2652/1/63 2653/1/63
f 2643/1/63 2653/1/63 2654/1/63
f 2644/1/63 2654/1/63 2655/1/63
f 2633/1/65 2646/1/65 2656/1/65
f 2646/1/65 2647/1/65 2657/1/65
f 2647/1/65 2648/1/65 2658/1/65
f 2648/1/65 2649/1/65 2659/1/65
f 2649/1/65 2650/1/65 2660/1/65
f 2673/1/80 2663/1/80 2664/1/80
f 2668/1/706 2667/1/706 2683/1/706
f 2665/1/842 2666/1/842 2662/1/842
f 2673/1/76 2683/1/76 2667/1/76
f 2663/1/843 2667/1/843 2668/1/843
f 2678/1/78 2664/1/78 2668/1/78
f 2662/1/177 2669/1/177 2674/1/177
f 2669/1/178 2670/1/178 2675/1/178
f 2670/1/709 2671/1/709 2676/1/709
f 2671/1/844 2672/1/844 2677/1/844
f 2672/1/79 2673/1/79 2678/1/79
f 2684/1/81 2679/1/81 2666/1/81
f 2685/1/74 2680/1/74 2679/1/74
f 2686/1/845 2681/1/845 2680/1/845
f 2687/1/84 2682/1/84 2681/1/84
f 2688/1/74 2683/1/74 2682/1/74
f 2662/1/76 2666/1/76 2679/1/76
f 2669/1/437 2679/1/437 2680/1/437
f 2670/1/76 2680/1/76 2681/1/76
f 2671/1/76 2681/1/76 2682/1/76
f 2672/1/76 2682/1/76 2683/1/76
f 2661/1/78 2674/1/78 2684/1/78
f 2674/1/78 2675/1/78 2685/1/78
f 2675/1/78 2676/1/78 2686/1/78
f 2676/1/78 2677/1/78 2687/1/78
f 2677/1/78 2678/1/78 2688/1/78
f 2701/1/93 2691/1/93 2692/1/93
f 2696/1/787 2695/1/787 2711/1/787
f 2693/1/710 2694/1/710 2690/1/710
f 2701/1/88 2711/1/88 2695/1/88
f 2691/1/846 2695/1/846 2696/1/846
f 2706/1/90 2692/1/90 2696/1/90
f 2690/1/85 2697/1/85 2702/1/85
f 2697/1/847 2698/1/847 2703/1/847
f 2698/1/847 2699/1/847 2704/1/847
f 2699/1/848 2700/1/848 2705/1/848
f 2700/1/91 2701/1/91 2706/1/91
f 2712/1/95 2707/1/95 2694/1/95
f 2713/1/96 2708/1/96 2707/1/96
f 2714/1/96 2709/1/96 2708/1/96
f 2715/1/95 2710/1/95 2709/1/95
f 2716/1/95 2711/1/95 2710/1/95
f 2690/1/97 2694/1/97 2707/1/97
f 2697/1/88 2707/1/88 2708/1/88
f 2698/1/88 2708/1/88 2709/1/88
f 2699/1/88 2709/1/88 2710/1/88
f 2700/1/88 2710/1/88 2711/1/88
f 2689/1/90 2702/1/90 2712/1/90
f 2702/1/90 2703/1/90 2713/1/90
f 2703/1/90 2704/1/90 2714/1/90
f 2704/1/90 2705/1/90 2715/1/90
f 2705/1/90 2706/1/90 2716/1/90
f 2729/1/104 2719/1/104 2720/1/104
f 2724/1/99 2723/1/99 2739/1/99
f 2721/1/849 2722/1/849 2718/1/849
f 2729/1/101 2739/1/101 2723/1/101
f 2719/1/850 2723/1/850 2724/1/850
f 2734/1/103 2720/1/103 2724/1/103
f 2718/1/104 2725/1/104 2730/1/104
f 2725/1/104 2726/1/104 2731/1/104
f 2726/1/104 2727/1/104 2732/1/104
f 2727/1/98 2728/1/98 2733/1/98
f 2728/1/98 2729/1/98 2734/1/98
f 2740/1/791 2735/1/791 2722/1/791
f 2741/1/339 2736/1/339 2735/1/339
f 2742/1/339 2737/1/339 2736/1/339
f 2743/1/109 2738/1/109 2737/1/109
f 2744/1/109 2739/1/109 2738/1/109
f 2718/1/101 2722/1/101 2735/1/101
f 2725/1/101 2735/1/101 2736/1/101
f 2726/1/101 2736/1/101 2737/1/101
f 2727/1/101 2737/1/101 2738/1/101
f 2728/1/101 2738/1/101 2739/1/101
f 2717/1/103 2730/1/103 2740/1/103
f 2730/1/103 2731/1/103 2741/1/103
f 2731/1/103 2732/1/103 2742/1/103
f 2732/1/103 2733/1/103 2743/1/103
f 2733/1/103 2734/1/103 2744/1/103
f 2757/1/343 2747/1/343 2748/1/343
f 2752/1/514 2751/1/514 2767/1/514
f 2749/1/851 2750/1/851 2746/1/851
f 2757/1/114 2767/1/114 2751/1/114
f 2747/1/852 2751/1/852 2752/1/852
f 2762/1/116 2748/1/116 2752/1/116
f 2746/1/111 2753/1/111 2758/1/111
f 2753/1/572 2754/1/572 2759/1/572
f 2754/1/572 2755/1/572 2760/1/572
f 2755/1/794 2756/1/794 2761/1/794
f 2756/1/117 2757/1/117 2762/1/117
f 2768/1/340 2763/1/340 2750/1/340
f 2769/1/340 2764/1/340 2763/1/340
f 2770/1/168 2765/1/168 2764/1/168
f 2771/1/344 2766/1/344 2765/1/344
f 2772/1/344 2767/1/344 2766/1/344
f 2746/1/114 2750/1/114 2763/1/114
f 2753/1/114 2763/1/114 2764/1/114
f 2754/1/114 2764/1/114 2765/1/114
f 2755/1/114 2765/1/114 2766/1/114
f 2756/1/114 2766/1/114 2767/1/114
f 2745/1/116 2758/1/116 2768/1/116
f 2758/1/116 2759/1/116 2769/1/116
f 2759/1/116 2760/1/116 2770/1/116
f 2760/1/116 2761/1/116 2771/1/116
f 2761/1/116 2762/1/116 2772/1/116
f 2785/1/722 2775/1/722 2776/1/722
f 2780/1/853 2779/1/853 2795/1/853
f 2777/1/515 2778/1/515 2774/1/515
f 2785/1/126 2795/1/126 2779/1/126
f 2775/1/854 2779/1/854 2780/1/854
f 2790/1/128 2776/1/128 2780/1/128
f 2774/1/131 2781/1/131 2786/1/131
f 2781/1/131 2782/1/131 2787/1/131
f 2782/1/130 2783/1/130 2788/1/130
f 2783/1/130 2784/1/130 2789/1/130
f 2784/1/133 2785/1/133 2790/1/133
f 2796/1/124 2791/1/124 2778/1/124
f 2797/1/124 2792/1/124 2791/1/124
f 2798/1/853 2793/1/853 2792/1/853
f 2799/1/159 2794/1/159 2793/1/159
f 2800/1/134 2795/1/134 2794/1/134
f 2774/1/126 2778/1/126 2791/1/126
f 2781/1/126 2791/1/126 2792/1/126
f 2782/1/126 2792/1/126 2793/1/126
f 2783/1/126 2793/1/126 2794/1/126
f 2784/1/126 2794/1/126 2795/1/126
f 2773/1/128 2786/1/128 2796/1/128
f 2786/1/136 2787/1/136 2797/1/136
f 2787/1/128 2788/1/128 2798/1/128
f 2788/1/136 2789/1/136 2799/1/136
f 2789/1/128 2790/1/128 2800/1/128
f 2813/1/142 2803/1/142 2804/1/142
f 2808/1/354 2807/1/354 2823/1/354
f 2805/1/855 2806/1/855 2802/1/855
f 2813/1/139 2823/1/139 2807/1/139
f 2803/1/348 2807/1/348 2808/1/348
f 2818/1/141 2804/1/141 2808/1/141
f 2802/1/142 2809/1/142 2814/1/142
f 2809/1/143 2810/1/143 2815/1/143
f 2810/1/143 2811/1/143 2816/1/143
f 2811/1/123 2812/1/123 2817/1/123
f 2812/1/123 2813/1/123 2818/1/123
f 2824/1/351 2819/1/351 2806/1/351
f 2825/1/354 2820/1/354 2819/1/354
f 2826/1/351 2821/1/351 2820/1/351
f 2827/1/137 2822/1/137 2821/1/137
f 2828/1/354 2823/1/354 2822/1/354
f 2802/1/139 2806/1/139 2819/1/139
f 2809/1/139 2819/1/139 2820/1/139
f 2810/1/139 2820/1/139 2821/1/139
f 2811/1/139 2821/1/139 2822/1/139
f 2812/1/139 2822/1/139 2823/1/139
f 2801/1/141 2814/1/141 2824/1/141
f 2814/1/141 2815/1/141 2825/1/141
f 2815/1/141 2816/1/141 2826/1/141
f 2816/1/141 2817/1/141 2827/1/141
f 2817/1/141 2818/1/141 2828/1/141
f 2841/1/146 2831/1/146 2832/1/146
f 2836/1/134 2835/1/134 2851/1/134
f 2833/1/856 2834/1/856 2830/1/856
f 2841/1/160 2851/1/160 2835/1/160
f 2831/1/857 2835/1/857 2836/1/857
f 2846/1/151 2832/1/151 2836/1/151
f 2830/1/156 2837/1/156 2842/1/156
f 2837/1/355 2838/1/355 2843/1/355
f 2838/1/355 2839/1/355 2844/1/355
f 2839/1/156 2840/1/156 2845/1/156
f 2840/1/156 2841/1/156 2846/1/156
f 2852/1/158 2847/1/158 2834/1/158
f 2853/1/158 2848/1/158 2847/1/158
f 2854/1/134 2849/1/134 2848/1/134
f 2855/1/134 2850/1/134 2849/1/134
f 2856/1/158 2851/1/158 2850/1/158
f 2830/1/149 2834/1/149 2847/1/149
f 2837/1/160 2847/1/160 2848/1/160
f 2838/1/160 2848/1/160 2849/1/160
f 2839/1/160 2849/1/160 2850/1/160
f 2840/1/160 2850/1/160 2851/1/160
f 2829/1/151 2842/1/151 2852/1/151
f 2842/1/151 2843/1/151 2853/1/151
f 2843/1/151 2844/1/151 2854/1/151
f 2844/1/151 2845/1/151 2855/1/151
f 2845/1/151 2846/1/151 2856/1/151
f 2869/1/167 2859/1/167 2860/1/167
f 2864/1/168 2863/1/168 2879/1/168
f 2861/1/800 2862/1/800 2858/1/800
f 2869/1/164 2879/1/164 2863/1/164
f 2859/1/858 2863/1/858 2864/1/858
f 2874/1/166 2860/1/166 2864/1/166
f 2858/1/359 2865/1/359 2870/1/359
f 2865/1/359 2866/1/359 2871/1/359
f 2866/1/361 2867/1/361 2872/1/361
f 2867/1/161 2868/1/161 2873/1/161
f 2868/1/167 2869/1/167 2874/1/167
f 2880/1/162 2875/1/162 2862/1/162
f 2881/1/345 2876/1/345 2875/1/345
f 2882/1/344 2877/1/344 2876/1/344
f 2883/1/524 2878/1/524 2877/1/524
f 2884/1/162 2879/1/162 2878/1/162
f 2858/1/164 2862/1/164 2875/1/164
f 2865/1/164 2875/1/164 2876/1/164
f 2866/1/164 2876/1/164 2877/1/164
f 2867/1/164 2877/1/164 2878/1/164
f 2868/1/164 2878/1/164 2879/1/164
f 2857/1/166 2870/1/166 2880/1/166
f 2870/1/166 2871/1/166 2881/1/166
f 2871/1/166 2872/1/166 2882/1/166
f 2872/1/166 2873/1/166 2883/1/166
f 2873/1/166 2874/1/166 2884/1/166
f 2897/1/171 2887/1/171 2888/1/171
f 2892/1/461 2891/1/461 2907/1/461
f 2889/1/859 2890/1/859 2886/1/859
f 2897/1/183 2907/1/183 2891/1/183
f 2887/1/860 2891/1/860 2892/1/860
f 2902/1/176 2888/1/176 2892/1/176
f 2886/1/171 2893/1/171 2898/1/171
f 2893/1/178 2894/1/178 2899/1/178
f 2894/1/80 2895/1/80 2900/1/80
f 2895/1/171 2896/1/171 2901/1/171
f 2896/1/178 2897/1/178 2902/1/178
f 2908/1/366 2903/1/366 2890/1/366
f 2909/1/179 2904/1/179 2903/1/179
f 2910/1/180 2905/1/180 2904/1/180
f 2911/1/180 2906/1/180 2905/1/180
f 2912/1/366 2907/1/366 2906/1/366
f 2886/1/174 2890/1/174 2903/1/174
f 2893/1/174 2903/1/174 2904/1/174
f 2894/1/174 2904/1/174 2905/1/174
f 2895/1/174 2905/1/174 2906/1/174
f 2896/1/174 2906/1/174 2907/1/174
f 2885/1/176 2898/1/176 2908/1/176
f 2898/1/176 2899/1/176 2909/1/176
f 2899/1/176 2900/1/176 2910/1/176
f 2900/1/176 2901/1/176 2911/1/176
f 2901/1/176 2902/1/176 2912/1/176
f 2925/1/738 2915/1/738 2916/1/738
f 2920/1/74 2919/1/74 2935/1/74
f 2917/1/735 2918/1/735 2914/1/735
f 2925/1/186 2935/1/186 2919/1/186
f 2915/1/861 2919/1/861 2920/1/861
f 2930/1/188 2916/1/188 2920/1/188
f 2914/1/190 2921/1/190 2926/1/190
f 2921/1/184 2922/1/184 2927/1/184
f 2922/1/862 2923/1/862 2928/1/862
f 2923/1/562 2924/1/562 2929/1/562
f 2924/1/191 2925/1/191 2930/1/191
f 2936/1/84 2931/1/84 2918/1/84
f 2937/1/74 2932/1/74 2931/1/74
f 2938/1/84 2933/1/84 2932/1/84
f 2939/1/84 2934/1/84 2933/1/84
f 2940/1/84 2935/1/84 2934/1/84
f 2914/1/186 2918/1/186 2931/1/186
f 2921/1/186 2931/1/186 2932/1/186
f 2922/1/186 2932/1/186 2933/1/186
f 2923/1/186 2933/1/186 2934/1/186
f 2924/1/186 2934/1/186 2935/1/186
f 2913/1/188 2926/1/188 2936/1/188
f 2926/1/188 2927/1/188 2937/1/188
f 2927/1/188 2928/1/188 2938/1/188
f 2928/1/188 2929/1/188 2939/1/188
f 2929/1/188 2930/1/188 2940/1/188
f 2958/1/377 2953/1/377 2943/1/377
f 2968/1/18 2948/1/18 2947/1/18
f 2945/1/863 2946/1/863 2942/1/863
f 2963/1/204 2947/1/204 2943/1/204
f 2943/1/864 2947/1/864 2948/1/864
f 2968/1/197 2958/1/197 2944/1/197
f 2941/1/198 2942/1/198 2949/1/198
f 2954/1/198 2949/1/198 2950/1/198
f 2955/1/377 2950/1/377 2951/1/377
f 2956/1/193 2951/1/193 2952/1/193
f 2957/1/378 2952/1/378 2953/1/378
f 2964/1/374 2959/1/374 2946/1/374
f 2965/1/9 2960/1/9 2959/1/9
f 2966/1/379 2961/1/379 2960/1/379
f 2966/1/18 2967/1/18 2962/1/18
f 2967/1/308 2968/1/308 2963/1/308
f 2946/1/195 2959/1/195 2949/1/195
f 2959/1/195 2960/1/195 2950/1/195
f 2960/1/195 2961/1/195 2951/1/195
f 2961/1/204 2962/1/204 2952/1/204
f 2962/1/203 2963/1/203 2953/1/203
f 2945/1/197 2941/1/197 2954/1/197
f 2964/1/205 2954/1/205 2955/1/205
f 2965/1/205 2955/1/205 2956/1/205
f 2966/1/205 2956/1/205 2957/1/205
f 2967/1/205 2957/1/205 2958/1/205
f 2986/1/865 2981/1/865 2971/1/865
f 2996/1/207 2976/1/207 2975/1/207
f 2973/1/866 2974/1/866 2970/1/866
f 2991/1/209 2975/1/209 2971/1/209
f 2971/1/867 2975/1/867 2976/1/867
f 2996/1/211 2986/1/211 2972/1/211
f 2969/1/745 2970/1/745 2977/1/745
f 2982/1/213 2977/1/213 2978/1/213
f 2983/1/212 2978/1/212 2979/1/212
f 2984/1/213 2979/1/213 2980/1/213
f 2985/1/533 2980/1/533 2981/1/533
f 2973/1/215 2992/1/215 2987/1/215
f 2992/1/217 2993/1/217 2988/1/217
f 2993/1/218 2994/1/218 2989/1/218
f 2994/1/217 2995/1/217 2990/1/217
f 2995/1/531 2996/1/531 2991/1/531
f 2974/1/209 2987/1/209 2977/1/209
f 2987/1/209 2988/1/209 2978/1/209
f 2988/1/209 2989/1/209 2979/1/209
f 2989/1/209 2990/1/209 2980/1/209
f 2990/1/209 2991/1/209 2981/1/209
f 2973/1/220 2969/1/220 2982/1/220
f 2992/1/211 2982/1/211 2983/1/211
f 2993/1/220 2983/1/220 2984/1/220
f 2994/1/220 2984/1/220 2985/1/220
f 2995/1/220 2985/1/220 2986/1/220
f 3014/1/230 3009/1/230 2999/1/230
f 3024/1/222 3004/1/222 3003/1/222
f 3001/1/868 3002/1/868 2998/1/868
f 3019/1/224 3003/1/224 2999/1/224
f 2999/1/748 3003/1/748 3004/1/748
f 3024/1/226 3014/1/226 3000/1/226
f 2997/1/221 2998/1/221 3005/1/221
f 3010/1/230 3005/1/230 3006/1/230
f 3011/1/228 3006/1/228 3007/1/228
f 3012/1/228 3007/1/228 3008/1/228
f 3013/1/229 3008/1/229 3009/1/229
f 3001/1/869 3020/1/869 3015/1/869
f 3020/1/746 3021/1/746 3016/1/746
f 3021/1/231 3022/1/231 3017/1/231
f 3022/1/473 3023/1/473 3018/1/473
f 3023/1/234 3024/1/234 3019/1/234
f 3002/1/224 3015/1/224 3005/1/224
f 3015/1/224 3016/1/224 3006/1/224
f 3016/1/224 3017/1/224 3007/1/224
f 3017/1/224 3018/1/224 3008/1/224
f 3018/1/224 3019/1/224 3009/1/224
f 3001/1/226 2997/1/226 3010/1/226
f 3020/1/226 3010/1/226 3011/1/226
f 3021/1/226 3011/1/226 3012/1/226
f 3022/1/226 3012/1/226 3013/1/226
f 3023/1/226 3013/1/226 3014/1/226
f 3042/1/249 3037/1/249 3027/1/249
f 3052/1/246 3032/1/246 3031/1/246
f 3029/1/870 3030/1/870 3026/1/870
f 3047/1/268 3031/1/268 3027/1/268
f 3027/1/814 3031/1/814 3032/1/814
f 3052/1/240 3042/1/240 3028/1/240
f 3025/1/241 3026/1/241 3033/1/241
f 3038/1/249 3033/1/249 3034/1/249
f 3039/1/392 3034/1/392 3035/1/392
f 3040/1/244 3035/1/244 3036/1/244
f 3041/1/592 3036/1/592 3037/1/592
f 3029/1/245 3048/1/245 3043/1/245
f 3048/1/871 3049/1/871 3044/1/871
f 3049/1/247 3050/1/247 3045/1/247
f 3050/1/248 3051/1/248 3046/1/248
f 3051/1/387 3052/1/387 3047/1/387
f 3030/1/238 3043/1/238 3033/1/238
f 3043/1/238 3044/1/238 3034/1/238
f 3044/1/238 3045/1/238 3035/1/238
f 3045/1/238 3046/1/238 3036/1/238
f 3046/1/238 3047/1/238 3037/1/238
f 3029/1/240 3025/1/240 3038/1/240
f 3048/1/240 3038/1/240 3039/1/240
f 3049/1/240 3039/1/240 3040/1/240
f 3050/1/240 3040/1/240 3041/1/240
f 3051/1/240 3041/1/240 3042/1/240
f 3070/1/243 3065/1/243 3055/1/243
f 3080/1/259 3060/1/259 3059/1/259
f 3057/1/872 3058/1/872 3054/1/872
f 3075/1/252 3059/1/252 3055/1/252
f 3055/1/873 3059/1/873 3060/1/873
f 3080/1/254 3070/1/254 3056/1/254
f 3053/1/243 3054/1/243 3061/1/243
f 3066/1/390 3061/1/390 3062/1/390
f 3067/1/653 3062/1/653 3063/1/653
f 3068/1/235 3063/1/235 3064/1/235
f 3069/1/390 3064/1/390 3065/1/390
f 3057/1/267 3076/1/267 3071/1/267
f 3076/1/267 3077/1/267 3072/1/267
f 3077/1/874 3078/1/874 3073/1/874
f 3078/1/394 3079/1/394 3074/1/394
f 3079/1/396 3080/1/396 3075/1/396
f 3058/1/252 3071/1/252 3061/1/252
f 3071/1/252 3072/1/252 3062/1/252
f 3072/1/252 3073/1/252 3063/1/252
f 3073/1/252 3074/1/252 3064/1/252
f 3074/1/252 3075/1/252 3065/1/252
f 3057/1/254 3053/1/254 3066/1/254
f 3076/1/254 3066/1/254 3067/1/254
f 3077/1/254 3067/1/254 3068/1/254
f 3078/1/254 3068/1/254 3069/1/254
f 3079/1/254 3069/1/254 3070/1/254
f 3098/1/230 3093/1/230 3083/1/230
f 3108/1/396 3088/1/396 3087/1/396
f 3085/1/875 3086/1/875 3082/1/875
f 3103/1/261 3087/1/261 3083/1/261
f 3083/1/876 3087/1/876 3088/1/876
f 3108/1/263 3098/1/263 3084/1/263
f 3081/1/227 3082/1/227 3089/1/227
f 3094/1/265 3089/1/265 3090/1/265
f 3095/1/818 3090/1/818 3091/1/818
f 3096/1/818 3091/1/818 3092/1/818
f 3097/1/818 3092/1/818 3093/1/818
f 3085/1/877 3104/1/877 3099/1/877
f 3104/1/259 3105/1/259 3100/1/259
f 3105/1/267 3106/1/267 3101/1/267
f 3106/1/250 3107/1/250 3102/1/250
f 3107/1/878 3108/1/878 3103/1/878
f 3086/1/268 3099/1/268 3089/1/268
f 3099/1/238 3100/1/238 3090/1/238
f 3100/1/261 3101/1/261 3091/1/261
f 3101/1/261 3102/1/261 3092/1/261
f 3102/1/261 3103/1/261 3093/1/261
f 3085/1/263 3081/1/263 3094/1/263
f 3104/1/263 3094/1/263 3095/1/263
f 3105/1/263 3095/1/263 3096/1/263
f 3106/1/263 3096/1/263 3097/1/263
f 3107/1/263 3097/1/263 3098/1/263
f 3126/1/595 3121/1/595 3111/1/595
f 3136/1/403 3116/1/403 3115/1/403
f 3113/1/819 3114/1/819 3110/1/819
f 3131/1/272 3115/1/272 3111/1/272
f 3111/1/879 3115/1/879 3116/1/879
f 3136/1/274 3126/1/274 3112/1/274
f 3109/1/269 3110/1/269 3117/1/269
f 3122/1/275 3117/1/275 3118/1/275
f 3123/1/595 3118/1/595 3119/1/595
f 3124/1/595 3119/1/595 3120/1/595
f 3125/1/269 3120/1/269 3121/1/269
f 3113/1/401 3132/1/401 3127/1/401
f 3132/1/278 3133/1/278 3128/1/278
f 3133/1/278 3134/1/278 3129/1/278
f 3134/1/280 3135/1/280 3130/1/280
f 3135/1/403 3136/1/403 3131/1/403
f 3114/1/272 3127/1/272 3117/1/272
f 3127/1/272 3128/1/272 3118/1/272
f 3128/1/272 3129/1/272 3119/1/272
f 3129/1/272 3130/1/272 3120/1/272
f 3130/1/272 3131/1/272 3121/1/272
f 3113/1/274 3109/1/274 3122/1/274
f 3132/1/274 3122/1/274 3123/1/274
f 3133/1/274 3123/1/274 3124/1/274
f 3134/1/274 3124/1/274 3125/1/274
f 3135/1/274 3125/1/274 3126/1/274
f 3154/1/550 3149/1/550 3139/1/550
f 3164/1/282 3144/1/282 3143/1/282
f 3141/1/880 3142/1/880 3138/1/880
f 3159/1/284 3143/1/284 3139/1/284
f 3139/1/881 3143/1/881 3144/1/881
f 3164/1/220 3154/1/220 3140/1/220
f 3137/1/765 3138/1/765 3145/1/765
f 3150/1/287 3145/1/287 3146/1/287
f 3151/1/408 3146/1/408 3147/1/408
f 3152/1/882 3147/1/882 3148/1/882
f 3153/1/287 3148/1/287 3149/1/287
f 3141/1/290 3160/1/290 3155/1/290
f 3160/1/410 3161/1/410 3156/1/410
f 3161/1/282 3162/1/282 3157/1/282
f 3162/1/282 3163/1/282 3158/1/282
f 3163/1/825 3164/1/825 3159/1/825
f 3142/1/284 3155/1/284 3145/1/284
f 3155/1/284 3156/1/284 3146/1/284
f 3156/1/284 3157/1/284 3147/1/284
f 3157/1/407 3158/1/407 3148/1/407
f 3158/1/284 3159/1/284 3149/1/284
f 3141/1/220 3137/1/220 3150/1/220
f 3160/1/220 3150/1/220 3151/1/220
f 3161/1/220 3151/1/220 3152/1/220
f 3162/1/220 3152/1/220 3153/1/220
f 3163/1/220 3153/1/220 3154/1/220
f 3182/1/291 3177/1/291 3167/1/291
f 3192/1/305 3172/1/305 3171/1/305
f 3169/1/883 3170/1/883 3166/1/883
f 3187/1/294 3171/1/294 3167/1/294
f 3167/1/884 3171/1/884 3172/1/884
f 3192/1/296 3182/1/296 3168/1/296
f 3165/1/412 3166/1/412 3173/1/412
f 3178/1/412 3173/1/412 3174/1/412
f 3179/1/415 3174/1/415 3175/1/415
f 3180/1/412 3175/1/412 3176/1/412
f 3181/1/553 3176/1/553 3177/1/553
f 3169/1/305 3188/1/305 3183/1/305
f 3188/1/292 3189/1/292 3184/1/292
f 3189/1/885 3190/1/885 3185/1/885
f 3190/1/305 3191/1/305 3186/1/305
f 3191/1/416 3192/1/416 3187/1/416
f 3170/1/294 3183/1/294 3173/1/294
f 3183/1/294 3184/1/294 3174/1/294
f 3184/1/294 3185/1/294 3175/1/294
f 3185/1/294 3186/1/294 3176/1/294
f 3186/1/294 3187/1/294 3177/1/294
f 3169/1/296 3165/1/296 3178/1/296
f 3188/1/296 3178/1/296 3179/1/296
f 3189/1/296 3179/1/296 3180/1/296
f 3190/1/296 3180/1/296 3181/1/296
f 3191/1/296 3181/1/296 3182/1/296
f 3205/1/8 3195/1/8 3196/1/8
f 3200/1/18 3199/1/18 3215/1/18
f 3197/1/829 3198/1/829 3194/1/829
f 3205/1/11 3215/1/11 3199/1/11
f 3195/1/418 3199/1/418 3200/1/418
f 3220/1/6 3210/1/6 3196/1/6
f 3194/1/8 3201/1/8 3206/1/8
f 3201/1/14 3202/1/14 3207/1/14
f 3202/1/421 3203/1/421 3208/1/421
f 3203/1/14 3204/1/14 3209/1/14
f 3204/1/8 3205/1/8 3210/1/8
f 3216/1/2 3211/1/2 3198/1/2
f 3217/1/13 3212/1/13 3211/1/13
f 3218/1/13 3213/1/13 3212/1/13
f 3219/1/2 3214/1/2 3213/1/2
f 3220/1/2 3215/1/2 3214/1/2
f 3198/1/11 3211/1/11 3201/1/11
f 3211/1/4 3212/1/4 3202/1/4
f 3212/1/4 3213/1/4 3203/1/4
f 3213/1/4 3214/1/4 3204/1/4
f 3214/1/4 3215/1/4 3205/1/4
f 3193/1/12 3206/1/12 3216/1/12
f 3206/1/12 3207/1/12 3217/1/12
f 3207/1/12 3208/1/12 3218/1/12
f 3218/1/6 3208/1/6 3209/1/6
f 3219/1/6 3209/1/6 3210/1/6
f 3233/1/8 3223/1/8 3224/1/8
f 3228/1/10 3227/1/10 3243/1/10
f 3225/1/829 3226/1/829 3222/1/829
f 3233/1/11 3243/1/11 3227/1/11
f 3223/1/418 3227/1/418 3228/1/418
f 3248/1/6 3238/1/6 3224/1/6
f 3222/1/8 3229/1/8 3234/1/8
f 3229/1/14 3230/1/14 3235/1/14
f 3230/1/421 3231/1/421 3236/1/421
f 3231/1/14 3232/1/14 3237/1/14
f 3232/1/8 3233/1/8 3238/1/8
f 3244/1/2 3239/1/2 3226/1/2
f 3245/1/13 3240/1/13 3239/1/13
f 3246/1/13 3241/1/13 3240/1/13
f 3247/1/2 3242/1/2 3241/1/2
f 3248/1/2 3243/1/2 3242/1/2
f 3226/1/4 3239/1/4 3229/1/4
f 3239/1/4 3240/1/4 3230/1/4
f 3240/1/4 3241/1/4 3231/1/4
f 3241/1/4 3242/1/4 3232/1/4
f 3242/1/4 3243/1/4 3233/1/4
f 3221/1/12 3234/1/12 3244/1/12
f 3234/1/6 3235/1/6 3245/1/6
f 3235/1/12 3236/1/12 3246/1/12
f 3246/1/6 3236/1/6 3237/1/6
f 3247/1/6 3237/1/6 3238/1/6
f 3261/1/8 3251/1/8 3252/1/8
f 3256/1/18 3255/1/18 3271/1/18
f 3253/1/829 3254/1/829 3250/1/829
f 3261/1/11 3271/1/11 3255/1/11
f 3251/1/418 3255/1/418 3256/1/418
f 3276/1/6 3266/1/6 3252/1/6
f 3250/1/8 3257/1/8 3262/1/8
f 3257/1/14 3258/1/14 3263/1/14
f 3258/1/421 3259/1/421 3264/1/421
f 3259/1/14 3260/1/14 3265/1/14
f 3260/1/8 3261/1/8 3266/1/8
f 3272/1/2 3267/1/2 3254/1/2
f 3273/1/32 3268/1/32 3267/1/32
f 3274/1/13 3269/1/13 3268/1/13
f 3275/1/2 3270/1/2 3269/1/2
f 3276/1/2 3271/1/2 3270/1/2
f 3254/1/11 3267/1/11 3257/1/11
f 3267/1/4 3268/1/4 3258/1/4
f 3268/1/4 3269/1/4 3259/1/4
f 3269/1/4 3270/1/4 3260/1/4
f 3270/1/4 3271/1/4 3261/1/4
f 3249/1/12 3262/1/12 3272/1/12
f 3262/1/12 3263/1/12 3273/1/12
f 3263/1/6 3264/1/6 3274/1/6
f 3274/1/6 3264/1/6 3265/1/6
f 3275/1/6 3265/1/6 3266/1/6
f 3289/1/8 3279/1/8 3280/1/8
f 3284/1/374 3283/1/374 3299/1/374
f 3281/1/829 3282/1/829 3278/1/829
f 3289/1/11 3299/1/11 3283/1/11
f 3279/1/418 3283/1/418 3284/1/418
f 3304/1/6 3294/1/6 3280/1/6
f 3278/1/8 3285/1/8 3290/1/8
f 3285/1/14 3286/1/14 3291/1/14
f 3286/1/421 3287/1/421 3292/1/421
f 3287/1/14 3288/1/14 3293/1/14
f 3288/1/8 3289/1/8 3294/1/8
f 3300/1/2 3295/1/2 3282/1/2
f 3301/1/13 3296/1/13 3295/1/13
f 3302/1/13 3297/1/13 3296/1/13
f 3303/1/2 3298/1/2 3297/1/2
f 3304/1/2 3299/1/2 3298/1/2
f 3282/1/11 3295/1/11 3285/1/11
f 3295/1/4 3296/1/4 3286/1/4
f 3296/1/4 3297/1/4 3287/1/4
f 3297/1/4 3298/1/4 3288/1/4
f 3298/1/4 3299/1/4 3289/1/4
f 3277/1/12 3290/1/12 3300/1/12
f 3290/1/12 3291/1/12 3301/1/12
f 3291/1/12 3292/1/12 3302/1/12
f 3292/1/6 3293/1/6 3303/1/6
f 3293/1/6 3294/1/6 3304/1/6
f 3317/1/14 3307/1/14 3308/1/14
f 3312/1/24 3311/1/24 3327/1/24
f 3309/1/831 3310/1/831 3306/1/831
f 3327/1/11 3311/1/11 3307/1/11
f 3307/1/554 3311/1/554 3312/1/554
f 3332/1/6 3322/1/6 3308/1/6
f 3306/1/1 3313/1/1 3318/1/1
f 3313/1/14 3314/1/14 3319/1/14
f 3314/1/421 3315/1/421 3320/1/421
f 3315/1/14 3316/1/14 3321/1/14
f 3316/1/8 3317/1/8 3322/1/8
f 3328/1/2 3323/1/2 3310/1/2
f 3329/1/32 3324/1/32 3323/1/32
f 3330/1/13 3325/1/13 3324/1/13
f 3331/1/2 3326/1/2 3325/1/2
f 3332/1/2 3327/1/2 3326/1/2
f 3310/1/11 3323/1/11 3313/1/11
f 3323/1/4 3324/1/4 3314/1/4
f 3324/1/4 3325/1/4 3315/1/4
f 3325/1/4 3326/1/4 3316/1/4
f 3326/1/4 3327/1/4 3317/1/4
f 3305/1/12 3318/1/12 3328/1/12
f 3318/1/6 3319/1/6 3329/1/6
f 3319/1/12 3320/1/12 3330/1/12
f 3320/1/12 3321/1/12 3331/1/12
f 3331/1/6 3321/1/6 3322/1/6
f 3345/1/14 3335/1/14 3336/1/14
f 3340/1/10 3339/1/10 3355/1/10
f 3337/1/831 3338/1/831 3334/1/831
f 3355/1/4 3339/1/4 3335/1/4
f 3335/1/621 3339/1/621 3340/1/621
f 3360/1/6 3350/1/6 3336/1/6
f 3334/1/14 3341/1/14 3346/1/14
f 3341/1/14 3342/1/14 3347/1/14
f 3342/1/421 3343/1/421 3348/1/421
f 3343/1/14 3344/1/14 3349/1/14
f 3344/1/14 3345/1/14 3350/1/14
f 3356/1/2 3351/1/2 3338/1/2
f 3357/1/13 3352/1/13 3351/1/13
f 3358/1/13 3353/1/13 3352/1/13
f 3359/1/2 3354/1/2 3353/1/2
f 3360/1/2 3355/1/2 3354/1/2
f 3338/1/11 3351/1/11 3341/1/11
f 3351/1/4 3352/1/4 3342/1/4
f 3352/1/4 3353/1/4 3343/1/4
f 3353/1/4 3354/1/4 3344/1/4
f 3354/1/4 3355/1/4 3345/1/4
f 3333/1/12 3346/1/12 3356/1/12
f 3346/1/12 3347/1/12 3357/1/12
f 3347/1/12 3348/1/12 3358/1/12
f 3348/1/12 3349/1/12 3359/1/12
f 3349/1/6 3350/1/6 3360/1/6
f 3373/1/14 3363/1/14 3364/1/14
f 3368/1/10 3367/1/10 3383/1/10
f 3365/1/831 3366/1/831 3362/1/831
f 3383/1/4 3367/1/4 3363/1/4
f 3363/1/621 3367/1/621 3368/1/621
f 3388/1/6 3378/1/6 3364/1/6
f 3362/1/14 3369/1/14 3374/1/14
f 3369/1/14 3370/1/14 3375/1/14
f 3370/1/421 3371/1/421 3376/1/421
f 3371/1/14 3372/1/14 3377/1/14
f 3372/1/14 3373/1/14 3378/1/14
f 3384/1/2 3379/1/2 3366/1/2
f 3385/1/2 3380/1/2 3379/1/2
f 3386/1/13 3381/1/13 3380/1/13
f 3387/1/2 3382/1/2 3381/1/2
f 3388/1/2 3383/1/2 3382/1/2
f 3366/1/11 3379/1/11 3369/1/11
f 3379/1/11 3380/1/11 3370/1/11
f 3380/1/4 3381/1/4 3371/1/4
f 3381/1/4 3382/1/4 3372/1/4
f 3382/1/4 3383/1/4 3373/1/4
f 3361/1/12 3374/1/12 3384/1/12
f 3374/1/12 3375/1/12 3385/1/12
f 3375/1/12 3376/1/12 3386/1/12
f 3376/1/12 3377/1/12 3387/1/12
f 3377/1/6 3378/1/6 3388/1/6
f 3401/1/14 3391/1/14 3392/1/14
f 3396/1/10 3395/1/10 3411/1/10
f 3393/1/831 3394/1/831 3390/1/831
f 3411/1/4 3395/1/4 3391/1/4
f 3391/1/621 3395/1/621 3396/1/621
f 3416/1/6 3406/1/6 3392/1/6
f 3390/1/14 3397/1/14 3402/1/14
f 3397/1/14 3398/1/14 3403/1/14
f 3398/1/421 3399/1/421 3404/1/421
f 3399/1/14 3400/1/14 3405/1/14
f 3400/1/14 3401/1/14 3406/1/14
f 3412/1/2 3407/1/2 3394/1/2
f 3413/1/308 3408/1/308 3407/1/308
f 3414/1/13 3409/1/13 3408/1/13
f 3415/1/2 3410/1/2 3409/1/2
f 3416/1/2 3411/1/2 3410/1/2
f 3394/1/11 3407/1/11 3397/1/11
f 3407/1/11 3408/1/11 3398/1/11
f 3408/1/4 3409/1/4 3399/1/4
f 3409/1/4 3410/1/4 3400/1/4
f 3410/1/4 3411/1/4 3401/1/4
f 3389/1/12 3402/1/12 3412/1/12
f 3402/1/12 3403/1/12 3413/1/12
f 3403/1/6 3404/1/6 3414/1/6
f 3414/1/6 3404/1/6 3405/1/6
f 3405/1/6 3406/1/6 3416/1/6
f 3429/1/14 3419/1/14 3420/1/14
f 3424/1/18 3423/1/18 3439/1/18
f 3421/1/831 3422/1/831 3418/1/831
f 3439/1/4 3423/1/4 3419/1/4
f 3419/1/621 3423/1/621 3424/1/621
f 3444/1/6 3434/1/6 3420/1/6
f 3418/1/14 3425/1/14 3430/1/14
f 3425/1/14 3426/1/14 3431/1/14
f 3426/1/421 3427/1/421 3432/1/421
f 3427/1/14 3428/1/14 3433/1/14
f 3428/1/14 3429/1/14 3434/1/14
f 3440/1/2 3435/1/2 3422/1/2
f 3441/1/308 3436/1/308 3435/1/308
f 3442/1/13 3437/1/13 3436/1/13
f 3443/1/2 3438/1/2 3437/1/2
f 3444/1/2 3439/1/2 3438/1/2
f 3422/1/11 3435/1/11 3425/1/11
f 3435/1/4 3436/1/4 3426/1/4
f 3436/1/4 3437/1/4 3427/1/4
f 3437/1/4 3438/1/4 3428/1/4
f 3438/1/4 3439/1/4 3429/1/4
f 3417/1/12 3430/1/12 3440/1/12
f 3430/1/12 3431/1/12 3441/1/12
f 3431/1/12 3432/1/12 3442/1/12
f 3442/1/6 3432/1/6 3433/1/6
f 3433/1/6 3434/1/6 3444/1/6
f 3457/1/14 3447/1/14 3448/1/14
f 3452/1/10 3451/1/10 3467/1/10
f 3449/1/831 3450/1/831 3446/1/831
f 3467/1/4 3451/1/4 3447/1/4
f 3447/1/621 3451/1/621 3452/1/621
f 3472/1/6 3462/1/6 3448/1/6
f 3446/1/8 3453/1/8 3458/1/8
f 3453/1/14 3454/1/14 3459/1/14
f 3454/1/693 3455/1/693 3460/1/693
f 3455/1/14 3456/1/14 3461/1/14
f 3456/1/14 3457/1/14 3462/1/14
f 3468/1/2 3463/1/2 3450/1/2
f 3469/1/308 3464/1/308 3463/1/308
f 3470/1/13 3465/1/13 3464/1/13
f 3471/1/2 3466/1/2 3465/1/2
f 3472/1/2 3467/1/2 3466/1/2
f 3450/1/11 3463/1/11 3453/1/11
f 3463/1/4 3464/1/4 3454/1/4
f 3464/1/4 3465/1/4 3455/1/4
f 3465/1/4 3466/1/4 3456/1/4
f 3466/1/4 3467/1/4 3457/1/4
f 3445/1/12 3458/1/12 3468/1/12
f 3458/1/6 3459/1/6 3469/1/6
f 3459/1/12 3460/1/12 3470/1/12
f 3470/1/6 3460/1/6 3461/1/6
f 3471/1/6 3461/1/6 3462/1/6
f 3485/1/14 3475/1/14 3476/1/14
f 3480/1/10 3479/1/10 3495/1/10
f 3477/1/831 3478/1/831 3474/1/831
f 3495/1/4 3479/1/4 3475/1/4
f 3475/1/621 3479/1/621 3480/1/621
f 3500/1/6 3490/1/6 3476/1/6
f 3474/1/8 3481/1/8 3486/1/8
f 3481/1/14 3482/1/14 3487/1/14
f 3482/1/693 3483/1/693 3488/1/693
f 3483/1/14 3484/1/14 3489/1/14
f 3484/1/14 3485/1/14 3490/1/14
f 3496/1/2 3491/1/2 3478/1/2
f 3497/1/308 3492/1/308 3491/1/308
f 3498/1/13 3493/1/13 3492/1/13
f 3499/1/2 3494/1/2 3493/1/2
f 3500/1/2 3495/1/2 3494/1/2
f 3478/1/11 3491/1/11 3481/1/11
f 3491/1/4 3492/1/4 3482/1/4
f 3492/1/4 3493/1/4 3483/1/4
f 3493/1/4 3494/1/4 3484/1/4
f 3494/1/4 3495/1/4 3485/1/4
f 3473/1/12 3486/1/12 3496/1/12
f 3486/1/6 3487/1/6 3497/1/6
f 3487/1/6 3488/1/6 3498/1/6
f 3498/1/6 3488/1/6 3489/1/6
f 3489/1/6 3490/1/6 3500/1/6
f 3513/1/14 3503/1/14 3504/1/14
f 3508/1/10 3507/1/10 3523/1/10
f 3505/1/831 3506/1/831 3502/1/831
f 3523/1/4 3507/1/4 3503/1/4
f 3503/1/621 3507/1/621 3508/1/621
f 3528/1/6 3518/1/6 3504/1/6
f 3502/1/8 3509/1/8 3514/1/8
f 3509/1/14 3510/1/14 3515/1/14
f 3510/1/693 3511/1/693 3516/1/693
f 3511/1/14 3512/1/14 3517/1/14
f 3512/1/14 3513/1/14 3518/1/14
f 3524/1/2 3519/1/2 3506/1/2
f 3525/1/2 3520/1/2 3519/1/2
f 3526/1/13 3521/1/13 3520/1/13
f 3527/1/2 3522/1/2 3521/1/2
f 3528/1/2 3523/1/2 3522/1/2
f 3506/1/11 3519/1/11 3509/1/11
f 3519/1/4 3520/1/4 3510/1/4
f 3520/1/4 3521/1/4 3511/1/4
f 3521/1/4 3522/1/4 3512/1/4
f 3522/1/4 3523/1/4 3513/1/4
f 3501/1/12 3514/1/12 3524/1/12
f 3514/1/6 3515/1/6 3525/1/6
f 3515/1/6 3516/1/6 3526/1/6
f 3526/1/6 3516/1/6 3517/1/6
f 3527/1/6 3517/1/6 3518/1/6
f 3541/1/14 3531/1/14 3532/1/14
f 3536/1/10 3535/1/10 3551/1/10
f 3533/1/831 3534/1/831 3530/1/831
f 3551/1/4 3535/1/4 3531/1/4
f 3531/1/621 3535/1/621 3536/1/621
f 3556/1/6 3546/1/6 3532/1/6
f 3530/1/8 3537/1/8 3542/1/8
f 3537/1/14 3538/1/14 3543/1/14
f 3538/1/693 3539/1/693 3544/1/693
f 3539/1/14 3540/1/14 3545/1/14
f 3540/1/14 3541/1/14 3546/1/14
f 3552/1/2 3547/1/2 3534/1/2
f 3553/1/308 3548/1/308 3547/1/308
f 3554/1/13 3549/1/13 3548/1/13
f 3555/1/2 3550/1/2 3549/1/2
f 3556/1/2 3551/1/2 3550/1/2
f 3534/1/11 3547/1/11 3537/1/11
f 3547/1/4 3548/1/4 3538/1/4
f 3548/1/4 3549/1/4 3539/1/4
f 3549/1/4 3550/1/4 3540/1/4
f 3550/1/4 3551/1/4 3541/1/4
f 3529/1/12 3542/1/12 3552/1/12
f 3542/1/12 3543/1/12 3553/1/12
f 3543/1/12 3544/1/12 3554/1/12
f 3554/1/6 3544/1/6 3545/1/6
f 3545/1/6 3546/1/6 3556/1/6
f 3569/1/14 3559/1/14 3560/1/14
f 3564/1/18 3563/1/18 3579/1/18
f 3561/1/831 3562/1/831 3558/1/831
f 3579/1/4 3563/1/4 3559/1/4
f 3559/1/621 3563/1/621 3564/1/621
f 3584/1/6 3574/1/6 3560/1/6
f 3558/1/8 3565/1/8 3570/1/8
f 3565/1/14 3566/1/14 3571/1/14
f 3566/1/421 3567/1/421 3572/1/421
f 3567/1/14 3568/1/14 3573/1/14
f 3568/1/14 3569/1/14 3574/1/14
f 3580/1/2 3575/1/2 3562/1/2
f 3581/1/308 3576/1/308 3575/1/308
f 3582/1/13 3577/1/13 3576/1/13
f 3583/1/2 3578/1/2 3577/1/2
f 3584/1/2 3579/1/2 3578/1/2
f 3562/1/11 3575/1/11 3565/1/11
f 3575/1/4 3576/1/4 3566/1/4
f 3576/1/4 3577/1/4 3567/1/4
f 3577/1/4 3578/1/4 3568/1/4
f 3578/1/4 3579/1/4 3569/1/4
f 3557/1/12 3570/1/12 3580/1/12
f 3570/1/12 3571/1/12 3581/1/12
f 3571/1/12 3572/1/12 3582/1/12
f 3572/1/6 3573/1/6 3583/1/6
f 3583/1/6 3573/1/6 3574/1/6
f 3597/1/1 3587/1/1 3588/1/1
f 3592/1/10 3591/1/10 3607/1/10
f 3589/1/831 3590/1/831 3586/1/831
f 3597/1/4 3607/1/4 3591/1/4
f 3587/1/886 3591/1/886 3592/1/886
f 3602/1/12 3588/1/12 3592/1/12
f 3586/1/421 3593/1/421 3598/1/421
f 3593/1/14 3594/1/14 3599/1/14
f 3594/1/14 3595/1/14 3600/1/14
f 3595/1/21 3596/1/21 3601/1/21
f 3596/1/834 3597/1/834 3602/1/834
f 3608/1/2 3603/1/2 3590/1/2
f 3609/1/308 3604/1/308 3603/1/308
f 3610/1/13 3605/1/13 3604/1/13
f 3611/1/2 3606/1/2 3605/1/2
f 3612/1/2 3607/1/2 3606/1/2
f 3586/1/4 3590/1/4 3603/1/4
f 3593/1/4 3603/1/4 3604/1/4
f 3594/1/22 3604/1/22 3605/1/22
f 3595/1/4 3605/1/4 3606/1/4
f 3596/1/4 3606/1/4 3607/1/4
f 3585/1/12 3598/1/12 3608/1/12
f 3598/1/12 3599/1/12 3609/1/12
f 3599/1/12 3600/1/12 3610/1/12
f 3600/1/12 3601/1/12 3611/1/12
f 3601/1/12 3602/1/12 3612/1/12
f 3625/1/29 3615/1/29 3616/1/29
f 3620/1/15 3619/1/15 3635/1/15
f 3617/1/887 3618/1/887 3614/1/887
f 3625/1/26 3635/1/26 3619/1/26
f 3615/1/833 3619/1/833 3620/1/833
f 3630/1/28 3616/1/28 3620/1/28
f 3614/1/624 3621/1/624 3626/1/624
f 3621/1/29 3622/1/29 3627/1/29
f 3622/1/31 3623/1/31 3628/1/31
f 3623/1/31 3624/1/31 3629/1/31
f 3624/1/29 3625/1/29 3630/1/29
f 3636/1/13 3631/1/13 3618/1/13
f 3637/1/316 3632/1/316 3631/1/316
f 3638/1/316 3633/1/316 3632/1/316
f 3639/1/308 3634/1/308 3633/1/308
f 3640/1/2 3635/1/2 3634/1/2
f 3614/1/26 3618/1/26 3631/1/26
f 3621/1/26 3631/1/26 3632/1/26
f 3622/1/26 3632/1/26 3633/1/26
f 3623/1/26 3633/1/26 3634/1/26
f 3624/1/26 3634/1/26 3635/1/26
f 3613/1/28 3626/1/28 3636/1/28
f 3626/1/28 3627/1/28 3637/1/28
f 3627/1/33 3628/1/33 3638/1/33
f 3628/1/28 3629/1/28 3639/1/28
f 3629/1/28 3630/1/28 3640/1/28
f 3653/1/562 3643/1/562 3644/1/562
f 3648/1/45 3647/1/45 3663/1/45
f 3645/1/888 3646/1/888 3642/1/888
f 3653/1/46 3663/1/46 3647/1/46
f 3643/1/889 3647/1/889 3648/1/889
f 3658/1/39 3644/1/39 3648/1/39
f 3642/1/34 3649/1/34 3654/1/34
f 3649/1/34 3650/1/34 3655/1/34
f 3650/1/34 3651/1/34 3656/1/34
f 3651/1/40 3652/1/40 3657/1/40
f 3652/1/191 3653/1/191 3658/1/191
f 3664/1/42 3659/1/42 3646/1/42
f 3665/1/427 3660/1/427 3659/1/427
f 3666/1/35 3661/1/35 3660/1/35
f 3667/1/427 3662/1/427 3661/1/427
f 3668/1/427 3663/1/427 3662/1/427
f 3642/1/46 3646/1/46 3659/1/46
f 3649/1/46 3659/1/46 3660/1/46
f 3650/1/37 3660/1/37 3661/1/37
f 3651/1/46 3661/1/46 3662/1/46
f 3652/1/46 3662/1/46 3663/1/46
f 3641/1/39 3654/1/39 3664/1/39
f 3654/1/39 3655/1/39 3665/1/39
f 3655/1/39 3656/1/39 3666/1/39
f 3656/1/39 3657/1/39 3667/1/39
f 3657/1/39 3658/1/39 3668/1/39
f 3681/1/320 3671/1/320 3672/1/320
f 3676/1/48 3675/1/48 3691/1/48
f 3673/1/890 3674/1/890 3670/1/890
f 3681/1/50 3691/1/50 3675/1/50
f 3671/1/891 3675/1/891 3676/1/891
f 3686/1/52 3672/1/52 3676/1/52
f 3670/1/53 3677/1/53 3682/1/53
f 3677/1/53 3678/1/53 3683/1/53
f 3678/1/780 3679/1/780 3684/1/780
f 3679/1/780 3680/1/780 3685/1/780
f 3680/1/780 3681/1/780 3686/1/780
f 3692/1/782 3687/1/782 3674/1/782
f 3693/1/892 3688/1/892 3687/1/892
f 3694/1/58 3689/1/58 3688/1/58
f 3695/1/48 3690/1/48 3689/1/48
f 3696/1/48 3691/1/48 3690/1/48
f 3670/1/50 3674/1/50 3687/1/50
f 3677/1/50 3687/1/50 3688/1/50
f 3678/1/50 3688/1/50 3689/1/50
f 3679/1/50 3689/1/50 3690/1/50
f 3680/1/50 3690/1/50 3691/1/50
f 3669/1/52 3682/1/52 3692/1/52
f 3682/1/52 3683/1/52 3693/1/52
f 3683/1/52 3684/1/52 3694/1/52
f 3684/1/52 3685/1/52 3695/1/52
f 3685/1/52 3686/1/52 3696/1/52
f 3709/1/434 3699/1/434 3700/1/434
f 3704/1/839 3703/1/839 3719/1/839
f 3701/1/703 3702/1/703 3698/1/703
f 3709/1/63 3719/1/63 3703/1/63
f 3699/1/840 3703/1/840 3704/1/840
f 3714/1/65 3700/1/65 3704/1/65
f 3698/1/67 3705/1/67 3710/1/67
f 3705/1/60 3706/1/60 3711/1/60
f 3706/1/68 3707/1/68 3712/1/68
f 3707/1/66 3708/1/66 3713/1/66
f 3708/1/66 3709/1/66 3714/1/66
f 3720/1/71 3715/1/71 3702/1/71
f 3721/1/325 3716/1/325 3715/1/325
f 3722/1/71 3717/1/71 3716/1/71
f 3723/1/71 3718/1/71 3717/1/71
f 3724/1/61 3719/1/61 3718/1/61
f 3698/1/63 3702/1/63 3715/1/63
f 3705/1/63 3715/1/63 3716/1/63
f 3706/1/63 3716/1/63 3717/1/63
f 3707/1/63 3717/1/63 3718/1/63
f 3708/1/63 3718/1/63 3719/1/63
f 3697/1/65 3710/1/65 3720/1/65
f 3710/1/65 3711/1/65 3721/1/65
f 3711/1/65 3712/1/65 3722/1/65
f 3712/1/65 3713/1/65 3723/1/65
f 3713/1/65 3714/1/65 3724/1/65
f 3737/1/177 3727/1/177 3728/1/177
f 3732/1/83 3731/1/83 3747/1/83
f 3729/1/893 3730/1/893 3726/1/893
f 3737/1/76 3747/1/76 3731/1/76
f 3727/1/894 3731/1/894 3732/1/894
f 3742/1/78 3728/1/78 3732/1/78
f 3726/1/177 3733/1/177 3738/1/177
f 3733/1/79 3734/1/79 3739/1/79
f 3734/1/709 3735/1/709 3740/1/709
f 3735/1/80 3736/1/80 3741/1/80
f 3736/1/80 3737/1/80 3742/1/80
f 3748/1/81 3743/1/81 3730/1/81
f 3749/1/74 3744/1/74 3743/1/74
f 3750/1/84 3745/1/84 3744/1/84
f 3751/1/84 3746/1/84 3745/1/84
f 3752/1/74 3747/1/74 3746/1/74
f 3726/1/76 3730/1/76 3743/1/76
f 3733/1/437 3743/1/437 3744/1/437
f 3734/1/76 3744/1/76 3745/1/76
f 3735/1/76 3745/1/76 3746/1/76
f 3736/1/76 3746/1/76 3747/1/76
f 3725/1/78 3738/1/78 3748/1/78
f 3738/1/78 3739/1/78 3749/1/78
f 3739/1/78 3740/1/78 3750/1/78
f 3740/1/78 3741/1/78 3751/1/78
f 3741/1/78 3742/1/78 3752/1/78
f 3765/1/566 3755/1/566 3756/1/566
f 3760/1/895 3759/1/895 3775/1/895
f 3757/1/710 3758/1/710 3754/1/710
f 3765/1/88 3775/1/88 3759/1/88
f 3755/1/896 3759/1/896 3760/1/896
f 3770/1/90 3756/1/90 3760/1/90
f 3754/1/91 3761/1/91 3766/1/91
f 3761/1/847 3762/1/847 3767/1/847
f 3762/1/847 3763/1/847 3768/1/847
f 3763/1/848 3764/1/848 3769/1/848
f 3764/1/566 3765/1/566 3770/1/566
f 3776/1/95 3771/1/95 3758/1/95
f 3777/1/86 3772/1/86 3771/1/86
f 3778/1/96 3773/1/96 3772/1/96
f 3779/1/86 3774/1/86 3773/1/86
f 3780/1/86 3775/1/86 3774/1/86
f 3754/1/88 3758/1/88 3771/1/88
f 3761/1/88 3771/1/88 3772/1/88
f 3762/1/88 3772/1/88 3773/1/88
f 3763/1/88 3773/1/88 3774/1/88
f 3764/1/88 3774/1/88 3775/1/88
f 3753/1/90 3766/1/90 3776/1/90
f 3766/1/90 3767/1/90 3777/1/90
f 3767/1/90 3768/1/90 3778/1/90
f 3768/1/90 3769/1/90 3779/1/90
f 3769/1/90 3770/1/90 3780/1/90
f 3793/1/606 3783/1/606 3784/1/606
f 3788/1/99 3787/1/99 3803/1/99
f 3785/1/849 3786/1/849 3782/1/849
f 3793/1/101 3803/1/101 3787/1/101
f 3783/1/897 3787/1/897 3788/1/897
f 3798/1/103 3784/1/103 3788/1/103
f 3782/1/606 3789/1/606 3794/1/606
f 3789/1/715 3790/1/715 3795/1/715
f 3790/1/98 3791/1/98 3796/1/98
f 3791/1/98 3792/1/98 3797/1/98
f 3792/1/98 3793/1/98 3798/1/98
f 3804/1/791 3799/1/791 3786/1/791
f 3805/1/110 3800/1/110 3799/1/110
f 3806/1/339 3801/1/339 3800/1/339
f 3807/1/109 3802/1/109 3801/1/109
f 3808/1/789 3803/1/789 3802/1/789
f 3782/1/101 3786/1/101 3799/1/101
f 3789/1/101 3799/1/101 3800/1/101
f 3790/1/101 3800/1/101 3801/1/101
f 3791/1/101 3801/1/101 3802/1/101
f 3792/1/101 3802/1/101 3803/1/101
f 3781/1/103 3794/1/103 3804/1/103
f 3794/1/103 3795/1/103 3805/1/103
f 3795/1/103 3796/1/103 3806/1/103
f 3796/1/103 3797/1/103 3807/1/103
f 3797/1/103 3798/1/103 3808/1/103
f 3821/1/117 3811/1/117 3812/1/117
f 3816/1/514 3815/1/514 3831/1/514
f 3813/1/851 3814/1/851 3810/1/851
f 3821/1/114 3831/1/114 3815/1/114
f 3811/1/898 3815/1/898 3816/1/898
f 3826/1/116 3812/1/116 3816/1/116
f 3810/1/111 3817/1/111 3822/1/111
f 3817/1/111 3818/1/111 3823/1/111
f 3818/1/572 3819/1/572 3824/1/572
f 3819/1/353 3820/1/353 3825/1/353
f 3820/1/899 3821/1/899 3826/1/899
f 3832/1/340 3827/1/340 3814/1/340
f 3833/1/340 3828/1/340 3827/1/340
f 3834/1/344 3829/1/344 3828/1/344
f 3835/1/344 3830/1/344 3829/1/344
f 3836/1/344 3831/1/344 3830/1/344
f 3810/1/114 3814/1/114 3827/1/114
f 3817/1/114 3827/1/114 3828/1/114
f 3818/1/114 3828/1/114 3829/1/114
f 3819/1/114 3829/1/114 3830/1/114
f 3820/1/114 3830/1/114 3831/1/114
f 3809/1/116 3822/1/116 3832/1/116
f 3822/1/116 3823/1/116 3833/1/116
f 3823/1/116 3824/1/116 3834/1/116
f 3824/1/116 3825/1/116 3835/1/116
f 3825/1/116 3826/1/116 3836/1/116
f 3849/1/130 3839/1/130 3840/1/130
f 3844/1/124 3843/1/124 3859/1/124
f 3841/1/125 3842/1/125 3838/1/125
f 3849/1/126 3859/1/126 3843/1/126
f 3839/1/900 3843/1/900 3844/1/900
f 3854/1/136 3840/1/136 3844/1/136
f 3838/1/130 3845/1/130 3850/1/130
f 3845/1/722 3846/1/722 3851/1/722
f 3846/1/722 3847/1/722 3852/1/722
f 3847/1/123 3848/1/123 3853/1/123
f 3848/1/133 3849/1/133 3854/1/133
f 3860/1/124 3855/1/124 3842/1/124
f 3861/1/124 3856/1/124 3855/1/124
f 3862/1/853 3857/1/853 3856/1/853
f 3863/1/159 3858/1/159 3857/1/159
f 3864/1/124 3859/1/124 3858/1/124
f 3838/1/126 3842/1/126 3855/1/126
f 3845/1/126 3855/1/126 3856/1/126
f 3846/1/126 3856/1/126 3857/1/126
f 3847/1/126 3857/1/126 3858/1/126
f 3848/1/126 3858/1/126 3859/1/126
f 3837/1/128 3850/1/128 3860/1/128
f 3850/1/136 3851/1/136 3861/1/136
f 3851/1/128 3852/1/128 3862/1/128
f 3852/1/136 3853/1/136 3863/1/136
f 3853/1/128 3854/1/128 3864/1/128
f 3877/1/143 3867/1/143 3868/1/143
f 3872/1/354 3871/1/354 3887/1/354
f 3869/1/901 3870/1/901 3866/1/901
f 3877/1/139 3887/1/139 3871/1/139
f 3867/1/902 3871/1/902 3872/1/902
f 3882/1/141 3868/1/141 3872/1/141
f 3866/1/903 3873/1/903 3878/1/903
f 3873/1/143 3874/1/143 3879/1/143
f 3874/1/123 3875/1/123 3880/1/123
f 3875/1/123 3876/1/123 3881/1/123
f 3876/1/143 3877/1/143 3882/1/143
f 3888/1/351 3883/1/351 3870/1/351
f 3889/1/354 3884/1/354 3883/1/354
f 3890/1/135 3885/1/135 3884/1/135
f 3891/1/853 3886/1/853 3885/1/853
f 3892/1/351 3887/1/351 3886/1/351
f 3866/1/139 3870/1/139 3883/1/139
f 3873/1/139 3883/1/139 3884/1/139
f 3874/1/139 3884/1/139 3885/1/139
f 3875/1/139 3885/1/139 3886/1/139
f 3876/1/139 3886/1/139 3887/1/139
f 3865/1/141 3878/1/141 3888/1/141
f 3878/1/141 3879/1/141 3889/1/141
f 3879/1/141 3880/1/141 3890/1/141
f 3880/1/141 3881/1/141 3891/1/141
f 3881/1/141 3882/1/141 3892/1/141
f 3905/1/156 3895/1/156 3896/1/156
f 3900/1/134 3899/1/134 3915/1/134
f 3897/1/904 3898/1/904 3894/1/904
f 3905/1/149 3915/1/149 3899/1/149
f 3895/1/905 3899/1/905 3900/1/905
f 3910/1/151 3896/1/151 3900/1/151
f 3894/1/611 3901/1/611 3906/1/611
f 3901/1/154 3902/1/154 3907/1/154
f 3902/1/355 3903/1/355 3908/1/355
f 3903/1/156 3904/1/156 3909/1/156
f 3904/1/156 3905/1/156 3910/1/156
f 3916/1/157 3911/1/157 3898/1/157
f 3917/1/158 3912/1/158 3911/1/158
f 3918/1/134 3913/1/134 3912/1/134
f 3919/1/134 3914/1/134 3913/1/134
f 3920/1/134 3915/1/134 3914/1/134
f 3894/1/160 3898/1/160 3911/1/160
f 3901/1/149 3911/1/149 3912/1/149
f 3902/1/149 3912/1/149 3913/1/149
f 3903/1/149 3913/1/149 3914/1/149
f 3904/1/160 3914/1/160 3915/1/160
f 3893/1/151 3906/1/151 3916/1/151
f 3906/1/151 3907/1/151 3917/1/151
f 3907/1/151 3908/1/151 3918/1/151
f 3908/1/151 3909/1/151 3919/1/151
f 3909/1/151 3910/1/151 3920/1/151
f 3933/1/161 3923/1/161 3924/1/161
f 3928/1/168 3927/1/168 3943/1/168
f 3925/1/728 3926/1/728 3922/1/728
f 3933/1/164 3943/1/164 3927/1/164
f 3923/1/801 3927/1/801 3928/1/801
f 3938/1/166 3924/1/166 3928/1/166
f 3922/1/359 3929/1/359 3934/1/359
f 3929/1/359 3930/1/359 3935/1/359
f 3930/1/361 3931/1/361 3936/1/361
f 3931/1/161 3932/1/161 3937/1/161
f 3932/1/361 3933/1/361 3938/1/361
f 3944/1/112 3939/1/112 3926/1/112
f 3945/1/345 3940/1/345 3939/1/345
f 3946/1/521 3941/1/521 3940/1/521
f 3947/1/906 3942/1/906 3941/1/906
f 3948/1/162 3943/1/162 3942/1/162
f 3922/1/164 3926/1/164 3939/1/164
f 3929/1/164 3939/1/164 3940/1/164
f 3930/1/164 3940/1/164 3941/1/164
f 3931/1/170 3941/1/170 3942/1/170
f 3932/1/164 3942/1/164 3943/1/164
f 3921/1/166 3934/1/166 3944/1/166
f 3934/1/166 3935/1/166 3945/1/166
f 3935/1/166 3936/1/166 3946/1/166
f 3936/1/166 3937/1/166 3947/1/166
f 3937/1/166 3938/1/166 3948/1/166
f 3961/1/803 3951/1/803 3952/1/803
f 3956/1/461 3955/1/461 3971/1/461
f 3953/1/907 3954/1/907 3950/1/907
f 3961/1/174 3971/1/174 3955/1/174
f 3951/1/908 3955/1/908 3956/1/908
f 3966/1/176 3952/1/176 3956/1/176
f 3950/1/178 3957/1/178 3962/1/178
f 3957/1/844 3958/1/844 3963/1/844
f 3958/1/178 3959/1/178 3964/1/178
f 3959/1/171 3960/1/171 3965/1/171
f 3960/1/734 3961/1/734 3966/1/734
f 3972/1/366 3967/1/366 3954/1/366
f 3973/1/179 3968/1/179 3967/1/179
f 3974/1/180 3969/1/180 3968/1/180
f 3975/1/172 3970/1/172 3969/1/172
f 3976/1/527 3971/1/527 3970/1/527
f 3950/1/174 3954/1/174 3967/1/174
f 3957/1/174 3967/1/174 3968/1/174
f 3958/1/174 3968/1/174 3969/1/174
f 3959/1/174 3969/1/174 3970/1/174
f 3960/1/183 3970/1/183 3971/1/183
f 3949/1/176 3962/1/176 3972/1/176
f 3962/1/176 3963/1/176 3973/1/176
f 3963/1/176 3964/1/176 3974/1/176
f 3964/1/176 3965/1/176 3975/1/176
f 3965/1/176 3966/1/176 3976/1/176
f 3989/1/191 3979/1/191 3980/1/191
f 3984/1/74 3983/1/74 3999/1/74
f 3981/1/909 3982/1/909 3978/1/909
f 3989/1/186 3999/1/186 3983/1/186
f 3979/1/806 3983/1/806 3984/1/806
f 3994/1/188 3980/1/188 3984/1/188
f 3978/1/190 3985/1/190 3990/1/190
f 3985/1/184 3986/1/184 3991/1/184
f 3986/1/192 3987/1/192 3992/1/192
f 3987/1/738 3988/1/738 3993/1/738
f 3988/1/738 3989/1/738 3994/1/738
f 4000/1/84 3995/1/84 3982/1/84
f 4001/1/74 3996/1/74 3995/1/74
f 4002/1/84 3997/1/84 3996/1/84
f 4003/1/84 3998/1/84 3997/1/84
f 4004/1/81 3999/1/81 3998/1/81
f 3978/1/186 3982/1/186 3995/1/186
f 3985/1/186 3995/1/186 3996/1/186
f 3986/1/186 3996/1/186 3997/1/186
f 3987/1/186 3997/1/186 3998/1/186
f 3988/1/186 3998/1/186 3999/1/186
f 3977/1/188 3990/1/188 4000/1/188
f 3990/1/188 3991/1/188 4001/1/188
f 3991/1/188 3992/1/188 4002/1/188
f 3992/1/188 3993/1/188 4003/1/188
f 3993/1/188 3994/1/188 4004/1/188
f 4022/1/200 4017/1/200 4007/1/200
f 4032/1/24 4012/1/24 4011/1/24
f 4009/1/910 4010/1/910 4006/1/910
f 4027/1/204 4011/1/204 4007/1/204
f 4007/1/911 4011/1/911 4012/1/911
f 4032/1/205 4022/1/205 4008/1/205
f 4005/1/198 4006/1/198 4013/1/198
f 4018/1/200 4013/1/200 4014/1/200
f 4019/1/193 4014/1/193 4015/1/193
f 4020/1/193 4015/1/193 4016/1/193
f 4021/1/378 4016/1/378 4017/1/378
f 4028/1/374 4023/1/374 4010/1/374
f 4029/1/10 4024/1/10 4023/1/10
f 4029/1/202 4030/1/202 4025/1/202
f 4030/1/419 4031/1/419 4026/1/419
f 4031/1/2 4032/1/2 4027/1/2
f 4010/1/203 4023/1/203 4013/1/203
f 4023/1/204 4024/1/204 4014/1/204
f 4024/1/203 4025/1/203 4015/1/203
f 4025/1/204 4026/1/204 4016/1/204
f 4026/1/203 4027/1/203 4017/1/203
f 4009/1/205 4005/1/205 4018/1/205
f 4028/1/205 4018/1/205 4019/1/205
f 4029/1/205 4019/1/205 4020/1/205
f 4030/1/205 4020/1/205 4021/1/205
f 4031/1/205 4021/1/205 4022/1/205
f 4050/1/865 4045/1/865 4035/1/865
f 4060/1/215 4040/1/215 4039/1/215
f 4037/1/912 4038/1/912 4034/1/912
f 4055/1/209 4039/1/209 4035/1/209
f 4035/1/913 4039/1/913 4040/1/913
f 4060/1/220 4050/1/220 4036/1/220
f 4033/1/745 4034/1/745 4041/1/745
f 4046/1/212 4041/1/212 4042/1/212
f 4047/1/213 4042/1/213 4043/1/213
f 4048/1/213 4043/1/213 4044/1/213
f 4049/1/533 4044/1/533 4045/1/533
f 4037/1/215 4056/1/215 4051/1/215
f 4056/1/217 4057/1/217 4052/1/217
f 4057/1/218 4058/1/218 4053/1/218
f 4058/1/531 4059/1/531 4054/1/531
f 4059/1/217 4060/1/217 4055/1/217
f 4038/1/209 4051/1/209 4041/1/209
f 4051/1/209 4052/1/209 4042/1/209
f 4052/1/209 4053/1/209 4043/1/209
f 4053/1/209 4054/1/209 4044/1/209
f 4054/1/209 4055/1/209 4045/1/209
f 4037/1/220 4033/1/220 4046/1/220
f 4056/1/211 4046/1/211 4047/1/211
f 4057/1/211 4047/1/211 4048/1/211
f 4058/1/220 4048/1/220 4049/1/220
f 4059/1/220 4049/1/220 4050/1/220
f 4078/1/230 4073/1/230 4063/1/230
f 4088/1/473 4068/1/473 4067/1/473
f 4065/1/914 4066/1/914 4062/1/914
f 4083/1/224 4067/1/224 4063/1/224
f 4063/1/915 4067/1/915 4068/1/915
f 4088/1/226 4078/1/226 4064/1/226
f 4061/1/221 4062/1/221 4069/1/221
f 4074/1/227 4069/1/227 4070/1/227
f 4075/1/221 4070/1/221 4071/1/221
f 4076/1/221 4071/1/221 4072/1/221
f 4077/1/229 4072/1/229 4073/1/229
f 4065/1/587 4084/1/587 4079/1/587
f 4084/1/746 4085/1/746 4080/1/746
f 4085/1/648 4086/1/648 4081/1/648
f 4086/1/473 4087/1/473 4082/1/473
f 4087/1/473 4088/1/473 4083/1/473
f 4066/1/224 4079/1/224 4069/1/224
f 4079/1/224 4080/1/224 4070/1/224
f 4080/1/224 4081/1/224 4071/1/224
f 4081/1/224 4082/1/224 4072/1/224
f 4082/1/224 4083/1/224 4073/1/224
f 4065/1/226 4061/1/226 4074/1/226
f 4084/1/226 4074/1/226 4075/1/226
f 4085/1/226 4075/1/226 4076/1/226
f 4086/1/226 4076/1/226 4077/1/226
f 4087/1/226 4077/1/226 4078/1/226
f 4106/1/249 4101/1/249 4091/1/249
f 4116/1/246 4096/1/246 4095/1/246
f 4093/1/870 4094/1/870 4090/1/870
f 4111/1/238 4095/1/238 4091/1/238
f 4091/1/751 4095/1/751 4096/1/751
f 4116/1/240 4106/1/240 4092/1/240
f 4089/1/241 4090/1/241 4097/1/241
f 4102/1/249 4097/1/249 4098/1/249
f 4103/1/392 4098/1/392 4099/1/392
f 4104/1/244 4099/1/244 4100/1/244
f 4105/1/592 4100/1/592 4101/1/592
f 4093/1/245 4112/1/245 4107/1/245
f 4112/1/871 4113/1/871 4108/1/871
f 4113/1/247 4114/1/247 4109/1/247
f 4114/1/387 4115/1/387 4110/1/387
f 4115/1/246 4116/1/246 4111/1/246
f 4094/1/238 4107/1/238 4097/1/238
f 4107/1/238 4108/1/238 4098/1/238
f 4108/1/238 4109/1/238 4099/1/238
f 4109/1/238 4110/1/238 4100/1/238
f 4110/1/238 4111/1/238 4101/1/238
f 4093/1/240 4089/1/240 4102/1/240
f 4112/1/240 4102/1/240 4103/1/240
f 4113/1/240 4103/1/240 4104/1/240
f 4114/1/240 4104/1/240 4105/1/240
f 4115/1/240 4105/1/240 4106/1/240
f 4134/1/390 4129/1/390 4119/1/390
f 4144/1/756 4124/1/756 4123/1/756
f 4121/1/872 4122/1/872 4118/1/872
f 4139/1/252 4123/1/252 4119/1/252
f 4119/1/753 4123/1/753 4124/1/753
f 4144/1/254 4134/1/254 4120/1/254
f 4117/1/243 4118/1/243 4125/1/243
f 4130/1/243 4125/1/243 4126/1/243
f 4131/1/241 4126/1/241 4127/1/241
f 4132/1/235 4127/1/235 4128/1/235
f 4133/1/390 4128/1/390 4129/1/390
f 4121/1/877 4140/1/877 4135/1/877
f 4140/1/396 4141/1/396 4136/1/396
f 4141/1/267 4142/1/267 4137/1/267
f 4142/1/394 4143/1/394 4138/1/394
f 4143/1/396 4144/1/396 4139/1/396
f 4122/1/252 4135/1/252 4125/1/252
f 4135/1/252 4136/1/252 4126/1/252
f 4136/1/252 4137/1/252 4127/1/252
f 4137/1/252 4138/1/252 4128/1/252
f 4138/1/252 4139/1/252 4129/1/252
f 4121/1/254 4117/1/254 4130/1/254
f 4140/1/254 4130/1/254 4131/1/254
f 4141/1/254 4131/1/254 4132/1/254
f 4142/1/254 4132/1/254 4133/1/254
f 4143/1/254 4133/1/254 4134/1/254
f 4162/1/230 4157/1/230 4147/1/230
f 4172/1/250 4152/1/250 4151/1/250
f 4149/1/916 4150/1/916 4146/1/916
f 4167/1/261 4151/1/261 4147/1/261
f 4147/1/876 4151/1/876 4152/1/876
f 4172/1/263 4162/1/263 4148/1/263
f 4145/1/265 4146/1/265 4153/1/265
f 4158/1/265 4153/1/265 4154/1/265
f 4159/1/818 4154/1/818 4155/1/818
f 4160/1/818 4155/1/818 4156/1/818
f 4161/1/818 4156/1/818 4157/1/818
f 4149/1/266 4168/1/266 4163/1/266
f 4168/1/259 4169/1/259 4164/1/259
f 4169/1/267 4170/1/267 4165/1/267
f 4170/1/396 4171/1/396 4166/1/396
f 4171/1/259 4172/1/259 4167/1/259
f 4150/1/268 4163/1/268 4153/1/268
f 4163/1/238 4164/1/238 4154/1/238
f 4164/1/268 4165/1/268 4155/1/268
f 4165/1/261 4166/1/261 4156/1/261
f 4166/1/261 4167/1/261 4157/1/261
f 4149/1/263 4145/1/263 4158/1/263
f 4168/1/263 4158/1/263 4159/1/263
f 4169/1/263 4159/1/263 4160/1/263
f 4170/1/263 4160/1/263 4161/1/263
f 4171/1/263 4161/1/263 4162/1/263
f 4190/1/595 4185/1/595 4175/1/595
f 4200/1/280 4180/1/280 4179/1/280
f 4177/1/917 4178/1/917 4174/1/917
f 4195/1/272 4179/1/272 4175/1/272
f 4175/1/918 4179/1/918 4180/1/918
f 4200/1/274 4190/1/274 4176/1/274
f 4173/1/269 4174/1/269 4181/1/269
f 4186/1/275 4181/1/275 4182/1/275
f 4187/1/545 4182/1/545 4183/1/545
f 4188/1/595 4183/1/595 4184/1/595
f 4189/1/269 4184/1/269 4185/1/269
f 4177/1/401 4196/1/401 4191/1/401
f 4196/1/543 4197/1/543 4192/1/543
f 4197/1/401 4198/1/401 4193/1/401
f 4198/1/279 4199/1/279 4194/1/279
f 4199/1/278 4200/1/278 4195/1/278
f 4178/1/272 4191/1/272 4181/1/272
f 4191/1/272 4192/1/272 4182/1/272
f 4192/1/272 4193/1/272 4183/1/272
f 4193/1/272 4194/1/272 4184/1/272
f 4194/1/272 4195/1/272 4185/1/272
f 4177/1/274 4173/1/274 4186/1/274
f 4196/1/274 4186/1/274 4187/1/274
f 4197/1/274 4187/1/274 4188/1/274
f 4198/1/274 4188/1/274 4189/1/274
f 4199/1/274 4189/1/274 4190/1/274
f 4218/1/287 4213/1/287 4203/1/287
f 4228/1/282 4208/1/282 4207/1/282
f 4205/1/919 4206/1/919 4202/1/919
f 4223/1/284 4207/1/284 4203/1/284
f 4203/1/881 4207/1/881 4208/1/881
f 4228/1/220 4218/1/220 4204/1/220
f 4201/1/765 4202/1/765 4209/1/765
f 4214/1/550 4209/1/550 4210/1/550
f 4215/1/408 4210/1/408 4211/1/408
f 4216/1/882 4211/1/882 4212/1/882
f 4217/1/550 4212/1/550 4213/1/550
f 4205/1/290 4224/1/290 4219/1/290
f 4224/1/410 4225/1/410 4220/1/410
f 4225/1/290 4226/1/290 4221/1/290
f 4226/1/282 4227/1/282 4222/1/282
f 4227/1/282 4228/1/282 4223/1/282
f 4206/1/284 4219/1/284 4209/1/284
f 4219/1/284 4220/1/284 4210/1/284
f 4220/1/284 4221/1/284 4211/1/284
f 4221/1/407 4222/1/407 4212/1/407
f 4222/1/284 4223/1/284 4213/1/284
f 4205/1/220 4201/1/220 4214/1/220
f 4224/1/220 4214/1/220 4215/1/220
f 4225/1/220 4215/1/220 4216/1/220
f 4226/1/220 4216/1/220 4217/1/220
f 4227/1/220 4217/1/220 4218/1/220
f 4246/1/297 4241/1/297 4231/1/297
f 4256/1/620 4236/1/620 4235/1/620
f 4233/1/920 4234/1/920 4230/1/920
f 4251/1/294 4235/1/294 4231/1/294
f 4231/1/921 4235/1/921 4236/1/921
f 4256/1/296 4246/1/296 4232/1/296
f 4229/1/412 4230/1/412 4237/1/412
f 4242/1/300 4237/1/300 4238/1/300
f 4243/1/415 4238/1/415 4239/1/415
f 4244/1/412 4239/1/412 4240/1/412
f 4245/1/412 4240/1/412 4241/1/412
f 4233/1/303 4252/1/303 4247/1/303
f 4252/1/292 4253/1/292 4248/1/292
f 4253/1/885 4254/1/885 4249/1/885
f 4254/1/416 4255/1/416 4250/1/416
f 4255/1/305 4256/1/305 4251/1/305
f 4234/1/294 4247/1/294 4237/1/294
f 4247/1/294 4248/1/294 4238/1/294
f 4248/1/294 4249/1/294 4239/1/294
f 4249/1/294 4250/1/294 4240/1/294
f 4250/1/294 4251/1/294 4241/1/294
f 4233/1/296 4229/1/296 4242/1/296
f 4252/1/296 4242/1/296 4243/1/296
f 4253/1/296 4243/1/296 4244/1/296
f 4254/1/296 4244/1/296 4245/1/296
f 4255/1/296 4245/1/296 4246/1/296
f 4269/1/14 4259/1/14 4260/1/14
f 4264/1/2 4263/1/2 4279/1/2
f 4261/1/831 4262/1/831 4258/1/831
f 4279/1/4 4263/1/4 4259/1/4
f 4259/1/554 4263/1/554 4264/1/554
f 4284/1/12 4274/1/12 4260/1/12
f 4258/1/830 4265/1/830 4270/1/830
f 4265/1/421 4266/1/421 4271/1/421
f 4266/1/14 4267/1/14 4272/1/14
f 4267/1/8 4268/1/8 4273/1/8
f 4268/1/1 4269/1/1 4274/1/1
f 4280/1/18 4275/1/18 4262/1/18
f 4281/1/18 4276/1/18 4275/1/18
f 4282/1/18 4277/1/18 4276/1/18
f 4283/1/2 4278/1/2 4277/1/2
f 4284/1/2 4279/1/2 4278/1/2
f 4262/1/4 4275/1/4 4265/1/4
f 4275/1/4 4276/1/4 4266/1/4
f 4276/1/11 4277/1/11 4267/1/11
f 4277/1/11 4278/1/11 4268/1/11
f 4278/1/11 4279/1/11 4269/1/11
f 4257/1/6 4270/1/6 4280/1/6
f 4270/1/6 4271/1/6 4281/1/6
f 4271/1/6 4272/1/6 4282/1/6
f 4272/1/12 4273/1/12 4283/1/12
f 4283/1/12 4273/1/12 4274/1/12
f 4297/1/14 4287/1/14 4288/1/14
f 4292/1/15 4291/1/15 4307/1/15
f 4289/1/831 4290/1/831 4286/1/831
f 4307/1/11 4291/1/11 4287/1/11
f 4287/1/554 4291/1/554 4292/1/554
f 4312/1/12 4302/1/12 4288/1/12
f 4286/1/830 4293/1/830 4298/1/830
f 4293/1/7 4294/1/7 4299/1/7
f 4294/1/830 4295/1/830 4300/1/830
f 4295/1/421 4296/1/421 4301/1/421
f 4296/1/1 4297/1/1 4302/1/1
f 4308/1/18 4303/1/18 4290/1/18
f 4309/1/18 4304/1/18 4303/1/18
f 4310/1/18 4305/1/18 4304/1/18
f 4311/1/2 4306/1/2 4305/1/2
f 4312/1/2 4307/1/2 4306/1/2
f 4290/1/4 4303/1/4 4293/1/4
f 4303/1/4 4304/1/4 4294/1/4
f 4304/1/11 4305/1/11 4295/1/11
f 4305/1/11 4306/1/11 4296/1/11
f 4306/1/11 4307/1/11 4297/1/11
f 4285/1/12 4298/1/12 4308/1/12
f 4298/1/6 4299/1/6 4309/1/6
f 4299/1/6 4300/1/6 4310/1/6
f 4310/1/6 4300/1/6 4301/1/6
f 4311/1/12 4301/1/12 4302/1/12
f 4325/1/14 4315/1/14 4316/1/14
f 4320/1/2 4319/1/2 4335/1/2
f 4317/1/831 4318/1/831 4314/1/831
f 4335/1/4 4319/1/4 4315/1/4
f 4315/1/554 4319/1/554 4320/1/554
f 4340/1/6 4330/1/6 4316/1/6
f 4314/1/14 4321/1/14 4326/1/14
f 4321/1/7 4322/1/7 4327/1/7
f 4322/1/14 4323/1/14 4328/1/14
f 4323/1/421 4324/1/421 4329/1/421
f 4324/1/1 4325/1/1 4330/1/1
f 4336/1/18 4331/1/18 4318/1/18
f 4337/1/15 4332/1/15 4331/1/15
f 4338/1/2 4333/1/2 4332/1/2
f 4339/1/18 4334/1/18 4333/1/18
f 4340/1/2 4335/1/2 4334/1/2
f 4318/1/11 4331/1/11 4321/1/11
f 4331/1/4 4332/1/4 4322/1/4
f 4332/1/11 4333/1/11 4323/1/11
f 4333/1/11 4334/1/11 4324/1/11
f 4334/1/11 4335/1/11 4325/1/11
f 4313/1/6 4326/1/6 4336/1/6
f 4326/1/6 4327/1/6 4337/1/6
f 4327/1/6 4328/1/6 4338/1/6
f 4338/1/6 4328/1/6 4329/1/6
f 4339/1/12 4329/1/12 4330/1/12
f 4353/1/14 4343/1/14 4344/1/14
f 4348/1/2 4347/1/2 4363/1/2
f 4345/1/831 4346/1/831 4342/1/831
f 4363/1/4 4347/1/4 4343/1/4
f 4343/1/554 4347/1/554 4348/1/554
f 4368/1/12 4358/1/12 4344/1/12
f 4342/1/14 4349/1/14 4354/1/14
f 4349/1/421 4350/1/421 4355/1/421
f 4350/1/14 4351/1/14 4356/1/14
f 4351/1/21 4352/1/21 4357/1/21
f 4352/1/1 4353/1/1 4358/1/1
f 4364/1/2 4359/1/2 4346/1/2
f 4365/1/2 4360/1/2 4359/1/2
f 4366/1/2 4361/1/2 4360/1/2
f 4367/1/2 4362/1/2 4361/1/2
f 4368/1/18 4363/1/18 4362/1/18
f 4346/1/4 4359/1/4 4349/1/4
f 4359/1/4 4360/1/4 4350/1/4
f 4360/1/4 4361/1/4 4351/1/4
f 4361/1/11 4362/1/11 4352/1/11
f 4362/1/11 4363/1/11 4353/1/11
f 4341/1/6 4354/1/6 4364/1/6
f 4354/1/6 4355/1/6 4365/1/6
f 4355/1/6 4356/1/6 4366/1/6
f 4356/1/12 4357/1/12 4367/1/12
f 4367/1/6 4357/1/6 4358/1/6
f 4381/1/830 4371/1/830 4372/1/830
f 4376/1/15 4375/1/15 4391/1/15
f 4373/1/831 4374/1/831 4370/1/831
f 4391/1/11 4375/1/11 4371/1/11
f 4371/1/554 4375/1/554 4376/1/554
f 4386/1/6 4372/1/6 4376/1/6
f 4370/1/14 4377/1/14 4382/1/14
f 4377/1/421 4378/1/421 4383/1/421
f 4378/1/830 4379/1/830 4384/1/830
f 4379/1/8 4380/1/8 4385/1/8
f 4380/1/1 4381/1/1 4386/1/1
f 4392/1/2 4387/1/2 4374/1/2
f 4393/1/10 4388/1/10 4387/1/10
f 4394/1/18 4389/1/18 4388/1/18
f 4395/1/2 4390/1/2 4389/1/2
f 4396/1/2 4391/1/2 4390/1/2
f 4374/1/4 4387/1/4 4377/1/4
f 4387/1/11 4388/1/11 4378/1/11
f 4388/1/11 4389/1/11 4379/1/11
f 4389/1/11 4390/1/11 4380/1/11
f 4390/1/11 4391/1/11 4381/1/11
f 4369/1/6 4382/1/6 4392/1/6
f 4382/1/6 4383/1/6 4393/1/6
f 4383/1/12 4384/1/12 4394/1/12
f 4394/1/6 4384/1/6 4385/1/6
f 4395/1/12 4385/1/12 4386/1/12
f 4409/1/14 4399/1/14 4400/1/14
f 4404/1/308 4403/1/308 4419/1/308
f 4401/1/831 4402/1/831 4398/1/831
f 4419/1/4 4403/1/4 4399/1/4
f 4399/1/554 4403/1/554 4404/1/554
f 4424/1/12 4414/1/12 4400/1/12
f 4398/1/830 4405/1/830 4410/1/830
f 4405/1/7 4406/1/7 4411/1/7
f 4406/1/830 4407/1/830 4412/1/830
f 4407/1/421 4408/1/421 4413/1/421
f 4408/1/1 4409/1/1 4414/1/1
f 4420/1/2 4415/1/2 4402/1/2
f 4421/1/308 4416/1/308 4415/1/308
f 4422/1/2 4417/1/2 4416/1/2
f 4423/1/18 4418/1/18 4417/1/18
f 4424/1/2 4419/1/2 4418/1/2
f 4402/1/4 4415/1/4 4405/1/4
f 4415/1/4 4416/1/4 4406/1/4
f 4416/1/11 4417/1/11 4407/1/11
f 4417/1/11 4418/1/11 4408/1/11
f 4418/1/11 4419/1/11 4409/1/11
f 4397/1/6 4410/1/6 4420/1/6
f 4410/1/6 4411/1/6 4421/1/6
f 4411/1/6 4412/1/6 4422/1/6
f 4422/1/6 4412/1/6 4413/1/6
f 4423/1/12 4413/1/12 4414/1/12
f 4437/1/14 4427/1/14 4428/1/14
f 4432/1/308 4431/1/308 4447/1/308
f 4429/1/831 4430/1/831 4426/1/831
f 4447/1/4 4431/1/4 4427/1/4
f 4427/1/554 4431/1/554 4432/1/554
f 4452/1/12 4442/1/12 4428/1/12
f 4426/1/830 4433/1/830 4438/1/830
f 4433/1/421 4434/1/421 4439/1/421
f 4434/1/14 4435/1/14 4440/1/14
f 4435/1/21 4436/1/21 4441/1/21
f 4436/1/1 4437/1/1 4442/1/1
f 4448/1/18 4443/1/18 4430/1/18
f 4449/1/2 4444/1/2 4443/1/2
f 4450/1/18 4445/1/18 4444/1/18
f 4451/1/18 4446/1/18 4445/1/18
f 4452/1/18 4447/1/18 4446/1/18
f 4430/1/4 4443/1/4 4433/1/4
f 4443/1/4 4444/1/4 4434/1/4
f 4444/1/11 4445/1/11 4435/1/11
f 4445/1/11 4446/1/11 4436/1/11
f 4446/1/11 4447/1/11 4437/1/11
f 4425/1/6 4438/1/6 4448/1/6
f 4438/1/6 4439/1/6 4449/1/6
f 4439/1/6 4440/1/6 4450/1/6
f 4440/1/12 4441/1/12 4451/1/12
f 4441/1/12 4442/1/12 4452/1/12
f 4465/1/14 4455/1/14 4456/1/14
f 4460/1/308 4459/1/308 4475/1/308
f 4457/1/831 4458/1/831 4454/1/831
f 4475/1/4 4459/1/4 4455/1/4
f 4455/1/554 4459/1/554 4460/1/554
f 4480/1/12 4470/1/12 4456/1/12
f 4454/1/830 4461/1/830 4466/1/830
f 4461/1/421 4462/1/421 4467/1/421
f 4462/1/14 4463/1/14 4468/1/14
f 4463/1/8 4464/1/8 4469/1/8
f 4464/1/1 4465/1/1 4470/1/1
f 4476/1/18 4471/1/18 4458/1/18
f 4477/1/10 4472/1/10 4471/1/10
f 4478/1/18 4473/1/18 4472/1/18
f 4479/1/2 4474/1/2 4473/1/2
f 4480/1/2 4475/1/2 4474/1/2
f 4458/1/4 4471/1/4 4461/1/4
f 4471/1/4 4472/1/4 4462/1/4
f 4472/1/11 4473/1/11 4463/1/11
f 4473/1/11 4474/1/11 4464/1/11
f 4474/1/4 4475/1/4 4465/1/4
f 4453/1/6 4466/1/6 4476/1/6
f 4466/1/6 4467/1/6 4477/1/6
f 4467/1/6 4468/1/6 4478/1/6
f 4478/1/6 4468/1/6 4469/1/6
f 4479/1/12 4469/1/12 4470/1/12
f 4493/1/14 4483/1/14 4484/1/14
f 4488/1/2 4487/1/2 4503/1/2
f 4485/1/831 4486/1/831 4482/1/831
f 4503/1/4 4487/1/4 4483/1/4
f 4483/1/554 4487/1/554 4488/1/554
f 4508/1/12 4498/1/12 4484/1/12
f 4482/1/830 4489/1/830 4494/1/830
f 4489/1/7 4490/1/7 4495/1/7
f 4490/1/830 4491/1/830 4496/1/830
f 4491/1/421 4492/1/421 4497/1/421
f 4492/1/1 4493/1/1 4498/1/1
f 4504/1/18 4499/1/18 4486/1/18
f 4505/1/10 4500/1/10 4499/1/10
f 4506/1/18 4501/1/18 4500/1/18
f 4507/1/2 4502/1/2 4501/1/2
f 4508/1/2 4503/1/2 4502/1/2
f 4486/1/4 4499/1/4 4489/1/4
f 4499/1/4 4500/1/4 4490/1/4
f 4500/1/11 4501/1/11 4491/1/11
f 4501/1/11 4502/1/11 4492/1/11
f 4502/1/11 4503/1/11 4493/1/11
f 4481/1/6 4494/1/6 4504/1/6
f 4494/1/6 4495/1/6 4505/1/6
f 4495/1/6 4496/1/6 4506/1/6
f 4506/1/6 4496/1/6 4497/1/6
f 4507/1/12 4497/1/12 4498/1/12
f 4521/1/14 4511/1/14 4512/1/14
f 4516/1/308 4515/1/308 4531/1/308
f 4513/1/831 4514/1/831 4510/1/831
f 4531/1/4 4515/1/4 4511/1/4
f 4511/1/554 4515/1/554 4516/1/554
f 4536/1/12 4526/1/12 4512/1/12
f 4510/1/14 4517/1/14 4522/1/14
f 4517/1/7 4518/1/7 4523/1/7
f 4518/1/14 4519/1/14 4524/1/14
f 4519/1/421 4520/1/421 4525/1/421
f 4520/1/1 4521/1/1 4526/1/1
f 4532/1/2 4527/1/2 4514/1/2
f 4533/1/308 4528/1/308 4527/1/308
f 4534/1/2 4529/1/2 4528/1/2
f 4535/1/18 4530/1/18 4529/1/18
f 4536/1/18 4531/1/18 4530/1/18
f 4514/1/4 4527/1/4 4517/1/4
f 4527/1/11 4528/1/11 4518/1/11
f 4528/1/11 4529/1/11 4519/1/11
f 4529/1/11 4530/1/11 4520/1/11
f 4530/1/11 4531/1/11 4521/1/11
f 4509/1/6 4522/1/6 4532/1/6
f 4522/1/6 4523/1/6 4533/1/6
f 4523/1/6 4524/1/6 4534/1/6
f 4534/1/6 4524/1/6 4525/1/6
f 4535/1/12 4525/1/12 4526/1/12
f 4549/1/830 4539/1/830 4540/1/830
f 4544/1/308 4543/1/308 4559/1/308
f 4541/1/922 4542/1/922 4538/1/922
f 4559/1/4 4543/1/4 4539/1/4
f 4539/1/554 4543/1/554 4544/1/554
f 4564/1/12 4554/1/12 4540/1/12
f 4538/1/14 4545/1/14 4550/1/14
f 4545/1/421 4546/1/421 4551/1/421
f 4546/1/14 4547/1/14 4552/1/14
f 4547/1/8 4548/1/8 4553/1/8
f 4548/1/1 4549/1/1 4554/1/1
f 4560/1/2 4555/1/2 4542/1/2
f 4561/1/10 4556/1/10 4555/1/10
f 4562/1/18 4557/1/18 4556/1/18
f 4563/1/2 4558/1/2 4557/1/2
f 4564/1/2 4559/1/2 4558/1/2
f 4542/1/4 4555/1/4 4545/1/4
f 4555/1/11 4556/1/11 4546/1/11
f 4556/1/11 4557/1/11 4547/1/11
f 4557/1/11 4558/1/11 4548/1/11
f 4558/1/11 4559/1/11 4549/1/11
f 4537/1/6 4550/1/6 4560/1/6
f 4550/1/6 4551/1/6 4561/1/6
f 4551/1/6 4552/1/6 4562/1/6
f 4562/1/6 4552/1/6 4553/1/6
f 4563/1/12 4553/1/12 4554/1/12
f 4577/1/830 4567/1/830 4568/1/830
f 4572/1/308 4571/1/308 4587/1/308
f 4569/1/831 4570/1/831 4566/1/831
f 4587/1/4 4571/1/4 4567/1/4
f 4567/1/554 4571/1/554 4572/1/554
f 4592/1/12 4582/1/12 4568/1/12
f 4566/1/14 4573/1/14 4578/1/14
f 4573/1/7 4574/1/7 4579/1/7
f 4574/1/830 4575/1/830 4580/1/830
f 4575/1/421 4576/1/421 4581/1/421
f 4576/1/1 4577/1/1 4582/1/1
f 4588/1/2 4583/1/2 4570/1/2
f 4589/1/18 4584/1/18 4583/1/18
f 4590/1/18 4585/1/18 4584/1/18
f 4591/1/2 4586/1/2 4585/1/2
f 4592/1/2 4587/1/2 4586/1/2
f 4570/1/4 4583/1/4 4573/1/4
f 4583/1/4 4584/1/4 4574/1/4
f 4584/1/11 4585/1/11 4575/1/11
f 4585/1/11 4586/1/11 4576/1/11
f 4586/1/4 4587/1/4 4577/1/4
f 4565/1/6 4578/1/6 4588/1/6
f 4578/1/6 4579/1/6 4589/1/6
f 4579/1/6 4580/1/6 4590/1/6
f 4590/1/6 4580/1/6 4581/1/6
f 4591/1/12 4581/1/12 4582/1/12
f 4605/1/14 4595/1/14 4596/1/14
f 4600/1/308 4599/1/308 4615/1/308
f 4597/1/831 4598/1/831 4594/1/831
f 4615/1/4 4599/1/4 4595/1/4
f 4595/1/554 4599/1/554 4600/1/554
f 4620/1/12 4610/1/12 4596/1/12
f 4594/1/830 4601/1/830 4606/1/830
f 4601/1/7 4602/1/7 4607/1/7
f 4602/1/830 4603/1/830 4608/1/830
f 4603/1/421 4604/1/421 4609/1/421
f 4604/1/1 4605/1/1 4610/1/1
f 4616/1/2 4611/1/2 4598/1/2
f 4617/1/308 4612/1/308 4611/1/308
f 4618/1/2 4613/1/2 4612/1/2
f 4619/1/18 4614/1/18 4613/1/18
f 4620/1/2 4615/1/2 4614/1/2
f 4598/1/4 4611/1/4 4601/1/4
f 4611/1/4 4612/1/4 4602/1/4
f 4612/1/11 4613/1/11 4603/1/11
f 4613/1/11 4614/1/11 4604/1/11
f 4614/1/11 4615/1/11 4605/1/11
f 4593/1/6 4606/1/6 4616/1/6
f 4606/1/6 4607/1/6 4617/1/6
f 4607/1/6 4608/1/6 4618/1/6
f 4618/1/6 4608/1/6 4609/1/6
f 4619/1/12 4609/1/12 4610/1/12
f 4633/1/14 4623/1/14 4624/1/14
f 4628/1/2 4627/1/2 4643/1/2
f 4625/1/831 4626/1/831 4622/1/831
f 4643/1/4 4627/1/4 4623/1/4
f 4623/1/554 4627/1/554 4628/1/554
f 4648/1/12 4638/1/12 4624/1/12
f 4622/1/830 4629/1/830 4634/1/830
f 4629/1/421 4630/1/421 4635/1/421
f 4630/1/14 4631/1/14 4636/1/14
f 4631/1/21 4632/1/21 4637/1/21
f 4632/1/1 4633/1/1 4638/1/1
f 4644/1/18 4639/1/18 4626/1/18
f 4645/1/308 4640/1/308 4639/1/308
f 4646/1/2 4641/1/2 4640/1/2
f 4647/1/2 4642/1/2 4641/1/2
f 4648/1/18 4643/1/18 4642/1/18
f 4626/1/4 4639/1/4 4629/1/4
f 4639/1/4 4640/1/4 4630/1/4
f 4640/1/4 4641/1/4 4631/1/4
f 4641/1/11 4642/1/11 4632/1/11
f 4642/1/11 4643/1/11 4633/1/11
f 4621/1/6 4634/1/6 4644/1/6
f 4634/1/6 4635/1/6 4645/1/6
f 4635/1/6 4636/1/6 4646/1/6
f 4646/1/6 4636/1/6 4637/1/6
f 4647/1/12 4637/1/12 4638/1/12
f 4661/1/8 4651/1/8 4652/1/8
f 4656/1/308 4655/1/308 4671/1/308
f 4653/1/831 4654/1/831 4650/1/831
f 4661/1/22 4671/1/22 4655/1/22
f 4651/1/5 4655/1/5 4656/1/5
f 4666/1/12 4652/1/12 4656/1/12
f 4650/1/421 4657/1/421 4662/1/421
f 4657/1/14 4658/1/14 4663/1/14
f 4658/1/421 4659/1/421 4664/1/421
f 4659/1/21 4660/1/21 4665/1/21
f 4660/1/21 4661/1/21 4666/1/21
f 4672/1/18 4667/1/18 4654/1/18
f 4673/1/10 4668/1/10 4667/1/10
f 4674/1/2 4669/1/2 4668/1/2
f 4675/1/2 4670/1/2 4669/1/2
f 4676/1/2 4671/1/2 4670/1/2
f 4650/1/4 4654/1/4 4667/1/4
f 4657/1/4 4667/1/4 4668/1/4
f 4658/1/4 4668/1/4 4669/1/4
f 4659/1/4 4669/1/4 4670/1/4
f 4660/1/4 4670/1/4 4671/1/4
f 4649/1/12 4662/1/12 4672/1/12
f 4662/1/12 4663/1/12 4673/1/12
f 4663/1/12 4664/1/12 4674/1/12
f 4664/1/12 4665/1/12 4675/1/12
f 4665/1/311 4666/1/311 4676/1/311
f 4689/1/31 4679/1/31 4680/1/31
f 4684/1/32 4683/1/32 4699/1/32
f 4681/1/887 4682/1/887 4678/1/887
f 4689/1/26 4699/1/26 4683/1/26
f 4679/1/923 4683/1/923 4684/1/923
f 4694/1/28 4680/1/28 4684/1/28
f 4678/1/559 4685/1/559 4690/1/559
f 4685/1/559 4686/1/559 4691/1/559
f 4686/1/31 4687/1/31 4692/1/31
f 4687/1/559 4688/1/559 4693/1/559
f 4688/1/30 4689/1/30 4694/1/30
f 4700/1/308 4695/1/308 4682/1/308
f 4701/1/15 4696/1/15 4695/1/15
f 4702/1/13 4697/1/13 4696/1/13
f 4703/1/308 4698/1/308 4697/1/308
f 4704/1/2 4699/1/2 4698/1/2
f 4678/1/26 4682/1/26 4695/1/26
f 4685/1/26 4695/1/26 4696/1/26
f 4686/1/26 4696/1/26 4697/1/26
f 4687/1/26 4697/1/26 4698/1/26
f 4688/1/26 4698/1/26 4699/1/26
f 4677/1/28 4690/1/28 4700/1/28
f 4690/1/28 4691/1/28 4701/1/28
f 4691/1/28 4692/1/28 4702/1/28
f 4692/1/28 4693/1/28 4703/1/28
f 4693/1/28 4694/1/28 4704/1/28
f 4717/1/562 4707/1/562 4708/1/562
f 4712/1/35 4711/1/35 4727/1/35
f 4709/1/835 4710/1/835 4706/1/835
f 4717/1/46 4727/1/46 4711/1/46
f 4707/1/889 4711/1/889 4712/1/889
f 4722/1/39 4708/1/39 4712/1/39
f 4706/1/191 4713/1/191 4718/1/191
f 4713/1/738 4714/1/738 4719/1/738
f 4714/1/192 4715/1/192 4720/1/192
f 4715/1/191 4716/1/191 4721/1/191
f 4716/1/562 4717/1/562 4722/1/562
f 4728/1/427 4723/1/427 4710/1/427
f 4729/1/428 4724/1/428 4723/1/428
f 4730/1/45 4725/1/45 4724/1/45
f 4731/1/42 4726/1/42 4725/1/42
f 4732/1/427 4727/1/427 4726/1/427
f 4706/1/37 4710/1/37 4723/1/37
f 4713/1/37 4723/1/37 4724/1/37
f 4714/1/37 4724/1/37 4725/1/37
f 4715/1/37 4725/1/37 4726/1/37
f 4716/1/46 4726/1/46 4727/1/46
f 4705/1/39 4718/1/39 4728/1/39
f 4718/1/39 4719/1/39 4729/1/39
f 4719/1/39 4720/1/39 4730/1/39
f 4720/1/39 4721/1/39 4731/1/39
f 4721/1/39 4722/1/39 4732/1/39
f 4745/1/47 4735/1/47 4736/1/47
f 4740/1/57 4739/1/57 4755/1/57
f 4737/1/890 4738/1/890 4734/1/890
f 4745/1/50 4755/1/50 4739/1/50
f 4735/1/924 4739/1/924 4740/1/924
f 4750/1/52 4736/1/52 4740/1/52
f 4734/1/47 4741/1/47 4746/1/47
f 4741/1/780 4742/1/780 4747/1/780
f 4742/1/47 4743/1/47 4748/1/47
f 4743/1/321 4744/1/321 4749/1/321
f 4744/1/322 4745/1/322 4750/1/322
f 4756/1/58 4751/1/58 4738/1/58
f 4757/1/323 4752/1/323 4751/1/323
f 4758/1/58 4753/1/58 4752/1/58
f 4759/1/55 4754/1/55 4753/1/55
f 4760/1/57 4755/1/57 4754/1/57
f 4734/1/50 4738/1/50 4751/1/50
f 4741/1/50 4751/1/50 4752/1/50
f 4742/1/50 4752/1/50 4753/1/50
f 4743/1/59 4753/1/59 4754/1/59
f 4744/1/50 4754/1/50 4755/1/50
f 4733/1/52 4746/1/52 4756/1/52
f 4746/1/52 4747/1/52 4757/1/52
f 4747/1/52 4748/1/52 4758/1/52
f 4748/1/52 4749/1/52 4759/1/52
f 4749/1/52 4750/1/52 4760/1/52
f 4773/1/68 4763/1/68 4764/1/68
f 4768/1/70 4767/1/70 4783/1/70
f 4765/1/703 4766/1/703 4762/1/703
f 4773/1/63 4783/1/63 4767/1/63
f 4763/1/925 4767/1/925 4768/1/925
f 4778/1/65 4764/1/65 4768/1/65
f 4762/1/66 4769/1/66 4774/1/66
f 4769/1/66 4770/1/66 4775/1/66
f 4770/1/66 4771/1/66 4776/1/66
f 4771/1/702 4772/1/702 4777/1/702
f 4772/1/60 4773/1/60 4778/1/60
f 4784/1/71 4779/1/71 4766/1/71
f 4785/1/61 4780/1/61 4779/1/61
f 4786/1/435 4781/1/435 4780/1/435
f 4787/1/71 4782/1/71 4781/1/71
f 4788/1/325 4783/1/325 4782/1/325
f 4762/1/63 4766/1/63 4779/1/63
f 4769/1/63 4779/1/63 4780/1/63
f 4770/1/63 4780/1/63 4781/1/63
f 4771/1/63 4781/1/63 4782/1/63
f 4772/1/63 4782/1/63 4783/1/63
f 4761/1/65 4774/1/65 4784/1/65
f 4774/1/65 4775/1/65 4785/1/65
f 4775/1/65 4776/1/65 4786/1/65
f 4776/1/65 4777/1/65 4787/1/65
f 4777/1/65 4778/1/65 4788/1/65
f 4801/1/80 4791/1/80 4792/1/80
f 4796/1/83 4795/1/83 4811/1/83
f 4793/1/842 4794/1/842 4790/1/842
f 4801/1/76 4811/1/76 4795/1/76
f 4791/1/894 4795/1/894 4796/1/894
f 4806/1/78 4792/1/78 4796/1/78
f 4790/1/73 4797/1/73 4802/1/73
f 4797/1/80 4798/1/80 4803/1/80
f 4798/1/709 4799/1/709 4804/1/709
f 4799/1/79 4800/1/79 4805/1/79
f 4800/1/171 4801/1/171 4806/1/171
f 4812/1/81 4807/1/81 4794/1/81
f 4813/1/74 4808/1/74 4807/1/74
f 4814/1/81 4809/1/81 4808/1/81
f 4815/1/329 4810/1/329 4809/1/329
f 4816/1/74 4811/1/74 4810/1/74
f 4790/1/76 4794/1/76 4807/1/76
f 4797/1/76 4807/1/76 4808/1/76
f 4798/1/76 4808/1/76 4809/1/76
f 4799/1/76 4809/1/76 4810/1/76
f 4800/1/76 4810/1/76 4811/1/76
f 4789/1/78 4802/1/78 4812/1/78
f 4802/1/78 4803/1/78 4813/1/78
f 4803/1/78 4804/1/78 4814/1/78
f 4804/1/78 4805/1/78 4815/1/78
f 4805/1/78 4806/1/78 4816/1/78
f 4829/1/91 4819/1/91 4820/1/91
f 4824/1/86 4823/1/86 4839/1/86
f 4821/1/926 4822/1/926 4818/1/926
f 4829/1/88 4839/1/88 4823/1/88
f 4819/1/927 4823/1/927 4824/1/927
f 4834/1/90 4820/1/90 4824/1/90
f 4818/1/566 4825/1/566 4830/1/566
f 4825/1/92 4826/1/92 4831/1/92
f 4826/1/92 4827/1/92 4832/1/92
f 4827/1/566 4828/1/566 4833/1/566
f 4828/1/91 4829/1/91 4834/1/91
f 4840/1/95 4835/1/95 4822/1/95
f 4841/1/96 4836/1/96 4835/1/96
f 4842/1/86 4837/1/86 4836/1/86
f 4843/1/95 4838/1/95 4837/1/95
f 4844/1/86 4839/1/86 4838/1/86
f 4818/1/88 4822/1/88 4835/1/88
f 4825/1/97 4835/1/97 4836/1/97
f 4826/1/88 4836/1/88 4837/1/88
f 4827/1/88 4837/1/88 4838/1/88
f 4828/1/88 4838/1/88 4839/1/88
f 4817/1/90 4830/1/90 4840/1/90
f 4830/1/90 4831/1/90 4841/1/90
f 4831/1/90 4832/1/90 4842/1/90
f 4832/1/90 4833/1/90 4843/1/90
f 4833/1/90 4834/1/90 4844/1/90
f 4857/1/715 4847/1/715 4848/1/715
f 4852/1/99 4851/1/99 4867/1/99
f 4849/1/849 4850/1/849 4846/1/849
f 4857/1/101 4867/1/101 4851/1/101
f 4847/1/897 4851/1/897 4852/1/897
f 4862/1/103 4848/1/103 4852/1/103
f 4846/1/98 4853/1/98 4858/1/98
f 4853/1/928 4854/1/928 4859/1/928
f 4854/1/928 4855/1/928 4860/1/928
f 4855/1/98 4856/1/98 4861/1/98
f 4856/1/105 4857/1/105 4862/1/105
f 4868/1/99 4863/1/99 4850/1/99
f 4869/1/339 4864/1/339 4863/1/339
f 4870/1/527 4865/1/527 4864/1/527
f 4871/1/107 4866/1/107 4865/1/107
f 4872/1/107 4867/1/107 4866/1/107
f 4846/1/101 4850/1/101 4863/1/101
f 4853/1/101 4863/1/101 4864/1/101
f 4854/1/101 4864/1/101 4865/1/101
f 4855/1/101 4865/1/101 4866/1/101
f 4856/1/101 4866/1/101 4867/1/101
f 4845/1/103 4858/1/103 4868/1/103
f 4858/1/103 4859/1/103 4869/1/103
f 4859/1/103 4860/1/103 4870/1/103
f 4860/1/103 4861/1/103 4871/1/103
f 4861/1/103 4862/1/103 4872/1/103
f 4885/1/794 4875/1/794 4876/1/794
f 4880/1/340 4879/1/340 4895/1/340
f 4877/1/851 4878/1/851 4874/1/851
f 4885/1/114 4895/1/114 4879/1/114
f 4875/1/898 4879/1/898 4880/1/898
f 4890/1/116 4876/1/116 4880/1/116
f 4874/1/929 4881/1/929 4886/1/929
f 4881/1/899 4882/1/899 4887/1/899
f 4882/1/111 4883/1/111 4888/1/111
f 4883/1/343 4884/1/343 4889/1/343
f 4884/1/111 4885/1/111 4890/1/111
f 4896/1/340 4891/1/340 4878/1/340
f 4897/1/514 4892/1/514 4891/1/514
f 4898/1/344 4893/1/344 4892/1/344
f 4899/1/521 4894/1/521 4893/1/521
f 4900/1/119 4895/1/119 4894/1/119
f 4874/1/114 4878/1/114 4891/1/114
f 4881/1/114 4891/1/114 4892/1/114
f 4882/1/114 4892/1/114 4893/1/114
f 4883/1/114 4893/1/114 4894/1/114
f 4884/1/114 4894/1/114 4895/1/114
f 4873/1/116 4886/1/116 4896/1/116
f 4886/1/116 4887/1/116 4897/1/116
f 4887/1/116 4888/1/116 4898/1/116
f 4888/1/116 4889/1/116 4899/1/116
f 4889/1/116 4890/1/116 4900/1/116
f 4913/1/722 4903/1/722 4904/1/722
f 4908/1/124 4907/1/124 4923/1/124
f 4905/1/930 4906/1/930 4902/1/930
f 4913/1/126 4923/1/126 4907/1/126
f 4903/1/931 4907/1/931 4908/1/931
f 4918/1/128 4904/1/128 4908/1/128
f 4902/1/133 4909/1/133 4914/1/133
f 4909/1/132 4910/1/132 4915/1/132
f 4910/1/131 4911/1/131 4916/1/131
f 4911/1/722 4912/1/722 4917/1/722
f 4912/1/131 4913/1/131 4918/1/131
f 4924/1/134 4919/1/134 4906/1/134
f 4925/1/124 4920/1/124 4919/1/124
f 4926/1/124 4921/1/124 4920/1/124
f 4927/1/147 4922/1/147 4921/1/147
f 4928/1/124 4923/1/124 4922/1/124
f 4902/1/126 4906/1/126 4919/1/126
f 4909/1/126 4919/1/126 4920/1/126
f 4910/1/126 4920/1/126 4921/1/126
f 4911/1/126 4921/1/126 4922/1/126
f 4912/1/126 4922/1/126 4923/1/126
f 4901/1/136 4914/1/136 4924/1/136
f 4914/1/128 4915/1/128 4925/1/128
f 4915/1/136 4916/1/136 4926/1/136
f 4916/1/128 4917/1/128 4927/1/128
f 4917/1/128 4918/1/128 4928/1/128
f 4941/1/123 4931/1/123 4932/1/123
f 4936/1/796 4935/1/796 4951/1/796
f 4933/1/901 4934/1/901 4930/1/901
f 4941/1/139 4951/1/139 4935/1/139
f 4931/1/902 4935/1/902 4936/1/902
f 4946/1/141 4932/1/141 4936/1/141
f 4930/1/142 4937/1/142 4942/1/142
f 4937/1/353 4938/1/353 4943/1/353
f 4938/1/143 4939/1/143 4944/1/143
f 4939/1/353 4940/1/353 4945/1/353
f 4940/1/143 4941/1/143 4946/1/143
f 4952/1/354 4947/1/354 4934/1/354
f 4953/1/354 4948/1/354 4947/1/354
f 4954/1/354 4949/1/354 4948/1/354
f 4955/1/137 4950/1/137 4949/1/137
f 4956/1/351 4951/1/351 4950/1/351
f 4930/1/139 4934/1/139 4947/1/139
f 4937/1/139 4947/1/139 4948/1/139
f 4938/1/139 4948/1/139 4949/1/139
f 4939/1/139 4949/1/139 4950/1/139
f 4940/1/139 4950/1/139 4951/1/139
f 4929/1/141 4942/1/141 4952/1/141
f 4942/1/141 4943/1/141 4953/1/141
f 4943/1/141 4944/1/141 4954/1/141
f 4944/1/141 4945/1/141 4955/1/141
f 4945/1/141 4946/1/141 4956/1/141
f 4969/1/152 4959/1/152 4960/1/152
f 4964/1/158 4963/1/158 4979/1/158
f 4961/1/725 4962/1/725 4958/1/725
f 4969/1/160 4979/1/160 4963/1/160
f 4959/1/905 4963/1/905 4964/1/905
f 4974/1/151 4960/1/151 4964/1/151
f 4958/1/156 4965/1/156 4970/1/156
f 4965/1/152 4966/1/152 4971/1/152
f 4966/1/152 4967/1/152 4972/1/152
f 4967/1/146 4968/1/146 4973/1/146
f 4968/1/355 4969/1/355 4974/1/355
f 4980/1/134 4975/1/134 4962/1/134
f 4981/1/158 4976/1/158 4975/1/158
f 4982/1/134 4977/1/134 4976/1/134
f 4983/1/158 4978/1/158 4977/1/158
f 4984/1/134 4979/1/134 4978/1/134
f 4958/1/149 4962/1/149 4975/1/149
f 4965/1/160 4975/1/160 4976/1/160
f 4966/1/160 4976/1/160 4977/1/160
f 4967/1/160 4977/1/160 4978/1/160
f 4968/1/149 4978/1/149 4979/1/149
f 4957/1/151 4970/1/151 4980/1/151
f 4970/1/151 4971/1/151 4981/1/151
f 4971/1/151 4972/1/151 4982/1/151
f 4972/1/151 4973/1/151 4983/1/151
f 4973/1/357 4974/1/357 4984/1/357
f 4997/1/731 4987/1/731 4988/1/731
f 4992/1/345 4991/1/345 5007/1/345
f 4989/1/728 4990/1/728 4986/1/728
f 4997/1/164 5007/1/164 4991/1/164
f 4987/1/801 4991/1/801 4992/1/801
f 5002/1/166 4988/1/166 4992/1/166
f 4986/1/799 4993/1/799 4998/1/799
f 4993/1/361 4994/1/361 4999/1/361
f 4994/1/731 4995/1/731 5000/1/731
f 4995/1/799 4996/1/799 5001/1/799
f 4996/1/167 4997/1/167 5002/1/167
f 5008/1/112 5003/1/112 4990/1/112
f 5009/1/168 5004/1/168 5003/1/168
f 5010/1/521 5005/1/521 5004/1/521
f 5011/1/524 5006/1/524 5005/1/524
f 5012/1/112 5007/1/112 5006/1/112
f 4986/1/164 4990/1/164 5003/1/164
f 4993/1/164 5003/1/164 5004/1/164
f 4994/1/164 5004/1/164 5005/1/164
f 4995/1/170 5005/1/170 5006/1/170
f 4996/1/164 5006/1/164 5007/1/164
f 4985/1/166 4998/1/166 5008/1/166
f 4998/1/166 4999/1/166 5009/1/166
f 4999/1/166 5000/1/166 5010/1/166
f 5000/1/166 5001/1/166 5011/1/166
f 5001/1/166 5002/1/166 5012/1/166
f 5025/1/177 5015/1/177 5016/1/177
f 5020/1/182 5019/1/182 5035/1/182
f 5017/1/932 5018/1/932 5014/1/932
f 5025/1/183 5035/1/183 5019/1/183
f 5015/1/860 5019/1/860 5020/1/860
f 5030/1/176 5016/1/176 5020/1/176
f 5014/1/178 5021/1/178 5026/1/178
f 5021/1/171 5022/1/171 5027/1/171
f 5022/1/171 5023/1/171 5028/1/171
f 5023/1/734 5024/1/734 5029/1/734
f 5024/1/178 5025/1/178 5030/1/178
f 5036/1/366 5031/1/366 5018/1/366
f 5037/1/366 5032/1/366 5031/1/366
f 5038/1/172 5033/1/172 5032/1/172
f 5039/1/172 5034/1/172 5033/1/172
f 5040/1/366 5035/1/366 5034/1/366
f 5014/1/183 5018/1/183 5031/1/183
f 5021/1/183 5031/1/183 5032/1/183
f 5022/1/183 5032/1/183 5033/1/183
f 5023/1/183 5033/1/183 5034/1/183
f 5024/1/183 5034/1/183 5035/1/183
f 5013/1/176 5026/1/176 5036/1/176
f 5026/1/176 5027/1/176 5037/1/176
f 5027/1/176 5028/1/176 5038/1/176
f 5028/1/176 5029/1/176 5039/1/176
f 5029/1/176 5030/1/176 5040/1/176
f 5053/1/192 5043/1/192 5044/1/192
f 5048/1/74 5047/1/74 5063/1/74
f 5045/1/735 5046/1/735 5042/1/735
f 5053/1/186 5063/1/186 5047/1/186
f 5043/1/806 5047/1/806 5048/1/806
f 5058/1/188 5044/1/188 5048/1/188
f 5042/1/737 5049/1/737 5054/1/737
f 5049/1/562 5050/1/562 5055/1/562
f 5050/1/34 5051/1/34 5056/1/34
f 5051/1/738 5052/1/738 5057/1/738
f 5052/1/184 5053/1/184 5058/1/184
f 5064/1/329 5059/1/329 5046/1/329
f 5065/1/82 5060/1/82 5059/1/82
f 5066/1/84 5061/1/84 5060/1/84
f 5067/1/84 5062/1/84 5061/1/84
f 5068/1/845 5063/1/845 5062/1/845
f 5042/1/186 5046/1/186 5059/1/186
f 5049/1/186 5059/1/186 5060/1/186
f 5050/1/186 5060/1/186 5061/1/186
f 5051/1/186 5061/1/186 5062/1/186
f 5052/1/186 5062/1/186 5063/1/186
f 5041/1/188 5054/1/188 5064/1/188
f 5054/1/188 5055/1/188 5065/1/188
f 5055/1/188 5056/1/188 5066/1/188
f 5056/1/188 5057/1/188 5067/1/188
f 5057/1/188 5058/1/188 5068/1/188
f 5086/1/198 5081/1/198 5071/1/198
f 5096/1/374 5076/1/374 5075/1/374
f 5073/1/933 5074/1/933 5070/1/933
f 5091/1/204 5075/1/204 5071/1/204
f 5071/1/934 5075/1/934 5076/1/934
f 5096/1/197 5086/1/197 5072/1/197
f 5069/1/377 5070/1/377 5077/1/377
f 5082/1/200 5077/1/200 5078/1/200
f 5083/1/193 5078/1/193 5079/1/193
f 5084/1/742 5079/1/742 5080/1/742
f 5085/1/373 5080/1/373 5081/1/373
f 5092/1/935 5087/1/935 5074/1/935
f 5093/1/374 5088/1/374 5087/1/374
f 5093/1/10 5094/1/10 5089/1/10
f 5094/1/374 5095/1/374 5090/1/374
f 5095/1/374 5096/1/374 5091/1/374
f 5074/1/203 5087/1/203 5077/1/203
f 5087/1/203 5088/1/203 5078/1/203
f 5088/1/203 5089/1/203 5079/1/203
f 5089/1/204 5090/1/204 5080/1/204
f 5090/1/204 5091/1/204 5081/1/204
f 5073/1/197 5069/1/197 5082/1/197
f 5092/1/197 5082/1/197 5083/1/197
f 5093/1/197 5083/1/197 5084/1/197
f 5094/1/205 5084/1/205 5085/1/205
f 5095/1/197 5085/1/197 5086/1/197
f 5114/1/865 5109/1/865 5099/1/865
f 5124/1/531 5104/1/531 5103/1/531
f 5101/1/866 5102/1/866 5098/1/866
f 5119/1/209 5103/1/209 5099/1/209
f 5099/1/936 5103/1/936 5104/1/936
f 5124/1/220 5114/1/220 5100/1/220
f 5097/1/206 5098/1/206 5105/1/206
f 5110/1/212 5105/1/212 5106/1/212
f 5111/1/212 5106/1/212 5107/1/212
f 5112/1/212 5107/1/212 5108/1/212
f 5113/1/214 5108/1/214 5109/1/214
f 5101/1/217 5120/1/217 5115/1/217
f 5120/1/219 5121/1/219 5116/1/219
f 5121/1/531 5122/1/531 5117/1/531
f 5122/1/215 5123/1/215 5118/1/215
f 5123/1/531 5124/1/531 5119/1/531
f 5102/1/209 5115/1/209 5105/1/209
f 5115/1/209 5116/1/209 5106/1/209
f 5116/1/209 5117/1/209 5107/1/209
f 5117/1/209 5118/1/209 5108/1/209
f 5118/1/209 5119/1/209 5109/1/209
f 5101/1/220 5097/1/220 5110/1/220
f 5120/1/211 5110/1/211 5111/1/211
f 5121/1/211 5111/1/211 5112/1/211
f 5122/1/211 5112/1/211 5113/1/211
f 5123/1/220 5113/1/220 5114/1/220
f 5142/1/230 5137/1/230 5127/1/230
f 5152/1/678 5132/1/678 5131/1/678
f 5129/1/937 5130/1/937 5126/1/937
f 5147/1/224 5131/1/224 5127/1/224
f 5127/1/748 5131/1/748 5132/1/748
f 5152/1/226 5142/1/226 5128/1/226
f 5125/1/221 5126/1/221 5133/1/221
f 5138/1/227 5133/1/227 5134/1/227
f 5139/1/221 5134/1/221 5135/1/221
f 5140/1/386 5135/1/386 5136/1/386
f 5141/1/472 5136/1/472 5137/1/472
f 5129/1/746 5148/1/746 5143/1/746
f 5148/1/233 5149/1/233 5144/1/233
f 5149/1/233 5150/1/233 5145/1/233
f 5150/1/234 5151/1/234 5146/1/234
f 5151/1/234 5152/1/234 5147/1/234
f 5130/1/224 5143/1/224 5133/1/224
f 5143/1/224 5144/1/224 5134/1/224
f 5144/1/224 5145/1/224 5135/1/224
f 5145/1/224 5146/1/224 5136/1/224
f 5146/1/224 5147/1/224 5137/1/224
f 5129/1/226 5125/1/226 5138/1/226
f 5148/1/226 5138/1/226 5139/1/226
f 5149/1/226 5139/1/226 5140/1/226
f 5150/1/226 5140/1/226 5141/1/226
f 5151/1/226 5141/1/226 5142/1/226
f 5170/1/249 5165/1/249 5155/1/249
f 5180/1/247 5160/1/247 5159/1/247
f 5157/1/870 5158/1/870 5154/1/870
f 5175/1/238 5159/1/238 5155/1/238
f 5155/1/751 5159/1/751 5160/1/751
f 5180/1/240 5170/1/240 5156/1/240
f 5153/1/592 5154/1/592 5161/1/592
f 5166/1/249 5161/1/249 5162/1/249
f 5167/1/249 5162/1/249 5163/1/249
f 5168/1/244 5163/1/244 5164/1/244
f 5169/1/592 5164/1/592 5165/1/592
f 5157/1/391 5176/1/391 5171/1/391
f 5176/1/248 5177/1/248 5172/1/248
f 5177/1/245 5178/1/245 5173/1/245
f 5178/1/247 5179/1/247 5174/1/247
f 5179/1/387 5180/1/387 5175/1/387
f 5158/1/238 5171/1/238 5161/1/238
f 5171/1/238 5172/1/238 5162/1/238
f 5172/1/268 5173/1/268 5163/1/268
f 5173/1/238 5174/1/238 5164/1/238
f 5174/1/238 5175/1/238 5165/1/238
f 5157/1/240 5153/1/240 5166/1/240
f 5176/1/240 5166/1/240 5167/1/240
f 5177/1/240 5167/1/240 5168/1/240
f 5178/1/240 5168/1/240 5169/1/240
f 5179/1/240 5169/1/240 5170/1/240
f 5198/1/243 5193/1/243 5183/1/243
f 5208/1/259 5188/1/259 5187/1/259
f 5185/1/872 5186/1/872 5182/1/872
f 5203/1/252 5187/1/252 5183/1/252
f 5183/1/753 5187/1/753 5188/1/753
f 5208/1/254 5198/1/254 5184/1/254
f 5181/1/390 5182/1/390 5189/1/390
f 5194/1/390 5189/1/390 5190/1/390
f 5195/1/653 5190/1/653 5191/1/653
f 5196/1/617 5191/1/617 5192/1/617
f 5197/1/390 5192/1/390 5193/1/390
f 5185/1/938 5204/1/938 5199/1/938
f 5204/1/250 5205/1/250 5200/1/250
f 5205/1/755 5206/1/755 5201/1/755
f 5206/1/755 5207/1/755 5202/1/755
f 5207/1/266 5208/1/266 5203/1/266
f 5186/1/252 5199/1/252 5189/1/252
f 5199/1/252 5200/1/252 5190/1/252
f 5200/1/252 5201/1/252 5191/1/252
f 5201/1/252 5202/1/252 5192/1/252
f 5202/1/252 5203/1/252 5193/1/252
f 5185/1/254 5181/1/254 5194/1/254
f 5204/1/254 5194/1/254 5195/1/254
f 5205/1/254 5195/1/254 5196/1/254
f 5206/1/254 5196/1/254 5197/1/254
f 5207/1/254 5197/1/254 5198/1/254
f 5226/1/230 5221/1/230 5211/1/230
f 5236/1/267 5216/1/267 5215/1/267
f 5213/1/916 5214/1/916 5210/1/916
f 5231/1/261 5215/1/261 5211/1/261
f 5211/1/939 5215/1/939 5216/1/939
f 5236/1/263 5226/1/263 5212/1/263
f 5209/1/227 5210/1/227 5217/1/227
f 5222/1/482 5217/1/482 5218/1/482
f 5223/1/399 5218/1/399 5219/1/399
f 5224/1/258 5219/1/258 5220/1/258
f 5225/1/258 5220/1/258 5221/1/258
f 5213/1/259 5232/1/259 5227/1/259
f 5232/1/400 5233/1/400 5228/1/400
f 5233/1/756 5234/1/756 5229/1/756
f 5234/1/396 5235/1/396 5230/1/396
f 5235/1/259 5236/1/259 5231/1/259
f 5214/1/261 5227/1/261 5217/1/261
f 5227/1/268 5228/1/268 5218/1/268
f 5228/1/268 5229/1/268 5219/1/268
f 5229/1/268 5230/1/268 5220/1/268
f 5230/1/268 5231/1/268 5221/1/268
f 5213/1/683 5209/1/683 5222/1/683
f 5232/1/683 5222/1/683 5223/1/683
f 5233/1/263 5223/1/263 5224/1/263
f 5234/1/263 5224/1/263 5225/1/263
f 5235/1/263 5225/1/263 5226/1/263
f 5254/1/545 5249/1/545 5239/1/545
f 5264/1/543 5244/1/543 5243/1/543
f 5241/1/819 5242/1/819 5238/1/819
f 5259/1/272 5243/1/272 5239/1/272
f 5239/1/940 5243/1/940 5244/1/940
f 5264/1/274 5254/1/274 5240/1/274
f 5237/1/269 5238/1/269 5245/1/269
f 5250/1/269 5245/1/269 5246/1/269
f 5251/1/762 5246/1/762 5247/1/762
f 5252/1/762 5247/1/762 5248/1/762
f 5253/1/269 5248/1/269 5249/1/269
f 5241/1/941 5260/1/941 5255/1/941
f 5260/1/278 5261/1/278 5256/1/278
f 5261/1/401 5262/1/401 5257/1/401
f 5262/1/391 5263/1/391 5258/1/391
f 5263/1/391 5264/1/391 5259/1/391
f 5242/1/272 5255/1/272 5245/1/272
f 5255/1/272 5256/1/272 5246/1/272
f 5256/1/272 5257/1/272 5247/1/272
f 5257/1/272 5258/1/272 5248/1/272
f 5258/1/272 5259/1/272 5249/1/272
f 5241/1/274 5237/1/274 5250/1/274
f 5260/1/226 5250/1/226 5251/1/226
f 5261/1/274 5251/1/274 5252/1/274
f 5262/1/226 5252/1/226 5253/1/226
f 5263/1/274 5253/1/274 5254/1/274
f 5282/1/550 5277/1/550 5267/1/550
f 5292/1/410 5272/1/410 5271/1/410
f 5269/1/942 5270/1/942 5266/1/942
f 5287/1/284 5271/1/284 5267/1/284
f 5267/1/881 5271/1/881 5272/1/881
f 5292/1/220 5282/1/220 5268/1/220
f 5265/1/765 5266/1/765 5273/1/765
f 5278/1/287 5273/1/287 5274/1/287
f 5279/1/287 5274/1/287 5275/1/287
f 5280/1/404 5275/1/404 5276/1/404
f 5281/1/550 5276/1/550 5277/1/550
f 5269/1/290 5288/1/290 5283/1/290
f 5288/1/282 5289/1/282 5284/1/282
f 5289/1/410 5290/1/410 5285/1/410
f 5290/1/825 5291/1/825 5286/1/825
f 5291/1/405 5292/1/405 5287/1/405
f 5270/1/407 5283/1/407 5273/1/407
f 5283/1/284 5284/1/284 5274/1/284
f 5284/1/407 5285/1/407 5275/1/407
f 5285/1/284 5286/1/284 5276/1/284
f 5286/1/284 5287/1/284 5277/1/284
f 5269/1/220 5265/1/220 5278/1/220
f 5288/1/220 5278/1/220 5279/1/220
f 5289/1/220 5279/1/220 5280/1/220
f 5290/1/220 5280/1/220 5281/1/220
f 5291/1/220 5281/1/220 5282/1/220
f 5310/1/297 5305/1/297 5295/1/297
f 5320/1/885 5300/1/885 5299/1/885
f 5297/1/943 5298/1/943 5294/1/943
f 5315/1/294 5299/1/294 5295/1/294
f 5295/1/944 5299/1/944 5300/1/944
f 5320/1/296 5310/1/296 5296/1/296
f 5293/1/768 5294/1/768 5301/1/768
f 5306/1/297 5301/1/297 5302/1/297
f 5307/1/552 5302/1/552 5303/1/552
f 5308/1/552 5303/1/552 5304/1/552
f 5309/1/412 5304/1/412 5305/1/412
f 5297/1/305 5316/1/305 5311/1/305
f 5316/1/305 5317/1/305 5312/1/305
f 5317/1/303 5318/1/303 5313/1/303
f 5318/1/770 5319/1/770 5314/1/770
f 5319/1/769 5320/1/769 5315/1/769
f 5298/1/294 5311/1/294 5301/1/294
f 5311/1/294 5312/1/294 5302/1/294
f 5312/1/294 5313/1/294 5303/1/294
f 5313/1/294 5314/1/294 5304/1/294
f 5314/1/294 5315/1/294 5305/1/294
f 5297/1/495 5293/1/495 5306/1/495
f 5316/1/296 5306/1/296 5307/1/296
f 5317/1/296 5307/1/296 5308/1/296
f 5318/1/296 5308/1/296 5309/1/296
f 5319/1/296 5309/1/296 5310/1/296
f 5333/1/830 5323/1/830 5324/1/830
f 5328/1/18 5327/1/18 5343/1/18
f 5325/1/831 5326/1/831 5322/1/831
f 5343/1/4 5327/1/4 5323/1/4
f 5323/1/554 5327/1/554 5328/1/554
f 5348/1/6 5338/1/6 5324/1/6
f 5322/1/1 5329/1/1 5334/1/1
f 5329/1/14 5330/1/14 5335/1/14
f 5330/1/421 5331/1/421 5336/1/421
f 5331/1/14 5332/1/14 5337/1/14
f 5332/1/945 5333/1/945 5338/1/945
f 5344/1/2 5339/1/2 5326/1/2
f 5345/1/13 5340/1/13 5339/1/13
f 5346/1/2 5341/1/2 5340/1/2
f 5347/1/18 5342/1/18 5341/1/18
f 5348/1/2 5343/1/2 5342/1/2
f 5326/1/4 5339/1/4 5329/1/4
f 5339/1/4 5340/1/4 5330/1/4
f 5340/1/11 5341/1/11 5331/1/11
f 5341/1/11 5342/1/11 5332/1/11
f 5342/1/4 5343/1/4 5333/1/4
f 5321/1/6 5334/1/6 5344/1/6
f 5334/1/6 5335/1/6 5345/1/6
f 5335/1/12 5336/1/12 5346/1/12
f 5336/1/12 5337/1/12 5347/1/12
f 5347/1/6 5337/1/6 5338/1/6
f 5361/1/830 5351/1/830 5352/1/830
f 5356/1/10 5355/1/10 5371/1/10
f 5353/1/831 5354/1/831 5350/1/831
f 5371/1/11 5355/1/11 5351/1/11
f 5351/1/554 5355/1/554 5356/1/554
f 5376/1/6 5366/1/6 5352/1/6
f 5350/1/1 5357/1/1 5362/1/1
f 5357/1/14 5358/1/14 5363/1/14
f 5358/1/421 5359/1/421 5364/1/421
f 5359/1/14 5360/1/14 5365/1/14
f 5360/1/945 5361/1/945 5366/1/945
f 5372/1/2 5367/1/2 5354/1/2
f 5373/1/13 5368/1/13 5367/1/13
f 5374/1/2 5369/1/2 5368/1/2
f 5375/1/18 5370/1/18 5369/1/18
f 5376/1/2 5371/1/2 5370/1/2
f 5354/1/4 5367/1/4 5357/1/4
f 5367/1/4 5368/1/4 5358/1/4
f 5368/1/11 5369/1/11 5359/1/11
f 5369/1/11 5370/1/11 5360/1/11
f 5370/1/4 5371/1/4 5361/1/4
f 5349/1/12 5362/1/12 5372/1/12
f 5362/1/6 5363/1/6 5373/1/6
f 5363/1/12 5364/1/12 5374/1/12
f 5364/1/12 5365/1/12 5375/1/12
f 5375/1/6 5365/1/6 5366/1/6
f 5389/1/830 5379/1/830 5380/1/830
f 5384/1/18 5383/1/18 5399/1/18
f 5381/1/831 5382/1/831 5378/1/831
f 5399/1/4 5383/1/4 5379/1/4
f 5379/1/554 5383/1/554 5384/1/554
f 5394/1/6 5380/1/6 5384/1/6
f 5378/1/1 5385/1/1 5390/1/1
f 5385/1/14 5386/1/14 5391/1/14
f 5386/1/421 5387/1/421 5392/1/421
f 5387/1/14 5388/1/14 5393/1/14
f 5388/1/945 5389/1/945 5394/1/945
f 5400/1/2 5395/1/2 5382/1/2
f 5401/1/32 5396/1/32 5395/1/32
f 5402/1/2 5397/1/2 5396/1/2
f 5403/1/18 5398/1/18 5397/1/18
f 5404/1/2 5399/1/2 5398/1/2
f 5382/1/4 5395/1/4 5385/1/4
f 5395/1/4 5396/1/4 5386/1/4
f 5396/1/11 5397/1/11 5387/1/11
f 5397/1/11 5398/1/11 5388/1/11
f 5398/1/4 5399/1/4 5389/1/4
f 5377/1/6 5390/1/6 5400/1/6
f 5390/1/12 5391/1/12 5401/1/12
f 5401/1/12 5391/1/12 5392/1/12
f 5402/1/6 5392/1/6 5393/1/6
f 5403/1/6 5393/1/6 5394/1/6
f 5417/1/830 5407/1/830 5408/1/830
f 5412/1/18 5411/1/18 5427/1/18
f 5409/1/831 5410/1/831 5406/1/831
f 5427/1/4 5411/1/4 5407/1/4
f 5407/1/554 5411/1/554 5412/1/554
f 5422/1/6 5408/1/6 5412/1/6
f 5406/1/1 5413/1/1 5418/1/1
f 5413/1/14 5414/1/14 5419/1/14
f 5414/1/421 5415/1/421 5420/1/421
f 5415/1/14 5416/1/14 5421/1/14
f 5416/1/945 5417/1/945 5422/1/945
f 5428/1/2 5423/1/2 5410/1/2
f 5429/1/13 5424/1/13 5423/1/13
f 5430/1/2 5425/1/2 5424/1/2
f 5431/1/18 5426/1/18 5425/1/18
f 5432/1/2 5427/1/2 5426/1/2
f 5410/1/4 5423/1/4 5413/1/4
f 5423/1/4 5424/1/4 5414/1/4
f 5424/1/11 5425/1/11 5415/1/11
f 5425/1/11 5426/1/11 5416/1/11
f 5426/1/4 5427/1/4 5417/1/4
f 5405/1/6 5418/1/6 5428/1/6
f 5418/1/6 5419/1/6 5429/1/6
f 5419/1/12 5420/1/12 5430/1/12
f 5430/1/12 5420/1/12 5421/1/12
f 5431/1/6 5421/1/6 5422/1/6
f 5445/1/7 5435/1/7 5436/1/7
f 5440/1/10 5439/1/10 5455/1/10
f 5437/1/831 5438/1/831 5434/1/831
f 5455/1/11 5439/1/11 5435/1/11
f 5435/1/554 5439/1/554 5440/1/554
f 5460/1/6 5450/1/6 5436/1/6
f 5434/1/1 5441/1/1 5446/1/1
f 5441/1/14 5442/1/14 5447/1/14
f 5442/1/421 5443/1/421 5448/1/421
f 5443/1/14 5444/1/14 5449/1/14
f 5444/1/945 5445/1/945 5450/1/945
f 5456/1/2 5451/1/2 5438/1/2
f 5457/1/32 5452/1/32 5451/1/32
f 5458/1/2 5453/1/2 5452/1/2
f 5459/1/18 5454/1/18 5453/1/18
f 5460/1/2 5455/1/2 5454/1/2
f 5438/1/4 5451/1/4 5441/1/4
f 5451/1/4 5452/1/4 5442/1/4
f 5452/1/11 5453/1/11 5443/1/11
f 5453/1/11 5454/1/11 5444/1/11
f 5454/1/4 5455/1/4 5445/1/4
f 5433/1/6 5446/1/6 5456/1/6
f 5446/1/6 5447/1/6 5457/1/6
f 5447/1/12 5448/1/12 5458/1/12
f 5448/1/12 5449/1/12 5459/1/12
f 5459/1/6 5449/1/6 5450/1/6
f 5473/1/7 5463/1/7 5464/1/7
f 5468/1/10 5467/1/10 5483/1/10
f 5465/1/831 5466/1/831 5462/1/831
f 5483/1/4 5467/1/4 5463/1/4
f 5463/1/554 5467/1/554 5468/1/554
f 5488/1/6 5478/1/6 5464/1/6
f 5462/1/1 5469/1/1 5474/1/1
f 5469/1/14 5470/1/14 5475/1/14
f 5470/1/421 5471/1/421 5476/1/421
f 5471/1/14 5472/1/14 5477/1/14
f 5472/1/945 5473/1/945 5478/1/945
f 5484/1/2 5479/1/2 5466/1/2
f 5485/1/13 5480/1/13 5479/1/13
f 5486/1/13 5481/1/13 5480/1/13
f 5487/1/18 5482/1/18 5481/1/18
f 5488/1/2 5483/1/2 5482/1/2
f 5466/1/4 5479/1/4 5469/1/4
f 5479/1/4 5480/1/4 5470/1/4
f 5480/1/4 5481/1/4 5471/1/4
f 5481/1/11 5482/1/11 5472/1/11
f 5482/1/4 5483/1/4 5473/1/4
f 5461/1/6 5474/1/6 5484/1/6
f 5474/1/12 5475/1/12 5485/1/12
f 5475/1/12 5476/1/12 5486/1/12
f 5486/1/12 5476/1/12 5477/1/12
f 5487/1/6 5477/1/6 5478/1/6
f 5501/1/7 5491/1/7 5492/1/7
f 5496/1/10 5495/1/10 5511/1/10
f 5493/1/831 5494/1/831 5490/1/831
f 5511/1/4 5495/1/4 5491/1/4
f 5491/1/554 5495/1/554 5496/1/554
f 5516/1/6 5506/1/6 5492/1/6
f 5490/1/1 5497/1/1 5502/1/1
f 5497/1/1 5498/1/1 5503/1/1
f 5498/1/421 5499/1/421 5504/1/421
f 5499/1/14 5500/1/14 5505/1/14
f 5500/1/945 5501/1/945 5506/1/945
f 5512/1/2 5507/1/2 5494/1/2
f 5513/1/13 5508/1/13 5507/1/13
f 5514/1/13 5509/1/13 5508/1/13
f 5515/1/18 5510/1/18 5509/1/18
f 5516/1/2 5511/1/2 5510/1/2
f 5494/1/4 5507/1/4 5497/1/4
f 5507/1/4 5508/1/4 5498/1/4
f 5508/1/4 5509/1/4 5499/1/4
f 5509/1/11 5510/1/11 5500/1/11
f 5510/1/4 5511/1/4 5501/1/4
f 5489/1/6 5502/1/6 5512/1/6
f 5502/1/6 5503/1/6 5513/1/6
f 5503/1/12 5504/1/12 5514/1/12
f 5514/1/12 5504/1/12 5505/1/12
f 5515/1/6 5505/1/6 5506/1/6
f 5529/1/7 5519/1/7 5520/1/7
f 5524/1/10 5523/1/10 5539/1/10
f 5521/1/831 5522/1/831 5518/1/831
f 5539/1/4 5523/1/4 5519/1/4
f 5519/1/554 5523/1/554 5524/1/554
f 5544/1/6 5534/1/6 5520/1/6
f 5518/1/1 5525/1/1 5530/1/1
f 5525/1/1 5526/1/1 5531/1/1
f 5526/1/421 5527/1/421 5532/1/421
f 5527/1/14 5528/1/14 5533/1/14
f 5528/1/945 5529/1/945 5534/1/945
f 5540/1/2 5535/1/2 5522/1/2
f 5541/1/13 5536/1/13 5535/1/13
f 5542/1/13 5537/1/13 5536/1/13
f 5543/1/18 5538/1/18 5537/1/18
f 5544/1/2 5539/1/2 5538/1/2
f 5522/1/4 5535/1/4 5525/1/4
f 5535/1/4 5536/1/4 5526/1/4
f 5536/1/4 5537/1/4 5527/1/4
f 5537/1/11 5538/1/11 5528/1/11
f 5538/1/4 5539/1/4 5529/1/4
f 5517/1/6 5530/1/6 5540/1/6
f 5530/1/12 5531/1/12 5541/1/12
f 5531/1/6 5532/1/6 5542/1/6
f 5532/1/12 5533/1/12 5543/1/12
f 5543/1/6 5533/1/6 5534/1/6
f 5557/1/7 5547/1/7 5548/1/7
f 5552/1/18 5551/1/18 5567/1/18
f 5549/1/831 5550/1/831 5546/1/831
f 5567/1/4 5551/1/4 5547/1/4
f 5547/1/554 5551/1/554 5552/1/554
f 5572/1/6 5562/1/6 5548/1/6
f 5546/1/1 5553/1/1 5558/1/1
f 5553/1/1 5554/1/1 5559/1/1
f 5554/1/421 5555/1/421 5560/1/421
f 5555/1/14 5556/1/14 5561/1/14
f 5556/1/945 5557/1/945 5562/1/945
f 5568/1/2 5563/1/2 5550/1/2
f 5569/1/13 5564/1/13 5563/1/13
f 5570/1/2 5565/1/2 5564/1/2
f 5571/1/18 5566/1/18 5565/1/18
f 5572/1/2 5567/1/2 5566/1/2
f 5550/1/4 5563/1/4 5553/1/4
f 5563/1/4 5564/1/4 5554/1/4
f 5564/1/11 5565/1/11 5555/1/11
f 5565/1/11 5566/1/11 5556/1/11
f 5566/1/4 5567/1/4 5557/1/4
f 5545/1/6 5558/1/6 5568/1/6
f 5558/1/12 5559/1/12 5569/1/12
f 5559/1/6 5560/1/6 5570/1/6
f 5560/1/6 5561/1/6 5571/1/6
f 5571/1/6 5561/1/6 5562/1/6
f 5585/1/830 5575/1/830 5576/1/830
f 5580/1/10 5579/1/10 5595/1/10
f 5577/1/831 5578/1/831 5574/1/831
f 5595/1/4 5579/1/4 5575/1/4
f 5575/1/554 5579/1/554 5580/1/554
f 5600/1/6 5590/1/6 5576/1/6
f 5574/1/14 5581/1/14 5586/1/14
f 5581/1/1 5582/1/1 5587/1/1
f 5582/1/693 5583/1/693 5588/1/693
f 5583/1/14 5584/1/14 5589/1/14
f 5584/1/830 5585/1/830 5590/1/830
f 5596/1/2 5591/1/2 5578/1/2
f 5597/1/13 5592/1/13 5591/1/13
f 5598/1/2 5593/1/2 5592/1/2
f 5599/1/18 5594/1/18 5593/1/18
f 5600/1/2 5595/1/2 5594/1/2
f 5578/1/4 5591/1/4 5581/1/4
f 5591/1/4 5592/1/4 5582/1/4
f 5592/1/11 5593/1/11 5583/1/11
f 5593/1/11 5594/1/11 5584/1/11
f 5594/1/4 5595/1/4 5585/1/4
f 5573/1/6 5586/1/6 5596/1/6
f 5586/1/6 5587/1/6 5597/1/6
f 5587/1/12 5588/1/12 5598/1/12
f 5588/1/6 5589/1/6 5599/1/6
f 5599/1/6 5589/1/6 5590/1/6
f 5613/1/830 5603/1/830 5604/1/830
f 5608/1/10 5607/1/10 5623/1/10
f 5605/1/831 5606/1/831 5602/1/831
f 5623/1/4 5607/1/4 5603/1/4
f 5603/1/554 5607/1/554 5608/1/554
f 5628/1/6 5618/1/6 5604/1/6
f 5602/1/14 5609/1/14 5614/1/14
f 5609/1/14 5610/1/14 5615/1/14
f 5610/1/693 5611/1/693 5616/1/693
f 5611/1/14 5612/1/14 5617/1/14
f 5612/1/830 5613/1/830 5618/1/830
f 5624/1/2 5619/1/2 5606/1/2
f 5625/1/13 5620/1/13 5619/1/13
f 5626/1/2 5621/1/2 5620/1/2
f 5627/1/18 5622/1/18 5621/1/18
f 5628/1/2 5623/1/2 5622/1/2
f 5606/1/4 5619/1/4 5609/1/4
f 5619/1/4 5620/1/4 5610/1/4
f 5620/1/11 5621/1/11 5611/1/11
f 5621/1/11 5622/1/11 5612/1/11
f 5622/1/4 5623/1/4 5613/1/4
f 5601/1/12 5614/1/12 5624/1/12
f 5614/1/6 5615/1/6 5625/1/6
f 5615/1/6 5616/1/6 5626/1/6
f 5616/1/12 5617/1/12 5627/1/12
f 5627/1/6 5617/1/6 5618/1/6
f 5641/1/830 5631/1/830 5632/1/830
f 5636/1/10 5635/1/10 5651/1/10
f 5633/1/831 5634/1/831 5630/1/831
f 5651/1/4 5635/1/4 5631/1/4
f 5631/1/554 5635/1/554 5636/1/554
f 5656/1/6 5646/1/6 5632/1/6
f 5630/1/14 5637/1/14 5642/1/14
f 5637/1/14 5638/1/14 5643/1/14
f 5638/1/693 5639/1/693 5644/1/693
f 5639/1/14 5640/1/14 5645/1/14
f 5640/1/830 5641/1/830 5646/1/830
f 5652/1/2 5647/1/2 5634/1/2
f 5653/1/13 5648/1/13 5647/1/13
f 5654/1/2 5649/1/2 5648/1/2
f 5655/1/18 5650/1/18 5649/1/18
f 5656/1/2 5651/1/2 5650/1/2
f 5634/1/4 5647/1/4 5637/1/4
f 5647/1/4 5648/1/4 5638/1/4
f 5648/1/11 5649/1/11 5639/1/11
f 5649/1/11 5650/1/11 5640/1/11
f 5650/1/4 5651/1/4 5641/1/4
f 5629/1/12 5642/1/12 5652/1/12
f 5642/1/6 5643/1/6 5653/1/6
f 5643/1/6 5644/1/6 5654/1/6
f 5644/1/12 5645/1/12 5655/1/12
f 5655/1/6 5645/1/6 5646/1/6
f 5669/1/830 5659/1/830 5660/1/830
f 5664/1/10 5663/1/10 5679/1/10
f 5661/1/831 5662/1/831 5658/1/831
f 5679/1/4 5663/1/4 5659/1/4
f 5659/1/554 5663/1/554 5664/1/554
f 5684/1/6 5674/1/6 5660/1/6
f 5658/1/8 5665/1/8 5670/1/8
f 5665/1/14 5666/1/14 5671/1/14
f 5666/1/693 5667/1/693 5672/1/693
f 5667/1/14 5668/1/14 5673/1/14
f 5668/1/945 5669/1/945 5674/1/945
f 5680/1/2 5675/1/2 5662/1/2
f 5681/1/13 5676/1/13 5675/1/13
f 5682/1/2 5677/1/2 5676/1/2
f 5683/1/18 5678/1/18 5677/1/18
f 5684/1/18 5679/1/18 5678/1/18
f 5662/1/4 5675/1/4 5665/1/4
f 5675/1/4 5676/1/4 5666/1/4
f 5676/1/11 5677/1/11 5667/1/11
f 5677/1/11 5678/1/11 5668/1/11
f 5678/1/4 5679/1/4 5669/1/4
f 5657/1/12 5670/1/12 5680/1/12
f 5670/1/12 5671/1/12 5681/1/12
f 5671/1/6 5672/1/6 5682/1/6
f 5682/1/12 5672/1/12 5673/1/12
f 5683/1/6 5673/1/6 5674/1/6
f 5697/1/830 5687/1/830 5688/1/830
f 5692/1/18 5691/1/18 5707/1/18
f 5689/1/831 5690/1/831 5686/1/831
f 5707/1/4 5691/1/4 5687/1/4
f 5687/1/554 5691/1/554 5692/1/554
f 5702/1/6 5688/1/6 5692/1/6
f 5686/1/8 5693/1/8 5698/1/8
f 5693/1/14 5694/1/14 5699/1/14
f 5694/1/421 5695/1/421 5700/1/421
f 5695/1/14 5696/1/14 5701/1/14
f 5696/1/945 5697/1/945 5702/1/945
f 5708/1/2 5703/1/2 5690/1/2
f 5709/1/13 5704/1/13 5703/1/13
f 5710/1/2 5705/1/2 5704/1/2
f 5711/1/18 5706/1/18 5705/1/18
f 5712/1/2 5707/1/2 5706/1/2
f 5690/1/4 5703/1/4 5693/1/4
f 5703/1/4 5704/1/4 5694/1/4
f 5704/1/11 5705/1/11 5695/1/11
f 5705/1/11 5706/1/11 5696/1/11
f 5706/1/4 5707/1/4 5697/1/4
f 5685/1/12 5698/1/12 5708/1/12
f 5698/1/12 5699/1/12 5709/1/12
f 5699/1/12 5700/1/12 5710/1/12
f 5700/1/6 5701/1/6 5711/1/6
f 5711/1/6 5701/1/6 5702/1/6
f 5725/1/421 5715/1/421 5716/1/421
f 5720/1/10 5719/1/10 5735/1/10
f 5717/1/831 5718/1/831 5714/1/831
f 5725/1/4 5735/1/4 5719/1/4
f 5715/1/5 5719/1/5 5720/1/5
f 5730/1/12 5716/1/12 5720/1/12
f 5714/1/693 5721/1/693 5726/1/693
f 5721/1/693 5722/1/693 5727/1/693
f 5722/1/14 5723/1/14 5728/1/14
f 5723/1/21 5724/1/21 5729/1/21
f 5724/1/421 5725/1/421 5730/1/421
f 5736/1/2 5731/1/2 5718/1/2
f 5737/1/13 5732/1/13 5731/1/13
f 5738/1/2 5733/1/2 5732/1/2
f 5739/1/18 5734/1/18 5733/1/18
f 5740/1/2 5735/1/2 5734/1/2
f 5714/1/22 5718/1/22 5731/1/22
f 5721/1/22 5731/1/22 5732/1/22
f 5722/1/4 5732/1/4 5733/1/4
f 5723/1/4 5733/1/4 5734/1/4
f 5724/1/4 5734/1/4 5735/1/4
f 5713/1/12 5726/1/12 5736/1/12
f 5726/1/12 5727/1/12 5737/1/12
f 5727/1/12 5728/1/12 5738/1/12
f 5728/1/12 5729/1/12 5739/1/12
f 5729/1/12 5730/1/12 5740/1/12
f 5753/1/559 5743/1/559 5744/1/559
f 5748/1/15 5747/1/15 5763/1/15
f 5745/1/946 5746/1/946 5742/1/946
f 5753/1/26 5763/1/26 5747/1/26
f 5743/1/923 5747/1/923 5748/1/923
f 5758/1/28 5744/1/28 5748/1/28
f 5742/1/624 5749/1/624 5754/1/624
f 5749/1/30 5750/1/30 5755/1/30
f 5750/1/31 5751/1/31 5756/1/31
f 5751/1/30 5752/1/30 5757/1/30
f 5752/1/23 5753/1/23 5758/1/23
f 5764/1/316 5759/1/316 5746/1/316
f 5765/1/32 5760/1/32 5759/1/32
f 5766/1/13 5761/1/13 5760/1/13
f 5767/1/13 5762/1/13 5761/1/13
f 5768/1/625 5763/1/625 5762/1/625
f 5742/1/26 5746/1/26 5759/1/26
f 5749/1/26 5759/1/26 5760/1/26
f 5750/1/26 5760/1/26 5761/1/26
f 5751/1/26 5761/1/26 5762/1/26
f 5752/1/26 5762/1/26 5763/1/26
f 5741/1/28 5754/1/28 5764/1/28
f 5754/1/28 5755/1/28 5765/1/28
f 5755/1/33 5756/1/33 5766/1/33
f 5756/1/28 5757/1/28 5767/1/28
f 5757/1/28 5758/1/28 5768/1/28
f 5781/1/34 5771/1/34 5772/1/34
f 5776/1/45 5775/1/45 5791/1/45
f 5773/1/835 5774/1/835 5770/1/835
f 5781/1/46 5791/1/46 5775/1/46
f 5771/1/889 5775/1/889 5776/1/889
f 5786/1/39 5772/1/39 5776/1/39
f 5770/1/562 5777/1/562 5782/1/562
f 5777/1/34 5778/1/34 5783/1/34
f 5778/1/562 5779/1/562 5784/1/562
f 5779/1/947 5780/1/947 5785/1/947
f 5780/1/191 5781/1/191 5786/1/191
f 5792/1/427 5787/1/427 5774/1/427
f 5793/1/427 5788/1/427 5787/1/427
f 5794/1/35 5789/1/35 5788/1/35
f 5795/1/427 5790/1/427 5789/1/427
f 5796/1/427 5791/1/427 5790/1/427
f 5770/1/46 5774/1/46 5787/1/46
f 5777/1/46 5787/1/46 5788/1/46
f 5778/1/37 5788/1/37 5789/1/37
f 5779/1/46 5789/1/46 5790/1/46
f 5780/1/46 5790/1/46 5791/1/46
f 5769/1/39 5782/1/39 5792/1/39
f 5782/1/39 5783/1/39 5793/1/39
f 5783/1/39 5784/1/39 5794/1/39
f 5784/1/39 5785/1/39 5795/1/39
f 5785/1/39 5786/1/39 5796/1/39
f 5809/1/54 5799/1/54 5800/1/54
f 5804/1/48 5803/1/48 5819/1/48
f 5801/1/699 5802/1/699 5798/1/699
f 5809/1/50 5819/1/50 5803/1/50
f 5799/1/924 5803/1/924 5804/1/924
f 5814/1/52 5800/1/52 5804/1/52
f 5798/1/47 5805/1/47 5810/1/47
f 5805/1/47 5806/1/47 5811/1/47
f 5806/1/322 5807/1/322 5812/1/322
f 5807/1/780 5808/1/780 5813/1/780
f 5808/1/948 5809/1/948 5814/1/948
f 5820/1/317 5815/1/317 5802/1/317
f 5821/1/56 5816/1/56 5815/1/56
f 5822/1/782 5817/1/782 5816/1/782
f 5823/1/57 5818/1/57 5817/1/57
f 5824/1/48 5819/1/48 5818/1/48
f 5798/1/59 5802/1/59 5815/1/59
f 5805/1/50 5815/1/50 5816/1/50
f 5806/1/59 5816/1/59 5817/1/59
f 5807/1/59 5817/1/59 5818/1/59
f 5808/1/50 5818/1/50 5819/1/50
f 5797/1/52 5810/1/52 5820/1/52
f 5810/1/52 5811/1/52 5821/1/52
f 5811/1/52 5812/1/52 5822/1/52
f 5812/1/52 5813/1/52 5823/1/52
f 5813/1/52 5814/1/52 5824/1/52
f 5837/1/434 5827/1/434 5828/1/434
f 5832/1/435 5831/1/435 5847/1/435
f 5829/1/703 5830/1/703 5826/1/703
f 5837/1/63 5847/1/63 5831/1/63
f 5827/1/925 5831/1/925 5832/1/925
f 5842/1/65 5828/1/65 5832/1/65
f 5826/1/702 5833/1/702 5838/1/702
f 5833/1/68 5834/1/68 5839/1/68
f 5834/1/702 5835/1/702 5840/1/702
f 5835/1/68 5836/1/68 5841/1/68
f 5836/1/68 5837/1/68 5842/1/68
f 5848/1/70 5843/1/70 5830/1/70
f 5849/1/325 5844/1/325 5843/1/325
f 5850/1/71 5845/1/71 5844/1/71
f 5851/1/71 5846/1/71 5845/1/71
f 5852/1/61 5847/1/61 5846/1/61
f 5826/1/63 5830/1/63 5843/1/63
f 5833/1/63 5843/1/63 5844/1/63
f 5834/1/63 5844/1/63 5845/1/63
f 5835/1/63 5845/1/63 5846/1/63
f 5836/1/63 5846/1/63 5847/1/63
f 5825/1/65 5838/1/65 5848/1/65
f 5838/1/65 5839/1/65 5849/1/65
f 5839/1/65 5840/1/65 5850/1/65
f 5840/1/65 5841/1/65 5851/1/65
f 5841/1/65 5842/1/65 5852/1/65
f 5865/1/80 5855/1/80 5856/1/80
f 5860/1/83 5859/1/83 5875/1/83
f 5857/1/949 5858/1/949 5854/1/949
f 5865/1/76 5875/1/76 5859/1/76
f 5855/1/894 5859/1/894 5860/1/894
f 5870/1/78 5856/1/78 5860/1/78
f 5854/1/177 5861/1/177 5866/1/177
f 5861/1/79 5862/1/79 5867/1/79
f 5862/1/73 5863/1/73 5868/1/73
f 5863/1/79 5864/1/79 5869/1/79
f 5864/1/177 5865/1/177 5870/1/177
f 5876/1/81 5871/1/81 5858/1/81
f 5877/1/74 5872/1/74 5871/1/74
f 5878/1/84 5873/1/84 5872/1/84
f 5879/1/83 5874/1/83 5873/1/83
f 5880/1/74 5875/1/74 5874/1/74
f 5854/1/76 5858/1/76 5871/1/76
f 5861/1/437 5871/1/437 5872/1/437
f 5862/1/76 5872/1/76 5873/1/76
f 5863/1/76 5873/1/76 5874/1/76
f 5864/1/76 5874/1/76 5875/1/76
f 5853/1/78 5866/1/78 5876/1/78
f 5866/1/78 5867/1/78 5877/1/78
f 5867/1/78 5868/1/78 5878/1/78
f 5868/1/78 5869/1/78 5879/1/78
f 5869/1/78 5870/1/78 5880/1/78
f 5893/1/93 5883/1/93 5884/1/93
f 5888/1/895 5887/1/895 5903/1/895
f 5885/1/710 5886/1/710 5882/1/710
f 5893/1/88 5903/1/88 5887/1/88
f 5883/1/927 5887/1/927 5888/1/927
f 5898/1/90 5884/1/90 5888/1/90
f 5882/1/847 5889/1/847 5894/1/847
f 5889/1/848 5890/1/848 5895/1/848
f 5890/1/85 5891/1/85 5896/1/85
f 5891/1/85 5892/1/85 5897/1/85
f 5892/1/93 5893/1/93 5898/1/93
f 5904/1/95 5899/1/95 5886/1/95
f 5905/1/86 5900/1/86 5899/1/86
f 5906/1/330 5901/1/330 5900/1/330
f 5907/1/712 5902/1/712 5901/1/712
f 5908/1/95 5903/1/95 5902/1/95
f 5882/1/88 5886/1/88 5899/1/88
f 5889/1/88 5899/1/88 5900/1/88
f 5890/1/88 5900/1/88 5901/1/88
f 5891/1/88 5901/1/88 5902/1/88
f 5892/1/97 5902/1/97 5903/1/97
f 5881/1/90 5894/1/90 5904/1/90
f 5894/1/90 5895/1/90 5905/1/90
f 5895/1/90 5896/1/90 5906/1/90
f 5896/1/90 5897/1/90 5907/1/90
f 5897/1/90 5898/1/90 5908/1/90
f 5921/1/928 5911/1/928 5912/1/928
f 5916/1/99 5915/1/99 5931/1/99
f 5913/1/849 5914/1/849 5910/1/849
f 5921/1/101 5931/1/101 5915/1/101
f 5911/1/897 5915/1/897 5916/1/897
f 5926/1/103 5912/1/103 5916/1/103
f 5910/1/104 5917/1/104 5922/1/104
f 5917/1/104 5918/1/104 5923/1/104
f 5918/1/606 5919/1/606 5924/1/606
f 5919/1/606 5920/1/606 5925/1/606
f 5920/1/98 5921/1/98 5926/1/98
f 5932/1/335 5927/1/335 5914/1/335
f 5933/1/950 5928/1/950 5927/1/950
f 5934/1/339 5929/1/339 5928/1/339
f 5935/1/107 5930/1/107 5929/1/107
f 5936/1/789 5931/1/789 5930/1/789
f 5910/1/101 5914/1/101 5927/1/101
f 5917/1/101 5927/1/101 5928/1/101
f 5918/1/101 5928/1/101 5929/1/101
f 5919/1/101 5929/1/101 5930/1/101
f 5920/1/101 5930/1/101 5931/1/101
f 5909/1/103 5922/1/103 5932/1/103
f 5922/1/103 5923/1/103 5933/1/103
f 5923/1/103 5924/1/103 5934/1/103
f 5924/1/103 5925/1/103 5935/1/103
f 5925/1/103 5926/1/103 5936/1/103
f 5949/1/572 5939/1/572 5940/1/572
f 5944/1/514 5943/1/514 5959/1/514
f 5941/1/951 5942/1/951 5938/1/951
f 5949/1/114 5959/1/114 5943/1/114
f 5939/1/952 5943/1/952 5944/1/952
f 5954/1/116 5940/1/116 5944/1/116
f 5938/1/111 5945/1/111 5950/1/111
f 5945/1/572 5946/1/572 5951/1/572
f 5946/1/899 5947/1/899 5952/1/899
f 5947/1/118 5948/1/118 5953/1/118
f 5948/1/794 5949/1/794 5954/1/794
f 5960/1/340 5955/1/340 5942/1/340
f 5961/1/340 5956/1/340 5955/1/340
f 5962/1/344 5957/1/344 5956/1/344
f 5963/1/344 5958/1/344 5957/1/344
f 5964/1/344 5959/1/344 5958/1/344
f 5938/1/114 5942/1/114 5955/1/114
f 5945/1/114 5955/1/114 5956/1/114
f 5946/1/114 5956/1/114 5957/1/114
f 5947/1/114 5957/1/114 5958/1/114
f 5948/1/114 5958/1/114 5959/1/114
f 5937/1/116 5950/1/116 5960/1/116
f 5950/1/116 5951/1/116 5961/1/116
f 5951/1/116 5952/1/116 5962/1/116
f 5952/1/116 5953/1/116 5963/1/116
f 5953/1/116 5954/1/116 5964/1/116
f 5977/1/722 5967/1/722 5968/1/722
f 5972/1/124 5971/1/124 5987/1/124
f 5969/1/515 5970/1/515 5966/1/515
f 5977/1/126 5987/1/126 5971/1/126
f 5967/1/931 5971/1/931 5972/1/931
f 5982/1/128 5968/1/128 5972/1/128
f 5966/1/132 5973/1/132 5978/1/132
f 5973/1/131 5974/1/131 5979/1/131
f 5974/1/131 5975/1/131 5980/1/131
f 5975/1/130 5976/1/130 5981/1/130
f 5976/1/953 5977/1/953 5982/1/953
f 5988/1/124 5983/1/124 5970/1/124
f 5989/1/134 5984/1/134 5983/1/134
f 5990/1/134 5985/1/134 5984/1/134
f 5991/1/159 5986/1/159 5985/1/159
f 5992/1/124 5987/1/124 5986/1/124
f 5966/1/126 5970/1/126 5983/1/126
f 5973/1/126 5983/1/126 5984/1/126
f 5974/1/126 5984/1/126 5985/1/126
f 5975/1/126 5985/1/126 5986/1/126
f 5976/1/126 5986/1/126 5987/1/126
f 5965/1/128 5978/1/128 5988/1/128
f 5978/1/128 5979/1/128 5989/1/128
f 5979/1/128 5980/1/128 5990/1/128
f 5980/1/136 5981/1/136 5991/1/136
f 5981/1/136 5982/1/136 5992/1/136
f 6005/1/903 5995/1/903 5996/1/903
f 6000/1/354 5999/1/354 6015/1/354
f 5997/1/855 5998/1/855 5994/1/855
f 6005/1/139 6015/1/139 5999/1/139
f 5995/1/902 5999/1/902 6000/1/902
f 6010/1/141 5996/1/141 6000/1/141
f 5994/1/143 6001/1/143 6006/1/143
f 6001/1/123 6002/1/123 6007/1/123
f 6002/1/954 6003/1/954 6008/1/954
f 6003/1/954 6004/1/954 6009/1/954
f 6004/1/143 6005/1/143 6010/1/143
f 6016/1/354 6011/1/354 5998/1/354
f 6017/1/351 6012/1/351 6011/1/351
f 6018/1/351 6013/1/351 6012/1/351
f 6019/1/137 6014/1/137 6013/1/137
f 6020/1/354 6015/1/354 6014/1/354
f 5994/1/139 5998/1/139 6011/1/139
f 6001/1/139 6011/1/139 6012/1/139
f 6002/1/139 6012/1/139 6013/1/139
f 6003/1/139 6013/1/139 6014/1/139
f 6004/1/139 6014/1/139 6015/1/139
f 5993/1/141 6006/1/141 6016/1/141
f 6006/1/141 6007/1/141 6017/1/141
f 6007/1/141 6008/1/141 6018/1/141
f 6008/1/141 6009/1/141 6019/1/141
f 6009/1/141 6010/1/141 6020/1/141
f 6033/1/355 6023/1/355 6024/1/355
f 6028/1/134 6027/1/134 6043/1/134
f 6025/1/856 6026/1/856 6022/1/856
f 6033/1/160 6043/1/160 6027/1/160
f 6023/1/905 6027/1/905 6028/1/905
f 6038/1/151 6024/1/151 6028/1/151
f 6022/1/152 6029/1/152 6034/1/152
f 6029/1/154 6030/1/154 6035/1/154
f 6030/1/355 6031/1/355 6036/1/355
f 6031/1/155 6032/1/155 6037/1/155
f 6032/1/155 6033/1/155 6038/1/155
f 6044/1/158 6039/1/158 6026/1/158
f 6045/1/134 6040/1/134 6039/1/134
f 6046/1/134 6041/1/134 6040/1/134
f 6047/1/158 6042/1/158 6041/1/158
f 6048/1/134 6043/1/134 6042/1/134
f 6022/1/160 6026/1/160 6039/1/160
f 6029/1/160 6039/1/160 6040/1/160
f 6030/1/160 6040/1/160 6041/1/160
f 6031/1/160 6041/1/160 6042/1/160
f 6032/1/160 6042/1/160 6043/1/160
f 6021/1/151 6034/1/151 6044/1/151
f 6034/1/151 6035/1/151 6045/1/151
f 6035/1/151 6036/1/151 6046/1/151
f 6036/1/151 6037/1/151 6047/1/151
f 6037/1/151 6038/1/151 6048/1/151
f 6061/1/802 6051/1/802 6052/1/802
f 6056/1/345 6055/1/345 6071/1/345
f 6053/1/800 6054/1/800 6050/1/800
f 6061/1/164 6071/1/164 6055/1/164
f 6051/1/729 6055/1/729 6056/1/729
f 6066/1/166 6052/1/166 6056/1/166
f 6050/1/359 6057/1/359 6062/1/359
f 6057/1/359 6058/1/359 6063/1/359
f 6058/1/730 6059/1/730 6064/1/730
f 6059/1/359 6060/1/359 6065/1/359
f 6060/1/799 6061/1/799 6066/1/799
f 6072/1/112 6067/1/112 6054/1/112
f 6073/1/345 6068/1/345 6067/1/345
f 6074/1/521 6069/1/521 6068/1/521
f 6075/1/524 6070/1/524 6069/1/524
f 6076/1/162 6071/1/162 6070/1/162
f 6050/1/164 6054/1/164 6067/1/164
f 6057/1/164 6067/1/164 6068/1/164
f 6058/1/164 6068/1/164 6069/1/164
f 6059/1/164 6069/1/164 6070/1/164
f 6060/1/164 6070/1/164 6071/1/164
f 6049/1/166 6062/1/166 6072/1/166
f 6062/1/166 6063/1/166 6073/1/166
f 6063/1/166 6064/1/166 6074/1/166
f 6064/1/166 6065/1/166 6075/1/166
f 6065/1/166 6066/1/166 6076/1/166
f 6089/1/171 6079/1/171 6080/1/171
f 6084/1/182 6083/1/182 6099/1/182
f 6081/1/732 6082/1/732 6078/1/732
f 6089/1/183 6099/1/183 6083/1/183
f 6079/1/860 6083/1/860 6084/1/860
f 6094/1/176 6080/1/176 6084/1/176
f 6078/1/171 6085/1/171 6090/1/171
f 6085/1/844 6086/1/844 6091/1/844
f 6086/1/178 6087/1/178 6092/1/178
f 6087/1/171 6088/1/171 6093/1/171
f 6088/1/327 6089/1/327 6094/1/327
f 6100/1/179 6095/1/179 6082/1/179
f 6101/1/179 6096/1/179 6095/1/179
f 6102/1/180 6097/1/180 6096/1/180
f 6103/1/172 6098/1/172 6097/1/172
f 6104/1/179 6099/1/179 6098/1/179
f 6078/1/174 6082/1/174 6095/1/174
f 6085/1/174 6095/1/174 6096/1/174
f 6086/1/174 6096/1/174 6097/1/174
f 6087/1/174 6097/1/174 6098/1/174
f 6088/1/183 6098/1/183 6099/1/183
f 6077/1/176 6090/1/176 6100/1/176
f 6090/1/176 6091/1/176 6101/1/176
f 6091/1/176 6092/1/176 6102/1/176
f 6092/1/176 6093/1/176 6103/1/176
f 6093/1/176 6094/1/176 6104/1/176
f 6117/1/190 6107/1/190 6108/1/190
f 6112/1/74 6111/1/74 6127/1/74
f 6109/1/955 6110/1/955 6106/1/955
f 6117/1/186 6127/1/186 6111/1/186
f 6107/1/806 6111/1/806 6112/1/806
f 6122/1/188 6108/1/188 6112/1/188
f 6106/1/191 6113/1/191 6118/1/191
f 6113/1/192 6114/1/192 6119/1/192
f 6114/1/184 6115/1/184 6120/1/184
f 6115/1/191 6116/1/191 6121/1/191
f 6116/1/191 6117/1/191 6122/1/191
f 6128/1/84 6123/1/84 6110/1/84
f 6129/1/74 6124/1/74 6123/1/74
f 6130/1/83 6125/1/83 6124/1/83
f 6131/1/329 6126/1/329 6125/1/329
f 6132/1/81 6127/1/81 6126/1/81
f 6106/1/186 6110/1/186 6123/1/186
f 6113/1/186 6123/1/186 6124/1/186
f 6114/1/186 6124/1/186 6125/1/186
f 6115/1/186 6125/1/186 6126/1/186
f 6116/1/186 6126/1/186 6127/1/186
f 6105/1/188 6118/1/188 6128/1/188
f 6118/1/188 6119/1/188 6129/1/188
f 6119/1/188 6120/1/188 6130/1/188
f 6120/1/188 6121/1/188 6131/1/188
f 6121/1/188 6122/1/188 6132/1/188
f 6150/1/200 6145/1/200 6135/1/200
f 6160/1/18 6140/1/18 6139/1/18
f 6137/1/956 6138/1/956 6134/1/956
f 6155/1/195 6139/1/195 6135/1/195
f 6135/1/934 6139/1/934 6140/1/934
f 6160/1/205 6150/1/205 6136/1/205
f 6133/1/200 6134/1/200 6141/1/200
f 6146/1/200 6141/1/200 6142/1/200
f 6147/1/377 6142/1/377 6143/1/377
f 6148/1/193 6143/1/193 6144/1/193
f 6149/1/378 6144/1/378 6145/1/378
f 6156/1/18 6151/1/18 6138/1/18
f 6157/1/10 6152/1/10 6151/1/10
f 6157/1/201 6158/1/201 6153/1/201
f 6158/1/374 6159/1/374 6154/1/374
f 6159/1/379 6160/1/379 6155/1/379
f 6138/1/203 6151/1/203 6141/1/203
f 6151/1/203 6152/1/203 6142/1/203
f 6152/1/203 6153/1/203 6143/1/203
f 6153/1/204 6154/1/204 6144/1/204
f 6154/1/203 6155/1/203 6145/1/203
f 6137/1/197 6133/1/197 6146/1/197
f 6156/1/205 6146/1/205 6147/1/205
f 6157/1/205 6147/1/205 6148/1/205
f 6158/1/205 6148/1/205 6149/1/205
f 6159/1/197 6149/1/197 6150/1/197
f 6178/1/614 6173/1/614 6163/1/614
f 6188/1/531 6168/1/531 6167/1/531
f 6165/1/912 6166/1/912 6162/1/912
f 6183/1/209 6167/1/209 6163/1/209
f 6163/1/867 6167/1/867 6168/1/867
f 6188/1/220 6178/1/220 6164/1/220
f 6161/1/745 6162/1/745 6169/1/745
f 6174/1/212 6169/1/212 6170/1/212
f 6175/1/212 6170/1/212 6171/1/212
f 6176/1/213 6171/1/213 6172/1/213
f 6177/1/533 6172/1/533 6173/1/533
f 6165/1/218 6184/1/218 6179/1/218
f 6184/1/957 6185/1/957 6180/1/957
f 6185/1/531 6186/1/531 6181/1/531
f 6186/1/219 6187/1/219 6182/1/219
f 6187/1/218 6188/1/218 6183/1/218
f 6166/1/209 6179/1/209 6169/1/209
f 6179/1/209 6180/1/209 6170/1/209
f 6180/1/209 6181/1/209 6171/1/209
f 6181/1/209 6182/1/209 6172/1/209
f 6182/1/209 6183/1/209 6173/1/209
f 6165/1/220 6161/1/220 6174/1/220
f 6184/1/211 6174/1/211 6175/1/211
f 6185/1/211 6175/1/211 6176/1/211
f 6186/1/211 6176/1/211 6177/1/211
f 6187/1/211 6177/1/211 6178/1/211
f 6206/1/221 6201/1/221 6191/1/221
f 6216/1/234 6196/1/234 6195/1/234
f 6193/1/958 6194/1/958 6190/1/958
f 6211/1/224 6195/1/224 6191/1/224
f 6191/1/748 6195/1/748 6196/1/748
f 6216/1/226 6206/1/226 6192/1/226
f 6189/1/221 6190/1/221 6197/1/221
f 6202/1/230 6197/1/230 6198/1/230
f 6203/1/221 6198/1/221 6199/1/221
f 6204/1/228 6199/1/228 6200/1/228
f 6205/1/472 6200/1/472 6201/1/472
f 6193/1/959 6212/1/959 6207/1/959
f 6212/1/648 6213/1/648 6208/1/648
f 6213/1/587 6214/1/587 6209/1/587
f 6214/1/234 6215/1/234 6210/1/234
f 6215/1/473 6216/1/473 6211/1/473
f 6194/1/224 6207/1/224 6197/1/224
f 6207/1/224 6208/1/224 6198/1/224
f 6208/1/224 6209/1/224 6199/1/224
f 6209/1/224 6210/1/224 6200/1/224
f 6210/1/224 6211/1/224 6201/1/224
f 6193/1/226 6189/1/226 6202/1/226
f 6212/1/226 6202/1/226 6203/1/226
f 6213/1/226 6203/1/226 6204/1/226
f 6214/1/226 6204/1/226 6205/1/226
f 6215/1/226 6205/1/226 6206/1/226
f 6234/1/249 6229/1/249 6219/1/249
f 6244/1/246 6224/1/246 6223/1/246
f 6221/1/870 6222/1/870 6218/1/870
f 6239/1/238 6223/1/238 6219/1/238
f 6219/1/751 6223/1/751 6224/1/751
f 6244/1/240 6234/1/240 6220/1/240
f 6217/1/241 6218/1/241 6225/1/241
f 6230/1/255 6225/1/255 6226/1/255
f 6231/1/392 6226/1/392 6227/1/392
f 6232/1/244 6227/1/244 6228/1/244
f 6233/1/241 6228/1/241 6229/1/241
f 6221/1/391 6240/1/391 6235/1/391
f 6240/1/590 6241/1/590 6236/1/590
f 6241/1/247 6242/1/247 6237/1/247
f 6242/1/387 6243/1/387 6238/1/387
f 6243/1/247 6244/1/247 6239/1/247
f 6222/1/238 6235/1/238 6225/1/238
f 6235/1/238 6236/1/238 6226/1/238
f 6236/1/238 6237/1/238 6227/1/238
f 6237/1/238 6238/1/238 6228/1/238
f 6238/1/238 6239/1/238 6229/1/238
f 6221/1/240 6217/1/240 6230/1/240
f 6240/1/240 6230/1/240 6231/1/240
f 6241/1/240 6231/1/240 6232/1/240
f 6242/1/240 6232/1/240 6233/1/240
f 6243/1/240 6233/1/240 6234/1/240
f 6262/1/390 6257/1/390 6247/1/390
f 6272/1/267 6252/1/267 6251/1/267
f 6249/1/960 6250/1/960 6246/1/960
f 6267/1/252 6251/1/252 6247/1/252
f 6247/1/753 6251/1/753 6252/1/753
f 6272/1/254 6262/1/254 6248/1/254
f 6245/1/243 6246/1/243 6253/1/243
f 6258/1/243 6253/1/243 6254/1/243
f 6259/1/241 6254/1/241 6255/1/241
f 6260/1/617 6255/1/617 6256/1/617
f 6261/1/235 6256/1/235 6257/1/235
f 6249/1/394 6268/1/394 6263/1/394
f 6268/1/396 6269/1/396 6264/1/396
f 6269/1/267 6270/1/267 6265/1/267
f 6270/1/938 6271/1/938 6266/1/938
f 6271/1/250 6272/1/250 6267/1/250
f 6250/1/252 6263/1/252 6253/1/252
f 6263/1/252 6264/1/252 6254/1/252
f 6264/1/252 6265/1/252 6255/1/252
f 6265/1/252 6266/1/252 6256/1/252
f 6266/1/252 6267/1/252 6257/1/252
f 6249/1/254 6245/1/254 6258/1/254
f 6268/1/254 6258/1/254 6259/1/254
f 6269/1/254 6259/1/254 6260/1/254
f 6270/1/254 6260/1/254 6261/1/254
f 6271/1/254 6261/1/254 6262/1/254
f 6290/1/395 6285/1/395 6275/1/395
f 6300/1/250 6280/1/250 6279/1/250
f 6277/1/961 6278/1/961 6274/1/961
f 6295/1/261 6279/1/261 6275/1/261
f 6275/1/962 6279/1/962 6280/1/962
f 6300/1/263 6290/1/263 6276/1/263
f 6273/1/227 6274/1/227 6281/1/227
f 6286/1/265 6281/1/265 6282/1/265
f 6287/1/818 6282/1/818 6283/1/818
f 6288/1/818 6283/1/818 6284/1/818
f 6289/1/258 6284/1/258 6285/1/258
f 6277/1/396 6296/1/396 6291/1/396
f 6296/1/259 6297/1/259 6292/1/259
f 6297/1/396 6298/1/396 6293/1/396
f 6298/1/266 6299/1/266 6294/1/266
f 6299/1/400 6300/1/400 6295/1/400
f 6278/1/268 6291/1/268 6281/1/268
f 6291/1/268 6292/1/268 6282/1/268
f 6292/1/261 6293/1/261 6283/1/261
f 6293/1/261 6294/1/261 6284/1/261
f 6294/1/261 6295/1/261 6285/1/261
f 6277/1/263 6273/1/263 6286/1/263
f 6296/1/263 6286/1/263 6287/1/263
f 6297/1/263 6287/1/263 6288/1/263
f 6298/1/263 6288/1/263 6289/1/263
f 6299/1/263 6289/1/263 6290/1/263
f 6318/1/595 6313/1/595 6303/1/595
f 6328/1/278 6308/1/278 6307/1/278
f 6305/1/819 6306/1/819 6302/1/819
f 6323/1/272 6307/1/272 6303/1/272
f 6303/1/940 6307/1/940 6308/1/940
f 6328/1/274 6318/1/274 6304/1/274
f 6301/1/269 6302/1/269 6309/1/269
f 6314/1/820 6309/1/820 6310/1/820
f 6315/1/595 6310/1/595 6311/1/595
f 6316/1/595 6311/1/595 6312/1/595
f 6317/1/269 6312/1/269 6313/1/269
f 6305/1/543 6324/1/543 6319/1/543
f 6324/1/403 6325/1/403 6320/1/403
f 6325/1/543 6326/1/543 6321/1/543
f 6326/1/401 6327/1/401 6322/1/401
f 6327/1/278 6328/1/278 6323/1/278
f 6306/1/272 6319/1/272 6309/1/272
f 6319/1/272 6320/1/272 6310/1/272
f 6320/1/272 6321/1/272 6311/1/272
f 6321/1/272 6322/1/272 6312/1/272
f 6322/1/272 6323/1/272 6313/1/272
f 6305/1/274 6301/1/274 6314/1/274
f 6324/1/226 6314/1/226 6315/1/226
f 6325/1/226 6315/1/226 6316/1/226
f 6326/1/274 6316/1/274 6317/1/274
f 6327/1/274 6317/1/274 6318/1/274
f 6346/1/550 6341/1/550 6331/1/550
f 6356/1/290 6336/1/290 6335/1/290
f 6333/1/822 6334/1/822 6330/1/822
f 6351/1/284 6335/1/284 6331/1/284
f 6331/1/881 6335/1/881 6336/1/881
f 6356/1/220 6346/1/220 6332/1/220
f 6329/1/550 6330/1/550 6337/1/550
f 6342/1/550 6337/1/550 6338/1/550
f 6343/1/287 6338/1/287 6339/1/287
f 6344/1/404 6339/1/404 6340/1/404
f 6345/1/287 6340/1/287 6341/1/287
f 6333/1/282 6352/1/282 6347/1/282
f 6352/1/410 6353/1/410 6348/1/410
f 6353/1/290 6354/1/290 6349/1/290
f 6354/1/656 6355/1/656 6350/1/656
f 6355/1/410 6356/1/410 6351/1/410
f 6334/1/284 6347/1/284 6337/1/284
f 6347/1/284 6348/1/284 6338/1/284
f 6348/1/407 6349/1/407 6339/1/407
f 6349/1/407 6350/1/407 6340/1/407
f 6350/1/284 6351/1/284 6341/1/284
f 6333/1/220 6329/1/220 6342/1/220
f 6352/1/220 6342/1/220 6343/1/220
f 6353/1/220 6343/1/220 6344/1/220
f 6354/1/220 6344/1/220 6345/1/220
f 6355/1/220 6345/1/220 6346/1/220
f 6374/1/291 6369/1/291 6359/1/291
f 6384/1/305 6364/1/305 6363/1/305
f 6361/1/963 6362/1/963 6358/1/963
f 6379/1/294 6363/1/294 6359/1/294
f 6359/1/884 6363/1/884 6364/1/884
f 6384/1/296 6374/1/296 6360/1/296
f 6357/1/494 6358/1/494 6365/1/494
f 6370/1/412 6365/1/412 6366/1/412
f 6371/1/552 6366/1/552 6367/1/552
f 6372/1/552 6367/1/552 6368/1/552
f 6373/1/412 6368/1/412 6369/1/412
f 6361/1/620 6380/1/620 6375/1/620
f 6380/1/620 6381/1/620 6376/1/620
f 6381/1/303 6382/1/303 6377/1/303
f 6382/1/305 6383/1/305 6378/1/305
f 6383/1/292 6384/1/292 6379/1/292
f 6362/1/294 6375/1/294 6365/1/294
f 6375/1/294 6376/1/294 6366/1/294
f 6376/1/294 6377/1/294 6367/1/294
f 6377/1/294 6378/1/294 6368/1/294
f 6378/1/294 6379/1/294 6369/1/294
f 6361/1/495 6357/1/495 6370/1/495
f 6380/1/296 6370/1/296 6371/1/296
f 6381/1/296 6371/1/296 6372/1/296
f 6382/1/296 6372/1/296 6373/1/296
f 6383/1/296 6373/1/296 6374/1/296
f 6397/1/14 6387/1/14 6388/1/14
f 6392/1/2 6391/1/2 6407/1/2
f 6389/1/964 6390/1/964 6386/1/964
f 6407/1/11 6391/1/11 6387/1/11
f 6387/1/418 6391/1/418 6392/1/418
f 6412/1/12 6402/1/12 6388/1/12
f 6386/1/1 6393/1/1 6398/1/1
f 6393/1/8 6394/1/8 6399/1/8
f 6394/1/14 6395/1/14 6400/1/14
f 6395/1/693 6396/1/693 6401/1/693
f 6396/1/14 6397/1/14 6402/1/14
f 6408/1/18 6403/1/18 6390/1/18
f 6409/1/18 6404/1/18 6403/1/18
f 6410/1/18 6405/1/18 6404/1/18
f 6411/1/18 6406/1/18 6405/1/18
f 6412/1/18 6407/1/18 6406/1/18
f 6390/1/11 6403/1/11 6393/1/11
f 6403/1/11 6404/1/11 6394/1/11
f 6404/1/11 6405/1/11 6395/1/11
f 6405/1/11 6406/1/11 6396/1/11
f 6406/1/11 6407/1/11 6397/1/11
f 6385/1/6 6398/1/6 6408/1/6
f 6398/1/6 6399/1/6 6409/1/6
f 6399/1/12 6400/1/12 6410/1/12
f 6410/1/6 6400/1/6 6401/1/6
f 6411/1/12 6401/1/12 6402/1/12
f 6425/1/14 6415/1/14 6416/1/14
f 6420/1/15 6419/1/15 6435/1/15
f 6417/1/964 6418/1/964 6414/1/964
f 6435/1/11 6419/1/11 6415/1/11
f 6415/1/774 6419/1/774 6420/1/774
f 6440/1/12 6430/1/12 6416/1/12
f 6414/1/1 6421/1/1 6426/1/1
f 6421/1/8 6422/1/8 6427/1/8
f 6422/1/14 6423/1/14 6428/1/14
f 6423/1/693 6424/1/693 6429/1/693
f 6424/1/14 6425/1/14 6430/1/14
f 6436/1/18 6431/1/18 6418/1/18
f 6437/1/18 6432/1/18 6431/1/18
f 6438/1/18 6433/1/18 6432/1/18
f 6439/1/18 6434/1/18 6433/1/18
f 6440/1/18 6435/1/18 6434/1/18
f 6418/1/4 6431/1/4 6421/1/4
f 6431/1/11 6432/1/11 6422/1/11
f 6432/1/11 6433/1/11 6423/1/11
f 6433/1/11 6434/1/11 6424/1/11
f 6434/1/11 6435/1/11 6425/1/11
f 6413/1/12 6426/1/12 6436/1/12
f 6426/1/6 6427/1/6 6437/1/6
f 6427/1/12 6428/1/12 6438/1/12
f 6438/1/6 6428/1/6 6429/1/6
f 6439/1/12 6429/1/12 6430/1/12
f 6453/1/14 6443/1/14 6444/1/14
f 6448/1/2 6447/1/2 6463/1/2
f 6445/1/964 6446/1/964 6442/1/964
f 6463/1/11 6447/1/11 6443/1/11
f 6443/1/418 6447/1/418 6448/1/418
f 6468/1/12 6458/1/12 6444/1/12
f 6442/1/1 6449/1/1 6454/1/1
f 6449/1/8 6450/1/8 6455/1/8
f 6450/1/14 6451/1/14 6456/1/14
f 6451/1/693 6452/1/693 6457/1/693
f 6452/1/14 6453/1/14 6458/1/14
f 6464/1/18 6459/1/18 6446/1/18
f 6465/1/10 6460/1/10 6459/1/10
f 6466/1/18 6461/1/18 6460/1/18
f 6467/1/18 6462/1/18 6461/1/18
f 6468/1/18 6463/1/18 6462/1/18
f 6446/1/11 6459/1/11 6449/1/11
f 6459/1/11 6460/1/11 6450/1/11
f 6460/1/11 6461/1/11 6451/1/11
f 6461/1/11 6462/1/11 6452/1/11
f 6462/1/11 6463/1/11 6453/1/11
f 6441/1/6 6454/1/6 6464/1/6
f 6454/1/12 6455/1/12 6465/1/12
f 6455/1/6 6456/1/6 6466/1/6
f 6456/1/12 6457/1/12 6467/1/12
f 6467/1/12 6457/1/12 6458/1/12
f 6481/1/14 6471/1/14 6472/1/14
f 6476/1/2 6475/1/2 6491/1/2
f 6473/1/964 6474/1/964 6470/1/964
f 6491/1/11 6475/1/11 6471/1/11
f 6471/1/418 6475/1/418 6476/1/418
f 6496/1/12 6486/1/12 6472/1/12
f 6470/1/1 6477/1/1 6482/1/1
f 6477/1/8 6478/1/8 6483/1/8
f 6478/1/14 6479/1/14 6484/1/14
f 6479/1/693 6480/1/693 6485/1/693
f 6480/1/14 6481/1/14 6486/1/14
f 6492/1/18 6487/1/18 6474/1/18
f 6493/1/18 6488/1/18 6487/1/18
f 6494/1/18 6489/1/18 6488/1/18
f 6495/1/18 6490/1/18 6489/1/18
f 6496/1/18 6491/1/18 6490/1/18
f 6474/1/11 6487/1/11 6477/1/11
f 6487/1/11 6488/1/11 6478/1/11
f 6488/1/11 6489/1/11 6479/1/11
f 6489/1/11 6490/1/11 6480/1/11
f 6490/1/11 6491/1/11 6481/1/11
f 6469/1/6 6482/1/6 6492/1/6
f 6482/1/6 6483/1/6 6493/1/6
f 6483/1/12 6484/1/12 6494/1/12
f 6484/1/6 6485/1/6 6495/1/6
f 6495/1/6 6485/1/6 6486/1/6
f 6509/1/14 6499/1/14 6500/1/14
f 6504/1/15 6503/1/15 6519/1/15
f 6501/1/964 6502/1/964 6498/1/964
f 6519/1/11 6503/1/11 6499/1/11
f 6499/1/774 6503/1/774 6504/1/774
f 6514/1/12 6500/1/12 6504/1/12
f 6498/1/1 6505/1/1 6510/1/1
f 6505/1/8 6506/1/8 6511/1/8
f 6506/1/14 6507/1/14 6512/1/14
f 6507/1/693 6508/1/693 6513/1/693
f 6508/1/14 6509/1/14 6514/1/14
f 6520/1/18 6515/1/18 6502/1/18
f 6521/1/10 6516/1/10 6515/1/10
f 6522/1/18 6517/1/18 6516/1/18
f 6523/1/18 6518/1/18 6517/1/18
f 6524/1/18 6519/1/18 6518/1/18
f 6502/1/11 6515/1/11 6505/1/11
f 6515/1/11 6516/1/11 6506/1/11
f 6516/1/11 6517/1/11 6507/1/11
f 6517/1/11 6518/1/11 6508/1/11
f 6518/1/11 6519/1/11 6509/1/11
f 6497/1/6 6510/1/6 6520/1/6
f 6510/1/6 6511/1/6 6521/1/6
f 6511/1/12 6512/1/12 6522/1/12
f 6522/1/6 6512/1/6 6513/1/6
f 6523/1/12 6513/1/12 6514/1/12
f 6537/1/14 6527/1/14 6528/1/14
f 6532/1/308 6531/1/308 6547/1/308
f 6529/1/831 6530/1/831 6526/1/831
f 6547/1/11 6531/1/11 6527/1/11
f 6527/1/418 6531/1/418 6532/1/418
f 6552/1/12 6542/1/12 6528/1/12
f 6526/1/1 6533/1/1 6538/1/1
f 6533/1/8 6534/1/8 6539/1/8
f 6534/1/14 6535/1/14 6540/1/14
f 6535/1/693 6536/1/693 6541/1/693
f 6536/1/14 6537/1/14 6542/1/14
f 6548/1/18 6543/1/18 6530/1/18
f 6549/1/10 6544/1/10 6543/1/10
f 6550/1/18 6545/1/18 6544/1/18
f 6551/1/18 6546/1/18 6545/1/18
f 6552/1/18 6547/1/18 6546/1/18
f 6530/1/11 6543/1/11 6533/1/11
f 6543/1/11 6544/1/11 6534/1/11
f 6544/1/11 6545/1/11 6535/1/11
f 6545/1/11 6546/1/11 6536/1/11
f 6546/1/11 6547/1/11 6537/1/11
f 6525/1/6 6538/1/6 6548/1/6
f 6538/1/12 6539/1/12 6549/1/12
f 6539/1/12 6540/1/12 6550/1/12
f 6540/1/12 6541/1/12 6551/1/12
f 6551/1/12 6541/1/12 6542/1/12
f 6565/1/14 6555/1/14 6556/1/14
f 6560/1/308 6559/1/308 6575/1/308
f 6557/1/964 6558/1/964 6554/1/964
f 6575/1/11 6559/1/11 6555/1/11
f 6555/1/418 6559/1/418 6560/1/418
f 6580/1/12 6570/1/12 6556/1/12
f 6554/1/1 6561/1/1 6566/1/1
f 6561/1/8 6562/1/8 6567/1/8
f 6562/1/8 6563/1/8 6568/1/8
f 6563/1/693 6564/1/693 6569/1/693
f 6564/1/14 6565/1/14 6570/1/14
f 6576/1/18 6571/1/18 6558/1/18
f 6577/1/18 6572/1/18 6571/1/18
f 6578/1/2 6573/1/2 6572/1/2
f 6579/1/18 6574/1/18 6573/1/18
f 6580/1/18 6575/1/18 6574/1/18
f 6558/1/11 6571/1/11 6561/1/11
f 6571/1/11 6572/1/11 6562/1/11
f 6572/1/11 6573/1/11 6563/1/11
f 6573/1/11 6574/1/11 6564/1/11
f 6574/1/11 6575/1/11 6565/1/11
f 6553/1/6 6566/1/6 6576/1/6
f 6566/1/6 6567/1/6 6577/1/6
f 6567/1/6 6568/1/6 6578/1/6
f 6568/1/12 6569/1/12 6579/1/12
f 6579/1/12 6569/1/12 6570/1/12
f 6593/1/14 6583/1/14 6584/1/14
f 6588/1/308 6587/1/308 6603/1/308
f 6585/1/964 6586/1/964 6582/1/964
f 6603/1/11 6587/1/11 6583/1/11
f 6583/1/418 6587/1/418 6588/1/418
f 6608/1/12 6598/1/12 6584/1/12
f 6582/1/1 6589/1/1 6594/1/1
f 6589/1/8 6590/1/8 6595/1/8
f 6590/1/8 6591/1/8 6596/1/8
f 6591/1/693 6592/1/693 6597/1/693
f 6592/1/14 6593/1/14 6598/1/14
f 6604/1/18 6599/1/18 6586/1/18
f 6605/1/10 6600/1/10 6599/1/10
f 6606/1/2 6601/1/2 6600/1/2
f 6607/1/2 6602/1/2 6601/1/2
f 6608/1/18 6603/1/18 6602/1/18
f 6586/1/11 6599/1/11 6589/1/11
f 6599/1/11 6600/1/11 6590/1/11
f 6600/1/11 6601/1/11 6591/1/11
f 6601/1/11 6602/1/11 6592/1/11
f 6602/1/11 6603/1/11 6593/1/11
f 6581/1/6 6594/1/6 6604/1/6
f 6594/1/12 6595/1/12 6605/1/12
f 6595/1/6 6596/1/6 6606/1/6
f 6606/1/6 6596/1/6 6597/1/6
f 6607/1/12 6597/1/12 6598/1/12
f 6621/1/14 6611/1/14 6612/1/14
f 6616/1/2 6615/1/2 6631/1/2
f 6613/1/831 6614/1/831 6610/1/831
f 6631/1/11 6615/1/11 6611/1/11
f 6611/1/418 6615/1/418 6616/1/418
f 6636/1/12 6626/1/12 6612/1/12
f 6610/1/1 6617/1/1 6622/1/1
f 6617/1/8 6618/1/8 6623/1/8
f 6618/1/8 6619/1/8 6624/1/8
f 6619/1/693 6620/1/693 6625/1/693
f 6620/1/14 6621/1/14 6626/1/14
f 6632/1/18 6627/1/18 6614/1/18
f 6633/1/10 6628/1/10 6627/1/10
f 6634/1/2 6629/1/2 6628/1/2
f 6635/1/2 6630/1/2 6629/1/2
f 6636/1/18 6631/1/18 6630/1/18
f 6614/1/11 6627/1/11 6617/1/11
f 6627/1/11 6628/1/11 6618/1/11
f 6628/1/11 6629/1/11 6619/1/11
f 6629/1/11 6630/1/11 6620/1/11
f 6630/1/11 6631/1/11 6621/1/11
f 6609/1/6 6622/1/6 6632/1/6
f 6622/1/12 6623/1/12 6633/1/12
f 6623/1/6 6624/1/6 6634/1/6
f 6634/1/6 6624/1/6 6625/1/6
f 6635/1/12 6625/1/12 6626/1/12
f 6649/1/14 6639/1/14 6640/1/14
f 6644/1/308 6643/1/308 6659/1/308
f 6641/1/831 6642/1/831 6638/1/831
f 6659/1/11 6643/1/11 6639/1/11
f 6639/1/418 6643/1/418 6644/1/418
f 6664/1/12 6654/1/12 6640/1/12
f 6638/1/1 6645/1/1 6650/1/1
f 6645/1/8 6646/1/8 6651/1/8
f 6646/1/8 6647/1/8 6652/1/8
f 6647/1/693 6648/1/693 6653/1/693
f 6648/1/14 6649/1/14 6654/1/14
f 6660/1/18 6655/1/18 6642/1/18
f 6661/1/10 6656/1/10 6655/1/10
f 6662/1/2 6657/1/2 6656/1/2
f 6663/1/2 6658/1/2 6657/1/2
f 6664/1/18 6659/1/18 6658/1/18
f 6642/1/11 6655/1/11 6645/1/11
f 6655/1/11 6656/1/11 6646/1/11
f 6656/1/11 6657/1/11 6647/1/11
f 6657/1/11 6658/1/11 6648/1/11
f 6658/1/11 6659/1/11 6649/1/11
f 6637/1/6 6650/1/6 6660/1/6
f 6650/1/6 6651/1/6 6661/1/6
f 6651/1/6 6652/1/6 6662/1/6
f 6662/1/6 6652/1/6 6653/1/6
f 6663/1/12 6653/1/12 6654/1/12
f 6677/1/830 6667/1/830 6668/1/830
f 6672/1/308 6671/1/308 6687/1/308
f 6669/1/964 6670/1/964 6666/1/964
f 6687/1/4 6671/1/4 6667/1/4
f 6667/1/418 6671/1/418 6672/1/418
f 6692/1/12 6682/1/12 6668/1/12
f 6666/1/1 6673/1/1 6678/1/1
f 6673/1/8 6674/1/8 6679/1/8
f 6674/1/8 6675/1/8 6680/1/8
f 6675/1/8 6676/1/8 6681/1/8
f 6676/1/14 6677/1/14 6682/1/14
f 6688/1/18 6683/1/18 6670/1/18
f 6689/1/10 6684/1/10 6683/1/10
f 6690/1/2 6685/1/2 6684/1/2
f 6691/1/2 6686/1/2 6685/1/2
f 6692/1/18 6687/1/18 6686/1/18
f 6670/1/11 6683/1/11 6673/1/11
f 6683/1/11 6684/1/11 6674/1/11
f 6684/1/11 6685/1/11 6675/1/11
f 6685/1/11 6686/1/11 6676/1/11
f 6686/1/11 6687/1/11 6677/1/11
f 6665/1/6 6678/1/6 6688/1/6
f 6678/1/6 6679/1/6 6689/1/6
f 6679/1/6 6680/1/6 6690/1/6
f 6680/1/12 6681/1/12 6691/1/12
f 6691/1/12 6681/1/12 6682/1/12
f 6705/1/830 6695/1/830 6696/1/830
f 6700/1/308 6699/1/308 6715/1/308
f 6697/1/965 6698/1/965 6694/1/965
f 6705/1/11 6715/1/11 6699/1/11
f 6695/1/418 6699/1/418 6700/1/418
f 6720/1/12 6710/1/12 6696/1/12
f 6694/1/1 6701/1/1 6706/1/1
f 6701/1/8 6702/1/8 6707/1/8
f 6702/1/8 6703/1/8 6708/1/8
f 6703/1/8 6704/1/8 6709/1/8
f 6704/1/14 6705/1/14 6710/1/14
f 6716/1/2 6711/1/2 6698/1/2
f 6717/1/18 6712/1/18 6711/1/18
f 6718/1/2 6713/1/2 6712/1/2
f 6719/1/2 6714/1/2 6713/1/2
f 6720/1/18 6715/1/18 6714/1/18
f 6698/1/4 6711/1/4 6701/1/4
f 6711/1/11 6712/1/11 6702/1/11
f 6712/1/11 6713/1/11 6703/1/11
f 6713/1/11 6714/1/11 6704/1/11
f 6714/1/11 6715/1/11 6705/1/11
f 6693/1/6 6706/1/6 6716/1/6
f 6706/1/6 6707/1/6 6717/1/6
f 6707/1/6 6708/1/6 6718/1/6
f 6708/1/12 6709/1/12 6719/1/12
f 6719/1/12 6709/1/12 6710/1/12
f 6733/1/8 6723/1/8 6724/1/8
f 6728/1/308 6727/1/308 6743/1/308
f 6725/1/965 6726/1/965 6722/1/965
f 6743/1/11 6727/1/11 6723/1/11
f 6723/1/418 6727/1/418 6728/1/418
f 6748/1/12 6738/1/12 6724/1/12
f 6722/1/14 6729/1/14 6734/1/14
f 6729/1/1 6730/1/1 6735/1/1
f 6730/1/8 6731/1/8 6736/1/8
f 6731/1/8 6732/1/8 6737/1/8
f 6732/1/8 6733/1/8 6738/1/8
f 6744/1/2 6739/1/2 6726/1/2
f 6745/1/10 6740/1/10 6739/1/10
f 6746/1/2 6741/1/2 6740/1/2
f 6747/1/2 6742/1/2 6741/1/2
f 6748/1/18 6743/1/18 6742/1/18
f 6726/1/4 6739/1/4 6729/1/4
f 6739/1/11 6740/1/11 6730/1/11
f 6740/1/11 6741/1/11 6731/1/11
f 6741/1/11 6742/1/11 6732/1/11
f 6742/1/11 6743/1/11 6733/1/11
f 6721/1/6 6734/1/6 6744/1/6
f 6734/1/6 6735/1/6 6745/1/6
f 6735/1/6 6736/1/6 6746/1/6
f 6736/1/12 6737/1/12 6747/1/12
f 6737/1/12 6738/1/12 6748/1/12
f 6761/1/8 6751/1/8 6752/1/8
f 6756/1/2 6755/1/2 6771/1/2
f 6753/1/965 6754/1/965 6750/1/965
f 6771/1/4 6755/1/4 6751/1/4
f 6751/1/418 6755/1/418 6756/1/418
f 6776/1/12 6766/1/12 6752/1/12
f 6750/1/14 6757/1/14 6762/1/14
f 6757/1/1 6758/1/1 6763/1/1
f 6758/1/8 6759/1/8 6764/1/8
f 6759/1/8 6760/1/8 6765/1/8
f 6760/1/8 6761/1/8 6766/1/8
f 6772/1/2 6767/1/2 6754/1/2
f 6773/1/10 6768/1/10 6767/1/10
f 6774/1/2 6769/1/2 6768/1/2
f 6775/1/2 6770/1/2 6769/1/2
f 6776/1/18 6771/1/18 6770/1/18
f 6754/1/4 6767/1/4 6757/1/4
f 6767/1/11 6768/1/11 6758/1/11
f 6768/1/11 6769/1/11 6759/1/11
f 6769/1/11 6770/1/11 6760/1/11
f 6770/1/11 6771/1/11 6761/1/11
f 6749/1/6 6762/1/6 6772/1/6
f 6762/1/6 6763/1/6 6773/1/6
f 6763/1/6 6764/1/6 6774/1/6
f 6764/1/6 6765/1/6 6775/1/6
f 6775/1/12 6765/1/12 6766/1/12
f 6789/1/8 6779/1/8 6780/1/8
f 6784/1/308 6783/1/308 6799/1/308
f 6781/1/965 6782/1/965 6778/1/965
f 6789/1/22 6799/1/22 6783/1/22
f 6779/1/5 6783/1/5 6784/1/5
f 6794/1/12 6780/1/12 6784/1/12
f 6778/1/14 6785/1/14 6790/1/14
f 6785/1/693 6786/1/693 6791/1/693
f 6786/1/14 6787/1/14 6792/1/14
f 6787/1/21 6788/1/21 6793/1/21
f 6788/1/8 6789/1/8 6794/1/8
f 6800/1/2 6795/1/2 6782/1/2
f 6801/1/10 6796/1/10 6795/1/10
f 6802/1/2 6797/1/2 6796/1/2
f 6803/1/2 6798/1/2 6797/1/2
f 6804/1/18 6799/1/18 6798/1/18
f 6778/1/4 6782/1/4 6795/1/4
f 6785/1/4 6795/1/4 6796/1/4
f 6786/1/4 6796/1/4 6797/1/4
f 6787/1/4 6797/1/4 6798/1/4
f 6788/1/4 6798/1/4 6799/1/4
f 6777/1/12 6790/1/12 6800/1/12
f 6790/1/12 6791/1/12 6801/1/12
f 6791/1/12 6792/1/12 6802/1/12
f 6792/1/12 6793/1/12 6803/1/12
f 6793/1/12 6794/1/12 6804/1/12
f 6817/1/966 6807/1/966 6808/1/966
f 6812/1/32 6811/1/32 6827/1/32
f 6809/1/967 6810/1/967 6806/1/967
f 6817/1/26 6827/1/26 6811/1/26
f 6807/1/833 6811/1/833 6812/1/833
f 6822/1/33 6808/1/33 6812/1/33
f 6806/1/31 6813/1/31 6818/1/31
f 6813/1/559 6814/1/559 6819/1/559
f 6814/1/559 6815/1/559 6820/1/559
f 6815/1/968 6816/1/968 6821/1/968
f 6816/1/966 6817/1/966 6822/1/966
f 6828/1/10 6823/1/10 6810/1/10
f 6829/1/15 6824/1/15 6823/1/15
f 6830/1/308 6825/1/308 6824/1/308
f 6831/1/308 6826/1/308 6825/1/308
f 6832/1/13 6827/1/13 6826/1/13
f 6806/1/26 6810/1/26 6823/1/26
f 6813/1/26 6823/1/26 6824/1/26
f 6814/1/26 6824/1/26 6825/1/26
f 6815/1/26 6825/1/26 6826/1/26
f 6816/1/26 6826/1/26 6827/1/26
f 6805/1/28 6818/1/28 6828/1/28
f 6818/1/28 6819/1/28 6829/1/28
f 6819/1/28 6820/1/28 6830/1/28
f 6820/1/28 6821/1/28 6831/1/28
f 6821/1/28 6822/1/28 6832/1/28
f 6845/1/562 6835/1/562 6836/1/562
f 6840/1/35 6839/1/35 6855/1/35
f 6837/1/835 6838/1/835 6834/1/835
f 6845/1/46 6855/1/46 6839/1/46
f 6835/1/697 6839/1/697 6840/1/697
f 6850/1/39 6836/1/39 6840/1/39
f 6834/1/191 6841/1/191 6846/1/191
f 6841/1/562 6842/1/562 6847/1/562
f 6842/1/192 6843/1/192 6848/1/192
f 6843/1/190 6844/1/190 6849/1/190
f 6844/1/778 6845/1/778 6850/1/778
f 6856/1/427 6851/1/427 6838/1/427
f 6857/1/428 6852/1/428 6851/1/428
f 6858/1/45 6853/1/45 6852/1/45
f 6859/1/427 6854/1/427 6853/1/427
f 6860/1/42 6855/1/42 6854/1/42
f 6834/1/46 6838/1/46 6851/1/46
f 6841/1/46 6851/1/46 6852/1/46
f 6842/1/46 6852/1/46 6853/1/46
f 6843/1/46 6853/1/46 6854/1/46
f 6844/1/46 6854/1/46 6855/1/46
f 6833/1/39 6846/1/39 6856/1/39
f 6846/1/39 6847/1/39 6857/1/39
f 6847/1/39 6848/1/39 6858/1/39
f 6848/1/39 6849/1/39 6859/1/39
f 6849/1/39 6850/1/39 6860/1/39
f 6873/1/701 6863/1/701 6864/1/701
f 6868/1/57 6867/1/57 6883/1/57
f 6865/1/969 6866/1/969 6862/1/969
f 6873/1/50 6883/1/50 6867/1/50
f 6863/1/924 6867/1/924 6868/1/924
f 6878/1/52 6864/1/52 6868/1/52
f 6862/1/780 6869/1/780 6874/1/780
f 6869/1/970 6870/1/970 6875/1/970
f 6870/1/780 6871/1/780 6876/1/780
f 6871/1/701 6872/1/701 6877/1/701
f 6872/1/970 6873/1/970 6878/1/970
f 6884/1/317 6879/1/317 6866/1/317
f 6885/1/56 6880/1/56 6879/1/56
f 6886/1/317 6881/1/317 6880/1/317
f 6887/1/55 6882/1/55 6881/1/55
f 6888/1/55 6883/1/55 6882/1/55
f 6862/1/59 6866/1/59 6879/1/59
f 6869/1/50 6879/1/50 6880/1/50
f 6870/1/59 6880/1/59 6881/1/59
f 6871/1/50 6881/1/50 6882/1/50
f 6872/1/50 6882/1/50 6883/1/50
f 6861/1/52 6874/1/52 6884/1/52
f 6874/1/52 6875/1/52 6885/1/52
f 6875/1/52 6876/1/52 6886/1/52
f 6876/1/52 6877/1/52 6887/1/52
f 6877/1/52 6878/1/52 6888/1/52
f 6901/1/69 6891/1/69 6892/1/69
f 6896/1/70 6895/1/70 6911/1/70
f 6893/1/971 6894/1/971 6890/1/971
f 6901/1/63 6911/1/63 6895/1/63
f 6891/1/925 6895/1/925 6896/1/925
f 6906/1/65 6892/1/65 6896/1/65
f 6890/1/60 6897/1/60 6902/1/60
f 6897/1/66 6898/1/66 6903/1/66
f 6898/1/972 6899/1/972 6904/1/972
f 6899/1/702 6900/1/702 6905/1/702
f 6900/1/972 6901/1/972 6906/1/972
f 6912/1/70 6907/1/70 6894/1/70
f 6913/1/973 6908/1/973 6907/1/973
f 6914/1/435 6909/1/435 6908/1/435
f 6915/1/71 6910/1/71 6909/1/71
f 6916/1/325 6911/1/325 6910/1/325
f 6890/1/63 6894/1/63 6907/1/63
f 6897/1/63 6907/1/63 6908/1/63
f 6898/1/63 6908/1/63 6909/1/63
f 6899/1/63 6909/1/63 6910/1/63
f 6900/1/63 6910/1/63 6911/1/63
f 6889/1/65 6902/1/65 6912/1/65
f 6902/1/65 6903/1/65 6913/1/65
f 6903/1/65 6904/1/65 6914/1/65
f 6904/1/65 6905/1/65 6915/1/65
f 6905/1/65 6906/1/65 6916/1/65
f 6929/1/171 6919/1/171 6920/1/171
f 6924/1/83 6923/1/83 6939/1/83
f 6921/1/974 6922/1/974 6918/1/974
f 6929/1/76 6939/1/76 6923/1/76
f 6919/1/975 6923/1/975 6924/1/975
f 6934/1/78 6920/1/78 6924/1/78
f 6918/1/79 6925/1/79 6930/1/79
f 6925/1/80 6926/1/80 6931/1/80
f 6926/1/79 6927/1/79 6932/1/79
f 6927/1/177 6928/1/177 6933/1/177
f 6928/1/178 6929/1/178 6934/1/178
f 6940/1/84 6935/1/84 6922/1/84
f 6941/1/74 6936/1/74 6935/1/74
f 6942/1/84 6937/1/84 6936/1/84
f 6943/1/329 6938/1/329 6937/1/329
f 6944/1/74 6939/1/74 6938/1/74
f 6918/1/76 6922/1/76 6935/1/76
f 6925/1/76 6935/1/76 6936/1/76
f 6926/1/76 6936/1/76 6937/1/76
f 6927/1/76 6937/1/76 6938/1/76
f 6928/1/76 6938/1/76 6939/1/76
f 6917/1/78 6930/1/78 6940/1/78
f 6930/1/78 6931/1/78 6941/1/78
f 6931/1/78 6932/1/78 6942/1/78
f 6932/1/78 6933/1/78 6943/1/78
f 6933/1/78 6934/1/78 6944/1/78
f 6957/1/85 6947/1/85 6948/1/85
f 6952/1/86 6951/1/86 6967/1/86
f 6949/1/976 6950/1/976 6946/1/976
f 6957/1/88 6967/1/88 6951/1/88
f 6947/1/977 6951/1/977 6952/1/977
f 6962/1/90 6948/1/90 6952/1/90
f 6946/1/978 6953/1/978 6958/1/978
f 6953/1/91 6954/1/91 6959/1/91
f 6954/1/91 6955/1/91 6960/1/91
f 6955/1/978 6956/1/978 6961/1/978
f 6956/1/92 6957/1/92 6962/1/92
f 6968/1/86 6963/1/86 6950/1/86
f 6969/1/96 6964/1/96 6963/1/96
f 6970/1/96 6965/1/96 6964/1/96
f 6971/1/95 6966/1/95 6965/1/95
f 6972/1/86 6967/1/86 6966/1/86
f 6946/1/88 6950/1/88 6963/1/88
f 6953/1/88 6963/1/88 6964/1/88
f 6954/1/88 6964/1/88 6965/1/88
f 6955/1/88 6965/1/88 6966/1/88
f 6956/1/88 6966/1/88 6967/1/88
f 6945/1/90 6958/1/90 6968/1/90
f 6958/1/90 6959/1/90 6969/1/90
f 6959/1/90 6960/1/90 6970/1/90
f 6960/1/90 6961/1/90 6971/1/90
f 6961/1/90 6962/1/90 6972/1/90
f 6985/1/98 6975/1/98 6976/1/98
f 6980/1/335 6979/1/335 6995/1/335
f 6977/1/713 6978/1/713 6974/1/713
f 6985/1/101 6995/1/101 6979/1/101
f 6975/1/979 6979/1/979 6980/1/979
f 6990/1/103 6976/1/103 6980/1/103
f 6974/1/104 6981/1/104 6986/1/104
f 6981/1/980 6982/1/980 6987/1/980
f 6982/1/98 6983/1/98 6988/1/98
f 6983/1/105 6984/1/105 6989/1/105
f 6984/1/104 6985/1/104 6990/1/104
f 6996/1/335 6991/1/335 6978/1/335
f 6997/1/110 6992/1/110 6991/1/110
f 6998/1/106 6993/1/106 6992/1/106
f 6999/1/109 6994/1/109 6993/1/109
f 7000/1/109 6995/1/109 6994/1/109
f 6974/1/101 6978/1/101 6991/1/101
f 6981/1/101 6991/1/101 6992/1/101
f 6982/1/101 6992/1/101 6993/1/101
f 6983/1/101 6993/1/101 6994/1/101
f 6984/1/101 6994/1/101 6995/1/101
f 6973/1/103 6986/1/103 6996/1/103
f 6986/1/103 6987/1/103 6997/1/103
f 6987/1/103 6988/1/103 6998/1/103
f 6988/1/103 6989/1/103 6999/1/103
f 6989/1/103 6990/1/103 7000/1/103
f 7013/1/118 7003/1/118 7004/1/118
f 7008/1/340 7007/1/340 7023/1/340
f 7005/1/981 7006/1/981 7002/1/981
f 7013/1/114 7023/1/114 7007/1/114
f 7003/1/952 7007/1/952 7008/1/952
f 7018/1/116 7004/1/116 7008/1/116
f 7002/1/513 7009/1/513 7014/1/513
f 7009/1/343 7010/1/343 7015/1/343
f 7010/1/343 7011/1/343 7016/1/343
f 7011/1/572 7012/1/572 7017/1/572
f 7012/1/572 7013/1/572 7018/1/572
f 7024/1/514 7019/1/514 7006/1/514
f 7025/1/514 7020/1/514 7019/1/514
f 7026/1/119 7021/1/119 7020/1/119
f 7027/1/521 7022/1/521 7021/1/521
f 7028/1/344 7023/1/344 7022/1/344
f 7002/1/114 7006/1/114 7019/1/114
f 7009/1/114 7019/1/114 7020/1/114
f 7010/1/114 7020/1/114 7021/1/114
f 7011/1/114 7021/1/114 7022/1/114
f 7012/1/114 7022/1/114 7023/1/114
f 7001/1/116 7014/1/116 7024/1/116
f 7014/1/116 7015/1/116 7025/1/116
f 7015/1/116 7016/1/116 7026/1/116
f 7016/1/116 7017/1/116 7027/1/116
f 7017/1/116 7018/1/116 7028/1/116
f 7041/1/129 7031/1/129 7032/1/129
f 7036/1/124 7035/1/124 7051/1/124
f 7033/1/982 7034/1/982 7030/1/982
f 7041/1/126 7051/1/126 7035/1/126
f 7031/1/983 7035/1/983 7036/1/983
f 7046/1/128 7032/1/128 7036/1/128
f 7030/1/133 7037/1/133 7042/1/133
f 7037/1/129 7038/1/129 7043/1/129
f 7038/1/133 7039/1/133 7044/1/133
f 7039/1/132 7040/1/132 7045/1/132
f 7040/1/721 7041/1/721 7046/1/721
f 7052/1/134 7047/1/134 7034/1/134
f 7053/1/124 7048/1/124 7047/1/124
f 7054/1/124 7049/1/124 7048/1/124
f 7055/1/159 7050/1/159 7049/1/159
f 7056/1/124 7051/1/124 7050/1/124
f 7030/1/126 7034/1/126 7047/1/126
f 7037/1/126 7047/1/126 7048/1/126
f 7038/1/126 7048/1/126 7049/1/126
f 7039/1/126 7049/1/126 7050/1/126
f 7040/1/126 7050/1/126 7051/1/126
f 7029/1/128 7042/1/128 7052/1/128
f 7042/1/128 7043/1/128 7053/1/128
f 7043/1/128 7044/1/128 7054/1/128
f 7044/1/128 7045/1/128 7055/1/128
f 7045/1/128 7046/1/128 7056/1/128
f 7069/1/143 7059/1/143 7060/1/143
f 7064/1/354 7063/1/354 7079/1/354
f 7061/1/984 7062/1/984 7058/1/984
f 7069/1/139 7079/1/139 7063/1/139
f 7059/1/348 7063/1/348 7064/1/348
f 7074/1/141 7060/1/141 7064/1/141
f 7058/1/903 7065/1/903 7070/1/903
f 7065/1/143 7066/1/143 7071/1/143
f 7066/1/446 7067/1/446 7072/1/446
f 7067/1/353 7068/1/353 7073/1/353
f 7068/1/985 7069/1/985 7074/1/985
f 7080/1/354 7075/1/354 7062/1/354
f 7081/1/354 7076/1/354 7075/1/354
f 7082/1/354 7077/1/354 7076/1/354
f 7083/1/518 7078/1/518 7077/1/518
f 7084/1/354 7079/1/354 7078/1/354
f 7058/1/139 7062/1/139 7075/1/139
f 7065/1/139 7075/1/139 7076/1/139
f 7066/1/139 7076/1/139 7077/1/139
f 7067/1/139 7077/1/139 7078/1/139
f 7068/1/139 7078/1/139 7079/1/139
f 7057/1/141 7070/1/141 7080/1/141
f 7070/1/141 7071/1/141 7081/1/141
f 7071/1/141 7072/1/141 7082/1/141
f 7072/1/141 7073/1/141 7083/1/141
f 7073/1/141 7074/1/141 7084/1/141
f 7097/1/154 7087/1/154 7088/1/154
f 7092/1/134 7091/1/134 7107/1/134
f 7089/1/986 7090/1/986 7086/1/986
f 7097/1/160 7107/1/160 7091/1/160
f 7087/1/857 7091/1/857 7092/1/857
f 7102/1/151 7088/1/151 7092/1/151
f 7086/1/152 7093/1/152 7098/1/152
f 7093/1/156 7094/1/156 7099/1/156
f 7094/1/156 7095/1/156 7100/1/156
f 7095/1/156 7096/1/156 7101/1/156
f 7096/1/152 7097/1/152 7102/1/152
f 7108/1/158 7103/1/158 7090/1/158
f 7109/1/134 7104/1/134 7103/1/134
f 7110/1/134 7105/1/134 7104/1/134
f 7111/1/158 7106/1/158 7105/1/158
f 7112/1/158 7107/1/158 7106/1/158
f 7086/1/160 7090/1/160 7103/1/160
f 7093/1/160 7103/1/160 7104/1/160
f 7094/1/160 7104/1/160 7105/1/160
f 7095/1/149 7105/1/149 7106/1/149
f 7096/1/149 7106/1/149 7107/1/149
f 7085/1/151 7098/1/151 7108/1/151
f 7098/1/151 7099/1/151 7109/1/151
f 7099/1/151 7100/1/151 7110/1/151
f 7100/1/151 7101/1/151 7111/1/151
f 7101/1/151 7102/1/151 7112/1/151
f 7125/1/359 7115/1/359 7116/1/359
f 7120/1/345 7119/1/345 7135/1/345
f 7117/1/987 7118/1/987 7114/1/987
f 7125/1/164 7135/1/164 7119/1/164
f 7115/1/988 7119/1/988 7120/1/988
f 7130/1/166 7116/1/166 7120/1/166
f 7114/1/730 7121/1/730 7126/1/730
f 7121/1/575 7122/1/575 7127/1/575
f 7122/1/799 7123/1/799 7128/1/799
f 7123/1/799 7124/1/799 7129/1/799
f 7124/1/799 7125/1/799 7130/1/799
f 7136/1/162 7131/1/162 7118/1/162
f 7137/1/168 7132/1/168 7131/1/168
f 7138/1/344 7133/1/344 7132/1/344
f 7139/1/524 7134/1/524 7133/1/524
f 7140/1/112 7135/1/112 7134/1/112
f 7114/1/164 7118/1/164 7131/1/164
f 7121/1/164 7131/1/164 7132/1/164
f 7122/1/164 7132/1/164 7133/1/164
f 7123/1/170 7133/1/170 7134/1/170
f 7124/1/164 7134/1/164 7135/1/164
f 7113/1/166 7126/1/166 7136/1/166
f 7126/1/166 7127/1/166 7137/1/166
f 7127/1/166 7128/1/166 7138/1/166
f 7128/1/166 7129/1/166 7139/1/166
f 7129/1/166 7130/1/166 7140/1/166
f 7153/1/327 7143/1/327 7144/1/327
f 7148/1/461 7147/1/461 7163/1/461
f 7145/1/989 7146/1/989 7142/1/989
f 7153/1/174 7163/1/174 7147/1/174
f 7143/1/804 7147/1/804 7148/1/804
f 7158/1/176 7144/1/176 7148/1/176
f 7142/1/327 7149/1/327 7154/1/327
f 7149/1/327 7150/1/327 7155/1/327
f 7150/1/327 7151/1/327 7156/1/327
f 7151/1/171 7152/1/171 7157/1/171
f 7152/1/327 7153/1/327 7158/1/327
f 7164/1/366 7159/1/366 7146/1/366
f 7165/1/527 7160/1/527 7159/1/527
f 7166/1/172 7161/1/172 7160/1/172
f 7167/1/172 7162/1/172 7161/1/172
f 7168/1/527 7163/1/527 7162/1/527
f 7142/1/174 7146/1/174 7159/1/174
f 7149/1/183 7159/1/183 7160/1/183
f 7150/1/174 7160/1/174 7161/1/174
f 7151/1/183 7161/1/183 7162/1/183
f 7152/1/183 7162/1/183 7163/1/183
f 7141/1/176 7154/1/176 7164/1/176
f 7154/1/176 7155/1/176 7165/1/176
f 7155/1/176 7156/1/176 7166/1/176
f 7156/1/176 7157/1/176 7167/1/176
f 7157/1/176 7158/1/176 7168/1/176
f 7181/1/990 7171/1/990 7172/1/990
f 7176/1/82 7175/1/82 7191/1/82
f 7173/1/991 7174/1/991 7170/1/991
f 7181/1/186 7191/1/186 7175/1/186
f 7171/1/806 7175/1/806 7176/1/806
f 7186/1/188 7172/1/188 7176/1/188
f 7170/1/738 7177/1/738 7182/1/738
f 7177/1/191 7178/1/191 7183/1/191
f 7178/1/562 7179/1/562 7184/1/562
f 7179/1/738 7180/1/738 7185/1/738
f 7180/1/192 7181/1/192 7186/1/192
f 7192/1/329 7187/1/329 7174/1/329
f 7193/1/74 7188/1/74 7187/1/74
f 7194/1/83 7189/1/83 7188/1/83
f 7195/1/83 7190/1/83 7189/1/83
f 7196/1/84 7191/1/84 7190/1/84
f 7170/1/186 7174/1/186 7187/1/186
f 7177/1/186 7187/1/186 7188/1/186
f 7178/1/186 7188/1/186 7189/1/186
f 7179/1/186 7189/1/186 7190/1/186
f 7180/1/186 7190/1/186 7191/1/186
f 7169/1/188 7182/1/188 7192/1/188
f 7182/1/188 7183/1/188 7193/1/188
f 7183/1/188 7184/1/188 7194/1/188
f 7184/1/188 7185/1/188 7195/1/188
f 7185/1/188 7186/1/188 7196/1/188
f 7214/1/198 7209/1/198 7199/1/198
f 7224/1/18 7204/1/18 7203/1/18
f 7201/1/992 7202/1/992 7198/1/992
f 7219/1/204 7203/1/204 7199/1/204
f 7199/1/934 7203/1/934 7204/1/934
f 7224/1/205 7214/1/205 7200/1/205
f 7197/1/377 7198/1/377 7205/1/377
f 7210/1/377 7205/1/377 7206/1/377
f 7211/1/377 7206/1/377 7207/1/377
f 7212/1/199 7207/1/199 7208/1/199
f 7213/1/373 7208/1/373 7209/1/373
f 7220/1/374 7215/1/374 7202/1/374
f 7221/1/10 7216/1/10 7215/1/10
f 7222/1/202 7217/1/202 7216/1/202
f 7222/1/18 7223/1/18 7218/1/18
f 7223/1/379 7224/1/379 7219/1/379
f 7202/1/203 7215/1/203 7205/1/203
f 7215/1/203 7216/1/203 7206/1/203
f 7216/1/203 7217/1/203 7207/1/203
f 7217/1/204 7218/1/204 7208/1/204
f 7218/1/204 7219/1/204 7209/1/204
f 7201/1/205 7197/1/205 7210/1/205
f 7220/1/197 7210/1/197 7211/1/197
f 7221/1/197 7211/1/197 7212/1/197
f 7222/1/197 7212/1/197 7213/1/197
f 7223/1/205 7213/1/205 7214/1/205
f 7242/1/865 7237/1/865 7227/1/865
f 7252/1/217 7232/1/217 7231/1/217
f 7229/1/743 7230/1/743 7226/1/743
f 7247/1/209 7231/1/209 7227/1/209
f 7227/1/993 7231/1/993 7232/1/993
f 7252/1/220 7242/1/220 7228/1/220
f 7225/1/206 7226/1/206 7233/1/206
f 7238/1/206 7233/1/206 7234/1/206
f 7239/1/212 7234/1/212 7235/1/212
f 7240/1/212 7235/1/212 7236/1/212
f 7241/1/214 7236/1/214 7237/1/214
f 7229/1/531 7248/1/531 7243/1/531
f 7248/1/207 7249/1/207 7244/1/207
f 7249/1/531 7250/1/531 7245/1/531
f 7250/1/207 7251/1/207 7246/1/207
f 7251/1/207 7252/1/207 7247/1/207
f 7230/1/209 7243/1/209 7233/1/209
f 7243/1/209 7244/1/209 7234/1/209
f 7244/1/209 7245/1/209 7235/1/209
f 7245/1/209 7246/1/209 7236/1/209
f 7246/1/209 7247/1/209 7237/1/209
f 7229/1/220 7225/1/220 7238/1/220
f 7248/1/211 7238/1/211 7239/1/211
f 7249/1/220 7239/1/220 7240/1/220
f 7250/1/220 7240/1/220 7241/1/220
f 7251/1/211 7241/1/211 7242/1/211
f 7270/1/230 7265/1/230 7255/1/230
f 7280/1/648 7260/1/648 7259/1/648
f 7257/1/914 7258/1/914 7254/1/914
f 7275/1/224 7259/1/224 7255/1/224
f 7255/1/915 7259/1/915 7260/1/915
f 7280/1/226 7270/1/226 7256/1/226
f 7253/1/230 7254/1/230 7261/1/230
f 7266/1/227 7261/1/227 7262/1/227
f 7267/1/221 7262/1/221 7263/1/221
f 7268/1/221 7263/1/221 7264/1/221
f 7269/1/472 7264/1/472 7265/1/472
f 7257/1/746 7276/1/746 7271/1/746
f 7276/1/678 7277/1/678 7272/1/678
f 7277/1/812 7278/1/812 7273/1/812
f 7278/1/234 7279/1/234 7274/1/234
f 7279/1/233 7280/1/233 7275/1/233
f 7258/1/224 7271/1/224 7261/1/224
f 7271/1/224 7272/1/224 7262/1/224
f 7272/1/224 7273/1/224 7263/1/224
f 7273/1/224 7274/1/224 7264/1/224
f 7274/1/224 7275/1/224 7265/1/224
f 7257/1/226 7253/1/226 7266/1/226
f 7276/1/226 7266/1/226 7267/1/226
f 7277/1/226 7267/1/226 7268/1/226
f 7278/1/226 7268/1/226 7269/1/226
f 7279/1/226 7269/1/226 7270/1/226
f 7298/1/255 7293/1/255 7283/1/255
f 7308/1/387 7288/1/387 7287/1/387
f 7285/1/994 7286/1/994 7282/1/994
f 7303/1/238 7287/1/238 7283/1/238
f 7283/1/995 7287/1/995 7288/1/995
f 7308/1/240 7298/1/240 7284/1/240
f 7281/1/592 7282/1/592 7289/1/592
f 7294/1/249 7289/1/249 7290/1/249
f 7295/1/249 7290/1/249 7291/1/249
f 7296/1/244 7291/1/244 7292/1/244
f 7297/1/241 7292/1/241 7293/1/241
f 7285/1/245 7304/1/245 7299/1/245
f 7304/1/248 7305/1/248 7300/1/248
f 7305/1/246 7306/1/246 7301/1/246
f 7306/1/387 7307/1/387 7302/1/387
f 7307/1/236 7308/1/236 7303/1/236
f 7286/1/238 7299/1/238 7289/1/238
f 7299/1/238 7300/1/238 7290/1/238
f 7300/1/238 7301/1/238 7291/1/238
f 7301/1/238 7302/1/238 7292/1/238
f 7302/1/238 7303/1/238 7293/1/238
f 7285/1/240 7281/1/240 7294/1/240
f 7304/1/240 7294/1/240 7295/1/240
f 7305/1/240 7295/1/240 7296/1/240
f 7306/1/240 7296/1/240 7297/1/240
f 7307/1/240 7297/1/240 7298/1/240
f 7326/1/243 7321/1/243 7311/1/243
f 7336/1/266 7316/1/266 7315/1/266
f 7313/1/996 7314/1/996 7310/1/996
f 7331/1/252 7315/1/252 7311/1/252
f 7311/1/997 7315/1/997 7316/1/997
f 7336/1/254 7326/1/254 7312/1/254
f 7309/1/242 7310/1/242 7317/1/242
f 7322/1/235 7317/1/235 7318/1/235
f 7323/1/653 7318/1/653 7319/1/653
f 7324/1/235 7319/1/235 7320/1/235
f 7325/1/390 7320/1/390 7321/1/390
f 7313/1/394 7332/1/394 7327/1/394
f 7332/1/877 7333/1/877 7328/1/877
f 7333/1/267 7334/1/267 7329/1/267
f 7334/1/681 7335/1/681 7330/1/681
f 7335/1/400 7336/1/400 7331/1/400
f 7314/1/252 7327/1/252 7317/1/252
f 7327/1/252 7328/1/252 7318/1/252
f 7328/1/252 7329/1/252 7319/1/252
f 7329/1/252 7330/1/252 7320/1/252
f 7330/1/252 7331/1/252 7321/1/252
f 7313/1/254 7309/1/254 7322/1/254
f 7332/1/254 7322/1/254 7323/1/254
f 7333/1/254 7323/1/254 7324/1/254
f 7334/1/254 7324/1/254 7325/1/254
f 7335/1/254 7325/1/254 7326/1/254
f 7354/1/395 7349/1/395 7339/1/395
f 7364/1/250 7344/1/250 7343/1/250
f 7341/1/998 7342/1/998 7338/1/998
f 7359/1/261 7343/1/261 7339/1/261
f 7339/1/999 7343/1/999 7344/1/999
f 7364/1/263 7354/1/263 7340/1/263
f 7337/1/265 7338/1/265 7345/1/265
f 7350/1/482 7345/1/482 7346/1/482
f 7351/1/399 7346/1/399 7347/1/399
f 7352/1/258 7347/1/258 7348/1/258
f 7353/1/258 7348/1/258 7349/1/258
f 7341/1/267 7360/1/267 7355/1/267
f 7360/1/759 7361/1/759 7356/1/759
f 7361/1/266 7362/1/266 7357/1/266
f 7362/1/259 7363/1/259 7358/1/259
f 7363/1/266 7364/1/266 7359/1/266
f 7342/1/261 7355/1/261 7345/1/261
f 7355/1/268 7356/1/268 7346/1/268
f 7356/1/261 7357/1/261 7347/1/261
f 7357/1/268 7358/1/268 7348/1/268
f 7358/1/238 7359/1/238 7349/1/238
f 7341/1/263 7337/1/263 7350/1/263
f 7360/1/263 7350/1/263 7351/1/263
f 7361/1/263 7351/1/263 7352/1/263
f 7362/1/263 7352/1/263 7353/1/263
f 7363/1/263 7353/1/263 7354/1/263
f 7382/1/213 7377/1/213 7367/1/213
f 7392/1/278 7372/1/278 7371/1/278
f 7369/1/1000 7370/1/1000 7366/1/1000
f 7387/1/272 7371/1/272 7367/1/272
f 7367/1/1001 7371/1/1001 7372/1/1001
f 7392/1/274 7382/1/274 7368/1/274
f 7365/1/269 7366/1/269 7373/1/269
f 7378/1/275 7373/1/275 7374/1/275
f 7379/1/762 7374/1/762 7375/1/762
f 7380/1/545 7375/1/545 7376/1/545
f 7381/1/269 7376/1/269 7377/1/269
f 7369/1/401 7388/1/401 7383/1/401
f 7388/1/543 7389/1/543 7384/1/543
f 7389/1/543 7390/1/543 7385/1/543
f 7390/1/941 7391/1/941 7386/1/941
f 7391/1/279 7392/1/279 7387/1/279
f 7370/1/272 7383/1/272 7373/1/272
f 7383/1/272 7384/1/272 7374/1/272
f 7384/1/272 7385/1/272 7375/1/272
f 7385/1/272 7386/1/272 7376/1/272
f 7386/1/272 7387/1/272 7377/1/272
f 7369/1/274 7365/1/274 7378/1/274
f 7388/1/226 7378/1/226 7379/1/226
f 7389/1/226 7379/1/226 7380/1/226
f 7390/1/226 7380/1/226 7381/1/226
f 7391/1/274 7381/1/274 7382/1/274
f 7410/1/550 7405/1/550 7395/1/550
f 7420/1/405 7400/1/405 7399/1/405
f 7397/1/822 7398/1/822 7394/1/822
f 7415/1/284 7399/1/284 7395/1/284
f 7395/1/1002 7399/1/1002 7400/1/1002
f 7420/1/220 7410/1/220 7396/1/220
f 7393/1/765 7394/1/765 7401/1/765
f 7406/1/287 7401/1/287 7402/1/287
f 7407/1/287 7402/1/287 7403/1/287
f 7408/1/287 7403/1/287 7404/1/287
f 7409/1/287 7404/1/287 7405/1/287
f 7397/1/282 7416/1/282 7411/1/282
f 7416/1/405 7417/1/405 7412/1/405
f 7417/1/289 7418/1/289 7413/1/289
f 7418/1/410 7419/1/410 7414/1/410
f 7419/1/282 7420/1/282 7415/1/282
f 7398/1/407 7411/1/407 7401/1/407
f 7411/1/407 7412/1/407 7402/1/407
f 7412/1/284 7413/1/284 7403/1/284
f 7413/1/284 7414/1/284 7404/1/284
f 7414/1/407 7415/1/407 7405/1/407
f 7397/1/220 7393/1/220 7406/1/220
f 7416/1/220 7406/1/220 7407/1/220
f 7417/1/220 7407/1/220 7408/1/220
f 7418/1/220 7408/1/220 7409/1/220
f 7419/1/220 7409/1/220 7410/1/220
f 7438/1/596 7433/1/596 7423/1/596
f 7448/1/305 7428/1/305 7427/1/305
f 7425/1/1003 7426/1/1003 7422/1/1003
f 7443/1/294 7427/1/294 7423/1/294
f 7423/1/884 7427/1/884 7428/1/884
f 7448/1/296 7438/1/296 7424/1/296
f 7421/1/768 7422/1/768 7429/1/768
f 7434/1/297 7429/1/297 7430/1/297
f 7435/1/415 7430/1/415 7431/1/415
f 7436/1/552 7431/1/552 7432/1/552
f 7437/1/553 7432/1/553 7433/1/553
f 7425/1/417 7444/1/417 7439/1/417
f 7444/1/620 7445/1/620 7440/1/620
f 7445/1/292 7446/1/292 7441/1/292
f 7446/1/417 7447/1/417 7442/1/417
f 7447/1/826 7448/1/826 7443/1/826
f 7426/1/294 7439/1/294 7429/1/294
f 7439/1/294 7440/1/294 7430/1/294
f 7440/1/294 7441/1/294 7431/1/294
f 7441/1/294 7442/1/294 7432/1/294
f 7442/1/294 7443/1/294 7433/1/294
f 7425/1/495 7421/1/495 7434/1/495
f 7444/1/296 7434/1/296 7435/1/296
f 7445/1/296 7435/1/296 7436/1/296
f 7446/1/296 7436/1/296 7437/1/296
f 7447/1/296 7437/1/296 7438/1/296
f 7461/1/14 7451/1/14 7452/1/14
f 7456/1/18 7455/1/18 7471/1/18
f 7453/1/1004 7454/1/1004 7450/1/1004
f 7471/1/4 7455/1/4 7451/1/4
f 7451/1/774 7455/1/774 7456/1/774
f 7476/1/6 7466/1/6 7452/1/6
f 7450/1/1 7457/1/1 7462/1/1
f 7457/1/1 7458/1/1 7463/1/1
f 7458/1/556 7459/1/556 7464/1/556
f 7459/1/1 7460/1/1 7465/1/1
f 7460/1/1 7461/1/1 7466/1/1
f 7472/1/18 7467/1/18 7454/1/18
f 7473/1/2 7468/1/2 7467/1/2
f 7474/1/2 7469/1/2 7468/1/2
f 7475/1/2 7470/1/2 7469/1/2
f 7476/1/13 7471/1/13 7470/1/13
f 7454/1/11 7467/1/11 7457/1/11
f 7467/1/11 7468/1/11 7458/1/11
f 7468/1/4 7469/1/4 7459/1/4
f 7469/1/4 7470/1/4 7460/1/4
f 7470/1/4 7471/1/4 7461/1/4
f 7449/1/6 7462/1/6 7472/1/6
f 7462/1/12 7463/1/12 7473/1/12
f 7463/1/12 7464/1/12 7474/1/12
f 7464/1/12 7465/1/12 7475/1/12
f 7465/1/6 7466/1/6 7476/1/6
f 7489/1/14 7479/1/14 7480/1/14
f 7484/1/10 7483/1/10 7499/1/10
f 7481/1/691 7482/1/691 7478/1/691
f 7499/1/11 7483/1/11 7479/1/11
f 7479/1/1005 7483/1/1005 7484/1/1005
f 7504/1/6 7494/1/6 7480/1/6
f 7478/1/1 7485/1/1 7490/1/1
f 7485/1/1 7486/1/1 7491/1/1
f 7486/1/556 7487/1/556 7492/1/556
f 7487/1/1 7488/1/1 7493/1/1
f 7488/1/1 7489/1/1 7494/1/1
f 7500/1/18 7495/1/18 7482/1/18
f 7501/1/2 7496/1/2 7495/1/2
f 7502/1/2 7497/1/2 7496/1/2
f 7503/1/2 7498/1/2 7497/1/2
f 7504/1/13 7499/1/13 7498/1/13
f 7482/1/11 7495/1/11 7485/1/11
f 7495/1/11 7496/1/11 7486/1/11
f 7496/1/4 7497/1/4 7487/1/4
f 7497/1/4 7498/1/4 7488/1/4
f 7498/1/4 7499/1/4 7489/1/4
f 7477/1/6 7490/1/6 7500/1/6
f 7490/1/12 7491/1/12 7501/1/12
f 7491/1/12 7492/1/12 7502/1/12
f 7502/1/12 7492/1/12 7493/1/12
f 7493/1/6 7494/1/6 7504/1/6
f 7517/1/14 7507/1/14 7508/1/14
f 7512/1/18 7511/1/18 7527/1/18
f 7509/1/691 7510/1/691 7506/1/691
f 7517/1/4 7527/1/4 7511/1/4
f 7507/1/774 7511/1/774 7512/1/774
f 7532/1/6 7522/1/6 7508/1/6
f 7506/1/1 7513/1/1 7518/1/1
f 7513/1/1 7514/1/1 7519/1/1
f 7514/1/21 7515/1/21 7520/1/21
f 7515/1/1 7516/1/1 7521/1/1
f 7516/1/1 7517/1/1 7522/1/1
f 7528/1/18 7523/1/18 7510/1/18
f 7529/1/15 7524/1/15 7523/1/15
f 7530/1/2 7525/1/2 7524/1/2
f 7531/1/2 7526/1/2 7525/1/2
f 7532/1/13 7527/1/13 7526/1/13
f 7510/1/11 7523/1/11 7513/1/11
f 7523/1/11 7524/1/11 7514/1/11
f 7524/1/11 7525/1/11 7515/1/11
f 7525/1/4 7526/1/4 7516/1/4
f 7526/1/4 7527/1/4 7517/1/4
f 7505/1/6 7518/1/6 7528/1/6
f 7518/1/12 7519/1/12 7529/1/12
f 7519/1/6 7520/1/6 7530/1/6
f 7520/1/12 7521/1/12 7531/1/12
f 7521/1/6 7522/1/6 7532/1/6
f 7545/1/14 7535/1/14 7536/1/14
f 7540/1/18 7539/1/18 7555/1/18
f 7537/1/1004 7538/1/1004 7534/1/1004
f 7545/1/4 7555/1/4 7539/1/4
f 7535/1/774 7539/1/774 7540/1/774
f 7560/1/6 7550/1/6 7536/1/6
f 7534/1/1 7541/1/1 7546/1/1
f 7541/1/1 7542/1/1 7547/1/1
f 7542/1/21 7543/1/21 7548/1/21
f 7543/1/1 7544/1/1 7549/1/1
f 7544/1/1 7545/1/1 7550/1/1
f 7556/1/2 7551/1/2 7538/1/2
f 7557/1/2 7552/1/2 7551/1/2
f 7558/1/2 7553/1/2 7552/1/2
f 7559/1/2 7554/1/2 7553/1/2
f 7560/1/13 7555/1/13 7554/1/13
f 7538/1/11 7551/1/11 7541/1/11
f 7551/1/11 7552/1/11 7542/1/11
f 7552/1/11 7553/1/11 7543/1/11
f 7553/1/11 7554/1/11 7544/1/11
f 7544/1/11 7554/1/11 7555/1/11
f 7533/1/6 7546/1/6 7556/1/6
f 7546/1/12 7547/1/12 7557/1/12
f 7547/1/12 7548/1/12 7558/1/12
f 7548/1/12 7549/1/12 7559/1/12
f 7549/1/6 7550/1/6 7560/1/6
f 7573/1/14 7563/1/14 7564/1/14
f 7568/1/10 7567/1/10 7583/1/10
f 7565/1/691 7566/1/691 7562/1/691
f 7573/1/4 7583/1/4 7567/1/4
f 7563/1/1005 7567/1/1005 7568/1/1005
f 7588/1/6 7578/1/6 7564/1/6
f 7562/1/1 7569/1/1 7574/1/1
f 7569/1/1 7570/1/1 7575/1/1
f 7570/1/21 7571/1/21 7576/1/21
f 7571/1/1 7572/1/1 7577/1/1
f 7572/1/1 7573/1/1 7578/1/1
f 7584/1/2 7579/1/2 7566/1/2
f 7585/1/15 7580/1/15 7579/1/15
f 7586/1/2 7581/1/2 7580/1/2
f 7587/1/2 7582/1/2 7581/1/2
f 7588/1/13 7583/1/13 7582/1/13
f 7566/1/11 7579/1/11 7569/1/11
f 7579/1/11 7580/1/11 7570/1/11
f 7580/1/11 7581/1/11 7571/1/11
f 7581/1/4 7582/1/4 7572/1/4
f 7582/1/4 7583/1/4 7573/1/4
f 7561/1/12 7574/1/12 7584/1/12
f 7574/1/12 7575/1/12 7585/1/12
f 7575/1/12 7576/1/12 7586/1/12
f 7586/1/12 7576/1/12 7577/1/12
f 7577/1/6 7578/1/6 7588/1/6
f 7601/1/14 7591/1/14 7592/1/14
f 7596/1/10 7595/1/10 7611/1/10
f 7593/1/1004 7594/1/1004 7590/1/1004
f 7601/1/4 7611/1/4 7595/1/4
f 7591/1/554 7595/1/554 7596/1/554
f 7616/1/6 7606/1/6 7592/1/6
f 7590/1/1 7597/1/1 7602/1/1
f 7597/1/1 7598/1/1 7603/1/1
f 7598/1/21 7599/1/21 7604/1/21
f 7599/1/1 7600/1/1 7605/1/1
f 7600/1/1 7601/1/1 7606/1/1
f 7612/1/2 7607/1/2 7594/1/2
f 7613/1/308 7608/1/308 7607/1/308
f 7614/1/2 7609/1/2 7608/1/2
f 7615/1/2 7610/1/2 7609/1/2
f 7616/1/13 7611/1/13 7610/1/13
f 7594/1/11 7607/1/11 7597/1/11
f 7607/1/11 7608/1/11 7598/1/11
f 7608/1/11 7609/1/11 7599/1/11
f 7609/1/4 7610/1/4 7600/1/4
f 7610/1/4 7611/1/4 7601/1/4
f 7589/1/6 7602/1/6 7612/1/6
f 7602/1/12 7603/1/12 7613/1/12
f 7603/1/12 7604/1/12 7614/1/12
f 7604/1/12 7605/1/12 7615/1/12
f 7605/1/6 7606/1/6 7616/1/6
f 7629/1/14 7619/1/14 7620/1/14
f 7624/1/374 7623/1/374 7639/1/374
f 7621/1/691 7622/1/691 7618/1/691
f 7639/1/11 7623/1/11 7619/1/11
f 7619/1/1005 7623/1/1005 7624/1/1005
f 7644/1/6 7634/1/6 7620/1/6
f 7618/1/1 7625/1/1 7630/1/1
f 7625/1/1 7626/1/1 7631/1/1
f 7626/1/21 7627/1/21 7632/1/21
f 7627/1/1 7628/1/1 7633/1/1
f 7628/1/1 7629/1/1 7634/1/1
f 7640/1/2 7635/1/2 7622/1/2
f 7641/1/2 7636/1/2 7635/1/2
f 7642/1/2 7637/1/2 7636/1/2
f 7643/1/2 7638/1/2 7637/1/2
f 7644/1/13 7639/1/13 7638/1/13
f 7622/1/11 7635/1/11 7625/1/11
f 7635/1/11 7636/1/11 7626/1/11
f 7636/1/11 7637/1/11 7627/1/11
f 7637/1/4 7638/1/4 7628/1/4
f 7638/1/4 7639/1/4 7629/1/4
f 7617/1/6 7630/1/6 7640/1/6
f 7630/1/12 7631/1/12 7641/1/12
f 7631/1/12 7632/1/12 7642/1/12
f 7642/1/12 7632/1/12 7633/1/12
f 7633/1/6 7634/1/6 7644/1/6
f 7657/1/14 7647/1/14 7648/1/14
f 7652/1/374 7651/1/374 7667/1/374
f 7649/1/691 7650/1/691 7646/1/691
f 7667/1/11 7651/1/11 7647/1/11
f 7647/1/1005 7651/1/1005 7652/1/1005
f 7672/1/6 7662/1/6 7648/1/6
f 7646/1/1 7653/1/1 7658/1/1
f 7653/1/1 7654/1/1 7659/1/1
f 7654/1/21 7655/1/21 7660/1/21
f 7655/1/1 7656/1/1 7661/1/1
f 7656/1/1 7657/1/1 7662/1/1
f 7668/1/2 7663/1/2 7650/1/2
f 7669/1/308 7664/1/308 7663/1/308
f 7670/1/2 7665/1/2 7664/1/2
f 7671/1/2 7666/1/2 7665/1/2
f 7672/1/13 7667/1/13 7666/1/13
f 7650/1/11 7663/1/11 7653/1/11
f 7663/1/11 7664/1/11 7654/1/11
f 7664/1/11 7665/1/11 7655/1/11
f 7665/1/4 7666/1/4 7656/1/4
f 7666/1/4 7667/1/4 7657/1/4
f 7645/1/6 7658/1/6 7668/1/6
f 7658/1/12 7659/1/12 7669/1/12
f 7659/1/12 7660/1/12 7670/1/12
f 7660/1/12 7661/1/12 7671/1/12
f 7661/1/6 7662/1/6 7672/1/6
f 7685/1/14 7675/1/14 7676/1/14
f 7680/1/374 7679/1/374 7695/1/374
f 7677/1/1004 7678/1/1004 7674/1/1004
f 7695/1/11 7679/1/11 7675/1/11
f 7675/1/774 7679/1/774 7680/1/774
f 7700/1/6 7690/1/6 7676/1/6
f 7674/1/1 7681/1/1 7686/1/1
f 7681/1/1 7682/1/1 7687/1/1
f 7682/1/21 7683/1/21 7688/1/21
f 7683/1/1 7684/1/1 7689/1/1
f 7684/1/1 7685/1/1 7690/1/1
f 7696/1/2 7691/1/2 7678/1/2
f 7697/1/308 7692/1/308 7691/1/308
f 7698/1/2 7693/1/2 7692/1/2
f 7699/1/2 7694/1/2 7693/1/2
f 7700/1/13 7695/1/13 7694/1/13
f 7678/1/11 7691/1/11 7681/1/11
f 7691/1/11 7692/1/11 7682/1/11
f 7692/1/11 7693/1/11 7683/1/11
f 7693/1/4 7694/1/4 7684/1/4
f 7694/1/4 7695/1/4 7685/1/4
f 7673/1/6 7686/1/6 7696/1/6
f 7686/1/12 7687/1/12 7697/1/12
f 7687/1/12 7688/1/12 7698/1/12
f 7688/1/12 7689/1/12 7699/1/12
f 7689/1/6 7690/1/6 7700/1/6
f 7713/1/14 7703/1/14 7704/1/14
f 7708/1/374 7707/1/374 7723/1/374
f 7705/1/1004 7706/1/1004 7702/1/1004
f 7723/1/11 7707/1/11 7703/1/11
f 7703/1/554 7707/1/554 7708/1/554
f 7728/1/6 7718/1/6 7704/1/6
f 7702/1/1 7709/1/1 7714/1/1
f 7709/1/1 7710/1/1 7715/1/1
f 7710/1/21 7711/1/21 7716/1/21
f 7711/1/1 7712/1/1 7717/1/1
f 7712/1/1 7713/1/1 7718/1/1
f 7724/1/2 7719/1/2 7706/1/2
f 7725/1/308 7720/1/308 7719/1/308
f 7726/1/2 7721/1/2 7720/1/2
f 7727/1/2 7722/1/2 7721/1/2
f 7728/1/13 7723/1/13 7722/1/13
f 7706/1/11 7719/1/11 7709/1/11
f 7719/1/11 7720/1/11 7710/1/11
f 7720/1/11 7721/1/11 7711/1/11
f 7721/1/4 7722/1/4 7712/1/4
f 7722/1/4 7723/1/4 7713/1/4
f 7701/1/6 7714/1/6 7724/1/6
f 7714/1/12 7715/1/12 7725/1/12
f 7715/1/12 7716/1/12 7726/1/12
f 7716/1/12 7717/1/12 7727/1/12
f 7717/1/6 7718/1/6 7728/1/6
f 7741/1/8 7731/1/8 7732/1/8
f 7736/1/374 7735/1/374 7751/1/374
f 7733/1/691 7734/1/691 7730/1/691
f 7741/1/11 7751/1/11 7735/1/11
f 7731/1/554 7735/1/554 7736/1/554
f 7756/1/6 7746/1/6 7732/1/6
f 7730/1/1 7737/1/1 7742/1/1
f 7737/1/1 7738/1/1 7743/1/1
f 7738/1/21 7739/1/21 7744/1/21
f 7739/1/1 7740/1/1 7745/1/1
f 7740/1/1 7741/1/1 7746/1/1
f 7752/1/2 7747/1/2 7734/1/2
f 7753/1/308 7748/1/308 7747/1/308
f 7754/1/2 7749/1/2 7748/1/2
f 7755/1/2 7750/1/2 7749/1/2
f 7756/1/13 7751/1/13 7750/1/13
f 7734/1/11 7747/1/11 7737/1/11
f 7747/1/11 7748/1/11 7738/1/11
f 7748/1/11 7749/1/11 7739/1/11
f 7749/1/4 7750/1/4 7740/1/4
f 7750/1/4 7751/1/4 7741/1/4
f 7729/1/6 7742/1/6 7752/1/6
f 7742/1/12 7743/1/12 7753/1/12
f 7743/1/12 7744/1/12 7754/1/12
f 7744/1/12 7745/1/12 7755/1/12
f 7745/1/6 7746/1/6 7756/1/6
f 7769/1/8 7759/1/8 7760/1/8
f 7764/1/374 7763/1/374 7779/1/374
f 7761/1/691 7762/1/691 7758/1/691
f 7779/1/11 7763/1/11 7759/1/11
f 7759/1/1005 7763/1/1005 7764/1/1005
f 7784/1/6 7774/1/6 7760/1/6
f 7758/1/1 7765/1/1 7770/1/1
f 7765/1/1 7766/1/1 7771/1/1
f 7766/1/21 7767/1/21 7772/1/21
f 7767/1/1 7768/1/1 7773/1/1
f 7768/1/1 7769/1/1 7774/1/1
f 7780/1/2 7775/1/2 7762/1/2
f 7781/1/2 7776/1/2 7775/1/2
f 7782/1/2 7777/1/2 7776/1/2
f 7783/1/2 7778/1/2 7777/1/2
f 7784/1/13 7779/1/13 7778/1/13
f 7762/1/11 7775/1/11 7765/1/11
f 7775/1/11 7776/1/11 7766/1/11
f 7776/1/11 7777/1/11 7767/1/11
f 7777/1/4 7778/1/4 7768/1/4
f 7778/1/4 7779/1/4 7769/1/4
f 7757/1/6 7770/1/6 7780/1/6
f 7770/1/12 7771/1/12 7781/1/12
f 7771/1/12 7772/1/12 7782/1/12
f 7772/1/12 7773/1/12 7783/1/12
f 7773/1/6 7774/1/6 7784/1/6
f 7797/1/8 7787/1/8 7788/1/8
f 7792/1/374 7791/1/374 7807/1/374
f 7789/1/691 7790/1/691 7786/1/691
f 7797/1/11 7807/1/11 7791/1/11
f 7787/1/1005 7791/1/1005 7792/1/1005
f 7802/1/6 7788/1/6 7792/1/6
f 7786/1/1 7793/1/1 7798/1/1
f 7793/1/1 7794/1/1 7799/1/1
f 7794/1/21 7795/1/21 7800/1/21
f 7795/1/1 7796/1/1 7801/1/1
f 7796/1/1 7797/1/1 7802/1/1
f 7808/1/2 7803/1/2 7790/1/2
f 7809/1/308 7804/1/308 7803/1/308
f 7810/1/2 7805/1/2 7804/1/2
f 7811/1/2 7806/1/2 7805/1/2
f 7812/1/13 7807/1/13 7806/1/13
f 7790/1/11 7803/1/11 7793/1/11
f 7803/1/11 7804/1/11 7794/1/11
f 7804/1/11 7805/1/11 7795/1/11
f 7805/1/4 7806/1/4 7796/1/4
f 7806/1/4 7807/1/4 7797/1/4
f 7785/1/6 7798/1/6 7808/1/6
f 7798/1/12 7799/1/12 7809/1/12
f 7799/1/12 7800/1/12 7810/1/12
f 7810/1/12 7800/1/12 7801/1/12
f 7801/1/6 7802/1/6 7812/1/6
f 7825/1/8 7815/1/8 7816/1/8
f 7820/1/374 7819/1/374 7835/1/374
f 7817/1/1004 7818/1/1004 7814/1/1004
f 7835/1/4 7819/1/4 7815/1/4
f 7815/1/774 7819/1/774 7820/1/774
f 7840/1/6 7830/1/6 7816/1/6
f 7814/1/1 7821/1/1 7826/1/1
f 7821/1/1 7822/1/1 7827/1/1
f 7822/1/21 7823/1/21 7828/1/21
f 7823/1/1 7824/1/1 7829/1/1
f 7824/1/1 7825/1/1 7830/1/1
f 7836/1/2 7831/1/2 7818/1/2
f 7837/1/308 7832/1/308 7831/1/308
f 7838/1/2 7833/1/2 7832/1/2
f 7839/1/2 7834/1/2 7833/1/2
f 7840/1/13 7835/1/13 7834/1/13
f 7818/1/11 7831/1/11 7821/1/11
f 7831/1/11 7832/1/11 7822/1/11
f 7832/1/11 7833/1/11 7823/1/11
f 7833/1/4 7834/1/4 7824/1/4
f 7834/1/4 7835/1/4 7825/1/4
f 7813/1/6 7826/1/6 7836/1/6
f 7826/1/12 7827/1/12 7837/1/12
f 7827/1/12 7828/1/12 7838/1/12
f 7828/1/12 7829/1/12 7839/1/12
f 7829/1/6 7830/1/6 7840/1/6
f 7853/1/8 7843/1/8 7844/1/8
f 7848/1/374 7847/1/374 7863/1/374
f 7845/1/689 7846/1/689 7842/1/689
f 7853/1/4 7863/1/4 7847/1/4
f 7843/1/307 7847/1/307 7848/1/307
f 7858/1/12 7844/1/12 7848/1/12
f 7842/1/7 7849/1/7 7854/1/7
f 7849/1/14 7850/1/14 7855/1/14
f 7850/1/21 7851/1/21 7856/1/21
f 7851/1/21 7852/1/21 7857/1/21
f 7852/1/21 7853/1/21 7858/1/21
f 7864/1/2 7859/1/2 7846/1/2
f 7865/1/308 7860/1/308 7859/1/308
f 7866/1/2 7861/1/2 7860/1/2
f 7867/1/18 7862/1/18 7861/1/18
f 7868/1/13 7863/1/13 7862/1/13
f 7842/1/4 7846/1/4 7859/1/4
f 7849/1/22 7859/1/22 7860/1/22
f 7850/1/4 7860/1/4 7861/1/4
f 7851/1/4 7861/1/4 7862/1/4
f 7852/1/4 7862/1/4 7863/1/4
f 7841/1/12 7854/1/12 7864/1/12
f 7854/1/12 7855/1/12 7865/1/12
f 7855/1/12 7856/1/12 7866/1/12
f 7856/1/12 7857/1/12 7867/1/12
f 7857/1/12 7858/1/12 7868/1/12
f 7881/1/559 7871/1/559 7872/1/559
f 7876/1/15 7875/1/15 7891/1/15
f 7873/1/694 7874/1/694 7870/1/694
f 7881/1/26 7891/1/26 7875/1/26
f 7871/1/1006 7875/1/1006 7876/1/1006
f 7886/1/28 7872/1/28 7876/1/28
f 7870/1/834 7877/1/834 7882/1/834
f 7877/1/559 7878/1/559 7883/1/559
f 7878/1/30 7879/1/30 7884/1/30
f 7879/1/30 7880/1/30 7885/1/30
f 7880/1/30 7881/1/30 7886/1/30
f 7892/1/13 7887/1/13 7874/1/13
f 7893/1/32 7888/1/32 7887/1/32
f 7894/1/13 7889/1/13 7888/1/13
f 7895/1/308 7890/1/308 7889/1/308
f 7896/1/2 7891/1/2 7890/1/2
f 7870/1/26 7874/1/26 7887/1/26
f 7877/1/26 7887/1/26 7888/1/26
f 7878/1/26 7888/1/26 7889/1/26
f 7879/1/26 7889/1/26 7890/1/26
f 7880/1/26 7890/1/26 7891/1/26
f 7869/1/28 7882/1/28 7892/1/28
f 7882/1/28 7883/1/28 7893/1/28
f 7883/1/33 7884/1/33 7894/1/33
f 7884/1/28 7885/1/28 7895/1/28
f 7885/1/28 7886/1/28 7896/1/28
f 7909/1/190 7899/1/190 7900/1/190
f 7904/1/45 7903/1/45 7919/1/45
f 7901/1/696 7902/1/696 7898/1/696
f 7909/1/46 7919/1/46 7903/1/46
f 7899/1/1007 7903/1/1007 7904/1/1007
f 7914/1/39 7900/1/39 7904/1/39
f 7898/1/34 7905/1/34 7910/1/34
f 7905/1/34 7906/1/34 7911/1/34
f 7906/1/737 7907/1/737 7912/1/737
f 7907/1/34 7908/1/34 7913/1/34
f 7908/1/191 7909/1/191 7914/1/191
f 7920/1/42 7915/1/42 7902/1/42
f 7921/1/428 7916/1/428 7915/1/428
f 7922/1/35 7917/1/35 7916/1/35
f 7923/1/45 7918/1/45 7917/1/45
f 7924/1/427 7919/1/427 7918/1/427
f 7898/1/46 7902/1/46 7915/1/46
f 7905/1/46 7915/1/46 7916/1/46
f 7906/1/37 7916/1/37 7917/1/37
f 7907/1/46 7917/1/46 7918/1/46
f 7908/1/46 7918/1/46 7919/1/46
f 7897/1/39 7910/1/39 7920/1/39
f 7910/1/39 7911/1/39 7921/1/39
f 7911/1/39 7912/1/39 7922/1/39
f 7912/1/39 7913/1/39 7923/1/39
f 7913/1/39 7914/1/39 7924/1/39
f 7937/1/54 7927/1/54 7928/1/54
f 7932/1/57 7931/1/57 7947/1/57
f 7929/1/699 7930/1/699 7926/1/699
f 7937/1/50 7947/1/50 7931/1/50
f 7927/1/924 7931/1/924 7932/1/924
f 7942/1/52 7928/1/52 7932/1/52
f 7926/1/54 7933/1/54 7938/1/54
f 7933/1/701 7934/1/701 7939/1/701
f 7934/1/322 7935/1/322 7940/1/322
f 7935/1/54 7936/1/54 7941/1/54
f 7936/1/948 7937/1/948 7942/1/948
f 7948/1/317 7943/1/317 7930/1/317
f 7949/1/892 7944/1/892 7943/1/892
f 7950/1/317 7945/1/317 7944/1/317
f 7951/1/57 7946/1/57 7945/1/57
f 7952/1/48 7947/1/48 7946/1/48
f 7926/1/50 7930/1/50 7943/1/50
f 7933/1/50 7943/1/50 7944/1/50
f 7934/1/59 7944/1/59 7945/1/59
f 7935/1/59 7945/1/59 7946/1/59
f 7936/1/50 7946/1/50 7947/1/50
f 7925/1/52 7938/1/52 7948/1/52
f 7938/1/52 7939/1/52 7949/1/52
f 7939/1/52 7940/1/52 7950/1/52
f 7940/1/52 7941/1/52 7951/1/52
f 7941/1/52 7942/1/52 7952/1/52
f 7965/1/66 7955/1/66 7956/1/66
f 7960/1/839 7959/1/839 7975/1/839
f 7957/1/1008 7958/1/1008 7954/1/1008
f 7965/1/63 7975/1/63 7959/1/63
f 7955/1/925 7959/1/925 7960/1/925
f 7970/1/65 7956/1/65 7960/1/65
f 7954/1/68 7961/1/68 7966/1/68
f 7961/1/60 7962/1/60 7967/1/60
f 7962/1/68 7963/1/68 7968/1/68
f 7963/1/702 7964/1/702 7969/1/702
f 7964/1/434 7965/1/434 7970/1/434
f 7976/1/71 7971/1/71 7958/1/71
f 7977/1/325 7972/1/325 7971/1/325
f 7978/1/71 7973/1/71 7972/1/71
f 7979/1/71 7974/1/71 7973/1/71
f 7980/1/973 7975/1/973 7974/1/973
f 7954/1/63 7958/1/63 7971/1/63
f 7961/1/63 7971/1/63 7972/1/63
f 7962/1/63 7972/1/63 7973/1/63
f 7963/1/63 7973/1/63 7974/1/63
f 7964/1/63 7974/1/63 7975/1/63
f 7953/1/65 7966/1/65 7976/1/65
f 7966/1/65 7967/1/65 7977/1/65
f 7967/1/65 7968/1/65 7978/1/65
f 7968/1/65 7969/1/65 7979/1/65
f 7969/1/65 7970/1/65 7980/1/65
f 7993/1/177 7983/1/177 7984/1/177
f 7988/1/83 7987/1/83 8003/1/83
f 7985/1/1009 7986/1/1009 7982/1/1009
f 7993/1/76 8003/1/76 7987/1/76
f 7983/1/1010 7987/1/1010 7988/1/1010
f 7998/1/78 7984/1/78 7988/1/78
f 7982/1/178 7989/1/178 7994/1/178
f 7989/1/73 7990/1/73 7995/1/73
f 7990/1/1011 7991/1/1011 7996/1/1011
f 7991/1/177 7992/1/177 7997/1/177
f 7992/1/177 7993/1/177 7998/1/177
f 8004/1/81 7999/1/81 7986/1/81
f 8005/1/74 8000/1/74 7999/1/74
f 8006/1/84 8001/1/84 8000/1/84
f 8007/1/84 8002/1/84 8001/1/84
f 8008/1/74 8003/1/74 8002/1/74
f 7982/1/76 7986/1/76 7999/1/76
f 7989/1/437 7999/1/437 8000/1/437
f 7990/1/76 8000/1/76 8001/1/76
f 7991/1/76 8001/1/76 8002/1/76
f 7992/1/76 8002/1/76 8003/1/76
f 7981/1/78 7994/1/78 8004/1/78
f 7994/1/78 7995/1/78 8005/1/78
f 7995/1/78 7996/1/78 8006/1/78
f 7996/1/78 7997/1/78 8007/1/78
f 7997/1/78 7998/1/78 8008/1/78
f 8021/1/566 8011/1/566 8012/1/566
f 8016/1/787 8015/1/787 8031/1/787
f 8013/1/1012 8014/1/1012 8010/1/1012
f 8021/1/88 8031/1/88 8015/1/88
f 8011/1/896 8015/1/896 8016/1/896
f 8026/1/90 8012/1/90 8016/1/90
f 8010/1/92 8017/1/92 8022/1/92
f 8017/1/848 8018/1/848 8023/1/848
f 8018/1/847 8019/1/847 8024/1/847
f 8019/1/85 8020/1/85 8025/1/85
f 8020/1/91 8021/1/91 8026/1/91
f 8032/1/95 8027/1/95 8014/1/95
f 8033/1/96 8028/1/96 8027/1/96
f 8034/1/330 8029/1/330 8028/1/330
f 8035/1/86 8030/1/86 8029/1/86
f 8036/1/86 8031/1/86 8030/1/86
f 8010/1/88 8014/1/88 8027/1/88
f 8017/1/88 8027/1/88 8028/1/88
f 8018/1/88 8028/1/88 8029/1/88
f 8019/1/88 8029/1/88 8030/1/88
f 8020/1/88 8030/1/88 8031/1/88
f 8009/1/90 8022/1/90 8032/1/90
f 8022/1/90 8023/1/90 8033/1/90
f 8023/1/90 8024/1/90 8034/1/90
f 8024/1/90 8025/1/90 8035/1/90
f 8025/1/90 8026/1/90 8036/1/90
f 8049/1/715 8039/1/715 8040/1/715
f 8044/1/99 8043/1/99 8059/1/99
f 8041/1/1013 8042/1/1013 8038/1/1013
f 8049/1/101 8059/1/101 8043/1/101
f 8039/1/979 8043/1/979 8044/1/979
f 8054/1/103 8040/1/103 8044/1/103
f 8038/1/98 8045/1/98 8050/1/98
f 8045/1/338 8046/1/338 8051/1/338
f 8046/1/98 8047/1/98 8052/1/98
f 8047/1/98 8048/1/98 8053/1/98
f 8048/1/98 8049/1/98 8054/1/98
f 8060/1/335 8055/1/335 8042/1/335
f 8061/1/950 8056/1/950 8055/1/950
f 8062/1/339 8057/1/339 8056/1/339
f 8063/1/109 8058/1/109 8057/1/109
f 8064/1/789 8059/1/789 8058/1/789
f 8038/1/101 8042/1/101 8055/1/101
f 8045/1/101 8055/1/101 8056/1/101
f 8046/1/101 8056/1/101 8057/1/101
f 8047/1/101 8057/1/101 8058/1/101
f 8048/1/101 8058/1/101 8059/1/101
f 8037/1/103 8050/1/103 8060/1/103
f 8050/1/103 8051/1/103 8061/1/103
f 8051/1/103 8052/1/103 8062/1/103
f 8052/1/103 8053/1/103 8063/1/103
f 8053/1/103 8054/1/103 8064/1/103
f 8077/1/111 8067/1/111 8068/1/111
f 8072/1/112 8071/1/112 8087/1/112
f 8069/1/716 8070/1/716 8066/1/716
f 8077/1/114 8087/1/114 8071/1/114
f 8067/1/952 8071/1/952 8072/1/952
f 8082/1/116 8068/1/116 8072/1/116
f 8066/1/111 8073/1/111 8078/1/111
f 8073/1/117 8074/1/117 8079/1/117
f 8074/1/572 8075/1/572 8080/1/572
f 8075/1/118 8076/1/118 8081/1/118
f 8076/1/111 8077/1/111 8082/1/111
f 8088/1/340 8083/1/340 8070/1/340
f 8089/1/340 8084/1/340 8083/1/340
f 8090/1/344 8085/1/344 8084/1/344
f 8091/1/344 8086/1/344 8085/1/344
f 8092/1/344 8087/1/344 8086/1/344
f 8066/1/114 8070/1/114 8083/1/114
f 8073/1/114 8083/1/114 8084/1/114
f 8074/1/114 8084/1/114 8085/1/114
f 8075/1/114 8085/1/114 8086/1/114
f 8076/1/114 8086/1/114 8087/1/114
f 8065/1/116 8078/1/116 8088/1/116
f 8078/1/116 8079/1/116 8089/1/116
f 8079/1/116 8080/1/116 8090/1/116
f 8080/1/116 8081/1/116 8091/1/116
f 8081/1/116 8082/1/116 8092/1/116
f 8105/1/130 8095/1/130 8096/1/130
f 8100/1/124 8099/1/124 8115/1/124
f 8097/1/982 8098/1/982 8094/1/982
f 8105/1/126 8115/1/126 8099/1/126
f 8095/1/720 8099/1/720 8100/1/720
f 8110/1/136 8096/1/136 8100/1/136
f 8094/1/132 8101/1/132 8106/1/132
f 8101/1/132 8102/1/132 8107/1/132
f 8102/1/721 8103/1/721 8108/1/721
f 8103/1/123 8104/1/123 8109/1/123
f 8104/1/133 8105/1/133 8110/1/133
f 8116/1/124 8111/1/124 8098/1/124
f 8117/1/134 8112/1/134 8111/1/134
f 8118/1/853 8113/1/853 8112/1/853
f 8119/1/159 8114/1/159 8113/1/159
f 8120/1/124 8115/1/124 8114/1/124
f 8094/1/126 8098/1/126 8111/1/126
f 8101/1/126 8111/1/126 8112/1/126
f 8102/1/126 8112/1/126 8113/1/126
f 8103/1/126 8113/1/126 8114/1/126
f 8104/1/126 8114/1/126 8115/1/126
f 8093/1/136 8106/1/136 8116/1/136
f 8106/1/128 8107/1/128 8117/1/128
f 8107/1/128 8108/1/128 8118/1/128
f 8108/1/136 8109/1/136 8119/1/136
f 8109/1/128 8110/1/128 8120/1/128
f 8133/1/353 8123/1/353 8124/1/353
f 8128/1/351 8127/1/351 8143/1/351
f 8125/1/855 8126/1/855 8122/1/855
f 8133/1/139 8143/1/139 8127/1/139
f 8123/1/348 8127/1/348 8128/1/348
f 8138/1/141 8124/1/141 8128/1/141
f 8122/1/142 8129/1/142 8134/1/142
f 8129/1/143 8130/1/143 8135/1/143
f 8130/1/143 8131/1/143 8136/1/143
f 8131/1/143 8132/1/143 8137/1/143
f 8132/1/143 8133/1/143 8138/1/143
f 8144/1/354 8139/1/354 8126/1/354
f 8145/1/354 8140/1/354 8139/1/354
f 8146/1/351 8141/1/351 8140/1/351
f 8147/1/518 8142/1/518 8141/1/518
f 8148/1/354 8143/1/354 8142/1/354
f 8122/1/139 8126/1/139 8139/1/139
f 8129/1/139 8139/1/139 8140/1/139
f 8130/1/139 8140/1/139 8141/1/139
f 8131/1/139 8141/1/139 8142/1/139
f 8132/1/139 8142/1/139 8143/1/139
f 8121/1/141 8134/1/141 8144/1/141
f 8134/1/141 8135/1/141 8145/1/141
f 8135/1/141 8136/1/141 8146/1/141
f 8136/1/141 8137/1/141 8147/1/141
f 8137/1/141 8138/1/141 8148/1/141
f 8161/1/355 8151/1/355 8152/1/355
f 8156/1/158 8155/1/158 8171/1/158
f 8153/1/986 8154/1/986 8150/1/986
f 8161/1/149 8171/1/149 8155/1/149
f 8151/1/857 8155/1/857 8156/1/857
f 8166/1/151 8152/1/151 8156/1/151
f 8150/1/154 8157/1/154 8162/1/154
f 8157/1/611 8158/1/611 8163/1/611
f 8158/1/1014 8159/1/1014 8164/1/1014
f 8159/1/146 8160/1/146 8165/1/146
f 8160/1/156 8161/1/156 8166/1/156
f 8172/1/134 8167/1/134 8154/1/134
f 8173/1/158 8168/1/158 8167/1/158
f 8174/1/134 8169/1/134 8168/1/134
f 8175/1/134 8170/1/134 8169/1/134
f 8176/1/134 8171/1/134 8170/1/134
f 8150/1/149 8154/1/149 8167/1/149
f 8157/1/149 8167/1/149 8168/1/149
f 8158/1/149 8168/1/149 8169/1/149
f 8159/1/160 8169/1/160 8170/1/160
f 8160/1/160 8170/1/160 8171/1/160
f 8149/1/151 8162/1/151 8172/1/151
f 8162/1/151 8163/1/151 8173/1/151
f 8163/1/151 8164/1/151 8174/1/151
f 8164/1/151 8165/1/151 8175/1/151
f 8165/1/151 8166/1/151 8176/1/151
f 8189/1/161 8179/1/161 8180/1/161
f 8184/1/168 8183/1/168 8199/1/168
f 8181/1/728 8182/1/728 8178/1/728
f 8189/1/164 8199/1/164 8183/1/164
f 8179/1/858 8183/1/858 8184/1/858
f 8194/1/166 8180/1/166 8184/1/166
f 8178/1/731 8185/1/731 8190/1/731
f 8185/1/161 8186/1/161 8191/1/161
f 8186/1/361 8187/1/361 8192/1/361
f 8187/1/161 8188/1/161 8193/1/161
f 8188/1/161 8189/1/161 8194/1/161
f 8200/1/162 8195/1/162 8182/1/162
f 8201/1/168 8196/1/168 8195/1/168
f 8202/1/344 8197/1/344 8196/1/344
f 8203/1/524 8198/1/524 8197/1/524
f 8204/1/524 8199/1/524 8198/1/524
f 8178/1/164 8182/1/164 8195/1/164
f 8185/1/164 8195/1/164 8196/1/164
f 8186/1/164 8196/1/164 8197/1/164
f 8187/1/164 8197/1/164 8198/1/164
f 8188/1/170 8198/1/170 8199/1/170
f 8177/1/166 8190/1/166 8200/1/166
f 8190/1/166 8191/1/166 8201/1/166
f 8191/1/166 8192/1/166 8202/1/166
f 8192/1/166 8193/1/166 8203/1/166
f 8193/1/166 8194/1/166 8204/1/166
f 8217/1/805 8207/1/805 8208/1/805
f 8212/1/791 8211/1/791 8227/1/791
f 8209/1/859 8210/1/859 8206/1/859
f 8217/1/183 8227/1/183 8211/1/183
f 8207/1/1015 8211/1/1015 8212/1/1015
f 8222/1/176 8208/1/176 8212/1/176
f 8206/1/171 8213/1/171 8218/1/171
f 8213/1/327 8214/1/327 8219/1/327
f 8214/1/327 8215/1/327 8220/1/327
f 8215/1/178 8216/1/178 8221/1/178
f 8216/1/178 8217/1/178 8222/1/178
f 8228/1/366 8223/1/366 8210/1/366
f 8229/1/366 8224/1/366 8223/1/366
f 8230/1/172 8225/1/172 8224/1/172
f 8231/1/180 8226/1/180 8225/1/180
f 8232/1/366 8227/1/366 8226/1/366
f 8206/1/174 8210/1/174 8223/1/174
f 8213/1/183 8223/1/183 8224/1/183
f 8214/1/183 8224/1/183 8225/1/183
f 8215/1/174 8225/1/174 8226/1/174
f 8216/1/174 8226/1/174 8227/1/174
f 8205/1/176 8218/1/176 8228/1/176
f 8218/1/176 8219/1/176 8229/1/176
f 8219/1/176 8220/1/176 8230/1/176
f 8220/1/176 8221/1/176 8231/1/176
f 8221/1/176 8222/1/176 8232/1/176
f 8245/1/34 8235/1/34 8236/1/34
f 8240/1/74 8239/1/74 8255/1/74
f 8237/1/991 8238/1/991 8234/1/991
f 8245/1/186 8255/1/186 8239/1/186
f 8235/1/1016 8239/1/1016 8240/1/1016
f 8250/1/188 8236/1/188 8240/1/188
f 8234/1/190 8241/1/190 8246/1/190
f 8241/1/23 8242/1/23 8247/1/23
f 8242/1/192 8243/1/192 8248/1/192
f 8243/1/562 8244/1/562 8249/1/562
f 8244/1/191 8245/1/191 8250/1/191
f 8256/1/84 8251/1/84 8238/1/84
f 8257/1/82 8252/1/82 8251/1/82
f 8258/1/84 8253/1/84 8252/1/84
f 8259/1/329 8254/1/329 8253/1/329
f 8260/1/84 8255/1/84 8254/1/84
f 8234/1/186 8238/1/186 8251/1/186
f 8241/1/186 8251/1/186 8252/1/186
f 8242/1/186 8252/1/186 8253/1/186
f 8243/1/186 8253/1/186 8254/1/186
f 8244/1/186 8254/1/186 8255/1/186
f 8233/1/188 8246/1/188 8256/1/188
f 8246/1/188 8247/1/188 8257/1/188
f 8247/1/188 8248/1/188 8258/1/188
f 8248/1/188 8249/1/188 8259/1/188
f 8249/1/188 8250/1/188 8260/1/188
f 8278/1/200 8273/1/200 8263/1/200
f 8288/1/18 8268/1/18 8267/1/18
f 8265/1/1017 8266/1/1017 8262/1/1017
f 8283/1/204 8267/1/204 8263/1/204
f 8263/1/864 8267/1/864 8268/1/864
f 8288/1/205 8278/1/205 8264/1/205
f 8261/1/198 8262/1/198 8269/1/198
f 8274/1/198 8269/1/198 8270/1/198
f 8275/1/377 8270/1/377 8271/1/377
f 8276/1/377 8271/1/377 8272/1/377
f 8277/1/582 8272/1/582 8273/1/582
f 8284/1/18 8279/1/18 8266/1/18
f 8285/1/10 8280/1/10 8279/1/10
f 8286/1/24 8281/1/24 8280/1/24
f 8287/1/201 8282/1/201 8281/1/201
f 8287/1/10 8288/1/10 8283/1/10
f 8266/1/203 8279/1/203 8269/1/203
f 8279/1/204 8280/1/204 8270/1/204
f 8280/1/203 8281/1/203 8271/1/203
f 8281/1/195 8282/1/195 8272/1/195
f 8282/1/203 8283/1/203 8273/1/203
f 8265/1/205 8261/1/205 8274/1/205
f 8284/1/197 8274/1/197 8275/1/197
f 8285/1/205 8275/1/205 8276/1/205
f 8286/1/205 8276/1/205 8277/1/205
f 8287/1/205 8277/1/205 8278/1/205
f 8306/1/614 8301/1/614 8291/1/614
f 8316/1/215 8296/1/215 8295/1/215
f 8293/1/743 8294/1/743 8290/1/743
f 8311/1/209 8295/1/209 8291/1/209
f 8291/1/913 8295/1/913 8296/1/913
f 8316/1/211 8306/1/211 8292/1/211
f 8289/1/206 8290/1/206 8297/1/206
f 8302/1/213 8297/1/213 8298/1/213
f 8303/1/213 8298/1/213 8299/1/213
f 8304/1/212 8299/1/212 8300/1/212
f 8305/1/214 8300/1/214 8301/1/214
f 8293/1/218 8312/1/218 8307/1/218
f 8312/1/217 8313/1/217 8308/1/217
f 8313/1/218 8314/1/218 8309/1/218
f 8314/1/219 8315/1/219 8310/1/219
f 8315/1/217 8316/1/217 8311/1/217
f 8294/1/209 8307/1/209 8297/1/209
f 8307/1/209 8308/1/209 8298/1/209
f 8308/1/209 8309/1/209 8299/1/209
f 8309/1/209 8310/1/209 8300/1/209
f 8310/1/209 8311/1/209 8301/1/209
f 8293/1/220 8289/1/220 8302/1/220
f 8312/1/220 8302/1/220 8303/1/220
f 8313/1/211 8303/1/211 8304/1/211
f 8314/1/211 8304/1/211 8305/1/211
f 8315/1/211 8305/1/211 8306/1/211
f 8334/1/221 8329/1/221 8319/1/221
f 8344/1/473 8324/1/473 8323/1/473
f 8321/1/1018 8322/1/1018 8318/1/1018
f 8339/1/224 8323/1/224 8319/1/224
f 8319/1/915 8323/1/915 8324/1/915
f 8344/1/226 8334/1/226 8320/1/226
f 8317/1/615 8318/1/615 8325/1/615
f 8330/1/230 8325/1/230 8326/1/230
f 8331/1/228 8326/1/228 8327/1/228
f 8332/1/221 8327/1/221 8328/1/221
f 8333/1/472 8328/1/472 8329/1/472
f 8321/1/587 8340/1/587 8335/1/587
f 8340/1/746 8341/1/746 8336/1/746
f 8341/1/587 8342/1/587 8337/1/587
f 8342/1/812 8343/1/812 8338/1/812
f 8343/1/473 8344/1/473 8339/1/473
f 8322/1/224 8335/1/224 8325/1/224
f 8335/1/224 8336/1/224 8326/1/224
f 8336/1/224 8337/1/224 8327/1/224
f 8337/1/224 8338/1/224 8328/1/224
f 8338/1/224 8339/1/224 8329/1/224
f 8321/1/226 8317/1/226 8330/1/226
f 8340/1/226 8330/1/226 8331/1/226
f 8341/1/226 8331/1/226 8332/1/226
f 8342/1/226 8332/1/226 8333/1/226
f 8343/1/226 8333/1/226 8334/1/226
f 8362/1/249 8357/1/249 8347/1/249
f 8372/1/248 8352/1/248 8351/1/248
f 8349/1/994 8350/1/994 8346/1/994
f 8367/1/268 8351/1/268 8347/1/268
f 8347/1/1019 8351/1/1019 8352/1/1019
f 8372/1/240 8362/1/240 8348/1/240
f 8345/1/241 8346/1/241 8353/1/241
f 8358/1/249 8353/1/249 8354/1/249
f 8359/1/392 8354/1/392 8355/1/392
f 8360/1/244 8355/1/244 8356/1/244
f 8361/1/241 8356/1/241 8357/1/241
f 8349/1/245 8368/1/245 8363/1/245
f 8368/1/871 8369/1/871 8364/1/871
f 8369/1/247 8370/1/247 8365/1/247
f 8370/1/246 8371/1/246 8366/1/246
f 8371/1/247 8372/1/247 8367/1/247
f 8350/1/238 8363/1/238 8353/1/238
f 8363/1/238 8364/1/238 8354/1/238
f 8364/1/238 8365/1/238 8355/1/238
f 8365/1/238 8366/1/238 8356/1/238
f 8366/1/268 8367/1/268 8357/1/268
f 8349/1/240 8345/1/240 8358/1/240
f 8368/1/240 8358/1/240 8359/1/240
f 8369/1/240 8359/1/240 8360/1/240
f 8370/1/240 8360/1/240 8361/1/240
f 8371/1/240 8361/1/240 8362/1/240
f 8390/1/390 8385/1/390 8375/1/390
f 8400/1/250 8380/1/250 8379/1/250
f 8377/1/872 8378/1/872 8374/1/872
f 8395/1/252 8379/1/252 8375/1/252
f 8375/1/753 8379/1/753 8380/1/753
f 8400/1/254 8390/1/254 8376/1/254
f 8373/1/243 8374/1/243 8381/1/243
f 8386/1/243 8381/1/243 8382/1/243
f 8387/1/241 8382/1/241 8383/1/241
f 8388/1/390 8383/1/390 8384/1/390
f 8389/1/243 8384/1/243 8385/1/243
f 8377/1/877 8396/1/877 8391/1/877
f 8396/1/396 8397/1/396 8392/1/396
f 8397/1/267 8398/1/267 8393/1/267
f 8398/1/938 8399/1/938 8394/1/938
f 8399/1/396 8400/1/396 8395/1/396
f 8378/1/252 8391/1/252 8381/1/252
f 8391/1/252 8392/1/252 8382/1/252
f 8392/1/252 8393/1/252 8383/1/252
f 8393/1/252 8394/1/252 8384/1/252
f 8394/1/252 8395/1/252 8385/1/252
f 8377/1/254 8373/1/254 8386/1/254
f 8396/1/254 8386/1/254 8387/1/254
f 8397/1/254 8387/1/254 8388/1/254
f 8398/1/254 8388/1/254 8389/1/254
f 8399/1/254 8389/1/254 8390/1/254
f 8418/1/395 8413/1/395 8403/1/395
f 8428/1/874 8408/1/874 8407/1/874
f 8405/1/1020 8406/1/1020 8402/1/1020
f 8423/1/261 8407/1/261 8403/1/261
f 8403/1/1021 8407/1/1021 8408/1/1021
f 8428/1/263 8418/1/263 8404/1/263
f 8401/1/265 8402/1/265 8409/1/265
f 8414/1/228 8409/1/228 8410/1/228
f 8415/1/227 8410/1/227 8411/1/227
f 8416/1/818 8411/1/818 8412/1/818
f 8417/1/258 8412/1/258 8413/1/258
f 8405/1/756 8424/1/756 8419/1/756
f 8424/1/259 8425/1/259 8420/1/259
f 8425/1/250 8426/1/250 8421/1/250
f 8426/1/266 8427/1/266 8422/1/266
f 8427/1/878 8428/1/878 8423/1/878
f 8406/1/268 8419/1/268 8409/1/268
f 8419/1/238 8420/1/238 8410/1/238
f 8420/1/261 8421/1/261 8411/1/261
f 8421/1/261 8422/1/261 8412/1/261
f 8422/1/261 8423/1/261 8413/1/261
f 8405/1/263 8401/1/263 8414/1/263
f 8424/1/263 8414/1/263 8415/1/263
f 8425/1/263 8415/1/263 8416/1/263
f 8426/1/263 8416/1/263 8417/1/263
f 8427/1/263 8417/1/263 8418/1/263
f 8446/1/595 8441/1/595 8431/1/595
f 8456/1/278 8436/1/278 8435/1/278
f 8433/1/819 8434/1/819 8430/1/819
f 8451/1/272 8435/1/272 8431/1/272
f 8431/1/1022 8435/1/1022 8436/1/1022
f 8456/1/274 8446/1/274 8432/1/274
f 8429/1/276 8430/1/276 8437/1/276
f 8442/1/275 8437/1/275 8438/1/275
f 8443/1/595 8438/1/595 8439/1/595
f 8444/1/595 8439/1/595 8440/1/595
f 8445/1/276 8440/1/276 8441/1/276
f 8433/1/543 8452/1/543 8447/1/543
f 8452/1/270 8453/1/270 8448/1/270
f 8453/1/279 8454/1/279 8449/1/279
f 8454/1/401 8455/1/401 8450/1/401
f 8455/1/821 8456/1/821 8451/1/821
f 8434/1/272 8447/1/272 8437/1/272
f 8447/1/272 8448/1/272 8438/1/272
f 8448/1/272 8449/1/272 8439/1/272
f 8449/1/272 8450/1/272 8440/1/272
f 8450/1/272 8451/1/272 8441/1/272
f 8433/1/274 8429/1/274 8442/1/274
f 8452/1/274 8442/1/274 8443/1/274
f 8453/1/274 8443/1/274 8444/1/274
f 8454/1/274 8444/1/274 8445/1/274
f 8455/1/274 8445/1/274 8446/1/274
f 8474/1/550 8469/1/550 8459/1/550
f 8484/1/410 8464/1/410 8463/1/410
f 8461/1/1023 8462/1/1023 8458/1/1023
f 8479/1/284 8463/1/284 8459/1/284
f 8459/1/1002 8463/1/1002 8464/1/1002
f 8484/1/220 8474/1/220 8460/1/220
f 8457/1/550 8458/1/550 8465/1/550
f 8470/1/287 8465/1/287 8466/1/287
f 8471/1/287 8466/1/287 8467/1/287
f 8472/1/404 8467/1/404 8468/1/404
f 8473/1/550 8468/1/550 8469/1/550
f 8461/1/1024 8480/1/1024 8475/1/1024
f 8480/1/825 8481/1/825 8476/1/825
f 8481/1/656 8482/1/656 8477/1/656
f 8482/1/825 8483/1/825 8478/1/825
f 8483/1/1024 8484/1/1024 8479/1/1024
f 8462/1/284 8475/1/284 8465/1/284
f 8475/1/284 8476/1/284 8466/1/284
f 8476/1/284 8477/1/284 8467/1/284
f 8477/1/407 8478/1/407 8468/1/407
f 8478/1/284 8479/1/284 8469/1/284
f 8461/1/220 8457/1/220 8470/1/220
f 8480/1/220 8470/1/220 8471/1/220
f 8481/1/220 8471/1/220 8472/1/220
f 8482/1/220 8472/1/220 8473/1/220
f 8483/1/220 8473/1/220 8474/1/220
f 8502/1/291 8497/1/291 8487/1/291
f 8512/1/620 8492/1/620 8491/1/620
f 8489/1/1025 8490/1/1025 8486/1/1025
f 8507/1/294 8491/1/294 8487/1/294
f 8487/1/944 8491/1/944 8492/1/944
f 8512/1/296 8502/1/296 8488/1/296
f 8485/1/412 8486/1/412 8493/1/412
f 8498/1/412 8493/1/412 8494/1/412
f 8499/1/552 8494/1/552 8495/1/552
f 8500/1/552 8495/1/552 8496/1/552
f 8501/1/412 8496/1/412 8497/1/412
f 8489/1/620 8508/1/620 8503/1/620
f 8508/1/885 8509/1/885 8504/1/885
f 8509/1/769 8510/1/769 8505/1/769
f 8510/1/305 8511/1/305 8506/1/305
f 8511/1/769 8512/1/769 8507/1/769
f 8490/1/294 8503/1/294 8493/1/294
f 8503/1/294 8504/1/294 8494/1/294
f 8504/1/294 8505/1/294 8495/1/294
f 8505/1/294 8506/1/294 8496/1/294
f 8506/1/294 8507/1/294 8497/1/294
f 8489/1/296 8485/1/296 8498/1/296
f 8508/1/296 8498/1/296 8499/1/296
f 8509/1/296 8499/1/296 8500/1/296
f 8510/1/296 8500/1/296 8501/1/296
f 8511/1/296 8501/1/296 8502/1/296
