# Blender 3.6.23
# www.blender.org
o sol.050
v 1.878498 0.821490 -1.294093
v 1.767983 0.821487 -1.332612
v 1.767972 0.821377 -1.332574
v 1.878487 0.821378 -1.294055
v 1.767967 0.821288 -1.332567
v 1.878482 0.821288 -1.294048
v 1.767972 0.821199 -1.332574
v 1.878487 0.821198 -1.294055
v 1.767983 0.821093 -1.332612
v 1.878498 0.821091 -1.294093
v 1.769181 0.814765 -1.336059
v 1.879711 0.814683 -1.297584
v 1.769205 0.814678 -1.336131
v 1.879735 0.814595 -1.297656
v 1.769231 0.814627 -1.336200
v 1.879761 0.814543 -1.297727
v 1.769256 0.814587 -1.336279
v 1.879786 0.814503 -1.297806
v 1.769293 0.814568 -1.336384
v 1.879824 0.814483 -1.297913
v 1.771693 0.814568 -1.343287
v 1.882256 0.814483 -1.304899
v 1.771731 0.814587 -1.343392
v 1.882294 0.814503 -1.305005
v 1.771757 0.814627 -1.343467
v 1.882320 0.814543 -1.305085
v 1.771781 0.814678 -1.343540
v 1.882345 0.814595 -1.305155
v 1.771807 0.814765 -1.343608
v 1.882370 0.814683 -1.305227
v 1.773003 0.821093 -1.347059
v 1.883582 0.821091 -1.308719
v 1.773019 0.821199 -1.347095
v 1.883594 0.821198 -1.308756
v 1.773021 0.821288 -1.347100
v 1.883599 0.821288 -1.308764
v 1.773019 0.821377 -1.347095
v 1.883594 0.821378 -1.308756
v 1.773003 0.821487 -1.347059
v 1.883582 0.821490 -1.308719
v 1.771807 0.827811 -1.343608
v 1.882370 0.827893 -1.305227
v 1.771781 0.827898 -1.343540
v 1.882345 0.827981 -1.305155
v 1.771757 0.827951 -1.343467
v 1.882320 0.828035 -1.305085
v 1.771731 0.827989 -1.343392
v 1.882294 0.828073 -1.305005
v 1.771693 0.828009 -1.343287
v 1.882256 0.828093 -1.304899
v 1.769293 0.828009 -1.336384
v 1.879824 0.828093 -1.297913
v 1.769256 0.827989 -1.336279
v 1.879786 0.828073 -1.297806
v 1.769231 0.827951 -1.336200
v 1.879761 0.828035 -1.297727
v 1.769205 0.827898 -1.336131
v 1.879735 0.827981 -1.297656
v 1.769181 0.827811 -1.336059
v 1.879711 0.827893 -1.297584
v 1.880612 0.819310 -1.296138
v 1.880949 0.819310 -1.296025
v 1.880921 0.817677 -1.297029
v 1.881257 0.817677 -1.296911
v 1.881974 0.815825 -1.300059
v 1.882312 0.815825 -1.299946
v 1.882594 0.815825 -1.301839
v 1.882930 0.815825 -1.301720
v 1.883647 0.817677 -1.304868
v 1.883983 0.817677 -1.304749
v 1.883958 0.819310 -1.305756
v 1.884292 0.819310 -1.305641
v 1.883958 0.823015 -1.305756
v 1.884292 0.823015 -1.305641
v 1.883647 0.824644 -1.304868
v 1.883983 0.824644 -1.304749
v 1.882594 0.826496 -1.301839
v 1.882930 0.826496 -1.301720
v 1.881974 0.826496 -1.300059
v 1.882312 0.826496 -1.299946
v 1.880921 0.824644 -1.297029
v 1.881257 0.824644 -1.296911
v 1.880612 0.823015 -1.296138
v 1.880949 0.823015 -1.296025
v 1.742610 0.821322 -1.355245
v 1.742573 0.820268 -1.355144
v 1.743166 0.821322 -1.355499
v 1.743128 0.820184 -1.355393
v 1.747811 0.817154 -1.352131
v 1.744544 0.820172 -1.342736
v 1.745195 0.821322 -1.354148
v 1.745164 0.820304 -1.354054
v 1.745515 0.821322 -1.354034
v 1.745484 0.820304 -1.353940
v 1.745717 0.821322 -1.354610
v 1.745679 0.820184 -1.354503
v 1.746625 0.821322 -1.354296
v 1.746587 0.820184 -1.354190
v 1.746420 0.821322 -1.353701
v 1.746389 0.820308 -1.353607
v 1.746743 0.821322 -1.353589
v 1.746712 0.820308 -1.353495
v 1.746952 0.821322 -1.354186
v 1.746914 0.820184 -1.354080
v 1.747843 0.821322 -1.353878
v 1.747805 0.820184 -1.353771
v 1.747631 0.821322 -1.353269
v 1.747600 0.820312 -1.353175
v 1.748018 0.821322 -1.353133
v 1.747987 0.820312 -1.353039
v 1.748234 0.821322 -1.353753
v 1.748196 0.820183 -1.353647
v 1.765982 0.821322 -1.347642
v 1.765946 0.820172 -1.347532
v 1.766044 0.821322 -1.347812
v 1.766003 0.820136 -1.347704
v 1.766323 0.821322 -1.347944
v 1.766285 0.820092 -1.347828
v 1.768247 0.821322 -1.347275
v 1.768209 0.820092 -1.347160
v 1.768311 0.821322 -1.347459
v 1.768272 0.820056 -1.347338
v 1.768577 0.821322 -1.347521
v 1.768538 0.820029 -1.347400
v 1.769180 0.821322 -1.346839
v 1.769140 0.820116 -1.346727
v 1.769637 0.821322 -1.346681
v 1.769597 0.820116 -1.346569
v 1.769801 0.821322 -1.347151
v 1.769758 0.820017 -1.347028
v 1.772686 0.821322 -1.346146
v 1.772647 0.820017 -1.346025
v 1.742475 0.819254 -1.354855
v 1.743020 0.819094 -1.355080
v 1.747811 0.825490 -1.352131
v 1.745067 0.819326 -1.353770
v 1.745385 0.819326 -1.353660
v 1.745571 0.819094 -1.354191
v 1.746481 0.819094 -1.353874
v 1.746290 0.819334 -1.353327
v 1.746613 0.819334 -1.353215
v 1.746805 0.819090 -1.353768
v 1.747697 0.819090 -1.353459
v 1.747501 0.819338 -1.352895
v 1.747891 0.819338 -1.352761
v 1.748091 0.819086 -1.353334
v 1.765834 0.819066 -1.347218
v 1.765890 0.818999 -1.347375
v 1.766167 0.818915 -1.347492
v 1.768091 0.818915 -1.346824
v 1.768147 0.818839 -1.346990
v 1.768413 0.818783 -1.347042
v 1.769026 0.818955 -1.346393
v 1.769482 0.818955 -1.346235
v 1.769633 0.818763 -1.346670
v 1.772522 0.818763 -1.345668
v 1.742310 0.818324 -1.354385
v 1.742844 0.818084 -1.354573
v 1.746442 0.815429 -1.348197
v 1.744908 0.818424 -1.353317
v 1.745225 0.818424 -1.353207
v 1.745395 0.818088 -1.353684
v 1.746305 0.818088 -1.353366
v 1.746130 0.818436 -1.352874
v 1.746457 0.818436 -1.352764
v 1.746630 0.818084 -1.353260
v 1.747523 0.818084 -1.352948
v 1.747345 0.818444 -1.352444
v 1.747732 0.818444 -1.352308
v 1.747911 0.818078 -1.352824
v 1.765658 0.818048 -1.346702
v 1.765707 0.817945 -1.346846
v 1.765974 0.817825 -1.346940
v 1.767899 0.817825 -1.346271
v 1.767951 0.817721 -1.346426
v 1.768211 0.817637 -1.346466
v 1.768838 0.817885 -1.345857
v 1.769295 0.817885 -1.345699
v 1.769431 0.817609 -1.346085
v 1.772320 0.817609 -1.345083
v 1.742090 0.817505 -1.353750
v 1.742606 0.817202 -1.353887
v 1.746820 0.815541 -1.349280
v 1.744698 0.817637 -1.352705
v 1.745015 0.817637 -1.352595
v 1.745155 0.817206 -1.353001
v 1.746065 0.817206 -1.352684
v 1.745918 0.817649 -1.352265
v 1.746243 0.817649 -1.352150
v 1.746391 0.817202 -1.352574
v 1.747283 0.817202 -1.352265
v 1.747133 0.817657 -1.351836
v 1.747520 0.817657 -1.351699
v 1.747674 0.817191 -1.352139
v 1.765415 0.817154 -1.346009
v 1.765458 0.817026 -1.346131
v 1.765718 0.816875 -1.346204
v 1.767642 0.816875 -1.345535
v 1.767687 0.816739 -1.345663
v 1.767941 0.816631 -1.345687
v 1.768587 0.816947 -1.345128
v 1.769044 0.816947 -1.344970
v 1.769155 0.816595 -1.345302
v 1.772045 0.816595 -1.344296
v 1.741822 0.816831 -1.352975
v 1.742315 0.816479 -1.353055
v 1.745369 0.826221 -1.345103
v 1.744438 0.816986 -1.351958
v 1.744756 0.816986 -1.351848
v 1.744866 0.816483 -1.352166
v 1.745774 0.816483 -1.351852
v 1.745662 0.817002 -1.351520
v 1.745986 0.817002 -1.351408
v 1.746100 0.816475 -1.351742
v 1.746994 0.816475 -1.351430
v 1.746876 0.817010 -1.351094
v 1.747262 0.817010 -1.350957
v 1.747382 0.816467 -1.351303
v 1.765124 0.816424 -1.345168
v 1.765155 0.816272 -1.345261
v 1.765404 0.816092 -1.345304
v 1.767328 0.816092 -1.344636
v 1.767365 0.815933 -1.344737
v 1.767609 0.815809 -1.344737
v 1.768278 0.816176 -1.344245
v 1.768734 0.816176 -1.344087
v 1.768827 0.815765 -1.344345
v 1.771712 0.815765 -1.343341
v 1.741517 0.816336 -1.352095
v 1.741988 0.815940 -1.352104
v 1.748232 0.819066 -1.353337
v 1.744139 0.816507 -1.351107
v 1.744456 0.816507 -1.350998
v 1.744534 0.815944 -1.351216
v 1.745447 0.815944 -1.350901
v 1.745366 0.816523 -1.350671
v 1.745690 0.816523 -1.350560
v 1.745770 0.815937 -1.350789
v 1.746662 0.815937 -1.350480
v 1.746583 0.816531 -1.350247
v 1.746968 0.816531 -1.350114
v 1.747052 0.815925 -1.350348
v 1.764789 0.815877 -1.344207
v 1.764808 0.815709 -1.344272
v 1.765047 0.815509 -1.344274
v 1.766972 0.815509 -1.343605
v 1.766996 0.815334 -1.343677
v 1.767235 0.815194 -1.343656
v 1.767928 0.815605 -1.343236
v 1.768383 0.815605 -1.343073
v 1.768444 0.815146 -1.343255
v 1.771334 0.815146 -1.342249
v 1.741183 0.816028 -1.351140
v 1.741628 0.815609 -1.351071
v 1.747517 0.826221 -1.351287
v 1.743820 0.816208 -1.350183
v 1.744138 0.816208 -1.350073
v 1.744177 0.815613 -1.350185
v 1.745087 0.815613 -1.349868
v 1.745044 0.816228 -1.349754
v 1.745373 0.816228 -1.349641
v 1.745410 0.815605 -1.349756
v 1.746302 0.815605 -1.349448
v 1.746263 0.816240 -1.349327
v 1.746647 0.816240 -1.349194
v 1.746692 0.815593 -1.349314
v 1.764426 0.815541 -1.343164
v 1.764435 0.815362 -1.343196
v 1.764661 0.815150 -1.343164
v 1.766586 0.815150 -1.342495
v 1.766595 0.814962 -1.342527
v 1.766825 0.814819 -1.342479
v 1.767545 0.815254 -1.342136
v 1.768002 0.815254 -1.341978
v 1.768035 0.814767 -1.342069
v 1.770923 0.814767 -1.341067
v 1.740835 0.815925 -1.350145
v 1.741254 0.815497 -1.349999
v 1.748232 0.823578 -1.353337
v 1.743485 0.816108 -1.349223
v 1.743802 0.816108 -1.349113
v 1.743802 0.815501 -1.349113
v 1.744712 0.815501 -1.348796
v 1.744712 0.816128 -1.348796
v 1.745039 0.816128 -1.348686
v 1.745039 0.815493 -1.348686
v 1.745933 0.815493 -1.348374
v 1.745933 0.816140 -1.348374
v 1.746317 0.816140 -1.348240
v 1.746317 0.815482 -1.348240
v 1.764046 0.815429 -1.342075
v 1.764046 0.815246 -1.342075
v 1.764257 0.815030 -1.342003
v 1.766181 0.815030 -1.341334
v 1.766181 0.814839 -1.341334
v 1.766400 0.814691 -1.341257
v 1.767151 0.815134 -1.340999
v 1.767604 0.815134 -1.340840
v 1.767604 0.814639 -1.340840
v 1.770494 0.814639 -1.339834
v 1.740492 0.816028 -1.349149
v 1.740882 0.815609 -1.348928
v 1.745703 0.826764 -1.346067
v 1.743153 0.816208 -1.348265
v 1.743471 0.816208 -1.348154
v 1.743431 0.815613 -1.348042
v 1.744341 0.815613 -1.347725
v 1.744380 0.816228 -1.347837
v 1.744707 0.816228 -1.347727
v 1.744666 0.815605 -1.347610
v 1.745558 0.815605 -1.347301
v 1.745599 0.816240 -1.347419
v 1.745983 0.816240 -1.347286
v 1.745944 0.815593 -1.347164
v 1.763670 0.815541 -1.340988
v 1.763660 0.815362 -1.340956
v 1.763856 0.815150 -1.340844
v 1.765781 0.815150 -1.340175
v 1.765767 0.814962 -1.340141
v 1.765978 0.814819 -1.340036
v 1.766755 0.815254 -1.339856
v 1.767211 0.815254 -1.339699
v 1.767179 0.814767 -1.339608
v 1.770063 0.814767 -1.338604
v 1.740158 0.816336 -1.348194
v 1.740522 0.815940 -1.347896
v 1.745703 0.815877 -1.346067
v 1.742831 0.816507 -1.347338
v 1.743149 0.816507 -1.347228
v 1.743071 0.815944 -1.347010
v 1.743981 0.815944 -1.346693
v 1.744063 0.816523 -1.346918
v 1.744387 0.816523 -1.346807
v 1.744306 0.815937 -1.346577
v 1.745198 0.815937 -1.346269
v 1.745282 0.816531 -1.346500
v 1.745666 0.816531 -1.346367
v 1.745584 0.815925 -1.346129
v 1.763307 0.815877 -1.339945
v 1.763284 0.815709 -1.339878
v 1.763469 0.815509 -1.339728
v 1.765393 0.815509 -1.339059
v 1.765366 0.815334 -1.338991
v 1.765568 0.815194 -1.338860
v 1.766374 0.815605 -1.338762
v 1.766827 0.815605 -1.338603
v 1.766764 0.815146 -1.338424
v 1.769654 0.815146 -1.337418
v 1.739852 0.816831 -1.347313
v 1.740192 0.816479 -1.346942
v 1.745075 0.825490 -1.344260
v 1.742535 0.816986 -1.346490
v 1.742853 0.816986 -1.346380
v 1.742741 0.816483 -1.346057
v 1.743654 0.816483 -1.345742
v 1.743768 0.817002 -1.346070
v 1.744091 0.817002 -1.345958
v 1.743976 0.816475 -1.345624
v 1.744868 0.816475 -1.345315
v 1.744984 0.817010 -1.345655
v 1.745371 0.817010 -1.345518
v 1.745254 0.816467 -1.345174
v 1.762971 0.816424 -1.338985
v 1.762940 0.816272 -1.338891
v 1.763110 0.816092 -1.338701
v 1.765034 0.816092 -1.338032
v 1.764998 0.815933 -1.337931
v 1.765190 0.815809 -1.337776
v 1.766020 0.816176 -1.337752
v 1.766477 0.816176 -1.337594
v 1.766386 0.815765 -1.337332
v 1.769275 0.815765 -1.336330
v 1.739584 0.817505 -1.346538
v 1.739901 0.817202 -1.346110
v 1.748051 0.824596 -1.352822
v 1.742275 0.817637 -1.345743
v 1.742593 0.817637 -1.345633
v 1.742454 0.817206 -1.345226
v 1.743363 0.817206 -1.344909
v 1.743510 0.817649 -1.345328
v 1.743833 0.817649 -1.345216
v 1.743685 0.817202 -1.344792
v 1.744577 0.817202 -1.344483
v 1.744726 0.817657 -1.344913
v 1.745116 0.817657 -1.344778
v 1.744962 0.817191 -1.344339
v 1.762682 0.817154 -1.338140
v 1.762638 0.817026 -1.338021
v 1.762796 0.816875 -1.337802
v 1.764721 0.816875 -1.337133
v 1.764676 0.816739 -1.337005
v 1.764862 0.816631 -1.336829
v 1.765713 0.816947 -1.336865
v 1.766170 0.816947 -1.336707
v 1.766053 0.816595 -1.336377
v 1.768943 0.816595 -1.335371
v 1.739362 0.818324 -1.345906
v 1.739666 0.818084 -1.345426
v 1.744835 0.824596 -1.343569
v 1.742062 0.818424 -1.345129
v 1.742379 0.818424 -1.345019
v 1.742215 0.818088 -1.344540
v 1.743123 0.818088 -1.344227
v 1.743298 0.818436 -1.344720
v 1.743623 0.818436 -1.344604
v 1.743450 0.818084 -1.344108
v 1.744342 0.818084 -1.343799
v 1.744514 0.818444 -1.344305
v 1.744904 0.818444 -1.344170
v 1.744724 0.818078 -1.343653
v 1.762439 0.818048 -1.337447
v 1.762388 0.817945 -1.337306
v 1.762542 0.817825 -1.337062
v 1.764466 0.817825 -1.336393
v 1.764412 0.817721 -1.336242
v 1.764591 0.817637 -1.336052
v 1.765460 0.817885 -1.336139
v 1.765916 0.817885 -1.335982
v 1.765782 0.817609 -1.335592
v 1.768672 0.817609 -1.334586
v 1.739200 0.819254 -1.345433
v 1.739487 0.819094 -1.344917
v 1.746066 0.815541 -1.347110
v 1.741902 0.819326 -1.344676
v 1.742225 0.819326 -1.344564
v 1.742039 0.819094 -1.344033
v 1.742949 0.819094 -1.343716
v 1.743138 0.819334 -1.344267
v 1.743463 0.819334 -1.344151
v 1.743271 0.819090 -1.343599
v 1.744163 0.819090 -1.343290
v 1.744360 0.819338 -1.343850
v 1.744745 0.819338 -1.343717
v 1.744545 0.819086 -1.343143
v 1.762262 0.819066 -1.336934
v 1.762206 0.818999 -1.336777
v 1.762351 0.818915 -1.336515
v 1.764275 0.818915 -1.335846
v 1.764216 0.818839 -1.335678
v 1.764390 0.818783 -1.335473
v 1.765274 0.818955 -1.335600
v 1.765731 0.818955 -1.335442
v 1.765580 0.818763 -1.335007
v 1.768468 0.818763 -1.334005
v 1.739098 0.820268 -1.345143
v 1.739379 0.820184 -1.344605
v 1.745369 0.816424 -1.345103
v 1.741809 0.820304 -1.344394
v 1.742127 0.820304 -1.344284
v 1.741931 0.820184 -1.343721
v 1.742841 0.820184 -1.343404
v 1.743039 0.820308 -1.343987
v 1.743368 0.820308 -1.343873
v 1.743162 0.820184 -1.343287
v 1.744054 0.820184 -1.342978
v 1.744263 0.820312 -1.343575
v 1.744649 0.820312 -1.343439
v 1.744436 0.820183 -1.342828
v 1.762152 0.820172 -1.336616
v 1.762092 0.820136 -1.336448
v 1.762235 0.820092 -1.336176
v 1.764155 0.820092 -1.335505
v 1.764096 0.820056 -1.335328
v 1.764265 0.820029 -1.335115
v 1.765159 0.820116 -1.335266
v 1.765616 0.820116 -1.335108
v 1.765455 0.820017 -1.334649
v 1.768341 0.820017 -1.333642
v 1.739063 0.821322 -1.345047
v 1.739344 0.821322 -1.344500
v 1.746820 0.827099 -1.349280
v 1.741774 0.821322 -1.344298
v 1.742092 0.821322 -1.344188
v 1.741893 0.821322 -1.343614
v 1.742803 0.821322 -1.343297
v 1.743008 0.821322 -1.343893
v 1.743333 0.821322 -1.343778
v 1.743125 0.821322 -1.343180
v 1.744016 0.821322 -1.342871
v 1.744228 0.821322 -1.343480
v 1.744615 0.821322 -1.343343
v 1.744398 0.821322 -1.342723
v 1.762114 0.821322 -1.336510
v 1.762053 0.821322 -1.336336
v 1.762192 0.821322 -1.336062
v 1.764116 0.821322 -1.335393
v 1.764055 0.821322 -1.335211
v 1.764223 0.821322 -1.334993
v 1.765120 0.821322 -1.335154
v 1.765576 0.821322 -1.334996
v 1.765412 0.821322 -1.334527
v 1.768300 0.821322 -1.333525
v 1.739098 0.822376 -1.345143
v 1.739379 0.822456 -1.344605
v 1.744654 0.823578 -1.343054
v 1.741809 0.822340 -1.344394
v 1.742127 0.822340 -1.344284
v 1.741931 0.822456 -1.343721
v 1.742841 0.822456 -1.343404
v 1.743039 0.822336 -1.343987
v 1.743368 0.822336 -1.343873
v 1.743162 0.822460 -1.343287
v 1.744054 0.822460 -1.342978
v 1.744263 0.822332 -1.343575
v 1.744649 0.822332 -1.343439
v 1.744436 0.822462 -1.342828
v 1.762152 0.822472 -1.336616
v 1.762092 0.822508 -1.336448
v 1.762235 0.822548 -1.336176
v 1.764155 0.822548 -1.335505
v 1.764096 0.822588 -1.335328
v 1.764265 0.822616 -1.335115
v 1.765159 0.822528 -1.335266
v 1.765616 0.822528 -1.335108
v 1.765455 0.822624 -1.334649
v 1.768341 0.822624 -1.333642
v 1.739200 0.823386 -1.345433
v 1.739487 0.823550 -1.344917
v 1.748338 0.820172 -1.353652
v 1.741902 0.823318 -1.344676
v 1.742225 0.823318 -1.344564
v 1.742039 0.823550 -1.344033
v 1.742949 0.823550 -1.343716
v 1.743138 0.823310 -1.344267
v 1.743463 0.823310 -1.344151
v 1.743271 0.823550 -1.343599
v 1.744163 0.823550 -1.343290
v 1.744360 0.823306 -1.343850
v 1.744745 0.823306 -1.343717
v 1.744545 0.823558 -1.343143
v 1.762262 0.823578 -1.336934
v 1.762206 0.823646 -1.336777
v 1.762351 0.823729 -1.336515
v 1.764275 0.823729 -1.335846
v 1.764216 0.823801 -1.335678
v 1.764390 0.823861 -1.335473
v 1.765274 0.823689 -1.335600
v 1.765731 0.823689 -1.335442
v 1.765580 0.823881 -1.335007
v 1.768468 0.823881 -1.334005
v 1.739362 0.824320 -1.345906
v 1.739666 0.824556 -1.345426
v 1.748338 0.822472 -1.353652
v 1.742062 0.824216 -1.345129
v 1.742379 0.824216 -1.345019
v 1.742215 0.824556 -1.344540
v 1.743123 0.824556 -1.344227
v 1.743298 0.824208 -1.344720
v 1.743623 0.824208 -1.344604
v 1.743450 0.824560 -1.344108
v 1.744342 0.824560 -1.343799
v 1.744514 0.824200 -1.344305
v 1.744904 0.824200 -1.344170
v 1.744724 0.824567 -1.343653
v 1.762439 0.824596 -1.337447
v 1.762388 0.824696 -1.337306
v 1.762542 0.824815 -1.337062
v 1.764466 0.824815 -1.336393
v 1.764412 0.824923 -1.336242
v 1.764591 0.825007 -1.336052
v 1.765460 0.824759 -1.336139
v 1.765916 0.824759 -1.335982
v 1.765782 0.825035 -1.335592
v 1.768672 0.825035 -1.334586
v 1.739584 0.825139 -1.346538
v 1.739901 0.825438 -1.346110
v 1.745075 0.817154 -1.344260
v 1.742275 0.825007 -1.345743
v 1.742593 0.825007 -1.345633
v 1.742454 0.825438 -1.345226
v 1.743363 0.825438 -1.344909
v 1.743510 0.824995 -1.345328
v 1.743833 0.824995 -1.345216
v 1.743685 0.825442 -1.344792
v 1.744577 0.825442 -1.344483
v 1.744726 0.824987 -1.344913
v 1.745116 0.824987 -1.344778
v 1.744962 0.825453 -1.344339
v 1.762682 0.825490 -1.338140
v 1.762638 0.825618 -1.338021
v 1.762796 0.825769 -1.337802
v 1.764721 0.825769 -1.337133
v 1.764676 0.825905 -1.337005
v 1.764862 0.826009 -1.336829
v 1.765713 0.825698 -1.336865
v 1.766170 0.825698 -1.336707
v 1.766053 0.826049 -1.336377
v 1.768943 0.826049 -1.335371
v 1.739852 0.825809 -1.347313
v 1.740192 0.826165 -1.346942
v 1.748376 0.821322 -1.353759
v 1.742535 0.825658 -1.346490
v 1.742855 0.825658 -1.346376
v 1.742741 0.826161 -1.346057
v 1.743654 0.826161 -1.345742
v 1.743768 0.825642 -1.346070
v 1.744091 0.825642 -1.345958
v 1.743976 0.826165 -1.345624
v 1.744868 0.826165 -1.345315
v 1.744984 0.825630 -1.345655
v 1.745371 0.825630 -1.345518
v 1.745254 0.826177 -1.345174
v 1.762971 0.826221 -1.338985
v 1.762940 0.826372 -1.338891
v 1.763110 0.826552 -1.338701
v 1.765034 0.826552 -1.338032
v 1.764998 0.826712 -1.337931
v 1.765190 0.826835 -1.337776
v 1.766020 0.826464 -1.337752
v 1.766477 0.826464 -1.337594
v 1.766386 0.826879 -1.337332
v 1.769275 0.826879 -1.336330
v 1.740158 0.826308 -1.348194
v 1.740522 0.826704 -1.347896
v 1.744544 0.822472 -1.342736
v 1.742831 0.826137 -1.347338
v 1.743149 0.826137 -1.347228
v 1.743071 0.826700 -1.347010
v 1.743981 0.826700 -1.346693
v 1.744063 0.826121 -1.346918
v 1.744387 0.826121 -1.346807
v 1.744306 0.826704 -1.346577
v 1.745198 0.826704 -1.346269
v 1.745282 0.826109 -1.346500
v 1.745666 0.826109 -1.346367
v 1.745584 0.826715 -1.346129
v 1.763307 0.826764 -1.339945
v 1.763284 0.826935 -1.339878
v 1.763469 0.827135 -1.339728
v 1.765393 0.827135 -1.339060
v 1.765366 0.827310 -1.338991
v 1.765568 0.827450 -1.338860
v 1.766374 0.827035 -1.338762
v 1.766827 0.827035 -1.338603
v 1.766764 0.827498 -1.338424
v 1.769654 0.827498 -1.337418
v 1.740492 0.826616 -1.349149
v 1.740882 0.827035 -1.348928
v 1.747184 0.815877 -1.350324
v 1.743153 0.826436 -1.348265
v 1.743471 0.826436 -1.348154
v 1.743431 0.827031 -1.348042
v 1.744341 0.827031 -1.347725
v 1.744380 0.826416 -1.347837
v 1.744707 0.826416 -1.347728
v 1.744666 0.827035 -1.347610
v 1.745558 0.827035 -1.347301
v 1.745599 0.826404 -1.347419
v 1.745983 0.826404 -1.347286
v 1.745944 0.827047 -1.347164
v 1.763670 0.827099 -1.340988
v 1.763660 0.827278 -1.340956
v 1.763856 0.827490 -1.340844
v 1.765781 0.827490 -1.340175
v 1.765767 0.827682 -1.340141
v 1.765978 0.827825 -1.340036
v 1.766755 0.827390 -1.339856
v 1.767211 0.827390 -1.339699
v 1.767179 0.827877 -1.339608
v 1.770063 0.827877 -1.338604
v 1.740835 0.826720 -1.350145
v 1.741253 0.827147 -1.349999
v 1.744506 0.821322 -1.342630
v 1.743485 0.826536 -1.349223
v 1.743802 0.826536 -1.349113
v 1.743802 0.827143 -1.349113
v 1.744712 0.827143 -1.348796
v 1.744712 0.826516 -1.348796
v 1.745039 0.826516 -1.348686
v 1.745039 0.827147 -1.348686
v 1.745933 0.827147 -1.348374
v 1.745933 0.826504 -1.348374
v 1.746317 0.826504 -1.348240
v 1.746317 0.827162 -1.348240
v 1.764046 0.827215 -1.342075
v 1.764046 0.827398 -1.342075
v 1.764257 0.827614 -1.342003
v 1.766181 0.827614 -1.341334
v 1.766181 0.827806 -1.341334
v 1.766400 0.827953 -1.341257
v 1.767151 0.827506 -1.340999
v 1.767604 0.827506 -1.340840
v 1.767604 0.828005 -1.340840
v 1.770494 0.828005 -1.339834
v 1.741183 0.826616 -1.351140
v 1.741628 0.827035 -1.351071
v 1.748051 0.818048 -1.352822
v 1.743820 0.826436 -1.350183
v 1.744138 0.826436 -1.350073
v 1.744177 0.827031 -1.350185
v 1.745087 0.827031 -1.349868
v 1.745044 0.826416 -1.349754
v 1.745373 0.826416 -1.349641
v 1.745410 0.827035 -1.349756
v 1.746302 0.827035 -1.349448
v 1.746263 0.826404 -1.349327
v 1.746647 0.826404 -1.349194
v 1.746692 0.827047 -1.349314
v 1.764426 0.827099 -1.343164
v 1.764435 0.827278 -1.343196
v 1.764661 0.827490 -1.343164
v 1.766586 0.827490 -1.342495
v 1.766595 0.827682 -1.342527
v 1.766825 0.827825 -1.342479
v 1.767545 0.827390 -1.342136
v 1.768002 0.827390 -1.341979
v 1.768035 0.827877 -1.342069
v 1.770923 0.827877 -1.341067
v 1.741517 0.826308 -1.352095
v 1.741988 0.826704 -1.352104
v 1.747184 0.826764 -1.350324
v 1.744139 0.826137 -1.351107
v 1.744456 0.826137 -1.350998
v 1.744534 0.826700 -1.351216
v 1.745447 0.826700 -1.350901
v 1.745366 0.826121 -1.350671
v 1.745690 0.826121 -1.350560
v 1.745770 0.826704 -1.350789
v 1.746662 0.826704 -1.350480
v 1.746583 0.826109 -1.350247
v 1.746968 0.826109 -1.350114
v 1.747052 0.826715 -1.350348
v 1.764789 0.826764 -1.344207
v 1.764808 0.826935 -1.344272
v 1.765047 0.827135 -1.344274
v 1.766972 0.827135 -1.343605
v 1.766996 0.827310 -1.343677
v 1.767235 0.827450 -1.343656
v 1.767928 0.827035 -1.343236
v 1.768383 0.827035 -1.343073
v 1.768444 0.827498 -1.343255
v 1.771334 0.827498 -1.342249
v 1.741822 0.825809 -1.352975
v 1.742315 0.826165 -1.353055
v 1.744835 0.818048 -1.343569
v 1.744438 0.825658 -1.351958
v 1.744756 0.825658 -1.351848
v 1.744866 0.826161 -1.352166
v 1.745774 0.826161 -1.351852
v 1.745662 0.825642 -1.351520
v 1.745986 0.825642 -1.351408
v 1.746100 0.826165 -1.351742
v 1.746994 0.826165 -1.351430
v 1.746876 0.825630 -1.351094
v 1.747262 0.825630 -1.350957
v 1.747382 0.826177 -1.351303
v 1.765124 0.826221 -1.345168
v 1.765155 0.826372 -1.345261
v 1.765404 0.826552 -1.345304
v 1.767328 0.826552 -1.344636
v 1.767365 0.826712 -1.344737
v 1.767609 0.826835 -1.344737
v 1.768278 0.826464 -1.344245
v 1.768734 0.826464 -1.344087
v 1.768827 0.826879 -1.344345
v 1.771711 0.826879 -1.343341
v 1.742090 0.825139 -1.353750
v 1.742606 0.825438 -1.353887
v 1.746066 0.827099 -1.347110
v 1.744698 0.825007 -1.352705
v 1.745015 0.825007 -1.352595
v 1.745155 0.825438 -1.353001
v 1.746065 0.825438 -1.352684
v 1.745918 0.824995 -1.352265
v 1.746243 0.824995 -1.352150
v 1.746391 0.825442 -1.352574
v 1.747283 0.825442 -1.352265
v 1.747133 0.824987 -1.351836
v 1.747520 0.824987 -1.351699
v 1.747674 0.825453 -1.352139
v 1.765415 0.825490 -1.346009
v 1.765458 0.825618 -1.346131
v 1.765718 0.825769 -1.346204
v 1.767642 0.825769 -1.345535
v 1.767687 0.825905 -1.345663
v 1.767941 0.826009 -1.345687
v 1.768587 0.825698 -1.345128
v 1.769044 0.825698 -1.344970
v 1.769155 0.826049 -1.345302
v 1.772045 0.826049 -1.344296
v 1.742310 0.824320 -1.354385
v 1.742844 0.824556 -1.354573
v 1.747517 0.816424 -1.351287
v 1.744908 0.824216 -1.353317
v 1.745225 0.824216 -1.353207
v 1.745395 0.824556 -1.353684
v 1.746305 0.824556 -1.353366
v 1.746130 0.824208 -1.352874
v 1.746457 0.824208 -1.352764
v 1.746629 0.824560 -1.353260
v 1.747523 0.824560 -1.352948
v 1.747345 0.824200 -1.352444
v 1.747732 0.824200 -1.352308
v 1.747911 0.824567 -1.352824
v 1.765658 0.824596 -1.346702
v 1.765707 0.824696 -1.346846
v 1.765974 0.824815 -1.346940
v 1.767899 0.824815 -1.346271
v 1.767951 0.824923 -1.346426
v 1.768211 0.825007 -1.346466
v 1.768838 0.824759 -1.345857
v 1.769295 0.824759 -1.345699
v 1.769431 0.825035 -1.346085
v 1.772320 0.825035 -1.345083
v 1.742475 0.823386 -1.354855
v 1.743020 0.823550 -1.355080
v 1.744654 0.819066 -1.343054
v 1.745067 0.823318 -1.353770
v 1.745385 0.823318 -1.353660
v 1.745571 0.823550 -1.354191
v 1.746481 0.823550 -1.353874
v 1.746290 0.823310 -1.353327
v 1.746613 0.823310 -1.353215
v 1.746805 0.823550 -1.353768
v 1.747697 0.823550 -1.353459
v 1.747501 0.823306 -1.352895
v 1.747891 0.823306 -1.352761
v 1.748091 0.823558 -1.353334
v 1.765834 0.823578 -1.347218
v 1.765890 0.823646 -1.347375
v 1.766167 0.823729 -1.347492
v 1.768091 0.823729 -1.346824
v 1.768147 0.823801 -1.346990
v 1.768413 0.823861 -1.347042
v 1.769026 0.823689 -1.346393
v 1.769482 0.823689 -1.346235
v 1.769633 0.823881 -1.346670
v 1.772522 0.823881 -1.345668
v 1.742573 0.822376 -1.355144
v 1.743128 0.822456 -1.355393
v 1.746442 0.827215 -1.348197
v 1.745164 0.822340 -1.354054
v 1.745484 0.822340 -1.353940
v 1.745679 0.822456 -1.354503
v 1.746587 0.822456 -1.354190
v 1.746389 0.822336 -1.353607
v 1.746712 0.822336 -1.353495
v 1.746914 0.822460 -1.354080
v 1.747805 0.822460 -1.353771
v 1.747600 0.822332 -1.353175
v 1.747987 0.822332 -1.353039
v 1.748196 0.822462 -1.353647
v 1.765946 0.822472 -1.347532
v 1.766003 0.822508 -1.347704
v 1.766285 0.822548 -1.347828
v 1.768209 0.822548 -1.347160
v 1.768272 0.822588 -1.347338
v 1.768538 0.822616 -1.347400
v 1.769140 0.822528 -1.346727
v 1.769597 0.822528 -1.346569
v 1.769758 0.822624 -1.347028
v 1.772647 0.822624 -1.346025
v 1.720702 0.821249 -1.357291
v 1.722553 0.821250 -1.356824
v 1.722548 0.821190 -1.356817
v 1.722711 0.821530 -1.357173
v 1.722688 0.821653 -1.357106
v 1.723174 0.821250 -1.357068
v 1.723173 0.821106 -1.357054
v 1.726401 0.822045 -1.357224
v 1.726337 0.822404 -1.357040
v 1.726534 0.821250 -1.357345
v 1.726523 0.820843 -1.357307
v 1.726433 0.821250 -1.357045
v 1.726419 0.820903 -1.357011
v 1.726729 0.821250 -1.356942
v 1.726719 0.820903 -1.356909
v 1.727520 0.821250 -1.356692
v 1.727511 0.820899 -1.356660
v 1.727748 0.821250 -1.356615
v 1.727738 0.820899 -1.356583
v 1.728437 0.821250 -1.356388
v 1.728426 0.820895 -1.356359
v 1.728665 0.821250 -1.356311
v 1.728651 0.820895 -1.356276
v 1.729367 0.821250 -1.356068
v 1.729353 0.820895 -1.356033
v 1.729620 0.821250 -1.355977
v 1.729610 0.820895 -1.355945
v 1.739754 0.821250 -1.354999
v 1.739727 0.820432 -1.354922
v 1.722543 0.821134 -1.356801
v 1.722658 0.821765 -1.357018
v 1.723158 0.820967 -1.357014
v 1.726254 0.822719 -1.356790
v 1.726484 0.820452 -1.357195
v 1.726388 0.820571 -1.356917
v 1.726684 0.820571 -1.356814
v 1.727476 0.820564 -1.356564
v 1.727702 0.820564 -1.356482
v 1.728389 0.820560 -1.356258
v 1.728617 0.820560 -1.356181
v 1.729319 0.820560 -1.355937
v 1.729575 0.820560 -1.355849
v 1.739648 0.819649 -1.354698
v 1.722533 0.821082 -1.356777
v 1.722621 0.821857 -1.356911
v 1.723133 0.820843 -1.356951
v 1.726148 0.822975 -1.356489
v 1.726419 0.820092 -1.357011
v 1.726332 0.820268 -1.356760
v 1.726632 0.820268 -1.356658
v 1.727422 0.820252 -1.356403
v 1.727649 0.820252 -1.356326
v 1.728335 0.820248 -1.356097
v 1.728563 0.820248 -1.356020
v 1.729265 0.820244 -1.355777
v 1.729518 0.820244 -1.355686
v 1.739522 0.818927 -1.354326
v 1.722521 0.821035 -1.356739
v 1.722579 0.821925 -1.356794
v 1.723103 0.820731 -1.356862
v 1.726028 0.823166 -1.356148
v 1.726336 0.819777 -1.356762
v 1.726260 0.820001 -1.356549
v 1.726556 0.820001 -1.356445
v 1.727346 0.819981 -1.356190
v 1.727574 0.819981 -1.356113
v 1.728259 0.819973 -1.355884
v 1.728487 0.819973 -1.355807
v 1.729189 0.819973 -1.355564
v 1.729442 0.819973 -1.355473
v 1.739346 0.818296 -1.353828
v 1.722508 0.820999 -1.356696
v 1.722533 0.821965 -1.356660
v 1.723069 0.820639 -1.356758
v 1.725898 0.823286 -1.355774
v 1.726231 0.819521 -1.356460
v 1.726171 0.819781 -1.356292
v 1.726471 0.819781 -1.356191
v 1.727258 0.819761 -1.355934
v 1.727483 0.819761 -1.355852
v 1.728169 0.819749 -1.355622
v 1.728396 0.819749 -1.355545
v 1.729099 0.819749 -1.355302
v 1.729351 0.819749 -1.355211
v 1.739136 0.817777 -1.353225
v 1.722490 0.820971 -1.356645
v 1.722484 0.821981 -1.356525
v 1.723026 0.820571 -1.356635
v 1.725764 0.823326 -1.355384
v 1.726111 0.819330 -1.356119
v 1.726070 0.819617 -1.356002
v 1.726369 0.819617 -1.355900
v 1.727154 0.819593 -1.355638
v 1.727380 0.819593 -1.355556
v 1.728065 0.819581 -1.355326
v 1.728295 0.819581 -1.355246
v 1.728994 0.819581 -1.355001
v 1.729250 0.819581 -1.354912
v 1.738896 0.817390 -1.352533
v 1.722469 0.820955 -1.356593
v 1.722440 0.821965 -1.356388
v 1.722978 0.820532 -1.356505
v 1.725627 0.823286 -1.354998
v 1.725981 0.819210 -1.355745
v 1.725960 0.819518 -1.355684
v 1.726259 0.819518 -1.355582
v 1.727042 0.819494 -1.355315
v 1.727270 0.819494 -1.355238
v 1.727956 0.819478 -1.355000
v 1.728180 0.819478 -1.354921
v 1.728882 0.819478 -1.354678
v 1.729138 0.819478 -1.354589
v 1.738636 0.817154 -1.351786
v 1.722449 0.820947 -1.356537
v 1.722392 0.821925 -1.356257
v 1.722934 0.820516 -1.356368
v 1.725497 0.823166 -1.354624
v 1.725846 0.819170 -1.355356
v 1.725846 0.819486 -1.355356
v 1.726142 0.819486 -1.355252
v 1.726928 0.819458 -1.354981
v 1.727151 0.819458 -1.354902
v 1.727837 0.819446 -1.354664
v 1.728065 0.819446 -1.354587
v 1.728763 0.819446 -1.354342
v 1.729020 0.819446 -1.354253
v 1.738363 0.817070 -1.351004
v 1.722429 0.820955 -1.356481
v 1.722349 0.821857 -1.356135
v 1.722885 0.820532 -1.356232
v 1.725379 0.822975 -1.354279
v 1.725710 0.819210 -1.354969
v 1.725733 0.819518 -1.355027
v 1.726029 0.819518 -1.354923
v 1.726809 0.819494 -1.354645
v 1.727036 0.819494 -1.354568
v 1.727719 0.819478 -1.354328
v 1.727946 0.819478 -1.354251
v 1.728647 0.819478 -1.354002
v 1.728901 0.819478 -1.353917
v 1.738094 0.817154 -1.350224
v 1.722413 0.820971 -1.356427
v 1.722315 0.821765 -1.356030
v 1.722839 0.820571 -1.356099
v 1.725274 0.822719 -1.353978
v 1.725580 0.819330 -1.354595
v 1.725623 0.819617 -1.354709
v 1.725919 0.819617 -1.354606
v 1.726699 0.819593 -1.354328
v 1.726925 0.819593 -1.354245
v 1.727607 0.819581 -1.354005
v 1.727833 0.819581 -1.353922
v 1.728535 0.819581 -1.353679
v 1.728790 0.819581 -1.353594
v 1.737831 0.817390 -1.349475
v 1.722395 0.820999 -1.356376
v 1.722286 0.821653 -1.355942
v 1.722798 0.820639 -1.355981
v 1.725188 0.822404 -1.353732
v 1.725462 0.819521 -1.354251
v 1.725521 0.819781 -1.354419
v 1.725817 0.819781 -1.354315
v 1.726597 0.819761 -1.354028
v 1.726821 0.819761 -1.353949
v 1.727505 0.819749 -1.353705
v 1.727729 0.819749 -1.353626
v 1.728432 0.819749 -1.353383
v 1.728688 0.819749 -1.353294
v 1.737591 0.817777 -1.348784
v 1.722382 0.821035 -1.356333
v 1.722261 0.821530 -1.355878
v 1.722760 0.820731 -1.355875
v 1.725125 0.822045 -1.353548
v 1.725356 0.819777 -1.353949
v 1.725432 0.820001 -1.354162
v 1.725728 0.820001 -1.354059
v 1.726505 0.819981 -1.353770
v 1.726732 0.819981 -1.353693
v 1.727412 0.819973 -1.353442
v 1.727639 0.819973 -1.353364
v 1.728341 0.819973 -1.353121
v 1.728594 0.819973 -1.353031
v 1.737383 0.818296 -1.348177
v 1.722368 0.821082 -1.356299
v 1.722246 0.821390 -1.355839
v 1.722731 0.820843 -1.355786
v 1.725085 0.821653 -1.353436
v 1.725271 0.820092 -1.353704
v 1.725358 0.820268 -1.353955
v 1.725654 0.820268 -1.353851
v 1.726429 0.820252 -1.353557
v 1.726659 0.820252 -1.353476
v 1.727340 0.820248 -1.353230
v 1.727563 0.820248 -1.353152
v 1.728265 0.820244 -1.352908
v 1.728518 0.820244 -1.352818
v 1.737210 0.818927 -1.347681
v 1.722357 0.821134 -1.356270
v 1.722244 0.821250 -1.355824
v 1.722706 0.820967 -1.355723
v 1.725070 0.821250 -1.353397
v 1.725207 0.820452 -1.353520
v 1.725302 0.820571 -1.353798
v 1.725602 0.820571 -1.353696
v 1.726375 0.820564 -1.353396
v 1.726603 0.820564 -1.353319
v 1.727282 0.820560 -1.353068
v 1.727509 0.820560 -1.352991
v 1.728211 0.820560 -1.352748
v 1.728464 0.820560 -1.352657
v 1.737082 0.819649 -1.347313
v 1.722352 0.821190 -1.356254
v 1.722246 0.821106 -1.355839
v 1.722696 0.821106 -1.355682
v 1.725085 0.820843 -1.353436
v 1.725167 0.820843 -1.353408
v 1.725267 0.820903 -1.353702
v 1.725569 0.820903 -1.353597
v 1.726341 0.820899 -1.353300
v 1.726568 0.820899 -1.353223
v 1.727247 0.820895 -1.352972
v 1.727477 0.820895 -1.352892
v 1.728175 0.820895 -1.352647
v 1.728430 0.820895 -1.352561
v 1.737001 0.820432 -1.347083
v 1.722350 0.821250 -1.356248
v 1.722261 0.820967 -1.355878
v 1.722689 0.821250 -1.355669
v 1.725125 0.820452 -1.353548
v 1.725153 0.821250 -1.353368
v 1.725258 0.821250 -1.353669
v 1.725557 0.821250 -1.353568
v 1.726331 0.821250 -1.353268
v 1.726558 0.821250 -1.353191
v 1.727237 0.821250 -1.352940
v 1.727461 0.821250 -1.352861
v 1.728165 0.821250 -1.352614
v 1.728420 0.821250 -1.352529
v 1.736975 0.821250 -1.347006
v 1.722352 0.821306 -1.356254
v 1.722286 0.820843 -1.355942
v 1.722696 0.821390 -1.355682
v 1.725188 0.820092 -1.353732
v 1.725167 0.821653 -1.353408
v 1.725267 0.821594 -1.353702
v 1.725569 0.821594 -1.353597
v 1.726341 0.821598 -1.353300
v 1.726568 0.821598 -1.353223
v 1.727247 0.821601 -1.352972
v 1.727477 0.821601 -1.352892
v 1.728175 0.821601 -1.352647
v 1.728430 0.821601 -1.352561
v 1.737001 0.822065 -1.347083
v 1.720701 0.821222 -1.357289
v 1.722357 0.821362 -1.356270
v 1.722315 0.820731 -1.356030
v 1.722706 0.821530 -1.355723
v 1.725274 0.819777 -1.353978
v 1.725207 0.822045 -1.353520
v 1.725302 0.821925 -1.353798
v 1.725602 0.821925 -1.353696
v 1.726375 0.821933 -1.353396
v 1.726603 0.821933 -1.353319
v 1.727282 0.821937 -1.353068
v 1.727509 0.821937 -1.352991
v 1.728211 0.821937 -1.352748
v 1.728464 0.821937 -1.352657
v 1.737082 0.822847 -1.347313
v 1.722368 0.821414 -1.356299
v 1.722349 0.820639 -1.356135
v 1.722731 0.821653 -1.355786
v 1.725379 0.819521 -1.354279
v 1.725271 0.822404 -1.353704
v 1.725358 0.822228 -1.353955
v 1.725654 0.822228 -1.353851
v 1.726429 0.822244 -1.353557
v 1.726659 0.822244 -1.353476
v 1.727340 0.822248 -1.353230
v 1.727563 0.822252 -1.353152
v 1.728265 0.822252 -1.352908
v 1.728518 0.822252 -1.352818
v 1.737210 0.823570 -1.347681
v 1.722382 0.821462 -1.356333
v 1.722392 0.820571 -1.356257
v 1.722760 0.821765 -1.355875
v 1.725497 0.819330 -1.354624
v 1.725356 0.822719 -1.353949
v 1.725432 0.822496 -1.354162
v 1.725728 0.822496 -1.354059
v 1.726505 0.822516 -1.353770
v 1.726732 0.822516 -1.353693
v 1.727412 0.822524 -1.353442
v 1.727639 0.822524 -1.353364
v 1.728341 0.822524 -1.353121
v 1.728594 0.822524 -1.353031
v 1.737383 0.824200 -1.348178
v 1.722395 0.821498 -1.356376
v 1.722440 0.820532 -1.356388
v 1.722798 0.821857 -1.355981
v 1.725627 0.819210 -1.354998
v 1.725462 0.822975 -1.354251
v 1.725521 0.822715 -1.354419
v 1.725817 0.822715 -1.354315
v 1.726597 0.822735 -1.354028
v 1.726821 0.822735 -1.353949
v 1.727505 0.822747 -1.353705
v 1.727729 0.822747 -1.353626
v 1.728432 0.822747 -1.353383
v 1.728688 0.822747 -1.353294
v 1.737591 0.824719 -1.348784
v 1.722413 0.821526 -1.356427
v 1.722484 0.820516 -1.356525
v 1.722839 0.821925 -1.356099
v 1.725764 0.819170 -1.355384
v 1.725580 0.823166 -1.354595
v 1.725623 0.822879 -1.354709
v 1.725919 0.822879 -1.354606
v 1.726699 0.822903 -1.354328
v 1.726925 0.822903 -1.354245
v 1.727607 0.822915 -1.354005
v 1.727833 0.822915 -1.353922
v 1.728535 0.822915 -1.353679
v 1.728790 0.822915 -1.353594
v 1.737831 0.825107 -1.349475
v 1.722429 0.821542 -1.356481
v 1.722533 0.820532 -1.356660
v 1.722885 0.821965 -1.356232
v 1.725898 0.819210 -1.355774
v 1.725710 0.823286 -1.354969
v 1.725733 0.822979 -1.355027
v 1.726029 0.822979 -1.354923
v 1.726809 0.823003 -1.354645
v 1.727036 0.823003 -1.354568
v 1.727719 0.823019 -1.354328
v 1.727946 0.823019 -1.354251
v 1.728647 0.823019 -1.354002
v 1.728901 0.823019 -1.353917
v 1.738094 0.825346 -1.350224
v 1.722449 0.821550 -1.356537
v 1.722579 0.820571 -1.356794
v 1.722934 0.821981 -1.356368
v 1.726028 0.819330 -1.356148
v 1.725846 0.823326 -1.355356
v 1.725846 0.823011 -1.355356
v 1.726142 0.823011 -1.355252
v 1.726928 0.823039 -1.354981
v 1.727151 0.823039 -1.354902
v 1.727837 0.823051 -1.354664
v 1.728065 0.823051 -1.354587
v 1.728763 0.823051 -1.354342
v 1.729020 0.823051 -1.354253
v 1.738363 0.825426 -1.351004
v 1.722469 0.821542 -1.356593
v 1.722621 0.820639 -1.356911
v 1.722978 0.821965 -1.356505
v 1.726148 0.819521 -1.356489
v 1.725981 0.823286 -1.355745
v 1.725960 0.822979 -1.355684
v 1.726259 0.822979 -1.355582
v 1.727042 0.823003 -1.355315
v 1.727270 0.823003 -1.355238
v 1.727956 0.823019 -1.355000
v 1.728180 0.823019 -1.354921
v 1.728882 0.823019 -1.354678
v 1.729138 0.823019 -1.354589
v 1.738636 0.825346 -1.351786
v 1.722490 0.821526 -1.356645
v 1.722658 0.820731 -1.357018
v 1.723026 0.821925 -1.356635
v 1.726254 0.819777 -1.356790
v 1.726111 0.823166 -1.356119
v 1.726070 0.822879 -1.356002
v 1.726369 0.822879 -1.355900
v 1.727154 0.822903 -1.355638
v 1.727380 0.822903 -1.355556
v 1.728065 0.822915 -1.355326
v 1.728295 0.822915 -1.355246
v 1.728994 0.822915 -1.355001
v 1.729250 0.822915 -1.354912
v 1.738896 0.825107 -1.352533
v 1.722508 0.821498 -1.356696
v 1.722688 0.820843 -1.357106
v 1.723069 0.821857 -1.356758
v 1.726337 0.820092 -1.357040
v 1.726231 0.822975 -1.356460
v 1.726171 0.822715 -1.356292
v 1.726471 0.822715 -1.356191
v 1.727258 0.822735 -1.355934
v 1.727483 0.822735 -1.355852
v 1.728169 0.822747 -1.355622
v 1.728396 0.822747 -1.355545
v 1.729099 0.822747 -1.355302
v 1.729351 0.822747 -1.355211
v 1.739136 0.824719 -1.353225
v 1.722521 0.821462 -1.356739
v 1.722711 0.820967 -1.357173
v 1.723103 0.821765 -1.356862
v 1.726401 0.820452 -1.357224
v 1.726336 0.822719 -1.356762
v 1.726260 0.822496 -1.356549
v 1.726556 0.822496 -1.356445
v 1.727346 0.822516 -1.356190
v 1.727574 0.822516 -1.356113
v 1.728259 0.822524 -1.355884
v 1.728487 0.822524 -1.355807
v 1.729189 0.822524 -1.355564
v 1.729442 0.822524 -1.355473
v 1.739346 0.824200 -1.353828
v 1.722533 0.821414 -1.356777
v 1.722722 0.821106 -1.357211
v 1.723133 0.821653 -1.356951
v 1.726441 0.821653 -1.357336
v 1.726419 0.822404 -1.357011
v 1.726332 0.822228 -1.356760
v 1.726632 0.822228 -1.356658
v 1.727422 0.822244 -1.356403
v 1.727649 0.822244 -1.356326
v 1.728335 0.822248 -1.356097
v 1.728563 0.822252 -1.356020
v 1.729265 0.822252 -1.355777
v 1.729518 0.822252 -1.355686
v 1.739522 0.823570 -1.354326
v 1.722543 0.821362 -1.356801
v 1.722729 0.821250 -1.357223
v 1.723158 0.821530 -1.357014
v 1.726441 0.820843 -1.357336
v 1.726484 0.822045 -1.357195
v 1.726388 0.821925 -1.356917
v 1.726684 0.821925 -1.356814
v 1.727476 0.821933 -1.356564
v 1.727702 0.821933 -1.356482
v 1.728389 0.821937 -1.356258
v 1.728617 0.821937 -1.356181
v 1.729319 0.821937 -1.355937
v 1.729575 0.821937 -1.355849
v 1.739648 0.822847 -1.354698
v 1.722548 0.821306 -1.356817
v 1.722722 0.821390 -1.357211
v 1.723173 0.821390 -1.357054
v 1.726452 0.821250 -1.357373
v 1.726523 0.821653 -1.357307
v 1.726419 0.821594 -1.357011
v 1.726719 0.821594 -1.356909
v 1.727511 0.821598 -1.356660
v 1.727738 0.821598 -1.356583
v 1.728426 0.821601 -1.356359
v 1.728651 0.821601 -1.356276
v 1.729353 0.821601 -1.356033
v 1.729610 0.821601 -1.355945
v 1.739727 0.822065 -1.354922
v 1.719712 0.821374 -1.357543
v 1.719720 0.821362 -1.357566
v 1.719726 0.821345 -1.357586
v 1.719732 0.821324 -1.357602
v 1.719738 0.821300 -1.357615
v 1.719740 0.821275 -1.357622
v 1.719740 0.821222 -1.357622
v 1.719741 0.821249 -1.357625
v 1.720701 0.821275 -1.357289
v 1.720699 0.821300 -1.357282
v 1.720694 0.821324 -1.357268
v 1.720688 0.821345 -1.357253
v 1.720682 0.821362 -1.357233
v 1.720674 0.821374 -1.357210
v 1.720666 0.821382 -1.357186
v 1.720657 0.821385 -1.357160
v 1.720648 0.821382 -1.357135
v 1.720639 0.821374 -1.357109
v 1.720630 0.821362 -1.357088
v 1.720624 0.821345 -1.357068
v 1.720619 0.821324 -1.357051
v 1.720615 0.821300 -1.357040
v 1.720612 0.821275 -1.357033
v 1.720610 0.821249 -1.357030
v 1.720612 0.821222 -1.357033
v 1.720615 0.821197 -1.357040
v 1.720619 0.821173 -1.357051
v 1.720624 0.821151 -1.357068
v 1.720630 0.821135 -1.357088
v 1.720639 0.821122 -1.357109
v 1.720648 0.821115 -1.357135
v 1.720657 0.821111 -1.357160
v 1.720666 0.821115 -1.357186
v 1.720674 0.821122 -1.357210
v 1.720682 0.821135 -1.357233
v 1.720688 0.821151 -1.357253
v 1.720694 0.821173 -1.357268
v 1.720699 0.821197 -1.357282
v 1.884962 0.821330 -1.307412
v 1.884921 0.819969 -1.307285
v 1.883899 0.819969 -1.307642
v 1.883942 0.821330 -1.307765
v 1.884957 0.821330 -1.306679
v 1.884919 0.820105 -1.306564
v 1.905592 0.821330 -1.298324
v 1.905561 0.820320 -1.298231
v 1.905425 0.821330 -1.297835
v 1.905393 0.820424 -1.297750
v 1.905128 0.821331 -1.297671
v 1.905106 0.820473 -1.297588
v 1.884787 0.818659 -1.306910
v 1.883768 0.818659 -1.307263
v 1.884803 0.818923 -1.306224
v 1.905462 0.819350 -1.297951
v 1.905306 0.819550 -1.297499
v 1.905051 0.819646 -1.297342
v 1.884575 0.817450 -1.306301
v 1.883556 0.817450 -1.306655
v 1.884612 0.817837 -1.305678
v 1.905306 0.818456 -1.297499
v 1.905167 0.818743 -1.297093
v 1.904890 0.818883 -1.296967
v 1.884293 0.816392 -1.305478
v 1.883271 0.816392 -1.305835
v 1.884352 0.816883 -1.304939
v 1.905094 0.817673 -1.296891
v 1.904976 0.818037 -1.296546
v 1.904704 0.818216 -1.296452
v 1.883943 0.815521 -1.304478
v 1.882921 0.815521 -1.304835
v 1.884040 0.816100 -1.304036
v 1.904840 0.817031 -1.296151
v 1.904744 0.817458 -1.295882
v 1.904493 0.817668 -1.295820
v 1.883545 0.814879 -1.303339
v 1.882525 0.814879 -1.303692
v 1.883682 0.815517 -1.303009
v 1.904545 0.816551 -1.295308
v 1.904480 0.817027 -1.295118
v 1.904274 0.817261 -1.295089
v 1.883118 0.814479 -1.302103
v 1.882098 0.814479 -1.302456
v 1.883298 0.815162 -1.301895
v 1.904225 0.816256 -1.294387
v 1.904194 0.816763 -1.294293
v 1.903972 0.817011 -1.294319
v 1.882669 0.814344 -1.300814
v 1.881649 0.814344 -1.301167
v 1.882893 0.815038 -1.300735
v 1.903895 0.816156 -1.293434
v 1.903895 0.816671 -1.293434
v 1.903681 0.816925 -1.293509
v 1.882221 0.814479 -1.299525
v 1.881199 0.814479 -1.299882
v 1.882491 0.815162 -1.299580
v 1.903565 0.816256 -1.292481
v 1.903594 0.816763 -1.292578
v 1.903404 0.817011 -1.292696
v 1.881794 0.814879 -1.298288
v 1.880772 0.814879 -1.298645
v 1.882103 0.815517 -1.298464
v 1.903246 0.816551 -1.291566
v 1.903308 0.817027 -1.291753
v 1.903161 0.817261 -1.291906
v 1.881396 0.815521 -1.297149
v 1.880376 0.815521 -1.297502
v 1.881744 0.816100 -1.297437
v 1.902948 0.817031 -1.290721
v 1.903044 0.817458 -1.290990
v 1.902884 0.817668 -1.291195
v 1.881046 0.816392 -1.296149
v 1.880026 0.816392 -1.296502
v 1.881432 0.816883 -1.296534
v 1.902694 0.817673 -1.289981
v 1.902812 0.818037 -1.290325
v 1.902658 0.818216 -1.290568
v 1.880764 0.817450 -1.295326
v 1.879742 0.817450 -1.295683
v 1.881176 0.817837 -1.295798
v 1.902482 0.818456 -1.289372
v 1.902623 0.818743 -1.289775
v 1.902487 0.818883 -1.290047
v 1.880551 0.818659 -1.294718
v 1.879530 0.818659 -1.295074
v 1.880984 0.818923 -1.295245
v 1.902326 0.819350 -1.288921
v 1.902482 0.819550 -1.289372
v 1.902387 0.819646 -1.289651
v 1.880418 0.819969 -1.294342
v 1.879398 0.819969 -1.294695
v 1.880865 0.820105 -1.294909
v 1.902227 0.820320 -1.288641
v 1.902394 0.820424 -1.289121
v 1.902270 0.820473 -1.289426
v 1.880377 0.821330 -1.294216
v 1.879355 0.821330 -1.294572
v 1.880828 0.821330 -1.294794
v 1.902196 0.821330 -1.288547
v 1.902363 0.821330 -1.289037
v 1.902233 0.821331 -1.289350
v 1.880418 0.822696 -1.294342
v 1.879398 0.822696 -1.294695
v 1.880865 0.822560 -1.294909
v 1.902227 0.822340 -1.288641
v 1.902394 0.822240 -1.289121
v 1.902269 0.822191 -1.289427
v 1.880551 0.824005 -1.294718
v 1.879530 0.824005 -1.295074
v 1.880984 0.823738 -1.295245
v 1.902326 0.823310 -1.288921
v 1.902482 0.823115 -1.289372
v 1.902381 0.823017 -1.289654
v 1.880763 0.825211 -1.295326
v 1.879742 0.825211 -1.295683
v 1.881176 0.824827 -1.295798
v 1.902482 0.824205 -1.289372
v 1.902623 0.823921 -1.289775
v 1.902486 0.823780 -1.290047
v 1.881046 0.826273 -1.296149
v 1.880026 0.826273 -1.296502
v 1.881432 0.825778 -1.296534
v 1.902694 0.824991 -1.289981
v 1.902812 0.824624 -1.290325
v 1.902658 0.824446 -1.290568
v 1.881396 0.827139 -1.297149
v 1.880376 0.827139 -1.297502
v 1.881744 0.826560 -1.297437
v 1.902948 0.825634 -1.290721
v 1.903044 0.825203 -1.290990
v 1.902884 0.824993 -1.291194
v 1.881794 0.827786 -1.298288
v 1.880772 0.827786 -1.298645
v 1.882103 0.827143 -1.298464
v 1.903246 0.826113 -1.291566
v 1.903308 0.825634 -1.291753
v 1.903167 0.825400 -1.291904
v 1.882221 0.828181 -1.299525
v 1.881199 0.828181 -1.299882
v 1.882491 0.827502 -1.299580
v 1.903565 0.826404 -1.292481
v 1.903594 0.825901 -1.292578
v 1.903405 0.825653 -1.292696
v 1.882669 0.828317 -1.300814
v 1.881649 0.828317 -1.301167
v 1.882893 0.827622 -1.300735
v 1.903895 0.826504 -1.293434
v 1.903895 0.825989 -1.293434
v 1.903681 0.825737 -1.293509
v 1.883118 0.828181 -1.302103
v 1.882098 0.828181 -1.302456
v 1.883298 0.827502 -1.301895
v 1.904225 0.826404 -1.294387
v 1.904194 0.825901 -1.294293
v 1.903971 0.825653 -1.294319
v 1.883545 0.827786 -1.303339
v 1.882525 0.827786 -1.303692
v 1.883682 0.827143 -1.303009
v 1.904545 0.826113 -1.295308
v 1.904480 0.825634 -1.295118
v 1.904268 0.825400 -1.295091
v 1.883943 0.827139 -1.304478
v 1.882921 0.827139 -1.304835
v 1.884040 0.826560 -1.304036
v 1.904840 0.825634 -1.296151
v 1.904744 0.825203 -1.295882
v 1.904492 0.824993 -1.295820
v 1.884293 0.826273 -1.305478
v 1.883271 0.826273 -1.305835
v 1.884352 0.825778 -1.304939
v 1.905094 0.824991 -1.296891
v 1.904976 0.824624 -1.296546
v 1.904704 0.824446 -1.296452
v 1.884575 0.825211 -1.306301
v 1.883556 0.825211 -1.306655
v 1.884612 0.824827 -1.305678
v 1.905306 0.824205 -1.297499
v 1.905167 0.823921 -1.297093
v 1.904891 0.823780 -1.296967
v 1.884787 0.824005 -1.306910
v 1.883768 0.824005 -1.307263
v 1.884803 0.823738 -1.306224
v 1.905462 0.823310 -1.297951
v 1.905306 0.823115 -1.297499
v 1.905055 0.823017 -1.297340
v 1.884921 0.822696 -1.307285
v 1.883899 0.822696 -1.307642
v 1.884919 0.822560 -1.306564
v 1.905561 0.822340 -1.298231
v 1.905393 0.822240 -1.297750
v 1.905107 0.822191 -1.297588
v 1.905117 0.821152 -1.297296
v 1.905085 0.820330 -1.297272
v 1.905023 0.819712 -1.297174
v 1.904929 0.819184 -1.296825
v 1.904764 0.818570 -1.296292
v 1.904562 0.818038 -1.295642
v 1.904331 0.817634 -1.294905
v 1.904036 0.817374 -1.294127
v 1.903733 0.817269 -1.293324
v 1.903442 0.817309 -1.292548
v 1.903212 0.817426 -1.291964
v 1.903067 0.817784 -1.291467
v 1.902890 0.818342 -1.290889
v 1.902741 0.819030 -1.290381
v 1.902631 0.819812 -1.289990
v 1.902520 0.820651 -1.289748
v 1.902458 0.821511 -1.289650
v 1.902449 0.822334 -1.289688
v 1.902462 0.822951 -1.289803
v 1.902604 0.823478 -1.290135
v 1.902804 0.824092 -1.290655
v 1.903049 0.824623 -1.291291
v 1.903324 0.825028 -1.292012
v 1.903575 0.825288 -1.292806
v 1.903836 0.825394 -1.293623
v 1.904091 0.825354 -1.294412
v 1.904272 0.825235 -1.295014
v 1.904467 0.824878 -1.295493
v 1.904686 0.824320 -1.296057
v 1.904883 0.823633 -1.296547
v 1.905038 0.822852 -1.296923
v 1.905103 0.822012 -1.297181
v 1.904358 0.824893 -1.294807
v 1.904153 0.824856 -1.293945
v 1.903902 0.824689 -1.293055
v 1.903632 0.824386 -1.292187
v 1.903323 0.823957 -1.291388
v 1.903017 0.823423 -1.290678
v 1.902719 0.822828 -1.290094
v 1.904636 0.824242 -1.295311
v 1.904482 0.824099 -1.294381
v 1.904241 0.823849 -1.293417
v 1.903948 0.823492 -1.292469
v 1.903603 0.823043 -1.291580
v 1.903231 0.822520 -1.290781
v 1.902830 0.821965 -1.290118
v 1.904868 0.823450 -1.295786
v 1.904744 0.823190 -1.294833
v 1.904509 0.822851 -1.293835
v 1.904201 0.822448 -1.292839
v 1.903832 0.821996 -1.291885
v 1.903417 0.821514 -1.291014
v 1.902952 0.821034 -1.290276
v 1.905041 0.822564 -1.296185
v 1.904932 0.822186 -1.295257
v 1.904702 0.821767 -1.294268
v 1.904389 0.821331 -1.293263
v 1.904012 0.820896 -1.292281
v 1.903579 0.820478 -1.291363
v 1.903089 0.820100 -1.290567
v 1.905116 0.821630 -1.296498
v 1.905023 0.821150 -1.295631
v 1.904808 0.820666 -1.294689
v 1.904507 0.820214 -1.293712
v 1.904132 0.819812 -1.292740
v 1.903696 0.819474 -1.291811
v 1.903201 0.819214 -1.290987
v 1.905119 0.820698 -1.296697
v 1.905022 0.820142 -1.295928
v 1.904819 0.819619 -1.295071
v 1.904539 0.819170 -1.294159
v 1.904181 0.818814 -1.293234
v 1.903771 0.818564 -1.292328
v 1.903314 0.818422 -1.291504
v 1.905046 0.819835 -1.296784
v 1.904918 0.819239 -1.296141
v 1.904718 0.818704 -1.295395
v 1.904465 0.818276 -1.294576
v 1.904139 0.817974 -1.293728
v 1.903782 0.817807 -1.292874
v 1.903408 0.817770 -1.292072
v 1.880892 0.821973 -1.295864
v 1.880855 0.821163 -1.295760
v 1.880898 0.820249 -1.295880
v 1.880556 0.821973 -1.295978
v 1.880520 0.821163 -1.295875
v 1.880562 0.820249 -1.295994
v 1.881172 0.817054 -1.297752
v 1.881402 0.816512 -1.298412
v 1.881698 0.816145 -1.299266
v 1.881508 0.817054 -1.297634
v 1.881737 0.816512 -1.298294
v 1.882035 0.816145 -1.299150
v 1.882888 0.816166 -1.302684
v 1.883166 0.816512 -1.303485
v 1.883410 0.817090 -1.304187
v 1.883224 0.816166 -1.302565
v 1.883502 0.816512 -1.303366
v 1.883746 0.817090 -1.304069
v 1.884009 0.820286 -1.305907
v 1.884048 0.821163 -1.306022
v 1.884012 0.821976 -1.305917
v 1.884344 0.820286 -1.305790
v 1.884383 0.821163 -1.305904
v 1.884347 0.821976 -1.305800
v 1.883404 0.825248 -1.304169
v 1.883166 0.825813 -1.303485
v 1.882886 0.826159 -1.302680
v 1.883740 0.825248 -1.304051
v 1.883502 0.825813 -1.303366
v 1.883222 0.826159 -1.302561
v 1.881670 0.826145 -1.299184
v 1.881402 0.825813 -1.298413
v 1.881157 0.825232 -1.297710
v 1.882007 0.826145 -1.299068
v 1.881738 0.825813 -1.298294
v 1.881493 0.825232 -1.297591
v 1.742114 0.821322 -1.353819
v 1.742088 0.820563 -1.353746
v 1.742017 0.819832 -1.353538
v 1.741899 0.819162 -1.353200
v 1.741740 0.818572 -1.352742
v 1.741547 0.818086 -1.352184
v 1.741327 0.817729 -1.351550
v 1.741086 0.817508 -1.350862
v 1.740835 0.817433 -1.350145
v 1.740588 0.817508 -1.349427
v 1.740348 0.817729 -1.348739
v 1.740127 0.818086 -1.348104
v 1.739935 0.818572 -1.347546
v 1.739774 0.819162 -1.347091
v 1.739657 0.819832 -1.346750
v 1.739584 0.820563 -1.346541
v 1.739559 0.821322 -1.346472
v 1.739584 0.822081 -1.346541
v 1.739657 0.822809 -1.346750
v 1.739774 0.823482 -1.347091
v 1.739935 0.824072 -1.347546
v 1.740127 0.824555 -1.348104
v 1.740348 0.824915 -1.348739
v 1.740588 0.825136 -1.349427
v 1.740835 0.825211 -1.350145
v 1.741086 0.825136 -1.350862
v 1.741327 0.824915 -1.351550
v 1.741547 0.824555 -1.352184
v 1.741740 0.824072 -1.352742
v 1.741899 0.823482 -1.353200
v 1.742017 0.822809 -1.353538
v 1.742088 0.822081 -1.353746
v 1.731854 0.821250 -1.357642
v 1.732141 0.821250 -1.357645
v 1.731990 0.821250 -1.357665
v 1.732115 0.820432 -1.357567
v 1.731828 0.820450 -1.357567
v 1.731964 0.820438 -1.357588
v 1.732038 0.819649 -1.357340
v 1.731753 0.819686 -1.357344
v 1.731888 0.819661 -1.357362
v 1.731628 0.818980 -1.356984
v 1.731910 0.818927 -1.356971
v 1.731760 0.818944 -1.356996
v 1.731737 0.818296 -1.356475
v 1.731459 0.818363 -1.356499
v 1.731589 0.818317 -1.356503
v 1.731250 0.817856 -1.355908
v 1.731523 0.817777 -1.355870
v 1.731377 0.817802 -1.355903
v 1.731015 0.817478 -1.355233
v 1.731283 0.817390 -1.355179
v 1.731138 0.817418 -1.355217
v 1.730763 0.817248 -1.354499
v 1.731025 0.817154 -1.354428
v 1.730883 0.817184 -1.354471
v 1.730754 0.817070 -1.353652
v 1.730498 0.817166 -1.353740
v 1.730613 0.817101 -1.353701
v 1.730232 0.817248 -1.352977
v 1.730481 0.817154 -1.352870
v 1.730343 0.817184 -1.352925
v 1.730222 0.817390 -1.352123
v 1.729978 0.817478 -1.352246
v 1.730085 0.817418 -1.352183
v 1.729744 0.817856 -1.351571
v 1.729982 0.817777 -1.351431
v 1.729847 0.817802 -1.351496
v 1.729773 0.818296 -1.350825
v 1.729540 0.818363 -1.350978
v 1.729640 0.818317 -1.350894
v 1.729597 0.818927 -1.350326
v 1.729368 0.818980 -1.350491
v 1.729465 0.818944 -1.350400
v 1.729243 0.819686 -1.350131
v 1.729469 0.819649 -1.349958
v 1.729338 0.819661 -1.350034
v 1.729392 0.820432 -1.349731
v 1.729168 0.820450 -1.349909
v 1.729261 0.820438 -1.349808
v 1.729142 0.821250 -1.349833
v 1.729366 0.821250 -1.349653
v 1.729235 0.821250 -1.349731
v 1.729168 0.822046 -1.349909
v 1.729392 0.822065 -1.349731
v 1.729261 0.822059 -1.349808
v 1.729243 0.822811 -1.350131
v 1.729469 0.822847 -1.349958
v 1.729338 0.822836 -1.350034
v 1.729368 0.823517 -1.350491
v 1.729597 0.823570 -1.350327
v 1.729465 0.823553 -1.350400
v 1.729540 0.824133 -1.350978
v 1.729773 0.824200 -1.350825
v 1.729640 0.824179 -1.350894
v 1.729982 0.824719 -1.351431
v 1.729744 0.824640 -1.351571
v 1.729847 0.824694 -1.351496
v 1.730222 0.825107 -1.352123
v 1.729978 0.825018 -1.352246
v 1.730085 0.825079 -1.352183
v 1.730232 0.825253 -1.352977
v 1.730481 0.825346 -1.352870
v 1.730343 0.825316 -1.352925
v 1.730754 0.825426 -1.353652
v 1.730498 0.825330 -1.353740
v 1.730613 0.825396 -1.353701
v 1.730763 0.825253 -1.354499
v 1.731025 0.825346 -1.354428
v 1.730883 0.825316 -1.354471
v 1.731283 0.825107 -1.355179
v 1.731015 0.825018 -1.355233
v 1.731138 0.825079 -1.355217
v 1.731523 0.824719 -1.355870
v 1.731250 0.824640 -1.355908
v 1.731377 0.824694 -1.355903
v 1.731737 0.824200 -1.356475
v 1.731459 0.824133 -1.356499
v 1.731589 0.824179 -1.356503
v 1.731628 0.823517 -1.356984
v 1.731910 0.823570 -1.356971
v 1.731760 0.823553 -1.356996
v 1.731753 0.822811 -1.357344
v 1.732038 0.822847 -1.357340
v 1.731888 0.822836 -1.357362
v 1.731828 0.822046 -1.357567
v 1.732115 0.822065 -1.357567
v 1.731964 0.822059 -1.357588
v 1.729966 0.821250 -1.356879
v 1.729913 0.821250 -1.356823
v 1.729948 0.820710 -1.356828
v 1.729895 0.820723 -1.356773
v 1.729845 0.820221 -1.356625
v 1.729897 0.820194 -1.356677
v 1.729812 0.819718 -1.356434
v 1.729762 0.819757 -1.356389
v 1.729649 0.819348 -1.356069
v 1.729696 0.819298 -1.356106
v 1.729514 0.819014 -1.355680
v 1.729558 0.818955 -1.355707
v 1.729361 0.818767 -1.355235
v 1.729400 0.818701 -1.355251
v 1.729193 0.818613 -1.354752
v 1.729228 0.818544 -1.354755
v 1.729020 0.818562 -1.354253
v 1.729050 0.818491 -1.354242
v 1.728869 0.818544 -1.353728
v 1.728843 0.818613 -1.353752
v 1.728700 0.818701 -1.353234
v 1.728678 0.818767 -1.353270
v 1.728525 0.819014 -1.352826
v 1.728542 0.818955 -1.352778
v 1.728401 0.819298 -1.352377
v 1.728387 0.819348 -1.352435
v 1.728277 0.819757 -1.352117
v 1.728288 0.819718 -1.352050
v 1.728203 0.820194 -1.351808
v 1.728195 0.820221 -1.351880
v 1.728152 0.820710 -1.351657
v 1.728144 0.820723 -1.351733
v 1.728134 0.821250 -1.351606
v 1.728127 0.821250 -1.351683
v 1.728144 0.821773 -1.351733
v 1.728152 0.821787 -1.351657
v 1.728195 0.822276 -1.351880
v 1.728203 0.822303 -1.351808
v 1.728288 0.822779 -1.352050
v 1.728277 0.822740 -1.352117
v 1.728387 0.823148 -1.352435
v 1.728401 0.823198 -1.352377
v 1.728542 0.823541 -1.352778
v 1.728525 0.823482 -1.352826
v 1.728678 0.823730 -1.353270
v 1.728700 0.823795 -1.353234
v 1.728843 0.823883 -1.353752
v 1.728869 0.823952 -1.353728
v 1.729050 0.824005 -1.354242
v 1.729020 0.823934 -1.354253
v 1.729228 0.823952 -1.354755
v 1.729193 0.823883 -1.354752
v 1.729400 0.823795 -1.355251
v 1.729361 0.823730 -1.355235
v 1.729558 0.823541 -1.355707
v 1.729514 0.823482 -1.355680
v 1.729649 0.823148 -1.356069
v 1.729696 0.823198 -1.356106
v 1.729762 0.822740 -1.356389
v 1.729812 0.822779 -1.356434
v 1.729845 0.822276 -1.356625
v 1.729897 0.822303 -1.356677
v 1.729948 0.821787 -1.356828
v 1.729895 0.821773 -1.356773
v 1.726887 0.821250 -1.357319
v 1.726990 0.821250 -1.357365
v 1.726975 0.820811 -1.357326
v 1.726873 0.820826 -1.357281
v 1.727624 0.821250 -1.357062
v 1.727572 0.821250 -1.357162
v 1.727610 0.820826 -1.357024
v 1.727557 0.820811 -1.357122
v 1.727892 0.821250 -1.356971
v 1.727993 0.821250 -1.357018
v 1.727878 0.820826 -1.356933
v 1.727978 0.820811 -1.356978
v 1.728491 0.821250 -1.356845
v 1.728542 0.821250 -1.356745
v 1.728476 0.820811 -1.356805
v 1.728527 0.820825 -1.356707
v 1.728808 0.821250 -1.356652
v 1.728910 0.821250 -1.356698
v 1.728793 0.820825 -1.356614
v 1.728895 0.820811 -1.356658
v 1.729462 0.821250 -1.356425
v 1.729410 0.821250 -1.356525
v 1.729395 0.820811 -1.356485
v 1.729448 0.820825 -1.356387
v 1.726932 0.820388 -1.357203
v 1.726832 0.820417 -1.357162
v 1.727571 0.820417 -1.356907
v 1.727518 0.820388 -1.357001
v 1.727935 0.820388 -1.356855
v 1.727836 0.820417 -1.356814
v 1.728486 0.820417 -1.356588
v 1.728433 0.820388 -1.356682
v 1.728852 0.820388 -1.356535
v 1.728752 0.820417 -1.356495
v 1.729352 0.820388 -1.356362
v 1.729407 0.820417 -1.356268
v 1.726765 0.820043 -1.356969
v 1.726863 0.820001 -1.357003
v 1.727449 0.820001 -1.356801
v 1.727505 0.820043 -1.356713
v 1.727769 0.820043 -1.356620
v 1.727866 0.820001 -1.356655
v 1.728419 0.820043 -1.356395
v 1.728364 0.820001 -1.356482
v 1.728688 0.820043 -1.356303
v 1.728787 0.820001 -1.356337
v 1.729340 0.820043 -1.356074
v 1.729283 0.820001 -1.356162
v 1.726771 0.819661 -1.356736
v 1.726676 0.819715 -1.356711
v 1.727415 0.819715 -1.356455
v 1.727356 0.819661 -1.356534
v 1.727680 0.819715 -1.356362
v 1.727774 0.819661 -1.356388
v 1.728272 0.819661 -1.356215
v 1.728330 0.819715 -1.356136
v 1.728596 0.819715 -1.356043
v 1.728691 0.819661 -1.356068
v 1.729191 0.819661 -1.355895
v 1.729251 0.819715 -1.355816
v 1.726568 0.819446 -1.356398
v 1.726659 0.819382 -1.356412
v 1.727242 0.819382 -1.356209
v 1.727305 0.819446 -1.356142
v 1.727663 0.819382 -1.356064
v 1.727572 0.819445 -1.356050
v 1.728219 0.819446 -1.355822
v 1.728157 0.819382 -1.355890
v 1.728580 0.819382 -1.355745
v 1.728488 0.819446 -1.355731
v 1.729143 0.819446 -1.355504
v 1.729080 0.819382 -1.355572
v 1.726443 0.819245 -1.356038
v 1.726530 0.819174 -1.356039
v 1.727112 0.819174 -1.355835
v 1.727179 0.819245 -1.355781
v 1.727447 0.819245 -1.355689
v 1.727533 0.819174 -1.355691
v 1.728029 0.819174 -1.355521
v 1.728095 0.819245 -1.355467
v 1.728363 0.819245 -1.355370
v 1.728450 0.819174 -1.355371
v 1.728950 0.819174 -1.355198
v 1.729017 0.819245 -1.355143
v 1.726388 0.819046 -1.355636
v 1.726307 0.819122 -1.355649
v 1.727046 0.819122 -1.355393
v 1.726974 0.819046 -1.355434
v 1.727311 0.819122 -1.355301
v 1.727392 0.819046 -1.355288
v 1.727890 0.819046 -1.355115
v 1.727961 0.819122 -1.355074
v 1.728226 0.819122 -1.354981
v 1.728309 0.819046 -1.354969
v 1.728881 0.819122 -1.354754
v 1.728809 0.819046 -1.354796
v 1.726242 0.819003 -1.355217
v 1.726165 0.819080 -1.355244
v 1.726905 0.819080 -1.354989
v 1.726828 0.819003 -1.355016
v 1.727245 0.819003 -1.354869
v 1.727169 0.819080 -1.354896
v 1.727820 0.819080 -1.354670
v 1.727743 0.819003 -1.354697
v 1.728166 0.819003 -1.354551
v 1.728088 0.819080 -1.354579
v 1.728740 0.819080 -1.354350
v 1.728662 0.819003 -1.354377
v 1.726096 0.819046 -1.354799
v 1.726024 0.819122 -1.354840
v 1.726763 0.819122 -1.354584
v 1.726681 0.819046 -1.354597
v 1.727099 0.819046 -1.354450
v 1.727028 0.819122 -1.354491
v 1.727678 0.819122 -1.354266
v 1.727597 0.819046 -1.354277
v 1.727947 0.819122 -1.354174
v 1.728019 0.819046 -1.354133
v 1.728516 0.819046 -1.353958
v 1.728599 0.819122 -1.353945
v 1.725891 0.819245 -1.354452
v 1.725958 0.819174 -1.354398
v 1.726540 0.819174 -1.354194
v 1.726627 0.819245 -1.354196
v 1.726963 0.819174 -1.354046
v 1.726896 0.819245 -1.354101
v 1.727542 0.819245 -1.353877
v 1.727456 0.819174 -1.353875
v 1.727880 0.819174 -1.353727
v 1.727812 0.819245 -1.353782
v 1.728467 0.819245 -1.353555
v 1.728380 0.819174 -1.353554
v 1.725765 0.819445 -1.354092
v 1.725828 0.819382 -1.354024
v 1.726410 0.819382 -1.353821
v 1.726502 0.819446 -1.353835
v 1.726769 0.819446 -1.353743
v 1.726831 0.819382 -1.353676
v 1.727420 0.819446 -1.353518
v 1.727329 0.819382 -1.353503
v 1.727748 0.819382 -1.353357
v 1.727685 0.819446 -1.353424
v 1.728248 0.819382 -1.353183
v 1.728340 0.819446 -1.353197
v 1.725654 0.819715 -1.353778
v 1.725713 0.819661 -1.353699
v 1.726298 0.819661 -1.353497
v 1.726394 0.819715 -1.353522
v 1.726660 0.819715 -1.353426
v 1.726718 0.819661 -1.353348
v 1.727214 0.819661 -1.353178
v 1.727309 0.819716 -1.353203
v 1.727638 0.819661 -1.353030
v 1.727579 0.819715 -1.353109
v 1.728231 0.819715 -1.352880
v 1.728135 0.819661 -1.352855
v 1.725621 0.820001 -1.353432
v 1.725565 0.820043 -1.353519
v 1.726304 0.820043 -1.353264
v 1.726206 0.820001 -1.353230
v 1.726624 0.820001 -1.353084
v 1.726570 0.820043 -1.353171
v 1.727220 0.820043 -1.352945
v 1.727122 0.820001 -1.352911
v 1.727541 0.820001 -1.352764
v 1.727485 0.820043 -1.352852
v 1.728043 0.820001 -1.352588
v 1.728141 0.820042 -1.352622
v 1.725499 0.820417 -1.353326
v 1.725552 0.820388 -1.353232
v 1.726137 0.820388 -1.353030
v 1.726238 0.820417 -1.353070
v 1.726503 0.820417 -1.352977
v 1.726555 0.820388 -1.352884
v 1.727053 0.820388 -1.352711
v 1.727153 0.820418 -1.352751
v 1.727421 0.820417 -1.352660
v 1.727476 0.820388 -1.352566
v 1.728073 0.820417 -1.352431
v 1.727973 0.820388 -1.352391
v 1.725513 0.820811 -1.353111
v 1.725461 0.820826 -1.353209
v 1.726196 0.820826 -1.352952
v 1.726095 0.820811 -1.352907
v 1.726461 0.820826 -1.352859
v 1.726513 0.820811 -1.352761
v 1.727010 0.820811 -1.352588
v 1.727111 0.820825 -1.352633
v 1.727381 0.820825 -1.352541
v 1.727433 0.820811 -1.352443
v 1.727930 0.820811 -1.352268
v 1.728032 0.820825 -1.352313
v 1.725443 0.821250 -1.353168
v 1.725495 0.821250 -1.353069
v 1.726080 0.821250 -1.352867
v 1.726182 0.821250 -1.352913
v 1.726498 0.821250 -1.352721
v 1.726447 0.821250 -1.352820
v 1.727097 0.821250 -1.352594
v 1.726996 0.821250 -1.352548
v 1.727418 0.821250 -1.352403
v 1.727365 0.821250 -1.352503
v 1.728018 0.821250 -1.352274
v 1.727915 0.821250 -1.352229
v 1.725461 0.821671 -1.353209
v 1.725513 0.821685 -1.353111
v 1.726095 0.821685 -1.352907
v 1.726196 0.821671 -1.352952
v 1.726461 0.821671 -1.352859
v 1.726513 0.821685 -1.352761
v 1.727010 0.821685 -1.352588
v 1.727111 0.821671 -1.352633
v 1.727381 0.821671 -1.352541
v 1.727433 0.821685 -1.352443
v 1.727930 0.821685 -1.352268
v 1.728032 0.821671 -1.352313
v 1.725552 0.822109 -1.353232
v 1.725499 0.822080 -1.353326
v 1.726238 0.822079 -1.353070
v 1.726137 0.822109 -1.353030
v 1.726503 0.822079 -1.352977
v 1.726555 0.822109 -1.352884
v 1.727053 0.822109 -1.352711
v 1.727153 0.822079 -1.352751
v 1.727476 0.822109 -1.352566
v 1.727421 0.822079 -1.352660
v 1.728073 0.822079 -1.352431
v 1.727973 0.822109 -1.352391
v 1.725621 0.822496 -1.353432
v 1.725565 0.822453 -1.353519
v 1.726206 0.822496 -1.353230
v 1.726304 0.822453 -1.353264
v 1.726624 0.822496 -1.353084
v 1.726570 0.822453 -1.353171
v 1.727220 0.822453 -1.352945
v 1.727122 0.822496 -1.352911
v 1.727485 0.822454 -1.352852
v 1.727541 0.822496 -1.352764
v 1.728043 0.822496 -1.352588
v 1.728141 0.822454 -1.352622
v 1.725713 0.822835 -1.353699
v 1.725654 0.822781 -1.353778
v 1.726394 0.822781 -1.353522
v 1.726298 0.822835 -1.353497
v 1.726660 0.822782 -1.353426
v 1.726718 0.822835 -1.353348
v 1.727214 0.822835 -1.353178
v 1.727309 0.822781 -1.353203
v 1.727638 0.822835 -1.353030
v 1.727579 0.822781 -1.353109
v 1.728231 0.822781 -1.352880
v 1.728135 0.822835 -1.352855
v 1.725828 0.823115 -1.354024
v 1.725765 0.823051 -1.354092
v 1.726502 0.823051 -1.353835
v 1.726410 0.823115 -1.353821
v 1.726831 0.823115 -1.353676
v 1.726769 0.823050 -1.353743
v 1.727420 0.823051 -1.353518
v 1.727329 0.823115 -1.353503
v 1.727748 0.823115 -1.353357
v 1.727685 0.823051 -1.353424
v 1.728340 0.823051 -1.353197
v 1.728248 0.823115 -1.353183
v 1.725891 0.823251 -1.354452
v 1.725958 0.823322 -1.354398
v 1.726627 0.823251 -1.354196
v 1.726540 0.823322 -1.354194
v 1.726963 0.823322 -1.354046
v 1.726896 0.823251 -1.354101
v 1.727542 0.823251 -1.353877
v 1.727456 0.823322 -1.353875
v 1.727812 0.823251 -1.353782
v 1.727880 0.823322 -1.353727
v 1.728380 0.823322 -1.353554
v 1.728467 0.823251 -1.353555
v 1.726024 0.823374 -1.354840
v 1.726096 0.823450 -1.354799
v 1.726681 0.823450 -1.354597
v 1.726763 0.823374 -1.354584
v 1.727028 0.823374 -1.354491
v 1.727099 0.823450 -1.354450
v 1.727597 0.823450 -1.354277
v 1.727678 0.823374 -1.354266
v 1.728019 0.823450 -1.354133
v 1.727947 0.823375 -1.354174
v 1.728599 0.823374 -1.353945
v 1.728516 0.823450 -1.353958
v 1.726165 0.823417 -1.355244
v 1.726242 0.823494 -1.355217
v 1.726828 0.823494 -1.355016
v 1.726905 0.823417 -1.354989
v 1.727245 0.823494 -1.354869
v 1.727169 0.823417 -1.354896
v 1.727820 0.823417 -1.354670
v 1.727743 0.823494 -1.354697
v 1.728088 0.823417 -1.354579
v 1.728166 0.823494 -1.354551
v 1.728662 0.823494 -1.354377
v 1.728740 0.823417 -1.354350
v 1.726307 0.823374 -1.355649
v 1.726388 0.823450 -1.355636
v 1.726974 0.823450 -1.355434
v 1.727046 0.823374 -1.355393
v 1.727392 0.823450 -1.355288
v 1.727311 0.823374 -1.355301
v 1.727961 0.823374 -1.355074
v 1.727890 0.823450 -1.355115
v 1.728309 0.823450 -1.354969
v 1.728226 0.823375 -1.354981
v 1.728881 0.823375 -1.354754
v 1.728809 0.823450 -1.354796
v 1.726530 0.823322 -1.356039
v 1.726443 0.823251 -1.356038
v 1.727179 0.823251 -1.355781
v 1.727112 0.823322 -1.355835
v 1.727447 0.823251 -1.355689
v 1.727533 0.823322 -1.355691
v 1.728029 0.823322 -1.355521
v 1.728095 0.823251 -1.355467
v 1.728450 0.823322 -1.355371
v 1.728363 0.823251 -1.355370
v 1.729017 0.823251 -1.355143
v 1.728950 0.823322 -1.355198
v 1.726568 0.823051 -1.356398
v 1.726659 0.823115 -1.356412
v 1.727305 0.823050 -1.356142
v 1.727242 0.823115 -1.356209
v 1.727572 0.823051 -1.356050
v 1.727663 0.823115 -1.356064
v 1.728219 0.823051 -1.355822
v 1.728157 0.823115 -1.355890
v 1.728488 0.823051 -1.355731
v 1.728580 0.823115 -1.355745
v 1.729080 0.823115 -1.355572
v 1.729143 0.823051 -1.355504
v 1.726676 0.822781 -1.356711
v 1.726771 0.822835 -1.356736
v 1.727356 0.822835 -1.356534
v 1.727415 0.822781 -1.356455
v 1.727680 0.822781 -1.356362
v 1.727774 0.822835 -1.356388
v 1.728272 0.822835 -1.356215
v 1.728330 0.822781 -1.356136
v 1.728596 0.822781 -1.356043
v 1.728691 0.822835 -1.356068
v 1.729191 0.822835 -1.355895
v 1.729251 0.822781 -1.355816
v 1.726863 0.822496 -1.357003
v 1.726765 0.822453 -1.356969
v 1.727505 0.822454 -1.356713
v 1.727449 0.822496 -1.356801
v 1.727866 0.822496 -1.356655
v 1.727769 0.822453 -1.356620
v 1.728419 0.822453 -1.356395
v 1.728364 0.822496 -1.356482
v 1.728787 0.822496 -1.356337
v 1.728688 0.822454 -1.356303
v 1.729340 0.822453 -1.356074
v 1.729283 0.822496 -1.356162
v 1.726832 0.822079 -1.357162
v 1.726932 0.822109 -1.357203
v 1.727518 0.822109 -1.357001
v 1.727571 0.822079 -1.356907
v 1.727836 0.822079 -1.356814
v 1.727935 0.822109 -1.356855
v 1.728433 0.822109 -1.356682
v 1.728486 0.822079 -1.356588
v 1.728752 0.822079 -1.356495
v 1.728852 0.822109 -1.356535
v 1.729352 0.822109 -1.356362
v 1.729407 0.822079 -1.356268
v 1.726975 0.821685 -1.357326
v 1.726873 0.821671 -1.357281
v 1.727557 0.821685 -1.357122
v 1.727610 0.821671 -1.357024
v 1.727978 0.821685 -1.356978
v 1.727878 0.821671 -1.356933
v 1.728527 0.821671 -1.356707
v 1.728476 0.821685 -1.356805
v 1.728895 0.821685 -1.356658
v 1.728793 0.821671 -1.356614
v 1.729448 0.821671 -1.356387
v 1.729395 0.821685 -1.356485
v 1.719705 0.821382 -1.357519
v 1.719696 0.821385 -1.357493
v 1.719687 0.821382 -1.357468
v 1.719678 0.821374 -1.357443
v 1.719669 0.821362 -1.357421
v 1.719663 0.821345 -1.357401
v 1.719658 0.821324 -1.357384
v 1.719653 0.821300 -1.357374
v 1.719651 0.821275 -1.357366
v 1.719649 0.821249 -1.357363
v 1.719651 0.821222 -1.357366
v 1.719653 0.821197 -1.357374
v 1.719658 0.821173 -1.357384
v 1.719663 0.821151 -1.357401
v 1.719669 0.821135 -1.357421
v 1.719678 0.821122 -1.357443
v 1.719687 0.821115 -1.357468
v 1.719696 0.821111 -1.357493
v 1.719705 0.821115 -1.357519
v 1.719712 0.821122 -1.357543
v 1.719720 0.821135 -1.357566
v 1.719726 0.821151 -1.357586
v 1.719732 0.821173 -1.357602
v 1.719738 0.821197 -1.357615
v 1.719737 0.821273 -1.357615
v 1.719733 0.821271 -1.357603
v 1.719728 0.821267 -1.357586
v 1.719721 0.821263 -1.357567
v 1.719715 0.821258 -1.357544
v 1.719706 0.821253 -1.357520
v 1.719698 0.821248 -1.357494
v 1.719689 0.821242 -1.357468
v 1.719680 0.821238 -1.357445
v 1.719672 0.821233 -1.357422
v 1.719664 0.821228 -1.357402
v 1.719659 0.821225 -1.357386
v 1.719655 0.821223 -1.357373
v 1.719724 0.821385 -1.357484
v 1.719733 0.821382 -1.357509
v 1.719765 0.821197 -1.357605
v 1.719760 0.821173 -1.357592
v 1.719768 0.821249 -1.357615
v 1.719768 0.821222 -1.357613
v 1.719754 0.821151 -1.357576
v 1.719706 0.821374 -1.357433
v 1.719715 0.821382 -1.357458
v 1.719697 0.821362 -1.357412
v 1.719748 0.821135 -1.357557
v 1.719676 0.821249 -1.357353
v 1.719679 0.821275 -1.357357
v 1.719760 0.821324 -1.357592
v 1.719765 0.821300 -1.357605
v 1.719748 0.821362 -1.357557
v 1.719754 0.821345 -1.357576
v 1.719679 0.821222 -1.357357
v 1.719740 0.821122 -1.357534
v 1.719740 0.821374 -1.357534
v 1.719686 0.821324 -1.357375
v 1.719691 0.821345 -1.357392
v 1.719681 0.821300 -1.357364
v 1.719681 0.821197 -1.357364
v 1.719733 0.821115 -1.357509
v 1.719724 0.821111 -1.357484
v 1.719706 0.821122 -1.357433
v 1.719697 0.821135 -1.357412
v 1.719715 0.821115 -1.357458
v 1.719768 0.821275 -1.357613
v 1.719691 0.821151 -1.357392
v 1.719686 0.821173 -1.357375
v 1.720642 0.821385 -1.357165
v 1.720684 0.821197 -1.357287
v 1.720687 0.821249 -1.357297
v 1.720624 0.821374 -1.357114
v 1.720615 0.821362 -1.357093
v 1.720595 0.821249 -1.357035
v 1.720679 0.821324 -1.357274
v 1.720667 0.821362 -1.357238
v 1.720597 0.821222 -1.357038
v 1.720604 0.821324 -1.357056
v 1.720600 0.821300 -1.357046
v 1.720600 0.821197 -1.357046
v 1.720624 0.821122 -1.357114
v 1.720633 0.821115 -1.357140
v 1.720686 0.821275 -1.357294
v 1.720609 0.821151 -1.357073
v 1.720651 0.821382 -1.357191
v 1.720679 0.821173 -1.357274
v 1.720686 0.821222 -1.357294
v 1.720673 0.821151 -1.357258
v 1.720633 0.821382 -1.357140
v 1.720667 0.821135 -1.357238
v 1.720597 0.821275 -1.357038
v 1.720684 0.821300 -1.357287
v 1.720673 0.821345 -1.357258
v 1.720659 0.821122 -1.357215
v 1.720659 0.821374 -1.357215
v 1.720609 0.821345 -1.357073
v 1.720651 0.821115 -1.357191
v 1.720642 0.821111 -1.357165
v 1.720615 0.821135 -1.357093
v 1.720604 0.821173 -1.357056
v 1.722686 0.821250 -1.357213
v 1.722716 0.821250 -1.357228
v 1.722679 0.821111 -1.357201
v 1.722709 0.821106 -1.357215
v 1.722698 0.820967 -1.357177
v 1.722669 0.820976 -1.357164
v 1.722646 0.820856 -1.357100
v 1.722675 0.820843 -1.357111
v 1.722646 0.820731 -1.357022
v 1.722618 0.820748 -1.357014
v 1.722608 0.820639 -1.356916
v 1.722581 0.820659 -1.356911
v 1.722566 0.820571 -1.356798
v 1.722541 0.820593 -1.356797
v 1.722497 0.820555 -1.356668
v 1.722520 0.820532 -1.356665
v 1.722449 0.820539 -1.356537
v 1.722471 0.820516 -1.356529
v 1.722427 0.820532 -1.356392
v 1.722406 0.820555 -1.356404
v 1.722360 0.820593 -1.356279
v 1.722379 0.820571 -1.356262
v 1.722336 0.820639 -1.356140
v 1.722319 0.820659 -1.356160
v 1.722302 0.820731 -1.356035
v 1.722285 0.820748 -1.356058
v 1.722257 0.820856 -1.355973
v 1.722273 0.820843 -1.355946
v 1.722248 0.820967 -1.355883
v 1.722233 0.820976 -1.355911
v 1.722218 0.821111 -1.355873
v 1.722233 0.821106 -1.355843
v 1.722231 0.821250 -1.355829
v 1.722217 0.821250 -1.355859
v 1.722233 0.821390 -1.355843
v 1.722218 0.821385 -1.355873
v 1.722248 0.821530 -1.355883
v 1.722233 0.821520 -1.355911
v 1.722273 0.821653 -1.355946
v 1.722257 0.821640 -1.355973
v 1.722285 0.821749 -1.356058
v 1.722302 0.821765 -1.356035
v 1.722319 0.821837 -1.356160
v 1.722336 0.821857 -1.356140
v 1.722379 0.821925 -1.356262
v 1.722360 0.821903 -1.356279
v 1.722406 0.821942 -1.356404
v 1.722427 0.821965 -1.356392
v 1.722471 0.821981 -1.356529
v 1.722449 0.821957 -1.356537
v 1.722497 0.821942 -1.356668
v 1.722520 0.821965 -1.356665
v 1.722566 0.821925 -1.356798
v 1.722541 0.821903 -1.356797
v 1.722581 0.821837 -1.356911
v 1.722608 0.821857 -1.356916
v 1.722646 0.821765 -1.357022
v 1.722618 0.821749 -1.357014
v 1.722675 0.821653 -1.357111
v 1.722646 0.821640 -1.357100
v 1.722698 0.821530 -1.357177
v 1.722669 0.821521 -1.357164
v 1.722709 0.821390 -1.357215
v 1.722679 0.821385 -1.357201
v 1.722683 0.821106 -1.355686
v 1.723013 0.820571 -1.356640
v 1.723145 0.821530 -1.357019
v 1.723056 0.820639 -1.356762
v 1.722921 0.821981 -1.356372
v 1.722872 0.821965 -1.356237
v 1.723056 0.821857 -1.356762
v 1.723013 0.821925 -1.356640
v 1.722872 0.820532 -1.356237
v 1.722921 0.820516 -1.356372
v 1.723120 0.820843 -1.356955
v 1.722692 0.820967 -1.355728
v 1.722717 0.820843 -1.355791
v 1.723090 0.820731 -1.356867
v 1.722747 0.820731 -1.355879
v 1.722965 0.820532 -1.356509
v 1.722785 0.820639 -1.355986
v 1.722785 0.821857 -1.355986
v 1.722826 0.820571 -1.356103
v 1.722965 0.821965 -1.356509
v 1.722747 0.821765 -1.355879
v 1.723120 0.821653 -1.356955
v 1.723145 0.820967 -1.357019
v 1.722692 0.821530 -1.355728
v 1.722683 0.821390 -1.355686
v 1.722717 0.821653 -1.355791
v 1.723090 0.821765 -1.356867
v 1.723161 0.821250 -1.357073
v 1.723159 0.821106 -1.357058
v 1.722676 0.821250 -1.355674
v 1.722826 0.821925 -1.356103
v 1.723159 0.821390 -1.357058
v 1.724558 0.821250 -1.358033
v 1.724483 0.821250 -1.358031
v 1.724471 0.820848 -1.357993
v 1.724547 0.820843 -1.357995
v 1.724504 0.820452 -1.357882
v 1.724429 0.820462 -1.357881
v 1.724369 0.820107 -1.357701
v 1.724443 0.820092 -1.357699
v 1.724356 0.819777 -1.357448
v 1.724283 0.819796 -1.357453
v 1.724179 0.819544 -1.357156
v 1.724251 0.819521 -1.357147
v 1.724131 0.819330 -1.356806
v 1.724061 0.819355 -1.356819
v 1.724001 0.819210 -1.356432
v 1.723933 0.819237 -1.356450
v 1.723866 0.819170 -1.356042
v 1.723800 0.819197 -1.356065
v 1.723668 0.819237 -1.355686
v 1.723733 0.819210 -1.355658
v 1.723540 0.819355 -1.355317
v 1.723603 0.819330 -1.355284
v 1.723485 0.819521 -1.354939
v 1.723423 0.819544 -1.354977
v 1.723380 0.819777 -1.354638
v 1.723320 0.819796 -1.354679
v 1.723291 0.820092 -1.354390
v 1.723232 0.820107 -1.354435
v 1.723172 0.820462 -1.354255
v 1.723230 0.820452 -1.354208
v 1.723130 0.820848 -1.354143
v 1.723187 0.820843 -1.354094
v 1.723118 0.821250 -1.354105
v 1.723176 0.821250 -1.354056
v 1.723130 0.821648 -1.354143
v 1.723187 0.821653 -1.354094
v 1.723230 0.822045 -1.354208
v 1.723172 0.822034 -1.354255
v 1.723291 0.822404 -1.354390
v 1.723232 0.822389 -1.354435
v 1.723320 0.822700 -1.354679
v 1.723380 0.822719 -1.354638
v 1.723423 0.822953 -1.354977
v 1.723485 0.822975 -1.354939
v 1.723540 0.823142 -1.355317
v 1.723603 0.823166 -1.355284
v 1.723668 0.823260 -1.355686
v 1.723733 0.823286 -1.355658
v 1.723866 0.823326 -1.356042
v 1.723800 0.823299 -1.356065
v 1.724001 0.823286 -1.356432
v 1.723933 0.823260 -1.356450
v 1.724131 0.823166 -1.356806
v 1.724061 0.823142 -1.356819
v 1.724179 0.822953 -1.357156
v 1.724251 0.822975 -1.357147
v 1.724283 0.822700 -1.357453
v 1.724356 0.822719 -1.357448
v 1.724443 0.822404 -1.357699
v 1.724369 0.822389 -1.357701
v 1.724504 0.822045 -1.357882
v 1.724429 0.822034 -1.357881
v 1.724471 0.821648 -1.357993
v 1.724547 0.821653 -1.357995
v 1.723369 0.821250 -1.357555
v 1.723334 0.821250 -1.357519
v 1.723325 0.821012 -1.357496
v 1.723359 0.821003 -1.357532
v 1.723335 0.820772 -1.357464
v 1.723302 0.820789 -1.357430
v 1.723265 0.820579 -1.357326
v 1.723297 0.820553 -1.357356
v 1.723243 0.820367 -1.357207
v 1.723214 0.820399 -1.357183
v 1.723153 0.820247 -1.357008
v 1.723180 0.820209 -1.357026
v 1.723112 0.820095 -1.356819
v 1.723087 0.820138 -1.356809
v 1.723034 0.820023 -1.356597
v 1.723011 0.820067 -1.356595
v 1.722934 0.820044 -1.356368
v 1.722954 0.819998 -1.356361
v 1.722856 0.820067 -1.356144
v 1.722872 0.820023 -1.356128
v 1.722780 0.820138 -1.355930
v 1.722793 0.820096 -1.355907
v 1.722722 0.820209 -1.355698
v 1.722711 0.820247 -1.355729
v 1.722658 0.820367 -1.355517
v 1.722650 0.820399 -1.355554
v 1.722602 0.820579 -1.355413
v 1.722608 0.820553 -1.355370
v 1.722566 0.820772 -1.355260
v 1.722561 0.820789 -1.355307
v 1.722539 0.821012 -1.355241
v 1.722543 0.821003 -1.355192
v 1.722533 0.821250 -1.355220
v 1.722537 0.821250 -1.355170
v 1.722543 0.821493 -1.355192
v 1.722539 0.821484 -1.355241
v 1.722566 0.821724 -1.355260
v 1.722561 0.821707 -1.355307
v 1.722608 0.821943 -1.355370
v 1.722602 0.821918 -1.355413
v 1.722650 0.822097 -1.355554
v 1.722658 0.822129 -1.355517
v 1.722711 0.822249 -1.355729
v 1.722722 0.822287 -1.355698
v 1.722780 0.822359 -1.355930
v 1.722793 0.822401 -1.355907
v 1.722872 0.822474 -1.356128
v 1.722856 0.822429 -1.356144
v 1.722934 0.822452 -1.356368
v 1.722954 0.822498 -1.356361
v 1.723034 0.822474 -1.356597
v 1.723011 0.822429 -1.356595
v 1.723112 0.822401 -1.356819
v 1.723087 0.822359 -1.356809
v 1.723153 0.822249 -1.357008
v 1.723180 0.822287 -1.357026
v 1.723214 0.822097 -1.357183
v 1.723243 0.822129 -1.357207
v 1.723297 0.821943 -1.357356
v 1.723265 0.821918 -1.357326
v 1.723335 0.821724 -1.357464
v 1.723302 0.821707 -1.357430
v 1.723325 0.821484 -1.357496
v 1.723359 0.821493 -1.357532
v 1.745335 0.821322 -1.354745
v 1.745375 0.821322 -1.354661
v 1.745338 0.820197 -1.354555
v 1.745297 0.820184 -1.354639
v 1.745188 0.819094 -1.354326
v 1.745231 0.819120 -1.354246
v 1.745057 0.818121 -1.353745
v 1.745013 0.818084 -1.353819
v 1.744822 0.817249 -1.353067
v 1.744775 0.817202 -1.353133
v 1.744534 0.816535 -1.352244
v 1.744484 0.816479 -1.352301
v 1.744211 0.816002 -1.351304
v 1.744157 0.815940 -1.351350
v 1.743797 0.815609 -1.350317
v 1.743855 0.815674 -1.350283
v 1.743485 0.815564 -1.349223
v 1.743422 0.815497 -1.349245
v 1.743051 0.815609 -1.348174
v 1.743118 0.815674 -1.348165
v 1.742691 0.815940 -1.347142
v 1.742762 0.816002 -1.347144
v 1.742435 0.816535 -1.346202
v 1.742361 0.816479 -1.346189
v 1.742070 0.817202 -1.345356
v 1.742148 0.817249 -1.345379
v 1.741835 0.818084 -1.344672
v 1.741915 0.818121 -1.344703
v 1.741738 0.819120 -1.344200
v 1.741656 0.819094 -1.344163
v 1.741547 0.820184 -1.343851
v 1.741632 0.820197 -1.343891
v 1.741597 0.821322 -1.343787
v 1.741513 0.821322 -1.343746
v 1.741632 0.822443 -1.343891
v 1.741547 0.822456 -1.343851
v 1.741656 0.823550 -1.344163
v 1.741738 0.823524 -1.344200
v 1.741915 0.824519 -1.344703
v 1.741835 0.824556 -1.344672
v 1.742070 0.825438 -1.345356
v 1.742148 0.825391 -1.345379
v 1.742361 0.826165 -1.346189
v 1.742435 0.826109 -1.346202
v 1.742691 0.826704 -1.347142
v 1.742762 0.826642 -1.347144
v 1.743118 0.826970 -1.348165
v 1.743051 0.827035 -1.348174
v 1.743485 0.827080 -1.349223
v 1.743422 0.827147 -1.349245
v 1.743855 0.826970 -1.350283
v 1.743797 0.827035 -1.350317
v 1.744211 0.826642 -1.351304
v 1.744157 0.826704 -1.351350
v 1.744534 0.826109 -1.352244
v 1.744484 0.826165 -1.352301
v 1.744775 0.825438 -1.353133
v 1.744822 0.825391 -1.353067
v 1.745057 0.824519 -1.353745
v 1.745013 0.824556 -1.353819
v 1.745188 0.823550 -1.354326
v 1.745231 0.823524 -1.354246
v 1.745297 0.822456 -1.354639
v 1.745338 0.822443 -1.354555
v 1.763986 0.827215 -1.342096
v 1.762202 0.819066 -1.336955
v 1.765064 0.816424 -1.345188
v 1.763610 0.827099 -1.341009
v 1.762379 0.818048 -1.337468
v 1.764729 0.826764 -1.344228
v 1.765598 0.818048 -1.346723
v 1.762054 0.821322 -1.336531
v 1.764729 0.815877 -1.344228
v 1.762092 0.822472 -1.336637
v 1.765922 0.821322 -1.347663
v 1.762622 0.817154 -1.338161
v 1.765886 0.822472 -1.347553
v 1.765886 0.820172 -1.347553
v 1.762202 0.823578 -1.336955
v 1.764366 0.827099 -1.343185
v 1.762911 0.816424 -1.339005
v 1.763610 0.815541 -1.341009
v 1.762379 0.824596 -1.337468
v 1.765598 0.824596 -1.346723
v 1.762622 0.825490 -1.338161
v 1.763247 0.815877 -1.339966
v 1.763247 0.826764 -1.339966
v 1.765774 0.823578 -1.347239
v 1.765064 0.826221 -1.345188
v 1.765774 0.819066 -1.347239
v 1.762911 0.826221 -1.339005
v 1.764366 0.815541 -1.343185
v 1.763986 0.815429 -1.342096
v 1.765355 0.825490 -1.346030
v 1.762092 0.820172 -1.336637
v 1.765355 0.817154 -1.346030
v 1.742011 0.820169 -1.343614
v 1.743907 0.827219 -1.349077
v 1.742121 0.819065 -1.343930
v 1.744984 0.816420 -1.352170
v 1.745277 0.817152 -1.353016
v 1.745698 0.819065 -1.354222
v 1.743166 0.826770 -1.346946
v 1.742011 0.822471 -1.343614
v 1.745520 0.818046 -1.353708
v 1.743531 0.827106 -1.347992
v 1.741973 0.821322 -1.343506
v 1.743531 0.815538 -1.347992
v 1.742540 0.825492 -1.345139
v 1.745698 0.823579 -1.354222
v 1.742299 0.824598 -1.344444
v 1.742832 0.826224 -1.345980
v 1.743166 0.815874 -1.346946
v 1.745808 0.822471 -1.354538
v 1.745520 0.824598 -1.353708
v 1.743907 0.815425 -1.349077
v 1.742121 0.823579 -1.343930
v 1.745277 0.825492 -1.353016
v 1.742832 0.816420 -1.345980
v 1.742540 0.817152 -1.345139
v 1.744287 0.815538 -1.350163
v 1.744984 0.826224 -1.352170
v 1.744648 0.826770 -1.351207
v 1.745846 0.821322 -1.354646
v 1.745808 0.820169 -1.354538
v 1.742299 0.818046 -1.344444
v 1.744287 0.827106 -1.350163
v 1.744648 0.815874 -1.351207
v 1.742719 0.820169 -1.343367
v 1.744615 0.827219 -1.348830
v 1.742829 0.819065 -1.343683
v 1.745691 0.816420 -1.351926
v 1.745986 0.817152 -1.352769
v 1.746407 0.819065 -1.353974
v 1.743874 0.826770 -1.346699
v 1.742719 0.822471 -1.343367
v 1.746229 0.818046 -1.353461
v 1.744239 0.827106 -1.347745
v 1.742681 0.821322 -1.343259
v 1.744239 0.815538 -1.347745
v 1.743249 0.825492 -1.344892
v 1.746407 0.823579 -1.353974
v 1.743006 0.824598 -1.344200
v 1.743543 0.826224 -1.345735
v 1.743874 0.815874 -1.346699
v 1.746515 0.822471 -1.354294
v 1.746229 0.824598 -1.353461
v 1.744615 0.815425 -1.348830
v 1.742829 0.823579 -1.343683
v 1.745986 0.825492 -1.352769
v 1.743543 0.816420 -1.345735
v 1.743249 0.817152 -1.344892
v 1.744995 0.815538 -1.349916
v 1.745691 0.826224 -1.351926
v 1.745359 0.826770 -1.350962
v 1.746553 0.821322 -1.354402
v 1.746515 0.820169 -1.354294
v 1.743006 0.818046 -1.344200
v 1.744995 0.827106 -1.349916
v 1.745359 0.815874 -1.350962
v 1.746498 0.817148 -1.352595
v 1.745504 0.827110 -1.349740
v 1.743227 0.820169 -1.343185
v 1.745869 0.826774 -1.350786
v 1.743189 0.821322 -1.343077
v 1.746204 0.816412 -1.351751
v 1.743756 0.817148 -1.344710
v 1.743227 0.822475 -1.343185
v 1.746918 0.819061 -1.353804
v 1.744750 0.827110 -1.347565
v 1.743337 0.823579 -1.343501
v 1.744051 0.816412 -1.345553
v 1.746740 0.818042 -1.353289
v 1.747028 0.822475 -1.354120
v 1.745128 0.827223 -1.348655
v 1.744386 0.815866 -1.346519
v 1.743756 0.825496 -1.344710
v 1.744750 0.815530 -1.347565
v 1.746918 0.823579 -1.353804
v 1.743518 0.824602 -1.344017
v 1.745128 0.815417 -1.348655
v 1.747066 0.821322 -1.354228
v 1.747028 0.820169 -1.354120
v 1.746740 0.824602 -1.353289
v 1.744385 0.826774 -1.346519
v 1.745504 0.815530 -1.349740
v 1.746204 0.826228 -1.351751
v 1.746498 0.825496 -1.352595
v 1.743518 0.818042 -1.344017
v 1.744051 0.826228 -1.345553
v 1.745869 0.815866 -1.350786
v 1.743337 0.819061 -1.343501
v 1.747197 0.817148 -1.352353
v 1.746203 0.827110 -1.349498
v 1.743926 0.820169 -1.342943
v 1.746568 0.826774 -1.350544
v 1.743888 0.821322 -1.342835
v 1.746904 0.816412 -1.351506
v 1.744455 0.817148 -1.344468
v 1.743926 0.822475 -1.342943
v 1.747617 0.819061 -1.353562
v 1.745449 0.827110 -1.347323
v 1.744036 0.823579 -1.343259
v 1.744750 0.816412 -1.345311
v 1.747440 0.818042 -1.353045
v 1.747727 0.822475 -1.353878
v 1.745829 0.827223 -1.348410
v 1.745085 0.815866 -1.346277
v 1.744455 0.825496 -1.344468
v 1.745449 0.815530 -1.347323
v 1.747617 0.823579 -1.353562
v 1.744217 0.824602 -1.343775
v 1.745829 0.815417 -1.348410
v 1.747765 0.821322 -1.353986
v 1.747727 0.820169 -1.353878
v 1.747440 0.824602 -1.353045
v 1.745085 0.826774 -1.346277
v 1.746203 0.815530 -1.349498
v 1.746904 0.826228 -1.351506
v 1.747197 0.825496 -1.352353
v 1.744217 0.818042 -1.343775
v 1.744750 0.826228 -1.345311
v 1.746568 0.815866 -1.350544
v 1.744036 0.819061 -1.343259
v 1.725883 0.819617 -1.354618
v 1.726649 0.821925 -1.356826
v 1.725883 0.822879 -1.354618
v 1.726683 0.820903 -1.356921
v 1.725993 0.822979 -1.354936
v 1.725781 0.819781 -1.354328
v 1.726693 0.821250 -1.356954
v 1.725565 0.821925 -1.353708
v 1.726107 0.819486 -1.355265
v 1.726521 0.822496 -1.356458
v 1.726107 0.823011 -1.355265
v 1.726223 0.819518 -1.355595
v 1.725533 0.821594 -1.353609
v 1.726596 0.822228 -1.356670
v 1.726333 0.819617 -1.355912
v 1.725693 0.820001 -1.354071
v 1.726435 0.822715 -1.356203
v 1.725533 0.820903 -1.353609
v 1.726521 0.820001 -1.356458
v 1.726223 0.822979 -1.355595
v 1.725521 0.821250 -1.353580
v 1.726435 0.819781 -1.356203
v 1.725618 0.820268 -1.353863
v 1.726649 0.820571 -1.356826
v 1.726333 0.822879 -1.355912
v 1.726596 0.820268 -1.356670
v 1.726683 0.821594 -1.356921
v 1.725565 0.820571 -1.353708
v 1.725781 0.822715 -1.354328
v 1.725693 0.822496 -1.354071
v 1.725993 0.819518 -1.354936
v 1.725618 0.822228 -1.353863
v 1.725644 0.819617 -1.354702
v 1.726409 0.821925 -1.356910
v 1.725644 0.822879 -1.354702
v 1.726440 0.820903 -1.357004
v 1.725754 0.822979 -1.355020
v 1.725542 0.819781 -1.354411
v 1.726454 0.821250 -1.357038
v 1.725323 0.821925 -1.353790
v 1.725867 0.819486 -1.355348
v 1.726281 0.822496 -1.356541
v 1.725867 0.823011 -1.355348
v 1.725981 0.819518 -1.355677
v 1.725289 0.821594 -1.353695
v 1.726353 0.822228 -1.356753
v 1.726091 0.819617 -1.355995
v 1.725453 0.820001 -1.354155
v 1.726192 0.822715 -1.356285
v 1.725289 0.820903 -1.353695
v 1.726281 0.820001 -1.356541
v 1.725981 0.822979 -1.355677
v 1.725279 0.821250 -1.353662
v 1.726192 0.819781 -1.356285
v 1.725379 0.820268 -1.353947
v 1.726409 0.820571 -1.356910
v 1.726091 0.822879 -1.355995
v 1.726353 0.820268 -1.356753
v 1.726440 0.821594 -1.357004
v 1.725323 0.820571 -1.353790
v 1.725542 0.822715 -1.354411
v 1.725453 0.822496 -1.354155
v 1.725754 0.819518 -1.355020
v 1.725379 0.822228 -1.353947
v 1.726735 0.819593 -1.354314
v 1.726845 0.819494 -1.354633
v 1.726541 0.822516 -1.353757
v 1.727547 0.820899 -1.356647
v 1.727547 0.821598 -1.356647
v 1.726633 0.819761 -1.354015
v 1.726963 0.819458 -1.354968
v 1.726845 0.823003 -1.354633
v 1.726411 0.821933 -1.353384
v 1.727458 0.822244 -1.356391
v 1.726466 0.822244 -1.353544
v 1.727512 0.821933 -1.356551
v 1.726466 0.820252 -1.353544
v 1.727512 0.820564 -1.356551
v 1.726963 0.823039 -1.354968
v 1.726541 0.819981 -1.353757
v 1.727079 0.823003 -1.355303
v 1.727190 0.822903 -1.355625
v 1.726367 0.821250 -1.353256
v 1.727079 0.819494 -1.355303
v 1.727383 0.819981 -1.356178
v 1.727294 0.819761 -1.355921
v 1.726377 0.820899 -1.353288
v 1.726377 0.821598 -1.353288
v 1.727458 0.820252 -1.356391
v 1.727190 0.819593 -1.355625
v 1.727383 0.822516 -1.356178
v 1.726411 0.820564 -1.353384
v 1.726735 0.822903 -1.354314
v 1.727294 0.822735 -1.355921
v 1.726633 0.822735 -1.354015
v 1.727557 0.821250 -1.356680
v 1.726893 0.819593 -1.354257
v 1.727005 0.819494 -1.354579
v 1.726701 0.822516 -1.353703
v 1.727706 0.820899 -1.356593
v 1.727706 0.821598 -1.356593
v 1.726790 0.819761 -1.353960
v 1.727120 0.819458 -1.354913
v 1.727005 0.823003 -1.354579
v 1.726571 0.821933 -1.353330
v 1.727618 0.822244 -1.356337
v 1.726626 0.822244 -1.353487
v 1.727670 0.821933 -1.356493
v 1.726626 0.820252 -1.353487
v 1.727670 0.820564 -1.356493
v 1.727120 0.823039 -1.354913
v 1.726701 0.819981 -1.353703
v 1.727238 0.823003 -1.355249
v 1.727348 0.822903 -1.355567
v 1.726526 0.821250 -1.353202
v 1.727238 0.819494 -1.355249
v 1.727542 0.819981 -1.356124
v 1.727452 0.819761 -1.355863
v 1.726536 0.820899 -1.353234
v 1.726536 0.821598 -1.353234
v 1.727618 0.820252 -1.356337
v 1.727348 0.819593 -1.355567
v 1.727542 0.822516 -1.356124
v 1.726571 0.820564 -1.353330
v 1.726893 0.822903 -1.354257
v 1.727452 0.822735 -1.355863
v 1.726790 0.822735 -1.353960
v 1.727716 0.821250 -1.356626
v 1.727531 0.822747 -1.353696
v 1.727633 0.819581 -1.353995
v 1.728361 0.822249 -1.356088
v 1.727308 0.821937 -1.353059
v 1.727745 0.819478 -1.354319
v 1.727438 0.819973 -1.353433
v 1.727365 0.822249 -1.353221
v 1.728463 0.821250 -1.356379
v 1.727982 0.823019 -1.354990
v 1.727982 0.819478 -1.354990
v 1.727864 0.819446 -1.354655
v 1.728451 0.820895 -1.356349
v 1.727365 0.820248 -1.353221
v 1.728415 0.820560 -1.356249
v 1.728286 0.819973 -1.355875
v 1.727864 0.823051 -1.354655
v 1.727274 0.820895 -1.352963
v 1.728092 0.822915 -1.355317
v 1.727308 0.820560 -1.353059
v 1.728286 0.822524 -1.355875
v 1.728361 0.820248 -1.356088
v 1.727745 0.823019 -1.354319
v 1.728092 0.819581 -1.355317
v 1.727274 0.821601 -1.352963
v 1.728195 0.822747 -1.355613
v 1.727263 0.821250 -1.352931
v 1.727633 0.822915 -1.353995
v 1.727438 0.822524 -1.353433
v 1.727531 0.819749 -1.353696
v 1.728415 0.821937 -1.356249
v 1.728195 0.819749 -1.355613
v 1.728451 0.821601 -1.356349
v 1.727700 0.822747 -1.353636
v 1.727804 0.819581 -1.353933
v 1.728533 0.822252 -1.356030
v 1.727480 0.821937 -1.353001
v 1.727917 0.819478 -1.354261
v 1.727610 0.819973 -1.353374
v 1.727534 0.822252 -1.353162
v 1.728635 0.821250 -1.356321
v 1.728151 0.823019 -1.354931
v 1.728151 0.819478 -1.354931
v 1.728035 0.819446 -1.354597
v 1.728622 0.820895 -1.356287
v 1.727534 0.820248 -1.353162
v 1.728587 0.820560 -1.356190
v 1.728457 0.819973 -1.355817
v 1.728035 0.823051 -1.354597
v 1.727447 0.820895 -1.352902
v 1.728265 0.822915 -1.355256
v 1.727480 0.820560 -1.353001
v 1.728457 0.822524 -1.355817
v 1.728533 0.820248 -1.356030
v 1.727917 0.823019 -1.354261
v 1.728265 0.819581 -1.355256
v 1.727447 0.821601 -1.352902
v 1.728367 0.822747 -1.355555
v 1.727432 0.821250 -1.352871
v 1.727804 0.822915 -1.353933
v 1.727610 0.822524 -1.353374
v 1.727700 0.819749 -1.353636
v 1.728587 0.821937 -1.356190
v 1.728367 0.819749 -1.355555
v 1.728622 0.821601 -1.356287
v 1.728680 0.819478 -1.353991
v 1.728465 0.822747 -1.353372
v 1.728298 0.822252 -1.352897
v 1.729352 0.821937 -1.355926
v 1.729387 0.820895 -1.356022
v 1.728568 0.819581 -1.353668
v 1.728915 0.819478 -1.354666
v 1.729399 0.821250 -1.356056
v 1.729027 0.822915 -1.354989
v 1.729352 0.820560 -1.355926
v 1.729387 0.821601 -1.356022
v 1.728374 0.822524 -1.353110
v 1.728796 0.819446 -1.354330
v 1.728244 0.820560 -1.352736
v 1.729298 0.820244 -1.355765
v 1.728915 0.823019 -1.354666
v 1.728796 0.823051 -1.354330
v 1.728198 0.821250 -1.352603
v 1.728208 0.820895 -1.352636
v 1.729222 0.819973 -1.355552
v 1.729131 0.819749 -1.355290
v 1.729131 0.822747 -1.355290
v 1.728298 0.820244 -1.352897
v 1.729222 0.822524 -1.355552
v 1.728244 0.821937 -1.352736
v 1.728568 0.822915 -1.353668
v 1.729298 0.822252 -1.355765
v 1.728680 0.823019 -1.353991
v 1.728208 0.821601 -1.352636
v 1.728374 0.819973 -1.353110
v 1.728465 0.819749 -1.353372
v 1.729027 0.819581 -1.354989
v 1.729642 0.821621 -1.356039
v 1.729653 0.821250 -1.356073
v 1.729642 0.820875 -1.356039
v 1.729606 0.820521 -1.355937
v 1.729545 0.820188 -1.355767
v 1.729465 0.819901 -1.355541
v 1.729370 0.819665 -1.355265
v 1.729262 0.819488 -1.354949
v 1.729144 0.819379 -1.354607
v 1.729020 0.819345 -1.354253
v 1.728895 0.819379 -1.353898
v 1.728777 0.819488 -1.353557
v 1.728669 0.819665 -1.353241
v 1.728570 0.819901 -1.352963
v 1.728491 0.820188 -1.352738
v 1.728433 0.820521 -1.352569
v 1.728397 0.820875 -1.352467
v 1.728386 0.821250 -1.352432
v 1.728397 0.821621 -1.352467
v 1.728433 0.821976 -1.352569
v 1.728491 0.822308 -1.352738
v 1.728570 0.822595 -1.352963
v 1.728669 0.822831 -1.353241
v 1.728777 0.823008 -1.353557
v 1.728895 0.823117 -1.353898
v 1.729020 0.823152 -1.354253
v 1.729144 0.823117 -1.354607
v 1.729262 0.823008 -1.354949
v 1.729370 0.822831 -1.355265
v 1.729465 0.822595 -1.355541
v 1.729545 0.822308 -1.355767
v 1.729606 0.821976 -1.355937
v 1.744477 0.816986 -1.351945
v 1.741848 0.820304 -1.344381
v 1.743523 0.826536 -1.349210
v 1.744736 0.817637 -1.352692
v 1.741941 0.819326 -1.344662
v 1.743191 0.826436 -1.348251
v 1.742869 0.826137 -1.347325
v 1.741848 0.822340 -1.344381
v 1.744946 0.818424 -1.353304
v 1.743523 0.816108 -1.349210
v 1.741813 0.821322 -1.344285
v 1.744946 0.824216 -1.353304
v 1.743191 0.816208 -1.348251
v 1.745106 0.819326 -1.353757
v 1.745106 0.823318 -1.353757
v 1.742869 0.816507 -1.347325
v 1.742314 0.825007 -1.345729
v 1.742574 0.825658 -1.346476
v 1.745203 0.820304 -1.354040
v 1.745234 0.821322 -1.354134
v 1.742574 0.816986 -1.346477
v 1.745203 0.822340 -1.354040
v 1.744736 0.825007 -1.352692
v 1.743859 0.816208 -1.350170
v 1.741941 0.823318 -1.344662
v 1.742314 0.817637 -1.345729
v 1.744477 0.825658 -1.351945
v 1.742100 0.818424 -1.345116
v 1.744177 0.816507 -1.351094
v 1.742100 0.824216 -1.345116
v 1.744177 0.826137 -1.351094
v 1.743859 0.826436 -1.350170
v 1.744714 0.816986 -1.351863
v 1.742084 0.820304 -1.344299
v 1.743760 0.826536 -1.349128
v 1.744973 0.817637 -1.352610
v 1.742182 0.819326 -1.344579
v 1.743428 0.826436 -1.348169
v 1.743106 0.826137 -1.347243
v 1.742084 0.822340 -1.344299
v 1.745183 0.818424 -1.353222
v 1.743760 0.816108 -1.349128
v 1.742050 0.821322 -1.344203
v 1.745183 0.824216 -1.353222
v 1.743428 0.816208 -1.348169
v 1.745343 0.819326 -1.353675
v 1.745343 0.823318 -1.353675
v 1.743106 0.816507 -1.347243
v 1.742551 0.825007 -1.345647
v 1.742812 0.825658 -1.346391
v 1.745441 0.820304 -1.353955
v 1.745472 0.821322 -1.354049
v 1.742810 0.816986 -1.346395
v 1.745441 0.822340 -1.353955
v 1.744973 0.825007 -1.352610
v 1.744096 0.816208 -1.350088
v 1.742182 0.823318 -1.344579
v 1.742551 0.817637 -1.345647
v 1.744713 0.825658 -1.351863
v 1.742337 0.818424 -1.345033
v 1.744414 0.816507 -1.351012
v 1.742337 0.824216 -1.345033
v 1.744414 0.826137 -1.351012
v 1.744095 0.826436 -1.350088
v 1.745953 0.817649 -1.352253
v 1.743173 0.819334 -1.344254
v 1.745401 0.826121 -1.350659
v 1.745697 0.817002 -1.351508
v 1.743075 0.820308 -1.343974
v 1.744416 0.826416 -1.347825
v 1.743075 0.822336 -1.343974
v 1.746325 0.819334 -1.353315
v 1.746165 0.818436 -1.352862
v 1.744747 0.826516 -1.348784
v 1.743043 0.821322 -1.343881
v 1.746423 0.822336 -1.353595
v 1.744098 0.816523 -1.346906
v 1.743332 0.824208 -1.344707
v 1.746325 0.823310 -1.353315
v 1.743802 0.825642 -1.346058
v 1.746454 0.821322 -1.353689
v 1.744416 0.816228 -1.347825
v 1.743173 0.823310 -1.344254
v 1.746165 0.824208 -1.352862
v 1.743802 0.817002 -1.346058
v 1.744098 0.826121 -1.346906
v 1.746423 0.820308 -1.353595
v 1.744747 0.816128 -1.348784
v 1.743544 0.817649 -1.345316
v 1.745079 0.816228 -1.349742
v 1.745953 0.824995 -1.352253
v 1.743332 0.818436 -1.344707
v 1.745401 0.816523 -1.350659
v 1.743544 0.824995 -1.345316
v 1.745079 0.826416 -1.349742
v 1.745697 0.825642 -1.351508
v 1.746212 0.817649 -1.352161
v 1.743431 0.819334 -1.344163
v 1.745658 0.826121 -1.350571
v 1.745954 0.817002 -1.351419
v 1.743336 0.820308 -1.343884
v 1.744675 0.826416 -1.347738
v 1.743336 0.822336 -1.343884
v 1.746582 0.819334 -1.353226
v 1.746425 0.818436 -1.352775
v 1.745007 0.826516 -1.348697
v 1.743302 0.821322 -1.343789
v 1.746680 0.822336 -1.353506
v 1.744355 0.816523 -1.346818
v 1.743591 0.824208 -1.344616
v 1.746582 0.823310 -1.353226
v 1.744059 0.825642 -1.345969
v 1.746711 0.821322 -1.353600
v 1.744675 0.816228 -1.347738
v 1.743431 0.823310 -1.344163
v 1.746425 0.824208 -1.352775
v 1.744059 0.817002 -1.345969
v 1.744355 0.826121 -1.346818
v 1.746680 0.820308 -1.353506
v 1.745007 0.816128 -1.348697
v 1.743801 0.817649 -1.345227
v 1.745341 0.816228 -1.349652
v 1.746212 0.824995 -1.352161
v 1.743591 0.818436 -1.344616
v 1.745658 0.816523 -1.350571
v 1.743801 0.824995 -1.345227
v 1.745341 0.826416 -1.349652
v 1.745954 0.825642 -1.351419
v 1.746921 0.817010 -1.351078
v 1.747391 0.818444 -1.352428
v 1.744308 0.820312 -1.343559
v 1.744560 0.818444 -1.344289
v 1.746628 0.826109 -1.350232
v 1.745644 0.826404 -1.347403
v 1.746628 0.816531 -1.350232
v 1.747547 0.819338 -1.352880
v 1.744273 0.821322 -1.343464
v 1.744308 0.822332 -1.343559
v 1.744772 0.817657 -1.344897
v 1.744405 0.823306 -1.343834
v 1.747645 0.820312 -1.353159
v 1.747676 0.821322 -1.353253
v 1.747645 0.822332 -1.353159
v 1.745029 0.817010 -1.345639
v 1.747179 0.817657 -1.351820
v 1.744772 0.824987 -1.344897
v 1.747547 0.823306 -1.352880
v 1.745327 0.816531 -1.346484
v 1.747391 0.824200 -1.352428
v 1.744560 0.824200 -1.344289
v 1.745327 0.826109 -1.346484
v 1.745644 0.816240 -1.347403
v 1.746308 0.816240 -1.349311
v 1.746921 0.825630 -1.351078
v 1.745977 0.816140 -1.348358
v 1.745029 0.825630 -1.345639
v 1.744405 0.819338 -1.343834
v 1.746308 0.826404 -1.349311
v 1.747179 0.824987 -1.351820
v 1.745977 0.826504 -1.348358
v 1.747219 0.817010 -1.350973
v 1.747689 0.818444 -1.352323
v 1.744607 0.820312 -1.343454
v 1.744861 0.818444 -1.344185
v 1.746925 0.826109 -1.350129
v 1.745941 0.826404 -1.347300
v 1.746925 0.816531 -1.350129
v 1.747848 0.819338 -1.352776
v 1.744572 0.821322 -1.343358
v 1.744607 0.822332 -1.343454
v 1.745073 0.817657 -1.344793
v 1.744702 0.823306 -1.343732
v 1.747944 0.820312 -1.353054
v 1.747975 0.821322 -1.353148
v 1.747944 0.822332 -1.353054
v 1.745328 0.817010 -1.345533
v 1.747477 0.817657 -1.351714
v 1.745073 0.824987 -1.344793
v 1.747848 0.823306 -1.352776
v 1.745624 0.816531 -1.346382
v 1.747689 0.824200 -1.352323
v 1.744861 0.824200 -1.344185
v 1.745624 0.826109 -1.346382
v 1.745941 0.816240 -1.347300
v 1.746605 0.816240 -1.349208
v 1.747219 0.825630 -1.350973
v 1.746274 0.816140 -1.348255
v 1.745328 0.825630 -1.345533
v 1.744702 0.819338 -1.343732
v 1.746605 0.826404 -1.349208
v 1.747477 0.824987 -1.351714
v 1.746274 0.826504 -1.348255
v 1.745246 0.821322 -1.354776
v 1.745208 0.820184 -1.354670
v 1.745208 0.822456 -1.354670
v 1.745099 0.819094 -1.354357
v 1.744923 0.818084 -1.353850
v 1.744685 0.817202 -1.353164
v 1.744394 0.816479 -1.352332
v 1.744068 0.815940 -1.351381
v 1.743708 0.815609 -1.350348
v 1.743333 0.815497 -1.349276
v 1.742962 0.815609 -1.348205
v 1.742602 0.815940 -1.347173
v 1.742271 0.816479 -1.346220
v 1.741980 0.817202 -1.345387
v 1.741746 0.818084 -1.344703
v 1.741566 0.819094 -1.344194
v 1.741458 0.820184 -1.343882
v 1.741424 0.821322 -1.343777
v 1.741458 0.822456 -1.343882
v 1.741566 0.823550 -1.344194
v 1.741746 0.824556 -1.344703
v 1.741980 0.825438 -1.345387
v 1.742271 0.826165 -1.346220
v 1.742602 0.826704 -1.347173
v 1.742962 0.827035 -1.348205
v 1.743333 0.827147 -1.349276
v 1.743708 0.827035 -1.350348
v 1.744068 0.826704 -1.351381
v 1.744394 0.826165 -1.352332
v 1.744685 0.825438 -1.353164
v 1.744923 0.824556 -1.353850
v 1.745099 0.823550 -1.354357
v 1.768591 0.821439 -1.334359
v 1.768582 0.821356 -1.334330
v 1.768578 0.821288 -1.334325
v 1.768582 0.821221 -1.334330
v 1.768591 0.821140 -1.334359
v 1.769499 0.816343 -1.336973
v 1.769517 0.816277 -1.337027
v 1.769536 0.816238 -1.337079
v 1.769555 0.816208 -1.337139
v 1.769583 0.816193 -1.337219
v 1.771403 0.816193 -1.342452
v 1.771431 0.816208 -1.342532
v 1.771452 0.816238 -1.342589
v 1.771469 0.816277 -1.342644
v 1.771489 0.816343 -1.342695
v 1.772396 0.821140 -1.345312
v 1.772408 0.821221 -1.345339
v 1.772410 0.821288 -1.345343
v 1.772408 0.821356 -1.345339
v 1.772396 0.821439 -1.345312
v 1.771489 0.826234 -1.342695
v 1.771469 0.826299 -1.342644
v 1.771452 0.826340 -1.342589
v 1.771431 0.826368 -1.342532
v 1.771403 0.826383 -1.342452
v 1.769583 0.826383 -1.337219
v 1.769555 0.826368 -1.337139
v 1.769536 0.826340 -1.337079
v 1.769517 0.826299 -1.337027
v 1.769499 0.826234 -1.336973
v 1.768087 0.821288 -1.332422
v 1.768103 0.821091 -1.332468
v 1.769316 0.814683 -1.335959
v 1.768103 0.821490 -1.332468
v 1.769366 0.814543 -1.336101
v 1.771860 0.814483 -1.343277
v 1.769341 0.814595 -1.336031
v 1.773185 0.821091 -1.347097
v 1.768092 0.821378 -1.332430
v 1.771975 0.827893 -1.343602
v 1.771948 0.827981 -1.343533
v 1.771975 0.814683 -1.343602
v 1.771897 0.828073 -1.343384
v 1.771897 0.814503 -1.343384
v 1.771925 0.814543 -1.343459
v 1.771948 0.814595 -1.343533
v 1.768092 0.821198 -1.332430
v 1.771924 0.828035 -1.343459
v 1.769341 0.827981 -1.336031
v 1.769316 0.827893 -1.335959
v 1.771860 0.828093 -1.343277
v 1.773202 0.821378 -1.347133
v 1.773204 0.821288 -1.347138
v 1.773185 0.821490 -1.347097
v 1.769429 0.828093 -1.336287
v 1.773202 0.821198 -1.347133
v 1.769429 0.814483 -1.336287
v 1.769391 0.814503 -1.336181
v 1.769366 0.828035 -1.336101
v 1.769391 0.828073 -1.336181
v 1.878243 0.821288 -1.294131
v 1.878259 0.821091 -1.294176
v 1.879472 0.814683 -1.297668
v 1.879522 0.814543 -1.297810
v 1.882017 0.814483 -1.304982
v 1.879496 0.814595 -1.297740
v 1.883343 0.821091 -1.308802
v 1.878248 0.821378 -1.294138
v 1.882131 0.827893 -1.305311
v 1.882106 0.827981 -1.305238
v 1.882131 0.814683 -1.305311
v 1.882055 0.828073 -1.305089
v 1.882055 0.814503 -1.305089
v 1.882081 0.814543 -1.305168
v 1.882106 0.814595 -1.305238
v 1.878248 0.821198 -1.294138
v 1.882081 0.828035 -1.305168
v 1.879496 0.827981 -1.297740
v 1.879472 0.827893 -1.297668
v 1.882017 0.828093 -1.304982
v 1.883355 0.821378 -1.308840
v 1.883360 0.821288 -1.308847
v 1.883343 0.821490 -1.308802
v 1.879585 0.828093 -1.297996
v 1.883355 0.821198 -1.308840
v 1.879585 0.814483 -1.297996
v 1.879547 0.814503 -1.297889
v 1.879522 0.828035 -1.297810
v 1.879547 0.828073 -1.297889
v 1.878259 0.821490 -1.294176
v 1.768177 0.827877 -1.342020
v 1.765722 0.818763 -1.334958
v 1.767321 0.827877 -1.339559
v 1.769297 0.816595 -1.345252
v 1.768969 0.815765 -1.344296
v 1.769776 0.818763 -1.346621
v 1.766906 0.827498 -1.338375
v 1.765597 0.820017 -1.334600
v 1.768586 0.827498 -1.343205
v 1.766195 0.816595 -1.336328
v 1.766528 0.826879 -1.337283
v 1.768969 0.826879 -1.344296
v 1.768586 0.815146 -1.343205
v 1.766195 0.826049 -1.336328
v 1.769297 0.826049 -1.345252
v 1.765924 0.817609 -1.335542
v 1.765924 0.825035 -1.335542
v 1.768177 0.814767 -1.342020
v 1.767321 0.814767 -1.339559
v 1.769776 0.823881 -1.346621
v 1.765722 0.823881 -1.334958
v 1.769900 0.820017 -1.346978
v 1.767746 0.814639 -1.340790
v 1.769943 0.821322 -1.347101
v 1.769574 0.825035 -1.346036
v 1.765554 0.821322 -1.334477
v 1.766528 0.815765 -1.337283
v 1.766906 0.815146 -1.338375
v 1.767746 0.828005 -1.340790
v 1.769574 0.817609 -1.346036
v 1.765597 0.822624 -1.334600
v 1.769900 0.822624 -1.346978
v 1.766499 0.827490 -1.342525
v 1.764188 0.818915 -1.335877
v 1.767812 0.817825 -1.346301
v 1.764379 0.817825 -1.336424
v 1.766094 0.827614 -1.341364
v 1.767241 0.826552 -1.344666
v 1.764947 0.816092 -1.338063
v 1.764188 0.823729 -1.335877
v 1.766885 0.815509 -1.343635
v 1.764379 0.824815 -1.336424
v 1.766885 0.827135 -1.343635
v 1.764634 0.816875 -1.337164
v 1.767241 0.816092 -1.344666
v 1.764634 0.825769 -1.337164
v 1.765694 0.815150 -1.340205
v 1.764947 0.826552 -1.338063
v 1.768004 0.823729 -1.346854
v 1.768122 0.822548 -1.347190
v 1.768122 0.820092 -1.347190
v 1.767555 0.825769 -1.345565
v 1.764068 0.822548 -1.335535
v 1.768160 0.821322 -1.347305
v 1.765306 0.815509 -1.339090
v 1.765306 0.827135 -1.339090
v 1.766499 0.815150 -1.342525
v 1.768004 0.818915 -1.346854
v 1.765694 0.827490 -1.340205
v 1.764029 0.821322 -1.335423
v 1.764068 0.820092 -1.335535
v 1.766094 0.815030 -1.341364
v 1.767812 0.824815 -1.346301
v 1.767555 0.816875 -1.345565
v 1.769277 0.821322 -1.347275
v 1.769309 0.821322 -1.347208
v 1.769268 0.820039 -1.347092
v 1.769236 0.820029 -1.347157
v 1.769111 0.818783 -1.346800
v 1.769144 0.818803 -1.346737
v 1.768911 0.817637 -1.346221
v 1.768945 0.817667 -1.346162
v 1.768639 0.816631 -1.345444
v 1.768677 0.816668 -1.345392
v 1.768352 0.815852 -1.344448
v 1.768313 0.815809 -1.344493
v 1.767935 0.815194 -1.343410
v 1.767977 0.815243 -1.343374
v 1.767570 0.814870 -1.342209
v 1.767523 0.814819 -1.342236
v 1.767151 0.814743 -1.340999
v 1.767101 0.814691 -1.341016
v 1.766676 0.814819 -1.339794
v 1.766729 0.814870 -1.339786
v 1.766323 0.815242 -1.338619
v 1.766267 0.815194 -1.338617
v 1.765892 0.815809 -1.337536
v 1.765951 0.815852 -1.337546
v 1.765560 0.816631 -1.336586
v 1.765621 0.816668 -1.336604
v 1.765354 0.817666 -1.335831
v 1.765291 0.817637 -1.335807
v 1.765090 0.818783 -1.335227
v 1.765155 0.818803 -1.335256
v 1.765030 0.820039 -1.334904
v 1.764963 0.820029 -1.334873
v 1.764924 0.821322 -1.334752
v 1.764991 0.821322 -1.334785
v 1.765030 0.822605 -1.334904
v 1.764963 0.822616 -1.334873
v 1.765155 0.823841 -1.335256
v 1.765090 0.823861 -1.335227
v 1.765291 0.825007 -1.335807
v 1.765354 0.824978 -1.335831
v 1.765622 0.825972 -1.336604
v 1.765560 0.826009 -1.336586
v 1.765951 0.826792 -1.337546
v 1.765892 0.826835 -1.337536
v 1.766267 0.827450 -1.338617
v 1.766323 0.827402 -1.338619
v 1.766676 0.827825 -1.339794
v 1.766729 0.827774 -1.339786
v 1.767101 0.827953 -1.341016
v 1.767151 0.827901 -1.340999
v 1.767523 0.827825 -1.342236
v 1.767570 0.827774 -1.342209
v 1.767935 0.827450 -1.343410
v 1.767977 0.827401 -1.343374
v 1.768352 0.826792 -1.344449
v 1.768313 0.826835 -1.344493
v 1.768639 0.826009 -1.345444
v 1.768677 0.825972 -1.345392
v 1.768945 0.824978 -1.346162
v 1.768911 0.825007 -1.346221
v 1.769144 0.823841 -1.346737
v 1.769111 0.823861 -1.346800
v 1.769268 0.822605 -1.347092
v 1.769236 0.822616 -1.347157
v 1.768651 0.816947 -1.345106
v 1.767609 0.827390 -1.342114
v 1.768342 0.816176 -1.344223
v 1.765223 0.820116 -1.335244
v 1.768342 0.826464 -1.344223
v 1.766084 0.826464 -1.337729
v 1.767609 0.815254 -1.342114
v 1.765777 0.816947 -1.336843
v 1.767992 0.827035 -1.343213
v 1.765777 0.825698 -1.336843
v 1.765523 0.824759 -1.336117
v 1.767992 0.815605 -1.343213
v 1.765524 0.817885 -1.336117
v 1.766819 0.815254 -1.339834
v 1.768902 0.824759 -1.345835
v 1.765338 0.823689 -1.335578
v 1.768651 0.825698 -1.345106
v 1.767214 0.815134 -1.340977
v 1.766437 0.827035 -1.338740
v 1.765223 0.822528 -1.335244
v 1.769244 0.821322 -1.346817
v 1.766084 0.816176 -1.337729
v 1.769204 0.820116 -1.346705
v 1.766819 0.827390 -1.339834
v 1.765183 0.821322 -1.335132
v 1.769089 0.818955 -1.346371
v 1.769204 0.822528 -1.346705
v 1.766437 0.815605 -1.338740
v 1.769089 0.823689 -1.346371
v 1.768902 0.817885 -1.345835
v 1.767214 0.827506 -1.340977
v 1.765338 0.818955 -1.335578
v 1.882997 0.815038 -1.300699
v 1.884456 0.825778 -1.304903
v 1.881280 0.824827 -1.295761
v 1.884144 0.826560 -1.304000
v 1.883402 0.815162 -1.301859
v 1.884907 0.823738 -1.306188
v 1.880969 0.822560 -1.294873
v 1.882595 0.815162 -1.299543
v 1.881536 0.825778 -1.296498
v 1.883786 0.815517 -1.302973
v 1.885023 0.822560 -1.306528
v 1.882207 0.815517 -1.298428
v 1.883786 0.827143 -1.302973
v 1.884144 0.816100 -1.304000
v 1.884456 0.816883 -1.304903
v 1.883402 0.827502 -1.301859
v 1.881849 0.816100 -1.297400
v 1.882595 0.827502 -1.299543
v 1.881280 0.817837 -1.295761
v 1.884716 0.817837 -1.305641
v 1.881088 0.818923 -1.295209
v 1.884907 0.818923 -1.306188
v 1.881536 0.816883 -1.296498
v 1.882997 0.827622 -1.300699
v 1.885023 0.820105 -1.306528
v 1.885061 0.821330 -1.306643
v 1.881849 0.826560 -1.297400
v 1.880932 0.821330 -1.294758
v 1.882207 0.827143 -1.298428
v 1.884716 0.824827 -1.305641
v 1.880969 0.820105 -1.294873
v 1.881088 0.823738 -1.295209
v 1.877877 0.821288 -1.294258
v 1.877893 0.821091 -1.294303
v 1.879106 0.814683 -1.297795
v 1.879156 0.814543 -1.297937
v 1.881652 0.814483 -1.305109
v 1.879131 0.814595 -1.297867
v 1.882978 0.821091 -1.308929
v 1.877882 0.821378 -1.294265
v 1.881765 0.827893 -1.305438
v 1.881740 0.827981 -1.305366
v 1.881765 0.814683 -1.305438
v 1.881690 0.828073 -1.305216
v 1.881690 0.814503 -1.305216
v 1.881715 0.814543 -1.305295
v 1.881740 0.814595 -1.305366
v 1.877882 0.821198 -1.294265
v 1.881715 0.828035 -1.305295
v 1.879131 0.827981 -1.297867
v 1.879106 0.827893 -1.297795
v 1.881652 0.828093 -1.305109
v 1.882989 0.821378 -1.308967
v 1.882994 0.821288 -1.308974
v 1.882978 0.821490 -1.308929
v 1.879219 0.828093 -1.298123
v 1.882989 0.821198 -1.308967
v 1.879219 0.814483 -1.298123
v 1.879182 0.814503 -1.298016
v 1.879156 0.828035 -1.297937
v 1.879182 0.828073 -1.298016
v 1.877893 0.821490 -1.294303
vn 0.1830 0.1768 0.9671
vn 0.2228 -0.0025 0.9749
vn 0.2026 0.1283 0.9708
vn -0.5522 0.2075 0.8075
vn -0.9801 0.0001 0.1987
vn -0.5711 -0.0002 0.8209
vn -0.9597 -0.2226 0.1715
vn -0.4917 -0.5662 0.6615
vn -0.5240 -0.4037 0.7500
vn -0.4569 -0.7218 0.5199
vn -0.8973 -0.4401 -0.0343
vn -0.4071 -0.8337 0.3732
vn -0.2675 -0.5803 0.7692
vn 0.2571 -0.6593 0.7066
vn 0.1934 -0.5340 0.8230
vn -0.8119 -0.5309 -0.2429
vn -0.2034 -0.9648 -0.1666
vn -0.2610 -0.9653 0.0033
vn 0.2978 -0.4239 -0.8554
vn 0.7340 -0.1902 -0.6520
vn 0.7040 -0.3546 -0.6153
vn -0.1430 -0.9162 -0.3745
vn -0.7303 -0.4435 -0.5196
vn -0.0887 -0.8362 -0.5413
vn -0.6499 -0.2947 -0.7006
vn 0.0546 -0.4023 -0.9139
vn 0.0316 -0.5578 -0.8293
vn 0.0712 -0.1918 -0.9788
vn -0.6467 -0.0000 -0.7627
vn 0.0679 0.0001 -0.9977
vn 0.0711 0.1869 -0.9798
vn 0.0555 0.3971 -0.9161
vn -0.6503 0.2946 -0.7002
vn 0.0315 0.5584 -0.8290
vn -0.0328 0.7162 -0.6972
vn -0.7273 0.4472 -0.5206
vn -0.0886 0.8372 -0.5397
vn -0.2035 0.9649 -0.1663
vn -0.8117 0.5309 -0.2434
vn -0.2609 0.9654 0.0034
vn -0.3422 0.9201 0.1905
vn -0.8954 0.4441 -0.0322
vn -0.4059 0.8345 0.3727
vn -0.4591 0.7163 0.5255
vn -0.4918 0.5666 0.6611
vn -0.9598 0.2208 0.1734
vn -0.5254 0.3987 0.7517
vn 0.1868 -0.5507 0.8135
vn -0.3001 -0.3367 0.8925
vn 0.1522 -0.3378 0.9288
vn 0.3509 -0.7409 0.5727
vn 0.2920 -0.6782 0.6744
vn 0.4535 -0.8908 0.0282
vn -0.0570 -0.9838 0.1700
vn 0.3730 -0.8906 0.2600
vn 0.3071 -0.3351 -0.8907
vn 0.6581 -0.5488 -0.5156
vn 0.6962 -0.3367 -0.6339
vn 0.6733 0.5428 -0.5020
vn 0.3070 0.3355 -0.8906
vn 0.7104 0.3306 -0.6213
vn -0.0568 0.9839 0.1692
vn 0.4898 0.8709 0.0399
vn 0.4088 0.8707 0.2735
vn 0.3689 0.7298 0.5756
vn -0.1188 0.9309 0.3453
vn 0.3852 0.7977 0.4640
vn -0.2995 0.3371 0.8926
vn 0.2077 0.5447 0.8125
vn 0.1719 0.3316 0.9276
vn 0.7111 0.3496 -0.6100
vn 0.7622 0.1278 -0.6346
vn 0.7378 0.1871 -0.6486
vn 0.6635 -0.5312 -0.5269
vn -0.3206 -0.2212 0.9210
vn 0.1554 -0.3658 0.9176
vn 0.1778 -0.1787 0.9677
vn 0.1746 0.0003 0.9846
vn -0.5516 -0.2126 0.8066
vn 0.3532 -0.8388 0.4143
vn 0.3237 -0.7534 0.5724
vn 0.1671 0.3591 0.9182
vn -0.3452 -0.9172 0.1989
vn -0.0287 -0.9962 0.0823
vn -0.1006 -0.9521 0.2889
vn 0.6495 0.7278 -0.2201
vn 0.2072 0.7816 -0.5883
vn 0.6641 0.6681 -0.3355
vn 0.1007 -0.9520 -0.2892
vn 0.4536 -0.8894 0.0570
vn 0.0287 -0.9962 -0.0826
vn 0.5455 -0.8310 -0.1091
vn 0.6345 -0.7378 -0.2303
vn 0.5755 -0.8066 -0.1346
vn -0.0347 -0.7213 -0.6918
vn 0.2194 -0.7448 -0.6302
vn 0.2675 -0.5800 -0.7694
vn 0.6443 -0.6593 -0.3875
vn 0.6052 -0.7536 -0.2567
vn 0.3909 -0.8881 0.2418
vn 0.2984 0.4188 -0.8577
vn 0.3210 0.2152 -0.9223
vn 0.7819 -0.0021 -0.6234
vn 0.7599 0.0010 -0.6500
vn 0.2215 0.7385 -0.6368
vn 0.6761 0.5259 -0.5161
vn 0.2674 0.5803 -0.7692
vn 0.7596 -0.1291 -0.6375
vn 0.6592 0.6474 -0.3825
vn 0.5585 0.8245 -0.0907
vn 0.6163 0.7475 -0.2479
vn -0.1460 0.9194 -0.3651
vn 0.0975 0.9550 -0.2802
vn 0.4741 0.8779 0.0677
vn 0.1990 -0.1299 0.9713
vn -0.0287 0.9962 0.0827
vn 0.3756 0.8321 0.4081
vn 0.4155 0.8754 0.2470
vn 0.2723 0.6479 0.7114
vn 0.3386 0.7472 0.5720
vn -0.3212 0.2159 0.9221
vn -0.2988 0.4184 0.8577
vn -0.2675 0.5805 0.7690
vn -0.2216 0.7386 0.6367
vn -0.0458 -0.1821 -0.9822
vn -0.7242 0.0001 -0.6896
vn -0.0384 0.0002 -0.9993
vn 0.3229 0.1952 -0.9261
vn -0.0455 0.1817 -0.9823
vn 0.3221 -0.1955 -0.9263
vn 0.3279 0.0002 -0.9447
vn 0.3338 -0.0000 -0.9426
vn 0.9108 -0.1333 -0.3908
vn 0.9154 0.0005 -0.4026
vn -0.6658 -0.0002 -0.7462
vn -0.4660 -0.1339 -0.8746
vn -0.4595 -0.0006 -0.8882
vn 0.0284 -0.1869 -0.9820
vn 0.0349 0.0002 -0.9994
vn 0.9084 -0.1334 -0.3962
vn 0.9876 0.0004 -0.1568
vn 0.9122 0.0005 -0.4098
vn 0.3254 -0.0000 -0.9456
vn -0.6943 -0.0000 -0.7197
vn -0.4720 -0.1322 -0.8716
vn -0.4661 -0.0000 -0.8847
vn -0.0080 -0.1841 -0.9829
vn 0.0001 -0.0000 -1.0000
vn 0.9095 -0.1347 -0.3933
vn 0.9852 -0.0000 -0.1711
vn 0.9159 -0.0000 -0.4015
vn 0.3355 -0.0000 -0.9421
vn -0.5738 -0.0000 -0.8190
vn -0.4693 -0.1341 -0.8728
vn -0.4618 -0.0001 -0.8870
vn 0.1406 -0.1910 -0.9715
vn 0.1478 -0.0000 -0.9890
vn -0.7302 -0.0810 -0.6785
vn -0.4569 -0.0000 -0.8895
vn -0.7223 0.0011 -0.6915
vn -0.0452 0.0010 -0.9990
vn 0.3289 0.0002 -0.9444
vn -0.0439 -0.1824 -0.9822
vn -0.6543 -0.0989 -0.7498
vn -0.4639 0.0001 -0.8859
vn -0.6485 -0.0000 -0.7612
vn 0.0591 -0.0000 -0.9983
vn 0.6613 -0.0000 -0.7501
vn 0.0485 0.1873 -0.9811
vn 0.6533 0.1803 -0.7353
vn 0.0487 -0.1875 -0.9811
vn 0.3180 -0.1955 -0.9277
vn 0.9137 -0.0000 -0.4064
vn 0.3265 -0.0000 -0.9452
vn -0.4068 0.0002 -0.9135
vn -0.4686 -0.1337 -0.8732
vn -0.4648 0.0001 -0.8854
vn 0.3290 0.0001 -0.9443
vn -0.4126 -0.1420 -0.8998
vn -0.7351 -0.1580 -0.6593
vn -0.7288 -0.0807 -0.6800
vn 0.9867 -0.1541 -0.0522
vn 0.9943 -0.0787 -0.0720
vn 0.8941 -0.2630 -0.3627
vn 0.9747 -0.2230 -0.0145
vn 0.3279 -0.1956 -0.9243
vn -0.6780 -0.1859 -0.7112
vn -0.6705 -0.0946 -0.7359
vn 0.9764 -0.1794 -0.1202
vn 0.9845 -0.0922 -0.1490
vn 0.3047 -0.3825 -0.8722
vn 0.3208 -0.1953 -0.9268
vn -0.6997 -0.0871 -0.7091
vn -0.4824 -0.2610 -0.8362
vn -0.7063 -0.1728 -0.6865
vn 0.8960 -0.2621 -0.3585
vn 0.9822 -0.0949 -0.1619
vn 0.3015 -0.3824 -0.8734
vn 0.3255 -0.1958 -0.9250
vn -0.5795 -0.1137 -0.8070
vn -0.4838 -0.2608 -0.8354
vn -0.5873 -0.2243 -0.7777
vn -0.7370 -0.1565 -0.6575
vn -0.4745 -0.1335 -0.8701
vn 0.3029 -0.3831 -0.8726
vn 0.3226 -0.1947 -0.9263
vn -0.4870 -0.2594 -0.8340
vn -0.4683 -0.1337 -0.8734
vn 0.0329 -0.3674 -0.9295
vn 0.8961 -0.2614 -0.3587
vn 0.9945 -0.0780 -0.0705
vn 0.9087 -0.1339 -0.3954
vn 0.6353 -0.3550 -0.6858
vn 0.0018 -0.5337 -0.8457
vn -0.4823 -0.2605 -0.8364
vn 0.3031 -0.3828 -0.8727
vn 0.3217 -0.1947 -0.9266
vn -0.0629 -0.3553 -0.9326
vn -0.7483 -0.2285 -0.6227
vn 0.8486 -0.4818 -0.2187
vn 0.8767 -0.3796 -0.2954
vn 0.3049 -0.3812 -0.8727
vn -0.0915 -0.5168 -0.8512
vn 0.2728 -0.5561 -0.7851
vn 0.2994 -0.3824 -0.8741
vn -0.6905 -0.2701 -0.6710
vn -0.4807 -0.2602 -0.8374
vn 0.0129 -0.3659 -0.9306
vn 0.8980 -0.2611 -0.3543
vn 0.9624 -0.2604 -0.0771
vn 0.2652 -0.5581 -0.7862
vn -0.5064 -0.3767 -0.7756
vn -0.0243 -0.3611 -0.9322
vn -0.7192 -0.2513 -0.6477
vn 0.8776 -0.3775 -0.2957
vn 0.9735 -0.1842 -0.1358
vn -0.6065 -0.3244 -0.7259
vn 0.0931 -0.5458 -0.8327
vn 0.1240 -0.3756 -0.9184
vn -0.5049 -0.3805 -0.7748
vn -0.4776 -0.2634 -0.8382
vn -0.0673 -0.3551 -0.9324
vn -0.7496 -0.2279 -0.6214
vn 0.2724 -0.5561 -0.7852
vn -0.6818 -0.2775 -0.6769
vn -0.6658 -0.1904 -0.7214
vn 0.8771 -0.3776 -0.2969
vn 0.9867 -0.1546 -0.0509
vn 0.6092 -0.5148 -0.6032
vn -0.0405 -0.6792 -0.7328
vn 0.2723 -0.5545 -0.7864
vn 0.3025 -0.3815 -0.8735
vn -0.4264 -0.2787 -0.8605
vn -0.5021 -0.3802 -0.7768
vn -0.4476 -0.4056 -0.7970
vn -0.7656 -0.2912 -0.5736
vn 0.8120 -0.5710 -0.1208
vn 0.9580 -0.2850 0.0315
vn 0.2726 -0.5552 -0.7858
vn -0.1299 -0.6586 -0.7412
vn 0.2336 -0.7062 -0.6684
vn -0.7124 -0.3441 -0.6116
vn -0.5024 -0.3796 -0.7769
vn -0.0543 -0.6764 -0.7345
vn -0.0152 -0.5305 -0.8475
vn 0.8744 -0.3846 -0.2958
vn 0.9426 -0.3332 -0.0230
vn 0.2362 -0.7065 -0.6671
vn -0.7389 -0.3176 -0.5943
vn -0.0921 -0.6673 -0.7391
vn -0.0510 -0.5252 -0.8494
vn 0.8497 -0.4808 -0.2164
vn 0.9591 -0.2679 -0.0913
vn 0.2766 -0.5553 -0.7843
vn -0.5254 -0.4840 -0.6998
vn -0.5005 -0.3812 -0.7773
vn -0.6292 -0.4143 -0.6576
vn -0.7670 -0.2890 -0.5728
vn -0.1318 -0.6571 -0.7422
vn -0.0920 -0.5176 -0.8506
vn 0.2323 -0.7067 -0.6683
vn -0.7026 -0.3526 -0.6180
vn -0.5060 -0.3788 -0.7749
vn 0.8464 -0.4850 -0.2201
vn 0.9749 -0.2223 -0.0132
vn 0.5698 -0.6543 -0.4972
vn -0.0860 -0.7991 -0.5950
vn -0.5336 -0.4800 -0.6963
vn 0.2324 -0.7067 -0.6682
vn 0.2730 -0.5560 -0.7851
vn -0.7859 -0.3430 -0.5145
vn 0.1830 -0.8312 -0.5249
vn -0.2291 -0.8596 -0.4567
vn -0.1772 -0.7735 -0.6085
vn 0.2315 -0.7079 -0.6673
vn 0.1796 -0.8319 -0.5251
vn -0.5652 -0.5671 -0.5990
vn -0.5330 -0.4826 -0.6950
vn -0.1042 -0.7946 -0.5981
vn 0.8495 -0.4816 -0.2154
vn 0.9192 -0.3917 0.0406
vn 0.8125 -0.5699 -0.1226
vn -0.7606 -0.3752 -0.5298
vn -0.5271 -0.4865 -0.6968
vn 0.8158 -0.5662 -0.1177
vn 0.9387 -0.3430 -0.0356
vn 0.2363 -0.7055 -0.6682
vn -0.6593 -0.4865 -0.5732
vn 0.0042 -0.8172 -0.5764
vn 0.0531 -0.6948 -0.7172
vn -0.5673 -0.5649 -0.5992
vn -0.5292 -0.4837 -0.6971
vn -0.1810 -0.7723 -0.6090
vn 0.1827 -0.8315 -0.5246
vn -0.7233 -0.4196 -0.5485
vn -0.5306 -0.4827 -0.6967
vn 0.9392 -0.3304 0.0934
vn 0.9583 -0.2844 0.0288
vn 0.7770 -0.6295 -0.0059
vn 0.8164 -0.5658 -0.1157
vn 0.1816 -0.8314 -0.5252
vn 0.2304 -0.7069 -0.6688
vn -0.4814 -0.5119 -0.7115
vn -0.5641 -0.5685 -0.5989
vn -0.5119 -0.6070 -0.6079
vn -0.8095 -0.3794 -0.4480
vn 0.9165 -0.3680 0.1567
vn 0.9379 -0.3359 0.0867
vn 0.0642 -0.9808 -0.1843
vn 0.1260 -0.9237 -0.3617
vn 0.1266 -0.9236 -0.3618
vn -0.7376 -0.4029 -0.5419
vn -0.6010 -0.6335 -0.4874
vn -0.1570 -0.8829 -0.4424
vn 0.8924 -0.4354 0.1189
vn 0.1251 -0.9239 -0.3616
vn 0.1810 -0.8316 -0.5250
vn -0.7867 -0.4161 -0.4559
vn -0.5644 -0.5677 -0.5994
vn -0.1921 -0.8724 -0.4495
vn -0.1367 -0.7854 -0.6037
vn 0.7742 -0.6329 -0.0065
vn 0.9153 -0.4014 0.0334
vn 0.1849 -0.8315 -0.5239
vn -0.6032 -0.6317 -0.4869
vn -0.5644 -0.5692 -0.5979
vn -0.6909 -0.5422 -0.4782
vn -0.7908 -0.3354 -0.5120
vn -0.6090 -0.6250 -0.4884
vn -0.2272 -0.8597 -0.4574
vn -0.7564 -0.4606 -0.4644
vn -0.5621 -0.5706 -0.5988
vn 0.7322 -0.6715 0.1137
vn 0.9158 -0.3697 0.1572
vn 0.5254 -0.7701 -0.3618
vn -0.1433 -0.8872 -0.4386
vn -0.5583 -0.6713 -0.4874
vn 0.1257 -0.9239 -0.3613
vn -0.8340 -0.4032 -0.3767
vn 0.7334 -0.6702 0.1138
vn 0.7778 -0.6285 -0.0056
vn 0.8646 -0.4022 0.3011
vn 0.8909 -0.3929 0.2279
vn -0.7638 -0.4497 -0.4630
vn -0.6457 -0.6700 -0.3663
vn -0.7937 -0.4778 -0.3766
vn 0.7752 -0.6317 -0.0067
vn 0.8640 -0.4600 0.2048
vn 0.0634 -0.9807 -0.1848
vn -0.6470 -0.6685 -0.3666
vn -0.6035 -0.6320 -0.4862
vn -0.2501 -0.9262 -0.2821
vn 0.8573 -0.4758 0.1965
vn 0.8864 -0.4490 0.1124
vn 0.0634 -0.9811 -0.1826
vn 0.1249 -0.9245 -0.3602
vn -0.6438 -0.6730 -0.3641
vn -0.1119 -0.9639 -0.2416
vn -0.0512 -0.9076 -0.4167
vn -0.8111 -0.3752 -0.4488
vn -0.6488 -0.6671 -0.3660
vn -0.8357 -0.4011 -0.3752
vn 0.0643 -0.9807 -0.1846
vn 0.1256 -0.9234 -0.3626
vn -0.6487 -0.6668 -0.3669
vn -0.6046 -0.6302 -0.4871
vn -0.1965 -0.9435 -0.2668
vn 0.3547 -0.9268 0.1231
vn 0.4126 -0.9097 -0.0473
vn 0.4721 -0.8561 -0.2104
vn 0.1282 -0.9241 -0.3600
vn -0.5999 -0.7147 -0.3595
vn -0.6045 -0.6323 -0.4845
vn -0.2861 -0.9126 -0.2919
vn -0.8611 -0.4111 -0.2994
vn 0.0001 -1.0000 0.0001
vn -0.4059 -0.9125 0.0511
vn -0.3459 -0.9305 -0.1203
vn 0.0002 -1.0000 0.0001
vn 0.0638 -0.9806 -0.1853
vn -0.8255 -0.4859 -0.2871
vn -0.2772 -0.9560 -0.0963
vn -0.2150 -0.9378 -0.2724
vn 0.6898 -0.6832 0.2396
vn 0.7347 -0.6684 0.1155
vn 0.0002 -1.0000 -0.0004
vn -0.8148 -0.4406 -0.3767
vn -0.6893 -0.6836 -0.2399
vn -0.8430 -0.4514 -0.2925
vn 0.7316 -0.6723 0.1132
vn 0.8263 -0.4846 0.2871
vn -0.0000 -1.0000 -0.0003
vn -0.7272 -0.5755 -0.3741
vn -0.6891 -0.6835 -0.2409
vn -0.1749 -0.9827 -0.0607
vn -0.6893 -0.6842 -0.2382
vn -0.3467 -0.9302 -0.1202
vn -0.2857 -0.9127 -0.2923
vn -0.0001 -1.0000 -0.0000
vn -0.7842 -0.4930 -0.3769
vn -0.6892 -0.6840 -0.2391
vn -0.8160 -0.5036 -0.2837
vn 0.8650 -0.4021 0.3003
vn 0.8897 -0.3961 0.2269
vn 0.2941 -0.9099 0.2927
vn -0.2602 -0.9613 -0.0903
vn 0.0639 -0.9808 -0.1843
vn 0.6896 -0.6835 0.2392
vn -0.6891 -0.6839 -0.2394
vn -0.6443 -0.6712 -0.3666
vn -0.0000 -1.0000 0.0001
vn 0.0639 -0.9809 -0.1840
vn 0.6897 -0.6832 0.2398
vn 0.8390 -0.3947 0.3745
vn -0.1253 -0.9240 0.3614
vn -0.0643 -0.9807 0.1844
vn 0.6452 -0.6711 0.3652
vn -0.7343 -0.6694 -0.1127
vn -0.6890 -0.6839 -0.2398
vn -0.8564 -0.4770 -0.1976
vn 0.8034 -0.4614 0.3763
vn 0.8334 -0.4703 0.2902
vn -0.0631 -0.9807 0.1851
vn -0.7319 -0.6715 -0.1153
vn -0.3096 -0.9447 -0.1077
vn -0.8719 -0.4424 -0.2100
vn 0.6891 -0.6839 0.2397
vn 0.7955 -0.4743 0.3771
vn -0.0635 -0.9810 0.1831
vn -0.7658 -0.5852 -0.2665
vn -0.7312 -0.6729 -0.1122
vn -0.8024 -0.5758 -0.1571
vn -0.8869 -0.4051 -0.2222
vn -0.8617 -0.4106 -0.2982
vn -0.4069 -0.9120 0.0511
vn -0.8487 -0.4934 -0.1905
vn 0.8379 -0.3972 0.3743
vn 0.2379 -0.8563 0.4584
vn -0.3197 -0.9435 0.0877
vn -0.0000 -1.0000 -0.0000
vn 0.6437 -0.6725 0.3653
vn -0.6944 -0.7137 -0.0915
vn -0.6482 -0.7273 -0.2254
vn -0.4631 -0.8598 0.2154
vn -0.8876 -0.4031 -0.2228
vn 0.8135 -0.3731 0.4461
vn -0.5151 -0.7738 0.3686
vn -0.0644 -0.9807 0.1846
vn 0.6025 -0.6319 0.4875
vn -0.8865 -0.4491 -0.1116
vn -0.3969 -0.8834 0.2492
vn -0.3376 -0.9379 0.0800
vn 0.6452 -0.6705 0.3662
vn 0.7734 -0.4367 0.4595
vn -0.1251 -0.9239 0.3615
vn -0.7755 -0.6313 0.0065
vn -0.4292 -0.8725 0.2337
vn -0.3701 -0.9266 0.0662
vn 0.6452 -0.6709 0.3656
vn 0.7649 -0.4481 0.4628
vn 0.6016 -0.6335 0.4867
vn -0.7750 -0.6320 0.0064
vn -0.2986 -0.9076 0.2952
vn -0.2375 -0.9640 0.1199
vn -0.9119 -0.3820 -0.1500
vn -0.7316 -0.6724 -0.1121
vn -0.4627 -0.8597 0.2166
vn -0.1261 -0.9235 0.3624
vn -0.0642 -0.9808 0.1842
vn -0.8822 -0.4586 -0.1067
vn -0.7359 -0.6672 -0.1151
vn 0.6017 -0.6331 0.4871
vn 0.1892 -0.7695 0.6099
vn -0.3828 -0.8877 0.2557
vn -0.1269 -0.9241 0.3605
vn -0.0641 -0.9808 0.1843
vn -0.7392 -0.6724 0.0371
vn -0.7342 -0.6693 -0.1140
vn -0.1256 -0.9239 0.3614
vn -0.0637 -0.9809 0.1835
vn -0.9359 -0.3426 -0.0817
vn -0.9126 -0.3796 -0.1517
vn 0.5647 -0.5683 0.5984
vn -0.2320 -0.7068 0.6683
vn -0.1824 -0.8317 0.5244
vn -0.1829 -0.8314 0.5246
vn -0.1248 -0.9237 0.3622
vn -0.8145 -0.5677 0.1197
vn -0.7756 -0.6311 0.0067
vn -0.9140 -0.4046 -0.0298
vn 0.5662 -0.5684 0.5970
vn 0.6008 -0.6344 0.4864
vn -0.1809 -0.8316 0.5251
vn -0.9001 -0.4158 -0.1303
vn -0.8133 -0.5695 0.1190
vn -0.9253 -0.3752 -0.0554
vn 0.5646 -0.5687 0.5982
vn -0.1849 -0.8316 0.5237
vn -0.1246 -0.9245 0.3603
vn -0.8392 -0.5411 -0.0539
vn -0.8148 -0.5675 0.1190
vn -0.3538 -0.8171 0.4551
vn -0.9359 -0.3422 -0.0835
vn -0.7745 -0.6325 0.0074
vn -0.5185 -0.7722 0.3672
vn -0.1826 -0.8311 0.5253
vn -0.8154 -0.5668 0.1173
vn -0.7791 -0.6269 0.0042
vn -0.9092 -0.4159 -0.0221
vn 0.5670 -0.5662 0.5983
vn 0.8138 -0.3720 0.4465
vn 0.7711 -0.2854 0.5692
vn 0.7946 -0.3300 0.5097
vn -0.8139 -0.5684 0.1202
vn -0.7751 -0.6318 0.0064
vn -0.7805 -0.6050 0.1576
vn -0.9566 -0.2903 -0.0249
vn 0.5313 -0.4838 0.6954
vn 0.7928 -0.3329 0.5106
vn -0.5994 -0.5171 0.6110
vn -0.5637 -0.6574 0.5001
vn -0.2297 -0.7080 0.6678
vn -0.8469 -0.4850 0.2181
vn -0.4986 -0.6763 0.5421
vn -0.4507 -0.7946 0.4068
vn 0.5305 -0.4819 0.6973
vn 0.7483 -0.3909 0.5360
vn -0.2313 -0.7061 0.6693
vn -0.8467 -0.4852 0.2183
vn -0.5294 -0.6670 0.5243
vn -0.4824 -0.7849 0.3888
vn 0.7143 -0.3420 0.6105
vn 0.7391 -0.4011 0.5412
vn 0.5307 -0.4824 0.6968
vn -0.9019 -0.4134 0.1250
vn -0.8718 -0.4881 0.0423
vn -0.4032 -0.6948 0.5956
vn -0.9582 -0.2841 -0.0326
vn -0.8119 -0.5705 0.1240
vn -0.2316 -0.7077 0.6675
vn -0.8473 -0.4843 0.2181
vn -0.4858 -0.6788 0.5506
vn -0.4362 -0.7990 0.4139
vn 0.5311 -0.4831 0.6961
vn 0.7577 -0.2222 0.6136
vn 0.1387 -0.6558 0.7421
vn -0.2306 -0.7067 0.6688
vn -0.1813 -0.8314 0.5253
vn -0.8486 -0.4827 0.2164
vn -0.2324 -0.7069 0.6681
vn -0.1825 -0.8313 0.5250
vn 0.7565 -0.2217 0.6152
vn 0.7707 -0.2856 0.5697
vn -0.3031 -0.3823 0.8729
vn -0.2729 -0.5553 0.7856
vn -0.2743 -0.5564 0.7843
vn -0.9379 -0.3447 0.0385
vn -0.8755 -0.3782 0.3009
vn -0.9578 -0.2707 0.0967
vn 0.4971 -0.3804 0.7799
vn 0.7235 -0.3322 0.6052
vn -0.9480 -0.3181 0.0088
vn -0.8781 -0.3772 0.2943
vn -0.9662 -0.2503 0.0616
vn 0.6968 -0.2674 0.6655
vn -0.2724 -0.5556 0.7856
vn -0.2316 -0.7056 0.6697
vn -0.9254 -0.3257 0.1936
vn -0.8485 -0.4820 0.2183
vn -0.9738 -0.2265 0.0205
vn -0.8530 -0.4778 0.2100
vn -0.5646 -0.6575 0.4989
vn -0.5989 -0.5168 0.6118
vn -0.9342 -0.3532 0.0506
vn -0.8783 -0.3775 0.2936
vn -0.5225 -0.5344 0.6644
vn 0.5062 -0.3778 0.7752
vn 0.7441 -0.1524 0.6505
vn -0.2709 -0.5550 0.7865
vn -0.8466 -0.4040 0.3464
vn -0.8178 -0.5136 0.2596
vn -0.9856 -0.1583 0.0603
vn -0.9731 -0.2290 0.0239
vn 0.5032 -0.3793 0.7765
vn 0.7445 -0.1529 0.6499
vn 0.4666 -0.1355 0.8740
vn 0.4854 -0.2603 0.8347
vn -0.3011 -0.3815 0.8740
vn -0.8972 -0.2606 0.3565
vn -0.5368 -0.5318 0.6550
vn -0.9731 -0.1855 0.1367
vn 0.4814 -0.2627 0.8362
vn 0.7050 -0.2608 0.6595
vn -0.2787 -0.5552 0.7837
vn -0.8988 -0.2583 0.3542
vn -0.5960 -0.3622 0.7167
vn -0.5672 -0.5249 0.6347
vn 0.5044 -0.3786 0.7761
vn 0.6787 -0.1857 0.7105
vn 0.4812 -0.2618 0.8366
vn -0.8966 -0.2624 0.3568
vn -0.8757 -0.3801 0.2978
vn -0.4731 -0.3768 0.7964
vn -0.4426 -0.5458 0.7114
vn -0.9864 -0.1548 0.0556
vn -0.8790 -0.3764 0.2925
vn -0.6293 -0.3551 0.6913
vn -0.3038 -0.3831 0.8723
vn -0.2726 -0.5553 0.7857
vn -0.9541 -0.2786 0.1100
vn -0.8975 -0.2619 0.3548
vn -0.5528 -0.3673 0.7480
vn 0.0537 -0.1811 0.9820
vn 0.0728 -0.3540 0.9324
vn 0.1021 -0.5155 0.8508
vn 0.4830 -0.2613 0.8357
vn -0.8677 -0.2792 0.4112
vn -0.8753 -0.3801 0.2991
vn -0.2736 -0.5554 0.7853
vn -0.6282 -0.3563 0.6916
vn -0.9933 -0.0803 0.0831
vn 0.7341 0.0007 0.6791
vn 0.7336 -0.0793 0.6749
vn -0.6452 -0.1804 0.7424
vn -0.9092 -0.1353 0.3938
vn -0.5671 -0.3657 0.7381
vn -0.9818 -0.0957 0.1641
vn 0.4721 -0.1332 0.8714
vn 0.6927 -0.1806 0.6983
vn -0.3217 -0.1950 0.9265
vn -0.3079 -0.3835 0.8707
vn -0.9884 -0.0882 0.1240
vn -0.9797 -0.1738 0.1004
vn -0.6136 -0.1845 0.7678
vn 0.6706 -0.0939 0.7359
vn -0.3264 -0.1951 0.9249
vn -0.3022 -0.3811 0.8737
vn -0.9543 -0.1144 0.2760
vn -0.9435 -0.2245 0.2439
vn -0.9117 -0.1329 0.3888
vn -0.8984 -0.2595 0.3543
vn -0.6451 -0.1829 0.7419
vn -0.9694 -0.1916 0.1537
vn -0.9076 -0.1340 0.3979
vn -0.9776 -0.0988 0.1859
vn 0.7316 -0.0795 0.6771
vn 0.4657 -0.1347 0.8746
vn 0.7323 -0.0000 0.6810
vn -0.3015 -0.3827 0.8733
vn -0.8835 -0.1411 0.4467
vn -0.8965 -0.2612 0.3579
vn -0.3232 -0.1946 0.9261
vn -0.3025 -0.3834 0.8726
vn -0.6497 -0.0002 0.7602
vn 0.4691 0.0008 0.8831
vn 0.7344 0.0785 0.6742
vn -0.3218 -0.1942 0.9267
vn -0.3237 -0.0000 0.9462
vn -0.3222 -0.1961 0.9262
vn -0.9137 0.0002 0.4065
vn -0.5913 0.0003 0.8065
vn -0.5845 -0.1872 0.7895
vn 0.6799 -0.0003 0.7333
vn 0.6844 -0.0912 0.7234
vn 0.4642 -0.0006 0.8858
vn -0.9167 -0.0000 0.3997
vn -0.9090 -0.1346 0.3944
vn -0.9911 -0.0000 0.1328
vn 0.4643 -0.0000 0.8857
vn 0.4655 -0.1329 0.8750
vn -0.3318 -0.0000 0.9433
vn -0.9146 -0.0000 0.4043
vn -0.9110 -0.1327 0.3904
vn -0.4972 -0.0000 0.8676
vn -0.4910 -0.1919 0.8497
vn -0.9961 0.0002 0.0883
vn -0.9935 -0.0807 0.0802
vn -0.6522 0.0002 0.7580
vn -0.3279 0.0001 0.9447
vn -0.3235 -0.1958 0.9258
vn -0.9105 0.0001 0.4135
vn -0.5721 -0.1883 0.7983
vn -0.9817 -0.0000 0.1904
vn 0.0535 0.1811 0.9820
vn -0.5804 -0.0000 0.8143
vn 0.0525 -0.0000 0.9986
vn -0.3262 -0.0000 0.9453
vn -0.3208 -0.1952 0.9268
vn -0.8870 -0.0001 0.4618
vn -0.9100 -0.1330 0.3927
vn -0.6448 0.1803 0.7428
vn -0.9958 -0.0004 0.0911
vn 0.4670 0.1347 0.8739
vn 0.7440 0.1532 0.6504
vn -0.3222 0.1939 0.9266
vn -0.3280 0.0002 0.9447
vn -0.9820 0.0954 0.1632
vn -0.9849 0.0003 0.1729
vn -0.5852 0.1868 0.7891
vn 0.6838 0.0915 0.7239
vn -0.3185 0.1953 0.9276
vn -0.3319 -0.0000 0.9433
vn -0.9883 0.0887 0.1240
vn -0.6134 0.1851 0.7678
vn -0.6195 -0.0000 0.7850
vn 0.6704 0.0940 0.7360
vn 0.6667 -0.0000 0.7453
vn 0.4654 0.1328 0.8751
vn -0.9544 0.1144 0.2759
vn -0.9581 -0.0000 0.2865
vn -0.9117 0.1329 0.3888
vn -0.9135 -0.0000 0.4068
vn -0.6444 0.1821 0.7427
vn -0.9074 0.1347 0.3980
vn -0.5721 0.1881 0.7983
vn 0.4658 0.1347 0.8746
vn 0.4654 -0.0000 0.8851
vn -0.5544 0.3675 0.7468
vn -0.8833 0.1411 0.4470
vn -0.9138 -0.0002 0.4062
vn -0.3229 0.1943 0.9263
vn -0.3280 0.0001 0.9447
vn -0.6285 0.3569 0.6911
vn -0.9933 0.0809 0.0831
vn -0.3034 0.3829 0.8725
vn -0.5985 0.5172 0.6118
vn -0.3012 0.3822 0.8736
vn -0.3213 0.1961 0.9264
vn -0.9730 0.1851 0.1376
vn -0.9088 0.1353 0.3946
vn 0.4752 0.1335 0.8697
vn 0.6929 0.1803 0.6982
vn -0.3099 0.3835 0.8700
vn -0.9798 0.1729 0.1003
vn -0.9089 0.1350 0.3945
vn 0.4818 0.2601 0.8368
vn -0.3265 0.1950 0.9249
vn -0.8962 0.2628 0.3574
vn -0.9110 0.1326 0.3904
vn -0.4731 0.3767 0.7964
vn -0.4911 0.1920 0.8497
vn -0.9863 0.1551 0.0555
vn -0.9934 0.0807 0.0812
vn -0.6291 0.3557 0.6912
vn -0.3038 0.3833 0.8722
vn -0.3235 0.1954 0.9258
vn -0.9777 0.0992 0.1849
vn -0.8975 0.2613 0.3552
vn -0.9701 0.1897 0.1512
vn 0.4830 0.2613 0.8357
vn 0.7314 0.0796 0.6772
vn 0.1020 0.5160 0.8505
vn 0.0728 0.3540 0.9324
vn -0.3015 0.3827 0.8733
vn -0.3208 0.1952 0.9268
vn -0.8965 0.2612 0.3579
vn -0.9100 0.1332 0.3926
vn -0.8678 0.2789 0.4113
vn -0.9856 0.1582 0.0593
vn 0.4855 0.2607 0.8345
vn 0.7567 0.2223 0.6148
vn -0.2322 0.7060 0.6691
vn -0.2727 0.5560 0.7852
vn 0.5041 0.3798 0.7757
vn -0.8752 0.3788 0.3007
vn -0.8977 0.2602 0.3556
vn -0.5670 0.3653 0.7383
vn -0.9576 0.2714 0.0968
vn 0.4795 0.2632 0.8371
vn 0.7052 0.2606 0.6594
vn -0.2788 0.5554 0.7835
vn -0.9662 0.2503 0.0620
vn -0.8988 0.2581 0.3544
vn -0.5961 0.3616 0.7168
vn 0.6961 0.2684 0.6659
vn 0.6782 0.1850 0.7112
vn -0.2723 0.5556 0.7856
vn -0.3023 0.3811 0.8737
vn -0.9256 0.3254 0.1931
vn -0.9435 0.2245 0.2439
vn -0.9739 0.2262 0.0205
vn -0.8985 0.2592 0.3543
vn -0.5989 0.5166 0.6119
vn -0.9542 0.2781 0.1106
vn 0.5058 0.3780 0.7754
vn 0.7441 0.1524 0.6505
vn 0.7716 0.2848 0.5689
vn 0.7577 0.2226 0.6135
vn -0.2712 0.5547 0.7866
vn -0.8752 0.3802 0.2991
vn -0.2736 0.5554 0.7853
vn -0.3028 0.3830 0.8727
vn -0.5625 0.6572 0.5017
vn -0.9731 0.2290 0.0253
vn 0.7710 0.2848 0.5696
vn -0.5161 0.7732 0.3685
vn -0.2338 0.7064 0.6681
vn -0.2725 0.5564 0.7850
vn -0.8470 0.4844 0.2187
vn -0.4993 0.6757 0.5423
vn -0.5366 0.5318 0.6551
vn 0.4970 0.3807 0.7798
vn 0.7233 0.3323 0.6053
vn -0.2334 0.7060 0.6687
vn -0.9478 0.3188 0.0088
vn -0.8781 0.3771 0.2945
vn -0.5290 0.6679 0.5236
vn -0.5672 0.5245 0.6350
vn 0.5312 0.4825 0.6964
vn 0.5054 0.3795 0.7750
vn -0.8487 0.4823 0.2170
vn -0.8758 0.3799 0.2978
vn -0.4431 0.5458 0.7112
vn -0.9021 0.4131 0.1251
vn -0.9582 0.2842 -0.0323
vn -0.8795 0.3757 0.2921
vn -0.5648 0.6569 0.4996
vn -0.2319 0.7069 0.6682
vn -0.2720 0.5548 0.7863
vn -0.8475 0.4841 0.2177
vn -0.8780 0.3767 0.2953
vn -0.5221 0.5349 0.6643
vn -0.9327 0.3566 0.0533
vn 0.5314 0.4829 0.6960
vn 0.7934 0.3309 0.5110
vn 0.1391 0.6559 0.7419
vn -0.8466 0.4040 0.3464
vn -0.8489 0.4825 0.2157
vn -0.2324 0.7069 0.6680
vn -0.9563 0.2913 -0.0245
vn 0.5281 0.4835 0.6981
vn 0.7918 0.3340 0.5113
vn 0.5650 0.5697 0.5968
vn 0.8138 0.3721 0.4464
vn -0.1848 0.8321 0.5229
vn -0.9382 0.3439 0.0379
vn -0.8160 0.5663 0.1160
vn -0.4504 0.7950 0.4064
vn 0.5289 0.4831 0.6978
vn 0.7485 0.3907 0.5358
vn -0.1811 0.8309 0.5261
vn -0.9249 0.3760 -0.0560
vn -0.8474 0.4843 0.2178
vn 0.7390 0.4017 0.5408
vn 0.7143 0.3426 0.6102
vn -0.1839 0.8324 0.5228
vn -0.2314 0.7065 0.6688
vn -0.8142 0.5685 0.1183
vn -0.4035 0.6946 0.5956
vn -0.8714 0.4887 0.0415
vn -0.8114 0.5718 0.1210
vn -0.8530 0.4778 0.2098
vn -0.5186 0.7723 0.3668
vn -0.9091 0.4160 -0.0220
vn -0.4361 0.7987 0.4145
vn -0.4826 0.6793 0.5528
vn 0.1877 0.7693 0.6106
vn -0.3828 0.8877 0.2557
vn -0.2303 0.7079 0.6677
vn 0.5672 0.5665 0.5978
vn -0.8178 0.5133 0.2601
vn -0.8134 0.5695 0.1191
vn -0.7801 0.6055 0.1573
vn -0.9127 0.3796 -0.1510
vn -0.9364 0.3410 -0.0834
vn 0.6453 0.6711 0.3650
vn 0.6019 0.6327 0.4873
vn -0.1255 0.9240 0.3613
vn -0.1825 0.8310 0.5255
vn -0.1257 0.9237 0.3618
vn -0.8868 0.4485 -0.1117
vn -0.9146 0.4032 -0.0316
vn -0.3969 0.8834 0.2489
vn 0.5659 0.5673 0.5983
vn 0.7734 0.4366 0.4595
vn 0.6008 0.6346 0.4861
vn -0.9000 0.4159 -0.1305
vn -0.8134 0.5691 0.1201
vn -0.4292 0.8725 0.2335
vn -0.4815 0.7860 0.3878
vn 0.5652 0.5693 0.5971
vn 0.7646 0.4485 0.4629
vn 0.6003 0.6338 0.4877
vn -0.7755 0.6313 0.0091
vn -0.2986 0.9080 0.2940
vn -0.3534 0.8179 0.4540
vn -0.9357 0.3427 -0.0837
vn -0.7745 0.6326 0.0081
vn -0.4624 0.8600 0.2156
vn -0.1826 0.8311 0.5253
vn -0.8824 0.4583 -0.1066
vn -0.8154 0.5668 0.1173
vn 0.6014 0.6333 0.4871
vn 0.2380 0.8562 0.4585
vn -0.3197 0.9435 0.0877
vn -0.1274 0.9236 0.3617
vn -0.1813 0.8320 0.5242
vn -0.7753 0.6316 0.0078
vn -0.1257 0.9239 0.3614
vn -0.1826 0.8313 0.5250
vn -0.4634 0.8596 0.2155
vn -0.8876 0.4031 -0.2228
vn 0.6896 0.6833 0.2399
vn 0.8390 0.3947 0.3746
vn -0.4059 0.9125 0.0511
vn -0.0644 0.9807 0.1844
vn -0.7337 0.6700 -0.1135
vn -0.7759 0.6308 0.0089
vn -0.3378 0.9378 0.0800
vn 0.6453 0.6705 0.3661
vn -0.1251 0.9240 0.3613
vn -0.8719 0.4424 -0.2098
vn -0.7756 0.6312 0.0068
vn 0.6455 0.6701 0.3666
vn -0.1258 0.9238 0.3616
vn -0.8396 0.5405 -0.0541
vn -0.7311 0.6728 -0.1132
vn -0.8025 0.5756 -0.1571
vn -0.9116 0.3827 -0.1498
vn -0.7317 0.6726 -0.1107
vn -0.8872 0.4044 -0.2222
vn -0.1253 0.9241 0.3611
vn -0.4072 0.9119 0.0511
vn -0.7352 0.6681 -0.1147
vn -0.7791 0.6269 0.0031
vn 0.6448 0.6714 0.3654
vn 0.8136 0.3725 0.4464
vn 0.2945 0.9096 0.2930
vn -0.2601 0.9613 -0.0903
vn -0.0638 0.9808 0.1845
vn -0.7394 0.6722 0.0372
vn -0.7347 0.6687 -0.1147
vn -0.6945 0.7136 -0.0918
vn -0.8611 0.4110 -0.2994
vn 0.7335 0.6701 0.1138
vn 0.8647 0.4023 0.3009
vn -0.0000 1.0000 0.0001
vn -0.0643 0.9808 0.1843
vn 0.0001 1.0000 0.0002
vn -0.8254 0.4859 -0.2874
vn -0.8566 0.4768 -0.1975
vn -0.2771 0.9560 -0.0965
vn 0.6897 0.6834 0.2395
vn 0.8033 0.4614 0.3765
vn -0.0629 0.9807 0.1851
vn -0.8430 0.4515 -0.2923
vn -0.7317 0.6718 -0.1152
vn -0.3096 0.9448 -0.1075
vn -0.3702 0.9266 0.0662
vn 0.6892 0.6839 0.2395
vn 0.7954 0.4745 0.3771
vn -0.0637 0.9807 0.1848
vn -0.6890 0.6840 -0.2397
vn -0.1748 0.9827 -0.0610
vn -0.2378 0.9637 0.1216
vn -0.6899 0.6833 -0.2390
vn -0.8613 0.4113 -0.2983
vn -0.0001 1.0000 0.0002
vn -0.0641 0.9808 0.1843
vn -0.8487 0.4934 -0.1904
vn -0.6901 0.6830 -0.2391
vn 0.6889 0.6843 0.2389
vn 0.8382 0.3966 0.3744
vn 0.7328 0.6708 0.1143
vn 0.8652 0.4013 0.3005
vn -0.0000 1.0000 -0.0001
vn -0.6484 0.7273 -0.2249
vn -0.0637 0.9809 0.1836
vn -0.2861 0.9127 -0.2919
vn -0.3460 0.9305 -0.1203
vn 0.0641 0.9808 -0.1841
vn -0.2291 0.8597 -0.4566
vn -0.6460 0.6700 -0.3659
vn -0.6890 0.6839 -0.2399
vn -0.7937 0.4778 -0.3766
vn 0.8640 0.4600 0.2048
vn 0.8334 0.4703 0.2901
vn 0.0001 1.0000 -0.0004
vn 0.7348 0.6684 0.1155
vn -0.8147 0.4409 -0.3767
vn -0.6895 0.6837 -0.2391
vn -0.2497 0.9264 -0.2820
vn 0.7324 0.6715 0.1124
vn 0.8262 0.4848 0.2871
vn 0.0641 0.9808 -0.1843
vn -0.7273 0.5749 -0.3749
vn -0.7656 0.5856 -0.2664
vn -0.8360 0.4004 -0.3751
vn -0.3464 0.9303 -0.1202
vn -0.2860 0.9125 -0.2924
vn -0.7841 0.4930 -0.3770
vn -0.8162 0.5034 -0.2837
vn -0.1965 0.9435 -0.2669
vn 0.9158 0.3696 0.1571
vn 0.8901 0.3953 0.2270
vn 0.3552 0.9266 0.1233
vn 0.0638 0.9808 -0.1842
vn -0.6456 0.6702 -0.3661
vn -0.6886 0.6848 -0.2385
vn -0.5996 0.7154 -0.3587
vn -0.8340 0.4032 -0.3767
vn 0.9167 0.3677 0.1565
vn 0.8910 0.3927 0.2278
vn 0.1824 0.8304 -0.5264
vn 0.1262 0.9238 -0.3615
vn 0.1268 0.9236 -0.3618
vn 0.0640 0.9806 -0.1853
vn -0.7638 0.4495 -0.4632
vn -0.1571 0.8829 -0.4426
vn -0.2150 0.9379 -0.2724
vn 0.7751 0.6318 -0.0062
vn 0.0635 0.9807 -0.1848
vn -0.7866 0.4163 -0.4561
vn -0.6471 0.6684 -0.3667
vn 0.7741 0.6330 -0.0079
vn 0.8572 0.4760 0.1964
vn -0.6914 0.5422 -0.4774
vn -0.6439 0.6722 -0.3653
vn -0.1115 0.9636 -0.2430
vn -0.8111 0.3759 -0.4482
vn -0.6482 0.6675 -0.3665
vn -0.2275 0.8603 -0.4561
vn 0.0641 0.9806 -0.1850
vn -0.7563 0.4609 -0.4643
vn -0.6479 0.6673 -0.3672
vn 0.7771 0.6293 -0.0070
vn 0.9396 0.3294 0.0926
vn 0.4722 0.8560 -0.2104
vn 0.4133 0.9094 -0.0471
vn 0.1289 0.9235 -0.3614
vn -0.5580 0.6703 -0.4892
vn 0.1257 0.9239 -0.3614
vn 0.0639 0.9809 -0.1838
vn -0.1781 0.7722 -0.6100
vn -0.8094 0.3794 -0.4482
vn 0.8119 0.5713 -0.1199
vn 0.7780 0.6283 -0.0059
vn -0.1290 0.6584 -0.7416
vn -0.7377 0.4027 -0.5419
vn -0.6010 0.6334 -0.4876
vn 0.8132 0.5690 -0.1223
vn 0.8924 0.4352 0.1191
vn 0.1251 0.9240 -0.3613
vn -0.5662 0.5664 -0.5988
vn -0.6035 0.6323 -0.4858
vn -0.1373 0.7859 -0.6029
vn -0.1920 0.8724 -0.4496
vn 0.9151 0.4017 0.0340
vn 0.8863 0.4493 0.1124
vn 0.1839 0.8323 -0.5229
vn 0.1252 0.9238 -0.3619
vn -0.6592 0.4875 -0.5725
vn -0.6031 0.6318 -0.4869
vn 0.0039 0.8181 -0.5751
vn -0.0517 0.9081 -0.4156
vn -0.7908 0.3354 -0.5120
vn -0.6089 0.6259 -0.4874
vn 0.1827 0.8315 -0.5247
vn 0.1252 0.9241 -0.3610
vn -0.5620 0.5705 -0.5989
vn -0.6050 0.6308 -0.4859
vn -0.0856 0.7985 -0.5959
vn -0.1433 0.8872 -0.4385
vn 0.5685 0.6554 -0.4972
vn 0.5261 0.7691 -0.3628
vn 0.1810 0.8322 -0.5242
vn -0.5126 0.6072 -0.6070
vn -0.6032 0.6312 -0.4876
vn -0.7868 0.3408 -0.5146
vn 0.9581 0.2847 0.0314
vn 0.9381 0.3355 0.0864
vn 0.8480 0.4826 -0.2192
vn 0.9749 0.2222 -0.0141
vn 0.1798 0.8323 -0.5243
vn -0.7128 0.3431 -0.6117
vn -0.5656 0.5671 -0.5987
vn -0.1044 0.7945 -0.5982
vn 0.8491 0.4823 -0.2157
vn 0.9193 0.3914 0.0407
vn 0.2352 0.7069 -0.6671
vn 0.1823 0.8314 -0.5249
vn -0.7609 0.3754 -0.5293
vn -0.5281 0.4863 -0.6961
vn -0.7389 0.3186 -0.5937
vn 0.8496 0.4815 -0.2154
vn 0.8150 0.5675 -0.1172
vn 0.2354 0.7068 -0.6671
vn -0.5258 0.4846 -0.6991
vn -0.5637 0.5695 -0.5983
vn -0.6292 0.4144 -0.6576
vn -0.7667 0.2887 -0.5734
vn -0.5684 0.5648 -0.5982
vn -0.1810 0.7723 -0.6090
vn -0.1317 0.6562 -0.7430
vn -0.7229 0.4195 -0.5491
vn -0.5311 0.4820 -0.6969
vn -0.0369 0.6798 -0.7325
vn 0.8468 0.4845 -0.2196
vn 0.8157 0.5669 -0.1153
vn 0.8766 0.3786 -0.2970
vn 0.9580 0.2854 0.0289
vn -0.4814 0.5119 -0.7115
vn -0.5638 0.5704 -0.5973
vn 0.2324 0.7067 -0.6682
vn 0.1830 0.8312 -0.5250
vn -0.7476 0.2292 -0.6234
vn -0.7646 0.2931 -0.5741
vn 0.3045 0.3815 -0.8728
vn -0.0904 0.5176 -0.8508
vn 0.2727 0.5559 -0.7852
vn 0.2319 0.7067 -0.6684
vn 0.2327 0.7057 -0.6692
vn 0.8771 0.3782 -0.2962
vn -0.6914 0.2701 -0.6701
vn -0.5322 0.4816 -0.6963
vn -0.0546 0.6764 -0.7345
vn 0.8746 0.3835 -0.2966
vn 0.9426 0.3330 -0.0229
vn -0.5064 0.3761 -0.7759
vn -0.0924 0.6683 -0.7381
vn -0.7190 0.2510 -0.6481
vn 0.9590 0.2681 -0.0918
vn 0.9384 0.3436 -0.0358
vn 0.2766 0.5553 -0.7843
vn -0.6065 0.3244 -0.7259
vn 0.0931 0.5457 -0.8328
vn 0.0531 0.6949 -0.7171
vn -0.5052 0.3798 -0.7749
vn -0.5290 0.4844 -0.6968
vn -0.0922 0.5176 -0.8507
vn 0.2322 0.7060 -0.6691
vn -0.7000 0.3556 -0.6193
vn -0.5058 0.3787 -0.7751
vn -0.6818 0.2775 -0.6768
vn 0.6354 0.3549 -0.6858
vn 0.0019 0.5344 -0.8452
vn 0.6093 0.5149 -0.6029
vn 0.2308 0.7077 -0.6677
vn -0.4476 0.4056 -0.7970
vn -0.5342 0.4803 -0.6956
vn -0.0631 0.3554 -0.9326
vn 0.8938 0.2639 -0.3626
vn 0.2740 0.5549 -0.7855
vn -0.4799 0.2610 -0.8376
vn -0.5021 0.3809 -0.7764
vn 0.0129 0.3655 -0.9307
vn -0.0155 0.5303 -0.8477
vn 0.8975 0.2615 -0.3552
vn 0.9624 0.2606 -0.0770
vn 0.2654 0.5574 -0.7867
vn -0.7068 0.1721 -0.6862
vn -0.0246 0.3606 -0.9324
vn -0.0507 0.5246 -0.8498
vn 0.8959 0.2620 -0.3588
vn 0.8776 0.3778 -0.2951
vn 0.3007 0.3824 -0.8737
vn -0.4845 0.2607 -0.8350
vn -0.5005 0.3811 -0.7773
vn -0.5872 0.2243 -0.7777
vn -0.7495 0.2286 -0.6213
vn -0.4780 0.2627 -0.8382
vn -0.0668 0.3564 -0.9319
vn 0.2721 0.5559 -0.7855
vn -0.4874 0.2592 -0.8338
vn 0.0314 0.3676 -0.9295
vn 0.9867 0.1544 -0.0508
vn 0.9749 0.2222 -0.0128
vn 0.2717 0.5546 -0.7865
vn 0.8961 0.2614 -0.3587
vn -0.4261 0.2785 -0.8608
vn -0.5021 0.3802 -0.7768
vn 0.3033 0.3824 -0.8728
vn 0.2730 0.5560 -0.7851
vn -0.7284 0.0810 -0.6803
vn -0.7357 0.1572 -0.6588
vn 0.9103 0.1329 -0.3919
vn 0.9866 0.1543 -0.0523
vn 0.3284 -0.0000 -0.9445
vn 0.3269 0.1956 -0.9246
vn 0.2986 0.3835 -0.8740
vn -0.6778 0.1856 -0.7114
vn -0.4663 0.1344 -0.8744
vn 0.0286 0.1866 -0.9820
vn 0.9083 0.1328 -0.3966
vn 0.9765 0.1790 -0.1204
vn 0.3038 0.3826 -0.8726
vn -0.4697 0.1324 -0.8728
vn -0.4831 0.2609 -0.8358
vn -0.6992 0.0876 -0.7095
vn 0.9096 0.1342 -0.3932
vn 0.9735 0.1840 -0.1356
vn -0.5790 0.1137 -0.8073
vn 0.1411 0.1909 -0.9714
vn 0.1240 0.3756 -0.9185
vn -0.7373 0.1574 -0.6569
vn -0.4745 0.1335 -0.8701
vn -0.7294 0.0793 -0.6795
vn 0.3028 0.3833 -0.8726
vn -0.0430 0.1803 -0.9827
vn -0.6545 0.0988 -0.7496
vn -0.6675 0.1892 -0.7202
vn 0.9945 0.0779 -0.0705
vn 0.3181 0.1955 -0.9277
vn 0.3025 0.3815 -0.8735
vn -0.4128 0.1419 -0.8997
vn -0.4823 0.2605 -0.8364
vn 0.9970 0.0004 -0.0774
vn -0.6702 0.0948 -0.7361
vn 0.9847 0.0917 -0.1485
vn 0.3207 0.1953 -0.9268
vn -0.0073 0.1844 -0.9828
vn 0.9822 0.0949 -0.1624
vn 0.3255 0.1958 -0.9251
vn -0.4679 0.1344 -0.8735
vn 0.3233 0.1944 -0.9261
vn -0.4676 0.1336 -0.8738
vn 0.6533 -0.1803 -0.7353
vn 0.9972 -0.0000 -0.0754
vn 0.9087 0.1339 -0.3954
vn -0.4685 0.1336 -0.8733
vn 0.3218 0.1946 -0.9266
vn 0.3186 -0.1872 -0.9292
vn -0.0446 0.0009 -0.9990
vn 0.3285 0.0013 -0.9445
vn -0.0677 -0.3621 -0.9297
vn -0.0660 -0.1725 -0.9828
vn -0.2159 0.1681 -0.9618
vn -0.5632 0.0004 -0.8263
vn -0.5696 0.1174 -0.8135
vn 0.3299 0.0005 -0.9440
vn 0.1455 -0.1936 -0.9702
vn 0.1513 0.0004 -0.9885
vn 0.1456 0.1940 -0.9701
vn 0.3225 0.1947 -0.9263
vn 0.9158 0.0005 -0.4017
vn 0.8823 -0.1414 -0.4489
vn 0.8851 0.0003 -0.4654
vn 0.3156 -0.1982 -0.9280
vn 0.3326 0.0007 -0.9431
vn 0.6407 -0.1802 -0.7464
vn -0.0338 0.0004 -0.9994
vn 0.6484 0.0004 -0.7613
vn -0.7059 0.0866 -0.7030
vn -0.4348 0.0005 -0.9005
vn -0.4483 0.1386 -0.8831
vn 0.8995 0.0004 -0.4370
vn 0.9892 0.0846 -0.1195
vn 0.8934 0.1378 -0.4276
vn 0.3245 0.0006 -0.9459
vn 0.8932 -0.1375 -0.4281
vn 0.6436 -0.1830 -0.7432
vn -0.0381 0.0004 -0.9993
vn 0.6503 0.0003 -0.7597
vn 0.6264 -0.3617 -0.6905
vn -0.0455 -0.1820 -0.9822
vn 0.9032 -0.1384 -0.4063
vn 0.9824 -0.1683 -0.0811
vn 0.9905 -0.0865 -0.1067
vn 0.3342 -0.1953 -0.9221
vn 0.9001 0.0003 -0.4357
vn 0.3262 0.0005 -0.9453
vn 0.6394 -0.1830 -0.7468
vn -0.0366 0.0004 -0.9993
vn 0.6455 0.0002 -0.7638
vn 0.6217 -0.3617 -0.6948
vn -0.0423 -0.1821 -0.9824
vn 0.8969 0.0005 -0.4421
vn 0.9884 0.0897 -0.1227
vn 0.8925 0.1428 -0.4278
vn 0.3228 -0.1960 -0.9260
vn 0.3311 0.0006 -0.9436
vn -0.2712 0.1635 -0.9485
vn -0.5538 0.0002 -0.8327
vn -0.5582 0.1206 -0.8209
vn 0.3284 0.0003 -0.9446
vn 0.2251 -0.1965 -0.9543
vn 0.2321 0.0002 -0.9727
vn -0.9440 0.0030 -0.3300
vn -0.4829 -0.2610 -0.8359
vn -0.9443 0.0023 -0.3292
vn -0.7391 -0.1622 -0.6538
vn -0.9452 0.0003 -0.3265
vn -0.9438 0.0083 -0.3305
vn -0.7411 -0.0710 -0.6676
vn -0.9449 0.0116 -0.3271
vn -0.2324 -0.3291 -0.9152
vn -0.5699 -0.1169 -0.8134
vn -0.2161 -0.1676 -0.9619
vn -0.8719 -0.1525 -0.4653
vn -0.4997 -0.3812 -0.7778
vn -0.8594 -0.1190 -0.4973
vn -0.4804 -0.2560 -0.8388
vn -0.8559 -0.0814 -0.5107
vn 0.9074 -0.1371 -0.3972
vn 0.8670 -0.2812 -0.4115
vn 0.8972 -0.2608 -0.3563
vn -0.0604 -0.3615 -0.9304
vn -0.0416 -0.1820 -0.9824
vn 0.9893 -0.0844 -0.1194
vn 0.9923 0.0002 -0.1241
vn 0.6435 0.1833 -0.7432
vn -0.0451 0.1824 -0.9822
vn 0.3169 -0.3862 -0.8663
vn 0.3164 -0.1975 -0.9279
vn 0.9035 0.1386 -0.4056
vn 0.9935 0.0001 -0.1141
vn 0.9905 0.0868 -0.1067
vn -0.7212 -0.1684 -0.6720
vn -0.4558 -0.1409 -0.8789
vn -0.7129 -0.0846 -0.6961
vn -0.7037 0.0860 -0.7052
vn -0.4402 0.0003 -0.8979
vn -0.4302 0.1397 -0.8919
vn 0.2968 -0.3936 -0.8700
vn 0.9884 -0.0894 -0.1231
vn 0.9913 -0.0001 -0.1316
vn -0.7127 -0.1734 -0.6797
vn -0.4296 -0.1394 -0.8922
vn -0.7042 -0.0858 -0.7048
vn -0.7285 -0.2495 -0.6379
vn -0.4536 -0.2737 -0.8481
vn -0.7140 -0.1718 -0.6788
vn 0.2999 -0.3849 -0.8729
vn 0.8930 -0.1422 -0.4271
vn -0.2861 -0.3183 -0.9038
vn -0.5576 -0.1204 -0.8213
vn -0.2713 -0.1633 -0.9485
vn 0.3218 -0.1958 -0.9263
vn 0.2059 -0.3839 -0.9001
vn -0.9444 0.0010 -0.3289
vn -0.4999 -0.3840 -0.7763
vn 0.3056 -0.3881 -0.8695
vn -0.1025 -0.5292 -0.8423
vn 0.2742 -0.5692 -0.7751
vn -0.1346 -0.6616 -0.7377
vn -0.5953 -0.3299 -0.7327
vn -0.5808 -0.2253 -0.7822
vn 0.3029 -0.3858 -0.8715
vn 0.0965 -0.5523 -0.8280
vn 0.1258 -0.3793 -0.9167
vn 0.2724 -0.5611 -0.7817
vn 0.0550 -0.7035 -0.7086
vn 0.8451 -0.4075 -0.3460
vn 0.2665 -0.5660 -0.7801
vn 0.3046 -0.3836 -0.8718
vn 0.6234 -0.3595 -0.6944
vn -0.0906 -0.5246 -0.8465
vn 0.8872 -0.2694 -0.3745
vn 0.9674 -0.2479 -0.0516
vn 0.9812 -0.1697 -0.0924
vn -0.7360 -0.2437 -0.6316
vn -0.4519 -0.2750 -0.8487
vn 0.8585 -0.3969 -0.3248
vn -0.0936 -0.5237 -0.8468
vn -0.0633 -0.3619 -0.9301
vn 0.8837 -0.2773 -0.3771
vn 0.9692 -0.2425 -0.0434
vn -0.7225 -0.2537 -0.6431
vn -0.4568 -0.2718 -0.8470
vn 0.8611 -0.3932 -0.3222
vn -0.0845 -0.5258 -0.8464
vn -0.0607 -0.3609 -0.9306
vn 0.8795 -0.2744 -0.3888
vn 0.9664 -0.2508 -0.0570
vn 0.9799 -0.1742 -0.0975
vn -0.7453 -0.3148 -0.5878
vn -0.4816 -0.3941 -0.7828
vn 0.8595 -0.3951 -0.3243
vn -0.3098 -0.4619 -0.8311
vn -0.5691 -0.2348 -0.7880
vn 0.3027 -0.3857 -0.8715
vn 0.1750 -0.5579 -0.8112
vn 0.2306 -0.7123 -0.6629
vn 0.2714 -0.5627 -0.7808
vn 0.1819 -0.8309 -0.5259
vn 0.2327 -0.7120 -0.6624
vn -0.7692 -0.2904 -0.5692
vn -0.7576 -0.2329 -0.6097
vn -0.2924 -0.6122 -0.7347
vn -0.2574 -0.4813 -0.8379
vn -0.8951 -0.2049 -0.3961
vn -0.5753 -0.5673 -0.5892
vn -0.8850 -0.1837 -0.4278
vn -0.5304 -0.4914 -0.6908
vn 0.8738 -0.3875 -0.2938
vn 0.8165 -0.5176 -0.2558
vn 0.8478 -0.4862 -0.2117
vn 0.5936 -0.5243 -0.6105
vn -0.1271 -0.6625 -0.7382
vn 0.9492 -0.3148 0.0044
vn -0.7509 -0.3084 -0.5839
vn -0.4885 -0.3880 -0.7816
vn 0.2266 -0.7118 -0.6648
vn 0.2674 -0.5589 -0.7850
vn 0.5973 -0.5231 -0.6079
vn -0.1293 -0.6614 -0.7388
vn 0.9512 -0.3084 0.0117
vn -0.7424 -0.3166 -0.5904
vn -0.4728 -0.3961 -0.7871
vn 0.2258 -0.7100 -0.6670
vn 0.2657 -0.5582 -0.7860
vn 0.5563 -0.6627 -0.5014
vn 0.5943 -0.5238 -0.6102
vn 0.9485 -0.3166 -0.0026
vn -0.7680 -0.3695 -0.5231
vn -0.5018 -0.5072 -0.7006
vn 0.2785 -0.5601 -0.7802
vn 0.8321 -0.5029 -0.2339
vn -0.3435 -0.5863 -0.7337
vn -0.5863 -0.3383 -0.7361
vn -0.9458 -0.0001 -0.3248
vn -0.5635 -0.5760 -0.5922
vn -0.9455 -0.0026 -0.3257
vn -0.5284 -0.4887 -0.6943
vn 0.1288 -0.9246 -0.3584
vn -0.1867 -0.7693 -0.6110
vn -0.7924 -0.3319 -0.5119
vn -0.9507 -0.0179 -0.3095
vn -0.3324 -0.7153 -0.6147
vn -0.6219 -0.4221 -0.6596
vn 0.1801 -0.8358 -0.5186
vn 0.2296 -0.7139 -0.6615
vn 0.1247 -0.9246 -0.3600
vn 0.0071 -0.8218 -0.5697
vn 0.7802 -0.6074 -0.1495
vn 0.1798 -0.8324 -0.5242
vn 0.2311 -0.7134 -0.6616
vn 0.5093 -0.7791 -0.3656
vn 0.5571 -0.6635 -0.4994
vn 0.8309 -0.5043 -0.2351
vn 0.9264 -0.3707 0.0654
vn -0.7719 -0.3639 -0.5213
vn -0.5124 -0.5008 -0.6976
vn 0.7968 -0.5888 -0.1354
vn 0.5607 -0.6622 -0.4971
vn -0.1746 -0.7769 -0.6049
vn 0.8345 -0.5003 -0.2310
vn 0.9294 -0.3620 0.0711
vn -0.7637 -0.3742 -0.5260
vn -0.5038 -0.5021 -0.7029
vn 0.1774 -0.8342 -0.5222
vn -0.1712 -0.7783 -0.6041
vn -0.1261 -0.6633 -0.7376
vn 0.9262 -0.3720 0.0608
vn -0.2262 -0.8628 -0.4522
vn -0.1731 -0.7779 -0.6041
vn 0.2386 -0.7124 -0.6600
vn 0.7953 -0.5910 -0.1346
vn -0.3833 -0.6887 -0.6154
vn -0.6110 -0.4308 -0.6642
vn 0.1812 -0.8340 -0.5211
vn 0.1350 -0.7082 -0.6929
vn -0.9445 0.0019 -0.3285
vn -0.6056 -0.6322 -0.4833
vn -0.8376 -0.3926 -0.3799
vn -0.9362 0.0054 -0.3514
vn -0.8151 -0.3733 -0.4431
vn -0.9487 -0.0055 -0.3160
vn -0.3797 -0.7925 -0.4771
vn -0.6523 -0.4988 -0.5706
vn 0.0635 -0.9810 -0.1834
vn -0.0469 -0.9098 -0.4125
vn -0.9067 -0.2196 -0.3601
vn -0.6037 -0.6331 -0.4845
vn 0.8132 -0.5697 -0.1190
vn 0.7385 -0.6732 -0.0362
vn 0.1219 -0.9255 -0.3586
vn 0.9025 -0.4087 0.1357
vn -0.7925 -0.4079 -0.4534
vn -0.5433 -0.5870 -0.6002
vn -0.7965 -0.4025 -0.4511
vn -0.5403 -0.5913 -0.5987
vn 0.1876 -0.8348 -0.5176
vn 0.7585 -0.6515 -0.0183
vn 0.4590 -0.8621 -0.2146
vn 0.5141 -0.7763 -0.3648
vn 0.7972 -0.5886 -0.1342
vn 0.9049 -0.4025 0.1386
vn -0.7908 -0.4119 -0.4527
vn -0.5368 -0.5928 -0.6004
vn 0.1233 -0.9246 -0.3604
vn 0.4565 -0.8637 -0.2138
vn 0.5092 -0.7778 -0.3684
vn 0.9006 -0.4127 0.1363
vn 0.4020 -0.9141 -0.0524
vn 0.4578 -0.8628 -0.2145
vn 0.1861 -0.8359 -0.5163
vn 0.7534 -0.6571 -0.0230
vn -0.4304 -0.7651 -0.4789
vn -0.6411 -0.5073 -0.5758
vn 0.0285 -0.9212 -0.3881
vn 0.0856 -0.8304 -0.5505
vn -0.9432 0.0001 -0.3322
vn -0.6490 -0.6679 -0.3642
vn -0.2907 -0.9110 -0.2927
vn -0.2350 -0.8584 -0.4560
vn -0.9436 -0.0045 -0.3310
vn -0.9339 0.0024 -0.3576
vn -0.4328 -0.8404 -0.3263
vn -0.6836 -0.5548 -0.4743
vn -0.1694 -0.9838 -0.0582
vn -0.1072 -0.9650 -0.2393
vn -0.6954 -0.6777 -0.2392
vn -0.6391 -0.6785 -0.3623
vn 0.7742 -0.6330 -0.0041
vn 0.6942 -0.7140 0.0908
vn 0.0606 -0.9821 -0.1786
vn 0.8762 -0.4325 0.2128
vn -0.8199 -0.4312 -0.3765
vn -0.5811 -0.6528 -0.4860
vn 0.4027 -0.9139 -0.0507
vn -0.2289 -0.8622 -0.4519
vn 0.1289 -0.9259 -0.3550
vn 0.7109 -0.6957 0.1029
vn 0.7603 -0.6492 -0.0210
vn 0.8781 -0.4277 0.2146
vn -0.8228 -0.4256 -0.3766
vn -0.5831 -0.6518 -0.4849
vn -0.8178 -0.4361 -0.3755
vn -0.5792 -0.6550 -0.4852
vn 0.7150 -0.6915 0.1032
vn 0.3988 -0.9156 -0.0521
vn -0.2252 -0.8636 -0.4511
vn 0.8727 -0.4393 0.2131
vn 0.3415 -0.9323 0.1193
vn -0.2835 -0.9140 -0.2903
vn 0.0618 -0.9816 -0.1807
vn 0.1248 -0.9249 -0.3592
vn -0.4787 -0.8113 -0.3356
vn -0.6753 -0.5623 -0.4771
vn 0.1241 -0.9257 -0.3573
vn -0.0305 -0.9762 -0.2149
vn -0.7320 -0.6710 -0.1183
vn -0.6863 -0.6858 -0.2422
vn 0.0006 -1.0000 0.0002
vn 0.0652 -0.9814 -0.1804
vn -0.8912 -0.3952 -0.2226
vn -0.8659 -0.4027 -0.2969
vn -0.7578 -0.5979 -0.2611
vn -0.7173 -0.5883 -0.3733
vn -0.9338 -0.2193 -0.2826
vn -0.7760 -0.6308 -0.0001
vn -0.7233 -0.6803 -0.1183
vn -0.9222 -0.2206 -0.3177
vn 0.7317 -0.6715 0.1169
vn 0.6482 -0.7274 0.2252
vn -0.0004 -1.0000 0.0003
vn 0.8466 -0.4430 0.2951
vn -0.8476 -0.4406 -0.2959
vn -0.6264 -0.6915 -0.3598
vn 0.3435 -0.9314 0.1200
vn -0.2850 -0.9135 -0.2904
vn 0.0003 -1.0000 -0.0001
vn 0.0621 -0.9814 -0.1819
vn 0.8493 -0.4360 0.2975
vn -0.6723 -0.7021 -0.2346
vn -0.6275 -0.6877 -0.3650
vn -0.3394 -0.9333 -0.1175
vn -0.2821 -0.9147 -0.2893
vn 0.0627 -0.9817 -0.1797
vn 0.7091 -0.6974 0.1037
vn 0.8442 -0.4479 0.2945
vn -0.8448 -0.4477 -0.2931
vn -0.6215 -0.6965 -0.3586
vn 0.2821 -0.9147 0.2893
vn -0.3422 -0.9320 -0.1194
vn 0.0003 -1.0000 -0.0002
vn -0.5316 -0.8264 -0.1856
vn -0.7111 -0.5970 -0.3714
vn -0.0001 -1.0000 0.0001
vn 0.0636 -0.9810 -0.1832
vn -0.1574 -0.9761 0.1496
vn -0.0942 -0.9950 -0.0333
vn -0.4105 -0.9106 0.0488
vn -0.3573 -0.9259 -0.1226
vn -0.1255 -0.9275 0.3522
vn -0.0649 -0.9811 0.1824
vn -0.5416 -0.8406 -0.0111
vn -0.4869 -0.8572 -0.1681
vn -0.0637 -0.9809 0.1836
vn -0.0001 -1.0000 0.0004
vn -0.9480 -0.2051 -0.2434
vn -0.8131 -0.5693 0.1214
vn 0.6439 -0.6747 0.3608
vn 0.6881 -0.6855 0.2378
vn 0.6674 -0.7079 0.2314
vn 0.8182 -0.4345 0.3764
vn -0.7132 -0.6928 -0.1065
vn -0.6656 -0.7092 -0.2324
vn 0.2852 -0.9133 0.2907
vn -0.3446 -0.9310 -0.1203
vn -0.0624 -0.9812 0.1828
vn 0.6296 -0.6876 0.3616
vn 0.6685 -0.7052 0.2364
vn -0.8797 -0.4243 -0.2144
vn -0.8505 -0.4341 -0.2969
vn 0.3397 -0.9330 0.1185
vn -0.3998 -0.9151 0.0520
vn -0.0616 -0.9816 0.1807
vn 0.6209 -0.6968 0.3592
vn 0.6646 -0.7106 0.2309
vn -0.7076 -0.6988 -0.1044
vn -0.6644 -0.7105 -0.2316
vn 0.2242 -0.8636 0.4516
vn -0.4025 -0.9139 0.0520
vn -0.0616 -0.9815 0.1811
vn -0.5842 -0.8109 -0.0339
vn -0.7496 -0.6079 -0.2619
vn -0.9460 0.0003 -0.3242
vn -0.8132 -0.5703 0.1163
vn -0.7730 -0.6343 0.0109
vn -0.9440 0.0007 -0.3298
vn -0.9121 -0.3734 -0.1690
vn -0.9478 0.0092 -0.3188
vn -0.9482 -0.0009 -0.3175
vn -0.9511 -0.0039 -0.3088
vn -0.5937 -0.7927 0.1384
vn -0.7942 -0.5878 -0.1540
vn -0.2924 -0.9102 0.2934
vn -0.2325 -0.9649 0.1222
vn -0.1250 -0.9252 0.3582
vn -0.3465 -0.8232 0.4497
vn 0.5994 -0.6376 0.4840
vn 0.5969 -0.7174 0.3592
vn -0.0625 -0.9821 0.1777
vn 0.5779 -0.6590 0.4815
vn 0.6227 -0.6933 0.3629
vn -0.8766 -0.4310 -0.2139
vn -0.7576 -0.6524 0.0204
vn -0.4582 -0.8623 0.2157
vn -0.4050 -0.9129 0.0512
vn 0.5821 -0.6540 0.4832
vn 0.8229 -0.4258 0.3762
vn -0.7630 -0.6462 0.0173
vn -0.7164 -0.6899 -0.1043
vn 0.2792 -0.9165 0.2865
vn -0.4542 -0.8644 0.2157
vn 0.5791 -0.6543 0.4864
vn 0.8162 -0.4414 0.3729
vn -0.8731 -0.4392 -0.2117
vn -0.7559 -0.6544 0.0219
vn -0.5096 -0.7789 0.3655
vn -0.4589 -0.8622 0.2143
vn -0.1204 -0.9244 0.3620
vn -0.8260 -0.5621 -0.0414
vn -0.7886 -0.5964 -0.1497
vn -0.1241 -0.9259 0.3569
vn -0.0635 -0.9811 0.1827
vn -0.2746 -0.8302 0.4852
vn -0.2185 -0.9209 0.3229
vn -0.5241 -0.7713 0.3611
vn -0.4723 -0.8590 0.1976
vn -0.1794 -0.8340 0.5218
vn -0.5686 -0.6542 0.4987
vn -0.8643 -0.5006 0.0494
vn -0.8310 -0.5539 -0.0512
vn -0.1802 -0.8366 0.5174
vn -0.3967 -0.7020 0.5915
vn -0.9611 -0.1874 -0.2030
vn -0.8419 -0.4915 0.2230
vn 0.5637 -0.5714 0.5965
vn 0.5538 -0.6760 0.4861
vn -0.1818 -0.8338 0.5213
vn -0.1261 -0.9258 0.3563
vn 0.5334 -0.5945 0.6017
vn 0.7906 -0.4124 0.4526
vn -0.9031 -0.4070 -0.1369
vn -0.7952 -0.5905 0.1381
vn -0.9044 -0.4041 -0.1369
vn -0.7983 -0.5877 0.1315
vn -0.1303 -0.9261 0.3539
vn 0.1764 -0.7770 0.6043
vn 0.2266 -0.8627 0.4521
vn 0.5412 -0.5897 0.5995
vn 0.7955 -0.4056 0.4501
vn 0.1707 -0.7790 0.6033
vn 0.2265 -0.8628 0.4519
vn -0.1302 -0.9251 0.3568
vn 0.5331 -0.5922 0.6042
vn 0.7914 -0.4119 0.4517
vn -0.8994 -0.4164 -0.1334
vn -0.7939 -0.5917 0.1399
vn 0.1265 -0.6626 0.7382
vn 0.1712 -0.7782 0.6042
vn -0.1836 -0.8329 0.5221
vn -0.6350 -0.7646 0.1102
vn -0.8603 -0.5069 0.0536
vn -0.9436 -0.0039 -0.3312
vn -0.8765 -0.3813 0.2939
vn -0.8471 -0.4895 0.2070
vn -0.9446 -0.0002 -0.3282
vn -0.2282 -0.7087 0.6676
vn -0.5976 -0.5271 0.6041
vn -0.9401 -0.3301 -0.0853
vn -0.9476 0.0027 -0.3196
vn -0.6412 -0.7168 0.2740
vn -0.8964 -0.4223 0.1345
vn -0.9803 -0.1287 -0.1498
vn -0.8938 -0.2600 0.3653
vn -0.8759 -0.3877 0.2873
vn -0.9728 -0.1554 -0.1716
vn 0.5284 -0.4849 0.6969
vn 0.5171 -0.6094 0.6011
vn 0.5058 -0.5015 0.7019
vn 0.7645 -0.3722 0.5263
vn -0.9267 -0.3700 -0.0665
vn -0.8333 -0.5014 0.2330
vn 0.1296 -0.6625 0.7377
vn -0.5124 -0.7783 0.3629
vn -0.2252 -0.7141 0.6628
vn -0.1831 -0.8344 0.5199
vn 0.5135 -0.4950 0.7009
vn 0.7717 -0.3639 0.5216
vn -0.9287 -0.3636 -0.0727
vn -0.8328 -0.5010 0.2355
vn -0.9259 -0.3728 -0.0618
vn -0.8286 -0.5053 0.2410
vn -0.2274 -0.7100 0.6665
vn -0.1816 -0.8347 0.5200
vn -0.5542 -0.6649 0.5008
vn -0.5098 -0.7781 0.3669
vn 0.4978 -0.5078 0.7031
vn 0.7640 -0.3729 0.5265
vn -0.5938 -0.5240 0.6106
vn -0.5574 -0.6632 0.4994
vn -0.6820 -0.6891 0.2450
vn -0.8903 -0.4326 0.1420
vn -0.1811 -0.8345 0.5204
vn -0.3235 -0.7096 0.6260
vn -0.9451 -0.0004 -0.3268
vn -0.8991 -0.2601 0.3520
vn -0.9723 -0.2335 0.0106
vn -0.9440 -0.0038 -0.3299
vn -0.9414 -0.0191 -0.3369
vn -0.9609 -0.2754 -0.0286
vn -0.6857 -0.6114 0.3950
vn -0.9197 -0.3377 0.2002
vn -0.2722 -0.5581 0.7838
vn -0.2312 -0.7122 0.6628
vn -0.9873 -0.0892 -0.1317
vn -0.9149 -0.1270 0.3832
vn 0.4994 -0.3837 0.7768
vn 0.4763 -0.5196 0.7093
vn -0.2746 -0.5604 0.7814
vn -0.2324 -0.7098 0.6649
vn 0.4786 -0.3970 0.7832
vn 0.7447 -0.3146 0.5886
vn -0.9495 -0.3138 -0.0049
vn -0.8610 -0.3936 0.3222
vn 0.0915 -0.5229 0.8475
vn -0.5567 -0.6637 0.4996
vn -0.2721 -0.5609 0.7819
vn 0.4738 -0.3963 0.7864
vn 0.7491 -0.3100 0.5855
vn -0.9506 -0.3104 -0.0067
vn -0.8664 -0.3923 0.3090
vn -0.9474 -0.3201 0.0039
vn -0.8580 -0.3974 0.3254
vn 0.0869 -0.5223 0.8483
vn 0.1236 -0.6654 0.7362
vn 0.4734 -0.3984 0.7856
vn 0.7422 -0.3189 0.5894
vn -0.9676 -0.2473 0.0512
vn -0.8802 -0.2727 0.3884
vn -0.2364 -0.7132 0.6599
vn -0.7232 -0.5884 0.3617
vn -0.9165 -0.3385 0.2132
vn -0.2720 -0.5603 0.7824
vn -0.2307 -0.7121 0.6631
vn -0.9449 -0.0002 -0.3273
vn -0.9072 -0.1357 0.3982
vn -0.3046 -0.3878 0.8699
vn -0.2646 -0.5640 0.7822
vn -0.9855 -0.1640 0.0441
vn -0.9458 0.0082 -0.3247
vn -0.7236 -0.4773 0.4987
vn -0.9388 -0.2338 0.2528
vn -0.4675 -0.3795 0.7984
vn -0.4395 -0.5489 0.7110
vn -0.9930 0.0002 -0.1178
vn -0.9918 -0.0397 -0.1218
vn 0.4884 -0.2622 0.8323
vn 0.4506 -0.4046 0.7958
vn -0.2966 -0.3904 0.8715
vn 0.0920 -0.5244 0.8465
vn -0.6232 -0.3590 0.6948
vn 0.4555 -0.2712 0.8479
vn 0.7302 -0.2488 0.6363
vn -0.9695 -0.2419 0.0385
vn -0.8853 -0.2707 0.3780
vn -0.6258 -0.3619 0.6909
vn -0.5995 -0.5217 0.6069
vn 0.4650 -0.2710 0.8428
vn 0.7320 -0.2453 0.6356
vn -0.9668 -0.2501 0.0527
vn -0.8799 -0.2730 0.3889
vn -0.2962 -0.3893 0.8722
vn -0.2763 -0.5590 0.7818
vn -0.6241 -0.3587 0.6942
vn -0.5972 -0.5222 0.6089
vn 0.4454 -0.2778 0.8512
vn 0.7254 -0.2495 0.6415
vn -0.9814 -0.1683 0.0921
vn -0.8982 -0.1379 0.4173
vn -0.2791 -0.5596 0.7804
vn -0.7592 -0.4632 0.4572
vn -0.9357 -0.2332 0.2646
vn -0.3027 -0.3874 0.8708
vn -0.3656 -0.5587 0.7444
vn -0.4160 -0.1963 0.8879
vn -0.3966 -0.3838 0.8339
vn -0.3203 -0.1944 0.9271
vn -0.6386 -0.3619 0.6791
vn -0.6609 0.0011 0.7505
vn -0.6558 -0.1777 0.7337
vn -0.7480 -0.3302 0.5757
vn -0.9515 -0.1149 0.2855
vn -0.3219 -0.1979 0.9259
vn -0.3039 -0.3854 0.8713
vn -0.9145 0.1281 0.3838
vn -0.9118 0.0010 0.4107
vn 0.4735 -0.1335 0.8706
vn 0.4278 -0.2792 0.8597
vn -0.3219 -0.1948 0.9265
vn 0.0606 -0.3617 0.9303
vn -0.6409 -0.1829 0.7455
vn 0.4476 -0.1376 0.8836
vn 0.7144 -0.1717 0.6784
vn -0.9823 -0.1689 0.0814
vn -0.8971 -0.1360 0.4204
vn -0.3144 -0.1946 0.9291
vn -0.2984 -0.3852 0.8733
vn 0.0450 -0.1819 0.9823
vn 0.0634 -0.3621 0.9300
vn 0.4478 -0.1359 0.8838
vn 0.7200 -0.1686 0.6732
vn -0.9809 -0.1688 0.0965
vn -0.8957 -0.1422 0.4213
vn -0.3236 -0.1944 0.9260
vn 0.0549 -0.3598 0.9314
vn -0.6426 -0.1828 0.7441
vn 0.4449 -0.1422 0.8842
vn 0.7078 -0.1716 0.6852
vn -0.9897 -0.0870 0.1140
vn -0.8967 0.0004 0.4426
vn -0.3116 -0.2006 0.9288
vn -0.3074 -0.3879 0.8689
vn -0.7857 -0.3170 0.5313
vn -0.9468 -0.1195 0.2988
vn -0.9452 -0.0006 -0.3264
vn -0.9114 0.0005 0.4116
vn -0.9453 0.0001 -0.3262
vn -0.9453 0.0005 -0.3261
vn -0.3224 0.1957 0.9261
vn -0.3358 0.0014 0.9419
vn -0.9967 -0.0002 0.0816
vn -0.9953 -0.0700 0.0672
vn -0.7657 -0.1698 0.6204
vn -0.9551 0.0004 0.2962
vn -0.4923 0.0005 0.8704
vn -0.4874 -0.1947 0.8512
vn -0.3220 0.1984 0.9257
vn -0.3302 0.0005 0.9439
vn 0.4681 0.0004 0.8837
vn 0.4165 -0.1436 0.8977
vn 0.0349 0.0004 0.9994
vn 0.0416 -0.1820 0.9824
vn 0.4403 0.0004 0.8979
vn 0.7060 -0.0860 0.7029
vn -0.9907 -0.0855 0.1059
vn -0.9047 0.0003 0.4260
vn 0.0376 0.0004 0.9993
vn -0.6437 -0.1827 0.7431
vn 0.4383 0.0005 0.8988
vn 0.7118 -0.0849 0.6972
vn -0.9889 -0.0897 0.1187
vn -0.8988 0.0003 0.4384
vn 0.0301 0.0004 0.9995
vn 0.0379 -0.1824 0.9825
vn 0.4350 0.0004 0.9004
vn 0.6996 -0.0879 0.7091
vn -0.6409 0.1834 0.7454
vn -0.6488 0.0004 0.7610
vn -0.8011 -0.1619 0.5762
vn -0.9508 0.0002 0.3097
vn -0.3220 -0.1990 0.9256
vn -0.4223 0.0003 0.9065
vn -0.9449 0.0002 -0.3273
vn -0.9072 0.1360 0.3981
vn -0.6386 0.3619 0.6791
vn -0.6574 0.1787 0.7321
vn -0.9952 0.0704 0.0683
vn -0.9450 -0.0022 -0.3271
vn -0.7653 0.1702 0.6207
vn -0.7703 0.0004 0.6377
vn -0.4681 0.3793 0.7981
vn -0.4870 0.1950 0.8513
vn -0.9873 0.0892 -0.1316
vn -0.9918 0.0399 -0.1218
vn 0.4165 0.1439 0.8977
vn 0.4046 0.0004 0.9145
vn -0.3236 0.1963 0.9256
vn -0.3220 -0.0005 0.9467
vn 0.7061 0.0862 0.7029
vn 0.7017 0.0002 0.7125
vn -0.9897 0.0872 0.1139
vn -0.9928 0.0002 0.1200
vn -0.9908 0.0855 0.1054
vn -0.9939 0.0004 0.1101
vn -0.3142 0.1952 0.9291
vn -0.3183 0.0006 0.9480
vn -0.6441 0.1829 0.7428
vn -0.6511 0.0006 0.7590
vn 0.7116 0.0850 0.6974
vn 0.7072 0.0002 0.7070
vn -0.9889 0.0899 0.1187
vn -0.9915 0.0002 0.1302
vn -0.3248 0.1941 0.9256
vn -0.3327 0.0006 0.9430
vn -0.6425 0.1833 0.7441
vn -0.6483 0.0004 0.7614
vn 0.6993 0.0881 0.7094
vn 0.6949 0.0002 0.7192
vn 0.0606 0.3616 0.9303
vn 0.0416 0.1824 0.9823
vn -0.3124 0.2012 0.9284
vn -0.3166 0.0006 0.9486
vn -0.8010 0.1621 0.5763
vn -0.8063 0.0002 0.5915
vn -0.3220 0.1993 0.9255
vn -0.3286 0.0002 0.9445
vn -0.9452 0.0007 -0.3266
vn -0.8991 0.2601 0.3520
vn -0.3046 0.3878 0.8700
vn -0.5977 0.5273 0.6039
vn -0.9427 0.0055 -0.3335
vn -0.9439 -0.0081 -0.3300
vn -0.7484 0.3301 0.5753
vn -0.9515 0.1153 0.2854
vn -0.2728 0.5580 0.7837
vn -0.3039 0.3854 0.8713
vn -0.9804 0.1286 -0.1494
vn -0.8938 0.2600 0.3653
vn 0.4727 0.1340 0.8710
vn 0.4278 0.2792 0.8597
vn 0.4884 0.2624 0.8322
vn 0.4481 0.1380 0.8833
vn 0.7143 0.1717 0.6784
vn -0.9814 0.1683 0.0921
vn -0.8979 0.1384 0.4180
vn 0.0448 0.1823 0.9822
vn -0.6259 0.3619 0.6909
vn 0.4556 0.2712 0.8479
vn 0.4469 0.1364 0.8841
vn 0.7199 0.1686 0.6733
vn -0.9823 0.1689 0.0814
vn -0.8967 0.1366 0.4211
vn -0.9809 0.1689 0.0966
vn -0.8952 0.1428 0.4222
vn 0.4650 0.2710 0.8428
vn 0.0545 0.3599 0.9314
vn 0.0374 0.1829 0.9824
vn 0.4440 0.1427 0.8846
vn 0.7076 0.1717 0.6854
vn -0.5938 0.5240 0.6106
vn -0.6232 0.3589 0.6949
vn 0.4454 0.2778 0.8511
vn -0.7857 0.3170 0.5312
vn -0.9469 0.1198 0.2985
vn -0.3027 0.3874 0.8708
vn -0.4160 0.1965 0.8879
vn -0.9436 0.0036 -0.3312
vn -0.8764 0.3816 0.2939
vn -0.9723 0.2335 0.0105
vn -0.9476 -0.0027 -0.3194
vn -0.9414 0.0192 -0.3369
vn -0.9854 0.1644 0.0445
vn -0.7235 0.4772 0.4988
vn -0.9388 0.2338 0.2528
vn -0.9612 0.1874 -0.2026
vn -0.8419 0.4912 0.2234
vn -0.9728 0.1554 -0.1718
vn -0.8759 0.3880 0.2868
vn 0.4502 0.4047 0.7960
vn -0.2967 0.3906 0.8714
vn 0.4995 0.3836 0.7768
vn 0.7301 0.2489 0.6364
vn -0.9676 0.2473 0.0512
vn -0.8802 0.2726 0.3884
vn 0.0918 0.5228 0.8475
vn 0.0632 0.3621 0.9300
vn -0.2708 0.5611 0.7822
vn -0.2987 0.3852 0.8731
vn 0.7322 0.2451 0.6354
vn -0.9695 0.2421 0.0384
vn -0.8846 0.2715 0.3792
vn 0.0868 0.5223 0.8483
vn -0.6241 0.3588 0.6941
vn -0.2962 0.3906 0.8716
vn 0.4699 0.3977 0.7881
vn 0.7253 0.2495 0.6416
vn -0.9665 0.2512 0.0536
vn -0.8803 0.2709 0.3895
vn 0.1262 0.6626 0.7383
vn 0.0920 0.5244 0.8465
vn -0.2790 0.5596 0.7804
vn -0.3074 0.3879 0.8689
vn -0.7591 0.4633 0.4574
vn -0.9357 0.2332 0.2646
vn -0.3651 0.5587 0.7447
vn -0.3969 0.3839 0.8337
vn -0.2720 0.5603 0.7823
vn -0.3241 0.7094 0.6259
vn -0.2281 0.7086 0.6677
vn -0.2647 0.5643 0.7820
vn -0.9401 0.3301 -0.0855
vn -0.9607 0.2760 -0.0277
vn -0.6857 0.6114 0.3950
vn -0.9197 0.3376 0.2005
vn -0.3967 0.7020 0.5914
vn -0.4395 0.5489 0.7110
vn -0.9480 0.2051 -0.2434
vn -0.8131 0.5692 0.1217
vn 0.4763 0.5195 0.7094
vn -0.2746 0.5603 0.7814
vn 0.5284 0.4848 0.6970
vn 0.4798 0.3967 0.7826
vn 0.7444 0.3148 0.5889
vn -0.9495 0.3138 -0.0049
vn -0.8610 0.3937 0.3220
vn -0.5570 0.6635 0.4994
vn -0.5995 0.5217 0.6070
vn 0.5058 0.5018 0.7017
vn 0.7490 0.3101 0.5855
vn -0.9507 0.3102 -0.0069
vn -0.8663 0.3926 0.3089
vn -0.9471 0.3210 0.0044
vn -0.8608 0.3960 0.3198
vn -0.2833 0.5576 0.7803
vn 0.5133 0.4954 0.7008
vn -0.5536 0.6651 0.5011
vn -0.5966 0.5223 0.6094
vn 0.4734 0.3983 0.7857
vn 0.7422 0.3190 0.5894
vn -0.9267 0.3700 -0.0664
vn -0.8333 0.5015 0.2327
vn -0.2363 0.7128 0.6603
vn -0.7235 0.5881 0.3615
vn -0.9165 0.3385 0.2132
vn -0.9460 -0.0003 -0.3240
vn -0.8132 0.5703 0.1163
vn -0.9446 0.0002 -0.3282
vn -0.8473 0.4890 0.2072
vn -0.1793 0.8335 0.5225
vn -0.5678 0.6542 0.4997
vn -0.1261 0.9271 0.3529
vn -0.5240 0.7710 0.3619
vn -0.6413 0.7168 0.2739
vn -0.8964 0.4224 0.1342
vn -0.2313 0.7121 0.6629
vn -0.3465 0.8233 0.4496
vn -0.9339 0.2193 -0.2825
vn -0.7759 0.6308 -0.0005
vn 0.5171 0.6095 0.6009
vn -0.1817 0.8336 0.5216
vn -0.2324 0.7097 0.6650
vn -0.5096 0.7788 0.3657
vn -0.5574 0.6632 0.4995
vn 0.7645 0.3722 0.5264
vn -0.9289 0.3632 -0.0724
vn -0.8328 0.5011 0.2354
vn -0.2253 0.7142 0.6627
vn 0.5334 0.5947 0.6016
vn 0.1296 0.6626 0.7377
vn -0.5126 0.7780 0.3633
vn 0.7715 0.3643 0.5216
vn -0.9259 0.3728 -0.0620
vn -0.8272 0.5070 0.2422
vn -0.2277 0.7109 0.6654
vn 0.5413 0.5897 0.5994
vn 0.1703 0.7791 0.6033
vn 0.1238 0.6654 0.7361
vn 0.4978 0.5073 0.7034
vn 0.7637 0.3732 0.5268
vn -0.9031 0.4069 -0.1372
vn -0.7952 0.5904 0.1383
vn -0.1836 0.8329 0.5221
vn -0.6821 0.6891 0.2447
vn -0.8903 0.4326 0.1424
vn -0.1811 0.8345 0.5204
vn -0.2307 0.7121 0.6631
vn -0.1248 0.9250 0.3589
vn -0.2748 0.8303 0.4848
vn -0.4073 0.9119 0.0501
vn -0.4719 0.8589 0.1990
vn -0.9119 0.3741 -0.1688
vn -0.9478 -0.0093 -0.3187
vn -0.5936 0.7928 0.1382
vn -0.8642 0.5006 0.0497
vn -0.1251 0.9253 0.3580
vn -0.1802 0.8366 0.5173
vn -0.0637 0.9810 0.1835
vn -0.2923 0.9102 0.2935
vn 0.5637 0.5711 0.5967
vn 0.5538 0.6761 0.4861
vn 0.5993 0.6376 0.4840
vn 0.2243 0.8636 0.4516
vn 0.1711 0.7782 0.6042
vn 0.7907 0.4123 0.4526
vn -0.9043 0.4043 -0.1373
vn -0.7984 0.5875 0.1319
vn -0.1303 0.9260 0.3542
vn -0.1832 0.8345 0.5197
vn 0.1761 0.7771 0.6042
vn -0.4580 0.8624 0.2154
vn 0.7957 0.4055 0.4500
vn -0.4543 0.8644 0.2157
vn -0.5098 0.7782 0.3668
vn -0.1302 0.9251 0.3567
vn -0.1816 0.8347 0.5200
vn 0.5332 0.5921 0.6042
vn 0.7916 0.4118 0.4514
vn -0.8994 0.4163 -0.1333
vn -0.7931 0.5932 0.1381
vn -0.4026 0.9139 0.0520
vn -0.4591 0.8622 0.2142
vn 0.5785 0.6547 0.4865
vn -0.6356 0.7639 0.1118
vn -0.8604 0.5068 0.0536
vn -0.1576 0.9761 0.1493
vn -0.2192 0.9200 0.3249
vn -0.9441 -0.0007 -0.3298
vn -0.7730 0.6343 0.0110
vn 0.0003 1.0000 -0.0003
vn -0.0648 0.9811 0.1826
vn -0.8902 0.3977 -0.2220
vn -0.9482 0.0009 -0.3175
vn -0.7943 0.5877 -0.1539
vn -0.8310 0.5539 -0.0511
vn -0.1700 0.9837 -0.0587
vn -0.2327 0.9648 0.1222
vn -0.6959 0.6774 -0.2384
vn -0.7237 0.6801 -0.1174
vn 0.5969 0.7174 0.3592
vn -0.0625 0.9821 0.1779
vn -0.1261 0.9258 0.3563
vn 0.5779 0.6587 0.4818
vn 0.8181 0.4347 0.3766
vn -0.8766 0.4310 -0.2139
vn -0.7576 0.6524 0.0204
vn -0.8796 0.4245 -0.2145
vn -0.7630 0.6462 0.0175
vn -0.0624 0.9812 0.1829
vn 0.2853 0.9133 0.2907
vn 0.2267 0.8626 0.4522
vn 0.5821 0.6539 0.4833
vn 0.8229 0.4258 0.3762
vn -0.8732 0.4390 -0.2117
vn -0.7558 0.6544 0.0216
vn -0.0616 0.9815 0.1811
vn 0.2790 0.9165 0.2866
vn 0.2267 0.8628 0.4519
vn 0.8160 0.4416 0.3730
vn 0.2819 0.9148 0.2893
vn -0.3421 0.9320 -0.1194
vn -0.1212 0.9244 0.3617
vn 0.6209 0.6967 0.3593
vn -0.5845 0.8107 -0.0338
vn -0.8268 0.5610 -0.0415
vn -0.0001 1.0000 0.0003
vn -0.0635 0.9811 0.1828
vn -0.9432 -0.0001 -0.3322
vn -0.7320 0.6710 -0.1183
vn -0.2919 0.9105 -0.2930
vn -0.3570 0.9259 -0.1236
vn -0.9436 0.0045 -0.3312
vn -0.9512 0.0039 -0.3086
vn -0.5417 0.8405 -0.0111
vn -0.7573 0.5988 -0.2608
vn 0.0635 0.9809 -0.1836
vn -0.9067 0.2198 -0.3600
vn -0.9220 0.2216 -0.3174
vn 0.6439 0.6747 0.3607
vn 0.6482 0.7274 0.2251
vn -0.0004 1.0000 0.0006
vn 0.6674 0.7079 0.2311
vn 0.6226 0.6933 0.3630
vn -0.8476 0.4406 -0.2959
vn -0.7133 0.6928 -0.1064
vn -0.3448 0.9309 -0.1203
vn -0.4050 0.9129 0.0511
vn 0.6296 0.6875 0.3619
vn 0.8495 0.4358 0.2975
vn -0.6722 0.7022 -0.2345
vn -0.7164 0.6899 -0.1044
vn -0.8448 0.4475 -0.2934
vn -0.7077 0.6988 -0.1042
vn 0.6684 0.7051 0.2369
vn 0.3399 0.9329 0.1188
vn -0.3999 0.9151 0.0519
vn 0.8443 0.4477 0.2946
vn 0.3417 0.9322 0.1192
vn -0.2834 0.9140 -0.2904
vn 0.6645 0.7106 0.2314
vn -0.7497 0.6077 -0.2621
vn -0.7891 0.5956 -0.1502
vn -0.9445 -0.0019 -0.3284
vn -0.6056 0.6322 -0.4832
vn -0.6491 0.6679 -0.3641
vn -0.6863 0.6858 -0.2422
vn 0.1288 0.9247 -0.3583
vn 0.0653 0.9814 -0.1804
vn -0.8382 0.3915 -0.3797
vn -0.8655 0.4031 -0.2973
vn -0.4323 0.8407 -0.3261
vn -0.4874 0.8568 -0.1686
vn -0.8950 0.2049 -0.3962
vn -0.5731 0.5656 -0.5930
vn -0.6050 0.6334 -0.4825
vn -0.6387 0.6788 -0.3624
vn 0.7318 0.6715 0.1165
vn 0.6880 0.6854 0.2383
vn 0.7109 0.6957 0.1031
vn 0.8467 0.4428 0.2950
vn -0.6264 0.6916 -0.3597
vn -0.6656 0.7092 -0.2323
vn 0.3438 0.9314 0.1199
vn -0.2850 0.9135 -0.2903
vn 0.0003 1.0000 -0.0004
vn 0.7150 0.6914 0.1033
vn -0.8228 0.4256 -0.3766
vn -0.8506 0.4339 -0.2969
vn 0.3986 0.9156 -0.0522
vn -0.3394 0.9332 -0.1179
vn -0.0000 1.0000 0.0004
vn 0.7091 0.6974 0.1035
vn -0.6215 0.6965 -0.3587
vn -0.6644 0.7106 -0.2316
vn 0.4021 0.9141 -0.0524
vn -0.2262 0.8628 -0.4522
vn 0.0003 1.0000 0.0001
vn -0.5318 0.8262 -0.1860
vn -0.7119 0.5963 -0.3710
vn -0.0308 0.9762 -0.2148
vn -0.0943 0.9950 -0.0332
vn 0.1248 0.9248 -0.3594
vn 0.0636 0.9810 -0.1831
vn -0.8150 0.3733 -0.4432
vn -0.9487 0.0055 -0.3160
vn -0.9362 -0.0054 -0.3514
vn -0.9337 -0.0024 -0.3580
vn -0.6835 0.5548 -0.4744
vn -0.7172 0.5885 -0.3732
vn -0.0469 0.9097 -0.4126
vn -0.1067 0.9651 -0.2390
vn -0.8851 0.1837 -0.4276
vn -0.5304 0.4917 -0.6906
vn 0.7741 0.6331 -0.0037
vn 0.6942 0.7140 0.0906
vn 0.0606 0.9820 -0.1789
vn 0.7585 0.6514 -0.0185
vn 0.8761 0.4325 0.2130
vn -0.8199 0.4312 -0.3766
vn -0.5811 0.6527 -0.4861
vn -0.5831 0.6518 -0.4849
vn -0.6275 0.6878 -0.3650
vn 0.1289 0.9259 -0.3551
vn 0.0621 0.9814 -0.1817
vn 0.4027 0.9139 -0.0508
vn -0.2291 0.8621 -0.4520
vn 0.7610 0.6485 -0.0202
vn 0.8781 0.4277 0.2145
vn -0.2255 0.8634 -0.4512
vn -0.2820 0.9148 -0.2892
vn 0.1244 0.9247 -0.3598
vn 0.0627 0.9817 -0.1798
vn 0.7529 0.6578 -0.0231
vn 0.8727 0.4395 0.2128
vn -0.8177 0.4364 -0.3754
vn -0.5800 0.6547 -0.4847
vn -0.7926 0.4078 -0.4534
vn -0.5433 0.5873 -0.5999
vn 0.0618 0.9816 -0.1809
vn -0.4790 0.8112 -0.3354
vn -0.6755 0.5618 -0.4775
vn 0.1812 0.8340 -0.5212
vn 0.0292 0.9203 -0.3900
vn -0.9457 0.0001 -0.3249
vn -0.5636 0.5761 -0.5921
vn -0.1867 0.7698 -0.6104
vn -0.2349 0.8583 -0.4563
vn 0.1819 0.8312 -0.5254
vn -0.1346 0.6617 -0.7376
vn -0.3797 0.7925 -0.4773
vn -0.6524 0.4989 -0.5705
vn 0.1247 0.9246 -0.3600
vn 0.0071 0.8218 -0.5697
vn 0.1801 0.8358 -0.5187
vn 0.0550 0.7035 -0.7085
vn 0.8132 0.5698 -0.1186
vn 0.7385 0.6733 -0.0361
vn 0.1219 0.9256 -0.3583
vn 0.5091 0.7791 -0.3659
vn 0.4578 0.8628 -0.2145
vn 0.7968 0.5889 -0.1353
vn 0.9024 0.4088 0.1360
vn -0.7967 0.4022 -0.4511
vn -0.5403 0.5916 -0.5984
vn 0.1876 0.8348 -0.5176
vn 0.4590 0.8621 -0.2145
vn -0.1746 0.7770 -0.6048
vn 0.7973 0.5885 -0.1342
vn 0.9048 0.4025 0.1387
vn -0.7910 0.4117 -0.4525
vn -0.5369 0.5929 -0.6002
vn 0.4566 0.8636 -0.2138
vn -0.1714 0.7783 -0.6040
vn 0.7949 0.5915 -0.1350
vn 0.9006 0.4126 0.1365
vn -0.7678 0.3697 -0.5233
vn -0.5018 0.5072 -0.7007
vn 0.1853 0.8360 -0.5165
vn 0.1239 0.9250 -0.3592
vn -0.4300 0.7641 -0.4808
vn -0.6407 0.5075 -0.5761
vn 0.1350 0.7082 -0.6930
vn 0.0853 0.8304 -0.5506
vn -0.9455 0.0026 -0.3256
vn -0.5283 0.4886 -0.6944
vn 0.2741 0.5690 -0.7753
vn 0.2327 0.7121 -0.6624
vn -0.7925 0.3320 -0.5116
vn -0.9507 0.0179 -0.3094
vn -0.3324 0.7153 -0.6147
vn -0.6220 0.4222 -0.6595
vn 0.2723 0.5610 -0.7817
vn 0.2296 0.7140 -0.6614
vn -0.8719 0.1525 -0.4653
vn -0.4997 0.3814 -0.7777
vn 0.8478 0.4862 -0.2117
vn 0.7802 0.6073 -0.1496
vn 0.1799 0.8325 -0.5240
vn -0.1271 0.6625 -0.7382
vn -0.1729 0.7779 -0.6041
vn 0.8309 0.5042 -0.2353
vn 0.9264 0.3708 0.0654
vn -0.7719 0.3639 -0.5212
vn -0.5123 0.5003 -0.6980
vn 0.2266 0.7117 -0.6649
vn 0.5606 0.6621 -0.4973
vn 0.5139 0.7763 -0.3650
vn 0.8339 0.5009 -0.2320
vn 0.9294 0.3622 0.0710
vn -0.7639 0.3741 -0.5258
vn -0.5044 0.5036 -0.7014
vn 0.1773 0.8341 -0.5223
vn 0.5563 0.6627 -0.5014
vn 0.5093 0.7778 -0.3684
vn 0.8317 0.5026 -0.2358
vn 0.9263 0.3719 0.0606
vn 0.5936 0.5244 -0.6105
vn 0.5568 0.6635 -0.4997
vn 0.2371 0.7117 -0.6612
vn -0.3833 0.6887 -0.6154
vn -0.6112 0.4307 -0.6640
vn -0.9440 -0.0030 -0.3299
vn -0.4828 0.2610 -0.8359
vn -0.5000 0.3840 -0.7762
vn -0.9443 -0.0010 -0.3290
vn 0.3058 0.3884 -0.8693
vn -0.1025 0.5290 -0.8424
vn -0.7692 0.2905 -0.5692
vn -0.9438 -0.0015 -0.3306
vn -0.2924 0.6122 -0.7347
vn -0.5958 0.3301 -0.7322
vn 0.3029 0.3857 -0.8715
vn 0.0965 0.5524 -0.8280
vn -0.8598 0.1192 -0.4965
vn -0.4806 0.2559 -0.8388
vn 0.8738 0.3876 -0.2938
vn 0.8165 0.5176 -0.2557
vn 0.2666 0.5662 -0.7800
vn 0.2311 0.7134 -0.6616
vn 0.8584 0.3969 -0.3250
vn 0.9491 0.3150 0.0040
vn -0.7452 0.3147 -0.5879
vn -0.4816 0.3941 -0.7828
vn -0.7510 0.3084 -0.5839
vn -0.4898 0.3878 -0.7808
vn 0.5973 0.5231 -0.6079
vn -0.1293 0.6614 -0.7388
vn 0.8600 0.3933 -0.3250
vn 0.9512 0.3084 0.0114
vn -0.7423 0.3173 -0.5902
vn -0.4777 0.3950 -0.7847
vn 0.2245 0.7101 -0.6674
vn -0.0845 0.5254 -0.8467
vn -0.1258 0.6637 -0.7374
vn 0.8605 0.3950 -0.3218
vn 0.9485 0.3166 -0.0026
vn 0.6234 0.3595 -0.6944
vn -0.0906 0.5246 -0.8465
vn -0.3430 0.5867 -0.7336
vn -0.5863 0.3383 -0.7361
vn 0.2305 0.7122 -0.6630
vn 0.1755 0.5579 -0.8111
vn -0.9442 -0.0023 -0.3294
vn -0.4720 0.1321 -0.8717
vn -0.7404 0.0716 -0.6684
vn -0.9431 -0.0041 -0.3325
vn -0.7395 0.1626 -0.6532
vn -0.7579 0.2320 -0.6098
vn -0.2324 0.3291 -0.9152
vn -0.2574 0.4813 -0.8379
vn 0.1258 0.3793 -0.9167
vn -0.8556 0.0815 -0.5112
vn -0.4695 0.1390 -0.8719
vn 0.8973 0.2609 -0.3562
vn 0.8451 0.4075 -0.3461
vn 0.8865 0.2701 -0.3756
vn 0.9674 0.2480 -0.0516
vn -0.7285 0.2495 -0.6380
vn -0.4537 0.2736 -0.8481
vn 0.6264 0.3618 -0.6905
vn -0.0934 0.5235 -0.8469
vn 0.3154 0.3864 -0.8667
vn 0.2674 0.5589 -0.7850
vn 0.8837 0.2774 -0.3771
vn 0.9692 0.2425 -0.0434
vn -0.7357 0.2435 -0.6320
vn -0.4503 0.2751 -0.8494
vn 0.6217 0.3617 -0.6948
vn 0.5943 0.5238 -0.6103
vn 0.2967 0.3935 -0.8701
vn 0.2599 0.5580 -0.7881
vn 0.8795 0.2744 -0.3888
vn 0.9664 0.2508 -0.0571
vn -0.7223 0.2537 -0.6433
vn -0.4565 0.2704 -0.8476
vn -0.7140 0.1718 -0.6788
vn 0.2998 0.3849 -0.8729
vn 0.2805 0.5609 -0.7789
vn -0.3091 0.4620 -0.8313
vn -0.5692 0.2348 -0.7879
vn 0.3027 0.3857 -0.8715
vn 0.2714 0.5626 -0.7809
vn 0.3181 0.1887 -0.9291
vn -0.0675 0.3625 -0.9295
vn 0.3283 0.0014 -0.9446
vn -0.5803 0.2253 -0.7826
vn 0.3224 -0.1943 -0.9265
vn 0.9076 0.1373 -0.3967
vn 0.8670 0.2812 -0.4115
vn 0.3164 0.1987 -0.9276
vn 0.3047 0.3837 -0.8717
vn 0.6405 0.1806 -0.7464
vn -0.0604 0.3615 -0.9304
vn 0.9812 0.1697 -0.0924
vn -0.0641 0.3619 -0.9300
vn 0.9824 0.1683 -0.0811
vn -0.7216 0.1682 -0.6715
vn -0.4564 0.1414 -0.8785
vn -0.7127 0.1738 -0.6796
vn -0.0418 0.1825 -0.9823
vn -0.0609 0.3611 -0.9305
vn 0.9799 0.1742 -0.0975
vn -0.2865 0.3183 -0.9037
vn 0.3218 0.1961 -0.9263
vn 0.2063 0.3839 -0.9000
vn -0.0656 0.1738 -0.9826
vn -0.9437 -0.0011 -0.3307
vn -0.7312 0.0002 -0.6822
vn -0.8513 -0.0428 -0.5230
vn -0.4599 0.0011 -0.8880
vn -0.8466 0.0002 -0.5322
vn -0.4695 -0.1378 -0.8721
vn 0.8825 0.1417 -0.4485
vn -0.4492 -0.1381 -0.8827
vn -0.7059 -0.0864 -0.7030
vn -0.7013 0.0002 -0.7129
vn 0.3173 0.1980 -0.9274
vn -0.4421 0.0004 -0.8970
vn -0.7084 0.0002 -0.7058
vn -0.7125 0.0848 -0.6965
vn 0.3347 0.1958 -0.9218
vn 0.6394 0.1836 -0.7466
vn -0.7021 0.0002 -0.7121
vn 0.3220 0.1966 -0.9261
vn -0.9451 -0.0000 -0.3267
vn -0.4721 -0.1318 -0.8716
vn -0.4604 0.0004 -0.8877
vn 0.2248 0.1967 -0.9543
vn -0.9454 -0.0002 -0.3260
vn -0.1819 0.8331 0.5223
vn -0.7272 0.6862 0.0168
vn -0.7906 0.5996 0.1243
vn -0.1230 0.9282 0.3513
vn -0.7038 0.7035 -0.0990
vn -0.4106 -0.2906 -0.8643
vn 0.3015 -0.4039 -0.8637
vn 0.2353 -0.7006 -0.6737
vn -0.5207 -0.6106 -0.5967
vn -0.4898 -0.5125 -0.7052
vn -0.4598 -0.3948 -0.7954
vn -0.0002 1.0000 -0.0003
vn -0.6056 0.7100 -0.3594
vn -0.6432 0.7310 -0.2279
vn 0.3273 0.0034 -0.9449
vn -0.4213 -0.1495 -0.8945
vn -0.4183 0.0024 -0.9083
vn 0.8047 -0.0001 -0.5937
vn 0.3224 -0.1950 -0.9263
vn 0.3272 -0.0001 -0.9450
vn 0.8305 -0.0001 -0.5570
vn 0.8008 -0.1608 -0.5770
vn 0.3306 -0.0001 -0.9438
vn 0.8245 -0.1561 -0.5438
vn 0.7880 0.0681 0.6118
vn 0.9457 -0.0011 0.3250
vn 0.7810 -0.0008 0.6245
vn 0.8431 0.0624 0.5341
vn 0.8391 0.0004 0.5440
vn 0.7832 -0.3162 -0.5354
vn 0.3225 -0.1956 -0.9261
vn 0.8083 -0.3064 -0.5028
vn 0.8107 0.1148 0.5740
vn 0.9443 0.0006 0.3291
vn 0.8347 0.0984 0.5418
vn 0.7580 -0.4587 -0.4637
vn 0.3022 -0.3833 -0.8728
vn 0.7837 -0.4457 -0.4326
vn 0.3043 -0.3827 -0.8723
vn 0.8032 0.1772 0.5688
vn 0.9451 -0.0005 0.3268
vn 0.2327 -0.7071 -0.6677
vn 0.2723 -0.5548 -0.7861
vn 0.7536 -0.5650 -0.3360
vn 0.2312 -0.7081 -0.6672
vn 0.2734 -0.5552 -0.7855
vn 0.9450 -0.0016 0.3270
vn 0.9454 -0.0016 0.3260
vn 0.8498 0.1174 0.5139
vn 0.8129 0.2356 0.5326
vn 0.6842 -0.6865 -0.2461
vn 0.7277 -0.5817 -0.3635
vn 0.7123 -0.6656 -0.2228
vn 0.8357 0.2726 0.4767
vn 0.8825 0.1992 0.4260
vn 0.8632 0.1666 0.4765
vn 0.6370 -0.7624 -0.1134
vn 0.1826 -0.8319 -0.5241
vn 0.1250 -0.9242 -0.3609
vn 0.1826 -0.8312 -0.5251
vn 0.9444 0.0002 0.3287
vn 0.9441 0.0035 0.3297
vn 0.8957 0.1987 0.3977
vn 0.0643 -0.9805 -0.1856
vn 0.1251 -0.9240 -0.3614
vn 0.6668 -0.7395 -0.0926
vn 0.5872 -0.8088 0.0322
vn 0.6173 -0.7853 0.0485
vn 0.8669 0.2701 0.4189
vn 0.9448 -0.0017 0.3277
vn 0.8710 0.3172 0.3751
vn 0.5336 -0.8251 0.1858
vn 0.5663 -0.8001 0.1976
vn 0.0643 -0.9807 -0.1844
vn 0.8900 0.3343 0.3099
vn 0.8988 0.2220 0.3780
vn 0.4809 -0.8088 0.3385
vn -0.0001 -1.0000 0.0002
vn 0.5150 -0.7848 0.3447
vn -0.0645 -0.9807 0.1848
vn 0.9447 0.0064 0.3278
vn 0.9449 -0.0000 0.3273
vn 0.9388 0.2251 0.2608
vn 0.9176 0.2358 0.3199
vn -0.1258 -0.9240 0.3612
vn -0.0648 -0.9805 0.1855
vn 0.4670 -0.7388 0.4859
vn 0.9387 0.2776 0.2044
vn 0.9139 0.3231 0.2458
vn 0.9452 0.2371 0.2243
vn 0.3849 -0.6849 0.6186
vn 0.4318 -0.7612 0.4840
vn 0.4216 -0.6645 0.6170
vn -0.1821 -0.8317 0.5245
vn -0.1259 -0.9241 0.3609
vn 0.9512 0.2725 0.1449
vn 0.9448 0.0038 0.3276
vn 0.3417 -0.5843 0.7361
vn -0.1815 -0.8320 0.5243
vn 0.3805 -0.5663 0.7311
vn 0.9682 0.2357 0.0842
vn 0.9436 -0.0016 0.3311
vn 0.9562 0.2054 0.2084
vn -0.2737 -0.5552 0.7854
vn -0.2315 -0.7068 0.6684
vn 0.3095 -0.4581 0.8333
vn -0.2314 -0.7064 0.6689
vn 0.3493 -0.4449 0.8247
vn 0.9833 0.1732 0.0551
vn 0.9455 -0.0001 0.3256
vn 0.9853 0.1121 0.1288
vn 0.9728 0.1656 0.1618
vn -0.3039 -0.3828 0.8724
vn 0.3251 -0.3058 0.8949
vn -0.2730 -0.5566 0.7846
vn 0.9447 0.0013 0.3280
vn 0.9438 -0.0018 0.3304
vn 0.9876 0.0822 0.1335
vn 0.2684 -0.1610 0.9498
vn 0.2842 -0.3147 0.9057
vn 0.3101 -0.1557 0.9379
vn -0.3214 -0.1945 0.9267
vn -0.3030 -0.3837 0.8723
vn 0.9919 0.1114 0.0616
vn 0.9443 -0.0005 0.3291
vn 0.9975 0.0694 0.0115
vn -0.3286 -0.0001 0.9445
vn -0.3210 -0.1950 0.9268
vn 0.2640 -0.0001 0.9645
vn 0.3035 -0.0001 0.9528
vn 0.9459 0.0009 0.3246
vn 0.9920 0.0645 0.1087
vn 1.0000 0.0009 -0.0086
vn 0.2683 0.1608 0.9498
vn 0.3102 0.1558 0.9378
vn -0.3214 0.1948 0.9267
vn -0.3291 -0.0002 0.9443
vn 0.9444 -0.0010 0.3288
vn 0.9926 -0.0649 0.1026
vn 0.9953 -0.0003 0.0966
vn -0.3039 0.3835 0.8721
vn -0.3210 0.1949 0.9268
vn 0.3244 0.3055 0.8952
vn 0.9975 -0.0698 0.0097
vn 0.9449 -0.0004 0.3274
vn 0.9908 -0.0983 0.0930
vn 0.3095 0.4579 0.8334
vn 0.2844 0.3152 0.9054
vn -0.3042 0.3829 0.8723
vn 0.3497 0.4445 0.8247
vn 0.9921 -0.1135 0.0540
vn 0.9439 0.0007 0.3303
vn 0.9830 -0.1753 0.0554
vn 0.3417 0.5844 0.7360
vn -0.2739 0.5549 0.7855
vn 0.3807 0.5670 0.7304
vn -0.2720 0.5562 0.7853
vn 0.9450 -0.0001 0.3269
vn 0.9854 -0.1158 0.1249
vn 0.9677 -0.2378 0.0839
vn -0.1815 0.8319 0.5244
vn -0.2314 0.7069 0.6684
vn 0.4217 0.6645 0.6169
vn -0.1821 0.8317 0.5244
vn -0.2315 0.7076 0.6676
vn 0.9517 -0.2705 0.1452
vn 0.9563 -0.2002 0.2130
vn 0.9729 -0.1658 0.1614
vn 0.3853 0.6848 0.6186
vn -0.1258 0.9240 0.3610
vn 0.4668 0.7384 0.4867
vn 0.9398 -0.2711 0.2078
vn 0.9444 0.0027 0.3289
vn 0.9499 -0.1971 0.2424
vn 0.4808 0.8092 0.3377
vn 0.4319 0.7612 0.4837
vn -0.0646 0.9807 0.1847
vn -0.1266 0.9235 0.3622
vn 0.9453 -0.0072 0.3262
vn 0.9445 -0.0056 0.3284
vn 0.9155 -0.3188 0.2455
vn -0.0644 0.9808 0.1843
vn 0.5149 0.7848 0.3449
vn 0.5333 0.8253 0.1857
vn 0.5657 0.8006 0.1974
vn 0.9444 -0.0013 0.3288
vn 0.9395 -0.2205 0.2622
vn 0.8893 -0.3358 0.3104
vn 0.0638 0.9808 -0.1843
vn 0.6174 0.7852 0.0484
vn 0.9448 0.0017 0.3277
vn 0.8968 -0.2295 0.3782
vn 0.9170 -0.2378 0.3202
vn 0.6370 0.7625 -0.1131
vn 0.5868 0.8091 0.0329
vn 0.6672 0.7390 -0.0932
vn 0.1256 0.9235 -0.3624
vn 0.0644 0.9808 -0.1843
vn 0.8634 -0.2770 0.4217
vn 0.8713 -0.3175 0.3742
vn 0.8804 -0.2377 0.4104
vn 0.1827 0.8318 -0.5242
vn 0.6845 0.6862 -0.2460
vn 0.7124 0.6655 -0.2226
vn 0.9444 -0.0034 0.3289
vn 0.9443 0.0007 0.3289
vn 0.8344 -0.2746 0.4780
vn 0.2326 0.7073 -0.6676
vn 0.7277 0.5817 -0.3634
vn 0.2308 0.7088 -0.6665
vn 0.1827 0.8313 -0.5250
vn 0.9450 0.0016 0.3271
vn 0.8792 -0.2054 0.4299
vn 0.8125 -0.2359 0.5330
vn 0.7580 0.4587 -0.4637
vn 0.7536 0.5652 -0.3356
vn 0.7836 0.4461 -0.4323
vn 0.8047 -0.1758 0.5670
vn 0.8522 -0.1151 0.5104
vn 0.8625 -0.1685 0.4771
vn 0.3021 0.3840 -0.8725
vn 0.2724 0.5546 -0.7863
vn 0.7832 0.3166 -0.5352
vn 0.3044 0.3825 -0.8724
vn 0.2733 0.5555 -0.7853
vn 0.8147 -0.1123 0.5689
vn 0.9453 0.0012 0.3261
vn 0.8566 -0.0830 0.5093
vn 0.3224 0.1948 -0.9263
vn 0.8250 0.1562 -0.5432
vn 0.8083 0.3061 -0.5029
vn 0.3236 0.1958 -0.9257
vn 0.7890 -0.0675 0.6107
vn 0.9449 0.0002 0.3273
vn 0.8008 0.1606 -0.5770
vn 0.9444 0.0008 0.3289
vn 0.8458 -0.0613 0.5299
vn 0.8116 0.1756 0.5572
vn 0.9390 -0.2759 0.2053
vn 0.9102 -0.3154 0.2685
vn 0.8963 0.3236 0.3033
vn 0.9164 0.3093 0.2542
vn 0.9920 0.1117 0.0588
vn 0.9988 0.0444 0.0199
vn 0.8222 -0.2335 0.5191
vn 0.9460 0.2312 0.2272
vn 0.7967 0.0588 0.6015
vn 0.8416 0.0929 0.5321
vn 0.9822 -0.1769 0.0625
vn 0.8165 0.2240 0.5321
vn 0.9794 0.1869 0.0763
vn 0.8159 -0.1102 0.5675
vn 0.7960 -0.0425 0.6038
vn 0.9999 -0.0089 0.0082
vn 0.9543 0.2605 0.1466
vn 0.8806 0.3145 0.3544
vn 0.7894 0.0087 0.6139
vn 0.9581 -0.2551 0.1305
vn 0.8645 0.2747 0.4208
vn 0.9706 -0.2243 0.0870
vn 0.8395 -0.2608 0.4767
vn 0.8330 0.2544 0.4912
vn 0.9671 0.2325 0.1031
vn 0.8900 -0.3253 0.3194
vn 0.8753 -0.3127 0.3688
vn 0.8837 -0.2293 0.4080
vn 0.8160 -0.1877 0.5468
vn 0.9979 -0.0610 0.0197
vn 0.9905 -0.0956 0.0993
vn 0.9328 0.3045 0.1928
vn 0.9604 0.2381 0.1447
vn 0.9778 0.1737 0.1172
vn 0.9908 0.0988 0.0925
vn 0.9979 0.0263 0.0590
vn 0.9985 -0.0420 0.0342
vn 0.9916 -0.1277 0.0225
vn 0.9131 0.2999 0.2763
vn 0.9479 0.2066 0.2427
vn 0.9680 0.1284 0.2158
vn 0.9795 0.0584 0.1928
vn 0.9869 -0.0092 0.1613
vn 0.9881 -0.0876 0.1263
vn 0.9790 -0.1852 0.0849
vn 0.8972 0.2794 0.3420
vn 0.9316 0.1770 0.3176
vn 0.9516 0.0922 0.2933
vn 0.9622 0.0256 0.2711
vn 0.9696 -0.0389 0.2417
vn 0.9723 -0.1205 0.2005
vn 0.9649 -0.2182 0.1463
vn 0.8770 0.2461 0.4126
vn 0.9128 0.1462 0.3813
vn 0.9337 0.0639 0.3524
vn 0.9445 0.0009 0.3284
vn 0.9510 -0.0626 0.3029
vn 0.9526 -0.1460 0.2669
vn 0.9438 -0.2468 0.2198
vn 0.8482 0.2176 0.4830
vn 0.8871 0.1208 0.4455
vn 0.9103 0.0402 0.4121
vn 0.9282 -0.0913 0.3608
vn 0.9227 -0.0240 0.3847
vn 0.9274 -0.1772 0.3293
vn 0.9154 -0.2807 0.2886
vn 0.8217 0.1845 0.5393
vn 0.8537 0.0880 0.5134
vn 0.8740 0.0103 0.4858
vn 0.8927 -0.1282 0.4320
vn 0.8877 -0.0571 0.4568
vn 0.8933 -0.2074 0.3987
vn 0.8865 -0.3018 0.3507
vn 0.7938 0.1265 0.5949
vn 0.8050 0.0419 0.5918
vn 0.8195 -0.0249 0.5726
vn 0.8397 -0.1740 0.5145
vn 0.8349 -0.0975 0.5417
vn 0.8427 -0.2388 0.4826
vn 0.8508 -0.3053 0.4276
vn 0.3662 -0.8077 0.4620
vn 0.2530 -0.6488 -0.7177
vn 0.6515 -0.6756 -0.3452
vn 0.3249 -0.1486 -0.9340
vn 0.5912 0.7970 -0.1239
vn -0.3235 -0.0015 0.9462
vn -0.3181 0.1479 0.9364
vn -0.3174 -0.1493 0.9365
vn 0.2531 0.6486 -0.7178
vn 0.3079 0.6699 0.6756
vn -0.1660 0.8657 0.4722
vn -0.2068 -0.7827 0.5871
vn -0.1660 -0.8666 0.4706
vn -0.1187 -0.9307 0.3461
vn 0.1662 -0.8659 -0.4717
vn 0.2070 -0.7822 -0.5876
vn 0.3255 0.1476 -0.9339
vn 0.3312 -0.0009 -0.9436
vn 0.1214 0.9309 -0.3445
vn -0.2071 0.7812 0.5889
vn 0.2098 0.5288 0.8224
vn 0.1217 -0.9304 -0.3457
vn 0.1666 0.8660 -0.4714
vn -0.9445 -0.0009 -0.3286
vn -0.9447 0.0005 -0.3280
vn -0.9445 -0.0002 -0.3284
vn -0.9445 -0.0002 -0.3286
vn -0.9448 0.0005 -0.3276
vn -0.9443 -0.0002 -0.3289
vn -0.9446 0.0006 -0.3283
vn -0.9439 0.0003 -0.3303
vn -0.9448 0.0007 -0.3277
vn -0.9448 0.0007 -0.3278
vn -0.9448 -0.0000 -0.3277
vn -0.9444 -0.0000 -0.3289
vn -0.9446 -0.0000 -0.3283
vn -0.9447 0.0003 -0.3280
vn -0.9445 0.0005 -0.3284
vn -0.9445 0.0002 -0.3286
vn -0.9447 -0.0005 -0.3280
vn -0.9448 -0.0006 -0.3276
vn -0.9445 0.0001 -0.3284
vn -0.9439 -0.0003 -0.3302
vn -0.9446 -0.0004 -0.3281
vn -0.9445 -0.0007 -0.3285
vn -0.9445 -0.0004 -0.3284
vn -0.9448 -0.0008 -0.3277
vn -0.9445 0.0009 -0.3285
vn -0.9445 -0.0000 -0.3285
vn -0.9443 -0.0001 -0.3290
vn -0.9446 -0.0003 -0.3281
vn -0.9448 -0.0010 -0.3277
vn -0.9444 0.0003 -0.3289
vn -0.9446 0.0004 -0.3281
vn -0.6060 -0.3622 0.7082
vn -0.5762 -0.5286 0.6234
vn -0.2573 0.9242 -0.2822
vn -0.3180 0.9415 -0.1114
vn -0.0360 -0.3630 -0.9311
vn -0.0638 -0.5275 -0.8471
vn -0.5351 -0.6714 0.5128
vn -0.6297 0.0003 0.7768
vn -0.6239 -0.1852 0.7592
vn -0.1021 -0.6692 -0.7360
vn -0.1481 -0.7856 -0.6007
vn -0.0182 -0.1861 -0.9824
vn -0.6239 0.1853 0.7592
vn -0.6062 0.3623 0.7080
vn -0.2022 -0.8717 -0.4463
vn -0.4361 0.8706 0.2279
vn -0.3775 0.9239 0.0620
vn -0.4886 -0.7855 0.3797
vn -0.4354 -0.8714 0.2259
vn -0.0627 0.5275 -0.8472
vn -0.1017 0.6695 -0.7358
vn -0.2571 -0.9242 -0.2824
vn -0.0360 0.3630 -0.9311
vn -0.5754 0.5287 0.6240
vn -0.5359 0.6708 0.5126
vn -0.3178 -0.9416 -0.1114
vn -0.3772 -0.9240 0.0620
vn -0.1484 0.7856 -0.6007
vn -0.4889 0.7856 0.3791
vn -0.2017 0.8708 -0.4484
vn -0.2657 0.0002 -0.9641
vn -0.0184 0.1863 -0.9823
vn -0.0110 0.0002 -0.9999
vn -0.8591 -0.1241 -0.4965
vn -0.9608 0.1874 -0.2044
vn -0.9942 0.0001 -0.1076
vn -0.9817 -0.1255 -0.1434
vn -0.9718 -0.1623 -0.1711
vn -0.8491 -0.0449 -0.5263
vn -0.8474 0.0001 -0.5309
vn -0.8688 0.1588 -0.4690
vn -0.8800 0.1887 -0.4360
vn -0.8686 -0.1589 -0.4693
vn -0.8802 -0.1884 -0.4355
vn -0.9928 -0.0439 -0.1110
vn -0.9608 -0.1875 -0.2043
vn -0.9491 -0.2078 -0.2366
vn -0.9928 0.0439 -0.1112
vn -0.9493 0.2067 -0.2368
vn -0.8592 0.1241 -0.4964
vn -0.8932 -0.2072 -0.3992
vn -0.8535 0.0867 -0.5139
vn -0.9817 0.1255 -0.1435
vn -0.8495 0.0449 -0.5256
vn -0.9065 -0.2201 -0.3604
vn -0.9884 0.0862 -0.1248
vn -0.9348 -0.2200 -0.2790
vn -0.8932 0.2069 -0.3992
vn -0.9718 0.1623 -0.1708
vn -0.9067 0.2196 -0.3600
vn -0.9199 0.2240 -0.3219
vn -0.9884 -0.0862 -0.1248
vn -0.9199 -0.2240 -0.3219
vn -0.9347 0.2198 -0.2793
vn -0.8534 -0.0867 -0.5140
vn -0.9453 0.0002 -0.3261
vn -0.0417 0.1824 -0.9823
vn -0.3259 0.0050 0.9454
vn -0.8847 0.1551 0.4396
vn -0.9246 0.0094 0.3808
vn 0.2725 0.5615 -0.7813
vn -0.3897 0.2993 -0.8710
vn -0.4557 0.3952 -0.7976
vn 0.2354 0.7007 -0.6735
vn -0.5170 0.6097 -0.6007
vn 0.1790 0.8382 -0.5152
vn -0.9093 -0.1599 0.3842
vn -0.3193 -0.2170 0.9225
vn 0.1206 -0.9297 -0.3480
vn 0.1790 -0.8384 -0.5148
vn 0.1202 0.9300 -0.3473
vn 0.0663 0.9794 -0.1905
vn -0.2308 0.7121 0.6630
vn -0.8434 0.3950 0.3641
vn -0.2743 0.5443 0.7928
vn -0.3048 0.3673 0.8787
vn -0.8819 0.2735 0.3840
vn 0.3217 -0.1958 -0.9264
vn -0.3045 -0.3668 0.8790
vn -0.9135 -0.2539 0.3178
vn -0.6066 -0.7118 -0.3541
vn -0.5760 -0.6698 -0.4686
vn -0.0005 -1.0000 -0.0005
vn 0.0661 -0.9792 -0.1917
vn -0.1818 -0.8330 0.5225
vn -0.7315 -0.6815 0.0226
vn -0.1234 -0.9279 0.3517
vn -0.0642 0.9808 0.1843
vn -0.7037 -0.7038 -0.0976
vn -0.0641 -0.9807 0.1847
vn -0.4173 0.1476 -0.8967
vn 0.3211 0.1989 -0.9259
vn -0.2304 -0.7111 0.6643
vn -0.8409 -0.3922 0.3728
vn -0.8173 -0.5059 0.2759
vn -0.8195 0.5040 0.2728
vn -0.6448 -0.7300 -0.2268
vn -0.3188 0.2219 0.9215
vn -0.2739 -0.5434 0.7935
vn -0.7953 -0.5955 0.1132
vn 0.3016 0.4041 -0.8636
vn -0.4968 0.5085 -0.7033
vn -0.5795 0.6696 -0.4646
vn -0.9467 0.0013 -0.3221
vn -0.9493 -0.0080 -0.3144
vn -0.9474 -0.0032 -0.3200
vn -0.9515 -0.0009 -0.3077
vn -0.9529 -0.0018 -0.3034
vn -0.9490 0.0003 -0.3152
vn -0.9482 -0.0015 -0.3177
vn -0.9384 -0.0001 -0.3456
vn -0.9401 -0.0027 -0.3410
vn -0.9416 0.0037 -0.3368
vn -0.9393 0.0078 -0.3430
vn -0.9479 -0.0040 -0.3184
vn -0.9191 0.0057 -0.3939
vn -0.1826 0.8331 0.5220
vn -0.1228 0.9272 0.3538
vn 0.2750 -0.5645 -0.7783
vn 0.2987 -0.4055 -0.8639
vn 0.2361 -0.7013 -0.6726
vn -0.0006 1.0000 -0.0005
vn 0.3217 -0.1934 -0.9269
vn 0.3330 0.0031 -0.9429
vn -0.3324 0.0047 0.9431
vn 0.2751 0.5646 -0.7781
vn 0.2361 0.7013 -0.6726
vn 0.1789 0.8385 -0.5148
vn -0.3168 -0.2168 0.9234
vn 0.1218 -0.9289 -0.3497
vn 0.1787 -0.8374 -0.5166
vn 0.1216 0.9290 -0.3496
vn 0.0652 0.9792 -0.1922
vn -0.2287 0.7126 0.6633
vn -0.2735 0.5396 0.7962
vn -0.3052 0.3657 0.8793
vn -0.3051 -0.3656 0.8794
vn -0.0001 -1.0000 -0.0009
vn 0.0655 -0.9792 -0.1919
vn -0.1827 -0.8332 0.5219
vn -0.1230 -0.9274 0.3534
vn -0.0640 0.9805 0.1861
vn -0.0644 -0.9805 0.1857
vn 0.3219 0.1962 -0.9262
vn -0.2292 -0.7143 0.6612
vn -0.3149 0.2215 0.9229
vn -0.2736 -0.5399 0.7960
vn 0.2987 0.4055 -0.8639
vn -0.1827 0.8346 0.5197
vn -0.1232 0.9274 0.3533
vn 0.2746 -0.5636 -0.7790
vn 0.2948 -0.4007 -0.8675
vn 0.2373 -0.7010 -0.6725
vn -0.0014 1.0000 -0.0007
vn 0.3359 0.0032 -0.9419
vn -0.3298 0.0051 0.9440
vn 0.2748 0.5639 -0.7788
vn 0.2374 0.7011 -0.6724
vn 0.1777 0.8399 -0.5129
vn -0.3054 -0.2196 0.9266
vn 0.1210 -0.9290 -0.3498
vn 0.1771 -0.8370 -0.5177
vn 0.1204 0.9294 -0.3488
vn 0.0633 0.9798 -0.1899
vn -0.2271 0.7099 0.6667
vn -0.2726 0.5372 0.7982
vn -0.3013 0.3670 0.8801
vn 0.3195 -0.1931 -0.9277
vn -0.3008 -0.3665 0.8805
vn -0.0005 -1.0000 0.0015
vn 0.0641 -0.9797 -0.1899
vn -0.1826 -0.8341 0.5205
vn -0.1237 -0.9269 0.3542
vn -0.0628 0.9810 0.1834
vn -0.0640 -0.9801 0.1877
vn 0.3226 0.1958 -0.9261
vn -0.2276 -0.7119 0.6644
vn -0.3020 0.2244 0.9265
vn -0.2719 -0.5356 0.7995
vn 0.2948 0.4007 -0.8675
vn -0.9447 -0.0127 -0.3276
vn 0.3294 -0.1924 -0.9244
vn 0.2706 -0.5639 -0.7802
vn 0.3084 -0.3866 -0.8692
vn 0.2327 -0.7086 -0.6661
vn 0.1259 -0.9278 -0.3513
vn 0.1783 -0.8327 -0.5242
vn 0.0625 -0.9811 -0.1834
vn 0.0002 -1.0000 -0.0005
vn -0.1242 -0.9262 0.3561
vn -0.0611 -0.9816 0.1809
vn -0.1841 -0.8293 0.5277
vn -0.2230 -0.7115 0.6663
vn -0.3015 -0.3856 0.8720
vn -0.2733 -0.5643 0.7790
vn -0.3275 -0.1950 0.9245
vn -0.3270 0.1963 0.9244
vn -0.3273 0.0013 0.9449
vn -0.3015 0.3856 0.8720
vn -0.2229 0.7112 0.6668
vn -0.2734 0.5644 0.7789
vn -0.1840 0.8291 0.5279
vn -0.1242 0.9263 0.3557
vn -0.0002 1.0000 -0.0000
vn -0.0615 0.9815 0.1814
vn 0.0629 0.9810 -0.1834
vn 0.1241 0.9284 -0.3502
vn 0.2328 0.7089 -0.6658
vn 0.1800 0.8309 -0.5265
vn 0.2708 0.5642 -0.7800
vn 0.3293 0.1937 -0.9241
vn 0.3084 0.3866 -0.8692
vn -0.2118 0.0004 -0.9773
vn -0.8510 0.0430 -0.5234
vn 0.1025 0.5151 0.8510
vn 0.6084 0.5146 -0.6042
vn 0.2946 -0.9093 0.2941
vn 0.3540 -0.9271 0.1235
vn 0.1856 0.7704 0.6100
vn 0.1385 0.6551 0.7428
vn 0.9944 0.0783 -0.0713
vn 0.6357 0.3539 -0.6861
vn 0.5698 0.6550 -0.4963
vn 0.5230 0.7697 -0.3660
vn 0.2372 -0.8571 0.4574
vn 0.4730 -0.8553 -0.2113
vn 0.1868 -0.7705 0.6095
vn 0.4734 0.8551 -0.2112
vn 0.4148 0.9087 -0.0468
vn 0.5234 -0.7702 -0.3645
vn 0.0739 0.3543 0.9322
vn 0.0556 0.1798 0.9821
vn 0.1027 -0.5144 0.8514
vn 0.1384 -0.6555 0.7424
vn 0.6529 -0.1813 -0.7354
vn 0.5693 -0.6562 -0.4953
vn 0.6538 0.1808 -0.7347
vn 0.6588 0.0002 -0.7524
vn 0.6076 -0.5148 -0.6048
vn 0.0747 -0.3537 0.9324
vn 0.3539 0.9271 0.1232
vn 0.6361 -0.3536 -0.6859
vn 0.2946 0.9093 0.2940
vn 0.0520 0.0003 0.9986
vn 0.2376 0.8566 0.4580
vn 0.4149 -0.9087 -0.0469
vn 0.0553 -0.1804 0.9820
vn 0.3221 -0.1953 -0.9263
vn 0.3039 -0.3824 -0.8726
vn 0.2328 -0.7068 -0.6680
vn 0.2733 -0.5568 -0.7844
vn 0.1831 -0.8306 -0.5260
vn 0.0641 -0.9808 -0.1840
vn 0.1263 -0.9232 -0.3629
vn -0.1263 -0.9236 0.3619
vn -0.0643 -0.9808 0.1840
vn -0.1834 -0.8303 0.5263
vn -0.2741 -0.5545 0.7857
vn -0.2323 -0.7079 0.6671
vn -0.3036 -0.3820 0.8729
vn -0.3265 -0.0000 0.9452
vn -0.3242 -0.1954 0.9256
vn -0.3036 0.3820 0.8729
vn -0.3242 0.1954 0.9256
vn -0.2746 0.5545 0.7855
vn -0.1826 0.8320 0.5238
vn -0.2323 0.7077 0.6673
vn -0.1261 0.9238 0.3615
vn -0.0649 0.9805 0.1857
vn 0.0646 0.9806 -0.1853
vn 0.1820 0.8315 -0.5249
vn 0.1258 0.9238 -0.3616
vn 0.2330 0.7071 -0.6676
vn 0.3039 0.3824 -0.8726
vn 0.2730 0.5561 -0.7850
vn 0.3221 0.1953 -0.9263
vn 0.5976 -0.1864 -0.7798
vn 0.6032 0.0002 -0.7976
vn 0.5814 -0.3639 -0.7277
vn 0.5127 -0.6730 -0.5330
vn 0.5528 -0.5276 -0.6450
vn 0.4653 -0.7908 -0.3978
vn 0.4104 -0.8788 -0.2433
vn 0.3530 -0.9328 -0.0732
vn 0.2920 -0.9510 0.1017
vn 0.2312 -0.9327 0.2768
vn 0.1722 -0.8788 0.4450
vn 0.0710 -0.6720 0.7372
vn 0.1192 -0.7903 0.6010
vn 0.0340 -0.5282 0.8485
vn 0.0035 -0.3648 0.9311
vn -0.0211 0.0002 0.9998
vn -0.0145 -0.1859 0.9825
vn 0.0039 0.3645 0.9312
vn -0.0151 0.1856 0.9825
vn 0.0342 0.5281 0.8485
vn 0.0707 0.6720 0.7372
vn 0.1723 0.8788 0.4450
vn 0.1195 0.7903 0.6010
vn 0.2311 0.9327 0.2769
vn 0.2920 0.9510 0.1016
vn 0.3530 0.9328 -0.0732
vn 0.4106 0.8788 -0.2431
vn 0.4655 0.7906 -0.3977
vn 0.5129 0.6730 -0.5329
vn 0.5816 0.3633 -0.7279
vn 0.5527 0.5278 -0.6450
vn 0.5979 0.1860 -0.7797
vn 0.5863 -0.1864 -0.7884
vn 0.5915 -0.0000 -0.8063
vn 0.5684 -0.3648 -0.7374
vn 0.5002 -0.6757 -0.5415
vn 0.5405 -0.5310 -0.6526
vn 0.3989 -0.8828 -0.2482
vn 0.4539 -0.7939 -0.4046
vn 0.3405 -0.9369 -0.0793
vn 0.2788 -0.9555 0.0968
vn 0.1591 -0.8826 0.4424
vn 0.2184 -0.9369 0.2731
vn 0.1054 -0.7938 0.5990
vn 0.0572 -0.6746 0.7359
vn -0.0103 -0.3653 0.9308
vn 0.0200 -0.5311 0.8471
vn -0.0276 -0.1863 0.9821
vn -0.0350 -0.0000 0.9994
vn -0.0278 0.1866 0.9820
vn -0.0103 0.3651 0.9309
vn 0.0577 0.6755 0.7351
vn 0.0196 0.5304 0.8475
vn 0.1055 0.7944 0.5982
vn 0.1587 0.8827 0.4423
vn 0.2182 0.9369 0.2730
vn 0.3402 0.9370 -0.0794
vn 0.2786 0.9555 0.0968
vn 0.3986 0.8829 -0.2482
vn 0.4997 0.6766 -0.5408
vn 0.4535 0.7946 -0.4037
vn 0.5688 0.3646 -0.7372
vn 0.5405 0.5305 -0.6530
vn 0.5861 0.1868 -0.7884
vn 0.3136 -0.1974 -0.9288
vn 0.3301 0.0006 -0.9439
vn 0.2665 -0.5629 -0.7824
vn 0.3034 -0.3860 -0.8712
vn 0.1787 -0.8324 -0.5246
vn 0.2294 -0.7132 -0.6623
vn 0.1218 -0.9257 -0.3581
vn 0.0605 -0.9820 -0.1788
vn -0.0624 -0.9821 0.1780
vn -0.0000 -1.0000 0.0002
vn -0.1253 -0.9252 0.3582
vn -0.2323 -0.7104 0.6644
vn -0.1807 -0.8336 0.5219
vn -0.2960 -0.3894 0.8722
vn -0.2745 -0.5582 0.7830
vn -0.3224 -0.1953 0.9262
vn -0.3209 0.1969 0.9264
vn -0.3202 -0.0004 0.9473
vn -0.2959 0.3893 0.8723
vn -0.2323 0.7105 0.6643
vn -0.2746 0.5583 0.7828
vn -0.1253 0.9252 0.3582
vn -0.1807 0.8336 0.5221
vn -0.0624 0.9820 0.1783
vn 0.0605 0.9821 -0.1786
vn -0.0000 1.0000 0.0003
vn 0.1218 0.9257 -0.3582
vn 0.1788 0.8325 -0.5243
vn 0.2666 0.5629 -0.7823
vn 0.2294 0.7132 -0.6623
vn 0.3144 0.1980 -0.9284
vn 0.3034 0.3859 -0.8712
vn 0.3241 0.0006 -0.9460
vn 0.3134 -0.3871 -0.8671
vn 0.3142 -0.2011 -0.9278
vn 0.2267 -0.7143 -0.6621
vn 0.2665 -0.5564 -0.7870
vn 0.1886 -0.8354 -0.5162
vn 0.1288 -0.9257 -0.3556
vn -0.0001 -1.0000 -0.0004
vn 0.0621 -0.9810 -0.1837
vn -0.0621 -0.9813 0.1821
vn -0.1305 -0.9258 0.3547
vn -0.2260 -0.7138 0.6629
vn -0.1838 -0.8343 0.5197
vn -0.2739 -0.5607 0.7814
vn -0.2984 -0.3842 0.8737
vn -0.3157 -0.1939 0.9288
vn -0.3150 0.1945 0.9289
vn -0.3250 0.0005 0.9457
vn -0.2968 0.3844 0.8741
vn -0.2738 0.5609 0.7813
vn -0.2260 0.7139 0.6628
vn -0.1305 0.9258 0.3549
vn -0.1837 0.8342 0.5199
vn -0.0621 0.9813 0.1820
vn -0.0001 1.0000 -0.0004
vn 0.1288 0.9257 -0.3556
vn 0.0621 0.9810 -0.1836
vn 0.1886 0.8355 -0.5160
vn 0.2266 0.7139 -0.6625
vn 0.3151 0.3868 -0.8667
vn 0.2650 0.5568 -0.7872
vn 0.3134 0.2017 -0.9280
vn 0.3370 -0.1951 -0.9210
vn 0.3228 0.0005 -0.9465
vn 0.2943 -0.3881 -0.8734
vn 0.2261 -0.7103 -0.6666
vn 0.2685 -0.5584 -0.7849
vn 0.1792 -0.8337 -0.5224
vn 0.1261 -0.9249 -0.3586
vn 0.0003 -1.0000 -0.0000
vn 0.0628 -0.9819 -0.1789
vn -0.0607 -0.9818 0.1797
vn -0.1308 -0.9252 0.3561
vn -0.2270 -0.7110 0.6655
vn -0.1834 -0.8334 0.5214
vn -0.2737 -0.5585 0.7831
vn -0.2989 -0.3885 0.8716
vn -0.3358 0.0004 0.9419
vn -0.3228 -0.1966 0.9258
vn -0.3210 0.1964 0.9265
vn -0.3007 0.3881 0.8712
vn -0.2822 0.5576 0.7807
vn -0.2256 0.7125 0.6644
vn -0.1309 0.9254 0.3556
vn -0.1830 0.8345 0.5197
vn -0.0607 0.9818 0.1800
vn 0.0003 1.0000 -0.0001
vn 0.1253 0.9251 -0.3585
vn 0.0628 0.9818 -0.1791
vn 0.1792 0.8338 -0.5223
vn 0.2236 0.7118 -0.6658
vn 0.2931 0.3867 -0.8744
vn 0.2609 0.5590 -0.7870
vn 0.3359 0.1957 -0.9213
vn 0.3353 -0.0000 -0.9421
vn 0.3291 -0.1951 -0.9239
vn 0.2705 -0.5560 -0.7859
vn 0.3029 -0.3815 -0.8733
vn 0.1822 -0.8315 -0.5248
vn 0.2307 -0.7072 -0.6683
vn 0.1262 -0.9237 -0.3617
vn 0.0643 -0.9806 -0.1853
vn -0.0645 -0.9805 0.1858
vn -0.1256 -0.9239 0.3615
vn -0.1825 -0.8313 0.5251
vn -0.2314 -0.7080 0.6672
vn -0.2718 -0.5550 0.7862
vn -0.3025 -0.3817 0.8734
vn -0.3273 0.0002 0.9449
vn -0.3211 -0.1963 0.9265
vn -0.3027 0.3826 0.8729
vn -0.3203 0.1962 0.9268
vn -0.2718 0.5547 0.7864
vn -0.1848 0.8321 0.5230
vn -0.2324 0.7063 0.6687
vn -0.1260 0.9235 0.3623
vn -0.0001 1.0000 -0.0001
vn -0.0638 0.9806 0.1852
vn 0.1261 0.9236 -0.3619
vn 0.0639 0.9806 -0.1851
vn 0.1819 0.8317 -0.5246
vn 0.2697 0.5558 -0.7864
vn 0.2312 0.7064 -0.6690
vn 0.3289 0.1952 -0.9240
vn 0.3246 -0.0000 -0.9459
vn 0.3014 -0.3822 -0.8736
vn 0.3194 -0.1950 -0.9273
vn 0.2659 -0.5553 -0.7880
vn 0.2370 -0.7077 -0.6656
vn 0.1240 -0.9240 -0.3617
vn 0.1834 -0.8309 -0.5254
vn 0.0636 -0.9807 -0.1847
vn 0.0001 -1.0000 -0.0003
vn -0.0613 -0.9811 0.1837
vn -0.1255 -0.9239 0.3615
vn -0.1811 -0.8318 0.5247
vn -0.2300 -0.7074 0.6684
vn -0.2788 -0.5554 0.7834
vn -0.3100 -0.3809 0.8711
vn -0.3193 -0.1955 0.9273
vn -0.3193 0.1955 0.9273
vn -0.3369 -0.0000 0.9415
vn -0.3101 0.3810 0.8711
vn -0.2787 0.5553 0.7836
vn -0.2312 0.7071 0.6682
vn -0.1809 0.8313 0.5255
vn -0.1255 0.9238 0.3617
vn -0.0611 0.9810 0.1840
vn 0.0636 0.9807 -0.1847
vn 0.1240 0.9241 -0.3614
vn 0.2355 0.7080 -0.6657
vn 0.1811 0.8310 -0.5259
vn 0.2660 0.5550 -0.7881
vn 0.3003 0.3824 -0.8739
vn 0.3217 0.1947 -0.9266
vn 0.3332 -0.0001 -0.9429
vn 0.3249 -0.1953 -0.9254
vn 0.3024 -0.3821 -0.8733
vn 0.2768 -0.5565 -0.7834
vn 0.2391 -0.7049 -0.6678
vn 0.1844 -0.8315 -0.5240
vn 0.0634 -0.9811 -0.1827
vn 0.1246 -0.9241 -0.3613
vn -0.0001 -1.0000 -0.0002
vn -0.0633 -0.9811 0.1830
vn -0.1856 -0.8312 0.5240
vn -0.1248 -0.9245 0.3602
vn -0.2722 -0.5552 0.7859
vn -0.2308 -0.7060 0.6695
vn -0.3026 -0.3825 0.8730
vn -0.3315 -0.0000 0.9435
vn -0.3272 -0.1951 0.9246
vn -0.3018 0.3827 0.8732
vn -0.3273 0.1951 0.9246
vn -0.2719 0.5552 0.7860
vn -0.1855 0.8320 0.5229
vn -0.2310 0.7071 0.6683
vn -0.0635 0.9808 0.1844
vn -0.1256 0.9237 0.3618
vn 0.0640 0.9807 -0.1845
vn 0.1845 0.8318 -0.5235
vn 0.1243 0.9237 -0.3623
vn 0.2392 0.7059 -0.6667
vn 0.2768 0.5565 -0.7834
vn 0.3015 0.3822 -0.8735
vn 0.3265 0.1954 -0.9248
vn -0.9437 -0.0019 -0.3307
vn -0.9437 0.0001 -0.3307
vn -0.6861 -0.3886 -0.6150
vn -0.9462 -0.0037 -0.3236
vn -0.9432 0.0024 -0.3323
vn -0.9447 -0.0042 -0.3279
vn -0.9447 0.0055 -0.3280
vn -0.9444 -0.0140 -0.3284
vn -0.9419 -0.0048 -0.3359
vn -0.9435 0.3023 0.1356
vn -0.9438 0.0014 -0.3305
vn -0.9452 -0.0008 -0.3266
vn -0.9439 0.0016 -0.3304
vn -0.7868 -0.5279 -0.3198
vn -0.9450 0.0008 -0.3270
vn -0.9436 -0.3020 0.1354
vn -0.9708 0.1237 0.2054
vn -0.6454 0.2137 -0.7334
vn -0.9442 -0.0194 -0.3287
vn -0.9420 0.0048 -0.3357
vn -0.9221 0.3835 0.0511
vn -0.9461 -0.0031 -0.3237
vn -0.7503 0.5011 -0.4312
vn -0.9460 0.0037 -0.3241
vn -0.9422 -0.0045 -0.3350
vn -0.9464 -0.0046 -0.3231
vn -0.8569 0.4985 -0.1311
vn -0.8578 -0.4984 -0.1256
vn -0.9465 0.0030 -0.3227
vn -0.9464 0.0046 -0.3229
vn -0.6866 0.3844 -0.6170
vn -0.9437 -0.0002 -0.3307
vn -0.6281 -0.1030 -0.7713
vn -0.9446 -0.0000 -0.3282
vn -0.7870 0.5278 -0.3196
vn -0.7476 -0.5012 -0.4357
vn -0.9446 -0.0053 -0.3282
vn -0.9439 -0.0014 -0.3303
vn -0.9204 -0.3879 0.0497
vn -0.9703 -0.1270 0.2061
vn -0.6469 -0.2153 -0.7316
vn -0.9445 0.0144 -0.3282
vn -0.9444 0.0202 -0.3283
vn -0.9425 0.0040 -0.3342
vn -0.6288 0.0995 -0.7711
vn -0.9430 -0.0026 -0.3329
vn -0.9446 0.0045 -0.3282
vn -0.3281 -0.0002 0.9447
vn -0.3206 0.2159 0.9223
vn -0.2675 -0.5801 0.7694
vn -0.2974 -0.4243 0.8553
vn -0.2194 -0.7446 0.6304
vn -0.1651 -0.8645 0.4747
vn -0.0287 -0.9962 0.0825
vn 0.1649 -0.8646 -0.4747
vn 0.1006 -0.9519 -0.2893
vn 0.2976 -0.4239 -0.8554
vn 0.2676 -0.5799 -0.7694
vn 0.3204 -0.2218 -0.9209
vn 0.3283 -0.0002 -0.9446
vn 0.3204 0.2160 -0.9223
vn 0.2983 0.4189 -0.8576
vn 0.2677 0.5802 -0.7693
vn 0.2215 0.7383 -0.6371
vn 0.1647 0.8647 -0.4746
vn -0.0287 0.9962 0.0824
vn 0.0287 0.9962 -0.0826
vn -0.0974 0.9549 0.2804
vn -0.1647 0.8648 0.4743
vn -0.2214 0.7382 0.6372
vn -0.2673 0.5800 0.7696
vn -0.2982 0.4191 0.8576
vn -0.3199 -0.2217 0.9211
vn -0.1006 -0.9519 0.2894
vn 0.2192 -0.7446 -0.6306
vn 0.0974 0.9548 -0.2809
vn -0.2197 -0.7446 0.6304
vn 0.3207 -0.2209 -0.9211
vn -0.2978 -0.4233 0.8557
vn 0.0287 0.9962 -0.0824
vn -0.0975 0.9549 0.2804
vn -0.1653 -0.8646 0.4745
vn 0.3286 -0.0001 -0.9445
vn -0.1648 0.8649 0.4740
vn 0.3281 0.0001 -0.9446
vn 0.3028 -0.3828 -0.8728
vn 0.3216 -0.1939 -0.9268
vn 0.2322 -0.7072 -0.6679
vn 0.2723 -0.5565 -0.7849
vn 0.1257 -0.9239 -0.3615
vn 0.1828 -0.8312 -0.5251
vn 0.0638 -0.9809 -0.1839
vn -0.0639 -0.9809 0.1837
vn -0.1824 -0.8314 0.5249
vn -0.1259 -0.9237 0.3618
vn -0.2322 -0.7070 0.6680
vn -0.3029 -0.3842 0.8721
vn -0.2733 -0.5551 0.7856
vn -0.3227 -0.1944 0.9263
vn -0.3291 0.0001 0.9443
vn -0.3227 0.1941 0.9264
vn -0.3030 0.3838 0.8723
vn -0.2322 0.7070 0.6680
vn -0.2733 0.5550 0.7856
vn -0.1822 0.8313 0.5251
vn -0.0639 0.9809 0.1836
vn -0.0000 1.0000 -0.0000
vn 0.1257 0.9238 -0.3615
vn 0.0638 0.9809 -0.1839
vn 0.2321 0.7072 -0.6678
vn 0.1827 0.8312 -0.5251
vn 0.3029 0.3824 -0.8730
vn 0.2724 0.5565 -0.7849
vn 0.3217 0.1936 -0.9268
vn -0.3293 0.0001 0.9442
vn 0.1653 -0.8646 -0.4744
vn 0.1650 0.8649 -0.4741
vn -0.2532 -0.6472 0.7191
vn 0.0601 -0.9836 -0.1703
vn 0.0596 0.9838 -0.1692
vn -0.2534 0.6472 0.7190
vt 0.014600 -0.793900
vt 0.004601 -0.443351
vt 0.004602 -0.443264
vt 0.507050 -0.793900
vt 0.999500 -0.795200
vt 0.507050 -0.795200
vt 0.999500 -0.787400
vt 0.507050 -0.172500
vt 0.507050 -0.787400
vt 0.507050 -0.160100
vt 0.999500 -0.152100
vt 0.507050 -0.152100
vt 0.260825 -0.172500
vt 0.014600 -0.160100
vt 0.014600 -0.172500
vt 0.999500 -0.115000
vt 0.507050 1.115000
vt 0.507050 -0.115000
vt 0.260825 1.787400
vt 0.014600 1.793900
vt 0.014600 1.787400
vt 0.507050 1.133800
vt 0.999500 1.143100
vt 0.507050 1.143150
vt 0.999500 1.172500
vt 0.507050 1.787400
vt 0.507050 1.172500
vt 0.507050 1.793900
vt 0.999500 1.795200
vt 0.507050 1.795200
vt 0.507050 1.160100
vt 0.999500 1.152100
vt 0.507050 1.152100
vt 0.507050 -0.133800
vt 0.999500 -0.143200
vt 0.507050 -0.143150
vt 0.003500 -0.193900
vt 0.000500 -0.350300
vt 0.003500 -0.350300
vt 0.004638 0.025421
vt 0.004639 0.024578
vt 0.003500 0.652400
vt 0.000500 0.339600
vt 0.003500 0.339600
vt 0.000500 1.342400
vt 0.003500 1.186000
vt 0.003500 1.342400
vt 0.003500 0.045436
vt 0.000500 0.067218
vt 0.003500 0.067278
vt 0.004585 1.435541
vt 0.014600 1.172500
vt 0.260825 -0.793900
vt 0.014600 -0.787400
vt 0.014600 -0.795200
vt 0.014600 -0.133800
vt 0.004638 0.026343
vt 0.014600 -0.143100
vt 0.260825 -0.115000
vt 0.260825 -0.133800
vt 0.003500 0.945899
vt 0.000500 0.963969
vt 0.003500 0.963970
vt 0.260825 1.133800
vt 0.014600 1.115000
vt 0.260825 1.115000
vt 0.014600 1.133800
vt 0.004629 0.966412
vt 0.004632 0.965518
vt 0.004632 0.965518
vt 0.260825 1.160100
vt 0.260825 1.172500
vt 0.014600 1.160100
vt 0.004629 0.967317
vt 0.014600 1.152100
vt 0.014600 -0.115000
vt 0.260825 1.793900
vt 0.004585 1.435658
vt 0.014600 1.795200
vt 0.004589 1.435658
vt 0.004552 0.965904
vt 0.004556 0.966724
vt 0.004552 0.965060
vt 0.014600 1.143200
vt 0.004606 -0.443385
vt 0.004560 0.026811
vt 0.014600 -0.152100
vt 0.260825 -0.787400
vt 0.260825 -0.160100
vt 0.004560 0.027670
vt 0.004561 0.028543
vt 0.000000 1.000000
vt 0.000000 1.000000
vt 0.000000 1.000000
vt 0.346732 0.410354
vt 0.357557 0.398080
vt 0.356929 0.410944
vt 0.339462 0.409930
vt 0.347367 0.397573
vt 0.338356 0.409852
vt 0.340217 0.397233
vt 0.376848 0.090844
vt 0.373590 0.079961
vt 0.378695 0.081555
vt 0.380270 0.091179
vt 0.382063 0.082594
vt 0.347985 0.384875
vt 0.339096 0.397163
vt 0.341017 0.384485
vt 0.376871 0.100420
vt 0.371468 0.090318
vt 0.380145 0.100117
vt 0.348769 0.372133
vt 0.358099 0.385325
vt 0.341546 0.371753
vt 0.339875 0.384426
vt 0.378607 0.109835
vt 0.371453 0.100926
vt 0.359567 0.359817
vt 0.358826 0.372662
vt 0.342042 0.358995
vt 0.340930 0.358958
vt 0.340422 0.371709
vt 0.377441 0.121172
vt 0.373431 0.111362
vt 0.381919 0.108881
vt 0.382166 0.118667
vt 0.349977 0.346419
vt 0.349292 0.359335
vt 0.342481 0.346125
vt 0.387459 0.126561
vt 0.390102 0.124364
vt 0.385287 0.117008
vt 0.350380 0.333508
vt 0.360178 0.346740
vt 0.341998 0.333222
vt 0.341337 0.346077
vt 0.390849 0.137481
vt 0.383330 0.129981
vt 0.396373 0.130769
vt 0.360799 0.321058
vt 0.360499 0.333795
vt 0.343111 0.333276
vt 0.350612 0.320756
vt 0.343635 0.320531
vt 0.394308 0.133306
vt 0.399689 0.143417
vt 0.402214 0.138695
vt 0.351150 0.308009
vt 0.343947 0.307719
vt 0.342819 0.307692
vt 0.342491 0.320493
vt 0.410981 0.142360
vt 0.403863 0.135650
vt 0.351585 0.295148
vt 0.361264 0.308275
vt 0.344251 0.294966
vt 0.343135 0.294945
vt 0.419764 0.149502
vt 0.409431 0.147469
vt 0.420580 0.140751
vt 0.411988 0.139010
vt 0.362215 0.282446
vt 0.361781 0.295479
vt 0.344485 0.282057
vt 0.429800 0.144111
vt 0.420266 0.144163
vt 0.429495 0.140846
vt 0.352165 0.269175
vt 0.351808 0.282206
vt 0.344583 0.269059
vt 0.343456 0.269041
vt 0.343329 0.282044
vt 0.439210 0.142341
vt 0.430312 0.149473
vt 0.352250 0.256095
vt 0.362455 0.269211
vt 0.344893 0.256075
vt 0.447978 0.138756
vt 0.440723 0.147464
vt 0.438242 0.139044
vt 0.362390 0.243269
vt 0.362453 0.256103
vt 0.352136 0.243175
vt 0.343736 0.256051
vt 0.345059 0.243161
vt 0.455876 0.133447
vt 0.450489 0.143457
vt 0.453661 0.130825
vt 0.446327 0.135654
vt 0.362491 0.230383
vt 0.344962 0.230308
vt 0.343921 0.243155
vt 0.466746 0.130072
vt 0.459277 0.137591
vt 0.460050 0.124566
vt 0.352373 0.217406
vt 0.352202 0.230340
vt 0.344857 0.217426
vt 0.343737 0.217426
vt 0.343828 0.230319
vt 0.462548 0.126616
vt 0.472676 0.121294
vt 0.467937 0.118714
vt 0.362400 0.204438
vt 0.362528 0.217377
vt 0.352060 0.204496
vt 0.344980 0.204528
vt 0.476728 0.111536
vt 0.464941 0.117077
vt 0.471608 0.109994
vt 0.352154 0.191570
vt 0.344797 0.191598
vt 0.343675 0.191619
vt 0.343825 0.204530
vt 0.478757 0.101176
vt 0.469991 0.100374
vt 0.468245 0.108969
vt 0.362317 0.178429
vt 0.362376 0.191505
vt 0.344516 0.178712
vt 0.473402 0.100672
vt 0.478680 0.090606
vt 0.470062 0.091468
vt 0.351673 0.165647
vt 0.351991 0.178584
vt 0.343377 0.178725
vt 0.344523 0.165711
vt 0.473309 0.091135
vt 0.476644 0.080257
vt 0.471558 0.081778
vt 0.351587 0.152607
vt 0.362021 0.165400
vt 0.344202 0.152759
vt 0.343376 0.165726
vt 0.472623 0.070517
vt 0.468254 0.082747
vt 0.467943 0.073048
vt 0.361611 0.139321
vt 0.361846 0.152428
vt 0.343753 0.139730
vt 0.342620 0.139775
vt 0.343041 0.152794
vt 0.462670 0.065232
vt 0.460052 0.067414
vt 0.464860 0.074692
vt 0.351204 0.139524
vt 0.361268 0.125946
vt 0.343191 0.126645
vt 0.455866 0.058559
vt 0.466779 0.061807
vt 0.453823 0.061057
vt 0.350199 0.113250
vt 0.350788 0.126366
vt 0.341671 0.113609
vt 0.342026 0.126687
vt 0.450586 0.048512
vt 0.459300 0.054370
vt 0.448042 0.053173
vt 0.359755 0.099725
vt 0.360553 0.112703
vt 0.342801 0.113571
vt 0.349377 0.100238
vt 0.342248 0.100675
vt 0.440924 0.044439
vt 0.446403 0.056160
vt 0.439368 0.049501
vt 0.359089 0.086574
vt 0.341315 0.087680
vt 0.341104 0.100741
vt 0.430632 0.042373
vt 0.429769 0.051061
vt 0.438334 0.052843
vt 0.347897 0.074101
vt 0.348640 0.087215
vt 0.340270 0.074711
vt 0.339145 0.074801
vt 0.340157 0.087771
vt 0.420589 0.047710
vt 0.430099 0.047642
vt 0.420882 0.050968
vt 0.357004 0.059963
vt 0.358231 0.073286
vt 0.346587 0.061005
vt 0.339246 0.061784
vt 0.409713 0.044295
vt 0.420062 0.042305
vt 0.411206 0.049441
vt 0.355401 0.046704
vt 0.345016 0.048101
vt 0.336818 0.049171
vt 0.338100 0.061887
vt 0.399978 0.048240
vt 0.412160 0.052729
vt 0.402446 0.052964
vt 0.343043 0.035127
vt 0.337920 0.049041
vt 0.336280 0.036806
vt 0.394585 0.058189
vt 0.396761 0.060840
vt 0.404088 0.056064
vt 0.342940 0.449616
vt 0.355026 0.437436
vt 0.353509 0.450823
vt 0.335668 0.447990
vt 0.344650 0.436273
vt 0.336125 0.435321
vt 0.334580 0.447861
vt 0.387865 0.064961
vt 0.391195 0.054075
vt 0.390360 0.067046
vt 0.356192 0.424091
vt 0.338473 0.422688
vt 0.337255 0.435446
vt 0.337350 0.422589
vt 0.382441 0.072822
vt 0.383707 0.061512
vt 0.345748 0.423262
vt 0.377716 0.070236
vt 0.385436 0.074481
vt 0.466088 0.085379
vt 0.399164 0.127377
vt 0.406568 0.132380
vt 0.435733 0.055850
vt 0.427603 0.053690
vt 0.393965 0.070039
vt 0.388859 0.077453
vt 0.442931 0.133146
vt 0.421088 0.052849
vt 0.467333 0.098045
vt 0.468171 0.091622
vt 0.384108 0.106249
vt 0.462406 0.077819
vt 0.400302 0.063659
vt 0.456423 0.121582
vt 0.461494 0.114130
vt 0.385164 0.085459
vt 0.414954 0.054891
vt 0.443709 0.059422
vt 0.465136 0.106119
vt 0.392818 0.121076
vt 0.451056 0.064420
vt 0.387774 0.113869
vt 0.435433 0.136876
vt 0.457368 0.070680
vt 0.407466 0.058571
vt 0.414591 0.135970
vt 0.422747 0.138111
vt 0.429283 0.138950
vt 0.450096 0.128008
vt 0.382924 0.093534
vt 0.382046 0.099972
vt 0.421719 0.056995
vt 0.414325 0.061786
vt 0.406962 0.067922
vt 0.400168 0.075184
vt 0.394293 0.083219
vt 0.389613 0.091622
vt 0.386269 0.099818
vt 0.430121 0.060161
vt 0.422882 0.066114
vt 0.415313 0.073393
vt 0.407963 0.081639
vt 0.401237 0.090413
vt 0.395483 0.099241
vt 0.390980 0.107511
vt 0.438487 0.064562
vt 0.431606 0.071500
vt 0.424072 0.079671
vt 0.416404 0.088625
vt 0.409055 0.097854
vt 0.402434 0.106824
vt 0.396906 0.114935
vt 0.446321 0.070173
vt 0.440020 0.077826
vt 0.432816 0.086561
vt 0.425152 0.095854
vt 0.417483 0.105152
vt 0.410260 0.113911
vt 0.403935 0.121593
vt 0.453324 0.076793
vt 0.447831 0.084883
vt 0.441241 0.093835
vt 0.426246 0.112038
vt 0.433908 0.103067
vt 0.418705 0.120240
vt 0.411811 0.127212
vt 0.459250 0.084158
vt 0.454786 0.092418
vt 0.449073 0.101240
vt 0.435033 0.118304
vt 0.442371 0.110030
vt 0.427465 0.125625
vt 0.420217 0.131620
vt 0.463974 0.091796
vt 0.460671 0.099989
vt 0.456037 0.108394
vt 0.443411 0.123754
vt 0.450191 0.116455
vt 0.436048 0.129936
vt 0.428646 0.134776
vt 0.004639 0.024577
vt 0.004650 0.023091
vt 0.004640 0.027263
vt 0.000500 0.980557
vt 0.003500 0.963984
vt 0.003500 0.980558
vt 0.000500 1.392717
vt 0.003500 1.388968
vt 0.003500 1.392717
vt 0.004555 0.964206
vt 0.003500 -0.400617
vt 0.000500 -0.404365
vt 0.000500 -0.400617
vt 0.003500 -0.400617
vt 0.000500 -0.400617
vt 0.000500 0.980510
vt 0.003500 0.980510
vt 0.003500 0.028130
vt 0.000500 0.045814
vt 0.000500 0.028114
vt 0.003500 0.011543
vt 0.003500 0.028116
vt 0.000500 0.045811
vt 0.003500 0.046191
vt 0.000500 0.067190
vt 0.003500 0.067250
vt 0.000500 0.946286
vt 0.003500 0.924845
vt 0.003500 0.946661
vt 0.000500 0.963984
vt 0.003500 1.388968
vt 0.003500 1.392717
vt 0.000500 1.396468
vt 0.003500 1.396466
vt 0.004561 0.028544
vt 0.004571 0.030197
vt 0.003500 0.904497
vt 0.000500 0.924816
vt 0.003500 0.924816
vt 0.003500 -0.396867
vt 0.000500 -0.396869
vt 0.003500 0.011589
vt 0.000500 0.028128
vt 0.004563 0.025985
vt 0.003500 0.087589
vt 0.000500 0.924845
vt 0.003500 0.904528
vt 0.003500 -0.396866
vt 0.000500 -0.396869
vt 0.003500 0.087558
vt 0.000500 0.946282
vt 0.000000 1.000000
vt 0.999500 1.115000
vt 0.999500 1.160100
vt 0.999500 -0.793900
vt 0.999500 1.787400
vt 0.999500 -0.172500
vt 0.999500 -0.160100
vt 0.999500 1.793900
vt 0.999500 1.133800
vt 0.999500 -0.133800
vt 0.383937 -0.795200
vt 0.383937 -0.793900
vt 0.383937 -0.172500
vt 0.383937 -0.787400
vt 0.383937 -0.160100
vt 0.383937 -0.152100
vt 0.383937 -0.115000
vt 0.383937 1.115000
vt 0.383937 1.143163
vt 0.383937 1.133800
vt 0.383937 1.787400
vt 0.383937 1.172500
vt 0.383937 1.793900
vt 0.383937 1.795200
vt 0.383937 1.160100
vt 0.383937 1.152100
vt 0.383937 -0.133800
vt 0.383937 -0.143137
vt 0.260825 -0.152100
vt 0.260825 1.795200
vt 0.260825 -0.143125
vt 0.004630 0.968152
vt 0.004589 1.435658
vt 0.004603 1.435512
vt 0.004602 -0.443265
vt 0.004611 -0.442931
vt 0.260825 -0.795200
vt 0.260825 1.143175
vt 0.260825 1.152100
vt 0.000500 -0.193900
vt 0.000500 0.652400
vt 0.000500 1.186000
vt 0.004595 1.435243
vt 0.004606 -0.443384
vt 0.004640 0.027263
vt 0.004646 0.963805
vt 0.004555 0.964206
vt 0.004619 -0.443208
vt 0.004563 0.025985
vt 0.353397 0.033552
vt 0.335192 0.036952
vt 0.004653 0.029003
vt 0.000500 1.388967
vt 0.004565 0.962574
vt 0.003500 -0.404368
vt 0.000500 0.011543
vt 0.000500 0.904496
vt 0.000500 0.011590
vt 0.004575 0.024563
vt 0.000500 0.087471
vt 0.000500 0.904527
vt 0.000500 0.087441
vt 0.004640 0.969613
vt 0.004567 0.968127
s 1
f 4/1/1 1618/2/2 1617/3/3
f 3293/4/4 5/5/5 3285/6/6
f 9/7/7 3287/8/8 3286/9/9
f 3291/10/10 15/11/11 3289/12/12
f 3317/13/13 14/14/14 12/15/15
f 19/16/16 3290/17/17 3311/18/18
f 3321/19/19 34/20/20 32/21/21
f 3298/22/22 25/23/23 3299/24/24
f 29/25/25 3292/26/26 3296/27/27
f 3310/28/28 35/29/29 3307/30/30
f 35/29/29 3306/28/31 3307/30/30
f 3308/26/32 41/25/33 3294/27/34
f 3295/31/35 45/32/36 3302/33/37
f 3305/17/38 51/16/39 3309/18/40
f 3314/34/41 55/35/42 3313/36/43
f 55/11/42 3303/10/44 3313/12/43
f 3304/8/45 2/7/46 3288/9/47
f 63/37/48 62/38/49 61/39/50
f 14/14/14 1621/40/51 1620/41/52
f 67/42/53 66/43/54 65/44/55
f 72/45/56 69/46/57 71/47/58
f 75/46/59 74/45/60 73/47/61
f 80/43/62 77/42/63 79/44/64
f 1645/48/65 1647/49/66 1644/50/67
f 84/38/68 81/37/69 83/39/70
f 40/21/71 1634/51/72 38/20/73
f 71/47/58 30/52/74 32/21/21
f 3330/53/75 10/54/76 8/1/77
f 8/1/77 1618/2/2 6/55/78
f 5/5/5 3301/4/79 3285/6/6
f 18/56/80 1621/57/51 16/58/81
f 81/37/69 1/54/82 83/39/70
f 15/35/11 3312/34/83 3289/36/12
f 3340/59/84 18/56/80 3341/60/85
f 61/39/50 12/15/15 63/37/48
f 1639/61/86 1641/62/87 1638/63/88
f 3327/64/89 22/65/90 3319/66/91
f 24/67/92 1627/68/93 1626/69/94
f 1626/70/94 22/65/90 24/67/92
f 25/32/23 3300/31/95 3299/33/24
f 30/52/74 3329/71/96 3325/72/97
f 28/73/98 1627/74/93 26/75/99
f 67/42/53 20/76/100 22/65/90
f 3337/19/101 38/20/73 3335/77/102
f 38/20/73 1633/78/103 36/79/104
f 3324/71/105 42/52/106 3323/72/107
f 34/20/20 1633/78/103 1632/80/108
f 44/73/109 1639/81/86 1638/82/88
f 48/67/110 1639/83/86 46/84/111
f 45/23/36 3297/22/112 3302/24/37
f 3326/64/113 50/65/114 48/67/110
f 10/54/76 1619/85/115 8/1/77
f 75/46/59 40/21/71 42/52/106
f 3338/59/116 54/56/117 52/76/118
f 58/14/119 1645/86/65 56/87/120
f 3322/53/121 1/54/82 3344/88/122
f 3333/13/123 58/14/119 3332/89/124
f 54/56/117 1645/90/65 1644/91/67
f 77/42/63 52/76/118 79/44/64
f 88/92/125 85/92/126 87/92/127
f 3225/92/128 87/92/127 830/92/129
f 3224/92/130 87/92/127 3223/92/131
f 3050/92/132 92/92/133 91/92/134
f 95/92/135 94/92/136 93/92/137
f 2675/92/138 95/92/135 2674/92/139
f 100/92/140 97/92/141 99/92/142
f 3111/92/143 100/92/140 99/92/142
f 103/92/144 102/92/145 101/92/146
f 2733/92/147 103/92/144 2732/92/148
f 108/92/149 105/92/150 107/92/151
f 3172/92/152 108/92/149 107/92/151
f 111/92/153 110/92/154 109/92/155
f 519/92/156 111/92/153 591/92/157
f 116/92/158 113/92/159 115/92/160
f 117/92/161 116/92/158 115/92/160
f 3398/92/162 118/92/163 117/92/161
f 122/92/164 119/92/165 121/92/166
f 123/92/167 122/92/164 121/92/166
f 3409/92/168 848/92/169 3472/92/170
f 3409/92/168 124/92/171 123/92/167
f 3495/92/172 125/92/173 3493/92/174
f 129/92/175 128/92/176 127/92/177
f 3368/92/178 130/92/179 129/92/175
f 88/92/125 133/92/180 86/92/181
f 92/92/133 2556/92/182 2553/92/183
f 136/92/184 2557/92/185 2556/92/182
f 3049/92/186 136/92/184 92/92/133
f 138/92/187 94/92/136 96/92/188
f 2675/92/138 138/92/187 96/92/188
f 100/92/140 139/92/189 98/92/190
f 3102/92/191 100/92/140 3117/92/192
f 104/92/193 141/92/194 102/92/145
f 2733/92/147 142/92/195 104/92/193
f 144/92/196 106/92/197 108/92/149
f 3166/92/198 108/92/149 3171/92/199
f 112/92/200 145/92/201 110/92/154
f 519/92/156 146/92/202 112/92/200
f 148/92/203 114/92/204 116/92/158
f 118/92/163 148/92/203 116/92/158
f 3402/92/205 118/92/163 3395/92/206
f 122/92/164 150/92/207 120/92/208
f 152/92/209 122/92/164 124/92/171
f 153/92/210 3411/92/211 126/92/212
f 3413/92/213 176/92/214 152/92/209
f 3495/92/172 153/92/210 126/92/212
f 130/92/179 154/92/215 128/92/176
f 3350/92/216 130/92/179 3366/92/217
f 134/92/218 157/92/219 133/92/180
f 184/92/220 2557/92/185 160/92/221
f 3226/92/222 158/92/223 134/92/218
f 3039/92/224 136/92/184 3044/92/225
f 162/92/226 137/92/227 138/92/187
f 2652/92/228 162/92/226 138/92/187
f 140/92/229 163/92/230 139/92/189
f 3103/92/231 140/92/229 3102/92/191
f 142/92/195 165/92/232 141/92/194
f 2719/92/233 166/92/234 142/92/195
f 168/92/235 143/92/236 144/92/196
f 3166/92/198 168/92/235 144/92/196
f 170/92/237 145/92/201 146/92/202
f 687/92/238 146/92/202 231/92/239
f 148/92/203 171/92/240 147/92/241
f 149/92/242 172/92/243 148/92/203
f 3379/92/244 149/92/242 3402/92/205
f 175/92/245 150/92/207 151/92/246
f 152/92/209 175/92/245 151/92/246
f 177/92/247 3414/92/248 153/92/210
f 3415/93/249 200/92/250 176/92/214
f 3502/92/251 153/92/210 3498/92/252
f 155/92/253 178/92/254 154/92/215
f 3350/92/216 179/92/255 155/92/253
f 158/92/223 181/92/256 157/92/219
f 208/92/257 2559/93/258 184/92/220
f 3227/92/259 182/92/260 158/92/223
f 3034/92/261 160/92/221 3039/92/224
f 186/92/262 161/92/263 162/92/226
f 2651/92/264 162/92/226 2655/92/265
f 164/92/266 187/92/267 163/92/230
f 3095/92/268 164/92/266 3103/92/231
f 190/92/269 165/92/232 166/92/234
f 2711/92/270 166/92/234 2723/92/271
f 192/92/272 167/92/273 168/92/235
f 3160/92/274 192/92/272 168/92/235
f 170/92/237 193/92/275 169/92/276
f 687/92/238 194/92/277 170/92/237
f 196/92/278 171/92/240 172/92/243
f 197/92/279 172/92/243 173/92/280
f 3408/92/281 173/92/280 3379/92/244
f 199/92/282 174/92/283 175/92/245
f 176/92/214 199/92/282 175/92/245
f 201/92/284 3416/92/285 177/92/247
f 3417/92/286 224/92/287 200/92/250
f 3502/92/251 201/92/284 177/92/247
f 179/92/255 202/92/288 178/92/254
f 3348/92/289 179/92/255 3374/92/290
f 182/92/260 205/92/291 181/92/256
f 3229/92/292 230/92/293 206/92/294
f 3229/92/292 182/92/260 3228/92/295
f 3031/92/296 184/92/220 3034/92/261
f 186/92/262 209/92/297 185/92/298
f 2650/92/299 186/92/262 2651/92/264
f 188/92/300 211/92/301 187/92/267
f 3095/92/268 212/92/302 188/92/300
f 214/92/303 189/92/304 190/92/269
f 2711/92/270 214/92/303 190/92/269
f 216/92/305 191/92/306 192/92/272
f 3175/92/307 216/92/305 192/92/272
f 218/92/308 193/92/275 194/92/277
f 783/92/309 194/92/277 89/92/310
f 196/92/278 219/92/311 195/92/312
f 221/92/313 196/92/278 197/92/279
f 3389/92/314 197/92/279 3408/92/281
f 223/92/315 198/92/316 199/92/282
f 200/92/250 223/92/315 199/92/282
f 201/92/284 3419/92/317 3418/92/318
f 249/92/319 3419/92/317 225/92/320
f 3475/92/321 201/92/284 3473/92/322
f 203/92/323 226/92/324 202/92/288
f 3348/92/289 227/92/325 203/92/323
f 206/92/294 229/92/326 205/92/291
f 208/92/257 2563/92/327 2561/92/328
f 3231/92/329 230/92/293 3230/92/330
f 3059/92/331 208/92/257 3031/92/296
f 210/92/332 233/92/333 209/92/297
f 2678/92/334 210/92/332 2650/92/299
f 212/92/302 235/92/335 211/92/301
f 3123/92/336 212/92/302 3098/92/337
f 238/92/338 213/92/339 214/92/303
f 2741/92/340 214/92/303 2716/92/341
f 240/92/342 215/92/343 216/92/305
f 3159/92/344 240/92/342 216/92/305
f 218/92/308 241/92/345 217/92/346
f 783/92/309 242/92/347 218/92/308
f 220/92/348 243/92/349 219/92/311
f 245/92/350 220/92/348 221/92/313
f 3389/92/314 245/92/350 221/92/313
f 247/92/351 222/92/352 223/92/315
f 224/92/287 247/92/351 223/92/315
f 273/92/353 3422/92/354 249/92/319
f 3420/92/355 248/92/356 224/92/287
f 3475/92/321 249/92/319 225/92/320
f 251/92/357 226/92/324 227/92/325
f 3357/92/358 227/92/325 3349/92/292
f 230/92/293 253/92/359 229/92/326
f 256/92/360 2563/92/327 232/92/361
f 256/92/360 2567/92/362 2566/92/363
f 3059/92/331 256/92/360 232/92/361
f 234/92/364 257/92/365 233/92/333
f 2678/92/334 258/92/366 234/92/364
f 236/92/367 259/92/368 235/92/335
f 3120/92/369 236/92/367 3123/92/336
f 238/92/338 261/92/370 237/92/371
f 2736/92/372 238/92/338 2741/92/340
f 240/92/342 263/92/373 239/92/374
f 3183/92/375 240/92/342 3165/92/376
f 242/92/347 265/92/377 241/92/345
f 183/92/378 242/92/347 639/92/379
f 244/92/380 267/92/381 243/92/349
f 245/92/350 268/92/382 244/92/380
f 3401/92/383 245/92/350 3385/92/384
f 247/92/351 270/92/385 246/92/386
f 272/92/387 247/92/351 248/92/356
f 3426/92/388 272/92/387 3424/92/389
f 3421/92/390 272/92/387 248/92/356
f 3484/92/391 273/92/353 249/92/319
f 275/92/392 250/92/393 251/92/357
f 3357/92/358 275/92/392 251/92/357
f 254/92/394 277/92/395 253/92/359
f 3232/92/396 302/92/397 278/92/398
f 3232/92/396 254/92/394 3231/92/329
f 3040/92/399 256/92/360 3054/92/400
f 282/92/401 257/92/365 258/92/366
f 2666/92/402 258/92/366 2671/92/403
f 284/92/404 259/92/368 260/92/405
f 3118/92/406 260/92/405 3120/92/369
f 262/92/407 285/92/408 261/92/370
f 2736/92/372 286/92/409 262/92/407
f 264/92/410 287/92/411 263/92/373
f 3185/92/412 264/92/410 3183/92/375
f 266/92/413 289/92/414 265/92/377
f 159/92/415 266/92/413 183/92/378
f 268/92/382 291/92/416 267/92/381
f 293/92/417 268/92/382 269/92/418
f 3406/92/419 269/92/418 3401/92/383
f 271/92/420 294/92/421 270/92/385
f 272/92/387 295/92/422 271/92/420
f 273/92/353 3425/92/423 3423/92/424
f 3427/92/425 296/92/426 3426/92/388
f 3479/92/427 297/92/428 273/92/353
f 275/92/392 298/92/429 274/92/430
f 3367/92/431 275/92/392 3362/92/432
f 302/92/397 277/92/395 278/92/398
f 280/92/433 2570/93/434 2567/92/362
f 3234/92/435 302/92/397 3233/92/436
f 3040/92/399 304/92/437 280/92/433
f 282/92/401 305/92/438 281/92/439
f 2666/92/402 306/92/440 282/92/401
f 284/92/404 307/92/441 283/92/442
f 3112/92/443 284/92/404 3118/92/406
f 286/92/409 309/92/444 285/92/408
f 2731/92/445 310/92/446 286/92/409
f 288/92/447 311/92/448 287/92/411
f 3182/92/449 288/92/447 3185/92/412
f 290/92/450 313/92/451 289/92/414
f 159/92/415 314/92/452 290/92/450
f 316/92/453 291/92/416 292/92/454
f 317/92/455 292/92/454 293/92/417
f 3406/92/419 317/92/455 293/92/417
f 319/92/456 294/92/421 295/92/422
f 296/92/426 319/92/456 295/92/422
f 297/92/428 3428/93/457 3425/92/423
f 3430/92/458 320/92/459 3427/92/425
f 3490/92/460 321/92/461 297/92/428
f 323/92/462 298/92/429 299/92/463
f 3367/92/431 323/92/462 299/92/463
f 326/92/464 301/92/465 302/92/397
f 304/92/437 2572/92/466 2570/93/434
f 3234/92/435 350/92/467 326/92/464
f 3043/92/468 328/92/469 304/92/437
f 330/92/470 305/92/438 306/92/440
f 2663/92/471 306/92/440 2658/92/472
f 308/92/473 331/92/474 307/92/441
f 3107/92/475 308/92/473 3112/92/443
f 310/92/446 333/92/476 309/92/444
f 2726/92/477 310/92/446 2728/92/478
f 312/92/479 335/92/480 311/92/448
f 3182/92/449 336/92/481 312/92/479
f 314/92/452 337/92/482 313/92/451
f 327/92/483 314/92/452 423/92/484
f 340/92/485 315/92/486 316/92/453
f 341/92/487 316/92/453 317/92/455
f 3399/92/488 317/92/455 3391/92/489
f 343/92/490 318/92/491 319/92/456
f 320/92/459 343/92/490 319/92/456
f 345/92/492 3428/93/457 321/92/461
f 3431/92/493 344/92/494 3430/92/458
f 3500/92/495 321/92/461 3486/92/496
f 347/92/497 322/92/498 323/92/462
f 3372/92/499 323/92/462 3363/92/500
f 326/92/464 349/92/501 325/92/502
f 352/92/503 2572/92/466 328/92/469
f 3236/92/504 350/92/467 3235/92/505
f 3051/92/506 328/92/469 3046/92/507
f 330/92/470 353/92/508 329/92/509
f 2663/92/471 354/92/510 330/92/470
f 356/92/511 331/92/474 332/92/512
f 3115/92/513 332/92/512 3107/92/475
f 334/92/514 357/92/515 333/92/476
f 2726/92/477 358/92/516 334/92/514
f 360/92/517 335/92/480 336/92/481
f 3174/92/518 336/92/481 3178/92/519
f 338/92/520 361/92/521 337/92/482
f 447/92/522 338/92/520 327/92/483
f 364/92/523 339/92/524 340/92/485
f 365/92/525 340/92/485 341/92/487
f 3383/92/526 341/92/487 3399/92/488
f 343/92/490 366/92/527 342/92/528
f 344/92/494 367/92/529 343/92/490
f 369/92/530 3429/93/531 345/92/492
f 369/92/530 3434/92/532 3432/92/533
f 3500/92/495 369/92/530 345/92/492
f 347/92/497 370/92/534 346/92/535
f 3372/92/499 371/92/536 347/92/497
f 350/92/467 373/92/537 349/92/501
f 376/92/538 2573/92/539 352/92/503
f 3236/92/504 398/92/540 374/92/541
f 3056/92/542 352/92/503 3051/92/506
f 354/92/510 377/92/543 353/92/508
f 2670/92/544 354/92/510 2669/92/545
f 380/92/546 355/92/547 356/92/511
f 3119/92/548 356/92/511 3115/92/513
f 358/92/516 381/92/549 357/92/515
f 2717/92/550 358/92/516 2722/92/551
f 360/92/517 383/92/552 359/92/553
f 3174/92/518 384/92/554 360/92/517
f 386/92/555 361/92/521 362/92/556
f 567/92/557 362/92/556 447/92/522
f 388/92/558 363/92/559 364/92/523
f 365/92/525 388/92/558 364/92/523
f 3388/92/560 365/92/525 3383/92/526
f 367/92/529 390/92/561 366/92/527
f 392/92/562 367/92/529 368/92/563
f 393/92/564 3435/92/565 3434/92/532
f 3433/92/566 368/92/563 3431/92/493
f 3480/92/567 369/92/530 3494/92/568
f 371/92/536 394/92/569 370/92/534
f 3354/92/570 371/92/536 3371/92/571
f 398/92/540 373/92/537 374/92/541
f 376/92/538 2578/92/572 2576/92/573
f 3238/92/574 398/92/540 3237/92/575
f 3058/92/576 376/92/538 3056/92/542
f 378/92/577 401/92/578 377/92/543
f 2670/92/544 402/92/579 378/92/577
f 404/92/580 379/92/581 380/92/546
f 3119/92/548 404/92/580 380/92/546
f 382/92/582 405/92/583 381/92/549
f 2717/92/550 406/92/584 382/92/582
f 384/92/554 407/92/585 383/92/552
f 3162/92/586 384/92/554 3169/92/587
f 410/92/588 385/92/589 386/92/555
f 567/92/557 410/92/588 386/92/555
f 412/92/590 387/92/591 388/92/558
f 389/92/592 412/92/590 388/92/558
f 3388/92/560 413/92/593 389/92/592
f 391/92/594 414/92/595 390/92/561
f 416/92/596 391/92/594 392/92/562
f 417/92/597 3438/93/598 3435/92/565
f 3433/92/566 416/92/596 392/92/562
f 3485/92/599 393/92/564 3480/92/567
f 419/92/600 394/92/569 395/92/601
f 3354/92/570 419/92/600 395/92/601
f 398/92/540 421/92/602 397/92/603
f 400/92/604 2579/92/605 2578/92/572
f 448/92/606 2579/92/605 424/92/607
f 3035/92/608 400/92/604 3058/92/576
f 402/92/579 425/92/609 401/92/578
f 2676/92/610 426/92/611 402/92/579
f 428/92/612 403/92/613 404/92/580
f 3122/92/614 428/92/612 404/92/580
f 406/92/584 429/92/615 405/92/583
f 2742/92/616 406/92/584 2739/92/617
f 408/92/618 431/92/619 407/92/585
f 3162/92/586 432/92/620 408/92/618
f 410/92/588 433/92/621 409/92/622
f 807/92/623 410/92/588 735/92/624
f 436/92/625 411/92/626 412/92/590
f 437/92/627 412/92/590 413/92/593
f 3378/92/628 413/92/593 3380/92/629
f 415/92/630 438/92/631 414/92/595
f 440/92/632 415/92/630 416/92/596
f 3440/92/633 440/92/632 3437/92/634
f 3436/92/635 440/92/632 416/92/596
f 3485/92/599 441/92/636 417/92/597
f 443/92/637 418/92/638 419/92/600
f 3360/92/639 443/92/637 419/92/600
f 422/92/640 445/92/641 421/92/602
f 448/92/606 2583/93/642 2582/93/643
f 3238/92/574 446/92/644 422/92/640
f 3035/92/608 448/92/606 424/92/607
f 426/92/611 449/92/645 425/92/609
f 2649/92/646 450/92/647 426/92/611
f 452/92/648 427/92/649 428/92/612
f 3099/92/650 428/92/612 3096/92/651
f 454/92/652 429/92/615 430/92/653
f 2713/92/654 430/92/653 2742/92/616
f 432/92/620 455/92/655 431/92/619
f 3161/92/656 432/92/620 3187/92/657
f 458/92/658 433/92/621 434/92/659
f 807/92/623 458/92/658 434/92/659
f 436/92/625 459/92/660 435/92/661
f 461/92/662 436/92/625 437/92/627
f 3378/92/628 461/92/662 437/92/627
f 439/92/663 462/92/664 438/92/631
f 440/92/632 463/92/665 439/92/663
f 441/92/636 3439/92/666 3438/93/598
f 465/92/667 3442/93/668 3439/92/666
f 3504/92/669 465/92/667 441/92/636
f 467/92/670 442/92/671 443/92/637
f 3352/92/672 443/92/637 3346/92/673
f 470/92/674 445/92/641 446/92/644
f 472/92/675 2585/92/676 2583/93/642
f 3239/92/677 470/92/674 446/92/644
f 3041/92/678 448/92/606 3032/92/679
f 450/92/647 473/92/680 449/92/645
f 2657/92/681 450/92/647 2647/92/682
f 452/92/648 475/92/683 451/92/684
f 3099/92/650 476/92/685 452/92/648
f 454/92/652 477/92/686 453/92/687
f 2713/92/654 478/92/688 454/92/652
f 480/92/689 455/92/655 456/92/690
f 3167/92/691 456/92/690 3161/92/656
f 458/92/658 481/92/692 457/92/693
f 663/92/694 458/92/658 90/92/695
f 484/92/696 459/92/660 460/92/697
f 485/92/698 460/92/697 461/92/662
f 3404/92/699 461/92/662 3405/92/700
f 463/92/665 486/92/701 462/92/664
f 464/92/702 487/92/703 463/92/665
f 3444/92/704 488/92/705 3441/92/706
f 3440/92/633 488/92/705 464/92/702
f 3497/92/707 465/92/667 3476/92/708
f 491/92/709 466/92/710 467/92/670
f 3352/92/672 491/92/709 467/92/670
f 494/92/711 469/92/712 470/92/674
f 496/92/713 2588/92/714 2585/92/676
f 3241/92/715 470/92/674 3240/92/716
f 3041/92/678 496/92/713 472/92/675
f 498/92/717 473/92/680 474/92/718
f 2654/92/719 474/92/718 2657/92/681
f 476/92/685 499/92/720 475/92/683
f 3101/92/721 476/92/685 3105/92/722
f 502/92/723 477/92/686 478/92/688
f 2718/92/724 478/92/688 2715/92/725
f 480/92/689 503/92/726 479/92/727
f 3167/92/691 504/92/728 480/92/689
f 506/92/729 481/92/692 482/92/730
f 663/92/694 506/92/729 482/92/730
f 484/92/696 507/92/731 483/92/732
f 509/92/733 484/92/696 485/92/698
f 3404/92/699 509/92/733 485/92/698
f 487/92/703 510/92/734 486/92/701
f 512/92/735 487/92/703 488/92/705
f 513/92/736 3442/93/668 489/92/737
f 3444/92/704 536/92/738 512/92/735
f 3497/92/707 513/92/736 489/92/737
f 515/92/739 490/92/740 491/92/709
f 3375/92/741 491/92/709 3370/92/742
f 518/92/743 493/92/744 494/92/711
f 3242/92/745 542/92/746 518/92/743
f 3242/92/745 494/92/711 3241/92/715
f 3055/92/747 496/92/713 3038/92/748
f 522/92/749 497/92/750 498/92/717
f 2654/92/719 522/92/749 498/92/717
f 500/92/751 523/92/752 499/92/720
f 3113/92/753 500/92/751 3101/92/721
f 526/92/754 501/92/755 502/92/723
f 2718/92/724 526/92/754 502/92/723
f 528/92/756 503/92/726 504/92/728
f 3168/92/757 528/92/756 504/92/728
f 506/92/729 529/92/758 505/92/759
f 495/92/760 506/92/729 615/92/761
f 532/92/762 507/92/731 508/92/763
f 533/92/764 508/92/763 509/92/733
f 3384/92/765 509/92/733 3397/92/766
f 511/92/767 534/92/768 510/92/734
f 512/92/735 535/92/769 511/92/767
f 537/92/770 3443/92/771 513/92/736
f 3447/92/772 536/92/738 3446/93/773
f 3488/92/774 513/92/736 3492/92/775
f 515/92/739 538/92/776 514/92/777
f 3375/92/741 539/92/778 515/92/739
f 542/92/746 517/92/779 518/92/743
f 520/92/780 2589/92/781 2588/92/714
f 3244/92/782 542/92/746 3243/92/783
f 3055/92/747 544/92/784 520/92/780
f 522/92/749 545/92/785 521/92/786
f 2667/92/787 546/92/788 522/92/749
f 524/92/789 547/92/790 523/92/752
f 3108/92/791 524/92/789 3113/92/753
f 550/92/792 525/92/793 526/92/754
f 2721/92/794 550/92/792 526/92/754
f 528/92/756 551/92/795 527/92/796
f 3180/92/797 528/92/756 3170/92/798
f 554/92/799 529/92/758 530/92/800
f 495/92/760 554/92/799 530/92/800
f 556/92/801 531/92/802 532/92/762
f 533/92/764 556/92/801 532/92/762
f 3384/92/765 557/92/803 533/92/764
f 559/92/804 534/92/768 535/92/769
f 536/92/738 559/92/804 535/92/769
f 561/92/805 3445/93/806 537/92/770
f 561/92/805 3449/92/807 3448/92/808
f 3483/92/809 537/92/770 3488/92/774
f 539/92/778 562/92/810 538/92/776
f 3361/92/811 539/92/778 3365/92/812
f 566/92/813 541/92/814 542/92/746
f 544/92/784 2592/92/815 2589/92/781
f 3244/92/782 590/92/816 566/92/813
f 3047/92/817 544/92/784 3060/92/818
f 546/92/788 569/92/819 545/92/785
f 2659/92/820 546/92/788 2661/92/821
f 548/92/822 571/92/823 547/92/790
f 3124/92/824 548/92/822 3108/92/791
f 574/92/825 549/92/826 550/92/792
f 2727/92/827 550/92/792 2730/92/828
f 576/92/829 551/92/795 552/92/830
f 3180/92/797 576/92/829 552/92/830
f 554/92/799 577/92/831 553/92/832
f 399/92/833 578/92/834 554/92/799
f 580/92/835 555/92/836 556/92/801
f 581/92/837 556/92/801 557/92/803
f 3390/92/838 557/92/803 3386/92/839
f 559/92/804 582/92/840 558/92/841
f 560/92/842 583/92/843 559/92/804
f 585/92/844 3451/92/845 3449/92/807
f 3450/93/846 560/92/842 3447/92/772
f 3483/92/809 585/92/844 561/92/805
f 563/92/847 586/92/848 562/92/810
f 3358/92/849 563/92/847 3361/92/811
f 590/92/816 565/92/850 566/92/813
f 568/92/851 2594/92/852 2592/92/815
f 592/92/853 2596/92/854 2594/92/852
f 3048/92/855 568/92/851 3047/92/817
f 570/92/856 593/92/857 569/92/819
f 2662/92/858 570/92/856 2659/92/820
f 572/92/859 595/92/860 571/92/823
f 3110/92/861 572/92/859 3124/92/824
f 598/92/862 573/92/863 574/92/825
f 2727/92/827 598/92/862 574/92/825
f 576/92/829 599/92/864 575/92/865
f 3186/92/866 576/92/829 3176/92/867
f 578/92/834 601/92/868 577/92/831
f 351/92/869 602/92/870 578/92/834
f 580/92/835 603/92/871 579/92/872
f 605/92/873 580/92/835 581/92/837
f 3390/92/838 605/92/873 581/92/837
f 607/92/874 582/92/840 583/92/843
f 608/92/875 583/92/843 584/92/876
f 3452/92/877 632/92/878 608/92/875
f 3450/93/846 608/92/875 584/92/876
f 3482/92/879 609/92/880 585/92/844
f 587/92/881 610/92/882 586/92/848
f 3358/92/849 611/92/883 587/92/881
f 590/92/816 613/92/884 589/92/885
f 640/92/886 2596/92/854 616/92/887
f 3246/92/888 590/92/816 3245/92/889
f 3037/92/890 592/92/853 3048/92/855
f 618/92/891 593/92/857 594/92/892
f 2653/92/893 594/92/892 2662/92/858
f 596/92/894 619/92/895 595/92/860
f 3110/92/861 620/92/896 596/92/894
f 622/92/897 597/92/898 598/92/862
f 2735/92/899 598/92/862 2740/92/900
f 600/92/901 623/92/902 599/92/864
f 3186/92/866 624/92/903 600/92/901
f 602/92/870 625/92/904 601/92/868
f 303/92/905 602/92/870 207/92/906
f 604/92/907 627/92/908 603/92/871
f 629/92/909 604/92/907 605/92/873
f 3392/92/910 629/92/909 605/92/873
f 631/92/911 606/92/912 607/92/874
f 632/92/878 607/92/874 608/92/875
f 633/92/913 3451/92/845 609/92/880
f 3453/93/914 656/92/915 632/92/878
f 3491/92/916 609/92/880 3478/92/917
f 611/92/883 634/92/918 610/92/882
f 3351/92/919 611/92/883 3355/92/920
f 614/92/921 637/92/922 613/92/884
f 664/92/923 2597/92/924 640/92/886
f 3246/92/888 638/92/925 614/92/921
f 3036/92/926 616/92/887 3037/92/890
f 618/92/891 641/92/927 617/92/928
f 2656/92/929 618/92/891 2653/92/893
f 644/92/930 619/92/895 620/92/896
f 3116/92/931 644/92/930 620/92/896
f 646/92/932 621/92/933 622/92/897
f 2735/92/899 646/92/932 622/92/897
f 648/92/934 623/92/902 624/92/903
f 3181/92/935 648/92/934 624/92/903
f 626/92/936 649/92/937 625/92/904
f 303/92/905 650/92/938 626/92/936
f 628/92/939 651/92/940 627/92/908
f 629/92/909 652/92/941 628/92/939
f 3400/92/942 653/92/943 629/92/909
f 631/92/911 654/92/944 630/92/945
f 656/92/915 631/92/911 632/92/878
f 657/92/946 3454/92/947 633/92/913
f 3455/92/948 680/92/949 656/92/915
f 3496/92/950 633/92/913 3491/92/916
f 635/92/951 658/92/952 634/92/918
f 3351/92/919 659/92/953 635/92/951
f 638/92/925 661/92/954 637/92/922
f 688/92/955 2599/92/956 664/92/923
f 3248/92/957 638/92/925 3247/92/958
f 3033/92/959 640/92/886 3036/92/926
f 666/92/960 641/92/927 642/92/961
f 2648/92/962 642/92/961 2656/92/929
f 668/92/963 643/92/964 644/92/930
f 3100/92/965 668/92/963 644/92/930
f 670/92/966 645/92/967 646/92/932
f 2725/92/968 646/92/932 2720/92/969
f 672/92/970 647/92/971 648/92/934
f 3164/92/972 672/92/970 648/92/934
f 650/92/938 673/92/973 649/92/937
f 831/92/974 650/92/938 759/92/975
f 652/92/941 675/92/976 651/92/940
f 653/92/943 676/92/977 652/92/941
f 3381/92/978 653/92/943 3403/92/979
f 655/92/980 678/92/981 654/92/944
f 680/92/949 655/92/980 656/92/915
f 681/92/982 3456/92/983 657/92/946
f 705/92/984 3458/92/985 681/92/982
f 3503/92/986 657/92/946 3496/92/950
f 683/92/987 658/92/952 659/92/953
f 3373/92/957 659/92/953 3347/92/988
f 686/92/989 661/92/954 662/92/990
f 3249/92/991 710/92/992 686/92/989
f 3248/92/957 686/92/989 662/92/990
f 3033/92/959 688/92/955 664/92/923
f 666/92/960 689/92/993 665/92/994
f 2648/92/962 690/92/995 666/92/960
f 668/92/963 691/92/996 667/92/997
f 3104/92/998 692/92/999 668/92/963
f 694/92/1000 669/92/1001 670/92/966
f 2712/92/1002 670/92/966 2725/92/968
f 696/92/1003 671/92/1004 672/92/970
f 3188/92/1005 672/92/970 3190/92/998
f 698/92/1006 673/92/973 674/92/1007
f 831/92/974 698/92/1006 674/92/1007
f 700/92/1008 675/92/976 676/92/977
f 677/92/1009 700/92/1008 676/92/977
f 3381/92/978 701/92/1010 677/92/1009
f 703/92/1011 678/92/981 679/92/1012
f 704/92/1013 679/92/1012 680/92/949
f 705/92/984 3462/92/1014 3460/92/1015
f 3457/92/1016 704/92/1013 680/92/949
f 3474/92/1017 681/92/982 3503/92/986
f 683/92/987 706/92/1018 682/92/1019
f 3373/92/957 707/92/1020 683/92/987
f 710/92/992 685/92/1021 686/92/989
f 688/92/955 2603/92/1022 2601/92/1023
f 3251/92/1024 710/92/992 3250/92/1025
f 3061/92/1026 688/92/955 3062/92/1027
f 714/92/1028 689/92/993 690/92/995
f 2673/92/1029 690/92/995 2677/92/1030
f 716/92/1031 691/92/996 692/92/999
f 3125/92/1032 716/92/1031 692/92/999
f 718/92/1033 693/92/1034 694/92/1000
f 2712/92/1002 718/92/1033 694/92/1000
f 720/92/1035 695/92/1036 696/92/1003
f 3188/92/1005 720/92/1035 696/92/1003
f 722/92/1037 697/92/1038 698/92/1006
f 471/92/1039 722/92/1037 698/92/1006
f 724/92/1040 699/92/1041 700/92/1008
f 725/92/1042 700/92/1008 701/92/1010
f 3377/92/1043 725/92/1042 701/92/1010
f 727/92/1044 702/92/1045 703/92/1011
f 704/92/1013 727/92/1044 703/92/1011
f 729/92/1046 3463/92/1047 3462/92/1014
f 3461/92/1048 704/92/1013 3459/92/1049
f 3481/92/1050 705/92/984 3474/92/1017
f 731/92/1051 706/92/1018 707/92/1020
f 3353/92/1052 707/92/1020 3345/92/1053
f 734/92/1054 709/92/1055 710/92/992
f 736/92/1056 2603/92/1022 712/92/1057
f 3251/92/1024 758/92/1058 734/92/1054
f 3061/92/1026 736/92/1056 712/92/1057
f 738/92/1059 713/92/1060 714/92/1028
f 2673/92/1029 738/92/1059 714/92/1028
f 740/92/1061 715/92/1062 716/92/1031
f 3097/92/1063 740/92/1061 716/92/1031
f 718/92/1033 741/92/1064 717/92/1065
f 2737/92/1066 718/92/1033 2714/92/1067
f 720/92/1035 743/92/1068 719/92/1069
f 3184/92/1070 720/92/1035 3163/92/1071
f 746/92/1072 721/92/1073 722/92/1037
f 255/92/1074 722/92/1037 711/92/1075
f 748/92/1076 723/92/1077 724/92/1040
f 725/92/1042 748/92/1076 724/92/1040
f 3382/92/1078 725/92/1042 3387/92/1079
f 727/92/1044 750/92/1080 726/92/1081
f 752/92/1082 727/92/1044 728/92/1083
f 3465/92/1084 752/92/1082 3464/93/1085
f 3464/93/1085 728/92/1083 3461/92/1048
f 3477/92/1086 729/92/1046 3481/92/1050
f 755/92/1087 730/92/1088 731/92/1051
f 3353/92/1052 755/92/1087 731/92/1051
f 758/92/1058 733/92/1089 734/92/1054
f 736/92/1056 2608/93/1090 2605/92/1091
f 760/92/1092 2609/92/1093 2608/93/1090
f 3057/92/1094 760/92/1092 736/92/1056
f 762/92/1095 737/92/1096 738/92/1059
f 2672/92/1097 762/92/1095 738/92/1059
f 764/92/1098 739/92/1099 740/92/1061
f 3121/92/1100 740/92/1061 3126/92/1101
f 742/92/1102 765/92/1103 741/92/1064
f 2737/92/1066 766/92/1104 742/92/1102
f 768/92/1105 743/92/1068 744/92/1106
f 3189/92/1107 744/92/1106 3184/92/1070
f 746/92/1072 769/92/1108 745/92/1109
f 255/92/1074 770/92/1110 746/92/1072
f 772/92/1111 747/92/1112 748/92/1076
f 749/92/1113 772/92/1111 748/92/1076
f 3382/92/1078 773/92/1114 749/92/1113
f 751/92/1115 774/92/1116 750/92/1080
f 776/92/1117 751/92/1115 752/92/1082
f 777/92/1118 3463/92/1047 753/92/1119
f 801/92/1120 3466/92/1121 777/92/1118
f 3477/92/1086 777/92/1118 753/92/1119
f 779/92/1122 754/92/1123 755/92/1087
f 3359/92/1124 755/92/1087 3356/92/1125
f 758/92/1058 781/92/1126 757/92/1127
f 3254/92/1128 782/92/1129 3253/92/1130
f 3253/92/1130 758/92/1058 3252/92/1131
f 3053/92/1132 784/92/1133 760/92/1092
f 786/92/1134 761/92/1135 762/92/1095
f 2668/92/1136 786/92/1134 762/92/1095
f 788/92/1137 763/92/1138 764/92/1098
f 3121/92/1100 788/92/1137 764/92/1098
f 766/92/1104 789/92/1139 765/92/1103
f 2738/92/1140 790/92/1141 766/92/1104
f 768/92/1105 791/92/1142 767/92/1143
f 3179/92/1144 768/92/1105 3189/92/1107
f 794/92/1145 769/92/1108 770/92/1110
f 375/92/1146 770/92/1110 135/92/1147
f 772/92/1111 795/92/1148 771/92/1149
f 797/92/1150 772/92/1111 773/92/1114
f 3396/92/1151 797/92/1150 773/92/1114
f 775/92/1152 798/92/1153 774/92/1116
f 776/92/1117 799/92/1154 775/92/1152
f 3470/92/1155 800/92/1156 3468/92/1157
f 3468/92/1157 776/92/1117 3465/92/1084
f 3489/92/1158 801/92/1120 777/92/1118
f 803/92/1159 778/92/1160 779/92/1122
f 3359/92/1124 803/92/1159 779/92/1122
f 806/92/1161 781/92/1126 782/92/1129
f 808/92/1162 2609/92/1093 784/92/1133
f 3225/92/128 806/92/1161 3254/92/1128
f 3042/92/1163 808/92/1162 784/92/1133
f 786/92/1134 809/92/1164 785/92/1165
f 2660/92/1166 786/92/1134 2665/92/1167
f 812/92/1168 787/92/1169 788/92/1137
f 3114/92/1170 812/92/1168 788/92/1137
f 814/92/1171 789/92/1139 790/92/1141
f 2729/92/1172 790/92/1141 2734/92/1173
f 816/92/1174 791/92/1142 792/92/1175
f 3177/92/1176 792/92/1175 3179/92/1144
f 794/92/1145 817/92/1177 793/92/1178
f 375/92/1146 818/92/1179 794/92/1145
f 796/92/1180 819/92/1181 795/92/1148
f 821/92/1182 796/92/1180 797/92/1150
f 3407/92/1183 821/92/1182 797/92/1150
f 799/92/1154 822/92/1184 798/92/1153
f 824/92/1185 799/92/1154 800/92/1156
f 801/92/1120 3469/92/1186 3467/92/1187
f 3470/92/1155 848/92/169 824/92/1185
f 3487/92/1188 825/92/1189 801/92/1120
f 827/92/1190 802/92/1191 803/92/1159
f 3364/92/1192 803/92/1159 3369/92/1193
f 806/92/1161 829/92/1194 805/92/1195
f 832/92/1196 2612/93/1197 808/92/1162
f 2625/92/1198 519/92/156 591/92/157
f 3052/92/1199 808/92/1162 3045/92/1200
f 810/92/1201 833/92/1202 809/92/1164
f 2664/92/1203 810/92/1201 2660/92/1166
f 836/92/1204 811/92/1205 812/92/1168
f 3109/92/1206 836/92/1204 812/92/1168
f 814/92/1171 837/92/1207 813/92/1208
f 2729/92/1172 838/92/1209 814/92/1171
f 840/92/1210 815/92/1211 816/92/1174
f 3177/92/1176 840/92/1210 816/92/1174
f 842/92/1212 817/92/1177 818/92/1179
f 543/92/1213 818/92/1179 279/92/1214
f 820/92/1215 843/92/1216 819/92/1181
f 821/92/1182 844/92/1217 820/92/1215
f 3393/92/1218 845/92/1219 821/92/1182
f 847/92/1220 822/92/1184 823/92/1221
f 848/92/169 823/92/1221 824/92/1185
f 825/92/1189 3471/92/1222 3469/92/1186
f 3499/92/1223 825/92/1189 3501/92/1224
f 851/92/1225 826/92/1226 827/92/1190
f 3364/92/1192 851/92/1225 827/92/1190
f 830/92/129 85/92/126 829/92/1194
f 3224/92/130 134/92/218 88/92/125
f 92/92/133 2552/93/1227 91/92/134
f 3050/92/132 832/92/1196 3052/92/1199
f 834/92/1228 93/92/137 833/92/1202
f 2664/92/1203 95/92/135 834/92/1228
f 99/92/142 835/92/1229 836/92/1204
f 3111/92/143 836/92/1204 3106/92/1230
f 103/92/144 837/92/1207 838/92/1209
f 2724/92/1231 103/92/144 838/92/1209
f 840/92/1210 105/92/150 839/92/1232
f 3172/92/152 840/92/1210 3173/92/1233
f 111/92/153 841/92/1234 842/92/1212
f 543/92/1213 111/92/153 842/92/1212
f 844/92/1217 113/92/159 843/92/1216
f 845/92/1219 115/92/160 844/92/1217
f 3398/92/162 845/92/1219 3394/92/1235
f 121/92/166 846/92/1236 847/92/1220
f 123/92/167 847/92/1220 848/92/169
f 3413/92/213 124/92/171 3412/92/1237
f 126/92/212 3410/92/1238 125/92/173
f 3499/92/1223 125/92/173 849/92/1239
f 851/92/1225 127/92/177 850/92/1240
f 3376/92/1241 129/92/175 851/92/1225
f 1262/92/1242 2328/92/1243 1276/92/1244
f 1262/92/1242 2331/92/1245 2330/92/1246
f 2485/92/1247 2487/92/1248 2550/92/1249
f 1292/92/1250 2426/92/1251 2423/92/1252
f 1292/92/1250 2486/92/1253 1264/92/1254
f 864/92/1255 863/92/1256 862/92/1257
f 2810/92/1258 864/92/1255 2813/92/1259
f 1849/92/1260 1843/92/1261 1847/92/1262
f 2215/92/1263 866/92/1264 1295/92/1265
f 868/92/1266 2217/92/1267 1296/92/1268
f 2870/92/1269 869/92/1270 868/92/1266
f 1856/92/1271 1851/92/1272 1854/92/1273
f 1873/92/1274 1853/92/1275 1856/92/1271
f 873/92/1276 1872/92/1277 1857/93/1278
f 2914/92/1279 872/92/1280 2910/92/1281
f 1864/92/1282 1859/92/1283 1863/92/1284
f 1876/92/1285 1861/92/1286 1864/92/1282
f 876/92/1287 2224/92/1288 1300/92/1289
f 2971/92/1290 876/92/1287 2974/92/1291
f 1775/94/1292 1778/92/1293 1840/93/1294
f 880/92/1295 1685/92/1296 1683/93/1297
f 3003/92/1298 894/92/1299 3002/92/1300
f 2332/92/1301 896/92/1302 882/92/1303
f 2329/92/1304 882/92/1303 855/92/1305
f 2428/92/1306 2490/92/1307 2425/92/1308
f 2496/92/1309 898/92/1310 2493/92/1311
f 2493/92/1311 884/92/1312 2492/92/1313
f 865/92/1314 886/92/1315 863/92/1256
f 2810/92/1258 887/92/1316 865/92/1314
f 1849/92/1260 1866/92/1317 1844/93/1318
f 868/92/1266 1848/93/1319 1846/93/1320
f 2221/92/1321 1851/92/1272 2218/92/1322
f 2852/92/1323 869/92/1270 2842/92/1324
f 1298/92/1325 1855/92/1326 2220/92/1327
f 1871/92/1328 871/92/1329 1852/92/1330
f 2223/92/1331 874/92/1332 1299/92/1333
f 2916/92/1334 873/92/1276 2914/92/1279
f 876/92/1287 1865/92/1335 1862/92/1336
f 1875/93/1337 875/92/1338 1860/92/1339
f 1878/93/1340 888/92/1341 1867/92/1342
f 2976/92/1343 877/92/1344 2971/92/1290
f 1689/92/1345 1780/93/1346 1686/92/1347
f 881/92/1348 1688/94/1349 1685/92/1296
f 3004/92/1350 908/92/1351 3003/92/1298
f 1248/92/1352 2334/93/1353 2331/92/1245
f 1234/92/1354 2335/93/1355 2334/93/1353
f 2428/92/1306 2494/92/1356 2491/92/1357
f 1250/92/1358 2430/92/1359 2427/92/1360
f 1236/92/1361 2431/93/1362 2430/92/1359
f 887/92/1316 900/92/1363 886/92/1315
f 2832/92/1364 887/92/1316 2830/92/1365
f 1869/92/1366 1879/93/1367 1866/92/1317
f 889/92/1368 1881/92/1369 1868/92/1370
f 1882/92/1371 890/92/1372 1871/92/1328
f 2852/92/1323 903/92/1373 889/92/1368
f 1873/92/1274 1883/92/1374 1870/92/1375
f 891/92/1376 1884/92/1377 1872/92/1277
f 1886/92/1378 892/92/1379 1875/93/1337
f 2916/92/1334 905/92/1380 891/92/1376
f 1876/92/1285 1887/92/1381 1874/92/1382
f 893/92/1383 1888/92/1384 1877/92/1385
f 1891/92/1386 902/92/1387 1878/93/1340
f 2976/92/1343 907/92/1388 893/92/1383
f 1691/92/1389 1783/92/1390 1689/92/1345
f 895/92/1391 1692/92/1392 1688/94/1349
f 923/92/1393 1692/92/1392 909/92/1394
f 1206/92/1395 2335/93/1355 1220/92/1396
f 2336/92/1397 896/92/1302 2333/92/1398
f 2432/92/1399 2494/92/1356 2429/92/1400
f 2500/92/1401 926/92/1402 2497/92/1403
f 2497/92/1403 912/92/1404 2496/92/1309
f 901/92/1405 914/92/1406 900/92/1363
f 2832/92/1364 915/92/1407 901/92/1405
f 1880/92/1408 1890/93/1409 1879/93/1367
f 903/92/1373 1892/93/1410 1881/92/1369
f 1894/92/1411 904/92/1412 1882/92/1371
f 2859/92/1413 903/92/1373 2863/92/1414
f 1885/92/1415 1895/92/1416 1883/92/1374
f 905/92/1380 1897/92/1417 1884/92/1377
f 1898/93/1418 906/92/1419 1886/92/1378
f 2917/92/1420 905/92/1380 2923/92/1421
f 1900/93/1422 1887/92/1381 1889/93/1423
f 907/92/1388 1901/92/1424 1888/92/1384
f 1902/92/1425 916/92/1426 1891/92/1386
f 2981/92/1427 921/92/1428 907/92/1388
f 1695/92/1429 1784/92/1430 1691/92/1389
f 3006/92/1431 936/92/1432 3005/92/1433
f 3005/92/1433 922/92/1434 3004/92/1350
f 1192/92/1435 2337/92/1436 1206/92/1395
f 2338/92/1437 910/92/1438 2336/92/1397
f 2433/92/1439 2495/92/1440 2432/92/1399
f 1208/92/1441 2431/93/1362 1222/92/1442
f 1194/92/1443 2434/92/1444 1208/92/1441
f 915/92/1407 928/92/1445 914/92/1406
f 2828/92/1446 915/92/1407 2825/92/1447
f 1904/93/1448 1890/93/1409 1893/93/1449
f 917/92/1450 1905/92/1451 1892/93/1410
f 1907/92/1452 918/92/1453 1894/92/1411
f 2859/92/1413 931/92/1454 917/92/1450
f 1896/92/1455 1906/92/1456 1895/92/1416
f 919/92/1457 1908/92/1458 1897/92/1417
f 1911/92/1459 920/92/1460 1898/93/1418
f 2933/92/1461 919/92/1457 2917/92/1420
f 1900/93/1422 1910/92/1462 1899/92/1463
f 921/92/1428 1912/92/1464 1901/92/1424
f 1904/93/1448 1915/92/1465 1903/93/1466
f 2986/92/1467 935/92/1468 921/92/1428
f 1697/92/1469 1787/92/1470 1695/92/1429
f 937/92/1471 1694/92/1472 923/92/1393
f 3007/92/1473 950/92/1474 3006/92/1431
f 2341/93/1475 938/92/1476 2340/92/1477
f 2340/92/1477 924/92/1478 2338/92/1437
f 2436/92/1479 2498/92/1480 2433/92/1439
f 1180/92/1481 2435/92/1482 1194/92/1443
f 2502/92/1483 940/92/1484 2500/92/1401
f 929/92/1485 942/92/1486 928/92/1445
f 2821/92/1487 929/92/1485 2828/92/1446
f 931/92/1454 1917/92/1488 1905/92/1451
f 1914/92/1489 930/92/1490 1902/92/1425
f 1918/92/1491 932/92/1492 1907/92/1452
f 2860/92/1493 945/92/1494 931/92/1454
f 1920/92/1495 1906/92/1456 1909/92/1496
f 933/92/1497 1921/92/1498 1908/92/1458
f 1922/92/1499 934/92/1500 1911/92/1459
f 2925/92/1501 933/92/1497 2933/92/1461
f 1924/92/1502 1910/92/1462 1913/92/1503
f 935/92/1468 1925/92/1504 1912/92/1464
f 1929/92/1505 1915/92/1465 1916/92/1506
f 2987/92/1507 949/92/1508 935/92/1468
f 1700/93/1509 1789/94/1510 1697/92/1469
f 937/92/1471 1701/92/1511 1698/92/1512
f 3008/92/1513 964/92/1514 3007/92/1473
f 1192/92/1435 2342/93/1515 2339/92/1516
f 2341/93/1475 966/92/1517 952/92/1518
f 2438/92/1519 2499/92/1520 2436/92/1479
f 1180/92/1481 2439/92/1521 2437/92/1522
f 2502/92/1483 968/92/1523 954/92/1524
f 943/92/1525 956/92/1526 942/92/1486
f 2818/92/1527 943/92/1525 2821/92/1487
f 945/92/1494 1928/93/1528 1917/92/1488
f 1927/92/1529 944/92/1530 1914/92/1489
f 1932/92/1531 1919/93/1532 1920/92/1495
f 2864/92/1533 959/92/1534 945/92/1494
f 947/92/1535 1933/92/1536 1921/92/1498
f 1930/92/1537 946/92/1538 1918/92/1491
f 1934/92/1539 948/92/1540 1922/92/1499
f 2925/92/1501 961/92/1541 947/92/1535
f 1937/92/1542 1923/92/1543 1924/92/1502
f 949/92/1508 1936/92/1544 1925/92/1504
f 1941/92/1545 1926/92/1546 1929/92/1505
f 2973/92/1547 949/92/1508 2998/92/1548
f 1703/92/1549 1791/92/1550 1700/93/1509
f 951/92/1551 1704/92/1552 1701/92/1511
f 3008/92/1513 992/92/1553 978/92/1554
f 1164/92/1555 2342/93/1515 1178/92/1556
f 2346/92/1557 966/92/1517 2343/92/1558
f 2438/92/1519 2504/92/1559 2501/92/1560
f 2505/92/1561 996/92/1562 982/92/1563
f 2505/92/1561 968/92/1523 2503/92/1564
f 957/92/1565 970/92/1566 956/92/1526
f 2815/92/1567 957/92/1565 2818/92/1527
f 959/92/1534 1940/92/1568 1928/93/1528
f 1939/92/1569 958/92/1570 1927/92/1529
f 1945/92/1571 1931/92/1572 1932/92/1531
f 2845/92/1573 959/92/1534 2858/92/1574
f 961/92/1541 1944/92/1575 1933/92/1536
f 1930/92/1537 974/92/1576 960/92/1577
f 1937/92/1542 1946/92/1578 1935/92/1579
f 2913/92/431 961/92/1541 2912/92/1580
f 963/92/1581 1948/92/1582 1936/92/1544
f 1947/92/1583 962/92/1584 1934/92/1539
f 1953/92/1585 1938/93/1586 1941/92/1545
f 2979/92/1587 963/92/1581 2973/92/1547
f 1707/92/1588 1793/93/1589 1703/92/1549
f 979/92/1590 1704/92/1552 965/92/1591
f 979/92/1590 1710/92/1592 1706/92/1593
f 1164/92/1555 2345/92/1594 2344/92/1595
f 1136/92/1596 2345/92/1594 1150/92/1597
f 2441/92/1598 2504/92/1559 2440/93/1599
f 1152/92/1600 2439/92/1521 1166/92/1601
f 2507/92/1602 1010/92/1603 996/92/1562
f 985/92/1604 970/92/1566 971/92/1605
f 2815/92/1567 985/92/1604 971/92/1605
f 973/92/1606 1952/92/1607 1940/92/1568
f 1939/92/1569 986/92/1608 972/92/1609
f 1957/92/1610 1942/92/1611 1945/92/1571
f 2840/92/1612 973/92/1606 2845/92/1573
f 989/92/1613 1944/92/1575 975/92/1614
f 1955/92/1615 974/92/1576 1943/92/1616
f 1949/92/1617 1959/92/1618 1946/92/1578
f 2907/92/1619 975/92/1614 2913/92/431
f 991/92/1620 1948/92/1582 977/92/1621
f 1947/92/1583 990/92/1622 976/92/1623
f 1964/92/1624 1950/92/1625 1953/92/1585
f 2967/92/1626 977/92/1621 2979/92/1587
f 1709/92/1627 1795/92/1628 1707/92/1588
f 3010/92/1629 1020/92/1630 1006/92/1631
f 3009/92/1632 1006/92/1631 992/92/1553
f 2347/92/1633 1008/92/1634 994/92/1635
f 2346/92/1557 994/92/1635 980/92/1636
f 2443/92/1637 2506/92/1638 2441/92/1598
f 1152/92/1600 2444/94/1639 2442/92/1640
f 1138/92/1641 2445/92/1642 2444/94/1639
f 999/92/1643 984/92/1644 985/92/1604
f 2837/92/1645 999/92/1643 985/92/1604
f 1001/92/1646 1952/92/1607 987/92/1647
f 1951/92/1648 1000/92/1649 986/92/1608
f 1957/92/1610 1966/93/1650 1954/92/1651
f 2840/92/1612 1001/92/1646 987/92/1647
f 1003/92/1652 1956/92/1653 989/92/1613
f 1955/92/1615 1002/92/1654 988/92/1655
f 1960/92/1656 1970/92/1657 1959/92/1618
f 2907/92/1619 1003/92/1652 989/92/1613
f 1005/92/1658 1961/92/1659 991/92/1620
f 1958/92/1660 1004/92/1661 990/92/1622
f 1964/92/1624 1975/92/1662 1963/92/1663
f 2972/92/1664 991/92/1620 2967/92/1626
f 1709/92/1627 1798/92/1665 1796/93/1666
f 1007/92/1667 1710/92/1592 993/92/1668
f 1007/92/1667 1716/92/1669 1712/93/1670
f 1136/92/1596 2349/92/1671 2348/93/1672
f 1122/92/1673 2351/92/1674 2349/92/1671
f 2443/92/1637 2509/92/1675 2508/92/1676
f 1124/92/1677 2447/92/1678 2445/92/1642
f 2510/93/1679 1024/92/1680 1010/92/1603
f 1013/92/1681 998/92/1682 999/92/1643
f 2812/92/1683 999/92/1643 2807/92/1684
f 1015/92/1685 1965/92/1686 1001/92/1646
f 1962/92/1687 1014/92/1688 1000/92/1649
f 1967/92/1689 1016/92/1690 1002/92/1654
f 2839/92/1691 1015/92/1685 1001/92/1646
f 1981/92/1692 1966/93/1650 1969/92/1693
f 1017/92/1694 1968/92/1695 1003/92/1652
f 1984/92/1696 1970/92/1657 1973/92/1697
f 2904/92/1698 1017/92/1694 1003/92/1652
f 1019/92/1699 1972/92/1700 1005/92/1658
f 1971/92/1701 1018/92/1702 1004/92/1661
f 1988/92/1703 1975/92/1662 1976/92/1704
f 2997/92/1705 1005/92/1658 2972/92/1664
f 1713/92/1706 1801/92/1707 1798/92/1665
f 3012/92/1708 1048/92/1709 1034/92/1710
f 3011/92/1711 1034/92/1710 1020/92/1630
f 1108/92/1712 2354/92/1713 2351/92/1674
f 2350/92/1714 1022/92/1715 1008/92/1634
f 2446/92/1716 2511/92/1717 2509/92/1675
f 2513/92/1718 1052/92/1719 1038/92/1720
f 2512/92/1721 1038/92/1720 1024/92/1680
f 1027/92/1722 1012/92/1723 1013/92/1681
f 2812/92/1683 1027/92/1722 1013/92/1681
f 1029/92/1724 1977/92/1725 1015/92/1685
f 1974/92/1726 1028/92/1727 1014/92/1688
f 1992/92/1728 1979/92/1729 1981/92/1692
f 2854/92/1730 1015/92/1685 2844/92/1731
f 1031/92/1732 1980/92/1733 1017/92/1694
f 1978/93/1734 1030/92/1735 1016/92/1690
f 1983/92/1736 1032/92/1737 1018/92/1702
f 2908/92/1738 1017/92/1694 2931/92/1739
f 1984/92/1696 1994/92/1740 1982/92/1741
f 1033/92/1742 1985/92/1743 1019/92/1699
f 1988/92/1703 1998/93/1744 1987/92/1745
f 2997/92/1705 1033/92/1742 1019/92/1699
f 1715/92/1746 1802/92/1747 1801/92/1707
f 1021/92/1748 1718/92/1749 1716/92/1669
f 3013/92/1750 1062/92/1751 1048/92/1709
f 2353/92/1752 1050/92/1753 1036/92/1754
f 2353/92/1752 1022/92/1715 2352/92/1755
f 2448/92/1756 2514/92/1757 2511/92/1717
f 1095/92/1758 2447/92/1678 1110/92/1759
f 2516/92/1760 1066/92/1761 1052/92/1719
f 1041/92/1762 1026/92/1763 1027/92/1722
f 2829/92/1764 1027/92/1722 2822/92/1765
f 1043/92/1766 1989/92/1767 1029/92/1724
f 1986/92/1768 1042/92/1769 1028/92/1727
f 2005/93/1770 1991/93/1771 1992/92/1728
f 2851/92/1772 1029/92/1724 2854/92/1730
f 1045/92/1773 1993/92/1774 1031/92/1732
f 1990/92/1775 1044/92/1776 1030/92/1735
f 1995/92/1777 1046/92/1778 1032/92/1737
f 2908/92/1738 1045/92/1773 1031/92/1732
f 2008/92/1779 1994/92/1740 1997/92/1780
f 1047/92/1781 1996/92/1782 1033/92/1742
f 1999/93/1783 1056/92/1784 1042/92/1769
f 2996/92/1785 1047/92/1781 1033/92/1742
f 1719/93/1786 1805/93/1787 1802/92/1747
f 1049/92/1788 1718/92/1749 1035/92/1789
f 3014/92/1790 1076/92/1791 1062/92/1751
f 1079/92/1792 2354/92/1713 1093/92/1793
f 2356/92/1794 1064/92/1795 1050/92/1753
f 2450/92/1796 2515/92/1797 2514/92/1757
f 1095/92/1758 2452/94/1798 2449/92/1799
f 2519/93/1800 1066/92/1761 2517/92/1801
f 1055/92/1802 1040/92/1803 1041/92/1762
f 2834/92/1804 1041/92/1762 2829/92/1764
f 2001/93/1805 2011/92/1806 1998/93/1744
f 1057/92/1807 2000/92/1808 1043/92/1766
f 2003/92/1809 1058/92/1810 1044/92/1776
f 2851/92/1772 1057/92/1807 1043/92/1766
f 2005/93/1770 2015/92/1811 2002/92/1812
f 1059/92/1813 2004/92/1814 1045/92/1773
f 2007/92/1815 1060/92/1816 1046/92/1778
f 2921/92/1817 1045/92/1773 2915/92/1818
f 2008/92/1779 2019/93/1819 2006/93/1820
f 1061/92/1821 2009/92/1822 1047/92/1781
f 2010/92/1823 1070/92/1824 1056/92/1784
f 2989/92/1825 1061/92/1821 1047/92/1781
f 1722/92/1826 1806/92/1827 1805/93/1787
f 1063/92/1828 1721/92/1829 1049/92/1788
f 1063/92/1828 1727/92/1830 1725/93/1831
f 1065/92/1832 2355/92/1833 1079/92/1792
f 1065/92/1832 2359/92/1834 2358/93/1835
f 2451/93/1836 2518/92/1837 2515/92/1797
f 1067/92/1838 2452/94/1798 1081/92/1839
f 2519/93/1800 1094/92/1840 1080/92/1841
f 1069/92/1842 1054/92/1843 1055/92/1802
f 2824/92/1844 1055/92/1802 2834/92/1804
f 2012/93/1845 2022/92/1846 2011/92/1806
f 1071/92/1847 2013/92/1848 1057/92/1807
f 2014/92/1849 1072/92/1850 1058/92/1810
f 2861/92/1851 1057/92/1807 2866/92/1852
f 2028/92/1853 2015/92/1811 2016/92/1854
f 1073/92/1855 2017/93/1856 1059/92/1813
f 2018/92/1857 1074/92/1858 1060/92/1816
f 2919/92/1859 1059/92/1813 2921/92/1817
f 2021/93/1860 2031/92/1861 2019/93/1819
f 1075/92/1862 2020/93/1863 1061/92/1821
f 2023/92/1864 1084/92/1865 1070/92/1824
f 2985/92/1866 1061/92/1821 2980/92/1867
f 1724/92/1868 1808/92/1869 1806/92/1827
f 3017/92/1870 1090/92/1871 3016/92/1872
f 3016/92/1872 1076/92/1791 3015/92/1873
f 1037/92/1874 2359/92/1834 1051/92/1875
f 2360/92/1876 1064/92/1795 2357/92/1877
f 2453/92/1878 2520/92/1879 2518/92/1837
f 1067/92/1838 2456/93/1880 2454/92/1881
f 1039/92/1882 2456/93/1880 1053/92/1883
f 1083/92/1884 1068/92/1885 1069/92/1842
f 2824/92/1844 1083/92/1884 1069/92/1842
f 2036/92/1886 2022/92/1846 2025/92/1887
f 1085/92/1888 2024/92/1889 1071/92/1847
f 2026/92/1890 1086/92/1891 1072/92/1850
f 2861/92/1851 1085/92/1888 1071/92/1847
f 2041/92/1892 2027/92/1893 2028/92/1853
f 1087/92/1894 2029/92/1895 1073/92/1855
f 2030/92/1896 1088/92/1897 1074/92/1858
f 2919/92/1859 1087/92/1894 1073/92/1855
f 2045/92/1898 2031/92/1861 2032/92/1899
f 1089/92/1900 2033/92/1901 1075/92/1862
f 2036/92/1886 2047/93/1902 2035/93/1903
f 2985/92/1866 1089/92/1900 1075/92/1862
f 1728/92/1904 1810/92/1905 1808/92/1869
f 1077/92/1906 1731/92/1907 1727/92/1830
f 3018/92/1908 1104/92/1909 3017/92/1870
f 1037/92/1874 2363/92/1910 2361/93/1911
f 2362/92/1912 1078/92/1913 2360/92/1876
f 2457/92/1914 2520/92/1879 2455/92/1915
f 1039/92/1882 2459/92/1916 2458/92/1917
f 2524/92/1918 1094/92/1840 2522/92/1919
f 1083/92/1884 1096/92/1920 1082/92/1921
f 2819/92/1922 1083/92/1884 2827/92/1923
f 1085/92/1888 2049/92/1924 2037/92/1925
f 2046/93/1926 1084/92/1865 2034/92/1927
f 2050/92/1928 1086/92/1891 2039/92/1929
f 2862/92/1930 1085/92/1888 2857/92/1931
f 2041/92/1892 2051/92/1932 2038/92/1933
f 1087/92/1894 2053/92/1934 2040/93/1935
f 2054/92/1936 1088/92/1897 2043/92/1937
f 2926/92/1938 1087/92/1894 2928/92/1939
f 2045/92/1898 2055/93/1940 2042/93/1941
f 1089/92/1900 2057/92/1942 2044/93/1943
f 2061/92/1944 2047/93/1902 2048/92/1945
f 2995/92/1946 1089/92/1900 2984/92/1947
f 1733/92/1948 1810/92/1905 1730/94/1949
f 1105/92/1950 1731/92/1907 1091/92/1951
f 3019/92/1952 1119/92/1953 3018/92/1908
f 1023/92/1954 2365/92/1955 2363/92/1910
f 2362/92/1912 1107/92/1956 1092/92/1957
f 2460/93/1958 2521/92/1959 2457/92/1914
f 1011/92/1960 2459/92/1916 1025/92/1961
f 2526/92/1962 1109/92/1963 2524/92/1918
f 1097/92/1964 1111/92/1965 1096/92/1920
f 2819/92/1922 1112/92/1966 1097/92/1964
f 1099/92/1967 2060/93/1968 2049/92/1924
f 2059/92/1969 1098/92/1970 2046/93/1926
f 2052/92/1971 2063/92/1972 2051/92/1932
f 2862/92/1930 1114/92/1973 1099/92/1967
f 1101/92/1974 2065/92/1975 2053/92/1934
f 2062/92/1976 1100/92/1977 2050/92/1928
f 2067/92/1978 1102/92/1979 2054/92/1936
f 2926/92/1938 1116/92/1980 1101/92/1974
f 2069/92/1981 2055/93/1940 2056/92/1982
f 1103/92/1983 2068/92/1984 2057/92/1942
f 2061/92/1944 2070/92/1985 2058/93/1986
f 2995/92/1946 1118/92/1987 1103/92/1983
f 1736/92/1988 1813/92/1989 1733/92/1948
f 1120/92/1990 1734/92/1991 1105/92/1950
f 3020/92/1992 1133/92/1993 3019/92/1952
f 2366/92/1994 1135/92/1995 1121/92/1996
f 2366/92/1994 1107/92/1956 2364/92/1997
f 2462/93/1998 2523/93/1999 2460/93/1958
f 2529/92/2000 1137/92/2001 2527/92/2002
f 2527/92/2002 1123/92/2003 2526/92/1962
f 1112/92/1966 1125/92/2004 1111/92/1965
f 2814/92/2005 1126/92/2006 1112/92/1966
f 1114/92/1973 2073/92/2007 2060/93/1968
f 2071/92/2008 1113/92/2009 2059/92/1969
f 2077/92/2010 2063/92/1972 2064/92/2011
f 2849/92/2012 1114/92/1973 2847/92/2013
f 1116/92/1980 2076/92/2014 2065/92/1975
f 2075/92/2015 1115/92/2016 2062/92/1976
f 2080/93/2017 2066/92/2018 2069/92/1981
f 2906/92/2019 1130/92/2020 1116/92/1980
f 1118/92/1987 2081/92/2021 2068/92/1984
f 2078/93/2022 1117/92/2023 2067/92/1978
f 2085/93/2024 2070/92/1985 2072/92/2025
f 2969/92/2026 1118/92/1987 2991/92/2027
f 1739/92/2028 1815/92/2029 1736/92/1988
f 1120/92/1990 1740/94/2030 1737/92/2031
f 1134/92/2032 1743/92/2033 1740/94/2030
f 995/92/2034 2365/92/1955 1009/92/2035
f 2369/92/2036 1135/92/1995 2367/92/2037
f 2463/92/2038 2525/92/2039 2462/93/1998
f 1011/92/1960 2464/92/2040 2461/92/2041
f 2531/92/2042 1151/92/2043 2529/92/2000
f 1126/92/2006 1139/92/2044 1125/92/2004
f 2838/92/2045 1140/92/2046 1126/92/2006
f 1128/92/2047 2084/92/2048 2073/92/2007
f 2083/92/2049 1127/92/2050 2071/92/2008
f 2077/92/2010 2087/92/2051 2074/92/2052
f 2849/92/2012 1142/92/2053 1128/92/2047
f 1130/92/2020 2089/92/2054 2076/92/2014
f 2086/92/2055 1129/92/2056 2075/92/2015
f 2091/92/2057 1131/92/2058 2078/93/2022
f 2909/92/2059 1144/92/2060 1130/92/2020
f 2080/93/2017 2090/92/2061 2079/93/2062
f 1132/92/2063 2092/92/2064 2081/92/2021
f 2095/92/2065 1141/92/2066 2083/92/2049
f 2978/92/2067 1132/92/2063 2969/92/2026
f 1742/92/2068 1816/92/2069 1739/92/2028
f 3022/92/2070 1161/92/2071 3021/92/2072
f 3021/92/2072 1147/92/2073 3020/92/1992
f 981/92/2074 2368/92/2075 995/92/2034
f 967/92/2076 2370/92/2077 981/92/2074
f 2465/92/2078 2528/92/2079 2463/92/2038
f 997/92/2080 2466/93/2081 2464/92/2040
f 2534/92/2082 1165/92/2083 2531/92/2042
f 1140/92/2046 1153/92/2084 1139/92/2044
f 2835/92/2085 1140/92/2046 2836/92/2086
f 2085/93/2024 2094/92/2087 2082/92/2088
f 1142/92/2053 2096/92/2089 2084/92/2048
f 2099/92/2090 1143/92/2091 2086/92/2055
f 2841/92/2092 1156/92/2093 1142/92/2053
f 2088/92/2094 2098/92/2095 2087/92/2051
f 1144/92/2060 2100/92/2096 2089/92/2054
f 2103/92/2097 1145/92/2098 2091/92/2057
f 2930/92/2099 1158/92/2100 1144/92/2060
f 2105/92/2101 2090/92/2061 2093/93/2102
f 1146/92/2103 2104/92/2104 2092/92/2064
f 2106/93/2105 1155/92/2106 2095/92/2065
f 2968/92/2107 1146/92/2103 2978/92/2067
f 1746/92/2108 1819/92/2109 1742/92/2068
f 1162/92/2110 1743/92/2033 1148/92/2111
f 1176/92/2112 1745/93/2113 1162/92/2110
f 967/92/2076 2374/92/2114 2371/92/2115
f 2372/92/2116 1149/92/2117 2369/92/2036
f 2467/92/2118 2530/92/2119 2465/92/2078
f 969/92/2120 2466/93/2081 983/92/2121
f 955/92/2122 2468/92/2123 969/92/2120
f 1154/92/2124 1167/92/2125 1153/92/2084
f 2835/92/2085 1168/92/2126 1154/92/2124
f 2109/92/2127 2094/92/2087 2097/92/2128
f 1156/92/2093 2108/93/2129 2096/92/2089
f 2111/93/2130 1157/92/2131 2099/92/2090
f 2867/92/2132 1156/92/2093 2869/92/2133
f 2101/92/2134 2110/92/2135 2098/92/2095
f 1158/92/2100 2112/92/2136 2100/92/2096
f 2105/92/2101 2115/93/2137 2102/92/2138
f 2929/92/2139 1158/92/2100 2903/92/2140
f 1160/92/2141 2117/92/2142 2104/92/2104
f 2114/92/2143 1159/92/2144 2103/92/2097
f 2109/92/2127 2119/93/2145 2107/92/2146
f 2968/92/2107 1174/92/2147 1160/92/2141
f 1749/92/2148 1820/92/2149 1746/92/2108
f 1176/92/2112 1752/94/2150 1748/93/2151
f 3023/92/2152 1175/92/2153 3022/92/2070
f 939/92/2154 2374/92/2114 953/92/2155
f 2373/92/2156 1163/92/2157 2372/92/2116
f 2467/92/2118 2533/93/2158 2532/92/2159
f 955/92/2122 2471/92/2160 2470/94/2161
f 2534/92/2082 1193/92/2162 1179/92/2163
f 1168/92/2126 1181/92/2164 1167/92/2125
f 2811/92/2165 1168/92/2126 2809/92/2166
f 1170/92/2167 2121/92/2168 2108/93/2129
f 2118/92/2169 1169/92/2170 2106/93/2105
f 2122/92/2171 1171/92/2172 2111/93/2130
f 2846/92/2173 1170/92/2167 2867/92/2132
f 2124/92/2174 2110/92/2135 2113/92/2175
f 1172/92/2176 2125/92/2177 2112/92/2136
f 2127/92/2178 1173/92/2179 2114/92/2143
f 2924/92/2180 1172/92/2176 2929/92/2139
f 2129/93/2181 2115/93/2137 2116/93/2182
f 1174/92/2147 2128/92/2183 2117/92/2142
f 2120/92/2184 2131/92/2185 2119/93/2145
f 2992/92/2186 1188/92/2187 1174/92/2147
f 1751/92/2188 1823/93/2189 1749/92/2148
f 1204/92/2190 1752/94/2150 1190/92/2191
f 3024/92/2192 1189/92/2193 3023/92/2152
f 939/92/2154 2378/92/2194 2375/92/2195
f 2373/92/2156 1191/92/2196 1177/92/2197
f 2469/92/2198 2536/92/2199 2533/93/2158
f 927/92/2200 2471/92/2160 941/92/978
f 2538/93/2201 1193/92/2162 2535/92/2202
f 1182/92/2203 1195/92/2204 1181/92/2164
f 2817/92/2205 1182/92/2203 2811/92/2165
f 1198/92/2206 2121/92/2168 1184/92/2207
f 2130/92/2208 1183/92/2209 2118/92/2169
f 2124/92/2174 2134/92/2210 2123/92/2211
f 2846/92/2173 1198/92/2206 1184/92/2207
f 1186/92/2212 2136/92/2213 2125/92/2177
f 2122/92/2171 1199/92/2214 1185/92/2215
f 2138/92/2216 1187/92/2217 2127/92/2178
f 2924/92/2180 1200/92/2218 1186/92/2212
f 2140/92/2219 2126/92/2220 2129/93/2181
f 1188/92/2187 2141/92/2221 2128/92/2183
f 2132/92/2222 2143/92/2223 2131/92/2185
f 2994/92/2180 1202/92/2224 1188/92/2187
f 1751/92/2188 1826/92/2225 1825/93/2226
f 3025/92/2227 1231/92/2228 1217/92/2229
f 3024/92/2192 1217/92/2229 1203/92/2230
f 911/92/2231 2378/92/2194 925/92/2232
f 2377/92/2233 1191/92/2196 2376/92/2234
f 2474/92/2235 2536/92/2199 2472/92/2236
f 2540/92/2237 1235/92/2238 1221/92/2239
f 2538/93/2201 1221/92/2239 1207/92/2240
f 1210/92/2241 1195/92/2204 1196/92/2242
f 2817/92/2205 1210/92/2241 1196/92/2242
f 1212/92/2243 2133/92/2244 1198/92/2206
f 2130/92/2208 1211/92/2245 1197/92/2246
f 2137/92/2247 2146/92/2248 2134/92/2210
f 2853/92/2249 1212/92/2243 1198/92/2206
f 1214/92/2250 2136/92/2213 1200/92/2218
f 2147/93/2251 1199/92/2214 2135/92/2252
f 2153/92/2253 2139/92/2254 2140/92/2219
f 2918/92/2255 1214/92/2250 1200/92/2218
f 1216/92/2256 2141/92/2221 1202/92/2224
f 2138/92/2216 1215/92/2257 1201/92/2258
f 2144/92/2259 2154/92/2260 2143/92/2223
f 2983/92/2261 1216/92/2256 1202/92/2224
f 1755/93/2262 1828/93/2263 1826/92/2225
f 1204/92/2190 1758/92/2264 1754/92/2265
f 1232/92/2266 1758/92/2264 1218/92/2267
f 2380/93/2268 1233/92/2269 1219/92/2270
f 2377/92/2233 1219/92/2270 1205/92/2271
f 2474/92/2235 2539/92/2272 2537/92/2273
f 927/92/2200 2475/92/2274 2473/93/2275
f 2541/92/2276 1249/92/2277 1235/92/2238
f 1224/92/2278 1209/92/2279 1210/92/2241
f 2826/92/2280 1224/92/2278 1210/92/2241
f 1226/92/2281 2145/92/2282 1212/92/2243
f 2142/92/2283 1225/92/2284 1211/92/2245
f 2147/93/2251 1227/92/2285 1213/92/2286
f 2856/92/2287 1212/92/2243 2855/92/2288
f 2149/92/2289 2159/93/2290 2146/92/2248
f 1228/92/2291 2148/92/2292 1214/92/2250
f 2153/92/2253 2162/92/2293 2150/92/2294
f 2920/92/2295 1214/92/2250 2911/92/2296
f 1230/92/2297 2152/92/2298 1216/92/2256
f 2151/92/2299 1229/92/2300 1215/92/2257
f 2155/92/2301 1239/92/2302 1225/92/2284
f 2982/92/2303 1230/92/2297 1216/92/2256
f 1757/92/2304 1830/94/2305 1828/93/2263
f 1246/92/2306 1760/92/2307 1232/92/2266
f 3026/92/2308 1245/92/2309 1231/92/2228
f 911/92/2231 2382/92/2310 2379/92/2311
f 897/92/2312 2383/94/2313 2382/92/2310
f 2476/92/2314 2542/92/2315 2539/92/2272
f 913/92/2316 2478/92/2317 2475/92/2274
f 899/92/2318 2480/92/2319 2478/92/2317
f 1238/92/2320 1223/92/2321 1224/92/2278
f 2831/92/2322 1238/92/2320 1224/92/2278
f 2169/92/2323 2154/92/2260 2157/92/2324
f 1240/92/2325 2156/92/2326 1226/92/2281
f 2158/92/2327 1241/92/2328 1227/92/2285
f 2868/92/2329 1226/92/2281 2856/92/2287
f 2160/93/2330 2171/92/2331 2159/93/2290
f 1242/92/2332 2161/92/2333 1228/92/2291
f 2163/92/2334 1243/92/2335 1229/92/2300
f 2920/92/2295 1242/92/2332 1228/92/2291
f 2165/92/2336 2175/92/2337 2162/92/2293
f 1244/92/2338 2164/92/2339 1230/92/2297
f 2166/92/2340 1253/92/2341 1239/92/2302
f 2988/92/2342 1230/92/2297 2975/92/2343
f 1761/92/2344 1832/92/2345 1830/94/2305
f 1246/92/2306 1766/93/2346 1763/92/2347
f 3027/92/2348 1259/92/2349 1245/92/2309
f 857/92/2350 2383/94/2313 883/92/2351
f 2381/92/2352 1247/92/2353 1233/92/2269
f 2477/92/2354 2544/92/2355 2542/92/2315
f 861/92/2356 2480/92/2319 885/92/2357
f 2543/92/2358 1263/92/2359 1249/92/2277
f 1252/92/2360 1237/92/2361 1238/92/2320
f 2823/92/2362 1252/92/2360 1238/92/2320
f 2169/92/2323 2179/92/2363 2167/92/2364
f 1254/92/2365 2168/92/2366 1240/92/2325
f 2170/92/2367 1255/92/2368 1241/92/2328
f 2865/92/2369 1240/92/2325 2868/92/2329
f 2184/92/2370 2171/92/2331 2173/92/2371
f 1256/92/2372 2172/92/2373 1242/92/2332
f 2174/92/2374 1257/92/2375 1243/92/2335
f 2927/92/2376 1256/92/2372 1242/92/2332
f 2188/92/2377 2175/92/2337 2176/92/2378
f 1258/92/2379 2177/92/2380 1244/92/2338
f 2193/92/2381 2179/92/2363 2180/93/2382
f 2990/92/2383 1244/92/2338 2988/92/2342
f 1764/92/2384 1835/92/2385 1832/92/2345
f 3029/92/2386 1287/92/2387 1273/92/2388
f 3028/92/2389 1273/92/2388 1259/92/2349
f 856/92/2390 2385/92/2391 857/92/2350
f 2384/92/2392 1261/92/2393 1247/92/2353
f 2479/92/2394 2545/92/2395 2544/92/2355
f 860/92/2396 2481/94/2397 861/92/2356
f 2546/92/2398 1277/92/2399 1263/92/2359
f 1266/92/2400 1251/92/2401 1252/92/2360
f 2820/92/2402 1252/92/2360 2816/92/2403
f 1268/92/2404 2181/92/2405 1254/92/2365
f 2178/92/2406 1267/92/2407 1253/92/2341
f 2182/92/2408 1269/92/2409 1255/92/2368
f 2865/92/2369 1268/92/2404 1254/92/2365
f 2197/92/2410 2183/92/2411 2184/92/2370
f 1270/92/2412 2185/92/2413 1256/92/2372
f 2186/92/2414 1271/92/2415 1257/92/2375
f 2922/92/2416 1270/92/2412 1256/92/2372
f 2188/92/2377 2198/92/2417 2187/92/2418
f 1272/92/2419 2189/92/2420 1258/92/2379
f 2204/92/2421 2190/93/2422 2193/92/2381
f 2990/92/2383 1272/92/2419 1258/92/2379
f 1767/92/2423 1837/92/2424 1835/92/2385
f 1260/92/2425 1770/93/2426 1766/93/2346
f 3030/92/2427 1301/92/2428 1287/92/2387
f 2390/92/2429 1275/92/2430 2388/92/2431
f 2386/92/2432 1275/92/2430 1261/92/2393
f 2484/92/2433 2545/92/2395 2482/92/2434
f 860/92/2396 2486/92/1253 2483/92/2435
f 2548/92/2436 1291/92/2437 1277/92/2399
f 1280/92/2438 1265/92/2439 1266/92/2400
f 2820/92/2402 1280/92/2438 1266/92/2400
f 1282/92/2440 2192/92/2441 1268/92/2404
f 2191/92/2442 1281/92/2443 1267/92/2407
f 2208/92/2444 2194/92/2445 2197/92/2410
f 2850/92/2446 1268/92/2404 2848/92/2447
f 1284/92/2448 2196/92/2449 1270/92/2412
f 2195/93/2450 1283/92/2451 1269/92/2409
f 2212/92/2452 2198/92/2417 2201/92/2453
f 2932/92/2454 1270/92/2412 2905/92/2455
f 1286/92/2456 2200/93/2457 1272/92/2419
f 2199/92/2458 1285/92/2459 1271/92/2415
f 2202/92/2460 1295/92/1265 1281/92/2443
f 2970/92/2461 1272/92/2419 2993/92/2462
f 1769/92/2463 1839/92/2464 1837/92/2424
f 1288/92/2465 1770/93/2426 1274/92/2466
f 1290/92/2467 2387/92/2468 856/92/2390
f 2418/92/2469 1262/92/1242 1276/92/1244
f 2484/92/2433 2550/92/1249 2547/93/2470
f 862/92/1257 1278/92/2471 1292/92/1250
f 1294/92/2472 1279/92/2473 1280/92/2438
f 2833/92/2474 1280/92/2438 2808/92/2475
f 2216/92/2476 2203/92/2477 2204/92/2421
f 1296/92/1268 2205/92/2478 1282/92/2440
f 2221/92/1321 2207/92/2479 2208/92/2444
f 2850/92/2446 1296/92/1268 1282/92/2440
f 1298/92/1325 2209/92/2480 1284/92/2448
f 2206/92/2481 1297/92/2482 1283/92/2451
f 2210/92/2483 1299/92/1333 1285/92/2459
f 2932/92/2454 1298/92/1325 1284/92/2448
f 2212/92/2452 2222/92/2484 2211/93/2485
f 1300/92/1289 2213/92/2486 1286/92/2456
f 2970/92/2461 1300/92/1289 1286/92/2456
f 1772/92/2487 1840/93/1294 1839/92/2464
f 1302/92/2488 1773/94/2489 1288/92/2465
f 1290/92/2467 2328/92/1243 2389/93/2490
f 2329/92/1304 854/92/2491 2327/93/2492
f 2489/92/2493 858/92/2494 2488/92/2495
f 2492/92/1313 859/92/2496 2489/92/2493
f 1250/92/1358 2426/92/1251 1278/92/2471
f 864/92/1255 1293/92/2497 1294/92/2472
f 2833/92/2474 864/92/1255 1294/92/2472
f 1867/92/1342 867/92/2498 1845/92/2499
f 1845/92/2499 866/92/1264 1842/92/2500
f 869/92/1270 1868/92/1370 1848/93/1319
f 2870/92/1269 1296/92/1268 2843/92/2501
f 1852/92/1330 870/92/2502 1850/92/2503
f 2219/92/2504 870/92/2502 1297/92/2482
f 873/92/1276 1855/92/1326 872/92/1280
f 2934/92/2505 872/92/1280 1298/92/1325
f 2225/92/2506 1859/92/1283 2222/92/2484
f 1860/92/1339 874/92/1332 1858/92/2507
f 877/92/1344 1877/92/1385 1865/92/1335
f 2977/92/2508 876/92/1287 1300/92/1289
f 3000/92/2509 879/92/2510 878/92/2511
f 880/92/1295 1776/92/2512 1302/92/2488
f 3002/92/1300 879/92/2510 3001/92/2513
f 2272/92/2514 2229/92/2515 2230/92/2516
f 2270/92/2517 2228/92/2518 2229/92/2515
f 2266/92/1361 2249/92/2519 2265/92/2520
f 2269/92/2521 2246/92/2522 2247/92/2523
f 2269/92/2521 2248/92/2524 2266/92/1361
f 2263/92/2525 2226/92/2526 2227/92/2527
f 2267/92/2528 1309/92/2529 1310/92/2530
f 1341/95/2531 1343/96/2532 1344/97/2533
f 1345/98/2534 1342/99/2535 1341/95/2531
f 3530/100/2536 1346/101/2537 1345/98/2534
f 1350/102/2538 1347/103/2539 1349/104/2540
f 1352/105/2541 1349/104/2540 1351/106/2542
f 1353/107/2543 1343/96/2532 1342/99/2535
f 1346/101/2537 1353/107/2543 1342/99/2535
f 3529/108/2544 1355/109/2545 1346/101/2537
f 1357/110/2546 1348/111/2547 1350/102/2538
f 1358/112/2548 1350/102/2538 1352/105/2541
f 1359/113/2549 1354/114/2550 1353/107/2543
f 1361/115/2551 1353/107/2543 1355/109/2545
f 3526/116/2552 1361/115/2551 1355/109/2545
f 1363/117/2553 1356/118/2554 1357/110/2546
f 1358/112/2548 1363/117/2553 1357/110/2546
f 1359/113/2549 1366/119/2555 1360/120/2556
f 1367/121/2557 1359/113/2549 1361/115/2551
f 3519/122/2558 1361/115/2551 3524/123/2559
f 1363/117/2553 1368/124/2560 1362/125/2561
f 1364/126/2562 1369/127/2563 1363/117/2553
f 1371/128/2564 1366/119/2555 1365/129/2565
f 1373/130/2566 1365/129/2565 1367/121/2557
f 3519/122/2558 1373/130/2566 1367/121/2557
f 1375/131/2567 1368/124/2560 1369/127/2563
f 1376/132/2568 1369/127/2563 1370/133/2569
f 1377/134/2570 1372/135/2571 1371/128/2564
f 1373/130/2566 1377/134/2570 1371/128/2564
f 3514/136/2572 1373/130/2566 3518/137/2573
f 1375/131/2567 1380/138/2574 1374/139/2575
f 1382/140/2576 1375/131/2567 1376/132/2568
f 1377/134/2570 1384/141/2577 1378/142/2578
f 1379/143/2579 1383/144/2580 1377/134/2570
f 3514/136/2572 1385/145/2581 1379/143/2579
f 1381/146/2582 1386/147/2583 1380/138/2574
f 1382/140/2576 1387/148/2584 1381/146/2582
f 1389/149/2585 1384/141/2577 1383/144/2580
f 1391/150/2586 1383/144/2580 1385/145/2581
f 3505/151/460 1385/145/2581 3509/152/2587
f 1393/153/2588 1386/147/2583 1387/148/2584
f 1388/154/2589 1393/153/2588 1387/148/2584
f 1395/155/2590 1390/156/2591 1389/149/2585
f 1397/157/2592 1389/149/2585 1391/150/2586
f 3512/158/2593 1391/150/2586 3505/151/460
f 1393/153/2588 1398/159/2594 1392/160/2595
f 1400/161/2596 1393/153/2588 1394/162/2597
f 1395/155/2590 1402/163/2598 1396/164/2599
f 1403/165/2600 1395/155/2590 1397/157/2592
f 3512/158/2593 1403/165/2600 1397/157/2592
f 1405/166/2601 1398/159/2594 1399/167/2602
f 1406/168/2603 1399/167/2602 1400/161/2596
f 1407/169/2604 1402/163/2598 1401/170/2605
f 1409/171/2606 1401/170/2605 1403/165/2600
f 3521/172/2607 1403/165/2600 3516/173/2608
f 1411/174/2609 1404/175/2610 1405/166/2601
f 1406/168/2603 1411/174/2609 1405/166/2601
f 1413/176/2611 1408/177/2612 1407/169/2604
f 1409/171/2606 1413/176/2611 1407/169/2604
f 3521/172/2607 1415/178/2613 1409/171/2606
f 1417/179/2614 1410/180/2615 1411/174/2609
f 1412/181/2616 1417/179/2614 1411/174/2609
f 1413/176/2611 1420/182/2617 1414/183/2618
f 1415/178/2613 1419/184/2619 1413/176/2611
f 3527/185/2620 1421/186/2621 1415/178/2613
f 1423/187/2622 1416/188/2623 1417/179/2614
f 1424/189/2624 1417/179/2614 1418/190/2625
f 1419/184/2619 1426/191/2626 1420/182/2617
f 1427/192/2627 1419/184/2619 1421/186/2621
f 3523/193/2628 1427/192/2627 1421/186/2621
f 1423/187/2622 1428/194/2629 1422/195/2630
f 1430/196/2631 1423/187/2622 1424/189/2624
f 1431/197/2632 1426/191/2626 1425/198/2633
f 1433/199/2634 1425/198/2633 1427/192/2627
f 3535/200/2635 1427/192/2627 3525/201/2636
f 1429/202/2637 1434/203/2638 1428/194/2629
f 1430/196/2631 1435/204/2639 1429/202/2637
f 1431/197/2632 1438/205/2640 1432/206/2641
f 1433/199/2634 1437/207/2642 1431/197/2632
f 3535/200/2635 1439/208/2643 1433/199/2634
f 1435/204/2639 1440/209/2644 1434/203/2638
f 1436/210/2645 1441/211/2646 1435/204/2639
f 1443/212/2647 1438/205/2640 1437/207/2642
f 1445/213/2648 1437/207/2642 1439/208/2643
f 3511/214/2649 1439/208/2643 3532/215/2650
f 1441/211/2646 1446/216/2651 1440/209/2644
f 1448/217/2652 1441/211/2646 1442/218/2653
f 1443/212/2647 1450/219/2654 1444/220/2655
f 1451/221/2656 1443/212/2647 1445/213/2648
f 3511/214/2649 1451/221/2656 1445/213/2648
f 1447/222/2657 1452/223/2658 1446/216/2651
f 1454/224/2659 1447/222/2657 1448/217/2652
f 1455/225/2660 1450/219/2654 1449/226/2661
f 1451/221/2656 1455/225/2660 1449/226/2661
f 3536/227/2662 1457/228/2663 1451/221/2656
f 1453/229/2664 1458/230/2665 1452/223/2658
f 1454/224/2659 1459/231/2666 1453/229/2664
f 1461/232/2667 1456/233/2668 1455/225/2660
f 1463/234/2669 1455/225/2660 1457/228/2663
f 3507/235/2670 1463/234/2669 1457/228/2663
f 1459/231/2666 1464/236/2671 1458/230/2665
f 1460/237/2672 1465/238/2673 1459/231/2666
f 1461/232/2667 1468/239/2674 1462/240/2675
f 1469/241/2676 1461/232/2667 1463/234/2669
f 3531/242/2677 1463/234/2669 3513/243/2678
f 1471/244/2679 1464/236/2671 1465/238/2673
f 1472/245/2680 1465/238/2673 1466/246/2681
f 1467/247/2682 1474/248/2683 1468/239/2674
f 1475/249/2684 1467/247/2682 1469/241/2676
f 3531/242/2677 1475/249/2684 1469/241/2676
f 1477/250/2685 1470/251/2686 1471/244/2679
f 1478/252/2687 1471/244/2679 1472/245/2680
f 1479/253/2688 1474/248/2683 1473/254/2689
f 1475/249/2684 1479/253/2688 1473/254/2689
f 3522/255/2690 1475/249/2684 3533/256/2691
f 1477/250/2685 1482/257/2692 1476/258/2693
f 1478/252/2687 1483/259/2694 1477/250/2685
f 1479/253/2688 1486/260/978 1480/261/2695
f 1481/262/2696 1485/263/2697 1479/253/2688
f 3522/255/2690 1487/264/2698 1481/262/2696
f 1483/259/2694 1488/265/2699 1482/257/2692
f 1484/266/2700 1489/267/2701 1483/259/2694
f 1485/263/2697 1492/268/2702 1486/260/978
f 1493/269/2703 1485/263/2697 1487/264/2698
f 3528/270/957 1493/269/2703 1487/264/2698
f 1489/267/2701 1494/271/2704 1488/265/2699
f 1496/272/2705 1489/267/2701 1490/273/2706
f 1497/274/2707 1492/268/2702 1491/275/2708
f 1499/276/2709 1491/275/2708 1493/269/2703
f 3517/277/2710 1493/269/2703 3520/278/2711
f 1501/279/2712 1494/271/2704 1495/280/2713
f 1502/281/2714 1495/280/2713 1496/272/2705
f 1497/274/2707 1504/282/2715 1498/283/1063
f 1499/276/2709 1503/284/2716 1497/274/2707
f 3517/277/2710 1505/285/2717 1499/276/2709
f 1501/279/2712 1506/286/2718 1500/287/2719
f 1502/281/2714 1507/288/2720 1501/279/2712
f 1503/284/2716 1510/289/2721 1504/282/2715
f 1505/285/2717 1509/290/2722 1503/284/2716
f 3506/291/2723 1505/285/2717 3508/292/2724
f 1507/288/2720 1512/293/2725 1506/286/2718
f 1508/294/2726 1513/295/2727 1507/288/2720
f 1515/296/2728 1510/289/2721 1509/290/2722
f 1511/297/2729 1515/296/2728 1509/290/2722
f 3506/291/2723 1517/298/2730 1511/297/2729
f 1519/299/2731 1512/293/2725 1513/295/2727
f 1520/300/2732 1513/295/2727 1514/301/2733
f 1515/302/2728 1522/303/2734 1516/304/2735
f 1517/305/2730 1521/306/2736 1515/302/2728
f 3510/307/2737 1517/305/2730 3534/308/2738
f 1525/309/2739 1518/310/2740 1519/299/2731
f 1526/311/2741 1519/299/2731 1520/300/2732
f 1521/306/2736 1528/312/2742 1522/303/2734
f 1529/313/2743 1521/306/2736 1523/314/2744
f 3515/315/2745 1523/314/2744 3510/307/2737
f 1531/316/2746 1524/317/2747 1525/309/2739
f 1526/311/2741 1531/316/2746 1525/309/2739
f 1341/95/2531 1528/312/2742 1527/318/2748
f 1345/98/2534 1527/318/2748 1529/313/2743
f 3530/100/2536 1529/313/2743 3515/315/2745
f 1349/104/2540 1530/319/2749 1531/316/2746
f 1532/320/2750 1349/104/2540 1531/316/2746
f 1454/224/2659 1552/321/2751 1460/237/2672
f 1388/154/2589 1539/322/2752 1540/323/2753
f 1496/272/2705 1557/324/2754 1558/325/2755
f 1532/320/2750 1563/326/2756 1564/327/2757
f 1412/181/2616 1545/328/2758 1418/190/2625
f 1502/281/2714 1558/325/2755 1559/329/2759
f 1454/224/2659 1550/330/2760 1551/331/2761
f 1358/112/2548 1536/332/2762 1364/126/2562
f 1460/237/2672 1553/333/2763 1466/246/2681
f 1514/301/2733 1562/334/2764 1520/300/2732
f 1436/210/2645 1547/335/2765 1548/336/2766
f 1520/300/2732 1563/326/2756 1526/311/2741
f 1351/106/2542 1564/327/2757 1533/337/2767
f 1502/281/2714 1560/338/2768 1508/294/2726
f 1490/273/2706 1556/339/2769 1557/324/2754
f 1424/189/2624 1547/335/2765 1430/196/2631
f 1448/217/2652 1549/340/2770 1550/330/2760
f 1370/133/2569 1538/341/2771 1376/132/2568
f 1484/266/2700 1555/342/2772 1556/339/2769
f 1364/126/2562 1537/343/2773 1370/133/2569
f 1472/245/2680 1555/342/2772 1478/252/2687
f 1406/168/2603 1544/344/2774 1412/181/2616
f 1466/246/2681 1554/345/2775 1472/245/2680
f 1508/294/2726 1561/346/2776 1514/301/2733
f 1394/162/2597 1540/323/2753 1541/347/2777
f 1400/161/2596 1541/347/2777 1542/348/2778
f 1406/168/2603 1542/348/2778 1543/349/2779
f 1376/132/2568 1539/322/2752 1382/140/2576
f 1418/190/2625 1546/350/2780 1424/189/2624
f 1352/105/2541 1533/337/2767 1534/351/2781
f 1358/112/2548 1534/351/2781 1535/352/2782
f 1442/218/2653 1548/336/2766 1549/340/2770
f 1565/353/2783 1559/329/2759 1558/325/2755
f 1572/354/2784 1560/338/2768 1565/353/2783
f 1579/355/2785 1561/346/2776 1572/354/2784
f 1586/356/2786 1562/334/2764 1579/355/2785
f 1586/356/2786 1564/327/2757 1563/326/2756
f 1593/357/2787 1533/337/2767 1564/327/2757
f 1600/358/2788 1534/351/2781 1533/337/2767
f 1607/359/2789 1535/352/2782 1534/351/2781
f 1566/360/2790 1558/325/2755 1557/324/2754
f 1573/361/2791 1565/353/2783 1566/360/2790
f 1580/362/2792 1572/354/2784 1573/361/2791
f 1587/363/2793 1579/355/2785 1580/362/2792
f 1587/363/2793 1593/357/2787 1586/356/2786
f 1594/364/2794 1600/358/2788 1593/357/2787
f 1601/365/2795 1607/359/2789 1600/358/2788
f 1608/366/2796 1536/332/2762 1607/359/2789
f 1567/367/2797 1557/324/2754 1556/339/2769
f 1574/368/2798 1566/360/2790 1567/367/2797
f 1581/369/2799 1573/361/2791 1574/368/2798
f 1588/370/2800 1580/362/2792 1581/369/2799
f 1588/370/2800 1594/364/2794 1587/363/2793
f 1595/371/2801 1601/365/2795 1594/364/2794
f 1602/372/2802 1608/366/2796 1601/365/2795
f 1609/373/2803 1537/343/2773 1608/366/2796
f 1568/374/2804 1556/339/2769 1555/342/2772
f 1575/375/2805 1567/367/2797 1568/374/2804
f 1582/376/2806 1574/368/2798 1575/375/2805
f 1589/377/2807 1581/369/2799 1582/376/2806
f 1589/377/2807 1595/371/2801 1588/370/2800
f 1596/378/2808 1602/372/2802 1595/371/2801
f 1603/379/2809 1609/373/2803 1602/372/2802
f 1610/380/2810 1538/341/2771 1609/373/2803
f 1554/345/2775 1568/374/2804 1555/342/2772
f 1569/381/2811 1575/375/2805 1568/374/2804
f 1576/382/2812 1582/376/2806 1575/375/2805
f 1583/383/2813 1589/377/2807 1582/376/2806
f 1597/384/2814 1589/377/2807 1590/385/2815
f 1604/386/2816 1596/378/2808 1597/384/2814
f 1611/387/2817 1603/379/2809 1604/386/2816
f 1540/323/2753 1610/380/2810 1611/387/2817
f 1553/333/2763 1569/381/2811 1554/345/2775
f 1570/388/2818 1576/382/2812 1569/381/2811
f 1577/389/2819 1583/383/2813 1576/382/2812
f 1584/390/2820 1590/385/2815 1583/383/2813
f 1598/391/2821 1590/385/2815 1591/392/2822
f 1605/393/2823 1597/384/2814 1598/391/2821
f 1612/394/2824 1604/386/2816 1605/393/2823
f 1541/347/2777 1611/387/2817 1612/394/2824
f 1552/321/2751 1570/388/2818 1553/333/2763
f 1571/395/2825 1577/389/2819 1570/388/2818
f 1578/396/2826 1584/390/2820 1577/389/2819
f 1585/397/2827 1591/392/2822 1584/390/2820
f 1599/398/2828 1591/392/2822 1592/399/2829
f 1606/400/2830 1598/391/2821 1599/398/2828
f 1613/401/2831 1605/393/2823 1606/400/2830
f 1542/348/2778 1612/394/2824 1613/401/2831
f 1551/331/2761 1571/395/2825 1552/321/2751
f 1550/330/2760 1578/396/2826 1571/395/2825
f 1549/340/2770 1585/397/2827 1578/396/2826
f 1548/336/2766 1592/399/2829 1585/397/2827
f 1546/350/2780 1592/399/2829 1547/335/2765
f 1545/328/2758 1599/398/2828 1546/350/2780
f 1544/344/2774 1606/400/2830 1545/328/2758
f 1543/349/2779 1613/401/2831 1544/344/2774
f 12/15/15 1620/402/52 63/403/48
f 20/76/100 1622/404/2832 18/56/80
f 70/405/2833 1628/406/2834 69/407/57
f 1635/408/2835 71/409/58 1632/410/108
f 50/65/114 1640/411/2836 48/67/110
f 1617/412/3 1615/413/2837 1614/414/2838
f 1615/413/2837 1619/415/115 1616/416/2839
f 1638/63/88 76/417/2840 75/418/59
f 1646/419/2841 1648/420/2842 1645/48/65
f 1623/421/2843 63/422/48 1620/423/52
f 1624/424/2844 1620/423/52 1621/425/51
f 1625/426/2845 1621/425/51 1622/427/2832
f 1630/428/2846 1626/429/94 1627/430/93
f 1631/431/2847 1627/430/93 1628/406/2834
f 73/432/61 1637/408/2848 1634/433/72
f 1634/433/72 1636/434/2849 1633/435/103
f 1636/434/2849 1632/410/108 1633/435/103
f 52/76/118 1644/436/67 79/437/64
f 77/438/63 1643/439/2850 1640/440/2836
f 1616/416/2839 61/441/50 62/442/49
f 81/443/69 1649/444/2851 1646/419/2841
f 60/15/2852 1646/445/2841 58/14/119
f 1647/49/66 79/446/64 1644/50/67
f 1629/447/2853 67/448/53 1626/429/94
f 83/449/70 1614/414/2838 84/450/68
f 65/451/55 1625/426/2845 1622/427/2832
f 1640/440/2836 1642/452/2854 1639/61/86
f 421/92/602 1665/92/2855 1664/92/2856
f 805/92/1195 1679/92/2857 781/92/1126
f 397/92/603 1664/92/2856 1663/92/2858
f 325/92/502 1661/92/2859 1660/92/2860
f 829/92/1194 1680/92/2861 805/92/1195
f 277/92/395 1657/92/2862 253/92/359
f 733/92/1089 1678/92/2863 1677/92/2864
f 613/92/884 1673/92/2865 1672/92/2866
f 829/92/1194 1650/92/2867 1681/92/2868
f 541/92/814 1670/92/2869 1669/92/2870
f 373/92/537 1661/92/2859 349/92/501
f 541/92/814 1668/92/2871 517/92/779
f 589/92/885 1672/92/2866 1671/92/2872
f 86/92/181 1650/92/2867 85/92/126
f 325/92/502 1659/92/2865 301/92/465
f 757/92/1127 1679/92/2857 1678/92/2863
f 181/92/256 1653/92/2873 157/92/219
f 661/92/954 1675/92/2874 1674/92/2875
f 397/92/603 1662/92/2876 373/92/537
f 661/92/954 1673/92/2865 637/92/922
f 157/92/219 1652/92/2877 133/92/180
f 709/92/1055 1675/92/2874 685/92/1021
f 469/92/712 1665/92/2855 445/92/641
f 229/92/326 1655/92/2878 205/92/291
f 469/92/712 1667/92/2879 1666/92/2880
f 229/92/326 1657/92/2862 1656/92/2881
f 86/92/181 1652/92/2877 1651/92/2882
f 517/92/779 1667/92/2879 493/92/744
f 181/92/256 1655/92/2878 1654/92/2883
f 733/92/1089 1676/92/2884 709/92/1055
f 589/92/885 1670/92/2869 565/92/850
f 277/92/395 1659/92/2865 1658/92/2885
f 1721/92/1829 1726/92/2886 1723/92/2887
f 1723/92/2887 1724/92/1868 1722/92/1826
f 1754/92/2265 1759/92/2888 1756/92/2889
f 1756/92/2889 1757/92/2304 1755/93/2262
f 1692/92/1392 1690/92/2890 1688/94/1349
f 1693/92/2891 1689/92/1345 1690/92/2890
f 1718/92/1749 1723/92/2887 1720/92/2892
f 1720/92/2892 1722/92/1826 1719/93/1786
f 1727/92/1830 1732/92/2893 1729/92/2894
f 1729/92/2894 1730/94/1949 1728/92/1904
f 1698/92/1512 1696/92/2895 1694/92/1472
f 1699/92/2896 1695/92/1429 1696/92/2895
f 1685/92/1296 1690/92/2890 1687/92/2897
f 1690/92/2890 1686/92/1347 1687/92/2897
f 1734/92/1991 1732/92/2893 1731/92/1907
f 1735/92/2898 1730/94/1949 1732/92/2893
f 1737/92/2031 1735/92/2898 1734/92/1991
f 1738/92/2899 1733/92/1948 1735/92/2898
f 1701/92/1511 1699/92/2896 1698/92/1512
f 1702/92/2900 1697/92/1469 1699/92/2896
f 1752/94/2150 1750/92/2901 1748/93/2151
f 1753/92/2902 1749/92/2148 1750/92/2901
f 1712/93/1670 1717/92/2903 1714/92/2904
f 1714/92/2904 1715/92/1746 1713/92/1706
f 1766/93/2346 1771/92/2905 1768/92/2906
f 1768/92/2906 1769/92/2463 1767/92/2423
f 1701/92/1511 1705/92/2907 1702/92/2900
f 1705/92/2907 1700/93/1509 1702/92/2900
f 1770/93/2426 1774/92/2908 1771/92/2905
f 1771/92/2905 1772/92/2487 1769/92/2463
f 1740/94/2030 1738/92/2899 1737/92/2031
f 1741/92/2909 1736/92/1988 1738/92/2899
f 1740/94/2030 1744/92/2910 1741/92/2909
f 1744/92/2910 1739/92/2028 1741/92/2909
f 1716/92/1669 1720/92/2892 1717/92/2903
f 1717/92/2903 1719/93/1786 1715/92/1746
f 1776/92/2512 1774/92/2908 1773/94/2489
f 1774/92/2908 1775/94/1292 1772/92/2487
f 1710/92/1592 1708/92/2911 1706/92/1593
f 1711/92/2912 1707/92/1588 1708/92/2911
f 1763/92/2347 1768/92/2906 1765/92/2913
f 1765/92/2913 1767/92/2423 1764/92/2384
f 1748/93/2151 1747/92/2914 1745/93/2113
f 1750/92/2901 1746/92/2108 1747/92/2914
f 1706/92/1593 1705/92/2907 1704/92/1552
f 1708/92/2911 1703/92/1549 1705/92/2907
f 1760/92/2307 1765/92/2913 1762/92/2915
f 1762/92/2915 1764/92/2384 1761/92/2344
f 1682/92/2916 1777/92/2917 1684/92/2918
f 1777/92/2917 1683/93/1297 1684/92/2918
f 1760/92/2307 1759/92/2888 1758/92/2264
f 1762/92/2915 1757/92/2304 1759/92/2888
f 1745/93/2113 1744/92/2910 1743/92/2033
f 1747/92/2914 1742/92/2068 1744/92/2910
f 1683/93/1297 1687/92/2897 1684/92/2918
f 1687/92/2897 1682/92/2916 1684/92/2918
f 1710/92/1592 1714/92/2904 1711/92/2912
f 1711/92/2912 1713/92/1706 1709/92/1627
f 1725/93/1831 1729/92/2894 1726/92/2886
f 1726/92/2886 1728/92/1904 1724/92/1868
f 1694/92/1472 1693/92/2891 1692/92/1392
f 1696/92/2895 1691/92/1389 1693/92/2891
f 1752/94/2150 1756/92/2889 1753/92/2902
f 1753/92/2902 1755/93/2262 1751/92/2188
f 1686/92/1347 1778/92/1293 1682/92/2916
f 1787/92/1470 1785/92/2919 1784/92/1430
f 1823/93/2189 1821/92/2920 1820/92/2149
f 1813/92/1989 1811/92/2921 1810/92/1905
f 1802/92/1747 1804/92/2922 1803/92/2923
f 1783/92/1390 1781/92/2924 1780/93/1346
f 1780/93/1346 1779/92/2925 1778/92/1293
f 1832/92/2345 1834/92/2926 1833/92/2927
f 1789/94/1510 1786/92/2928 1787/92/1470
f 1791/92/1550 1788/92/2929 1789/94/1510
f 1808/92/1869 1811/92/2921 1809/92/2930
f 1779/92/2925 1840/93/1294 1778/92/1293
f 1798/92/1665 1800/93/2931 1799/92/2932
f 1815/92/2029 1812/92/2933 1813/92/1989
f 1825/93/2226 1822/92/2934 1823/93/2189
f 1835/92/2385 1836/92/2935 1834/92/2926
f 1793/93/1589 1790/92/2936 1791/92/1550
f 1837/92/2424 1838/92/2937 1836/92/2935
f 1819/92/2109 1817/92/2938 1816/92/2069
f 1801/92/1707 1803/92/2923 1800/93/2931
f 1839/92/2464 1841/92/2939 1838/92/2937
f 1795/92/1628 1792/92/2940 1793/93/1589
f 1816/92/2069 1814/92/2941 1815/92/2029
f 1796/93/1666 1799/92/2932 1797/92/2942
f 1830/94/2305 1833/92/2927 1831/92/2943
f 1820/92/2149 1818/92/2944 1819/92/2109
f 1828/93/2263 1831/92/2943 1829/92/2945
f 1826/92/2225 1829/92/2945 1827/92/2946
f 1806/92/1827 1809/92/2930 1807/92/2947
f 1795/92/1628 1797/92/2942 1794/93/2948
f 1826/92/2225 1824/92/2949 1825/93/2226
f 1784/92/1430 1782/92/2950 1783/92/1390
f 1805/93/1787 1807/92/2947 1804/92/2922
f 3000/92/2509 1301/92/2428 2999/92/2951
f 1884/92/1377 1896/92/1455 1885/92/1415
f 1874/92/1382 1886/92/1378 1875/93/1337
f 2006/93/1820 2018/92/1857 2007/92/1815
f 2002/92/1812 2014/92/1849 2003/92/1809
f 2161/92/2333 2149/92/2289 2148/92/2292
f 2112/92/2136 2124/92/2174 2113/92/2175
f 1883/92/1374 1871/92/1328 1870/92/1375
f 1998/93/1744 2010/92/1823 1999/93/1783
f 2108/93/2129 2120/92/2184 2109/92/2127
f 2139/92/2254 2127/92/2178 2126/92/2220
f 1879/93/1367 1867/92/1342 1866/92/1317
f 2123/92/2211 2111/93/2130 2110/92/2135
f 1872/92/1277 1885/92/1415 1873/92/1274
f 1850/92/2503 2218/92/1322 1851/92/1272
f 2141/92/2221 2129/93/2181 2128/92/2183
f 1895/92/1416 1882/92/1371 1883/92/1374
f 2015/92/1811 2026/92/1890 2014/92/1849
f 2177/92/2380 2165/92/2336 2164/92/2339
f 1842/92/2500 2214/92/2952 1843/92/1261
f 1892/93/1410 1904/93/1448 1893/93/1449
f 2146/92/2248 2158/92/2327 2147/93/2251
f 2221/92/1321 1855/92/1326 1854/92/1273
f 2017/93/1856 2005/93/1770 2004/92/1814
f 2115/93/2137 2103/92/2097 2102/92/2138
f 2051/92/1932 2039/92/1929 2038/92/1933
f 2104/92/2104 2116/93/2182 2105/92/2101
f 2098/92/2095 2111/93/2130 2099/92/2090
f 2040/93/1935 2052/92/1971 2041/92/1892
f 1857/93/1278 1854/92/1273 1855/92/1326
f 2022/92/1846 2034/92/1927 2023/92/1864
f 1994/92/1740 2007/92/1815 1995/92/1777
f 2044/93/1943 2056/92/1982 2045/92/1898
f 2181/92/2405 2169/92/2323 2168/92/2366
f 2162/92/2293 2174/92/2374 2163/92/2334
f 2107/92/2146 2095/92/2065 2094/92/2087
f 1903/93/1466 1891/92/1386 1890/93/1409
f 2019/93/1819 2030/92/1896 2018/92/1857
f 2033/92/1901 2021/93/1860 2020/93/1863
f 1888/92/1384 1900/93/1422 1889/93/1423
f 2159/93/2290 2170/92/2367 2158/92/2327
f 1899/92/1463 1886/92/1378 1887/92/1381
f 1868/92/1370 1880/92/1408 1869/92/1366
f 2029/92/1895 2016/92/1854 2017/93/1856
f 2042/93/1941 2054/92/1936 2043/92/1937
f 2009/92/1822 1997/92/1780 1996/92/1782
f 2154/92/2260 2166/92/2340 2155/92/2301
f 2185/92/2413 2173/92/2371 2172/92/2373
f 2172/92/2373 2160/93/2330 2161/92/2333
f 1853/92/1275 1850/92/2503 1851/92/1272
f 2096/92/2089 2109/92/2127 2097/92/2128
f 2171/92/2331 2182/92/2408 2170/92/2367
f 2013/92/1848 2001/93/1805 2000/92/1808
f 1993/92/1774 1981/92/1692 1980/92/1733
f 1912/92/1464 1924/92/1502 1913/92/1503
f 2094/92/2087 2083/92/2049 2082/92/2088
f 1923/92/1543 1911/92/1459 1910/92/1462
f 1919/93/1532 1907/92/1452 1906/92/1456
f 2084/92/2048 2097/92/2128 2085/93/2024
f 2126/92/2220 2114/92/2143 2115/93/2137
f 2128/92/2183 2116/93/2182 2117/92/2142
f 1985/92/1743 1973/92/1697 1972/92/1700
f 1908/92/1458 1920/92/1495 1909/92/1496
f 2189/92/2420 2176/92/2378 2177/92/2380
f 1865/92/1335 1863/92/1284 1862/92/1336
f 2175/92/2337 2186/92/2414 2174/92/2374
f 2044/93/1943 2032/92/1899 2033/92/1901
f 1996/92/1782 1984/92/1696 1985/92/1743
f 2042/93/1941 2030/92/1896 2031/92/1861
f 1982/92/1741 1995/92/1777 1983/92/1736
f 1980/92/1733 1969/92/1693 1968/92/1695
f 2225/92/2506 1862/92/1336 1863/92/1284
f 2168/92/2366 2157/92/2324 2156/92/2326
f 1901/92/1424 1913/92/1503 1900/93/1422
f 1966/93/1650 1978/93/1734 1967/92/1689
f 1906/92/1456 1894/92/1411 1895/92/1416
f 2037/92/1925 2025/92/1887 2024/92/1889
f 2100/92/2096 2113/92/2175 2101/92/2134
f 1910/92/1462 1898/93/1418 1899/92/1463
f 2198/92/2417 2210/92/2483 2199/92/2458
f 2213/92/2486 2201/92/2453 2200/93/2457
f 1968/92/1695 1957/92/1610 1956/92/1653
f 2194/92/2445 2206/92/2481 2195/93/2450
f 2082/92/2088 2071/92/2008 2070/92/1985
f 1950/92/1625 1962/92/1687 1951/92/1648
f 1965/92/1686 1953/92/1585 1952/92/1607
f 2205/92/2478 2193/92/2381 2192/92/2441
f 1858/92/2507 2222/92/2484 1859/92/1283
f 2087/92/2051 2075/92/2015 2074/92/2052
f 1954/92/1651 1967/92/1689 1955/92/1615
f 1861/92/1286 1858/92/2507 1859/92/1283
f 2209/92/2480 2197/92/2410 2196/92/2449
f 2024/92/1889 2012/93/1845 2013/92/1848
f 2011/92/1806 2023/92/1864 2010/92/1823
f 2076/92/2014 2088/92/2094 2077/92/2010
f 2068/92/1984 2080/93/2017 2069/92/1981
f 2207/92/2479 2219/92/2504 2206/92/2481
f 2070/92/1985 2059/92/1969 2058/93/1986
f 2187/92/2418 2199/92/2458 2186/92/2414
f 1897/92/1417 1909/92/1496 1896/92/1455
f 1970/92/1657 1983/92/1736 1971/92/1701
f 2200/93/2457 2188/92/2377 2189/92/2420
f 1890/93/1409 1878/93/1340 1879/93/1367
f 2190/93/2422 2202/92/2460 2191/92/2442
f 2038/92/1933 2026/92/1890 2027/92/1893
f 2060/93/1968 2072/92/2025 2061/92/1944
f 2040/93/1935 2028/92/1853 2029/92/1895
f 2220/92/1327 2208/92/2444 2209/92/2480
f 1952/92/1607 1941/92/1545 1940/92/1568
f 2079/93/2062 2067/92/1978 2066/92/2018
f 1942/92/1611 1955/92/1615 1943/92/1616
f 1956/92/1653 1945/92/1571 1944/92/1575
f 2183/92/2411 2195/93/2450 2182/92/2408
f 1950/92/1625 1939/92/1569 1938/93/1586
f 1948/92/1582 1960/92/1656 1949/92/1617
f 2098/92/2095 2086/92/2055 2087/92/2051
f 2102/92/2138 2091/92/2057 2090/92/2061
f 2053/92/1934 2064/92/2011 2052/92/1971
f 1866/92/1317 1845/92/2499 1844/93/1318
f 2092/92/2064 2105/92/2101 2093/93/2102
f 2089/92/2054 2101/92/2134 2088/92/2094
f 2057/92/1942 2069/92/1981 2056/92/1982
f 1936/92/1544 1949/92/1617 1937/92/1542
f 2203/92/2477 2215/92/1263 2202/92/2460
f 2073/92/2007 2085/93/2024 2072/92/2025
f 2167/92/2364 2178/92/2406 2166/92/2340
f 2066/92/2018 2054/92/1936 2055/93/1940
f 1946/92/1578 1958/92/1660 1947/92/1583
f 1848/93/1319 1869/92/1366 1849/92/1260
f 2196/92/2449 2184/92/2370 2185/92/2413
f 1961/92/1659 1973/92/1697 1960/92/1656
f 2217/92/1267 2204/92/2421 2205/92/2478
f 1870/92/1375 1852/92/1330 1853/92/1275
f 2037/92/1925 2048/92/1945 2036/92/1886
f 1938/93/1586 1927/92/1529 1926/92/1546
f 2047/93/1902 2034/92/1927 2035/93/1903
f 1959/92/1618 1971/92/1701 1958/92/1660
f 1940/92/1568 1929/92/1505 1928/93/1528
f 2119/93/2145 2106/93/2105 2107/92/2146
f 1977/92/1725 1964/92/1624 1965/92/1686
f 1963/92/1663 1974/92/1726 1962/92/1687
f 1935/92/1579 1922/92/1499 1923/92/1543
f 1925/92/1504 1937/92/1542 1924/92/1502
f 2063/92/1972 2050/92/1928 2051/92/1932
f 1865/92/1335 1876/92/1285 1864/92/1282
f 2179/92/2363 2191/92/2442 2178/92/2406
f 2150/92/2294 2163/92/2334 2151/92/2299
f 2192/92/2441 2180/93/2382 2181/92/2405
f 2164/92/2339 2153/92/2253 2152/92/2298
f 1905/92/1451 1916/92/1506 1904/93/1448
f 1989/92/1767 1976/92/1704 1977/92/1725
f 1979/92/1729 1990/92/1775 1978/93/1734
f 1975/92/1662 1986/92/1768 1974/92/1726
f 2065/92/1975 2077/92/2010 2064/92/2011
f 2090/92/2061 2078/93/2022 2079/93/2062
f 2074/92/2052 2062/92/1976 2063/92/1972
f 1931/92/1572 1918/92/1491 1919/93/1532
f 1857/93/1278 1873/92/1274 1856/92/1271
f 2119/93/2145 2130/92/2208 2118/92/2169
f 1915/92/1465 1902/92/1425 1903/93/1466
f 2121/92/2168 2132/92/2222 2120/92/2184
f 2049/92/1924 2061/92/1944 2048/92/1945
f 2211/93/2485 2223/92/1331 2210/92/2483
f 1921/92/1498 1932/92/1531 1920/92/1495
f 2224/92/1288 2212/92/2452 2213/92/2486
f 2131/92/2185 2142/92/2283 2130/92/2208
f 2058/93/1986 2046/93/1926 2047/93/1902
f 1987/92/1745 1999/93/1783 1986/92/1768
f 2081/92/2021 2093/93/2102 2080/93/2017
f 1844/93/1318 1842/92/2500 1843/92/1261
f 2133/92/2244 2144/92/2259 2132/92/2222
f 2000/92/1808 1988/92/1703 1989/92/1767
f 2136/92/2213 2149/92/2289 2137/92/2247
f 1991/93/1771 2003/92/1809 1990/92/1775
f 1848/93/1319 1847/92/1262 1846/93/1320
f 1942/92/1611 1930/92/1537 1931/92/1572
f 1944/92/1575 1932/92/1531 1933/92/1536
f 2150/92/2294 2138/92/2216 2139/92/2254
f 2134/92/2210 2147/93/2251 2135/92/2252
f 1917/92/1488 1929/92/1505 1916/92/1506
f 2004/92/1814 1992/92/1728 1993/92/1774
f 1926/92/1546 1914/92/1489 1915/92/1465
f 1935/92/1579 1947/92/1583 1934/92/1539
f 2125/92/2177 2137/92/2247 2124/92/2174
f 2123/92/2211 2135/92/2252 2122/92/2171
f 1877/92/1385 1889/93/1423 1876/92/1285
f 1874/92/1382 1860/92/1339 1861/92/1286
f 2143/92/2223 2155/92/2301 2142/92/2283
f 2156/92/2326 2144/92/2259 2145/92/2282
f 2152/92/2298 2140/92/2219 2141/92/2221
f 2020/93/1863 2008/92/1779 2009/92/1822
f 1881/92/1369 1893/93/1449 1880/92/1408
f 1847/92/1262 2217/92/1267 1846/93/1320
f 2216/92/2476 1843/92/1261 2214/92/2952
f 2274/92/2953 2234/92/2954 2235/92/2955
f 2276/92/2956 1307/92/2957 1306/92/2958
f 2279/92/2959 1304/92/2960 2278/92/2961
f 2274/92/2953 2236/92/2962 2280/92/2963
f 2281/92/2964 2246/92/2522 2273/92/2965
f 2282/92/2966 2226/92/2526 2264/92/2967
f 2284/92/2968 2232/92/2969 2283/92/2970
f 2285/92/2971 2232/92/2969 2233/92/2972
f 2268/92/2973 2249/92/2519 1309/92/2529
f 2286/92/2974 2236/92/2962 2237/92/2975
f 2281/92/2964 2244/92/2976 2245/92/2977
f 2288/92/2978 2244/92/2976 2287/92/2979
f 2290/92/2980 2241/92/2981 2289/92/2982
f 2271/92/2983 2227/92/2527 2228/92/2518
f 2289/92/2982 2242/92/2984 2291/92/2985
f 2267/92/2528 1308/92/2986 2292/92/2987
f 2293/92/2988 2238/92/2989 2239/92/2990
f 2272/92/2514 2231/92/2991 2284/92/2968
f 2291/92/2985 2243/92/2992 2288/92/2978
f 2285/92/2971 2234/92/2954 2275/92/2993
f 2286/92/2974 2238/92/2989 2294/92/2994
f 2290/92/2980 2239/92/2990 2240/92/2995
f 2292/92/2987 1307/92/2957 2277/92/2996
f 2279/92/2959 1306/92/2958 1305/92/2997
f 2282/92/2966 1304/92/2960 1303/92/2998
f 1307/92/2957 2250/92/2999 1306/92/2958
f 1310/92/2530 2250/92/2999 1308/92/2986
f 1306/92/2958 2251/453/3000 1305/92/2997
f 1309/92/2529 2251/453/3000 2250/92/2999
f 1305/92/2997 2252/94/3001 1304/92/2960
f 2249/92/2519 2252/94/3001 2251/453/3000
f 1304/92/2960 2253/92/3002 1303/92/2998
f 2248/92/2524 2253/92/3002 2252/94/3001
f 1303/92/2998 2254/92/3003 2226/92/2526
f 2247/92/2523 2254/92/3003 2253/92/3002
f 2226/92/2526 2255/94/3004 2227/92/2527
f 2246/92/2522 2255/94/3004 2254/92/3003
f 2227/92/2527 2256/92/3005 2228/92/2518
f 2245/92/2977 2256/92/3005 2255/94/3004
f 2256/92/3005 2229/92/2515 2228/92/2518
f 2256/92/3005 2243/92/2992 2257/92/3006
f 2257/92/3006 2230/92/2516 2229/92/2515
f 2257/92/3006 2242/92/2984 2258/92/3007
f 2258/92/3007 2231/92/2991 2230/92/2516
f 2258/92/3007 2241/92/2981 2259/92/3008
f 2259/92/3008 2232/92/2969 2231/92/2991
f 2259/92/3008 2240/92/2995 2260/92/3009
f 2260/92/3009 2233/92/2972 2232/92/2969
f 2260/92/3009 2239/92/2990 2261/92/3010
f 2261/92/3010 2234/92/2954 2233/92/2972
f 2261/92/3010 2238/92/2989 2262/92/3011
f 2262/92/3011 2235/92/2955 2234/92/2954
f 2262/92/3011 2237/92/2975 2236/92/2962
f 2299/92/3012 2270/92/2517 2272/92/2514
f 2298/92/3013 2271/92/2983 2270/92/2517
f 2312/92/3014 2265/92/2520 2296/92/3015
f 2314/92/3016 2273/92/2965 2269/92/2521
f 2314/92/3016 2266/92/1361 2312/92/3014
f 2295/92/3017 2264/92/2967 2263/92/2525
f 2313/92/3018 2267/92/2528 2297/92/3019
f 2300/92/3020 2275/92/2993 2274/92/2953
f 2301/92/3021 2277/92/2996 2276/92/2956
f 2319/92/3022 2278/92/2961 2302/92/3023
f 2300/92/3020 2280/92/2963 2303/92/3024
f 2320/92/3025 2273/92/2965 2316/92/3026
f 2321/92/3027 2264/92/2967 2311/92/3028
f 2322/92/3029 2283/92/2970 2304/92/3030
f 2305/92/3031 2283/92/2970 2285/92/2971
f 2313/92/3018 2265/92/2520 2268/92/2973
f 2306/92/3032 2280/92/2963 2286/92/2974
f 2320/92/3025 2287/92/2979 2281/92/2964
f 2324/92/3033 2287/92/2979 2323/92/3034
f 2325/92/3035 2289/92/2982 2307/92/3036
f 2315/92/3037 2263/92/2525 2271/92/2983
f 2307/92/3036 2291/92/2985 2308/92/3038
f 2309/92/3039 2267/92/2528 2292/92/2987
f 2310/92/3040 2294/92/2994 2293/92/2988
f 2299/92/3012 2284/92/2968 2322/92/3029
f 2308/92/3038 2288/92/2978 2324/92/3033
f 2305/92/3031 2275/92/2993 2317/92/3041
f 2306/92/3032 2294/92/2994 2326/92/3042
f 2325/92/3035 2293/92/2988 2290/92/2980
f 2309/92/3039 2277/92/2996 2318/92/3043
f 2319/92/3022 2276/92/2956 2279/92/2959
f 2321/92/3027 2278/92/2961 2282/92/2966
f 1321/92/3044 2298/92/3013 2299/92/3012
f 1320/92/3045 2315/92/3037 2298/92/3013
f 1339/92/3046 2296/92/3015 1340/92/3047
f 1338/92/3048 2316/92/3026 2314/92/3016
f 1338/92/3048 2312/92/3014 1339/92/3046
f 1318/92/3049 2311/92/3028 2295/92/3017
f 853/92/3050 2313/92/3018 2297/92/3019
f 1326/92/3051 2317/92/3041 2300/92/3020
f 1313/92/3052 2318/92/3043 2301/92/3021
f 1314/92/3053 2302/92/3023 1315/92/3054
f 1326/92/3051 2303/92/3024 1327/92/3055
f 1336/92/3056 2316/92/3026 1337/92/3057
f 1316/92/3058 2311/92/3028 1317/92/3059
f 1322/92/3060 2304/92/3030 1323/92/3061
f 1324/92/3062 2304/92/3030 2305/92/3031
f 1106/92/3063 2296/92/3015 2313/92/3018
f 1328/92/3064 2303/92/3024 2306/92/3032
f 1336/92/3056 2323/92/3034 2320/92/3025
f 1334/92/3065 2323/92/3034 1335/92/3066
f 1331/92/3067 2307/92/3036 1332/92/3068
f 1318/92/3049 2315/92/3037 1319/92/3069
f 1332/92/3068 2308/92/3038 1333/92/3070
f 853/92/3050 2309/92/3039 1311/92/3071
f 1330/92/3072 2326/92/3042 2310/92/3040
f 1321/92/3044 2322/92/3029 1322/92/3060
f 1333/92/3070 2324/92/3033 1334/92/3065
f 1324/92/3062 2317/92/3041 1325/92/3073
f 1328/92/3064 2326/92/3042 1329/92/3074
f 1331/92/3067 2310/92/3040 2325/92/3035
f 1311/92/3071 2318/92/3043 1312/92/3075
f 1314/92/3053 2301/92/3021 2319/92/3022
f 1316/92/3058 2302/92/3023 2321/92/3027
f 2358/93/1835 2356/92/1794 2355/92/1833
f 2382/92/2310 2380/93/2268 2379/92/2311
f 2327/93/2492 2389/93/2490 2328/92/1243
f 2342/93/1515 2340/92/1477 2339/92/1516
f 2389/93/2490 2388/92/2431 2387/92/2468
f 2351/92/1674 2353/92/1752 2352/92/1755
f 2342/93/1515 2343/92/1558 2341/93/1475
f 2368/92/2075 2366/92/1994 2365/92/1955
f 2334/93/1353 2332/92/1301 2331/92/1245
f 2330/92/1246 2327/93/2492 2328/92/1243
f 2355/92/1833 2353/92/1752 2354/92/1713
f 2385/92/2391 2388/92/2431 2386/92/2432
f 2363/92/1910 2366/92/1994 2364/92/1997
f 2383/94/2313 2386/92/2432 2384/92/2392
f 2345/92/1594 2347/92/1633 2346/92/1557
f 2370/92/2077 2367/92/2037 2368/92/2075
f 2344/92/1595 2346/92/1557 2343/92/1558
f 2361/93/1911 2364/92/1997 2362/92/1912
f 2382/92/2310 2384/92/2392 2381/92/2352
f 2371/92/2115 2373/92/2156 2372/92/2116
f 2330/92/1246 2332/92/1301 2329/92/1304
f 2361/93/1911 2360/92/1876 2359/92/1834
f 2371/92/2115 2369/92/2036 2370/92/2077
f 2349/92/1671 2352/92/1755 2350/92/1714
f 2337/92/1436 2340/92/1477 2338/92/1437
f 2358/93/1835 2360/92/1876 2357/92/1877
f 2337/92/1436 2336/92/1397 2335/93/1355
f 2375/92/2195 2377/92/2233 2376/92/2234
f 2335/93/1355 2333/92/1398 2334/93/1353
f 2348/93/1672 2350/92/1714 2347/92/1633
f 2378/92/2194 2380/93/2268 2377/92/2233
f 2375/92/2195 2373/92/2156 2374/92/2114
f 2390/92/2429 854/92/2491 1289/92/3076
f 2419/92/3077 1248/92/1352 1262/92/1242
f 2401/92/3078 1248/92/1352 2413/92/3079
f 2401/92/3078 1220/92/1396 1234/92/1354
f 2404/92/3080 1206/92/1395 1220/92/1396
f 2392/92/3081 1206/92/1395 2394/92/3082
f 2406/92/3083 1192/92/1435 2392/92/3081
f 2406/92/3083 1164/92/1555 1178/92/1556
f 2400/92/3084 1150/92/1597 1164/92/1555
f 2409/92/3085 1150/92/1597 2399/92/3086
f 2407/92/3087 1136/92/1596 2409/92/3085
f 2407/92/3087 1108/92/1712 1122/92/1673
f 2405/92/3088 1093/92/1793 1108/92/1712
f 2402/92/3089 1093/92/1793 2403/92/3090
f 2402/92/3089 1065/92/1832 1079/92/1792
f 2391/92/3091 1051/92/1875 1065/92/1832
f 2415/92/3092 1051/92/1875 2420/92/3093
f 2414/92/3094 1037/92/1874 2415/92/3092
f 2414/92/3094 1009/92/2035 1023/92/1954
f 2411/92/3095 1009/92/2035 2416/92/3096
f 2408/92/3097 995/92/2034 2411/92/3095
f 2408/92/3097 967/92/2076 981/92/2074
f 2421/92/3098 953/92/2155 967/92/2076
f 2395/92/3099 953/92/2155 2396/92/3100
f 2410/92/3101 939/92/2154 2395/92/3099
f 2410/92/3101 911/92/2231 925/92/2232
f 2398/92/3102 897/92/2312 911/92/2231
f 2417/92/3103 897/92/2312 2397/92/3104
f 2412/92/3105 883/92/2351 2417/92/3103
f 2412/92/3105 856/92/2390 857/92/2350
f 2422/92/3106 856/92/2390 2393/92/3107
f 2418/92/2469 1290/92/2467 2422/92/3106
f 858/92/2494 2419/92/3077 2418/92/2469
f 884/92/1312 2419/92/3077 859/92/2496
f 898/92/1310 2413/92/3079 884/92/1312
f 898/92/1310 2404/92/3080 2401/92/3078
f 912/92/1404 2394/92/3082 2404/92/3080
f 940/92/1484 2394/92/3082 926/92/1402
f 954/92/1524 2392/92/3081 940/92/1484
f 954/92/1524 2400/92/3084 2406/92/3083
f 982/92/1563 2400/92/3084 968/92/1523
f 982/92/1563 2409/92/3085 2399/92/3086
f 1010/92/1603 2409/92/3085 996/92/1562
f 1024/92/1680 2407/92/3087 1010/92/1603
f 1024/92/1680 2403/92/3090 2405/92/3088
f 1052/92/1719 2403/92/3090 1038/92/1720
f 1052/92/1719 2391/92/3091 2402/92/3089
f 1080/92/1841 2391/92/3091 1066/92/1761
f 1080/92/1841 2415/92/3092 2420/92/3093
f 1109/92/1963 2415/92/3092 1094/92/1840
f 1109/92/1963 2416/92/3096 2414/92/3094
f 1137/92/2001 2416/92/3096 1123/92/2003
f 1137/92/2001 2408/92/3097 2411/92/3095
f 1151/92/2043 2421/92/3098 2408/92/3097
f 1179/92/2163 2421/92/3098 1165/92/2083
f 1179/92/2163 2395/92/3099 2396/92/3100
f 1207/92/2240 2395/92/3099 1193/92/2162
f 1207/92/2240 2398/92/3102 2410/92/3101
f 1235/92/2238 2398/92/3102 1221/92/2239
f 1249/92/2277 2397/92/3104 1235/92/2238
f 1263/92/2359 2417/92/3103 1249/92/2277
f 1263/92/2359 2393/92/3107 2412/92/3105
f 1277/92/2399 2422/92/3106 2393/92/3107
f 858/92/2494 2422/92/3106 1291/92/2437
f 2449/92/1799 2451/93/1836 2450/92/1796
f 2475/92/2274 2477/92/2354 2476/92/2314
f 2454/92/1881 2451/93/1836 2452/94/1798
f 2454/92/1881 2455/92/1915 2453/92/1878
f 2434/92/1444 2432/92/1399 2431/93/1362
f 2423/92/1252 2425/92/1308 2424/92/3108
f 2449/92/1799 2448/92/1756 2447/92/1678
f 2473/93/2275 2476/92/2314 2474/92/2235
f 2427/92/1360 2429/92/1400 2428/92/1306
f 2461/92/2041 2463/92/2038 2462/93/1998
f 2483/92/2435 2485/92/1247 2484/92/2433
f 2466/93/2081 2463/92/2038 2464/92/2040
f 2439/92/1521 2441/92/1598 2440/93/1599
f 2461/92/2041 2460/93/1958 2459/92/1916
f 2427/92/1360 2425/92/1308 2426/92/1251
f 2483/92/2435 2482/92/2434 2481/94/2397
f 2437/92/1522 2440/93/1599 2438/92/1519
f 2458/92/1917 2455/92/1915 2456/93/1880
f 2468/92/2123 2465/92/2078 2466/93/2081
f 2458/92/1917 2460/93/1958 2457/92/1914
f 2442/92/1640 2443/92/1637 2441/92/1598
f 2478/92/2317 2479/92/2394 2477/92/2354
f 2445/92/1642 2448/92/1756 2446/92/1716
f 2437/92/1522 2436/92/1479 2435/92/1482
f 2480/92/2319 2482/92/2434 2479/92/2394
f 2444/94/1639 2446/92/1716 2443/92/1637
f 2470/94/2161 2467/92/2118 2468/92/2123
f 2485/92/1247 2423/92/1252 2424/92/3108
f 2471/92/2160 2474/92/2235 2472/92/2236
f 2435/92/1482 2433/92/1439 2434/92/1444
f 2431/93/1362 2429/92/1400 2430/92/1359
f 2471/92/2160 2469/92/2198 2470/94/2161
f 2425/92/1308 2487/92/1248 2424/92/3108
f 862/92/1257 1264/92/1254 1293/92/2497
f 886/92/1315 1236/92/1361 1250/92/1358
f 900/92/1363 1222/92/1442 1236/92/1361
f 928/92/1445 1222/92/1442 914/92/1406
f 942/92/1486 1208/92/1441 928/92/1445
f 956/92/1526 1194/92/1443 942/92/1486
f 956/92/1526 1166/92/1601 1180/92/1481
f 984/92/1644 1166/92/1601 970/92/1566
f 984/92/1644 1138/92/1641 1152/92/1600
f 998/92/1682 1124/92/1677 1138/92/1641
f 1026/92/1763 1124/92/1677 1012/92/1723
f 1040/92/1803 1110/92/1759 1026/92/1763
f 1054/92/1843 1095/92/1758 1040/92/1803
f 1068/92/1885 1081/92/1839 1054/92/1843
f 1082/92/1921 1067/92/1838 1068/92/1885
f 1082/92/1921 1039/92/1882 1053/92/1883
f 1096/92/1920 1025/92/1961 1039/92/1882
f 1111/92/1965 1011/92/1960 1025/92/1961
f 1125/92/2004 997/92/2080 1011/92/1960
f 1139/92/2044 983/92/2121 997/92/2080
f 1167/92/2125 983/92/2121 1153/92/2084
f 1181/92/2164 969/92/2120 1167/92/2125
f 1181/92/2164 941/92/978 955/92/2122
f 1209/92/2279 941/92/978 1195/92/2204
f 1209/92/2279 913/92/2316 927/92/2200
f 1223/92/2321 899/92/2318 913/92/2316
f 1237/92/2361 885/92/2357 899/92/2318
f 1265/92/2439 885/92/2357 1251/92/2401
f 1279/92/2473 861/92/2356 1265/92/2439
f 1279/92/2473 1264/92/1254 860/92/2396
f 886/92/1315 1278/92/2471 863/92/1256
f 2533/93/2158 2535/92/2202 2534/92/2082
f 2498/92/1480 2496/92/1309 2495/92/1440
f 2515/92/1797 2517/92/1801 2516/92/1760
f 2490/92/1307 2488/92/2495 2487/92/1248
f 2539/92/2272 2541/92/2276 2540/92/2237
f 2520/92/1879 2517/92/1801 2518/92/1837
f 2511/92/1717 2513/92/1718 2512/92/1721
f 2537/92/2273 2540/92/2237 2538/93/2201
f 2501/92/1560 2503/92/1564 2502/92/1483
f 2528/92/2079 2526/92/1962 2525/92/2039
f 2547/93/2470 2549/93/3109 2548/92/2436
f 2491/92/1357 2493/92/1311 2492/92/1313
f 2514/92/1757 2516/92/1760 2513/92/1718
f 2530/92/2119 2527/92/2002 2528/92/2079
f 2506/92/1638 2503/92/1564 2504/92/1559
f 2525/92/2039 2524/92/1918 2523/93/1999
f 2545/92/2395 2548/92/2436 2546/92/2398
f 2542/92/2315 2543/92/2358 2541/92/2276
f 2491/92/1357 2489/92/2493 2490/92/1307
f 2523/93/1999 2522/92/1919 2521/92/1959
f 2532/92/2159 2529/92/2000 2530/92/2119
f 2508/92/1676 2505/92/1561 2506/92/1638
f 2509/92/1675 2512/92/1721 2510/93/1679
f 2501/92/1560 2500/92/1401 2499/92/1520
f 2544/92/2355 2546/92/2398 2543/92/2358
f 2532/92/2159 2534/92/2082 2531/92/2042
f 2520/92/1879 2522/92/1919 2519/93/1800
f 2488/92/2495 2550/92/1249 2487/92/1248
f 2508/92/1676 2510/93/1679 2507/92/1602
f 2499/92/1520 2497/92/1403 2498/92/1480
f 2536/92/2199 2538/93/2201 2535/92/2202
f 2495/92/1440 2493/92/1311 2494/92/1356
f 2549/93/3109 858/92/2494 1291/92/2437
f 2592/92/815 2590/92/3110 2589/92/781
f 2612/93/1197 2610/92/3111 2609/92/1093
f 2567/92/362 2569/92/3112 2568/92/3113
f 2592/92/815 2593/92/3114 2591/92/3115
f 2614/93/3116 2611/92/3117 2612/93/1197
f 2605/92/1091 2607/92/3118 2606/92/3119
f 2570/93/434 2571/92/3120 2569/92/3112
f 2566/92/363 2564/92/3121 2563/92/327
f 2576/92/573 2574/92/3122 2573/92/539
f 2605/92/1091 2604/94/3123 2603/92/1022
f 2601/92/1023 2604/94/3123 2602/92/3124
f 2561/92/328 2564/92/3121 2562/92/3125
f 2572/92/466 2574/92/3122 2571/92/3120
f 2585/92/676 2587/93/3126 2586/92/3127
f 2576/92/573 2577/92/3128 2575/92/3129
f 2556/92/182 2554/93/3130 2553/92/183
f 2561/92/328 2560/92/3131 2559/93/258
f 2588/92/714 2590/92/3110 2587/93/3126
f 2613/92/3132 2552/93/1227 2551/93/3133
f 2559/93/258 2558/92/3134 2557/92/185
f 2582/93/643 2580/92/3135 2579/92/605
f 2599/92/956 2602/92/3124 2600/92/3136
f 2556/92/182 2558/92/3134 2555/92/3137
f 2599/92/956 2598/92/3138 2597/92/924
f 2553/92/183 2551/93/3133 2552/93/1227
f 2579/92/605 2577/92/3128 2578/92/572
f 2596/92/854 2593/92/3114 2594/92/852
f 2583/93/642 2586/92/3127 2584/92/3139
f 2597/92/924 2595/93/3140 2596/92/854
f 2567/92/362 2565/93/3141 2566/92/363
f 2582/93/643 2584/92/3139 2581/92/3142
f 2609/92/1093 2607/92/3118 2608/93/1090
f 91/92/134 2614/93/3116 832/92/1196
f 2628/92/3143 231/92/239 519/92/156
f 2640/92/3144 687/92/238 231/92/239
f 2646/92/3145 687/92/238 2621/92/3146
f 2646/92/3145 783/92/309 89/92/310
f 2617/92/3147 639/92/379 783/92/309
f 2642/92/3148 639/92/379 2623/92/3149
f 2643/92/1590 183/92/378 2642/92/3148
f 2643/92/1590 423/92/484 159/92/415
f 2636/92/3150 423/92/484 2632/92/3151
f 2636/92/3150 447/92/522 327/92/483
f 2631/92/3152 567/92/557 447/92/522
f 2619/92/3153 567/92/557 2626/92/3154
f 2616/92/3155 735/92/624 2619/92/3153
f 2616/92/3155 90/92/695 807/92/623
f 2622/92/3156 90/92/695 2645/92/3157
f 2622/92/3156 615/92/761 663/92/694
f 2629/92/3158 615/92/761 2624/92/3159
f 2629/92/3158 399/92/833 495/92/760
f 2633/92/3160 351/92/869 399/92/833
f 2641/92/3161 351/92/869 2635/92/3162
f 2637/92/3163 207/92/906 2641/92/3161
f 2637/92/3163 759/92/975 303/92/905
f 2615/92/986 759/92/975 2618/92/3164
f 2615/92/986 471/92/1039 831/92/974
f 2630/92/3165 711/92/1075 471/92/1039
f 2639/92/3166 711/92/1075 2620/92/3167
f 2644/92/3168 255/92/1074 2639/92/3166
f 2644/92/3168 375/92/1146 135/92/1147
f 2638/92/3169 375/92/1146 2634/92/3170
f 2627/92/3171 279/92/1214 2638/92/3169
f 2625/92/1198 543/92/1213 2627/92/3171
f 113/92/159 2628/92/3143 2625/92/1198
f 147/92/241 2628/92/3143 114/92/204
f 147/92/241 2621/92/3146 2640/92/3144
f 171/92/240 2646/92/3145 2621/92/3146
f 195/92/312 2617/92/3147 2646/92/3145
f 243/92/349 2617/92/3147 219/92/311
f 243/92/349 2642/92/3148 2623/92/3149
f 267/92/381 2643/92/1590 2642/92/3148
f 291/92/416 2632/92/3151 2643/92/1590
f 315/92/486 2636/92/3150 2632/92/3151
f 339/92/524 2631/92/3152 2636/92/3150
f 363/92/559 2626/92/3154 2631/92/3152
f 411/92/626 2626/92/3154 387/92/591
f 411/92/626 2616/92/3155 2619/92/3153
f 435/92/661 2645/92/3157 2616/92/3155
f 483/92/732 2645/92/3157 459/92/660
f 483/92/732 2624/92/3159 2622/92/3156
f 531/92/802 2624/92/3159 507/92/731
f 555/92/836 2629/92/3158 531/92/802
f 579/92/872 2633/92/3160 555/92/836
f 603/92/871 2635/92/3162 579/92/872
f 603/92/871 2637/92/3163 2641/92/3161
f 651/92/940 2637/92/3163 627/92/908
f 675/92/976 2618/92/3164 651/92/940
f 699/92/1041 2615/92/986 675/92/976
f 723/92/1077 2630/92/3165 699/92/1041
f 723/92/1077 2639/92/3166 2620/92/3167
f 771/92/1149 2639/92/3166 747/92/1112
f 771/92/1149 2634/92/3170 2644/92/3168
f 819/92/1181 2634/92/3170 795/92/1148
f 819/92/1181 2627/92/3171 2638/92/3169
f 113/92/159 2627/92/3171 843/92/1216
f 2707/92/3172 2674/92/139 2706/92/3173
f 2707/92/3172 2652/92/228 2675/92/138
f 2684/92/3174 2655/92/265 2652/92/228
f 2683/92/3175 2655/92/265 2687/92/3176
f 2682/92/3177 2651/92/264 2683/92/3175
f 2710/92/3178 2650/92/299 2682/92/3177
f 2703/92/3179 2678/92/334 2710/92/3178
f 2698/92/3180 2671/92/403 2703/92/3179
f 2698/92/3180 2658/92/472 2666/92/402
f 2690/92/3181 2663/92/471 2658/92/472
f 2695/92/3182 2669/92/545 2663/92/471
f 2702/92/3183 2669/92/545 2701/92/3184
f 2708/92/3185 2670/92/544 2702/92/3183
f 2708/92/3185 2649/92/646 2676/92/610
f 2681/92/3186 2647/92/682 2649/92/646
f 2689/92/3187 2647/92/682 2679/92/3188
f 2689/92/3187 2654/92/719 2657/92/681
f 2699/92/3189 2654/92/719 2686/92/3190
f 2693/92/3191 2667/92/787 2699/92/3189
f 2693/92/3191 2659/92/820 2661/92/821
f 2691/92/3192 2662/92/858 2659/92/820
f 2685/92/3193 2662/92/858 2694/92/3194
f 2688/92/3195 2653/92/893 2685/92/3193
f 2680/92/3196 2656/92/929 2688/92/3195
f 2680/92/3196 2677/92/1030 2648/92/962
f 2709/92/3197 2673/92/1029 2677/92/1030
f 2705/92/3198 2672/92/1097 2673/92/1029
f 2704/92/3199 2668/92/1136 2672/92/1097
f 2700/92/3200 2665/92/1167 2668/92/1136
f 2692/92/3201 2665/92/1167 2697/92/3202
f 2696/92/3203 2660/92/1166 2692/92/3201
f 2696/92/3203 2674/92/139 2664/92/1203
f 98/92/190 2706/92/3173 97/92/141
f 98/92/190 2684/92/3174 2707/92/3172
f 139/92/189 2687/92/3176 2684/92/3174
f 187/92/267 2687/92/3176 163/92/230
f 211/92/301 2683/92/3175 187/92/267
f 211/92/301 2710/92/3178 2682/92/3177
f 259/92/368 2710/92/3178 235/92/335
f 283/92/442 2703/92/3179 259/92/368
f 283/92/442 2690/92/3181 2698/92/3180
f 331/92/474 2690/92/3181 307/92/441
f 331/92/474 2701/92/3184 2695/92/3182
f 379/92/581 2701/92/3184 355/92/547
f 403/92/613 2702/92/3183 379/92/581
f 403/92/613 2681/92/3186 2708/92/3185
f 427/92/649 2679/92/3188 2681/92/3186
f 475/92/683 2679/92/3188 451/92/684
f 475/92/683 2686/92/3190 2689/92/3187
f 523/92/752 2686/92/3190 499/92/720
f 547/92/790 2699/92/3189 523/92/752
f 547/92/790 2691/92/3192 2693/92/3191
f 571/92/823 2694/92/3194 2691/92/3192
f 619/92/895 2694/92/3194 595/92/860
f 619/92/895 2688/92/3195 2685/92/3193
f 667/92/997 2688/92/3195 643/92/964
f 667/92/997 2709/92/3197 2680/92/3196
f 691/92/996 2705/92/3198 2709/92/3197
f 739/92/1099 2705/92/3198 715/92/1062
f 739/92/1099 2700/92/3200 2704/92/3199
f 763/92/1138 2697/92/3202 2700/92/3200
f 787/92/1169 2692/92/3201 2697/92/3202
f 835/92/1229 2692/92/3201 811/92/1205
f 835/92/1229 2706/92/3173 2696/92/3203
f 2765/92/3204 2732/92/148 2764/92/3205
f 2751/92/3206 2733/92/147 2765/92/3204
f 2751/92/3206 2723/92/271 2719/92/233
f 2743/92/3207 2723/92/271 2755/92/3208
f 2743/92/3207 2716/92/341 2711/92/270
f 2773/92/3209 2716/92/341 2748/92/3210
f 2768/92/3211 2741/92/340 2773/92/3209
f 2768/92/3211 2731/92/445 2736/92/372
f 2763/92/3212 2728/92/478 2731/92/445
f 2758/92/3213 2728/92/478 2760/92/3214
f 2754/92/3215 2726/92/477 2758/92/3213
f 2749/92/3216 2722/92/551 2754/92/3215
f 2749/92/3216 2739/92/617 2717/92/550
f 2774/92/3217 2739/92/617 2771/92/3218
f 2745/92/3219 2742/92/616 2774/92/3217
f 2747/92/3220 2713/92/654 2745/92/3219
f 2747/92/3220 2718/92/724 2715/92/725
f 2750/92/3221 2721/92/794 2718/92/724
f 2753/92/3222 2730/92/828 2721/92/794
f 2759/92/3223 2730/92/828 2762/92/3224
f 2759/92/3223 2740/92/900 2727/92/827
f 2772/92/3225 2735/92/899 2740/92/900
f 2767/92/3226 2720/92/969 2735/92/899
f 2752/92/3227 2725/92/968 2720/92/969
f 2744/92/3228 2725/92/968 2757/92/3229
f 2744/92/3228 2714/92/1067 2712/92/1002
f 2746/92/3230 2737/92/1066 2714/92/1067
f 2770/92/3231 2737/92/1066 2769/92/3232
f 2770/92/3231 2734/92/1173 2738/92/1140
f 2761/92/3233 2734/92/1173 2766/92/3234
f 2761/92/3233 2724/92/1231 2729/92/1172
f 2756/92/3235 2732/92/148 2724/92/1231
f 106/92/197 2764/92/3205 105/92/150
f 143/92/236 2765/92/3204 106/92/197
f 143/92/236 2755/92/3208 2751/92/3206
f 191/92/306 2755/92/3208 167/92/273
f 191/92/306 2748/92/3210 2743/92/3207
f 239/92/374 2748/92/3210 215/92/343
f 263/92/373 2773/92/3209 239/92/374
f 263/92/373 2763/92/3212 2768/92/3211
f 311/92/448 2763/92/3212 287/92/411
f 335/92/480 2760/92/3214 311/92/448
f 359/92/553 2758/92/3213 335/92/480
f 383/92/552 2754/92/3215 359/92/553
f 383/92/552 2771/92/3218 2749/92/3216
f 431/92/619 2771/92/3218 407/92/585
f 431/92/619 2745/92/3219 2774/92/3217
f 479/92/727 2745/92/3219 455/92/655
f 479/92/727 2750/92/3221 2747/92/3220
f 503/92/726 2753/92/3222 2750/92/3221
f 527/92/796 2762/92/3224 2753/92/3222
f 575/92/865 2762/92/3224 551/92/795
f 575/92/865 2772/92/3225 2759/92/3223
f 599/92/864 2767/92/3226 2772/92/3225
f 623/92/902 2752/92/3227 2767/92/3226
f 647/92/971 2757/92/3229 2752/92/3227
f 695/92/1036 2757/92/3229 671/92/1004
f 695/92/1036 2746/92/3230 2744/92/3228
f 719/92/1069 2769/92/3232 2746/92/3230
f 767/92/1143 2769/92/3232 743/92/1068
f 767/92/1143 2766/92/3234 2770/92/3231
f 815/92/1211 2766/92/3234 791/92/1142
f 839/92/1232 2761/92/3233 815/92/1211
f 839/92/1232 2764/92/3205 2756/92/3235
f 866/92/1264 2778/92/3236 2781/92/3237
f 888/92/1341 2778/92/3236 867/92/2498
f 888/92/1341 2800/92/3238 2798/92/3239
f 916/92/1426 2800/92/3238 902/92/1387
f 916/92/1426 2796/92/3240 2793/92/3241
f 944/92/1530 2796/92/3240 930/92/1490
f 958/92/1570 2789/92/3242 944/92/1530
f 972/92/1609 2786/92/3243 958/92/1570
f 972/92/1609 2805/92/3244 2783/92/3245
f 986/92/1608 2775/92/3246 2805/92/3244
f 1014/92/1688 2775/92/3246 1000/92/1649
f 1014/92/1688 2790/92/3247 2780/92/3248
f 1042/92/1769 2790/92/3247 1028/92/1727
f 1042/92/1769 2802/92/3249 2797/92/3250
f 1056/92/1784 2792/92/3251 2802/92/3249
f 1084/92/1865 2792/92/3251 1070/92/1824
f 1084/92/1865 2787/92/3252 2795/92/3253
f 1113/92/2009 2787/92/3252 1098/92/1970
f 1127/92/2050 2782/92/3254 1113/92/2009
f 1127/92/2050 2804/92/3255 2806/92/3256
f 1155/92/2106 2804/92/3255 1141/92/2066
f 1155/92/2106 2777/92/3257 2803/92/3258
f 1183/92/2209 2777/92/3257 1169/92/2170
f 1197/92/2246 2779/92/3259 1183/92/2209
f 1197/92/2246 2794/92/3260 2785/92/3261
f 1211/92/2245 2799/92/3262 2794/92/3260
f 1225/92/2284 2791/92/3263 2799/92/3262
f 1253/92/2341 2791/92/3263 1239/92/2302
f 1253/92/2341 2788/92/3264 2784/92/3265
f 1281/92/2443 2788/92/3264 1267/92/2407
f 1281/92/2443 2801/92/3266 2776/92/3267
f 866/92/1264 2801/92/3266 1295/92/1265
f 2778/92/3236 2813/92/1259 2781/92/3237
f 2798/92/3239 2810/92/1258 2778/92/3236
f 2800/92/3238 2830/92/1365 2798/92/3239
f 2793/92/3241 2832/92/1364 2800/92/3238
f 2793/92/3241 2828/92/1446 2825/92/1447
f 2789/92/3242 2828/92/1446 2796/92/3240
f 2786/92/3243 2821/92/1487 2789/92/3242
f 2783/92/3245 2818/92/1527 2786/92/3243
f 2783/92/3245 2837/92/1645 2815/92/1567
f 2805/92/3244 2807/92/1684 2837/92/1645
f 2780/92/3248 2807/92/1684 2775/92/3246
f 2780/92/3248 2822/92/1765 2812/92/1683
f 2797/92/3250 2822/92/1765 2790/92/3247
f 2802/92/3249 2829/92/1764 2797/92/3250
f 2792/92/3251 2834/92/1804 2802/92/3249
f 2795/92/3253 2824/92/1844 2792/92/3251
f 2787/92/3252 2827/92/1923 2795/92/3253
f 2787/92/3252 2814/92/2005 2819/92/1922
f 2782/92/3254 2838/92/2045 2814/92/2005
f 2806/92/3256 2836/92/2086 2838/92/2045
f 2803/92/3258 2836/92/2086 2804/92/3255
f 2803/92/3258 2809/92/2166 2835/92/2085
f 2779/92/3259 2809/92/2166 2777/92/3257
f 2785/92/3261 2811/92/2165 2779/92/3259
f 2785/92/3261 2826/92/2280 2817/92/2205
f 2794/92/3260 2831/92/2322 2826/92/2280
f 2799/92/3262 2823/92/2362 2831/92/2322
f 2784/92/3265 2823/92/2362 2791/92/3263
f 2784/92/3265 2820/92/2402 2816/92/2403
f 2788/92/3264 2808/92/2475 2820/92/2402
f 2776/92/3267 2833/92/2474 2808/92/2475
f 2801/92/3266 2813/92/1259 2833/92/2474
f 2902/92/3268 2842/92/1324 2870/92/1269
f 2884/92/3269 2842/92/1324 2874/92/3270
f 2884/92/3269 2863/92/1414 2852/92/1323
f 2891/92/3271 2863/92/1414 2895/92/3272
f 2891/92/3271 2860/92/1493 2859/92/1413
f 2892/92/3273 2864/92/1533 2860/92/1493
f 2896/92/3274 2858/92/1574 2864/92/1533
f 2877/92/3275 2858/92/1574 2890/92/3276
f 2872/92/3277 2845/92/1573 2877/92/3275
f 2872/92/3277 2839/92/1691 2840/92/1612
f 2871/92/3278 2844/92/1731 2839/92/1691
f 2886/92/3279 2844/92/1731 2876/92/3280
f 2883/92/3281 2854/92/1730 2886/92/3279
f 2898/92/3282 2851/92/1772 2883/92/3281
f 2893/92/3283 2866/92/1852 2898/92/3282
f 2893/92/3283 2857/92/1931 2861/92/1851
f 2894/92/3284 2857/92/1931 2889/92/3285
f 2894/92/3284 2847/92/2013 2862/92/1930
f 2879/92/3286 2849/92/2012 2847/92/2013
f 2881/92/3287 2841/92/2092 2849/92/2012
f 2873/92/3288 2869/92/2133 2841/92/2092
f 2899/92/3289 2869/92/2133 2901/92/3290
f 2878/92/3291 2867/92/2132 2899/92/3289
f 2878/92/3291 2853/92/2249 2846/92/2173
f 2885/92/3292 2855/92/2288 2853/92/2249
f 2888/92/3293 2855/92/2288 2887/92/3294
f 2900/92/3295 2856/92/2287 2888/92/3293
f 2897/92/3296 2868/92/2329 2900/92/3295
f 2897/92/3296 2848/92/2447 2865/92/2369
f 2882/92/3297 2848/92/2447 2880/92/3298
f 2882/92/3297 2843/92/2501 2850/92/2446
f 2902/92/3268 2843/92/2501 2875/92/3299
f 870/92/2502 2874/92/3270 2902/92/3268
f 890/92/1372 2874/92/3270 871/92/1329
f 890/92/1372 2895/92/3272 2884/92/3269
f 918/92/1453 2895/92/3272 904/92/1412
f 918/92/1453 2892/92/3273 2891/92/3271
f 932/92/1492 2896/92/3274 2892/92/3273
f 946/92/1538 2890/92/3276 2896/92/3274
f 974/92/1576 2890/92/3276 960/92/1577
f 974/92/1576 2872/92/3277 2877/92/3275
f 988/92/1655 2871/92/3278 2872/92/3277
f 1002/92/1654 2876/92/3280 2871/92/3278
f 1016/92/1690 2886/92/3279 2876/92/3280
f 1030/92/1735 2883/92/3281 2886/92/3279
f 1058/92/1810 2883/92/3281 1044/92/1776
f 1072/92/1850 2898/92/3282 1058/92/1810
f 1072/92/1850 2889/92/3285 2893/92/3283
f 1100/92/1977 2889/92/3285 1086/92/1891
f 1100/92/1977 2879/92/3286 2894/92/3284
f 1115/92/2016 2881/92/3287 2879/92/3286
f 1143/92/2091 2881/92/3287 1129/92/2056
f 1157/92/2131 2873/92/3288 1143/92/2091
f 1171/92/2172 2901/92/3290 1157/92/2131
f 1185/92/2215 2899/92/3289 1171/92/2172
f 1199/92/2214 2878/92/3291 1185/92/2215
f 1199/92/2214 2887/92/3294 2885/92/3292
f 1227/92/2285 2887/92/3294 1213/92/2286
f 1241/92/2328 2888/92/3293 1227/92/2285
f 1255/92/2368 2900/92/3295 1241/92/2328
f 1255/92/2368 2880/92/3298 2897/92/3296
f 1283/92/2451 2880/92/3298 1269/92/2409
f 1283/92/2451 2875/92/3299 2882/92/3297
f 870/92/2502 2875/92/3299 1297/92/2482
f 2946/92/3300 2910/92/1281 2942/92/3301
f 2948/92/3302 2914/92/1279 2946/92/3300
f 2948/92/3302 2923/92/1421 2916/92/1334
f 2949/92/3303 2923/92/1421 2955/92/3304
f 2965/92/3305 2917/92/1420 2949/92/3303
f 2965/92/3305 2925/92/1501 2933/92/1461
f 2957/92/3306 2912/92/1580 2925/92/1501
f 2945/92/3307 2912/92/1580 2944/92/3308
f 2939/92/3309 2913/92/431 2945/92/3307
f 2939/92/3309 2904/92/1698 2907/92/1619
f 2936/92/3310 2931/92/1739 2904/92/1698
f 2940/92/3311 2931/92/1739 2963/92/3312
f 2947/92/3313 2908/92/1738 2940/92/3311
f 2947/92/3313 2921/92/1817 2915/92/1818
f 2953/92/3314 2919/92/1859 2921/92/1817
f 2960/92/3315 2919/92/1859 2951/92/3316
f 2960/92/3315 2926/92/1938 2928/92/1939
f 2958/92/3317 2906/92/2019 2926/92/1938
f 2938/92/3318 2909/92/2059 2906/92/2019
f 2941/92/3319 2930/92/2099 2909/92/2059
f 2962/92/3320 2903/92/2140 2930/92/2099
f 2961/92/3321 2903/92/2140 2935/92/3322
f 2956/92/3323 2929/92/2139 2961/92/3321
f 2956/92/3323 2918/92/2255 2924/92/2180
f 2950/92/3324 2911/92/2296 2918/92/2255
f 2952/92/3325 2911/92/2296 2943/92/3326
f 2959/92/3327 2920/92/2295 2952/92/3325
f 2959/92/3327 2922/92/2416 2927/92/2376
f 2954/92/3328 2905/92/2455 2922/92/2416
f 2964/92/3329 2905/92/2455 2937/92/3330
f 2964/92/3329 2934/92/2505 2932/92/2454
f 2966/92/3331 2910/92/1281 2934/92/2505
f 875/92/1338 2942/92/3301 874/92/1332
f 892/92/1379 2946/92/3300 875/92/1338
f 892/92/1379 2955/92/3304 2948/92/3302
f 920/92/1460 2955/92/3304 906/92/1419
f 934/92/1500 2949/92/3303 920/92/1460
f 934/92/1500 2957/92/3306 2965/92/3305
f 948/92/1540 2944/92/3308 2957/92/3306
f 962/92/1584 2945/92/3307 2944/92/3308
f 990/92/1622 2945/92/3307 976/92/1623
f 990/92/1622 2936/92/3310 2939/92/3309
f 1004/92/1661 2963/92/3312 2936/92/3310
f 1032/92/1737 2963/92/3312 1018/92/1702
f 1046/92/1778 2940/92/3311 1032/92/1737
f 1046/92/1778 2953/92/3314 2947/92/3313
f 1060/92/1816 2951/92/3316 2953/92/3314
f 1088/92/1897 2951/92/3316 1074/92/1858
f 1088/92/1897 2958/92/3317 2960/92/3315
f 1117/92/2023 2958/92/3317 1102/92/1979
f 1117/92/2023 2941/92/3319 2938/92/3318
f 1131/92/2058 2962/92/3320 2941/92/3319
f 1159/92/2144 2962/92/3320 1145/92/2098
f 1173/92/2179 2935/92/3322 1159/92/2144
f 1187/92/2217 2961/92/3321 1173/92/2179
f 1187/92/2217 2950/92/3324 2956/92/3323
f 1215/92/2257 2950/92/3324 1201/92/2258
f 1229/92/2300 2943/92/3326 1215/92/2257
f 1243/92/2335 2952/92/3325 1229/92/2300
f 1243/92/2335 2954/92/3328 2959/92/3327
f 1257/92/2375 2937/92/3330 2954/92/3328
f 1285/92/2459 2937/92/3330 1271/92/2415
f 1285/92/2459 2966/92/3331 2964/92/3329
f 1299/92/1333 2942/92/3301 2966/92/3331
f 878/92/2511 2971/92/1290 2974/92/1291
f 894/92/1299 2971/92/1290 879/92/2510
f 894/92/1299 2981/92/1427 2976/92/1343
f 908/92/1351 2986/92/1467 2981/92/1427
f 922/92/1434 2987/92/1507 2986/92/1467
f 936/92/1432 2998/92/1548 2987/92/1507
f 950/92/1474 2973/92/1547 2998/92/1548
f 978/92/1554 2973/92/1547 964/92/1514
f 992/92/1553 2979/92/1587 978/92/1554
f 1006/92/1631 2967/92/1626 992/92/1553
f 1020/92/1630 2972/92/1664 1006/92/1631
f 1020/92/1630 2996/92/1785 2997/92/1705
f 1034/92/1710 2989/92/1825 2996/92/1785
f 1048/92/1709 2980/92/1867 2989/92/1825
f 1076/92/1791 2980/92/1867 1062/92/1751
f 1076/92/1791 2984/92/1947 2985/92/1866
f 1104/92/1909 2984/92/1947 1090/92/1871
f 1104/92/1909 2991/92/2027 2995/92/1946
f 1133/92/1993 2991/92/2027 1119/92/1953
f 1147/92/2073 2969/92/2026 1133/92/1993
f 1161/92/2071 2978/92/2067 1147/92/2073
f 1161/92/2071 2992/92/2186 2968/92/2107
f 1175/92/2153 2994/92/2180 2992/92/2186
f 1189/92/2193 2983/92/2261 2994/92/2180
f 1203/92/2230 2982/92/2303 2983/92/2261
f 1231/92/2228 2982/92/2303 1217/92/2229
f 1245/92/2309 2975/92/2343 1231/92/2228
f 1259/92/2349 2988/92/2342 1245/92/2309
f 1273/92/2388 2990/92/2383 1259/92/2349
f 1287/92/2387 2993/92/2462 1273/92/2388
f 1287/92/2387 2977/92/2508 2970/92/2461
f 878/92/2511 2977/92/2508 1301/92/2428
f 1785/92/2919 3002/92/1300 1782/92/2950
f 1786/92/2928 3003/92/1298 1785/92/2919
f 1790/92/2936 3005/92/1433 1788/92/2929
f 1788/92/2929 3004/92/1350 1786/92/2928
f 1792/92/2940 3006/92/1431 1790/92/2936
f 1794/93/2948 3007/92/1473 1792/92/2940
f 1794/93/2948 3009/92/1632 3008/92/1513
f 1799/92/2932 3011/92/1711 3010/92/1629
f 1797/92/2942 3010/92/1629 3009/92/1632
f 1803/92/2923 3013/92/1750 3012/92/1708
f 1800/93/2931 3012/92/1708 3011/92/1711
f 1804/92/2922 3014/92/1790 3013/92/1750
f 1807/92/2947 3015/92/1873 3014/92/1790
f 1812/92/2933 3016/92/1872 1811/92/2921
f 1809/92/2930 3016/92/1872 3015/92/1873
f 1814/92/2941 3017/92/1870 1812/92/2933
f 1817/92/2938 3018/92/1908 1814/92/2941
f 1818/92/2944 3019/92/1952 1817/92/2938
f 1822/92/2934 3021/92/2072 1821/92/2920
f 1821/92/2920 3020/92/1992 1818/92/2944
f 1824/92/2949 3022/92/2070 1822/92/2934
f 1827/92/2946 3023/92/2152 1824/92/2949
f 1829/92/2945 3026/92/2308 3025/92/2227
f 1827/92/2946 3025/92/2227 3024/92/2192
f 1831/92/2943 3027/92/2348 3026/92/2308
f 1833/92/2927 3028/92/2389 3027/92/2348
f 1836/92/2935 3030/92/2427 3029/92/2386
f 1834/92/2926 3029/92/2386 3028/92/2389
f 1838/92/2937 2999/92/2951 3030/92/2427
f 1781/92/2924 3000/92/2509 1779/92/2925
f 1782/92/2950 3001/92/2513 1781/92/2924
f 1841/92/2939 3000/92/2509 2999/92/2951
f 3082/92/3332 3049/92/186 3050/92/132
f 3081/92/3333 3044/92/225 3049/92/186
f 3071/92/3334 3044/92/225 3076/92/3335
f 3071/92/3334 3034/92/261 3039/92/224
f 3063/92/3336 3034/92/261 3066/92/3337
f 3091/92/3338 3031/92/296 3063/92/3336
f 3091/92/3338 3054/92/400 3059/92/331
f 3072/92/412 3054/92/400 3086/92/3339
f 3075/92/3340 3040/92/399 3072/92/412
f 3078/92/3341 3043/92/468 3075/92/3340
f 3083/92/3342 3046/92/507 3078/92/3341
f 3088/92/3343 3051/92/506 3083/92/3342
f 3090/92/3344 3056/92/542 3088/92/3343
f 3090/92/3344 3035/92/608 3058/92/576
f 3067/92/3345 3032/92/679 3035/92/608
f 3073/92/3346 3032/92/679 3064/92/3347
f 3073/92/3346 3038/92/748 3041/92/678
f 3087/92/3348 3038/92/748 3070/92/3349
f 3092/92/3350 3055/92/747 3087/92/3348
f 3092/92/3350 3047/92/817 3060/92/818
f 3080/92/3351 3047/92/817 3079/92/3352
f 3069/92/3353 3048/92/855 3080/92/3351
f 3069/92/3353 3036/92/926 3037/92/890
f 3065/92/3354 3036/92/926 3068/92/3355
f 3065/92/3354 3062/92/1027 3033/92/959
f 3093/92/3356 3062/92/1027 3094/92/3357
f 3093/92/3356 3057/92/1094 3061/92/1026
f 3089/92/3358 3053/92/1132 3057/92/1094
f 3074/92/3359 3053/92/1132 3085/92/3360
f 3074/92/3359 3045/92/1200 3042/92/1163
f 3084/92/3361 3045/92/1200 3077/92/3169
f 3082/92/3332 3052/92/1199 3084/92/3361
f 93/92/137 3081/92/3333 3082/92/3332
f 94/92/136 3076/92/3335 3081/92/3333
f 161/92/263 3076/92/3335 137/92/227
f 161/92/263 3066/92/3337 3071/92/3334
f 209/92/297 3066/92/3337 185/92/298
f 233/92/333 3063/92/3336 209/92/297
f 257/92/365 3091/92/3338 233/92/333
f 281/92/439 3086/92/3339 257/92/365
f 281/92/439 3075/92/3340 3072/92/412
f 329/92/509 3075/92/3340 305/92/438
f 353/92/508 3078/92/3341 329/92/509
f 377/92/543 3083/92/3342 353/92/508
f 401/92/578 3088/92/3343 377/92/543
f 401/92/578 3067/92/3345 3090/92/3344
f 449/92/645 3067/92/3345 425/92/609
f 473/92/680 3064/92/3347 449/92/645
f 497/92/750 3073/92/3346 473/92/680
f 497/92/750 3087/92/3348 3070/92/3349
f 545/92/785 3087/92/3348 521/92/786
f 545/92/785 3079/92/3352 3092/92/3350
f 569/92/819 3080/92/3351 3079/92/3352
f 617/92/928 3080/92/3351 593/92/857
f 641/92/927 3069/92/3353 617/92/928
f 641/92/927 3065/92/3354 3068/92/3355
f 665/92/994 3094/92/3357 3065/92/3354
f 713/92/1060 3094/92/3357 689/92/993
f 713/92/1060 3089/92/3358 3093/92/3356
f 737/92/1096 3085/92/3360 3089/92/3358
f 785/92/1165 3085/92/3360 761/92/1135
f 785/92/1165 3077/92/3169 3074/92/3359
f 809/92/1164 3084/92/3361 3077/92/3169
f 93/92/137 3084/92/3361 833/92/1202
f 3143/92/3362 3117/92/192 3111/92/143
f 3134/92/3363 3117/92/192 3149/92/3364
f 3135/92/3365 3102/92/191 3134/92/3363
f 3127/92/3366 3103/92/231 3135/92/3365
f 3127/92/3366 3098/92/337 3095/92/268
f 3155/92/3367 3098/92/337 3130/92/3368
f 3152/92/3369 3123/92/336 3155/92/3367
f 3150/92/3370 3120/92/369 3152/92/3369
f 3144/92/3371 3118/92/406 3150/92/3370
f 3139/92/3372 3112/92/443 3144/92/3371
f 3147/92/3373 3107/92/475 3139/92/3372
f 3151/92/3374 3115/92/513 3147/92/3373
f 3151/92/3374 3122/92/614 3119/92/548
f 3154/92/3375 3096/92/651 3122/92/614
f 3128/92/3376 3099/92/650 3096/92/651
f 3131/92/3377 3105/92/722 3099/92/650
f 3133/92/3378 3105/92/722 3137/92/3379
f 3145/92/3380 3101/92/721 3133/92/3378
f 3140/92/3381 3113/92/753 3145/92/3380
f 3156/92/3382 3108/92/791 3140/92/3381
f 3156/92/3382 3110/92/861 3124/92/824
f 3142/92/3383 3116/92/931 3110/92/861
f 3148/92/3384 3100/92/965 3116/92/931
f 3132/92/3385 3104/92/998 3100/92/965
f 3136/92/2255 3125/92/1032 3104/92/998
f 3157/92/3386 3097/92/1063 3125/92/1032
f 3129/92/3387 3126/92/1101 3097/92/1063
f 3153/92/3388 3126/92/1101 3158/92/3389
f 3153/92/3388 3114/92/1170 3121/92/1100
f 3146/92/3390 3109/92/1206 3114/92/1170
f 3141/92/3391 3106/92/1230 3109/92/1206
f 3143/92/3362 3106/92/1230 3138/92/3392
f 101/92/146 3149/92/3364 3143/92/3362
f 102/92/145 3134/92/3363 3149/92/3364
f 165/92/232 3134/92/3363 141/92/194
f 189/92/304 3135/92/3365 165/92/232
f 189/92/304 3130/92/3368 3127/92/3366
f 237/92/371 3130/92/3368 213/92/339
f 237/92/371 3152/92/3369 3155/92/3367
f 285/92/408 3152/92/3369 261/92/370
f 309/92/444 3150/92/3370 285/92/408
f 333/92/476 3144/92/3371 309/92/444
f 357/92/515 3139/92/3372 333/92/476
f 381/92/549 3147/92/3373 357/92/515
f 381/92/549 3154/92/3375 3151/92/3374
f 429/92/615 3154/92/3375 405/92/583
f 429/92/615 3131/92/3377 3128/92/3376
f 477/92/686 3131/92/3377 453/92/687
f 477/92/686 3133/92/3378 3137/92/3379
f 525/92/793 3133/92/3378 501/92/755
f 525/92/793 3140/92/3381 3145/92/3380
f 573/92/863 3140/92/3381 549/92/826
f 573/92/863 3142/92/3383 3156/92/3382
f 597/92/898 3148/92/3384 3142/92/3383
f 621/92/933 3132/92/3385 3148/92/3384
f 645/92/967 3136/92/2255 3132/92/3385
f 669/92/1001 3157/92/3386 3136/92/2255
f 717/92/1065 3157/92/3386 693/92/1034
f 717/92/1065 3158/92/3389 3129/92/3387
f 765/92/1103 3158/92/3389 741/92/1064
f 765/92/1103 3146/92/3390 3153/92/3388
f 789/92/1139 3141/92/3391 3146/92/3390
f 813/92/1208 3138/92/3392 3141/92/3391
f 101/92/146 3138/92/3392 837/92/1207
f 3204/92/3393 3171/92/199 3172/92/152
f 3203/92/3394 3166/92/198 3171/92/199
f 3198/92/3395 3160/92/274 3166/92/198
f 3192/92/3396 3175/92/307 3160/92/274
f 3207/92/3397 3159/92/344 3175/92/307
f 3191/92/3398 3165/92/376 3159/92/344
f 3215/92/3399 3165/92/376 3197/92/3400
f 3217/92/3401 3183/92/375 3215/92/3399
f 3214/92/3402 3185/92/412 3217/92/3401
f 3214/92/3402 3178/92/519 3182/92/449
f 3206/92/3403 3178/92/519 3210/92/3404
f 3206/92/3403 3169/92/587 3174/92/518
f 3194/92/3405 3169/92/587 3201/92/3406
f 3194/92/3405 3187/92/657 3162/92/586
f 3219/92/3407 3161/92/656 3187/92/657
f 3199/92/3408 3161/92/656 3193/92/3409
f 3199/92/3408 3168/92/757 3167/92/691
f 3202/92/3410 3168/92/757 3200/92/3411
f 3202/92/3410 3180/92/797 3170/92/798
f 3212/92/3412 3176/92/867 3180/92/797
f 3218/92/3413 3176/92/867 3208/92/3414
f 3218/92/3413 3181/92/935 3186/92/866
f 3196/92/3415 3181/92/935 3213/92/3416
f 3196/92/3415 3190/92/998 3164/92/972
f 3222/92/3324 3188/92/1005 3190/92/998
f 3220/92/3417 3163/92/1071 3188/92/1005
f 3216/92/3418 3163/92/1071 3195/92/3419
f 3221/92/3420 3184/92/1070 3216/92/3418
f 3211/92/3421 3189/92/1107 3221/92/3420
f 3209/92/3422 3179/92/1144 3211/92/3421
f 3205/92/3423 3177/92/1176 3209/92/3422
f 3204/92/3393 3173/92/1233 3205/92/3423
f 110/92/154 3204/92/3393 109/92/155
f 110/92/154 3198/92/3395 3203/92/3394
f 169/92/276 3198/92/3395 145/92/201
f 169/92/276 3207/92/3397 3192/92/3396
f 193/92/275 3191/92/3398 3207/92/3397
f 241/92/345 3191/92/3398 217/92/346
f 265/92/377 3197/92/3400 241/92/345
f 289/92/414 3215/92/3399 265/92/377
f 313/92/451 3217/92/3401 289/92/414
f 313/92/451 3210/92/3404 3214/92/3402
f 337/92/482 3206/92/3403 3210/92/3404
f 361/92/521 3201/92/3406 3206/92/3403
f 409/92/622 3201/92/3406 385/92/589
f 433/92/621 3194/92/3405 409/92/622
f 433/92/621 3193/92/3409 3219/92/3407
f 481/92/692 3193/92/3409 457/92/693
f 481/92/692 3200/92/3411 3199/92/3408
f 529/92/758 3200/92/3411 505/92/759
f 529/92/758 3212/92/3412 3202/92/3410
f 553/92/832 3208/92/3414 3212/92/3412
f 601/92/868 3208/92/3414 577/92/831
f 625/92/904 3218/92/3413 601/92/868
f 649/92/937 3213/92/3416 625/92/904
f 649/92/937 3222/92/3324 3196/92/3415
f 697/92/1038 3222/92/3324 673/92/973
f 697/92/1038 3195/92/3419 3220/92/3417
f 745/92/1109 3195/92/3419 721/92/1073
f 769/92/1108 3216/92/3418 745/92/1109
f 793/92/1178 3221/92/3420 769/92/1108
f 793/92/1178 3209/92/3422 3211/92/3421
f 841/92/1234 3209/92/3422 817/92/1177
f 109/92/155 3205/92/3423 841/92/1234
f 2613/92/3132 3223/92/131 3225/92/128
f 2554/93/3130 3223/92/131 2551/93/3133
f 2555/92/3137 3227/92/259 3226/92/222
f 2560/92/3131 3227/92/259 2558/92/3134
f 2562/92/3125 3230/92/330 3229/92/292
f 2562/92/3125 3228/92/295 2560/92/3131
f 2565/93/3141 3230/92/330 2564/92/3121
f 2568/92/3113 3233/92/436 3232/92/396
f 2565/93/3141 3232/92/396 3231/92/329
f 2571/92/3120 3233/92/436 2569/92/3112
f 2571/92/3120 3235/92/505 3234/92/435
f 2575/92/3129 3235/92/505 2574/92/3122
f 2575/92/3129 3237/92/575 3236/92/504
f 2580/92/3135 3237/92/575 2577/92/3128
f 2581/92/3142 3238/92/574 2580/92/3135
f 2581/92/3142 3240/92/716 3239/92/677
f 2586/92/3127 3240/92/716 2584/92/3139
f 2587/93/3126 3243/92/783 3242/92/745
f 2587/93/3126 3241/92/715 2586/92/3127
f 2591/92/3115 3243/92/783 2590/92/3110
f 2591/92/3115 3245/92/889 3244/92/782
f 2595/93/3140 3245/92/889 2593/92/3114
f 2595/93/3140 3247/92/958 3246/92/888
f 2600/92/3136 3247/92/958 2598/92/3138
f 2604/94/3123 3249/92/991 2602/92/3124
f 2600/92/3136 3249/92/991 3248/92/957
f 2606/92/3119 3250/92/1025 2604/94/3123
f 2606/92/3119 3252/92/1131 3251/92/1024
f 2611/92/3117 3253/92/1130 2610/92/3111
f 2607/92/3118 3253/92/1130 3252/92/1131
f 2613/92/3132 3254/92/1128 2611/92/3117
f 2554/93/3130 3226/92/222 3224/92/130
f 51/16/39 3279/454/3424 3280/16/3425
f 27/455/3426 3267/32/3427 3268/455/3428
f 9/7/7 3258/456/3429 3259/7/3430
f 41/25/33 3274/457/3431 3275/25/3432
f 59/458/3433 3283/459/3434 3284/458/3435
f 19/16/16 3265/454/3436 21/454/3437
f 9/7/7 3260/458/3438 11/458/3439
f 3/456/3440 3257/5/2880 5/5/5
f 39/457/3441 3273/460/3442 3274/457/3431
f 29/25/25 3268/455/3428 3269/25/3443
f 57/459/3444 3282/11/3445 3283/459/3434
f 47/461/3446 3277/23/3447 3278/461/3448
f 51/16/39 3281/462/3449 53/462/3450
f 17/462/3451 3262/35/3452 3263/462/3453
f 43/455/3454 3277/32/3447 45/32/36
f 19/16/16 3263/462/3453 3264/16/3455
f 33/460/3456 3272/29/3457 35/29/29
f 49/454/3458 3278/461/3448 3279/454/3424
f 23/461/3459 3267/23/3427 25/23/23
f 2/7/46 3284/458/3435 3255/7/3460
f 11/458/3439 3261/459/3461 13/459/3462
f 7/456/3463 3257/5/2880 3258/456/3429
f 31/457/3464 3269/25/3443 3270/457/3465
f 53/462/3450 3282/35/3445 55/35/42
f 31/457/3464 3271/460/3466 33/460/3456
f 21/454/3437 3266/461/3467 23/461/3459
f 37/460/3468 3272/29/3457 3273/460/3442
f 41/25/33 3276/455/3469 43/455/3454
f 2/7/46 3256/456/3470 3/456/3440
f 13/459/3462 3262/11/3452 15/11/11
f 3293/4/4 3537/463/3471 3544/464/3472
f 3286/9/9 3539/465/3473 3538/466/3474
f 3542/467/3475 3289/12/12 3540/468/3476
f 13/459/3462 3287/8/8 11/458/3439
f 3562/469/3477 3290/17/17 3541/470/91
f 33/460/3456 3292/26/26 31/457/3464
f 3298/22/22 3550/471/3478 3549/472/3479
f 3296/27/27 3543/473/3480 3547/474/3481
f 3561/475/3482 3307/30/30 3558/476/3483
f 3307/30/30 3557/475/3484 3558/476/3483
f 3559/473/3485 3294/27/34 3545/474/3486
f 3546/477/3487 3302/33/37 3553/478/3488
f 3305/17/38 3560/469/3489 3556/470/3490
f 3565/479/3491 3313/36/43 3564/480/3492
f 3313/12/43 3554/467/3493 3564/468/3492
f 3555/465/3494 3288/9/47 3566/466/3495
f 7/456/3463 3286/9/9 3301/4/79
f 3537/463/3471 3301/4/79 3552/464/3496
f 3289/36/12 3563/479/3497 3540/480/3476
f 3311/18/18 17/462/3451 19/16/16
f 23/461/3459 3290/17/17 21/454/3437
f 3299/33/24 3551/477/3498 3550/478/3478
f 3296/27/27 27/455/3426 29/25/25
f 3308/26/32 37/460/3468 39/457/3441
f 43/455/3454 3294/27/34 41/25/33
f 3553/471/3488 3297/22/112 3548/472/3499
f 47/461/3446 3305/17/38 3297/22/112
f 53/462/3450 3309/18/40 51/16/39
f 3/456/3440 3288/9/47 2/7/46
f 3304/8/45 57/459/3444 59/458/3433
f 3539/465/3473 3320/89/3500 3317/13/13
f 3543/473/3480 3339/77/3501 3321/19/19
f 3552/464/3496 3316/88/3502 3330/53/75
f 3562/469/3477 3341/60/85 3563/479/3497
f 3549/472/3479 3319/66/91 3541/470/91
f 3325/72/97 3551/477/3498 3547/474/3481
f 3559/473/3485 3335/77/102 3557/475/3484
f 3546/477/3487 3323/72/107 3545/474/3486
f 3548/472/3499 3334/66/3503 3326/64/113
f 3560/469/3489 3343/60/3504 3338/59/116
f 3544/464/3472 3344/88/122 3566/466/3495
f 3555/465/3494 3332/89/124 3554/467/3493
f 3322/53/121 6/55/78 4/1/1
f 3316/88/3502 12/15/15 10/54/76
f 14/14/14 3318/481/3505 16/87/81
f 3340/59/84 22/65/90 20/76/100
f 3327/64/89 26/84/99 24/67/92
f 3325/72/97 32/21/21 30/52/74
f 34/20/20 3336/482/3506 36/79/104
f 3336/482/3506 38/20/73 36/79/104
f 40/21/71 3323/72/107 42/52/106
f 3324/71/105 46/75/111 44/73/109
f 50/65/114 3338/59/116 52/76/118
f 54/56/117 3342/483/3507 56/58/120
f 3342/481/3507 58/14/119 56/87/120
f 60/15/2852 3344/88/122 1/54/82
f 6/55/78 3330/53/75 8/1/77
f 3318/483/3505 18/56/80 16/58/81
f 26/75/99 3329/71/96 28/73/98
f 46/84/111 3326/64/113 48/67/110
f 131/92/3508 3366/92/217 3368/92/178
f 156/92/3509 3366/92/217 132/92/3510
f 156/92/3509 3374/92/290 3350/92/216
f 204/92/3511 3374/92/290 180/92/3512
f 204/92/3511 3349/92/292 3348/92/289
f 252/92/3513 3349/92/292 228/92/3514
f 252/92/3513 3362/92/432 3357/92/358
f 300/92/460 3362/92/432 276/92/3515
f 300/92/460 3363/92/500 3367/92/431
f 324/92/3516 3372/92/499 3363/92/500
f 372/92/3517 3372/92/499 348/92/3518
f 396/92/3519 3371/92/571 372/92/3517
f 396/92/3519 3360/92/639 3354/92/570
f 444/92/3520 3360/92/639 420/92/3521
f 468/92/3522 3346/92/673 444/92/3520
f 492/92/3523 3352/92/672 468/92/3522
f 492/92/3523 3375/92/741 3370/92/742
f 516/92/3524 3365/92/812 3375/92/741
f 540/92/3525 3361/92/811 3365/92/812
f 588/92/3526 3361/92/811 564/92/3527
f 588/92/3526 3355/92/920 3358/92/849
f 636/92/890 3355/92/920 612/92/3528
f 660/92/3529 3351/92/919 636/92/890
f 660/92/3529 3373/92/957 3347/92/988
f 684/92/3530 3345/92/1053 3373/92/957
f 732/92/3531 3345/92/1053 708/92/3532
f 732/92/3531 3356/92/1125 3353/92/1052
f 780/92/3533 3356/92/1125 756/92/3534
f 780/92/3533 3369/92/1193 3359/92/1124
f 828/92/3535 3369/92/1193 804/92/3536
f 828/92/3535 3376/92/1241 3364/92/1192
f 131/92/3508 3376/92/1241 852/92/3537
f 119/92/165 3395/92/206 3398/92/162
f 150/92/207 3395/92/206 120/92/208
f 174/92/283 3402/92/205 150/92/207
f 198/92/316 3379/92/244 174/92/283
f 222/92/352 3408/92/281 198/92/316
f 222/92/352 3385/92/384 3389/92/314
f 246/92/386 3401/92/383 3385/92/384
f 294/92/421 3401/92/383 270/92/385
f 294/92/421 3391/92/489 3406/92/419
f 318/92/491 3399/92/488 3391/92/489
f 366/92/527 3399/92/488 342/92/528
f 390/92/561 3383/92/526 366/92/527
f 390/92/561 3380/92/629 3388/92/560
f 438/92/631 3380/92/629 414/92/595
f 462/92/664 3378/92/628 438/92/631
f 486/92/701 3405/92/700 462/92/664
f 486/92/701 3397/92/766 3404/92/699
f 510/92/734 3384/92/765 3397/92/766
f 534/92/768 3386/92/839 3384/92/765
f 582/92/840 3386/92/839 558/92/841
f 582/92/840 3392/92/910 3390/92/838
f 606/92/912 3400/92/942 3392/92/910
f 630/92/945 3403/92/979 3400/92/942
f 678/92/981 3403/92/979 654/92/944
f 678/92/981 3377/92/1043 3381/92/978
f 702/92/1045 3387/92/1079 3377/92/1043
f 750/92/1080 3387/92/1079 726/92/1081
f 750/92/1080 3396/92/1151 3382/92/1078
f 774/92/1116 3407/92/1183 3396/92/1151
f 798/92/1153 3393/92/1218 3407/92/1183
f 822/92/1184 3394/92/1235 3393/92/1218
f 119/92/165 3394/92/1235 846/92/1236
f 3448/92/808 3446/93/773 3445/93/806
f 3425/92/423 3427/92/425 3426/92/388
f 3445/93/806 3444/92/704 3443/92/771
f 3466/92/1121 3464/93/1085 3463/92/1047
f 3423/92/424 3426/92/388 3424/92/389
f 3409/92/168 3471/92/1222 3410/92/1238
f 3454/92/947 3452/92/877 3451/92/845
f 3432/92/533 3430/92/458 3429/93/531
f 3439/92/666 3441/92/706 3440/92/633
f 3469/92/1186 3472/92/170 3470/92/1155
f 3443/92/771 3441/92/706 3442/93/668
f 3454/92/947 3455/92/948 3453/93/914
f 3429/93/531 3427/92/425 3428/93/457
f 3456/92/983 3457/92/1016 3455/92/948
f 3414/92/248 3412/92/1237 3411/92/211
f 3467/92/1187 3470/92/1155 3468/92/1157
f 3416/92/285 3413/92/213 3414/92/248
f 3435/92/565 3437/92/634 3436/92/635
f 3438/93/598 3440/92/633 3437/92/634
f 3418/92/318 3415/93/249 3416/92/285
f 3458/92/985 3459/92/1049 3457/92/1016
f 3449/92/807 3452/92/877 3450/93/846
f 3422/92/354 3420/92/355 3419/92/317
f 3460/92/1015 3461/92/1048 3459/92/1049
f 3449/92/807 3447/92/772 3448/92/808
f 3434/92/532 3431/92/493 3432/92/533
f 3418/92/318 3420/92/355 3417/92/286
f 3423/92/424 3421/92/390 3422/92/354
f 3411/92/211 3409/92/168 3410/92/1238
f 3434/92/532 3436/92/635 3433/92/566
f 3462/92/1014 3464/93/1085 3461/92/1048
f 3467/92/1187 3465/92/1084 3466/92/1121
f 849/92/1239 3410/92/1238 3471/92/1222
f 128/92/176 3493/92/174 127/92/177
f 128/92/176 3498/92/252 3495/92/172
f 178/92/254 3498/92/252 154/92/215
f 178/92/254 3473/92/322 3502/92/251
f 226/92/324 3473/92/322 202/92/288
f 226/92/324 3484/92/391 3475/92/321
f 250/92/393 3479/92/427 3484/92/391
f 274/92/430 3490/92/460 3479/92/427
f 298/92/429 3486/92/496 3490/92/460
f 346/92/535 3486/92/496 322/92/498
f 346/92/535 3494/92/568 3500/92/495
f 394/92/569 3494/92/568 370/92/534
f 418/92/638 3480/92/567 394/92/569
f 418/92/638 3504/92/669 3485/92/599
f 442/92/671 3476/92/708 3504/92/669
f 490/92/740 3476/92/708 466/92/710
f 490/92/740 3492/92/775 3497/92/707
f 538/92/776 3492/92/775 514/92/777
f 562/92/810 3488/92/774 538/92/776
f 562/92/810 3482/92/879 3483/92/809
f 586/92/848 3478/92/917 3482/92/879
f 634/92/918 3478/92/917 610/92/882
f 634/92/918 3496/92/950 3491/92/916
f 682/92/1019 3496/92/950 658/92/952
f 706/92/1018 3503/92/986 682/92/1019
f 730/92/1088 3474/92/1017 706/92/1018
f 754/92/1123 3481/92/1050 730/92/1088
f 754/92/1123 3489/92/1158 3477/92/1086
f 802/92/1191 3489/92/1158 778/92/1160
f 802/92/1191 3501/92/1224 3487/92/1188
f 850/92/1240 3501/92/1224 826/92/1226
f 850/92/1240 3493/92/174 3499/92/1223
f 30/52/74 1628/484/2834 28/73/98
f 32/21/21 1632/485/108 71/486/58
f 1/54/82 1617/487/3 83/488/70
f 1638/82/88 42/52/106 44/73/109
f 3544/464/3472 3315/489/3538 3322/53/121
f 3538/466/3474 3317/13/13 3316/88/3502
f 3320/89/3500 3540/468/3476 3318/481/3505
f 3340/59/84 3541/470/91 3319/66/91
f 3549/472/3479 3328/490/3539 3327/64/89
f 3547/474/3481 3321/19/19 3325/72/97
f 3339/77/3501 3558/476/3483 3336/482/3506
f 3558/476/3483 3335/77/102 3336/482/3506
f 3337/19/101 3545/474/3486 3323/72/107
f 3546/477/3487 3331/491/3540 3324/71/105
f 3556/470/3490 3338/59/116 3334/66/3503
f 3343/60/3504 3564/480/3492 3342/483/3507
f 3564/468/3492 3332/89/124 3342/481/3507
f 3333/13/123 3566/466/3495 3344/88/122
f 3315/489/3538 3552/464/3496 3330/53/75
f 3540/480/3476 3341/60/85 3318/483/3505
f 3328/491/3539 3551/477/3498 3329/71/96
f 3331/490/3540 3548/472/3499 3326/64/113
f 3287/8/8 3542/467/3475 3539/465/3473
f 3310/28/28 3543/473/3480 3292/26/26
f 3301/4/79 3538/466/3474 3552/464/3496
f 3562/469/3477 3312/34/83 3311/18/18
f 3549/472/3479 3290/17/17 3298/22/22
f 3296/27/27 3551/477/3498 3300/31/95
f 3559/473/3485 3306/28/31 3308/26/32
f 3294/27/34 3546/477/3487 3545/474/3486
f 3297/22/112 3556/470/3490 3548/472/3499
f 3309/18/40 3565/479/3491 3560/469/3489
f 3293/4/4 3566/466/3495 3288/9/47
f 3304/8/45 3554/467/3493 3303/10/44
f 4/1/1 6/55/78 1618/2/2
f 3293/4/4 3/456/3440 5/5/5
f 9/7/7 11/458/3439 3287/8/8
f 3291/10/10 13/459/3462 15/11/11
f 3317/13/13 3320/89/3500 14/14/14
f 19/16/16 21/454/3437 3290/17/17
f 3321/19/19 3339/77/3501 34/20/20
f 3298/22/22 23/461/3459 25/23/23
f 29/25/25 31/457/3464 3292/26/26
f 3310/28/28 33/460/3456 35/29/29
f 35/29/29 37/460/3468 3306/28/31
f 3308/26/32 39/457/3441 41/25/33
f 3295/31/35 43/455/3454 45/32/36
f 3305/17/38 49/454/3458 51/16/39
f 3314/34/41 53/462/3450 55/35/42
f 55/11/42 57/459/3444 3303/10/44
f 3304/8/45 59/458/3433 2/7/46
f 63/37/48 64/492/3541 62/38/49
f 14/14/14 16/87/81 1621/40/51
f 67/42/53 68/493/3542 66/43/54
f 72/45/56 70/494/2833 69/46/57
f 75/46/59 76/494/2840 74/45/60
f 80/43/62 78/493/3543 77/42/63
f 1645/48/65 1648/420/2842 1647/49/66
f 84/38/68 82/492/3544 81/37/69
f 40/21/71 73/495/61 1634/51/72
f 71/47/58 69/46/57 30/52/74
f 3330/53/75 3316/88/3502 10/54/76
f 8/1/77 1619/496/115 1618/2/2
f 5/5/5 7/456/3463 3301/4/79
f 18/56/80 1622/497/2832 1621/57/51
f 81/37/69 60/15/2852 1/54/82
f 15/35/11 17/462/3451 3312/34/83
f 3340/59/84 20/76/100 18/56/80
f 61/39/50 10/54/76 12/15/15
f 1639/61/86 1642/452/2854 1641/62/87
f 3327/64/89 24/67/92 22/65/90
f 24/67/92 26/84/99 1627/68/93
f 1626/70/94 67/498/53 22/65/90
f 25/32/23 27/455/3426 3300/31/95
f 30/52/74 28/73/98 3329/71/96
f 28/73/98 1628/484/2834 1627/74/93
f 67/42/53 65/44/55 20/76/100
f 3337/19/101 40/21/71 38/20/73
f 38/20/73 1634/51/72 1633/78/103
f 3324/71/105 44/73/109 42/52/106
f 34/20/20 36/79/104 1633/78/103
f 44/73/109 46/75/111 1639/81/86
f 48/67/110 1640/499/2836 1639/83/86
f 45/23/36 47/461/3446 3297/22/112
f 3326/64/113 3334/66/3503 50/65/114
f 10/54/76 61/500/50 1619/85/115
f 75/46/59 73/47/61 40/21/71
f 3338/59/116 3343/60/3504 54/56/117
f 58/14/119 1646/501/2841 1645/86/65
f 3322/53/121 4/1/1 1/54/82
f 3333/13/123 60/15/2852 58/14/119
f 54/56/117 56/58/120 1645/90/65
f 77/42/63 50/65/114 52/76/118
f 88/92/125 86/92/181 85/92/126
f 3225/92/128 3223/92/131 87/92/127
f 3224/92/130 88/92/125 87/92/127
f 3050/92/132 3049/92/186 92/92/133
f 95/92/135 96/92/188 94/92/136
f 2675/92/138 96/92/188 95/92/135
f 100/92/140 98/92/190 97/92/141
f 3111/92/143 3117/92/192 100/92/140
f 103/92/144 104/92/193 102/92/145
f 2733/92/147 104/92/193 103/92/144
f 108/92/149 106/92/197 105/92/150
f 3172/92/152 3171/92/199 108/92/149
f 111/92/153 112/92/200 110/92/154
f 519/92/156 112/92/200 111/92/153
f 116/92/158 114/92/204 113/92/159
f 117/92/161 118/92/163 116/92/158
f 3398/92/162 3395/92/206 118/92/163
f 122/92/164 120/92/208 119/92/165
f 123/92/167 124/92/171 122/92/164
f 3409/92/168 123/92/167 848/92/169
f 3409/92/168 3412/92/1237 124/92/171
f 3495/92/172 126/92/212 125/92/173
f 129/92/175 130/92/179 128/92/176
f 3368/92/178 3366/92/217 130/92/179
f 88/92/125 134/92/218 133/92/180
f 92/92/133 136/92/184 2556/92/182
f 136/92/184 160/92/221 2557/92/185
f 3049/92/186 3044/92/225 136/92/184
f 138/92/187 137/92/227 94/92/136
f 2675/92/138 2652/92/228 138/92/187
f 100/92/140 140/92/229 139/92/189
f 3102/92/191 140/92/229 100/92/140
f 104/92/193 142/92/195 141/92/194
f 2733/92/147 2719/92/233 142/92/195
f 144/92/196 143/92/236 106/92/197
f 3166/92/198 144/92/196 108/92/149
f 112/92/200 146/92/202 145/92/201
f 519/92/156 231/92/239 146/92/202
f 148/92/203 147/92/241 114/92/204
f 118/92/163 149/92/242 148/92/203
f 3402/92/205 149/92/242 118/92/163
f 122/92/164 151/92/246 150/92/207
f 152/92/209 151/92/246 122/92/164
f 153/92/210 3414/92/248 3411/92/211
f 3413/92/213 3415/93/249 176/92/214
f 3495/92/172 3498/92/252 153/92/210
f 130/92/179 155/92/253 154/92/215
f 3350/92/216 155/92/253 130/92/179
f 134/92/218 158/92/223 157/92/219
f 184/92/220 2559/93/258 2557/92/185
f 3226/92/222 3227/92/259 158/92/223
f 3039/92/224 160/92/221 136/92/184
f 162/92/226 161/92/263 137/92/227
f 2652/92/228 2655/92/265 162/92/226
f 140/92/229 164/92/266 163/92/230
f 3103/92/231 164/92/266 140/92/229
f 142/92/195 166/92/234 165/92/232
f 2719/92/233 2723/92/271 166/92/234
f 168/92/235 167/92/273 143/92/236
f 3166/92/198 3160/92/274 168/92/235
f 170/92/237 169/92/276 145/92/201
f 687/92/238 170/92/237 146/92/202
f 148/92/203 172/92/243 171/92/240
f 149/92/242 173/92/280 172/92/243
f 3379/92/244 173/92/280 149/92/242
f 175/92/245 174/92/283 150/92/207
f 152/92/209 176/92/214 175/92/245
f 177/92/247 3416/92/285 3414/92/248
f 3415/93/249 3417/92/286 200/92/250
f 3502/92/251 177/92/247 153/92/210
f 155/92/253 179/92/255 178/92/254
f 3350/92/216 3374/92/290 179/92/255
f 158/92/223 182/92/260 181/92/256
f 208/92/257 2561/92/328 2559/93/258
f 3227/92/259 3228/92/295 182/92/260
f 3034/92/261 184/92/220 160/92/221
f 186/92/262 185/92/298 161/92/263
f 2651/92/264 186/92/262 162/92/226
f 164/92/266 188/92/300 187/92/267
f 3095/92/268 188/92/300 164/92/266
f 190/92/269 189/92/304 165/92/232
f 2711/92/270 190/92/269 166/92/234
f 192/92/272 191/92/306 167/92/273
f 3160/92/274 3175/92/307 192/92/272
f 170/92/237 194/92/277 193/92/275
f 687/92/238 89/92/310 194/92/277
f 196/92/278 195/92/312 171/92/240
f 197/92/279 196/92/278 172/92/243
f 3408/92/281 197/92/279 173/92/280
f 199/92/282 198/92/316 174/92/283
f 176/92/214 200/92/250 199/92/282
f 201/92/284 3418/92/318 3416/92/285
f 3417/92/286 3420/92/355 224/92/287
f 3502/92/251 3473/92/322 201/92/284
f 179/92/255 203/92/323 202/92/288
f 3348/92/289 203/92/323 179/92/255
f 182/92/260 206/92/294 205/92/291
f 3229/92/292 3230/92/330 230/92/293
f 3229/92/292 206/92/294 182/92/260
f 3031/92/296 208/92/257 184/92/220
f 186/92/262 210/92/332 209/92/297
f 2650/92/299 210/92/332 186/92/262
f 188/92/300 212/92/302 211/92/301
f 3095/92/268 3098/92/337 212/92/302
f 214/92/303 213/92/339 189/92/304
f 2711/92/270 2716/92/341 214/92/303
f 216/92/305 215/92/343 191/92/306
f 3175/92/307 3159/92/344 216/92/305
f 218/92/308 217/92/346 193/92/275
f 783/92/309 218/92/308 194/92/277
f 196/92/278 220/92/348 219/92/311
f 221/92/313 220/92/348 196/92/278
f 3389/92/314 221/92/313 197/92/279
f 223/92/315 222/92/352 198/92/316
f 200/92/250 224/92/287 223/92/315
f 201/92/284 225/92/320 3419/92/317
f 249/92/319 3422/92/354 3419/92/317
f 3475/92/321 225/92/320 201/92/284
f 203/92/323 227/92/325 226/92/324
f 3348/92/289 3349/92/292 227/92/325
f 206/92/294 230/92/293 229/92/326
f 208/92/257 232/92/361 2563/92/327
f 3231/92/329 254/92/394 230/92/293
f 3059/92/331 232/92/361 208/92/257
f 210/92/332 234/92/364 233/92/333
f 2678/92/334 234/92/364 210/92/332
f 212/92/302 236/92/367 235/92/335
f 3123/92/336 236/92/367 212/92/302
f 238/92/338 237/92/371 213/92/339
f 2741/92/340 238/92/338 214/92/303
f 240/92/342 239/92/374 215/92/343
f 3159/92/344 3165/92/376 240/92/342
f 218/92/308 242/92/347 241/92/345
f 783/92/309 639/92/379 242/92/347
f 220/92/348 244/92/380 243/92/349
f 245/92/350 244/92/380 220/92/348
f 3389/92/314 3385/92/384 245/92/350
f 247/92/351 246/92/386 222/92/352
f 224/92/287 248/92/356 247/92/351
f 273/92/353 3423/92/424 3422/92/354
f 3420/92/355 3421/92/390 248/92/356
f 3475/92/321 3484/92/391 249/92/319
f 251/92/357 250/92/393 226/92/324
f 3357/92/358 251/92/357 227/92/325
f 230/92/293 254/92/394 253/92/359
f 256/92/360 2566/92/363 2563/92/327
f 256/92/360 280/92/433 2567/92/362
f 3059/92/331 3054/92/400 256/92/360
f 234/92/364 258/92/366 257/92/365
f 2678/92/334 2671/92/403 258/92/366
f 236/92/367 260/92/405 259/92/368
f 3120/92/369 260/92/405 236/92/367
f 238/92/338 262/92/407 261/92/370
f 2736/92/372 262/92/407 238/92/338
f 240/92/342 264/92/410 263/92/373
f 3183/92/375 264/92/410 240/92/342
f 242/92/347 266/92/413 265/92/377
f 183/92/378 266/92/413 242/92/347
f 244/92/380 268/92/382 267/92/381
f 245/92/350 269/92/418 268/92/382
f 3401/92/383 269/92/418 245/92/350
f 247/92/351 271/92/420 270/92/385
f 272/92/387 271/92/420 247/92/351
f 3426/92/388 296/92/426 272/92/387
f 3421/92/390 3424/92/389 272/92/387
f 3484/92/391 3479/92/427 273/92/353
f 275/92/392 274/92/430 250/92/393
f 3357/92/358 3362/92/432 275/92/392
f 254/92/394 278/92/398 277/92/395
f 3232/92/396 3233/92/436 302/92/397
f 3232/92/396 278/92/398 254/92/394
f 3040/92/399 280/92/433 256/92/360
f 282/92/401 281/92/439 257/92/365
f 2666/92/402 282/92/401 258/92/366
f 284/92/404 283/92/442 259/92/368
f 3118/92/406 284/92/404 260/92/405
f 262/92/407 286/92/409 285/92/408
f 2736/92/372 2731/92/445 286/92/409
f 264/92/410 288/92/447 287/92/411
f 3185/92/412 288/92/447 264/92/410
f 266/92/413 290/92/450 289/92/414
f 159/92/415 290/92/450 266/92/413
f 268/92/382 292/92/454 291/92/416
f 293/92/417 292/92/454 268/92/382
f 3406/92/419 293/92/417 269/92/418
f 271/92/420 295/92/422 294/92/421
f 272/92/387 296/92/426 295/92/422
f 273/92/353 297/92/428 3425/92/423
f 3427/92/425 320/92/459 296/92/426
f 3479/92/427 3490/92/460 297/92/428
f 275/92/392 299/92/463 298/92/429
f 3367/92/431 299/92/463 275/92/392
f 302/92/397 301/92/465 277/92/395
f 280/92/433 304/92/437 2570/93/434
f 3234/92/435 326/92/464 302/92/397
f 3040/92/399 3043/92/468 304/92/437
f 282/92/401 306/92/440 305/92/438
f 2666/92/402 2658/92/472 306/92/440
f 284/92/404 308/92/473 307/92/441
f 3112/92/443 308/92/473 284/92/404
f 286/92/409 310/92/446 309/92/444
f 2731/92/445 2728/92/478 310/92/446
f 288/92/447 312/92/479 311/92/448
f 3182/92/449 312/92/479 288/92/447
f 290/92/450 314/92/452 313/92/451
f 159/92/415 423/92/484 314/92/452
f 316/92/453 315/92/486 291/92/416
f 317/92/455 316/92/453 292/92/454
f 3406/92/419 3391/92/489 317/92/455
f 319/92/456 318/92/491 294/92/421
f 296/92/426 320/92/459 319/92/456
f 297/92/428 321/92/461 3428/93/457
f 3430/92/458 344/92/494 320/92/459
f 3490/92/460 3486/92/496 321/92/461
f 323/92/462 322/92/498 298/92/429
f 3367/92/431 3363/92/500 323/92/462
f 326/92/464 325/92/502 301/92/465
f 304/92/437 328/92/469 2572/92/466
f 3234/92/435 3235/92/505 350/92/467
f 3043/92/468 3046/92/507 328/92/469
f 330/92/470 329/92/509 305/92/438
f 2663/92/471 330/92/470 306/92/440
f 308/92/473 332/92/512 331/92/474
f 3107/92/475 332/92/512 308/92/473
f 310/92/446 334/92/514 333/92/476
f 2726/92/477 334/92/514 310/92/446
f 312/92/479 336/92/481 335/92/480
f 3182/92/449 3178/92/519 336/92/481
f 314/92/452 338/92/520 337/92/482
f 327/92/483 338/92/520 314/92/452
f 340/92/485 339/92/524 315/92/486
f 341/92/487 340/92/485 316/92/453
f 3399/92/488 341/92/487 317/92/455
f 343/92/490 342/92/528 318/92/491
f 320/92/459 344/92/494 343/92/490
f 345/92/492 3429/93/531 3428/93/457
f 3431/92/493 368/92/563 344/92/494
f 3500/92/495 345/92/492 321/92/461
f 347/92/497 346/92/535 322/92/498
f 3372/92/499 347/92/497 323/92/462
f 326/92/464 350/92/467 349/92/501
f 352/92/503 2573/92/539 2572/92/466
f 3236/92/504 374/92/541 350/92/467
f 3051/92/506 352/92/503 328/92/469
f 330/92/470 354/92/510 353/92/508
f 2663/92/471 2669/92/545 354/92/510
f 356/92/511 355/92/547 331/92/474
f 3115/92/513 356/92/511 332/92/512
f 334/92/514 358/92/516 357/92/515
f 2726/92/477 2722/92/551 358/92/516
f 360/92/517 359/92/553 335/92/480
f 3174/92/518 360/92/517 336/92/481
f 338/92/520 362/92/556 361/92/521
f 447/92/522 362/92/556 338/92/520
f 364/92/523 363/92/559 339/92/524
f 365/92/525 364/92/523 340/92/485
f 3383/92/526 365/92/525 341/92/487
f 343/92/490 367/92/529 366/92/527
f 344/92/494 368/92/563 367/92/529
f 369/92/530 3432/92/533 3429/93/531
f 369/92/530 393/92/564 3434/92/532
f 3500/92/495 3494/92/568 369/92/530
f 347/92/497 371/92/536 370/92/534
f 3372/92/499 3371/92/571 371/92/536
f 350/92/467 374/92/541 373/92/537
f 376/92/538 2576/92/573 2573/92/539
f 3236/92/504 3237/92/575 398/92/540
f 3056/92/542 376/92/538 352/92/503
f 354/92/510 378/92/577 377/92/543
f 2670/92/544 378/92/577 354/92/510
f 380/92/546 379/92/581 355/92/547
f 3119/92/548 380/92/546 356/92/511
f 358/92/516 382/92/582 381/92/549
f 2717/92/550 382/92/582 358/92/516
f 360/92/517 384/92/554 383/92/552
f 3174/92/518 3169/92/587 384/92/554
f 386/92/555 385/92/589 361/92/521
f 567/92/557 386/92/555 362/92/556
f 388/92/558 387/92/591 363/92/559
f 365/92/525 389/92/592 388/92/558
f 3388/92/560 389/92/592 365/92/525
f 367/92/529 391/92/594 390/92/561
f 392/92/562 391/92/594 367/92/529
f 393/92/564 417/92/597 3435/92/565
f 3433/92/566 392/92/562 368/92/563
f 3480/92/567 393/92/564 369/92/530
f 371/92/536 395/92/601 394/92/569
f 3354/92/570 395/92/601 371/92/536
f 398/92/540 397/92/603 373/92/537
f 376/92/538 400/92/604 2578/92/572
f 3238/92/574 422/92/640 398/92/540
f 3058/92/576 400/92/604 376/92/538
f 378/92/577 402/92/579 401/92/578
f 2670/92/544 2676/92/610 402/92/579
f 404/92/580 403/92/613 379/92/581
f 3119/92/548 3122/92/614 404/92/580
f 382/92/582 406/92/584 405/92/583
f 2717/92/550 2739/92/617 406/92/584
f 384/92/554 408/92/618 407/92/585
f 3162/92/586 408/92/618 384/92/554
f 410/92/588 409/92/622 385/92/589
f 567/92/557 735/92/624 410/92/588
f 412/92/590 411/92/626 387/92/591
f 389/92/592 413/92/593 412/92/590
f 3388/92/560 3380/92/629 413/92/593
f 391/92/594 415/92/630 414/92/595
f 416/92/596 415/92/630 391/92/594
f 417/92/597 441/92/636 3438/93/598
f 3433/92/566 3436/92/635 416/92/596
f 3485/92/599 417/92/597 393/92/564
f 419/92/600 418/92/638 394/92/569
f 3354/92/570 3360/92/639 419/92/600
f 398/92/540 422/92/640 421/92/602
f 400/92/604 424/92/607 2579/92/605
f 448/92/606 2582/93/643 2579/92/605
f 3035/92/608 424/92/607 400/92/604
f 402/92/579 426/92/611 425/92/609
f 2676/92/610 2649/92/646 426/92/611
f 428/92/612 427/92/649 403/92/613
f 3122/92/614 3096/92/651 428/92/612
f 406/92/584 430/92/653 429/92/615
f 2742/92/616 430/92/653 406/92/584
f 408/92/618 432/92/620 431/92/619
f 3162/92/586 3187/92/657 432/92/620
f 410/92/588 434/92/659 433/92/621
f 807/92/623 434/92/659 410/92/588
f 436/92/625 435/92/661 411/92/626
f 437/92/627 436/92/625 412/92/590
f 3378/92/628 437/92/627 413/92/593
f 415/92/630 439/92/663 438/92/631
f 440/92/632 439/92/663 415/92/630
f 3440/92/633 464/92/702 440/92/632
f 3436/92/635 3437/92/634 440/92/632
f 3485/92/599 3504/92/669 441/92/636
f 443/92/637 442/92/671 418/92/638
f 3360/92/639 3346/92/673 443/92/637
f 422/92/640 446/92/644 445/92/641
f 448/92/606 472/92/675 2583/93/642
f 3238/92/574 3239/92/677 446/92/644
f 3035/92/608 3032/92/679 448/92/606
f 426/92/611 450/92/647 449/92/645
f 2649/92/646 2647/92/682 450/92/647
f 452/92/648 451/92/684 427/92/649
f 3099/92/650 452/92/648 428/92/612
f 454/92/652 453/92/687 429/92/615
f 2713/92/654 454/92/652 430/92/653
f 432/92/620 456/92/690 455/92/655
f 3161/92/656 456/92/690 432/92/620
f 458/92/658 457/92/693 433/92/621
f 807/92/623 90/92/695 458/92/658
f 436/92/625 460/92/697 459/92/660
f 461/92/662 460/92/697 436/92/625
f 3378/92/628 3405/92/700 461/92/662
f 439/92/663 463/92/665 462/92/664
f 440/92/632 464/92/702 463/92/665
f 441/92/636 465/92/667 3439/92/666
f 465/92/667 489/92/737 3442/93/668
f 3504/92/669 3476/92/708 465/92/667
f 467/92/670 466/92/710 442/92/671
f 3352/92/672 467/92/670 443/92/637
f 470/92/674 469/92/712 445/92/641
f 472/92/675 496/92/713 2585/92/676
f 3239/92/677 3240/92/716 470/92/674
f 3041/92/678 472/92/675 448/92/606
f 450/92/647 474/92/718 473/92/680
f 2657/92/681 474/92/718 450/92/647
f 452/92/648 476/92/685 475/92/683
f 3099/92/650 3105/92/722 476/92/685
f 454/92/652 478/92/688 477/92/686
f 2713/92/654 2715/92/725 478/92/688
f 480/92/689 479/92/727 455/92/655
f 3167/92/691 480/92/689 456/92/690
f 458/92/658 482/92/730 481/92/692
f 663/92/694 482/92/730 458/92/658
f 484/92/696 483/92/732 459/92/660
f 485/92/698 484/92/696 460/92/697
f 3404/92/699 485/92/698 461/92/662
f 463/92/665 487/92/703 486/92/701
f 464/92/702 488/92/705 487/92/703
f 3444/92/704 512/92/735 488/92/705
f 3440/92/633 3441/92/706 488/92/705
f 3497/92/707 489/92/737 465/92/667
f 491/92/709 490/92/740 466/92/710
f 3352/92/672 3370/92/742 491/92/709
f 494/92/711 493/92/744 469/92/712
f 496/92/713 520/92/780 2588/92/714
f 3241/92/715 494/92/711 470/92/674
f 3041/92/678 3038/92/748 496/92/713
f 498/92/717 497/92/750 473/92/680
f 2654/92/719 498/92/717 474/92/718
f 476/92/685 500/92/751 499/92/720
f 3101/92/721 500/92/751 476/92/685
f 502/92/723 501/92/755 477/92/686
f 2718/92/724 502/92/723 478/92/688
f 480/92/689 504/92/728 503/92/726
f 3167/92/691 3168/92/757 504/92/728
f 506/92/729 505/92/759 481/92/692
f 663/92/694 615/92/761 506/92/729
f 484/92/696 508/92/763 507/92/731
f 509/92/733 508/92/763 484/92/696
f 3404/92/699 3397/92/766 509/92/733
f 487/92/703 511/92/767 510/92/734
f 512/92/735 511/92/767 487/92/703
f 513/92/736 3443/92/771 3442/93/668
f 3444/92/704 3446/93/773 536/92/738
f 3497/92/707 3492/92/775 513/92/736
f 515/92/739 514/92/777 490/92/740
f 3375/92/741 515/92/739 491/92/709
f 518/92/743 517/92/779 493/92/744
f 3242/92/745 3243/92/783 542/92/746
f 3242/92/745 518/92/743 494/92/711
f 3055/92/747 520/92/780 496/92/713
f 522/92/749 521/92/786 497/92/750
f 2654/92/719 2667/92/787 522/92/749
f 500/92/751 524/92/789 523/92/752
f 3113/92/753 524/92/789 500/92/751
f 526/92/754 525/92/793 501/92/755
f 2718/92/724 2721/92/794 526/92/754
f 528/92/756 527/92/796 503/92/726
f 3168/92/757 3170/92/798 528/92/756
f 506/92/729 530/92/800 529/92/758
f 495/92/760 530/92/800 506/92/729
f 532/92/762 531/92/802 507/92/731
f 533/92/764 532/92/762 508/92/763
f 3384/92/765 533/92/764 509/92/733
f 511/92/767 535/92/769 534/92/768
f 512/92/735 536/92/738 535/92/769
f 537/92/770 3445/93/806 3443/92/771
f 3447/92/772 560/92/842 536/92/738
f 3488/92/774 537/92/770 513/92/736
f 515/92/739 539/92/778 538/92/776
f 3375/92/741 3365/92/812 539/92/778
f 542/92/746 541/92/814 517/92/779
f 520/92/780 544/92/784 2589/92/781
f 3244/92/782 566/92/813 542/92/746
f 3055/92/747 3060/92/818 544/92/784
f 522/92/749 546/92/788 545/92/785
f 2667/92/787 2661/92/821 546/92/788
f 524/92/789 548/92/822 547/92/790
f 3108/92/791 548/92/822 524/92/789
f 550/92/792 549/92/826 525/92/793
f 2721/92/794 2730/92/828 550/92/792
f 528/92/756 552/92/830 551/92/795
f 3180/92/797 552/92/830 528/92/756
f 554/92/799 553/92/832 529/92/758
f 495/92/760 399/92/833 554/92/799
f 556/92/801 555/92/836 531/92/802
f 533/92/764 557/92/803 556/92/801
f 3384/92/765 3386/92/839 557/92/803
f 559/92/804 558/92/841 534/92/768
f 536/92/738 560/92/842 559/92/804
f 561/92/805 3448/92/808 3445/93/806
f 561/92/805 585/92/844 3449/92/807
f 3483/92/809 561/92/805 537/92/770
f 539/92/778 563/92/847 562/92/810
f 3361/92/811 563/92/847 539/92/778
f 566/92/813 565/92/850 541/92/814
f 544/92/784 568/92/851 2592/92/815
f 3244/92/782 3245/92/889 590/92/816
f 3047/92/817 568/92/851 544/92/784
f 546/92/788 570/92/856 569/92/819
f 2659/92/820 570/92/856 546/92/788
f 548/92/822 572/92/859 571/92/823
f 3124/92/824 572/92/859 548/92/822
f 574/92/825 573/92/863 549/92/826
f 2727/92/827 574/92/825 550/92/792
f 576/92/829 575/92/865 551/92/795
f 3180/92/797 3176/92/867 576/92/829
f 554/92/799 578/92/834 577/92/831
f 399/92/833 351/92/869 578/92/834
f 580/92/835 579/92/872 555/92/836
f 581/92/837 580/92/835 556/92/801
f 3390/92/838 581/92/837 557/92/803
f 559/92/804 583/92/843 582/92/840
f 560/92/842 584/92/876 583/92/843
f 585/92/844 609/92/880 3451/92/845
f 3450/93/846 584/92/876 560/92/842
f 3483/92/809 3482/92/879 585/92/844
f 563/92/847 587/92/881 586/92/848
f 3358/92/849 587/92/881 563/92/847
f 590/92/816 589/92/885 565/92/850
f 568/92/851 592/92/853 2594/92/852
f 592/92/853 616/92/887 2596/92/854
f 3048/92/855 592/92/853 568/92/851
f 570/92/856 594/92/892 593/92/857
f 2662/92/858 594/92/892 570/92/856
f 572/92/859 596/92/894 595/92/860
f 3110/92/861 596/92/894 572/92/859
f 598/92/862 597/92/898 573/92/863
f 2727/92/827 2740/92/900 598/92/862
f 576/92/829 600/92/901 599/92/864
f 3186/92/866 600/92/901 576/92/829
f 578/92/834 602/92/870 601/92/868
f 351/92/869 207/92/906 602/92/870
f 580/92/835 604/92/907 603/92/871
f 605/92/873 604/92/907 580/92/835
f 3390/92/838 3392/92/910 605/92/873
f 607/92/874 606/92/912 582/92/840
f 608/92/875 607/92/874 583/92/843
f 3452/92/877 3453/93/914 632/92/878
f 3450/93/846 3452/92/877 608/92/875
f 3482/92/879 3478/92/917 609/92/880
f 587/92/881 611/92/883 610/92/882
f 3358/92/849 3355/92/920 611/92/883
f 590/92/816 614/92/921 613/92/884
f 640/92/886 2597/92/924 2596/92/854
f 3246/92/888 614/92/921 590/92/816
f 3037/92/890 616/92/887 592/92/853
f 618/92/891 617/92/928 593/92/857
f 2653/92/893 618/92/891 594/92/892
f 596/92/894 620/92/896 619/92/895
f 3110/92/861 3116/92/931 620/92/896
f 622/92/897 621/92/933 597/92/898
f 2735/92/899 622/92/897 598/92/862
f 600/92/901 624/92/903 623/92/902
f 3186/92/866 3181/92/935 624/92/903
f 602/92/870 626/92/936 625/92/904
f 303/92/905 626/92/936 602/92/870
f 604/92/907 628/92/939 627/92/908
f 629/92/909 628/92/939 604/92/907
f 3392/92/910 3400/92/942 629/92/909
f 631/92/911 630/92/945 606/92/912
f 632/92/878 631/92/911 607/92/874
f 633/92/913 3454/92/947 3451/92/845
f 3453/93/914 3455/92/948 656/92/915
f 3491/92/916 633/92/913 609/92/880
f 611/92/883 635/92/951 634/92/918
f 3351/92/919 635/92/951 611/92/883
f 614/92/921 638/92/925 637/92/922
f 664/92/923 2599/92/956 2597/92/924
f 3246/92/888 3247/92/958 638/92/925
f 3036/92/926 640/92/886 616/92/887
f 618/92/891 642/92/961 641/92/927
f 2656/92/929 642/92/961 618/92/891
f 644/92/930 643/92/964 619/92/895
f 3116/92/931 3100/92/965 644/92/930
f 646/92/932 645/92/967 621/92/933
f 2735/92/899 2720/92/969 646/92/932
f 648/92/934 647/92/971 623/92/902
f 3181/92/935 3164/92/972 648/92/934
f 626/92/936 650/92/938 649/92/937
f 303/92/905 759/92/975 650/92/938
f 628/92/939 652/92/941 651/92/940
f 629/92/909 653/92/943 652/92/941
f 3400/92/942 3403/92/979 653/92/943
f 631/92/911 655/92/980 654/92/944
f 656/92/915 655/92/980 631/92/911
f 657/92/946 3456/92/983 3454/92/947
f 3455/92/948 3457/92/1016 680/92/949
f 3496/92/950 657/92/946 633/92/913
f 635/92/951 659/92/953 658/92/952
f 3351/92/919 3347/92/988 659/92/953
f 638/92/925 662/92/990 661/92/954
f 688/92/955 2601/92/1023 2599/92/956
f 3248/92/957 662/92/990 638/92/925
f 3033/92/959 664/92/923 640/92/886
f 666/92/960 665/92/994 641/92/927
f 2648/92/962 666/92/960 642/92/961
f 668/92/963 667/92/997 643/92/964
f 3100/92/965 3104/92/998 668/92/963
f 670/92/966 669/92/1001 645/92/967
f 2725/92/968 670/92/966 646/92/932
f 672/92/970 671/92/1004 647/92/971
f 3164/92/972 3190/92/998 672/92/970
f 650/92/938 674/92/1007 673/92/973
f 831/92/974 674/92/1007 650/92/938
f 652/92/941 676/92/977 675/92/976
f 653/92/943 677/92/1009 676/92/977
f 3381/92/978 677/92/1009 653/92/943
f 655/92/980 679/92/1012 678/92/981
f 680/92/949 679/92/1012 655/92/980
f 681/92/982 3458/92/985 3456/92/983
f 705/92/984 3460/92/1015 3458/92/985
f 3503/92/986 681/92/982 657/92/946
f 683/92/987 682/92/1019 658/92/952
f 3373/92/957 683/92/987 659/92/953
f 686/92/989 685/92/1021 661/92/954
f 3249/92/991 3250/92/1025 710/92/992
f 3248/92/957 3249/92/991 686/92/989
f 3033/92/959 3062/92/1027 688/92/955
f 666/92/960 690/92/995 689/92/993
f 2648/92/962 2677/92/1030 690/92/995
f 668/92/963 692/92/999 691/92/996
f 3104/92/998 3125/92/1032 692/92/999
f 694/92/1000 693/92/1034 669/92/1001
f 2712/92/1002 694/92/1000 670/92/966
f 696/92/1003 695/92/1036 671/92/1004
f 3188/92/1005 696/92/1003 672/92/970
f 698/92/1006 697/92/1038 673/92/973
f 831/92/974 471/92/1039 698/92/1006
f 700/92/1008 699/92/1041 675/92/976
f 677/92/1009 701/92/1010 700/92/1008
f 3381/92/978 3377/92/1043 701/92/1010
f 703/92/1011 702/92/1045 678/92/981
f 704/92/1013 703/92/1011 679/92/1012
f 705/92/984 729/92/1046 3462/92/1014
f 3457/92/1016 3459/92/1049 704/92/1013
f 3474/92/1017 705/92/984 681/92/982
f 683/92/987 707/92/1020 706/92/1018
f 3373/92/957 3345/92/1053 707/92/1020
f 710/92/992 709/92/1055 685/92/1021
f 688/92/955 712/92/1057 2603/92/1022
f 3251/92/1024 734/92/1054 710/92/992
f 3061/92/1026 712/92/1057 688/92/955
f 714/92/1028 713/92/1060 689/92/993
f 2673/92/1029 714/92/1028 690/92/995
f 716/92/1031 715/92/1062 691/92/996
f 3125/92/1032 3097/92/1063 716/92/1031
f 718/92/1033 717/92/1065 693/92/1034
f 2712/92/1002 2714/92/1067 718/92/1033
f 720/92/1035 719/92/1069 695/92/1036
f 3188/92/1005 3163/92/1071 720/92/1035
f 722/92/1037 721/92/1073 697/92/1038
f 471/92/1039 711/92/1075 722/92/1037
f 724/92/1040 723/92/1077 699/92/1041
f 725/92/1042 724/92/1040 700/92/1008
f 3377/92/1043 3387/92/1079 725/92/1042
f 727/92/1044 726/92/1081 702/92/1045
f 704/92/1013 728/92/1083 727/92/1044
f 729/92/1046 753/92/1119 3463/92/1047
f 3461/92/1048 728/92/1083 704/92/1013
f 3481/92/1050 729/92/1046 705/92/984
f 731/92/1051 730/92/1088 706/92/1018
f 3353/92/1052 731/92/1051 707/92/1020
f 734/92/1054 733/92/1089 709/92/1055
f 736/92/1056 2605/92/1091 2603/92/1022
f 3251/92/1024 3252/92/1131 758/92/1058
f 3061/92/1026 3057/92/1094 736/92/1056
f 738/92/1059 737/92/1096 713/92/1060
f 2673/92/1029 2672/92/1097 738/92/1059
f 740/92/1061 739/92/1099 715/92/1062
f 3097/92/1063 3126/92/1101 740/92/1061
f 718/92/1033 742/92/1102 741/92/1064
f 2737/92/1066 742/92/1102 718/92/1033
f 720/92/1035 744/92/1106 743/92/1068
f 3184/92/1070 744/92/1106 720/92/1035
f 746/92/1072 745/92/1109 721/92/1073
f 255/92/1074 746/92/1072 722/92/1037
f 748/92/1076 747/92/1112 723/92/1077
f 725/92/1042 749/92/1113 748/92/1076
f 3382/92/1078 749/92/1113 725/92/1042
f 727/92/1044 751/92/1115 750/92/1080
f 752/92/1082 751/92/1115 727/92/1044
f 3465/92/1084 776/92/1117 752/92/1082
f 3464/93/1085 752/92/1082 728/92/1083
f 3477/92/1086 753/92/1119 729/92/1046
f 755/92/1087 754/92/1123 730/92/1088
f 3353/92/1052 3356/92/1125 755/92/1087
f 758/92/1058 757/92/1127 733/92/1089
f 736/92/1056 760/92/1092 2608/93/1090
f 760/92/1092 784/92/1133 2609/92/1093
f 3057/92/1094 3053/92/1132 760/92/1092
f 762/92/1095 761/92/1135 737/92/1096
f 2672/92/1097 2668/92/1136 762/92/1095
f 764/92/1098 763/92/1138 739/92/1099
f 3121/92/1100 764/92/1098 740/92/1061
f 742/92/1102 766/92/1104 765/92/1103
f 2737/92/1066 2738/92/1140 766/92/1104
f 768/92/1105 767/92/1143 743/92/1068
f 3189/92/1107 768/92/1105 744/92/1106
f 746/92/1072 770/92/1110 769/92/1108
f 255/92/1074 135/92/1147 770/92/1110
f 772/92/1111 771/92/1149 747/92/1112
f 749/92/1113 773/92/1114 772/92/1111
f 3382/92/1078 3396/92/1151 773/92/1114
f 751/92/1115 775/92/1152 774/92/1116
f 776/92/1117 775/92/1152 751/92/1115
f 777/92/1118 3466/92/1121 3463/92/1047
f 801/92/1120 3467/92/1187 3466/92/1121
f 3477/92/1086 3489/92/1158 777/92/1118
f 779/92/1122 778/92/1160 754/92/1123
f 3359/92/1124 779/92/1122 755/92/1087
f 758/92/1058 782/92/1129 781/92/1126
f 3254/92/1128 806/92/1161 782/92/1129
f 3253/92/1130 782/92/1129 758/92/1058
f 3053/92/1132 3042/92/1163 784/92/1133
f 786/92/1134 785/92/1165 761/92/1135
f 2668/92/1136 2665/92/1167 786/92/1134
f 788/92/1137 787/92/1169 763/92/1138
f 3121/92/1100 3114/92/1170 788/92/1137
f 766/92/1104 790/92/1141 789/92/1139
f 2738/92/1140 2734/92/1173 790/92/1141
f 768/92/1105 792/92/1175 791/92/1142
f 3179/92/1144 792/92/1175 768/92/1105
f 794/92/1145 793/92/1178 769/92/1108
f 375/92/1146 794/92/1145 770/92/1110
f 772/92/1111 796/92/1180 795/92/1148
f 797/92/1150 796/92/1180 772/92/1111
f 3396/92/1151 3407/92/1183 797/92/1150
f 775/92/1152 799/92/1154 798/92/1153
f 776/92/1117 800/92/1156 799/92/1154
f 3470/92/1155 824/92/1185 800/92/1156
f 3468/92/1157 800/92/1156 776/92/1117
f 3489/92/1158 3487/92/1188 801/92/1120
f 803/92/1159 802/92/1191 778/92/1160
f 3359/92/1124 3369/92/1193 803/92/1159
f 806/92/1161 805/92/1195 781/92/1126
f 808/92/1162 2612/93/1197 2609/92/1093
f 3225/92/128 830/92/129 806/92/1161
f 3042/92/1163 3045/92/1200 808/92/1162
f 786/92/1134 810/92/1201 809/92/1164
f 2660/92/1166 810/92/1201 786/92/1134
f 812/92/1168 811/92/1205 787/92/1169
f 3114/92/1170 3109/92/1206 812/92/1168
f 814/92/1171 813/92/1208 789/92/1139
f 2729/92/1172 814/92/1171 790/92/1141
f 816/92/1174 815/92/1211 791/92/1142
f 3177/92/1176 816/92/1174 792/92/1175
f 794/92/1145 818/92/1179 817/92/1177
f 375/92/1146 279/92/1214 818/92/1179
f 796/92/1180 820/92/1215 819/92/1181
f 821/92/1182 820/92/1215 796/92/1180
f 3407/92/1183 3393/92/1218 821/92/1182
f 799/92/1154 823/92/1221 822/92/1184
f 824/92/1185 823/92/1221 799/92/1154
f 801/92/1120 825/92/1189 3469/92/1186
f 3470/92/1155 3472/92/170 848/92/169
f 3487/92/1188 3501/92/1224 825/92/1189
f 827/92/1190 826/92/1226 802/92/1191
f 3364/92/1192 827/92/1190 803/92/1159
f 806/92/1161 830/92/129 829/92/1194
f 832/92/1196 2614/93/3116 2612/93/1197
f 2625/92/1198 2628/92/3143 519/92/156
f 3052/92/1199 832/92/1196 808/92/1162
f 810/92/1201 834/92/1228 833/92/1202
f 2664/92/1203 834/92/1228 810/92/1201
f 836/92/1204 835/92/1229 811/92/1205
f 3109/92/1206 3106/92/1230 836/92/1204
f 814/92/1171 838/92/1209 837/92/1207
f 2729/92/1172 2724/92/1231 838/92/1209
f 840/92/1210 839/92/1232 815/92/1211
f 3177/92/1176 3173/92/1233 840/92/1210
f 842/92/1212 841/92/1234 817/92/1177
f 543/92/1213 842/92/1212 818/92/1179
f 820/92/1215 844/92/1217 843/92/1216
f 821/92/1182 845/92/1219 844/92/1217
f 3393/92/1218 3394/92/1235 845/92/1219
f 847/92/1220 846/92/1236 822/92/1184
f 848/92/169 847/92/1220 823/92/1221
f 825/92/1189 849/92/1239 3471/92/1222
f 3499/92/1223 849/92/1239 825/92/1189
f 851/92/1225 850/92/1240 826/92/1226
f 3364/92/1192 3376/92/1241 851/92/1225
f 830/92/129 87/92/127 85/92/126
f 3224/92/130 3226/92/222 134/92/218
f 92/92/133 2553/92/183 2552/93/1227
f 3050/92/132 91/92/134 832/92/1196
f 834/92/1228 95/92/135 93/92/137
f 2664/92/1203 2674/92/139 95/92/135
f 99/92/142 97/92/141 835/92/1229
f 3111/92/143 99/92/142 836/92/1204
f 103/92/144 101/92/146 837/92/1207
f 2724/92/1231 2732/92/148 103/92/144
f 840/92/1210 107/92/151 105/92/150
f 3172/92/152 107/92/151 840/92/1210
f 111/92/153 109/92/155 841/92/1234
f 543/92/1213 591/92/157 111/92/153
f 844/92/1217 115/92/160 113/92/159
f 845/92/1219 117/92/161 115/92/160
f 3398/92/162 117/92/161 845/92/1219
f 121/92/166 119/92/165 846/92/1236
f 123/92/167 121/92/166 847/92/1220
f 3413/92/213 152/92/209 124/92/171
f 126/92/212 3411/92/211 3410/92/1238
f 3499/92/1223 3493/92/174 125/92/173
f 851/92/1225 129/92/175 127/92/177
f 3376/92/1241 3368/92/178 129/92/175
f 1262/92/1242 2330/92/1246 2328/92/1243
f 1262/92/1242 1248/92/1352 2331/92/1245
f 2485/92/1247 2424/92/3108 2487/92/1248
f 1292/92/1250 1278/92/2471 2426/92/1251
f 1292/92/1250 2423/92/1252 2486/92/1253
f 864/92/1255 865/92/1314 863/92/1256
f 2810/92/1258 865/92/1314 864/92/1255
f 1849/92/1260 1844/93/1318 1843/92/1261
f 2215/92/1263 1842/92/2500 866/92/1264
f 868/92/1266 1846/93/1320 2217/92/1267
f 2870/92/1269 2842/92/1324 869/92/1270
f 1856/92/1271 1853/92/1275 1851/92/1272
f 1873/92/1274 1870/92/1375 1853/92/1275
f 873/92/1276 891/92/1376 1872/92/1277
f 2914/92/1279 873/92/1276 872/92/1280
f 1864/92/1282 1861/92/1286 1859/92/1283
f 1876/92/1285 1874/92/1382 1861/92/1286
f 876/92/1287 1862/92/1336 2224/92/1288
f 2971/92/1290 877/92/1344 876/92/1287
f 1775/94/1292 1682/92/2916 1778/92/1293
f 880/92/1295 881/92/1348 1685/92/1296
f 3003/92/1298 908/92/1351 894/92/1299
f 2332/92/1301 2333/92/1398 896/92/1302
f 2329/92/1304 2332/92/1301 882/92/1303
f 2428/92/1306 2491/92/1357 2490/92/1307
f 2496/92/1309 912/92/1404 898/92/1310
f 2493/92/1311 898/92/1310 884/92/1312
f 865/92/1314 887/92/1316 886/92/1315
f 2810/92/1258 2830/92/1365 887/92/1316
f 1849/92/1260 1869/92/1366 1866/92/1317
f 868/92/1266 869/92/1270 1848/93/1319
f 2221/92/1321 1854/92/1273 1851/92/1272
f 2852/92/1323 889/92/1368 869/92/1270
f 1298/92/1325 872/92/1280 1855/92/1326
f 1871/92/1328 890/92/1372 871/92/1329
f 2223/92/1331 1858/92/2507 874/92/1332
f 2916/92/1334 891/92/1376 873/92/1276
f 876/92/1287 877/92/1344 1865/92/1335
f 1875/93/1337 892/92/1379 875/92/1338
f 1878/93/1340 902/92/1387 888/92/1341
f 2976/92/1343 893/92/1383 877/92/1344
f 1689/92/1345 1783/92/1390 1780/93/1346
f 881/92/1348 895/92/1391 1688/94/1349
f 3004/92/1350 922/92/1434 908/92/1351
f 1248/92/1352 1234/92/1354 2334/93/1353
f 1234/92/1354 1220/92/1396 2335/93/1355
f 2428/92/1306 2429/92/1400 2494/92/1356
f 1250/92/1358 1236/92/1361 2430/92/1359
f 1236/92/1361 1222/92/1442 2431/93/1362
f 887/92/1316 901/92/1405 900/92/1363
f 2832/92/1364 901/92/1405 887/92/1316
f 1869/92/1366 1880/92/1408 1879/93/1367
f 889/92/1368 903/92/1373 1881/92/1369
f 1882/92/1371 904/92/1412 890/92/1372
f 2852/92/1323 2863/92/1414 903/92/1373
f 1873/92/1274 1885/92/1415 1883/92/1374
f 891/92/1376 905/92/1380 1884/92/1377
f 1886/92/1378 906/92/1419 892/92/1379
f 2916/92/1334 2923/92/1421 905/92/1380
f 1876/92/1285 1889/93/1423 1887/92/1381
f 893/92/1383 907/92/1388 1888/92/1384
f 1891/92/1386 916/92/1426 902/92/1387
f 2976/92/1343 2981/92/1427 907/92/1388
f 1691/92/1389 1784/92/1430 1783/92/1390
f 895/92/1391 909/92/1394 1692/92/1392
f 923/92/1393 1694/92/1472 1692/92/1392
f 1206/92/1395 2337/92/1436 2335/93/1355
f 2336/92/1397 910/92/1438 896/92/1302
f 2432/92/1399 2495/92/1440 2494/92/1356
f 2500/92/1401 940/92/1484 926/92/1402
f 2497/92/1403 926/92/1402 912/92/1404
f 901/92/1405 915/92/1407 914/92/1406
f 2832/92/1364 2825/92/1447 915/92/1407
f 1880/92/1408 1893/93/1449 1890/93/1409
f 903/92/1373 917/92/1450 1892/93/1410
f 1894/92/1411 918/92/1453 904/92/1412
f 2859/92/1413 917/92/1450 903/92/1373
f 1885/92/1415 1896/92/1455 1895/92/1416
f 905/92/1380 919/92/1457 1897/92/1417
f 1898/93/1418 920/92/1460 906/92/1419
f 2917/92/1420 919/92/1457 905/92/1380
f 1900/93/1422 1899/92/1463 1887/92/1381
f 907/92/1388 921/92/1428 1901/92/1424
f 1902/92/1425 930/92/1490 916/92/1426
f 2981/92/1427 2986/92/1467 921/92/1428
f 1695/92/1429 1787/92/1470 1784/92/1430
f 3006/92/1431 950/92/1474 936/92/1432
f 3005/92/1433 936/92/1432 922/92/1434
f 1192/92/1435 2339/92/1516 2337/92/1436
f 2338/92/1437 924/92/1478 910/92/1438
f 2433/92/1439 2498/92/1480 2495/92/1440
f 1208/92/1441 2434/92/1444 2431/93/1362
f 1194/92/1443 2435/92/1482 2434/92/1444
f 915/92/1407 929/92/1485 928/92/1445
f 2828/92/1446 929/92/1485 915/92/1407
f 1904/93/1448 1903/93/1466 1890/93/1409
f 917/92/1450 931/92/1454 1905/92/1451
f 1907/92/1452 932/92/1492 918/92/1453
f 2859/92/1413 2860/92/1493 931/92/1454
f 1896/92/1455 1909/92/1496 1906/92/1456
f 919/92/1457 933/92/1497 1908/92/1458
f 1911/92/1459 934/92/1500 920/92/1460
f 2933/92/1461 933/92/1497 919/92/1457
f 1900/93/1422 1913/92/1503 1910/92/1462
f 921/92/1428 935/92/1468 1912/92/1464
f 1904/93/1448 1916/92/1506 1915/92/1465
f 2986/92/1467 2987/92/1507 935/92/1468
f 1697/92/1469 1789/94/1510 1787/92/1470
f 937/92/1471 1698/92/1512 1694/92/1472
f 3007/92/1473 964/92/1514 950/92/1474
f 2341/93/1475 952/92/1518 938/92/1476
f 2340/92/1477 938/92/1476 924/92/1478
f 2436/92/1479 2499/92/1520 2498/92/1480
f 1180/92/1481 2437/92/1522 2435/92/1482
f 2502/92/1483 954/92/1524 940/92/1484
f 929/92/1485 943/92/1525 942/92/1486
f 2821/92/1487 943/92/1525 929/92/1485
f 931/92/1454 945/92/1494 1917/92/1488
f 1914/92/1489 944/92/1530 930/92/1490
f 1918/92/1491 946/92/1538 932/92/1492
f 2860/92/1493 2864/92/1533 945/92/1494
f 1920/92/1495 1919/93/1532 1906/92/1456
f 933/92/1497 947/92/1535 1921/92/1498
f 1922/92/1499 948/92/1540 934/92/1500
f 2925/92/1501 947/92/1535 933/92/1497
f 1924/92/1502 1923/92/1543 1910/92/1462
f 935/92/1468 949/92/1508 1925/92/1504
f 1929/92/1505 1926/92/1546 1915/92/1465
f 2987/92/1507 2998/92/1548 949/92/1508
f 1700/93/1509 1791/92/1550 1789/94/1510
f 937/92/1471 951/92/1551 1701/92/1511
f 3008/92/1513 978/92/1554 964/92/1514
f 1192/92/1435 1178/92/1556 2342/93/1515
f 2341/93/1475 2343/92/1558 966/92/1517
f 2438/92/1519 2501/92/1560 2499/92/1520
f 1180/92/1481 1166/92/1601 2439/92/1521
f 2502/92/1483 2503/92/1564 968/92/1523
f 943/92/1525 957/92/1565 956/92/1526
f 2818/92/1527 957/92/1565 943/92/1525
f 945/92/1494 959/92/1534 1928/93/1528
f 1927/92/1529 958/92/1570 944/92/1530
f 1932/92/1531 1931/92/1572 1919/93/1532
f 2864/92/1533 2858/92/1574 959/92/1534
f 947/92/1535 961/92/1541 1933/92/1536
f 1930/92/1537 960/92/1577 946/92/1538
f 1934/92/1539 962/92/1584 948/92/1540
f 2925/92/1501 2912/92/1580 961/92/1541
f 1937/92/1542 1935/92/1579 1923/92/1543
f 949/92/1508 963/92/1581 1936/92/1544
f 1941/92/1545 1938/93/1586 1926/92/1546
f 2973/92/1547 963/92/1581 949/92/1508
f 1703/92/1549 1793/93/1589 1791/92/1550
f 951/92/1551 965/92/1591 1704/92/1552
f 3008/92/1513 3009/92/1632 992/92/1553
f 1164/92/1555 2344/92/1595 2342/93/1515
f 2346/92/1557 980/92/1636 966/92/1517
f 2438/92/1519 2440/93/1599 2504/92/1559
f 2505/92/1561 2507/92/1602 996/92/1562
f 2505/92/1561 982/92/1563 968/92/1523
f 957/92/1565 971/92/1605 970/92/1566
f 2815/92/1567 971/92/1605 957/92/1565
f 959/92/1534 973/92/1606 1940/92/1568
f 1939/92/1569 972/92/1609 958/92/1570
f 1945/92/1571 1942/92/1611 1931/92/1572
f 2845/92/1573 973/92/1606 959/92/1534
f 961/92/1541 975/92/1614 1944/92/1575
f 1930/92/1537 1943/92/1616 974/92/1576
f 1937/92/1542 1949/92/1617 1946/92/1578
f 2913/92/431 975/92/1614 961/92/1541
f 963/92/1581 977/92/1621 1948/92/1582
f 1947/92/1583 976/92/1623 962/92/1584
f 1953/92/1585 1950/92/1625 1938/93/1586
f 2979/92/1587 977/92/1621 963/92/1581
f 1707/92/1588 1795/92/1628 1793/93/1589
f 979/92/1590 1706/92/1593 1704/92/1552
f 979/92/1590 993/92/1668 1710/92/1592
f 1164/92/1555 1150/92/1597 2345/92/1594
f 1136/92/1596 2348/93/1672 2345/92/1594
f 2441/92/1598 2506/92/1638 2504/92/1559
f 1152/92/1600 2442/92/1640 2439/92/1521
f 2507/92/1602 2510/93/1679 1010/92/1603
f 985/92/1604 984/92/1644 970/92/1566
f 2815/92/1567 2837/92/1645 985/92/1604
f 973/92/1606 987/92/1647 1952/92/1607
f 1939/92/1569 1951/92/1648 986/92/1608
f 1957/92/1610 1954/92/1651 1942/92/1611
f 2840/92/1612 987/92/1647 973/92/1606
f 989/92/1613 1956/92/1653 1944/92/1575
f 1955/92/1615 988/92/1655 974/92/1576
f 1949/92/1617 1960/92/1656 1959/92/1618
f 2907/92/1619 989/92/1613 975/92/1614
f 991/92/1620 1961/92/1659 1948/92/1582
f 1947/92/1583 1958/92/1660 990/92/1622
f 1964/92/1624 1963/92/1663 1950/92/1625
f 2967/92/1626 991/92/1620 977/92/1621
f 1709/92/1627 1796/93/1666 1795/92/1628
f 3010/92/1629 3011/92/1711 1020/92/1630
f 3009/92/1632 3010/92/1629 1006/92/1631
f 2347/92/1633 2350/92/1714 1008/92/1634
f 2346/92/1557 2347/92/1633 994/92/1635
f 2443/92/1637 2508/92/1676 2506/92/1638
f 1152/92/1600 1138/92/1641 2444/94/1639
f 1138/92/1641 1124/92/1677 2445/92/1642
f 999/92/1643 998/92/1682 984/92/1644
f 2837/92/1645 2807/92/1684 999/92/1643
f 1001/92/1646 1965/92/1686 1952/92/1607
f 1951/92/1648 1962/92/1687 1000/92/1649
f 1957/92/1610 1969/92/1693 1966/93/1650
f 2840/92/1612 2839/92/1691 1001/92/1646
f 1003/92/1652 1968/92/1695 1956/92/1653
f 1955/92/1615 1967/92/1689 1002/92/1654
f 1960/92/1656 1973/92/1697 1970/92/1657
f 2907/92/1619 2904/92/1698 1003/92/1652
f 1005/92/1658 1972/92/1700 1961/92/1659
f 1958/92/1660 1971/92/1701 1004/92/1661
f 1964/92/1624 1976/92/1704 1975/92/1662
f 2972/92/1664 1005/92/1658 991/92/1620
f 1709/92/1627 1713/92/1706 1798/92/1665
f 1007/92/1667 1712/93/1670 1710/92/1592
f 1007/92/1667 1021/92/1748 1716/92/1669
f 1136/92/1596 1122/92/1673 2349/92/1671
f 1122/92/1673 1108/92/1712 2351/92/1674
f 2443/92/1637 2446/92/1716 2509/92/1675
f 1124/92/1677 1110/92/1759 2447/92/1678
f 2510/93/1679 2512/92/1721 1024/92/1680
f 1013/92/1681 1012/92/1723 998/92/1682
f 2812/92/1683 1013/92/1681 999/92/1643
f 1015/92/1685 1977/92/1725 1965/92/1686
f 1962/92/1687 1974/92/1726 1014/92/1688
f 1967/92/1689 1978/93/1734 1016/92/1690
f 2839/92/1691 2844/92/1731 1015/92/1685
f 1981/92/1692 1979/92/1729 1966/93/1650
f 1017/92/1694 1980/92/1733 1968/92/1695
f 1984/92/1696 1982/92/1741 1970/92/1657
f 2904/92/1698 2931/92/1739 1017/92/1694
f 1019/92/1699 1985/92/1743 1972/92/1700
f 1971/92/1701 1983/92/1736 1018/92/1702
f 1988/92/1703 1987/92/1745 1975/92/1662
f 2997/92/1705 1019/92/1699 1005/92/1658
f 1713/92/1706 1715/92/1746 1801/92/1707
f 3012/92/1708 3013/92/1750 1048/92/1709
f 3011/92/1711 3012/92/1708 1034/92/1710
f 1108/92/1712 1093/92/1793 2354/92/1713
f 2350/92/1714 2352/92/1755 1022/92/1715
f 2446/92/1716 2448/92/1756 2511/92/1717
f 2513/92/1718 2516/92/1760 1052/92/1719
f 2512/92/1721 2513/92/1718 1038/92/1720
f 1027/92/1722 1026/92/1763 1012/92/1723
f 2812/92/1683 2822/92/1765 1027/92/1722
f 1029/92/1724 1989/92/1767 1977/92/1725
f 1974/92/1726 1986/92/1768 1028/92/1727
f 1992/92/1728 1991/93/1771 1979/92/1729
f 2854/92/1730 1029/92/1724 1015/92/1685
f 1031/92/1732 1993/92/1774 1980/92/1733
f 1978/93/1734 1990/92/1775 1030/92/1735
f 1983/92/1736 1995/92/1777 1032/92/1737
f 2908/92/1738 1031/92/1732 1017/92/1694
f 1984/92/1696 1997/92/1780 1994/92/1740
f 1033/92/1742 1996/92/1782 1985/92/1743
f 1988/92/1703 2001/93/1805 1998/93/1744
f 2997/92/1705 2996/92/1785 1033/92/1742
f 1715/92/1746 1719/93/1786 1802/92/1747
f 1021/92/1748 1035/92/1789 1718/92/1749
f 3013/92/1750 3014/92/1790 1062/92/1751
f 2353/92/1752 2356/92/1794 1050/92/1753
f 2353/92/1752 1036/92/1754 1022/92/1715
f 2448/92/1756 2450/92/1796 2514/92/1757
f 1095/92/1758 2449/92/1799 2447/92/1678
f 2516/92/1760 2517/92/1801 1066/92/1761
f 1041/92/1762 1040/92/1803 1026/92/1763
f 2829/92/1764 1041/92/1762 1027/92/1722
f 1043/92/1766 2000/92/1808 1989/92/1767
f 1986/92/1768 1999/93/1783 1042/92/1769
f 2005/93/1770 2002/92/1812 1991/93/1771
f 2851/92/1772 1043/92/1766 1029/92/1724
f 1045/92/1773 2004/92/1814 1993/92/1774
f 1990/92/1775 2003/92/1809 1044/92/1776
f 1995/92/1777 2007/92/1815 1046/92/1778
f 2908/92/1738 2915/92/1818 1045/92/1773
f 2008/92/1779 2006/93/1820 1994/92/1740
f 1047/92/1781 2009/92/1822 1996/92/1782
f 1999/93/1783 2010/92/1823 1056/92/1784
f 2996/92/1785 2989/92/1825 1047/92/1781
f 1719/93/1786 1722/92/1826 1805/93/1787
f 1049/92/1788 1721/92/1829 1718/92/1749
f 3014/92/1790 3015/92/1873 1076/92/1791
f 1079/92/1792 2355/92/1833 2354/92/1713
f 2356/92/1794 2357/92/1877 1064/92/1795
f 2450/92/1796 2451/93/1836 2515/92/1797
f 1095/92/1758 1081/92/1839 2452/94/1798
f 2519/93/1800 1080/92/1841 1066/92/1761
f 1055/92/1802 1054/92/1843 1040/92/1803
f 2834/92/1804 1055/92/1802 1041/92/1762
f 2001/93/1805 2012/93/1845 2011/92/1806
f 1057/92/1807 2013/92/1848 2000/92/1808
f 2003/92/1809 2014/92/1849 1058/92/1810
f 2851/92/1772 2866/92/1852 1057/92/1807
f 2005/93/1770 2016/92/1854 2015/92/1811
f 1059/92/1813 2017/93/1856 2004/92/1814
f 2007/92/1815 2018/92/1857 1060/92/1816
f 2921/92/1817 1059/92/1813 1045/92/1773
f 2008/92/1779 2021/93/1860 2019/93/1819
f 1061/92/1821 2020/93/1863 2009/92/1822
f 2010/92/1823 2023/92/1864 1070/92/1824
f 2989/92/1825 2980/92/1867 1061/92/1821
f 1722/92/1826 1724/92/1868 1806/92/1827
f 1063/92/1828 1725/93/1831 1721/92/1829
f 1063/92/1828 1077/92/1906 1727/92/1830
f 1065/92/1832 2358/93/1835 2355/92/1833
f 1065/92/1832 1051/92/1875 2359/92/1834
f 2451/93/1836 2453/92/1878 2518/92/1837
f 1067/92/1838 2454/92/1881 2452/94/1798
f 2519/93/1800 2522/92/1919 1094/92/1840
f 1069/92/1842 1068/92/1885 1054/92/1843
f 2824/92/1844 1069/92/1842 1055/92/1802
f 2012/93/1845 2025/92/1887 2022/92/1846
f 1071/92/1847 2024/92/1889 2013/92/1848
f 2014/92/1849 2026/92/1890 1072/92/1850
f 2861/92/1851 1071/92/1847 1057/92/1807
f 2028/92/1853 2027/92/1893 2015/92/1811
f 1073/92/1855 2029/92/1895 2017/93/1856
f 2018/92/1857 2030/92/1896 1074/92/1858
f 2919/92/1859 1073/92/1855 1059/92/1813
f 2021/93/1860 2032/92/1899 2031/92/1861
f 1075/92/1862 2033/92/1901 2020/93/1863
f 2023/92/1864 2034/92/1927 1084/92/1865
f 2985/92/1866 1075/92/1862 1061/92/1821
f 1724/92/1868 1728/92/1904 1808/92/1869
f 3017/92/1870 1104/92/1909 1090/92/1871
f 3016/92/1872 1090/92/1871 1076/92/1791
f 1037/92/1874 2361/93/1911 2359/92/1834
f 2360/92/1876 1078/92/1913 1064/92/1795
f 2453/92/1878 2455/92/1915 2520/92/1879
f 1067/92/1838 1053/92/1883 2456/93/1880
f 1039/92/1882 2458/92/1917 2456/93/1880
f 1083/92/1884 1082/92/1921 1068/92/1885
f 2824/92/1844 2827/92/1923 1083/92/1884
f 2036/92/1886 2035/93/1903 2022/92/1846
f 1085/92/1888 2037/92/1925 2024/92/1889
f 2026/92/1890 2039/92/1929 1086/92/1891
f 2861/92/1851 2857/92/1931 1085/92/1888
f 2041/92/1892 2038/92/1933 2027/92/1893
f 1087/92/1894 2040/93/1935 2029/92/1895
f 2030/92/1896 2043/92/1937 1088/92/1897
f 2919/92/1859 2928/92/1939 1087/92/1894
f 2045/92/1898 2042/93/1941 2031/92/1861
f 1089/92/1900 2044/93/1943 2033/92/1901
f 2036/92/1886 2048/92/1945 2047/93/1902
f 2985/92/1866 2984/92/1947 1089/92/1900
f 1728/92/1904 1730/94/1949 1810/92/1905
f 1077/92/1906 1091/92/1951 1731/92/1907
f 3018/92/1908 1119/92/1953 1104/92/1909
f 1037/92/1874 1023/92/1954 2363/92/1910
f 2362/92/1912 1092/92/1957 1078/92/1913
f 2457/92/1914 2521/92/1959 2520/92/1879
f 1039/92/1882 1025/92/1961 2459/92/1916
f 2524/92/1918 1109/92/1963 1094/92/1840
f 1083/92/1884 1097/92/1964 1096/92/1920
f 2819/92/1922 1097/92/1964 1083/92/1884
f 1085/92/1888 1099/92/1967 2049/92/1924
f 2046/93/1926 1098/92/1970 1084/92/1865
f 2050/92/1928 1100/92/1977 1086/92/1891
f 2862/92/1930 1099/92/1967 1085/92/1888
f 2041/92/1892 2052/92/1971 2051/92/1932
f 1087/92/1894 1101/92/1974 2053/92/1934
f 2054/92/1936 1102/92/1979 1088/92/1897
f 2926/92/1938 1101/92/1974 1087/92/1894
f 2045/92/1898 2056/92/1982 2055/93/1940
f 1089/92/1900 1103/92/1983 2057/92/1942
f 2061/92/1944 2058/93/1986 2047/93/1902
f 2995/92/1946 1103/92/1983 1089/92/1900
f 1733/92/1948 1813/92/1989 1810/92/1905
f 1105/92/1950 1734/92/1991 1731/92/1907
f 3019/92/1952 1133/92/1993 1119/92/1953
f 1023/92/1954 1009/92/2035 2365/92/1955
f 2362/92/1912 2364/92/1997 1107/92/1956
f 2460/93/1958 2523/93/1999 2521/92/1959
f 1011/92/1960 2461/92/2041 2459/92/1916
f 2526/92/1962 1123/92/2003 1109/92/1963
f 1097/92/1964 1112/92/1966 1111/92/1965
f 2819/92/1922 2814/92/2005 1112/92/1966
f 1099/92/1967 1114/92/1973 2060/93/1968
f 2059/92/1969 1113/92/2009 1098/92/1970
f 2052/92/1971 2064/92/2011 2063/92/1972
f 2862/92/1930 2847/92/2013 1114/92/1973
f 1101/92/1974 1116/92/1980 2065/92/1975
f 2062/92/1976 1115/92/2016 1100/92/1977
f 2067/92/1978 1117/92/2023 1102/92/1979
f 2926/92/1938 2906/92/2019 1116/92/1980
f 2069/92/1981 2066/92/2018 2055/93/1940
f 1103/92/1983 1118/92/1987 2068/92/1984
f 2061/92/1944 2072/92/2025 2070/92/1985
f 2995/92/1946 2991/92/2027 1118/92/1987
f 1736/92/1988 1815/92/2029 1813/92/1989
f 1120/92/1990 1737/92/2031 1734/92/1991
f 3020/92/1992 1147/92/2073 1133/92/1993
f 2366/92/1994 2367/92/2037 1135/92/1995
f 2366/92/1994 1121/92/1996 1107/92/1956
f 2462/93/1998 2525/92/2039 2523/93/1999
f 2529/92/2000 1151/92/2043 1137/92/2001
f 2527/92/2002 1137/92/2001 1123/92/2003
f 1112/92/1966 1126/92/2006 1125/92/2004
f 2814/92/2005 2838/92/2045 1126/92/2006
f 1114/92/1973 1128/92/2047 2073/92/2007
f 2071/92/2008 1127/92/2050 1113/92/2009
f 2077/92/2010 2074/92/2052 2063/92/1972
f 2849/92/2012 1128/92/2047 1114/92/1973
f 1116/92/1980 1130/92/2020 2076/92/2014
f 2075/92/2015 1129/92/2056 1115/92/2016
f 2080/93/2017 2079/93/2062 2066/92/2018
f 2906/92/2019 2909/92/2059 1130/92/2020
f 1118/92/1987 1132/92/2063 2081/92/2021
f 2078/93/2022 1131/92/2058 1117/92/2023
f 2085/93/2024 2082/92/2088 2070/92/1985
f 2969/92/2026 1132/92/2063 1118/92/1987
f 1739/92/2028 1816/92/2069 1815/92/2029
f 1120/92/1990 1134/92/2032 1740/94/2030
f 1134/92/2032 1148/92/2111 1743/92/2033
f 995/92/2034 2368/92/2075 2365/92/1955
f 2369/92/2036 1149/92/2117 1135/92/1995
f 2463/92/2038 2528/92/2079 2525/92/2039
f 1011/92/1960 997/92/2080 2464/92/2040
f 2531/92/2042 1165/92/2083 1151/92/2043
f 1126/92/2006 1140/92/2046 1139/92/2044
f 2838/92/2045 2836/92/2086 1140/92/2046
f 1128/92/2047 1142/92/2053 2084/92/2048
f 2083/92/2049 1141/92/2066 1127/92/2050
f 2077/92/2010 2088/92/2094 2087/92/2051
f 2849/92/2012 2841/92/2092 1142/92/2053
f 1130/92/2020 1144/92/2060 2089/92/2054
f 2086/92/2055 1143/92/2091 1129/92/2056
f 2091/92/2057 1145/92/2098 1131/92/2058
f 2909/92/2059 2930/92/2099 1144/92/2060
f 2080/93/2017 2093/93/2102 2090/92/2061
f 1132/92/2063 1146/92/2103 2092/92/2064
f 2095/92/2065 1155/92/2106 1141/92/2066
f 2978/92/2067 1146/92/2103 1132/92/2063
f 1742/92/2068 1819/92/2109 1816/92/2069
f 3022/92/2070 1175/92/2153 1161/92/2071
f 3021/92/2072 1161/92/2071 1147/92/2073
f 981/92/2074 2370/92/2077 2368/92/2075
f 967/92/2076 2371/92/2115 2370/92/2077
f 2465/92/2078 2530/92/2119 2528/92/2079
f 997/92/2080 983/92/2121 2466/93/2081
f 2534/92/2082 1179/92/2163 1165/92/2083
f 1140/92/2046 1154/92/2124 1153/92/2084
f 2835/92/2085 1154/92/2124 1140/92/2046
f 2085/93/2024 2097/92/2128 2094/92/2087
f 1142/92/2053 1156/92/2093 2096/92/2089
f 2099/92/2090 1157/92/2131 1143/92/2091
f 2841/92/2092 2869/92/2133 1156/92/2093
f 2088/92/2094 2101/92/2134 2098/92/2095
f 1144/92/2060 1158/92/2100 2100/92/2096
f 2103/92/2097 1159/92/2144 1145/92/2098
f 2930/92/2099 2903/92/2140 1158/92/2100
f 2105/92/2101 2102/92/2138 2090/92/2061
f 1146/92/2103 1160/92/2141 2104/92/2104
f 2106/93/2105 1169/92/2170 1155/92/2106
f 2968/92/2107 1160/92/2141 1146/92/2103
f 1746/92/2108 1820/92/2149 1819/92/2109
f 1162/92/2110 1745/93/2113 1743/92/2033
f 1176/92/2112 1748/93/2151 1745/93/2113
f 967/92/2076 953/92/2155 2374/92/2114
f 2372/92/2116 1163/92/2157 1149/92/2117
f 2467/92/2118 2532/92/2159 2530/92/2119
f 969/92/2120 2468/92/2123 2466/93/2081
f 955/92/2122 2470/94/2161 2468/92/2123
f 1154/92/2124 1168/92/2126 1167/92/2125
f 2835/92/2085 2809/92/2166 1168/92/2126
f 2109/92/2127 2107/92/2146 2094/92/2087
f 1156/92/2093 1170/92/2167 2108/93/2129
f 2111/93/2130 1171/92/2172 1157/92/2131
f 2867/92/2132 1170/92/2167 1156/92/2093
f 2101/92/2134 2113/92/2175 2110/92/2135
f 1158/92/2100 1172/92/2176 2112/92/2136
f 2105/92/2101 2116/93/2182 2115/93/2137
f 2929/92/2139 1172/92/2176 1158/92/2100
f 1160/92/2141 1174/92/2147 2117/92/2142
f 2114/92/2143 1173/92/2179 1159/92/2144
f 2109/92/2127 2120/92/2184 2119/93/2145
f 2968/92/2107 2992/92/2186 1174/92/2147
f 1749/92/2148 1823/93/2189 1820/92/2149
f 1176/92/2112 1190/92/2191 1752/94/2150
f 3023/92/2152 1189/92/2193 1175/92/2153
f 939/92/2154 2375/92/2195 2374/92/2114
f 2373/92/2156 1177/92/2197 1163/92/2157
f 2467/92/2118 2469/92/2198 2533/93/2158
f 955/92/2122 941/92/978 2471/92/2160
f 2534/92/2082 2535/92/2202 1193/92/2162
f 1168/92/2126 1182/92/2203 1181/92/2164
f 2811/92/2165 1182/92/2203 1168/92/2126
f 1170/92/2167 1184/92/2207 2121/92/2168
f 2118/92/2169 1183/92/2209 1169/92/2170
f 2122/92/2171 1185/92/2215 1171/92/2172
f 2846/92/2173 1184/92/2207 1170/92/2167
f 2124/92/2174 2123/92/2211 2110/92/2135
f 1172/92/2176 1186/92/2212 2125/92/2177
f 2127/92/2178 1187/92/2217 1173/92/2179
f 2924/92/2180 1186/92/2212 1172/92/2176
f 2129/93/2181 2126/92/2220 2115/93/2137
f 1174/92/2147 1188/92/2187 2128/92/2183
f 2120/92/2184 2132/92/2222 2131/92/2185
f 2992/92/2186 2994/92/2180 1188/92/2187
f 1751/92/2188 1825/93/2226 1823/93/2189
f 1204/92/2190 1754/92/2265 1752/94/2150
f 3024/92/2192 1203/92/2230 1189/92/2193
f 939/92/2154 925/92/2232 2378/92/2194
f 2373/92/2156 2376/92/2234 1191/92/2196
f 2469/92/2198 2472/92/2236 2536/92/2199
f 927/92/2200 2473/93/2275 2471/92/2160
f 2538/93/2201 1207/92/2240 1193/92/2162
f 1182/92/2203 1196/92/2242 1195/92/2204
f 2817/92/2205 1196/92/2242 1182/92/2203
f 1198/92/2206 2133/92/2244 2121/92/2168
f 2130/92/2208 1197/92/2246 1183/92/2209
f 2124/92/2174 2137/92/2247 2134/92/2210
f 2846/92/2173 2853/92/2249 1198/92/2206
f 1186/92/2212 1200/92/2218 2136/92/2213
f 2122/92/2171 2135/92/2252 1199/92/2214
f 2138/92/2216 1201/92/2258 1187/92/2217
f 2924/92/2180 2918/92/2255 1200/92/2218
f 2140/92/2219 2139/92/2254 2126/92/2220
f 1188/92/2187 1202/92/2224 2141/92/2221
f 2132/92/2222 2144/92/2259 2143/92/2223
f 2994/92/2180 2983/92/2261 1202/92/2224
f 1751/92/2188 1755/93/2262 1826/92/2225
f 3025/92/2227 3026/92/2308 1231/92/2228
f 3024/92/2192 3025/92/2227 1217/92/2229
f 911/92/2231 2379/92/2311 2378/92/2194
f 2377/92/2233 1205/92/2271 1191/92/2196
f 2474/92/2235 2537/92/2273 2536/92/2199
f 2540/92/2237 2541/92/2276 1235/92/2238
f 2538/93/2201 2540/92/2237 1221/92/2239
f 1210/92/2241 1209/92/2279 1195/92/2204
f 2817/92/2205 2826/92/2280 1210/92/2241
f 1212/92/2243 2145/92/2282 2133/92/2244
f 2130/92/2208 2142/92/2283 1211/92/2245
f 2137/92/2247 2149/92/2289 2146/92/2248
f 2853/92/2249 2855/92/2288 1212/92/2243
f 1214/92/2250 2148/92/2292 2136/92/2213
f 2147/93/2251 1213/92/2286 1199/92/2214
f 2153/92/2253 2150/92/2294 2139/92/2254
f 2918/92/2255 2911/92/2296 1214/92/2250
f 1216/92/2256 2152/92/2298 2141/92/2221
f 2138/92/2216 2151/92/2299 1215/92/2257
f 2144/92/2259 2157/92/2324 2154/92/2260
f 2983/92/2261 2982/92/2303 1216/92/2256
f 1755/93/2262 1757/92/2304 1828/93/2263
f 1204/92/2190 1218/92/2267 1758/92/2264
f 1232/92/2266 1760/92/2307 1758/92/2264
f 2380/93/2268 2381/92/2352 1233/92/2269
f 2377/92/2233 2380/93/2268 1219/92/2270
f 2474/92/2235 2476/92/2314 2539/92/2272
f 927/92/2200 913/92/2316 2475/92/2274
f 2541/92/2276 2543/92/2358 1249/92/2277
f 1224/92/2278 1223/92/2321 1209/92/2279
f 2826/92/2280 2831/92/2322 1224/92/2278
f 1226/92/2281 2156/92/2326 2145/92/2282
f 2142/92/2283 2155/92/2301 1225/92/2284
f 2147/93/2251 2158/92/2327 1227/92/2285
f 2856/92/2287 1226/92/2281 1212/92/2243
f 2149/92/2289 2160/93/2330 2159/93/2290
f 1228/92/2291 2161/92/2333 2148/92/2292
f 2153/92/2253 2165/92/2336 2162/92/2293
f 2920/92/2295 1228/92/2291 1214/92/2250
f 1230/92/2297 2164/92/2339 2152/92/2298
f 2151/92/2299 2163/92/2334 1229/92/2300
f 2155/92/2301 2166/92/2340 1239/92/2302
f 2982/92/2303 2975/92/2343 1230/92/2297
f 1757/92/2304 1761/92/2344 1830/94/2305
f 1246/92/2306 1763/92/2347 1760/92/2307
f 3026/92/2308 3027/92/2348 1245/92/2309
f 911/92/2231 897/92/2312 2382/92/2310
f 897/92/2312 883/92/2351 2383/94/2313
f 2476/92/2314 2477/92/2354 2542/92/2315
f 913/92/2316 899/92/2318 2478/92/2317
f 899/92/2318 885/92/2357 2480/92/2319
f 1238/92/2320 1237/92/2361 1223/92/2321
f 2831/92/2322 2823/92/2362 1238/92/2320
f 2169/92/2323 2167/92/2364 2154/92/2260
f 1240/92/2325 2168/92/2366 2156/92/2326
f 2158/92/2327 2170/92/2367 1241/92/2328
f 2868/92/2329 1240/92/2325 1226/92/2281
f 2160/93/2330 2173/92/2371 2171/92/2331
f 1242/92/2332 2172/92/2373 2161/92/2333
f 2163/92/2334 2174/92/2374 1243/92/2335
f 2920/92/2295 2927/92/2376 1242/92/2332
f 2165/92/2336 2176/92/2378 2175/92/2337
f 1244/92/2338 2177/92/2380 2164/92/2339
f 2166/92/2340 2178/92/2406 1253/92/2341
f 2988/92/2342 1244/92/2338 1230/92/2297
f 1761/92/2344 1764/92/2384 1832/92/2345
f 1246/92/2306 1260/92/2425 1766/93/2346
f 3027/92/2348 3028/92/2389 1259/92/2349
f 857/92/2350 2385/92/2391 2383/94/2313
f 2381/92/2352 2384/92/2392 1247/92/2353
f 2477/92/2354 2479/92/2394 2544/92/2355
f 861/92/2356 2481/94/2397 2480/92/2319
f 2543/92/2358 2546/92/2398 1263/92/2359
f 1252/92/2360 1251/92/2401 1237/92/2361
f 2823/92/2362 2816/92/2403 1252/92/2360
f 2169/92/2323 2180/93/2382 2179/92/2363
f 1254/92/2365 2181/92/2405 2168/92/2366
f 2170/92/2367 2182/92/2408 1255/92/2368
f 2865/92/2369 1254/92/2365 1240/92/2325
f 2184/92/2370 2183/92/2411 2171/92/2331
f 1256/92/2372 2185/92/2413 2172/92/2373
f 2174/92/2374 2186/92/2414 1257/92/2375
f 2927/92/2376 2922/92/2416 1256/92/2372
f 2188/92/2377 2187/92/2418 2175/92/2337
f 1258/92/2379 2189/92/2420 2177/92/2380
f 2193/92/2381 2190/93/2422 2179/92/2363
f 2990/92/2383 1258/92/2379 1244/92/2338
f 1764/92/2384 1767/92/2423 1835/92/2385
f 3029/92/2386 3030/92/2427 1287/92/2387
f 3028/92/2389 3029/92/2386 1273/92/2388
f 856/92/2390 2387/92/2468 2385/92/2391
f 2384/92/2392 2386/92/2432 1261/92/2393
f 2479/92/2394 2482/92/2434 2545/92/2395
f 860/92/2396 2483/92/2435 2481/94/2397
f 2546/92/2398 2548/92/2436 1277/92/2399
f 1266/92/2400 1265/92/2439 1251/92/2401
f 2820/92/2402 1266/92/2400 1252/92/2360
f 1268/92/2404 2192/92/2441 2181/92/2405
f 2178/92/2406 2191/92/2442 1267/92/2407
f 2182/92/2408 2195/93/2450 1269/92/2409
f 2865/92/2369 2848/92/2447 1268/92/2404
f 2197/92/2410 2194/92/2445 2183/92/2411
f 1270/92/2412 2196/92/2449 2185/92/2413
f 2186/92/2414 2199/92/2458 1271/92/2415
f 2922/92/2416 2905/92/2455 1270/92/2412
f 2188/92/2377 2201/92/2453 2198/92/2417
f 1272/92/2419 2200/93/2457 2189/92/2420
f 2204/92/2421 2203/92/2477 2190/93/2422
f 2990/92/2383 2993/92/2462 1272/92/2419
f 1767/92/2423 1769/92/2463 1837/92/2424
f 1260/92/2425 1274/92/2466 1770/93/2426
f 3030/92/2427 2999/92/2951 1301/92/2428
f 2390/92/2429 1289/92/3076 1275/92/2430
f 2386/92/2432 2388/92/2431 1275/92/2430
f 2484/92/2433 2547/93/2470 2545/92/2395
f 860/92/2396 1264/92/1254 2486/92/1253
f 2548/92/2436 2549/93/3109 1291/92/2437
f 1280/92/2438 1279/92/2473 1265/92/2439
f 2820/92/2402 2808/92/2475 1280/92/2438
f 1282/92/2440 2205/92/2478 2192/92/2441
f 2191/92/2442 2202/92/2460 1281/92/2443
f 2208/92/2444 2207/92/2479 2194/92/2445
f 2850/92/2446 1282/92/2440 1268/92/2404
f 1284/92/2448 2209/92/2480 2196/92/2449
f 2195/93/2450 2206/92/2481 1283/92/2451
f 2212/92/2452 2211/93/2485 2198/92/2417
f 2932/92/2454 1284/92/2448 1270/92/2412
f 1286/92/2456 2213/92/2486 2200/93/2457
f 2199/92/2458 2210/92/2483 1285/92/2459
f 2202/92/2460 2215/92/1263 1295/92/1265
f 2970/92/2461 1286/92/2456 1272/92/2419
f 1769/92/2463 1772/92/2487 1839/92/2464
f 1288/92/2465 1773/94/2489 1770/93/2426
f 1290/92/2467 2389/93/2490 2387/92/2468
f 2418/92/2469 2419/92/3077 1262/92/1242
f 2484/92/2433 2485/92/1247 2550/92/1249
f 862/92/1257 863/92/1256 1278/92/2471
f 1294/92/2472 1293/92/2497 1279/92/2473
f 2833/92/2474 1294/92/2472 1280/92/2438
f 2216/92/2476 2214/92/2952 2203/92/2477
f 1296/92/1268 2217/92/1267 2205/92/2478
f 2221/92/1321 2218/92/1322 2207/92/2479
f 2850/92/2446 2843/92/2501 1296/92/1268
f 1298/92/1325 2220/92/1327 2209/92/2480
f 2206/92/2481 2219/92/2504 1297/92/2482
f 2210/92/2483 2223/92/1331 1299/92/1333
f 2932/92/2454 2934/92/2505 1298/92/1325
f 2212/92/2452 2225/92/2506 2222/92/2484
f 1300/92/1289 2224/92/1288 2213/92/2486
f 2970/92/2461 2977/92/2508 1300/92/1289
f 1772/92/2487 1775/94/1292 1840/93/1294
f 1302/92/2488 1776/92/2512 1773/94/2489
f 1290/92/2467 1276/92/1244 2328/92/1243
f 2329/92/1304 855/92/1305 854/92/2491
f 2489/92/2493 859/92/2496 858/92/2494
f 2492/92/1313 884/92/1312 859/92/2496
f 1250/92/1358 2427/92/1360 2426/92/1251
f 864/92/1255 862/92/1257 1293/92/2497
f 2833/92/2474 2813/92/1259 864/92/1255
f 1867/92/1342 888/92/1341 867/92/2498
f 1845/92/2499 867/92/2498 866/92/1264
f 869/92/1270 889/92/1368 1868/92/1370
f 2870/92/1269 868/92/1266 1296/92/1268
f 1852/92/1330 871/92/1329 870/92/2502
f 2219/92/2504 1850/92/2503 870/92/2502
f 873/92/1276 1857/93/1278 1855/92/1326
f 2934/92/2505 2910/92/1281 872/92/1280
f 2225/92/2506 1863/92/1284 1859/92/1283
f 1860/92/1339 875/92/1338 874/92/1332
f 877/92/1344 893/92/1383 1877/92/1385
f 2977/92/2508 2974/92/1291 876/92/1287
f 3000/92/2509 3001/92/2513 879/92/2510
f 880/92/1295 1683/93/1297 1776/92/2512
f 3002/92/1300 894/92/1299 879/92/2510
f 2272/92/2514 2270/92/2517 2229/92/2515
f 2270/92/2517 2271/92/2983 2228/92/2518
f 2266/92/1361 2248/92/2524 2249/92/2519
f 2269/92/2521 2273/92/2965 2246/92/2522
f 2269/92/2521 2247/92/2523 2248/92/2524
f 2263/92/2525 2264/92/2967 2226/92/2526
f 2267/92/2528 2268/92/2973 1309/92/2529
f 1341/95/2531 1342/99/2535 1343/96/2532
f 1345/98/2534 1346/101/2537 1342/99/2535
f 3530/100/2536 3529/108/2544 1346/101/2537
f 1350/102/2538 1348/111/2547 1347/103/2539
f 1352/105/2541 1350/102/2538 1349/104/2540
f 1353/107/2543 1354/114/2550 1343/96/2532
f 1346/101/2537 1355/109/2545 1353/107/2543
f 3529/108/2544 3526/116/2552 1355/109/2545
f 1357/110/2546 1356/118/2554 1348/111/2547
f 1358/112/2548 1357/110/2546 1350/102/2538
f 1359/113/2549 1360/120/2556 1354/114/2550
f 1361/115/2551 1359/113/2549 1353/107/2543
f 3526/116/2552 3524/123/2559 1361/115/2551
f 1363/117/2553 1362/125/2561 1356/118/2554
f 1358/112/2548 1364/126/2562 1363/117/2553
f 1359/113/2549 1365/129/2565 1366/119/2555
f 1367/121/2557 1365/129/2565 1359/113/2549
f 3519/122/2558 1367/121/2557 1361/115/2551
f 1363/117/2553 1369/127/2563 1368/124/2560
f 1364/126/2562 1370/133/2569 1369/127/2563
f 1371/128/2564 1372/135/2571 1366/119/2555
f 1373/130/2566 1371/128/2564 1365/129/2565
f 3519/122/2558 3518/137/2573 1373/130/2566
f 1375/131/2567 1374/139/2575 1368/124/2560
f 1376/132/2568 1375/131/2567 1369/127/2563
f 1377/134/2570 1378/142/2578 1372/135/2571
f 1373/130/2566 1379/143/2579 1377/134/2570
f 3514/136/2572 1379/143/2579 1373/130/2566
f 1375/131/2567 1381/146/2582 1380/138/2574
f 1382/140/2576 1381/146/2582 1375/131/2567
f 1377/134/2570 1383/144/2580 1384/141/2577
f 1379/143/2579 1385/145/2581 1383/144/2580
f 3514/136/2572 3509/152/2587 1385/145/2581
f 1381/146/2582 1387/148/2584 1386/147/2583
f 1382/140/2576 1388/154/2589 1387/148/2584
f 1389/149/2585 1390/156/2591 1384/141/2577
f 1391/150/2586 1389/149/2585 1383/144/2580
f 3505/151/460 1391/150/2586 1385/145/2581
f 1393/153/2588 1392/160/2595 1386/147/2583
f 1388/154/2589 1394/162/2597 1393/153/2588
f 1395/155/2590 1396/164/2599 1390/156/2591
f 1397/157/2592 1395/155/2590 1389/149/2585
f 3512/158/2593 1397/157/2592 1391/150/2586
f 1393/153/2588 1399/167/2602 1398/159/2594
f 1400/161/2596 1399/167/2602 1393/153/2588
f 1395/155/2590 1401/170/2605 1402/163/2598
f 1403/165/2600 1401/170/2605 1395/155/2590
f 3512/158/2593 3516/173/2608 1403/165/2600
f 1405/166/2601 1404/175/2610 1398/159/2594
f 1406/168/2603 1405/166/2601 1399/167/2602
f 1407/169/2604 1408/177/2612 1402/163/2598
f 1409/171/2606 1407/169/2604 1401/170/2605
f 3521/172/2607 1409/171/2606 1403/165/2600
f 1411/174/2609 1410/180/2615 1404/175/2610
f 1406/168/2603 1412/181/2616 1411/174/2609
f 1413/176/2611 1414/183/2618 1408/177/2612
f 1409/171/2606 1415/178/2613 1413/176/2611
f 3521/172/2607 3527/185/2620 1415/178/2613
f 1417/179/2614 1416/188/2623 1410/180/2615
f 1412/181/2616 1418/190/2625 1417/179/2614
f 1413/176/2611 1419/184/2619 1420/182/2617
f 1415/178/2613 1421/186/2621 1419/184/2619
f 3527/185/2620 3523/193/2628 1421/186/2621
f 1423/187/2622 1422/195/2630 1416/188/2623
f 1424/189/2624 1423/187/2622 1417/179/2614
f 1419/184/2619 1425/198/2633 1426/191/2626
f 1427/192/2627 1425/198/2633 1419/184/2619
f 3523/193/2628 3525/201/2636 1427/192/2627
f 1423/187/2622 1429/202/2637 1428/194/2629
f 1430/196/2631 1429/202/2637 1423/187/2622
f 1431/197/2632 1432/206/2641 1426/191/2626
f 1433/199/2634 1431/197/2632 1425/198/2633
f 3535/200/2635 1433/199/2634 1427/192/2627
f 1429/202/2637 1435/204/2639 1434/203/2638
f 1430/196/2631 1436/210/2645 1435/204/2639
f 1431/197/2632 1437/207/2642 1438/205/2640
f 1433/199/2634 1439/208/2643 1437/207/2642
f 3535/200/2635 3532/215/2650 1439/208/2643
f 1435/204/2639 1441/211/2646 1440/209/2644
f 1436/210/2645 1442/218/2653 1441/211/2646
f 1443/212/2647 1444/220/2655 1438/205/2640
f 1445/213/2648 1443/212/2647 1437/207/2642
f 3511/214/2649 1445/213/2648 1439/208/2643
f 1441/211/2646 1447/222/2657 1446/216/2651
f 1448/217/2652 1447/222/2657 1441/211/2646
f 1443/212/2647 1449/226/2661 1450/219/2654
f 1451/221/2656 1449/226/2661 1443/212/2647
f 3511/214/2649 3536/227/2662 1451/221/2656
f 1447/222/2657 1453/229/2664 1452/223/2658
f 1454/224/2659 1453/229/2664 1447/222/2657
f 1455/225/2660 1456/233/2668 1450/219/2654
f 1451/221/2656 1457/228/2663 1455/225/2660
f 3536/227/2662 3507/235/2670 1457/228/2663
f 1453/229/2664 1459/231/2666 1458/230/2665
f 1454/224/2659 1460/237/2672 1459/231/2666
f 1461/232/2667 1462/240/2675 1456/233/2668
f 1463/234/2669 1461/232/2667 1455/225/2660
f 3507/235/2670 3513/243/2678 1463/234/2669
f 1459/231/2666 1465/238/2673 1464/236/2671
f 1460/237/2672 1466/246/2681 1465/238/2673
f 1461/232/2667 1467/247/2682 1468/239/2674
f 1469/241/2676 1467/247/2682 1461/232/2667
f 3531/242/2677 1469/241/2676 1463/234/2669
f 1471/244/2679 1470/251/2686 1464/236/2671
f 1472/245/2680 1471/244/2679 1465/238/2673
f 1467/247/2682 1473/254/2689 1474/248/2683
f 1475/249/2684 1473/254/2689 1467/247/2682
f 3531/242/2677 3533/256/2691 1475/249/2684
f 1477/250/2685 1476/258/2693 1470/251/2686
f 1478/252/2687 1477/250/2685 1471/244/2679
f 1479/253/2688 1480/261/2695 1474/248/2683
f 1475/249/2684 1481/262/2696 1479/253/2688
f 3522/255/2690 1481/262/2696 1475/249/2684
f 1477/250/2685 1483/259/2694 1482/257/2692
f 1478/252/2687 1484/266/2700 1483/259/2694
f 1479/253/2688 1485/263/2697 1486/260/978
f 1481/262/2696 1487/264/2698 1485/263/2697
f 3522/255/2690 3528/270/957 1487/264/2698
f 1483/259/2694 1489/267/2701 1488/265/2699
f 1484/266/2700 1490/273/2706 1489/267/2701
f 1485/263/2697 1491/275/2708 1492/268/2702
f 1493/269/2703 1491/275/2708 1485/263/2697
f 3528/270/957 3520/278/2711 1493/269/2703
f 1489/267/2701 1495/280/2713 1494/271/2704
f 1496/272/2705 1495/280/2713 1489/267/2701
f 1497/274/2707 1498/283/1063 1492/268/2702
f 1499/276/2709 1497/274/2707 1491/275/2708
f 3517/277/2710 1499/276/2709 1493/269/2703
f 1501/279/2712 1500/287/2719 1494/271/2704
f 1502/281/2714 1501/279/2712 1495/280/2713
f 1497/274/2707 1503/284/2716 1504/282/2715
f 1499/276/2709 1505/285/2717 1503/284/2716
f 3517/277/2710 3508/292/2724 1505/285/2717
f 1501/279/2712 1507/288/2720 1506/286/2718
f 1502/281/2714 1508/294/2726 1507/288/2720
f 1503/284/2716 1509/290/2722 1510/289/2721
f 1505/285/2717 1511/297/2729 1509/290/2722
f 3506/291/2723 1511/297/2729 1505/285/2717
f 1507/288/2720 1513/295/2727 1512/293/2725
f 1508/294/2726 1514/301/2733 1513/295/2727
f 1515/296/2728 1516/502/2735 1510/289/2721
f 1511/297/2729 1517/298/2730 1515/296/2728
f 3506/291/2723 3534/503/2738 1517/298/2730
f 1519/299/2731 1518/310/2740 1512/293/2725
f 1520/300/2732 1519/299/2731 1513/295/2727
f 1515/302/2728 1521/306/2736 1522/303/2734
f 1517/305/2730 1523/314/2744 1521/306/2736
f 3510/307/2737 1523/314/2744 1517/305/2730
f 1525/309/2739 1524/317/2747 1518/310/2740
f 1526/311/2741 1525/309/2739 1519/299/2731
f 1521/306/2736 1527/318/2748 1528/312/2742
f 1529/313/2743 1527/318/2748 1521/306/2736
f 3515/315/2745 1529/313/2743 1523/314/2744
f 1531/316/2746 1530/319/2749 1524/317/2747
f 1526/311/2741 1532/320/2750 1531/316/2746
f 1341/95/2531 1344/97/2533 1528/312/2742
f 1345/98/2534 1341/95/2531 1527/318/2748
f 3530/100/2536 1345/98/2534 1529/313/2743
f 1349/104/2540 1347/103/2539 1530/319/2749
f 1532/320/2750 1351/106/2542 1349/104/2540
f 1454/224/2659 1551/331/2761 1552/321/2751
f 1388/154/2589 1382/140/2576 1539/322/2752
f 1496/272/2705 1490/273/2706 1557/324/2754
f 1532/320/2750 1526/311/2741 1563/326/2756
f 1412/181/2616 1544/344/2774 1545/328/2758
f 1502/281/2714 1496/272/2705 1558/325/2755
f 1454/224/2659 1448/217/2652 1550/330/2760
f 1358/112/2548 1535/352/2782 1536/332/2762
f 1460/237/2672 1552/321/2751 1553/333/2763
f 1514/301/2733 1561/346/2776 1562/334/2764
f 1436/210/2645 1430/196/2631 1547/335/2765
f 1520/300/2732 1562/334/2764 1563/326/2756
f 1351/106/2542 1532/320/2750 1564/327/2757
f 1502/281/2714 1559/329/2759 1560/338/2768
f 1490/273/2706 1484/266/2700 1556/339/2769
f 1424/189/2624 1546/350/2780 1547/335/2765
f 1448/217/2652 1442/218/2653 1549/340/2770
f 1370/133/2569 1537/343/2773 1538/341/2771
f 1484/266/2700 1478/252/2687 1555/342/2772
f 1364/126/2562 1536/332/2762 1537/343/2773
f 1472/245/2680 1554/345/2775 1555/342/2772
f 1406/168/2603 1543/349/2779 1544/344/2774
f 1466/246/2681 1553/333/2763 1554/345/2775
f 1508/294/2726 1560/338/2768 1561/346/2776
f 1394/162/2597 1388/154/2589 1540/323/2753
f 1400/161/2596 1394/162/2597 1541/347/2777
f 1406/168/2603 1400/161/2596 1542/348/2778
f 1376/132/2568 1538/341/2771 1539/322/2752
f 1418/190/2625 1545/328/2758 1546/350/2780
f 1352/105/2541 1351/106/2542 1533/337/2767
f 1358/112/2548 1352/105/2541 1534/351/2781
f 1442/218/2653 1436/210/2645 1548/336/2766
f 1565/353/2783 1560/338/2768 1559/329/2759
f 1572/354/2784 1561/346/2776 1560/338/2768
f 1579/355/2785 1562/334/2764 1561/346/2776
f 1586/356/2786 1563/326/2756 1562/334/2764
f 1586/356/2786 1593/357/2787 1564/327/2757
f 1593/357/2787 1600/358/2788 1533/337/2767
f 1600/358/2788 1607/359/2789 1534/351/2781
f 1607/359/2789 1536/332/2762 1535/352/2782
f 1566/360/2790 1565/353/2783 1558/325/2755
f 1573/361/2791 1572/354/2784 1565/353/2783
f 1580/362/2792 1579/355/2785 1572/354/2784
f 1587/363/2793 1586/356/2786 1579/355/2785
f 1587/363/2793 1594/364/2794 1593/357/2787
f 1594/364/2794 1601/365/2795 1600/358/2788
f 1601/365/2795 1608/366/2796 1607/359/2789
f 1608/366/2796 1537/343/2773 1536/332/2762
f 1567/367/2797 1566/360/2790 1557/324/2754
f 1574/368/2798 1573/361/2791 1566/360/2790
f 1581/369/2799 1580/362/2792 1573/361/2791
f 1588/370/2800 1587/363/2793 1580/362/2792
f 1588/370/2800 1595/371/2801 1594/364/2794
f 1595/371/2801 1602/372/2802 1601/365/2795
f 1602/372/2802 1609/373/2803 1608/366/2796
f 1609/373/2803 1538/341/2771 1537/343/2773
f 1568/374/2804 1567/367/2797 1556/339/2769
f 1575/375/2805 1574/368/2798 1567/367/2797
f 1582/376/2806 1581/369/2799 1574/368/2798
f 1589/377/2807 1588/370/2800 1581/369/2799
f 1589/377/2807 1596/378/2808 1595/371/2801
f 1596/378/2808 1603/379/2809 1602/372/2802
f 1603/379/2809 1610/380/2810 1609/373/2803
f 1610/380/2810 1539/322/2752 1538/341/2771
f 1554/345/2775 1569/381/2811 1568/374/2804
f 1569/381/2811 1576/382/2812 1575/375/2805
f 1576/382/2812 1583/383/2813 1582/376/2806
f 1583/383/2813 1590/385/2815 1589/377/2807
f 1597/384/2814 1596/378/2808 1589/377/2807
f 1604/386/2816 1603/379/2809 1596/378/2808
f 1611/387/2817 1610/380/2810 1603/379/2809
f 1540/323/2753 1539/322/2752 1610/380/2810
f 1553/333/2763 1570/388/2818 1569/381/2811
f 1570/388/2818 1577/389/2819 1576/382/2812
f 1577/389/2819 1584/390/2820 1583/383/2813
f 1584/390/2820 1591/392/2822 1590/385/2815
f 1598/391/2821 1597/384/2814 1590/385/2815
f 1605/393/2823 1604/386/2816 1597/384/2814
f 1612/394/2824 1611/387/2817 1604/386/2816
f 1541/347/2777 1540/323/2753 1611/387/2817
f 1552/321/2751 1571/395/2825 1570/388/2818
f 1571/395/2825 1578/396/2826 1577/389/2819
f 1578/396/2826 1585/397/2827 1584/390/2820
f 1585/397/2827 1592/399/2829 1591/392/2822
f 1599/398/2828 1598/391/2821 1591/392/2822
f 1606/400/2830 1605/393/2823 1598/391/2821
f 1613/401/2831 1612/394/2824 1605/393/2823
f 1542/348/2778 1541/347/2777 1612/394/2824
f 1551/331/2761 1550/330/2760 1571/395/2825
f 1550/330/2760 1549/340/2770 1578/396/2826
f 1549/340/2770 1548/336/2766 1585/397/2827
f 1548/336/2766 1547/335/2765 1592/399/2829
f 1546/350/2780 1599/398/2828 1592/399/2829
f 1545/328/2758 1606/400/2830 1599/398/2828
f 1544/344/2774 1613/401/2831 1606/400/2830
f 1543/349/2779 1542/348/2778 1613/401/2831
f 12/15/15 14/14/14 1620/402/52
f 20/76/100 65/504/55 1622/404/2832
f 70/405/2833 1631/431/2847 1628/406/2834
f 1635/408/2835 72/505/56 71/409/58
f 50/65/114 77/506/63 1640/411/2836
f 1617/412/3 1618/507/2 1615/413/2837
f 1615/413/2837 1618/507/2 1619/415/115
f 1638/63/88 1641/62/87 76/417/2840
f 1646/419/2841 1649/444/2851 1648/420/2842
f 1623/421/2843 64/508/3541 63/422/48
f 1624/424/2844 1623/421/2843 1620/423/52
f 1625/426/2845 1624/424/2844 1621/425/51
f 1630/428/2846 1629/447/2853 1626/429/94
f 1631/431/2847 1630/428/2846 1627/430/93
f 73/432/61 74/505/60 1637/408/2848
f 1634/433/72 1637/408/2848 1636/434/2849
f 1636/434/2849 1635/408/2835 1632/410/108
f 52/76/118 54/56/117 1644/436/67
f 77/438/63 78/509/3543 1643/439/2850
f 1616/416/2839 1619/415/115 61/441/50
f 81/443/69 82/510/3544 1649/444/2851
f 60/15/2852 81/511/69 1646/445/2841
f 1647/49/66 80/512/62 79/446/64
f 1629/447/2853 68/513/3542 67/448/53
f 83/449/70 1617/412/3 1614/414/2838
f 65/451/55 66/514/54 1625/426/2845
f 1640/440/2836 1643/439/2850 1642/452/2854
f 421/92/602 445/92/641 1665/92/2855
f 805/92/1195 1680/92/2861 1679/92/2857
f 397/92/603 421/92/602 1664/92/2856
f 325/92/502 349/92/501 1661/92/2859
f 829/92/1194 1681/92/2868 1680/92/2861
f 277/92/395 1658/92/2885 1657/92/2862
f 733/92/1089 757/92/1127 1678/92/2863
f 613/92/884 637/92/922 1673/92/2865
f 829/92/1194 85/92/126 1650/92/2867
f 541/92/814 565/92/850 1670/92/2869
f 373/92/537 1662/92/2876 1661/92/2859
f 541/92/814 1669/92/2870 1668/92/2871
f 589/92/885 613/92/884 1672/92/2866
f 86/92/181 1651/92/2882 1650/92/2867
f 325/92/502 1660/92/2860 1659/92/2865
f 757/92/1127 781/92/1126 1679/92/2857
f 181/92/256 1654/92/2883 1653/92/2873
f 661/92/954 685/92/1021 1675/92/2874
f 397/92/603 1663/92/2858 1662/92/2876
f 661/92/954 1674/92/2875 1673/92/2865
f 157/92/219 1653/92/2873 1652/92/2877
f 709/92/1055 1676/92/2884 1675/92/2874
f 469/92/712 1666/92/2880 1665/92/2855
f 229/92/326 1656/92/2881 1655/92/2878
f 469/92/712 493/92/744 1667/92/2879
f 229/92/326 253/92/359 1657/92/2862
f 86/92/181 133/92/180 1652/92/2877
f 517/92/779 1668/92/2871 1667/92/2879
f 181/92/256 205/92/291 1655/92/2878
f 733/92/1089 1677/92/2864 1676/92/2884
f 589/92/885 1671/92/2872 1670/92/2869
f 277/92/395 301/92/465 1659/92/2865
f 1721/92/1829 1725/93/1831 1726/92/2886
f 1723/92/2887 1726/92/2886 1724/92/1868
f 1754/92/2265 1758/92/2264 1759/92/2888
f 1756/92/2889 1759/92/2888 1757/92/2304
f 1692/92/1392 1693/92/2891 1690/92/2890
f 1693/92/2891 1691/92/1389 1689/92/1345
f 1718/92/1749 1721/92/1829 1723/92/2887
f 1720/92/2892 1723/92/2887 1722/92/1826
f 1727/92/1830 1731/92/1907 1732/92/2893
f 1729/92/2894 1732/92/2893 1730/94/1949
f 1698/92/1512 1699/92/2896 1696/92/2895
f 1699/92/2896 1697/92/1469 1695/92/1429
f 1685/92/1296 1688/94/1349 1690/92/2890
f 1690/92/2890 1689/92/1345 1686/92/1347
f 1734/92/1991 1735/92/2898 1732/92/2893
f 1735/92/2898 1733/92/1948 1730/94/1949
f 1737/92/2031 1738/92/2899 1735/92/2898
f 1738/92/2899 1736/92/1988 1733/92/1948
f 1701/92/1511 1702/92/2900 1699/92/2896
f 1702/92/2900 1700/93/1509 1697/92/1469
f 1752/94/2150 1753/92/2902 1750/92/2901
f 1753/92/2902 1751/92/2188 1749/92/2148
f 1712/93/1670 1716/92/1669 1717/92/2903
f 1714/92/2904 1717/92/2903 1715/92/1746
f 1766/93/2346 1770/93/2426 1771/92/2905
f 1768/92/2906 1771/92/2905 1769/92/2463
f 1701/92/1511 1704/92/1552 1705/92/2907
f 1705/92/2907 1703/92/1549 1700/93/1509
f 1770/93/2426 1773/94/2489 1774/92/2908
f 1771/92/2905 1774/92/2908 1772/92/2487
f 1740/94/2030 1741/92/2909 1738/92/2899
f 1741/92/2909 1739/92/2028 1736/92/1988
f 1740/94/2030 1743/92/2033 1744/92/2910
f 1744/92/2910 1742/92/2068 1739/92/2028
f 1716/92/1669 1718/92/1749 1720/92/2892
f 1717/92/2903 1720/92/2892 1719/93/1786
f 1776/92/2512 1777/92/2917 1774/92/2908
f 1774/92/2908 1777/92/2917 1775/94/1292
f 1710/92/1592 1711/92/2912 1708/92/2911
f 1711/92/2912 1709/92/1627 1707/92/1588
f 1763/92/2347 1766/93/2346 1768/92/2906
f 1765/92/2913 1768/92/2906 1767/92/2423
f 1748/93/2151 1750/92/2901 1747/92/2914
f 1750/92/2901 1749/92/2148 1746/92/2108
f 1706/92/1593 1708/92/2911 1705/92/2907
f 1708/92/2911 1707/92/1588 1703/92/1549
f 1760/92/2307 1763/92/2347 1765/92/2913
f 1762/92/2915 1765/92/2913 1764/92/2384
f 1682/92/2916 1775/94/1292 1777/92/2917
f 1777/92/2917 1776/92/2512 1683/93/1297
f 1760/92/2307 1762/92/2915 1759/92/2888
f 1762/92/2915 1761/92/2344 1757/92/2304
f 1745/93/2113 1747/92/2914 1744/92/2910
f 1747/92/2914 1746/92/2108 1742/92/2068
f 1683/93/1297 1685/92/1296 1687/92/2897
f 1687/92/2897 1686/92/1347 1682/92/2916
f 1710/92/1592 1712/93/1670 1714/92/2904
f 1711/92/2912 1714/92/2904 1713/92/1706
f 1725/93/1831 1727/92/1830 1729/92/2894
f 1726/92/2886 1729/92/2894 1728/92/1904
f 1694/92/1472 1696/92/2895 1693/92/2891
f 1696/92/2895 1695/92/1429 1691/92/1389
f 1752/94/2150 1754/92/2265 1756/92/2889
f 1753/92/2902 1756/92/2889 1755/93/2262
f 1686/92/1347 1780/93/1346 1778/92/1293
f 1787/92/1470 1786/92/2928 1785/92/2919
f 1823/93/2189 1822/92/2934 1821/92/2920
f 1813/92/1989 1812/92/2933 1811/92/2921
f 1802/92/1747 1805/93/1787 1804/92/2922
f 1783/92/1390 1782/92/2950 1781/92/2924
f 1780/93/1346 1781/92/2924 1779/92/2925
f 1832/92/2345 1835/92/2385 1834/92/2926
f 1789/94/1510 1788/92/2929 1786/92/2928
f 1791/92/1550 1790/92/2936 1788/92/2929
f 1808/92/1869 1810/92/1905 1811/92/2921
f 1779/92/2925 1841/92/2939 1840/93/1294
f 1798/92/1665 1801/92/1707 1800/93/2931
f 1815/92/2029 1814/92/2941 1812/92/2933
f 1825/93/2226 1824/92/2949 1822/92/2934
f 1835/92/2385 1837/92/2424 1836/92/2935
f 1793/93/1589 1792/92/2940 1790/92/2936
f 1837/92/2424 1839/92/2464 1838/92/2937
f 1819/92/2109 1818/92/2944 1817/92/2938
f 1801/92/1707 1802/92/1747 1803/92/2923
f 1839/92/2464 1840/93/1294 1841/92/2939
f 1795/92/1628 1794/93/2948 1792/92/2940
f 1816/92/2069 1817/92/2938 1814/92/2941
f 1796/93/1666 1798/92/1665 1799/92/2932
f 1830/94/2305 1832/92/2345 1833/92/2927
f 1820/92/2149 1821/92/2920 1818/92/2944
f 1828/93/2263 1830/94/2305 1831/92/2943
f 1826/92/2225 1828/93/2263 1829/92/2945
f 1806/92/1827 1808/92/1869 1809/92/2930
f 1795/92/1628 1796/93/1666 1797/92/2942
f 1826/92/2225 1827/92/2946 1824/92/2949
f 1784/92/1430 1785/92/2919 1782/92/2950
f 1805/93/1787 1806/92/1827 1807/92/2947
f 3000/92/2509 878/92/2511 1301/92/2428
f 1884/92/1377 1897/92/1417 1896/92/1455
f 1874/92/1382 1887/92/1381 1886/92/1378
f 2006/93/1820 2019/93/1819 2018/92/1857
f 2002/92/1812 2015/92/1811 2014/92/1849
f 2161/92/2333 2160/93/2330 2149/92/2289
f 2112/92/2136 2125/92/2177 2124/92/2174
f 1883/92/1374 1882/92/1371 1871/92/1328
f 1998/93/1744 2011/92/1806 2010/92/1823
f 2108/93/2129 2121/92/2168 2120/92/2184
f 2139/92/2254 2138/92/2216 2127/92/2178
f 1879/93/1367 1878/93/1340 1867/92/1342
f 2123/92/2211 2122/92/2171 2111/93/2130
f 1872/92/1277 1884/92/1377 1885/92/1415
f 1850/92/2503 2219/92/2504 2218/92/1322
f 2141/92/2221 2140/92/2219 2129/93/2181
f 1895/92/1416 1894/92/1411 1882/92/1371
f 2015/92/1811 2027/92/1893 2026/92/1890
f 2177/92/2380 2176/92/2378 2165/92/2336
f 1842/92/2500 2215/92/1263 2214/92/2952
f 1892/93/1410 1905/92/1451 1904/93/1448
f 2146/92/2248 2159/93/2290 2158/92/2327
f 2221/92/1321 2220/92/1327 1855/92/1326
f 2017/93/1856 2016/92/1854 2005/93/1770
f 2115/93/2137 2114/92/2143 2103/92/2097
f 2051/92/1932 2050/92/1928 2039/92/1929
f 2104/92/2104 2117/92/2142 2116/93/2182
f 2098/92/2095 2110/92/2135 2111/93/2130
f 2040/93/1935 2053/92/1934 2052/92/1971
f 1857/93/1278 1856/92/1271 1854/92/1273
f 2022/92/1846 2035/93/1903 2034/92/1927
f 1994/92/1740 2006/93/1820 2007/92/1815
f 2044/93/1943 2057/92/1942 2056/92/1982
f 2181/92/2405 2180/93/2382 2169/92/2323
f 2162/92/2293 2175/92/2337 2174/92/2374
f 2107/92/2146 2106/93/2105 2095/92/2065
f 1903/93/1466 1902/92/1425 1891/92/1386
f 2019/93/1819 2031/92/1861 2030/92/1896
f 2033/92/1901 2032/92/1899 2021/93/1860
f 1888/92/1384 1901/92/1424 1900/93/1422
f 2159/93/2290 2171/92/2331 2170/92/2367
f 1899/92/1463 1898/93/1418 1886/92/1378
f 1868/92/1370 1881/92/1369 1880/92/1408
f 2029/92/1895 2028/92/1853 2016/92/1854
f 2042/93/1941 2055/93/1940 2054/92/1936
f 2009/92/1822 2008/92/1779 1997/92/1780
f 2154/92/2260 2167/92/2364 2166/92/2340
f 2185/92/2413 2184/92/2370 2173/92/2371
f 2172/92/2373 2173/92/2371 2160/93/2330
f 1853/92/1275 1852/92/1330 1850/92/2503
f 2096/92/2089 2108/93/2129 2109/92/2127
f 2171/92/2331 2183/92/2411 2182/92/2408
f 2013/92/1848 2012/93/1845 2001/93/1805
f 1993/92/1774 1992/92/1728 1981/92/1692
f 1912/92/1464 1925/92/1504 1924/92/1502
f 2094/92/2087 2095/92/2065 2083/92/2049
f 1923/92/1543 1922/92/1499 1911/92/1459
f 1919/93/1532 1918/92/1491 1907/92/1452
f 2084/92/2048 2096/92/2089 2097/92/2128
f 2126/92/2220 2127/92/2178 2114/92/2143
f 2128/92/2183 2129/93/2181 2116/93/2182
f 1985/92/1743 1984/92/1696 1973/92/1697
f 1908/92/1458 1921/92/1498 1920/92/1495
f 2189/92/2420 2188/92/2377 2176/92/2378
f 1865/92/1335 1864/92/1282 1863/92/1284
f 2175/92/2337 2187/92/2418 2186/92/2414
f 2044/93/1943 2045/92/1898 2032/92/1899
f 1996/92/1782 1997/92/1780 1984/92/1696
f 2042/93/1941 2043/92/1937 2030/92/1896
f 1982/92/1741 1994/92/1740 1995/92/1777
f 1980/92/1733 1981/92/1692 1969/92/1693
f 2225/92/2506 2224/92/1288 1862/92/1336
f 2168/92/2366 2169/92/2323 2157/92/2324
f 1901/92/1424 1912/92/1464 1913/92/1503
f 1966/93/1650 1979/92/1729 1978/93/1734
f 1906/92/1456 1907/92/1452 1894/92/1411
f 2037/92/1925 2036/92/1886 2025/92/1887
f 2100/92/2096 2112/92/2136 2113/92/2175
f 1910/92/1462 1911/92/1459 1898/93/1418
f 2198/92/2417 2211/93/2485 2210/92/2483
f 2213/92/2486 2212/92/2452 2201/92/2453
f 1968/92/1695 1969/92/1693 1957/92/1610
f 2194/92/2445 2207/92/2479 2206/92/2481
f 2082/92/2088 2083/92/2049 2071/92/2008
f 1950/92/1625 1963/92/1663 1962/92/1687
f 1965/92/1686 1964/92/1624 1953/92/1585
f 2205/92/2478 2204/92/2421 2193/92/2381
f 1858/92/2507 2223/92/1331 2222/92/2484
f 2087/92/2051 2086/92/2055 2075/92/2015
f 1954/92/1651 1966/93/1650 1967/92/1689
f 1861/92/1286 1860/92/1339 1858/92/2507
f 2209/92/2480 2208/92/2444 2197/92/2410
f 2024/92/1889 2025/92/1887 2012/93/1845
f 2011/92/1806 2022/92/1846 2023/92/1864
f 2076/92/2014 2089/92/2054 2088/92/2094
f 2068/92/1984 2081/92/2021 2080/93/2017
f 2207/92/2479 2218/92/1322 2219/92/2504
f 2070/92/1985 2071/92/2008 2059/92/1969
f 2187/92/2418 2198/92/2417 2199/92/2458
f 1897/92/1417 1908/92/1458 1909/92/1496
f 1970/92/1657 1982/92/1741 1983/92/1736
f 2200/93/2457 2201/92/2453 2188/92/2377
f 1890/93/1409 1891/92/1386 1878/93/1340
f 2190/93/2422 2203/92/2477 2202/92/2460
f 2038/92/1933 2039/92/1929 2026/92/1890
f 2060/93/1968 2073/92/2007 2072/92/2025
f 2040/93/1935 2041/92/1892 2028/92/1853
f 2220/92/1327 2221/92/1321 2208/92/2444
f 1952/92/1607 1953/92/1585 1941/92/1545
f 2079/93/2062 2078/93/2022 2067/92/1978
f 1942/92/1611 1954/92/1651 1955/92/1615
f 1956/92/1653 1957/92/1610 1945/92/1571
f 2183/92/2411 2194/92/2445 2195/93/2450
f 1950/92/1625 1951/92/1648 1939/92/1569
f 1948/92/1582 1961/92/1659 1960/92/1656
f 2098/92/2095 2099/92/2090 2086/92/2055
f 2102/92/2138 2103/92/2097 2091/92/2057
f 2053/92/1934 2065/92/1975 2064/92/2011
f 1866/92/1317 1867/92/1342 1845/92/2499
f 2092/92/2064 2104/92/2104 2105/92/2101
f 2089/92/2054 2100/92/2096 2101/92/2134
f 2057/92/1942 2068/92/1984 2069/92/1981
f 1936/92/1544 1948/92/1582 1949/92/1617
f 2203/92/2477 2214/92/2952 2215/92/1263
f 2073/92/2007 2084/92/2048 2085/93/2024
f 2167/92/2364 2179/92/2363 2178/92/2406
f 2066/92/2018 2067/92/1978 2054/92/1936
f 1946/92/1578 1959/92/1618 1958/92/1660
f 1848/93/1319 1868/92/1370 1869/92/1366
f 2196/92/2449 2197/92/2410 2184/92/2370
f 1961/92/1659 1972/92/1700 1973/92/1697
f 2217/92/1267 2216/92/2476 2204/92/2421
f 1870/92/1375 1871/92/1328 1852/92/1330
f 2037/92/1925 2049/92/1924 2048/92/1945
f 1938/93/1586 1939/92/1569 1927/92/1529
f 2047/93/1902 2046/93/1926 2034/92/1927
f 1959/92/1618 1970/92/1657 1971/92/1701
f 1940/92/1568 1941/92/1545 1929/92/1505
f 2119/93/2145 2118/92/2169 2106/93/2105
f 1977/92/1725 1976/92/1704 1964/92/1624
f 1963/92/1663 1975/92/1662 1974/92/1726
f 1935/92/1579 1934/92/1539 1922/92/1499
f 1925/92/1504 1936/92/1544 1937/92/1542
f 2063/92/1972 2062/92/1976 2050/92/1928
f 1865/92/1335 1877/92/1385 1876/92/1285
f 2179/92/2363 2190/93/2422 2191/92/2442
f 2150/92/2294 2162/92/2293 2163/92/2334
f 2192/92/2441 2193/92/2381 2180/93/2382
f 2164/92/2339 2165/92/2336 2153/92/2253
f 1905/92/1451 1917/92/1488 1916/92/1506
f 1989/92/1767 1988/92/1703 1976/92/1704
f 1979/92/1729 1991/93/1771 1990/92/1775
f 1975/92/1662 1987/92/1745 1986/92/1768
f 2065/92/1975 2076/92/2014 2077/92/2010
f 2090/92/2061 2091/92/2057 2078/93/2022
f 2074/92/2052 2075/92/2015 2062/92/1976
f 1931/92/1572 1930/92/1537 1918/92/1491
f 1857/93/1278 1872/92/1277 1873/92/1274
f 2119/93/2145 2131/92/2185 2130/92/2208
f 1915/92/1465 1914/92/1489 1902/92/1425
f 2121/92/2168 2133/92/2244 2132/92/2222
f 2049/92/1924 2060/93/1968 2061/92/1944
f 2211/93/2485 2222/92/2484 2223/92/1331
f 1921/92/1498 1933/92/1536 1932/92/1531
f 2224/92/1288 2225/92/2506 2212/92/2452
f 2131/92/2185 2143/92/2223 2142/92/2283
f 2058/93/1986 2059/92/1969 2046/93/1926
f 1987/92/1745 1998/93/1744 1999/93/1783
f 2081/92/2021 2092/92/2064 2093/93/2102
f 1844/93/1318 1845/92/2499 1842/92/2500
f 2133/92/2244 2145/92/2282 2144/92/2259
f 2000/92/1808 2001/93/1805 1988/92/1703
f 2136/92/2213 2148/92/2292 2149/92/2289
f 1991/93/1771 2002/92/1812 2003/92/1809
f 1848/93/1319 1849/92/1260 1847/92/1262
f 1942/92/1611 1943/92/1616 1930/92/1537
f 1944/92/1575 1945/92/1571 1932/92/1531
f 2150/92/2294 2151/92/2299 2138/92/2216
f 2134/92/2210 2146/92/2248 2147/93/2251
f 1917/92/1488 1928/93/1528 1929/92/1505
f 2004/92/1814 2005/93/1770 1992/92/1728
f 1926/92/1546 1927/92/1529 1914/92/1489
f 1935/92/1579 1946/92/1578 1947/92/1583
f 2125/92/2177 2136/92/2213 2137/92/2247
f 2123/92/2211 2134/92/2210 2135/92/2252
f 1877/92/1385 1888/92/1384 1889/93/1423
f 1874/92/1382 1875/93/1337 1860/92/1339
f 2143/92/2223 2154/92/2260 2155/92/2301
f 2156/92/2326 2157/92/2324 2144/92/2259
f 2152/92/2298 2153/92/2253 2140/92/2219
f 2020/93/1863 2021/93/1860 2008/92/1779
f 1881/92/1369 1892/93/1410 1893/93/1449
f 1847/92/1262 2216/92/2476 2217/92/1267
f 2216/92/2476 1847/92/1262 1843/92/1261
f 2274/92/2953 2275/92/2993 2234/92/2954
f 2276/92/2956 2277/92/2996 1307/92/2957
f 2279/92/2959 1305/92/2997 1304/92/2960
f 2274/92/2953 2235/92/2955 2236/92/2962
f 2281/92/2964 2245/92/2977 2246/92/2522
f 2282/92/2966 1303/92/2998 2226/92/2526
f 2284/92/2968 2231/92/2991 2232/92/2969
f 2285/92/2971 2283/92/2970 2232/92/2969
f 2268/92/2973 2265/92/2520 2249/92/2519
f 2286/92/2974 2280/92/2963 2236/92/2962
f 2281/92/2964 2287/92/2979 2244/92/2976
f 2288/92/2978 2243/92/2992 2244/92/2976
f 2290/92/2980 2240/92/2995 2241/92/2981
f 2271/92/2983 2263/92/2525 2227/92/2527
f 2289/92/2982 2241/92/2981 2242/92/2984
f 2267/92/2528 1310/92/2530 1308/92/2986
f 2293/92/2988 2294/92/2994 2238/92/2989
f 2272/92/2514 2230/92/2516 2231/92/2991
f 2291/92/2985 2242/92/2984 2243/92/2992
f 2285/92/2971 2233/92/2972 2234/92/2954
f 2286/92/2974 2237/92/2975 2238/92/2989
f 2290/92/2980 2293/92/2988 2239/92/2990
f 2292/92/2987 1308/92/2986 1307/92/2957
f 2279/92/2959 2276/92/2956 1306/92/2958
f 2282/92/2966 2278/92/2961 1304/92/2960
f 1307/92/2957 1308/92/2986 2250/92/2999
f 1310/92/2530 1309/92/2529 2250/92/2999
f 1306/92/2958 2250/92/2999 2251/453/3000
f 1309/92/2529 2249/92/2519 2251/453/3000
f 1305/92/2997 2251/453/3000 2252/94/3001
f 2249/92/2519 2248/92/2524 2252/94/3001
f 1304/92/2960 2252/94/3001 2253/92/3002
f 2248/92/2524 2247/92/2523 2253/92/3002
f 1303/92/2998 2253/92/3002 2254/92/3003
f 2247/92/2523 2246/92/2522 2254/92/3003
f 2226/92/2526 2254/92/3003 2255/94/3004
f 2246/92/2522 2245/92/2977 2255/94/3004
f 2227/92/2527 2255/94/3004 2256/92/3005
f 2245/92/2977 2244/92/2976 2256/92/3005
f 2256/92/3005 2257/92/3006 2229/92/2515
f 2256/92/3005 2244/92/2976 2243/92/2992
f 2257/92/3006 2258/92/3007 2230/92/2516
f 2257/92/3006 2243/92/2992 2242/92/2984
f 2258/92/3007 2259/92/3008 2231/92/2991
f 2258/92/3007 2242/92/2984 2241/92/2981
f 2259/92/3008 2260/92/3009 2232/92/2969
f 2259/92/3008 2241/92/2981 2240/92/2995
f 2260/92/3009 2261/92/3010 2233/92/2972
f 2260/92/3009 2240/92/2995 2239/92/2990
f 2261/92/3010 2262/92/3011 2234/92/2954
f 2261/92/3010 2239/92/2990 2238/92/2989
f 2262/92/3011 2236/92/2962 2235/92/2955
f 2262/92/3011 2238/92/2989 2237/92/2975
f 2299/92/3012 2298/92/3013 2270/92/2517
f 2298/92/3013 2315/92/3037 2271/92/2983
f 2312/92/3014 2266/92/1361 2265/92/2520
f 2314/92/3016 2316/92/3026 2273/92/2965
f 2314/92/3016 2269/92/2521 2266/92/1361
f 2295/92/3017 2311/92/3028 2264/92/2967
f 2313/92/3018 2268/92/2973 2267/92/2528
f 2300/92/3020 2317/92/3041 2275/92/2993
f 2301/92/3021 2318/92/3043 2277/92/2996
f 2319/92/3022 2279/92/2959 2278/92/2961
f 2300/92/3020 2274/92/2953 2280/92/2963
f 2320/92/3025 2281/92/2964 2273/92/2965
f 2321/92/3027 2282/92/2966 2264/92/2967
f 2322/92/3029 2284/92/2968 2283/92/2970
f 2305/92/3031 2304/92/3030 2283/92/2970
f 2313/92/3018 2296/92/3015 2265/92/2520
f 2306/92/3032 2303/92/3024 2280/92/2963
f 2320/92/3025 2323/92/3034 2287/92/2979
f 2324/92/3033 2288/92/2978 2287/92/2979
f 2325/92/3035 2290/92/2980 2289/92/2982
f 2315/92/3037 2295/92/3017 2263/92/2525
f 2307/92/3036 2289/92/2982 2291/92/2985
f 2309/92/3039 2297/92/3019 2267/92/2528
f 2310/92/3040 2326/92/3042 2294/92/2994
f 2299/92/3012 2272/92/2514 2284/92/2968
f 2308/92/3038 2291/92/2985 2288/92/2978
f 2305/92/3031 2285/92/2971 2275/92/2993
f 2306/92/3032 2286/92/2974 2294/92/2994
f 2325/92/3035 2310/92/3040 2293/92/2988
f 2309/92/3039 2292/92/2987 2277/92/2996
f 2319/92/3022 2301/92/3021 2276/92/2956
f 2321/92/3027 2302/92/3023 2278/92/2961
f 1321/92/3044 1320/92/3045 2298/92/3013
f 1320/92/3045 1319/92/3069 2315/92/3037
f 1339/92/3046 2312/92/3014 2296/92/3015
f 1338/92/3048 1337/92/3057 2316/92/3026
f 1338/92/3048 2314/92/3016 2312/92/3014
f 1318/92/3049 1317/92/3059 2311/92/3028
f 853/92/3050 1106/92/3063 2313/92/3018
f 1326/92/3051 1325/92/3073 2317/92/3041
f 1313/92/3052 1312/92/3075 2318/92/3043
f 1314/92/3053 2319/92/3022 2302/92/3023
f 1326/92/3051 2300/92/3020 2303/92/3024
f 1336/92/3056 2320/92/3025 2316/92/3026
f 1316/92/3058 2321/92/3027 2311/92/3028
f 1322/92/3060 2322/92/3029 2304/92/3030
f 1324/92/3062 1323/92/3061 2304/92/3030
f 1106/92/3063 1340/92/3047 2296/92/3015
f 1328/92/3064 1327/92/3055 2303/92/3024
f 1336/92/3056 1335/92/3066 2323/92/3034
f 1334/92/3065 2324/92/3033 2323/92/3034
f 1331/92/3067 2325/92/3035 2307/92/3036
f 1318/92/3049 2295/92/3017 2315/92/3037
f 1332/92/3068 2307/92/3036 2308/92/3038
f 853/92/3050 2297/92/3019 2309/92/3039
f 1330/92/3072 1329/92/3074 2326/92/3042
f 1321/92/3044 2299/92/3012 2322/92/3029
f 1333/92/3070 2308/92/3038 2324/92/3033
f 1324/92/3062 2305/92/3031 2317/92/3041
f 1328/92/3064 2306/92/3032 2326/92/3042
f 1331/92/3067 1330/92/3072 2310/92/3040
f 1311/92/3071 2309/92/3039 2318/92/3043
f 1314/92/3053 1313/92/3052 2301/92/3021
f 1316/92/3058 1315/92/3054 2302/92/3023
f 2358/93/1835 2357/92/1877 2356/92/1794
f 2382/92/2310 2381/92/2352 2380/93/2268
f 2327/93/2492 2390/92/2429 2389/93/2490
f 2342/93/1515 2341/93/1475 2340/92/1477
f 2389/93/2490 2390/92/2429 2388/92/2431
f 2351/92/1674 2354/92/1713 2353/92/1752
f 2342/93/1515 2344/92/1595 2343/92/1558
f 2368/92/2075 2367/92/2037 2366/92/1994
f 2334/93/1353 2333/92/1398 2332/92/1301
f 2330/92/1246 2329/92/1304 2327/93/2492
f 2355/92/1833 2356/92/1794 2353/92/1752
f 2385/92/2391 2387/92/2468 2388/92/2431
f 2363/92/1910 2365/92/1955 2366/92/1994
f 2383/94/2313 2385/92/2391 2386/92/2432
f 2345/92/1594 2348/93/1672 2347/92/1633
f 2370/92/2077 2369/92/2036 2367/92/2037
f 2344/92/1595 2345/92/1594 2346/92/1557
f 2361/93/1911 2363/92/1910 2364/92/1997
f 2382/92/2310 2383/94/2313 2384/92/2392
f 2371/92/2115 2374/92/2114 2373/92/2156
f 2330/92/1246 2331/92/1245 2332/92/1301
f 2361/93/1911 2362/92/1912 2360/92/1876
f 2371/92/2115 2372/92/2116 2369/92/2036
f 2349/92/1671 2351/92/1674 2352/92/1755
f 2337/92/1436 2339/92/1516 2340/92/1477
f 2358/93/1835 2359/92/1834 2360/92/1876
f 2337/92/1436 2338/92/1437 2336/92/1397
f 2375/92/2195 2378/92/2194 2377/92/2233
f 2335/93/1355 2336/92/1397 2333/92/1398
f 2348/93/1672 2349/92/1671 2350/92/1714
f 2378/92/2194 2379/92/2311 2380/93/2268
f 2375/92/2195 2376/92/2234 2373/92/2156
f 2390/92/2429 2327/93/2492 854/92/2491
f 2419/92/3077 2413/92/3079 1248/92/1352
f 2401/92/3078 1234/92/1354 1248/92/1352
f 2401/92/3078 2404/92/3080 1220/92/1396
f 2404/92/3080 2394/92/3082 1206/92/1395
f 2392/92/3081 1192/92/1435 1206/92/1395
f 2406/92/3083 1178/92/1556 1192/92/1435
f 2406/92/3083 2400/92/3084 1164/92/1555
f 2400/92/3084 2399/92/3086 1150/92/1597
f 2409/92/3085 1136/92/1596 1150/92/1597
f 2407/92/3087 1122/92/1673 1136/92/1596
f 2407/92/3087 2405/92/3088 1108/92/1712
f 2405/92/3088 2403/92/3090 1093/92/1793
f 2402/92/3089 1079/92/1792 1093/92/1793
f 2402/92/3089 2391/92/3091 1065/92/1832
f 2391/92/3091 2420/92/3093 1051/92/1875
f 2415/92/3092 1037/92/1874 1051/92/1875
f 2414/92/3094 1023/92/1954 1037/92/1874
f 2414/92/3094 2416/92/3096 1009/92/2035
f 2411/92/3095 995/92/2034 1009/92/2035
f 2408/92/3097 981/92/2074 995/92/2034
f 2408/92/3097 2421/92/3098 967/92/2076
f 2421/92/3098 2396/92/3100 953/92/2155
f 2395/92/3099 939/92/2154 953/92/2155
f 2410/92/3101 925/92/2232 939/92/2154
f 2410/92/3101 2398/92/3102 911/92/2231
f 2398/92/3102 2397/92/3104 897/92/2312
f 2417/92/3103 883/92/2351 897/92/2312
f 2412/92/3105 857/92/2350 883/92/2351
f 2412/92/3105 2393/92/3107 856/92/2390
f 2422/92/3106 1290/92/2467 856/92/2390
f 2418/92/2469 1276/92/1244 1290/92/2467
f 858/92/2494 859/92/2496 2419/92/3077
f 884/92/1312 2413/92/3079 2419/92/3077
f 898/92/1310 2401/92/3078 2413/92/3079
f 898/92/1310 912/92/1404 2404/92/3080
f 912/92/1404 926/92/1402 2394/92/3082
f 940/92/1484 2392/92/3081 2394/92/3082
f 954/92/1524 2406/92/3083 2392/92/3081
f 954/92/1524 968/92/1523 2400/92/3084
f 982/92/1563 2399/92/3086 2400/92/3084
f 982/92/1563 996/92/1562 2409/92/3085
f 1010/92/1603 2407/92/3087 2409/92/3085
f 1024/92/1680 2405/92/3088 2407/92/3087
f 1024/92/1680 1038/92/1720 2403/92/3090
f 1052/92/1719 2402/92/3089 2403/92/3090
f 1052/92/1719 1066/92/1761 2391/92/3091
f 1080/92/1841 2420/92/3093 2391/92/3091
f 1080/92/1841 1094/92/1840 2415/92/3092
f 1109/92/1963 2414/92/3094 2415/92/3092
f 1109/92/1963 1123/92/2003 2416/92/3096
f 1137/92/2001 2411/92/3095 2416/92/3096
f 1137/92/2001 1151/92/2043 2408/92/3097
f 1151/92/2043 1165/92/2083 2421/92/3098
f 1179/92/2163 2396/92/3100 2421/92/3098
f 1179/92/2163 1193/92/2162 2395/92/3099
f 1207/92/2240 2410/92/3101 2395/92/3099
f 1207/92/2240 1221/92/2239 2398/92/3102
f 1235/92/2238 2397/92/3104 2398/92/3102
f 1249/92/2277 2417/92/3103 2397/92/3104
f 1263/92/2359 2412/92/3105 2417/92/3103
f 1263/92/2359 1277/92/2399 2393/92/3107
f 1277/92/2399 1291/92/2437 2422/92/3106
f 858/92/2494 2418/92/2469 2422/92/3106
f 2449/92/1799 2452/94/1798 2451/93/1836
f 2475/92/2274 2478/92/2317 2477/92/2354
f 2454/92/1881 2453/92/1878 2451/93/1836
f 2454/92/1881 2456/93/1880 2455/92/1915
f 2434/92/1444 2433/92/1439 2432/92/1399
f 2423/92/1252 2426/92/1251 2425/92/1308
f 2449/92/1799 2450/92/1796 2448/92/1756
f 2473/93/2275 2475/92/2274 2476/92/2314
f 2427/92/1360 2430/92/1359 2429/92/1400
f 2461/92/2041 2464/92/2040 2463/92/2038
f 2483/92/2435 2486/92/1253 2485/92/1247
f 2466/93/2081 2465/92/2078 2463/92/2038
f 2439/92/1521 2442/92/1640 2441/92/1598
f 2461/92/2041 2462/93/1998 2460/93/1958
f 2427/92/1360 2428/92/1306 2425/92/1308
f 2483/92/2435 2484/92/2433 2482/92/2434
f 2437/92/1522 2439/92/1521 2440/93/1599
f 2458/92/1917 2457/92/1914 2455/92/1915
f 2468/92/2123 2467/92/2118 2465/92/2078
f 2458/92/1917 2459/92/1916 2460/93/1958
f 2442/92/1640 2444/94/1639 2443/92/1637
f 2478/92/2317 2480/92/2319 2479/92/2394
f 2445/92/1642 2447/92/1678 2448/92/1756
f 2437/92/1522 2438/92/1519 2436/92/1479
f 2480/92/2319 2481/94/2397 2482/92/2434
f 2444/94/1639 2445/92/1642 2446/92/1716
f 2470/94/2161 2469/92/2198 2467/92/2118
f 2485/92/1247 2486/92/1253 2423/92/1252
f 2471/92/2160 2473/93/2275 2474/92/2235
f 2435/92/1482 2436/92/1479 2433/92/1439
f 2431/93/1362 2432/92/1399 2429/92/1400
f 2471/92/2160 2472/92/2236 2469/92/2198
f 2425/92/1308 2490/92/1307 2487/92/1248
f 862/92/1257 1292/92/1250 1264/92/1254
f 886/92/1315 900/92/1363 1236/92/1361
f 900/92/1363 914/92/1406 1222/92/1442
f 928/92/1445 1208/92/1441 1222/92/1442
f 942/92/1486 1194/92/1443 1208/92/1441
f 956/92/1526 1180/92/1481 1194/92/1443
f 956/92/1526 970/92/1566 1166/92/1601
f 984/92/1644 1152/92/1600 1166/92/1601
f 984/92/1644 998/92/1682 1138/92/1641
f 998/92/1682 1012/92/1723 1124/92/1677
f 1026/92/1763 1110/92/1759 1124/92/1677
f 1040/92/1803 1095/92/1758 1110/92/1759
f 1054/92/1843 1081/92/1839 1095/92/1758
f 1068/92/1885 1067/92/1838 1081/92/1839
f 1082/92/1921 1053/92/1883 1067/92/1838
f 1082/92/1921 1096/92/1920 1039/92/1882
f 1096/92/1920 1111/92/1965 1025/92/1961
f 1111/92/1965 1125/92/2004 1011/92/1960
f 1125/92/2004 1139/92/2044 997/92/2080
f 1139/92/2044 1153/92/2084 983/92/2121
f 1167/92/2125 969/92/2120 983/92/2121
f 1181/92/2164 955/92/2122 969/92/2120
f 1181/92/2164 1195/92/2204 941/92/978
f 1209/92/2279 927/92/2200 941/92/978
f 1209/92/2279 1223/92/2321 913/92/2316
f 1223/92/2321 1237/92/2361 899/92/2318
f 1237/92/2361 1251/92/2401 885/92/2357
f 1265/92/2439 861/92/2356 885/92/2357
f 1279/92/2473 860/92/2396 861/92/2356
f 1279/92/2473 1293/92/2497 1264/92/1254
f 886/92/1315 1250/92/1358 1278/92/2471
f 2533/93/2158 2536/92/2199 2535/92/2202
f 2498/92/1480 2497/92/1403 2496/92/1309
f 2515/92/1797 2518/92/1837 2517/92/1801
f 2490/92/1307 2489/92/2493 2488/92/2495
f 2539/92/2272 2542/92/2315 2541/92/2276
f 2520/92/1879 2519/93/1800 2517/92/1801
f 2511/92/1717 2514/92/1757 2513/92/1718
f 2537/92/2273 2539/92/2272 2540/92/2237
f 2501/92/1560 2504/92/1559 2503/92/1564
f 2528/92/2079 2527/92/2002 2526/92/1962
f 2547/93/2470 2550/92/1249 2549/93/3109
f 2491/92/1357 2494/92/1356 2493/92/1311
f 2514/92/1757 2515/92/1797 2516/92/1760
f 2530/92/2119 2529/92/2000 2527/92/2002
f 2506/92/1638 2505/92/1561 2503/92/1564
f 2525/92/2039 2526/92/1962 2524/92/1918
f 2545/92/2395 2547/93/2470 2548/92/2436
f 2542/92/2315 2544/92/2355 2543/92/2358
f 2491/92/1357 2492/92/1313 2489/92/2493
f 2523/93/1999 2524/92/1918 2522/92/1919
f 2532/92/2159 2531/92/2042 2529/92/2000
f 2508/92/1676 2507/92/1602 2505/92/1561
f 2509/92/1675 2511/92/1717 2512/92/1721
f 2501/92/1560 2502/92/1483 2500/92/1401
f 2544/92/2355 2545/92/2395 2546/92/2398
f 2532/92/2159 2533/93/2158 2534/92/2082
f 2520/92/1879 2521/92/1959 2522/92/1919
f 2488/92/2495 2549/93/3109 2550/92/1249
f 2508/92/1676 2509/92/1675 2510/93/1679
f 2499/92/1520 2500/92/1401 2497/92/1403
f 2536/92/2199 2537/92/2273 2538/93/2201
f 2495/92/1440 2496/92/1309 2493/92/1311
f 2549/93/3109 2488/92/2495 858/92/2494
f 2592/92/815 2591/92/3115 2590/92/3110
f 2612/93/1197 2611/92/3117 2610/92/3111
f 2567/92/362 2570/93/434 2569/92/3112
f 2592/92/815 2594/92/852 2593/92/3114
f 2614/93/3116 2613/92/3132 2611/92/3117
f 2605/92/1091 2608/93/1090 2607/92/3118
f 2570/93/434 2572/92/466 2571/92/3120
f 2566/92/363 2565/93/3141 2564/92/3121
f 2576/92/573 2575/92/3129 2574/92/3122
f 2605/92/1091 2606/92/3119 2604/94/3123
f 2601/92/1023 2603/92/1022 2604/94/3123
f 2561/92/328 2563/92/327 2564/92/3121
f 2572/92/466 2573/92/539 2574/92/3122
f 2585/92/676 2588/92/714 2587/93/3126
f 2576/92/573 2578/92/572 2577/92/3128
f 2556/92/182 2555/92/3137 2554/93/3130
f 2561/92/328 2562/92/3125 2560/92/3131
f 2588/92/714 2589/92/781 2590/92/3110
f 2613/92/3132 2614/93/3116 2552/93/1227
f 2559/93/258 2560/92/3131 2558/92/3134
f 2582/93/643 2581/92/3142 2580/92/3135
f 2599/92/956 2601/92/1023 2602/92/3124
f 2556/92/182 2557/92/185 2558/92/3134
f 2599/92/956 2600/92/3136 2598/92/3138
f 2553/92/183 2554/93/3130 2551/93/3133
f 2579/92/605 2580/92/3135 2577/92/3128
f 2596/92/854 2595/93/3140 2593/92/3114
f 2583/93/642 2585/92/676 2586/92/3127
f 2597/92/924 2598/92/3138 2595/93/3140
f 2567/92/362 2568/92/3113 2565/93/3141
f 2582/93/643 2583/93/642 2584/92/3139
f 2609/92/1093 2610/92/3111 2607/92/3118
f 91/92/134 2552/93/1227 2614/93/3116
f 2628/92/3143 2640/92/3144 231/92/239
f 2640/92/3144 2621/92/3146 687/92/238
f 2646/92/3145 89/92/310 687/92/238
f 2646/92/3145 2617/92/3147 783/92/309
f 2617/92/3147 2623/92/3149 639/92/379
f 2642/92/3148 183/92/378 639/92/379
f 2643/92/1590 159/92/415 183/92/378
f 2643/92/1590 2632/92/3151 423/92/484
f 2636/92/3150 327/92/483 423/92/484
f 2636/92/3150 2631/92/3152 447/92/522
f 2631/92/3152 2626/92/3154 567/92/557
f 2619/92/3153 735/92/624 567/92/557
f 2616/92/3155 807/92/623 735/92/624
f 2616/92/3155 2645/92/3157 90/92/695
f 2622/92/3156 663/92/694 90/92/695
f 2622/92/3156 2624/92/3159 615/92/761
f 2629/92/3158 495/92/760 615/92/761
f 2629/92/3158 2633/92/3160 399/92/833
f 2633/92/3160 2635/92/3162 351/92/869
f 2641/92/3161 207/92/906 351/92/869
f 2637/92/3163 303/92/905 207/92/906
f 2637/92/3163 2618/92/3164 759/92/975
f 2615/92/986 831/92/974 759/92/975
f 2615/92/986 2630/92/3165 471/92/1039
f 2630/92/3165 2620/92/3167 711/92/1075
f 2639/92/3166 255/92/1074 711/92/1075
f 2644/92/3168 135/92/1147 255/92/1074
f 2644/92/3168 2634/92/3170 375/92/1146
f 2638/92/3169 279/92/1214 375/92/1146
f 2627/92/3171 543/92/1213 279/92/1214
f 2625/92/1198 591/92/157 543/92/1213
f 113/92/159 114/92/204 2628/92/3143
f 147/92/241 2640/92/3144 2628/92/3143
f 147/92/241 171/92/240 2621/92/3146
f 171/92/240 195/92/312 2646/92/3145
f 195/92/312 219/92/311 2617/92/3147
f 243/92/349 2623/92/3149 2617/92/3147
f 243/92/349 267/92/381 2642/92/3148
f 267/92/381 291/92/416 2643/92/1590
f 291/92/416 315/92/486 2632/92/3151
f 315/92/486 339/92/524 2636/92/3150
f 339/92/524 363/92/559 2631/92/3152
f 363/92/559 387/92/591 2626/92/3154
f 411/92/626 2619/92/3153 2626/92/3154
f 411/92/626 435/92/661 2616/92/3155
f 435/92/661 459/92/660 2645/92/3157
f 483/92/732 2622/92/3156 2645/92/3157
f 483/92/732 507/92/731 2624/92/3159
f 531/92/802 2629/92/3158 2624/92/3159
f 555/92/836 2633/92/3160 2629/92/3158
f 579/92/872 2635/92/3162 2633/92/3160
f 603/92/871 2641/92/3161 2635/92/3162
f 603/92/871 627/92/908 2637/92/3163
f 651/92/940 2618/92/3164 2637/92/3163
f 675/92/976 2615/92/986 2618/92/3164
f 699/92/1041 2630/92/3165 2615/92/986
f 723/92/1077 2620/92/3167 2630/92/3165
f 723/92/1077 747/92/1112 2639/92/3166
f 771/92/1149 2644/92/3168 2639/92/3166
f 771/92/1149 795/92/1148 2634/92/3170
f 819/92/1181 2638/92/3169 2634/92/3170
f 819/92/1181 843/92/1216 2627/92/3171
f 113/92/159 2625/92/1198 2627/92/3171
f 2707/92/3172 2675/92/138 2674/92/139
f 2707/92/3172 2684/92/3174 2652/92/228
f 2684/92/3174 2687/92/3176 2655/92/265
f 2683/92/3175 2651/92/264 2655/92/265
f 2682/92/3177 2650/92/299 2651/92/264
f 2710/92/3178 2678/92/334 2650/92/299
f 2703/92/3179 2671/92/403 2678/92/334
f 2698/92/3180 2666/92/402 2671/92/403
f 2698/92/3180 2690/92/3181 2658/92/472
f 2690/92/3181 2695/92/3182 2663/92/471
f 2695/92/3182 2701/92/3184 2669/92/545
f 2702/92/3183 2670/92/544 2669/92/545
f 2708/92/3185 2676/92/610 2670/92/544
f 2708/92/3185 2681/92/3186 2649/92/646
f 2681/92/3186 2679/92/3188 2647/92/682
f 2689/92/3187 2657/92/681 2647/92/682
f 2689/92/3187 2686/92/3190 2654/92/719
f 2699/92/3189 2667/92/787 2654/92/719
f 2693/92/3191 2661/92/821 2667/92/787
f 2693/92/3191 2691/92/3192 2659/92/820
f 2691/92/3192 2694/92/3194 2662/92/858
f 2685/92/3193 2653/92/893 2662/92/858
f 2688/92/3195 2656/92/929 2653/92/893
f 2680/92/3196 2648/92/962 2656/92/929
f 2680/92/3196 2709/92/3197 2677/92/1030
f 2709/92/3197 2705/92/3198 2673/92/1029
f 2705/92/3198 2704/92/3199 2672/92/1097
f 2704/92/3199 2700/92/3200 2668/92/1136
f 2700/92/3200 2697/92/3202 2665/92/1167
f 2692/92/3201 2660/92/1166 2665/92/1167
f 2696/92/3203 2664/92/1203 2660/92/1166
f 2696/92/3203 2706/92/3173 2674/92/139
f 98/92/190 2707/92/3172 2706/92/3173
f 98/92/190 139/92/189 2684/92/3174
f 139/92/189 163/92/230 2687/92/3176
f 187/92/267 2683/92/3175 2687/92/3176
f 211/92/301 2682/92/3177 2683/92/3175
f 211/92/301 235/92/335 2710/92/3178
f 259/92/368 2703/92/3179 2710/92/3178
f 283/92/442 2698/92/3180 2703/92/3179
f 283/92/442 307/92/441 2690/92/3181
f 331/92/474 2695/92/3182 2690/92/3181
f 331/92/474 355/92/547 2701/92/3184
f 379/92/581 2702/92/3183 2701/92/3184
f 403/92/613 2708/92/3185 2702/92/3183
f 403/92/613 427/92/649 2681/92/3186
f 427/92/649 451/92/684 2679/92/3188
f 475/92/683 2689/92/3187 2679/92/3188
f 475/92/683 499/92/720 2686/92/3190
f 523/92/752 2699/92/3189 2686/92/3190
f 547/92/790 2693/92/3191 2699/92/3189
f 547/92/790 571/92/823 2691/92/3192
f 571/92/823 595/92/860 2694/92/3194
f 619/92/895 2685/92/3193 2694/92/3194
f 619/92/895 643/92/964 2688/92/3195
f 667/92/997 2680/92/3196 2688/92/3195
f 667/92/997 691/92/996 2709/92/3197
f 691/92/996 715/92/1062 2705/92/3198
f 739/92/1099 2704/92/3199 2705/92/3198
f 739/92/1099 763/92/1138 2700/92/3200
f 763/92/1138 787/92/1169 2697/92/3202
f 787/92/1169 811/92/1205 2692/92/3201
f 835/92/1229 2696/92/3203 2692/92/3201
f 835/92/1229 97/92/141 2706/92/3173
f 2765/92/3204 2733/92/147 2732/92/148
f 2751/92/3206 2719/92/233 2733/92/147
f 2751/92/3206 2755/92/3208 2723/92/271
f 2743/92/3207 2711/92/270 2723/92/271
f 2743/92/3207 2748/92/3210 2716/92/341
f 2773/92/3209 2741/92/340 2716/92/341
f 2768/92/3211 2736/92/372 2741/92/340
f 2768/92/3211 2763/92/3212 2731/92/445
f 2763/92/3212 2760/92/3214 2728/92/478
f 2758/92/3213 2726/92/477 2728/92/478
f 2754/92/3215 2722/92/551 2726/92/477
f 2749/92/3216 2717/92/550 2722/92/551
f 2749/92/3216 2771/92/3218 2739/92/617
f 2774/92/3217 2742/92/616 2739/92/617
f 2745/92/3219 2713/92/654 2742/92/616
f 2747/92/3220 2715/92/725 2713/92/654
f 2747/92/3220 2750/92/3221 2718/92/724
f 2750/92/3221 2753/92/3222 2721/92/794
f 2753/92/3222 2762/92/3224 2730/92/828
f 2759/92/3223 2727/92/827 2730/92/828
f 2759/92/3223 2772/92/3225 2740/92/900
f 2772/92/3225 2767/92/3226 2735/92/899
f 2767/92/3226 2752/92/3227 2720/92/969
f 2752/92/3227 2757/92/3229 2725/92/968
f 2744/92/3228 2712/92/1002 2725/92/968
f 2744/92/3228 2746/92/3230 2714/92/1067
f 2746/92/3230 2769/92/3232 2737/92/1066
f 2770/92/3231 2738/92/1140 2737/92/1066
f 2770/92/3231 2766/92/3234 2734/92/1173
f 2761/92/3233 2729/92/1172 2734/92/1173
f 2761/92/3233 2756/92/3235 2724/92/1231
f 2756/92/3235 2764/92/3205 2732/92/148
f 106/92/197 2765/92/3204 2764/92/3205
f 143/92/236 2751/92/3206 2765/92/3204
f 143/92/236 167/92/273 2755/92/3208
f 191/92/306 2743/92/3207 2755/92/3208
f 191/92/306 215/92/343 2748/92/3210
f 239/92/374 2773/92/3209 2748/92/3210
f 263/92/373 2768/92/3211 2773/92/3209
f 263/92/373 287/92/411 2763/92/3212
f 311/92/448 2760/92/3214 2763/92/3212
f 335/92/480 2758/92/3213 2760/92/3214
f 359/92/553 2754/92/3215 2758/92/3213
f 383/92/552 2749/92/3216 2754/92/3215
f 383/92/552 407/92/585 2771/92/3218
f 431/92/619 2774/92/3217 2771/92/3218
f 431/92/619 455/92/655 2745/92/3219
f 479/92/727 2747/92/3220 2745/92/3219
f 479/92/727 503/92/726 2750/92/3221
f 503/92/726 527/92/796 2753/92/3222
f 527/92/796 551/92/795 2762/92/3224
f 575/92/865 2759/92/3223 2762/92/3224
f 575/92/865 599/92/864 2772/92/3225
f 599/92/864 623/92/902 2767/92/3226
f 623/92/902 647/92/971 2752/92/3227
f 647/92/971 671/92/1004 2757/92/3229
f 695/92/1036 2744/92/3228 2757/92/3229
f 695/92/1036 719/92/1069 2746/92/3230
f 719/92/1069 743/92/1068 2769/92/3232
f 767/92/1143 2770/92/3231 2769/92/3232
f 767/92/1143 791/92/1142 2766/92/3234
f 815/92/1211 2761/92/3233 2766/92/3234
f 839/92/1232 2756/92/3235 2761/92/3233
f 839/92/1232 105/92/150 2764/92/3205
f 866/92/1264 867/92/2498 2778/92/3236
f 888/92/1341 2798/92/3239 2778/92/3236
f 888/92/1341 902/92/1387 2800/92/3238
f 916/92/1426 2793/92/3241 2800/92/3238
f 916/92/1426 930/92/1490 2796/92/3240
f 944/92/1530 2789/92/3242 2796/92/3240
f 958/92/1570 2786/92/3243 2789/92/3242
f 972/92/1609 2783/92/3245 2786/92/3243
f 972/92/1609 986/92/1608 2805/92/3244
f 986/92/1608 1000/92/1649 2775/92/3246
f 1014/92/1688 2780/92/3248 2775/92/3246
f 1014/92/1688 1028/92/1727 2790/92/3247
f 1042/92/1769 2797/92/3250 2790/92/3247
f 1042/92/1769 1056/92/1784 2802/92/3249
f 1056/92/1784 1070/92/1824 2792/92/3251
f 1084/92/1865 2795/92/3253 2792/92/3251
f 1084/92/1865 1098/92/1970 2787/92/3252
f 1113/92/2009 2782/92/3254 2787/92/3252
f 1127/92/2050 2806/92/3256 2782/92/3254
f 1127/92/2050 1141/92/2066 2804/92/3255
f 1155/92/2106 2803/92/3258 2804/92/3255
f 1155/92/2106 1169/92/2170 2777/92/3257
f 1183/92/2209 2779/92/3259 2777/92/3257
f 1197/92/2246 2785/92/3261 2779/92/3259
f 1197/92/2246 1211/92/2245 2794/92/3260
f 1211/92/2245 1225/92/2284 2799/92/3262
f 1225/92/2284 1239/92/2302 2791/92/3263
f 1253/92/2341 2784/92/3265 2791/92/3263
f 1253/92/2341 1267/92/2407 2788/92/3264
f 1281/92/2443 2776/92/3267 2788/92/3264
f 1281/92/2443 1295/92/1265 2801/92/3266
f 866/92/1264 2781/92/3237 2801/92/3266
f 2778/92/3236 2810/92/1258 2813/92/1259
f 2798/92/3239 2830/92/1365 2810/92/1258
f 2800/92/3238 2832/92/1364 2830/92/1365
f 2793/92/3241 2825/92/1447 2832/92/1364
f 2793/92/3241 2796/92/3240 2828/92/1446
f 2789/92/3242 2821/92/1487 2828/92/1446
f 2786/92/3243 2818/92/1527 2821/92/1487
f 2783/92/3245 2815/92/1567 2818/92/1527
f 2783/92/3245 2805/92/3244 2837/92/1645
f 2805/92/3244 2775/92/3246 2807/92/1684
f 2780/92/3248 2812/92/1683 2807/92/1684
f 2780/92/3248 2790/92/3247 2822/92/1765
f 2797/92/3250 2829/92/1764 2822/92/1765
f 2802/92/3249 2834/92/1804 2829/92/1764
f 2792/92/3251 2824/92/1844 2834/92/1804
f 2795/92/3253 2827/92/1923 2824/92/1844
f 2787/92/3252 2819/92/1922 2827/92/1923
f 2787/92/3252 2782/92/3254 2814/92/2005
f 2782/92/3254 2806/92/3256 2838/92/2045
f 2806/92/3256 2804/92/3255 2836/92/2086
f 2803/92/3258 2835/92/2085 2836/92/2086
f 2803/92/3258 2777/92/3257 2809/92/2166
f 2779/92/3259 2811/92/2165 2809/92/2166
f 2785/92/3261 2817/92/2205 2811/92/2165
f 2785/92/3261 2794/92/3260 2826/92/2280
f 2794/92/3260 2799/92/3262 2831/92/2322
f 2799/92/3262 2791/92/3263 2823/92/2362
f 2784/92/3265 2816/92/2403 2823/92/2362
f 2784/92/3265 2788/92/3264 2820/92/2402
f 2788/92/3264 2776/92/3267 2808/92/2475
f 2776/92/3267 2801/92/3266 2833/92/2474
f 2801/92/3266 2781/92/3237 2813/92/1259
f 2902/92/3268 2874/92/3270 2842/92/1324
f 2884/92/3269 2852/92/1323 2842/92/1324
f 2884/92/3269 2895/92/3272 2863/92/1414
f 2891/92/3271 2859/92/1413 2863/92/1414
f 2891/92/3271 2892/92/3273 2860/92/1493
f 2892/92/3273 2896/92/3274 2864/92/1533
f 2896/92/3274 2890/92/3276 2858/92/1574
f 2877/92/3275 2845/92/1573 2858/92/1574
f 2872/92/3277 2840/92/1612 2845/92/1573
f 2872/92/3277 2871/92/3278 2839/92/1691
f 2871/92/3278 2876/92/3280 2844/92/1731
f 2886/92/3279 2854/92/1730 2844/92/1731
f 2883/92/3281 2851/92/1772 2854/92/1730
f 2898/92/3282 2866/92/1852 2851/92/1772
f 2893/92/3283 2861/92/1851 2866/92/1852
f 2893/92/3283 2889/92/3285 2857/92/1931
f 2894/92/3284 2862/92/1930 2857/92/1931
f 2894/92/3284 2879/92/3286 2847/92/2013
f 2879/92/3286 2881/92/3287 2849/92/2012
f 2881/92/3287 2873/92/3288 2841/92/2092
f 2873/92/3288 2901/92/3290 2869/92/2133
f 2899/92/3289 2867/92/2132 2869/92/2133
f 2878/92/3291 2846/92/2173 2867/92/2132
f 2878/92/3291 2885/92/3292 2853/92/2249
f 2885/92/3292 2887/92/3294 2855/92/2288
f 2888/92/3293 2856/92/2287 2855/92/2288
f 2900/92/3295 2868/92/2329 2856/92/2287
f 2897/92/3296 2865/92/2369 2868/92/2329
f 2897/92/3296 2880/92/3298 2848/92/2447
f 2882/92/3297 2850/92/2446 2848/92/2447
f 2882/92/3297 2875/92/3299 2843/92/2501
f 2902/92/3268 2870/92/1269 2843/92/2501
f 870/92/2502 871/92/1329 2874/92/3270
f 890/92/1372 2884/92/3269 2874/92/3270
f 890/92/1372 904/92/1412 2895/92/3272
f 918/92/1453 2891/92/3271 2895/92/3272
f 918/92/1453 932/92/1492 2892/92/3273
f 932/92/1492 946/92/1538 2896/92/3274
f 946/92/1538 960/92/1577 2890/92/3276
f 974/92/1576 2877/92/3275 2890/92/3276
f 974/92/1576 988/92/1655 2872/92/3277
f 988/92/1655 1002/92/1654 2871/92/3278
f 1002/92/1654 1016/92/1690 2876/92/3280
f 1016/92/1690 1030/92/1735 2886/92/3279
f 1030/92/1735 1044/92/1776 2883/92/3281
f 1058/92/1810 2898/92/3282 2883/92/3281
f 1072/92/1850 2893/92/3283 2898/92/3282
f 1072/92/1850 1086/92/1891 2889/92/3285
f 1100/92/1977 2894/92/3284 2889/92/3285
f 1100/92/1977 1115/92/2016 2879/92/3286
f 1115/92/2016 1129/92/2056 2881/92/3287
f 1143/92/2091 2873/92/3288 2881/92/3287
f 1157/92/2131 2901/92/3290 2873/92/3288
f 1171/92/2172 2899/92/3289 2901/92/3290
f 1185/92/2215 2878/92/3291 2899/92/3289
f 1199/92/2214 2885/92/3292 2878/92/3291
f 1199/92/2214 1213/92/2286 2887/92/3294
f 1227/92/2285 2888/92/3293 2887/92/3294
f 1241/92/2328 2900/92/3295 2888/92/3293
f 1255/92/2368 2897/92/3296 2900/92/3295
f 1255/92/2368 1269/92/2409 2880/92/3298
f 1283/92/2451 2882/92/3297 2880/92/3298
f 1283/92/2451 1297/92/2482 2875/92/3299
f 870/92/2502 2902/92/3268 2875/92/3299
f 2946/92/3300 2914/92/1279 2910/92/1281
f 2948/92/3302 2916/92/1334 2914/92/1279
f 2948/92/3302 2955/92/3304 2923/92/1421
f 2949/92/3303 2917/92/1420 2923/92/1421
f 2965/92/3305 2933/92/1461 2917/92/1420
f 2965/92/3305 2957/92/3306 2925/92/1501
f 2957/92/3306 2944/92/3308 2912/92/1580
f 2945/92/3307 2913/92/431 2912/92/1580
f 2939/92/3309 2907/92/1619 2913/92/431
f 2939/92/3309 2936/92/3310 2904/92/1698
f 2936/92/3310 2963/92/3312 2931/92/1739
f 2940/92/3311 2908/92/1738 2931/92/1739
f 2947/92/3313 2915/92/1818 2908/92/1738
f 2947/92/3313 2953/92/3314 2921/92/1817
f 2953/92/3314 2951/92/3316 2919/92/1859
f 2960/92/3315 2928/92/1939 2919/92/1859
f 2960/92/3315 2958/92/3317 2926/92/1938
f 2958/92/3317 2938/92/3318 2906/92/2019
f 2938/92/3318 2941/92/3319 2909/92/2059
f 2941/92/3319 2962/92/3320 2930/92/2099
f 2962/92/3320 2935/92/3322 2903/92/2140
f 2961/92/3321 2929/92/2139 2903/92/2140
f 2956/92/3323 2924/92/2180 2929/92/2139
f 2956/92/3323 2950/92/3324 2918/92/2255
f 2950/92/3324 2943/92/3326 2911/92/2296
f 2952/92/3325 2920/92/2295 2911/92/2296
f 2959/92/3327 2927/92/2376 2920/92/2295
f 2959/92/3327 2954/92/3328 2922/92/2416
f 2954/92/3328 2937/92/3330 2905/92/2455
f 2964/92/3329 2932/92/2454 2905/92/2455
f 2964/92/3329 2966/92/3331 2934/92/2505
f 2966/92/3331 2942/92/3301 2910/92/1281
f 875/92/1338 2946/92/3300 2942/92/3301
f 892/92/1379 2948/92/3302 2946/92/3300
f 892/92/1379 906/92/1419 2955/92/3304
f 920/92/1460 2949/92/3303 2955/92/3304
f 934/92/1500 2965/92/3305 2949/92/3303
f 934/92/1500 948/92/1540 2957/92/3306
f 948/92/1540 962/92/1584 2944/92/3308
f 962/92/1584 976/92/1623 2945/92/3307
f 990/92/1622 2939/92/3309 2945/92/3307
f 990/92/1622 1004/92/1661 2936/92/3310
f 1004/92/1661 1018/92/1702 2963/92/3312
f 1032/92/1737 2940/92/3311 2963/92/3312
f 1046/92/1778 2947/92/3313 2940/92/3311
f 1046/92/1778 1060/92/1816 2953/92/3314
f 1060/92/1816 1074/92/1858 2951/92/3316
f 1088/92/1897 2960/92/3315 2951/92/3316
f 1088/92/1897 1102/92/1979 2958/92/3317
f 1117/92/2023 2938/92/3318 2958/92/3317
f 1117/92/2023 1131/92/2058 2941/92/3319
f 1131/92/2058 1145/92/2098 2962/92/3320
f 1159/92/2144 2935/92/3322 2962/92/3320
f 1173/92/2179 2961/92/3321 2935/92/3322
f 1187/92/2217 2956/92/3323 2961/92/3321
f 1187/92/2217 1201/92/2258 2950/92/3324
f 1215/92/2257 2943/92/3326 2950/92/3324
f 1229/92/2300 2952/92/3325 2943/92/3326
f 1243/92/2335 2959/92/3327 2952/92/3325
f 1243/92/2335 1257/92/2375 2954/92/3328
f 1257/92/2375 1271/92/2415 2937/92/3330
f 1285/92/2459 2964/92/3329 2937/92/3330
f 1285/92/2459 1299/92/1333 2966/92/3331
f 1299/92/1333 874/92/1332 2942/92/3301
f 878/92/2511 879/92/2510 2971/92/1290
f 894/92/1299 2976/92/1343 2971/92/1290
f 894/92/1299 908/92/1351 2981/92/1427
f 908/92/1351 922/92/1434 2986/92/1467
f 922/92/1434 936/92/1432 2987/92/1507
f 936/92/1432 950/92/1474 2998/92/1548
f 950/92/1474 964/92/1514 2973/92/1547
f 978/92/1554 2979/92/1587 2973/92/1547
f 992/92/1553 2967/92/1626 2979/92/1587
f 1006/92/1631 2972/92/1664 2967/92/1626
f 1020/92/1630 2997/92/1705 2972/92/1664
f 1020/92/1630 1034/92/1710 2996/92/1785
f 1034/92/1710 1048/92/1709 2989/92/1825
f 1048/92/1709 1062/92/1751 2980/92/1867
f 1076/92/1791 2985/92/1866 2980/92/1867
f 1076/92/1791 1090/92/1871 2984/92/1947
f 1104/92/1909 2995/92/1946 2984/92/1947
f 1104/92/1909 1119/92/1953 2991/92/2027
f 1133/92/1993 2969/92/2026 2991/92/2027
f 1147/92/2073 2978/92/2067 2969/92/2026
f 1161/92/2071 2968/92/2107 2978/92/2067
f 1161/92/2071 1175/92/2153 2992/92/2186
f 1175/92/2153 1189/92/2193 2994/92/2180
f 1189/92/2193 1203/92/2230 2983/92/2261
f 1203/92/2230 1217/92/2229 2982/92/2303
f 1231/92/2228 2975/92/2343 2982/92/2303
f 1245/92/2309 2988/92/2342 2975/92/2343
f 1259/92/2349 2990/92/2383 2988/92/2342
f 1273/92/2388 2993/92/2462 2990/92/2383
f 1287/92/2387 2970/92/2461 2993/92/2462
f 1287/92/2387 1301/92/2428 2977/92/2508
f 878/92/2511 2974/92/1291 2977/92/2508
f 1785/92/2919 3003/92/1298 3002/92/1300
f 1786/92/2928 3004/92/1350 3003/92/1298
f 1790/92/2936 3006/92/1431 3005/92/1433
f 1788/92/2929 3005/92/1433 3004/92/1350
f 1792/92/2940 3007/92/1473 3006/92/1431
f 1794/93/2948 3008/92/1513 3007/92/1473
f 1794/93/2948 1797/92/2942 3009/92/1632
f 1799/92/2932 1800/93/2931 3011/92/1711
f 1797/92/2942 1799/92/2932 3010/92/1629
f 1803/92/2923 1804/92/2922 3013/92/1750
f 1800/93/2931 1803/92/2923 3012/92/1708
f 1804/92/2922 1807/92/2947 3014/92/1790
f 1807/92/2947 1809/92/2930 3015/92/1873
f 1812/92/2933 3017/92/1870 3016/92/1872
f 1809/92/2930 1811/92/2921 3016/92/1872
f 1814/92/2941 3018/92/1908 3017/92/1870
f 1817/92/2938 3019/92/1952 3018/92/1908
f 1818/92/2944 3020/92/1992 3019/92/1952
f 1822/92/2934 3022/92/2070 3021/92/2072
f 1821/92/2920 3021/92/2072 3020/92/1992
f 1824/92/2949 3023/92/2152 3022/92/2070
f 1827/92/2946 3024/92/2192 3023/92/2152
f 1829/92/2945 1831/92/2943 3026/92/2308
f 1827/92/2946 1829/92/2945 3025/92/2227
f 1831/92/2943 1833/92/2927 3027/92/2348
f 1833/92/2927 1834/92/2926 3028/92/2389
f 1836/92/2935 1838/92/2937 3030/92/2427
f 1834/92/2926 1836/92/2935 3029/92/2386
f 1838/92/2937 1841/92/2939 2999/92/2951
f 1781/92/2924 3001/92/2513 3000/92/2509
f 1782/92/2950 3002/92/1300 3001/92/2513
f 1841/92/2939 1779/92/2925 3000/92/2509
f 3082/92/3332 3081/92/3333 3049/92/186
f 3081/92/3333 3076/92/3335 3044/92/225
f 3071/92/3334 3039/92/224 3044/92/225
f 3071/92/3334 3066/92/3337 3034/92/261
f 3063/92/3336 3031/92/296 3034/92/261
f 3091/92/3338 3059/92/331 3031/92/296
f 3091/92/3338 3086/92/3339 3054/92/400
f 3072/92/412 3040/92/399 3054/92/400
f 3075/92/3340 3043/92/468 3040/92/399
f 3078/92/3341 3046/92/507 3043/92/468
f 3083/92/3342 3051/92/506 3046/92/507
f 3088/92/3343 3056/92/542 3051/92/506
f 3090/92/3344 3058/92/576 3056/92/542
f 3090/92/3344 3067/92/3345 3035/92/608
f 3067/92/3345 3064/92/3347 3032/92/679
f 3073/92/3346 3041/92/678 3032/92/679
f 3073/92/3346 3070/92/3349 3038/92/748
f 3087/92/3348 3055/92/747 3038/92/748
f 3092/92/3350 3060/92/818 3055/92/747
f 3092/92/3350 3079/92/3352 3047/92/817
f 3080/92/3351 3048/92/855 3047/92/817
f 3069/92/3353 3037/92/890 3048/92/855
f 3069/92/3353 3068/92/3355 3036/92/926
f 3065/92/3354 3033/92/959 3036/92/926
f 3065/92/3354 3094/92/3357 3062/92/1027
f 3093/92/3356 3061/92/1026 3062/92/1027
f 3093/92/3356 3089/92/3358 3057/92/1094
f 3089/92/3358 3085/92/3360 3053/92/1132
f 3074/92/3359 3042/92/1163 3053/92/1132
f 3074/92/3359 3077/92/3169 3045/92/1200
f 3084/92/3361 3052/92/1199 3045/92/1200
f 3082/92/3332 3050/92/132 3052/92/1199
f 93/92/137 94/92/136 3081/92/3333
f 94/92/136 137/92/227 3076/92/3335
f 161/92/263 3071/92/3334 3076/92/3335
f 161/92/263 185/92/298 3066/92/3337
f 209/92/297 3063/92/3336 3066/92/3337
f 233/92/333 3091/92/3338 3063/92/3336
f 257/92/365 3086/92/3339 3091/92/3338
f 281/92/439 3072/92/412 3086/92/3339
f 281/92/439 305/92/438 3075/92/3340
f 329/92/509 3078/92/3341 3075/92/3340
f 353/92/508 3083/92/3342 3078/92/3341
f 377/92/543 3088/92/3343 3083/92/3342
f 401/92/578 3090/92/3344 3088/92/3343
f 401/92/578 425/92/609 3067/92/3345
f 449/92/645 3064/92/3347 3067/92/3345
f 473/92/680 3073/92/3346 3064/92/3347
f 497/92/750 3070/92/3349 3073/92/3346
f 497/92/750 521/92/786 3087/92/3348
f 545/92/785 3092/92/3350 3087/92/3348
f 545/92/785 569/92/819 3079/92/3352
f 569/92/819 593/92/857 3080/92/3351
f 617/92/928 3069/92/3353 3080/92/3351
f 641/92/927 3068/92/3355 3069/92/3353
f 641/92/927 665/92/994 3065/92/3354
f 665/92/994 689/92/993 3094/92/3357
f 713/92/1060 3093/92/3356 3094/92/3357
f 713/92/1060 737/92/1096 3089/92/3358
f 737/92/1096 761/92/1135 3085/92/3360
f 785/92/1165 3074/92/3359 3085/92/3360
f 785/92/1165 809/92/1164 3077/92/3169
f 809/92/1164 833/92/1202 3084/92/3361
f 93/92/137 3082/92/3332 3084/92/3361
f 3143/92/3362 3149/92/3364 3117/92/192
f 3134/92/3363 3102/92/191 3117/92/192
f 3135/92/3365 3103/92/231 3102/92/191
f 3127/92/3366 3095/92/268 3103/92/231
f 3127/92/3366 3130/92/3368 3098/92/337
f 3155/92/3367 3123/92/336 3098/92/337
f 3152/92/3369 3120/92/369 3123/92/336
f 3150/92/3370 3118/92/406 3120/92/369
f 3144/92/3371 3112/92/443 3118/92/406
f 3139/92/3372 3107/92/475 3112/92/443
f 3147/92/3373 3115/92/513 3107/92/475
f 3151/92/3374 3119/92/548 3115/92/513
f 3151/92/3374 3154/92/3375 3122/92/614
f 3154/92/3375 3128/92/3376 3096/92/651
f 3128/92/3376 3131/92/3377 3099/92/650
f 3131/92/3377 3137/92/3379 3105/92/722
f 3133/92/3378 3101/92/721 3105/92/722
f 3145/92/3380 3113/92/753 3101/92/721
f 3140/92/3381 3108/92/791 3113/92/753
f 3156/92/3382 3124/92/824 3108/92/791
f 3156/92/3382 3142/92/3383 3110/92/861
f 3142/92/3383 3148/92/3384 3116/92/931
f 3148/92/3384 3132/92/3385 3100/92/965
f 3132/92/3385 3136/92/2255 3104/92/998
f 3136/92/2255 3157/92/3386 3125/92/1032
f 3157/92/3386 3129/92/3387 3097/92/1063
f 3129/92/3387 3158/92/3389 3126/92/1101
f 3153/92/3388 3121/92/1100 3126/92/1101
f 3153/92/3388 3146/92/3390 3114/92/1170
f 3146/92/3390 3141/92/3391 3109/92/1206
f 3141/92/3391 3138/92/3392 3106/92/1230
f 3143/92/3362 3111/92/143 3106/92/1230
f 101/92/146 102/92/145 3149/92/3364
f 102/92/145 141/92/194 3134/92/3363
f 165/92/232 3135/92/3365 3134/92/3363
f 189/92/304 3127/92/3366 3135/92/3365
f 189/92/304 213/92/339 3130/92/3368
f 237/92/371 3155/92/3367 3130/92/3368
f 237/92/371 261/92/370 3152/92/3369
f 285/92/408 3150/92/3370 3152/92/3369
f 309/92/444 3144/92/3371 3150/92/3370
f 333/92/476 3139/92/3372 3144/92/3371
f 357/92/515 3147/92/3373 3139/92/3372
f 381/92/549 3151/92/3374 3147/92/3373
f 381/92/549 405/92/583 3154/92/3375
f 429/92/615 3128/92/3376 3154/92/3375
f 429/92/615 453/92/687 3131/92/3377
f 477/92/686 3137/92/3379 3131/92/3377
f 477/92/686 501/92/755 3133/92/3378
f 525/92/793 3145/92/3380 3133/92/3378
f 525/92/793 549/92/826 3140/92/3381
f 573/92/863 3156/92/3382 3140/92/3381
f 573/92/863 597/92/898 3142/92/3383
f 597/92/898 621/92/933 3148/92/3384
f 621/92/933 645/92/967 3132/92/3385
f 645/92/967 669/92/1001 3136/92/2255
f 669/92/1001 693/92/1034 3157/92/3386
f 717/92/1065 3129/92/3387 3157/92/3386
f 717/92/1065 741/92/1064 3158/92/3389
f 765/92/1103 3153/92/3388 3158/92/3389
f 765/92/1103 789/92/1139 3146/92/3390
f 789/92/1139 813/92/1208 3141/92/3391
f 813/92/1208 837/92/1207 3138/92/3392
f 101/92/146 3143/92/3362 3138/92/3392
f 3204/92/3393 3203/92/3394 3171/92/199
f 3203/92/3394 3198/92/3395 3166/92/198
f 3198/92/3395 3192/92/3396 3160/92/274
f 3192/92/3396 3207/92/3397 3175/92/307
f 3207/92/3397 3191/92/3398 3159/92/344
f 3191/92/3398 3197/92/3400 3165/92/376
f 3215/92/3399 3183/92/375 3165/92/376
f 3217/92/3401 3185/92/412 3183/92/375
f 3214/92/3402 3182/92/449 3185/92/412
f 3214/92/3402 3210/92/3404 3178/92/519
f 3206/92/3403 3174/92/518 3178/92/519
f 3206/92/3403 3201/92/3406 3169/92/587
f 3194/92/3405 3162/92/586 3169/92/587
f 3194/92/3405 3219/92/3407 3187/92/657
f 3219/92/3407 3193/92/3409 3161/92/656
f 3199/92/3408 3167/92/691 3161/92/656
f 3199/92/3408 3200/92/3411 3168/92/757
f 3202/92/3410 3170/92/798 3168/92/757
f 3202/92/3410 3212/92/3412 3180/92/797
f 3212/92/3412 3208/92/3414 3176/92/867
f 3218/92/3413 3186/92/866 3176/92/867
f 3218/92/3413 3213/92/3416 3181/92/935
f 3196/92/3415 3164/92/972 3181/92/935
f 3196/92/3415 3222/92/3324 3190/92/998
f 3222/92/3324 3220/92/3417 3188/92/1005
f 3220/92/3417 3195/92/3419 3163/92/1071
f 3216/92/3418 3184/92/1070 3163/92/1071
f 3221/92/3420 3189/92/1107 3184/92/1070
f 3211/92/3421 3179/92/1144 3189/92/1107
f 3209/92/3422 3177/92/1176 3179/92/1144
f 3205/92/3423 3173/92/1233 3177/92/1176
f 3204/92/3393 3172/92/152 3173/92/1233
f 110/92/154 3203/92/3394 3204/92/3393
f 110/92/154 145/92/201 3198/92/3395
f 169/92/276 3192/92/3396 3198/92/3395
f 169/92/276 193/92/275 3207/92/3397
f 193/92/275 217/92/346 3191/92/3398
f 241/92/345 3197/92/3400 3191/92/3398
f 265/92/377 3215/92/3399 3197/92/3400
f 289/92/414 3217/92/3401 3215/92/3399
f 313/92/451 3214/92/3402 3217/92/3401
f 313/92/451 337/92/482 3210/92/3404
f 337/92/482 361/92/521 3206/92/3403
f 361/92/521 385/92/589 3201/92/3406
f 409/92/622 3194/92/3405 3201/92/3406
f 433/92/621 3219/92/3407 3194/92/3405
f 433/92/621 457/92/693 3193/92/3409
f 481/92/692 3199/92/3408 3193/92/3409
f 481/92/692 505/92/759 3200/92/3411
f 529/92/758 3202/92/3410 3200/92/3411
f 529/92/758 553/92/832 3212/92/3412
f 553/92/832 577/92/831 3208/92/3414
f 601/92/868 3218/92/3413 3208/92/3414
f 625/92/904 3213/92/3416 3218/92/3413
f 649/92/937 3196/92/3415 3213/92/3416
f 649/92/937 673/92/973 3222/92/3324
f 697/92/1038 3220/92/3417 3222/92/3324
f 697/92/1038 721/92/1073 3195/92/3419
f 745/92/1109 3216/92/3418 3195/92/3419
f 769/92/1108 3221/92/3420 3216/92/3418
f 793/92/1178 3211/92/3421 3221/92/3420
f 793/92/1178 817/92/1177 3209/92/3422
f 841/92/1234 3205/92/3423 3209/92/3422
f 109/92/155 3204/92/3393 3205/92/3423
f 2613/92/3132 2551/93/3133 3223/92/131
f 2554/93/3130 3224/92/130 3223/92/131
f 2555/92/3137 2558/92/3134 3227/92/259
f 2560/92/3131 3228/92/295 3227/92/259
f 2562/92/3125 2564/92/3121 3230/92/330
f 2562/92/3125 3229/92/292 3228/92/295
f 2565/93/3141 3231/92/329 3230/92/330
f 2568/92/3113 2569/92/3112 3233/92/436
f 2565/93/3141 2568/92/3113 3232/92/396
f 2571/92/3120 3234/92/435 3233/92/436
f 2571/92/3120 2574/92/3122 3235/92/505
f 2575/92/3129 3236/92/504 3235/92/505
f 2575/92/3129 2577/92/3128 3237/92/575
f 2580/92/3135 3238/92/574 3237/92/575
f 2581/92/3142 3239/92/677 3238/92/574
f 2581/92/3142 2584/92/3139 3240/92/716
f 2586/92/3127 3241/92/715 3240/92/716
f 2587/93/3126 2590/92/3110 3243/92/783
f 2587/93/3126 3242/92/745 3241/92/715
f 2591/92/3115 3244/92/782 3243/92/783
f 2591/92/3115 2593/92/3114 3245/92/889
f 2595/93/3140 3246/92/888 3245/92/889
f 2595/93/3140 2598/92/3138 3247/92/958
f 2600/92/3136 3248/92/957 3247/92/958
f 2604/94/3123 3250/92/1025 3249/92/991
f 2600/92/3136 2602/92/3124 3249/92/991
f 2606/92/3119 3251/92/1024 3250/92/1025
f 2606/92/3119 2607/92/3118 3252/92/1131
f 2611/92/3117 3254/92/1128 3253/92/1130
f 2607/92/3118 2610/92/3111 3253/92/1130
f 2613/92/3132 3225/92/128 3254/92/1128
f 2554/93/3130 2555/92/3137 3226/92/222
f 51/16/39 49/454/3458 3279/454/3424
f 27/455/3426 25/32/23 3267/32/3427
f 9/7/7 7/456/3463 3258/456/3429
f 41/25/33 39/457/3441 3274/457/3431
f 59/458/3433 57/459/3444 3283/459/3434
f 19/16/16 3264/16/3455 3265/454/3436
f 9/7/7 3259/7/3430 3260/458/3438
f 3/456/3440 3256/456/3470 3257/5/2880
f 39/457/3441 37/460/3468 3273/460/3442
f 29/25/25 27/455/3426 3268/455/3428
f 57/459/3444 55/11/42 3282/11/3445
f 47/461/3446 45/23/36 3277/23/3447
f 51/16/39 3280/16/3425 3281/462/3449
f 17/462/3451 15/35/11 3262/35/3452
f 43/455/3454 3276/455/3469 3277/32/3447
f 19/16/16 17/462/3451 3263/462/3453
f 33/460/3456 3271/460/3466 3272/29/3457
f 49/454/3458 47/461/3446 3278/461/3448
f 23/461/3459 3266/461/3467 3267/23/3427
f 2/7/46 59/458/3433 3284/458/3435
f 11/458/3439 3260/458/3438 3261/459/3461
f 7/456/3463 5/5/5 3257/5/2880
f 31/457/3464 29/25/25 3269/25/3443
f 53/462/3450 3281/462/3449 3282/35/3445
f 31/457/3464 3270/457/3465 3271/460/3466
f 21/454/3437 3265/454/3436 3266/461/3467
f 37/460/3468 35/29/29 3272/29/3457
f 41/25/33 3275/25/3432 3276/455/3469
f 2/7/46 3255/7/3460 3256/456/3470
f 13/459/3462 3261/459/3461 3262/11/3452
f 3293/4/4 3285/6/6 3537/463/3471
f 3286/9/9 3287/8/8 3539/465/3473
f 3542/467/3475 3291/10/10 3289/12/12
f 13/459/3462 3291/10/10 3287/8/8
f 3562/469/3477 3311/18/18 3290/17/17
f 33/460/3456 3310/28/28 3292/26/26
f 3298/22/22 3299/24/24 3550/471/3478
f 3296/27/27 3292/26/26 3543/473/3480
f 3561/475/3482 3310/28/28 3307/30/30
f 3307/30/30 3306/28/31 3557/475/3484
f 3559/473/3485 3308/26/32 3294/27/34
f 3546/477/3487 3295/31/35 3302/33/37
f 3305/17/38 3309/18/40 3560/469/3489
f 3565/479/3491 3314/34/41 3313/36/43
f 3313/12/43 3303/10/44 3554/467/3493
f 3555/465/3494 3304/8/45 3288/9/47
f 7/456/3463 9/7/7 3286/9/9
f 3537/463/3471 3285/6/6 3301/4/79
f 3289/36/12 3312/34/83 3563/479/3497
f 3311/18/18 3312/34/83 17/462/3451
f 23/461/3459 3298/22/22 3290/17/17
f 3299/33/24 3300/31/95 3551/477/3498
f 3296/27/27 3300/31/95 27/455/3426
f 3308/26/32 3306/28/31 37/460/3468
f 43/455/3454 3295/31/35 3294/27/34
f 3553/471/3488 3302/24/37 3297/22/112
f 47/461/3446 49/454/3458 3305/17/38
f 53/462/3450 3314/34/41 3309/18/40
f 3/456/3440 3293/4/4 3288/9/47
f 3304/8/45 3303/10/44 57/459/3444
f 3539/465/3473 3542/467/3475 3320/89/3500
f 3543/473/3480 3561/475/3482 3339/77/3501
f 3552/464/3496 3538/466/3474 3316/88/3502
f 3562/469/3477 3340/59/84 3341/60/85
f 3549/472/3479 3327/64/89 3319/66/91
f 3325/72/97 3329/71/96 3551/477/3498
f 3559/473/3485 3337/19/101 3335/77/102
f 3546/477/3487 3324/71/105 3323/72/107
f 3548/472/3499 3556/470/3490 3334/66/3503
f 3560/469/3489 3565/479/3491 3343/60/3504
f 3544/464/3472 3322/53/121 3344/88/122
f 3555/465/3494 3333/13/123 3332/89/124
f 3322/53/121 3315/489/3538 6/55/78
f 3316/88/3502 3317/13/13 12/15/15
f 14/14/14 3320/89/3500 3318/481/3505
f 3340/59/84 3319/66/91 22/65/90
f 3327/64/89 3328/490/3539 26/84/99
f 3325/72/97 3321/19/19 32/21/21
f 34/20/20 3339/77/3501 3336/482/3506
f 3336/482/3506 3335/77/102 38/20/73
f 40/21/71 3337/19/101 3323/72/107
f 3324/71/105 3331/491/3540 46/75/111
f 50/65/114 3334/66/3503 3338/59/116
f 54/56/117 3343/60/3504 3342/483/3507
f 3342/481/3507 3332/89/124 58/14/119
f 60/15/2852 3333/13/123 3344/88/122
f 6/55/78 3315/489/3538 3330/53/75
f 3318/483/3505 3341/60/85 18/56/80
f 26/75/99 3328/491/3539 3329/71/96
f 46/84/111 3331/490/3540 3326/64/113
f 131/92/3508 132/92/3510 3366/92/217
f 156/92/3509 3350/92/216 3366/92/217
f 156/92/3509 180/92/3512 3374/92/290
f 204/92/3511 3348/92/289 3374/92/290
f 204/92/3511 228/92/3514 3349/92/292
f 252/92/3513 3357/92/358 3349/92/292
f 252/92/3513 276/92/3515 3362/92/432
f 300/92/460 3367/92/431 3362/92/432
f 300/92/460 324/92/3516 3363/92/500
f 324/92/3516 348/92/3518 3372/92/499
f 372/92/3517 3371/92/571 3372/92/499
f 396/92/3519 3354/92/570 3371/92/571
f 396/92/3519 420/92/3521 3360/92/639
f 444/92/3520 3346/92/673 3360/92/639
f 468/92/3522 3352/92/672 3346/92/673
f 492/92/3523 3370/92/742 3352/92/672
f 492/92/3523 516/92/3524 3375/92/741
f 516/92/3524 540/92/3525 3365/92/812
f 540/92/3525 564/92/3527 3361/92/811
f 588/92/3526 3358/92/849 3361/92/811
f 588/92/3526 612/92/3528 3355/92/920
f 636/92/890 3351/92/919 3355/92/920
f 660/92/3529 3347/92/988 3351/92/919
f 660/92/3529 684/92/3530 3373/92/957
f 684/92/3530 708/92/3532 3345/92/1053
f 732/92/3531 3353/92/1052 3345/92/1053
f 732/92/3531 756/92/3534 3356/92/1125
f 780/92/3533 3359/92/1124 3356/92/1125
f 780/92/3533 804/92/3536 3369/92/1193
f 828/92/3535 3364/92/1192 3369/92/1193
f 828/92/3535 852/92/3537 3376/92/1241
f 131/92/3508 3368/92/178 3376/92/1241
f 119/92/165 120/92/208 3395/92/206
f 150/92/207 3402/92/205 3395/92/206
f 174/92/283 3379/92/244 3402/92/205
f 198/92/316 3408/92/281 3379/92/244
f 222/92/352 3389/92/314 3408/92/281
f 222/92/352 246/92/386 3385/92/384
f 246/92/386 270/92/385 3401/92/383
f 294/92/421 3406/92/419 3401/92/383
f 294/92/421 318/92/491 3391/92/489
f 318/92/491 342/92/528 3399/92/488
f 366/92/527 3383/92/526 3399/92/488
f 390/92/561 3388/92/560 3383/92/526
f 390/92/561 414/92/595 3380/92/629
f 438/92/631 3378/92/628 3380/92/629
f 462/92/664 3405/92/700 3378/92/628
f 486/92/701 3404/92/699 3405/92/700
f 486/92/701 510/92/734 3397/92/766
f 510/92/734 534/92/768 3384/92/765
f 534/92/768 558/92/841 3386/92/839
f 582/92/840 3390/92/838 3386/92/839
f 582/92/840 606/92/912 3392/92/910
f 606/92/912 630/92/945 3400/92/942
f 630/92/945 654/92/944 3403/92/979
f 678/92/981 3381/92/978 3403/92/979
f 678/92/981 702/92/1045 3377/92/1043
f 702/92/1045 726/92/1081 3387/92/1079
f 750/92/1080 3382/92/1078 3387/92/1079
f 750/92/1080 774/92/1116 3396/92/1151
f 774/92/1116 798/92/1153 3407/92/1183
f 798/92/1153 822/92/1184 3393/92/1218
f 822/92/1184 846/92/1236 3394/92/1235
f 119/92/165 3398/92/162 3394/92/1235
f 3448/92/808 3447/92/772 3446/93/773
f 3425/92/423 3428/93/457 3427/92/425
f 3445/93/806 3446/93/773 3444/92/704
f 3466/92/1121 3465/92/1084 3464/93/1085
f 3423/92/424 3425/92/423 3426/92/388
f 3409/92/168 3472/92/170 3471/92/1222
f 3454/92/947 3453/93/914 3452/92/877
f 3432/92/533 3431/92/493 3430/92/458
f 3439/92/666 3442/93/668 3441/92/706
f 3469/92/1186 3471/92/1222 3472/92/170
f 3443/92/771 3444/92/704 3441/92/706
f 3454/92/947 3456/92/983 3455/92/948
f 3429/93/531 3430/92/458 3427/92/425
f 3456/92/983 3458/92/985 3457/92/1016
f 3414/92/248 3413/92/213 3412/92/1237
f 3467/92/1187 3469/92/1186 3470/92/1155
f 3416/92/285 3415/93/249 3413/92/213
f 3435/92/565 3438/93/598 3437/92/634
f 3438/93/598 3439/92/666 3440/92/633
f 3418/92/318 3417/92/286 3415/93/249
f 3458/92/985 3460/92/1015 3459/92/1049
f 3449/92/807 3451/92/845 3452/92/877
f 3422/92/354 3421/92/390 3420/92/355
f 3460/92/1015 3462/92/1014 3461/92/1048
f 3449/92/807 3450/93/846 3447/92/772
f 3434/92/532 3433/92/566 3431/92/493
f 3418/92/318 3419/92/317 3420/92/355
f 3423/92/424 3424/92/389 3421/92/390
f 3411/92/211 3412/92/1237 3409/92/168
f 3434/92/532 3435/92/565 3436/92/635
f 3462/92/1014 3463/92/1047 3464/93/1085
f 3467/92/1187 3468/92/1157 3465/92/1084
f 849/92/1239 125/92/173 3410/92/1238
f 128/92/176 3495/92/172 3493/92/174
f 128/92/176 154/92/215 3498/92/252
f 178/92/254 3502/92/251 3498/92/252
f 178/92/254 202/92/288 3473/92/322
f 226/92/324 3475/92/321 3473/92/322
f 226/92/324 250/92/393 3484/92/391
f 250/92/393 274/92/430 3479/92/427
f 274/92/430 298/92/429 3490/92/460
f 298/92/429 322/92/498 3486/92/496
f 346/92/535 3500/92/495 3486/92/496
f 346/92/535 370/92/534 3494/92/568
f 394/92/569 3480/92/567 3494/92/568
f 418/92/638 3485/92/599 3480/92/567
f 418/92/638 442/92/671 3504/92/669
f 442/92/671 466/92/710 3476/92/708
f 490/92/740 3497/92/707 3476/92/708
f 490/92/740 514/92/777 3492/92/775
f 538/92/776 3488/92/774 3492/92/775
f 562/92/810 3483/92/809 3488/92/774
f 562/92/810 586/92/848 3482/92/879
f 586/92/848 610/92/882 3478/92/917
f 634/92/918 3491/92/916 3478/92/917
f 634/92/918 658/92/952 3496/92/950
f 682/92/1019 3503/92/986 3496/92/950
f 706/92/1018 3474/92/1017 3503/92/986
f 730/92/1088 3481/92/1050 3474/92/1017
f 754/92/1123 3477/92/1086 3481/92/1050
f 754/92/1123 778/92/1160 3489/92/1158
f 802/92/1191 3487/92/1188 3489/92/1158
f 802/92/1191 826/92/1226 3501/92/1224
f 850/92/1240 3499/92/1223 3501/92/1224
f 850/92/1240 127/92/177 3493/92/174
f 30/52/74 69/515/57 1628/484/2834
f 32/21/21 34/20/20 1632/485/108
f 1/54/82 4/1/1 1617/487/3
f 1638/82/88 75/516/59 42/52/106
f 3544/464/3472 3537/463/3471 3315/489/3538
f 3538/466/3474 3539/465/3473 3317/13/13
f 3320/89/3500 3542/467/3475 3540/468/3476
f 3340/59/84 3562/469/3477 3541/470/91
f 3549/472/3479 3550/471/3478 3328/490/3539
f 3547/474/3481 3543/473/3480 3321/19/19
f 3339/77/3501 3561/475/3482 3558/476/3483
f 3558/476/3483 3557/475/3484 3335/77/102
f 3337/19/101 3559/473/3485 3545/474/3486
f 3546/477/3487 3553/478/3488 3331/491/3540
f 3556/470/3490 3560/469/3489 3338/59/116
f 3343/60/3504 3565/479/3491 3564/480/3492
f 3564/468/3492 3554/467/3493 3332/89/124
f 3333/13/123 3555/465/3494 3566/466/3495
f 3315/489/3538 3537/463/3471 3552/464/3496
f 3540/480/3476 3563/479/3497 3341/60/85
f 3328/491/3539 3550/478/3478 3551/477/3498
f 3331/490/3540 3553/471/3488 3548/472/3499
f 3287/8/8 3291/10/10 3542/467/3475
f 3310/28/28 3561/475/3482 3543/473/3480
f 3301/4/79 3286/9/9 3538/466/3474
f 3562/469/3477 3563/479/3497 3312/34/83
f 3549/472/3479 3541/470/91 3290/17/17
f 3296/27/27 3547/474/3481 3551/477/3498
f 3559/473/3485 3557/475/3484 3306/28/31
f 3294/27/34 3295/31/35 3546/477/3487
f 3297/22/112 3305/17/38 3556/470/3490
f 3309/18/40 3314/34/41 3565/479/3491
f 3293/4/4 3544/464/3472 3566/466/3495
f 3304/8/45 3555/465/3494 3554/467/3493
