# Blender 3.6.23
# www.blender.org
o sol.018
v 2.733682 1.742982 -3.266873
v 2.732788 1.727833 -3.260801
v 2.721672 1.743690 -3.266873
v 2.722618 1.759723 -3.270641
v 2.723596 1.776342 -3.272636
v 2.734626 1.759015 -3.270641
v 2.720780 1.728538 -3.260801
v 2.709663 1.744398 -3.266873
v 2.710609 1.760431 -3.270641
v 2.711587 1.777050 -3.272636
v 2.708771 1.729246 -3.260801
v 2.697656 1.745106 -3.266873
v 2.698599 1.761137 -3.270641
v 2.699579 1.777759 -3.272636
v 2.696764 1.729954 -3.260801
v 2.685645 1.745811 -3.266873
v 2.686591 1.761845 -3.270641
v 2.687569 1.778467 -3.272636
v 2.724593 1.793257 -3.273396
v 2.735606 1.775637 -3.272636
v 2.712585 1.793966 -3.273396
v 2.700574 1.794674 -3.273396
v 2.688566 1.795382 -3.273396
v 2.725591 1.810173 -3.273456
v 2.736601 1.792552 -3.273396
v 2.713580 1.810881 -3.273456
v 2.701572 1.811589 -3.273456
v 2.689564 1.812297 -3.273456
v 2.726569 1.826795 -3.273358
v 2.737599 1.809464 -3.273456
v 2.714560 1.827503 -3.273358
v 2.702550 1.828208 -3.273358
v 2.690542 1.828916 -3.273358
v 2.744798 1.727125 -3.260801
v 2.745690 1.742274 -3.266873
v 2.673637 1.746520 -3.266873
v 2.674583 1.762553 -3.270641
v 2.684753 1.730662 -3.260801
v 2.672745 1.731371 -3.260801
v 2.678534 1.829624 -3.273358
v 2.677553 1.813002 -3.273456
v 2.749607 1.808759 -3.273456
v 2.748612 1.791844 -3.273396
v 2.738576 1.826087 -3.273358
v 2.750587 1.825379 -3.273358
v 2.675561 1.779172 -3.272636
v 2.747614 1.774929 -3.272636
v 2.676558 1.796087 -3.273396
v 2.746634 1.758307 -3.270641
v 2.661629 1.747227 -3.266873
v 2.660737 1.732076 -3.260801
v 2.649618 1.747936 -3.266873
v 2.650564 1.763966 -3.270641
v 2.651542 1.780589 -3.272636
v 2.662572 1.763261 -3.270641
v 2.648726 1.732784 -3.260801
v 2.637610 1.748641 -3.266873
v 2.638556 1.764675 -3.270641
v 2.639534 1.781296 -3.272636
v 2.636718 1.733492 -3.260801
v 2.625602 1.749349 -3.266873
v 2.626545 1.765383 -3.270641
v 2.627526 1.782002 -3.272636
v 2.624710 1.734200 -3.260801
v 2.613592 1.750057 -3.266873
v 2.614537 1.766091 -3.270641
v 2.615515 1.782710 -3.272636
v 2.652540 1.797504 -3.273396
v 2.663553 1.779881 -3.272636
v 2.640531 1.798212 -3.273396
v 2.628521 1.798917 -3.273396
v 2.616513 1.799625 -3.273396
v 2.653537 1.814419 -3.273456
v 2.664548 1.796795 -3.273396
v 2.641526 1.815127 -3.273456
v 2.629519 1.815832 -3.273456
v 2.617511 1.816540 -3.273456
v 2.654515 1.831038 -3.273358
v 2.665545 1.813710 -3.273456
v 2.642507 1.831746 -3.273358
v 2.630496 1.832454 -3.273358
v 2.618488 1.833162 -3.273358
v 2.601583 1.750765 -3.266873
v 2.602527 1.766799 -3.270641
v 2.612700 1.734906 -3.260801
v 2.600691 1.735614 -3.260801
v 2.606480 1.833870 -3.273358
v 2.605500 1.817248 -3.273456
v 2.666523 1.830332 -3.273358
v 2.603507 1.783418 -3.272636
v 2.604505 1.800333 -3.273396
v 2.589575 1.751473 -3.266873
v 2.588683 1.736322 -3.260801
v 2.577565 1.752179 -3.266873
v 2.578511 1.768213 -3.270641
v 2.579489 1.784834 -3.272636
v 2.590519 1.767504 -3.270641
v 2.576673 1.737030 -3.260801
v 2.565557 1.752887 -3.266873
v 2.566500 1.768920 -3.270641
v 2.567481 1.785540 -3.272636
v 2.564664 1.737738 -3.260801
v 2.553549 1.753595 -3.266873
v 2.554492 1.769628 -3.270641
v 2.555473 1.786248 -3.272636
v 2.552657 1.738444 -3.260801
v 2.541538 1.754303 -3.266873
v 2.542484 1.770334 -3.270641
v 2.543462 1.786956 -3.272636
v 2.580486 1.801749 -3.273396
v 2.591499 1.784126 -3.272636
v 2.568478 1.802455 -3.273396
v 2.556468 1.803163 -3.273396
v 2.544459 1.803871 -3.273396
v 2.581484 1.818664 -3.273456
v 2.592494 1.801041 -3.273396
v 2.569473 1.819370 -3.273456
v 2.557465 1.820078 -3.273456
v 2.545457 1.820786 -3.273456
v 2.582462 1.835284 -3.273358
v 2.593492 1.817956 -3.273456
v 2.570454 1.835992 -3.273358
v 2.558443 1.836700 -3.273358
v 2.546435 1.837405 -3.273358
v 2.529530 1.755009 -3.266873
v 2.530473 1.771042 -3.270641
v 2.540646 1.739151 -3.260801
v 2.528638 1.739860 -3.260801
v 2.534427 1.838114 -3.273358
v 2.533446 1.821494 -3.273456
v 2.594470 1.834576 -3.273358
v 2.531454 1.787664 -3.272636
v 2.532451 1.804579 -3.273396
v 2.739543 1.842463 -3.273358
v 2.727533 1.843171 -3.273358
v 2.728498 1.859545 -3.273358
v 2.729464 1.875921 -3.273358
v 2.740508 1.858839 -3.273358
v 2.715525 1.843877 -3.273358
v 2.716489 1.860253 -3.273358
v 2.717453 1.876629 -3.273358
v 2.703517 1.844585 -3.273358
v 2.704481 1.860961 -3.273358
v 2.705446 1.877338 -3.273358
v 2.691506 1.845293 -3.273358
v 2.692471 1.861669 -3.273358
v 2.693437 1.878043 -3.273358
v 2.730429 1.892298 -3.273358
v 2.741472 1.875213 -3.273358
v 2.718418 1.893006 -3.273358
v 2.706410 1.893712 -3.273358
v 2.694402 1.894420 -3.273358
v 2.731393 1.908672 -3.273358
v 2.742437 1.891590 -3.273358
v 2.719385 1.909380 -3.273358
v 2.707374 1.910088 -3.273358
v 2.695366 1.910796 -3.273358
v 2.732358 1.925048 -3.273358
v 2.743401 1.907966 -3.273358
v 2.720349 1.925756 -3.273358
v 2.708339 1.926464 -3.273358
v 2.696331 1.927170 -3.273358
v 2.751552 1.841755 -3.273358
v 2.679498 1.846001 -3.273358
v 2.680463 1.862375 -3.273358
v 2.684323 1.927878 -3.273358
v 2.683358 1.911504 -3.273358
v 2.755409 1.907258 -3.273358
v 2.754445 1.890882 -3.273358
v 2.744365 1.924340 -3.273358
v 2.756376 1.923635 -3.273358
v 2.681427 1.878751 -3.273358
v 2.753480 1.874505 -3.273358
v 2.682391 1.895128 -3.273358
v 2.752516 1.858131 -3.273358
v 2.667490 1.846706 -3.273358
v 2.655479 1.847414 -3.273358
v 2.656444 1.863791 -3.273358
v 2.657411 1.880167 -3.273358
v 2.668454 1.863083 -3.273358
v 2.643471 1.848122 -3.273358
v 2.644435 1.864499 -3.273358
v 2.645400 1.880873 -3.273358
v 2.631464 1.848831 -3.273358
v 2.632428 1.865205 -3.273358
v 2.633392 1.881581 -3.273358
v 2.619453 1.849539 -3.273358
v 2.620417 1.865913 -3.273358
v 2.621382 1.882289 -3.273358
v 2.658375 1.896541 -3.273358
v 2.669419 1.879459 -3.273358
v 2.646365 1.897249 -3.273358
v 2.634356 1.897957 -3.273358
v 2.622348 1.898665 -3.273358
v 2.659340 1.912918 -3.273358
v 2.670383 1.895836 -3.273358
v 2.647329 1.913626 -3.273358
v 2.635321 1.914334 -3.273358
v 2.623313 1.915039 -3.273358
v 2.660304 1.929294 -3.273358
v 2.671348 1.912210 -3.273358
v 2.648296 1.930002 -3.273358
v 2.636285 1.930708 -3.273358
v 2.624278 1.931416 -3.273358
v 2.607445 1.850244 -3.273358
v 2.608409 1.866621 -3.273358
v 2.612269 1.932124 -3.273358
v 2.611302 1.915747 -3.273358
v 2.672312 1.928586 -3.273358
v 2.609373 1.882997 -3.273358
v 2.610338 1.899373 -3.273358
v 2.595437 1.850952 -3.273358
v 2.583426 1.851660 -3.273358
v 2.584390 1.868037 -3.273358
v 2.585357 1.884411 -3.273358
v 2.596401 1.867329 -3.273358
v 2.571418 1.852368 -3.273358
v 2.572382 1.868742 -3.273358
v 2.573347 1.885119 -3.273358
v 2.559410 1.853074 -3.273358
v 2.560374 1.869450 -3.273358
v 2.561338 1.885827 -3.273358
v 2.547400 1.853782 -3.273358
v 2.548364 1.870158 -3.273358
v 2.549331 1.886535 -3.273358
v 2.586322 1.900787 -3.273358
v 2.597365 1.883703 -3.273358
v 2.574311 1.901495 -3.273358
v 2.562303 1.902203 -3.273358
v 2.550295 1.902909 -3.273358
v 2.587286 1.917164 -3.273358
v 2.598330 1.900079 -3.273358
v 2.575276 1.917872 -3.273358
v 2.563267 1.918577 -3.273358
v 2.551260 1.919285 -3.273358
v 2.588251 1.933537 -3.273358
v 2.599294 1.916456 -3.273358
v 2.576242 1.934246 -3.273358
v 2.564232 1.934954 -3.273358
v 2.552224 1.935662 -3.273358
v 2.535391 1.854490 -3.273358
v 2.536355 1.870866 -3.273358
v 2.540215 1.936370 -3.273358
v 2.539249 1.919993 -3.273358
v 2.600259 1.932832 -3.273358
v 2.537320 1.887240 -3.273358
v 2.538284 1.903617 -3.273358
v 2.745333 1.940777 -3.273033
v 2.733326 1.941473 -3.273098
v 2.734297 1.957957 -3.272328
v 2.735266 1.974438 -3.271063
v 2.746307 1.957286 -3.272071
v 2.721315 1.942165 -3.273183
v 2.722285 1.958612 -3.272663
v 2.723253 1.975061 -3.271808
v 2.709305 1.942856 -3.273268
v 2.710271 1.959270 -3.272998
v 2.711239 1.975684 -3.272556
v 2.697295 1.943552 -3.273333
v 2.698262 1.959938 -3.273256
v 2.699226 1.976324 -3.273128
v 2.736234 1.990862 -3.269316
v 2.747280 1.973795 -3.270491
v 2.724219 1.991470 -3.270628
v 2.712206 1.992076 -3.271943
v 2.700193 1.992706 -3.272953
v 2.737195 2.007171 -3.267098
v 2.748248 1.990232 -3.268303
v 2.725182 2.007799 -3.269131
v 2.713169 2.008427 -3.271166
v 2.701157 2.009075 -3.272733
v 2.738146 2.023305 -3.264423
v 2.749207 2.006523 -3.265531
v 2.726138 2.024010 -3.267329
v 2.714128 2.024718 -3.270231
v 2.702120 2.025426 -3.272466
v 2.757344 1.940076 -3.273008
v 2.685287 1.944255 -3.273358
v 2.686251 1.960631 -3.273358
v 2.690112 2.026134 -3.273358
v 2.689145 2.009758 -3.273358
v 2.761220 2.005840 -3.264906
v 2.760260 1.989556 -3.267898
v 2.750154 2.022597 -3.262191
v 2.762162 2.021888 -3.261298
v 2.687216 1.977005 -3.273358
v 2.759290 1.973115 -3.270261
v 2.688180 1.993381 -3.273358
v 2.758317 1.956596 -3.271968
v 2.673276 1.944963 -3.273358
v 2.661268 1.945671 -3.273358
v 2.662233 1.962045 -3.273358
v 2.663197 1.978421 -3.273358
v 2.674243 1.961337 -3.273358
v 2.649260 1.946376 -3.273358
v 2.650225 1.962753 -3.273358
v 2.651189 1.979129 -3.273358
v 2.637250 1.947084 -3.273358
v 2.638216 1.963461 -3.273358
v 2.639181 1.979837 -3.273358
v 2.625242 1.947793 -3.273358
v 2.626206 1.964169 -3.273358
v 2.627170 1.980543 -3.273358
v 2.664164 1.994798 -3.273358
v 2.675208 1.977713 -3.273358
v 2.652153 1.995506 -3.273358
v 2.640145 1.996211 -3.273358
v 2.628138 1.996919 -3.273358
v 2.665128 2.011172 -3.273358
v 2.676172 1.994089 -3.273358
v 2.653118 2.011879 -3.273358
v 2.641110 2.012588 -3.273358
v 2.629102 2.013296 -3.273358
v 2.666093 2.027548 -3.273358
v 2.677137 2.010466 -3.273358
v 2.654085 2.028256 -3.273358
v 2.642074 2.028964 -3.273358
v 2.630066 2.029672 -3.273358
v 2.613234 1.948500 -3.273358
v 2.614198 1.964875 -3.273358
v 2.618058 2.030378 -3.273358
v 2.617091 2.014004 -3.273358
v 2.678101 2.026840 -3.273358
v 2.615162 1.981251 -3.273358
v 2.616127 1.997627 -3.273358
v 2.601227 1.949243 -3.273344
v 2.589221 1.950042 -3.273306
v 2.590203 1.966694 -3.273066
v 2.591186 1.983346 -3.272514
v 2.602197 1.965698 -3.273276
v 2.577220 1.950865 -3.273258
v 2.578218 1.967775 -3.272796
v 2.579213 1.984685 -3.271729
v 2.565219 1.951691 -3.273208
v 2.566230 1.968859 -3.272523
v 2.567241 1.986027 -3.270943
v 2.553216 1.952487 -3.273171
v 2.554239 1.969853 -3.272316
v 2.555262 1.987218 -3.270341
v 2.592156 1.999847 -3.271523
v 2.603164 1.982154 -3.273116
v 2.580191 2.001305 -3.269819
v 2.568228 2.002762 -3.268113
v 2.556252 2.004046 -3.266801
v 2.593111 2.016049 -3.269968
v 2.604133 1.998566 -3.272833
v 2.581137 2.017340 -3.266821
v 2.569163 2.018635 -3.263674
v 2.557181 2.019791 -3.261254
v 2.594039 2.031794 -3.267726
v 2.605093 2.014890 -3.272391
v 2.582031 2.032502 -3.262496
v 2.570021 2.033208 -3.257268
v 2.558012 2.033916 -3.253246
v 2.541207 1.953230 -3.273158
v 2.542236 1.970676 -3.272231
v 2.546004 2.034624 -3.251636
v 2.545183 2.020679 -3.260283
v 2.606047 2.031086 -3.271749
v 2.543264 1.988122 -3.270098
v 2.544258 2.004984 -3.266278
v 3.513085 1.416864 -3.205967
v 3.513896 1.404911 -3.194846
v 3.501243 1.415045 -3.207058
v 3.500018 1.428615 -3.216360
v 3.498480 1.443343 -3.224229
v 3.511857 1.430433 -3.215269
v 3.502053 1.403094 -3.195935
v 3.489403 1.413226 -3.208150
v 3.488175 1.426796 -3.217449
v 3.486638 1.441523 -3.225320
v 3.490214 1.401276 -3.197026
v 3.477561 1.411410 -3.209239
v 3.476332 1.424978 -3.218540
v 3.474798 1.439705 -3.226409
v 3.478372 1.399456 -3.198117
v 3.465718 1.409590 -3.210330
v 3.464493 1.423160 -3.219631
v 3.462955 1.437888 -3.227500
v 3.496741 1.458769 -3.231060
v 3.510323 1.445160 -3.223138
v 3.484899 1.456949 -3.232151
v 3.473058 1.455133 -3.233240
v 3.461216 1.453314 -3.234331
v 3.494904 1.474438 -3.237242
v 3.508583 1.460588 -3.229968
v 3.483062 1.472618 -3.238333
v 3.471222 1.470802 -3.239425
v 3.459380 1.468983 -3.240514
v 3.493077 1.489890 -3.243172
v 3.506744 1.476256 -3.236154
v 3.481235 1.488070 -3.244263
v 3.469395 1.486252 -3.245351
v 3.457552 1.484435 -3.246443
v 3.525738 1.406730 -3.193755
v 3.524928 1.418684 -3.204878
v 3.453879 1.407772 -3.211421
v 3.452651 1.421341 -3.220720
v 3.466531 1.397640 -3.199206
v 3.454689 1.395821 -3.200297
v 3.445712 1.482616 -3.247534
v 3.447538 1.467163 -3.241605
v 3.518586 1.478075 -3.235062
v 3.520422 1.462407 -3.228880
v 3.504920 1.491707 -3.242080
v 3.516759 1.493525 -3.240991
v 3.451115 1.436069 -3.228591
v 3.522162 1.446978 -3.222049
v 3.449374 1.451494 -3.235422
v 3.523700 1.432250 -3.214177
v 3.442036 1.405955 -3.212510
v 3.442847 1.394001 -3.201389
v 3.430196 1.404136 -3.213601
v 3.428968 1.417705 -3.222903
v 3.427431 1.432431 -3.230772
v 3.440810 1.419524 -3.221812
v 3.431007 1.392185 -3.202477
v 3.418354 1.402317 -3.214693
v 3.417126 1.415886 -3.223992
v 3.415591 1.430615 -3.231863
v 3.419164 1.390366 -3.203569
v 3.406511 1.400500 -3.215781
v 3.405286 1.414067 -3.225083
v 3.403749 1.428795 -3.232954
v 3.407322 1.388547 -3.204660
v 3.394671 1.398681 -3.216872
v 3.393444 1.412250 -3.226174
v 3.391909 1.426977 -3.234043
v 3.425691 1.447859 -3.237602
v 3.439273 1.434250 -3.229680
v 3.413851 1.446040 -3.238693
v 3.402009 1.444223 -3.239785
v 3.390167 1.442404 -3.240874
v 3.423855 1.463528 -3.243785
v 3.437533 1.449678 -3.236511
v 3.412013 1.461709 -3.244876
v 3.400173 1.459892 -3.245968
v 3.388331 1.458073 -3.247059
v 3.422028 1.478980 -3.249714
v 3.435698 1.465347 -3.242696
v 3.410188 1.477161 -3.250806
v 3.398345 1.475342 -3.251894
v 3.386505 1.473526 -3.252985
v 3.382829 1.396862 -3.217964
v 3.381604 1.410432 -3.227266
v 3.395482 1.386731 -3.205749
v 3.383640 1.384911 -3.206840
v 3.374663 1.471707 -3.254077
v 3.376491 1.456254 -3.248148
v 3.433870 1.480797 -3.248623
v 3.380066 1.425160 -3.235134
v 3.378327 1.440585 -3.241965
v 3.370989 1.395046 -3.219055
v 3.371800 1.383092 -3.207931
v 3.359147 1.393227 -3.220144
v 3.357919 1.406795 -3.229446
v 3.356384 1.421522 -3.237314
v 3.369762 1.408612 -3.228354
v 3.359957 1.381276 -3.209020
v 3.347305 1.391407 -3.221235
v 3.346079 1.404977 -3.230537
v 3.344541 1.419705 -3.238406
v 3.348115 1.379456 -3.210111
v 3.335464 1.389591 -3.222327
v 3.334237 1.403158 -3.231626
v 3.332699 1.417886 -3.239497
v 3.336276 1.377638 -3.211203
v 3.323622 1.387772 -3.223415
v 3.322394 1.401341 -3.232717
v 3.320859 1.416067 -3.240585
v 3.354645 1.436950 -3.244145
v 3.368224 1.423340 -3.236226
v 3.342802 1.435131 -3.245236
v 3.330960 1.433314 -3.246328
v 3.319120 1.431495 -3.247417
v 3.352806 1.452618 -3.250330
v 3.366484 1.438769 -3.243057
v 3.340966 1.450800 -3.251419
v 3.329123 1.448983 -3.252511
v 3.317284 1.447164 -3.253602
v 3.350981 1.468071 -3.256257
v 3.364648 1.454437 -3.249239
v 3.339138 1.466252 -3.257348
v 3.327296 1.464432 -3.258437
v 3.315456 1.462614 -3.259528
v 3.311780 1.385952 -3.224507
v 3.310555 1.399522 -3.233808
v 3.324433 1.375818 -3.212294
v 3.312593 1.374002 -3.213383
v 3.303614 1.460797 -3.260620
v 3.305441 1.445345 -3.254690
v 3.362821 1.469887 -3.255166
v 3.309017 1.414250 -3.241677
v 3.307278 1.429676 -3.248508
v 3.502965 1.507385 -3.247480
v 3.491121 1.505577 -3.248532
v 3.488889 1.522050 -3.252843
v 3.486477 1.539003 -3.256237
v 3.500743 1.523841 -3.251888
v 3.479275 1.503765 -3.249583
v 3.477033 1.520262 -3.253800
v 3.474611 1.537240 -3.257067
v 3.467431 1.501956 -3.250635
v 3.465178 1.518471 -3.254755
v 3.462742 1.535477 -3.257898
v 3.455584 1.500146 -3.251690
v 3.453323 1.516683 -3.255712
v 3.450876 1.533714 -3.258731
v 3.483988 1.556122 -3.258845
v 3.498347 1.540764 -3.255404
v 3.472109 1.554387 -3.259550
v 3.460228 1.552651 -3.260258
v 3.448346 1.550915 -3.260966
v 3.481517 1.573103 -3.260801
v 3.495870 1.557858 -3.258138
v 3.469625 1.571388 -3.261413
v 3.457736 1.569673 -3.262022
v 3.445846 1.567956 -3.262633
v 3.479160 1.589633 -3.262238
v 3.493408 1.574817 -3.260189
v 3.467265 1.587925 -3.262810
v 3.455372 1.586218 -3.263382
v 3.443477 1.584511 -3.263954
v 3.514811 1.509195 -3.246428
v 3.443738 1.498334 -3.252742
v 3.441468 1.514892 -3.256667
v 3.431582 1.582803 -3.264527
v 3.433957 1.566242 -3.263242
v 3.505296 1.576534 -3.259580
v 3.507748 1.559596 -3.257430
v 3.491053 1.591339 -3.261666
v 3.502948 1.593047 -3.261093
v 3.439008 1.531951 -3.259561
v 3.510215 1.542527 -3.254573
v 3.436467 1.549180 -3.261671
v 3.512599 1.525629 -3.250932
v 3.431895 1.496526 -3.253793
v 3.420048 1.494716 -3.254845
v 3.417758 1.511313 -3.258579
v 3.415272 1.528427 -3.261225
v 3.429614 1.513104 -3.257624
v 3.408205 1.492905 -3.255897
v 3.405902 1.509524 -3.259536
v 3.403404 1.526663 -3.262055
v 3.396358 1.491095 -3.256949
v 3.394048 1.507736 -3.260492
v 3.391537 1.524901 -3.262889
v 3.384511 1.489286 -3.258001
v 3.382192 1.505945 -3.261447
v 3.379668 1.523140 -3.263719
v 3.412706 1.545709 -3.263086
v 3.427138 1.530190 -3.260392
v 3.400825 1.543971 -3.263791
v 3.388944 1.542235 -3.264498
v 3.377065 1.540500 -3.265204
v 3.410174 1.562812 -3.264466
v 3.424585 1.547444 -3.262378
v 3.398285 1.561095 -3.265075
v 3.386394 1.559380 -3.265686
v 3.374502 1.557665 -3.266296
v 3.407794 1.579391 -3.265671
v 3.422065 1.564527 -3.263854
v 3.395899 1.577684 -3.266244
v 3.384006 1.575977 -3.266816
v 3.372111 1.574269 -3.267388
v 3.372668 1.487475 -3.259053
v 3.370338 1.504157 -3.262403
v 3.360219 1.572562 -3.267960
v 3.362613 1.555951 -3.266907
v 3.419690 1.581096 -3.265099
v 3.367800 1.521376 -3.264550
v 3.365183 1.538764 -3.265911
v 3.360822 1.485665 -3.260105
v 3.348975 1.483856 -3.261157
v 3.346627 1.500577 -3.264318
v 3.344065 1.517850 -3.266213
v 3.358482 1.502366 -3.263359
v 3.337132 1.482044 -3.262209
v 3.334773 1.498787 -3.265274
v 3.332196 1.516087 -3.267044
v 3.325285 1.480235 -3.263261
v 3.322917 1.496998 -3.266230
v 3.320329 1.514326 -3.267877
v 3.313441 1.478426 -3.264313
v 3.311061 1.495207 -3.267186
v 3.308460 1.512563 -3.268707
v 3.341422 1.535293 -3.267323
v 3.355933 1.519614 -3.265383
v 3.329541 1.533558 -3.268031
v 3.317662 1.531820 -3.268736
v 3.305781 1.530084 -3.269444
v 3.338834 1.552520 -3.268128
v 3.353302 1.537029 -3.266618
v 3.326942 1.550805 -3.268740
v 3.315051 1.549090 -3.269351
v 3.303163 1.547373 -3.269960
v 3.336428 1.569147 -3.269105
v 3.350723 1.554234 -3.267519
v 3.324535 1.567441 -3.269677
v 3.312640 1.565733 -3.270249
v 3.300748 1.564026 -3.270821
v 3.301595 1.476614 -3.265367
v 3.299207 1.493419 -3.268142
v 3.288852 1.562321 -3.271394
v 3.291271 1.545658 -3.270572
v 3.348323 1.570855 -3.268533
v 3.296594 1.510800 -3.269538
v 3.293899 1.528348 -3.270151
v 3.488761 1.607622 -3.262567
v 3.476871 1.605898 -3.263204
v 3.474548 1.622256 -3.263665
v 3.472193 1.638649 -3.263635
v 3.486419 1.624020 -3.262840
v 3.464985 1.604170 -3.263859
v 3.462678 1.620478 -3.264568
v 3.460353 1.636806 -3.264942
v 3.453097 1.602442 -3.264515
v 3.450809 1.618698 -3.265470
v 3.448513 1.634964 -3.266253
v 3.441209 1.600718 -3.265151
v 3.438936 1.616934 -3.266296
v 3.436661 1.633156 -3.267391
v 3.469818 1.655014 -3.263119
v 3.484044 1.640459 -3.262497
v 3.458015 1.653119 -3.264991
v 3.446209 1.651223 -3.266865
v 3.434384 1.649374 -3.268438
v 3.467434 1.671296 -3.262126
v 3.481645 1.656867 -3.261544
v 3.455668 1.669375 -3.264717
v 3.443900 1.667454 -3.267310
v 3.432105 1.665582 -3.269439
v 3.465047 1.687436 -3.260664
v 3.479229 1.673168 -3.259997
v 3.453321 1.685535 -3.264130
v 3.441593 1.683633 -3.267594
v 3.429829 1.681776 -3.270392
v 3.500654 1.609336 -3.261971
v 3.429317 1.599004 -3.265748
v 3.427051 1.615205 -3.266969
v 3.417985 1.680009 -3.271853
v 3.420251 1.663808 -3.270633
v 3.491084 1.674942 -3.258804
v 3.493510 1.658631 -3.260571
v 3.476813 1.689294 -3.257868
v 3.488657 1.691061 -3.256407
v 3.424785 1.631406 -3.268190
v 3.495921 1.642206 -3.261698
v 3.422517 1.647606 -3.269411
v 3.498307 1.625749 -3.262167
v 3.417422 1.597297 -3.266320
v 3.405528 1.595592 -3.266892
v 3.403262 1.611793 -3.268113
v 3.400994 1.627993 -3.269335
v 3.415156 1.613498 -3.267541
v 3.393633 1.593885 -3.267465
v 3.391367 1.610086 -3.268686
v 3.389101 1.626287 -3.269907
v 3.381740 1.592178 -3.268037
v 3.379472 1.608378 -3.269258
v 3.377206 1.624579 -3.270479
v 3.369845 1.590470 -3.268609
v 3.367579 1.606671 -3.269830
v 3.365314 1.622872 -3.271051
v 3.398728 1.644195 -3.270556
v 3.412889 1.629701 -3.268763
v 3.386836 1.642488 -3.271128
v 3.374940 1.640780 -3.271701
v 3.363045 1.639073 -3.272273
v 3.396462 1.660395 -3.271777
v 3.410624 1.645900 -3.269984
v 3.384567 1.658688 -3.272349
v 3.372674 1.656981 -3.272922
v 3.360780 1.655273 -3.273494
v 3.394197 1.676597 -3.272998
v 3.408358 1.662101 -3.271205
v 3.382302 1.674889 -3.273570
v 3.370409 1.673182 -3.274143
v 3.358514 1.671474 -3.274715
v 3.357950 1.588763 -3.269181
v 3.355684 1.604964 -3.270403
v 3.346619 1.669767 -3.275287
v 3.348887 1.653567 -3.274066
v 3.406089 1.678303 -3.272426
v 3.353418 1.621165 -3.271624
v 3.351152 1.637366 -3.272845
v 3.346051 1.587092 -3.269741
v 3.334143 1.585477 -3.270283
v 3.331824 1.601968 -3.271286
v 3.329487 1.618481 -3.271977
v 3.343769 1.603377 -3.270901
v 3.322229 1.583890 -3.270817
v 3.319862 1.600651 -3.271617
v 3.317460 1.617450 -3.271815
v 3.310315 1.582301 -3.271348
v 3.307899 1.599331 -3.271946
v 3.305433 1.616422 -3.271652
v 3.298406 1.580686 -3.271890
v 3.295955 1.597923 -3.272333
v 3.293436 1.615237 -3.271661
v 3.327145 1.634872 -3.272222
v 3.341484 1.619666 -3.271969
v 3.315049 1.634021 -3.271152
v 3.302953 1.633170 -3.270081
v 3.290905 1.632120 -3.269389
v 3.324815 1.651003 -3.271881
v 3.339196 1.635921 -3.272911
v 3.312659 1.650086 -3.269362
v 3.300502 1.649169 -3.266842
v 3.288406 1.648068 -3.265035
v 3.322507 1.666730 -3.270821
v 3.336912 1.652102 -3.273688
v 3.310311 1.665373 -3.266184
v 3.298117 1.664017 -3.261549
v 3.285990 1.662581 -3.258115
v 3.286508 1.579015 -3.272452
v 3.284039 1.596336 -3.272829
v 3.274004 1.660982 -3.257083
v 3.276430 1.646606 -3.264657
v 3.334633 1.668168 -3.274256
v 3.281501 1.613738 -3.272006
v 3.278948 1.630677 -3.269458
v -2.437067 1.441983 -0.615008
v -2.436625 1.426388 -0.616679
v -2.435663 1.413205 -0.630167
v -2.436361 1.428167 -0.628583
v -2.436860 1.443664 -0.626924
v -2.437363 1.458011 -0.613278
v -2.437274 1.440182 -0.603105
v -2.436900 1.424458 -0.604790
v -2.436007 1.411384 -0.618269
v -2.437528 1.456376 -0.601355
v -2.437481 1.438381 -0.591202
v -2.437177 1.422528 -0.592904
v -2.436387 1.409400 -0.606389
v -2.437693 1.454740 -0.589435
v -2.437688 1.436699 -0.579286
v -2.437442 1.420747 -0.580999
v -2.436764 1.407413 -0.594509
v -2.437862 1.453187 -0.577503
v -2.437193 1.459563 -0.625208
v -2.437540 1.474312 -0.611511
v -2.437682 1.472844 -0.599571
v -2.437827 1.471374 -0.587632
v -2.437974 1.469949 -0.575688
v -2.437392 1.475740 -0.623457
v -2.437626 1.490733 -0.609733
v -2.437761 1.489391 -0.597777
v -2.437896 1.488050 -0.585824
v -2.438036 1.486719 -0.573870
v -2.437489 1.492064 -0.621687
v -2.437651 1.507116 -0.607960
v -2.437785 1.505825 -0.596000
v -2.437920 1.504534 -0.584042
v -2.438055 1.503242 -0.572082
v -2.436116 1.429642 -0.640521
v -2.435380 1.414695 -0.642103
v -2.437108 1.405595 -0.582611
v -2.437898 1.435264 -0.567344
v -2.437687 1.419275 -0.569061
v -2.437391 1.404102 -0.570675
v -2.438176 1.485416 -0.561911
v -2.438190 1.501951 -0.560122
v -2.437516 1.508405 -0.619920
v -2.437235 1.477081 -0.635410
v -2.437347 1.493367 -0.633646
v -2.437381 1.509696 -0.631880
v -2.438042 1.451799 -0.565556
v -2.437014 1.460951 -0.637157
v -2.438132 1.468605 -0.563733
v -2.436650 1.445099 -0.638866
v -2.438323 1.432711 -0.543423
v -2.438146 1.416732 -0.545140
v -2.437631 1.402833 -0.558714
v -2.437916 1.418003 -0.557100
v -2.438111 1.433988 -0.555383
v -2.438417 1.449236 -0.541636
v -2.438533 1.431438 -0.531462
v -2.438379 1.415461 -0.533181
v -2.437868 1.401565 -0.546755
v -2.438602 1.447958 -0.529675
v -2.438745 1.430161 -0.519504
v -2.438609 1.414189 -0.521221
v -2.438105 1.400293 -0.534795
v -2.438789 1.446676 -0.517717
v -2.438957 1.428887 -0.507543
v -2.438838 1.412918 -0.509260
v -2.438345 1.399025 -0.522834
v -2.438976 1.445395 -0.505757
v -2.438230 1.450518 -0.553596
v -2.438454 1.466035 -0.539814
v -2.438616 1.464748 -0.527854
v -2.438778 1.463465 -0.515894
v -2.438938 1.462178 -0.503936
v -2.438292 1.467321 -0.551775
v -2.438460 1.482836 -0.537993
v -2.438603 1.481547 -0.526032
v -2.438745 1.480258 -0.514072
v -2.438888 1.478966 -0.502112
v -2.438318 1.484124 -0.549950
v -2.438460 1.499368 -0.536204
v -2.438594 1.498079 -0.524244
v -2.438729 1.496788 -0.512283
v -2.438864 1.495497 -0.500323
v -2.438582 1.397753 -0.510873
v -2.439167 1.427611 -0.495583
v -2.439071 1.411644 -0.497299
v -2.438822 1.396484 -0.498915
v -2.439030 1.477678 -0.490154
v -2.438999 1.494205 -0.488366
v -2.438325 1.500659 -0.548162
v -2.439161 1.444116 -0.493796
v -2.439101 1.460892 -0.491976
v -2.439592 1.425061 -0.471664
v -2.439533 1.409102 -0.473380
v -2.439059 1.395216 -0.486954
v -2.439301 1.410373 -0.485341
v -2.439379 1.426335 -0.483622
v -2.439536 1.441556 -0.469878
v -2.439802 1.423785 -0.459703
v -2.439763 1.407831 -0.461419
v -2.439299 1.393944 -0.474993
v -2.439723 1.440275 -0.457917
v -2.440014 1.422511 -0.447742
v -2.439992 1.406559 -0.449461
v -2.439537 1.392676 -0.463035
v -2.439908 1.438994 -0.445957
v -2.440226 1.421234 -0.435782
v -2.440225 1.405288 -0.437500
v -2.439774 1.391404 -0.451074
v -2.440095 1.437715 -0.433999
v -2.439348 1.442835 -0.481836
v -2.439425 1.458322 -0.468055
v -2.439585 1.457038 -0.456097
v -2.439747 1.455752 -0.444137
v -2.439910 1.454466 -0.432176
v -2.439263 1.459608 -0.480015
v -2.439314 1.475100 -0.466234
v -2.439457 1.473811 -0.454274
v -2.439599 1.472520 -0.442316
v -2.439744 1.471231 -0.430356
v -2.439172 1.476389 -0.478194
v -2.439269 1.491623 -0.464445
v -2.439403 1.490331 -0.452485
v -2.439538 1.489043 -0.440527
v -2.439673 1.487751 -0.428567
v -2.440014 1.390135 -0.439113
v -2.440436 1.419961 -0.423824
v -2.440455 1.404017 -0.425540
v -2.440251 1.388867 -0.427152
v -2.439887 1.469942 -0.418395
v -2.439808 1.486460 -0.416607
v -2.439134 1.492914 -0.476405
v -2.440283 1.436433 -0.422038
v -2.440070 1.453182 -0.420218
v -2.437659 1.539734 -0.604438
v -2.437654 1.523425 -0.606200
v -2.437520 1.524714 -0.618158
v -2.437524 1.541026 -0.616398
v -2.437663 1.556044 -0.602679
v -2.437793 1.538443 -0.592480
v -2.437789 1.522134 -0.594240
v -2.437798 1.554752 -0.590718
v -2.437928 1.537152 -0.580520
v -2.437924 1.520843 -0.582280
v -2.437932 1.553461 -0.578761
v -2.438063 1.535861 -0.568560
v -2.438059 1.519551 -0.570322
v -2.438067 1.552170 -0.566801
v -2.437528 1.557335 -0.614639
v -2.437667 1.572353 -0.600919
v -2.437802 1.571062 -0.588959
v -2.437936 1.569770 -0.576999
v -2.438071 1.568479 -0.565039
v -2.437532 1.573644 -0.612877
v -2.437671 1.588662 -0.599157
v -2.437806 1.587371 -0.587199
v -2.437940 1.586080 -0.575239
v -2.438075 1.584788 -0.563279
v -2.437536 1.589953 -0.611117
v -2.437675 1.604971 -0.597397
v -2.437810 1.603680 -0.585437
v -2.437944 1.602389 -0.573480
v -2.438079 1.601097 -0.561519
v -2.437385 1.526005 -0.630118
v -2.438198 1.534569 -0.556600
v -2.438194 1.518260 -0.558362
v -2.438210 1.583499 -0.551319
v -2.438214 1.599809 -0.549559
v -2.437540 1.606263 -0.609357
v -2.437397 1.574935 -0.624837
v -2.437401 1.591245 -0.623077
v -2.437405 1.607554 -0.621318
v -2.438202 1.550878 -0.554840
v -2.437393 1.558624 -0.626599
v -2.438206 1.567188 -0.553081
v -2.437389 1.542315 -0.628359
v -2.438468 1.531989 -0.532682
v -2.438464 1.515677 -0.534442
v -2.438329 1.516969 -0.546402
v -2.438333 1.533278 -0.544642
v -2.438472 1.548298 -0.530922
v -2.438602 1.530698 -0.520722
v -2.438598 1.514389 -0.522484
v -2.438607 1.547007 -0.518962
v -2.438737 1.529406 -0.508762
v -2.438733 1.513097 -0.510524
v -2.438741 1.545716 -0.507002
v -2.438872 1.528115 -0.496804
v -2.438868 1.511806 -0.498564
v -2.438876 1.544424 -0.495042
v -2.438337 1.549590 -0.542880
v -2.438476 1.564608 -0.529160
v -2.438611 1.563316 -0.517203
v -2.438745 1.562025 -0.505243
v -2.438880 1.560733 -0.493282
v -2.438341 1.565899 -0.541121
v -2.438480 1.580917 -0.527401
v -2.438615 1.579625 -0.515441
v -2.438750 1.578334 -0.503481
v -2.438884 1.577043 -0.491523
v -2.438345 1.582208 -0.539361
v -2.438484 1.597226 -0.525641
v -2.438619 1.595935 -0.513681
v -2.438754 1.594643 -0.501721
v -2.438888 1.593352 -0.489761
v -2.439007 1.526824 -0.484844
v -2.439003 1.510514 -0.486604
v -2.439019 1.575751 -0.479563
v -2.439023 1.592063 -0.477803
v -2.438349 1.598517 -0.537599
v -2.439011 1.543133 -0.483084
v -2.439015 1.559442 -0.481322
v -2.439277 1.524244 -0.460926
v -2.439273 1.507932 -0.462686
v -2.439138 1.509223 -0.474646
v -2.439142 1.525532 -0.472884
v -2.439281 1.540553 -0.459164
v -2.439411 1.522952 -0.448966
v -2.439407 1.506643 -0.450725
v -2.439415 1.539261 -0.447204
v -2.439546 1.521661 -0.437006
v -2.439542 1.505352 -0.438765
v -2.439550 1.537970 -0.435246
v -2.439681 1.520369 -0.425046
v -2.439677 1.504060 -0.426808
v -2.439685 1.536679 -0.423286
v -2.439146 1.541842 -0.471124
v -2.439285 1.556862 -0.457404
v -2.439420 1.555571 -0.445444
v -2.439554 1.554279 -0.433484
v -2.439689 1.552988 -0.421526
v -2.439150 1.558154 -0.469364
v -2.439289 1.573171 -0.455645
v -2.439424 1.571880 -0.443685
v -2.439559 1.570589 -0.431724
v -2.439693 1.569297 -0.419764
v -2.439154 1.574463 -0.467602
v -2.439293 1.589480 -0.453883
v -2.439428 1.588189 -0.441923
v -2.439563 1.586898 -0.429965
v -2.439697 1.585606 -0.418005
v -2.439816 1.519079 -0.413088
v -2.439812 1.502769 -0.414847
v -2.439828 1.568006 -0.407807
v -2.439832 1.584315 -0.406045
v -2.439158 1.590772 -0.465843
v -2.439820 1.535388 -0.411326
v -2.439824 1.551697 -0.409566
v -2.436981 1.638173 -0.593805
v -2.437544 1.621464 -0.595615
v -2.437377 1.622800 -0.607569
v -2.436671 1.639611 -0.605748
v -2.435742 1.654884 -0.591987
v -2.437346 1.636693 -0.581869
v -2.437724 1.620113 -0.583663
v -2.436510 1.653273 -0.580069
v -2.437708 1.635213 -0.569932
v -2.437901 1.618762 -0.571711
v -2.437277 1.651664 -0.568151
v -2.438018 1.633775 -0.557992
v -2.438071 1.617426 -0.559755
v -2.437896 1.650124 -0.556225
v -2.435123 1.656421 -0.603916
v -2.433587 1.671375 -0.590183
v -2.435054 1.669705 -0.578280
v -2.436523 1.668034 -0.566377
v -2.437685 1.666453 -0.554459
v -2.432425 1.672956 -0.602099
v -2.430266 1.687425 -0.588413
v -2.432816 1.685840 -0.576513
v -2.435365 1.684253 -0.564613
v -2.437357 1.682737 -0.552698
v -2.428274 1.688944 -0.600328
v -2.425540 1.702818 -0.586699
v -2.429627 1.701530 -0.574783
v -2.433714 1.700243 -0.562869
v -2.436889 1.698954 -0.550943
v -2.437227 1.624109 -0.619527
v -2.438222 1.632427 -0.546037
v -2.438218 1.616118 -0.547799
v -2.438234 1.681354 -0.540756
v -2.438238 1.697664 -0.538997
v -2.422365 1.704103 -0.598625
v -2.431880 1.674364 -0.614042
v -2.427396 1.690324 -0.612269
v -2.421016 1.705393 -0.610569
v -2.438226 1.648736 -0.544278
v -2.434793 1.657812 -0.615863
v -2.438230 1.665045 -0.542518
v -2.436466 1.640960 -0.617700
v -2.438492 1.629844 -0.522120
v -2.438488 1.613535 -0.523879
v -2.438353 1.614826 -0.535839
v -2.438357 1.631136 -0.534080
v -2.438496 1.646154 -0.520360
v -2.438627 1.628553 -0.510159
v -2.438623 1.612244 -0.511922
v -2.438631 1.644862 -0.508400
v -2.438762 1.627262 -0.498199
v -2.438758 1.610953 -0.499961
v -2.438766 1.643573 -0.496440
v -2.438896 1.625973 -0.486241
v -2.438892 1.609661 -0.488001
v -2.438900 1.642282 -0.484479
v -2.438361 1.647445 -0.532318
v -2.438500 1.662463 -0.518598
v -2.438635 1.661172 -0.506640
v -2.438770 1.659883 -0.494680
v -2.438905 1.658591 -0.482720
v -2.438365 1.663754 -0.530558
v -2.438504 1.678772 -0.516838
v -2.438639 1.677483 -0.504878
v -2.438774 1.676192 -0.492918
v -2.438909 1.674901 -0.480960
v -2.438369 1.680063 -0.528798
v -2.438508 1.695081 -0.515079
v -2.438643 1.693792 -0.503118
v -2.438778 1.692501 -0.491158
v -2.438913 1.691210 -0.479198
v -2.439031 1.624681 -0.474281
v -2.439027 1.608372 -0.476041
v -2.439043 1.673609 -0.469000
v -2.439047 1.689918 -0.467241
v -2.438373 1.696373 -0.527036
v -2.439035 1.640991 -0.472522
v -2.439039 1.657300 -0.470760
v -2.439301 1.622099 -0.450364
v -2.439297 1.605790 -0.452123
v -2.439162 1.607081 -0.464083
v -2.439166 1.623390 -0.462321
v -2.439305 1.638408 -0.448601
v -2.439436 1.620808 -0.438403
v -2.439432 1.604499 -0.440163
v -2.439440 1.637117 -0.436641
v -2.439571 1.619516 -0.426443
v -2.439567 1.603207 -0.428203
v -2.439575 1.635826 -0.424684
v -2.439705 1.618225 -0.414483
v -2.439701 1.601916 -0.416245
v -2.439709 1.634537 -0.412723
v -2.439170 1.639700 -0.460562
v -2.439309 1.654717 -0.446842
v -2.439444 1.653426 -0.434882
v -2.439579 1.652137 -0.422921
v -2.439713 1.650846 -0.410964
v -2.439174 1.656009 -0.458802
v -2.439313 1.671027 -0.445082
v -2.439448 1.669735 -0.433122
v -2.439583 1.668446 -0.421162
v -2.439718 1.667155 -0.409202
v -2.439178 1.672318 -0.457040
v -2.439317 1.687336 -0.443320
v -2.439452 1.686047 -0.431360
v -2.439587 1.684756 -0.419402
v -2.439722 1.683464 -0.407442
v -2.439840 1.616936 -0.402525
v -2.439836 1.600627 -0.404285
v -2.439852 1.665864 -0.397244
v -2.439856 1.682173 -0.395482
v -2.439182 1.688627 -0.455280
v -2.439844 1.633245 -0.400763
v -2.439848 1.649555 -0.399004
vn 0.0036 -0.0231 0.9997
vn 0.0211 -0.0438 0.9988
vn 0.0172 -0.0638 0.9978
vn 0.0014 0.0241 0.9997
vn 0.0048 0.0818 0.9966
vn -0.0000 -0.0000 1.0000
vn -0.0086 -0.0007 1.0000
vn -0.0148 -0.0060 0.9999
vn -0.0327 -0.0086 0.9994
vn 0.0102 0.1736 0.9848
vn 0.0177 0.3003 0.9537
vn 0.0178 0.3003 0.9537
vn -0.0002 -0.0029 1.0000
vn -0.0001 -0.0012 1.0000
vn -0.0010 -0.0045 1.0000
vn -0.0077 -0.0095 0.9999
vn -0.0007 -0.0021 1.0000
vn 0.0102 0.1737 0.9848
vn -0.0980 -0.0365 0.9945
vn -0.0661 -0.0564 0.9962
vn -0.1133 -0.0729 0.9909
vn 0.0218 0.3709 0.9284
vn 0.0192 -0.0037 0.9998
vn 0.0566 -0.2656 0.9624
vn 0.1915 -0.3311 0.9240
vn 0.1050 -0.4081 0.9069
vn -0.0313 -0.0384 0.9988
vn -0.0094 -0.0290 0.9995
vn -0.0296 -0.0579 0.9979
vn -0.0036 -0.0005 1.0000
vn 0.0328 -0.0164 0.9993
vn 0.0086 -0.0020 1.0000
vn 0.0002 -0.0313 0.9995
vn 0.0087 -0.0791 0.9968
vn 0.0035 -0.0851 0.9964
vn 0.0115 -0.0077 0.9999
vn 0.0028 -0.0008 1.0000
vn 0.0014 -0.0290 0.9996
vn -0.0001 -0.0057 1.0000
vn -0.0000 -0.0052 1.0000
vn -0.0242 -0.0006 0.9997
vn -0.0328 -0.0029 0.9995
vn -0.1190 -0.0212 0.9927
vn -0.1499 -0.0434 0.9877
vn -0.1982 -0.0600 0.9783
vn 0.0219 0.3709 0.9284
vn 0.0177 0.3002 0.9537
vn 0.2306 -0.2292 0.9457
vn 0.3107 -0.1889 0.9315
vn 0.3295 -0.3143 0.8903
vn 0.0219 0.3708 0.9284
vn 0.0218 0.3708 0.9284
vn 0.0257 -0.1566 0.9873
vn 0.0116 -0.1679 0.9857
vn 0.0041 -0.0079 1.0000
vn 0.0002 -0.0026 1.0000
vn 0.0002 -0.0013 1.0000
vn 0.1266 -0.1498 0.9806
vn 0.2136 -0.1261 0.9688
vn -0.1720 -0.0880 0.9812
vn 0.0044 -0.0154 0.9999
vn 0.0002 -0.0040 1.0000
vn 0.0023 -0.0024 1.0000
vn 0.0005 -0.0002 1.0000
vn 0.2716 -0.4292 0.8614
vn 0.1314 -0.0451 0.9903
vn 0.0550 -0.0149 0.9984
vn 0.1957 -0.0788 0.9775
vn 0.0544 -0.0477 0.9974
vn 0.0711 -0.0287 0.9971
vn 0.1169 -0.0820 0.9898
vn -0.0575 -0.0106 0.9983
vn -0.0890 -0.0122 0.9960
vn -0.0002 -0.0005 1.0000
vn -0.0008 -0.0002 1.0000
vn 0.0590 -0.0880 0.9944
vn 0.0194 -0.0233 0.9995
vn 0.0486 -0.1272 0.9907
vn -0.0011 -0.0071 1.0000
vn -0.0154 -0.0007 0.9999
vn -0.1323 -0.1990 0.9710
vn -0.0663 -0.1912 0.9793
vn -0.0850 -0.2138 0.9732
vn -0.0011 -0.0092 1.0000
vn 0.0001 -0.0003 1.0000
vn 0.1048 -0.2161 0.9707
vn -0.0072 -0.0371 0.9993
vn -0.0010 -0.0101 0.9999
vn -0.0057 -0.0404 0.9992
vn 0.0360 -0.0062 0.9993
vn -0.1038 -0.1110 0.9884
vn -0.1566 -0.1354 0.9783
vn -0.0263 -0.0195 0.9995
vn -0.2257 -0.1101 0.9680
vn -0.0286 -0.1178 0.9926
vn -0.0692 -0.1422 0.9874
vn -0.0418 -0.1083 0.9932
vn -0.2040 -0.1605 0.9657
vn -0.1028 -0.1749 0.9792
vn -0.0456 -0.1549 0.9869
vn -0.0611 -0.0851 0.9945
vn -0.0040 -0.0028 1.0000
vn 0.0269 -0.2846 0.9583
vn -0.0096 -0.0191 0.9998
vn -0.0566 -0.0285 0.9980
vn 0.1507 -0.5051 0.8498
vn 0.0513 -0.4376 0.8977
vn -0.0211 -0.0734 0.9971
vn -0.0152 -0.0797 0.9967
vn -0.0496 0.0452 0.9977
vn -0.0283 0.0284 0.9992
vn -0.0281 0.0079 0.9996
vn -0.1469 0.4207 0.8952
vn -0.1411 0.3684 0.9189
vn -0.1470 0.4207 0.8952
vn -0.1412 0.3683 0.9189
vn -0.1471 0.4206 0.8952
vn -0.0575 0.0670 0.9961
vn -0.0634 0.0260 0.9976
vn -0.0568 0.0357 0.9977
vn -0.0563 0.0318 0.9979
vn -0.0658 0.0647 0.9957
vn -0.0708 0.0582 0.9958
vn -0.0878 0.0521 0.9948
vn -0.1554 0.5017 0.8509
vn -0.1649 0.6084 0.7763
vn -0.1648 0.6085 0.7763
vn -0.1385 0.3449 0.9284
vn -0.1346 0.3158 0.9392
vn -0.1345 0.3146 0.9396
vn -0.0585 0.0664 0.9961
vn -0.0632 0.0562 0.9964
vn -0.0585 0.0677 0.9960
vn -0.0611 0.0220 0.9979
vn -0.0549 0.0294 0.9981
vn -0.1413 0.3683 0.9189
vn -0.1649 0.6085 0.7762
vn -0.1553 0.5018 0.8509
vn -0.0575 0.0641 0.9963
vn -0.0573 0.0630 0.9964
vn -0.0907 0.1455 0.9852
vn -0.0759 0.1146 0.9905
vn -0.0751 0.1082 0.9913
vn -0.1238 0.2562 0.9587
vn -0.1072 0.1902 0.9759
vn -0.1063 0.1838 0.9772
vn -0.1650 0.6085 0.7762
vn -0.1554 0.5017 0.8510
vn -0.1218 0.2407 0.9629
vn -0.1037 0.1648 0.9809
vn -0.1029 0.1585 0.9820
vn -0.1691 0.6652 0.7273
vn -0.1460 0.0114 0.9892
vn -0.1110 -0.0015 0.9938
vn -0.1537 -0.0275 0.9877
vn -0.1350 0.3191 0.9381
vn -0.1385 0.3450 0.9283
vn -0.1353 0.3202 0.9377
vn -0.1411 0.3683 0.9189
vn -0.0487 0.0668 0.9966
vn -0.0380 0.0672 0.9970
vn 0.0521 -0.1838 0.9816
vn 0.1993 -0.2235 0.9541
vn 0.1306 -0.3172 0.9393
vn -0.0806 0.0231 0.9965
vn -0.0611 0.0367 0.9975
vn -0.0751 0.0044 0.9972
vn -0.0576 0.0670 0.9961
vn -0.0610 0.0658 0.9960
vn -0.0222 0.0575 0.9981
vn -0.0512 0.0364 0.9980
vn -0.0334 -0.0087 0.9994
vn -0.0372 -0.0157 0.9992
vn -0.1384 0.3450 0.9284
vn -0.1341 0.3113 0.9408
vn -0.1340 0.3102 0.9412
vn -0.0448 0.0618 0.9971
vn -0.0546 0.0668 0.9963
vn -0.0749 0.0481 0.9960
vn -0.0504 0.0390 0.9980
vn -0.0548 0.0486 0.9973
vn -0.0552 0.0498 0.9972
vn -0.1357 0.3245 0.9361
vn -0.1360 0.3253 0.9358
vn -0.0890 0.0576 0.9944
vn -0.1695 0.0220 0.9853
vn -0.1951 -0.0062 0.9808
vn -0.2386 -0.0327 0.9706
vn -0.1471 0.4207 0.8952
vn -0.1692 0.6653 0.7272
vn -0.1691 0.6653 0.7272
vn -0.1020 0.1521 0.9831
vn -0.0847 0.1026 0.9911
vn -0.0836 0.0955 0.9919
vn -0.1554 0.5018 0.8509
vn -0.1691 0.6654 0.7271
vn -0.1555 0.5017 0.8509
vn -0.0591 0.0513 0.9969
vn -0.0669 0.0511 0.9964
vn -0.0679 0.0574 0.9960
vn -0.1262 0.2755 0.9530
vn -0.1356 0.3234 0.9365
vn -0.1649 0.6085 0.7763
vn -0.1691 0.6652 0.7272
vn 0.2162 -0.1147 0.9696
vn 0.2876 -0.0602 0.9559
vn 0.3329 -0.1818 0.9253
vn -0.1342 0.3124 0.9404
vn -0.1344 0.3135 0.9400
vn -0.0995 0.1330 0.9861
vn -0.0817 0.0812 0.9933
vn -0.0806 0.0740 0.9940
vn -0.0775 0.0528 0.9956
vn -0.0642 0.0322 0.9974
vn -0.0010 -0.0817 0.9967
vn -0.0124 -0.0957 0.9953
vn -0.1692 0.6653 0.7271
vn -0.0520 0.0601 0.9968
vn -0.0558 0.0547 0.9969
vn -0.0562 0.0572 0.9968
vn 0.0969 -0.0554 0.9938
vn 0.1780 -0.0157 0.9839
vn -0.1384 0.3450 0.9283
vn -0.1223 0.2446 0.9619
vn -0.2076 -0.0546 0.9767
vn -0.1349 0.3180 0.9385
vn -0.0502 0.0528 0.9973
vn -0.0554 0.0522 0.9971
vn -0.0549 0.0652 0.9964
vn -0.0571 0.0670 0.9961
vn -0.0985 0.1266 0.9871
vn -0.0797 0.0670 0.9946
vn -0.1011 0.1457 0.9841
vn -0.1203 0.2291 0.9659
vn -0.1208 0.2329 0.9650
vn -0.1336 0.3069 0.9423
vn -0.1333 0.3061 0.9426
vn -0.1384 0.3449 0.9284
vn -0.0576 0.0652 0.9962
vn -0.0578 0.0664 0.9961
vn -0.0613 0.0669 0.9959
vn -0.0967 0.1139 0.9888
vn -0.0786 0.0598 0.9951
vn 0.3005 -0.3075 0.9029
vn 0.0805 0.0486 0.9956
vn -0.0007 0.0633 0.9980
vn 0.1509 0.0276 0.9882
vn -0.1046 0.1711 0.9797
vn -0.0660 0.0448 0.9968
vn 0.0052 0.0310 0.9995
vn 0.0179 0.0530 0.9984
vn 0.0736 0.0096 0.9972
vn -0.0897 0.1384 0.9863
vn -0.0741 0.1018 0.9920
vn -0.1198 0.2252 0.9669
vn -0.1004 0.1394 0.9851
vn -0.0714 0.0827 0.9940
vn -0.0619 0.0709 0.9956
vn -0.0732 0.0954 0.9927
vn -0.0877 0.1241 0.9884
vn -0.0886 0.1312 0.9874
vn -0.0811 0.0616 0.9948
vn -0.1117 0.0450 0.9927
vn -0.1420 0.0370 0.9892
vn -0.1080 0.1966 0.9745
vn -0.0916 0.1526 0.9840
vn -0.1348 0.3169 0.9388
vn -0.1555 0.5017 0.8510
vn -0.1258 0.2717 0.9541
vn -0.1354 0.3223 0.9369
vn -0.1277 0.2781 0.9520
vn -0.0624 0.0748 0.9952
vn -0.0582 0.0682 0.9960
vn -0.0580 0.0676 0.9960
vn -0.0583 0.0667 0.9961
vn 0.0178 -0.0076 0.9998
vn -0.0339 0.0481 0.9983
vn -0.0635 0.0827 0.9946
vn -0.0629 0.0787 0.9949
vn -0.0652 0.0385 0.9971
vn -0.0579 0.0435 0.9974
vn -0.0575 0.0396 0.9976
vn 0.0154 -0.0483 0.9987
vn -0.1184 0.2135 0.9698
vn -0.0827 0.0883 0.9927
vn -0.0687 0.0637 0.9956
vn -0.0646 0.0906 0.9938
vn -0.0640 0.0866 0.9942
vn -0.0583 0.0650 0.9962
vn -0.1253 0.2678 0.9553
vn -0.1352 0.3212 0.9373
vn -0.0725 0.0633 0.9954
vn -0.0867 0.1169 0.9894
vn -0.0976 0.1203 0.9879
vn -0.1464 -0.1559 0.9769
vn -0.0838 -0.1346 0.9874
vn -0.0972 -0.1607 0.9822
vn -0.0571 0.0619 0.9964
vn -0.0570 0.0607 0.9965
vn -0.1089 0.2029 0.9731
vn -0.0926 0.1598 0.9828
vn -0.0580 0.0641 0.9963
vn -0.1244 0.2601 0.9575
vn -0.1188 0.2174 0.9688
vn -0.1337 0.3080 0.9420
vn -0.1228 0.2485 0.9608
vn -0.0585 0.0474 0.9972
vn -0.0566 0.0592 0.9966
vn 0.0891 -0.1253 0.9881
vn -0.0705 0.0764 0.9946
vn -0.0607 0.0630 0.9962
vn -0.1233 0.2524 0.9597
vn -0.1097 0.2092 0.9717
vn -0.0696 0.0700 0.9951
vn -0.1338 0.3091 0.9416
vn -0.1105 0.2155 0.9702
vn -0.0724 0.0891 0.9934
vn -0.0601 0.0591 0.9964
vn -0.0596 0.0552 0.9967
vn -0.1193 0.2213 0.9679
vn -0.0210 0.0681 0.9975
vn -0.0777 0.1273 0.9888
vn -0.0767 0.1209 0.9897
vn -0.1367 -0.0630 0.9886
vn -0.1830 -0.0981 0.9782
vn -0.0857 0.1098 0.9903
vn -0.0582 0.0640 0.9963
vn -0.0574 0.0293 0.9979
vn -0.0794 0.0426 0.9959
vn -0.2550 -0.0879 0.9629
vn -0.0620 -0.0543 0.9966
vn -0.0967 -0.0866 0.9915
vn -0.0768 -0.0477 0.9959
vn -0.2238 -0.1329 0.9655
vn -0.1227 -0.1258 0.9844
vn -0.1054 0.1775 0.9785
vn -0.0801 0.1316 0.9881
vn -0.0936 0.1669 0.9815
vn -0.0962 0.1716 0.9805
vn -0.1690 0.6652 0.7273
vn -0.0711 -0.0944 0.9930
vn -0.1170 0.2108 0.9705
vn -0.0943 0.1096 0.9895
vn -0.0651 0.0945 0.9934
vn -0.1004 -0.0288 0.9945
vn -0.0609 0.0635 0.9961
vn 0.0269 -0.2087 0.9776
vn -0.0665 0.0972 0.9930
vn -0.1129 0.2197 0.9690
vn -0.0631 0.0465 0.9969
vn -0.1072 0.0277 0.9939
vn -0.1249 0.2640 0.9564
vn 0.0842 -0.3573 0.9302
vn 0.1976 -0.4066 0.8920
vn 0.1355 -0.4438 0.8858
vn -0.1213 0.2368 0.9639
vn -0.0552 0.0264 0.9981
vn -0.0636 -0.0091 0.9979
vn -0.0566 -0.0141 0.9983
vn -0.1690 0.6653 0.7272
vn -0.9995 -0.0243 -0.0206
vn -0.9990 -0.0384 -0.0246
vn -0.9990 -0.0363 -0.0261
vn -0.9999 0.0010 -0.0112
vn -0.9983 0.0540 -0.0237
vn -0.9957 0.0725 -0.0569
vn -0.9935 0.1033 -0.0475
vn -0.9999 -0.0012 -0.0119
vn -0.9999 0.0007 -0.0113
vn -0.9999 0.0005 -0.0113
vn -0.9996 -0.0167 -0.0215
vn -0.9997 -0.0143 -0.0219
vn -0.9996 -0.0169 -0.0238
vn -0.9998 -0.0131 -0.0159
vn -0.9998 -0.0149 -0.0165
vn -0.9999 0.0009 -0.0112
vn -0.9996 -0.0178 -0.0203
vn -0.9998 -0.0090 -0.0154
vn -0.9998 -0.0111 -0.0155
vn -0.9999 0.0019 -0.0111
vn -0.9999 0.0044 -0.0115
vn -0.9999 0.0021 -0.0111
vn -0.9997 -0.0138 -0.0213
vn -0.9998 -0.0092 -0.0202
vn -0.9997 -0.0143 -0.0213
vn -0.9998 -0.0112 -0.0192
vn -0.9999 -0.0053 -0.0164
vn -0.9999 -0.0071 -0.0157
vn -0.9996 -0.0166 -0.0241
vn -0.9992 -0.0223 -0.0324
vn -0.9994 -0.0183 -0.0281
vn -0.9998 0.0017 -0.0174
vn -0.9999 0.0051 -0.0151
vn -0.9998 0.0003 -0.0177
vn -0.9997 -0.0126 -0.0206
vn -0.9998 -0.0077 -0.0185
vn -0.9997 -0.0134 -0.0206
vn -0.9999 0.0033 -0.0110
vn -0.9999 0.0089 -0.0108
vn -0.9999 0.0034 -0.0109
vn -0.9999 0.0003 -0.0112
vn -0.9999 0.0004 -0.0112
vn -0.9999 0.0002 -0.0113
vn -0.9999 0.0001 -0.0113
vn -0.9999 -0.0016 -0.0117
vn -0.9994 -0.0209 -0.0265
vn -0.9990 -0.0284 -0.0347
vn -0.9998 -0.0050 -0.0197
vn -0.9998 0.0043 -0.0172
vn -0.9998 -0.0058 -0.0199
vn -0.9999 0.0081 -0.0147
vn -0.9999 0.0080 -0.0127
vn -0.9999 0.0066 -0.0149
vn -0.9999 0.0012 -0.0112
vn -0.9999 0.0011 -0.0116
vn -0.9997 -0.0118 -0.0211
vn -0.9999 -0.0077 -0.0138
vn -0.9997 -0.0161 -0.0165
vn -0.9999 -0.0058 -0.0128
vn -0.9999 -0.0068 -0.0131
vn -0.9998 -0.0050 -0.0181
vn -0.9999 -0.0022 -0.0158
vn -0.9998 -0.0064 -0.0183
vn -0.9999 0.0023 -0.0111
vn -0.9998 -0.0067 -0.0198
vn -0.9998 -0.0075 -0.0200
vn -0.9999 -0.0019 -0.0116
vn -0.9996 0.0046 -0.0261
vn -0.9996 0.0261 -0.0114
vn -0.9999 0.0062 -0.0109
vn -0.9999 0.0057 -0.0109
vn -0.9999 0.0014 -0.0112
vn -0.9997 -0.0109 -0.0203
vn -0.9997 -0.0147 -0.0214
vn -0.9997 -0.0101 -0.0203
vn -0.9999 0.0028 -0.0110
vn -0.9930 0.0396 -0.1112
vn -0.9985 0.0140 -0.0524
vn -0.9851 0.0669 -0.1587
vn -0.9998 -0.0024 -0.0179
vn -0.9999 0.0007 -0.0156
vn -0.9998 -0.0037 -0.0181
vn -0.9925 0.0680 -0.1015
vn -0.9793 0.1033 -0.1741
vn -0.9999 0.0031 -0.0131
vn -0.9999 0.0017 -0.0135
vn -0.9998 0.0077 -0.0205
vn -0.9977 0.0405 -0.0539
vn -0.9975 0.0256 -0.0663
vn -0.9977 0.0664 -0.0158
vn -0.9996 0.0281 -0.0103
vn -0.9999 0.0079 -0.0144
vn -0.9994 0.0207 -0.0267
vn -0.9998 -0.0010 -0.0177
vn -0.9998 -0.0084 -0.0201
vn -0.9997 -0.0143 -0.0198
vn -0.9773 0.2061 -0.0495
vn -0.9908 0.1343 -0.0152
vn -0.9917 0.1258 -0.0275
vn -0.9999 0.0022 -0.0153
vn -0.9999 0.0028 -0.0132
vn -0.9999 0.0084 -0.0112
vn -0.9999 0.0030 -0.0110
vn -0.9999 0.0076 -0.0113
vn -0.9999 0.0067 -0.0129
vn -0.9999 0.0052 -0.0114
vn -0.9999 0.0028 -0.0117
vn -0.9999 0.0020 -0.0118
vn -0.9476 0.3080 -0.0845
vn -0.9179 0.3299 -0.2206
vn -0.9168 0.3806 -0.1210
vn -0.9998 0.0120 -0.0139
vn -0.9999 0.0119 -0.0123
vn -0.9998 0.0111 -0.0145
vn -0.9998 -0.0091 -0.0191
vn -0.9996 -0.0213 -0.0206
vn -0.9999 -0.0022 -0.0117
vn -0.9999 -0.0026 -0.0121
vn -0.9999 -0.0008 -0.0157
vn -0.9999 0.0002 -0.0136
vn -0.9999 0.0012 -0.0119
vn -0.9999 0.0021 -0.0113
vn -0.9999 0.0033 -0.0113
vn -0.9999 -0.0030 -0.0121
vn -0.9996 -0.0158 -0.0215
vn -0.9997 -0.0118 -0.0205
vn -0.9565 0.1538 -0.2481
vn -0.9999 0.0037 -0.0152
vn -0.9991 -0.0319 -0.0277
vn -0.9998 0.0029 -0.0180
vn -0.9992 0.0150 -0.0371
vn -0.9992 0.0070 -0.0387
vn -0.9544 0.2548 -0.1557
vn -0.9993 -0.0263 -0.0278
vn -0.9988 -0.0354 -0.0342
vn -0.9999 -0.0024 -0.0139
vn -0.9999 -0.0037 -0.0160
vn -0.9999 -0.0011 -0.0136
vn -0.9999 0.0004 -0.0120
vn -0.9999 0.0003 -0.0113
vn -0.9999 -0.0048 -0.0129
vn -0.9999 0.0015 -0.0135
vn -0.9868 0.1202 -0.1083
vn -0.9813 0.1701 -0.0900
vn -0.9998 0.0057 -0.0170
vn -0.9998 0.0096 -0.0146
vn -0.9996 -0.0162 -0.0214
vn -0.9999 0.0041 -0.0131
vn -0.9999 -0.0038 -0.0132
vn -0.9999 -0.0004 -0.0121
vn -0.9989 0.0376 -0.0276
vn -0.9655 0.1809 -0.1871
vn -0.9997 -0.0123 -0.0211
vn -0.9999 0.0094 -0.0125
vn -0.9998 0.0066 -0.0165
vn -0.9999 0.0060 -0.0113
vn -0.9986 -0.0448 -0.0278
vn -0.9987 -0.0418 -0.0306
vn -0.9998 0.0030 -0.0173
vn -0.9754 0.2193 -0.0242
vn -0.9999 0.0046 -0.0111
vn -0.9995 -0.0259 -0.0201
vn -0.9441 0.3273 -0.0396
vn -0.9167 0.3950 -0.0609
vn -0.9999 0.0054 -0.0130
vn -0.9999 0.0036 -0.0116
vn -0.9974 0.0711 -0.0111
vn -0.9999 0.0068 -0.0113
vn -0.9997 -0.0115 -0.0208
vn -0.9998 -0.0044 -0.0193
vn -0.9999 0.0016 -0.0112
vn -0.9999 0.0106 -0.0125
vn -0.9998 0.0143 -0.0145
vn -0.9997 -0.0133 -0.0212
vn -0.9997 0.0209 -0.0134
vn -0.9998 0.0128 -0.0117
vn -0.9999 0.0025 -0.0111
vn -0.9997 -0.0128 -0.0211
vn -0.9318 0.2477 -0.2652
vn -0.9999 -0.0085 -0.0139
vn -0.9997 -0.0153 -0.0214
vn 0.0821 -0.5287 0.8448
vn -0.1651 0.6085 0.7762
vt 0.111100 0.722200
vt 0.166700 0.777800
vt 0.111100 0.777800
vt 1.000000 0.222200
vt 0.944400 0.166700
vt 1.000000 0.166700
vt 0.333300 0.222200
vt 0.277800 0.166700
vt 0.333300 0.166700
vt 0.444400 0.777800
vt 0.500000 0.722200
vt 0.500000 0.777800
vt 0.055600 0.611100
vt 0.111100 0.555600
vt 0.111100 0.611100
vt 0.666700 0.833300
vt 0.722200 0.777800
vt 0.722200 0.833300
vt 1.000000 0.111100
vt 0.944400 0.055600
vt 1.000000 0.055600
vt 0.444400 0.333300
vt 0.500000 0.277800
vt 0.500000 0.333300
vt 0.555600 0.888900
vt 0.611100 0.833300
vt 0.611100 0.888900
vt 0.833300 0.666700
vt 0.777800 0.722200
vt 0.777800 0.666700
vt -0.000000 0.555600
vt -0.000000 0.611100
vt -0.000000 0.222200
vt 0.055600 0.166700
vt 0.055600 0.222200
vt 0.222200 0.111100
vt 0.277800 0.055600
vt 0.277800 0.111100
vt 0.500000 0.666700
vt 0.444400 0.722200
vt 0.444400 0.666700
vt 0.777800 0.555600
vt 0.833300 0.500000
vt 0.833300 0.555600
vt 0.500000 1.000000
vt 0.555600 0.944400
vt 0.555600 1.000000
vt 0.666700 0.444400
vt 0.722200 0.388900
vt 0.722200 0.444400
vt 0.666700 0.111100
vt 0.722200 0.055600
vt 0.722200 0.111100
vt 0.444400 0.444400
vt 0.500000 0.388900
vt 0.500000 0.444400
vt 0.722200 0.277800
vt 0.666700 0.333300
vt 0.666700 0.277800
vt 0.777800 0.888900
vt 0.833300 0.833300
vt 0.833300 0.888900
vt 0.611100 0.055600
vt 0.666700 0.000000
vt 0.666700 0.055600
vt 0.555600 0.833300
vt 0.500000 0.833300
vt 0.666700 0.222200
vt 0.611100 0.166700
vt 0.666700 0.166700
vt 0.333300 0.888900
vt 0.388900 0.833300
vt 0.388900 0.888900
vt 0.055600 0.888900
vt 0.111100 0.944400
vt 0.055600 0.944400
vt 0.833300 0.777800
vt 0.888900 0.722200
vt 0.888900 0.777800
vt 0.666700 0.777800
vt 0.611100 0.777800
vt 0.277800 0.833300
vt 0.333300 0.833300
vt -0.000000 0.722200
vt 0.055600 0.777800
vt -0.000000 0.777800
vt 0.222200 0.277800
vt 0.277800 0.333300
vt 0.222200 0.333300
vt 0.277800 0.777800
vt 0.333300 0.777800
vt 0.444400 0.833300
vt 0.055600 0.500000
vt 0.055600 0.555600
vt 0.722200 0.166700
vt 0.722200 0.222200
vt 0.166700 0.166700
vt 0.222200 0.166700
vt 0.055600 0.722200
vt -0.000000 0.666700
vt 0.055600 0.666700
vt 0.944400 0.333300
vt 1.000000 0.277800
vt 1.000000 0.333300
vt 0.611100 1.000000
vt 0.666700 0.944400
vt 0.666700 1.000000
vt 0.722200 1.000000
vt 0.777800 0.944400
vt 0.777800 1.000000
vt 0.500000 0.111100
vt 0.555600 0.166700
vt 0.500000 0.166700
vt 0.722200 0.000000
vt 0.388900 0.444400
vt 0.444400 0.500000
vt 0.388900 0.500000
vt 0.111100 0.055600
vt 0.166700 0.111100
vt 0.111100 0.111100
vt 0.555600 0.000000
vt 0.500000 0.055600
vt 0.500000 0.000000
vt 0.333300 0.055600
vt 0.388900 0.111100
vt 0.333300 0.111100
vt 0.333300 0.555600
vt 0.277800 0.611100
vt 0.277800 0.555600
vt 0.944400 0.388900
vt 0.888900 0.333300
vt 0.388900 0.333300
vt 0.333300 0.277800
vt 0.388900 0.277800
vt 0.166700 0.944400
vt 0.222200 1.000000
vt 0.166700 1.000000
vt 0.277800 0.000000
vt 0.777800 0.222200
vt 0.444400 0.166700
vt 1.000000 0.000000
vt 0.944400 0.000000
vt 0.388900 0.166700
vt 0.444400 0.222200
vt 0.388900 0.222200
vt 0.888900 0.055600
vt 0.833300 0.000000
vt 0.888900 0.000000
vt 0.222200 0.500000
vt 0.277800 0.444400
vt 0.277800 0.500000
vt 0.444400 0.055600
vt 0.444400 0.111100
vt 0.388900 0.722200
vt 0.388900 0.777800
vt 0.111100 0.500000
vt 0.055600 0.833300
vt -0.000000 0.833300
vt 0.388900 0.055600
vt 0.333300 0.000000
vt 0.388900 0.000000
vt 0.222200 0.722200
vt 0.166700 0.666700
vt 0.222200 0.666700
vt 0.500000 0.888900
vt 0.166700 0.888900
vt 0.222200 0.944400
vt 0.111100 0.222200
vt 0.166700 0.277800
vt 0.111100 0.277800
vt 0.500000 0.222200
vt 0.444400 0.388900
vt 0.444400 0.000000
vt 0.777800 0.277800
vt 0.500000 0.944400
vt 0.833300 0.944400
vt 0.611100 0.277800
vt 0.611100 0.333300
vt 0.166700 0.722200
vt 0.111100 0.666700
vt 0.277800 0.722200
vt 0.333300 0.722200
vt 0.166700 0.500000
vt 0.222200 0.444400
vt 0.333300 0.444400
vt 0.277800 0.388900
vt 0.333300 0.388900
vt 0.055600 0.333300
vt -0.000000 0.277800
vt 0.055600 0.277800
vt 1.000000 0.388900
vt 0.611100 0.722200
vt 0.555600 0.666700
vt 0.611100 0.666700
vt 0.555600 0.611100
vt 0.111100 0.444400
vt 0.111100 1.000000
vt 0.111100 0.166700
vt 0.777800 0.166700
vt 0.277800 0.944400
vt 0.333300 1.000000
vt 0.277800 1.000000
vt 0.555600 0.444400
vt 0.222200 0.555600
vt 0.833300 0.111100
vt 0.888900 0.166700
vt 0.833300 0.166700
vt 0.222200 0.833300
vt 0.277800 0.888900
vt 0.222200 0.888900
vt 0.722200 0.555600
vt 0.777800 0.500000
vt 0.222200 0.388900
vt 0.611100 0.555600
vt 0.611100 0.611100
vt 0.666700 0.555600
vt 0.611100 0.500000
vt 0.666700 0.500000
vt 0.722200 0.888900
vt 0.722200 0.944400
vt 0.777800 0.444400
vt 0.222200 0.222200
vt 0.166700 0.222200
vt 0.888900 0.277800
vt 0.444400 1.000000
vt 0.555600 0.111100
vt 0.611100 0.111100
vt 0.555600 0.277800
vt 0.555600 0.333300
vt 0.777800 0.111100
vt 0.833300 0.055600
vt 0.222200 0.055600
vt 0.166700 0.000000
vt 0.222200 0.000000
vt 0.833300 0.388900
vt 0.833300 0.333300
vt 0.722200 0.666700
vt 0.666700 0.611100
vt 0.722200 0.611100
vt 0.055600 0.000000
vt 0.111100 0.000000
vt 0.611100 0.388900
vt 0.666700 0.388900
vt 0.666700 0.722200
vt 0.166700 0.833300
vt 0.444400 0.277800
vt 0.222200 0.777800
vt 0.777800 0.611100
vt 0.166700 0.555600
vt 0.222200 0.611100
vt 0.166700 0.611100
vt 0.111100 0.833300
vt 0.611100 0.222200
vt 0.555600 0.222200
vt -0.000000 0.111100
vt 0.055600 0.055600
vt 0.055600 0.111100
vt 0.055600 0.388900
vt -0.000000 0.333300
vt 0.333300 0.500000
vt 0.388900 0.555600
vt 0.833300 0.611100
vt 0.888900 0.555600
vt 0.888900 0.611100
vt 0.888900 0.222200
vt 0.833300 0.222200
vt 0.888900 0.666700
vt 0.777800 0.388900
vt 0.777800 0.333300
vt 0.833300 0.277800
vt 0.666700 0.888900
vt 0.555600 0.500000
vt 0.388900 0.611100
vt 0.333300 0.666700
vt 0.333300 0.611100
vt 0.944400 1.000000
vt 1.000000 0.944400
vt 1.000000 1.000000
vt 0.333300 0.333300
vt 0.888900 0.444400
vt 0.888900 0.500000
vt 0.555600 0.722200
vt 0.555600 0.777800
vt 0.944400 0.611100
vt 0.944400 0.666700
vt 0.111100 0.333300
vt 0.555600 0.388900
vt 0.277800 0.666700
vt 0.111100 0.888900
vt 0.500000 0.555600
vt 0.500000 0.611100
vt 0.611100 0.444400
vt 0.277800 0.222200
vt -0.000000 0.166700
vt 0.833300 0.444400
vt 0.888900 0.388900
vt 0.555600 0.055600
vt 0.444400 0.555600
vt 0.666700 0.666700
vt 0.166700 0.333300
vt 0.944400 0.722200
vt 1.000000 0.666700
vt 1.000000 0.722200
vt 0.944400 0.222200
vt 0.944400 0.277800
vt 0.944400 0.444400
vt 0.444400 0.611100
vt 0.166700 0.444400
vt 0.777800 0.055600
vt 0.388900 0.666700
vt 0.722200 0.333300
vt 0.277800 0.277800
vt 0.388900 0.944400
vt 0.333300 0.944400
vt 0.944400 0.555600
vt 0.888900 0.888900
vt 0.888900 0.944400
vt 0.388900 0.388900
vt 0.500000 0.500000
vt 0.777800 0.777800
vt 0.833300 1.000000
vt 1.000000 0.833300
vt 0.944400 0.888900
vt 0.944400 0.833300
vt 0.888900 1.000000
vt 0.944400 0.944400
vt 0.444400 0.944400
vt 0.388900 1.000000
vt 0.555600 0.555600
vt 1.000000 0.555600
vt 0.944400 0.500000
vt 1.000000 0.500000
vt 0.444400 0.888900
vt 0.777800 0.000000
vt 1.000000 0.888900
vt 0.722200 0.500000
vt -0.000000 0.388900
vt 0.055600 0.444400
vt -0.000000 0.444400
vt 1.000000 0.611100
vt 0.611100 0.000000
vt 0.888900 0.833300
vt 0.611100 0.944400
vt 0.166700 0.388900
vt 0.722200 0.722200
vt -0.000000 0.888900
vt 0.111100 0.388900
vt 1.000000 0.444400
vt 0.833300 0.722200
vt 0.777800 0.833300
vt 0.055600 1.000000
vt -0.000000 0.944400
vt -0.000000 0.500000
vt 0.944400 0.111100
vt 0.944400 0.777800
vt 0.166700 0.055600
vt 0.888900 0.111100
vt -0.000000 0.055600
vt -0.000000 0.000000
vt 1.000000 0.777800
vt 0.111100 0.722200
vt 0.166700 0.777800
vt 0.111100 0.777800
vt 1.000000 0.166700
vt 0.944400 0.222200
vt 0.944400 0.166700
vt 0.333300 0.222200
vt 0.277800 0.166700
vt 0.333300 0.166700
vt 0.444400 0.722200
vt 0.500000 0.777800
vt 0.444400 0.777800
vt 0.055600 0.555600
vt 0.111100 0.611100
vt 0.055600 0.611100
vt 0.666700 0.833300
vt 0.722200 0.777800
vt 0.722200 0.833300
vt 1.000000 0.111100
vt 0.944400 0.055600
vt 1.000000 0.055600
vt 0.444400 0.277800
vt 0.500000 0.333300
vt 0.444400 0.333300
vt 0.555600 0.833300
vt 0.611100 0.888900
vt 0.555600 0.888900
vt 0.833300 0.666700
vt 0.777800 0.722200
vt 0.777800 0.666700
vt 0.000000 0.555600
vt 0.000000 0.611100
vt 0.000000 0.166700
vt 0.055600 0.222200
vt 0.000000 0.222200
vt 0.222200 0.055600
vt 0.277800 0.111100
vt 0.222200 0.111100
vt 0.500000 0.666700
vt 0.444400 0.666700
vt 0.777800 0.500000
vt 0.833300 0.555600
vt 0.777800 0.555600
vt 0.500000 1.000000
vt 0.555600 0.944400
vt 0.555600 1.000000
vt 0.666700 0.388900
vt 0.722200 0.444400
vt 0.666700 0.444400
vt 0.666700 0.111100
vt 0.722200 0.055600
vt 0.722200 0.111100
vt 0.444400 0.388900
vt 0.500000 0.444400
vt 0.444400 0.444400
vt 1.000000 0.000000
vt 0.777800 0.888900
vt 0.833300 0.833300
vt 0.833300 0.888900
vt 0.666700 0.333300
vt 0.722200 0.277800
vt 0.722200 0.333300
vt 0.500000 0.833300
vt 0.666700 0.222200
vt 0.611100 0.166700
vt 0.666700 0.166700
vt 0.333300 0.833300
vt 0.388900 0.888900
vt 0.333300 0.888900
vt 0.055600 0.888900
vt 0.111100 0.944400
vt 0.055600 0.944400
vt 0.833300 0.777800
vt 0.888900 0.722200
vt 0.888900 0.777800
vt 0.611100 0.777800
vt 0.666700 0.777800
vt 0.277800 0.833300
vt 0.000000 0.722200
vt 0.055600 0.777800
vt 0.000000 0.777800
vt 0.222200 0.277800
vt 0.277800 0.333300
vt 0.222200 0.333300
vt 0.277800 0.777800
vt 0.333300 0.777800
vt 0.388900 0.833300
vt 0.444400 0.833300
vt 0.000000 0.500000
vt 0.722200 0.222200
vt 0.166700 0.111100
vt 0.222200 0.166700
vt 0.166700 0.166700
vt 0.055600 0.722200
vt 0.000000 0.666700
vt 0.055600 0.666700
vt 0.944400 0.333300
vt 1.000000 0.277800
vt 1.000000 0.333300
vt 0.611100 0.944400
vt 0.666700 1.000000
vt 0.611100 1.000000
vt 0.722200 1.000000
vt 0.777800 0.944400
vt 0.777800 1.000000
vt 0.500000 0.111100
vt 0.555600 0.166700
vt 0.500000 0.166700
vt 0.666700 0.000000
vt 0.722200 0.000000
vt 0.388900 0.444400
vt 0.444400 0.500000
vt 0.388900 0.500000
vt 0.111100 0.111100
vt 0.166700 0.055600
vt 0.555600 0.000000
vt 0.500000 0.055600
vt 0.500000 0.000000
vt 0.333300 0.111100
vt 0.388900 0.055600
vt 0.388900 0.111100
vt 0.333300 0.611100
vt 0.277800 0.555600
vt 0.333300 0.555600
vt 0.944400 0.388900
vt 0.888900 0.333300
vt 0.611100 0.055600
vt 0.611100 0.000000
vt 0.166700 0.944400
vt 0.222200 1.000000
vt 0.166700 1.000000
vt 0.333300 0.333300
vt 0.388900 0.277800
vt 0.388900 0.333300
vt 0.722200 0.166700
vt 0.777800 0.222200
vt 0.444400 0.166700
vt 0.388900 0.222200
vt 0.444400 0.222200
vt 0.888900 0.055600
vt 0.833300 0.000000
vt 0.888900 0.000000
vt 0.222200 0.444400
vt 0.277800 0.500000
vt 0.222200 0.500000
vt 0.444400 0.111100
vt 0.388900 0.777800
vt 0.055600 0.500000
vt 0.111100 0.555600
vt 0.055600 0.833300
vt 0.000000 0.833300
vt 0.388900 0.000000
vt 0.333300 0.055600
vt 0.333300 0.000000
vt 0.222200 0.722200
vt 0.166700 0.666700
vt 0.222200 0.666700
vt 0.500000 0.888900
vt 0.166700 0.888900
vt 0.222200 0.944400
vt 0.111100 0.222200
vt 0.166700 0.277800
vt 0.111100 0.277800
vt 0.500000 0.222200
vt 0.500000 0.388900
vt 0.444400 0.055600
vt 0.444400 0.000000
vt 0.777800 0.277800
vt 0.500000 0.944400
vt 0.833300 0.944400
vt 0.611100 0.277800
vt 0.611100 0.333300
vt 0.166700 0.722200
vt 0.111100 0.666700
vt 0.277800 0.722200
vt 0.333300 0.722200
vt 0.166700 0.444400
vt 0.166700 0.500000
vt 0.333300 0.444400
vt 0.277800 0.388900
vt 0.333300 0.388900
vt 0.277800 0.000000
vt 0.000000 0.277800
vt 0.055600 0.333300
vt 0.000000 0.333300
vt 0.055600 0.277800
vt 0.611100 0.722200
vt 0.555600 0.666700
vt 0.611100 0.666700
vt 0.555600 0.611100
vt 0.055600 0.444400
vt 0.111100 0.500000
vt 0.111100 1.000000
vt 0.111100 0.166700
vt 0.777800 0.166700
vt 0.277800 0.944400
vt 0.333300 1.000000
vt 0.277800 1.000000
vt 0.555600 0.444400
vt 0.222200 0.555600
vt 0.833300 0.166700
vt 0.888900 0.111100
vt 0.888900 0.166700
vt 0.222200 0.833300
vt 0.277800 0.888900
vt 0.222200 0.888900
vt 0.722200 0.500000
vt 0.722200 0.555600
vt 0.222200 0.388900
vt 0.277800 0.444400
vt 0.555600 0.555600
vt 0.611100 0.611100
vt 0.666700 0.555600
vt 0.611100 0.500000
vt 0.666700 0.500000
vt 0.666700 0.944400
vt 0.722200 0.888900
vt 0.722200 0.944400
vt 0.777800 0.444400
vt 0.833300 0.500000
vt 0.222200 0.222200
vt 0.166700 0.222200
vt 0.944400 0.277800
vt 0.444400 1.000000
vt 0.555600 0.111100
vt 0.611100 0.111100
vt 0.555600 0.277800
vt 0.555600 0.333300
vt 0.777800 0.055600
vt 0.833300 0.111100
vt 0.777800 0.111100
vt 0.222200 0.000000
vt 0.166700 0.000000
vt 0.888900 0.388900
vt 0.833300 0.333300
vt 1.000000 0.388900
vt 0.111100 0.000000
vt 0.055600 0.055600
vt 0.055600 0.000000
vt 0.666700 0.611100
vt 0.722200 0.666700
vt 0.666700 0.666700
vt 0.666700 0.722200
vt 0.166700 0.833300
vt 0.222200 0.777800
vt 0.777800 0.611100
vt 0.722200 0.611100
vt 0.166700 0.555600
vt 0.222200 0.611100
vt 0.166700 0.611100
vt 0.111100 0.833300
vt 0.555600 0.222200
vt 0.611100 0.222200
vt 0.000000 0.111100
vt 0.055600 0.111100
vt 0.055600 0.388900
vt 0.333300 0.500000
vt 0.388900 0.555600
vt 0.888900 0.611100
vt 0.833300 0.611100
vt 0.833300 0.222200
vt 0.888900 0.222200
vt 0.888900 0.666700
vt 0.388900 0.722200
vt 0.833300 0.388900
vt 0.777800 0.333300
vt 0.833300 0.277800
vt 0.888900 0.277800
vt 0.666700 0.888900
vt 0.555600 0.500000
vt 0.111100 0.444400
vt 0.944400 1.000000
vt 1.000000 0.944400
vt 1.000000 1.000000
vt 0.388900 0.666700
vt 0.333300 0.666700
vt 0.833300 0.444400
vt 0.888900 0.500000
vt 0.555600 0.722200
vt 0.555600 0.777800
vt 0.944400 0.666700
vt 0.722200 0.388900
vt 0.111100 0.388900
vt 0.111100 0.333300
vt 0.333300 0.277800
vt 0.555600 0.388900
vt 0.277800 0.611100
vt 0.277800 0.666700
vt 0.666700 0.055600
vt 0.111100 0.888900
vt 0.500000 0.555600
vt 0.500000 0.611100
vt 0.611100 0.388900
vt 0.277800 0.222200
vt 0.055600 0.166700
vt 0.277800 0.055600
vt 0.888900 0.444400
vt 0.555600 0.055600
vt 0.444400 0.555600
vt 0.388900 0.166700
vt 0.166700 0.333300
vt 0.500000 0.277800
vt 0.944400 0.444400
vt 0.611100 0.555600
vt 0.444400 0.611100
vt 0.388900 0.611100
vt 0.166700 0.388900
vt 0.277800 0.277800
vt 0.333300 0.944400
vt 0.388900 0.944400
vt 0.944400 0.555600
vt 0.888900 0.555600
vt 0.888900 0.888900
vt 0.888900 0.944400
vt 0.500000 0.500000
vt 1.000000 0.666700
vt 0.944400 0.722200
vt 0.777800 0.777800
vt 0.833300 1.000000
vt 1.000000 0.833300
vt 0.944400 0.888900
vt 0.944400 0.833300
vt 0.888900 1.000000
vt 0.944400 0.944400
vt 0.444400 0.888900
vt 0.444400 0.944400
vt 0.388900 1.000000
vt 0.611100 0.444400
vt 1.000000 0.555600
vt 0.944400 0.500000
vt 1.000000 0.500000
vt 0.777800 0.000000
vt 1.000000 0.888900
vt 0.000000 0.388900
vt 0.000000 0.444400
vt 0.944400 0.611100
vt 0.888900 0.833300
vt 0.722200 0.722200
vt 0.944400 0.000000
vt 0.000000 0.888900
vt 1.000000 0.611100
vt 0.611100 0.833300
vt 1.000000 0.444400
vt 0.833300 0.722200
vt 0.777800 0.833300
vt 0.777800 0.388900
vt 0.000000 0.944400
vt 0.055600 1.000000
vt 0.000000 1.000000
vt 0.388900 0.388900
vt 0.500000 0.722200
vt 1.000000 0.722200
vt 0.944400 0.777800
vt 1.000000 0.777800
vt 0.000000 0.000000
vt 0.666700 0.277800
vt 1.000000 0.222200
vt 0.944400 0.111100
vt 0.111100 0.055600
vt 0.833300 0.055600
vt 0.000000 0.055600
vt -0.000000 1.000000
s 1
f 334/1/1 332/2/2 335/3/3
f 43/4/4 20/5/5 47/6/5
f 91/7/4 111/8/5 90/9/5
f 299/10/6 295/11/6 296/12/6
f 235/13/6 229/14/6 234/15/6
f 286/16/7 260/17/8 261/18/9
f 49/19/10 1/20/11 35/21/12
f 81/22/13 75/23/14 80/24/13
f 304/25/6 305/26/6 310/27/6
f 160/28/15 256/29/16 161/30/17
f 247/31/6 235/13/6 244/32/6
f 133/33/4 109/34/5 114/35/4
f 95/36/10 92/37/11 97/38/18
f 202/39/6 298/40/6 203/41/6
f 151/42/6 141/43/6 150/44/6
f 316/45/6 309/46/6 314/47/6
f 165/48/6 145/49/6 146/50/6
f 37/51/10 16/52/11 17/53/10
f 185/54/6 181/55/6 182/56/6
f 28/57/14 40/58/13 41/59/14
f 265/60/19 255/61/20 264/62/21
f 50/63/11 39/64/22 36/65/11
f 296/12/6 293/66/6 297/67/6
f 48/68/4 69/69/5 46/70/5
f 325/71/23 303/72/6 308/73/6
f 344/74/24 348/75/25 349/76/26
f 254/77/27 249/78/28 250/79/29
f 279/80/30 305/26/6 294/81/6
f 325/71/23 341/82/31 324/83/32
f 355/84/33 338/85/34 356/86/35
f 115/87/14 131/88/13 120/89/13
f 324/83/32 330/90/36 320/91/37
f 303/72/6 299/10/6 300/92/6
f 247/31/6 225/93/6 230/94/6
f 48/68/4 18/95/5 23/96/4
f 101/97/5 95/36/10 96/98/5
f 337/99/38 243/100/39 240/101/40
f 44/102/13 42/103/14 45/104/13
f 323/105/6 281/106/41 280/107/42
f 276/108/43 270/109/44 275/110/45
f 58/111/10 54/112/5 59/113/5
f 16/52/11 39/64/22 38/114/46
f 188/115/6 186/116/6 189/117/6
f 103/118/11 100/119/10 104/120/10
f 56/121/46 57/122/11 60/123/46
f 83/124/47 66/125/10 84/126/10
f 211/127/6 237/128/6 232/129/6
f 84/126/10 111/8/5 97/38/18
f 134/130/6 29/131/13 44/102/13
f 82/132/13 88/133/14 77/134/14
f 347/135/48 350/136/49 352/137/50
f 93/138/46 83/124/47 92/37/11
f 18/95/5 22/139/4 23/96/4
f 63/140/5 58/111/10 59/113/5
f 34/141/46 1/20/11 2/142/22
f 67/143/5 71/144/4 72/145/4
f 3/146/11 11/147/51 7/148/52
f 215/149/6 216/150/6 227/151/6
f 61/152/11 58/111/10 62/153/10
f 301/154/6 299/10/6 302/155/6
f 230/94/6 222/156/6 229/14/6
f 356/86/35 339/157/53 360/158/54
f 65/159/11 86/160/51 85/161/52
f 327/162/55 238/163/56 236/164/57
f 297/67/6 304/25/6 306/165/6
f 342/166/58 345/167/59 347/135/48
f 113/168/4 117/169/14 118/170/14
f 71/144/4 59/113/5 70/171/4
f 80/24/13 184/172/6 81/22/13
f 57/122/11 64/173/22 60/123/46
f 28/57/14 22/139/4 27/174/14
f 306/165/6 309/46/6 311/175/6
f 270/109/44 264/62/21 269/176/60
f 79/177/14 40/58/13 89/178/13
f 331/179/61 239/180/62 238/163/56
f 320/91/37 326/181/63 319/182/64
f 219/183/6 214/184/6 215/149/6
f 64/173/22 65/159/11 85/161/52
f 206/185/6 212/186/6 205/187/6
f 124/188/13 130/189/14 119/190/14
f 90/9/5 72/145/4 91/7/4
f 134/130/6 45/104/13 163/191/6
f 119/190/14 113/168/4 118/170/14
f 290/192/6 200/193/6 209/194/6
f 195/195/6 209/194/6 200/193/6
f 225/93/6 221/196/6 222/156/6
f 348/75/25 352/137/50 353/197/65
f 105/198/5 100/119/10 101/97/5
f 17/53/10 14/199/5 18/95/5
f 351/200/66 321/201/67 359/202/68
f 181/55/6 178/203/6 182/56/6
f 215/149/6 232/129/6 226/204/6
f 9/205/10 5/206/5 10/207/5
f 329/208/69 346/209/70 340/210/71
f 152/211/6 144/212/6 151/42/6
f 213/213/6 216/150/6 214/184/6
f 195/195/6 196/214/6 201/215/6
f 174/216/6 191/217/6 172/218/6
f 281/106/41 266/219/72 271/220/73
f 143/221/6 141/43/6 144/212/6
f 117/169/14 110/222/4 115/87/14
f 105/198/5 112/223/4 113/168/4
f 24/224/14 44/102/13 29/131/13
f 317/225/6 311/175/6 316/45/6
f 53/226/10 50/63/11 55/227/10
f 73/228/14 89/178/13 78/229/13
f 13/230/10 8/231/11 9/205/10
f 94/232/11 102/233/46 98/234/46
f 29/131/13 139/235/6 31/236/13
f 162/237/74 167/238/6 157/239/6
f 103/118/11 127/240/52 106/241/52
f 176/242/6 40/58/13 164/243/6
f 278/244/75 294/81/6 290/192/6
f 77/134/14 81/22/13 82/132/13
f 333/245/76 340/210/71 342/166/58
f 332/2/2 329/208/69 333/245/76
f 77/134/14 71/144/4 76/246/14
f 328/247/77 341/82/31 329/208/69
f 152/211/6 156/248/6 157/239/6
f 228/249/6 231/250/6 233/251/6
f 331/179/61 328/247/77 332/2/2
f 337/99/38 335/3/3 338/85/34
f 338/85/34 336/252/78 339/157/53
f 54/112/5 74/253/4 68/254/4
f 126/255/10 107/256/47 108/257/18
f 223/258/6 129/259/13 124/188/13
f 210/260/6 194/261/6 211/127/6
f 155/262/6 148/263/6 153/264/6
f 46/70/5 55/227/10 37/51/10
f 10/207/5 19/265/4 21/266/4
f 155/262/6 158/267/79 160/28/15
f 320/91/37 301/154/6 302/155/6
f 31/236/13 142/268/6 32/269/13
f 21/266/4 24/224/14 26/270/14
f 281/106/41 310/27/6 288/271/80
f 234/15/6 228/249/6 233/251/6
f 95/36/10 111/8/5 96/98/5
f 178/203/6 191/217/6 179/272/6
f 221/196/6 219/183/6 222/156/6
f 199/273/6 207/274/6 208/275/6
f 284/276/81 282/277/82 285/278/83
f 212/186/6 87/279/13 205/187/6
f 141/43/6 136/280/6 137/281/6
f 68/254/4 79/177/14 73/228/14
f 296/12/6 291/282/6 292/283/6
f 158/267/79 159/284/6 170/285/84
f 145/49/6 143/221/6 146/50/6
f 156/248/6 150/44/6 155/262/6
f 123/286/13 223/258/6 124/188/13
f 91/7/4 77/134/14 88/133/14
f 177/287/6 80/24/13 78/229/13
f 237/128/6 207/274/6 245/288/85
f 36/65/11 55/227/10 50/63/11
f 336/252/78 342/166/58 343/289/86
f 340/210/71 351/200/66 345/167/59
f 192/290/6 195/195/6 197/291/6
f 164/243/6 180/292/6 176/242/6
f 335/3/3 333/245/76 336/252/78
f 96/98/5 116/293/4 110/222/4
f 126/255/10 109/34/5 132/294/5
f 84/126/10 92/37/11 83/124/47
f 140/295/6 135/296/6 136/280/6
f 58/111/10 52/297/11 53/226/10
f 194/261/6 186/116/6 193/298/6
f 219/183/6 226/204/6 228/249/6
f 84/126/10 67/143/5 90/9/5
f 209/194/6 167/238/6 166/299/6
f 118/170/14 122/300/13 123/286/13
f 326/181/63 236/164/57 245/288/85
f 244/32/6 240/101/40 243/100/39
f 70/171/4 73/228/14 75/23/14
f 248/301/87 171/302/88 277/303/89
f 24/224/14 25/304/4 30/305/14
f 136/280/6 134/130/6 138/306/6
f 22/139/4 26/270/14 27/174/14
f 14/199/5 9/205/10 10/207/5
f 174/216/6 201/215/6 196/214/6
f 235/13/6 239/180/62 240/101/40
f 167/238/6 152/211/6 157/239/6
f 199/273/6 193/298/6 198/307/6
f 88/133/14 116/293/4 91/7/4
f 75/23/14 78/229/13 80/24/13
f 19/265/4 20/5/5 25/304/4
f 218/308/6 213/213/6 214/184/6
f 17/53/10 12/309/11 13/230/10
f 298/40/6 204/310/6 203/41/6
f 145/49/6 40/58/13 33/311/13
f 93/138/46 94/232/11 98/234/46
f 110/222/4 121/312/14 115/87/14
f 325/71/23 313/313/6 322/314/90
f 345/167/59 359/202/68 350/136/49
f 172/218/6 152/211/6 174/216/6
f 170/285/84 249/78/28 158/267/79
f 238/163/56 231/250/6 236/164/57
f 137/281/6 154/315/6 148/263/6
f 269/176/60 262/316/91 267/317/92
f 206/185/6 187/318/6 188/115/6
f 183/319/6 178/203/6 179/272/6
f 141/43/6 148/263/6 150/44/6
f 271/220/73 280/107/42 281/106/41
f 162/237/74 156/248/6 161/30/17
f 209/194/6 278/244/75 290/192/6
f 260/17/8 256/29/16 257/320/93
f 275/110/45 269/176/60 274/321/94
f 112/223/4 96/98/5 110/222/4
f 131/88/13 213/213/6 120/89/13
f 287/322/95 268/323/96 263/324/97
f 272/325/98 273/326/99 284/276/81
f 308/73/6 312/327/6 313/313/6
f 211/127/6 199/273/6 208/275/6
f 313/313/6 317/225/6 318/328/6
f 204/310/6 198/307/6 203/41/6
f 274/321/94 267/317/92 272/325/98
f 292/283/6 290/192/6 294/81/6
f 190/329/6 191/217/6 196/214/6
f 288/271/80 261/18/9 266/219/72
f 65/159/11 62/153/10 66/125/10
f 172/218/6 180/292/6 165/48/6
f 54/112/5 55/227/10 69/69/5
f 32/269/13 26/270/14 31/236/13
f 169/330/6 149/331/6 173/332/6
f 108/257/18 103/118/11 104/120/10
f 308/73/6 300/92/6 307/333/6
f 8/231/11 15/334/22 11/147/51
f 283/335/100 273/326/99 268/323/96
f 172/218/6 146/50/6 147/336/6
f 241/337/6 224/338/6 242/339/6
f 109/34/5 113/168/4 114/35/4
f 170/285/84 168/340/6 171/302/88
f 313/313/6 321/201/67 322/314/90
f 307/333/6 297/67/6 306/165/6
f 245/288/85 319/182/64 326/181/63
f 50/63/11 56/121/46 51/341/52
f 299/10/6 297/67/6 300/92/6
f 255/61/20 250/79/29 251/342/101
f 102/233/46 103/118/11 106/241/52
f 309/46/6 310/27/6 315/343/6
f 221/196/6 217/344/6 218/308/6
f 262/316/91 263/324/97 268/323/96
f 161/30/17 259/345/102 162/237/74
f 2/142/22 3/146/11 7/148/52
f 301/154/6 207/274/6 204/310/6
f 360/158/54 344/74/24 361/346/103
f 168/340/6 154/315/6 169/330/6
f 122/300/13 220/347/6 123/286/13
f 186/116/6 182/56/6 183/319/6
f 288/271/80 305/26/6 286/16/7
f 222/156/6 228/249/6 229/14/6
f 173/332/6 138/306/6 175/348/6
f 334/1/1 240/101/40 239/180/62
f 158/267/79 253/349/104 160/28/15
f 76/246/14 70/171/4 75/23/14
f 266/219/72 258/350/105 265/60/19
f 279/80/30 259/345/102 260/17/8
f 89/178/13 177/287/6 78/229/13
f 210/260/6 232/129/6 227/151/6
f 267/317/92 268/323/96 273/326/99
f 292/283/6 305/26/6 293/66/6
f 261/18/9 257/320/93 258/350/105
f 354/351/106 358/352/107 349/76/26
f 142/268/6 33/311/13 32/269/13
f 26/270/14 29/131/13 31/236/13
f 246/353/6 224/338/6 225/93/6
f 122/300/13 115/87/14 120/89/13
f 82/132/13 205/187/6 87/279/13
f 81/22/13 187/318/6 82/132/13
f 258/350/105 254/77/27 255/61/20
f 200/193/6 295/11/6 202/39/6
f 206/185/6 227/151/6 216/150/6
f 147/336/6 143/221/6 144/212/6
f 177/287/6 180/292/6 178/203/6
f 339/157/53 343/289/86 344/74/24
f 6/354/10 3/146/11 1/20/11
f 49/19/10 20/5/5 6/354/10
f 5/206/5 6/354/10 20/5/5
f 251/342/101 252/355/108 263/324/97
f 223/258/6 221/196/6 224/338/6
f 343/289/86 347/135/48 348/75/25
f 186/116/6 192/290/6 193/298/6
f 41/59/14 74/253/4 48/68/4
f 203/41/6 197/291/6 202/39/6
f 226/204/6 237/128/6 231/250/6
f 14/199/5 21/266/4 22/139/4
f 264/62/21 251/342/101 262/316/91
f 43/4/4 30/305/14 25/304/4
f 133/33/4 119/190/14 130/189/14
f 37/51/10 18/95/5 46/70/5
f 28/57/14 32/269/13 33/311/13
f 324/83/32 302/155/6 303/72/6
f 192/290/6 179/272/6 190/329/6
f 15/334/22 16/52/11 38/114/46
f 70/171/4 54/112/5 68/254/4
f 131/88/13 88/133/14 87/279/13
f 193/298/6 197/291/6 198/307/6
f 206/185/6 189/117/6 210/260/6
f 119/190/14 123/286/13 124/188/13
f 175/348/6 134/130/6 163/191/6
f 99/356/11 95/36/10 100/119/10
f 41/59/14 23/96/4 28/57/14
f 9/205/10 3/146/11 4/357/10
f 312/327/6 306/165/6 311/175/6
f 156/248/6 160/28/15 161/30/17
f 322/314/90 346/209/70 325/71/23
f 314/47/6 315/343/6 323/105/6
f 327/162/55 330/90/36 328/247/77
f 239/180/62 233/251/6 238/163/56
f 142/268/6 140/295/6 143/221/6
f 137/281/6 138/306/6 149/331/6
f 250/79/29 248/301/87 252/355/108
f 202/39/6 195/195/6 200/193/6
f 271/220/73 265/60/19 270/109/44
f 257/320/93 253/349/104 254/77/27
f 127/240/52 125/358/11 128/359/46
f 162/237/74 278/244/75 166/299/6
f 349/76/26 353/197/65 354/351/106
f 187/318/6 185/54/6 188/115/6
f 277/303/89 252/355/108 248/301/87
f 289/360/109 263/324/97 252/355/108
f 66/125/10 63/140/5 67/143/5
f 236/164/57 237/128/6 245/288/85
f 361/346/103 349/76/26 358/352/107
f 153/264/6 154/315/6 159/284/6
f 109/34/5 104/120/10 105/198/5
f 213/213/6 122/300/13 120/89/13
f 695/361/110 693/362/111 696/363/112
f 408/364/113 386/365/114 381/366/115
f 452/367/116 472/368/115 451/369/117
f 659/370/118 657/371/118 660/372/118
f 591/373/119 595/374/120 596/375/121
f 647/376/122 621/377/123 622/378/124
f 410/379/125 362/380/126 396/381/127
f 437/382/128 441/383/129 442/384/130
f 654/385/118 671/386/118 665/387/118
f 521/388/131 617/389/132 522/390/133
f 608/391/134 596/375/121 605/392/135
f 493/393/117 475/394/114 494/395/136
f 455/396/137 458/397/138 456/398/125
f 563/399/139 659/370/118 564/400/140
f 505/401/141 511/402/142 512/403/143
f 677/404/118 670/405/118 675/406/118
f 525/407/144 507/408/145 526/409/146
f 398/410/125 377/411/147 378/412/148
f 545/413/149 543/414/150 546/415/151
f 362/380/126 395/416/152 396/381/127
f 626/417/153 616/418/154 625/419/155
f 401/420/156 389/421/157 394/422/158
f 657/371/118 654/385/118 658/423/118
f 409/424/159 430/425/115 407/426/115
f 685/427/160 669/428/118 686/429/161
f 705/430/162 709/431/163 710/432/164
f 615/433/165 610/434/166 611/435/167
f 647/376/122 655/436/168 640/437/169
f 686/429/161 702/438/170 685/427/160
f 716/439/171 699/440/172 717/441/173
f 476/442/174 492/443/175 481/444/176
f 685/427/160 691/445/177 681/446/178
f 664/447/118 660/372/118 661/448/118
f 607/449/179 591/373/119 608/391/134
f 407/426/115 384/450/136 409/424/159
f 461/451/148 457/452/115 462/453/117
f 698/454/180 604/455/181 601/456/182
f 405/457/183 403/458/128 406/459/184
f 676/460/168 641/461/185 684/462/168
f 637/463/186 631/464/187 636/465/188
f 419/466/148 415/467/189 420/468/189
f 377/411/147 400/469/190 399/470/191
f 549/471/192 547/472/193 550/473/194
f 465/474/195 460/475/147 461/451/148
f 417/476/196 418/477/137 421/478/190
f 445/479/125 426/480/147 427/481/197
f 569/482/198 593/483/199 572/484/200
f 445/479/125 472/368/115 458/397/138
f 495/485/201 390/486/202 405/457/183
f 400/469/190 411/487/203 412/488/204
f 708/489/205 711/490/206 713/491/207
f 448/492/208 438/493/157 443/494/209
f 379/495/189 383/496/116 384/450/136
f 424/497/115 419/466/148 420/468/189
f 433/498/114 424/497/115 432/499/116
f 364/500/137 372/501/191 368/502/191
f 575/503/210 588/504/211 576/505/212
f 423/506/195 418/477/137 419/466/148
f 663/507/118 659/370/118 660/372/118
f 586/508/213 590/509/214 591/373/119
f 717/441/173 700/510/215 721/511/216
f 446/512/191 444/513/147 447/514/217
f 688/515/218 599/516/219 597/517/220
f 667/518/168 654/385/118 665/387/118
f 703/519/221 706/520/222 708/489/205
f 474/521/116 478/522/223 479/523/128
f 424/497/115 431/524/136 432/499/116
f 542/525/224 442/384/130 441/383/129
f 421/478/190 422/526/137 425/527/152
f 389/421/157 383/496/116 388/528/223
f 667/518/168 670/405/118 672/529/118
f 631/464/187 625/419/155 630/530/225
f 440/531/223 401/420/156 450/532/226
f 692/533/227 600/534/228 599/516/219
f 681/446/178 687/535/229 680/536/230
f 579/537/231 576/505/212 580/538/232
f 422/526/137 446/512/191 425/527/152
f 567/539/233 573/540/234 566/541/235
f 444/513/147 454/542/191 447/514/217
f 451/369/117 433/498/114 452/367/116
f 491/543/174 485/544/236 490/545/237
f 480/546/238 474/521/116 479/523/128
f 651/547/168 561/548/239 570/549/240
f 556/550/241 570/549/240 561/548/239
f 585/551/242 583/552/243 586/508/213
f 709/431/163 713/491/207 714/553/244
f 466/554/115 461/451/148 462/453/117
f 378/412/148 375/555/115 379/495/189
f 712/556/245 682/557/246 720/558/247
f 542/525/224 539/559/248 543/414/150
f 576/505/212 593/483/199 587/560/249
f 371/561/115 365/562/125 366/563/117
f 690/564/250 707/565/251 701/566/252
f 508/567/253 512/403/143 513/568/254
f 574/569/255 577/570/256 575/503/210
f 551/571/257 562/572/258 556/550/241
f 535/573/259 552/574/260 533/575/261
f 642/576/262 627/577/263 632/578/264
f 504/579/265 502/580/266 505/401/141
f 478/522/223 471/581/114 476/442/174
f 474/521/116 462/453/117 473/582/116
f 390/486/202 391/583/223 405/457/183
f 678/584/118 672/529/118 677/404/118
f 414/585/148 411/487/203 416/586/125
f 434/587/157 450/532/226 439/588/267
f 373/589/203 370/590/125 374/591/268
f 459/592/196 460/475/147 463/593/217
f 496/594/269 392/595/270 390/486/202
f 524/596/271 405/457/183 406/459/184
f 467/597/190 468/598/137 488/599/152
f 528/600/272 523/601/273 527/602/274
f 639/603/275 655/436/168 651/547/168
f 438/493/157 442/384/130 443/494/209
f 694/604/276 701/566/252 703/519/221
f 693/362/111 690/564/250 694/604/276
f 438/493/157 432/499/116 437/382/128
f 689/605/277 702/438/170 690/564/250
f 513/568/254 517/606/278 518/607/279
f 589/608/280 592/609/281 594/610/282
f 692/533/227 689/605/277 693/362/111
f 698/454/180 696/363/112 699/440/172
f 699/440/172 697/611/283 700/510/215
f 429/612/116 430/425/115 435/613/159
f 487/614/268 468/598/137 469/615/125
f 584/616/284 490/545/237 485/544/236
f 571/617/285 555/618/286 572/484/200
f 511/402/142 514/619/287 516/620/288
f 407/426/115 416/586/125 398/410/125
f 382/621/159 366/563/117 380/622/116
f 516/620/288 519/623/289 521/388/131
f 681/446/178 662/624/118 663/507/118
f 500/625/290 393/626/291 392/595/270
f 387/627/157 380/622/116 385/628/157
f 649/629/292 676/460/168 671/386/118
f 590/509/214 594/610/282 595/374/120
f 456/398/125 472/368/115 457/452/115
f 539/559/248 552/574/260 540/630/293
f 582/631/294 580/538/232 583/552/243
f 525/407/144 450/532/226 401/420/156
f 645/632/295 643/633/296 646/634/297
f 569/482/198 565/635/298 568/636/299
f 501/637/300 498/638/301 502/580/266
f 434/587/157 435/613/159 440/531/223
f 657/371/118 652/639/168 653/640/168
f 514/619/287 531/641/302 519/623/289
f 506/642/303 504/579/265 507/408/145
f 512/403/143 516/620/288 517/606/278
f 581/643/304 485/544/236 484/644/305
f 449/645/223 433/498/114 438/493/157
f 538/646/306 441/383/129 439/588/267
f 598/647/307 568/636/299 606/648/308
f 398/410/125 411/487/203 397/649/203
f 697/611/283 703/519/221 704/650/309
f 701/566/252 712/556/245 706/520/222
f 553/651/310 556/550/241 558/652/311
f 526/409/146 537/653/312 525/407/144
f 696/363/112 694/604/276 697/611/283
f 471/581/114 472/368/115 477/654/159
f 487/614/268 470/655/115 493/393/117
f 444/513/147 458/397/138 453/656/203
f 500/625/290 497/657/313 501/637/300
f 419/466/148 413/658/147 414/585/148
f 550/473/194 554/659/314 555/618/286
f 580/538/232 587/560/249 589/608/280
f 445/479/125 428/660/115 451/369/117
f 562/572/258 527/602/274 570/549/240
f 479/523/128 483/661/315 484/644/305
f 687/535/229 597/517/220 606/648/308
f 566/541/235 492/443/175 448/492/208
f 431/524/136 434/587/157 436/662/157
f 605/392/135 601/456/182 604/455/181
f 385/628/157 386/365/114 391/583/223
f 496/594/269 499/663/316 497/657/313
f 383/496/116 387/627/157 388/528/223
f 375/555/115 370/590/125 371/561/115
f 528/600/272 557/664/317 535/573/259
f 596/375/121 600/534/228 601/456/182
f 535/573/259 518/607/279 528/600/272
f 555/618/286 559/665/318 560/666/319
f 449/645/223 477/654/159 452/367/116
f 441/383/129 434/587/157 439/588/267
f 366/563/117 386/365/114 380/622/116
f 578/667/320 575/503/210 579/537/231
f 378/412/148 373/589/203 374/591/268
f 564/400/140 662/624/118 565/635/298
f 506/642/303 401/420/156 394/422/158
f 454/542/191 455/396/137 459/592/196
f 476/442/174 477/654/159 482/668/128
f 683/669/321 669/428/118 674/670/118
f 706/520/222 720/558/247 711/490/206
f 533/575/261 513/568/254 535/573/259
f 531/641/302 610/434/166 519/623/289
f 594/610/282 597/517/220 599/516/219
f 498/638/301 515/671/322 509/672/323
f 630/530/225 623/673/324 628/674/325
f 566/541/235 549/471/192 567/539/233
f 543/414/150 540/630/293 544/675/326
f 502/580/266 509/672/323 511/402/142
f 532/676/327 609/677/328 531/641/302
f 518/607/279 522/390/133 523/601/273
f 641/461/185 632/578/264 637/463/186
f 621/377/123 617/389/132 618/678/329
f 636/465/188 630/530/225 635/679/330
f 462/453/117 471/581/114 473/582/116
f 573/540/234 481/444/176 492/443/175
f 648/680/331 629/681/332 624/682/333
f 633/683/334 634/684/335 645/632/295
f 674/670/118 668/685/118 673/686/118
f 572/484/200 560/666/319 569/482/198
f 679/687/168 673/686/118 678/584/118
f 560/666/319 564/400/140 565/635/298
f 635/679/330 628/674/325 633/683/334
f 652/639/168 655/436/168 653/640/168
f 540/630/293 557/664/317 551/571/257
f 649/629/292 622/378/124 627/577/263
f 426/480/147 423/506/195 427/481/197
f 533/575/261 541/688/336 526/409/146
f 415/467/189 416/586/125 430/425/115
f 388/528/223 392/595/270 393/626/291
f 530/689/337 510/690/338 534/691/339
f 468/598/137 465/474/195 469/615/125
f 664/447/118 668/685/118 669/428/118
f 372/501/191 373/589/203 376/692/340
f 644/693/341 634/684/335 629/681/332
f 526/409/146 508/567/253 533/575/261
f 602/694/342 585/551/242 603/695/343
f 475/394/114 466/554/115 474/521/116
f 520/696/344 532/676/327 531/641/302
f 639/603/275 570/549/240 527/602/274
f 668/685/118 658/423/118 667/518/168
f 683/669/321 679/687/168 682/557/246
f 412/488/204 413/658/147 417/476/196
f 661/448/118 657/371/118 658/423/118
f 616/418/154 611/435/167 612/697/345
f 460/475/147 467/597/190 463/593/217
f 665/387/118 676/460/168 670/405/118
f 581/643/304 579/537/231 582/631/294
f 623/673/324 624/682/333 629/681/332
f 522/390/133 620/698/346 523/601/273
f 363/699/204 364/500/137 368/502/191
f 662/624/118 568/636/299 565/635/298
f 721/511/216 705/430/162 722/700/347
f 529/701/348 515/671/322 530/689/337
f 578/667/320 484/644/305 483/661/315
f 546/415/151 544/675/326 547/472/193
f 649/629/292 666/702/118 647/376/122
f 583/552/243 589/608/280 590/509/214
f 534/691/339 499/663/316 536/703/349
f 695/361/110 601/456/182 600/534/228
f 519/623/289 614/704/350 521/388/131
f 432/499/116 436/662/157 437/382/128
f 627/577/263 619/705/351 626/417/153
f 640/437/169 620/698/346 621/377/123
f 537/653/312 439/588/267 450/532/226
f 572/484/200 588/504/211 571/617/285
f 628/674/325 629/681/332 634/684/335
f 653/640/168 666/702/118 654/385/118
f 622/378/124 618/678/329 619/705/351
f 680/536/230 606/648/308 568/636/299
f 503/706/352 394/422/158 393/626/291
f 719/707/353 715/708/354 718/709/355
f 387/627/157 390/486/202 392/595/270
f 603/695/343 586/508/213 607/449/179
f 483/661/315 476/442/174 481/444/176
f 548/710/356 448/492/208 443/494/209
f 545/413/149 443/494/209 442/384/130
f 619/705/351 615/433/165 616/418/154
f 561/548/239 656/711/168 563/399/139
f 470/655/115 465/474/195 466/554/115
f 638/712/357 613/713/358 609/677/328
f 632/578/264 626/417/153 631/464/187
f 509/672/323 520/696/344 514/619/287
f 722/700/347 710/432/164 719/707/353
f 592/609/281 606/648/308 597/517/220
f 427/481/197 424/497/115 428/660/115
f 650/714/359 624/682/333 613/713/358
f 548/710/356 546/415/151 549/471/192
f 710/432/164 714/553/244 715/708/354
f 523/601/273 639/603/275 527/602/274
f 468/598/137 489/715/360 488/599/152
f 618/678/329 614/704/350 615/433/165
f 558/652/311 561/548/239 563/399/139
f 611/435/167 609/677/328 613/713/358
f 497/657/313 510/690/338 498/638/301
f 503/706/352 501/637/300 504/579/265
f 595/374/120 599/516/219 600/534/228
f 688/515/218 691/445/177 689/605/277
f 402/716/157 384/450/136 389/421/157
f 482/668/128 448/492/208 492/443/175
f 670/405/118 684/462/168 675/406/118
f 683/669/321 707/565/251 686/429/161
f 517/606/278 521/388/131 522/390/133
f 668/685/118 672/529/118 673/686/118
f 370/590/125 364/500/137 365/562/125
f 461/451/148 455/396/137 456/398/125
f 536/703/349 495/485/201 524/596/271
f 480/546/238 484/644/305 485/544/236
f 567/539/233 550/473/194 571/617/285
f 554/659/314 558/652/311 559/665/318
f 420/468/189 429/612/116 431/524/136
f 373/589/203 399/470/191 376/692/340
f 544/675/326 551/571/257 553/651/310
f 685/427/160 663/507/118 664/447/118
f 389/421/157 393/626/291 394/422/158
f 407/426/115 378/412/148 379/495/189
f 559/665/318 563/399/139 564/400/140
f 365/562/125 381/366/115 366/563/117
f 507/408/145 505/401/141 508/567/253
f 491/543/174 475/394/114 480/546/238
f 404/717/114 391/583/223 386/365/114
f 625/419/155 612/697/345 623/673/324
f 383/496/116 371/561/115 382/621/159
f 587/560/249 598/647/307 592/609/281
f 402/716/157 435/613/159 409/424/159
f 547/472/193 553/651/310 554/659/314
f 704/650/309 708/489/205 709/431/163
f 584/616/284 582/631/294 585/551/242
f 612/697/345 613/713/358 624/682/333
f 410/379/125 381/366/115 367/718/125
f 365/562/125 362/380/126 367/718/125
f 700/510/215 704/650/309 705/430/162
f 538/646/306 541/688/336 539/559/248
f 571/617/285 577/570/256 567/539/233
f 574/569/255 483/661/315 481/444/176
f 727/718/361 756/381/362 726/380/363
f 933/484/364 948/504/364 953/483/364
f 1053/362/364 1052/564/364 1048/605/364
f 970/435/365 977/418/366 974/697/367
f 1066/430/364 1070/431/364 1065/650/364
f 750/421/368 763/420/369 755/422/370
f 1077/441/364 1061/510/364 1059/440/364
f 774/488/371 760/649/372 761/469/373
f 727/718/361 728/563/374 741/366/375
f 1059/440/364 1058/611/364 1056/363/376
f 1057/361/364 1059/440/364 1056/363/376
f 1023/507/364 1046/427/364 1025/447/376
f 729/590/377 736/555/378 732/561/379
f 804/494/380 809/645/381 810/492/382
f 1042/536/364 1023/507/364 1024/624/364
f 816/542/383 807/513/384 808/514/385
f 737/412/386 768/426/387 740/495/388
f 953/483/364 954/609/364 958/647/364
f 738/411/389 739/692/390 758/470/391
f 814/398/392 832/368/393 818/397/394
f 773/658/395 776/586/396 775/487/397
f 846/544/398 851/543/399 852/545/400
f 865/706/364 753/595/401 754/626/402
f 764/457/403 885/596/376 767/459/404
f 1023/507/364 1022/448/364 1020/372/364
f 749/528/405 755/422/370 754/626/402
f 734/589/406 735/501/407 739/692/390
f 829/598/408 824/474/409 825/719/410
f 823/453/411 833/581/412 819/452/413
f 884/601/414 888/600/364 889/602/364
f 871/672/364 877/620/364 876/619/364
f 900/653/364 763/420/369 811/532/364
f 1015/436/376 1001/603/415 1014/547/364
f 825/719/410 847/599/416 829/598/408
f 746/365/417 769/364/418 741/366/375
f 728/563/374 743/621/419 742/622/420
f 1047/429/364 1062/438/364 1067/565/364
f 926/635/364 929/482/364 930/636/364
f 778/466/421 777/467/422 772/585/423
f 936/540/364 810/492/382 853/443/424
f 1024/624/364 930/636/364 1042/536/364
f 821/475/425 814/398/392 815/396/426
f 743/621/419 749/528/405 748/627/427
f 1036/460/364 1010/629/428 1031/386/364
f 859/663/364 860/638/364 870/690/376
f 957/375/364 966/455/376 962/456/364
f 1018/711/364 923/548/364 924/399/364
f 972/677/429 893/676/430 890/641/431
f 899/646/364 802/383/432 904/525/364
f 955/610/364 961/534/364 960/516/364
f 783/526/433 805/512/434 787/480/435
f 1025/447/376 1047/429/364 1030/428/364
f 935/569/364 844/661/436 940/667/364
f 993/578/437 1003/461/438 998/463/439
f 786/481/440 785/497/441 782/506/442
f 1014/547/364 889/602/364 931/549/364
f 987/417/443 993/578/437 992/464/444
f 943/643/364 945/551/364 942/631/364
f 919/652/364 925/400/376 924/399/364
f 982/698/445 1000/437/446 981/377/447
f 980/705/448 988/577/449 987/417/443
f 1035/670/364 1044/557/364 1040/687/364
f 909/471/364 932/617/364 911/473/364
f 1050/535/364 930/636/364 967/648/364
f 973/713/450 999/712/451 972/677/429
f 979/389/452 981/377/447 978/678/453
f 806/479/454 817/656/455 818/397/394
f 887/407/364 755/422/370 763/420/369
f 949/560/364 955/610/364 954/609/364
f 1076/708/364 1079/707/364 1080/709/364
f 733/591/456 740/495/388 736/555/378
f 1060/454/364 961/534/364 962/456/364
f 989/681/457 1009/680/458 984/682/459
f 789/660/460 793/499/461 785/497/441
f 841/546/462 845/644/463 840/523/464
f 809/645/381 837/654/465 842/668/466
f 869/567/364 873/403/364 866/401/364
f 899/646/364 901/688/364 900/653/364
f 929/482/364 953/483/364 958/647/364
f 798/382/467 802/383/432 797/662/468
f 994/684/469 995/683/470 1004/632/471
f 1029/685/364 1033/529/364 1028/518/364
f 1021/370/364 924/399/364 925/400/376
f 854/393/472 836/394/473 831/655/474
f 1058/611/364 1064/519/376 1055/604/364
f 1014/547/364 1012/640/364 1015/436/376
f 863/580/364 873/403/364 872/402/364
f 940/667/364 845/644/463 943/643/364
f 904/525/364 898/559/364 899/646/364
f 738/411/389 759/410/475 737/412/386
f 723/562/476 732/561/379 728/563/374
f 1063/566/364 1069/489/364 1068/520/364
f 864/579/364 863/580/364 861/637/364
f 1030/428/364 1034/686/364 1029/685/364
f 1022/448/364 1028/518/364 1019/423/364
f 734/589/406 737/412/386 733/591/456
f 746/365/417 747/628/477 751/583/478
f 1065/650/364 1069/489/364 1064/519/376
f 781/468/479 791/612/480 777/467/422
f 856/657/364 863/580/364 860/638/364
f 797/662/468 801/588/414 796/587/481
f 922/572/364 923/548/364 931/549/364
f 1013/639/364 931/549/364 923/548/364
f 873/403/364 879/607/364 878/606/376
f 1054/533/364 959/517/364 960/516/364
f 877/620/364 883/390/482 882/388/483
f 896/573/364 879/607/364 874/568/364
f 766/458/484 764/457/403 767/459/404
f 773/658/395 784/478/485 779/477/486
f 992/464/444 998/463/439 997/465/487
f 958/647/364 930/636/364 929/482/364
f 760/649/372 758/470/391 761/469/373
f 875/671/364 876/619/364 880/696/364
f 812/369/488 818/397/394 832/368/393
f 724/500/489 729/590/377 723/562/476
f 981/377/447 1008/376/490 983/378/491
f 988/577/449 1002/576/492 993/578/437
f 1001/603/415 884/601/414 889/602/364
f 842/668/466 810/492/382 809/645/381
f 989/681/457 990/674/493 994/684/469
f 952/373/364 965/392/364 957/375/364
f 1057/361/364 960/516/364 961/534/364
f 983/378/491 1010/629/428 988/577/449
f 730/720/494 731/502/495 735/501/407
f 770/424/496 790/425/497 795/613/498
f 1053/362/364 1058/611/364 1055/604/364
f 796/587/481 811/532/364 800/531/499
f 955/610/364 959/517/364 954/609/364
f 782/506/442 781/468/479 778/466/421
f 748/627/427 754/626/402 753/595/401
f 751/583/478 752/486/500 764/457/403
f 1069/489/364 1073/490/364 1068/520/364
f 726/380/363 723/562/476 727/718/361
f 915/659/364 919/652/364 914/651/364
f 744/496/501 750/421/368 749/528/405
f 785/497/441 792/524/502 781/468/479
f 1028/518/364 1032/405/364 1027/387/364
f 974/697/367 986/419/503 985/673/504
f 828/615/505 827/554/506 824/474/409
f 1022/448/364 1030/428/364 1029/685/364
f 775/487/397 780/476/507 773/658/395
f 1013/639/364 1017/371/364 1012/640/364
f 963/695/364 947/508/364 945/551/364
f 946/616/364 845/644/463 846/544/398
f 1072/556/364 1047/429/364 1067/565/364
f 787/480/435 808/514/385 807/513/384
f 906/415/364 911/473/364 908/472/364
f 812/369/488 794/498/508 789/660/460
f 745/450/509 762/716/510 750/421/368
f 1054/533/364 1056/363/376 1053/362/364
f 975/433/511 980/705/448 977/418/366
f 978/678/453 983/378/491 980/705/448
f 985/673/504 991/530/512 990/674/493
f 794/498/508 798/382/467 793/499/461
f 800/531/499 763/420/369 762/716/510
f 821/475/425 830/597/513 825/719/410
f 1033/529/364 1037/406/364 1032/405/364
f 827/554/506 834/582/514 823/453/411
f 935/569/364 937/570/376 936/540/364
f 772/585/423 790/425/497 776/586/396
f 1049/515/364 967/648/364 959/517/364
f 848/614/515 831/655/474 828/615/505
f 732/561/379 744/496/501 743/621/419
f 964/694/364 846/544/398 852/545/400
f 865/706/364 867/408/364 864/579/364
f 787/480/435 782/506/442 783/526/433
f 986/419/503 992/464/444 991/530/512
f 862/625/364 752/486/500 753/595/401
f 948/504/364 927/539/364 937/570/376
f 1002/576/492 1045/462/364 1003/461/438
f 862/625/364 864/579/364 861/637/364
f 759/410/475 775/487/397 776/586/396
f 747/628/477 753/595/401 752/486/500
f 888/600/364 931/549/364 889/602/364
f 938/505/364 953/483/364 948/504/364
f 792/524/502 796/587/481 791/612/480
f 834/582/514 838/442/516 833/581/412
f 1049/515/364 1053/362/364 1048/605/364
f 1034/686/364 1040/687/364 1039/584/364
f 1061/510/364 1083/700/364 1066/430/364
f 1033/529/364 1039/584/364 1038/404/364
f 1020/372/364 1019/423/364 1017/371/364
f 740/495/388 770/424/496 745/450/509
f 868/642/364 754/626/402 755/422/370
f 887/407/364 867/408/364 868/642/364
f 905/675/364 915/659/364 914/651/364
f 833/581/412 842/668/466 837/654/465
f 730/720/494 733/591/456 729/590/377
f 726/380/363 757/416/517 725/699/518
f 1031/386/364 1032/405/364 1036/460/364
f 1051/445/364 1052/564/364 1062/438/364
f 820/451/519 819/452/413 814/398/392
f 934/503/364 948/504/364 937/570/376
f 1026/702/364 1027/387/364 1031/386/364
f 1062/438/364 1041/446/364 1051/445/364
f 1041/446/364 1050/535/364 1051/445/364
f 1070/431/364 1076/708/364 1075/553/376
f 815/396/426 818/397/394 817/656/455
f 880/696/364 891/689/364 875/671/364
f 994/684/469 1005/693/520 989/681/457
f 878/606/376 884/601/414 883/390/482
f 898/559/364 912/574/364 901/688/364
f 1067/565/364 1068/520/364 1072/556/364
f 880/696/364 881/623/521 890/641/431
f 984/682/459 985/673/504 989/681/457
f 857/594/364 859/663/364 858/485/364
f 741/366/375 771/379/522 727/718/361
f 910/710/364 927/539/364 909/471/364
f 1024/624/364 1020/372/364 1021/370/364
f 921/666/364 925/400/376 920/665/364
f 908/472/364 916/618/364 915/659/364
f 902/630/364 914/651/364 913/571/364
f 806/479/454 789/660/460 786/481/440
f 777/467/422 795/613/498 790/425/497
f 917/664/364 918/550/364 922/572/364
f 911/473/364 933/484/364 916/618/364
f 741/366/375 742/622/420 746/365/417
f 916/618/364 929/482/364 921/666/364
f 913/571/364 919/652/364 918/550/364
f 742/622/420 748/627/427 747/628/477
f 1006/633/523 1004/632/471 1007/634/524
f 928/541/364 804/494/380 810/492/382
f 857/594/364 861/637/364 856/657/364
f 813/367/525 799/493/526 794/498/508
f 1052/564/364 1064/519/376 1063/566/364
f 901/688/364 887/407/364 900/653/364
f 819/452/413 837/654/465 832/368/393
f 984/682/459 1011/714/527 973/713/450
f 942/631/364 947/508/364 944/552/364
f 840/523/464 844/661/436 839/522/528
f 940/667/364 942/631/364 939/537/364
f 907/413/364 903/414/364 904/525/364
f 829/598/408 850/715/529 849/721/530
f 1083/700/364 1071/432/364 1066/430/364
f 939/537/364 938/505/364 934/503/364
f 951/509/364 957/375/364 956/374/376
f 907/413/364 802/383/432 803/384/531
f 1062/438/364 1063/566/364 1067/565/364
f 869/567/364 896/573/364 874/568/364
f 872/402/364 878/606/376 877/620/364
f 836/394/473 840/523/464 835/521/532
f 947/508/364 969/391/376 952/373/364
f 894/575/364 901/688/364 912/574/364
f 976/704/533 978/678/453 975/433/511
f 817/656/455 822/592/534 815/396/426
f 779/477/486 772/585/423 773/658/395
f 762/716/510 795/613/498 800/531/499
f 813/367/525 832/368/393 837/654/465
f 976/704/533 881/623/521 882/388/483
f 971/434/535 975/433/511 970/435/365
f 1072/556/364 1073/490/364 1081/558/364
f 937/570/376 928/541/364 936/540/364
f 898/559/364 905/675/364 902/630/364
f 1024/624/364 925/400/376 926/635/364
f 870/690/376 871/672/364 875/671/364
f 915/659/364 921/666/364 920/665/364
f 855/395/536 841/546/462 836/394/473
f 939/537/364 944/552/364 941/538/364
f 964/694/364 945/551/364 946/616/364
f 1070/431/364 1074/491/364 1069/489/364
f 950/608/376 956/374/376 955/610/364
f 807/513/384 786/481/440 787/480/435
f 958/647/364 959/517/364 967/648/364
f 935/569/364 853/443/424 843/444/537
f 897/703/364 858/485/364 859/663/364
f 838/442/516 853/443/424 842/668/466
f 1026/702/364 1000/437/446 1015/436/376
f 971/434/535 890/641/431 881/623/521
f 891/689/364 870/690/376 875/671/364
f 907/413/364 909/471/364 906/415/364
f 864/579/364 869/567/364 866/401/364
f 956/374/376 962/456/364 961/534/364
f 1021/370/364 1017/371/364 1018/711/364
f 910/710/364 803/384/531 804/494/380
f 835/521/532 839/522/528 834/582/514
f 858/485/364 752/486/500 857/594/364
f 867/408/364 894/575/364 869/567/364
f 815/396/426 826/593/538 821/475/425
f 990/674/493 996/679/539 995/683/470
f 1043/669/364 1081/558/364 1044/557/364
f 1012/640/364 1019/423/364 1016/385/364
f 825/719/410 820/451/519 821/475/425
f 972/677/429 970/435/365 973/713/450
f 799/493/526 803/384/531 798/382/467
f 791/612/480 800/531/499 795/613/498
f 831/655/474 835/521/532 827/554/506
f 892/701/364 890/641/431 893/676/430
f 736/555/378 745/450/509 744/496/501
f 751/583/478 765/717/540 746/365/417
f 1036/460/364 1037/406/364 1045/462/364
f 724/500/489 725/699/518 731/502/495
f 982/698/445 883/390/482 884/601/414
f 895/691/364 859/663/364 870/690/376
f 903/414/364 908/472/364 905/675/364
f 1030/428/364 1043/669/364 1035/670/364
f 768/426/387 776/586/396 790/425/497
f 1031/386/364 1008/376/490 1026/702/364
f 944/552/364 952/373/364 951/509/364
f 783/526/433 778/466/421 779/477/486
f 824/474/409 823/453/411 820/451/519
f 902/630/364 917/664/364 912/574/364
f 938/505/364 950/608/376 949/560/364
f 973/713/450 974/697/367 984/682/459
f 1078/439/364 1059/440/364 1060/454/364
f 779/477/486 788/527/541 783/526/433
f 849/721/530 828/615/505 829/598/408
f 896/573/364 912/574/364 917/664/364
f 793/499/461 797/662/468 792/524/502
f 977/418/366 987/417/443 986/419/503
f 918/550/364 924/399/364 923/548/364
f 899/646/364 811/532/364 801/588/414
f 940/667/364 934/503/364 935/569/364
f 991/530/512 997/465/487 996/679/539
f 1015/436/376 1016/385/364 1026/702/364
f 1016/385/364 1028/518/364 1027/387/364
f 941/538/364 951/509/364 950/608/376
f 1050/535/364 1048/605/364 1051/445/364
f 979/389/452 882/388/483 883/390/482
f 1060/454/364 966/455/376 1078/439/364
f 860/638/364 872/402/364 871/672/364
f 1061/510/364 1065/650/364 1058/611/364
f 888/600/364 917/664/364 922/572/364
f 876/619/364 882/388/483 881/623/521
f 839/522/528 843/444/537 838/442/516
f 334/1/1 331/179/61 332/2/2
f 43/4/4 25/304/4 20/5/5
f 91/7/4 116/293/4 111/8/5
f 299/10/6 298/40/6 295/11/6
f 235/13/6 230/94/6 229/14/6
f 286/16/7 279/80/30 260/17/8
f 49/19/10 6/354/10 1/20/11
f 81/22/13 76/246/14 75/23/14
f 304/25/6 293/66/6 305/26/6
f 160/28/15 253/349/104 256/29/16
f 247/31/6 230/94/6 235/13/6
f 133/33/4 132/294/5 109/34/5
f 95/36/10 94/232/11 92/37/11
f 202/39/6 295/11/6 298/40/6
f 151/42/6 144/212/6 141/43/6
f 316/45/6 311/175/6 309/46/6
f 165/48/6 164/243/6 145/49/6
f 37/51/10 36/65/11 16/52/11
f 185/54/6 184/172/6 181/55/6
f 28/57/14 33/311/13 40/58/13
f 265/60/19 258/350/105 255/61/20
f 50/63/11 51/341/52 39/64/22
f 296/12/6 292/283/6 293/66/6
f 48/68/4 74/253/4 69/69/5
f 325/71/23 324/83/32 303/72/6
f 344/74/24 343/289/86 348/75/25
f 254/77/27 253/349/104 249/78/28
f 279/80/30 286/16/7 305/26/6
f 325/71/23 346/209/70 341/82/31
f 355/84/33 337/99/38 338/85/34
f 115/87/14 121/312/14 131/88/13
f 324/83/32 341/82/31 330/90/36
f 303/72/6 302/155/6 299/10/6
f 247/31/6 246/353/6 225/93/6
f 48/68/4 46/70/5 18/95/5
f 101/97/5 100/119/10 95/36/10
f 337/99/38 355/84/33 243/100/39
f 44/102/13 30/305/14 42/103/14
f 323/105/6 315/343/6 281/106/41
f 276/108/43 271/220/73 270/109/44
f 58/111/10 53/226/10 54/112/5
f 16/52/11 36/65/11 39/64/22
f 188/115/6 185/54/6 186/116/6
f 103/118/11 99/356/11 100/119/10
f 56/121/46 52/297/11 57/122/11
f 83/124/47 65/159/11 66/125/10
f 211/127/6 208/275/6 237/128/6
f 84/126/10 90/9/5 111/8/5
f 134/130/6 135/296/6 29/131/13
f 82/132/13 87/279/13 88/133/14
f 347/135/48 345/167/59 350/136/49
f 93/138/46 86/160/51 83/124/47
f 18/95/5 14/199/5 22/139/4
f 63/140/5 62/153/10 58/111/10
f 34/141/46 35/21/12 1/20/11
f 67/143/5 63/140/5 71/144/4
f 3/146/11 8/231/11 11/147/51
f 215/149/6 214/184/6 216/150/6
f 61/152/11 57/122/11 58/111/10
f 301/154/6 298/40/6 299/10/6
f 230/94/6 225/93/6 222/156/6
f 356/86/35 338/85/34 339/157/53
f 65/159/11 83/124/47 86/160/51
f 327/162/55 331/179/61 238/163/56
f 297/67/6 293/66/6 304/25/6
f 342/166/58 340/210/71 345/167/59
f 113/168/4 112/223/4 117/169/14
f 71/144/4 63/140/5 59/113/5
f 80/24/13 181/55/6 184/172/6
f 57/122/11 61/152/11 64/173/22
f 28/57/14 23/96/4 22/139/4
f 306/165/6 304/25/6 309/46/6
f 270/109/44 265/60/19 264/62/21
f 79/177/14 41/59/14 40/58/13
f 331/179/61 334/1/1 239/180/62
f 320/91/37 330/90/36 326/181/63
f 219/183/6 218/308/6 214/184/6
f 64/173/22 61/152/11 65/159/11
f 206/185/6 216/150/6 212/186/6
f 124/188/13 129/259/13 130/189/14
f 90/9/5 67/143/5 72/145/4
f 134/130/6 44/102/13 45/104/13
f 119/190/14 114/35/4 113/168/4
f 290/192/6 291/282/6 200/193/6
f 195/195/6 201/215/6 209/194/6
f 225/93/6 224/338/6 221/196/6
f 348/75/25 347/135/48 352/137/50
f 105/198/5 104/120/10 100/119/10
f 17/53/10 13/230/10 14/199/5
f 351/200/66 322/314/90 321/201/67
f 181/55/6 177/287/6 178/203/6
f 215/149/6 227/151/6 232/129/6
f 9/205/10 4/357/10 5/206/5
f 329/208/69 341/82/31 346/209/70
f 152/211/6 147/336/6 144/212/6
f 213/213/6 212/186/6 216/150/6
f 195/195/6 190/329/6 196/214/6
f 174/216/6 196/214/6 191/217/6
f 281/106/41 288/271/80 266/219/72
f 143/221/6 140/295/6 141/43/6
f 117/169/14 112/223/4 110/222/4
f 105/198/5 101/97/5 112/223/4
f 24/224/14 30/305/14 44/102/13
f 317/225/6 312/327/6 311/175/6
f 53/226/10 52/297/11 50/63/11
f 73/228/14 79/177/14 89/178/13
f 13/230/10 12/309/11 8/231/11
f 94/232/11 99/356/11 102/233/46
f 29/131/13 135/296/6 139/235/6
f 162/237/74 166/299/6 167/238/6
f 103/118/11 107/256/47 127/240/52
f 176/242/6 89/178/13 40/58/13
f 278/244/75 279/80/30 294/81/6
f 77/134/14 76/246/14 81/22/13
f 333/245/76 329/208/69 340/210/71
f 332/2/2 328/247/77 329/208/69
f 77/134/14 72/145/4 71/144/4
f 328/247/77 330/90/36 341/82/31
f 152/211/6 151/42/6 156/248/6
f 228/249/6 226/204/6 231/250/6
f 331/179/61 327/162/55 328/247/77
f 337/99/38 334/1/1 335/3/3
f 338/85/34 335/3/3 336/252/78
f 54/112/5 69/69/5 74/253/4
f 126/255/10 125/358/11 107/256/47
f 223/258/6 241/337/6 129/259/13
f 210/260/6 189/117/6 194/261/6
f 155/262/6 150/44/6 148/263/6
f 46/70/5 69/69/5 55/227/10
f 10/207/5 5/206/5 19/265/4
f 155/262/6 153/264/6 158/267/79
f 320/91/37 319/182/64 301/154/6
f 31/236/13 139/235/6 142/268/6
f 21/266/4 19/265/4 24/224/14
f 281/106/41 315/343/6 310/27/6
f 234/15/6 229/14/6 228/249/6
f 95/36/10 97/38/18 111/8/5
f 178/203/6 180/292/6 191/217/6
f 221/196/6 218/308/6 219/183/6
f 199/273/6 204/310/6 207/274/6
f 284/276/81 273/326/99 282/277/82
f 212/186/6 131/88/13 87/279/13
f 141/43/6 140/295/6 136/280/6
f 68/254/4 74/253/4 79/177/14
f 296/12/6 295/11/6 291/282/6
f 158/267/79 153/264/6 159/284/6
f 145/49/6 142/268/6 143/221/6
f 156/248/6 151/42/6 150/44/6
f 123/286/13 220/347/6 223/258/6
f 91/7/4 72/145/4 77/134/14
f 177/287/6 181/55/6 80/24/13
f 237/128/6 208/275/6 207/274/6
f 36/65/11 37/51/10 55/227/10
f 336/252/78 333/245/76 342/166/58
f 340/210/71 346/209/70 351/200/66
f 192/290/6 190/329/6 195/195/6
f 164/243/6 165/48/6 180/292/6
f 335/3/3 332/2/2 333/245/76
f 96/98/5 111/8/5 116/293/4
f 126/255/10 108/257/18 109/34/5
f 84/126/10 97/38/18 92/37/11
f 140/295/6 139/235/6 135/296/6
f 58/111/10 57/122/11 52/297/11
f 194/261/6 189/117/6 186/116/6
f 219/183/6 215/149/6 226/204/6
f 84/126/10 66/125/10 67/143/5
f 209/194/6 201/215/6 167/238/6
f 118/170/14 117/169/14 122/300/13
f 326/181/63 327/162/55 236/164/57
f 244/32/6 235/13/6 240/101/40
f 70/171/4 68/254/4 73/228/14
f 248/301/87 170/285/84 171/302/88
f 24/224/14 19/265/4 25/304/4
f 136/280/6 135/296/6 134/130/6
f 22/139/4 21/266/4 26/270/14
f 14/199/5 13/230/10 9/205/10
f 174/216/6 167/238/6 201/215/6
f 235/13/6 234/15/6 239/180/62
f 167/238/6 174/216/6 152/211/6
f 199/273/6 194/261/6 193/298/6
f 88/133/14 121/312/14 116/293/4
f 75/23/14 73/228/14 78/229/13
f 19/265/4 5/206/5 20/5/5
f 218/308/6 217/344/6 213/213/6
f 17/53/10 16/52/11 12/309/11
f 298/40/6 301/154/6 204/310/6
f 145/49/6 164/243/6 40/58/13
f 93/138/46 92/37/11 94/232/11
f 110/222/4 116/293/4 121/312/14
f 325/71/23 308/73/6 313/313/6
f 345/167/59 351/200/66 359/202/68
f 172/218/6 147/336/6 152/211/6
f 170/285/84 248/301/87 249/78/28
f 238/163/56 233/251/6 231/250/6
f 137/281/6 149/331/6 154/315/6
f 269/176/60 264/62/21 262/316/91
f 206/185/6 205/187/6 187/318/6
f 183/319/6 182/56/6 178/203/6
f 141/43/6 137/281/6 148/263/6
f 271/220/73 276/108/43 280/107/42
f 162/237/74 157/239/6 156/248/6
f 209/194/6 166/299/6 278/244/75
f 260/17/8 259/345/102 256/29/16
f 275/110/45 270/109/44 269/176/60
f 112/223/4 101/97/5 96/98/5
f 131/88/13 212/186/6 213/213/6
f 287/322/95 283/335/100 268/323/96
f 272/325/98 267/317/92 273/326/99
f 308/73/6 307/333/6 312/327/6
f 211/127/6 194/261/6 199/273/6
f 313/313/6 312/327/6 317/225/6
f 204/310/6 199/273/6 198/307/6
f 274/321/94 269/176/60 267/317/92
f 292/283/6 291/282/6 290/192/6
f 190/329/6 179/272/6 191/217/6
f 288/271/80 286/16/7 261/18/9
f 65/159/11 61/152/11 62/153/10
f 172/218/6 191/217/6 180/292/6
f 54/112/5 53/226/10 55/227/10
f 32/269/13 27/174/14 26/270/14
f 169/330/6 154/315/6 149/331/6
f 108/257/18 107/256/47 103/118/11
f 308/73/6 303/72/6 300/92/6
f 8/231/11 12/309/11 15/334/22
f 283/335/100 282/277/82 273/326/99
f 172/218/6 165/48/6 146/50/6
f 241/337/6 223/258/6 224/338/6
f 109/34/5 105/198/5 113/168/4
f 170/285/84 159/284/6 168/340/6
f 313/313/6 318/328/6 321/201/67
f 307/333/6 300/92/6 297/67/6
f 245/288/85 207/274/6 319/182/64
f 50/63/11 52/297/11 56/121/46
f 299/10/6 296/12/6 297/67/6
f 255/61/20 254/77/27 250/79/29
f 102/233/46 99/356/11 103/118/11
f 309/46/6 304/25/6 310/27/6
f 221/196/6 220/347/6 217/344/6
f 262/316/91 251/342/101 263/324/97
f 161/30/17 256/29/16 259/345/102
f 2/142/22 1/20/11 3/146/11
f 301/154/6 319/182/64 207/274/6
f 360/158/54 339/157/53 344/74/24
f 168/340/6 159/284/6 154/315/6
f 122/300/13 217/344/6 220/347/6
f 186/116/6 185/54/6 182/56/6
f 288/271/80 310/27/6 305/26/6
f 222/156/6 219/183/6 228/249/6
f 173/332/6 149/331/6 138/306/6
f 334/1/1 337/99/38 240/101/40
f 158/267/79 249/78/28 253/349/104
f 76/246/14 71/144/4 70/171/4
f 266/219/72 261/18/9 258/350/105
f 279/80/30 278/244/75 259/345/102
f 89/178/13 176/242/6 177/287/6
f 210/260/6 211/127/6 232/129/6
f 267/317/92 262/316/91 268/323/96
f 292/283/6 294/81/6 305/26/6
f 261/18/9 260/17/8 257/320/93
f 354/351/106 357/722/542 358/352/107
f 142/268/6 145/49/6 33/311/13
f 26/270/14 24/224/14 29/131/13
f 246/353/6 242/339/6 224/338/6
f 122/300/13 117/169/14 115/87/14
f 82/132/13 187/318/6 205/187/6
f 81/22/13 184/172/6 187/318/6
f 258/350/105 257/320/93 254/77/27
f 200/193/6 291/282/6 295/11/6
f 206/185/6 210/260/6 227/151/6
f 147/336/6 146/50/6 143/221/6
f 177/287/6 176/242/6 180/292/6
f 339/157/53 336/252/78 343/289/86
f 6/354/10 4/357/10 3/146/11
f 49/19/10 47/6/5 20/5/5
f 5/206/5 4/357/10 6/354/10
f 251/342/101 250/79/29 252/355/108
f 223/258/6 220/347/6 221/196/6
f 343/289/86 342/166/58 347/135/48
f 186/116/6 183/319/6 192/290/6
f 41/59/14 79/177/14 74/253/4
f 203/41/6 198/307/6 197/291/6
f 226/204/6 232/129/6 237/128/6
f 14/199/5 10/207/5 21/266/4
f 264/62/21 255/61/20 251/342/101
f 43/4/4 42/103/14 30/305/14
f 133/33/4 114/35/4 119/190/14
f 37/51/10 17/53/10 18/95/5
f 28/57/14 27/174/14 32/269/13
f 324/83/32 320/91/37 302/155/6
f 192/290/6 183/319/6 179/272/6
f 15/334/22 12/309/11 16/52/11
f 70/171/4 59/113/5 54/112/5
f 131/88/13 121/312/14 88/133/14
f 193/298/6 192/290/6 197/291/6
f 206/185/6 188/115/6 189/117/6
f 119/190/14 118/170/14 123/286/13
f 175/348/6 138/306/6 134/130/6
f 99/356/11 94/232/11 95/36/10
f 41/59/14 48/68/4 23/96/4
f 9/205/10 8/231/11 3/146/11
f 312/327/6 307/333/6 306/165/6
f 156/248/6 155/262/6 160/28/15
f 322/314/90 351/200/66 346/209/70
f 314/47/6 309/46/6 315/343/6
f 327/162/55 326/181/63 330/90/36
f 239/180/62 234/15/6 233/251/6
f 142/268/6 139/235/6 140/295/6
f 137/281/6 136/280/6 138/306/6
f 250/79/29 249/78/28 248/301/87
f 202/39/6 197/291/6 195/195/6
f 271/220/73 266/219/72 265/60/19
f 257/320/93 256/29/16 253/349/104
f 127/240/52 107/256/47 125/358/11
f 162/237/74 259/345/102 278/244/75
f 349/76/26 348/75/25 353/197/65
f 187/318/6 184/172/6 185/54/6
f 277/303/89 289/360/109 252/355/108
f 289/360/109 287/322/95 263/324/97
f 66/125/10 62/153/10 63/140/5
f 236/164/57 231/250/6 237/128/6
f 361/346/103 344/74/24 349/76/26
f 153/264/6 148/263/6 154/315/6
f 109/34/5 108/257/18 104/120/10
f 213/213/6 217/344/6 122/300/13
f 695/361/110 692/533/227 693/362/111
f 408/364/113 404/717/114 386/365/114
f 452/367/116 477/654/159 472/368/115
f 659/370/118 656/711/168 657/371/118
f 591/373/119 590/509/214 595/374/120
f 647/376/122 640/437/169 621/377/123
f 410/379/125 367/718/125 362/380/126
f 437/382/128 436/662/157 441/383/129
f 654/385/118 666/702/118 671/386/118
f 521/388/131 614/704/350 617/389/132
f 608/391/134 591/373/119 596/375/121
f 493/393/117 470/655/115 475/394/114
f 455/396/137 453/656/203 458/397/138
f 563/399/139 656/711/168 659/370/118
f 505/401/141 502/580/266 511/402/142
f 677/404/118 672/529/118 670/405/118
f 525/407/144 506/642/303 507/408/145
f 398/410/125 397/649/203 377/411/147
f 545/413/149 542/525/224 543/414/150
f 362/380/126 363/699/204 395/416/152
f 626/417/153 619/705/351 616/418/154
f 401/420/156 402/716/157 389/421/157
f 657/371/118 653/640/168 654/385/118
f 409/424/159 435/613/159 430/425/115
f 685/427/160 664/447/118 669/428/118
f 705/430/162 704/650/309 709/431/163
f 615/433/165 614/704/350 610/434/166
f 647/376/122 666/702/118 655/436/168
f 686/429/161 707/565/251 702/438/170
f 716/439/171 698/454/180 699/440/172
f 476/442/174 482/668/128 492/443/175
f 685/427/160 702/438/170 691/445/177
f 664/447/118 663/507/118 660/372/118
f 607/449/179 586/508/213 591/373/119
f 407/426/115 379/495/189 384/450/136
f 461/451/148 456/398/125 457/452/115
f 698/454/180 716/439/171 604/455/181
f 405/457/183 391/583/223 403/458/128
f 676/460/168 642/576/262 641/461/185
f 637/463/186 632/578/264 631/464/187
f 419/466/148 414/585/148 415/467/189
f 377/411/147 397/649/203 400/469/190
f 549/471/192 546/415/151 547/472/193
f 465/474/195 464/719/203 460/475/147
f 417/476/196 413/658/147 418/477/137
f 445/479/125 444/513/147 426/480/147
f 569/482/198 598/647/307 593/483/199
f 445/479/125 451/369/117 472/368/115
f 495/485/201 496/594/269 390/486/202
f 400/469/190 397/649/203 411/487/203
f 708/489/205 706/520/222 711/490/206
f 448/492/208 449/645/223 438/493/157
f 379/495/189 375/555/115 383/496/116
f 424/497/115 423/506/195 419/466/148
f 433/498/114 428/660/115 424/497/115
f 364/500/137 369/720/203 372/501/191
f 575/503/210 577/570/256 588/504/211
f 423/506/195 422/526/137 418/477/137
f 663/507/118 662/624/118 659/370/118
f 586/508/213 583/552/243 590/509/214
f 717/441/173 699/440/172 700/510/215
f 446/512/191 426/480/147 444/513/147
f 688/515/218 692/533/227 599/516/219
f 667/518/168 658/423/118 654/385/118
f 703/519/221 701/566/252 706/520/222
f 474/521/116 473/582/116 478/522/223
f 424/497/115 420/468/189 431/524/136
f 542/525/224 545/413/149 442/384/130
f 421/478/190 418/477/137 422/526/137
f 389/421/157 384/450/136 383/496/116
f 667/518/168 665/387/118 670/405/118
f 631/464/187 626/417/153 625/419/155
f 440/531/223 402/716/157 401/420/156
f 692/533/227 695/361/110 600/534/228
f 681/446/178 691/445/177 687/535/229
f 579/537/231 575/503/210 576/505/212
f 422/526/137 426/480/147 446/512/191
f 567/539/233 577/570/256 573/540/234
f 444/513/147 453/656/203 454/542/191
f 451/369/117 428/660/115 433/498/114
f 491/543/174 480/546/238 485/544/236
f 480/546/238 475/394/114 474/521/116
f 651/547/168 652/639/168 561/548/239
f 556/550/241 562/572/258 570/549/240
f 585/551/242 582/631/294 583/552/243
f 709/431/163 708/489/205 713/491/207
f 466/554/115 465/474/195 461/451/148
f 378/412/148 374/591/268 375/555/115
f 712/556/245 683/669/321 682/557/246
f 542/525/224 538/646/306 539/559/248
f 576/505/212 588/504/211 593/483/199
f 371/561/115 370/590/125 365/562/125
f 690/564/250 702/438/170 707/565/251
f 508/567/253 505/401/141 512/403/143
f 574/569/255 573/540/234 577/570/256
f 551/571/257 557/664/317 562/572/258
f 535/573/259 557/664/317 552/574/260
f 642/576/262 649/629/292 627/577/263
f 504/579/265 501/637/300 502/580/266
f 478/522/223 473/582/116 471/581/114
f 474/521/116 466/554/115 462/453/117
f 390/486/202 385/628/157 391/583/223
f 678/584/118 673/686/118 672/529/118
f 414/585/148 413/658/147 411/487/203
f 434/587/157 440/531/223 450/532/226
f 373/589/203 369/720/203 370/590/125
f 459/592/196 455/396/137 460/475/147
f 496/594/269 500/625/290 392/595/270
f 524/596/271 495/485/201 405/457/183
f 467/597/190 464/719/203 468/598/137
f 528/600/272 518/607/279 523/601/273
f 639/603/275 640/437/169 655/436/168
f 438/493/157 437/382/128 442/384/130
f 694/604/276 690/564/250 701/566/252
f 693/362/111 689/605/277 690/564/250
f 438/493/157 433/498/114 432/499/116
f 689/605/277 691/445/177 702/438/170
f 513/568/254 512/403/143 517/606/278
f 589/608/280 587/560/249 592/609/281
f 692/533/227 688/515/218 689/605/277
f 698/454/180 695/361/110 696/363/112
f 699/440/172 696/363/112 697/611/283
f 429/612/116 415/467/189 430/425/115
f 487/614/268 486/721/543 468/598/137
f 584/616/284 602/694/342 490/545/237
f 571/617/285 550/473/194 555/618/286
f 511/402/142 509/672/323 514/619/287
f 407/426/115 430/425/115 416/586/125
f 382/621/159 371/561/115 366/563/117
f 516/620/288 514/619/287 519/623/289
f 681/446/178 680/536/230 662/624/118
f 500/625/290 503/706/352 393/626/291
f 387/627/157 382/621/159 380/622/116
f 649/629/292 642/576/262 676/460/168
f 590/509/214 589/608/280 594/610/282
f 456/398/125 458/397/138 472/368/115
f 539/559/248 541/688/336 552/574/260
f 582/631/294 579/537/231 580/538/232
f 525/407/144 537/653/312 450/532/226
f 645/632/295 634/684/335 643/633/296
f 569/482/198 560/666/319 565/635/298
f 501/637/300 497/657/313 498/638/301
f 434/587/157 429/612/116 435/613/159
f 657/371/118 656/711/168 652/639/168
f 514/619/287 520/696/344 531/641/302
f 506/642/303 503/706/352 504/579/265
f 512/403/143 511/402/142 516/620/288
f 581/643/304 584/616/284 485/544/236
f 449/645/223 452/367/116 433/498/114
f 538/646/306 542/525/224 441/383/129
f 598/647/307 569/482/198 568/636/299
f 398/410/125 416/586/125 411/487/203
f 697/611/283 694/604/276 703/519/221
f 701/566/252 707/565/251 712/556/245
f 553/651/310 551/571/257 556/550/241
f 526/409/146 541/688/336 537/653/312
f 696/363/112 693/362/111 694/604/276
f 471/581/114 457/452/115 472/368/115
f 487/614/268 469/615/125 470/655/115
f 444/513/147 445/479/125 458/397/138
f 500/625/290 496/594/269 497/657/313
f 419/466/148 418/477/137 413/658/147
f 550/473/194 547/472/193 554/659/314
f 580/538/232 576/505/212 587/560/249
f 445/479/125 427/481/197 428/660/115
f 562/572/258 528/600/272 527/602/274
f 479/523/128 478/522/223 483/661/315
f 687/535/229 688/515/218 597/517/220
f 566/541/235 573/540/234 492/443/175
f 431/524/136 429/612/116 434/587/157
f 605/392/135 596/375/121 601/456/182
f 385/628/157 380/622/116 386/365/114
f 496/594/269 495/485/201 499/663/316
f 383/496/116 382/621/159 387/627/157
f 375/555/115 374/591/268 370/590/125
f 528/600/272 562/572/258 557/664/317
f 596/375/121 595/374/120 600/534/228
f 535/573/259 513/568/254 518/607/279
f 555/618/286 554/659/314 559/665/318
f 449/645/223 482/668/128 477/654/159
f 441/383/129 436/662/157 434/587/157
f 366/563/117 381/366/115 386/365/114
f 578/667/320 574/569/255 575/503/210
f 378/412/148 377/411/147 373/589/203
f 564/400/140 659/370/118 662/624/118
f 506/642/303 525/407/144 401/420/156
f 454/542/191 453/656/203 455/396/137
f 476/442/174 471/581/114 477/654/159
f 683/669/321 686/429/161 669/428/118
f 706/520/222 712/556/245 720/558/247
f 533/575/261 508/567/253 513/568/254
f 531/641/302 609/677/328 610/434/166
f 594/610/282 592/609/281 597/517/220
f 498/638/301 510/690/338 515/671/322
f 630/530/225 625/419/155 623/673/324
f 566/541/235 548/710/356 549/471/192
f 543/414/150 539/559/248 540/630/293
f 502/580/266 498/638/301 509/672/323
f 532/676/327 638/712/357 609/677/328
f 518/607/279 517/606/278 522/390/133
f 641/461/185 642/576/262 632/578/264
f 621/377/123 620/698/346 617/389/132
f 636/465/188 631/464/187 630/530/225
f 462/453/117 457/452/115 471/581/114
f 573/540/234 574/569/255 481/444/176
f 648/680/331 644/693/341 629/681/332
f 633/683/334 628/674/325 634/684/335
f 674/670/118 669/428/118 668/685/118
f 572/484/200 555/618/286 560/666/319
f 679/687/168 674/670/118 673/686/118
f 560/666/319 559/665/318 564/400/140
f 635/679/330 630/530/225 628/674/325
f 652/639/168 651/547/168 655/436/168
f 540/630/293 552/574/260 557/664/317
f 649/629/292 647/376/122 622/378/124
f 426/480/147 422/526/137 423/506/195
f 533/575/261 552/574/260 541/688/336
f 415/467/189 414/585/148 416/586/125
f 388/528/223 387/627/157 392/595/270
f 530/689/337 515/671/322 510/690/338
f 468/598/137 464/719/203 465/474/195
f 664/447/118 661/448/118 668/685/118
f 372/501/191 369/720/203 373/589/203
f 644/693/341 643/633/296 634/684/335
f 526/409/146 507/408/145 508/567/253
f 602/694/342 584/616/284 585/551/242
f 475/394/114 470/655/115 466/554/115
f 520/696/344 529/701/348 532/676/327
f 639/603/275 651/547/168 570/549/240
f 668/685/118 661/448/118 658/423/118
f 683/669/321 674/670/118 679/687/168
f 412/488/204 411/487/203 413/658/147
f 661/448/118 660/372/118 657/371/118
f 616/418/154 615/433/165 611/435/167
f 460/475/147 464/719/203 467/597/190
f 665/387/118 671/386/118 676/460/168
f 581/643/304 578/667/320 579/537/231
f 623/673/324 612/697/345 624/682/333
f 522/390/133 617/389/132 620/698/346
f 363/699/204 362/380/126 364/500/137
f 662/624/118 680/536/230 568/636/299
f 721/511/216 700/510/215 705/430/162
f 529/701/348 520/696/344 515/671/322
f 578/667/320 581/643/304 484/644/305
f 546/415/151 543/414/150 544/675/326
f 649/629/292 671/386/118 666/702/118
f 583/552/243 580/538/232 589/608/280
f 534/691/339 510/690/338 499/663/316
f 695/361/110 698/454/180 601/456/182
f 519/623/289 610/434/166 614/704/350
f 432/499/116 431/524/136 436/662/157
f 627/577/263 622/378/124 619/705/351
f 640/437/169 639/603/275 620/698/346
f 537/653/312 538/646/306 439/588/267
f 572/484/200 593/483/199 588/504/211
f 628/674/325 623/673/324 629/681/332
f 653/640/168 655/436/168 666/702/118
f 622/378/124 621/377/123 618/678/329
f 680/536/230 687/535/229 606/648/308
f 503/706/352 506/642/303 394/422/158
f 719/707/353 710/432/164 715/708/354
f 387/627/157 385/628/157 390/486/202
f 603/695/343 585/551/242 586/508/213
f 483/661/315 478/522/223 476/442/174
f 548/710/356 566/541/235 448/492/208
f 545/413/149 548/710/356 443/494/209
f 619/705/351 618/678/329 615/433/165
f 561/548/239 652/639/168 656/711/168
f 470/655/115 469/615/125 465/474/195
f 638/712/357 650/714/359 613/713/358
f 632/578/264 627/577/263 626/417/153
f 509/672/323 515/671/322 520/696/344
f 722/700/347 705/430/162 710/432/164
f 592/609/281 598/647/307 606/648/308
f 427/481/197 423/506/195 424/497/115
f 650/714/359 648/680/331 624/682/333
f 548/710/356 545/413/149 546/415/151
f 710/432/164 709/431/163 714/553/244
f 523/601/273 620/698/346 639/603/275
f 468/598/137 486/721/543 489/715/360
f 618/678/329 617/389/132 614/704/350
f 558/652/311 556/550/241 561/548/239
f 611/435/167 610/434/166 609/677/328
f 497/657/313 499/663/316 510/690/338
f 503/706/352 500/625/290 501/637/300
f 595/374/120 594/610/282 599/516/219
f 688/515/218 687/535/229 691/445/177
f 402/716/157 409/424/159 384/450/136
f 482/668/128 449/645/223 448/492/208
f 670/405/118 676/460/168 684/462/168
f 683/669/321 712/556/245 707/565/251
f 517/606/278 516/620/288 521/388/131
f 668/685/118 667/518/168 672/529/118
f 370/590/125 369/720/203 364/500/137
f 461/451/148 460/475/147 455/396/137
f 536/703/349 499/663/316 495/485/201
f 480/546/238 479/523/128 484/644/305
f 567/539/233 549/471/192 550/473/194
f 554/659/314 553/651/310 558/652/311
f 420/468/189 415/467/189 429/612/116
f 373/589/203 377/411/147 399/470/191
f 544/675/326 540/630/293 551/571/257
f 685/427/160 681/446/178 663/507/118
f 389/421/157 388/528/223 393/626/291
f 407/426/115 398/410/125 378/412/148
f 559/665/318 558/652/311 563/399/139
f 365/562/125 367/718/125 381/366/115
f 507/408/145 504/579/265 505/401/141
f 491/543/174 494/395/136 475/394/114
f 404/717/114 403/458/128 391/583/223
f 625/419/155 616/418/154 612/697/345
f 383/496/116 375/555/115 371/561/115
f 587/560/249 593/483/199 598/647/307
f 402/716/157 440/531/223 435/613/159
f 547/472/193 544/675/326 553/651/310
f 704/650/309 703/519/221 708/489/205
f 584/616/284 581/643/304 582/631/294
f 612/697/345 611/435/167 613/713/358
f 410/379/125 408/364/113 381/366/115
f 365/562/125 364/500/137 362/380/126
f 700/510/215 697/611/283 704/650/309
f 538/646/306 537/653/312 541/688/336
f 571/617/285 588/504/211 577/570/256
f 574/569/255 578/667/320 483/661/315
f 727/718/361 771/379/522 756/381/362
f 933/484/364 932/617/364 948/504/364
f 1053/362/364 1055/604/364 1052/564/364
f 970/435/365 975/433/511 977/418/366
f 1066/430/364 1071/432/364 1070/431/364
f 750/421/368 762/716/510 763/420/369
f 1077/441/364 1082/511/364 1061/510/364
f 774/488/371 775/487/397 760/649/372
f 727/718/361 723/562/476 728/563/374
f 1059/440/364 1061/510/364 1058/611/364
f 1057/361/364 1060/454/364 1059/440/364
f 1023/507/364 1041/446/364 1046/427/364
f 729/590/377 733/591/456 736/555/378
f 804/494/380 799/493/526 809/645/381
f 1042/536/364 1041/446/364 1023/507/364
f 816/542/383 817/656/455 807/513/384
f 737/412/386 759/410/475 768/426/387
f 953/483/364 949/560/364 954/609/364
f 738/411/389 734/589/406 739/692/390
f 814/398/392 819/452/413 832/368/393
f 773/658/395 772/585/423 776/586/396
f 846/544/398 841/546/462 851/543/399
f 865/706/364 862/625/364 753/595/401
f 764/457/403 858/485/364 885/596/376
f 1023/507/364 1025/447/376 1022/448/364
f 749/528/405 750/421/368 755/422/370
f 734/589/406 730/720/494 735/501/407
f 829/598/408 828/615/505 824/474/409
f 823/453/411 834/582/514 833/581/412
f 884/601/414 879/607/364 888/600/364
f 871/672/364 872/402/364 877/620/364
f 900/653/364 887/407/364 763/420/369
f 1015/436/376 1000/437/446 1001/603/415
f 825/719/410 830/597/513 847/599/416
f 746/365/417 765/717/540 769/364/418
f 728/563/374 732/561/379 743/621/419
f 1047/429/364 1046/427/364 1062/438/364
f 926/635/364 921/666/364 929/482/364
f 778/466/421 781/468/479 777/467/422
f 936/540/364 928/541/364 810/492/382
f 1024/624/364 926/635/364 930/636/364
f 821/475/425 820/451/519 814/398/392
f 743/621/419 744/496/501 749/528/405
f 1036/460/364 1002/576/492 1010/629/428
f 859/663/364 856/657/364 860/638/364
f 957/375/364 965/392/364 966/455/376
f 1018/711/364 1013/639/364 923/548/364
f 972/677/429 999/712/451 893/676/430
f 899/646/364 801/588/414 802/383/432
f 955/610/364 956/374/376 961/534/364
f 783/526/433 788/527/541 805/512/434
f 1025/447/376 1046/427/364 1047/429/364
f 935/569/364 843/444/537 844/661/436
f 993/578/437 1002/576/492 1003/461/438
f 786/481/440 789/660/460 785/497/441
f 1014/547/364 1001/603/415 889/602/364
f 987/417/443 988/577/449 993/578/437
f 943/643/364 946/616/364 945/551/364
f 919/652/364 920/665/364 925/400/376
f 982/698/445 1001/603/415 1000/437/446
f 980/705/448 983/378/491 988/577/449
f 1035/670/364 1043/669/364 1044/557/364
f 909/471/364 927/539/364 932/617/364
f 1050/535/364 1042/536/364 930/636/364
f 973/713/450 1011/714/527 999/712/451
f 979/389/452 982/698/445 981/377/447
f 806/479/454 807/513/384 817/656/455
f 887/407/364 868/642/364 755/422/370
f 949/560/364 950/608/376 955/610/364
f 1076/708/364 1071/432/364 1079/707/364
f 733/591/456 737/412/386 740/495/388
f 1060/454/364 1057/361/364 961/534/364
f 989/681/457 1005/693/520 1009/680/458
f 789/660/460 794/498/508 793/499/461
f 841/546/462 846/544/398 845/644/463
f 809/645/381 813/367/525 837/654/465
f 869/567/364 874/568/364 873/403/364
f 899/646/364 898/559/364 901/688/364
f 929/482/364 933/484/364 953/483/364
f 798/382/467 803/384/531 802/383/432
f 994/684/469 990/674/493 995/683/470
f 1029/685/364 1034/686/364 1033/529/364
f 1021/370/364 1018/711/364 924/399/364
f 854/393/472 855/395/536 836/394/473
f 1058/611/364 1065/650/364 1064/519/376
f 1014/547/364 1013/639/364 1012/640/364
f 863/580/364 866/401/364 873/403/364
f 940/667/364 844/661/436 845/644/463
f 904/525/364 903/414/364 898/559/364
f 738/411/389 760/649/372 759/410/475
f 723/562/476 729/590/377 732/561/379
f 1063/566/364 1064/519/376 1069/489/364
f 864/579/364 866/401/364 863/580/364
f 1030/428/364 1035/670/364 1034/686/364
f 1022/448/364 1029/685/364 1028/518/364
f 734/589/406 738/411/389 737/412/386
f 746/365/417 742/622/420 747/628/477
f 1065/650/364 1070/431/364 1069/489/364
f 781/468/479 792/524/502 791/612/480
f 856/657/364 861/637/364 863/580/364
f 797/662/468 802/383/432 801/588/414
f 922/572/364 918/550/364 923/548/364
f 1013/639/364 1014/547/364 931/549/364
f 873/403/364 874/568/364 879/607/364
f 1054/533/364 1049/515/364 959/517/364
f 877/620/364 878/606/376 883/390/482
f 896/573/364 888/600/364 879/607/364
f 766/458/484 751/583/478 764/457/403
f 773/658/395 780/476/507 784/478/485
f 992/464/444 993/578/437 998/463/439
f 958/647/364 967/648/364 930/636/364
f 760/649/372 738/411/389 758/470/391
f 875/671/364 871/672/364 876/619/364
f 812/369/488 806/479/454 818/397/394
f 724/500/489 730/720/494 729/590/377
f 981/377/447 1000/437/446 1008/376/490
f 988/577/449 1010/629/428 1002/576/492
f 1001/603/415 982/698/445 884/601/414
f 842/668/466 853/443/424 810/492/382
f 989/681/457 985/673/504 990/674/493
f 952/373/364 969/391/376 965/392/364
f 1057/361/364 1054/533/364 960/516/364
f 983/378/491 1008/376/490 1010/629/428
f 730/720/494 724/500/489 731/502/495
f 770/424/496 768/426/387 790/425/497
f 1053/362/364 1056/363/376 1058/611/364
f 796/587/481 801/588/414 811/532/364
f 955/610/364 960/516/364 959/517/364
f 782/506/442 785/497/441 781/468/479
f 748/627/427 749/528/405 754/626/402
f 751/583/478 747/628/477 752/486/500
f 1069/489/364 1074/491/364 1073/490/364
f 726/380/363 724/500/489 723/562/476
f 915/659/364 920/665/364 919/652/364
f 744/496/501 745/450/509 750/421/368
f 785/497/441 793/499/461 792/524/502
f 1028/518/364 1033/529/364 1032/405/364
f 974/697/367 977/418/366 986/419/503
f 828/615/505 831/655/474 827/554/506
f 1022/448/364 1025/447/376 1030/428/364
f 775/487/397 774/488/371 780/476/507
f 1013/639/364 1018/711/364 1017/371/364
f 963/695/364 968/449/364 947/508/364
f 946/616/364 943/643/364 845/644/463
f 1072/556/364 1043/669/364 1047/429/364
f 787/480/435 805/512/434 808/514/385
f 906/415/364 909/471/364 911/473/364
f 812/369/488 813/367/525 794/498/508
f 745/450/509 770/424/496 762/716/510
f 1054/533/364 1057/361/364 1056/363/376
f 975/433/511 978/678/453 980/705/448
f 978/678/453 981/377/447 983/378/491
f 985/673/504 986/419/503 991/530/512
f 794/498/508 799/493/526 798/382/467
f 800/531/499 811/532/364 763/420/369
f 821/475/425 826/593/538 830/597/513
f 1033/529/364 1038/404/364 1037/406/364
f 827/554/506 835/521/532 834/582/514
f 935/569/364 934/503/364 937/570/376
f 772/585/423 777/467/422 790/425/497
f 1049/515/364 1050/535/364 967/648/364
f 848/614/515 854/393/472 831/655/474
f 732/561/379 736/555/378 744/496/501
f 964/694/364 946/616/364 846/544/398
f 865/706/364 868/642/364 867/408/364
f 787/480/435 786/481/440 782/506/442
f 986/419/503 987/417/443 992/464/444
f 862/625/364 857/594/364 752/486/500
f 948/504/364 932/617/364 927/539/364
f 1002/576/492 1036/460/364 1045/462/364
f 862/625/364 865/706/364 864/579/364
f 759/410/475 760/649/372 775/487/397
f 747/628/477 748/627/427 753/595/401
f 888/600/364 922/572/364 931/549/364
f 938/505/364 949/560/364 953/483/364
f 792/524/502 797/662/468 796/587/481
f 834/582/514 839/522/528 838/442/516
f 1049/515/364 1054/533/364 1053/362/364
f 1034/686/364 1035/670/364 1040/687/364
f 1061/510/364 1082/511/364 1083/700/364
f 1033/529/364 1034/686/364 1039/584/364
f 1020/372/364 1022/448/364 1019/423/364
f 740/495/388 768/426/387 770/424/496
f 868/642/364 865/706/364 754/626/402
f 887/407/364 886/409/364 867/408/364
f 905/675/364 908/472/364 915/659/364
f 833/581/412 838/442/516 842/668/466
f 730/720/494 734/589/406 733/591/456
f 726/380/363 756/381/362 757/416/517
f 1031/386/364 1027/387/364 1032/405/364
f 1051/445/364 1048/605/364 1052/564/364
f 820/451/519 823/453/411 819/452/413
f 934/503/364 938/505/364 948/504/364
f 1026/702/364 1016/385/364 1027/387/364
f 1062/438/364 1046/427/364 1041/446/364
f 1041/446/364 1042/536/364 1050/535/364
f 1070/431/364 1071/432/364 1076/708/364
f 815/396/426 814/398/392 818/397/394
f 880/696/364 892/701/364 891/689/364
f 994/684/469 1006/633/523 1005/693/520
f 878/606/376 879/607/364 884/601/414
f 898/559/364 902/630/364 912/574/364
f 1067/565/364 1063/566/364 1068/520/364
f 880/696/364 876/619/364 881/623/521
f 984/682/459 974/697/367 985/673/504
f 857/594/364 856/657/364 859/663/364
f 741/366/375 769/364/418 771/379/522
f 910/710/364 928/541/364 927/539/364
f 1024/624/364 1023/507/364 1020/372/364
f 921/666/364 926/635/364 925/400/376
f 908/472/364 911/473/364 916/618/364
f 902/630/364 905/675/364 914/651/364
f 806/479/454 812/369/488 789/660/460
f 777/467/422 791/612/480 795/613/498
f 917/664/364 913/571/364 918/550/364
f 911/473/364 932/617/364 933/484/364
f 741/366/375 728/563/374 742/622/420
f 916/618/364 933/484/364 929/482/364
f 913/571/364 914/651/364 919/652/364
f 742/622/420 743/621/419 748/627/427
f 1006/633/523 994/684/469 1004/632/471
f 928/541/364 910/710/364 804/494/380
f 857/594/364 862/625/364 861/637/364
f 813/367/525 809/645/381 799/493/526
f 1052/564/364 1055/604/364 1064/519/376
f 901/688/364 886/409/364 887/407/364
f 819/452/413 833/581/412 837/654/465
f 984/682/459 1009/680/458 1011/714/527
f 942/631/364 945/551/364 947/508/364
f 840/523/464 845/644/463 844/661/436
f 940/667/364 943/643/364 942/631/364
f 907/413/364 906/415/364 903/414/364
f 829/598/408 847/599/416 850/715/529
f 1083/700/364 1079/707/364 1071/432/364
f 939/537/364 941/538/364 938/505/364
f 951/509/364 952/373/364 957/375/364
f 907/413/364 904/525/364 802/383/432
f 1062/438/364 1052/564/364 1063/566/364
f 869/567/364 894/575/364 896/573/364
f 872/402/364 873/403/364 878/606/376
f 836/394/473 841/546/462 840/523/464
f 947/508/364 968/449/364 969/391/376
f 894/575/364 886/409/364 901/688/364
f 976/704/533 979/389/452 978/678/453
f 817/656/455 816/542/383 822/592/534
f 779/477/486 778/466/421 772/585/423
f 762/716/510 770/424/496 795/613/498
f 813/367/525 812/369/488 832/368/393
f 976/704/533 971/434/535 881/623/521
f 971/434/535 976/704/533 975/433/511
f 1072/556/364 1068/520/364 1073/490/364
f 937/570/376 927/539/364 928/541/364
f 898/559/364 903/414/364 905/675/364
f 1024/624/364 1021/370/364 925/400/376
f 870/690/376 860/638/364 871/672/364
f 915/659/364 916/618/364 921/666/364
f 855/395/536 851/543/399 841/546/462
f 939/537/364 942/631/364 944/552/364
f 964/694/364 963/695/364 945/551/364
f 1070/431/364 1075/553/376 1074/491/364
f 950/608/376 951/509/364 956/374/376
f 807/513/384 806/479/454 786/481/440
f 958/647/364 954/609/364 959/517/364
f 935/569/364 936/540/364 853/443/424
f 897/703/364 885/596/376 858/485/364
f 838/442/516 843/444/537 853/443/424
f 1026/702/364 1008/376/490 1000/437/446
f 971/434/535 972/677/429 890/641/431
f 891/689/364 895/691/364 870/690/376
f 907/413/364 910/710/364 909/471/364
f 864/579/364 867/408/364 869/567/364
f 956/374/376 957/375/364 962/456/364
f 1021/370/364 1020/372/364 1017/371/364
f 910/710/364 907/413/364 803/384/531
f 835/521/532 840/523/464 839/522/528
f 858/485/364 764/457/403 752/486/500
f 867/408/364 886/409/364 894/575/364
f 815/396/426 822/592/534 826/593/538
f 990/674/493 991/530/512 996/679/539
f 1043/669/364 1072/556/364 1081/558/364
f 1012/640/364 1017/371/364 1019/423/364
f 825/719/410 824/474/409 820/451/519
f 972/677/429 971/434/535 970/435/365
f 799/493/526 804/494/380 803/384/531
f 791/612/480 796/587/481 800/531/499
f 831/655/474 836/394/473 835/521/532
f 892/701/364 880/696/364 890/641/431
f 736/555/378 740/495/388 745/450/509
f 751/583/478 766/458/484 765/717/540
f 1036/460/364 1032/405/364 1037/406/364
f 724/500/489 726/380/363 725/699/518
f 982/698/445 979/389/452 883/390/482
f 895/691/364 897/703/364 859/663/364
f 903/414/364 906/415/364 908/472/364
f 1030/428/364 1047/429/364 1043/669/364
f 768/426/387 759/410/475 776/586/396
f 1031/386/364 1010/629/428 1008/376/490
f 944/552/364 947/508/364 952/373/364
f 783/526/433 782/506/442 778/466/421
f 824/474/409 827/554/506 823/453/411
f 902/630/364 913/571/364 917/664/364
f 938/505/364 941/538/364 950/608/376
f 973/713/450 970/435/365 974/697/367
f 1078/439/364 1077/441/364 1059/440/364
f 779/477/486 784/478/485 788/527/541
f 849/721/530 848/614/515 828/615/505
f 896/573/364 894/575/364 912/574/364
f 793/499/461 798/382/467 797/662/468
f 977/418/366 980/705/448 987/417/443
f 918/550/364 919/652/364 924/399/364
f 899/646/364 900/653/364 811/532/364
f 940/667/364 939/537/364 934/503/364
f 991/530/512 992/464/444 997/465/487
f 1015/436/376 1012/640/364 1016/385/364
f 1016/385/364 1019/423/364 1028/518/364
f 941/538/364 944/552/364 951/509/364
f 1050/535/364 1049/515/364 1048/605/364
f 979/389/452 976/704/533 882/388/483
f 1060/454/364 962/456/364 966/455/376
f 860/638/364 863/580/364 872/402/364
f 1061/510/364 1066/430/364 1065/650/364
f 888/600/364 896/573/364 917/664/364
f 876/619/364 877/620/364 882/388/483
f 839/522/528 844/661/436 843/444/537
