# Blender 3.6.23
# www.blender.org
o sol.001
v -1.986450 0.002918 3.360869
v -2.081145 0.002918 3.308332
v -2.486311 0.002918 4.261845
v -2.581007 0.002918 4.209308
v 0.646884 1.474299 -3.253247
v 0.635505 1.473178 -3.253247
v 0.624562 1.469859 -3.253247
v 0.614478 1.464469 -3.253247
v 0.605639 1.457215 -3.253247
v 0.598385 1.448375 -3.253247
v 0.592994 1.438291 -3.253247
v 0.589675 1.427349 -3.253247
v 0.588554 1.415969 -3.253247
v 0.589675 1.404589 -3.253247
v 0.592994 1.393647 -3.253247
v 0.598385 1.383563 -3.253247
v 0.605639 1.374723 -3.253247
v 0.614478 1.367469 -3.253247
v 0.624562 1.362079 -3.253247
v 0.635505 1.358760 -3.253247
v 0.646884 1.357639 -3.253247
v 0.658264 1.358760 -3.253247
v 0.669206 1.362079 -3.253247
v 0.679291 1.367469 -3.253247
v 0.688130 1.374723 -3.253247
v 0.695384 1.383563 -3.253247
v 0.700774 1.393647 -3.253247
v 0.704094 1.404589 -3.253247
v 0.705215 1.415969 -3.253247
v 0.704094 1.427349 -3.253247
v 0.700774 1.438291 -3.253247
v 0.695384 1.448376 -3.253247
v 0.688130 1.457215 -3.253247
v 0.679291 1.464469 -3.253247
v 0.669206 1.469859 -3.253247
v 0.658264 1.473178 -3.253247
v 0.646884 1.474299 -3.253247
v 0.635505 1.473178 -3.253247
v 0.624562 1.469859 -3.253247
v 0.614478 1.464469 -3.253247
v 0.605639 1.457215 -3.253247
v 0.598385 1.448375 -3.253247
v 0.592994 1.438291 -3.253247
v 0.589675 1.427349 -3.253247
v 0.588554 1.415969 -3.253247
v 0.589675 1.404589 -3.253247
v 0.592994 1.393647 -3.253247
v 0.598385 1.383563 -3.253247
v 0.605639 1.374723 -3.253247
v 0.614478 1.367469 -3.253247
v 0.624562 1.362079 -3.253247
v 0.635505 1.358760 -3.253247
v 0.646884 1.357639 -3.253247
v 0.658264 1.358760 -3.253247
v 0.669206 1.362079 -3.253247
v 0.679291 1.367469 -3.253247
v 0.688130 1.374723 -3.253247
v 0.695384 1.383563 -3.253247
v 0.700774 1.393647 -3.253247
v 0.704094 1.404589 -3.253247
v 0.705215 1.415969 -3.253247
v 0.704094 1.427349 -3.253247
v 0.700774 1.438291 -3.253247
v 0.695384 1.448376 -3.253247
v 0.688130 1.457215 -3.253247
v 0.679291 1.464469 -3.253247
v 0.669206 1.469859 -3.253247
v 0.658264 1.473178 -3.253247
v 0.646884 1.390504 -3.253247
v 0.641916 1.440945 -3.253247
v 0.637139 1.439496 -3.253247
v 0.632737 1.437143 -3.253247
v 0.628878 1.433976 -3.253247
v 0.625711 1.430117 -3.253247
v 0.623358 1.425714 -3.253247
v 0.621908 1.420937 -3.253247
v 0.672350 1.415969 -3.253247
v 0.621908 1.411001 -3.253247
v 0.623358 1.406224 -3.253247
v 0.625711 1.401821 -3.253247
v 0.628878 1.397962 -3.253247
v 0.632737 1.394795 -3.253247
v 0.637139 1.392442 -3.253247
v 0.641916 1.390993 -3.253247
v 0.651852 1.390993 -3.253247
v 0.656630 1.392442 -3.253247
v 0.661032 1.394795 -3.253247
v 0.664891 1.397962 -3.253247
v 0.668058 1.401821 -3.253247
v 0.670411 1.406224 -3.253247
v 0.671860 1.411001 -3.253247
v 0.646884 1.441434 -3.253247
v 0.671860 1.420937 -3.253247
v 0.670411 1.425714 -3.253247
v 0.668058 1.430117 -3.253247
v 0.664891 1.433976 -3.253247
v 0.661032 1.437143 -3.253247
v 0.656630 1.439496 -3.253247
v 0.651852 1.440945 -3.253247
v 0.621419 1.415969 -3.253247
v 0.530685 1.415969 -3.253247
v 0.763083 1.415969 -3.253247
v 0.646884 1.532168 -3.253247
v 0.646884 1.299770 -3.253247
v -2.012847 0.002918 -1.544490
v -2.111290 0.002918 -1.499364
v -2.442197 0.002918 -2.481121
v -2.540640 0.002918 -2.435995
v 3.634167 0.959952 3.062531
v 3.634167 1.373682 3.468945
v 3.683380 0.959952 3.062531
v 3.683380 1.373682 3.468945
v 3.664037 0.959952 3.945648
v 3.664036 1.373682 4.352062
v 3.713250 0.959952 3.945648
v 3.713249 1.373682 4.352062
v 3.664037 0.959952 1.980628
v 3.664036 1.373682 2.387043
v 3.713250 0.959952 1.980628
v 3.713249 1.373682 2.387043
v 3.634167 0.959952 1.097511
v 3.634167 1.373682 1.503926
v 3.683380 0.959952 1.097511
v 3.683380 1.373682 1.503926
v 3.634167 0.959952 -0.865359
v 3.634167 1.373682 -0.458944
v 3.683380 0.959952 -0.865359
v 3.683380 1.373682 -0.458944
v 3.664037 0.959952 0.017758
v 3.664036 1.373682 0.424172
v 3.713250 0.959952 0.017758
v 3.713249 1.373682 0.424172
v 3.664037 0.959952 -1.947346
v 3.664036 1.373682 -1.540931
v 3.713250 0.959952 -1.947346
v 3.713249 1.373682 -1.540931
v 3.634167 0.959952 -2.830463
v 3.634167 1.373682 -2.424048
v 3.683380 0.959952 -2.830463
v 3.683380 1.373682 -2.424048
v 3.795569 0.989875 3.507118
v 3.505075 0.989875 3.507119
v 3.795573 0.989875 4.347888
v 3.505079 0.989875 4.347889
v 3.770775 0.989875 2.626229
v 3.480280 0.989875 2.626230
v 3.770779 0.989875 3.466999
v 3.480285 0.989875 3.467000
v 3.803224 0.989875 1.522485
v 3.512729 0.989875 1.522486
v 3.803228 0.989875 2.363255
v 3.512734 0.989875 2.363256
v 3.779412 0.989875 0.655203
v 3.488918 0.989875 0.655204
v 3.779417 0.989875 1.495973
v 3.488922 0.989875 1.495974
v 3.797488 0.989875 -0.404094
v 3.506994 0.989875 -0.404092
v 3.797493 0.989875 0.436676
v 3.506999 0.989875 0.436678
v 3.769696 0.989875 -1.355001
v 3.479202 0.989875 -1.355000
v 3.769701 0.989875 -0.514231
v 3.479206 0.989875 -0.514230
v 3.799406 0.989875 -2.362936
v 3.508911 0.989875 -2.362935
v 3.799410 0.989875 -1.522166
v 3.508916 0.989875 -1.522165
v 3.779412 0.989875 -3.273325
v 3.488918 0.989875 -3.273324
v 3.779417 0.989875 -2.432555
v 3.488922 0.989875 -2.432554
v -0.584803 1.176958 -2.858068
v -0.463978 1.200404 -2.813021
v -0.383198 1.197562 -3.028103
v -0.504277 1.175394 -3.073257
v -0.522372 1.320727 -2.778935
v -0.517390 1.320416 -2.790736
v -0.509929 1.320184 -2.809319
v -0.497653 1.319509 -2.840163
v -0.486188 1.319177 -2.869517
v -0.474462 1.318980 -2.899806
v -0.525235 1.322135 -2.773593
v -0.528873 1.325989 -2.768978
v -0.533315 1.333541 -2.767274
v -0.539447 1.348200 -2.769529
v -0.550930 1.374046 -2.774197
v -0.561940 1.401441 -2.779339
v -0.571079 1.422177 -2.783004
v -0.573180 1.423197 -2.783443
v -0.581910 1.422217 -2.786560
v -0.591062 1.420412 -2.790075
v -0.601705 1.416857 -2.794184
v -0.611277 1.413379 -2.797737
v -0.613834 1.408383 -2.798558
v -0.613441 1.389671 -2.798212
v -0.612428 1.354770 -2.797189
v -0.611420 1.316810 -2.796581
v -0.610033 1.275433 -2.795654
v -0.608644 1.238442 -2.794230
v -0.607639 1.212091 -2.793609
v -0.607138 1.195996 -2.793038
v -0.606362 1.186182 -2.793576
v -0.603902 1.178319 -2.800220
v -0.409500 1.318278 -3.081612
v -0.413462 1.318161 -3.069427
v -0.419991 1.318232 -3.050495
v -0.430910 1.318061 -3.019139
v -0.441466 1.318207 -2.989444
v -0.452435 1.318503 -2.958874
v -0.408158 1.319595 -3.087543
v -0.407866 1.323364 -3.093467
v -0.410068 1.330867 -3.097771
v -0.416102 1.345524 -3.100290
v -0.427700 1.371373 -3.104647
v -0.439244 1.398779 -3.108360
v -0.448441 1.419516 -3.111868
v -0.450311 1.420531 -3.112926
v -0.458955 1.419550 -3.116273
v -0.468184 1.417746 -3.119583
v -0.478938 1.414193 -3.123395
v -0.488517 1.410715 -3.126927
v -0.491013 1.405718 -3.127911
v -0.490588 1.387005 -3.127649
v -0.489338 1.352099 -3.127263
v -0.488380 1.314140 -3.126523
v -0.486943 1.272762 -3.125728
v -0.485158 1.235763 -3.125369
v -0.484131 1.209411 -3.124806
v -0.483464 1.193313 -3.124681
v -0.483281 1.183511 -3.123626
v -0.485813 1.175757 -3.116884
v 1.671922 0.085410 -1.307603
v 1.671922 0.006765 -1.307603
v 1.672749 0.009237 -1.307613
v 1.672749 -0.000310 -1.307613
v 2.907791 0.009237 -1.307613
v 2.907791 -0.000310 -1.307613
v 2.906964 0.085410 -1.307603
v 2.906964 0.006765 -1.307603
v 2.907791 0.009237 -1.762205
v 2.907791 -0.000310 -1.762205
v 2.906964 0.085410 -1.762195
v 2.906964 0.006765 -1.762195
v 1.672749 0.009237 -1.762205
v 1.672749 -0.000310 -1.762205
v 1.671922 0.085410 -1.762195
v 1.671922 0.006765 -1.762195
v -0.222445 -0.000492 1.206103
v -0.222445 0.022618 1.206103
v 0.217197 -0.000492 1.359331
v 0.217197 0.022618 1.359331
v 0.409583 -0.000491 0.811122
v 0.409583 0.022618 0.811122
v -0.031717 -0.000491 0.656589
v -0.031717 0.022618 0.656589
v 1.237267 -0.000492 1.271820
v 1.237267 0.022618 1.271820
v 1.702384 -0.000492 1.292573
v 1.702384 0.022618 1.292573
v 1.729525 -0.000491 0.712220
v 1.729525 0.022619 0.712220
v 1.262447 -0.000491 0.690692
v 1.262447 0.022618 0.690692
v 2.517046 -0.000492 1.293306
v 2.517046 0.022618 1.293306
v 2.977672 -0.000492 1.225572
v 2.977672 0.022618 1.225572
v 2.894381 -0.000491 0.650587
v 2.894381 0.022618 0.650587
v 2.431682 -0.000491 0.717931
v 2.431682 0.022618 0.717931
v 2.456493 -0.000492 2.118351
v 2.456493 0.022618 2.118351
v 2.912145 -0.000492 2.022718
v 2.912145 0.022618 2.022718
v 2.794026 -0.000492 1.453865
v 2.794026 0.022618 1.453865
v 2.336281 -0.000492 1.549235
v 2.336281 0.022618 1.549235
v 1.355612 -0.000492 2.145645
v 1.355612 0.022618 2.145645
v 1.815634 -0.000492 2.073926
v 1.815634 0.022618 2.073926
v 1.727368 -0.000492 1.499684
v 1.727368 0.022618 1.499684
v 1.265269 -0.000492 1.571032
v 1.265269 0.022618 1.571032
v -0.056178 -0.000492 2.173045
v -0.056178 0.022618 2.173045
v 0.408070 -0.000492 2.137861
v 0.408070 0.022618 2.137861
v 0.365405 -0.000492 1.558442
v 0.365405 0.022618 1.558442
v -0.100884 -0.000492 1.593093
v -0.100884 0.022618 1.593093
v 0.013078 -0.000492 3.038407
v 0.013078 0.022618 3.038407
v 0.468027 -0.000492 2.939482
v 0.468027 0.022618 2.939482
v 0.345798 -0.000492 2.371498
v 0.345798 0.022618 2.371498
v -0.111245 -0.000492 2.470176
v -0.111245 0.022618 2.470176
v 1.215449 -0.000492 2.919080
v 1.215449 0.022618 2.919080
v 1.680926 -0.000492 2.909336
v 1.680926 0.022618 2.909336
v 1.670012 -0.000492 2.328452
v 1.670012 0.022618 2.328452
v 1.202526 -0.000492 2.337551
v 1.202526 0.022618 2.337551
v 2.389838 -0.000492 2.890244
v 2.389838 0.022618 2.890244
v 2.854233 -0.000492 2.923435
v 2.854233 0.022618 2.923435
v 2.896894 -0.000492 2.344017
v 2.896894 0.022618 2.344017
v 2.430558 -0.000492 2.309998
v 2.430558 0.022618 2.309998
v 2.347816 -0.000492 3.856104
v 2.347816 0.022618 3.856104
v 2.810707 -0.000492 3.806143
v 2.810707 0.022618 3.806143
v 2.749600 -0.000492 3.228378
v 2.749600 0.022618 3.228378
v 2.284652 -0.000492 3.277870
v 2.284652 0.022618 3.277870
v 0.020205 -0.000492 4.051467
v 0.020205 0.022618 4.051467
v 0.466799 -0.000492 3.919871
v 0.466799 0.022618 3.919871
v 0.303777 -0.000492 3.362224
v 0.303777 0.022618 3.362224
v -0.144925 -0.000492 3.493726
v -0.144925 0.022618 3.493726
v -1.294337 -0.000492 3.886526
v -1.294337 0.022618 3.886526
v -0.833338 -0.000492 3.821377
v -0.833338 0.022618 3.821377
v -0.913404 -0.000492 3.245933
v -0.913404 0.022618 3.245933
v -1.376473 -0.000492 3.310682
v -1.376473 0.022618 3.310682
v -1.325455 -0.000492 2.925136
v -1.325455 0.022618 2.925136
v -0.861158 -0.000492 2.890615
v -0.861158 0.022618 2.890615
v -0.902993 -0.000492 2.311137
v -0.902993 0.022618 2.311137
v -1.369331 -0.000492 2.345121
v -1.369331 0.022618 2.345121
v -1.300561 -0.000492 2.065662
v -1.300561 0.022618 2.065662
v -0.835363 -0.000492 2.084498
v -0.835363 0.022618 2.084498
v -0.810614 -0.000492 1.504038
v -0.810614 0.022618 1.504038
v -1.277778 -0.000492 1.484436
v -1.277778 0.022618 1.484436
v -1.232138 -0.000492 1.272795
v -1.232138 0.022618 1.272795
v -0.770137 -0.000492 1.215182
v -0.770137 0.022618 1.215182
v -0.840795 -0.000491 0.638508
v -0.840795 0.022618 0.638508
v -1.304861 -0.000491 0.695687
v -1.304861 0.022618 0.695687
v -1.281467 -0.000492 0.411018
v -1.281467 0.022618 0.411018
v -0.815918 -0.000492 0.405692
v -0.815918 0.022618 0.405692
v -0.821318 -0.000491 -0.175269
v -0.821318 0.022619 -0.175269
v -1.288870 -0.000491 -0.170608
v -1.288870 0.022619 -0.170608
v 1.238830 -0.000492 0.475254
v 1.238830 0.022618 0.475254
v 1.703832 -0.000492 0.452080
v 1.703832 0.022618 0.452080
v 1.676158 -0.000491 -0.128248
v 1.676158 0.022619 -0.128248
v 1.209129 -0.000491 -0.105660
v 1.209129 0.022619 -0.105660
v 2.347615 -0.000492 0.397365
v 2.347615 0.022618 0.397365
v 2.812796 -0.000492 0.416627
v 2.812796 0.022618 0.416627
v 2.838077 -0.000491 -0.163809
v 2.838077 0.022619 -0.163809
v 2.370931 -0.000491 -0.183840
v 2.370931 0.022619 -0.183840
v 1.218989 -0.000492 3.811144
v 1.218989 0.022618 3.811144
v 1.677313 -0.000492 3.729271
v 1.677313 0.022618 3.729271
v 1.576371 -0.000492 3.157120
v 1.576371 0.022618 3.157120
v 1.115962 -0.000492 3.238668
v 1.115962 0.022618 3.238668
v -0.095311 -0.000492 0.285622
v -0.095311 0.022618 0.285622
v 0.368325 -0.000492 0.328116
v 0.368325 0.022618 0.328116
v 0.422592 -0.000491 -0.250331
v 0.422592 0.022619 -0.250331
v -0.042968 -0.000491 -0.293690
v -0.042968 0.022619 -0.293690
v -1.345052 0.918834 -2.620811
v -1.423128 0.686851 -2.347146
v -1.454119 0.918678 -2.361949
v -1.416031 0.915983 -2.499299
v -1.386791 0.685829 -2.482702
v -1.313081 0.686292 -2.607336
v -1.393111 0.909345 -2.647233
v -1.474309 0.678960 -2.369876
v -1.504046 0.909216 -2.384501
v -1.453550 0.918093 -2.524181
v -1.423032 0.679890 -2.506851
v -1.361888 0.678943 -2.633243
v -1.349117 0.839360 -2.703322
v -1.390770 0.906951 -2.645770
v -1.503507 0.733767 -2.294901
v -1.518102 0.839210 -2.300829
v -1.424759 0.677291 -2.507523
v -1.456032 0.920916 -2.525180
v -1.369347 0.736483 -2.632516
v -1.501649 0.906577 -2.382731
v -1.358418 0.924650 -2.634838
v -1.334704 0.732975 -2.696908
v -1.344198 0.843479 -2.703882
v -1.515237 0.842807 -2.297065
v -1.500269 0.734781 -2.290882
v -1.329256 0.734666 -2.697395
v -1.395213 0.673191 -2.491743
v -1.429871 0.935257 -2.509345
v -1.324602 0.676440 -2.618513
v -1.472740 0.924481 -2.364670
v -1.390989 0.914318 -2.644638
v -1.469469 0.678065 -2.368792
v -1.478601 0.737010 -2.373588
v -1.460954 0.851202 -2.277511
v -1.278697 0.745280 -2.673940
v -1.275679 0.744954 -2.676237
v -1.384752 0.683477 -2.483385
v -1.416240 0.929063 -2.501171
v -1.454051 0.910368 -2.362388
v -1.291848 0.851782 -2.680213
v -1.301235 0.906060 -2.680404
v -1.424643 0.689375 -2.348311
v -1.447613 0.744299 -2.268707
v -1.462393 0.852134 -2.275026
v -1.455048 0.921001 -2.360891
v -1.274389 0.744151 -2.678715
v -1.384117 0.681086 -2.484462
v -1.416291 0.931549 -2.502506
v -1.292692 0.852688 -2.684765
v -1.311920 0.684220 -2.609437
v -1.344326 0.921053 -2.623305
v -1.423391 0.684499 -2.345871
v -1.450299 0.743575 -2.268945
v -1.465178 0.852068 -2.275313
v -1.457601 0.921341 -2.361466
v -1.276364 0.743550 -2.680177
v -1.386067 0.680067 -2.485564
v -1.418483 0.931933 -2.503623
v -1.519701 0.840551 -2.297287
v -1.313734 0.683245 -2.610926
v -1.345977 0.921553 -2.625603
v -1.425727 0.683467 -2.346424
v -1.347656 0.840910 -2.706827
v -1.332826 0.732093 -2.700296
v -1.504754 0.732607 -2.291171
v -1.394016 0.912305 -2.647645
v -1.425064 0.674521 -2.507607
v -1.457193 0.923629 -2.525450
v -1.362496 0.676283 -2.632249
v -1.505219 0.912143 -2.384183
v -1.473503 0.676186 -2.369596
v -1.517266 0.842400 -2.295668
v -1.344697 0.842970 -2.706229
v -1.329681 0.733372 -2.699680
v -1.502196 0.733614 -2.289461
v -1.391766 0.914492 -2.646444
v -1.422715 0.674870 -2.506520
v -1.455213 0.925709 -2.524292
v -1.360515 0.676713 -2.629818
v -1.503060 0.914269 -2.382651
v -1.471039 0.676590 -2.368077
v -1.501300 0.914096 -2.383211
v -1.482287 0.852091 -2.277212
v -1.359720 0.678255 -2.628464
v -1.289266 0.739592 -2.689113
v -1.421697 0.676382 -2.505999
v -1.454031 0.925410 -2.523557
v -1.290775 0.852592 -2.682901
v -1.438965 0.676077 -2.349852
v -1.305829 0.853933 -2.695142
v -1.466548 0.738225 -2.270389
v -1.301034 0.907551 -2.680244
v -1.300008 0.905964 -2.681340
v -1.525617 0.896988 -2.306338
v -1.525794 0.895374 -2.304874
v -1.437324 0.691689 -2.271056
v -1.437818 0.693198 -2.269716
v -1.328799 0.680714 -2.692064
v -1.328278 0.682195 -2.693412
v -1.357390 0.897085 -2.706378
v -1.358325 0.898728 -2.705250
v -1.466706 0.904124 -2.282041
v -1.466640 0.905721 -2.283529
v -1.496311 0.682372 -2.292909
v -1.495700 0.680880 -2.294228
v -1.267297 0.691989 -2.673346
v -1.267905 0.690505 -2.672055
v -1.313237 0.912388 -2.698003
v -1.314013 0.914103 -2.697242
v -1.456556 0.681045 -2.267392
v -1.456003 0.679532 -2.268745
v -1.488214 0.912508 -2.282659
v -1.488331 0.910898 -2.281155
v -1.280479 0.680050 -2.684394
v -1.279898 0.681554 -2.685694
v -1.298235 0.910564 -2.683591
v -1.297356 0.908755 -2.684708
v -1.437172 0.688218 -2.266551
v -1.437709 0.689790 -2.265161
v -1.467571 0.907645 -2.277914
v -1.467481 0.909305 -2.279450
v -1.264332 0.689582 -2.676325
v -1.264937 0.688026 -2.675015
v -1.299637 0.911120 -2.686541
v -1.298988 0.909227 -2.687287
v -1.439752 0.687190 -2.266791
v -1.440294 0.688762 -2.265400
v -1.470354 0.907937 -2.278251
v -1.470260 0.909598 -2.279788
v -1.266161 0.688637 -2.677958
v -1.266764 0.687076 -2.676654
v -1.513523 0.907212 -2.291860
v -1.513365 0.908825 -2.293354
v -1.306674 0.678221 -2.693479
v -1.307227 0.676724 -2.692131
v -1.340142 0.910372 -2.705804
v -1.339160 0.908742 -2.706935
v -1.481038 0.676120 -2.279621
v -1.481636 0.677623 -2.278275
v -1.527250 0.899500 -2.302917
v -1.527425 0.897887 -2.301450
v -1.326663 0.678329 -2.695319
v -1.326138 0.679812 -2.696668
v -1.356085 0.899565 -2.709867
v -1.357026 0.901206 -2.708738
v -1.497236 0.679884 -2.289109
v -1.496625 0.678391 -2.290432
v -1.524738 0.901663 -2.301360
v -1.524911 0.900050 -2.299890
v -1.323368 0.678908 -2.694623
v -1.322839 0.680393 -2.695971
v -1.353158 0.901706 -2.709205
v -1.354106 0.903345 -2.708078
v -1.494474 0.680364 -2.287367
v -1.493866 0.678871 -2.288694
v -1.446471 0.745469 -2.271325
v -1.346253 0.910973 -2.618987
v -1.323828 0.745625 -2.609135
v -1.393268 0.746076 -2.486671
v -1.315539 0.688668 -2.606034
v -1.268524 0.691880 -2.671898
v -1.432504 0.746104 -2.351876
v -1.446992 0.746070 -2.274503
v -1.466720 0.904150 -2.283512
v -1.437807 0.693085 -2.271208
v -1.446639 0.852800 -2.358645
v -1.406994 0.855140 -2.494486
v -1.338652 0.853046 -2.615312
v -1.294875 0.851096 -2.678122
v -1.461273 0.850312 -2.280582
v -1.445494 0.856417 -2.519396
v -1.383866 0.847771 -2.640207
v -1.493483 0.848102 -2.380546
v -1.430476 0.739191 -2.510871
v -1.360770 0.680802 -2.632068
v -1.471984 0.681604 -2.367079
v -1.347257 0.921104 -2.626756
v -1.387545 0.680194 -2.486257
v -1.419908 0.931331 -2.504225
v -1.315531 0.683361 -2.611237
v -1.459026 0.920766 -2.362477
v -1.466645 0.851718 -2.276678
v -1.278425 0.743446 -2.680134
v -1.427227 0.683561 -2.347496
v -1.294367 0.852526 -2.685270
v -1.451788 0.743420 -2.270316
v -1.300276 0.908992 -2.688584
v -1.300793 0.910809 -2.688220
v -1.441821 0.688750 -2.266785
v -1.441303 0.687238 -2.268124
v -1.471741 0.909072 -2.281111
v -1.471827 0.907467 -2.279623
v -1.268853 0.687147 -2.676699
v -1.268268 0.688647 -2.677949
v -1.346745 0.917441 -2.619594
v -1.424211 0.688092 -2.348096
v -1.454813 0.917098 -2.362737
v -1.314906 0.687299 -2.606256
v -1.461321 0.850436 -2.279182
v -1.277577 0.745241 -2.675160
v -1.386358 0.684759 -2.482738
v -1.417441 0.927374 -2.500332
v -1.293788 0.851188 -2.679097
v -1.299183 0.908650 -2.681099
v -1.298191 0.907028 -2.682189
v -1.436461 0.690492 -2.269201
v -1.436962 0.692003 -2.267862
v -1.466219 0.905581 -2.280348
v -1.466147 0.907181 -2.281835
v -1.265565 0.691259 -2.674142
v -1.266163 0.689771 -2.672869
v -1.447021 0.746027 -2.273076
v -1.330496 0.849450 -2.704312
v -1.506319 0.847686 -2.287291
v -1.490524 0.733952 -2.280555
v -1.314402 0.735249 -2.697651
v -1.380063 0.921292 -2.643654
v -1.459854 0.673353 -2.360381
v -1.493648 0.921189 -2.374921
v -1.346452 0.673909 -2.627034
v -1.412101 0.671297 -2.501505
v -1.446746 0.932337 -2.518904
v -1.522765 0.900005 -2.301275
v -1.522594 0.901617 -2.302744
v -1.322415 0.681915 -2.693684
v -1.322945 0.680429 -2.692337
v -1.353538 0.903296 -2.705671
v -1.352589 0.901658 -2.706796
v -1.491926 0.680347 -2.290125
v -1.492533 0.681840 -2.288799
v -1.399888 0.803017 -2.490580
v -1.385826 0.914555 -2.558844
v -1.417227 0.924396 -2.500011
v -1.429514 0.854628 -2.431063
v -1.408720 0.686768 -2.419855
v -1.386633 0.685113 -2.482681
v -1.363427 0.745922 -2.546579
v -1.331591 0.800357 -2.612185
v -1.455031 0.798005 -2.277736
v -1.437892 0.797595 -2.514974
v -1.423691 0.914698 -2.586829
v -1.454351 0.920121 -2.524533
v -1.470278 0.854522 -2.454963
v -1.448666 0.680332 -2.439833
v -1.423402 0.678688 -2.506980
v -1.402538 0.738474 -2.570765
v -1.376341 0.791135 -2.636267
v -1.485928 0.791850 -2.376807
v -1.427865 0.917837 -2.584923
v -1.439611 0.925091 -2.436228
v -1.449896 0.677656 -2.442429
v -1.356002 0.685291 -2.542914
v -1.341557 0.784444 -2.700043
v -1.510623 0.785304 -2.297558
v -1.386941 0.924605 -2.559853
v -1.480730 0.918368 -2.460611
v -1.408315 0.685695 -2.419780
v -1.397133 0.677724 -2.567169
v -1.286806 0.797842 -2.676843
v -1.455074 0.798023 -2.276458
v -1.403188 0.669285 -2.496867
v -1.438966 0.936454 -2.514241
v -1.454359 0.932894 -2.441331
v -1.364061 0.674056 -2.554323
v -1.398237 0.932274 -2.572563
v -1.419651 0.673860 -2.425382
v -1.298126 0.796676 -2.692124
v -1.475345 0.794758 -2.273773
v -1.383957 0.682325 -2.483930
v -1.415790 0.930399 -2.501861
v -1.439202 0.929208 -2.436486
v -1.353187 0.681777 -2.545853
v -1.385078 0.928628 -2.563321
v -1.406816 0.682032 -2.419667
v -1.283543 0.798012 -2.680751
v -1.456125 0.797972 -2.272242
v -1.384923 0.680190 -2.484999
v -1.417328 0.932173 -2.503096
v -1.441554 0.929584 -2.437314
v -1.355031 0.680779 -2.547172
v -1.387065 0.929039 -2.564887
v -1.408935 0.681001 -2.420511
v -1.285577 0.797755 -2.682232
v -1.458886 0.797564 -2.272492
v -1.387093 0.680231 -2.486026
v -1.419447 0.931445 -2.504021
v -1.416390 0.929238 -2.581807
v -1.437488 0.671684 -2.435552
v -1.322328 0.791793 -2.701186
v -1.498782 0.790027 -2.283563
v -1.472157 0.929888 -2.451194
v -1.382240 0.672077 -2.563560
v -1.425761 0.675852 -2.507919
v -1.457383 0.921683 -2.525645
v -1.428369 0.920509 -2.586382
v -1.450005 0.674893 -2.443199
v -1.339915 0.784920 -2.703527
v -1.512118 0.785434 -2.293911
v -1.482301 0.921066 -2.459633
v -1.396781 0.674997 -2.568338
v -1.423704 0.673970 -2.507002
v -1.456218 0.925416 -2.524898
v -1.426166 0.922591 -2.585505
v -1.447716 0.675246 -2.441896
v -1.336894 0.786744 -2.702956
v -1.509692 0.786915 -2.292240
v -1.480360 0.923163 -2.458207
v -1.394203 0.675387 -2.567434
v -1.422059 0.676061 -2.506179
v -1.454408 0.925407 -2.523793
v -1.298256 0.909598 -2.682168
v -1.312795 0.910288 -2.664682
v -1.301320 0.907099 -2.680303
v -1.298614 0.907977 -2.681762
v -1.297308 0.907913 -2.683262
v -1.300548 0.905910 -2.681125
v -1.296431 0.892672 -2.681850
v -1.527129 0.897688 -2.305348
v -1.520370 0.900163 -2.325472
v -1.525765 0.896314 -2.305474
v -1.527305 0.896074 -2.303883
v -1.518643 0.898219 -2.324659
v -1.523855 0.880796 -2.303629
v -1.436325 0.689405 -2.267752
v -1.433923 0.690556 -2.290812
v -1.437562 0.692117 -2.271235
v -1.436710 0.691104 -2.268371
v -1.436838 0.690931 -2.266401
v -1.437932 0.693249 -2.270230
v -1.439466 0.705890 -2.268554
v -1.328808 0.679437 -2.693713
v -1.336840 0.680102 -2.677717
v -1.328445 0.681307 -2.692859
v -1.328286 0.680919 -2.695061
v -1.335768 0.681722 -2.677293
v -1.329848 0.695407 -2.694502
v -1.357739 0.897771 -2.708119
v -1.355142 0.882112 -2.705761
v -1.364724 0.899462 -2.691015
v -1.357804 0.898038 -2.705949
v -1.358677 0.899414 -2.706991
v -1.366869 0.901508 -2.691056
v -1.466404 0.906712 -2.279023
v -1.465339 0.890168 -2.281094
v -1.466800 0.904017 -2.282538
v -1.466220 0.906516 -2.280951
v -1.466325 0.908329 -2.280522
v -1.466751 0.905215 -2.283654
v -1.463085 0.910321 -2.302376
v -1.497536 0.681051 -2.291764
v -1.498242 0.695742 -2.293228
v -1.489709 0.681628 -2.311412
v -1.496027 0.681478 -2.293418
v -1.496925 0.679559 -2.293083
v -1.490353 0.680214 -2.312134
v -1.264657 0.690553 -2.674877
v -1.269831 0.705813 -2.674008
v -1.267869 0.692040 -2.672774
v -1.265745 0.690374 -2.673621
v -1.265252 0.689047 -2.673601
v -1.268326 0.690928 -2.671804
v -1.278160 0.688671 -2.656052
v -1.299870 0.908994 -2.688084
v -1.311244 0.897218 -2.697367
v -1.326114 0.913116 -2.704769
v -1.300496 0.910022 -2.688483
v -1.300411 0.910834 -2.687636
v -1.327062 0.914764 -2.703729
v -1.312578 0.913716 -2.672683
v -1.441284 0.688833 -2.266432
v -1.459188 0.695863 -2.267961
v -1.470039 0.676417 -2.270409
v -1.441562 0.687849 -2.267293
v -1.440761 0.687306 -2.267784
v -1.469457 0.674907 -2.271767
v -1.437656 0.686085 -2.288464
v -1.471197 0.909168 -2.280764
v -1.484273 0.915769 -2.303675
v -1.502565 0.913270 -2.286089
v -1.471822 0.908405 -2.280226
v -1.471285 0.907549 -2.279263
v -1.502707 0.911656 -2.284581
v -1.470515 0.892993 -2.278656
v -1.268209 0.687204 -2.676608
v -1.291765 0.678915 -2.667480
v -1.292856 0.675744 -2.690096
v -1.268443 0.687754 -2.677444
v -1.267618 0.688718 -2.677870
v -1.292284 0.677249 -2.691432
v -1.270778 0.702865 -2.678687
v -1.298802 0.911189 -2.685128
v -1.310043 0.913479 -2.668161
v -1.297731 0.909819 -2.684229
v -1.298021 0.909284 -2.686169
v -1.295556 0.894103 -2.684456
v -1.438485 0.687343 -2.266072
v -1.433593 0.687043 -2.286894
v -1.437440 0.688857 -2.265690
v -1.439039 0.688944 -2.264655
v -1.440320 0.703957 -2.265865
v -1.469095 0.908135 -2.277498
v -1.466260 0.893215 -2.276952
v -1.467564 0.908613 -2.278538
v -1.468998 0.909824 -2.279059
v -1.464312 0.912506 -2.300338
v -1.264772 0.688794 -2.677636
v -1.266817 0.703759 -2.677128
v -1.264512 0.688659 -2.675792
v -1.265386 0.687204 -2.676302
v -1.276957 0.686831 -2.658171
v -1.311430 0.914054 -2.671059
v -1.299266 0.910321 -2.686975
v -1.297299 0.894472 -2.686782
v -1.436110 0.686015 -2.287213
v -1.440023 0.687828 -2.265930
v -1.442931 0.703006 -2.266105
v -1.469045 0.893416 -2.277277
v -1.470346 0.908906 -2.278875
v -1.467033 0.912811 -2.300737
v -1.268681 0.702902 -2.678715
v -1.266341 0.687710 -2.677431
v -1.278779 0.685874 -2.659772
v -1.523404 0.899936 -2.301034
v -1.511708 0.891793 -2.290478
v -1.522738 0.900945 -2.301877
v -1.523233 0.901548 -2.302503
v -1.517171 0.905007 -2.323360
v -1.322697 0.681575 -2.694258
v -1.308566 0.692998 -2.694739
v -1.322585 0.681026 -2.693131
v -1.323226 0.680090 -2.692911
v -1.332367 0.679661 -2.675912
v -1.353829 0.903229 -2.706271
v -1.350426 0.913378 -2.689851
v -1.353009 0.902608 -2.706367
v -1.352881 0.901591 -2.707397
v -1.350309 0.886572 -2.706215
v -1.492532 0.680025 -2.289884
v -1.475578 0.675200 -2.300302
v -1.492249 0.680946 -2.289310
v -1.493140 0.681518 -2.288558
v -1.494599 0.695596 -2.289140
v -1.526335 0.901225 -2.300952
v -1.521640 0.902931 -2.323733
v -1.527397 0.898827 -2.302051
v -1.526509 0.899612 -2.299482
v -1.525479 0.883016 -2.300174
v -1.324228 0.677961 -2.695937
v -1.336386 0.677567 -2.678144
v -1.326306 0.678923 -2.696115
v -1.323700 0.679445 -2.697287
v -1.327772 0.693399 -2.697791
v -1.354025 0.901273 -2.710577
v -1.353796 0.884360 -2.709254
v -1.356501 0.900517 -2.709437
v -1.354970 0.902914 -2.709448
v -1.366634 0.904281 -2.692931
v -1.496014 0.679459 -2.286969
v -1.499247 0.693585 -2.289445
v -1.496951 0.678990 -2.289620
v -1.495404 0.677966 -2.288296
v -1.490457 0.677597 -2.311442
v -1.519217 0.905084 -2.322182
v -1.524883 0.900990 -2.300493
v -1.522984 0.885101 -2.298599
v -1.333538 0.678100 -2.676826
v -1.323009 0.679504 -2.695418
v -1.324512 0.694155 -2.697115
v -1.350861 0.886481 -2.708609
v -1.353577 0.902657 -2.708776
v -1.363812 0.906410 -2.692254
v -1.496537 0.694197 -2.287710
v -1.494190 0.679470 -2.287879
v -1.487584 0.678040 -2.310426
v -1.447106 0.746071 -2.273565
v -1.446573 0.744930 -2.269926
v -1.424450 0.688496 -2.348222
v -1.422783 0.685726 -2.346425
v -1.315292 0.687724 -2.606045
v -1.278090 0.745281 -2.674708
v -1.312106 0.685354 -2.608245
v -1.274640 0.744641 -2.677248
v -1.461388 0.850342 -2.279659
v -1.454726 0.915293 -2.362710
v -1.454108 0.919926 -2.361350
v -1.461210 0.851755 -2.276181
v -1.294277 0.851118 -2.678820
v -1.290827 0.852234 -2.681409
v -1.346820 0.915719 -2.619394
v -1.344223 0.919980 -2.621994
v -1.472352 0.680284 -2.367937
v -1.496233 0.735069 -2.314757
v -1.474227 0.677462 -2.370067
v -1.504866 0.732986 -2.293785
v -1.334821 0.732314 -2.698611
v -1.342779 0.734292 -2.679954
v -1.360835 0.679959 -2.632131
v -1.363018 0.677557 -2.633162
v -1.519604 0.839440 -2.299790
v -1.510845 0.841538 -2.320912
v -1.502400 0.908532 -2.383926
v -1.505386 0.910092 -2.384775
v -1.391715 0.908649 -2.646420
v -1.357152 0.841530 -2.686670
v -1.394402 0.910233 -2.647661
v -1.349404 0.839681 -2.705071
v -1.346838 0.921173 -2.626353
v -1.369311 0.925541 -2.640970
v -1.317631 0.853489 -2.702230
v -1.344475 0.843285 -2.704464
v -1.293853 0.852540 -2.685004
v -1.391305 0.914284 -2.645100
v -1.484680 0.925479 -2.368306
v -1.501826 0.914060 -2.383163
v -1.466114 0.851802 -2.276331
v -1.495952 0.851172 -2.279994
v -1.458526 0.920874 -2.362201
v -1.515844 0.842651 -2.296825
v -1.426728 0.683613 -2.347203
v -1.449932 0.671730 -2.353637
v -1.479766 0.734614 -2.272966
v -1.500859 0.734499 -2.290642
v -1.451261 0.743513 -2.269973
v -1.469969 0.677749 -2.368707
v -1.334504 0.672417 -2.624204
v -1.360025 0.677919 -2.628896
v -1.277795 0.743513 -2.680051
v -1.300856 0.736619 -2.695642
v -1.314986 0.683402 -2.611082
v -1.329528 0.734336 -2.697963
v -1.291471 0.852772 -2.684186
v -1.345024 0.921695 -2.624567
v -1.449038 0.743779 -2.268202
v -1.424517 0.683602 -2.345774
v -1.456394 0.921580 -2.360839
v -1.463913 0.852263 -2.274565
v -1.312479 0.683360 -2.610476
v -1.274953 0.743712 -2.679927
v -1.518790 0.841789 -2.295264
v -1.504394 0.913904 -2.382662
v -1.330515 0.732412 -2.700980
v -1.361350 0.675780 -2.630936
v -1.392666 0.914131 -2.647519
v -1.345533 0.842267 -2.707556
v -1.472332 0.675699 -2.368006
v -1.503690 0.732770 -2.289062
v -1.287786 0.797826 -2.675874
v -1.312869 0.907415 -2.664563
v -1.290307 0.745355 -2.657275
v -1.280625 0.690944 -2.654917
v -1.356512 0.686486 -2.542784
v -1.415558 0.746125 -2.423680
v -1.388460 0.701339 -2.483724
v -1.317700 0.703509 -2.606854
v -1.271110 0.705838 -2.672541
v -1.426693 0.704115 -2.349237
v -1.439884 0.800585 -2.355316
v -1.440228 0.706950 -2.271966
v -1.443264 0.746067 -2.294427
v -1.463468 0.905831 -2.303837
v -1.434394 0.692022 -2.291089
v -1.306146 0.851585 -2.661965
v -1.377300 0.854544 -2.554155
v -1.438296 0.914754 -2.435448
v -1.457511 0.850936 -2.300672
v -1.451713 0.892734 -2.361218
v -1.412928 0.895207 -2.497642
v -1.343908 0.893362 -2.617814
v -1.299510 0.891653 -2.679895
v -1.465306 0.890019 -2.282641
v -1.417300 0.854071 -2.579319
v -1.479344 0.915105 -2.455771
v -1.451356 0.901351 -2.522883
v -1.389793 0.891418 -2.643038
v -1.500371 0.890813 -2.379775
v -1.393716 0.680387 -2.569570
v -1.455164 0.738686 -2.447067
v -1.424955 0.695268 -2.507894
v -1.362579 0.695964 -2.632741
v -1.474246 0.696141 -2.367655
v -1.442949 0.928989 -2.438084
v -1.356609 0.680908 -2.547693
v -1.388484 0.928475 -2.565562
v -1.410397 0.681114 -2.421376
v -1.287517 0.797598 -2.682319
v -1.460357 0.797306 -2.273846
v -1.298709 0.894300 -2.687765
v -1.313572 0.913373 -2.697732
v -1.325362 0.917041 -2.681341
v -1.444443 0.702940 -2.267494
v -1.456285 0.680143 -2.267910
v -1.451601 0.678436 -2.289519
v -1.468503 0.912261 -2.301966
v -1.488316 0.911838 -2.281769
v -1.486806 0.895659 -2.279932
v -1.280787 0.685969 -2.659901
v -1.280078 0.680659 -2.685164
v -1.282205 0.696583 -2.686754
v -1.350147 0.922033 -2.628891
v -1.389544 0.678375 -2.487687
v -1.422503 0.932349 -2.505559
v -1.317895 0.681561 -2.613132
v -1.462599 0.921732 -2.363049
v -1.470721 0.851815 -2.276817
v -1.281249 0.742442 -2.682473
v -1.430286 0.681614 -2.348110
v -1.297328 0.852904 -2.687878
v -1.455634 0.742066 -2.270335
v -1.303600 0.909899 -2.691114
v -1.304192 0.911686 -2.690640
v -1.445660 0.686743 -2.266943
v -1.445133 0.685231 -2.268287
v -1.476032 0.909967 -2.281515
v -1.476126 0.908360 -2.280023
v -1.271882 0.685299 -2.678704
v -1.271298 0.686800 -2.679966
v -1.438690 0.926757 -2.436299
v -1.354189 0.684080 -2.544015
v -1.385462 0.926216 -2.561147
v -1.406991 0.684421 -2.419683
v -1.284808 0.797996 -2.678076
v -1.454720 0.798114 -2.274777
v -1.310972 0.911463 -2.665637
v -1.300445 0.906890 -2.680918
v -1.298272 0.891741 -2.680928
v -1.433004 0.689348 -2.289183
v -1.437570 0.692300 -2.270226
v -1.440243 0.706926 -2.270381
v -1.464884 0.891452 -2.279408
v -1.466711 0.905056 -2.282644
v -1.463630 0.908830 -2.303843
v -1.268063 0.705196 -2.674869
v -1.267484 0.691107 -2.672814
v -1.279923 0.689473 -2.655168
v -1.346123 0.917894 -2.619947
v -1.423809 0.687699 -2.347785
v -1.454536 0.917616 -2.362480
v -1.314222 0.686964 -2.606681
v -1.461150 0.850690 -2.278638
v -1.276869 0.745138 -2.675576
v -1.385790 0.684351 -2.482947
v -1.417003 0.927927 -2.500604
v -1.293086 0.851384 -2.679410
v -1.300336 0.907905 -2.680439
v -1.299320 0.906309 -2.681534
v -1.436990 0.691310 -2.270451
v -1.437487 0.692820 -2.269111
v -1.466494 0.904601 -2.281488
v -1.466426 0.906199 -2.282975
v -1.266598 0.691728 -2.673754
v -1.267202 0.690242 -2.672469
v -1.446792 0.745854 -2.272506
v -1.425182 0.922324 -2.584266
v -1.446469 0.676729 -2.441944
v -1.336449 0.787728 -2.700656
v -1.507746 0.787738 -2.293650
v -1.478937 0.922894 -2.458031
v -1.393375 0.676924 -2.566369
v -1.520868 0.885170 -2.299988
v -1.513498 0.908153 -2.292473
v -1.508343 0.912185 -2.314252
v -1.324088 0.695620 -2.694828
v -1.306851 0.677327 -2.692924
v -1.317271 0.675791 -2.675400
v -1.363193 0.906330 -2.689997
v -1.339593 0.909689 -2.706502
v -1.336806 0.893379 -2.706429
v -1.486140 0.679550 -2.310275
v -1.481352 0.676725 -2.278794
v -1.483992 0.692228 -2.278662
v -1.340620 0.845038 -2.703995
v -1.512908 0.844081 -2.294513
v -1.497724 0.734565 -2.288185
v -1.325376 0.734818 -2.697462
v -1.388135 0.916139 -2.644381
v -1.466958 0.676834 -2.366595
v -1.499302 0.915948 -2.381046
v -1.356255 0.677120 -2.628091
v -1.419191 0.675054 -2.504825
v -1.452129 0.927219 -2.522342
v -1.520351 0.901887 -2.298816
v -1.520184 0.903500 -2.300292
v -1.318304 0.680950 -2.693630
v -1.318840 0.679462 -2.692283
v -1.350040 0.905144 -2.705705
v -1.349082 0.903508 -2.706832
v -1.489083 0.679243 -2.287382
v -1.489687 0.680739 -2.286050
v -1.455139 0.798004 -2.276904
v -1.287264 0.797826 -2.676512
v -1.356323 0.685676 -2.542781
v -1.408563 0.686049 -2.419808
v -1.439400 0.922378 -2.436028
v -1.386827 0.921969 -2.559515
v -1.370291 0.802284 -2.550335
v -1.422409 0.802478 -2.427409
v -1.503361 0.787231 -2.317541
v -1.349628 0.786343 -2.683228
v -1.395455 0.679126 -2.567235
v -1.448735 0.679074 -2.441101
v -1.479264 0.917464 -2.459189
v -1.425862 0.916968 -2.584823
v -1.409745 0.795870 -2.574927
v -1.462659 0.796270 -2.450802
v -1.407553 0.933376 -2.578294
v -1.464393 0.934059 -2.445385
v -1.428638 0.669761 -2.429884
v -1.372252 0.670202 -2.559877
v -1.309375 0.795001 -2.699179
v -1.488541 0.792328 -2.276184
v -1.438476 0.928074 -2.436376
v -1.353226 0.682985 -2.544925
v -1.384791 0.927501 -2.562251
v -1.406432 0.683273 -2.419638
v -1.283707 0.798064 -2.679273
v -1.454971 0.798110 -2.273429
v -1.440389 0.929823 -2.436757
v -1.353860 0.680896 -2.546651
v -1.385957 0.929255 -2.564238
v -1.407773 0.681130 -2.419910
v -1.284204 0.797891 -2.681930
v -1.457618 0.797768 -2.271752
v -1.442480 0.929101 -2.437857
v -1.356135 0.680943 -2.547493
v -1.388031 0.928579 -2.565312
v -1.409933 0.681157 -2.421117
v -1.286927 0.797644 -2.682185
v -1.459831 0.797397 -2.273508
v -1.428950 0.918590 -2.585864
v -1.450798 0.676216 -2.443108
v -1.341771 0.784336 -2.701786
v -1.512084 0.785047 -2.296476
v -1.482242 0.919131 -2.460579
v -1.397869 0.676307 -2.567996
v -1.427110 0.922282 -2.586316
v -1.448812 0.674360 -2.442127
v -1.337714 0.785841 -2.704254
v -1.511171 0.786159 -2.291840
v -1.481481 0.922851 -2.458575
v -1.395137 0.674467 -2.568162
v -1.425526 0.922314 -2.584603
v -1.446881 0.676415 -2.442003
v -1.336717 0.787436 -2.701225
v -1.508332 0.787507 -2.293410
v -1.479368 0.922883 -2.458151
v -1.393706 0.676594 -2.566667
v -1.440350 0.706999 -2.270916
v -1.434162 0.691003 -2.291005
v -1.437701 0.692522 -2.270532
v -1.280356 0.689921 -2.654908
v -1.270408 0.705886 -2.673448
v -1.267888 0.691325 -2.672475
v -1.463684 0.907965 -2.303954
v -1.465419 0.890030 -2.281610
v -1.466776 0.904795 -2.282918
v -1.298811 0.891649 -2.680676
v -1.313040 0.909484 -2.664654
v -1.300775 0.906669 -2.680821
v -1.489787 0.680973 -2.311797
v -1.491236 0.696489 -2.312027
v -1.337477 0.696166 -2.678222
v -1.516881 0.883272 -2.322805
v -1.365855 0.900903 -2.690833
v -1.362707 0.884313 -2.689985
v -1.337919 0.917739 -2.687652
v -1.323815 0.897666 -2.704268
v -1.326530 0.914071 -2.704375
v -1.501005 0.895997 -2.283193
v -1.498010 0.916590 -2.307156
v -1.502685 0.912598 -2.285200
v -1.464420 0.673882 -2.292731
v -1.472606 0.691491 -2.270865
v -1.469759 0.675516 -2.270932
v -1.294389 0.692612 -2.692700
v -1.303514 0.674680 -2.673170
v -1.292466 0.676352 -2.690883
v -1.310055 0.912469 -2.666747
v -1.295521 0.893425 -2.682968
v -1.297713 0.908902 -2.682819
v -1.432812 0.688248 -2.287920
v -1.439401 0.704957 -2.267107
v -1.436581 0.690024 -2.266915
v -1.465088 0.892433 -2.278079
v -1.463214 0.911497 -2.301245
v -1.466402 0.907656 -2.279631
v -1.267125 0.704594 -2.675671
v -1.277235 0.687890 -2.656826
v -1.264834 0.689658 -2.674357
v -1.310611 0.914129 -2.669668
v -1.296246 0.894516 -2.685874
v -1.298354 0.910401 -2.685709
v -1.434855 0.686157 -2.286519
v -1.441677 0.703202 -2.265356
v -1.438762 0.687994 -2.265196
v -1.467785 0.893605 -2.276520
v -1.465784 0.913045 -2.300040
v -1.469086 0.909119 -2.278132
v -1.267287 0.703068 -2.678417
v -1.277435 0.685993 -2.659387
v -1.264956 0.687851 -2.677094
v -1.298268 0.894293 -2.687354
v -1.312190 0.913751 -2.672132
v -1.300102 0.910041 -2.687931
v -1.443910 0.703031 -2.267142
v -1.437122 0.686147 -2.288140
v -1.441022 0.687924 -2.266945
v -1.467970 0.912363 -2.301641
v -1.469976 0.893071 -2.278297
v -1.471279 0.908495 -2.279872
v -1.280169 0.686019 -2.659789
v -1.270134 0.702940 -2.678609
v -1.267795 0.687817 -2.677361
v -1.521746 0.900960 -2.325124
v -1.525364 0.881379 -2.302625
v -1.527276 0.897014 -2.304483
v -1.337522 0.678767 -2.678233
v -1.329882 0.694285 -2.696164
v -1.328453 0.680031 -2.694508
v -1.355475 0.882707 -2.707504
v -1.368142 0.902471 -2.691333
v -1.358154 0.898724 -2.707690
v -1.499500 0.694555 -2.292090
v -1.491307 0.678844 -2.312034
v -1.497252 0.680157 -2.292273
v -1.520748 0.904664 -2.321880
v -1.524564 0.884619 -2.298193
v -1.526481 0.900552 -2.300085
v -1.334771 0.677138 -2.677419
v -1.325366 0.693204 -2.698427
v -1.323869 0.678557 -2.696733
v -1.351720 0.885981 -2.709970
v -1.364685 0.905997 -2.693549
v -1.354443 0.902225 -2.710147
v -1.498065 0.693307 -2.287313
v -1.488862 0.677122 -2.310788
v -1.495729 0.678565 -2.287481
v -1.521499 0.885079 -2.299746
v -1.517781 0.904946 -2.323167
v -1.523377 0.900876 -2.301636
v -1.324367 0.695283 -2.695400
v -1.332761 0.679317 -2.676263
v -1.322867 0.680686 -2.693705
v -1.363490 0.906271 -2.690563
v -1.350598 0.886473 -2.706811
v -1.353300 0.902541 -2.706968
v -1.486720 0.679230 -2.310073
v -1.495202 0.695284 -2.288899
v -1.492855 0.680624 -2.289070
v -1.299014 0.798463 -2.659555
v -1.283139 0.705202 -2.655579
v -1.358303 0.701856 -2.543768
v -1.410486 0.702059 -2.420840
v -1.451146 0.798654 -2.297643
v -1.436725 0.706186 -2.291937
v -1.310999 0.892106 -2.663853
v -1.382973 0.894651 -2.557253
v -1.435324 0.894683 -2.433968
v -1.461804 0.890724 -2.302930
v -1.422762 0.898530 -2.583451
v -1.476385 0.898961 -2.457352
v -1.396815 0.695455 -2.568442
v -1.449823 0.695473 -2.443499
v -1.445921 0.930002 -2.438930
v -1.358551 0.679127 -2.549421
v -1.391020 0.929462 -2.567394
v -1.412809 0.679229 -2.422420
v -1.290275 0.797360 -2.684883
v -1.464261 0.796642 -2.273827
v -1.301930 0.895080 -2.690331
v -1.303851 0.910915 -2.690969
v -1.315875 0.914596 -2.674992
v -1.448284 0.701097 -2.267616
v -1.445397 0.685842 -2.267455
v -1.441289 0.684093 -2.288739
v -1.472612 0.913174 -2.302412
v -1.476118 0.909299 -2.280629
v -1.474759 0.893687 -2.278988
v -1.283647 0.684132 -2.661875
v -1.271475 0.685906 -2.679455
v -1.273756 0.701228 -2.680788
v -1.439263 0.925636 -2.436251
v -1.355355 0.684902 -2.543290
v -1.386406 0.925132 -2.560262
v -1.407838 0.685290 -2.419747
v -1.286093 0.797893 -2.677240
v -1.454909 0.798060 -2.275912
v -1.312113 0.910668 -2.664919
v -1.299752 0.907241 -2.681110
v -1.297583 0.892045 -2.681152
v -1.433572 0.690173 -2.290280
v -1.437238 0.691922 -2.269621
v -1.439938 0.706599 -2.269785
v -1.465138 0.890590 -2.280544
v -1.466497 0.905535 -2.282091
v -1.463399 0.909319 -2.303364
v -1.269131 0.705592 -2.674416
v -1.266783 0.690845 -2.673226
v -1.279225 0.689192 -2.655586
v -1.422886 0.924130 -2.583624
v -1.444123 0.675412 -2.440274
v -1.332761 0.788789 -2.700794
v -1.505405 0.788336 -2.291016
v -1.477166 0.924721 -2.456245
v -1.390467 0.675659 -2.565635
v -1.518476 0.886899 -2.297504
v -1.520324 0.902827 -2.299422
v -1.514865 0.906881 -2.320982
v -1.320034 0.694935 -2.694805
v -1.318476 0.680060 -2.693077
v -1.328424 0.678650 -2.675778
v -1.359859 0.908170 -2.689959
v -1.349505 0.904457 -2.706402
v -1.346783 0.888350 -2.706271
v -1.483382 0.678414 -2.307670
v -1.489403 0.679843 -2.286564
v -1.491829 0.694716 -2.286403
v -1.519383 0.899611 -2.325169
v -1.336061 0.680787 -2.677351
v -0.990221 0.500478 -2.552659
v -1.015051 0.492184 -2.210073
v -1.319345 0.490530 -2.570457
v -1.344529 0.500455 -2.228506
v -1.404579 0.493196 -2.372558
v -1.158753 0.500334 -2.150429
v -1.175642 0.499970 -2.630101
v -0.932086 0.490971 -2.408453
v -1.175996 0.498951 -2.628720
v -0.897514 0.505548 -2.511487
v -1.017614 0.491288 -2.211393
v -1.343783 0.499429 -2.229736
v -1.405986 0.490604 -2.372444
v -1.158671 0.501285 -2.148471
v -1.175722 0.500918 -2.632056
v -0.930167 0.491812 -2.408611
v -1.320576 0.491367 -2.571934
v -0.988768 0.501431 -2.553974
v -1.013818 0.493047 -2.208594
v -1.345983 0.501408 -2.227193
v -1.405266 0.487668 -2.372502
v -1.158612 0.498598 -2.147035
v -1.175780 0.498229 -2.633490
v -0.928761 0.489288 -2.408728
v -1.321480 0.488841 -2.573016
v -0.987703 0.498745 -2.554939
v -1.012914 0.490454 -2.207509
v -1.347049 0.498722 -2.226231
v -1.405025 0.486786 -2.372522
v -1.158643 0.495501 -2.147769
v -1.175751 0.495133 -2.632757
v -0.929480 0.486430 -2.408668
v -1.321018 0.485984 -2.572463
v -0.988248 0.495647 -2.554446
v -1.013376 0.487518 -2.208064
v -1.346503 0.495624 -2.226723
v -0.923933 0.480158 -2.407952
v -1.411511 0.480489 -2.372257
v -1.157911 0.487990 -2.143139
v -1.176330 0.487251 -2.638467
v -1.330690 0.465951 -2.582022
v -0.979964 0.473314 -2.562357
v -1.004822 0.468318 -2.198442
v -1.355107 0.472472 -2.218789
v -1.418330 0.467367 -2.371593
v -1.158653 0.494571 -2.148015
v -1.175741 0.494203 -2.632511
v -0.929721 0.485572 -2.408648
v -1.320863 0.485126 -2.572277
v -0.988430 0.494716 -2.554281
v -1.013531 0.486636 -2.208249
v -1.346321 0.494694 -2.226888
v -1.412843 0.453019 -2.371654
v -1.157085 0.472966 -2.137222
v -1.177223 0.472031 -2.645194
v -0.917952 0.467613 -2.407577
v -1.325716 0.478779 -2.576909
v -0.984455 0.488270 -2.558140
v -1.009197 0.481134 -2.203474
v -1.350316 0.487777 -2.223303
v -1.408322 0.445353 -2.372010
v -1.157277 0.455064 -2.142076
v -1.177272 0.454198 -2.640031
v -0.923557 0.452899 -2.407474
v -1.327040 0.452247 -2.578031
v -0.983836 0.455214 -2.558733
v -1.008547 0.453213 -2.202656
v -1.351518 0.454545 -2.221844
v -1.410100 0.443685 -2.371864
v -1.157489 0.445445 -2.146659
v -1.177077 0.444466 -2.635420
v -0.928062 0.445176 -2.407144
v -1.324109 0.444882 -2.574560
v -0.987245 0.445463 -2.555638
v -1.011475 0.445279 -2.206127
v -1.348112 0.444841 -2.224941
v -1.408352 0.441679 -2.372007
v -1.157403 0.443695 -2.144857
v -1.177156 0.442709 -2.637232
v -0.926291 0.443552 -2.407279
v -1.325258 0.443255 -2.575929
v -0.985903 0.443714 -2.556853
v -1.010328 0.443611 -2.204758
v -1.349453 0.443087 -2.223726
v -1.403624 0.440671 -2.372395
v -1.157487 0.441591 -2.146628
v -1.177078 0.440612 -2.635451
v -0.928033 0.441600 -2.407146
v -1.324129 0.441306 -2.574583
v -0.987222 0.441609 -2.555658
v -1.011456 0.441605 -2.206104
v -1.348135 0.440987 -2.224921
v -1.399547 0.441666 -2.372729
v -1.157716 0.440534 -2.151417
v -1.176867 0.439575 -2.630632
v -0.932743 0.440620 -2.406788
v -1.321076 0.440332 -2.570943
v -0.990789 0.440552 -2.552428
v -1.014507 0.440598 -2.209743
v -1.344570 0.439942 -2.228152
v -1.339940 0.442052 -2.233445
v -1.157913 0.441578 -2.155548
v -1.176685 0.440636 -2.626477
v -0.936805 0.441590 -2.406478
v -1.318443 0.441308 -2.567803
v -0.993865 0.441596 -2.549642
v -1.017138 0.441595 -2.212882
v -1.341496 0.440997 -2.230939
v -1.064052 0.443246 -2.120739
v -1.177224 0.441696 -2.623955
v -0.940038 0.442560 -2.407295
v -0.895759 0.506552 -2.511007
v -0.896657 0.506629 -2.513083
v -1.439162 0.506558 -2.270480
v -1.438269 0.506634 -2.268402
v -1.064656 0.506390 -2.111381
v -1.062548 0.506313 -2.112199
v -1.269563 0.505608 -2.668830
v -1.271672 0.505532 -2.668012
v -0.893541 0.507555 -2.512002
v -0.894438 0.507632 -2.514079
v -1.441383 0.507561 -2.269490
v -1.440490 0.507637 -2.267412
v -1.063807 0.507391 -2.109101
v -1.061699 0.507314 -2.109919
v -1.270408 0.506603 -2.671105
v -1.272517 0.506526 -2.670288
v -0.891914 0.504907 -2.512732
v -0.892811 0.504983 -2.514808
v -1.443012 0.504912 -2.268764
v -1.442119 0.504989 -2.266685
v -1.063185 0.504741 -2.107428
v -1.061077 0.504664 -2.108246
v -1.271029 0.503948 -2.672773
v -1.273137 0.503871 -2.671956
v -0.892746 0.501790 -2.512359
v -0.893643 0.501867 -2.514435
v -1.442179 0.501796 -2.269135
v -1.441287 0.501872 -2.267057
v -1.063503 0.501625 -2.108284
v -1.061395 0.501549 -2.109101
v -1.270711 0.500835 -2.671920
v -1.272820 0.500758 -2.671103
v -0.886844 0.494288 -2.514818
v -0.887748 0.494355 -2.516906
v -1.448143 0.493741 -2.266260
v -1.447231 0.493812 -2.264178
v -1.060349 0.494240 -2.102988
v -1.058232 0.494174 -2.103808
v -1.273569 0.492308 -2.678430
v -1.275694 0.492234 -2.677613
v -0.893922 0.500930 -2.514310
v -0.893025 0.500853 -2.512233
v -1.441007 0.500935 -2.267181
v -1.441900 0.500859 -2.269260
v -1.061502 0.500612 -2.109388
v -1.063610 0.500688 -2.108570
v -1.272714 0.499822 -2.670817
v -1.270605 0.499899 -2.671634
v -0.879650 0.477839 -2.517800
v -0.880554 0.477885 -2.519898
v -1.455420 0.476879 -2.262709
v -1.454498 0.476929 -2.260618
v -1.056373 0.477922 -2.096627
v -1.054250 0.477876 -2.097463
v -1.277149 0.475310 -2.686445
v -1.279284 0.475255 -2.685626
v -0.885352 0.457080 -2.515212
v -0.886246 0.457099 -2.517291
v -1.449751 0.456107 -2.265149
v -1.448840 0.456119 -2.263071
v -1.058289 0.457159 -2.102685
v -1.056185 0.457141 -2.103523
v -1.275182 0.455061 -2.680754
v -1.277295 0.455046 -2.679944
v -0.890568 0.446036 -2.512896
v -0.891461 0.446036 -2.514957
v -1.444543 0.444899 -2.267467
v -1.443634 0.444890 -2.265410
v -1.060329 0.446098 -2.108000
v -1.058239 0.446098 -2.108827
v -1.273178 0.444038 -2.675387
v -1.275277 0.444046 -2.674589
v -0.888516 0.444290 -2.513812
v -0.889408 0.444291 -2.515874
v -1.446593 0.443145 -2.266549
v -1.445684 0.443136 -2.264491
v -1.059525 0.444353 -2.105909
v -1.057434 0.444353 -2.106737
v -1.273968 0.442278 -2.677498
v -1.276067 0.442286 -2.676701
v -0.890533 0.442182 -2.512911
v -0.891426 0.442182 -2.514973
v -1.444578 0.441045 -2.267452
v -1.443669 0.441036 -2.265394
v -1.060315 0.442244 -2.107964
v -1.058225 0.442244 -2.108792
v -1.273192 0.440184 -2.675423
v -1.275290 0.440192 -2.674625
v -0.895990 0.441113 -2.510473
v -0.896883 0.441114 -2.512535
v -1.439129 0.439999 -2.269895
v -1.438219 0.439990 -2.267837
v -1.062454 0.441175 -2.113523
v -1.060364 0.441174 -2.114351
v -1.271092 0.439155 -2.669809
v -1.273190 0.439163 -2.669012
v -0.900696 0.442148 -2.508371
v -0.901588 0.442148 -2.510433
v -1.434429 0.441053 -2.272001
v -1.433520 0.441044 -2.269943
v -1.064298 0.442208 -2.118317
v -1.062208 0.442208 -2.119144
v -1.269281 0.440224 -2.664968
v -1.271380 0.440232 -2.664171
v -1.402659 0.492332 -2.372714
v -1.064121 0.505311 -2.113113
v -1.303562 0.489432 -2.330717
v -1.400017 0.491432 -2.371852
v -1.270099 0.504538 -2.667102
v -1.437407 0.505554 -2.269995
v -1.220034 0.487963 -2.529338
v -0.934823 0.490098 -2.409353
v -1.316879 0.489662 -2.569179
v -1.114542 0.489361 -2.251403
v -1.031188 0.488179 -2.450338
v -0.990959 0.499452 -2.551437
v -1.158395 0.499308 -2.151822
v -1.269538 0.441289 -2.662544
v -1.431983 0.442101 -2.271834
v -1.301393 0.442374 -2.332037
v -1.019988 0.442590 -2.214620
v -1.396211 0.442656 -2.371872
v -1.220693 0.442213 -2.525711
v -0.903131 0.443187 -2.508544
v -1.315497 0.442277 -2.566005
v -1.115472 0.442344 -2.254332
v -1.035152 0.442355 -2.447284
v -0.995282 0.442640 -2.547485
v -1.157239 0.442622 -2.158417
v -1.083359 0.496307 -2.590360
v -1.209144 0.488424 -2.290773
v -1.082931 0.497284 -2.591380
v -1.251641 0.497344 -2.189467
v -1.082245 0.498210 -2.593015
v -1.252327 0.498270 -2.187832
v -1.081741 0.495505 -2.594214
v -1.252830 0.495566 -2.186633
v -1.081998 0.492417 -2.593601
v -1.252573 0.492478 -2.187246
v -1.082085 0.491490 -2.593395
v -1.252487 0.491550 -2.187452
v -1.080349 0.484982 -2.598407
v -1.254188 0.484822 -2.183253
v -1.078555 0.470714 -2.603864
v -1.256338 0.470373 -2.177912
v -1.080564 0.454021 -2.599351
v -1.254727 0.453891 -2.181717
v -1.082170 0.444929 -2.595499
v -1.253123 0.444969 -2.185561
v -1.081539 0.443176 -2.597012
v -1.253753 0.443216 -2.184051
v -1.082159 0.441075 -2.595524
v -1.253134 0.441115 -2.185536
v -1.083837 0.440029 -2.591500
v -1.251460 0.440068 -2.189551
v -1.085284 0.441082 -2.588031
v -1.250015 0.441120 -2.193013
v -1.248834 0.442171 -2.195861
v -1.128024 0.442219 -2.486435
v -0.896047 0.505100 -2.511033
v -0.904819 0.503552 -2.484758
v -0.894909 0.507277 -2.511388
v -0.896005 0.506618 -2.512137
v -0.897167 0.505885 -2.512552
v -0.895806 0.507353 -2.513465
v -0.920475 0.505083 -2.523405
v -1.438427 0.505833 -2.270491
v -1.430056 0.503565 -2.296649
v -1.440013 0.507283 -2.270101
v -1.438919 0.506624 -2.269350
v -1.437758 0.505890 -2.268932
v -1.439121 0.507359 -2.268022
v -1.414408 0.505081 -2.257999
v -1.064635 0.505646 -2.112118
v -1.088784 0.504868 -2.121147
v -1.064331 0.507114 -2.110507
v -1.063525 0.506379 -2.111581
v -1.062769 0.504861 -2.112387
v -1.062223 0.507037 -2.111325
v -1.050224 0.503343 -2.137080
v -1.269584 0.504868 -2.668095
v -1.245479 0.504192 -2.659144
v -1.269887 0.506330 -2.669702
v -1.270694 0.505596 -2.668629
v -1.271166 0.504810 -2.667482
v -1.271996 0.506253 -2.668884
v -1.284040 0.502669 -2.643211
v -0.902676 0.504531 -2.485544
v -0.892321 0.506920 -2.512549
v -0.893787 0.507621 -2.513132
v -0.893218 0.506997 -2.514626
v -0.918448 0.506073 -2.524480
v -1.432202 0.504544 -2.295868
v -1.442605 0.506926 -2.268946
v -1.441140 0.507627 -2.268360
v -1.441712 0.507003 -2.266867
v -1.416437 0.506071 -2.256928
v -1.088128 0.505857 -2.118948
v -1.063341 0.506755 -2.107846
v -1.062676 0.507380 -2.109301
v -1.061233 0.506679 -2.108664
v -1.049279 0.504321 -2.135001
v -1.246133 0.505175 -2.661339
v -1.270874 0.505964 -2.672356
v -1.271540 0.506590 -2.670904
v -1.272982 0.505887 -2.671539
v -1.284982 0.503641 -2.645287
v -0.901105 0.501864 -2.486120
v -0.892122 0.502776 -2.512639
v -0.892160 0.504972 -2.513862
v -0.893019 0.502852 -2.514715
v -0.916962 0.503415 -2.525269
v -1.433775 0.501878 -2.295295
v -1.442804 0.502782 -2.268857
v -1.442769 0.504978 -2.267634
v -1.441911 0.502858 -2.266778
v -1.417925 0.503414 -2.256143
v -1.087646 0.503197 -2.117334
v -1.063265 0.502610 -2.107642
v -1.062054 0.504730 -2.107628
v -1.061157 0.502534 -2.108460
v -1.048587 0.501653 -2.133475
v -1.246612 0.502512 -2.662949
v -1.270949 0.501818 -2.672560
v -1.272160 0.503936 -2.672573
v -1.273058 0.501741 -2.671742
v -1.285673 0.500969 -2.646809
v -0.901908 0.498757 -2.485826
v -0.893232 0.501349 -2.512141
v -0.892992 0.501856 -2.513489
v -0.894129 0.501426 -2.514217
v -0.917722 0.500304 -2.524866
v -1.432971 0.498771 -2.295588
v -1.441692 0.501355 -2.269352
v -1.441936 0.501862 -2.268005
v -1.440800 0.501432 -2.267273
v -1.417165 0.500302 -2.256545
v -1.087893 0.500086 -2.118159
v -1.063689 0.501185 -2.108783
v -1.062372 0.501614 -2.108484
v -1.061581 0.501108 -2.109601
v -1.048941 0.498546 -2.134255
v -1.246367 0.499403 -2.662126
v -1.270526 0.500396 -2.671422
v -1.271843 0.500822 -2.671720
v -1.272635 0.500319 -2.670605
v -1.285320 0.497865 -2.646030
v -0.891203 0.498949 -2.513004
v -0.896092 0.491445 -2.487488
v -0.882232 0.487156 -2.516732
v -0.887094 0.494347 -2.515954
v -0.892102 0.499024 -2.515084
v -0.883139 0.487212 -2.518828
v -0.912353 0.492825 -2.527645
v -1.443738 0.498817 -2.268386
v -1.439011 0.490850 -2.293372
v -1.452807 0.486229 -2.263996
v -1.447889 0.493802 -2.265127
v -1.442840 0.498892 -2.266307
v -1.451883 0.486291 -2.261910
v -1.422572 0.492295 -2.253531
v -1.062689 0.498814 -2.106890
v -1.085346 0.492669 -2.113029
v -1.057831 0.487199 -2.098890
v -1.059214 0.494233 -2.103190
v -1.060579 0.498740 -2.107709
v -1.055707 0.487143 -2.099716
v -1.045520 0.491345 -2.129138
v -1.271452 0.497738 -2.673617
v -1.248652 0.491039 -2.668436
v -1.275841 0.484527 -2.683548
v -1.274708 0.492295 -2.678230
v -1.273564 0.497662 -2.672800
v -1.277976 0.484459 -2.682732
v -1.288655 0.489534 -2.652025
v -0.917976 0.499368 -2.524730
v -0.893271 0.500919 -2.513363
v -0.902178 0.497823 -2.485727
v -1.416909 0.499366 -2.256679
v -1.441657 0.500924 -2.268129
v -1.432701 0.497837 -2.295686
v -1.049060 0.497612 -2.134517
v -1.062479 0.500677 -2.108770
v -1.087975 0.499151 -2.118436
v -1.285201 0.496931 -2.645769
v -1.271737 0.499886 -2.671433
v -1.246285 0.498468 -2.661850
v -0.889202 0.475740 -2.489628
v -0.880292 0.467444 -2.517476
v -0.879899 0.477881 -2.518941
v -0.881190 0.467479 -2.519567
v -0.905835 0.476735 -2.530945
v -1.446176 0.474775 -2.290546
v -1.454797 0.466552 -2.262920
v -1.455161 0.476923 -2.261571
v -1.453882 0.466584 -2.260829
v -1.429217 0.475808 -2.249731
v -1.082158 0.476675 -2.106774
v -1.056388 0.467533 -2.097468
v -1.055234 0.477918 -2.096837
v -1.054272 0.467500 -2.098311
v -1.041440 0.475772 -2.123125
v -1.251558 0.474488 -2.676128
v -1.277071 0.465280 -2.685915
v -1.278293 0.475298 -2.686245
v -1.279196 0.465243 -2.685097
v -1.292592 0.473355 -2.659311
v -0.894882 0.456224 -2.487667
v -0.890290 0.449144 -2.513016
v -0.885596 0.457097 -2.516343
v -0.891183 0.449149 -2.515082
v -0.911070 0.456625 -2.528080
v -1.440550 0.455454 -2.292385
v -1.444821 0.448052 -2.267347
v -1.449497 0.456119 -2.264019
v -1.443911 0.448049 -2.265285
v -1.424080 0.455723 -2.252337
v -1.083641 0.456632 -2.112529
v -1.060221 0.449211 -2.107716
v -1.057158 0.457158 -2.102898
v -1.058127 0.449206 -2.108546
v -1.043828 0.456278 -2.128722
v -1.250099 0.454845 -2.670567
v -1.273284 0.447149 -2.675673
v -1.276316 0.455058 -2.680557
v -1.275387 0.447151 -2.674872
v -1.290182 0.454528 -2.654054
v -0.899920 0.445871 -2.485852
v -0.889029 0.445252 -2.513583
v -0.890813 0.446038 -2.514016
v -0.889921 0.445252 -2.515645
v -0.915831 0.445891 -2.525553
v -1.435515 0.445050 -2.294207
v -1.446080 0.444108 -2.266778
v -1.444289 0.444893 -2.266349
v -1.445171 0.444099 -2.264721
v -1.419326 0.444876 -2.254868
v -1.085220 0.445933 -2.117662
v -1.059726 0.445315 -2.106431
v -1.059205 0.446100 -2.108209
v -1.057635 0.445315 -2.107259
v -1.046104 0.445925 -2.133564
v -1.248551 0.444146 -2.665388
v -1.273771 0.443244 -2.676970
v -1.274305 0.444040 -2.675195
v -1.275869 0.443251 -2.676173
v -1.287932 0.444305 -2.649176
v -0.897938 0.444124 -2.486573
v -0.889020 0.443238 -2.513587
v -0.888761 0.444292 -2.514933
v -0.889913 0.443238 -2.515649
v -0.913957 0.444145 -2.526544
v -1.437497 0.443297 -2.293482
v -1.446089 0.442094 -2.266775
v -1.446339 0.443139 -2.265430
v -1.445180 0.442085 -2.264717
v -1.421198 0.443122 -2.253875
v -1.084595 0.444187 -2.115644
v -1.059722 0.443301 -2.106423
v -1.058401 0.444355 -2.106118
v -1.057632 0.443301 -2.107250
v -1.045214 0.444179 -2.131653
v -1.249163 0.442386 -2.667424
v -1.273774 0.441230 -2.676979
v -1.275095 0.442280 -2.677306
v -1.275873 0.441237 -2.676182
v -1.288812 0.442547 -2.651102
v -0.899886 0.442017 -2.485864
v -0.892906 0.441386 -2.511851
v -0.890778 0.442184 -2.514032
v -0.893799 0.441386 -2.513913
v -0.915800 0.442037 -2.525569
v -1.435548 0.441196 -2.294195
v -1.442208 0.440258 -2.268514
v -1.444324 0.441039 -2.266333
v -1.441299 0.440249 -2.266457
v -1.419358 0.441022 -2.254851
v -1.085209 0.442079 -2.117628
v -1.061245 0.441448 -2.110382
v -1.059192 0.442246 -2.108174
v -1.059155 0.441447 -2.111209
v -1.046089 0.442071 -2.133531
v -1.248561 0.440292 -2.665422
v -1.272278 0.439405 -2.672982
v -1.274319 0.440186 -2.675231
v -1.274377 0.439413 -2.672184
v -1.287947 0.440451 -2.649208
v -0.905157 0.440951 -2.483946
v -0.898886 0.441367 -2.509180
v -0.896235 0.441115 -2.511594
v -0.899779 0.441367 -2.511241
v -0.920784 0.440972 -2.522933
v -1.430279 0.440147 -2.296124
v -1.436237 0.440264 -2.271191
v -1.438874 0.439993 -2.268776
v -1.435327 0.440255 -2.269133
v -1.414379 0.439976 -2.257491
v -1.086870 0.441012 -2.122994
v -1.063589 0.441427 -2.116473
v -1.061330 0.441176 -2.113732
v -1.061499 0.441427 -2.117301
v -1.048455 0.441005 -2.138610
v -1.246933 0.439260 -2.660008
v -1.269977 0.439430 -2.666830
v -1.272219 0.439157 -2.669617
v -1.272076 0.439438 -2.666032
v -1.285609 0.439417 -2.644088
v -0.909701 0.441989 -2.482292
v -0.901938 0.442930 -2.508132
v -0.900941 0.442150 -2.509492
v -0.902608 0.442930 -2.509678
v -0.925082 0.442009 -2.520661
v -1.425735 0.441199 -2.297787
v -1.433185 0.441840 -2.272243
v -1.434175 0.441048 -2.270883
v -1.432503 0.441833 -2.270700
v -1.410086 0.441031 -2.259768
v -1.088303 0.442049 -2.127622
v -1.064485 0.442990 -2.119567
v -1.063174 0.442210 -2.118526
v -1.062917 0.442990 -2.120188
v -1.050496 0.442041 -2.142990
v -1.245530 0.440327 -2.655338
v -1.269102 0.441018 -2.663711
v -1.270408 0.440226 -2.664776
v -1.270676 0.441023 -2.663113
v -1.283592 0.440482 -2.639673
v -1.401743 0.491668 -2.372519
v -1.403395 0.492988 -2.372654
v -1.344149 0.499732 -2.228988
v -1.345086 0.501161 -2.228003
v -1.158674 0.499610 -2.151038
v -1.158722 0.501039 -2.149678
v -1.015613 0.490728 -2.210393
v -1.014579 0.492839 -2.209506
v -1.175720 0.499248 -2.629495
v -1.175673 0.500673 -2.630851
v -1.318564 0.489885 -2.569941
v -1.319817 0.491166 -2.571023
v -0.932711 0.489531 -2.408635
v -0.931350 0.491609 -2.408514
v -0.990599 0.499754 -2.552178
v -0.989664 0.501184 -2.553163
v -1.405634 0.492541 -2.372472
v -1.346782 0.500745 -2.226471
v -1.158627 0.500622 -2.147394
v -1.013140 0.492391 -2.207780
v -1.175766 0.500253 -2.633132
v -1.321254 0.490727 -2.572746
v -0.929112 0.491173 -2.408699
v -0.987970 0.500768 -2.554698
v -1.405806 0.488581 -2.372458
v -1.346912 0.496596 -2.226354
v -1.158620 0.496472 -2.147219
v -1.013030 0.488431 -2.207648
v -1.175773 0.496103 -2.633307
v -1.321364 0.486873 -2.572878
v -0.928941 0.487320 -2.408713
v -0.987839 0.496619 -2.554815
v -1.404846 0.487268 -2.372536
v -1.346185 0.495195 -2.227010
v -1.158660 0.495072 -2.148198
v -1.013646 0.487118 -2.208387
v -1.175733 0.494704 -2.632329
v -1.320748 0.485596 -2.572140
v -0.929900 0.486041 -2.408633
v -0.988566 0.495218 -2.554158
v -1.406886 0.484950 -2.372436
v -1.347501 0.492696 -2.225828
v -1.158457 0.492657 -2.146552
v -1.012294 0.484999 -2.206871
v -1.175898 0.492196 -2.634244
v -1.322230 0.483285 -2.573619
v -0.928035 0.483964 -2.408494
v -0.987255 0.492836 -2.555409
v -1.416219 0.474321 -2.371978
v -1.417365 0.460105 -2.371388
v -1.353330 0.480761 -2.220546
v -1.354788 0.463527 -2.218924
v -1.157344 0.481213 -2.139466
v -1.157080 0.464000 -2.137670
v -1.006090 0.475441 -2.200013
v -1.005578 0.460623 -2.199183
v -1.176838 0.480239 -2.642883
v -1.177397 0.463169 -2.644533
v -1.329232 0.472654 -2.580319
v -1.329992 0.459030 -2.581448
v -0.919782 0.474569 -2.407490
v -0.919018 0.460114 -2.407732
v -0.981525 0.481576 -2.560959
v -0.980493 0.464265 -2.561795
v -1.408564 0.447602 -2.371994
v -1.348293 0.447619 -2.224775
v -1.157479 0.448199 -2.146414
v -1.011317 0.447596 -2.205944
v -1.177086 0.447253 -2.635667
v -1.324268 0.447049 -2.574743
v -0.927822 0.447431 -2.407159
v -0.987063 0.448251 -2.555804
v -1.409656 0.444603 -2.371900
v -1.349118 0.444050 -2.224030
v -1.157424 0.444658 -2.145308
v -1.010615 0.444529 -2.205101
v -1.177136 0.443674 -2.636779
v -1.324971 0.444149 -2.575587
v -0.926734 0.444445 -2.407245
v -0.986239 0.444676 -2.556549
v -1.409663 0.442683 -2.371900
v -1.349124 0.442036 -2.224025
v -1.157424 0.442644 -2.145300
v -1.010610 0.442609 -2.205095
v -1.177137 0.441660 -2.636787
v -1.324975 0.442281 -2.575593
v -0.926726 0.442576 -2.407246
v -0.986233 0.442662 -2.556554
v -1.406296 0.440925 -2.372176
v -1.346585 0.440201 -2.226326
v -1.157587 0.440800 -2.148711
v -1.012783 0.440852 -2.207687
v -1.176986 0.439830 -2.633356
v -1.322801 0.440575 -2.573000
v -0.930081 0.440866 -2.406990
v -0.988773 0.440818 -2.554254
v -1.401115 0.440918 -2.372600
v -1.342678 0.440208 -2.229867
v -1.157837 0.440793 -2.153959
v -1.016126 0.440846 -2.211675
v -1.176755 0.439845 -2.628076
v -1.319455 0.440577 -2.569011
v -0.935243 0.440862 -2.406597
v -0.992682 0.440812 -2.550714
v -1.398164 0.442413 -2.372560
v -1.340693 0.441786 -2.231941
v -1.157771 0.442363 -2.156821
v -1.018205 0.442343 -2.213739
v -1.176795 0.441427 -2.625288
v -1.317352 0.442037 -2.566931
v -0.938160 0.442319 -2.406641
v -0.994634 0.442381 -2.548728
v -1.251206 0.496365 -2.190503
v -1.147242 0.497350 -2.177153
v -1.333549 0.497459 -2.255422
v -1.427924 0.502557 -2.296125
v -1.374838 0.490922 -2.361116
v -1.245899 0.503118 -2.657354
v -1.413419 0.503994 -2.259557
v -1.125469 0.487174 -2.490109
v -1.291599 0.489230 -2.558777
v -1.187193 0.497045 -2.603444
v -1.001191 0.497476 -2.525726
v -1.282175 0.501673 -2.642061
v -0.906974 0.502544 -2.485288
v -1.052114 0.502337 -2.138245
v -1.042962 0.490798 -2.221859
v -0.960028 0.489609 -2.420070
v -0.921457 0.503996 -2.521847
v -1.088363 0.503783 -2.122943
v -1.290678 0.442258 -2.555454
v -1.408382 0.442088 -2.261870
v -1.208623 0.442230 -2.293167
v -1.371387 0.442582 -2.361440
v -1.329939 0.442133 -2.258972
v -1.146433 0.442548 -2.183275
v -1.422904 0.442245 -2.297506
v -1.086259 0.442133 -2.585704
v -1.245783 0.441392 -2.652735
v -1.188385 0.441823 -2.598691
v -1.005544 0.442563 -2.521731
v -1.281400 0.441537 -2.637849
v -0.912496 0.443028 -2.482570
v -1.052664 0.443079 -2.144775
v -1.044930 0.442527 -2.224995
v -0.964887 0.442508 -2.417742
v -0.926754 0.443047 -2.518648
v -1.088022 0.443086 -2.130311
v -1.251441 0.496635 -2.189944
v -1.083129 0.496576 -2.590907
v -1.251904 0.498039 -2.188840
v -1.082668 0.497979 -2.592007
v -1.252705 0.497594 -2.186933
v -1.081867 0.497533 -2.593914
v -1.252766 0.493442 -2.186786
v -1.081805 0.493381 -2.594061
v -1.252423 0.492054 -2.187604
v -1.082149 0.491994 -2.593243
v -1.255490 0.478117 -2.180023
v -1.079118 0.478433 -2.602074
v -1.081565 0.489591 -2.594852
v -1.252998 0.489596 -2.186198
v -1.256246 0.462121 -2.178088
v -1.078943 0.462389 -2.603162
v -1.253209 0.447551 -2.185355
v -1.082084 0.447554 -2.595705
v -1.253596 0.444179 -2.184429
v -1.081697 0.444139 -2.596633
v -1.253598 0.442165 -2.184422
v -1.081694 0.442125 -2.596640
v -1.252406 0.440328 -2.187282
v -1.082889 0.440289 -2.593774
v -1.250571 0.440332 -2.191682
v -1.084728 0.440294 -2.589365
v -1.249526 0.441908 -2.194191
v -1.085723 0.441870 -2.586982
v -1.429237 0.502842 -2.296622
v -1.413890 0.504337 -2.258531
v -1.438397 0.506071 -2.269579
v -1.088767 0.504125 -2.121889
v -1.050535 0.501855 -2.137404
v -1.063557 0.505153 -2.111618
v -1.245497 0.503452 -2.658404
v -1.283448 0.501951 -2.642647
v -1.270494 0.505046 -2.668097
v -0.905267 0.502063 -2.484761
v -0.920990 0.504339 -2.522872
v -0.896053 0.505392 -2.512134
v -1.415186 0.505801 -2.257589
v -1.430878 0.504281 -2.296350
v -1.439770 0.507348 -2.268970
v -1.049862 0.504058 -2.136283
v -1.088533 0.505587 -2.120304
v -1.063199 0.507103 -2.110707
v -1.284401 0.503382 -2.644007
v -1.245729 0.504909 -2.659986
v -1.271018 0.506317 -2.669501
v -0.919698 0.505803 -2.523817
v -0.903998 0.504268 -2.485059
v -0.895155 0.507343 -2.512518
v -1.417553 0.505430 -2.256340
v -1.433382 0.503896 -2.295438
v -1.442362 0.506992 -2.267815
v -1.048760 0.503672 -2.133857
v -1.087767 0.505214 -2.117738
v -1.062209 0.506744 -2.108047
v -1.285501 0.502989 -2.646428
v -1.246493 0.504529 -2.662547
v -1.272005 0.505951 -2.672155
v -0.917333 0.505431 -2.525072
v -0.901498 0.503883 -2.485976
v -0.892567 0.506986 -2.513679
v -1.417735 0.501284 -2.256243
v -1.433574 0.499750 -2.295368
v -1.442561 0.502847 -2.267727
v -1.048675 0.499525 -2.133670
v -1.087708 0.501068 -2.117541
v -1.062133 0.502599 -2.107842
v -1.285585 0.498841 -2.646614
v -1.246551 0.500383 -2.662743
v -1.272081 0.501806 -2.672359
v -0.917152 0.501286 -2.525168
v -0.901306 0.499736 -2.486047
v -0.892368 0.502842 -2.513768
v -1.416720 0.499864 -2.256779
v -1.432501 0.498335 -2.295759
v -1.441450 0.501421 -2.268222
v -1.049148 0.498111 -2.134711
v -1.088036 0.499649 -2.118641
v -1.062558 0.501174 -2.108983
v -1.285114 0.497431 -2.645576
v -1.246224 0.498967 -2.661645
v -1.271657 0.500384 -2.671221
v -0.918166 0.499866 -2.524630
v -0.902378 0.498322 -2.485653
v -0.893478 0.501415 -2.513271
v -1.426812 0.484901 -2.251140
v -1.443689 0.483603 -2.291606
v -1.452546 0.486283 -2.262861
v -1.042848 0.484584 -2.125205
v -1.083316 0.485693 -2.109035
v -1.056693 0.487195 -2.099096
v -1.291248 0.482057 -2.656716
v -1.250480 0.483452 -2.673378
v -1.276985 0.484513 -2.683348
v -0.908165 0.485794 -2.529793
v -0.891594 0.484595 -2.488806
v -0.882484 0.487207 -2.517872
v -0.900389 0.495963 -2.486265
v -0.916318 0.497468 -2.525593
v -0.891450 0.499014 -2.514135
v -1.434546 0.495825 -2.295010
v -1.418578 0.497335 -2.255759
v -1.443492 0.498882 -2.267256
v -1.087236 0.497266 -2.116810
v -1.048057 0.495780 -2.132913
v -1.061557 0.498804 -2.107091
v -1.246958 0.496346 -2.663770
v -1.286182 0.494816 -2.647593
v -1.272585 0.497725 -2.673416
v -1.428677 0.465816 -2.249923
v -1.445465 0.465135 -2.290652
v -1.454542 0.466581 -2.261783
v -1.041648 0.465980 -2.123947
v -1.082168 0.466644 -2.107515
v -1.055252 0.467530 -2.097682
v -1.292349 0.463992 -2.658771
v -1.251544 0.464751 -2.675565
v -1.278211 0.465272 -2.685716
v -0.906443 0.466671 -2.530555
v -0.889952 0.465932 -2.489425
v -0.880538 0.467475 -2.518614
v -1.419578 0.447939 -2.254731
v -1.435783 0.448002 -2.294115
v -1.444566 0.448051 -2.266226
v -1.045980 0.448861 -2.133308
v -1.085137 0.448955 -2.117388
v -1.059096 0.449212 -2.107926
v -1.288055 0.447215 -2.649433
v -1.248632 0.447175 -2.665665
v -1.274413 0.447150 -2.675480
v -0.915578 0.448923 -2.525689
v -0.899652 0.448807 -2.485945
v -0.890535 0.449150 -2.514140
v -1.420730 0.444086 -2.254123
v -1.437001 0.444260 -2.293663
v -1.445826 0.444103 -2.265660
v -1.045436 0.445141 -2.132131
v -1.084751 0.445149 -2.116148
v -1.058602 0.445317 -2.106641
v -1.288592 0.443512 -2.650620
v -1.249010 0.443351 -2.666915
v -1.274898 0.443245 -2.676778
v -0.914425 0.445107 -2.526296
v -0.898433 0.445086 -2.486393
v -0.889274 0.445254 -2.514704
v -1.420738 0.442072 -2.254119
v -1.437009 0.442246 -2.293660
v -1.445835 0.442089 -2.265656
v -1.045432 0.443127 -2.132123
v -1.084749 0.443135 -2.116139
v -1.058599 0.443303 -2.106632
v -1.288596 0.441498 -2.650628
v -1.249012 0.441337 -2.666924
v -1.274901 0.441231 -2.676787
v -0.914418 0.443093 -2.526300
v -0.898425 0.443072 -2.486396
v -0.889265 0.443240 -2.514708
v -1.417193 0.440236 -2.255999
v -1.433257 0.440408 -2.295034
v -1.441954 0.440253 -2.267396
v -1.047118 0.441276 -2.135740
v -1.085932 0.441284 -2.119962
v -1.060122 0.441450 -2.110591
v -1.286930 0.439670 -2.646982
v -1.247853 0.439512 -2.663068
v -1.273405 0.439407 -2.672789
v -0.917967 0.441242 -2.524423
v -0.902178 0.441222 -2.485030
v -0.893151 0.441388 -2.512972
v -1.411737 0.440242 -2.258892
v -1.427483 0.440411 -2.297148
v -1.435982 0.440259 -2.270072
v -1.049711 0.441259 -2.141306
v -1.087752 0.441267 -2.125842
v -1.062465 0.441429 -2.116682
v -1.284368 0.439689 -2.641371
v -1.246069 0.439534 -2.657134
v -1.271104 0.439432 -2.666638
v -0.923429 0.441227 -2.521535
v -0.907954 0.441206 -2.482928
v -0.899131 0.441369 -2.510301
v -1.409082 0.441820 -2.260600
v -1.424416 0.441985 -2.297941
v -1.433280 0.441632 -2.271280
v -1.051313 0.442823 -2.144026
v -1.088425 0.442831 -2.128917
v -1.063527 0.442788 -2.119436
v -1.282773 0.441272 -2.638623
v -1.245404 0.441121 -2.654059
v -1.270060 0.440814 -2.663857
v -0.926079 0.442791 -2.519852
v -0.911012 0.442771 -2.482139
v -0.901836 0.442729 -2.509095
v -1.240564 0.494916 -2.215870
v -1.403550 0.501248 -2.285583
v -1.094009 0.494867 -2.565005
v -1.257622 0.500488 -2.632107
v -0.931320 0.501244 -2.495768
v -1.076715 0.501058 -2.148277
v -1.238385 0.442183 -2.221145
v -1.398859 0.442215 -2.287508
v -1.096992 0.442149 -2.560191
v -1.257322 0.441610 -2.627742
v -0.936544 0.442908 -2.492721
v -1.076916 0.442942 -2.154703
v -1.372672 0.485181 -2.441073
v -1.347734 0.483994 -2.500322
v -0.962476 0.484145 -2.338920
v -0.987310 0.485167 -2.279599
v -0.984399 0.485982 -2.278364
v -0.959552 0.484941 -2.337707
v -1.350519 0.484790 -2.501502
v -1.375464 0.485998 -2.442228
v -0.982828 0.486761 -2.277638
v -0.957937 0.485701 -2.337086
v -1.352094 0.485549 -2.502217
v -1.377083 0.486777 -2.442839
v -0.981676 0.484272 -2.277106
v -0.956752 0.483270 -2.336630
v -1.353250 0.483118 -2.502742
v -1.378271 0.484288 -2.443287
v -0.982265 0.481503 -2.277378
v -0.957358 0.480566 -2.336863
v -1.352659 0.480414 -2.502473
v -1.377663 0.481518 -2.443058
v -0.982462 0.480671 -2.277469
v -0.957561 0.479754 -2.336941
v -1.352461 0.479603 -2.502384
v -1.377460 0.480687 -2.442981
v -0.952394 0.474810 -2.333782
v -0.977350 0.475633 -2.274032
v -1.383534 0.474809 -2.445064
v -1.358519 0.473806 -2.504818
v -0.972384 0.464345 -2.270654
v -0.947384 0.463775 -2.330721
v -1.364613 0.462571 -2.507210
v -1.389632 0.463303 -2.447043
v -0.977288 0.451564 -2.272964
v -0.952424 0.451324 -2.332781
v -1.359835 0.451198 -2.505011
v -1.384719 0.451557 -2.445072
v -0.980986 0.444892 -2.274702
v -0.956221 0.444826 -2.334283
v -1.356101 0.445127 -2.503328
v -1.380888 0.445298 -2.443626
v -0.979534 0.443308 -2.274018
v -0.954728 0.443279 -2.333696
v -1.357566 0.443584 -2.503991
v -1.382393 0.443717 -2.444192
v -0.980962 0.441408 -2.274690
v -0.956195 0.441424 -2.334274
v -1.356125 0.441725 -2.503340
v -1.380913 0.441813 -2.443636
v -0.984823 0.440458 -2.276508
v -0.960163 0.440497 -2.335837
v -1.352228 0.440789 -2.501578
v -1.376909 0.440854 -2.442132
v -0.988153 0.441408 -2.278075
v -0.963584 0.441425 -2.337184
v -1.348868 0.441708 -2.500059
v -1.373457 0.441795 -2.440835
v -1.274468 0.442423 -2.398746
v -1.249853 0.442382 -2.457855
v -0.991410 0.442356 -2.279496
v -0.966872 0.442350 -2.338547
v -1.250185 0.483484 -2.459517
v -1.275144 0.484567 -2.400140
v -1.084887 0.484562 -2.320419
v -1.059982 0.483560 -2.379833
v -1.345469 0.442624 -2.498585
v -1.370038 0.442732 -2.439422
v -1.062984 0.442250 -2.378869
v -1.087580 0.442240 -2.319814
v -1.374550 0.485383 -2.441857
v -1.349612 0.484189 -2.501112
v -0.960238 0.483530 -2.338016
v -0.985101 0.484558 -2.278624
v -1.155041 0.483246 -2.419685
v -1.179993 0.484259 -2.360241
v -1.376084 0.486604 -2.442462
v -1.351123 0.485382 -2.501776
v -0.958933 0.485533 -2.337469
v -0.983797 0.486588 -2.278086
v -1.377974 0.486132 -2.443175
v -1.352961 0.484920 -2.502610
v -0.957048 0.485071 -2.336744
v -0.981964 0.486116 -2.277239
v -1.378119 0.482373 -2.443230
v -1.353102 0.481249 -2.502675
v -0.956904 0.481401 -2.336688
v -0.981823 0.482357 -2.277174
v -1.377309 0.481148 -2.442924
v -1.352314 0.480053 -2.502317
v -0.957712 0.480204 -2.336999
v -0.982609 0.481132 -2.277537
v -1.387895 0.469247 -2.446525
v -1.362877 0.468347 -2.506543
v -0.948760 0.469827 -2.331508
v -0.973749 0.470545 -2.271555
v -0.956068 0.478271 -2.336074
v -0.980988 0.479158 -2.276519
v -1.379180 0.478964 -2.443577
v -1.354172 0.477906 -2.503081
v -1.388615 0.457300 -2.446573
v -1.363630 0.456763 -2.506732
v -0.948520 0.457370 -2.331220
v -0.973486 0.457773 -2.271178
v -1.381093 0.447179 -2.443704
v -1.356301 0.446955 -2.503418
v -0.956017 0.446762 -2.334203
v -0.980788 0.446879 -2.274609
v -1.382017 0.444587 -2.444051
v -1.357200 0.444433 -2.503825
v -0.955101 0.444130 -2.333843
v -0.979897 0.444179 -2.274189
v -1.382023 0.442766 -2.444053
v -1.357206 0.442655 -2.503828
v -0.955095 0.442352 -2.333840
v -0.979891 0.442358 -2.274186
v -1.379172 0.441096 -2.442982
v -1.354431 0.441025 -2.502573
v -0.957921 0.440728 -2.334953
v -0.982641 0.440695 -2.275481
v -1.374785 0.441087 -2.441334
v -1.350160 0.441016 -2.500643
v -0.962269 0.440729 -2.336666
v -0.986872 0.440696 -2.277473
v -1.372138 0.442503 -2.440307
v -1.347566 0.442399 -2.499486
v -0.964867 0.442119 -2.337705
v -0.989416 0.442120 -2.278640
v -1.181207 0.442228 -2.359206
v -1.156575 0.442233 -2.418276
v -1.322165 0.483870 -2.489627
v -1.347110 0.485029 -2.430344
v -1.012950 0.485019 -2.290325
v -0.988100 0.484002 -2.349672
v -1.320318 0.442559 -2.487869
v -1.344900 0.442650 -2.428721
v -0.992082 0.442325 -2.349129
v -1.016632 0.442326 -2.290076
v -1.407831 0.445266 -2.372047
v -1.157509 0.445383 -2.147156
v -1.177057 0.444408 -2.634921
v -0.928551 0.445090 -2.407110
v -1.323790 0.444792 -2.574184
v -0.987613 0.445403 -2.555301
v -1.011794 0.445196 -2.206503
v -1.347744 0.444781 -2.225279
v -0.891133 0.445990 -2.512645
v -0.892024 0.445991 -2.514703
v -1.443978 0.444857 -2.267719
v -1.443071 0.444849 -2.265665
v -1.060548 0.446053 -2.108576
v -1.058462 0.446052 -2.109402
v -1.272963 0.443997 -2.674806
v -1.275057 0.444005 -2.674010
v -1.082344 0.444862 -2.595080
v -1.252949 0.444899 -2.185979
v -0.900466 0.445817 -2.485657
v -0.891377 0.445992 -2.513764
v -0.916345 0.445842 -2.525277
v -1.434968 0.444998 -2.294404
v -1.443725 0.444852 -2.266602
v -1.418812 0.444830 -2.255145
v -1.085388 0.445883 -2.118218
v -1.059426 0.446054 -2.108785
v -1.046351 0.445871 -2.134088
v -1.248385 0.444100 -2.664827
v -1.274087 0.443999 -2.674614
v -1.287687 0.444253 -2.648648
v -0.956652 0.444725 -2.334397
v -0.981367 0.444793 -2.274939
v -1.380452 0.445193 -2.443519
v -1.355717 0.445020 -2.503097
v -1.407896 0.445473 -2.372043
v -1.157506 0.445632 -2.147090
v -1.177060 0.444659 -2.634986
v -0.928487 0.445297 -2.407114
v -1.323832 0.444991 -2.574234
v -0.987564 0.445655 -2.555345
v -1.011752 0.445408 -2.206454
v -1.347792 0.445032 -2.225235
v -0.891059 0.446269 -2.512678
v -0.891950 0.446270 -2.514737
v -1.444053 0.445140 -2.267686
v -1.443145 0.445132 -2.265631
v -1.060519 0.446332 -2.108500
v -1.058432 0.446331 -2.109326
v -1.272991 0.444276 -2.674882
v -1.275086 0.444283 -2.674086
v -1.082321 0.445100 -2.595136
v -1.252972 0.445134 -2.185924
v -0.891303 0.446271 -2.513798
v -0.916277 0.446114 -2.525313
v -1.443799 0.445135 -2.266569
v -1.418880 0.445105 -2.255108
v -1.059397 0.446334 -2.108709
v -1.046319 0.446135 -2.134019
v -1.274116 0.444277 -2.674690
v -1.287719 0.444515 -2.648717
v -0.956596 0.444905 -2.334380
v -1.380508 0.445369 -2.443535
v -0.900394 0.446081 -2.485683
v -1.435040 0.445264 -2.294378
v -1.085366 0.446155 -2.118145
v -1.248407 0.444372 -2.664901
v -0.981315 0.444978 -2.274910
v -1.355768 0.445191 -2.503125
v 2.841582 0.903219 -2.528365
v 2.569985 0.675178 -2.595404
v 2.583433 0.903065 -2.626372
v 2.719707 0.900416 -2.593803
v 2.704434 0.674174 -2.564493
v 2.829473 0.674629 -2.496481
v 2.865841 0.893891 -2.576509
v 2.590508 0.667422 -2.646485
v 2.603825 0.893764 -2.676214
v 2.742826 0.902490 -2.631540
v 2.726878 0.668336 -2.600948
v 2.853200 0.667405 -2.545343
v 2.922495 0.825096 -2.535271
v 2.864487 0.891538 -2.574158
v 2.515824 0.721297 -2.672523
v 2.521132 0.824948 -2.687069
v 2.727477 0.665781 -2.602668
v 2.743720 0.905265 -2.634013
v 2.852223 0.723966 -2.552645
v 2.602171 0.891170 -2.673798
v 2.854891 0.908936 -2.541991
v 2.916703 0.720518 -2.520886
v 2.923219 0.829145 -2.530458
v 2.517536 0.828484 -2.684122
v 2.511990 0.722294 -2.669199
v 2.917373 0.722181 -2.515551
v 2.713018 0.661751 -2.573086
v 2.729087 0.919362 -2.607754
v 2.840046 0.664944 -2.508194
v 2.585449 0.908770 -2.644761
v 2.863367 0.898780 -2.574333
v 2.589613 0.666541 -2.641692
v 2.594003 0.724485 -2.650833
v 2.500243 0.836736 -2.630106
v 2.896117 0.732614 -2.465055
v 2.898480 0.732294 -2.462171
v 2.705177 0.671862 -2.562515
v 2.721538 0.913274 -2.594074
v 2.583868 0.894897 -2.626320
v 2.901815 0.837306 -2.478196
v 2.901671 0.890662 -2.487424
v 2.571076 0.677659 -2.596934
v 2.492065 0.731650 -2.616689
v 2.497751 0.837652 -2.631431
v 2.582361 0.905348 -2.627246
v 2.900959 0.731505 -2.460992
v 2.706257 0.669511 -2.561928
v 2.722848 0.915717 -2.594172
v 2.906257 0.838197 -2.479185
v 2.831578 0.672592 -2.495416
v 2.844058 0.905400 -2.527740
v 2.568724 0.672866 -2.595618
v 2.492204 0.730938 -2.619336
v 2.497934 0.837587 -2.634177
v 2.582836 0.905683 -2.629775
v 2.902327 0.730914 -2.462983
v 2.707271 0.668510 -2.563883
v 2.723867 0.916095 -2.596365
v 2.517596 0.826266 -2.688515
v 2.832977 0.671633 -2.497251
v 2.846257 0.905892 -2.529443
v 2.569184 0.671852 -2.597932
v 2.925990 0.826619 -2.533959
v 2.920098 0.719651 -2.519161
v 2.512116 0.720157 -2.673615
v 2.866215 0.896801 -2.577413
v 2.727549 0.663058 -2.602971
v 2.743944 0.907932 -2.635163
v 2.852203 0.664790 -2.545905
v 2.603471 0.896642 -2.677356
v 2.590261 0.664695 -2.645684
v 2.516091 0.828084 -2.686066
v 2.925507 0.828644 -2.531031
v 2.919604 0.720909 -2.516049
v 2.510526 0.721147 -2.671042
v 2.865114 0.898951 -2.575160
v 2.726564 0.663401 -2.600625
v 2.742876 0.909977 -2.633177
v 2.849884 0.665212 -2.543873
v 2.602043 0.898732 -2.675180
v 2.588856 0.665092 -2.643209
v 2.602655 0.898561 -2.673472
v 2.499196 0.837610 -2.651052
v 2.848583 0.666728 -2.543045
v 2.910649 0.727023 -2.475974
v 2.726088 0.664888 -2.599607
v 2.742195 0.909683 -2.631990
v 2.904493 0.838103 -2.477237
v 2.572085 0.664587 -2.611058
v 2.915987 0.839420 -2.492458
v 2.493048 0.725679 -2.635349
v 2.901521 0.892128 -2.487221
v 2.902634 0.890568 -2.486251
v 2.526279 0.881744 -2.694646
v 2.524835 0.880157 -2.694768
v 2.494736 0.679934 -2.606664
v 2.493402 0.681417 -2.607102
v 2.912152 0.669145 -2.514914
v 2.913496 0.670601 -2.514450
v 2.925205 0.881839 -2.543506
v 2.924064 0.883455 -2.544385
v 2.504489 0.888758 -2.635916
v 2.505953 0.890328 -2.635904
v 2.514121 0.670776 -2.665383
v 2.515438 0.669309 -2.664829
v 2.895935 0.680229 -2.453835
v 2.894646 0.678770 -2.454387
v 2.918536 0.896882 -2.499835
v 2.917761 0.898568 -2.500572
v 2.490457 0.669471 -2.625428
v 2.491806 0.667984 -2.624933
v 2.504337 0.897000 -2.657067
v 2.502856 0.895418 -2.657128
v 2.906324 0.668493 -2.467175
v 2.907621 0.669972 -2.466650
v 2.904908 0.895089 -2.484590
v 2.906037 0.893312 -2.483765
v 2.490315 0.676522 -2.606356
v 2.488930 0.678067 -2.606834
v 2.500405 0.892220 -2.636620
v 2.501917 0.893852 -2.636586
v 2.898967 0.677863 -2.451028
v 2.897659 0.676333 -2.451576
v 2.907757 0.895636 -2.486071
v 2.908512 0.893775 -2.485460
v 2.490460 0.675512 -2.608899
v 2.489075 0.677056 -2.609382
v 2.500638 0.892507 -2.639366
v 2.502151 0.894140 -2.639328
v 2.900506 0.676933 -2.452882
v 2.899204 0.675399 -2.453429
v 2.512483 0.891794 -2.682254
v 2.513956 0.893380 -2.682152
v 2.914323 0.666695 -2.493228
v 2.912980 0.665223 -2.493724
v 2.925250 0.894901 -2.526542
v 2.926395 0.893298 -2.525617
v 2.501606 0.664630 -2.649910
v 2.500262 0.666107 -2.650450
v 2.522861 0.884213 -2.696130
v 2.521413 0.882627 -2.696249
v 2.915426 0.666801 -2.512930
v 2.916770 0.668258 -2.512462
v 2.928679 0.884277 -2.542347
v 2.927537 0.885891 -2.543232
v 2.510355 0.668329 -2.666157
v 2.511677 0.666862 -2.665604
v 2.521420 0.886339 -2.693607
v 2.519969 0.884754 -2.693724
v 2.914858 0.667370 -2.509669
v 2.916202 0.668830 -2.509197
v 2.928133 0.886382 -2.539449
v 2.926991 0.887993 -2.540340
v 2.508741 0.668801 -2.663383
v 2.510066 0.667333 -2.662832
v 2.494677 0.732800 -2.615659
v 2.839748 0.895491 -2.529480
v 2.830861 0.732954 -2.507103
v 2.708105 0.733397 -2.570996
v 2.828107 0.676964 -2.498851
v 2.894470 0.680122 -2.454989
v 2.574301 0.733424 -2.604782
v 2.497780 0.733391 -2.616283
v 2.505934 0.888785 -2.635981
v 2.494867 0.681306 -2.607144
v 2.580452 0.838307 -2.618906
v 2.715297 0.840607 -2.584756
v 2.836406 0.838549 -2.521884
v 2.899654 0.836632 -2.481095
v 2.503248 0.835862 -2.630527
v 2.738409 0.841862 -2.623456
v 2.859266 0.833364 -2.567179
v 2.600313 0.833689 -2.665698
v 2.730565 0.726629 -2.608403
v 2.852086 0.669232 -2.544203
v 2.587842 0.670020 -2.644103
v 2.847344 0.905450 -2.530741
v 2.707900 0.668635 -2.565359
v 2.724409 0.915503 -2.597785
v 2.833218 0.671748 -2.499026
v 2.583779 0.905118 -2.631211
v 2.499223 0.837243 -2.635667
v 2.902212 0.730812 -2.465007
v 2.570184 0.671944 -2.599444
v 2.906694 0.838037 -2.480849
v 2.493498 0.730785 -2.620847
v 2.909740 0.893544 -2.486771
v 2.909365 0.895330 -2.487266
v 2.490381 0.677045 -2.610931
v 2.491715 0.675558 -2.610470
v 2.503399 0.893623 -2.640829
v 2.501934 0.892045 -2.640861
v 2.899175 0.675470 -2.455483
v 2.900423 0.676944 -2.454952
v 2.840327 0.901850 -2.529985
v 2.570880 0.676398 -2.596502
v 2.584183 0.901513 -2.627081
v 2.828348 0.675618 -2.498237
v 2.501871 0.835983 -2.630524
v 2.897355 0.732576 -2.463998
v 2.704484 0.673121 -2.564069
v 2.720672 0.911614 -2.595225
v 2.900650 0.836723 -2.480062
v 2.902427 0.893208 -2.485433
v 2.903533 0.891613 -2.484497
v 2.492944 0.678758 -2.605751
v 2.491611 0.680243 -2.606196
v 2.502844 0.890191 -2.635378
v 2.504307 0.891764 -2.635360
v 2.896779 0.679511 -2.452162
v 2.895507 0.678049 -2.452704
v 2.496378 0.733348 -2.616262
v 2.924125 0.835014 -2.517013
v 2.508249 0.833280 -2.675016
v 2.502190 0.721478 -2.659261
v 2.918150 0.722754 -2.500968
v 2.862787 0.905635 -2.563565
v 2.581691 0.661909 -2.631950
v 2.594781 0.905533 -2.665662
v 2.847646 0.662456 -2.529961
v 2.722013 0.659889 -2.590021
v 2.737882 0.916492 -2.624669
v 2.521406 0.884710 -2.691666
v 2.522855 0.886295 -2.691550
v 2.913969 0.670326 -2.508700
v 2.912627 0.668866 -2.509173
v 2.924646 0.887945 -2.539697
v 2.925786 0.886334 -2.538805
v 2.511541 0.668784 -2.660977
v 2.510216 0.670252 -2.661526
v 2.711711 0.789370 -2.577636
v 2.779268 0.899012 -2.566233
v 2.720364 0.908686 -2.595003
v 2.652198 0.840104 -2.604640
v 2.641921 0.675097 -2.583817
v 2.704419 0.673470 -2.564337
v 2.768010 0.733245 -2.543796
v 2.833583 0.786756 -2.514837
v 2.500673 0.784443 -2.624295
v 2.734334 0.784040 -2.615832
v 2.805424 0.899153 -2.604419
v 2.743143 0.904484 -2.632339
v 2.674237 0.840000 -2.645529
v 2.660137 0.668770 -2.623764
v 2.726992 0.667154 -2.601316
v 2.790389 0.725924 -2.583071
v 2.855661 0.777690 -2.559648
v 2.596906 0.778393 -2.658144
v 2.803403 0.902239 -2.608451
v 2.656915 0.909369 -2.614741
v 2.662644 0.666139 -2.625064
v 2.764671 0.673645 -2.536372
v 2.919541 0.771112 -2.527728
v 2.518183 0.771958 -2.679606
v 2.780220 0.908892 -2.567364
v 2.679417 0.902761 -2.655996
v 2.641862 0.674042 -2.583416
v 2.787047 0.666207 -2.577635
v 2.898682 0.784283 -2.473123
v 2.499416 0.784461 -2.624292
v 2.717771 0.657910 -2.581101
v 2.733575 0.920539 -2.616862
v 2.661407 0.917040 -2.629409
v 2.775595 0.662600 -2.544692
v 2.792308 0.916430 -2.578909
v 2.646964 0.662408 -2.594750
v 2.913294 0.783137 -2.484783
v 2.496062 0.781252 -2.644111
v 2.705741 0.670729 -2.561753
v 2.722232 0.914587 -2.593657
v 2.657183 0.913417 -2.614349
v 2.767658 0.670191 -2.533711
v 2.783692 0.912847 -2.565656
v 2.641803 0.670441 -2.581940
v 2.902637 0.784450 -2.470056
v 2.495237 0.784411 -2.625175
v 2.706757 0.668631 -2.562739
v 2.723391 0.916331 -2.595211
v 2.657914 0.913786 -2.616688
v 2.768888 0.669209 -2.535568
v 2.785161 0.913250 -2.567663
v 2.642558 0.669427 -2.584052
v 2.904020 0.784198 -2.472107
v 2.495385 0.784010 -2.627897
v 2.707689 0.668671 -2.564907
v 2.724225 0.915616 -2.597326
v 2.800747 0.913446 -2.597068
v 2.656325 0.660269 -2.612632
v 2.921342 0.778337 -2.508879
v 2.504853 0.776601 -2.667480
v 2.670468 0.914085 -2.647242
v 2.784027 0.660655 -2.562877
v 2.727831 0.664366 -2.603666
v 2.744129 0.906020 -2.635357
v 2.804819 0.904866 -2.608998
v 2.663396 0.663423 -2.625198
v 2.923021 0.771581 -2.526238
v 2.514547 0.772086 -2.680946
v 2.678401 0.905413 -2.657504
v 2.788208 0.663526 -2.577331
v 2.727003 0.662517 -2.601613
v 2.743435 0.909689 -2.634185
v 2.804035 0.906912 -2.606803
v 2.662197 0.663770 -2.622904
v 2.922567 0.773373 -2.523250
v 2.512991 0.773542 -2.678504
v 2.677068 0.907474 -2.655548
v 2.787411 0.663909 -2.574765
v 2.726253 0.664572 -2.599968
v 2.742414 0.909680 -2.632368
v 2.903509 0.894140 -2.484560
v 2.885818 0.894818 -2.498225
v 2.901569 0.891683 -2.487504
v 2.903098 0.892547 -2.484897
v 2.904618 0.892483 -2.483668
v 2.902404 0.890514 -2.486775
v 2.903261 0.877502 -2.482756
v 2.525253 0.882432 -2.696096
v 2.545261 0.884865 -2.690167
v 2.525425 0.881081 -2.694761
v 2.523808 0.880846 -2.696217
v 2.544523 0.882954 -2.688441
v 2.523680 0.865827 -2.692820
v 2.491525 0.677689 -2.605567
v 2.514263 0.678820 -2.604020
v 2.494903 0.680355 -2.606905
v 2.492120 0.679359 -2.605967
v 2.490180 0.679189 -2.606023
v 2.493902 0.681467 -2.607233
v 2.492202 0.693894 -2.608680
v 2.913772 0.667891 -2.514981
v 2.897775 0.668544 -2.522306
v 2.912946 0.669729 -2.514595
v 2.915114 0.669347 -2.514515
v 2.897396 0.670137 -2.521238
v 2.914511 0.683589 -2.516030
v 2.926903 0.882514 -2.543911
v 2.924678 0.867121 -2.541276
v 2.909854 0.884176 -2.550169
v 2.924769 0.882776 -2.543897
v 2.925762 0.884129 -2.544791
v 2.909819 0.886188 -2.552277
v 2.501536 0.891303 -2.635513
v 2.503608 0.875040 -2.634540
v 2.504975 0.888654 -2.636026
v 2.503436 0.891110 -2.635400
v 2.503011 0.892892 -2.635488
v 2.506073 0.889831 -2.636017
v 2.524594 0.894850 -2.633077
v 2.512953 0.669477 -2.666546
v 2.514366 0.683918 -2.667291
v 2.532531 0.670044 -2.659550
v 2.514631 0.669897 -2.665122
v 2.514271 0.668010 -2.665992
v 2.533217 0.668654 -2.660209
v 2.897532 0.678818 -2.451296
v 2.896496 0.693818 -2.456348
v 2.895354 0.680279 -2.454377
v 2.896260 0.678642 -2.452321
v 2.896259 0.677337 -2.451836
v 2.894385 0.679186 -2.454792
v 2.878562 0.676967 -2.463897
v 2.909264 0.893546 -2.486354
v 2.917983 0.881970 -2.497855
v 2.924729 0.897598 -2.512724
v 2.909634 0.894557 -2.486983
v 2.908805 0.895355 -2.486869
v 2.923673 0.899218 -2.513619
v 2.893686 0.898188 -2.498294
v 2.490053 0.677127 -2.610391
v 2.490923 0.684038 -2.628033
v 2.492945 0.664922 -2.638780
v 2.490889 0.676159 -2.610694
v 2.491400 0.675626 -2.609925
v 2.494300 0.663437 -2.638256
v 2.511825 0.674425 -2.607605
v 2.503077 0.893717 -2.640283
v 2.525122 0.900206 -2.653937
v 2.507201 0.897749 -2.671286
v 2.502526 0.892967 -2.640877
v 2.501600 0.892125 -2.640316
v 2.505714 0.896163 -2.671372
v 2.501030 0.877817 -2.639539
v 2.899108 0.675525 -2.454846
v 2.889309 0.667377 -2.477665
v 2.911488 0.664260 -2.479535
v 2.899921 0.676066 -2.455106
v 2.900369 0.677014 -2.454311
v 2.912821 0.665739 -2.479021
v 2.901059 0.690920 -2.457444
v 2.906398 0.895704 -2.485201
v 2.889333 0.897954 -2.495644
v 2.905553 0.894357 -2.484117
v 2.907448 0.893832 -2.484470
v 2.905853 0.878908 -2.481988
v 2.489798 0.675662 -2.607629
v 2.510426 0.675367 -2.603558
v 2.489460 0.677150 -2.606588
v 2.488387 0.677236 -2.608123
v 2.489530 0.691993 -2.609424
v 2.499942 0.892702 -2.638103
v 2.499506 0.878035 -2.635298
v 2.501018 0.893171 -2.636635
v 2.501479 0.894362 -2.638062
v 2.522549 0.896998 -2.634210
v 2.900239 0.677088 -2.451507
v 2.899668 0.691799 -2.453497
v 2.898437 0.676955 -2.451186
v 2.898907 0.675525 -2.452062
v 2.880687 0.675158 -2.462789
v 2.892132 0.898520 -2.497110
v 2.908196 0.894851 -2.485722
v 2.908076 0.879271 -2.483782
v 2.510650 0.674356 -2.606042
v 2.489604 0.676139 -2.609134
v 2.489674 0.691059 -2.611997
v 2.499727 0.878233 -2.638045
v 2.501251 0.893459 -2.639380
v 2.522844 0.897298 -2.636897
v 2.901161 0.690956 -2.455385
v 2.899982 0.676022 -2.453041
v 2.882195 0.674218 -2.464635
v 2.521146 0.884642 -2.692285
v 2.511189 0.876637 -2.680423
v 2.521999 0.885634 -2.691660
v 2.522595 0.886227 -2.692169
v 2.543299 0.889627 -2.686949
v 2.914523 0.669992 -2.508996
v 2.915495 0.681220 -2.495132
v 2.913420 0.669452 -2.508847
v 2.913181 0.668532 -2.509470
v 2.896159 0.668110 -2.517848
v 2.925226 0.887879 -2.540004
v 2.909216 0.897855 -2.536082
v 2.925349 0.887269 -2.539201
v 2.926365 0.886268 -2.539113
v 2.925295 0.871505 -2.536544
v 2.511283 0.668468 -2.661564
v 2.522115 0.663725 -2.645276
v 2.510729 0.669373 -2.661265
v 2.509959 0.669936 -2.662114
v 2.510478 0.683774 -2.663568
v 2.520963 0.885909 -2.695162
v 2.543508 0.887586 -2.691353
v 2.522005 0.883551 -2.696243
v 2.519512 0.884323 -2.695280
v 2.520229 0.868010 -2.694292
v 2.916119 0.666439 -2.510560
v 2.898211 0.666052 -2.521876
v 2.916219 0.667385 -2.512608
v 2.917464 0.667898 -2.510089
v 2.917815 0.681615 -2.514107
v 2.929449 0.885957 -2.540349
v 2.928157 0.869330 -2.540077
v 2.928242 0.885213 -2.542741
v 2.928307 0.887569 -2.541237
v 2.911669 0.888913 -2.552112
v 2.508296 0.667912 -2.664881
v 2.510614 0.681798 -2.668145
v 2.510867 0.667451 -2.665895
v 2.509621 0.666444 -2.664329
v 2.532533 0.666081 -2.660286
v 2.542070 0.889702 -2.688918
v 2.520562 0.885678 -2.693718
v 2.518770 0.870059 -2.691787
v 2.897016 0.666576 -2.519031
v 2.915652 0.667956 -2.509344
v 2.917266 0.682358 -2.510881
v 2.927628 0.871415 -2.537171
v 2.927696 0.887316 -2.539845
v 2.911103 0.891006 -2.549317
v 2.509006 0.682400 -2.665421
v 2.509254 0.667922 -2.663121
v 2.531637 0.666517 -2.657428
v 2.496855 0.733392 -2.616362
v 2.493299 0.732271 -2.615710
v 2.570996 0.676795 -2.596741
v 2.569289 0.674072 -2.595040
v 2.828127 0.676036 -2.498609
v 2.896893 0.732615 -2.464486
v 2.830401 0.673707 -2.495556
v 2.899510 0.731986 -2.461187
v 2.502337 0.835891 -2.630607
v 2.584160 0.899738 -2.626995
v 2.582846 0.904292 -2.626339
v 2.498927 0.837280 -2.630310
v 2.900361 0.836653 -2.480532
v 2.903026 0.837750 -2.477235
v 2.840127 0.900157 -2.530052
v 2.842773 0.904345 -2.527592
v 2.588672 0.668723 -2.644494
v 2.535587 0.722576 -2.666078
v 2.590698 0.665949 -2.646412
v 2.514679 0.720529 -2.673818
v 2.918372 0.719869 -2.521060
v 2.899763 0.721813 -2.528219
v 2.852145 0.668403 -2.544269
v 2.853081 0.666042 -2.546450
v 2.520058 0.825174 -2.688508
v 2.541117 0.827236 -2.680649
v 2.603319 0.893092 -2.674577
v 2.604047 0.894625 -2.677541
v 2.865092 0.893207 -2.575109
v 2.905853 0.827228 -2.542576
v 2.866216 0.894764 -2.577792
v 2.924204 0.825411 -2.535615
v 2.846964 0.905518 -2.530315
v 2.860529 0.909811 -2.552907
v 2.922534 0.838985 -2.504302
v 2.923781 0.828954 -2.530751
v 2.906451 0.838051 -2.480334
v 2.863810 0.898746 -2.574660
v 2.588600 0.909751 -2.656618
v 2.602589 0.898526 -2.673986
v 2.498901 0.837326 -2.635133
v 2.501446 0.836707 -2.664573
v 2.583525 0.905224 -2.630709
v 2.517278 0.828331 -2.684709
v 2.569914 0.671996 -2.598943
v 2.575416 0.660314 -2.621964
v 2.495113 0.722130 -2.648425
v 2.511734 0.722016 -2.669770
v 2.493179 0.730877 -2.620317
v 2.589512 0.666231 -2.642180
v 2.845288 0.660990 -2.518123
v 2.848996 0.666398 -2.543360
v 2.902152 0.730877 -2.464385
v 2.916654 0.724101 -2.487590
v 2.833086 0.671788 -2.498486
v 2.917922 0.721856 -2.515838
v 2.905732 0.838280 -2.477965
v 2.845273 0.906031 -2.528470
v 2.491518 0.731139 -2.618071
v 2.568588 0.671985 -2.596721
v 2.582263 0.905918 -2.628567
v 2.497244 0.837780 -2.632908
v 2.832578 0.671747 -2.496001
v 2.902131 0.731073 -2.461589
v 2.515641 0.827483 -2.687549
v 2.602006 0.898372 -2.676491
v 2.920851 0.719965 -2.516914
v 2.850953 0.664296 -2.544733
v 2.866139 0.898595 -2.576082
v 2.926781 0.827953 -2.531900
v 2.588740 0.664216 -2.644478
v 2.510082 0.720317 -2.672496
v 2.897696 0.784267 -2.474052
v 2.885699 0.891994 -2.498294
v 2.879336 0.732688 -2.475872
v 2.877362 0.679201 -2.466278
v 2.764526 0.674819 -2.536869
v 2.645437 0.733445 -2.590669
v 2.705379 0.689420 -2.566169
v 2.828837 0.691553 -2.501002
v 2.895010 0.693843 -2.457552
v 2.571913 0.692149 -2.598980
v 2.577420 0.786979 -2.612153
v 2.495527 0.694936 -2.609549
v 2.517485 0.733388 -2.613324
v 2.526016 0.890437 -2.633504
v 2.514518 0.680261 -2.604493
v 2.883384 0.837112 -2.491597
v 2.774963 0.840021 -2.557692
v 2.656196 0.899208 -2.613421
v 2.523117 0.836474 -2.627541
v 2.582800 0.877562 -2.623982
v 2.718188 0.879993 -2.590697
v 2.838679 0.878179 -2.527135
v 2.901232 0.876500 -2.485711
v 2.505129 0.874894 -2.634562
v 2.798271 0.839557 -2.597875
v 2.674711 0.899553 -2.654464
v 2.741628 0.886033 -2.629339
v 2.861838 0.876269 -2.573102
v 2.599312 0.875674 -2.672438
v 2.789526 0.668824 -2.574363
v 2.667015 0.726133 -2.630403
v 2.727835 0.683453 -2.602873
v 2.852683 0.684137 -2.546004
v 2.588328 0.684310 -2.646346
v 2.658621 0.913201 -2.618086
v 2.769345 0.669336 -2.537137
v 2.785774 0.912696 -2.569080
v 2.643356 0.669539 -2.585518
v 2.904037 0.784043 -2.474016
v 2.496663 0.783756 -2.629389
v 2.908992 0.879102 -2.485202
v 2.918258 0.897850 -2.500155
v 2.901740 0.901457 -2.511159
v 2.490985 0.690994 -2.613532
v 2.490975 0.668584 -2.625180
v 2.512369 0.666906 -2.621341
v 2.524000 0.896758 -2.638385
v 2.503460 0.896342 -2.657135
v 2.501708 0.880437 -2.655587
v 2.882251 0.674311 -2.466613
v 2.907094 0.669091 -2.466809
v 2.908581 0.684745 -2.468954
v 2.849339 0.906364 -2.533655
v 2.709234 0.666846 -2.567373
v 2.725628 0.916504 -2.600382
v 2.834997 0.669978 -2.501415
v 2.584214 0.906067 -2.634741
v 2.499216 0.837339 -2.639675
v 2.904410 0.729825 -2.467864
v 2.570680 0.670030 -2.602470
v 2.909152 0.838409 -2.483850
v 2.493381 0.729455 -2.624626
v 2.912109 0.894435 -2.490126
v 2.911623 0.896192 -2.490690
v 2.490401 0.675072 -2.614708
v 2.491739 0.673585 -2.614238
v 2.503644 0.894502 -2.645059
v 2.502174 0.892923 -2.645099
v 2.901037 0.673653 -2.458529
v 2.902298 0.675128 -2.458000
v 2.657017 0.911007 -2.613839
v 2.765817 0.672454 -2.534630
v 2.781543 0.910476 -2.565956
v 2.641813 0.672790 -2.582113
v 2.899964 0.784435 -2.471205
v 2.497777 0.784550 -2.623885
v 2.886821 0.895973 -2.496468
v 2.902204 0.891478 -2.486666
v 2.902291 0.876587 -2.484532
v 2.512695 0.677633 -2.603060
v 2.493911 0.680535 -2.606877
v 2.493969 0.694912 -2.609508
v 2.501967 0.876302 -2.634033
v 2.505082 0.889675 -2.635942
v 2.526016 0.893385 -2.633663
v 2.897404 0.693211 -2.454641
v 2.895406 0.679362 -2.454000
v 2.877632 0.677756 -2.465598
v 2.840695 0.902295 -2.529386
v 2.570589 0.676012 -2.596097
v 2.583940 0.902021 -2.626800
v 2.828790 0.675289 -2.497580
v 2.501343 0.836233 -2.630338
v 2.897789 0.732475 -2.463317
v 2.704710 0.672721 -2.563519
v 2.720955 0.912157 -2.594804
v 2.900982 0.836915 -2.479383
v 2.901738 0.892476 -2.486542
v 2.902848 0.890907 -2.485582
v 2.494153 0.679562 -2.606315
v 2.492819 0.681046 -2.606755
v 2.503954 0.889228 -2.635688
v 2.505417 0.890799 -2.635673
v 2.896361 0.679972 -2.453163
v 2.895077 0.678512 -2.453712
v 2.495826 0.733179 -2.616016
v 2.802853 0.906650 -2.605792
v 2.662288 0.665228 -2.621680
v 2.920323 0.774341 -2.522732
v 2.514446 0.774351 -2.676642
v 2.676946 0.907210 -2.654143
v 2.786394 0.665420 -2.573914
v 2.520208 0.870126 -2.689756
v 2.513086 0.892719 -2.682251
v 2.534664 0.896683 -2.677955
v 2.915034 0.683798 -2.510383
v 2.913773 0.665816 -2.493383
v 2.896189 0.664306 -2.503000
v 2.908908 0.890927 -2.548628
v 2.925955 0.894229 -2.526027
v 2.925982 0.878197 -2.523287
v 2.531539 0.668002 -2.656004
v 2.500782 0.665224 -2.650189
v 2.500560 0.680464 -2.652778
v 2.923456 0.830677 -2.526947
v 2.515111 0.829736 -2.681744
v 2.509431 0.722081 -2.666604
v 2.917576 0.722330 -2.511742
v 2.863215 0.900570 -2.571521
v 2.587544 0.665332 -2.639148
v 2.600599 0.900382 -2.671432
v 2.848338 0.665612 -2.539628
v 2.725024 0.663582 -2.597103
v 2.741069 0.911461 -2.630078
v 2.519076 0.886560 -2.689208
v 2.520531 0.888145 -2.689095
v 2.914062 0.669378 -2.504660
v 2.912719 0.667914 -2.505138
v 2.924804 0.889761 -2.536261
v 2.925945 0.888153 -2.535361
v 2.508946 0.667700 -2.658087
v 2.507617 0.669170 -2.658634
v 2.499851 0.784443 -2.624372
v 2.898341 0.784267 -2.473562
v 2.764530 0.674023 -2.536683
v 2.641880 0.674390 -2.583661
v 2.656726 0.906702 -2.614527
v 2.779892 0.906300 -2.567240
v 2.771458 0.788649 -2.550671
v 2.648859 0.788840 -2.597532
v 2.538070 0.773852 -2.673178
v 2.902737 0.772980 -2.535064
v 2.787171 0.667584 -2.575989
v 2.661380 0.667534 -2.623877
v 2.678072 0.901872 -2.654505
v 2.803376 0.901384 -2.606480
v 2.794223 0.782344 -2.590298
v 2.670419 0.782737 -2.637898
v 2.797608 0.917514 -2.588264
v 2.665036 0.918185 -2.639410
v 2.651070 0.658379 -2.603738
v 2.780762 0.658812 -2.552935
v 2.919828 0.781491 -2.496083
v 2.497966 0.778863 -2.657159
v 2.657101 0.912301 -2.613631
v 2.766745 0.671378 -2.533716
v 2.782652 0.911738 -2.565336
v 2.641789 0.671661 -2.581562
v 2.901180 0.784502 -2.470165
v 2.496444 0.784546 -2.624084
v 2.657407 0.914021 -2.615524
v 2.768419 0.669325 -2.534400
v 2.784563 0.913463 -2.566552
v 2.642008 0.669554 -2.582889
v 2.903772 0.784331 -2.470747
v 2.494703 0.784210 -2.626625
v 2.658415 0.913312 -2.617617
v 2.769165 0.669371 -2.536664
v 2.785545 0.912798 -2.568627
v 2.643118 0.669581 -2.585053
v 2.903926 0.784088 -2.473431
v 2.496350 0.783846 -2.628861
v 2.804289 0.902978 -2.609551
v 2.663279 0.664723 -2.625974
v 2.921245 0.771007 -2.528000
v 2.517068 0.771705 -2.681004
v 2.679332 0.903511 -2.657480
v 2.787833 0.664813 -2.578387
v 2.804799 0.906608 -2.607759
v 2.662385 0.662899 -2.623989
v 2.923814 0.772486 -2.524102
v 2.512547 0.772799 -2.679943
v 2.677391 0.907167 -2.656662
v 2.788093 0.663005 -2.575709
v 2.803172 0.906640 -2.606142
v 2.662332 0.664919 -2.622087
v 2.920873 0.774054 -2.523016
v 2.514189 0.774124 -2.677210
v 2.677048 0.907199 -2.654571
v 2.786674 0.665096 -2.574250
v 2.494491 0.694984 -2.609632
v 2.514445 0.679259 -2.604262
v 2.494207 0.680752 -2.607016
v 2.877362 0.678196 -2.466013
v 2.895926 0.693890 -2.456895
v 2.895059 0.679576 -2.454385
v 2.526123 0.892534 -2.633720
v 2.504112 0.874905 -2.634636
v 2.505349 0.889419 -2.636015
v 2.902024 0.876495 -2.485052
v 2.885782 0.894028 -2.498465
v 2.902098 0.891260 -2.486987
v 2.532906 0.669400 -2.659641
v 2.533082 0.684652 -2.661072
v 2.898248 0.684335 -2.522950
v 2.542764 0.868261 -2.686646
v 2.909636 0.885592 -2.551274
v 2.908913 0.869284 -2.548151
v 2.907497 0.902142 -2.523718
v 2.924318 0.882411 -2.510448
v 2.924327 0.898537 -2.513119
v 2.504411 0.880770 -2.669651
v 2.528057 0.901013 -2.667554
v 2.506323 0.897089 -2.671372
v 2.515071 0.662429 -2.634048
v 2.493302 0.679739 -2.641318
v 2.493469 0.664036 -2.638522
v 2.913992 0.680842 -2.481132
v 2.894484 0.663215 -2.489408
v 2.912275 0.664858 -2.479180
v 2.887944 0.896962 -2.495606
v 2.904392 0.878241 -2.481901
v 2.904168 0.893456 -2.484049
v 2.511461 0.676551 -2.602828
v 2.490782 0.692977 -2.608565
v 2.490694 0.678297 -2.605788
v 2.500655 0.877267 -2.634187
v 2.523479 0.896006 -2.633163
v 2.502133 0.892231 -2.635532
v 2.898226 0.692620 -2.453748
v 2.879355 0.676199 -2.463015
v 2.897016 0.677938 -2.451451
v 2.890793 0.898593 -2.496255
v 2.907221 0.879314 -2.482716
v 2.906984 0.894929 -2.484781
v 2.510013 0.674496 -2.604784
v 2.488982 0.691251 -2.610739
v 2.488928 0.676302 -2.607870
v 2.499028 0.878419 -2.636781
v 2.522204 0.897529 -2.635645
v 2.500566 0.893669 -2.638116
v 2.900918 0.691120 -2.454005
v 2.881865 0.674334 -2.463302
v 2.899700 0.676162 -2.451668
v 2.908604 0.879095 -2.484755
v 2.893158 0.898222 -2.497894
v 2.909106 0.894575 -2.486577
v 2.490658 0.691083 -2.612996
v 2.511525 0.674486 -2.607069
v 2.490566 0.676233 -2.610152
v 2.523699 0.896858 -2.637849
v 2.500697 0.877893 -2.638996
v 2.502197 0.893055 -2.640332
v 2.882163 0.674360 -2.466002
v 2.901006 0.690994 -2.456808
v 2.899862 0.676127 -2.454466
v 2.544871 0.885648 -2.691507
v 2.522641 0.866400 -2.694266
v 2.524399 0.881770 -2.696211
v 2.898258 0.667232 -2.522995
v 2.916142 0.682486 -2.516123
v 2.914566 0.668475 -2.514661
v 2.926379 0.867706 -2.541665
v 2.910046 0.887134 -2.553538
v 2.926467 0.883450 -2.544303
v 2.513204 0.682752 -2.668487
v 2.533086 0.667307 -2.661142
v 2.513463 0.668598 -2.666285
v 2.541718 0.889290 -2.690411
v 2.518314 0.869586 -2.693324
v 2.520106 0.885247 -2.695274
v 2.897556 0.665630 -2.520264
v 2.918525 0.681423 -2.511766
v 2.916914 0.667025 -2.510236
v 2.928934 0.870924 -2.538063
v 2.912345 0.890600 -2.550220
v 2.929012 0.886892 -2.540744
v 2.508561 0.681525 -2.666908
v 2.531948 0.665614 -2.658696
v 2.508809 0.667033 -2.664619
v 2.519949 0.870037 -2.690368
v 2.543088 0.889567 -2.687542
v 2.521739 0.885566 -2.692279
v 2.915587 0.683467 -2.510678
v 2.896490 0.667772 -2.518248
v 2.913974 0.669118 -2.509144
v 2.909453 0.890869 -2.548940
v 2.925871 0.871408 -2.536849
v 2.925929 0.887203 -2.539509
v 2.531321 0.667687 -2.656567
v 2.510221 0.683468 -2.664151
v 2.510471 0.669057 -2.661853
v 2.881268 0.784894 -2.484506
v 2.877923 0.693217 -2.468771
v 2.765429 0.689928 -2.538663
v 2.642827 0.690127 -2.585586
v 2.520367 0.785082 -2.621181
v 2.515270 0.694185 -2.606813
v 2.885067 0.876945 -2.496431
v 2.777806 0.879447 -2.563374
v 2.654846 0.879478 -2.610451
v 2.525184 0.875586 -2.631838
v 2.802137 0.883260 -2.603387
v 2.676368 0.883684 -2.651613
v 2.788309 0.683636 -2.577367
v 2.663697 0.683654 -2.625030
v 2.659347 0.914197 -2.621036
v 2.770974 0.667586 -2.539107
v 2.787484 0.913666 -2.571637
v 2.644296 0.667685 -2.587924
v 2.906458 0.783810 -2.476815
v 2.496507 0.783103 -2.633224
v 2.911399 0.879869 -2.488457
v 2.911958 0.895435 -2.490366
v 2.895838 0.899053 -2.501614
v 2.490969 0.689182 -2.617310
v 2.490912 0.674187 -2.614468
v 2.511966 0.672467 -2.611183
v 2.524293 0.897655 -2.642436
v 2.502770 0.893846 -2.645112
v 2.501206 0.878499 -2.643719
v 2.884090 0.672506 -2.469492
v 2.901789 0.674250 -2.458155
v 2.903019 0.689311 -2.460443
v 2.656950 0.909905 -2.614400
v 2.765063 0.673263 -2.535750
v 2.780641 0.909410 -2.566853
v 2.641846 0.673644 -2.582946
v 2.899097 0.784334 -2.472437
v 2.498885 0.784497 -2.624110
v 2.886075 0.895191 -2.497563
v 2.902417 0.891823 -2.485992
v 2.902535 0.876885 -2.483863
v 2.513753 0.678444 -2.603656
v 2.493329 0.680163 -2.606529
v 2.493395 0.694591 -2.609187
v 2.503074 0.875454 -2.634322
v 2.504546 0.890145 -2.635712
v 2.525553 0.893865 -2.633420
v 2.896922 0.693601 -2.455675
v 2.895836 0.679104 -2.453326
v 2.878068 0.677479 -2.464927
v 2.802303 0.908424 -2.603514
v 2.660731 0.663933 -2.619317
v 2.920589 0.775384 -2.519114
v 2.511940 0.774938 -2.674249
v 2.675254 0.909005 -2.652341
v 2.785776 0.664176 -2.571032
v 2.517853 0.871827 -2.687319
v 2.519671 0.887484 -2.689203
v 2.541044 0.891469 -2.684600
v 2.915154 0.683125 -2.506400
v 2.913512 0.668502 -2.504809
v 2.896167 0.667117 -2.513971
v 2.908988 0.892736 -2.545352
v 2.925508 0.889086 -2.535761
v 2.925475 0.873253 -2.533082
v 2.529078 0.666885 -2.653203
v 2.508131 0.668290 -2.658372
v 2.507888 0.682910 -2.660750
v 2.544998 0.884322 -2.689187
v 2.897443 0.669218 -2.521528
v 2.787157 0.491973 -2.177383
v 2.449733 0.483820 -2.189683
v 2.793024 0.482193 -2.501333
v 2.456211 0.491950 -2.514003
v 2.595604 0.484814 -2.578079
v 2.386068 0.491831 -2.328745
v 2.856689 0.491473 -2.362270
v 2.647545 0.482627 -2.115182
v 2.855319 0.490472 -2.362568
v 2.749984 0.496956 -2.084857
v 2.450940 0.482939 -2.192246
v 2.457446 0.490941 -2.513314
v 2.595442 0.482266 -2.579458
v 2.384148 0.492766 -2.328597
v 2.858607 0.492405 -2.362417
v 2.647768 0.483454 -2.113304
v 2.794430 0.483016 -2.502595
v 2.788501 0.492909 -2.176003
v 2.448324 0.484668 -2.188419
v 2.454870 0.492886 -2.515385
v 2.595525 0.479380 -2.578753
v 2.382740 0.490125 -2.328488
v 2.860013 0.489762 -2.362525
v 2.647933 0.480973 -2.111926
v 2.795462 0.480533 -2.503521
v 2.789486 0.490269 -2.174991
v 2.447290 0.482119 -2.187493
v 2.453887 0.490246 -2.516398
v 2.595553 0.478513 -2.578516
v 2.383460 0.487081 -2.328543
v 2.859294 0.486719 -2.362470
v 2.647849 0.478164 -2.112631
v 2.794935 0.477725 -2.503048
v 2.788982 0.487224 -2.175508
v 2.447819 0.479233 -2.187967
v 2.454390 0.487202 -2.515880
v 2.647341 0.471998 -2.107156
v 2.595064 0.472323 -2.584878
v 2.378937 0.479697 -2.327662
v 2.864883 0.478971 -2.363240
v 2.803984 0.458033 -2.512887
v 2.797047 0.465270 -2.167650
v 2.438669 0.460359 -2.179223
v 2.446292 0.464442 -2.524051
v 2.594170 0.459424 -2.591555
v 2.383701 0.486166 -2.328562
v 2.859053 0.485804 -2.362452
v 2.647821 0.477320 -2.112867
v 2.794758 0.476882 -2.502889
v 2.788813 0.486309 -2.175682
v 2.447996 0.478366 -2.188125
v 2.454558 0.486286 -2.515706
v 2.594425 0.445320 -2.586167
v 2.373153 0.464929 -2.326641
v 2.871460 0.464009 -2.364355
v 2.647184 0.459666 -2.101267
v 2.799137 0.470643 -2.507820
v 2.792745 0.479972 -2.171912
v 2.443458 0.472958 -2.183699
v 2.450896 0.479488 -2.519505
v 2.594933 0.437784 -2.581737
v 2.377915 0.447331 -2.327001
v 2.866385 0.446479 -2.364221
v 2.646885 0.445202 -2.106770
v 2.800192 0.444561 -2.509161
v 2.793350 0.447478 -2.171325
v 2.442677 0.445511 -2.183032
v 2.449420 0.446820 -2.520634
v 2.594727 0.436145 -2.583479
v 2.382409 0.437875 -2.327371
v 2.861863 0.436913 -2.363867
v 2.646401 0.437610 -2.111184
v 2.796886 0.437321 -2.506159
v 2.790189 0.437893 -2.174565
v 2.445984 0.437712 -2.186031
v 2.452583 0.437281 -2.517397
v 2.594930 0.434173 -2.581767
v 2.380643 0.436155 -2.327223
v 2.863641 0.435186 -2.364009
v 2.646597 0.436014 -2.109449
v 2.798190 0.435722 -2.507336
v 2.791430 0.436173 -2.173290
v 2.444679 0.436072 -2.184855
v 2.451342 0.435557 -2.518672
v 2.595477 0.433182 -2.577136
v 2.382380 0.434086 -2.327368
v 2.861893 0.433124 -2.363869
v 2.646405 0.434095 -2.111155
v 2.796908 0.433806 -2.506179
v 2.790209 0.434105 -2.174543
v 2.445962 0.434101 -2.186011
v 2.452562 0.433493 -2.517419
v 2.595950 0.434160 -2.573142
v 2.387076 0.433047 -2.327762
v 2.857168 0.432105 -2.363492
v 2.645886 0.433132 -2.115769
v 2.793439 0.432849 -2.503051
v 2.786910 0.433065 -2.177934
v 2.449429 0.433111 -2.189137
v 2.455862 0.432465 -2.514031
v 2.461226 0.434540 -2.509670
v 2.391127 0.434074 -2.328102
v 2.853092 0.433148 -2.363166
v 2.645439 0.434086 -2.119749
v 2.790448 0.433808 -2.500354
v 2.784065 0.434092 -2.180857
v 2.452420 0.434090 -2.191832
v 2.458708 0.433502 -2.511109
v 2.360245 0.435713 -2.234666
v 2.850595 0.434189 -2.363607
v 2.646127 0.435039 -2.122954
v 2.749574 0.497943 -2.083117
v 2.751582 0.498019 -2.084072
v 2.494105 0.497949 -2.608449
v 2.492095 0.498024 -2.607499
v 2.351030 0.497784 -2.234929
v 2.351908 0.497709 -2.232887
v 2.891419 0.497016 -2.455902
v 2.890542 0.496940 -2.457945
v 2.750630 0.498929 -2.080973
v 2.752638 0.499005 -2.081928
v 2.493054 0.498935 -2.610596
v 2.491044 0.499010 -2.609646
v 2.348820 0.498768 -2.234015
v 2.349698 0.498693 -2.231973
v 2.893625 0.497993 -2.456813
v 2.892747 0.497918 -2.458856
v 2.751404 0.496326 -2.079401
v 2.753412 0.496401 -2.080355
v 2.492283 0.496332 -2.612171
v 2.490273 0.496407 -2.611221
v 2.347199 0.496163 -2.233345
v 2.348078 0.496088 -2.231303
v 2.895242 0.495384 -2.457481
v 2.894364 0.495308 -2.459524
v 2.751008 0.493262 -2.080204
v 2.753016 0.493338 -2.081159
v 2.492677 0.493268 -2.611366
v 2.490667 0.493343 -2.610416
v 2.348028 0.493100 -2.233688
v 2.348906 0.493025 -2.231646
v 2.894415 0.492324 -2.457139
v 2.893537 0.492248 -2.459182
v 2.753633 0.485888 -2.074493
v 2.755652 0.485953 -2.075455
v 2.489643 0.485350 -2.617123
v 2.487629 0.485419 -2.616154
v 2.342937 0.485841 -2.230402
v 2.343818 0.485776 -2.228351
v 2.900709 0.483942 -2.460177
v 2.899832 0.483869 -2.462235
v 2.752884 0.492416 -2.081429
v 2.750875 0.492341 -2.080474
v 2.490799 0.492422 -2.610146
v 2.492810 0.492347 -2.611096
v 2.349184 0.492104 -2.231761
v 2.348306 0.492179 -2.233803
v 2.893260 0.491328 -2.459068
v 2.894137 0.491403 -2.457025
v 2.756816 0.469718 -2.067531
v 2.758845 0.469764 -2.068493
v 2.485897 0.468775 -2.624147
v 2.483876 0.468824 -2.623167
v 2.336829 0.469800 -2.226271
v 2.337725 0.469755 -2.224216
v 2.908456 0.467232 -2.463976
v 2.907577 0.467178 -2.466044
v 2.754072 0.449312 -2.073041
v 2.756083 0.449330 -2.073993
v 2.488494 0.448355 -2.618664
v 2.486485 0.448367 -2.617695
v 2.342713 0.449390 -2.228368
v 2.343610 0.449372 -2.226330
v 2.902935 0.447328 -2.461843
v 2.902064 0.447313 -2.463890
v 2.751612 0.438455 -2.078084
v 2.753606 0.438456 -2.079033
v 2.490956 0.437338 -2.613630
v 2.488966 0.437329 -2.612664
v 2.347861 0.438517 -2.230559
v 2.348748 0.438517 -2.228535
v 2.897733 0.436492 -2.459685
v 2.896876 0.436500 -2.461719
v 2.752585 0.436740 -2.076100
v 2.754579 0.436740 -2.077050
v 2.489981 0.435614 -2.615611
v 2.487991 0.435605 -2.614645
v 2.345836 0.436802 -2.229695
v 2.346723 0.436802 -2.227671
v 2.899779 0.434762 -2.460536
v 2.898922 0.434770 -2.462569
v 2.751628 0.434667 -2.078050
v 2.753623 0.434668 -2.079000
v 2.490939 0.433549 -2.613663
v 2.488950 0.433540 -2.612698
v 2.347827 0.434729 -2.230545
v 2.348714 0.434728 -2.228520
v 2.897768 0.432704 -2.459700
v 2.896910 0.432711 -2.461733
v 2.749041 0.433617 -2.083325
v 2.751035 0.433617 -2.084275
v 2.493531 0.432521 -2.608396
v 2.491542 0.432512 -2.607430
v 2.353213 0.433677 -2.232841
v 2.354100 0.433677 -2.230817
v 2.892327 0.431692 -2.457438
v 2.891469 0.431700 -2.459472
v 2.746810 0.434634 -2.087873
v 2.748804 0.434634 -2.088823
v 2.495766 0.433557 -2.603854
v 2.493777 0.433549 -2.602888
v 2.357857 0.434693 -2.234822
v 2.358744 0.434693 -2.232798
v 2.887636 0.432743 -2.455489
v 2.886778 0.432750 -2.457522
v 2.595825 0.483965 -2.576199
v 2.352751 0.496723 -2.234465
v 2.558067 0.481114 -2.477366
v 2.595072 0.483081 -2.573573
v 2.889703 0.495964 -2.456367
v 2.493691 0.496962 -2.606708
v 2.756135 0.479670 -2.402323
v 2.648333 0.481769 -2.117904
v 2.791855 0.481340 -2.498867
v 2.486823 0.481045 -2.288878
v 2.685194 0.479883 -2.214016
v 2.785931 0.490964 -2.178065
v 2.387450 0.490823 -2.328444
v 2.885246 0.433790 -2.455656
v 2.495689 0.434588 -2.601445
v 2.559440 0.434856 -2.475282
v 2.454027 0.435069 -2.194693
v 2.595226 0.435134 -2.569835
v 2.752549 0.434697 -2.402841
v 2.746894 0.435655 -2.090272
v 2.788785 0.434760 -2.497396
v 2.489668 0.434826 -2.289896
v 2.682053 0.434838 -2.217803
v 2.781896 0.435117 -2.182173
v 2.393969 0.435100 -2.327540
v 2.820905 0.487872 -2.270210
v 2.522160 0.480123 -2.383203
v 2.821923 0.488833 -2.269826
v 2.421140 0.488892 -2.421374
v 2.823553 0.489743 -2.269209
v 2.419509 0.489803 -2.421991
v 2.824749 0.487084 -2.268757
v 2.418314 0.487144 -2.422443
v 2.824137 0.484049 -2.268989
v 2.418925 0.484109 -2.422212
v 2.823933 0.483137 -2.269066
v 2.419130 0.483197 -2.422134
v 2.828918 0.476740 -2.267538
v 2.414946 0.476582 -2.423657
v 2.834342 0.462714 -2.265968
v 2.409623 0.462379 -2.425581
v 2.829837 0.446305 -2.267782
v 2.413417 0.446177 -2.424132
v 2.825996 0.437368 -2.269224
v 2.417250 0.437407 -2.422693
v 2.827505 0.435644 -2.268657
v 2.415745 0.435683 -2.423258
v 2.826021 0.433580 -2.269214
v 2.417225 0.433618 -2.422702
v 2.822009 0.432551 -2.270720
v 2.421228 0.432589 -2.421199
v 2.818550 0.433586 -2.272020
v 2.424681 0.433624 -2.419903
v 2.427520 0.434657 -2.418843
v 2.717236 0.434703 -2.310419
v 2.749589 0.496516 -2.083401
v 2.723467 0.494994 -2.091091
v 2.749978 0.498656 -2.082295
v 2.750675 0.498008 -2.083398
v 2.751042 0.497287 -2.084554
v 2.751987 0.498731 -2.083250
v 2.760881 0.496499 -2.107834
v 2.494142 0.497236 -2.607728
v 2.520134 0.495008 -2.600428
v 2.493702 0.498662 -2.609272
v 2.493003 0.498014 -2.608171
v 2.492634 0.497293 -2.607015
v 2.491692 0.498737 -2.608322
v 2.482718 0.496498 -2.583691
v 2.351755 0.497053 -2.234935
v 2.359773 0.496288 -2.258977
v 2.350183 0.498496 -2.234579
v 2.351267 0.497773 -2.233825
v 2.352085 0.496281 -2.233111
v 2.351061 0.498420 -2.232537
v 2.376786 0.494789 -2.221659
v 2.890697 0.496288 -2.455897
v 2.882755 0.495623 -2.431900
v 2.892265 0.497725 -2.456251
v 2.891182 0.497003 -2.457006
v 2.890038 0.496231 -2.457429
v 2.891387 0.497650 -2.458294
v 2.865741 0.494127 -2.469220
v 2.724315 0.495957 -2.089013
v 2.751211 0.498306 -2.079793
v 2.751731 0.498994 -2.081254
v 2.753219 0.498381 -2.080748
v 2.762009 0.497473 -2.105881
v 2.519291 0.495970 -2.602508
v 2.492476 0.498311 -2.611777
v 2.491952 0.499000 -2.610318
v 2.490465 0.498386 -2.610827
v 2.481594 0.497471 -2.585647
v 2.357635 0.497260 -2.258255
v 2.347605 0.498143 -2.233512
v 2.349057 0.498757 -2.232911
v 2.348483 0.498068 -2.231471
v 2.374777 0.495750 -2.220657
v 2.884888 0.496590 -2.432620
v 2.894837 0.497365 -2.457314
v 2.893387 0.497981 -2.457917
v 2.893960 0.497290 -2.459357
v 2.867747 0.495082 -2.470218
v 2.724937 0.493336 -2.087489
v 2.751305 0.494231 -2.079602
v 2.752505 0.496391 -2.079682
v 2.753314 0.494307 -2.080556
v 2.762836 0.494860 -2.104449
v 2.518672 0.493349 -2.604034
v 2.492382 0.494237 -2.611970
v 2.491181 0.496396 -2.611892
v 2.490371 0.494312 -2.611020
v 2.480770 0.494858 -2.587081
v 2.356068 0.494646 -2.257724
v 2.347407 0.494069 -2.233431
v 2.347436 0.496152 -2.232241
v 2.348284 0.493993 -2.231389
v 2.373303 0.493128 -2.219923
v 2.886452 0.493972 -2.433148
v 2.895035 0.493290 -2.457396
v 2.895005 0.495372 -2.458585
v 2.894157 0.493215 -2.459438
v 2.869217 0.492456 -2.470951
v 2.724619 0.490281 -2.088269
v 2.750777 0.492829 -2.080674
v 2.752109 0.493327 -2.080486
v 2.752785 0.492905 -2.081629
v 2.762413 0.491801 -2.105181
v 2.518989 0.490294 -2.603253
v 2.492908 0.492835 -2.610896
v 2.491576 0.493333 -2.611087
v 2.490897 0.492910 -2.609946
v 2.481192 0.491800 -2.586348
v 2.356869 0.491588 -2.257995
v 2.348512 0.492668 -2.233888
v 2.348265 0.493089 -2.232583
v 2.349390 0.492592 -2.231846
v 2.374056 0.490074 -2.220299
v 2.885652 0.490916 -2.432878
v 2.893932 0.491892 -2.456940
v 2.894177 0.492311 -2.458244
v 2.893054 0.491817 -2.458983
v 2.868465 0.489404 -2.470576
v 2.751696 0.490470 -2.078712
v 2.726458 0.483093 -2.082614
v 2.755676 0.478877 -2.070030
v 2.754740 0.485946 -2.074779
v 2.753707 0.490543 -2.079668
v 2.757703 0.478932 -2.070996
v 2.765333 0.484449 -2.100005
v 2.491887 0.490340 -2.612870
v 2.516599 0.482508 -2.609109
v 2.487254 0.477966 -2.621625
v 2.488539 0.485410 -2.616834
v 2.489876 0.490414 -2.611916
v 2.485237 0.478027 -2.620643
v 2.478040 0.483928 -2.591554
v 2.346688 0.490337 -2.232838
v 2.351919 0.484296 -2.255312
v 2.339001 0.478920 -2.227783
v 2.343176 0.485834 -2.229294
v 2.347567 0.490264 -2.230794
v 2.339888 0.478865 -2.225726
v 2.369150 0.482995 -2.216758
v 2.896055 0.489279 -2.457927
v 2.891770 0.482694 -2.435346
v 2.905656 0.476292 -2.462589
v 2.900472 0.483928 -2.461288
v 2.895178 0.489204 -2.459973
v 2.904779 0.476226 -2.464658
v 2.874237 0.481214 -2.474064
v 2.762271 0.490881 -2.105427
v 2.751976 0.492406 -2.080755
v 2.724513 0.489363 -2.088530
v 2.481333 0.490880 -2.586102
v 2.491708 0.492411 -2.610817
v 2.519095 0.489376 -2.602992
v 2.374309 0.489156 -2.220425
v 2.348542 0.492168 -2.232698
v 2.357138 0.490668 -2.258086
v 2.868213 0.488486 -2.470451
v 2.893900 0.491391 -2.458129
v 2.885384 0.489997 -2.432788
v 2.728803 0.467655 -2.075920
v 2.756475 0.459500 -2.068151
v 2.757928 0.469759 -2.067816
v 2.758498 0.459534 -2.069106
v 2.768805 0.468634 -2.093718
v 2.513569 0.466706 -2.616048
v 2.486126 0.458623 -2.623542
v 2.484788 0.468818 -2.623852
v 2.484105 0.458655 -2.622569
v 2.474072 0.467722 -2.597947
v 2.345887 0.468574 -2.251961
v 2.337655 0.459588 -2.226316
v 2.337076 0.469796 -2.225160
v 2.338557 0.459555 -2.224267
v 2.363387 0.467686 -2.212537
v 2.899224 0.466424 -2.438472
v 2.907939 0.457373 -2.463881
v 2.908219 0.467220 -2.465093
v 2.907060 0.457337 -2.465940
v 2.881256 0.465311 -2.478189
v 2.726676 0.448471 -2.081431
v 2.751741 0.441511 -2.077815
v 2.755174 0.449329 -2.073321
v 2.753739 0.441516 -2.078765
v 2.765805 0.448864 -2.098760
v 2.515575 0.447714 -2.610587
v 2.490828 0.440438 -2.613898
v 2.487393 0.448367 -2.618375
v 2.488833 0.440434 -2.612931
v 2.476814 0.447978 -2.592993
v 2.351489 0.448872 -2.253620
v 2.347587 0.441577 -2.230443
v 2.342962 0.449389 -2.227264
v 2.348476 0.441572 -2.228415
v 2.368801 0.448523 -2.215080
v 2.893813 0.447115 -2.436842
v 2.898011 0.439550 -2.459800
v 2.902701 0.447324 -2.462950
v 2.897150 0.439552 -2.461837
v 2.876176 0.446803 -2.475636
v 2.724715 0.438293 -2.086316
v 2.752342 0.437685 -2.076596
v 2.752705 0.438457 -2.078364
v 2.754336 0.437686 -2.077546
v 2.763155 0.438314 -2.103348
v 2.517543 0.437486 -2.605704
v 2.490224 0.436561 -2.615115
v 2.489866 0.437333 -2.613341
v 2.488235 0.436552 -2.614150
v 2.479468 0.437315 -2.588412
v 2.356475 0.438354 -2.255352
v 2.346342 0.437747 -2.229911
v 2.348107 0.438519 -2.229463
v 2.347229 0.437747 -2.227887
v 2.373477 0.438347 -2.217487
v 2.888780 0.436598 -2.435139
v 2.899268 0.435711 -2.460323
v 2.897505 0.436494 -2.460785
v 2.898410 0.435719 -2.462357
v 2.871463 0.436755 -2.473254
v 2.725494 0.436576 -2.084394
v 2.752346 0.435705 -2.076587
v 2.753678 0.436742 -2.076380
v 2.754340 0.435706 -2.077537
v 2.764194 0.436597 -2.101542
v 2.516760 0.435763 -2.607625
v 2.490220 0.434581 -2.615124
v 2.488891 0.435608 -2.615322
v 2.488231 0.434572 -2.614158
v 2.478427 0.435591 -2.590216
v 2.354514 0.436638 -2.254668
v 2.346334 0.435767 -2.229908
v 2.346081 0.436804 -2.228599
v 2.347221 0.435767 -2.227883
v 2.371632 0.436630 -2.216545
v 2.890759 0.434868 -2.435812
v 2.899277 0.433731 -2.460327
v 2.899551 0.434764 -2.461636
v 2.898419 0.433739 -2.462360
v 2.873324 0.435026 -2.474186
v 2.724729 0.434505 -2.086284
v 2.750504 0.433884 -2.080344
v 2.752721 0.434669 -2.078330
v 2.752497 0.433885 -2.081294
v 2.763172 0.434525 -2.103318
v 2.517529 0.433698 -2.605736
v 2.492066 0.432776 -2.611372
v 2.489849 0.433544 -2.613374
v 2.490077 0.432767 -2.610407
v 2.479451 0.433527 -2.588443
v 2.356442 0.434566 -2.255341
v 2.350169 0.433945 -2.231544
v 2.348073 0.434731 -2.229448
v 2.351056 0.433945 -2.229519
v 2.373446 0.434558 -2.217471
v 2.888813 0.432809 -2.435150
v 2.895402 0.431938 -2.458716
v 2.897539 0.432705 -2.460800
v 2.894544 0.431946 -2.460750
v 2.871495 0.432966 -2.473269
v 2.722659 0.433457 -2.091393
v 2.747668 0.433866 -2.086124
v 2.750134 0.433619 -2.083605
v 2.749662 0.433866 -2.087074
v 2.760407 0.433478 -2.108121
v 2.519610 0.432667 -2.600629
v 2.494907 0.432782 -2.605601
v 2.492441 0.432516 -2.608107
v 2.492917 0.432773 -2.604635
v 2.482220 0.432499 -2.583645
v 2.361655 0.433518 -2.257162
v 2.356071 0.433925 -2.234061
v 2.353458 0.433679 -2.231745
v 2.356957 0.433925 -2.232036
v 2.378352 0.433510 -2.219975
v 2.883552 0.431795 -2.433360
v 2.889440 0.431962 -2.456239
v 2.892099 0.431694 -2.458539
v 2.888582 0.431970 -2.458272
v 2.866547 0.431950 -2.470792
v 2.720873 0.434477 -2.095799
v 2.746531 0.435402 -2.089085
v 2.747903 0.434636 -2.088153
v 2.748026 0.435403 -2.089797
v 2.758022 0.434497 -2.112264
v 2.521405 0.433701 -2.596224
v 2.496048 0.434331 -2.602640
v 2.494676 0.433552 -2.603565
v 2.494556 0.434325 -2.601916
v 2.484608 0.433536 -2.579508
v 2.366151 0.434536 -2.258733
v 2.359079 0.435461 -2.235050
v 2.358102 0.434695 -2.233726
v 2.359744 0.435461 -2.233532
v 2.382582 0.434529 -2.222135
v 2.879014 0.432844 -2.431816
v 2.886407 0.433523 -2.455268
v 2.887407 0.432745 -2.456589
v 2.885764 0.433528 -2.456793
v 2.862281 0.432996 -2.468655
v 2.595666 0.483312 -2.575292
v 2.595741 0.484609 -2.576920
v 2.456699 0.491239 -2.513647
v 2.455697 0.492644 -2.514533
v 2.386670 0.491120 -2.328690
v 2.385332 0.492524 -2.328689
v 2.450028 0.482388 -2.190246
v 2.449193 0.484464 -2.189198
v 2.856091 0.490764 -2.362325
v 2.857424 0.492165 -2.362326
v 2.792544 0.481560 -2.500548
v 2.793563 0.482819 -2.501817
v 2.647703 0.481211 -2.115803
v 2.647631 0.483254 -2.114462
v 2.786672 0.491261 -2.177738
v 2.787672 0.492666 -2.176854
v 2.595483 0.484170 -2.579113
v 2.454133 0.492235 -2.516145
v 2.383092 0.492114 -2.328515
v 2.447549 0.484023 -2.187724
v 2.859662 0.491751 -2.362498
v 2.795204 0.482387 -2.503290
v 2.647892 0.482826 -2.112270
v 2.789239 0.492258 -2.175244
v 2.595463 0.480278 -2.579282
v 2.454013 0.488156 -2.516268
v 2.382920 0.488035 -2.328502
v 2.447423 0.480131 -2.187611
v 2.859833 0.487672 -2.362511
v 2.795330 0.478598 -2.503403
v 2.647912 0.479038 -2.112102
v 2.789360 0.488179 -2.175120
v 2.595574 0.478987 -2.578341
v 2.454684 0.486779 -2.515577
v 2.383880 0.486658 -2.328576
v 2.448128 0.478840 -2.188243
v 2.858874 0.486297 -2.362438
v 2.794627 0.477343 -2.502772
v 2.647800 0.477781 -2.113042
v 2.788688 0.486802 -2.175811
v 2.595403 0.476709 -2.580341
v 2.453476 0.484323 -2.516828
v 2.382271 0.484284 -2.328319
v 2.446686 0.476757 -2.186861
v 2.860750 0.483831 -2.362667
v 2.796028 0.475072 -2.504279
v 2.647729 0.475739 -2.111205
v 2.789963 0.484461 -2.174567
v 2.594624 0.466260 -2.589494
v 2.594004 0.452286 -2.590599
v 2.448081 0.472591 -2.522368
v 2.446436 0.455649 -2.523743
v 2.375349 0.473035 -2.326975
v 2.373594 0.456115 -2.326652
v 2.440168 0.467361 -2.180525
v 2.439370 0.452795 -2.179992
v 2.869203 0.472078 -2.363895
v 2.870804 0.455298 -2.364503
v 2.802363 0.464621 -2.511395
v 2.803445 0.451229 -2.512181
v 2.647034 0.466504 -2.103062
v 2.647299 0.452295 -2.102320
v 2.795618 0.473392 -2.169134
v 2.796475 0.456375 -2.168149
v 2.594909 0.439995 -2.581974
v 2.452413 0.440012 -2.517569
v 2.382169 0.440582 -2.327352
v 2.445809 0.439989 -2.185869
v 2.862105 0.439652 -2.363884
v 2.797060 0.439451 -2.506321
v 2.646425 0.439827 -2.110948
v 2.790359 0.440633 -2.174393
v 2.594779 0.437047 -2.583044
v 2.451652 0.436504 -2.518353
v 2.381084 0.437101 -2.327260
v 2.445006 0.436974 -2.185149
v 2.863196 0.436134 -2.363973
v 2.797864 0.436601 -2.507042
v 2.646548 0.436892 -2.109882
v 2.791119 0.437119 -2.173609
v 2.594778 0.435160 -2.583051
v 2.451647 0.434524 -2.518358
v 2.381077 0.435121 -2.327259
v 2.445000 0.435087 -2.185144
v 2.863204 0.434154 -2.363974
v 2.797870 0.434764 -2.507046
v 2.646549 0.435055 -2.109875
v 2.791124 0.435140 -2.173603
v 2.595168 0.433431 -2.579753
v 2.453997 0.432720 -2.515945
v 2.384422 0.433309 -2.327539
v 2.447470 0.433359 -2.187370
v 2.859838 0.432355 -2.363705
v 2.795399 0.433087 -2.504819
v 2.646179 0.433374 -2.113162
v 2.788775 0.433327 -2.176018
v 2.595768 0.433425 -2.574678
v 2.457614 0.432727 -2.512233
v 2.389569 0.433302 -2.327971
v 2.451270 0.433354 -2.190795
v 2.854660 0.432370 -2.363291
v 2.791599 0.433090 -2.501391
v 2.645611 0.433369 -2.118218
v 2.785159 0.433320 -2.179733
v 2.595832 0.434894 -2.571778
v 2.459721 0.434278 -2.510356
v 2.392382 0.434845 -2.328007
v 2.453224 0.434826 -2.192910
v 2.851920 0.433925 -2.363233
v 2.789630 0.434525 -2.499251
v 2.645551 0.434802 -2.121086
v 2.783140 0.434863 -2.181580
v 2.422172 0.487929 -2.420984
v 2.412728 0.488898 -2.318382
v 2.483040 0.489005 -2.504166
v 2.519694 0.494016 -2.598315
v 2.585414 0.482579 -2.548459
v 2.880981 0.494567 -2.432250
v 2.484282 0.495429 -2.582775
v 2.720936 0.478895 -2.308039
v 2.782528 0.480916 -2.473665
v 2.830093 0.488598 -2.372676
v 2.760312 0.489021 -2.187210
v 2.864677 0.493148 -2.467346
v 2.723912 0.494004 -2.093226
v 2.377864 0.493800 -2.223557
v 2.460327 0.482457 -2.217518
v 2.657972 0.481289 -2.143042
v 2.759316 0.495431 -2.108744
v 2.361552 0.495221 -2.258627
v 2.779297 0.434742 -2.472642
v 2.486733 0.434575 -2.577908
v 2.524530 0.434714 -2.382775
v 2.585854 0.435060 -2.545080
v 2.486655 0.434619 -2.500746
v 2.418770 0.435027 -2.317803
v 2.521228 0.434729 -2.593432
v 2.816229 0.434619 -2.272895
v 2.876448 0.433891 -2.431973
v 2.825383 0.434314 -2.373680
v 2.756233 0.435042 -2.191345
v 2.860567 0.434033 -2.466437
v 2.721047 0.435499 -2.098555
v 2.384259 0.435549 -2.224328
v 2.463338 0.435006 -2.219562
v 2.655513 0.434987 -2.147733
v 2.755986 0.435517 -2.113835
v 2.368802 0.435556 -2.258552
v 2.421615 0.488195 -2.421194
v 2.821451 0.488137 -2.270004
v 2.420515 0.489575 -2.421610
v 2.822548 0.489516 -2.269590
v 2.418612 0.489137 -2.422330
v 2.824450 0.489078 -2.268870
v 2.418466 0.485056 -2.422385
v 2.824596 0.484997 -2.268815
v 2.419282 0.483692 -2.422077
v 2.823781 0.483632 -2.269124
v 2.411726 0.469992 -2.424822
v 2.832563 0.470302 -2.266458
v 2.825382 0.481271 -2.268607
v 2.417881 0.481276 -2.422592
v 2.409799 0.454267 -2.425497
v 2.833638 0.454531 -2.266324
v 2.417045 0.439945 -2.422770
v 2.826202 0.439948 -2.269147
v 2.416121 0.436631 -2.423117
v 2.827127 0.436592 -2.268799
v 2.416115 0.434651 -2.423119
v 2.827134 0.434612 -2.268797
v 2.418966 0.432845 -2.422049
v 2.824276 0.432806 -2.269869
v 2.423353 0.432849 -2.420401
v 2.819880 0.432811 -2.271520
v 2.425855 0.434398 -2.419463
v 2.817504 0.434361 -2.272413
v 2.520137 0.494297 -2.599622
v 2.483259 0.495766 -2.583201
v 2.493247 0.497471 -2.607666
v 2.360502 0.495557 -2.258986
v 2.377094 0.493326 -2.221976
v 2.351302 0.496568 -2.233858
v 2.882027 0.494896 -2.431892
v 2.865208 0.493420 -2.468618
v 2.890667 0.496463 -2.456790
v 2.723454 0.493530 -2.091531
v 2.760339 0.495768 -2.108322
v 2.750671 0.496803 -2.083445
v 2.482287 0.497205 -2.584441
v 2.519811 0.495711 -2.601225
v 2.492600 0.498726 -2.608994
v 2.376016 0.495492 -2.221275
v 2.358953 0.496995 -2.258700
v 2.350420 0.498485 -2.233474
v 2.866510 0.494827 -2.469603
v 2.883572 0.496328 -2.432176
v 2.892027 0.497713 -2.457355
v 2.761313 0.497207 -2.107086
v 2.723793 0.495698 -2.090294
v 2.751080 0.498721 -2.082576
v 2.480976 0.496840 -2.586723
v 2.518827 0.495333 -2.603652
v 2.491374 0.498376 -2.611499
v 2.373671 0.495112 -2.220107
v 2.356460 0.496628 -2.257857
v 2.347841 0.498132 -2.232408
v 2.868850 0.494441 -2.470768
v 2.886061 0.495955 -2.433017
v 2.894600 0.497353 -2.458418
v 2.762629 0.496842 -2.104807
v 2.724782 0.495320 -2.087870
v 2.752312 0.498370 -2.080075
v 2.480876 0.492765 -2.586898
v 2.518751 0.491256 -2.603839
v 2.491280 0.494302 -2.611691
v 2.373491 0.491035 -2.220017
v 2.356268 0.492552 -2.257792
v 2.347643 0.494058 -2.232326
v 2.869029 0.490364 -2.470857
v 2.886252 0.491879 -2.433081
v 2.894798 0.493278 -2.458500
v 2.762730 0.492766 -2.104632
v 2.724858 0.491243 -2.087684
v 2.752406 0.494296 -2.079883
v 2.481438 0.491369 -2.585919
v 2.519173 0.489866 -2.602798
v 2.491806 0.492900 -2.610617
v 2.374496 0.489646 -2.220518
v 2.357337 0.491158 -2.258153
v 2.348749 0.492657 -2.232783
v 2.868026 0.488977 -2.470358
v 2.885185 0.490487 -2.432721
v 2.893695 0.491880 -2.458044
v 2.762166 0.491371 -2.105609
v 2.724433 0.489853 -2.088723
v 2.751878 0.492894 -2.080955
v 2.475542 0.476661 -2.595634
v 2.514699 0.475384 -2.613643
v 2.486147 0.478019 -2.621329
v 2.365381 0.476348 -2.213994
v 2.348068 0.477439 -2.253177
v 2.339243 0.478916 -2.226673
v 2.878754 0.473864 -2.476777
v 2.896561 0.475236 -2.437316
v 2.905419 0.476279 -2.463705
v 2.767591 0.477539 -2.095966
v 2.727911 0.476360 -2.078241
v 2.756787 0.478927 -2.070318
v 2.725105 0.487535 -2.086792
v 2.763177 0.489014 -2.103828
v 2.752799 0.490533 -2.078994
v 2.518365 0.487398 -2.604781
v 2.480370 0.488883 -2.587709
v 2.490784 0.490403 -2.612589
v 2.355567 0.488815 -2.257303
v 2.372769 0.487354 -2.219383
v 2.346925 0.490327 -2.231733
v 2.887247 0.487911 -2.433517
v 2.869969 0.486407 -2.471478
v 2.895818 0.489266 -2.459032
v 2.474280 0.457899 -2.597424
v 2.513699 0.457231 -2.615354
v 2.485018 0.458652 -2.623252
v 2.364187 0.458061 -2.212770
v 2.346615 0.458714 -2.251996
v 2.337905 0.459585 -2.225207
v 2.880733 0.456106 -2.477931
v 2.898671 0.456853 -2.438438
v 2.907702 0.457365 -2.464993
v 2.768400 0.458740 -2.094302
v 2.728577 0.458014 -2.076650
v 2.757584 0.459530 -2.068432
v 2.479325 0.440327 -2.588655
v 2.517442 0.440388 -2.605964
v 2.489735 0.440437 -2.613609
v 2.373231 0.441233 -2.217356
v 2.356209 0.441326 -2.255262
v 2.347833 0.441578 -2.229345
v 2.871711 0.439615 -2.473383
v 2.889049 0.439575 -2.435228
v 2.897781 0.439550 -2.460901
v 2.763297 0.441293 -2.103105
v 2.724816 0.441180 -2.086056
v 2.752836 0.441517 -2.078095
v 2.478687 0.436539 -2.589765
v 2.516955 0.436710 -2.607145
v 2.489135 0.436556 -2.614826
v 2.372093 0.437576 -2.216781
v 2.355004 0.437584 -2.254839
v 2.346588 0.437749 -2.228815
v 2.872859 0.435975 -2.473953
v 2.890264 0.435817 -2.435644
v 2.899039 0.435713 -2.461423
v 2.763934 0.437542 -2.101994
v 2.725299 0.437522 -2.084875
v 2.753435 0.437687 -2.076876
v 2.478683 0.434559 -2.589773
v 2.516953 0.434731 -2.607153
v 2.489130 0.434576 -2.614835
v 2.372086 0.435596 -2.216777
v 2.354996 0.435604 -2.254836
v 2.346579 0.435769 -2.228811
v 2.872867 0.433995 -2.473957
v 2.890272 0.433837 -2.435647
v 2.899048 0.433733 -2.461427
v 2.763939 0.435563 -2.101986
v 2.725303 0.435542 -2.084867
v 2.753439 0.435707 -2.076868
v 2.480655 0.432754 -2.586356
v 2.518434 0.432924 -2.603515
v 2.490976 0.432771 -2.611084
v 2.375579 0.433777 -2.218560
v 2.358709 0.433784 -2.256133
v 2.350415 0.433947 -2.230447
v 2.869343 0.432198 -2.472192
v 2.886525 0.432042 -2.434371
v 2.895174 0.431940 -2.459816
v 2.761970 0.433744 -2.105407
v 2.723828 0.433723 -2.088506
v 2.751596 0.433886 -2.080624
v 2.483689 0.432760 -2.581099
v 2.520715 0.432926 -2.597918
v 2.493817 0.432777 -2.605312
v 2.380955 0.433760 -2.221304
v 2.364422 0.433768 -2.258129
v 2.356316 0.433927 -2.232964
v 2.863922 0.432217 -2.469477
v 2.880759 0.432064 -2.432410
v 2.889211 0.431964 -2.457339
v 2.758939 0.433728 -2.110671
v 2.721560 0.433708 -2.094105
v 2.748761 0.433868 -2.086404
v 2.485461 0.434312 -2.578552
v 2.521602 0.434474 -2.594933
v 2.495099 0.434127 -2.602700
v 2.383571 0.435298 -2.222974
v 2.367418 0.435305 -2.258899
v 2.358984 0.435263 -2.234105
v 2.861278 0.433773 -2.467813
v 2.877762 0.433624 -2.431648
v 2.886517 0.433322 -2.456215
v 2.757192 0.435266 -2.113214
v 2.720676 0.435247 -2.097081
v 2.747481 0.435205 -2.089019
v 2.447468 0.486505 -2.411425
v 2.510198 0.492730 -2.573999
v 2.795622 0.486457 -2.279777
v 2.855766 0.491982 -2.442875
v 2.733348 0.492725 -2.117513
v 2.386850 0.492543 -2.248078
v 2.452727 0.434668 -2.409470
v 2.512255 0.434700 -2.569458
v 2.790787 0.434635 -2.282539
v 2.851488 0.434105 -2.442426
v 2.730171 0.435381 -2.122537
v 2.393157 0.435415 -2.248502
v 2.664038 0.476935 -2.549154
v 2.723123 0.475769 -2.526747
v 2.578166 0.475917 -2.142583
v 2.519014 0.476921 -2.164885
v 2.517903 0.477723 -2.161982
v 2.577077 0.476700 -2.139667
v 2.724183 0.476551 -2.529524
v 2.665074 0.477739 -2.551937
v 2.517245 0.478489 -2.160413
v 2.576524 0.477447 -2.138059
v 2.724830 0.477298 -2.531097
v 2.665617 0.478504 -2.553549
v 2.516763 0.476042 -2.159262
v 2.576118 0.475057 -2.136879
v 2.725305 0.474908 -2.532251
v 2.666015 0.476058 -2.554732
v 2.517010 0.473320 -2.159850
v 2.576325 0.472399 -2.137482
v 2.725062 0.472250 -2.531661
v 2.665811 0.473335 -2.554127
v 2.517092 0.472502 -2.160048
v 2.576395 0.471601 -2.137684
v 2.724981 0.471452 -2.531463
v 2.665743 0.472518 -2.553924
v 2.573474 0.466741 -2.132497
v 2.513896 0.467549 -2.154904
v 2.667575 0.466740 -2.559965
v 2.727158 0.465753 -2.537501
v 2.510753 0.456453 -2.149906
v 2.570644 0.455893 -2.127468
v 2.729294 0.454710 -2.543571
v 2.669304 0.455429 -2.566025
v 2.512850 0.443890 -2.154805
v 2.572490 0.443654 -2.132491
v 2.727301 0.443530 -2.538800
v 2.667541 0.443883 -2.561129
v 2.514426 0.437331 -2.158500
v 2.573831 0.437267 -2.136274
v 2.725780 0.437563 -2.535072
v 2.666256 0.437730 -2.557314
v 2.513805 0.435774 -2.157049
v 2.573307 0.435746 -2.134787
v 2.726380 0.436045 -2.536535
v 2.666758 0.436176 -2.558813
v 2.514415 0.433906 -2.158475
v 2.573823 0.433922 -2.136249
v 2.725791 0.434218 -2.535097
v 2.666265 0.434305 -2.557340
v 2.516065 0.432973 -2.162333
v 2.575218 0.433011 -2.140202
v 2.724198 0.433298 -2.531206
v 2.664928 0.433362 -2.553354
v 2.517487 0.433907 -2.165659
v 2.576421 0.433923 -2.143610
v 2.722824 0.434201 -2.527851
v 2.663776 0.434287 -2.549917
v 2.625923 0.434905 -2.451187
v 2.684859 0.434864 -2.429092
v 2.518767 0.434838 -2.168909
v 2.577644 0.434833 -2.146888
v 2.686480 0.475268 -2.429476
v 2.627269 0.476332 -2.451900
v 2.555669 0.476327 -2.262182
v 2.614915 0.475342 -2.239814
v 2.721496 0.435102 -2.524461
v 2.662509 0.435208 -2.546508
v 2.613863 0.434734 -2.242729
v 2.554980 0.434724 -2.264807
v 2.664742 0.477134 -2.551026
v 2.723832 0.475961 -2.528620
v 2.577356 0.475313 -2.140352
v 2.518134 0.476324 -2.162680
v 2.650709 0.475034 -2.334604
v 2.591432 0.476029 -2.357018
v 2.665282 0.478335 -2.552555
v 2.724431 0.477133 -2.530127
v 2.576865 0.477281 -2.139051
v 2.517651 0.478319 -2.161380
v 2.665915 0.477871 -2.554436
v 2.725186 0.476679 -2.531962
v 2.576220 0.476828 -2.137174
v 2.516884 0.477855 -2.159550
v 2.665964 0.474176 -2.554581
v 2.725244 0.473070 -2.532103
v 2.576170 0.473220 -2.137030
v 2.516825 0.474160 -2.159409
v 2.665692 0.472971 -2.553774
v 2.724921 0.471895 -2.531316
v 2.576447 0.472044 -2.137835
v 2.517154 0.472955 -2.160194
v 2.668856 0.461273 -2.564301
v 2.728699 0.460388 -2.541842
v 2.571368 0.461843 -2.128847
v 2.511590 0.462548 -2.151279
v 2.575596 0.470143 -2.136187
v 2.516211 0.471015 -2.158566
v 2.666268 0.470825 -2.555635
v 2.725606 0.469784 -2.533168
v 2.668877 0.449529 -2.565009
v 2.728858 0.449000 -2.542588
v 2.571094 0.449597 -2.128601
v 2.511228 0.449993 -2.151007
v 2.666325 0.439580 -2.557519
v 2.725862 0.439359 -2.535272
v 2.573759 0.439169 -2.136071
v 2.514341 0.439284 -2.158302
v 2.666633 0.437032 -2.558439
v 2.726230 0.436880 -2.536170
v 2.573438 0.436582 -2.135159
v 2.513960 0.436630 -2.157412
v 2.666635 0.435242 -2.558445
v 2.726233 0.435133 -2.536176
v 2.573436 0.434834 -2.135153
v 2.513958 0.434840 -2.157406
v 2.665683 0.433600 -2.555606
v 2.725098 0.433530 -2.533405
v 2.574430 0.433238 -2.137968
v 2.515132 0.433206 -2.160153
v 2.664219 0.433591 -2.551239
v 2.723353 0.433521 -2.529141
v 2.575958 0.433239 -2.142299
v 2.516940 0.433207 -2.164380
v 2.663304 0.434983 -2.548602
v 2.722307 0.434881 -2.526552
v 2.576888 0.434606 -2.144889
v 2.517997 0.434606 -2.166920
v 2.590373 0.434713 -2.358174
v 2.649271 0.434717 -2.336061
v 2.713518 0.475646 -2.501251
v 2.654400 0.476787 -2.523664
v 2.528645 0.476776 -2.190452
v 2.587824 0.475777 -2.168134
v 2.711857 0.435038 -2.499375
v 2.652884 0.435127 -2.521436
v 2.587150 0.434808 -2.172027
v 2.528271 0.434809 -2.194060
v 2.594988 0.437699 -2.581256
v 2.382897 0.437814 -2.327408
v 2.861373 0.436855 -2.363830
v 2.646351 0.437526 -2.111663
v 2.796528 0.437233 -2.505832
v 2.789845 0.437834 -2.174914
v 2.446342 0.437630 -2.186357
v 2.452928 0.437222 -2.517047
v 2.751347 0.438410 -2.078630
v 2.753337 0.438411 -2.079578
v 2.491222 0.437297 -2.613083
v 2.489237 0.437289 -2.612119
v 2.348420 0.438472 -2.230794
v 2.349305 0.438472 -2.228774
v 2.897170 0.436451 -2.459453
v 2.896314 0.436459 -2.461482
v 2.825579 0.437302 -2.269380
v 2.417667 0.437339 -2.422536
v 2.724505 0.438240 -2.086846
v 2.752437 0.438413 -2.078910
v 2.762866 0.438265 -2.103843
v 2.517755 0.437436 -2.605174
v 2.490134 0.437292 -2.612795
v 2.479759 0.437271 -2.587917
v 2.357016 0.438306 -2.255537
v 2.348665 0.438474 -2.229700
v 2.373984 0.438294 -2.217749
v 2.888235 0.436553 -2.434957
v 2.896942 0.436453 -2.460551
v 2.870953 0.436704 -2.472994
v 2.573928 0.437167 -2.136702
v 2.514646 0.437234 -2.158882
v 2.666166 0.437627 -2.556882
v 2.725567 0.437457 -2.534686
v 2.594981 0.437902 -2.581320
v 2.382833 0.438058 -2.327404
v 2.861438 0.437103 -2.363835
v 2.646358 0.437729 -2.111600
v 2.796575 0.437429 -2.505875
v 2.789890 0.438081 -2.174868
v 2.446295 0.437839 -2.186314
v 2.452883 0.437469 -2.517093
v 2.751382 0.438685 -2.078558
v 2.753372 0.438686 -2.079506
v 2.491188 0.437575 -2.613155
v 2.489201 0.437567 -2.612191
v 2.348346 0.438747 -2.230763
v 2.349232 0.438746 -2.228743
v 2.897244 0.436725 -2.459483
v 2.896388 0.436732 -2.461514
v 2.825634 0.437536 -2.269360
v 2.417612 0.437569 -2.422557
v 2.752472 0.438687 -2.078837
v 2.762904 0.438533 -2.103778
v 2.490099 0.437570 -2.612867
v 2.479720 0.437541 -2.587982
v 2.348591 0.438748 -2.229669
v 2.373917 0.438553 -2.217714
v 2.897016 0.436727 -2.460582
v 2.871020 0.436961 -2.473028
v 2.573913 0.437344 -2.136646
v 2.666180 0.437800 -2.556939
v 2.724533 0.438500 -2.086776
v 2.517727 0.437697 -2.605244
v 2.356944 0.438573 -2.255513
v 2.888307 0.436820 -2.434981
v 2.514619 0.437416 -2.158830
v 2.725593 0.437625 -2.534738
vn 0.7921 -0.1533 0.5908
vn 0.6171 -0.5511 0.5616
vn 0.7498 -0.2469 0.6139
vn 0.7885 0.3195 0.5256
vn 0.8271 0.3026 0.4735
vn 0.8448 -0.1510 0.5133
vn 0.7140 -0.4101 0.5674
vn 0.8302 0.5387 0.1434
vn 0.7176 0.6909 0.0881
vn 0.8598 0.4957 0.1224
vn 0.9812 0.0092 0.1926
vn 0.9587 0.0752 0.2744
vn 0.7924 0.5719 0.2123
vn 0.6926 0.7131 0.1087
vn 0.8829 -0.4587 0.1008
vn 0.9273 -0.2907 0.2358
vn 0.9573 -0.2528 0.1403
vn 0.9342 0.2234 0.2780
vn 0.9405 0.2736 0.2016
vn 0.9723 -0.2034 0.1156
vn 0.9028 -0.4238 0.0726
vn 0.9076 0.1652 0.3859
vn 0.8567 0.1611 0.4901
vn 0.9078 0.1639 0.3861
vn 0.8598 0.1301 0.4937
vn 0.9123 0.1340 0.3871
vn 0.9543 0.1253 0.2712
vn 0.9487 0.1594 0.2729
vn 0.9082 0.1675 0.3835
vn 0.9533 0.1291 0.2731
vn 0.9478 0.1762 0.2658
vn 0.8834 0.4028 0.2396
vn 0.8521 0.3853 0.3543
vn 0.8549 0.1660 0.4915
vn 0.9131 0.1246 0.3882
vn 0.6159 0.6494 0.4461
vn 0.7592 0.4740 0.4460
vn 0.7219 0.4667 0.5109
vn 0.8645 -0.0159 0.5024
vn 0.8242 -0.0694 0.5621
vn 0.6665 0.5453 0.5084
vn 0.5442 0.7214 0.4283
vn -0.4636 -0.8764 -0.1303
vn -0.8292 -0.3522 -0.4341
vn -0.5273 -0.8347 -0.1590
vn -0.6451 -0.7261 -0.2380
vn -0.8343 -0.3570 -0.4201
vn -0.6028 -0.7651 -0.2262
vn -0.6335 -0.7322 -0.2503
vn -0.4291 -0.8921 -0.1415
vn -0.8186 -0.3990 -0.4132
vn -0.9170 -0.2862 -0.2779
vn -0.7654 0.5949 -0.2454
vn -0.8243 0.5026 -0.2605
vn -0.6912 0.6863 -0.2264
vn -0.7688 0.5727 -0.2844
vn -0.6970 0.6698 -0.2562
vn -0.4038 -0.8835 -0.2376
vn -0.8402 -0.4298 -0.3308
vn -0.4085 -0.8889 -0.2073
vn -0.6266 -0.7270 -0.2808
vn -0.5914 -0.7571 -0.2775
vn -0.4727 -0.8406 -0.2643
vn -0.8645 -0.3990 -0.3056
vn -0.8839 -0.2789 -0.3755
vn -0.8856 -0.1468 -0.4407
vn -0.9099 -0.1490 -0.3872
vn -0.9323 -0.1426 -0.3324
vn -0.8994 -0.2915 -0.3257
vn -0.6462 -0.7133 -0.2713
vn -0.8578 -0.2975 -0.4192
vn -0.9170 0.0879 -0.3890
vn -0.9326 -0.1465 -0.3299
vn -0.9111 -0.1409 -0.3874
vn -0.8856 -0.1451 -0.4411
vn -0.8856 0.1033 -0.4527
vn -0.7324 0.5830 -0.3516
vn -0.7778 0.5355 -0.3292
vn -0.9397 0.1075 -0.3247
vn -0.8753 -0.0081 -0.4835
vn -0.6785 0.6582 -0.3261
vn -0.6292 0.7029 -0.3317
vn -0.7617 0.5078 -0.4025
vn -0.8681 -0.0728 -0.4910
vn -0.9790 -0.1446 -0.1437
vn -0.9260 -0.1466 -0.3479
vn -0.9787 -0.1413 -0.1487
vn -0.8828 -0.1462 -0.4465
vn -0.8825 -0.1490 -0.4460
vn -0.9792 -0.1483 -0.1388
vn -0.9268 -0.1493 -0.3447
vn -0.8700 -0.1442 -0.4715
vn -0.8471 -0.3581 -0.3926
vn -0.7885 -0.1383 -0.5993
vn -0.8816 -0.1471 -0.4485
vn -0.7835 -0.1422 -0.6049
vn -0.9368 -0.1446 -0.3186
vn -0.9395 -0.1299 -0.3170
vn -0.7940 -0.1337 -0.5931
vn -0.8883 -0.1441 -0.4360
vn -0.8846 -0.1504 -0.4414
vn -0.7841 -0.1511 -0.6019
vn -0.7833 -0.1469 -0.6040
vn -0.9351 -0.1494 -0.3214
vn -0.9359 -0.1468 -0.3201
vn -0.6899 0.6623 -0.2922
vn -0.9409 0.0693 -0.3314
vn -0.9189 0.0580 -0.3903
vn -0.8267 -0.4392 -0.3517
vn -0.4067 -0.8979 -0.1684
vn -0.8700 -0.1431 -0.4718
vn -0.8861 -0.1424 -0.4411
vn -0.8699 -0.1459 -0.4712
vn -0.8825 -0.1438 -0.4479
vn -0.8709 -0.1349 -0.4726
vn -0.9436 -0.1403 -0.2998
vn -0.8782 -0.3453 -0.3309
vn -0.8933 -0.3246 -0.3109
vn 0.2698 0.9616 0.0499
vn 0.1756 0.9834 -0.0450
vn 0.1935 0.9810 -0.0118
vn -0.0769 0.9723 -0.2209
vn -0.0847 0.9769 -0.1961
vn 0.2103 0.9769 0.0376
vn -0.9222 -0.1436 -0.3592
vn -0.9777 -0.1343 -0.1613
vn -0.9780 -0.1386 -0.1558
vn -0.8832 -0.1389 -0.4479
vn 0.5168 0.0249 -0.8557
vn -0.0192 -0.0623 -0.9979
vn 0.5076 0.0183 -0.8614
vn 0.9455 0.1155 -0.3045
vn 0.9462 0.1244 -0.2986
vn 0.5256 0.0373 -0.8499
vn -0.0074 -0.0554 -0.9984
vn -0.7254 -0.0501 0.6865
vn -0.2185 0.0475 0.9747
vn -0.2296 0.0332 0.9727
vn 0.4794 0.1299 0.8679
vn 0.4828 0.1218 0.8672
vn -0.2392 0.0226 0.9707
vn -0.7384 -0.0639 0.6713
vn -0.2353 0.0137 0.9718
vn 0.4847 0.1166 0.8669
vn 0.4792 0.1104 0.8707
vn -0.2270 0.0016 0.9739
vn -0.7283 -0.0728 0.6813
vn -0.0146 -0.0657 -0.9977
vn 0.5091 0.0024 -0.8607
vn 0.5065 0.0134 -0.8621
vn 0.9423 0.1058 -0.3175
vn 0.9439 0.1108 -0.3110
vn 0.5548 -0.7969 0.2389
vn 0.4554 -0.8759 0.1596
vn 0.4544 -0.8688 0.1966
vn 0.0827 -0.9956 0.0433
vn 0.0834 -0.9959 0.0347
vn 0.4205 -0.8818 0.2136
vn 0.5105 -0.8166 0.2695
vn 0.2037 0.9754 0.0839
vn 0.2999 0.9490 0.0969
vn -0.1489 0.9865 -0.0676
vn -0.1915 0.9814 0.0144
vn 0.1753 0.9765 0.1250
vn 0.3053 0.9437 0.1273
vn 0.4475 -0.8561 0.2585
vn 0.3736 -0.9057 0.2003
vn 0.0895 -0.9956 0.0271
vn 0.1016 -0.9945 0.0238
vn 0.1120 -0.9935 0.0191
vn 0.3473 -0.9210 0.1766
vn 0.4095 -0.8829 0.2296
vn 0.1355 0.9791 0.1514
vn 0.2804 0.9481 0.1502
vn -0.2059 0.9757 0.0752
vn -0.2025 0.9740 0.1019
vn 0.1069 0.9803 0.1658
vn 0.1966 0.9648 0.1749
vn 0.2334 0.9584 0.1644
vn -0.4676 0.7883 -0.3998
vn -0.1935 0.9371 -0.2904
vn -0.2150 0.9396 -0.2663
vn 0.1916 0.9807 -0.0384
vn 0.1784 0.9840 0.0035
vn -0.2539 0.9438 -0.2115
vn -0.5198 0.7829 -0.3420
vn -0.3757 -0.9225 -0.0882
vn 0.1076 -0.9923 0.0621
vn 0.1040 -0.9931 0.0533
vn 0.6718 -0.7078 0.2183
vn 0.6947 -0.6734 0.2529
vn 0.1062 -0.9932 0.0482
vn -0.4119 -0.9016 -0.1324
vn -0.9443 -0.1435 -0.2962
vn -0.9433 -0.1485 -0.2968
vn -0.9437 -0.1451 -0.2972
vn -0.9328 -0.1426 -0.3310
vn 0.9938 0.1055 -0.0361
vn 0.9408 0.0730 -0.3310
vn 0.9913 0.0890 -0.0968
vn 0.8907 0.1159 0.4396
vn 0.8755 0.1469 0.4603
vn 0.9907 0.1360 0.0054
vn 0.9574 0.0910 -0.2741
vn 0.7914 0.1644 0.5887
vn 0.8012 0.1681 0.5743
vn 0.7872 0.1721 0.5922
vn 0.7200 0.1550 0.6765
vn 0.6790 0.1318 0.7222
vn 0.7927 0.1439 0.5924
vn 0.8093 0.1613 0.5648
vn 0.6097 0.1370 0.7807
vn 0.4779 0.1247 0.8695
vn 0.5704 0.1408 0.8092
vn 0.8912 0.1751 0.4184
vn 0.8987 0.1511 0.4117
vn 0.6343 0.1243 0.7630
vn 0.5066 0.1203 0.8537
vn 0.6548 0.7034 0.2766
vn 0.7705 0.5480 0.3257
vn 0.9162 0.0651 0.3954
vn 0.6554 0.6463 0.3908
vn 0.8905 -0.2460 0.3827
vn 0.7935 -0.3512 0.4970
vn 0.8899 0.2396 0.3883
vn 0.8297 -0.4299 0.3560
vn 0.9794 0.1137 0.1669
vn 0.9702 0.1395 0.1979
vn 0.9705 0.1441 0.1931
vn 0.9483 0.1589 0.2749
vn 0.9775 0.0974 0.1872
vn 0.9882 0.0144 0.1527
vn 0.4528 0.0922 0.8868
vn 0.6319 0.1081 0.7675
vn 0.9122 0.1275 0.3894
vn 0.6166 0.0976 0.7812
vn 0.3848 0.0767 0.9198
vn 0.7628 0.0469 0.6449
vn 0.8091 0.1255 0.5742
vn 0.7763 0.1162 0.6196
vn 0.5494 -0.0305 0.8350
vn 0.5606 -0.2038 0.8026
vn 0.6744 -0.2501 0.6948
vn 0.8059 0.1091 0.5819
vn 0.9704 0.1492 0.1901
vn 0.9672 0.1998 0.1567
vn 0.9653 0.1874 0.1820
vn 0.9073 0.3874 0.1634
vn 0.8830 0.1784 0.4342
vn 0.5136 0.1203 0.8496
vn 0.5150 0.1453 0.8448
vn -0.1169 0.0422 0.9922
vn -0.1181 0.0476 0.9919
vn 0.5246 0.1459 0.8388
vn 0.8990 0.1873 0.3959
vn 0.5186 0.0959 0.8496
vn 0.9082 0.1075 0.4045
vn 0.5249 0.0967 0.8457
vn -0.1190 0.0363 0.9922
vn 0.6240 0.7478 0.2269
vn 0.6014 0.7726 0.2035
vn 0.0979 0.9900 0.1018
vn 0.0789 0.9871 0.1393
vn 0.5759 0.7917 0.2038
vn 0.9281 0.3222 0.1864
vn 0.9686 0.1668 -0.1842
vn 0.8887 0.1825 0.4206
vn 0.9725 0.1698 -0.1594
vn 0.5860 0.0757 -0.8068
vn 0.5870 0.0571 -0.8076
vn 0.9687 0.1384 -0.2060
vn 0.8066 -0.5388 0.2430
vn 0.7794 -0.5283 0.3369
vn 0.3741 -0.9183 0.1296
vn 0.3673 -0.9163 0.1597
vn 0.7205 -0.5618 0.4066
vn 0.6177 0.7407 0.2641
vn 0.5941 0.7490 0.2934
vn 0.1240 0.9911 0.0486
vn 0.6887 0.0541 -0.7230
vn 0.0921 -0.0271 -0.9954
vn 0.3197 -0.0079 -0.9475
vn 0.0987 -0.0294 -0.9947
vn 0.3362 -0.0123 -0.9417
vn 0.5966 0.0227 -0.8022
vn 0.5849 0.0322 -0.8105
vn 0.7962 0.0745 -0.6005
vn 0.6690 -0.6045 0.4325
vn 0.3475 -0.9204 0.1791
vn 0.3288 -0.9266 0.1827
vn 0.6508 -0.6280 0.4267
vn 0.8130 -0.0597 0.5792
vn 0.5843 0.7482 0.3142
vn 0.7847 0.2877 0.5491
vn 0.5890 0.7427 0.3184
vn 0.2314 0.9725 0.0266
vn 0.1629 0.9866 0.0129
vn 0.7900 -0.5869 0.1770
vn 0.9836 -0.0552 0.1716
vn 0.7632 -0.6249 0.1645
vn 0.3650 -0.9248 0.1076
vn -0.6223 -0.0532 0.7810
vn -0.6220 -0.0395 0.7820
vn -0.6375 -0.0563 0.7684
vn -0.6399 -0.0710 0.7652
vn -0.6225 -0.0677 0.7797
vn -0.6302 -0.0133 0.7763
vn -0.6260 -0.0266 0.7794
vn -0.6481 -0.0164 0.7614
vn -0.6416 -0.0291 0.7665
vn -0.3548 0.9334 0.0530
vn -0.3283 0.9443 -0.0209
vn -0.3576 0.9326 0.0493
vn -0.3626 0.9285 0.0797
vn -0.3599 0.9295 0.0810
vn 0.0691 -0.0321 -0.9971
vn 0.0440 -0.0287 -0.9986
vn 0.0242 -0.0392 -0.9989
vn 0.0239 -0.0328 -0.9992
vn -0.0346 -0.9993 0.0154
vn -0.0274 -0.9996 -0.0099
vn -0.0336 -0.9993 0.0133
vn -0.0297 -0.9995 -0.0109
vn -0.0234 -0.9990 -0.0370
vn -0.0193 -0.9991 -0.0373
vn -0.2842 0.9504 -0.1267
vn -0.2160 0.9535 -0.2100
vn -0.2249 0.9513 -0.2109
vn -0.2934 0.9472 -0.1293
vn -0.3336 0.9424 -0.0256
vn -0.4228 0.0010 0.9062
vn -0.9586 -0.1082 0.2635
vn -0.9625 -0.1162 0.2449
vn -0.8917 -0.1537 -0.4257
vn -0.9652 -0.1209 0.2318
vn -0.4290 -0.0086 0.9033
vn -0.0127 -0.9984 -0.0560
vn -0.0166 -0.9983 -0.0562
vn -0.0100 -0.9976 -0.0687
vn -0.0067 -0.9977 -0.0675
vn -0.0917 0.9742 -0.2061
vn 0.2845 0.9575 0.0473
vn 0.0101 0.9860 -0.1665
vn -0.1002 0.9726 -0.2097
vn -0.0369 -0.9984 0.0439
vn -0.0369 -0.9988 0.0317
vn -0.0363 -0.9984 0.0431
vn -0.0359 -0.9989 0.0299
vn -0.4734 -0.1164 -0.8731
vn 0.3348 -0.0110 -0.9422
vn -0.4770 -0.1175 -0.8710
vn -0.9251 -0.1529 -0.3475
vn -0.4684 -0.1109 -0.8765
vn 0.3417 -0.0057 -0.9398
vn 0.3350 -0.0151 -0.9421
vn -0.4609 -0.1226 -0.8790
vn -0.4700 -0.1170 -0.8749
vn -0.9167 -0.1402 -0.3742
vn -0.4240 -0.0162 0.9055
vn -0.9616 -0.1227 0.2454
vn -0.8987 -0.1409 -0.4153
vn -0.9557 -0.1284 0.2647
vn -0.4356 0.8139 -0.3844
vn -0.7514 0.3952 -0.5284
vn -0.7815 0.3604 -0.5092
vn -0.8198 0.3471 -0.4554
vn -0.4829 0.8108 -0.3307
vn 0.1422 -0.9880 0.0602
vn -0.6198 -0.7550 -0.2141
vn -0.5972 -0.7606 -0.2547
vn -0.8957 0.0312 -0.4436
vn -0.5567 -0.7777 -0.2921
vn -0.5409 0.8072 -0.2363
vn -0.8643 0.3399 -0.3708
vn -0.8217 -0.4267 -0.3778
vn -0.9001 0.3319 -0.2823
vn -0.5024 -0.8120 -0.2972
vn 0.1476 -0.9873 0.0592
vn -0.4440 -0.8506 -0.2815
vn 0.1750 -0.9825 0.0644
vn 0.1572 -0.9855 0.0645
vn -0.9104 0.3524 -0.2168
vn -0.5878 0.7981 -0.1327
vn -0.8875 -0.3506 -0.2989
vn -0.9010 0.3939 -0.1818
vn -0.5914 0.8045 -0.0554
vn 0.1439 -0.9874 0.0652
vn -0.5401 -0.8311 -0.1325
vn -0.5865 -0.7931 -0.1641
vn -0.9582 -0.0490 -0.2818
vn 0.1386 -0.9884 0.0620
vn 0.4215 0.1254 0.8981
vn 0.4255 0.1162 0.8975
vn -0.4166 0.0154 0.9090
vn 0.4264 0.1105 0.8978
vn 0.9251 0.1093 -0.3636
vn 0.9231 0.1044 -0.3701
vn 0.3467 0.0068 -0.9380
vn 0.9256 0.1191 -0.3593
vn 0.9214 0.0992 -0.3756
vn 0.9429 0.0960 -0.3190
vn 0.9220 0.0891 -0.3768
vn 0.4223 0.1037 0.9005
vn 0.4201 0.0930 0.9027
vn 0.4760 0.1002 0.8737
vn 0.0972 0.9907 -0.0955
vn 0.1946 0.9790 -0.0614
vn 0.1119 0.9871 -0.1148
vn 0.0674 0.9962 -0.0550
vn 0.6902 -0.6612 0.2940
vn 0.6969 -0.6718 0.2511
vn 0.6622 -0.6751 0.3251
vn 0.6627 -0.6758 0.3227
vn 0.6898 -0.6618 0.2935
vn 0.0250 0.9997 0.0065
vn -0.0085 0.9970 0.0768
vn 0.1135 0.9869 0.1145
vn 0.1475 0.9874 0.0570
vn 0.6252 -0.7070 0.3305
vn 0.6289 -0.7026 0.3330
vn 0.6092 -0.7250 0.3213
vn 0.6032 -0.7315 0.3180
vn 0.0949 0.9827 0.1590
vn -0.0129 0.9914 0.1303
vn -0.0048 0.9879 0.1553
vn 0.0924 0.9795 0.1791
vn 0.6767 -0.7032 0.2180
vn 0.6460 -0.7338 0.2103
vn 0.6527 -0.7276 0.2111
vn -0.3620 0.9320 0.0189
vn -0.6303 0.7611 -0.1532
vn -0.3497 0.9354 -0.0519
vn -0.3487 0.9356 0.0548
vn -0.6352 0.7689 -0.0721
vn -0.1193 0.0458 0.9918
vn -0.0678 0.0561 0.9961
vn -0.1460 0.0559 0.9877
vn -0.3962 0.0130 0.9181
vn -0.3936 0.0003 0.9193
vn -0.0982 0.0457 0.9941
vn -0.0326 0.0499 0.9982
vn 0.1326 -0.9900 0.0480
vn -0.3503 -0.9163 -0.1941
vn 0.1246 -0.9911 0.0473
vn 0.1422 -0.9889 0.0441
vn -0.2877 -0.9386 -0.1903
vn 0.5544 0.0462 -0.8310
vn 0.5578 0.0542 -0.8282
vn 0.4999 0.0242 -0.8658
vn 0.3208 -0.0108 -0.9471
vn 0.3490 -0.0015 -0.9371
vn 0.6008 0.0461 -0.7981
vn 0.6211 0.0734 -0.7803
vn -0.3970 -0.9016 -0.1716
vn 0.1150 -0.9923 0.0469
vn -0.3028 0.9435 -0.1348
vn -0.5775 0.7767 -0.2515
vn 0.9716 0.1114 -0.2085
vn 0.9741 0.1098 -0.1976
vn 0.9206 0.1200 0.3716
vn 0.4223 -0.8976 0.1262
vn 0.4698 -0.8729 0.1316
vn 0.3880 -0.9134 0.1233
vn 0.0962 -0.9934 0.0628
vn 0.0914 -0.9945 0.0516
vn 0.5544 -0.8117 0.1839
vn 0.5125 -0.8476 0.1375
vn 0.6575 0.0357 -0.7526
vn 0.5833 0.0305 -0.8117
vn 0.3451 -0.0004 -0.9386
vn 0.5451 0.0303 -0.8379
vn 0.6178 0.0273 -0.7858
vn -0.0261 0.0605 0.9978
vn -0.1132 0.0408 0.9927
vn -0.3954 -0.0132 0.9184
vn -0.1329 0.0235 0.9908
vn -0.0525 0.0455 0.9976
vn 0.5262 -0.5448 0.6530
vn 0.6765 -0.4502 0.5827
vn 0.4234 -0.3226 0.8465
vn 0.5657 -0.4608 0.6838
vn 0.3360 -0.0693 0.9393
vn 0.5010 -0.2499 0.8286
vn 0.3469 0.0754 0.9349
vn 0.4286 -0.0527 0.9020
vn -0.7551 -0.5359 -0.3776
vn -0.7744 -0.3796 -0.5061
vn -0.9181 -0.2002 -0.3420
vn -0.9215 -0.1887 -0.3395
vn -0.7673 -0.2301 -0.5986
vn -0.9338 -0.1500 -0.3249
vn 0.8063 0.5914 0.0081
vn 0.7723 0.6272 0.1013
vn 0.9203 0.3868 0.0588
vn 0.9373 0.3465 -0.0379
vn 0.8883 0.4327 -0.1540
vn 0.8096 0.5869 -0.0087
vn 0.9266 0.2616 -0.2702
vn 0.9280 0.2456 -0.2803
vn 0.9685 0.2405 -0.0648
vn 0.9471 0.1482 -0.2848
vn 0.9314 0.1450 -0.3338
vn -0.8859 0.2473 -0.3925
vn -0.6586 0.6675 -0.3474
vn -0.9564 0.0829 -0.2802
vn -0.8693 -0.2228 -0.4412
vn -0.8736 -0.1172 -0.4724
vn -0.9833 -0.0606 -0.1718
vn -0.9652 -0.2290 -0.1259
vn -0.8837 -0.1489 -0.4437
vn -0.9023 -0.3846 -0.1948
vn -0.8843 -0.1914 -0.4259
vn -0.8818 -0.2046 -0.4249
vn -0.7952 -0.5407 -0.2743
vn 0.9612 -0.0145 -0.2753
vn 0.9553 0.0793 -0.2847
vn 0.9979 0.0243 -0.0608
vn 0.9716 -0.1827 -0.1505
vn 0.9637 -0.0288 -0.2655
vn 0.9473 -0.3200 -0.0131
vn 0.9469 -0.3216 0.0047
vn 0.9931 -0.0985 0.0641
vn 0.9531 -0.2847 0.1030
vn -0.8084 -0.0597 -0.5856
vn -0.9449 0.0885 -0.3151
vn -0.8705 0.0754 -0.4864
vn -0.9428 -0.1140 -0.3134
vn -0.9251 -0.2012 -0.3219
vn -0.9034 0.2358 -0.3582
vn 0.6161 0.2198 0.7564
vn 0.6170 0.1466 0.7732
vn 0.7310 0.2053 0.6508
vn 0.6302 0.3538 0.6911
vn 0.5255 0.4244 0.7374
vn 0.4851 0.2385 0.8413
vn 0.5384 0.6242 0.5661
vn 0.6272 0.5435 0.5578
vn 0.7226 0.2669 0.6377
vn 0.7469 0.3084 0.5891
vn 0.6544 0.5707 0.4960
vn 0.6118 0.1441 -0.7778
vn 0.5363 0.2213 -0.8145
vn 0.3277 0.0087 -0.9447
vn 0.2836 0.2611 -0.9227
vn 0.4903 0.5372 -0.6862
vn 0.6005 0.3935 -0.6961
vn 0.4511 0.8229 -0.3456
vn 0.3285 0.8772 -0.3502
vn 0.1766 0.6033 -0.7777
vn 0.0266 0.8789 -0.4763
vn 0.2446 0.9695 0.0134
vn 0.0718 -0.2116 0.9747
vn -0.0210 -0.2493 0.9682
vn -0.3977 -0.0305 0.9170
vn -0.3359 -0.3235 0.8846
vn 0.1630 -0.6236 0.7645
vn 0.2732 -0.5829 0.7652
vn 0.4144 -0.8197 0.3954
vn 0.3135 -0.8619 0.3984
vn -0.2014 -0.6992 0.6860
vn -0.0258 -0.9403 0.3394
vn 0.1511 0.9022 0.4040
vn 0.0486 0.9142 0.4023
vn -0.2874 0.8949 0.3415
vn -0.3793 0.6526 0.6560
vn -0.0336 0.6834 0.7292
vn -0.1114 0.3237 0.9396
vn 0.0721 0.6758 0.7335
vn -0.4103 0.3020 0.8605
vn -0.4001 0.0283 0.9160
vn -0.0214 0.3145 0.9490
vn 0.4606 -0.8828 -0.0919
vn 0.1956 -0.9428 -0.2699
vn 0.2877 -0.6993 -0.6544
vn 0.5780 -0.6497 -0.4939
vn 0.5313 -0.8469 -0.0208
vn 0.5660 -0.2631 -0.7813
vn 0.6607 -0.6156 -0.4296
vn 0.3134 -0.3214 -0.8936
vn 0.2907 -0.0290 -0.9564
vn 0.6334 -0.2227 -0.7411
vn 0.7251 0.6610 0.1933
vn 0.8055 0.3083 0.5061
vn 0.8802 0.2028 0.4291
vn 0.9045 0.4263 0.0085
vn 0.5174 0.8465 -0.1255
vn 0.8340 0.2598 -0.4869
vn 0.9608 0.2411 -0.1371
vn 0.9241 0.1474 0.3525
vn 0.7571 -0.5435 0.3624
vn 0.3508 -0.9300 0.1099
vn 0.9706 -0.1017 0.2180
vn 0.9467 0.0306 0.3206
vn 0.7165 -0.3072 0.6263
vn 0.2643 -0.8654 0.4257
vn -0.0212 -0.2481 0.9685
vn 0.5998 -0.0344 0.7994
vn 0.9030 0.1376 0.4069
vn -0.1166 0.0367 0.9925
vn 0.5463 0.2746 0.7913
vn -0.1227 0.0464 0.9914
vn 0.8990 0.1561 0.4092
vn 0.9128 0.2536 0.3200
vn 0.5866 0.5310 0.6115
vn -0.1056 0.3196 0.9417
vn 0.0038 0.9049 0.4255
vn 0.5757 0.7268 0.3747
vn 0.9054 0.3561 0.2311
vn 0.0688 0.9853 0.1562
vn 0.9962 -0.0056 -0.0864
vn 0.6250 0.0769 -0.7768
vn 0.9088 0.1428 0.3920
vn 0.8817 0.0416 0.4700
vn 0.9535 -0.2830 0.1034
vn 0.6879 -0.2173 -0.6925
vn 0.4962 -0.8606 -0.1146
vn 0.7914 -0.5321 0.3009
vn 0.8291 -0.0955 0.5508
vn 0.3241 -0.9304 0.1714
vn 0.3424 0.8618 -0.3743
vn 0.0022 0.9853 -0.1710
vn 0.7820 0.5187 -0.3455
vn 0.6512 0.4720 -0.5943
vn 0.3955 0.8232 -0.4074
vn 0.6931 0.2010 -0.6923
vn 0.6900 0.3665 -0.6242
vn 0.7070 0.1452 -0.6921
vn -0.2038 -0.9418 0.2673
vn -0.2076 -0.9348 0.2882
vn -0.4325 -0.6783 0.5940
vn -0.4609 -0.6735 0.5780
vn -0.6091 -0.3055 0.7319
vn -0.5696 -0.3184 0.7577
vn 0.1299 -0.6209 0.7730
vn -0.6734 0.1985 0.7121
vn -0.6401 0.2222 0.7355
vn -0.0581 0.6718 0.7384
vn -0.6040 0.5612 0.5659
vn -0.4780 0.8284 0.2919
vn -0.6287 0.5479 0.5519
vn -0.4837 0.8308 0.2753
vn 0.0244 -0.2723 -0.9619
vn 0.1028 -0.2865 -0.9525
vn 0.6537 -0.6070 -0.4519
vn 0.0874 -0.6602 -0.7459
vn 0.0363 -0.9291 -0.3681
vn 0.0292 -0.6481 -0.7610
vn 0.0129 -0.9334 -0.3585
vn -0.7652 0.1665 0.6219
vn -0.6388 -0.0142 0.7692
vn -0.6871 0.2110 0.6952
vn -0.6955 0.5259 0.4896
vn -0.7835 0.4624 0.4151
vn -0.6057 0.7677 0.2092
vn -0.5181 0.8553 0.0074
vn -0.7001 0.6981 0.1501
vn -0.0596 -0.3055 -0.9503
vn 0.0677 -0.0671 -0.9955
vn 0.0326 -0.3165 -0.9480
vn -0.0352 -0.6651 -0.7459
vn -0.1400 -0.6376 -0.7575
vn -0.1030 -0.9122 -0.3967
vn -0.1521 -0.9787 -0.1382
vn -0.2036 -0.8815 -0.4261
vn -0.3737 0.6941 -0.6153
vn -0.3484 0.8576 -0.3782
vn -0.2753 0.7608 -0.5877
vn -0.1446 0.5074 -0.8495
vn -0.2458 0.4493 -0.8589
vn 0.0012 0.1933 -0.9811
vn 0.0876 -0.0275 -0.9958
vn -0.0920 0.1539 -0.9838
vn -0.4722 -0.8708 0.1370
vn -0.2298 -0.9729 -0.0237
vn -0.3666 -0.9091 0.1980
vn -0.5498 -0.6697 0.4992
vn -0.6493 -0.6358 0.4174
vn -0.6351 -0.3249 0.7008
vn -0.6430 -0.0749 0.7622
vn -0.7203 -0.3110 0.6200
vn -0.9379 0.3384 -0.0770
vn -0.5717 0.8202 -0.0222
vn -0.9119 -0.2118 -0.3516
vn -0.9824 0.1717 0.0735
vn -0.5665 0.7731 0.2852
vn -0.4809 0.2546 0.8390
vn -0.9747 -0.0005 0.2236
vn -0.4450 -0.7693 -0.4585
vn -0.8761 -0.1285 -0.4646
vn -0.4686 -0.5099 -0.7214
vn 0.2706 -0.9209 -0.2806
vn -0.4498 -0.2714 -0.8509
vn 0.3725 -0.6839 -0.6274
vn 0.3406 -0.0283 -0.9398
vn 0.3998 -0.3207 -0.8587
vn -0.5114 -0.0052 -0.8593
vn -0.8855 -0.2164 -0.4111
vn -0.6238 0.1656 -0.7638
vn 0.2549 0.2436 -0.9358
vn -0.1910 0.7653 -0.6147
vn -0.7020 0.3349 -0.6285
vn -0.4047 0.8220 -0.4007
vn -0.9280 -0.2709 0.2558
vn -0.4140 -0.0302 0.9098
vn -0.8524 -0.5006 0.1511
vn -0.1851 -0.6821 0.7074
vn -0.3224 -0.3201 0.8908
vn -0.0188 -0.9204 0.3906
vn -0.6572 -0.7536 -0.0135
vn -0.9412 -0.1178 -0.3167
vn 0.1501 -0.9859 0.0742
vn 0.2167 0.8859 0.4101
vn 0.1179 0.9030 0.4132
vn 0.2599 0.6460 0.7178
vn 0.3871 0.6014 0.6989
vn 0.4715 0.3068 0.8268
vn 0.3527 0.3400 0.8718
vn -0.5539 0.5732 0.6039
vn 0.7696 -0.6080 0.1952
vn 0.7647 -0.6224 0.1668
vn 0.9198 -0.3860 -0.0708
vn 0.9354 -0.3531 -0.0185
vn 0.9515 -0.0995 -0.2912
vn 0.9766 -0.0776 -0.2007
vn 0.9119 0.3080 -0.2712
vn 0.8594 0.3372 -0.3844
vn 0.0401 0.5599 -0.8276
vn 0.6856 0.6449 -0.3376
vn 0.3750 0.9009 -0.2185
vn 0.7595 0.6066 -0.2351
vn 0.4380 0.8874 -0.1436
vn 0.5710 -0.0650 0.8183
vn 0.4909 -0.0896 0.8666
vn 0.6106 -0.3706 0.6998
vn 0.6579 -0.3341 0.6749
vn 0.6600 -0.6173 0.4281
vn 0.6832 -0.6003 0.4157
vn 0.9511 0.1383 -0.2763
vn 0.9861 0.1614 -0.0395
vn 0.9802 0.1698 -0.1017
vn 0.8175 0.1461 0.5571
vn 0.8579 0.1605 0.4881
vn 0.8204 0.1442 0.5533
vn 0.7949 -0.0593 0.6039
vn 0.8189 0.0886 0.5671
vn 0.8239 0.1481 0.5471
vn 0.8606 0.1331 0.4916
vn 0.8180 0.1513 0.5550
vn 0.8169 0.1445 0.5584
vn 0.8285 0.1433 0.5413
vn 0.8642 0.1352 0.4846
vn 0.9125 0.1293 0.3881
vn 0.9484 0.1404 0.2842
vn 0.9509 0.1315 0.2803
vn 0.9110 0.1429 0.3869
vn 0.8118 0.1771 0.5564
vn 0.8139 0.3470 0.4660
vn 0.7808 0.3154 0.5393
vn 0.7948 0.1911 0.5760
vn 0.7789 0.1986 0.5949
vn 0.7676 0.3061 0.5632
vn 0.9681 0.1451 0.2043
vn 0.9712 0.1410 0.1920
vn 0.9703 0.1618 0.1797
vn 0.9671 0.1392 0.2131
vn 0.9746 0.1675 0.1489
vn 0.9908 0.1351 -0.0103
vn 0.9869 0.1600 -0.0188
vn 0.9749 0.1777 0.1344
vn 0.9713 0.1721 0.1642
vn 0.9767 0.1423 0.1605
vn 0.9841 0.1083 0.1406
vn 0.9898 0.0712 0.1231
vn 0.9776 0.1178 0.1742
vn 0.9968 -0.0725 -0.0341
vn 0.9698 0.2140 0.1166
vn 0.9748 0.1223 0.1865
vn 0.9686 0.1363 0.2078
vn 0.9478 0.1520 0.2802
vn 0.8615 0.1540 0.4839
vn 0.9089 0.1580 0.3859
vn 0.8260 0.1413 0.5457
vn 0.8649 0.1436 0.4811
vn 0.8153 0.1293 0.5644
vn 0.7850 0.1237 0.6070
vn 0.6266 0.1109 0.7714
vn 0.5877 0.0996 0.8029
vn 0.9938 0.1092 -0.0195
vn 0.9812 0.1172 0.1532
vn 0.9946 0.0978 -0.0351
vn -0.8854 -0.1487 -0.4404
vn -0.9102 -0.1449 -0.3881
vn -0.9099 -0.1476 -0.3876
vn -0.9317 -0.1458 -0.3327
vn -0.8696 -0.1486 -0.4709
vn -0.8857 -0.1458 -0.4408
vn -0.9429 -0.1467 -0.2990
vn -0.9322 -0.1443 -0.3319
vn -0.9107 -0.1419 -0.3880
vn -0.8803 -0.0104 -0.4744
vn -0.8879 0.0796 -0.4532
vn -0.8371 0.4731 -0.2746
vn -0.9438 0.1355 -0.3014
vn 0.1309 0.9902 -0.0485
vn 0.1627 0.9854 -0.0506
vn 0.0933 0.9953 -0.0269
vn 0.3332 -0.9354 0.1181
vn 0.3345 -0.9316 0.1423
vn 0.3079 -0.9393 0.1517
vn 0.0650 0.9976 0.0238
vn 0.0349 0.9961 0.0804
vn 0.2696 -0.9530 0.1379
vn 0.2487 -0.9614 0.1178
vn -0.0034 0.9925 0.1218
vn -0.0253 0.9897 0.1406
vn -0.3219 0.0248 0.9464
vn -0.2980 0.0171 0.9544
vn -0.0057 0.0581 0.9983
vn -0.2791 0.0180 0.9601
vn -0.6356 -0.0419 0.7709
vn 0.3482 0.0213 -0.9372
vn 0.3925 0.0336 -0.9191
vn 0.6744 0.0630 -0.7357
vn 0.4678 0.0278 -0.8834
vn 0.2805 -0.9549 0.0973
vn 0.3054 -0.9472 0.0973
vn 0.5671 0.0199 -0.8234
vn 0.6560 0.0283 -0.7542
vn -0.2931 0.0143 0.9560
vn -0.3107 0.0001 0.9505
vn 0.7010 0.1259 -0.7020
vn 0.6947 0.3259 -0.6413
vn 0.5058 0.7686 -0.3918
vn -0.2338 -0.2560 0.9380
vn -0.0242 -0.6722 0.7400
vn 0.1940 -0.9202 0.3400
vn -0.0940 0.9299 0.3556
vn -0.2257 0.6719 0.7054
vn -0.3143 0.2719 0.9095
vn 0.3391 -0.9306 -0.1380
vn 0.4248 -0.6731 -0.6053
vn 0.3848 -0.2392 -0.8915
vn 0.7766 -0.2504 0.5781
vn 0.8501 -0.1760 0.4964
vn 0.7510 0.6487 0.1231
vn 0.9169 0.3745 0.1381
vn 0.6646 0.7272 0.1716
vn 0.7198 0.6683 0.1879
vn 0.9600 -0.2394 0.1452
vn 0.9432 -0.2304 0.2392
vn 0.6964 0.5898 0.4088
vn 0.6782 0.5548 0.4819
vn 0.9644 0.0943 -0.2471
vn 0.9654 0.1186 -0.2324
vn 0.9677 0.1196 -0.2219
vn 0.5916 0.1343 0.7950
vn 0.7371 0.1655 0.6552
vn 0.5065 0.1088 0.8553
vn 0.5295 0.1128 0.8408
vn 0.7036 0.6468 0.2943
vn 0.9057 -0.2043 0.3714
vn 0.8538 -0.4804 0.2006
vn 0.4337 0.0918 0.8964
vn 0.7185 -0.1652 0.6756
vn 0.6831 -0.0728 0.7267
vn 0.6532 0.0292 0.7566
vn 0.9185 0.3895 0.0683
vn 0.8911 0.4282 -0.1504
vn 0.9491 0.3149 0.0003
vn 0.9705 0.2359 -0.0499
vn 0.9984 0.0317 -0.0458
vn 0.9734 -0.1776 -0.1450
vn 0.9991 -0.0410 0.0049
vn 0.9918 -0.1071 0.0695
vn 0.6058 0.2310 0.7613
vn 0.6273 0.3431 0.6991
vn 0.6526 0.4529 0.6074
vn 0.9587 0.1404 -0.2475
vn 0.9849 0.1695 -0.0344
vn 0.0806 -0.0400 -0.9959
vn 0.0711 -0.0481 -0.9963
vn 0.0054 -0.0432 -0.9991
vn -0.6520 -0.0316 0.7576
vn -0.7086 -0.0337 0.7048
vn -0.6623 -0.0482 0.7476
vn -0.6541 -0.0611 0.7539
vn -0.7141 -0.0842 0.6950
vn 0.0686 -0.0553 -0.9961
vn -0.0076 -0.0765 -0.9970
vn -0.3768 0.8538 -0.3591
vn -0.4358 0.7969 -0.4185
vn -0.4263 0.8527 -0.3019
vn -0.1077 0.9837 -0.1438
vn -0.2675 -0.9623 -0.0498
vn -0.3328 -0.9411 -0.0595
vn -0.3025 -0.9489 -0.0903
vn -0.5407 0.8406 -0.0314
vn -0.5360 0.8367 -0.1124
vn -0.6114 0.7907 -0.0319
vn -0.1951 -0.9699 -0.1460
vn -0.2513 -0.9562 -0.1498
vn -0.2394 -0.9540 -0.1803
vn -0.2921 -0.9478 -0.1282
vn -0.4837 0.8492 -0.2120
vn -0.2740 0.2928 0.9161
vn -0.3491 0.6701 0.6550
vn -0.3703 0.8984 0.2362
vn 0.5262 -0.2381 -0.8164
vn 0.4556 -0.6893 -0.5632
vn 0.2532 -0.9569 -0.1422
vn -0.0829 0.8936 -0.4412
vn 0.2185 0.6562 -0.7223
vn 0.4454 0.2803 -0.8503
vn 0.0573 -0.9609 0.2708
vn -0.0766 -0.6890 0.7207
vn -0.1860 -0.2366 0.9536
vn -0.6205 -0.7252 -0.2984
vn -0.7380 0.5582 -0.3792
vn -0.2964 0.6439 0.7053
vn -0.2576 0.8163 0.5170
vn -0.3152 0.6687 0.6735
vn -0.2527 0.8496 0.4630
vn -0.3192 0.6966 0.6425
vn -0.2213 0.8774 0.4257
vn -0.1885 0.8752 0.4455
vn 0.5212 0.7833 0.3388
vn 0.3828 0.9030 0.1953
vn 0.5358 0.8038 0.2584
vn -0.7129 0.5772 -0.3982
vn -0.3972 0.8632 -0.3117
vn -0.7386 0.5177 -0.4318
vn -0.3471 0.8980 -0.2703
vn -0.4387 0.8970 -0.0537
vn -0.7382 0.6149 -0.2776
vn -0.7800 0.5851 -0.2220
vn -0.4291 0.9020 -0.0478
vn 0.1905 0.9754 0.1105
vn 0.1930 0.9614 0.1960
vn 0.3480 0.8891 0.2973
vn 0.5616 0.7345 0.3808
vn 0.3366 0.9023 0.2695
vn 0.3725 0.9275 0.0321
vn 0.5747 0.7962 0.1892
vn 0.6169 0.7742 0.1416
vn 0.2964 0.6452 -0.7042
vn 0.2576 0.8178 -0.5146
vn 0.3162 0.6694 -0.6722
vn 0.2536 0.8499 -0.4619
vn 0.3206 0.6969 -0.6416
vn 0.2220 0.8773 -0.4255
vn 0.1880 0.8751 -0.4460
vn -0.1949 0.9620 -0.1913
vn 0.4435 0.8955 0.0375
vn 0.4364 0.8979 0.0570
vn -0.2731 0.9620 -0.0042
vn -0.7785 0.5380 -0.3231
vn -0.2113 0.9755 -0.0615
vn -0.7808 0.5135 -0.3559
vn -0.1994 0.9602 -0.1956
vn 0.2597 0.6695 -0.6960
vn 0.1533 0.8503 -0.5035
vn 0.1880 0.8181 -0.5434
vn 0.1496 0.8774 -0.4559
vn 0.2347 0.6970 -0.6776
vn -0.2605 0.6690 0.6961
vn -0.1544 0.8518 0.5007
vn -0.1895 0.8182 0.5429
vn -0.1513 0.8775 0.4551
vn -0.2357 0.6972 0.6770
vn -0.5043 0.8617 -0.0567
vn -0.4086 0.9028 -0.1339
vn -0.7158 0.6085 -0.3425
vn -0.3547 0.8946 -0.2717
vn -0.8259 0.5209 -0.2158
vn -0.0236 0.9804 0.1954
vn -0.0037 0.9953 0.0964
vn -0.0426 0.9780 0.2042
vn -0.0309 0.9972 0.0682
vn -0.0933 0.9716 0.2172
vn -0.2447 0.7764 0.5808
vn 0.0573 0.9757 0.2113
vn -0.0898 0.9917 0.0917
vn 0.0572 0.9861 0.1562
vn -0.5793 0.8141 0.0402
vn -0.5221 0.6247 0.5807
vn -0.2286 0.7939 0.5634
vn -0.1286 0.9792 0.1567
vn 0.0225 0.9946 -0.1015
vn 0.1482 0.9871 -0.0605
vn 0.1486 0.9877 -0.0490
vn 0.0688 0.9867 0.1470
vn -0.0173 0.9995 0.0253
vn 0.1022 0.9919 0.0749
vn 0.0676 0.9957 -0.0637
vn 0.1290 0.9793 -0.1562
vn 0.1205 0.9774 -0.1738
vn 0.2432 0.7794 -0.5775
vn 0.0911 0.9723 -0.2153
vn 0.0267 0.9977 -0.0622
vn -0.9403 0.0401 -0.3380
vn -0.9341 0.0384 -0.3548
vn -0.8485 -0.2994 -0.4363
vn -0.9162 0.0401 -0.3987
vn -0.9064 0.0387 -0.4206
vn -0.7986 0.5175 -0.3074
vn -0.9161 -0.2781 -0.2889
vn -0.1203 0.9778 0.1715
vn 0.1301 0.8812 -0.4544
vn -0.0767 0.9799 0.1840
vn -0.3290 0.5271 0.7836
vn -0.3515 0.5271 0.7737
vn -0.1338 0.9761 0.1712
vn 0.1167 0.9780 -0.1730
vn -0.1324 0.8813 0.4536
vn 0.0746 0.9799 -0.1852
vn 0.3263 0.5271 -0.7847
vn 0.3481 0.5273 -0.7751
vn 0.1298 0.9764 -0.1727
vn -0.4407 0.8973 -0.0265
vn 0.2724 0.9622 0.0066
vn 0.7857 0.5341 0.3121
vn 0.2222 0.9740 0.0431
vn 0.7779 0.5172 0.3569
vn 0.2012 0.9584 0.2027
vn 0.9350 0.0386 0.3526
vn 0.7752 0.5380 0.3309
vn 0.9262 0.0401 0.3748
vn 0.3299 0.8976 0.2922
vn -0.2834 0.9590 -0.0058
vn -0.7726 0.5340 -0.3433
vn 0.0366 0.9777 -0.2067
vn -0.2336 0.8811 0.4111
vn 0.0271 0.9761 -0.2157
vn 0.3042 0.5271 -0.7935
vn -0.1858 0.9739 -0.1306
vn -0.3379 0.8956 -0.2894
vn 0.2791 0.9602 0.0063
vn 0.8007 0.5135 0.3087
vn -0.0373 0.9778 0.2064
vn 0.2346 0.8812 -0.4106
vn -0.0275 0.9761 0.2157
vn -0.3061 0.5271 0.7927
vn -0.7840 -0.5868 -0.2025
vn -0.9068 -0.2913 -0.3048
vn -0.7686 -0.6015 -0.2177
vn -0.8747 -0.2219 -0.4309
vn -0.7109 -0.6216 -0.3290
vn -0.6839 -0.6129 -0.3959
vn -0.8686 -0.3076 -0.3885
vn -0.9259 -0.2337 -0.2968
vn -0.3880 0.0392 0.9208
vn -0.3511 0.5296 0.7721
vn -0.3871 0.0381 0.9212
vn -0.3596 -0.2769 0.8911
vn -0.3503 -0.2769 0.8948
vn -0.3823 0.0405 0.9232
vn 0.3859 0.0393 -0.9217
vn 0.3475 0.5298 -0.7737
vn 0.3850 0.0382 -0.9221
vn 0.3586 -0.2769 -0.8915
vn 0.3493 -0.2769 -0.8952
vn 0.3801 0.0405 -0.9241
vn 0.9410 0.0406 0.3360
vn 0.8529 -0.2913 0.4333
vn 0.9174 0.0402 0.3959
vn 0.9075 0.0384 0.4182
vn 0.9174 -0.2776 0.2852
vn 0.7623 -0.6128 0.2083
vn 0.8860 -0.3077 0.3469
vn 0.7333 -0.6217 0.2752
vn -0.8988 0.0405 -0.4366
vn -0.8467 -0.2776 -0.4539
vn -0.9251 0.0403 -0.3776
vn 0.3841 0.0392 -0.9224
vn 0.3036 0.5297 -0.7920
vn 0.3899 0.0405 -0.9200
vn 0.3925 -0.2769 -0.8771
vn 0.3833 -0.2768 -0.8812
vn 0.8998 0.0401 0.4344
vn 0.8481 -0.2780 0.4511
vn 0.9061 -0.2995 0.2988
vn -0.3862 0.0392 0.9216
vn -0.3053 0.5297 0.7914
vn -0.3919 0.0405 0.9191
vn -0.3944 -0.2768 0.8762
vn -0.3852 -0.2768 0.8803
vn -0.7882 0.5043 -0.3527
vn -0.9196 -0.2217 -0.3243
vn -0.7948 0.5207 -0.3119
vn -0.6199 0.7443 -0.2485
vn -0.7665 0.5583 -0.3174
vn -0.6673 0.6709 -0.3234
vn -0.8260 0.4424 -0.3494
vn -0.2789 -0.5778 0.7671
vn -0.2919 -0.5753 0.7641
vn -0.3724 -0.2777 0.8856
vn -0.3176 -0.5742 0.7547
vn -0.3708 -0.2074 0.9052
vn -0.3611 -0.2148 0.9074
vn 0.2793 -0.5776 -0.7670
vn 0.2921 -0.5753 -0.7640
vn 0.3709 -0.2777 -0.8862
vn 0.3168 -0.5743 -0.7548
vn 0.3695 -0.2075 -0.9058
vn 0.3599 -0.2147 -0.9080
vn 0.7849 -0.5877 0.1964
vn 0.8757 -0.2217 0.4289
vn 0.7136 -0.6120 0.3408
vn 0.6942 -0.6015 0.3953
vn 0.8693 -0.3001 0.3927
vn 0.9267 -0.2379 0.2908
vn 0.9204 -0.2219 0.3219
vn 0.7543 0.5712 0.3237
vn 0.7729 0.5287 0.3510
vn -0.6915 -0.5875 -0.4203
vn -0.8572 -0.2378 -0.4568
vn -0.7435 -0.6121 -0.2693
vn 0.3408 -0.5752 -0.7437
vn 0.3518 -0.5777 -0.7366
vn 0.3937 -0.2149 -0.8938
vn 0.3855 -0.2074 -0.8991
vn -0.8894 -0.3001 -0.3448
vn 0.6940 -0.5868 0.4171
vn 0.8605 -0.2338 0.4527
vn -0.3422 -0.5753 0.7429
vn -0.3535 -0.5777 0.7358
vn -0.3957 -0.2148 0.8929
vn -0.3874 -0.2074 0.8983
vn 0.6877 0.6484 0.3264
vn 0.7257 0.6030 0.3312
vn 0.6304 0.7080 0.3182
vn 0.7078 0.6565 0.2608
vn 0.8248 0.4531 0.3383
vn 0.6596 0.7079 0.2527
vn -0.6610 0.6882 -0.2992
vn -0.7136 0.6194 -0.3273
vn 0.8424 0.4101 0.3497
vn 0.7737 0.5401 0.3312
vn -0.7500 0.5714 -0.3331
vn -0.7148 0.6455 -0.2690
vn -0.8065 0.4832 -0.3406
vn -0.6599 0.7015 -0.2691
vn 0.8551 -0.3161 0.4110
vn 0.9182 0.0330 0.3947
vn 0.9068 0.0578 0.4177
vn -0.8440 0.4106 -0.3452
vn -0.7922 0.5127 -0.3311
vn -0.3576 0.4736 0.8049
vn -0.3531 0.5159 0.7805
vn -0.3474 0.5369 0.7688
vn -0.3324 0.5073 0.7951
vn -0.3564 0.3713 0.8574
vn -0.3734 0.3267 0.8683
vn -0.3622 0.4422 0.8205
vn 0.3415 0.5390 -0.7700
vn 0.3393 0.5640 -0.7528
vn 0.3293 0.5994 -0.7296
vn 0.3152 0.5696 -0.7591
vn 0.3569 0.3730 -0.8565
vn 0.3691 0.3590 -0.8573
vn 0.3481 0.5040 -0.7904
vn 0.7924 -0.5424 0.2792
vn 0.8565 -0.3890 0.3392
vn 0.7379 -0.6083 0.2922
vn -0.9042 0.0813 -0.4194
vn -0.8425 0.3790 -0.3828
vn -0.8935 0.1077 -0.4359
vn -0.8694 -0.2243 -0.4402
vn -0.8496 -0.3307 -0.4108
vn -0.9266 0.0522 -0.3725
vn -0.9365 0.0600 -0.3456
vn 0.3858 0.0694 -0.9200
vn 0.3498 0.3552 -0.8669
vn 0.3850 0.0716 -0.9201
vn 0.3572 0.3333 -0.8725
vn 0.3908 0.0771 -0.9172
vn 0.3899 -0.2224 -0.8936
vn 0.3802 -0.2514 -0.8901
vn -0.9164 0.0588 -0.3959
vn 0.8456 0.3771 0.3780
vn 0.8969 0.0936 0.4323
vn 0.8707 -0.2253 0.4372
vn 0.9359 0.0466 0.3491
vn 0.8231 0.4558 0.3388
vn 0.9277 0.0283 0.3723
vn -0.3783 0.1272 0.9169
vn -0.3436 0.3661 0.8648
vn -0.3772 0.1190 0.9184
vn -0.3494 0.3485 0.8698
vn -0.3847 0.0993 0.9177
vn -0.3880 -0.2079 0.8979
vn -0.3787 -0.2200 0.8990
vn -0.8802 0.3387 -0.3325
vn -0.8922 -0.3267 -0.3120
vn -0.8253 0.4434 -0.3496
vn -0.9240 -0.2317 -0.3042
vn -0.9421 0.0784 -0.3261
vn -0.3655 0.4344 0.8232
vn -0.3462 0.4475 0.8245
vn -0.3201 0.5615 0.7631
vn -0.3681 0.4236 0.8277
vn 0.3575 0.4646 -0.8102
vn 0.3363 0.4822 -0.8089
vn 0.2974 0.6310 -0.7166
vn 0.3615 0.4458 -0.8189
vn 0.7920 0.5270 0.3082
vn 0.6083 0.7607 0.2264
vn 0.7683 0.5626 0.3053
vn 0.8177 0.4571 0.3498
vn 0.5869 0.7670 0.2594
vn 0.6440 0.7134 0.2763
vn -0.8226 0.4543 -0.3419
vn -0.6807 0.6920 -0.2405
vn -0.6171 0.7325 -0.2875
vn 0.3206 0.4724 -0.8210
vn 0.3232 0.4573 -0.8285
vn 0.2788 0.6147 -0.7378
vn -0.7653 0.5470 -0.3393
vn 0.8136 0.4762 0.3336
vn 0.6629 0.7131 0.2283
vn -0.3277 0.4506 0.8304
vn -0.3261 0.4520 0.8303
vn -0.2940 0.5708 0.7667
vn -0.8566 -0.4327 -0.2812
vn -0.7899 -0.5472 -0.2768
vn -0.8079 -0.4512 -0.3791
vn -0.7078 -0.6364 -0.3067
vn -0.7458 -0.5614 -0.3587
vn -0.8394 -0.4024 -0.3653
vn -0.8872 -0.3501 -0.3006
vn -0.3801 0.0913 0.9204
vn -0.3736 0.2812 0.8840
vn -0.3609 -0.2326 0.9031
vn -0.3527 -0.2278 0.9076
vn -0.3734 0.0551 0.9260
vn 0.3864 0.0794 -0.9189
vn 0.3677 0.3413 -0.8650
vn 0.3721 -0.2503 -0.8938
vn 0.3677 -0.2200 -0.9036
vn 0.3802 0.0900 -0.9205
vn 0.8751 0.3478 0.3366
vn 0.8909 -0.3273 0.3148
vn 0.8364 0.4204 0.3516
vn 0.9226 -0.2306 0.3093
vn 0.9401 0.0782 0.3318
vn -0.8135 0.4679 -0.3453
vn -0.7470 0.5976 -0.2914
vn -0.7734 0.5471 -0.3203
vn 0.3012 0.5494 -0.7794
vn 0.2862 0.5869 -0.7574
vn 0.3105 0.5180 -0.7971
vn 0.7204 0.6384 0.2711
vn 0.7574 0.5776 0.3043
vn -0.3097 0.5144 0.7997
vn -0.2898 0.5759 0.7645
vn -0.3089 0.5139 0.8003
vn -0.9224 -0.2202 -0.3173
vn -0.8450 -0.4387 -0.3057
vn -0.9026 -0.2759 -0.3305
vn -0.1556 0.9848 -0.0766
vn -0.6750 0.6769 -0.2937
vn -0.1327 0.9893 -0.0601
vn -0.8691 -0.2845 -0.4047
vn -0.7896 -0.5106 -0.3403
vn -0.7091 0.6562 -0.2581
vn -0.2145 0.9742 -0.0698
vn -0.1722 0.9831 -0.0629
vn -0.3250 -0.4228 0.8460
vn -0.3277 -0.4553 0.8279
vn -0.3690 -0.2338 0.8995
vn -0.3321 -0.4798 0.8121
vn -0.3448 -0.3706 0.8624
vn -0.3410 -0.3427 0.8754
vn 0.3424 -0.4215 -0.8397
vn 0.3430 -0.4557 -0.8214
vn 0.3738 -0.2744 -0.8860
vn 0.3415 -0.4824 -0.8066
vn 0.3605 -0.3669 -0.8576
vn 0.3580 -0.3416 -0.8690
vn 0.8556 -0.4329 0.2837
vn 0.8187 -0.4268 0.3842
vn 0.7337 -0.5982 0.3221
vn 0.7628 -0.5320 0.3676
vn 0.8474 -0.3792 0.3716
vn 0.8859 -0.3510 0.3034
vn 0.9021 -0.2741 0.3332
vn 0.8113 -0.4869 0.3237
vn 0.8829 -0.3092 0.3534
vn -0.8021 -0.4374 -0.4067
vn -0.8377 -0.3551 -0.4150
vn -0.7271 -0.6252 -0.2838
vn 0.3509 -0.4552 -0.8183
vn 0.3642 -0.4208 -0.8309
vn 0.3733 -0.3416 -0.8625
vn 0.3637 -0.3668 -0.8563
vn -0.8557 -0.3947 -0.3346
vn 0.8046 -0.4323 0.4071
vn 0.8395 -0.3513 0.4146
vn 0.8461 -0.4349 0.3081
vn -0.3478 -0.4501 0.8225
vn -0.3631 -0.4146 0.8345
vn -0.3717 -0.3384 0.8645
vn -0.3594 -0.3678 0.8576
vn -0.9394 0.0194 -0.3423
vn -0.7230 0.6460 -0.2450
vn -0.7318 -0.5924 -0.3370
vn -0.9178 0.0200 -0.3966
vn -0.9053 0.0198 -0.4244
vn -0.6757 0.6643 -0.3197
vn -0.7749 -0.5719 -0.2692
vn -0.9459 0.0187 -0.3239
vn -0.3569 -0.2165 0.9087
vn -0.3629 -0.2341 0.9020
vn -0.3485 -0.3920 0.8514
vn -0.3674 -0.2473 0.8966
vn -0.0869 0.9759 0.2000
vn -0.2924 0.6439 0.7070
vn -0.2898 0.6443 0.7078
vn -0.0916 0.9727 0.2134
vn 0.3730 -0.2162 -0.9023
vn 0.3775 -0.2313 -0.8966
vn 0.3590 -0.3867 -0.8494
vn 0.3768 -0.2441 -0.8935
vn 0.0809 0.9757 -0.2034
vn 0.2932 0.6449 -0.7057
vn 0.2934 0.6450 -0.7057
vn 0.0857 0.9727 -0.2159
vn 0.9209 -0.2203 0.3216
vn 0.1760 0.9817 0.0726
vn 0.6843 0.6681 0.2922
vn 0.1488 0.9870 0.0604
vn 0.8741 -0.2680 0.4052
vn 0.8055 -0.4785 0.3495
vn 0.7015 0.6615 0.2652
vn 0.2143 0.9732 0.0832
vn 0.1673 0.9834 0.0702
vn 0.9280 0.0187 0.3722
vn 0.9375 0.0182 0.3475
vn -0.8754 -0.2227 -0.4289
vn -0.1975 0.9747 -0.1051
vn -0.6892 0.6699 -0.2761
vn 0.3784 -0.2313 -0.8963
vn 0.3855 -0.2158 -0.8971
vn 0.0857 0.9727 -0.2158
vn 0.2931 0.6449 -0.7058
vn 0.0799 0.9757 -0.2038
vn 0.0771 0.9777 -0.1956
vn -0.8048 -0.5007 -0.3186
vn -0.8811 -0.3170 -0.3509
vn 0.8771 -0.2205 0.4268
vn 0.2100 0.9733 0.0931
vn 0.6891 0.6536 0.3131
vn 0.6843 0.6751 0.2756
vn -0.3748 -0.2318 0.8977
vn -0.3839 -0.2143 0.8982
vn -0.0909 0.9721 0.2161
vn -0.2948 0.6443 0.7057
vn -0.0846 0.9756 0.2024
vn -0.0821 0.9779 0.1923
vn -0.4995 -0.8481 -0.1767
vn -0.7620 -0.5834 -0.2809
vn -0.4846 -0.8558 -0.1813
vn -0.2197 -0.9711 -0.0930
vn -0.4526 -0.8707 -0.1923
vn -0.4632 -0.8615 -0.2082
vn -0.7303 -0.6070 -0.3134
vn -0.2364 -0.9677 -0.0873
vn -0.3744 0.0177 0.9271
vn -0.2839 0.6461 0.7085
vn -0.3799 0.0175 0.9249
vn -0.3039 -0.5733 0.7609
vn -0.2968 -0.5753 0.7622
vn -0.3662 0.0180 0.9303
vn 0.3870 0.0179 -0.9219
vn 0.2886 0.6463 -0.7064
vn 0.3873 0.0179 -0.9218
vn 0.3194 -0.5737 -0.7542
vn 0.3140 -0.5754 -0.7552
vn 0.3803 0.0180 -0.9247
vn 0.7213 0.6428 0.2579
vn 0.7358 -0.5841 0.3425
vn 0.9185 0.0185 0.3949
vn 0.9075 0.0179 0.4196
vn 0.7751 -0.5718 0.2688
vn 0.9435 0.0179 0.3309
vn 0.4756 -0.8623 0.1739
vn 0.7377 -0.6072 0.2950
vn 0.4561 -0.8712 0.1818
vn -0.6826 0.6460 -0.3417
vn -0.8968 0.0186 -0.4420
vn -0.7383 -0.5721 -0.3572
vn -0.9286 0.0197 -0.3707
vn 0.3876 0.0178 -0.9217
vn 0.2970 0.6463 -0.7029
vn 0.3943 0.0180 -0.9188
vn 0.3249 -0.5754 -0.7506
vn 0.3204 -0.5738 -0.7538
vn 0.6910 0.6433 0.3297
vn 0.8996 0.0178 0.4363
vn 0.7364 -0.5724 0.3606
vn 0.7557 -0.5929 0.2782
vn -0.3854 0.0177 0.9226
vn -0.2995 0.6460 0.7021
vn -0.3935 0.0179 0.9191
vn -0.3215 -0.5754 0.7520
vn -0.3155 -0.5734 0.7561
vn 0.0008 -1.0000 -0.0062
vn -0.2277 -0.9697 -0.0883
vn 0.0005 -1.0000 -0.0049
vn 0.2509 -0.9597 0.1265
vn -0.0011 -1.0000 0.0033
vn -0.0050 -1.0000 0.0075
vn -0.2107 -0.9737 -0.0873
vn 0.2825 -0.9550 0.0906
vn -0.1879 -0.8513 0.4899
vn -0.1930 -0.8500 0.4901
vn -0.3098 -0.5728 0.7589
vn -0.1980 -0.8496 0.4888
vn -0.0877 -0.9690 0.2309
vn -0.0849 -0.9693 0.2308
vn 0.2035 -0.8514 -0.4835
vn 0.2071 -0.8504 -0.4837
vn 0.3199 -0.5737 -0.7540
vn 0.2077 -0.8503 -0.4835
vn 0.0994 -0.9691 -0.2257
vn 0.0977 -0.9693 -0.2257
vn 0.5000 -0.8490 0.1709
vn 0.2175 -0.9705 0.1038
vn 0.4583 -0.8664 0.1981
vn 0.4668 -0.8569 0.2188
vn 0.7350 -0.5994 0.3171
vn 0.2359 -0.9686 0.0778
vn -0.0016 -1.0000 -0.0033
vn 0.2105 -0.9741 0.0832
vn -0.0020 -1.0000 -0.0020
vn -0.4790 -0.8482 -0.2263
vn -0.2304 -0.9677 -0.1023
vn -0.4644 -0.8659 -0.1856
vn 0.2082 -0.8503 -0.4833
vn 0.2105 -0.8513 -0.4806
vn 0.1014 -0.9692 -0.2242
vn 0.1004 -0.9691 -0.2253
vn -0.7437 -0.5991 -0.2967
vn 0.4729 -0.8494 0.2345
vn 0.2207 -0.9688 0.1129
vn 0.2217 -0.9719 0.0797
vn -0.2025 -0.8501 0.4862
vn -0.2061 -0.8514 0.4823
vn -0.0966 -0.9694 0.2258
vn -0.0947 -0.9690 0.2280
vn 0.4859 -0.8588 0.1623
vn 0.2716 -0.9578 0.0945
vn 0.4448 -0.8812 0.1601
vn 0.2696 -0.9538 0.1323
vn 0.4009 -0.8990 0.1763
vn 0.4169 -0.8864 0.2014
vn 0.2484 -0.9623 0.1110
vn 0.3452 -0.9315 0.1146
vn 0.0071 -1.0000 -0.0018
vn 0.0066 -1.0000 -0.0021
vn -0.0914 -0.9689 0.2301
vn 0.0042 -1.0000 -0.0026
vn 0.1178 -0.9533 -0.2780
vn 0.1152 -0.9539 -0.2770
vn 0.0025 -1.0000 0.0054
vn 0.0023 -1.0000 0.0058
vn 0.0999 -0.9691 -0.2256
vn 0.0027 -1.0000 0.0060
vn -0.1130 -0.9534 0.2798
vn -0.1102 -0.9540 0.2786
vn -0.0019 -1.0000 -0.0057
vn -0.2661 -0.9565 -0.1193
vn -0.0028 -1.0000 -0.0004
vn -0.0039 -1.0000 0.0017
vn 0.2121 -0.9729 0.0920
vn -0.2835 -0.9533 -0.1042
vn -0.4391 -0.8827 -0.1673
vn -0.2546 -0.9615 -0.1033
vn -0.4125 -0.8956 -0.1668
vn -0.0058 -0.9999 0.0087
vn 0.2616 -0.9550 0.1399
vn 0.0005 -1.0000 -0.0005
vn 0.0032 -1.0000 0.0062
vn 0.0033 -1.0000 0.0056
vn -0.1135 -0.9541 0.2772
vn -0.1123 -0.9534 0.2801
vn -0.2162 -0.9725 -0.0869
vn -0.0060 -1.0000 0.0032
vn -0.2739 -0.9533 -0.1270
vn -0.2665 -0.9585 -0.1017
vn 0.0022 -1.0000 -0.0039
vn 0.0015 -1.0000 -0.0041
vn 0.1179 -0.9539 -0.2760
vn 0.1168 -0.9533 -0.2784
vn 0.0358 -0.9956 -0.0868
vn 0.0007 -1.0000 -0.0028
vn 0.0308 -0.9968 -0.0737
vn 0.0024 -1.0000 0.0005
vn 0.0302 -0.9974 -0.0660
vn 0.1326 -0.9396 -0.3156
vn 0.1370 -0.9347 -0.3281
vn 0.1963 -0.8541 -0.4816
vn 0.1951 -0.8609 -0.4700
vn 0.1172 -0.9534 -0.2781
vn 0.1933 -0.8645 -0.4639
vn 0.1373 -0.9356 -0.3253
vn 0.1448 -0.9262 -0.3482
vn -0.1974 -0.8509 0.4868
vn -0.1998 -0.8512 0.4853
vn -0.1127 -0.9533 0.2801
vn -0.1996 -0.8511 0.4856
vn -0.1464 -0.9219 0.3587
vn -0.1470 -0.9198 0.3638
vn -0.4865 -0.8557 -0.1763
vn -0.2885 -0.9490 -0.1272
vn -0.4171 -0.8912 -0.1780
vn -0.4372 -0.8776 -0.1969
vn -0.2579 -0.9599 -0.1100
vn -0.3443 -0.9301 -0.1279
vn -0.0014 -1.0000 -0.0036
vn -0.0021 -1.0000 -0.0010
vn -0.0010 -1.0000 -0.0026
vn 0.4563 -0.8587 0.2331
vn 0.3245 -0.9309 0.1679
vn 0.4146 -0.8949 0.1655
vn 0.2884 -0.9519 0.1035
vn -0.1989 -0.8517 0.4847
vn -0.2015 -0.8519 0.4834
vn -0.1464 -0.9226 0.3569
vn -0.1441 -0.9235 0.3555
vn 0.2581 -0.9607 0.1024
vn -0.4679 -0.8559 -0.2202
vn -0.3334 -0.9302 -0.1535
vn -0.2874 -0.9513 -0.1119
vn 0.1964 -0.8605 -0.4700
vn 0.2039 -0.8535 -0.4796
vn 0.1485 -0.9242 -0.3518
vn -0.0517 -0.9898 -0.1331
vn 0.0026 -1.0000 0.0068
vn -0.0745 -0.9968 -0.0287
vn -0.2926 -0.9182 -0.2671
vn -0.1665 -0.8923 -0.4196
vn 0.0318 -0.9183 -0.3947
vn 0.0372 -0.9963 -0.0768
vn 0.0009 -1.0000 0.0053
vn -0.0356 -0.9948 0.0954
vn -0.0338 -0.9953 0.0908
vn -0.1457 -0.9223 0.3580
vn -0.0320 -0.9956 0.0885
vn 0.0035 -1.0000 0.0023
vn 0.0033 -1.0000 -0.0028
vn -0.0735 -0.9968 -0.0324
vn -0.0544 -0.9982 -0.0250
vn -0.0575 -0.9981 -0.0211
vn 0.0005 -1.0000 0.0019
vn -0.0503 -0.9985 -0.0197
vn -0.2661 -0.9573 -0.1126
vn -0.8563 0.5140 -0.0502
vn -0.3750 0.9246 0.0671
vn -0.7082 0.5655 0.4227
vn -0.4304 0.7294 0.5317
vn -0.2738 0.9194 0.2823
vn 0.5354 0.8431 -0.0503
vn 0.6663 0.7324 0.1399
vn 0.6746 0.7382 0.0027
vn 0.3752 0.9246 -0.0661
vn 0.5884 0.7584 -0.2804
vn 0.5534 0.7895 -0.2653
vn 0.4319 0.7310 -0.5283
vn 0.2745 0.9195 -0.2815
vn 0.3793 0.8340 -0.4008
vn 0.2416 0.7943 -0.5574
vn 0.0775 0.7298 -0.6793
vn 0.0097 0.9197 -0.3925
vn -0.1958 0.5661 -0.8007
vn -0.6370 0.5145 -0.5741
vn 0.0475 0.6254 -0.7789
vn -0.2156 0.9249 -0.3133
vn -0.3778 0.8148 -0.4398
vn -0.0222 0.8362 0.5480
vn -0.0765 0.7316 0.6774
vn -0.0117 0.9200 0.3918
vn 0.2110 0.7592 0.6157
vn 0.1968 0.7915 0.5786
vn 0.4746 0.7388 0.4784
vn 0.2164 0.9252 0.3117
vn 0.3375 0.8453 0.4143
vn 0.2381 0.9626 0.1293
vn 0.7873 0.5119 0.3436
vn 0.8260 0.5577 0.0817
vn 0.1655 0.9856 -0.0354
vn -0.3390 0.9231 0.1815
vn 0.0938 0.9734 -0.2089
vn 0.5181 0.5702 -0.6376
vn -0.2378 0.9626 -0.1299
vn -0.7875 0.5121 -0.3429
vn -0.8258 0.5578 -0.0837
vn -0.1655 0.9856 0.0351
vn 0.3395 0.9231 -0.1806
vn -0.0942 0.9734 0.2088
vn -0.5195 0.5702 0.6364
vn -0.0825 0.9733 0.2140
vn -0.0907 0.5700 0.8166
vn 0.0912 0.9855 0.1433
vn -0.1083 0.9235 -0.3681
vn 0.2593 0.9625 0.0795
vn 0.6380 0.5576 0.5311
vn 0.7962 0.5120 0.3224
vn 0.0796 0.9732 -0.2157
vn 0.0882 0.5689 -0.8176
vn -0.0920 0.9850 -0.1456
vn 0.1078 0.9239 0.3671
vn -0.2585 0.9625 -0.0829
vn -0.6368 0.5566 -0.5336
vn -0.7956 0.5121 -0.3236
vn 0.9975 0.0493 0.0505
vn 0.9497 -0.3124 0.0230
vn 0.8600 -0.3363 -0.3837
vn 0.9169 0.0569 -0.3951
vn 0.6430 0.0519 -0.7641
vn 0.7400 0.6017 -0.3005
vn 0.6168 -0.3091 -0.7239
vn -0.9974 0.0493 -0.0529
vn -0.9496 -0.3124 -0.0253
vn -0.8610 -0.3363 0.3816
vn -0.9178 0.0569 0.3929
vn -0.6447 0.0519 0.7626
vn -0.7407 0.6018 0.2988
vn -0.6185 -0.3091 0.7224
vn -0.0934 0.0519 0.9943
vn -0.0834 -0.3093 0.9473
vn 0.3302 -0.3367 0.8818
vn 0.3620 0.0568 0.9304
vn 0.3053 0.6016 0.7382
vn 0.7363 0.0493 0.6749
vn 0.6832 -0.3127 0.6599
vn 0.0920 0.0517 -0.9944
vn 0.0825 -0.3093 -0.9474
vn -0.3301 -0.3366 -0.8819
vn -0.3617 0.0565 -0.9306
vn -0.3055 0.6001 -0.7393
vn -0.7350 0.0491 -0.6763
vn -0.6823 -0.3127 -0.6608
vn 0.7752 -0.6317 0.0071
vn 0.9632 -0.2563 0.0814
vn 0.8847 -0.2513 -0.3925
vn 0.6750 -0.6670 -0.3155
vn 0.4983 -0.6261 -0.5997
vn 0.5825 -0.2525 -0.7726
vn -0.7751 -0.6317 -0.0090
vn -0.9629 -0.2564 -0.0839
vn -0.8856 -0.2513 0.3905
vn -0.6756 -0.6672 0.3138
vn -0.4996 -0.6263 0.5985
vn -0.5842 -0.2524 0.7714
vn -0.0782 -0.6264 0.7755
vn -0.1423 -0.2524 0.9571
vn 0.3412 -0.2516 0.9057
vn 0.2487 -0.6675 0.7018
vn 0.5494 -0.6320 0.5465
vn 0.7344 -0.2566 0.6284
vn 0.0786 -0.6266 -0.7753
vn 0.1416 -0.2524 -0.9572
vn -0.3409 -0.2521 -0.9056
vn -0.2486 -0.6677 -0.7017
vn -0.5492 -0.6322 -0.5466
vn -0.7335 -0.2566 -0.6294
vn 0.7423 0.6618 0.1046
vn 0.8022 0.5902 0.0907
vn 0.9175 0.3920 0.0678
vn 0.7117 0.6401 -0.2894
vn 0.6497 0.7154 -0.2571
vn 0.4987 0.5891 -0.6358
vn 0.5850 0.3898 -0.7112
vn 0.4529 0.6640 -0.5949
vn -0.7665 0.6335 -0.1057
vn -0.8188 0.5671 -0.0891
vn -0.9208 0.3849 -0.0626
vn -0.7204 0.6275 0.2954
vn -0.6661 0.6980 0.2629
vn -0.4978 0.5868 0.6387
vn -0.5764 0.3997 0.7127
vn -0.4587 0.6567 0.5986
vn -0.1136 0.6199 0.7764
vn -0.1064 0.5421 0.8335
vn -0.0924 0.3511 0.9318
vn 0.2955 0.6285 0.7195
vn 0.2732 0.7068 0.6525
vn 0.5798 0.6826 0.4448
vn 0.6170 0.6097 0.4976
vn 0.3393 0.4164 0.8435
vn 0.6912 0.4042 0.5990
vn 0.1043 0.6431 -0.7586
vn 0.1014 0.5801 -0.8082
vn 0.0963 0.4061 -0.9087
vn -0.2936 0.6379 -0.7119
vn -0.2773 0.7008 -0.6573
vn -0.6234 0.5952 -0.5071
vn -0.6831 0.4204 -0.5972
vn -0.5973 0.6543 -0.4638
vn 0.5113 0.5372 -0.6708
vn 0.7503 0.5872 -0.3037
vn 0.8392 0.5328 0.1093
vn -0.5163 0.5346 0.6690
vn -0.7579 0.5775 0.3035
vn -0.8492 0.5159 -0.1127
vn 0.6558 0.5474 0.5200
vn 0.3063 0.5825 0.7529
vn -0.1281 0.5099 0.8506
vn -0.6652 0.5289 -0.5271
vn -0.3113 0.5780 -0.7543
vn 0.1179 0.5244 -0.8432
vn 0.9938 0.1005 0.0477
vn 0.9687 -0.2454 0.0368
vn 0.8835 -0.2682 -0.3842
vn 0.9132 0.1105 -0.3921
vn 0.8322 0.4300 -0.3501
vn 0.6435 0.0982 -0.7591
vn 0.6286 -0.2464 -0.7377
vn -0.9940 0.1021 -0.0398
vn -0.9694 -0.2437 -0.0295
vn -0.8819 -0.2631 0.3911
vn -0.9091 0.1183 0.3995
vn -0.8290 0.4314 0.3559
vn -0.6372 0.1109 0.7627
vn -0.6258 -0.2382 0.7427
vn -0.0817 0.0738 0.9939
vn -0.0744 -0.2557 0.9639
vn 0.3674 0.1002 0.9247
vn 0.7351 0.1060 0.6697
vn 0.3532 -0.2721 0.8951
vn 0.7108 -0.2430 0.6601
vn 0.0907 0.1190 -0.9887
vn 0.0880 -0.2420 -0.9663
vn -0.3573 0.1378 -0.9238
vn -0.3297 0.4540 -0.8278
vn -0.7274 0.1294 -0.6739
vn -0.3430 -0.2618 -0.9021
vn -0.7058 -0.2380 -0.6672
vn 0.8798 -0.4732 0.0459
vn 0.9162 -0.3957 0.0632
vn 0.8261 -0.4347 -0.3587
vn 0.7857 -0.5147 -0.3431
vn 0.5598 -0.4743 -0.6795
vn 0.5745 -0.3974 -0.7156
vn -0.8819 -0.4696 -0.0410
vn -0.9183 -0.3916 -0.0587
vn -0.8266 -0.4293 0.3640
vn -0.7868 -0.5093 0.3487
vn -0.5594 -0.4679 0.6842
vn -0.5737 -0.3919 0.7193
vn -0.0807 -0.4757 0.8759
vn -0.0960 -0.3968 0.9129
vn 0.3310 -0.4335 0.8382
vn 0.3137 -0.5144 0.7981
vn 0.6536 -0.4723 0.5914
vn 0.6908 -0.3956 0.6053
vn 0.0970 -0.4762 -0.8740
vn 0.1124 -0.3978 -0.9105
vn -0.3204 -0.4367 -0.8406
vn -0.3028 -0.5175 -0.8003
vn -0.6493 -0.4757 -0.5934
vn -0.6877 -0.3979 -0.6073
vn 0.9661 -0.2515 0.0581
vn 0.2559 0.9655 0.0492
vn 0.7307 0.6803 0.0562
vn 0.1924 0.9778 -0.0827
vn 0.8806 -0.2806 -0.3819
vn 0.6140 -0.2532 -0.7476
vn 0.4547 0.6825 -0.5723
vn 0.1377 0.9660 -0.2190
vn -0.9671 -0.2491 -0.0523
vn -0.2576 0.9655 -0.0380
vn -0.7310 0.6809 -0.0451
vn -0.1947 0.9767 0.0900
vn -0.8791 -0.2776 0.3875
vn -0.6118 -0.2497 0.7505
vn -0.4544 0.6807 0.5747
vn -0.1414 0.9648 0.2218
vn -0.0910 -0.2531 0.9632
vn -0.0569 0.9659 0.2525
vn -0.0809 0.6819 0.7270
vn 0.0775 0.9778 0.1948
vn 0.3531 -0.2800 0.8927
vn 0.7225 -0.2516 0.6439
vn 0.5554 0.6801 0.4785
vn 0.2149 0.9656 0.1466
vn 0.1069 -0.2536 -0.9614
vn 0.0562 0.9650 -0.2562
vn 0.0895 0.6805 -0.7273
vn -0.0733 0.9766 -0.2020
vn -0.3417 -0.2818 -0.8966
vn -0.7183 -0.2530 -0.6481
vn -0.5466 0.6805 -0.4880
vn -0.2072 0.9656 -0.1573
vn 0.9995 0.0203 0.0241
vn 0.7838 -0.6189 0.0506
vn 0.6882 -0.6613 -0.2985
vn 0.9171 0.0219 -0.3981
vn 0.6353 0.7217 -0.2750
vn 0.6616 0.0204 -0.7496
vn 0.4945 -0.6212 -0.6080
vn -0.9997 0.0200 -0.0166
vn -0.7831 -0.6199 -0.0493
vn -0.6860 -0.6626 0.3005
vn -0.9143 0.0204 0.4046
vn -0.6336 0.7201 0.2829
vn -0.6588 0.0189 0.7520
vn -0.4915 -0.6223 0.6093
vn -0.0592 0.0205 0.9980
vn -0.0772 -0.6204 0.7805
vn 0.2763 -0.6602 0.6984
vn 0.3672 0.0220 0.9299
vn 0.2551 0.7209 0.6444
vn 0.7225 0.0204 0.6911
vn 0.5889 -0.6185 0.5203
vn 0.0740 0.0183 -0.9971
vn 0.0917 -0.6236 -0.7763
vn -0.2673 -0.6646 -0.6977
vn -0.3546 0.0195 -0.9348
vn -0.2443 0.7198 -0.6497
vn -0.7159 0.0192 -0.6980
vn -0.5868 -0.6213 -0.5192
vn 0.4829 -0.8744 0.0466
vn 0.2353 -0.9715 0.0281
vn 0.1841 -0.9797 -0.0798
vn 0.3968 -0.9016 -0.1720
vn 0.2924 -0.8760 -0.3836
vn 0.1382 -0.9720 -0.1903
vn -0.4819 -0.8748 -0.0502
vn -0.2346 -0.9715 -0.0350
vn -0.1819 -0.9804 0.0761
vn -0.3947 -0.9029 0.1705
vn -0.2888 -0.8770 0.3839
vn -0.1344 -0.9726 0.1896
vn -0.0622 -0.8756 0.4790
vn -0.0353 -0.9719 0.2328
vn 0.0741 -0.9795 0.1872
vn 0.1597 -0.9010 0.4033
vn 0.3735 -0.8743 0.3101
vn 0.1855 -0.9715 0.1473
vn 0.0740 -0.8779 -0.4731
vn 0.0441 -0.9730 -0.2267
vn -0.0722 -0.9810 -0.1800
vn -0.1545 -0.9044 -0.3978
vn -0.3753 -0.8758 -0.3035
vn -0.1904 -0.9719 -0.1385
vn 0.0180 -0.9998 0.0053
vn -0.2242 -0.9745 -0.0132
vn -0.1912 -0.9781 0.0827
vn 0.0094 -0.9999 -0.0042
vn 0.0083 -0.9998 -0.0171
vn -0.1414 -0.9750 0.1714
vn -0.0180 -0.9997 -0.0145
vn 0.2235 -0.9747 0.0021
vn 0.1922 -0.9773 -0.0893
vn -0.0075 -1.0000 -0.0011
vn -0.0046 -0.9999 0.0157
vn 0.1445 -0.9742 -0.1733
vn -0.0055 -0.9998 0.0179
vn 0.0210 -0.9748 -0.2219
vn -0.0768 -0.9779 -0.1942
vn 0.0038 -0.9999 0.0097
vn 0.0162 -0.9998 0.0093
vn -0.1679 -0.9744 -0.1495
vn 0.0112 -0.9999 -0.0126
vn -0.0190 -0.9740 0.2256
vn 0.0727 -0.9769 0.2010
vn -0.0046 -1.0000 -0.0022
vn -0.0234 -0.9997 0.0005
vn 0.1582 -0.9744 0.1596
vn -0.4695 -0.8816 -0.0477
vn -0.3958 -0.9182 -0.0189
vn -0.4139 -0.8926 0.1788
vn -0.3957 -0.9023 0.1712
vn -0.2828 -0.8834 0.3736
vn -0.2558 -0.9183 0.3021
vn 0.4693 -0.8823 0.0355
vn 0.3983 -0.9172 0.0078
vn 0.4149 -0.8904 -0.1871
vn 0.3962 -0.9006 -0.1790
vn 0.2852 -0.8816 -0.3761
vn 0.2595 -0.9157 -0.3068
vn 0.0631 -0.8829 -0.4652
vn -0.1592 -0.9017 -0.4019
vn -0.3653 -0.8815 -0.2993
vn -0.0654 -0.8813 0.4679
vn -0.0344 -0.9146 0.4028
vn 0.1595 -0.8894 0.4283
vn 0.1518 -0.9001 0.4083
vn 0.3551 -0.8819 0.3100
vn 0.2866 -0.9162 0.2801
vn 0.4577 0.8879 0.0459
vn 0.4202 0.8995 0.1199
vn 0.2741 0.9311 0.2406
vn 0.0220 0.9795 -0.2001
vn 0.1913 0.9758 -0.1062
vn -0.0002 0.9928 -0.1199
vn -0.0201 0.9960 0.0872
vn -0.0081 0.9998 0.0178
vn -0.0309 0.9970 0.0704
vn 0.0490 0.9962 -0.0713
vn 0.0872 0.9926 -0.0843
vn 0.0281 0.9974 -0.0658
vn -0.0254 0.9943 0.1036
vn -0.0039 0.9997 0.0229
vn 0.1306 0.9914 0.0036
vn 0.1600 0.9847 -0.0692
vn 0.1076 0.9913 -0.0752
vn 0.0578 0.9944 -0.0881
vn 0.0353 0.9983 0.0463
vn 0.0176 0.9915 0.1288
vn 0.0569 0.9848 0.1640
vn 0.0637 0.9649 0.2547
vn -0.0044 0.9924 0.1231
vn 0.2322 0.9632 -0.1351
vn 0.0221 0.9991 -0.0370
vn 0.0104 0.9991 -0.0405
vn 0.0169 0.9963 -0.0840
vn 0.0125 0.9989 -0.0462
vn -0.3809 0.8995 -0.2141
vn -0.0592 0.9939 0.0934
vn -0.0055 0.9996 0.0274
vn 0.3172 0.9452 0.0770
vn -0.0011 0.9958 -0.0920
vn -0.0508 0.9958 0.0767
vn -0.0149 0.9997 0.0200
vn 0.0455 -0.9988 0.0184
vn 0.0550 -0.9983 0.0173
vn 0.0145 0.9993 -0.0345
vn -0.0706 0.9950 0.0708
vn -0.1210 0.9771 0.1753
vn 0.0406 0.9776 -0.2066
vn 0.0515 -0.9876 0.1482
vn -0.0007 -1.0000 0.0082
vn 0.0722 -0.9964 0.0447
vn 0.1371 -0.9884 -0.0660
vn 0.0783 -0.9967 0.0221
vn 0.0006 -1.0000 -0.0046
vn -0.0016 -1.0000 0.0035
vn -0.0004 -1.0000 -0.0000
vn -0.0023 -1.0000 0.0009
vn -0.2621 -0.9591 -0.1067
vn -0.0484 -0.9986 -0.0210
vn 0.0005 -1.0000 -0.0000
vn 0.0015 -1.0000 -0.0008
vn 0.0006 -1.0000 0.0048
vn 0.0493 -0.9983 0.0303
vn -0.0032 -1.0000 0.0018
vn 0.0431 -0.9988 0.0220
vn 0.2497 -0.9620 0.1110
vn -0.0006 -1.0000 -0.0002
vn 0.0012 -1.0000 0.0011
vn -0.0030 -1.0000 0.0054
vn -0.1310 -0.9897 0.0577
vn 0.0060 -1.0000 -0.0029
vn -0.0303 -0.9959 0.0850
vn 0.0009 -1.0000 0.0029
vn 0.0004 -1.0000 0.0011
vn -0.0027 -1.0000 -0.0010
vn 0.0010 -1.0000 -0.0006
vn 0.0025 -1.0000 -0.0013
vn 0.0030 -1.0000 0.0040
vn 0.0048 -1.0000 -0.0007
vn -0.0303 -0.9959 0.0852
vn 0.0331 -0.9971 -0.0678
vn 0.0251 0.9988 -0.0432
vn 0.2787 0.9485 0.1505
vn 0.0682 0.9973 -0.0273
vn -0.3559 0.9123 -0.2027
vn 0.8914 -0.2185 0.3971
vn 0.9077 -0.2162 0.3596
vn -0.9080 -0.2184 -0.3577
vn -0.8925 -0.2169 -0.3955
vn 0.8752 -0.3024 0.3775
vn -0.8687 -0.3244 -0.3743
vn 0.2588 -0.9604 0.1036
vn -0.7029 0.6700 -0.2388
vn -0.6896 0.6788 -0.2524
vn -0.6644 0.6786 -0.3132
vn 0.6867 0.6789 0.2599
vn 0.1412 0.9882 0.0588
vn -0.2776 0.6672 0.6912
vn -0.2811 0.6707 0.6864
vn 0.2819 0.6670 -0.6897
vn 0.2848 0.6699 -0.6856
vn 0.6996 0.6687 0.2517
vn 0.6686 0.6790 0.3032
vn -0.6636 0.6706 -0.3315
vn 0.2845 0.6700 -0.6857
vn 0.2895 0.6672 -0.6863
vn -0.1417 0.9882 -0.0585
vn 0.6715 0.6688 0.3190
vn -0.2861 0.6709 0.6842
vn -0.2923 0.6661 0.6862
vn 0.6878 0.7239 0.0543
vn 0.6709 0.6823 -0.2904
vn 0.4280 0.7242 -0.5406
vn -0.6888 0.7239 -0.0401
vn -0.6688 0.6807 0.2989
vn -0.4290 0.7226 0.5420
vn -0.0775 0.7236 0.6858
vn 0.2692 0.6822 0.6798
vn 0.5241 0.7234 0.4495
vn 0.0825 0.7233 -0.6856
vn -0.2579 0.6802 -0.6862
vn -0.5119 0.7244 -0.4618
vn 0.6750 0.6793 0.2881
vn -0.6825 0.6777 -0.2737
vn 0.6812 0.6787 0.2743
vn -0.2827 0.6732 0.6833
vn 0.2842 0.6711 -0.6847
vn -0.6746 0.6773 -0.2935
vn -0.5620 -0.1533 0.8128
vn -0.5391 -0.5510 0.6370
vn -0.5866 -0.2467 0.7714
vn -0.4970 0.3194 0.8068
vn -0.4435 0.3028 0.8436
vn -0.4827 -0.1510 0.8627
vn -0.5414 -0.4101 0.7339
vn -0.1134 0.5386 0.8349
vn -0.0623 0.6910 0.7202
vn -0.0915 0.4957 0.8637
vn -0.1573 0.0091 0.9875
vn -0.2398 0.0753 0.9679
vn -0.1837 0.5721 0.7994
vn -0.0837 0.7130 0.6962
vn -0.0690 -0.4585 0.8860
vn -0.2023 -0.2908 0.9352
vn -0.1059 -0.2527 0.9617
vn -0.2443 0.2232 0.9437
vn -0.1677 0.2737 0.9471
vn -0.0806 -0.2036 0.9757
vn -0.0401 -0.4238 0.9049
vn -0.3530 0.1652 0.9209
vn -0.4590 0.1611 0.8737
vn -0.3532 0.1639 0.9211
vn -0.4625 0.1302 0.8770
vn -0.3541 0.1340 0.9256
vn -0.2368 0.1254 0.9634
vn -0.2386 0.1594 0.9579
vn -0.3507 0.1674 0.9214
vn -0.2387 0.1291 0.9625
vn -0.2316 0.1763 0.9567
vn -0.2077 0.4031 0.8913
vn -0.3235 0.3854 0.8642
vn -0.4605 0.1659 0.8720
vn -0.3552 0.1247 0.9264
vn -0.4238 0.6492 0.6315
vn -0.4184 0.4739 0.7748
vn -0.4846 0.4669 0.7397
vn -0.4711 -0.0159 0.8820
vn -0.5321 -0.0695 0.8438
vn -0.4841 0.5453 0.6844
vn -0.4085 0.7214 0.5592
vn 0.1135 -0.8764 -0.4680
vn 0.4041 -0.3522 -0.8442
vn 0.1400 -0.8347 -0.5326
vn 0.2147 -0.7260 -0.6533
vn 0.3899 -0.3569 -0.8489
vn 0.2044 -0.7651 -0.6106
vn 0.2274 -0.7322 -0.6420
vn 0.1261 -0.8921 -0.4339
vn 0.3836 -0.3990 -0.8329
vn 0.2448 -0.2862 -0.9264
vn 0.2178 0.5949 -0.7737
vn 0.2308 0.5026 -0.8332
vn 0.2014 0.6863 -0.6988
vn 0.2567 0.5727 -0.7785
vn 0.2310 0.6698 -0.7057
vn 0.2230 -0.8835 -0.4121
vn 0.3004 -0.4298 -0.8515
vn 0.1925 -0.8889 -0.4157
vn 0.2581 -0.7270 -0.6363
vn 0.2561 -0.7571 -0.6010
vn 0.2471 -0.8406 -0.4820
vn 0.2744 -0.3990 -0.8749
vn 0.3435 -0.2789 -0.8968
vn 0.4086 -0.1468 -0.9008
vn 0.3543 -0.1490 -0.9232
vn 0.2987 -0.1426 -0.9436
vn 0.2932 -0.2915 -0.9105
vn 0.2480 -0.7134 -0.6555
vn 0.3881 -0.2975 -0.8723
vn 0.3558 0.0880 -0.9304
vn 0.2962 -0.1465 -0.9438
vn 0.3544 -0.1409 -0.9244
vn 0.4090 -0.1451 -0.9009
vn 0.4206 0.1034 -0.9013
vn 0.3251 0.5829 -0.7446
vn 0.3010 0.5356 -0.7890
vn 0.2907 0.1074 -0.9508
vn 0.4518 -0.0080 -0.8921
vn 0.3015 0.6582 -0.6898
vn 0.3088 0.7029 -0.6407
vn 0.3749 0.5076 -0.7757
vn 0.4595 -0.0728 -0.8852
vn 0.1084 -0.1446 -0.9835
vn 0.3144 -0.1466 -0.9379
vn 0.1134 -0.1413 -0.9835
vn 0.4145 -0.1462 -0.8982
vn 0.4141 -0.1490 -0.8980
vn 0.1035 -0.1483 -0.9835
vn 0.3112 -0.1493 -0.9385
vn 0.4400 -0.1442 -0.8864
vn 0.3619 -0.3580 -0.8607
vn 0.5705 -0.1383 -0.8096
vn 0.4167 -0.1471 -0.8970
vn 0.5765 -0.1422 -0.8046
vn 0.2848 -0.1446 -0.9476
vn 0.2830 -0.1299 -0.9503
vn 0.5642 -0.1338 -0.8147
vn 0.4038 -0.1441 -0.9034
vn 0.4094 -0.1504 -0.8999
vn 0.5733 -0.1511 -0.8053
vn 0.5755 -0.1469 -0.8045
vn 0.2876 -0.1494 -0.9460
vn 0.2863 -0.1468 -0.9468
vn 0.2672 0.6622 -0.7000
vn 0.2974 0.0693 -0.9522
vn 0.3570 0.0580 -0.9323
vn 0.3218 -0.4392 -0.8388
vn 0.1537 -0.8979 -0.4125
vn 0.4402 -0.1431 -0.8864
vn 0.4090 -0.1424 -0.9014
vn 0.4397 -0.1459 -0.8862
vn 0.4159 -0.1438 -0.8980
vn 0.4411 -0.1349 -0.8873
vn 0.2657 -0.1403 -0.9538
vn 0.2991 -0.3454 -0.8895
vn 0.2786 -0.3245 -0.9039
vn -0.0402 0.9616 0.2715
vn 0.0513 0.9834 0.1738
vn 0.0187 0.9810 0.1930
vn 0.2179 0.9723 -0.0848
vn 0.1929 0.9769 -0.0917
vn -0.0300 0.9769 0.2116
vn 0.3260 -0.1436 -0.9344
vn 0.1260 -0.1343 -0.9829
vn 0.1208 -0.1386 -0.9830
vn 0.4159 -0.1389 -0.8988
vn 0.8735 0.0250 0.4862
vn 0.9965 -0.0623 -0.0550
vn 0.8791 0.0183 0.4764
vn 0.3378 0.1156 0.9341
vn 0.3328 0.1244 0.9347
vn 0.8685 0.0372 0.4944
vn 0.9975 -0.0554 -0.0432
vn -0.7122 -0.0501 -0.7002
vn -0.9819 0.0475 -0.1832
vn -0.9804 0.0332 -0.1944
vn -0.8501 0.1300 0.5104
vn -0.8493 0.1217 0.5138
vn -0.9787 0.0225 -0.2041
vn -0.6974 -0.0639 -0.7139
vn -0.9797 0.0138 -0.2000
vn -0.8489 0.1166 0.5155
vn -0.8528 0.1104 0.5104
vn -0.9814 0.0016 -0.1920
vn -0.7071 -0.0728 -0.7034
vn 0.9966 -0.0657 -0.0504
vn 0.8783 0.0024 0.4780
vn 0.8799 0.0133 0.4750
vn 0.3512 0.1058 0.9303
vn 0.3447 0.1108 0.9321
vn -0.2189 -0.7969 0.5630
vn -0.1432 -0.8759 0.4608
vn -0.1802 -0.8688 0.4611
vn -0.0403 -0.9956 0.0842
vn -0.0317 -0.9959 0.0846
vn -0.1984 -0.8818 0.4279
vn -0.2510 -0.8166 0.5198
vn -0.0765 0.9754 0.2066
vn -0.0860 0.9490 0.3032
vn 0.0622 0.9865 -0.1512
vn -0.0212 0.9814 -0.1909
vn -0.1186 0.9765 0.1797
vn -0.1162 0.9437 0.3097
vn -0.2422 -0.8561 0.4565
vn -0.1867 -0.9057 0.3805
vn -0.0239 -0.9956 0.0904
vn -0.0201 -0.9945 0.1024
vn -0.0150 -0.9935 0.1126
vn -0.1640 -0.9210 0.3534
vn -0.2148 -0.8829 0.4175
vn -0.1464 0.9791 0.1408
vn -0.1400 0.9481 0.2856
vn -0.0825 0.9757 -0.2031
vn -0.1091 0.9740 -0.1987
vn -0.1619 0.9803 0.1128
vn -0.1677 0.9648 0.2027
vn -0.1559 0.9584 0.2392
vn 0.3828 0.7884 -0.4816
vn 0.2832 0.9372 -0.2038
vn 0.2584 0.9396 -0.2244
vn 0.0453 0.9807 0.1902
vn 0.0031 0.9840 0.1783
vn 0.2023 0.9438 -0.2614
vn 0.3231 0.7829 -0.5317
vn 0.0747 -0.9225 -0.3786
vn -0.0582 -0.9922 0.1099
vn -0.0496 -0.9932 0.1058
vn -0.1941 -0.7079 0.6791
vn -0.2278 -0.6733 0.7034
vn -0.0444 -0.9932 0.1080
vn 0.1175 -0.9016 -0.4164
vn 0.2621 -0.1435 -0.9543
vn 0.2627 -0.1485 -0.9534
vn 0.2632 -0.1451 -0.9538
vn 0.2973 -0.1426 -0.9441
vn 0.0717 0.1055 0.9918
vn 0.3644 0.0730 0.9284
vn 0.1325 0.0890 0.9872
vn -0.4072 0.1160 0.9059
vn -0.4286 0.1469 0.8915
vn 0.0301 0.1360 0.9903
vn 0.3081 0.0911 0.9470
vn -0.5599 0.1643 0.8121
vn -0.5452 0.1681 0.8213
vn -0.5635 0.1721 0.8080
vn -0.6502 0.1550 0.7438
vn -0.6971 0.1319 0.7047
vn -0.5634 0.1439 0.8136
vn -0.5354 0.1613 0.8290
vn -0.7584 0.1370 0.6373
vn -0.8517 0.1247 0.5090
vn -0.7882 0.1407 0.5991
vn -0.3862 0.1751 0.9057
vn -0.3790 0.1511 0.9130
vn -0.7397 0.1243 0.6614
vn -0.8351 0.1203 0.5367
vn -0.2529 0.7033 0.6644
vn -0.2978 0.5481 0.7816
vn -0.3623 0.0652 0.9298
vn -0.3671 0.6461 0.6692
vn -0.3505 -0.2462 0.9036
vn -0.4682 -0.3511 0.8109
vn -0.3561 0.2397 0.9032
vn -0.3259 -0.4303 0.8418
vn -0.1317 0.1136 0.9848
vn -0.1630 0.1395 0.9767
vn -0.1581 0.1441 0.9768
vn -0.2407 0.1589 0.9575
vn -0.1520 0.0974 0.9836
vn -0.1171 0.0146 0.9930
vn -0.8699 0.0922 0.4845
vn -0.7443 0.1081 0.6591
vn -0.3563 0.1275 0.9256
vn -0.7585 0.0976 0.6443
vn -0.9056 0.0766 0.4172
vn -0.6170 0.0469 0.7856
vn -0.5448 0.1255 0.8292
vn -0.5914 0.1162 0.7980
vn -0.8146 -0.0304 0.5792
vn -0.7821 -0.2038 0.5889
vn -0.6702 -0.2498 0.6989
vn -0.5526 0.1091 0.8263
vn -0.1552 0.1492 0.9766
vn -0.1219 0.1998 0.9722
vn -0.1472 0.1874 0.9712
vn -0.1307 0.3874 0.9126
vn -0.4021 0.1784 0.8980
vn -0.8306 0.1202 0.5437
vn -0.8258 0.1453 0.5450
vn -0.9958 0.0422 -0.0811
vn -0.9955 0.0476 -0.0824
vn -0.8194 0.1459 0.5543
vn -0.3634 0.1873 0.9126
vn -0.8303 0.0959 0.5490
vn -0.3716 0.1075 0.9222
vn -0.8262 0.0967 0.5549
vn -0.9959 0.0363 -0.0833
vn -0.2043 0.7477 0.6319
vn -0.1817 0.7726 0.6084
vn -0.0982 0.9900 0.1015
vn -0.1364 0.9871 0.0839
vn -0.1830 0.7918 0.5828
vn -0.1530 0.3222 0.9342
vn 0.2189 0.1667 0.9614
vn -0.3885 0.1826 0.9032
vn 0.1941 0.1698 0.9662
vn 0.8273 0.0757 0.5566
vn 0.8281 0.0571 0.5577
vn 0.2407 0.1384 0.9607
vn -0.2139 -0.5387 0.8149
vn -0.3087 -0.5284 0.7909
vn -0.1161 -0.9182 0.3787
vn -0.1464 -0.9163 0.3728
vn -0.3805 -0.5617 0.7347
vn -0.2417 0.7408 0.6267
vn -0.2719 0.7490 0.6043
vn -0.0441 0.9911 0.1256
vn 0.7472 0.0541 0.6624
vn 0.9980 -0.0271 0.0564
vn 0.9584 -0.0079 0.2854
vn 0.9976 -0.0294 0.0632
vn 0.9533 -0.0123 0.3016
vn 0.8233 0.0227 0.5672
vn 0.8309 0.0322 0.5554
vn 0.6285 0.0745 0.7742
vn -0.4082 -0.6045 0.6841
vn -0.1665 -0.9204 0.3538
vn -0.1708 -0.9266 0.3351
vn -0.4030 -0.6280 0.6657
vn -0.5496 -0.0598 0.8333
vn -0.2930 0.7483 0.5952
vn -0.5206 0.2878 0.8039
vn -0.2971 0.7426 0.6002
vn -0.0182 0.9725 0.2321
vn -0.0071 0.9865 0.1634
vn -0.1486 -0.5871 0.7958
vn -0.1362 -0.0552 0.9891
vn -0.1370 -0.6250 0.7685
vn -0.0945 -0.9248 0.3685
vn -0.8029 -0.0532 -0.5937
vn -0.8039 -0.0395 -0.5935
vn -0.7909 -0.0563 -0.6093
vn -0.7876 -0.0710 -0.6121
vn -0.8017 -0.0677 -0.5939
vn -0.7984 -0.0133 -0.6020
vn -0.8013 -0.0266 -0.5977
vn -0.7842 -0.0164 -0.6202
vn -0.7890 -0.0290 -0.6137
vn -0.0657 0.9334 -0.3527
vn 0.0091 0.9443 -0.3289
vn -0.0621 0.9326 -0.3555
vn -0.0927 0.9285 -0.3595
vn -0.0939 0.9295 -0.3568
vn 0.9989 -0.0321 0.0331
vn 0.9996 -0.0286 0.0081
vn 0.9992 -0.0392 -0.0121
vn 0.9994 -0.0328 -0.0117
vn -0.0166 -0.9993 -0.0339
vn 0.0089 -0.9996 -0.0278
vn -0.0144 -0.9993 -0.0332
vn 0.0098 -0.9995 -0.0299
vn 0.0361 -0.9990 -0.0249
vn 0.0365 -0.9991 -0.0206
vn 0.1164 0.9504 -0.2885
vn 0.2021 0.9535 -0.2235
vn 0.2027 0.9512 -0.2325
vn 0.1186 0.9472 -0.2979
vn 0.0137 0.9423 -0.3344
vn -0.9207 0.0010 -0.3902
vn -0.2977 -0.1082 -0.9485
vn -0.2792 -0.1162 -0.9532
vn 0.3933 -0.1537 -0.9065
vn -0.2664 -0.1209 -0.9563
vn -0.9181 -0.0086 -0.3962
vn 0.0555 -0.9984 -0.0148
vn 0.0556 -0.9983 -0.0186
vn 0.0683 -0.9976 -0.0125
vn 0.0672 -0.9977 -0.0092
vn 0.2027 0.9742 -0.0990
vn -0.0370 0.9575 0.2860
vn 0.1668 0.9860 0.0041
vn 0.2060 0.9726 -0.1078
vn -0.0452 -0.9984 -0.0353
vn -0.0330 -0.9988 -0.0358
vn -0.0443 -0.9984 -0.0347
vn -0.0312 -0.9989 -0.0348
vn 0.8557 -0.1164 -0.5042
vn 0.9537 -0.0110 0.3007
vn 0.8533 -0.1174 -0.5079
vn 0.3139 -0.1528 -0.9371
vn 0.8592 -0.1109 -0.4995
vn 0.9515 -0.0057 0.3077
vn 0.9535 -0.0151 0.3010
vn 0.8619 -0.1226 -0.4921
vn 0.8574 -0.1170 -0.5012
vn 0.3411 -0.1402 -0.9295
vn -0.9201 -0.0162 -0.3913
vn -0.2797 -0.1227 -0.9522
vn 0.3827 -0.1409 -0.9131
vn -0.2990 -0.1284 -0.9456
vn 0.3686 0.8139 -0.4491
vn 0.5011 0.3953 -0.7698
vn 0.4808 0.3604 -0.7993
vn 0.4257 0.3470 -0.8357
vn 0.3131 0.8108 -0.4945
vn -0.0551 -0.9880 0.1443
vn 0.1917 -0.7550 -0.6270
vn 0.2331 -0.7605 -0.6060
vn 0.4112 0.0312 -0.9110
vn 0.2719 -0.7777 -0.5667
vn 0.2166 0.8072 -0.5491
vn 0.3395 0.3399 -0.8770
vn 0.3481 -0.4267 -0.8347
vn 0.2498 0.3319 -0.9096
vn 0.2789 -0.8119 -0.5128
vn -0.0539 -0.9873 0.1497
vn 0.2654 -0.8506 -0.4538
vn -0.0580 -0.9825 0.1772
vn -0.0588 -0.9855 0.1594
vn 0.1840 0.3524 -0.9176
vn 0.1115 0.7980 -0.5922
vn 0.2669 -0.3507 -0.8977
vn 0.1493 0.3939 -0.9069
vn 0.0342 0.8045 -0.5930
vn -0.0600 -0.9874 0.1461
vn 0.1130 -0.8311 -0.5445
vn 0.1429 -0.7931 -0.5921
vn 0.2472 -0.0490 -0.9677
vn -0.0570 -0.9884 0.1407
vn -0.8824 0.1254 0.4534
vn -0.8817 0.1162 0.4573
vn -0.9233 0.0153 -0.3837
vn -0.8819 0.1105 0.4582
vn 0.3967 0.1093 0.9114
vn 0.4030 0.1044 0.9092
vn 0.9498 0.0068 0.3129
vn 0.3923 0.1191 0.9121
vn 0.4083 0.0993 0.9074
vn 0.3526 0.0960 0.9308
vn 0.4098 0.0890 0.9078
vn -0.8847 0.1037 0.4544
vn -0.8870 0.0930 0.4523
vn -0.8561 0.1001 0.5070
vn 0.0990 0.9907 0.0938
vn 0.0683 0.9790 0.1922
vn 0.1187 0.9871 0.1077
vn 0.0574 0.9962 0.0653
vn -0.2690 -0.6613 0.7003
vn -0.2259 -0.6719 0.7054
vn -0.3011 -0.6750 0.6735
vn -0.2988 -0.6757 0.6739
vn -0.2686 -0.6618 0.6999
vn -0.0056 0.9997 0.0252
vn -0.0771 0.9970 -0.0058
vn -0.1103 0.9869 0.1176
vn -0.0516 0.9874 0.1495
vn -0.3078 -0.7070 0.6367
vn -0.3102 -0.7026 0.6404
vn -0.2993 -0.7249 0.6204
vn -0.2961 -0.7314 0.6143
vn -0.1555 0.9827 0.1007
vn -0.1306 0.9914 -0.0082
vn -0.1553 0.9879 0.0008
vn -0.1758 0.9795 0.0987
vn -0.1935 -0.7032 0.6841
vn -0.1870 -0.7337 0.6532
vn -0.1875 -0.7275 0.6600
vn -0.0319 0.9320 -0.3611
vn 0.1305 0.7611 -0.6354
vn 0.0393 0.9355 -0.3512
vn -0.0674 0.9356 -0.3466
vn 0.0492 0.7689 -0.6374
vn -0.9954 0.0458 -0.0836
vn -0.9979 0.0562 -0.0320
vn -0.9923 0.0559 -0.1104
vn -0.9317 0.0130 -0.3630
vn -0.9328 0.0003 -0.3603
vn -0.9970 0.0457 -0.0624
vn -0.9988 0.0498 0.0032
vn -0.0432 -0.9900 0.1342
vn 0.1814 -0.9163 -0.3570
vn -0.0429 -0.9911 0.1261
vn -0.0390 -0.9889 0.1436
vn 0.1798 -0.9386 -0.2944
vn 0.8504 0.0462 0.5242
vn 0.8477 0.0542 0.5277
vn 0.8832 0.0242 0.4685
vn 0.9580 -0.0108 0.2866
vn 0.9490 -0.0015 0.3151
vn 0.8192 0.0461 0.5717
vn 0.8021 0.0734 0.5927
vn 0.1572 -0.9016 -0.4029
vn -0.0428 -0.9922 0.1167
vn 0.1239 0.9435 -0.3075
vn 0.2306 0.7767 -0.5862
vn 0.2433 0.1114 0.9635
vn 0.2324 0.1098 0.9664
vn -0.3383 0.1199 0.9334
vn -0.1109 -0.8976 0.4266
vn -0.1146 -0.8729 0.4743
vn -0.1093 -0.9134 0.3922
vn -0.0593 -0.9934 0.0983
vn -0.0482 -0.9945 0.0932
vn -0.1639 -0.8117 0.5606
vn -0.1190 -0.8476 0.5171
vn 0.7757 0.0357 0.6301
vn 0.8321 0.0305 0.5538
vn 0.9504 -0.0004 0.3111
vn 0.8569 0.0303 0.5146
vn 0.8075 0.0273 0.5893
vn -0.9981 0.0605 0.0098
vn -0.9962 0.0408 -0.0775
vn -0.9320 -0.0132 -0.3621
vn -0.9950 0.0235 -0.0973
vn -0.9988 0.0455 -0.0166
vn -0.6337 -0.5449 0.5491
vn -0.5580 -0.4501 0.6971
vn -0.8308 -0.3227 0.4534
vn -0.6631 -0.4609 0.5898
vn -0.9266 -0.0692 0.3697
vn -0.8100 -0.2501 0.5304
vn -0.9219 0.0753 0.3801
vn -0.8859 -0.0528 0.4609
vn 0.3503 -0.5359 -0.7682
vn 0.4780 -0.3797 -0.7921
vn 0.3088 -0.2002 -0.9298
vn 0.3061 -0.1886 -0.9331
vn 0.5706 -0.2300 -0.7883
vn 0.2911 -0.1500 -0.9449
vn 0.0209 0.5915 0.8061
vn -0.0735 0.6274 0.7752
vn -0.0259 0.3867 0.9218
vn 0.0715 0.3465 0.9353
vn 0.1857 0.4328 0.8822
vn 0.0377 0.5869 0.8087
vn 0.3033 0.2616 0.9163
vn 0.3134 0.2456 0.9173
vn 0.0994 0.2406 0.9655
vn 0.3190 0.1483 0.9361
vn 0.3670 0.1450 0.9188
vn 0.3604 0.2474 -0.8994
vn 0.3235 0.6675 -0.6707
vn 0.2456 0.0829 -0.9658
vn 0.4095 -0.2229 -0.8847
vn 0.4407 -0.1171 -0.8900
vn 0.1363 -0.0606 -0.9888
vn 0.0911 -0.2290 -0.9692
vn 0.4117 -0.1489 -0.8991
vn 0.1622 -0.3846 -0.9087
vn 0.3938 -0.1915 -0.8990
vn 0.3928 -0.2047 -0.8965
vn 0.2454 -0.5409 -0.8045
vn 0.3102 -0.0145 0.9506
vn 0.3184 0.0793 0.9446
vn 0.0970 0.0245 0.9950
vn 0.1854 -0.1827 0.9655
vn 0.3000 -0.0288 0.9535
vn 0.0471 -0.3199 0.9463
vn 0.0294 -0.3218 0.9463
vn -0.0286 -0.0986 0.9947
vn -0.0688 -0.2843 0.9563
vn 0.5562 -0.0597 -0.8289
vn 0.2810 0.0886 -0.9556
vn 0.4548 0.0753 -0.8874
vn 0.2793 -0.1139 -0.9534
vn 0.2885 -0.2013 -0.9361
vn 0.3256 0.2355 -0.9157
vn -0.7339 0.2197 0.6427
vn -0.7504 0.1467 0.6445
vn -0.6242 0.2054 0.7538
vn -0.6681 0.3535 0.6548
vn -0.7180 0.4244 0.5516
vn -0.8233 0.2387 0.5150
vn -0.5465 0.6241 0.5584
vn -0.5350 0.5434 0.6469
vn -0.6114 0.2670 0.7449
vn -0.5618 0.3081 0.7678
vn -0.4722 0.5709 0.6717
vn 0.7993 0.1442 0.5834
vn 0.8332 0.2212 0.5068
vn 0.9559 0.0087 0.2936
vn 0.9323 0.2610 0.2503
vn 0.7034 0.5372 0.4654
vn 0.7172 0.3936 0.5750
vn 0.3616 0.8228 0.4384
vn 0.3617 0.8772 0.3157
vn 0.7835 0.6033 0.1485
vn 0.4768 0.8789 0.0094
vn -0.0046 0.9695 0.2449
vn -0.9715 -0.2116 0.1067
vn -0.9683 -0.2492 0.0137
vn -0.9307 -0.0305 -0.3645
vn -0.8961 -0.3235 -0.3039
vn -0.7582 -0.6236 0.1903
vn -0.7549 -0.5830 0.3004
vn -0.3802 -0.8198 0.4282
vn -0.3869 -0.8619 0.3277
vn -0.6928 -0.6992 -0.1766
vn -0.3400 -0.9403 -0.0137
vn -0.3984 0.9021 0.1655
vn -0.4003 0.9142 0.0630
vn -0.3515 0.8949 -0.2749
vn -0.6691 0.6526 -0.3555
vn -0.7300 0.6834 -0.0074
vn -0.9430 0.3236 -0.0776
vn -0.7304 0.6759 0.0984
vn -0.8747 0.3020 -0.3792
vn -0.9298 0.0283 -0.3669
vn -0.9491 0.3146 0.0127
vn 0.1084 -0.8828 0.4571
vn 0.2767 -0.9428 0.1858
vn 0.6643 -0.6993 0.2639
vn 0.5142 -0.6497 0.5599
vn 0.0399 -0.8469 0.5303
vn 0.8010 -0.2633 0.5376
vn 0.4531 -0.6155 0.6449
vn 0.9043 -0.3214 0.2811
vn 0.9662 -0.0290 0.2562
vn 0.7634 -0.2226 0.6063
vn -0.1672 0.6611 0.7314
vn -0.4769 0.3084 0.8231
vn -0.3972 0.2029 0.8950
vn 0.0239 0.4265 0.9042
vn 0.1440 0.8465 0.5126
vn 0.5166 0.2598 0.8159
vn 0.1717 0.2411 0.9552
vn -0.3191 0.1474 0.9362
vn -0.3350 -0.5435 0.7697
vn -0.0972 -0.9300 0.3546
vn -0.1831 -0.1017 0.9778
vn -0.2864 0.0306 0.9576
vn -0.6001 -0.3072 0.7386
vn -0.4160 -0.8654 0.2794
vn -0.9686 -0.2483 0.0136
vn -0.7773 -0.0343 0.6282
vn -0.3741 0.1376 0.9171
vn -0.9960 0.0367 -0.0809
vn -0.7712 0.2745 0.5743
vn -0.9951 0.0464 -0.0870
vn -0.3768 0.1560 0.9131
vn -0.2870 0.2536 0.9238
vn -0.5901 0.5309 0.6082
vn -0.9449 0.3196 -0.0716
vn -0.4252 0.9049 0.0191
vn -0.3537 0.7268 0.5888
vn -0.1982 0.3562 0.9131
vn -0.1537 0.9853 0.0743
vn 0.1222 -0.0056 0.9925
vn 0.7987 0.0769 0.5968
vn -0.3590 0.1429 0.9223
vn -0.4379 0.0417 0.8981
vn -0.0691 -0.2830 0.9566
vn 0.7167 -0.2172 0.6627
vn 0.1323 -0.8607 0.4917
vn -0.2723 -0.5320 0.8018
vn -0.5207 -0.0955 0.8484
vn -0.1597 -0.9304 0.3300
vn 0.3864 0.8618 0.3287
vn 0.1711 0.9853 -0.0040
vn 0.3734 0.5187 0.7691
vn 0.6173 0.4720 0.6294
vn 0.4214 0.8232 0.3806
vn 0.7168 0.2010 0.6677
vn 0.6485 0.3665 0.6672
vn 0.7172 0.1452 0.6816
vn -0.2743 -0.9419 -0.1940
vn -0.2956 -0.9348 -0.1971
vn -0.6092 -0.6783 -0.4109
vn -0.5942 -0.6735 -0.4398
vn -0.7532 -0.3055 -0.5825
vn -0.7777 -0.3183 -0.5421
vn -0.7678 -0.6210 0.1577
vn -0.7357 0.1984 -0.6476
vn -0.7580 0.2223 -0.6132
vn -0.7401 0.6717 -0.0315
vn -0.5872 0.5613 -0.5832
vn -0.3089 0.8284 -0.4672
vn -0.5741 0.5478 -0.6085
vn -0.2925 0.8309 -0.4734
vn 0.9621 -0.2725 -0.0100
vn 0.9556 -0.2866 0.0687
vn 0.4751 -0.6071 0.6370
vn 0.7485 -0.6604 0.0606
vn 0.3692 -0.9291 0.0230
vn 0.7616 -0.6481 0.0018
vn 0.3588 -0.9334 -0.0000
vn -0.6490 0.1666 -0.7423
vn -0.7917 -0.0142 -0.6108
vn -0.7195 0.2110 -0.6617
vn -0.5143 0.5258 -0.6775
vn -0.4429 0.4627 -0.7679
vn -0.2308 0.7677 -0.5979
vn -0.0260 0.8553 -0.5176
vn -0.1752 0.6983 -0.6941
vn 0.9476 -0.3056 -0.0936
vn 0.9972 -0.0671 0.0319
vn 0.9486 -0.3165 -0.0014
vn 0.7442 -0.6650 -0.0619
vn 0.7520 -0.6376 -0.1671
vn 0.3927 -0.9122 -0.1171
vn 0.1326 -0.9787 -0.1570
vn 0.4185 -0.8814 -0.2189
vn 0.6015 0.6940 -0.3955
vn 0.3655 0.8576 -0.3618
vn 0.5774 0.7608 -0.2961
vn 0.8437 0.5076 -0.1749
vn 0.8495 0.4494 -0.2766
vn 0.9805 0.1933 -0.0340
vn 0.9983 -0.0275 0.0517
vn 0.9798 0.1539 -0.1273
vn -0.1539 -0.8708 -0.4670
vn 0.0154 -0.9729 -0.2305
vn -0.2110 -0.9091 -0.3592
vn -0.5185 -0.6698 -0.5315
vn -0.4406 -0.6357 -0.6339
vn -0.7231 -0.3250 -0.6095
vn -0.7848 -0.0749 -0.6152
vn -0.6456 -0.3109 -0.6975
vn 0.0432 0.3384 -0.9400
vn 0.0017 0.8202 -0.5721
vn 0.3187 -0.2118 -0.9239
vn -0.1088 0.1717 -0.9791
vn -0.3054 0.7731 -0.5559
vn -0.8557 0.2546 -0.4505
vn -0.2584 -0.0004 -0.9660
vn 0.4424 -0.7692 -0.4611
vn 0.4328 -0.1285 -0.8923
vn 0.7043 -0.5099 -0.4940
vn 0.2900 -0.9209 0.2603
vn 0.8342 -0.2714 -0.4801
vn 0.6403 -0.6839 0.3497
vn 0.9514 -0.0283 0.3066
vn 0.8725 -0.3206 0.3686
vn 0.8404 -0.0051 -0.5419
vn 0.3791 -0.2165 -0.8997
vn 0.7410 0.1656 -0.6507
vn 0.9444 0.2434 0.2212
vn 0.6074 0.7653 -0.2130
vn 0.6030 0.3348 -0.7240
vn 0.3859 0.8220 -0.4188
vn -0.2890 -0.2709 -0.9182
vn -0.9241 -0.0302 -0.3810
vn -0.1817 -0.5008 -0.8463
vn -0.7136 -0.6821 -0.1596
vn -0.9018 -0.3202 -0.2903
vn -0.3911 -0.9204 -0.0047
vn -0.0102 -0.7536 -0.6572
vn 0.2827 -0.1179 -0.9519
vn -0.0688 -0.9859 0.1528
vn -0.4020 0.8860 0.2312
vn -0.4087 0.9030 0.1327
vn -0.7079 0.6461 0.2855
vn -0.6847 0.6012 0.4120
vn -0.8094 0.3068 0.5008
vn -0.8585 0.3402 0.3837
vn -0.6233 0.5733 -0.5319
vn -0.1674 -0.6081 0.7760
vn -0.1392 -0.6225 0.7702
vn 0.1037 -0.3860 0.9166
vn 0.0521 -0.3533 0.9341
vn 0.3251 -0.0995 0.9404
vn 0.2355 -0.0777 0.9688
vn 0.3039 0.3079 0.9016
vn 0.4150 0.3373 0.8450
vn 0.8285 0.5599 0.0104
vn 0.3619 0.6450 0.6730
vn 0.2319 0.9009 0.3668
vn 0.2622 0.6065 0.7506
vn 0.1592 0.8874 0.4327
vn -0.7974 -0.0650 0.5999
vn -0.8484 -0.0896 0.5217
vn -0.6774 -0.3707 0.6354
vn -0.6508 -0.3341 0.6818
vn -0.4041 -0.6173 0.6750
vn -0.3910 -0.6003 0.6977
vn 0.3101 0.1383 0.9406
vn 0.0750 0.1614 0.9840
vn 0.1366 0.1699 0.9760
vn -0.5274 0.1461 0.8370
vn -0.4570 0.1605 0.8749
vn -0.5235 0.1443 0.8397
vn -0.5749 -0.0591 0.8161
vn -0.5373 0.0885 0.8387
vn -0.5172 0.1481 0.8430
vn -0.4603 0.1331 0.8777
vn -0.5253 0.1513 0.8374
vn -0.5287 0.1445 0.8364
vn -0.5112 0.1433 0.8474
vn -0.4533 0.1352 0.8811
vn -0.3551 0.1293 0.9258
vn -0.2499 0.1404 0.9580
vn -0.2459 0.1315 0.9603
vn -0.3539 0.1429 0.9243
vn -0.5269 0.1771 0.8313
vn -0.4364 0.3472 0.8301
vn -0.5109 0.3153 0.7997
vn -0.5470 0.1912 0.8150
vn -0.5665 0.1987 0.7997
vn -0.5352 0.3063 0.7872
vn -0.1694 0.1451 0.9748
vn -0.1570 0.1410 0.9775
vn -0.1447 0.1618 0.9762
vn -0.1782 0.1392 0.9741
vn -0.1139 0.1675 0.9793
vn 0.0463 0.1351 0.9897
vn 0.0539 0.1600 0.9857
vn -0.0992 0.1777 0.9791
vn -0.1292 0.1721 0.9766
vn -0.1252 0.1423 0.9819
vn -0.1052 0.1083 0.9885
vn -0.0876 0.0714 0.9936
vn -0.1390 0.1178 0.9833
vn 0.0698 -0.0724 0.9949
vn -0.0818 0.2140 0.9734
vn -0.1514 0.1223 0.9809
vn -0.1729 0.1363 0.9755
vn -0.2460 0.1520 0.9573
vn -0.4526 0.1540 0.8783
vn -0.3530 0.1580 0.9222
vn -0.5157 0.1413 0.8450
vn -0.4497 0.1436 0.8816
vn -0.5347 0.1293 0.8351
vn -0.5784 0.1237 0.8063
vn -0.7485 0.1109 0.6538
vn -0.7813 0.0996 0.6162
vn 0.0555 0.1091 0.9925
vn -0.1175 0.1171 0.9861
vn 0.0707 0.0978 0.9927
vn 0.4083 -0.1487 -0.9006
vn 0.3551 -0.1449 -0.9235
vn 0.3547 -0.1476 -0.9233
vn 0.2991 -0.1458 -0.9430
vn 0.4394 -0.1486 -0.8859
vn 0.4088 -0.1458 -0.9009
vn 0.2649 -0.1467 -0.9531
vn 0.2983 -0.1443 -0.9435
vn 0.3550 -0.1419 -0.9240
vn 0.4424 -0.0106 -0.8967
vn 0.4210 0.0797 -0.9035
vn 0.2444 0.4731 -0.8464
vn 0.2674 0.1355 -0.9540
vn 0.0531 0.9902 0.1291
vn 0.0564 0.9854 0.1608
vn 0.0302 0.9953 0.0921
vn -0.1060 -0.9355 0.3370
vn -0.1302 -0.9315 0.3396
vn -0.1405 -0.9393 0.3130
vn -0.0214 0.9976 0.0658
vn -0.0791 0.9961 0.0378
vn -0.1281 -0.9530 0.2745
vn -0.1088 -0.9614 0.2528
vn -0.1219 0.9925 0.0011
vn -0.1414 0.9897 -0.0203
vn -0.9575 0.0248 -0.2875
vn -0.9645 0.0171 -0.2635
vn -0.9979 0.0581 0.0302
vn -0.9695 0.0181 -0.2444
vn -0.7932 -0.0419 -0.6076
vn 0.9492 0.0212 0.3140
vn 0.9326 0.0336 0.3595
vn 0.7594 0.0630 0.6475
vn 0.8995 0.0278 0.4360
vn -0.0871 -0.9549 0.2838
vn -0.0863 -0.9472 0.3087
vn 0.8434 0.0199 0.5369
vn 0.7773 0.0282 0.6285
vn -0.9659 0.0143 -0.2585
vn -0.9610 0.0001 -0.2765
vn 0.7267 0.1259 0.6753
vn 0.6657 0.3259 0.6712
vn 0.4097 0.7686 0.4913
vn -0.9458 -0.2560 -0.2000
vn -0.7405 -0.6721 0.0024
vn -0.3328 -0.9202 0.2060
vn -0.3588 0.9299 -0.0811
vn -0.7131 0.6718 -0.2003
vn -0.9202 0.2718 -0.2817
vn 0.1501 -0.9306 0.3338
vn 0.6203 -0.6731 0.4026
vn 0.9047 -0.2393 0.3524
vn -0.5498 -0.2504 0.7969
vn -0.4655 -0.1759 0.8674
vn -0.0961 0.6485 0.7551
vn -0.1052 0.3746 0.9212
vn -0.1476 0.7272 0.6704
vn -0.1619 0.6683 0.7260
vn -0.1106 -0.2393 0.9646
vn -0.2053 -0.2306 0.9512
vn -0.3834 0.5902 0.7104
vn -0.4573 0.5547 0.6951
vn 0.2816 0.0943 0.9549
vn 0.2668 0.1186 0.9564
vn 0.2569 0.1196 0.9590
vn -0.7735 0.1344 0.6194
vn -0.6283 0.1655 0.7602
vn -0.8365 0.1088 0.5371
vn -0.8211 0.1128 0.5595
vn -0.2688 0.6469 0.7136
vn -0.3386 -0.2044 0.9185
vn -0.1698 -0.4806 0.8603
vn -0.8803 0.0918 0.4655
vn -0.6494 -0.1652 0.7423
vn -0.7016 -0.0728 0.7088
vn -0.7328 0.0292 0.6799
vn -0.0352 0.3896 0.9203
vn 0.1822 0.4283 0.8851
vn 0.0337 0.3150 0.9485
vn 0.0847 0.2359 0.9681
vn 0.0815 0.0316 0.9962
vn 0.1798 -0.1775 0.9676
vn 0.0311 -0.0411 0.9987
vn -0.0338 -0.1071 0.9937
vn -0.7391 0.2308 0.6328
vn -0.6763 0.3430 0.6519
vn -0.5836 0.4530 0.6740
vn 0.2811 0.1404 0.9494
vn 0.0704 0.1696 0.9830
vn 0.9982 -0.0400 0.0449
vn 0.9982 -0.0481 0.0352
vn 0.9986 -0.0432 -0.0305
vn -0.7805 -0.0316 -0.6243
vn -0.7297 -0.0337 -0.6829
vn -0.7709 -0.0482 -0.6351
vn -0.7769 -0.0611 -0.6266
vn -0.7201 -0.0842 -0.6887
vn 0.9979 -0.0553 0.0329
vn 0.9961 -0.0765 -0.0433
vn 0.3453 0.8538 -0.3895
vn 0.4026 0.7968 -0.4505
vn 0.2864 0.8527 -0.4369
vn 0.1398 0.9837 -0.1128
vn 0.0402 -0.9623 -0.2691
vn 0.0475 -0.9411 -0.3347
vn 0.0794 -0.9489 -0.3055
vn 0.0120 0.8406 -0.5415
vn 0.0931 0.8367 -0.5397
vn 0.0100 0.7907 -0.6121
vn 0.1389 -0.9699 -0.2002
vn 0.1407 -0.9562 -0.2565
vn 0.1716 -0.9540 -0.2457
vn 0.1177 -0.9478 -0.2965
vn 0.1945 0.8492 -0.4910
vn -0.9254 0.2927 -0.2409
vn -0.6673 0.6700 -0.3254
vn -0.2493 0.8984 -0.3616
vn 0.8347 -0.2380 0.4967
vn 0.5792 -0.6894 0.4351
vn 0.1514 -0.9570 0.2476
vn 0.4380 0.8935 -0.0986
vn 0.7297 0.6561 0.1924
vn 0.8658 0.2804 0.4145
vn -0.2687 -0.9609 0.0668
vn -0.7230 -0.6890 -0.0505
vn -0.9597 -0.2365 -0.1518
vn 0.2759 -0.7253 -0.6308
vn 0.3524 0.5582 -0.7511
vn -0.7155 0.6440 -0.2708
vn -0.5260 0.8162 -0.2389
vn -0.6843 0.6687 -0.2908
vn -0.4717 0.8496 -0.2358
vn -0.6537 0.6965 -0.2960
vn -0.4333 0.8774 -0.2059
vn -0.4520 0.8752 -0.1724
vn -0.3199 0.7834 0.5329
vn -0.1814 0.9030 0.3895
vn -0.2389 0.8039 0.5447
vn 0.3723 0.5772 -0.7268
vn 0.2972 0.8632 -0.4081
vn 0.4050 0.5177 -0.7537
vn 0.2577 0.8980 -0.3566
vn 0.0379 0.8970 -0.4404
vn 0.2509 0.6149 -0.7477
vn 0.1939 0.5851 -0.7875
vn 0.0324 0.9020 -0.4306
vn -0.1036 0.9754 0.1943
vn -0.1890 0.9614 0.2000
vn -0.2846 0.8891 0.3584
vn -0.3604 0.7346 0.5749
vn -0.2571 0.9023 0.3460
vn -0.0187 0.9275 0.3734
vn -0.1685 0.7963 0.5810
vn -0.1194 0.7742 0.6216
vn 0.7144 0.6452 0.2709
vn 0.5235 0.8178 0.2390
vn 0.6831 0.6695 0.2918
vn 0.4708 0.8498 0.2369
vn 0.6529 0.6966 0.2975
vn 0.4331 0.8774 0.2065
vn 0.4525 0.8750 0.1719
vn 0.1841 0.9620 -0.2017
vn -0.0216 0.8954 0.4447
vn -0.0412 0.8979 0.4382
vn -0.0055 0.9620 -0.2731
vn 0.2949 0.5381 -0.7896
vn 0.0538 0.9755 -0.2133
vn 0.3277 0.5135 -0.7931
vn 0.1884 0.9602 -0.2064
vn 0.7048 0.6695 0.2345
vn 0.5087 0.8503 0.1351
vn 0.5499 0.8181 0.1684
vn 0.4609 0.8774 0.1331
vn 0.6855 0.6970 0.2102
vn -0.7049 0.6692 -0.2353
vn -0.5059 0.8518 -0.1363
vn -0.5493 0.8182 -0.1698
vn -0.4602 0.8775 -0.1349
vn -0.6849 0.6973 -0.2112
vn 0.0386 0.8616 -0.5061
vn 0.1192 0.9028 -0.4132
vn 0.3166 0.6086 -0.7276
vn 0.2588 0.8946 -0.3643
vn 0.1860 0.5209 -0.8331
vn -0.1961 0.9804 -0.0165
vn -0.0964 0.9953 -0.0002
vn -0.2056 0.9780 -0.0353
vn -0.0692 0.9972 -0.0285
vn -0.2203 0.9717 -0.0854
vn -0.5890 0.7766 -0.2236
vn -0.2092 0.9757 0.0648
vn -0.0948 0.9917 -0.0865
vn -0.1540 0.9861 0.0627
vn -0.0609 0.8142 -0.5775
vn -0.5990 0.6246 -0.5011
vn -0.5712 0.7939 -0.2085
vn -0.1612 0.9792 -0.1229
vn 0.1023 0.9946 0.0188
vn 0.0658 0.9871 0.1459
vn 0.0544 0.9877 0.1467
vn -0.1444 0.9867 0.0740
vn -0.0259 0.9995 -0.0164
vn -0.0711 0.9919 0.1049
vn 0.0661 0.9957 0.0653
vn 0.1607 0.9793 0.1233
vn 0.1780 0.9774 0.1141
vn 0.5858 0.7794 0.2223
vn 0.2184 0.9723 0.0833
vn 0.0631 0.9977 0.0245
vn 0.3040 0.0401 -0.9518
vn 0.3210 0.0384 -0.9463
vn 0.4056 -0.2994 -0.8636
vn 0.3655 0.0401 -0.9299
vn 0.3878 0.0387 -0.9209
vn 0.2785 0.5176 -0.8090
vn 0.2559 -0.2780 -0.9259
vn -0.1758 0.9778 -0.1140
vn 0.4587 0.8813 0.1136
vn -0.1867 0.9799 -0.0700
vn -0.7949 0.5270 -0.3006
vn -0.7858 0.5271 -0.3235
vn -0.1758 0.9761 -0.1276
vn 0.1771 0.9780 0.1104
vn -0.4581 0.8813 -0.1160
vn 0.1877 0.9799 0.0679
vn 0.7959 0.5271 0.2979
vn 0.7871 0.5272 0.3200
vn 0.1773 0.9764 0.1235
vn 0.0107 0.8973 -0.4414
vn 0.0032 0.9621 0.2725
vn -0.2837 0.5342 0.7964
vn -0.0351 0.9740 0.2237
vn -0.3287 0.5172 0.7902
vn -0.1953 0.9584 0.2082
vn -0.3188 0.0386 0.9470
vn -0.3029 0.5381 0.7866
vn -0.3413 0.0401 0.9391
vn -0.2802 0.8976 0.3402
vn -0.0044 0.9590 -0.2834
vn 0.3154 0.5341 -0.7844
vn 0.2078 0.9777 0.0291
vn -0.4194 0.8811 -0.2187
vn 0.2165 0.9761 0.0193
vn 0.8039 0.5271 0.2755
vn 0.1238 0.9739 -0.1903
vn 0.2771 0.8956 -0.3481
vn 0.0037 0.9602 0.2791
vn -0.2798 0.5135 0.8112
vn -0.2076 0.9777 -0.0299
vn 0.4188 0.8811 0.2197
vn -0.2166 0.9761 -0.0197
vn -0.8032 0.5271 -0.2774
vn 0.1743 -0.5868 -0.7907
vn 0.2720 -0.2912 -0.9172
vn 0.1901 -0.6012 -0.7761
vn 0.3991 -0.2224 -0.8895
vn 0.3033 -0.6216 -0.7222
vn 0.3711 -0.6128 -0.6977
vn 0.3571 -0.3076 -0.8820
vn 0.2633 -0.2337 -0.9360
vn -0.9342 0.0392 -0.3547
vn -0.7843 0.5296 -0.3232
vn -0.9345 0.0380 -0.3538
vn -0.9034 -0.2770 -0.3274
vn -0.9068 -0.2768 -0.3179
vn -0.9363 0.0405 -0.3489
vn 0.9350 0.0392 0.3525
vn 0.7856 0.5298 0.3194
vn 0.9354 0.0381 0.3517
vn 0.9038 -0.2768 0.3263
vn 0.9071 -0.2770 0.3169
vn 0.9371 0.0405 0.3467
vn -0.3020 0.0406 0.9524
vn -0.4024 -0.2914 0.8679
vn -0.3627 0.0402 0.9311
vn -0.3854 0.0384 0.9220
vn -0.2521 -0.2775 0.9270
vn -0.1808 -0.6129 0.7692
vn -0.3149 -0.3076 0.8979
vn -0.2487 -0.6215 0.7429
vn 0.4040 0.0405 -0.9139
vn 0.4232 -0.2776 -0.8625
vn 0.3442 0.0403 -0.9380
vn 0.9356 0.0393 0.3508
vn 0.8025 0.5296 0.2750
vn 0.9334 0.0404 0.3566
vn 0.8906 -0.2769 0.3607
vn 0.8944 -0.2767 0.3514
vn -0.4018 0.0401 0.9149
vn -0.4204 -0.2780 0.8637
vn -0.2661 -0.2996 0.9162
vn -0.9348 0.0392 -0.3529
vn -0.8018 0.5297 -0.2767
vn -0.9326 0.0405 -0.3587
vn -0.8898 -0.2769 -0.3627
vn -0.8936 -0.2768 -0.3533
vn 0.3242 0.5041 -0.8005
vn 0.2910 -0.2219 -0.9306
vn 0.2832 0.5202 -0.8057
vn 0.2261 0.7443 -0.6284
vn 0.2895 0.5587 -0.7772
vn 0.2992 0.6709 -0.6785
vn 0.3195 0.4424 -0.8380
vn -0.7767 -0.5777 -0.2511
vn -0.7740 -0.5754 -0.2643
vn -0.8983 -0.2779 -0.3403
vn -0.7656 -0.5741 -0.2903
vn -0.9180 -0.2075 -0.3381
vn -0.9198 -0.2149 -0.3283
vn 0.7764 -0.5779 0.2515
vn 0.7741 -0.5752 0.2645
vn 0.8990 -0.2776 0.3388
vn 0.7660 -0.5740 0.2896
vn 0.9184 -0.2077 0.3366
vn 0.9203 -0.2148 0.3271
vn -0.1682 -0.5875 0.7916
vn -0.3972 -0.2217 0.8906
vn -0.3149 -0.6121 0.7254
vn -0.3700 -0.6015 0.7080
vn -0.3612 -0.3001 0.8829
vn -0.2574 -0.2378 0.9366
vn -0.2886 -0.2220 0.9314
vn -0.2964 0.5711 0.7655
vn -0.3229 0.5287 0.7850
vn 0.3952 -0.5875 -0.7061
vn 0.4257 -0.2377 -0.8731
vn 0.2425 -0.6120 -0.7528
vn 0.7555 -0.5751 0.3139
vn 0.7486 -0.5779 0.3251
vn 0.9073 -0.2150 0.3614
vn 0.9123 -0.2078 0.3529
vn 0.3127 -0.3001 -0.9012
vn -0.3919 -0.5869 0.7085
vn -0.4215 -0.2338 0.8762
vn -0.7549 -0.5751 -0.3154
vn -0.7478 -0.5780 -0.3267
vn -0.9065 -0.2148 -0.3635
vn -0.9116 -0.2076 -0.3549
vn -0.3015 0.6484 0.6990
vn -0.3050 0.6030 0.7371
vn -0.2954 0.7080 0.6415
vn -0.2352 0.6565 0.7167
vn -0.3085 0.4531 0.8364
vn -0.2288 0.7079 0.6682
vn 0.2753 0.6882 -0.6713
vn 0.3015 0.6194 -0.7249
vn -0.3192 0.4101 0.8544
vn -0.3032 0.5401 0.7851
vn 0.3060 0.5713 -0.7615
vn 0.2432 0.6455 -0.7240
vn 0.3114 0.4832 -0.8183
vn 0.2452 0.7015 -0.6692
vn -0.3800 -0.3161 0.8693
vn -0.3615 0.0330 0.9318
vn -0.3848 0.0578 0.9212
vn 0.3146 0.4106 -0.8558
vn 0.3025 0.5127 -0.8035
vn -0.8172 0.4736 -0.3285
vn -0.7927 0.5159 -0.3249
vn -0.7808 0.5369 -0.3196
vn -0.8065 0.5073 -0.3037
vn -0.8696 0.3713 -0.3254
vn -0.8811 0.3267 -0.3420
vn -0.8330 0.4422 -0.3325
vn 0.7817 0.5390 0.3137
vn 0.7645 0.5640 0.3121
vn 0.7409 0.5994 0.3029
vn 0.7699 0.5696 0.2877
vn 0.8687 0.3730 0.3259
vn 0.8700 0.3590 0.3381
vn 0.8024 0.5040 0.3195
vn -0.2506 -0.5424 0.8019
vn -0.3082 -0.3890 0.8681
vn -0.2655 -0.6083 0.7480
vn 0.3867 0.0813 -0.9186
vn 0.3523 0.3791 -0.8557
vn 0.4035 0.1077 -0.9086
vn 0.4087 -0.2243 -0.8847
vn 0.3801 -0.3307 -0.8638
vn 0.3390 0.0522 -0.9393
vn 0.3117 0.0600 -0.9483
vn 0.9332 0.0694 0.3525
vn 0.8789 0.3552 0.3184
vn 0.9334 0.0716 0.3517
vn 0.8848 0.3333 0.3256
vn 0.9307 0.0770 0.3576
vn 0.9070 -0.2224 0.3575
vn 0.9032 -0.2514 0.3480
vn 0.3628 0.0587 -0.9300
vn -0.3474 0.3770 0.8586
vn -0.3998 0.0936 0.9118
vn -0.4056 -0.2253 0.8858
vn -0.3153 0.0466 0.9479
vn -0.3090 0.4558 0.8347
vn -0.3387 0.0283 0.9405
vn -0.9299 0.1271 -0.3451
vn -0.8766 0.3661 -0.3123
vn -0.9314 0.1191 -0.3440
vn -0.8818 0.3485 -0.3179
vn -0.9309 0.0993 -0.3514
vn -0.9113 -0.2079 -0.3555
vn -0.9120 -0.2200 -0.3461
vn 0.3007 0.3387 -0.8915
vn 0.2797 -0.3267 -0.9028
vn 0.3197 0.4434 -0.8373
vn 0.2708 -0.2317 -0.9343
vn 0.2921 0.0783 -0.9532
vn -0.8358 0.4344 -0.3357
vn -0.8364 0.4476 -0.3164
vn -0.7741 0.5615 -0.2925
vn -0.8405 0.4234 -0.3382
vn 0.8225 0.4645 0.3282
vn 0.8205 0.4823 0.3070
vn 0.7268 0.6310 0.2714
vn 0.8312 0.4461 0.3318
vn -0.2795 0.5270 0.8026
vn -0.2044 0.7607 0.6161
vn -0.2775 0.5626 0.7788
vn -0.3202 0.4571 0.8298
vn -0.2381 0.7670 0.5958
vn -0.2530 0.7133 0.6535
vn 0.3121 0.4545 -0.8343
vn 0.2159 0.6920 -0.6889
vn 0.2651 0.7325 -0.6271
vn 0.8322 0.4721 0.2910
vn 0.8395 0.4574 0.2933
vn 0.7474 0.6147 0.2521
vn 0.3117 0.5466 -0.7772
vn -0.3042 0.4761 0.8251
vn -0.2044 0.7131 0.6707
vn -0.8417 0.4505 -0.2977
vn -0.8413 0.4523 -0.2960
vn -0.7767 0.5708 -0.2662
vn 0.2502 -0.4327 -0.8661
vn 0.2483 -0.5472 -0.7993
vn 0.3498 -0.4513 -0.8210
vn 0.2811 -0.6364 -0.7183
vn 0.3317 -0.5614 -0.7581
vn 0.3349 -0.4024 -0.8520
vn 0.2685 -0.3501 -0.8974
vn -0.9335 0.0913 -0.3468
vn -0.8968 0.2811 -0.3416
vn -0.9155 -0.2326 -0.3282
vn -0.9197 -0.2278 -0.3199
vn -0.9388 0.0550 -0.3399
vn 0.9322 0.0794 0.3532
vn 0.8777 0.3413 0.3364
vn 0.9066 -0.2503 0.3398
vn 0.9162 -0.2200 0.3350
vn 0.9336 0.0900 0.3469
vn -0.3049 0.3478 0.8866
vn -0.2826 -0.3273 0.9017
vn -0.3214 0.4204 0.8485
vn -0.2759 -0.2306 0.9331
vn -0.2979 0.0782 0.9514
vn 0.3158 0.4679 -0.8254
vn 0.2644 0.5975 -0.7570
vn 0.2923 0.5471 -0.7844
vn 0.7897 0.5494 0.2730
vn 0.7672 0.5869 0.2588
vn 0.8077 0.5180 0.2817
vn -0.2450 0.6384 0.7297
vn -0.2769 0.5776 0.7679
vn -0.8103 0.5144 -0.2808
vn -0.7744 0.5758 -0.2621
vn -0.8109 0.5139 -0.2800
vn 0.2840 -0.2201 -0.9332
vn 0.2752 -0.4387 -0.8554
vn 0.2978 -0.2759 -0.9139
vn 0.0710 0.9849 -0.1582
vn 0.2693 0.6768 -0.6851
vn 0.0553 0.9893 -0.1347
vn 0.3733 -0.2840 -0.8832
vn 0.3118 -0.5106 -0.8013
vn 0.2324 0.6562 -0.7179
vn 0.0620 0.9742 -0.2169
vn 0.0567 0.9831 -0.1743
vn -0.8571 -0.4228 -0.2944
vn -0.8391 -0.4553 -0.2977
vn -0.9122 -0.2339 -0.3364
vn -0.8235 -0.4798 -0.3028
vn -0.8742 -0.3706 -0.3136
vn -0.8871 -0.3427 -0.3093
vn 0.8515 -0.4215 0.3120
vn 0.8332 -0.4557 0.3133
vn 0.8988 -0.2744 0.3417
vn 0.8184 -0.4824 0.3124
vn 0.8700 -0.3669 0.3295
vn 0.8813 -0.3416 0.3266
vn -0.2528 -0.4329 0.8653
vn -0.3546 -0.4268 0.8319
vn -0.2956 -0.5982 0.7448
vn -0.3399 -0.5320 0.7755
vn -0.3409 -0.3792 0.8602
vn -0.2713 -0.3510 0.8962
vn -0.3006 -0.2738 0.9136
vn -0.2943 -0.4869 0.8224
vn -0.3215 -0.3090 0.8951
vn 0.3776 -0.4374 -0.8161
vn 0.3846 -0.3551 -0.8520
vn 0.2575 -0.6251 -0.7368
vn 0.8304 -0.4552 0.3213
vn 0.8434 -0.4208 0.3341
vn 0.8754 -0.3416 0.3420
vn 0.8688 -0.3668 0.3327
vn 0.3036 -0.3947 -0.8672
vn -0.3780 -0.4323 0.8187
vn -0.3841 -0.3513 0.8538
vn -0.2775 -0.4349 0.8566
vn -0.8345 -0.4500 -0.3180
vn -0.8470 -0.4146 -0.3329
vn -0.8773 -0.3384 -0.3404
vn -0.8700 -0.3678 -0.3284
vn 0.3084 0.0194 -0.9511
vn 0.2188 0.6460 -0.7313
vn 0.3105 -0.5924 -0.7434
vn 0.3633 0.0201 -0.9314
vn 0.3916 0.0198 -0.9199
vn 0.2952 0.6643 -0.6867
vn 0.2412 -0.5719 -0.7840
vn 0.2897 0.0187 -0.9569
vn -0.9208 -0.2172 -0.3240
vn -0.9144 -0.2340 -0.3302
vn -0.8634 -0.3920 -0.3177
vn -0.9092 -0.2471 -0.3350
vn -0.2030 0.9759 -0.0796
vn -0.7171 0.6438 -0.2668
vn -0.7178 0.6442 -0.2642
vn -0.2165 0.9727 -0.0838
vn 0.9153 -0.2155 0.3404
vn 0.9096 -0.2314 0.3451
vn 0.8618 -0.3868 0.3283
vn 0.9065 -0.2439 0.3445
vn 0.2061 0.9758 0.0736
vn 0.7159 0.6449 0.2677
vn 0.7158 0.6449 0.2678
vn 0.2188 0.9727 0.0779
vn -0.2883 -0.2201 0.9319
vn -0.0662 0.9817 0.1786
vn -0.2675 0.6680 0.6944
vn -0.0550 0.9870 0.1508
vn -0.3736 -0.2681 0.8880
vn -0.3203 -0.4785 0.8176
vn -0.2399 0.6615 0.7106
vn -0.0755 0.9732 0.2172
vn -0.0642 0.9834 0.1696
vn -0.3386 0.0189 0.9407
vn -0.3136 0.0181 0.9494
vn 0.3972 -0.2230 -0.8902
vn 0.0979 0.9747 -0.2011
vn 0.2512 0.6697 -0.6988
vn 0.9094 -0.2305 0.3461
vn 0.9103 -0.2162 0.3530
vn 0.2187 0.9727 0.0778
vn 0.7159 0.6449 0.2676
vn 0.2065 0.9757 0.0726
vn 0.1982 0.9777 0.0700
vn 0.2895 -0.5007 -0.8158
vn 0.3191 -0.3165 -0.8933
vn -0.3950 -0.2203 0.8919
vn -0.0855 0.9733 0.2131
vn -0.2882 0.6535 0.6999
vn -0.2508 0.6752 0.6937
vn -0.9105 -0.2321 -0.3423
vn -0.9114 -0.2142 -0.3514
vn -0.2193 0.9721 -0.0831
vn -0.7158 0.6443 -0.2692
vn -0.2053 0.9757 -0.0772
vn -0.1952 0.9779 -0.0752
vn 0.1586 -0.8481 -0.5056
vn 0.2534 -0.5834 -0.7716
vn 0.1638 -0.8558 -0.4907
vn 0.0851 -0.9711 -0.2229
vn 0.1759 -0.8708 -0.4592
vn 0.1915 -0.8615 -0.4703
vn 0.2869 -0.6069 -0.7412
vn 0.0788 -0.9677 -0.2394
vn -0.9399 0.0176 -0.3409
vn -0.7182 0.6461 -0.2583
vn -0.9379 0.0173 -0.3464
vn -0.7713 -0.5732 -0.2764
vn -0.7722 -0.5755 -0.2692
vn -0.9429 0.0177 -0.3326
vn 0.9352 0.0178 0.3537
vn 0.7163 0.6463 0.2630
vn 0.9351 0.0178 0.3540
vn 0.7652 -0.5738 0.2921
vn 0.7660 -0.5754 0.2866
vn 0.9377 0.0180 0.3469
vn -0.2319 0.6428 0.7301
vn -0.3159 -0.5842 0.7476
vn -0.3617 0.0185 0.9321
vn -0.3868 0.0178 0.9220
vn -0.2408 -0.5719 0.7842
vn -0.2968 0.0178 0.9548
vn -0.1567 -0.8623 0.4815
vn -0.2683 -0.6072 0.7479
vn -0.1653 -0.8711 0.4624
vn 0.3170 0.6460 -0.6944
vn 0.4095 0.0186 -0.9121
vn 0.3305 -0.5720 -0.7507
vn 0.3371 0.0196 -0.9413
vn 0.9350 0.0177 0.3543
vn 0.7131 0.6464 0.2716
vn 0.9324 0.0180 0.3610
vn 0.7618 -0.5753 0.2977
vn 0.7647 -0.5738 0.2931
vn -0.3046 0.6432 0.7024
vn -0.4037 0.0178 0.9147
vn -0.3339 -0.5724 0.7489
vn -0.2509 -0.5928 0.7653
vn -0.9358 0.0177 -0.3520
vn -0.7123 0.6461 -0.2740
vn -0.9327 0.0181 -0.3602
vn -0.7631 -0.5754 -0.2943
vn -0.7670 -0.5733 -0.2881
vn 0.0062 -1.0000 0.0005
vn 0.0801 -0.9697 -0.2307
vn 0.0049 -1.0000 0.0003
vn -0.1174 -0.9597 0.2552
vn -0.0034 -1.0000 -0.0010
vn -0.0077 -1.0000 -0.0047
vn 0.0797 -0.9736 -0.2137
vn -0.0804 -0.9550 0.2856
vn -0.4963 -0.8513 -0.1702
vn -0.4968 -0.8500 -0.1753
vn -0.7694 -0.5730 -0.2823
vn -0.4955 -0.8497 -0.1803
vn -0.2339 -0.9690 -0.0793
vn -0.2337 -0.9693 -0.0766
vn 0.4905 -0.8514 0.1860
vn 0.4909 -0.8504 0.1896
vn 0.7650 -0.5737 0.2926
vn 0.4907 -0.8503 0.1902
vn 0.2291 -0.9691 0.0912
vn 0.2290 -0.9693 0.0896
vn -0.1529 -0.8490 0.5058
vn -0.0959 -0.9705 0.2211
vn -0.1815 -0.8664 0.4651
vn -0.2019 -0.8569 0.4743
vn -0.2905 -0.5993 0.7459
vn -0.0693 -0.9686 0.2386
vn 0.0033 -1.0000 -0.0017
vn -0.0756 -0.9740 0.2133
vn 0.0019 -1.0000 -0.0021
vn 0.2090 -0.8481 -0.4868
vn 0.0940 -0.9677 -0.2339
vn 0.1688 -0.8659 -0.4708
vn 0.4904 -0.8504 0.1907
vn 0.4878 -0.8513 0.1931
vn 0.2277 -0.9692 0.0933
vn 0.2288 -0.9691 0.0922
vn 0.2698 -0.5990 -0.7539
vn -0.2173 -0.8494 0.4810
vn -0.1049 -0.9688 0.2246
vn -0.0717 -0.9719 0.2243
vn -0.4931 -0.8501 -0.1850
vn -0.4894 -0.8514 -0.1887
vn -0.2292 -0.9694 -0.0884
vn -0.2313 -0.9690 -0.0864
vn -0.1448 -0.8589 0.4913
vn -0.0847 -0.9578 0.2748
vn -0.1440 -0.8812 0.4502
vn -0.1226 -0.9538 0.2742
vn -0.1617 -0.8991 0.4069
vn -0.1863 -0.8864 0.4238
vn -0.1020 -0.9623 0.2523
vn -0.1022 -0.9315 0.3491
vn 0.0020 -1.0000 0.0070
vn 0.0023 -1.0000 0.0065
vn -0.2332 -0.9689 -0.0831
vn 0.0028 -1.0000 0.0041
vn 0.2820 -0.9533 0.1077
vn 0.2809 -0.9539 0.1052
vn -0.0053 -1.0000 0.0027
vn -0.0057 -1.0000 0.0025
vn 0.2290 -0.9691 0.0917
vn -0.0059 -1.0000 0.0029
vn -0.2836 -0.9534 -0.1029
vn -0.2824 -0.9541 -0.1001
vn 0.0056 -1.0000 -0.0021
vn 0.1097 -0.9566 -0.2701
vn 0.0003 -1.0000 -0.0028
vn -0.0019 -1.0000 -0.0039
vn -0.0844 -0.9729 0.2152
vn 0.0939 -0.9533 -0.2871
vn 0.1514 -0.8827 -0.4448
vn 0.0941 -0.9615 -0.2582
vn 0.1518 -0.8956 -0.4182
vn -0.0089 -0.9999 -0.0055
vn -0.1304 -0.9550 0.2664
vn 0.0005 -1.0000 0.0005
vn -0.0061 -1.0000 0.0034
vn -0.0055 -1.0000 0.0035
vn -0.2812 -0.9541 -0.1035
vn -0.2840 -0.9534 -0.1022
vn 0.0791 -0.9725 -0.2192
vn -0.0034 -1.0000 -0.0059
vn 0.1171 -0.9533 -0.2783
vn 0.0921 -0.9585 -0.2699
vn 0.0040 -1.0000 0.0020
vn 0.0042 -1.0000 0.0014
vn 0.2800 -0.9539 0.1079
vn 0.2824 -0.9533 0.1067
vn 0.0880 -0.9956 0.0327
vn 0.0028 -1.0000 0.0006
vn 0.0748 -0.9968 0.0282
vn -0.0004 -1.0000 0.0024
vn 0.0670 -0.9974 0.0278
vn 0.3201 -0.9396 0.1211
vn 0.3329 -0.9346 0.1251
vn 0.4883 -0.8542 0.1788
vn 0.4767 -0.8609 0.1781
vn 0.2821 -0.9534 0.1072
vn 0.4705 -0.8646 0.1765
vn 0.3301 -0.9356 0.1255
vn 0.3532 -0.9262 0.1322
vn -0.4936 -0.8509 -0.1798
vn -0.4920 -0.8513 -0.1822
vn -0.2840 -0.9533 -0.1026
vn -0.4924 -0.8511 -0.1820
vn -0.3637 -0.9219 -0.1334
vn -0.3689 -0.9198 -0.1338
vn 0.1587 -0.8557 -0.4925
vn 0.1168 -0.9490 -0.2929
vn 0.1629 -0.8913 -0.4232
vn 0.1811 -0.8776 -0.4440
vn 0.1007 -0.9599 -0.2617
vn 0.1154 -0.9301 -0.3487
vn 0.0036 -1.0000 -0.0015
vn 0.0009 -1.0000 -0.0022
vn 0.0025 -1.0000 -0.0011
vn -0.2166 -0.8587 0.4644
vn -0.1561 -0.9309 0.3303
vn -0.1505 -0.8949 0.4202
vn -0.0930 -0.9519 0.2920
vn -0.4915 -0.8518 -0.1814
vn -0.4904 -0.8518 -0.1841
vn -0.3620 -0.9226 -0.1335
vn -0.3604 -0.9235 -0.1312
vn -0.0931 -0.9607 0.2616
vn 0.2032 -0.8559 -0.4755
vn 0.1414 -0.9302 -0.3387
vn 0.1015 -0.9513 -0.2912
vn 0.4768 -0.8605 0.1794
vn 0.4866 -0.8535 0.1865
vn 0.3569 -0.9242 0.1358
vn 0.1312 -0.9898 -0.0564
vn -0.0067 -1.0000 0.0028
vn 0.0260 -0.9968 -0.0755
vn 0.2564 -0.9182 -0.3020
vn 0.4134 -0.8923 -0.1814
vn 0.3955 -0.9183 0.0177
vn 0.0781 -0.9963 0.0345
vn -0.0053 -1.0000 0.0010
vn -0.0966 -0.9948 -0.0321
vn -0.0920 -0.9953 -0.0305
vn -0.3630 -0.9223 -0.1327
vn -0.0895 -0.9956 -0.0288
vn -0.0022 -1.0000 0.0036
vn 0.0029 -1.0000 0.0032
vn 0.0297 -0.9968 -0.0746
vn 0.0230 -0.9982 -0.0553
vn 0.0190 -0.9981 -0.0582
vn -0.0019 -1.0000 0.0005
vn 0.0179 -0.9985 -0.0510
vn 0.1030 -0.9573 -0.2700
vn 0.0194 0.5139 -0.8576
vn -0.0805 0.9246 -0.3724
vn -0.4478 0.5654 -0.6927
vn -0.5469 0.7293 -0.4111
vn -0.2919 0.9195 -0.2635
vn 0.0693 0.8432 0.5332
vn -0.1159 0.7324 0.6709
vn 0.0215 0.7381 0.6743
vn 0.0796 0.9246 0.3725
vn 0.3015 0.7583 0.5780
vn 0.2850 0.7894 0.5437
vn 0.5434 0.7311 0.4127
vn 0.2912 0.9195 0.2642
vn 0.4140 0.8341 0.3646
vn 0.5658 0.7943 0.2215
vn 0.6816 0.7298 0.0531
vn 0.3926 0.9197 -0.0044
vn 0.7932 0.5661 -0.2245
vn 0.5508 0.5145 -0.6572
vn 0.7801 0.6254 0.0194
vn 0.3053 0.9249 -0.2267
vn 0.4259 0.8147 -0.3935
vn -0.5484 0.8362 -0.0025
vn -0.6797 0.7316 -0.0521
vn -0.3920 0.9200 0.0023
vn -0.6078 0.7591 0.2331
vn -0.5711 0.7915 0.2176
vn -0.4609 0.7389 0.4915
vn -0.3037 0.9252 0.2274
vn -0.4016 0.8454 0.3522
vn -0.1207 0.9626 0.2426
vn -0.3152 0.5120 0.7991
vn -0.0520 0.5578 0.8284
vn 0.0413 0.9856 0.1641
vn -0.1935 0.9231 -0.3322
vn 0.2120 0.9735 0.0862
vn 0.6558 0.5701 0.4949
vn 0.1213 0.9626 -0.2422
vn 0.3144 0.5120 -0.7994
vn 0.0541 0.5578 -0.8282
vn -0.0409 0.9856 -0.1642
vn 0.1927 0.9232 0.3326
vn -0.2120 0.9734 -0.0866
vn -0.6546 0.5702 -0.4964
vn -0.2167 0.9734 -0.0748
vn -0.8193 0.5700 -0.0612
vn -0.1400 0.9855 0.0963
vn 0.3640 0.9234 -0.1214
vn -0.0702 0.9625 0.2619
vn -0.5078 0.5576 0.6566
vn -0.2936 0.5120 0.8073
vn 0.2185 0.9732 0.0717
vn 0.8203 0.5689 0.0590
vn 0.1423 0.9850 -0.0972
vn -0.3630 0.9239 0.1208
vn 0.0735 0.9625 -0.2611
vn 0.5103 0.5566 -0.6555
vn 0.2948 0.5121 -0.8067
vn -0.0146 0.0493 0.9987
vn 0.0112 -0.3125 0.9499
vn 0.4144 -0.3364 0.8456
vn 0.4277 0.0569 0.9022
vn 0.7866 0.0520 0.6152
vn 0.3270 0.6017 0.7287
vn 0.7456 -0.3090 0.5904
vn 0.0170 0.0494 -0.9986
vn -0.0088 -0.3124 -0.9499
vn -0.4123 -0.3364 -0.8467
vn -0.4256 0.0569 -0.9031
vn -0.7853 0.0520 -0.6170
vn -0.3251 0.6018 -0.7295
vn -0.7442 -0.3091 -0.5921
vn -0.9970 0.0519 -0.0577
vn -0.9497 -0.3092 -0.0493
vn -0.8694 -0.3366 0.3617
vn -0.9168 0.0568 0.3952
vn -0.7268 0.6015 0.3316
vn -0.6480 0.0493 0.7600
vn -0.6350 -0.3127 0.7064
vn 0.9971 0.0517 0.0562
vn 0.9497 -0.3093 0.0485
vn 0.8696 -0.3365 -0.3615
vn 0.9169 0.0566 -0.3950
vn 0.7278 0.6001 -0.3319
vn 0.6495 0.0491 -0.7587
vn 0.6359 -0.3126 -0.7056
vn 0.0208 -0.6317 0.7750
vn -0.0467 -0.2564 0.9654
vn 0.4241 -0.2513 0.8700
vn 0.3395 -0.6670 0.6632
vn 0.6171 -0.6262 0.4764
vn 0.7932 -0.2523 0.5543
vn -0.0188 -0.6318 -0.7749
vn 0.0492 -0.2563 -0.9653
vn -0.4221 -0.2515 -0.8710
vn -0.3378 -0.6671 -0.6639
vn -0.6162 -0.6261 -0.4779
vn -0.7919 -0.2522 -0.5561
vn -0.7778 -0.6265 -0.0504
vn -0.9616 -0.2522 -0.1080
vn -0.8928 -0.2516 0.3735
vn -0.6924 -0.6675 0.2738
vn -0.5264 -0.6321 0.5686
vn -0.6016 -0.2564 0.7566
vn 0.7778 -0.6265 0.0505
vn 0.9616 -0.2529 0.1071
vn 0.8929 -0.2519 -0.3732
vn 0.6925 -0.6675 -0.2736
vn 0.5266 -0.6321 -0.5684
vn 0.6027 -0.2566 -0.7556
vn -0.0778 0.6618 0.7456
vn -0.0619 0.5902 0.8049
vn -0.0349 0.3919 0.9193
vn 0.3148 0.6402 0.7007
vn 0.2804 0.7153 0.6401
vn 0.6533 0.5891 0.4755
vn 0.7318 0.3898 0.5591
vn 0.6109 0.6639 0.4313
vn 0.0781 0.6335 -0.7698
vn 0.0595 0.5671 -0.8215
vn 0.0294 0.3849 -0.9225
vn -0.3211 0.6276 -0.7092
vn -0.2866 0.6980 -0.6563
vn -0.6561 0.5869 -0.4745
vn -0.7329 0.3998 -0.5505
vn -0.6146 0.6567 -0.4369
vn -0.7799 0.6200 -0.0857
vn -0.8368 0.5421 -0.0764
vn -0.9345 0.3511 -0.0589
vn -0.7084 0.6285 0.3212
vn -0.6423 0.7069 0.2964
vn -0.4237 0.6826 0.5954
vn -0.4751 0.6097 0.6345
vn -0.8308 0.4163 0.3694
vn -0.5738 0.4042 0.7123
vn 0.7619 0.6431 0.0770
vn 0.8114 0.5801 0.0722
vn 0.9116 0.4061 0.0635
vn 0.7010 0.6379 -0.3190
vn 0.6469 0.7008 -0.3007
vn 0.4844 0.5951 -0.6412
vn 0.5724 0.4204 -0.7040
vn 0.4420 0.6544 -0.6135
vn 0.6887 0.5374 0.4868
vn 0.3305 0.5871 0.7390
vn -0.0791 0.5327 0.8426
vn -0.6871 0.5347 -0.4919
vn -0.3304 0.5774 -0.7466
vn 0.0821 0.5159 -0.8527
vn -0.4960 0.5475 0.6740
vn -0.7414 0.5825 0.3333
vn -0.8545 0.5101 -0.0974
vn 0.5029 0.5289 -0.6837
vn 0.7425 0.5783 -0.3379
vn 0.8472 0.5239 0.0877
vn -0.0119 0.1006 0.9949
vn -0.0020 -0.2454 0.9694
vn 0.4156 -0.2682 0.8691
vn 0.4246 0.1105 0.8986
vn 0.3797 0.4299 0.8191
vn 0.7816 0.0981 0.6160
vn 0.7598 -0.2464 0.6017
vn 0.0042 0.1021 -0.9948
vn -0.0053 -0.2436 -0.9699
vn -0.4227 -0.2630 -0.8673
vn -0.4317 0.1183 -0.8942
vn -0.3855 0.4314 -0.8157
vn -0.7851 0.1109 -0.6093
vn -0.7648 -0.2381 -0.5987
vn -0.9962 0.0738 -0.0459
vn -0.9659 -0.2557 -0.0397
vn -0.9109 0.1002 0.4004
vn -0.6428 0.1060 0.7586
vn -0.8818 -0.2721 0.3851
vn -0.6342 -0.2431 0.7340
vn 0.9914 0.1190 0.0550
vn 0.9688 -0.2421 0.0533
vn 0.9103 0.1378 -0.3904
vn 0.8154 0.4540 -0.3592
vn 0.6474 0.1294 -0.7511
vn 0.8892 -0.2618 -0.3752
vn 0.6414 -0.2380 -0.7293
vn -0.0142 -0.4733 0.8808
vn -0.0303 -0.3956 0.9179
vn 0.3881 -0.4345 0.8127
vn 0.3712 -0.5147 0.7729
vn 0.6991 -0.4742 0.5351
vn 0.7357 -0.3973 0.5485
vn 0.0095 -0.4697 -0.8828
vn 0.0255 -0.3916 -0.9198
vn -0.3936 -0.4293 -0.8129
vn -0.3765 -0.5094 -0.7738
vn -0.7039 -0.4680 -0.5344
vn -0.7394 -0.3919 -0.5474
vn -0.8782 -0.4757 -0.0491
vn -0.9157 -0.3968 -0.0631
vn -0.8257 -0.4336 0.3609
vn -0.7863 -0.5144 0.3422
vn -0.5675 -0.4724 0.6744
vn -0.5801 -0.3955 0.7121
vn 0.8769 -0.4762 0.0654
vn 0.9140 -0.3978 0.0797
vn 0.8286 -0.4366 -0.3503
vn 0.7889 -0.5175 -0.3315
vn 0.5698 -0.4757 -0.6701
vn 0.5823 -0.3979 -0.7090
vn -0.0234 -0.2515 0.9676
vn -0.0400 0.9654 0.2575
vn -0.0300 0.6803 0.7323
vn 0.0895 0.9778 0.1893
vn 0.4132 -0.2805 0.8664
vn 0.7691 -0.2532 0.5868
vn 0.5882 0.6825 0.4337
vn 0.2237 0.9660 0.1297
vn 0.0176 -0.2492 -0.9683
vn 0.0287 0.9655 -0.2588
vn 0.0188 0.6808 -0.7322
vn -0.0970 0.9767 -0.1913
vn -0.4188 -0.2774 -0.8647
vn -0.7720 -0.2500 -0.5843
vn -0.5906 0.6806 -0.4336
vn -0.2267 0.9648 -0.1334
vn -0.9658 -0.2532 -0.0564
vn -0.2545 0.9659 -0.0478
vn -0.7295 0.6818 -0.0547
vn -0.1919 0.9778 0.0845
vn -0.8797 -0.2792 0.3849
vn -0.6176 -0.2514 0.7452
vn -0.4582 0.6802 0.5722
vn -0.1388 0.9656 0.2201
vn 0.9644 -0.2542 0.0725
vn 0.2580 0.9650 0.0470
vn 0.7300 0.6805 0.0633
vn 0.1992 0.9766 -0.0805
vn 0.8837 -0.2820 -0.3736
vn 0.6218 -0.2532 -0.7411
vn 0.4681 0.6804 -0.5638
vn 0.1498 0.9656 -0.2127
vn 0.0117 0.0203 0.9997
vn -0.0225 -0.6189 0.7852
vn 0.3229 -0.6613 0.6771
vn 0.4309 0.0219 0.9021
vn 0.2977 0.7216 0.6250
vn 0.7729 0.0204 0.6342
vn 0.6253 -0.6211 0.4724
vn -0.0193 0.0199 -0.9996
vn 0.0211 -0.6200 -0.7844
vn -0.3250 -0.6626 -0.6748
vn -0.4373 0.0204 -0.8991
vn -0.3056 0.7200 -0.6231
vn -0.7752 0.0188 -0.6314
vn -0.6266 -0.6222 -0.4693
vn -0.9995 0.0204 -0.0234
vn -0.7828 -0.6204 -0.0491
vn -0.6881 -0.6602 0.3012
vn -0.9161 0.0222 0.4004
vn -0.6347 0.7210 0.2780
vn -0.6647 0.0204 0.7469
vn -0.4988 -0.6185 0.6071
vn 0.9991 0.0183 0.0380
vn 0.7792 -0.6235 0.0637
vn 0.6877 -0.6646 -0.2923
vn 0.9214 0.0195 -0.3881
vn 0.6405 0.7198 -0.2676
vn 0.6718 0.0192 -0.7404
vn 0.4978 -0.6213 -0.6051
vn -0.0293 -0.8743 0.4844
vn -0.0197 -0.9715 0.2361
vn 0.0864 -0.9797 0.1811
vn 0.1861 -0.9016 0.3905
vn 0.3939 -0.8760 0.2784
vn 0.1951 -0.9719 0.1313
vn 0.0330 -0.8748 -0.4834
vn 0.0266 -0.9715 -0.2356
vn -0.0825 -0.9804 -0.1790
vn -0.1845 -0.9029 -0.3884
vn -0.3940 -0.8770 -0.2749
vn -0.1943 -0.9726 -0.1275
vn -0.4810 -0.8755 -0.0449
vn -0.2339 -0.9719 -0.0270
vn -0.1844 -0.9795 0.0808
vn -0.3973 -0.9010 0.1740
vn -0.2965 -0.8743 0.3844
vn -0.1406 -0.9715 0.1907
vn 0.4753 -0.8780 0.0570
vn 0.2281 -0.9730 0.0360
vn 0.1773 -0.9810 -0.0785
vn 0.3920 -0.9044 -0.1687
vn 0.2898 -0.8758 -0.3859
vn 0.1316 -0.9719 -0.1952
vn -0.0046 -0.9998 0.0182
vn 0.0052 -0.9745 -0.2245
vn -0.0895 -0.9781 -0.1880
vn 0.0045 -0.9999 0.0092
vn 0.0174 -0.9998 0.0077
vn -0.1763 -0.9750 -0.1351
vn 0.0139 -0.9997 -0.0186
vn 0.0059 -0.9747 0.2235
vn 0.0962 -0.9773 0.1889
vn 0.0008 -1.0000 -0.0076
vn -0.0158 -0.9999 -0.0041
vn 0.1784 -0.9742 0.1382
vn -0.0181 -0.9998 -0.0048
vn 0.2225 -0.9748 0.0131
vn 0.1913 -0.9779 -0.0838
vn -0.0096 -0.9999 0.0042
vn -0.0087 -0.9998 0.0165
vn 0.1434 -0.9744 -0.1732
vn 0.0130 -0.9999 0.0108
vn -0.2261 -0.9740 -0.0109
vn -0.1982 -0.9769 0.0798
vn 0.0020 -1.0000 -0.0047
vn -0.0014 -0.9997 -0.0234
vn -0.1538 -0.9744 0.1638
vn 0.0308 -0.8816 -0.4710
vn 0.0047 -0.9181 -0.3962
vn -0.1935 -0.8926 -0.4072
vn -0.1852 -0.9022 -0.3894
vn -0.3834 -0.8835 -0.2692
vn -0.3109 -0.9184 -0.2447
vn -0.0188 -0.8824 0.4702
vn 0.0065 -0.9172 0.3983
vn 0.2019 -0.8904 0.4079
vn 0.1930 -0.9006 0.3894
vn 0.3860 -0.8816 0.2715
vn 0.3159 -0.9157 0.2483
vn 0.4673 -0.8829 0.0464
vn 0.3959 -0.9018 -0.1735
vn 0.2859 -0.8815 -0.3757
vn -0.4701 -0.8813 -0.0485
vn -0.4039 -0.9146 -0.0199
vn -0.4224 -0.8894 0.1749
vn -0.4026 -0.9001 0.1665
vn -0.2970 -0.8819 0.3660
vn -0.2696 -0.9162 0.2965
vn -0.0294 0.8879 0.4590
vn -0.1047 0.8995 0.4242
vn -0.2306 0.9311 0.2825
vn 0.2008 0.9795 0.0148
vn 0.1130 0.9758 0.1874
vn 0.1199 0.9928 -0.0046
vn -0.0879 0.9960 -0.0170
vn -0.0181 0.9998 -0.0074
vn -0.0715 0.9970 -0.0284
vn 0.0731 0.9962 0.0464
vn 0.0874 0.9926 0.0841
vn 0.0668 0.9974 0.0257
vn -0.1045 0.9943 -0.0217
vn -0.0230 0.9997 -0.0031
vn 0.0010 0.9914 0.1307
vn 0.0750 0.9847 0.1574
vn 0.0790 0.9913 0.1049
vn 0.0901 0.9944 0.0546
vn -0.0450 0.9983 0.0369
vn -0.1280 0.9915 0.0223
vn -0.1619 0.9848 0.0628
vn -0.2522 0.9649 0.0728
vn -0.1232 0.9924 0.0001
vn 0.1433 0.9632 0.2273
vn 0.0378 0.9991 0.0208
vn 0.0409 0.9991 0.0089
vn 0.0845 0.9963 0.0139
vn 0.0466 0.9989 0.0108
vn 0.2003 0.8995 -0.3883
vn -0.0955 0.9939 -0.0558
vn -0.0276 0.9996 -0.0045
vn -0.0655 0.9452 0.3198
vn 0.0919 0.9958 -0.0044
vn -0.0785 0.9958 -0.0480
vn -0.0205 0.9997 -0.0142
vn -0.0168 -0.9988 0.0462
vn -0.0153 -0.9983 0.0556
vn 0.0350 0.9993 0.0132
vn -0.0733 0.9950 -0.0681
vn -0.1796 0.9770 -0.1147
vn 0.2079 0.9776 0.0332
vn -0.1463 -0.9876 0.0568
vn -0.0082 -1.0000 -0.0004
vn -0.0421 -0.9964 0.0737
vn 0.0709 -0.9883 0.1347
vn -0.0193 -0.9967 0.0790
vn 0.0046 -1.0000 0.0004
vn -0.0035 -1.0000 -0.0014
vn -0.0000 -1.0000 -0.0004
vn -0.0010 -1.0000 -0.0023
vn 0.0972 -0.9591 -0.2657
vn 0.0193 -0.9986 -0.0492
vn -0.0000 -1.0000 0.0005
vn 0.0009 -1.0000 0.0014
vn -0.0048 -1.0000 0.0007
vn -0.0285 -0.9983 0.0504
vn -0.0019 -1.0000 -0.0032
vn -0.0204 -0.9988 0.0438
vn -0.1019 -0.9620 0.2535
vn 0.0002 -1.0000 -0.0006
vn -0.0011 -1.0000 0.0013
vn -0.0055 -1.0000 -0.0028
vn -0.0623 -0.9897 -0.1289
vn 0.0031 -1.0000 0.0058
vn -0.0860 -0.9959 -0.0273
vn -0.0028 -1.0000 0.0010
vn -0.0011 -1.0000 0.0004
vn 0.0009 -1.0000 -0.0028
vn 0.0006 -1.0000 0.0010
vn 0.0014 -1.0000 0.0025
vn -0.0039 -1.0000 0.0031
vn 0.0009 -1.0000 0.0048
vn -0.0863 -0.9959 -0.0272
vn 0.0689 -0.9971 0.0307
vn 0.0441 0.9988 0.0235
vn -0.1404 0.9485 0.2838
vn 0.0297 0.9973 0.0671
vn 0.1898 0.9123 -0.3630
vn -0.3648 -0.2185 0.9051
vn -0.3268 -0.2162 0.9200
vn 0.3248 -0.2188 -0.9201
vn 0.3632 -0.2164 -0.9062
vn -0.3458 -0.3027 0.8881
vn 0.0533 0.9882 -0.1437
vn 0.3428 -0.3251 -0.8814
vn -0.0943 -0.9604 0.2623
vn 0.2134 0.6701 -0.7110
vn 0.2275 0.6789 -0.6982
vn 0.2889 0.6791 -0.6748
vn -0.2350 0.6791 0.6954
vn -0.0536 0.9882 0.1432
vn -0.7012 0.6667 -0.2528
vn -0.6960 0.6708 -0.2562
vn 0.6988 0.6676 0.2568
vn 0.6954 0.6699 0.2600
vn -0.2264 0.6688 0.7081
vn -0.2790 0.6789 0.6791
vn 0.3076 0.6703 -0.6753
vn 0.6951 0.6704 0.2596
vn 0.6965 0.6670 0.2647
vn -0.2946 0.6690 0.6824
vn -0.6942 0.6706 -0.2613
vn -0.6961 0.6663 -0.2675
vn -0.0296 0.7239 0.6893
vn 0.3144 0.6824 0.6599
vn 0.5557 0.7241 0.4085
vn 0.0153 0.7238 -0.6898
vn -0.3228 0.6807 -0.6576
vn -0.5574 0.7224 -0.4093
vn -0.6883 0.7234 -0.0532
vn -0.6694 0.6826 0.2933
vn -0.4303 0.7235 0.5397
vn 0.6885 0.7229 0.0579
vn 0.6765 0.6802 -0.2824
vn 0.4432 0.7243 -0.5282
vn -0.2637 0.6791 0.6850
vn 0.2489 0.6781 -0.6915
vn -0.2496 0.6790 0.6904
vn -0.6930 0.6732 -0.2581
vn 0.6942 0.6714 0.2593
vn 0.2693 0.6768 -0.6852
vn -0.3829 0.9154 -0.1239
vn -0.3796 -0.2013 0.9030
vn 0.3779 -0.2017 -0.9036
vn 0.1101 0.9155 -0.3871
vn -0.9161 -0.2010 -0.3470
vn 0.9167 -0.2013 0.3453
vt 0.540437 0.891543
vt 0.619005 0.873306
vt 0.620946 0.874477
vt 0.542642 0.893055
vt 0.438789 0.910403
vt 0.436841 0.908616
vt 0.538410 0.890234
vt 0.129992 0.833622
vt 0.049226 0.855089
vt 0.047510 0.853815
vt 0.128762 0.832054
vt 0.235211 0.811085
vt 0.235276 0.812926
vt 0.131009 0.835129
vt 0.131198 0.890978
vt 0.239696 0.909743
vt 0.130436 0.892632
vt 0.239820 0.911676
vt 0.129485 0.894396
vt 0.044161 0.875119
vt 0.045613 0.873629
vt 0.323185 0.308350
vt 0.419934 0.335856
vt 0.323599 0.338766
vt 0.420236 0.346692
vt 0.323855 0.351069
vt 0.226184 0.347067
vt 0.226036 0.335920
vt 0.318473 0.002647
vt 0.222654 0.025271
vt 0.222394 0.003007
vt 0.222409 0.001942
vt 0.318536 0.001590
vt 0.415584 0.002859
vt 0.318858 0.025212
vt 0.536757 0.820327
vt 0.430289 0.806199
vt 0.538601 0.819258
vt 0.432206 0.804621
vt 0.540624 0.818054
vt 0.624026 0.833446
vt 0.622446 0.834377
vt 0.549898 0.987573
vt 0.623486 0.977585
vt 0.624520 0.979684
vt 0.607129 0.390770
vt 0.532831 0.381299
vt 0.533081 0.378351
vt 0.533346 0.375824
vt 0.431537 0.365119
vt 0.430512 0.362135
vt 0.445600 0.995874
vt 0.549120 0.985346
vt 0.128570 0.740184
vt 0.042187 0.749723
vt 0.127961 0.738084
vt 0.032144 0.714428
vt 0.116830 0.712928
vt 0.118674 0.716938
vt 0.227855 0.713049
vt 0.229127 0.716057
vt 0.238056 0.725018
vt 0.131820 0.989557
vt 0.247532 0.994822
vt 0.248105 0.997213
vt 0.120705 0.376399
vt 0.234358 0.364580
vt 0.120853 0.379100
vt 0.042403 0.981347
vt 0.132010 0.987208
vt 0.335280 0.363384
vt 0.431531 0.392338
vt 0.334816 0.387838
vt 0.233524 0.391889
vt 0.229715 0.368380
vt 0.335293 0.360194
vt 0.435488 0.368775
vt 0.329780 0.711122
vt 0.230361 0.688952
vt 0.330064 0.688689
vt 0.426499 0.688801
vt 0.429780 0.710839
vt 0.425630 0.712783
vt 0.329745 0.712948
vt 0.226144 0.711118
vt 0.541764 0.726922
vt 0.434522 0.718899
vt 0.542843 0.724570
vt 0.532514 0.715166
vt 0.531842 0.712600
vt 0.616337 0.732454
vt 0.759581 0.252839
vt 0.757055 0.172555
vt 0.759598 0.172520
vt 0.633337 0.481115
vt 0.606414 0.558447
vt 0.606649 0.477858
vt 0.633100 0.418662
vt 0.759589 0.315357
vt 0.757061 0.253501
vt 0.529739 0.403909
vt 0.606851 0.389056
vt 0.608047 0.393263
vt 0.635927 0.449098
vt 0.638466 0.524360
vt 0.635811 0.524525
vt 0.000980 0.560987
vt 0.032046 0.634113
vt 0.001521 0.636222
vt 0.031288 0.690423
vt 0.002325 0.691715
vt 0.636095 0.393574
vt 0.638554 0.448179
vt 0.638460 0.604005
vt 0.635996 0.664351
vt 0.635849 0.603476
vt 0.001528 0.421480
vt 0.031886 0.478656
vt 0.001072 0.482246
vt 0.031665 0.557977
vt 0.339127 0.718899
vt 0.238794 0.727560
vt 0.329706 0.715863
vt 0.424453 0.715710
vt 0.339165 0.721500
vt 0.348911 0.996670
vt 0.349081 0.999020
vt 0.335207 0.357353
vt 0.235451 0.361546
vt 0.527523 0.630119
vt 0.426307 0.626029
vt 0.528498 0.550362
vt 0.605994 0.634413
vt 0.531712 0.689302
vt 0.116436 0.405371
vt 0.032439 0.395853
vt 0.119611 0.382352
vt 0.547982 0.906504
vt 0.632217 0.906603
vt 0.550405 0.921513
vt 0.632663 0.926929
vt 0.551701 0.939539
vt 0.444240 0.936509
vt 0.757236 0.096542
vt 0.759943 0.042564
vt 0.759763 0.097319
vt 0.633106 0.636441
vt 0.606730 0.690052
vt 0.633339 0.561315
vt 0.744002 0.257804
vt 0.738454 0.177069
vt 0.743948 0.176264
vt 0.744959 0.257630
vt 0.745097 0.320758
vt 0.744141 0.320802
vt 0.738567 0.259330
vt 0.656775 0.608835
vt 0.651687 0.669637
vt 0.651570 0.607709
vt 0.650714 0.669600
vt 0.650608 0.607583
vt 0.651518 0.527136
vt 0.656685 0.527316
vt 0.651717 0.449651
vt 0.650570 0.526901
vt 0.650756 0.449345
vt 0.651917 0.392364
vt 0.656992 0.448653
vt 0.738460 0.098180
vt 0.744236 0.041717
vt 0.744043 0.098709
vt 0.745002 0.098340
vt 0.744901 0.175949
vt 0.334817 0.789776
vt 0.234543 0.784990
vt 0.336621 0.777328
vt 0.235115 0.769306
vt 0.338463 0.762612
vt 0.437806 0.779627
vt 0.434828 0.792236
vt 0.342433 0.942115
vt 0.441884 0.923267
vt 0.343851 0.956992
vt 0.238623 0.953574
vt 0.238369 0.937937
vt 0.341522 0.929473
vt 0.543452 0.805115
vt 0.546236 0.790925
vt 0.439926 0.764416
vt 0.547353 0.773471
vt 0.630442 0.783109
vt 0.630555 0.802891
vt 0.628446 0.818849
vt 0.125024 0.923417
vt 0.239361 0.924646
vt 0.124062 0.941435
vt 0.033789 0.928839
vt 0.035766 0.908437
vt 0.039402 0.891458
vt 0.127555 0.908270
vt 0.547016 0.970141
vt 0.623505 0.966356
vt 0.546072 0.974961
vt 0.546490 0.975657
vt 0.445559 0.984262
vt 0.445316 0.983611
vt 0.445553 0.979294
vt 0.128690 0.754727
vt 0.043028 0.762276
vt 0.130017 0.749765
vt 0.129600 0.749009
vt 0.239906 0.736010
vt 0.240082 0.736742
vt 0.239343 0.741256
vt 0.120686 0.629852
vt 0.115282 0.689583
vt 0.120760 0.549810
vt 0.232037 0.625874
vt 0.744522 0.607474
vt 0.748204 0.664823
vt 0.746474 0.665992
vt 0.742557 0.608263
vt 0.741253 0.530017
vt 0.743236 0.530089
vt 0.746206 0.606807
vt 0.637559 0.082965
vt 0.610492 0.025012
vt 0.640525 0.025023
vt 0.638971 0.082912
vt 0.635738 0.159895
vt 0.634548 0.159942
vt 0.608252 0.083906
vt 0.651027 0.101318
vt 0.648295 0.043672
vt 0.649842 0.042826
vt 0.653054 0.100622
vt 0.654266 0.179033
vt 0.651913 0.179118
vt 0.649126 0.101885
vt 0.331155 0.805778
vt 0.332256 0.804051
vt 0.333367 0.802191
vt 0.428468 0.807612
vt 0.339166 0.914861
vt 0.434974 0.907037
vt 0.340344 0.916809
vt 0.337979 0.913075
vt 0.033050 0.316983
vt 0.118175 0.300781
vt 0.118379 0.326517
vt 0.225735 0.306552
vt 0.118422 0.333707
vt 0.033059 0.320083
vt 0.649341 0.257133
vt 0.651507 0.257559
vt 0.653805 0.258125
vt 0.650412 0.317070
vt 0.648415 0.316282
vt 0.633339 0.317530
vt 0.605102 0.298089
vt 0.633555 0.296573
vt 0.634759 0.317250
vt 0.634273 0.318377
vt 0.633198 0.319030
vt 0.605044 0.320377
vt 0.116614 0.025462
vt 0.032647 0.004832
vt 0.116526 0.003936
vt 0.116493 0.002631
vt 0.742736 0.451961
vt 0.738849 0.529944
vt 0.740387 0.451130
vt 0.736554 0.529901
vt 0.738129 0.450622
vt 0.742547 0.391777
vt 0.744811 0.393144
vt 0.740205 0.608965
vt 0.744525 0.667387
vt 0.742257 0.668648
vt 0.737941 0.609405
vt 0.239606 0.913624
vt 0.128432 0.896296
vt 0.239384 0.915587
vt 0.127752 0.898307
vt 0.040710 0.878563
vt 0.042421 0.876716
vt 0.655199 0.099897
vt 0.651492 0.041744
vt 0.653621 0.040527
vt 0.657184 0.099441
vt 0.658386 0.179020
vt 0.656420 0.178994
vt 0.234874 0.809235
vt 0.333926 0.800306
vt 0.234587 0.807320
vt 0.334127 0.798403
vt 0.433497 0.802831
vt 0.340924 0.918772
vt 0.440018 0.912339
vt 0.341129 0.920714
vt 0.658016 0.259224
vt 0.660430 0.179129
vt 0.659970 0.259378
vt 0.662389 0.179248
vt 0.661699 0.259401
vt 0.660463 0.320200
vt 0.658818 0.320231
vt 0.656821 0.320025
vt 0.542388 0.816438
vt 0.434130 0.800953
vt 0.543406 0.814590
vt 0.627858 0.830985
vt 0.625845 0.832463
vt 0.544276 0.894893
vt 0.623132 0.875779
vt 0.624952 0.877513
vt 0.545442 0.896862
vt 0.440672 0.914288
vt 0.127477 0.830350
vt 0.045468 0.852507
vt 0.043471 0.850939
vt 0.126640 0.828440
vt 0.735990 0.450649
vt 0.734407 0.529917
vt 0.733960 0.450836
vt 0.736220 0.391268
vt 0.738245 0.390968
vt 0.737929 0.669482
vt 0.735794 0.609423
vt 0.735895 0.669266
vt 0.733760 0.609306
vt 0.127939 0.900296
vt 0.239491 0.917486
vt 0.128350 0.902089
vt 0.040531 0.884573
vt 0.039909 0.882684
vt 0.657717 0.039799
vt 0.659265 0.099543
vt 0.659774 0.040171
vt 0.661327 0.099808
vt 0.234695 0.805420
vt 0.334171 0.796545
vt 0.234897 0.803727
vt 0.334152 0.794897
vt 0.433813 0.797426
vt 0.434076 0.799089
vt 0.341187 0.922588
vt 0.440901 0.916162
vt 0.440959 0.917830
vt 0.341183 0.924257
vt 0.239667 0.919182
vt 0.645572 0.606782
vt 0.642231 0.667448
vt 0.642178 0.605380
vt 0.638541 0.665361
vt 0.642203 0.524717
vt 0.645592 0.525402
vt 0.543194 0.812667
vt 0.542619 0.810922
vt 0.627959 0.825342
vt 0.628798 0.827174
vt 0.546242 0.898751
vt 0.626492 0.879498
vt 0.627809 0.881426
vt 0.546778 0.900410
vt 0.042391 0.846980
vt 0.126801 0.826453
vt 0.043015 0.845095
vt 0.127239 0.824660
vt 0.753378 0.255056
vt 0.749852 0.174124
vt 0.753331 0.173176
vt 0.757110 0.316401
vt 0.753476 0.318537
vt 0.749931 0.256633
vt 0.749985 0.096060
vt 0.753733 0.039635
vt 0.753493 0.095990
vt 0.757457 0.041131
vt 0.645722 0.447322
vt 0.642303 0.447441
vt 0.638661 0.392085
vt 0.642393 0.390516
vt 0.548860 0.979032
vt 0.625815 0.974196
vt 0.548698 0.982321
vt 0.446533 0.990605
vt 0.446895 0.987480
vt 0.339243 0.726012
vt 0.239506 0.729675
vt 0.339209 0.723718
vt 0.435028 0.721450
vt 0.436092 0.723723
vt 0.348510 0.990783
vt 0.348725 0.993828
vt 0.445873 0.993535
vt 0.246548 0.991862
vt 0.540797 0.729103
vt 0.436858 0.726113
vt 0.616821 0.734781
vt 0.616862 0.737399
vt 0.539768 0.731513
vt 0.131886 0.984107
vt 0.245817 0.988723
vt 0.041775 0.979083
vt 0.040608 0.975797
vt 0.130709 0.980735
vt 0.127170 0.745008
vt 0.041914 0.754445
vt 0.128543 0.742411
vt 0.042031 0.752119
vt 0.238828 0.732022
vt 0.648025 0.669775
vt 0.647938 0.607395
vt 0.645626 0.669339
vt 0.647922 0.526226
vt 0.747556 0.257364
vt 0.747486 0.175142
vt 0.750072 0.320472
vt 0.747700 0.320924
vt 0.747596 0.097151
vt 0.745204 0.041352
vt 0.747823 0.039981
vt 0.648089 0.448261
vt 0.648235 0.390711
vt 0.650938 0.392030
vt 0.547930 0.977155
vt 0.624072 0.967092
vt 0.626039 0.968638
vt 0.446343 0.985710
vt 0.339225 0.728067
vt 0.239204 0.734051
vt 0.436484 0.728248
vt 0.435781 0.730320
vt 0.339205 0.730093
vt 0.348262 0.989052
vt 0.245948 0.986966
vt 0.246367 0.985538
vt 0.348046 0.987629
vt 0.537904 0.735858
vt 0.538826 0.733746
vt 0.616871 0.739806
vt 0.616613 0.742022
vt 0.132718 0.977392
vt 0.131441 0.978873
vt 0.040324 0.970257
vt 0.042336 0.968722
vt 0.128058 0.747100
vt 0.042410 0.761493
vt 0.042301 0.759319
vt 0.133054 0.976705
vt 0.245212 0.980578
vt 0.246433 0.984897
vt 0.042915 0.967993
vt 0.131590 0.971891
vt 0.710471 0.612830
vt 0.729000 0.671088
vt 0.712068 0.676197
vt 0.690341 0.614331
vt 0.689810 0.528504
vt 0.709489 0.529209
vt 0.727004 0.610229
vt 0.537529 0.736680
vt 0.436388 0.735737
vt 0.435597 0.731100
vt 0.616399 0.742903
vt 0.539131 0.741725
vt 0.683171 0.097203
vt 0.666249 0.038654
vt 0.681992 0.034210
vt 0.702811 0.095800
vt 0.703498 0.181213
vt 0.684150 0.180834
vt 0.667701 0.099170
vt 0.339179 0.735275
vt 0.339192 0.730838
vt 0.347942 0.986994
vt 0.347365 0.982851
vt 0.655939 0.258742
vt 0.654618 0.319198
vt 0.652526 0.318100
vt 0.123365 0.803817
vt 0.041355 0.838485
vt 0.036281 0.822260
vt 0.033102 0.802368
vt 0.121946 0.785981
vt 0.234855 0.798278
vt 0.126304 0.818613
vt 0.668113 0.260820
vt 0.683927 0.264513
vt 0.703716 0.266719
vt 0.683348 0.327643
vt 0.667063 0.322261
vt 0.727258 0.449680
vt 0.710863 0.446391
vt 0.690862 0.444094
vt 0.712745 0.384246
vt 0.729424 0.389442
vt 0.645968 0.866707
vt 0.618051 0.872608
vt 0.605385 0.324557
vt 0.633453 0.319768
vt 0.634771 0.318727
vt 0.647260 0.865799
vt 0.646913 0.867395
vt 0.646760 0.336650
vt 0.647065 0.338509
vt 0.646024 0.338045
vt 0.635606 0.317293
vt 0.635933 0.296564
vt 0.647822 0.337088
vt 0.013616 0.978926
vt 0.012129 0.979438
vt 0.012013 0.976637
vt 0.638499 0.686650
vt 0.635299 0.686917
vt 0.635975 0.685475
vt 0.002085 0.400170
vt 0.030972 0.417702
vt 0.022118 0.862799
vt 0.050054 0.855765
vt 0.032439 0.002560
vt 0.003640 0.003916
vt 0.003448 0.003185
vt 0.002577 0.004452
vt 0.002154 0.004047
vt 0.021024 0.863839
vt 0.021181 0.862166
vt 0.749274 0.375856
vt 0.750949 0.375266
vt 0.750158 0.376561
vt 0.002063 0.005521
vt 0.001314 0.005357
vt 0.000982 0.025516
vt 0.748487 0.395969
vt 0.639822 0.731672
vt 0.616386 0.730178
vt 0.641192 0.731056
vt 0.641670 0.734021
vt 0.757716 0.021975
vt 0.760898 0.022296
vt 0.760186 0.023617
vt 0.632132 0.710533
vt 0.632689 0.691258
vt 0.759690 0.337026
vt 0.632620 0.396780
vt 0.607844 0.415381
vt 0.760363 0.338478
vt 0.757224 0.338203
vt 0.650050 0.975075
vt 0.650040 0.977872
vt 0.648542 0.977369
vt 0.630589 0.394320
vt 0.631812 0.395366
vt 0.749833 0.684455
vt 0.749080 0.664262
vt 0.000980 0.293093
vt 0.002041 0.313276
vt 0.001301 0.313392
vt 0.002121 0.314797
vt 0.750607 0.685847
vt 0.748945 0.685099
vt 0.016228 0.867509
vt 0.015781 0.865800
vt 0.017039 0.866768
vt 0.003582 0.315069
vt 0.003383 0.315815
vt 0.032867 0.321331
vt 0.635999 0.374359
vt 0.003024 0.711224
vt 0.031415 0.712012
vt 0.635299 0.373017
vt 0.638542 0.372687
vt 0.013995 0.755629
vt 0.014294 0.752555
vt 0.015705 0.753090
vt 0.646860 0.023972
vt 0.647192 0.044167
vt 0.643334 0.024856
vt 0.642902 0.004700
vt 0.644063 0.004555
vt 0.643244 0.003279
vt 0.647137 0.022170
vt 0.647961 0.023436
vt 0.651799 0.839461
vt 0.651841 0.840858
vt 0.650655 0.839913
vt 0.641966 0.002431
vt 0.642506 0.003653
vt 0.641332 0.003119
vt 0.612011 0.001857
vt 0.666703 0.343861
vt 0.683186 0.349784
vt 0.703757 0.331218
vt 0.703868 0.353790
vt 0.683162 0.351345
vt 0.666649 0.345393
vt 0.658148 0.884085
vt 0.661694 0.901021
vt 0.660329 0.901446
vt 0.662260 0.922411
vt 0.660696 0.922562
vt 0.630141 0.889844
vt 0.730197 0.368338
vt 0.713382 0.362498
vt 0.692220 0.380978
vt 0.692622 0.358905
vt 0.713528 0.360946
vt 0.730413 0.366819
vt 0.012077 0.845384
vt 0.004823 0.829143
vt 0.006288 0.828629
vt 0.000980 0.808179
vt 0.002515 0.807987
vt 0.008974 0.885620
vt 0.004935 0.903243
vt 0.002591 0.924483
vt 0.000980 0.924319
vt 0.003378 0.902786
vt 0.712605 0.698397
vt 0.729903 0.694038
vt 0.712733 0.700021
vt 0.691581 0.702425
vt 0.691312 0.679594
vt 0.729711 0.692444
vt 0.659634 0.807037
vt 0.659121 0.786419
vt 0.660658 0.786491
vt 0.661122 0.807408
vt 0.657743 0.823629
vt 0.681640 0.012215
vt 0.665684 0.015998
vt 0.681636 0.010685
vt 0.702071 0.009054
vt 0.702178 0.031493
vt 0.665753 0.017495
vt 0.652681 0.871578
vt 0.650914 0.869859
vt 0.652178 0.868842
vt 0.654030 0.870664
vt 0.654196 0.873543
vt 0.656101 0.341446
vt 0.653197 0.342111
vt 0.653895 0.340468
vt 0.651110 0.340699
vt 0.651864 0.339186
vt 0.014796 0.858108
vt 0.042200 0.849045
vt 0.016972 0.859660
vt 0.015801 0.860716
vt 0.013449 0.858993
vt 0.013446 0.856275
vt 0.741176 0.370424
vt 0.743816 0.369770
vt 0.743256 0.371280
vt 0.746274 0.371354
vt 0.745503 0.372735
vt 0.740357 0.390939
vt 0.742924 0.689312
vt 0.740055 0.669448
vt 0.745172 0.687954
vt 0.745914 0.689432
vt 0.743453 0.690905
vt 0.740826 0.690147
vt 0.009573 0.874392
vt 0.009228 0.871590
vt 0.010702 0.872395
vt 0.011253 0.869582
vt 0.012586 0.870551
vt 0.039654 0.880608
vt 0.653150 0.020050
vt 0.655664 0.039707
vt 0.651003 0.021337
vt 0.650236 0.019988
vt 0.652585 0.018580
vt 0.655134 0.019231
vt 0.658356 0.834329
vt 0.658445 0.836876
vt 0.657056 0.836094
vt 0.656259 0.838512
vt 0.655017 0.837565
vt 0.629147 0.829162
vt 0.655575 0.875420
vt 0.628804 0.883101
vt 0.655608 0.872863
vt 0.656929 0.874927
vt 0.656689 0.877077
vt 0.658209 0.341678
vt 0.659825 0.343208
vt 0.657890 0.343374
vt 0.659964 0.341610
vt 0.014039 0.852306
vt 0.013533 0.854271
vt 0.011972 0.854554
vt 0.012494 0.852544
vt 0.737150 0.370464
vt 0.739036 0.368749
vt 0.739189 0.370315
vt 0.741335 0.368875
vt 0.736773 0.690249
vt 0.738819 0.690317
vt 0.740974 0.691769
vt 0.738676 0.691955
vt 0.009743 0.876422
vt 0.008648 0.878185
vt 0.008104 0.876176
vt 0.010275 0.878389
vt 0.659122 0.019390
vt 0.657053 0.019172
vt 0.654994 0.017732
vt 0.657260 0.017646
vt 0.658080 0.832398
vt 0.658858 0.830563
vt 0.659637 0.832554
vt 0.657321 0.830474
vt 0.656900 0.693317
vt 0.671936 0.676356
vt 0.671976 0.698878
vt 0.691460 0.704050
vt 0.671605 0.700465
vt 0.656476 0.694847
vt 0.005818 0.944110
vt 0.008680 0.959778
vt 0.004205 0.944256
vt 0.037055 0.947747
vt 0.010238 0.959538
vt 0.738778 0.019545
vt 0.722542 0.034984
vt 0.722653 0.013411
vt 0.702296 0.007528
vt 0.723089 0.011929
vt 0.739250 0.018123
vt 0.652895 0.766370
vt 0.647547 0.750234
vt 0.654421 0.766144
vt 0.624840 0.763755
vt 0.646087 0.750547
vt 0.652024 0.957899
vt 0.629071 0.945994
vt 0.656636 0.942351
vt 0.658259 0.942481
vt 0.653595 0.958124
vt 0.723706 0.350297
vt 0.739418 0.346345
vt 0.724117 0.351879
vt 0.704047 0.355392
vt 0.723463 0.327833
vt 0.738973 0.344812
vt 0.011205 0.772113
vt 0.036468 0.783140
vt 0.005991 0.788027
vt 0.004447 0.787884
vt 0.009727 0.771869
vt 0.672799 0.363437
vt 0.656850 0.368500
vt 0.672398 0.361929
vt 0.672659 0.384810
vt 0.657310 0.369942
vt 0.009365 0.973167
vt 0.039071 0.972230
vt 0.010504 0.977204
vt 0.007826 0.973665
vt 0.007778 0.969578
vt 0.645570 0.690740
vt 0.641613 0.690396
vt 0.642221 0.688878
vt 0.637792 0.688115
vt 0.644905 0.736589
vt 0.643069 0.733378
vt 0.646391 0.736144
vt 0.647079 0.739361
vt 0.753985 0.020267
vt 0.750764 0.018104
vt 0.754613 0.018868
vt 0.750236 0.038957
vt 0.750602 0.019500
vt 0.753567 0.340437
vt 0.757933 0.339679
vt 0.754182 0.341962
vt 0.750224 0.342302
vt 0.654134 0.968009
vt 0.654142 0.972086
vt 0.652592 0.971597
vt 0.651572 0.975635
vt 0.627270 0.970627
vt 0.642285 0.370946
vt 0.645818 0.389760
vt 0.641669 0.369528
vt 0.645463 0.368741
vt 0.645599 0.370144
vt 0.008976 0.761287
vt 0.009406 0.758054
vt 0.010923 0.758422
vt 0.012552 0.755063
vt 0.042015 0.757013
vt 0.011157 0.965931
vt 0.009078 0.967635
vt 0.007505 0.967386
vt 0.009612 0.965559
vt 0.650451 0.691236
vt 0.648105 0.692783
vt 0.647769 0.691265
vt 0.645476 0.692246
vt 0.644188 0.743883
vt 0.646109 0.741661
vt 0.647508 0.742152
vt 0.645556 0.744323
vt 0.748303 0.020287
vt 0.745338 0.020046
vt 0.747980 0.018845
vt 0.745620 0.021455
vt 0.745466 0.342769
vt 0.748057 0.342808
vt 0.750342 0.343820
vt 0.747771 0.344341
vt 0.652937 0.966059
vt 0.652547 0.963971
vt 0.654509 0.965808
vt 0.650989 0.964341
vt 0.650675 0.372012
vt 0.647909 0.370877
vt 0.648260 0.369431
vt 0.650975 0.370599
vt 0.010213 0.763440
vt 0.011076 0.766007
vt 0.008837 0.764028
vt 0.012413 0.765473
vt 0.746381 0.453676
vt 0.744700 0.452892
vt 0.746760 0.394677
vt 0.523693 0.328080
vt 0.419506 0.306740
vt 0.523490 0.302377
vt 0.605099 0.323377
vt 0.523907 0.335002
vt 0.523594 0.086698
vt 0.415872 0.025241
vt 0.524216 0.025161
vt 0.605985 0.161645
vt 0.523072 0.166653
vt 0.416687 0.089438
vt 0.319974 0.090339
vt 0.224360 0.171685
vt 0.223418 0.089467
vt 0.321325 0.173398
vt 0.524416 0.003479
vt 0.415699 0.001663
vt 0.524592 0.002081
vt 0.611193 0.004102
vt 0.641318 0.004527
vt 0.611362 0.002584
vt 0.116878 0.086789
vt 0.032538 0.160966
vt 0.032525 0.084050
vt 0.117269 0.166346
vt 0.003275 0.083123
vt 0.002085 0.159086
vt 0.001912 0.083065
vt 0.003284 0.025694
vt 0.032576 0.025591
vt 0.003296 0.159134
vt 0.003242 0.292989
vt 0.003440 0.313527
vt 0.032914 0.295004
vt 0.002541 0.314424
vt 0.003493 0.005348
vt 0.032709 0.237135
vt 0.117753 0.242537
vt 0.225153 0.247936
vt 0.418727 0.248064
vt 0.322412 0.249659
vt 0.523159 0.243560
vt 0.417737 0.171665
vt 0.605172 0.239106
vt 0.633580 0.237587
vt 0.634907 0.237564
vt 0.635067 0.296502
vt 0.001900 0.235286
vt 0.003245 0.235296
vt 0.001745 0.292945
vt 0.429190 0.457267
vt 0.332041 0.539368
vt 0.333550 0.453470
vt 0.233853 0.456768
vt 0.529392 0.467653
vt 0.427704 0.542266
vt 0.121413 0.467662
vt 0.232693 0.541829
vt 0.330848 0.624608
vt 0.531821 0.711376
vt 0.606459 0.711095
vt 0.031918 0.712993
vt 0.005135 0.713371
vt 0.003867 0.712515
vt 0.115783 0.710843
vt 0.547061 0.901210
vt 0.629289 0.883943
vt 0.441035 0.918591
vt 0.234965 0.802957
vt 0.334181 0.794159
vt 0.433778 0.796677
vt 0.341199 0.925007
vt 0.239712 0.919952
vt 0.542473 0.810115
vt 0.627707 0.824472
vt 0.128448 0.902926
vt 0.040683 0.885472
vt 0.734963 0.669285
vt 0.732833 0.609314
vt 0.725737 0.529754
vt 0.731467 0.529946
vt 0.732382 0.529947
vt 0.660707 0.040217
vt 0.662250 0.099861
vt 0.668710 0.179712
vt 0.663267 0.179313
vt 0.043141 0.844203
vt 0.127338 0.823825
vt 0.662533 0.259498
vt 0.661322 0.320328
vt 0.733038 0.450839
vt 0.735298 0.391276
vt 0.660893 0.341726
vt 0.660826 0.343265
vt 0.657220 0.877971
vt 0.657949 0.876584
vt 0.658391 0.877445
vt 0.659348 0.883553
vt 0.736146 0.370383
vt 0.736209 0.368837
vt 0.736998 0.368912
vt 0.012625 0.851751
vt 0.014091 0.851309
vt 0.010678 0.845985
vt 0.010371 0.879392
vt 0.007471 0.885085
vt 0.008810 0.879002
vt 0.735764 0.690358
vt 0.736630 0.691877
vt 0.735816 0.691979
vt 0.657109 0.829489
vt 0.659168 0.824088
vt 0.658584 0.829780
vt 0.660133 0.019344
vt 0.659366 0.017882
vt 0.660199 0.017832
vt 0.524278 0.337479
vt 0.537406 0.889531
vt 0.434034 0.906234
vt 0.420640 0.350510
vt 0.116397 0.001937
vt 0.032635 0.003318
vt 0.131496 0.835916
vt 0.235253 0.814670
vt 0.235226 0.815567
vt 0.222478 0.001321
vt 0.118353 0.336315
vt 0.226300 0.351004
vt 0.239360 0.907007
vt 0.131558 0.890124
vt 0.046311 0.872855
vt 0.416087 0.001023
vt 0.525141 0.001388
vt 0.535624 0.820873
vt 0.621299 0.834842
vt 0.001197 0.235373
vt 0.747050 0.606486
vt 0.744899 0.530145
vt 0.745724 0.530171
vt 0.001435 0.159063
vt 0.639953 0.082789
vt 0.642181 0.025030
vt 0.647976 0.102210
vt 0.649696 0.179211
vt 0.648518 0.179274
vt 0.636553 0.159858
vt 0.318766 0.000980
vt 0.330593 0.806659
vt 0.427498 0.808335
vt 0.324154 0.355392
vt 0.337370 0.912167
vt 0.239484 0.907934
vt 0.635724 0.237601
vt 0.648212 0.256944
vt 0.647336 0.315926
vt 0.648809 0.868558
vt 0.648201 0.866433
vt 0.650070 0.867535
vt 0.649008 0.339454
vt 0.649787 0.338008
vt 0.019242 0.860950
vt 0.020086 0.863227
vt 0.018141 0.862044
vt 0.748330 0.373088
vt 0.747506 0.374408
vt 0.750079 0.374553
vt 0.747173 0.686421
vt 0.749732 0.686501
vt 0.747974 0.687843
vt 0.013276 0.867949
vt 0.014551 0.868960
vt 0.014965 0.866524
vt 0.649417 0.022497
vt 0.648593 0.021199
vt 0.654492 0.839538
vt 0.653297 0.838554
vt 0.652982 0.840408
vt 0.001205 0.082939
vt 0.747223 0.454054
vt 0.749361 0.396591
vt 0.001757 0.025697
vt 0.723194 0.263649
vt 0.722915 0.179344
vt 0.738743 0.322641
vt 0.671492 0.612024
vt 0.656974 0.671396
vt 0.671294 0.527826
vt 0.671909 0.445827
vt 0.657335 0.390386
vt 0.722665 0.096675
vt 0.738569 0.039956
vt 0.549676 0.956527
vt 0.624965 0.961034
vt 0.446214 0.967111
vt 0.446213 0.952203
vt 0.124937 0.768761
vt 0.041314 0.767727
vt 0.237256 0.754024
vt 0.127470 0.958293
vt 0.241780 0.968390
vt 0.041379 0.962703
vt 0.543662 0.755997
vt 0.438624 0.748852
vt 0.618605 0.748351
vt 0.339141 0.747822
vt 0.345739 0.971171
vt 0.651535 0.691400
vt 0.651383 0.692968
vt 0.650706 0.692755
vt 0.010176 0.965008
vt 0.011745 0.965019
vt 0.744507 0.021658
vt 0.744656 0.020197
vt 0.645197 0.744939
vt 0.643742 0.744925
vt 0.650446 0.963425
vt 0.652031 0.963404
vt 0.744405 0.342922
vt 0.745250 0.344313
vt 0.744582 0.344502
vt 0.012978 0.766464
vt 0.011525 0.766564
vt 0.651801 0.372186
vt 0.651661 0.370710
vt 0.032734 0.393479
vt 0.004134 0.397759
vt 0.032577 0.391794
vt 0.002901 0.398778
vt 0.606327 0.712504
vt 0.631300 0.711820
vt 0.630041 0.712677
vt 0.606266 0.714092
vt 0.244745 0.873764
vt 0.346687 0.868954
vt 0.347110 0.870578
vt 0.435198 0.863883
vt 0.435738 0.865305
vt 0.347786 0.872188
vt 0.244746 0.875551
vt 0.384794 0.541562
vt 0.300694 0.546640
vt 0.300627 0.545232
vt 0.136806 0.727762
vt 0.048862 0.738019
vt 0.048295 0.736292
vt 0.136056 0.726310
vt 0.382616 0.728404
vt 0.298229 0.722870
vt 0.382981 0.726713
vt 0.383752 0.725263
vt 0.298358 0.720061
vt 0.384606 0.723810
vt 0.471406 0.530307
vt 0.472035 0.531692
vt 0.385549 0.542997
vt 0.140031 0.539070
vt 0.223146 0.544378
vt 0.139638 0.540533
vt 0.243110 0.843906
vt 0.140760 0.849214
vt 0.140329 0.847585
vt 0.051929 0.854726
vt 0.051380 0.853301
vt 0.139645 0.845973
vt 0.243107 0.842112
vt 0.138058 0.543399
vt 0.051401 0.532784
vt 0.138895 0.541965
vt 0.386392 0.544436
vt 0.300756 0.549470
vt 0.300743 0.548044
vt 0.137467 0.544872
vt 0.049991 0.534119
vt 0.345769 0.847235
vt 0.433899 0.854086
vt 0.345346 0.848861
vt 0.346446 0.845624
vt 0.434441 0.852668
vt 0.142469 0.869998
vt 0.054491 0.862666
vt 0.142893 0.868378
vt 0.141795 0.871603
vt 0.053947 0.864084
vt 0.470598 0.737858
vt 0.298303 0.721467
vt 0.220981 0.723755
vt 0.137165 0.729479
vt 0.471179 0.736149
vt 0.044021 0.518823
vt 0.133454 0.483114
vt 0.135527 0.515174
vt 0.246915 0.481873
vt 0.246792 0.512858
vt 0.246784 0.514800
vt 0.135465 0.516912
vt 0.482683 0.522459
vt 0.452208 0.487428
vt 0.484460 0.487878
vt 0.486691 0.488027
vt 0.484668 0.522567
vt 0.484113 0.523857
vt 0.482521 0.523913
vt 0.449799 0.521399
vt 0.457718 0.134688
vt 0.485681 0.036999
vt 0.490415 0.134626
vt 0.487914 0.036866
vt 0.493156 0.134511
vt 0.489901 0.389937
vt 0.459426 0.299565
vt 0.492383 0.299681
vt 0.492641 0.390066
vt 0.134082 0.039916
vt 0.044546 0.003712
vt 0.136230 0.007883
vt 0.136169 0.006141
vt 0.247714 0.008851
vt 0.247715 0.010797
vt 0.247719 0.041767
vt 0.048564 0.538077
vt 0.137380 0.547033
vt 0.386934 0.550180
vt 0.300722 0.551590
vt 0.387089 0.548017
vt 0.386994 0.545916
vt 0.048784 0.540641
vt 0.347306 0.844019
vt 0.435408 0.851314
vt 0.243105 0.840310
vt 0.243103 0.838495
vt 0.347996 0.842388
vt 0.436756 0.849871
vt 0.140936 0.873200
vt 0.052977 0.865437
vt 0.244745 0.877346
vt 0.244740 0.879154
vt 0.140240 0.874825
vt 0.051626 0.866876
vt 0.472213 0.734956
vt 0.135211 0.724857
vt 0.220751 0.719545
vt 0.220779 0.720966
vt 0.385212 0.722317
vt 0.473597 0.733636
vt 0.385297 0.720207
vt 0.298374 0.718634
vt 0.298338 0.716511
vt 0.473119 0.532926
vt 0.474530 0.534251
vt 0.222921 0.548583
vt 0.348643 0.873792
vt 0.436704 0.866662
vt 0.438049 0.868110
vt 0.349328 0.875422
vt 0.222945 0.547164
vt 0.047274 0.735083
vt 0.045890 0.733742
vt 0.134614 0.723368
vt 0.138779 0.844366
vt 0.050403 0.851943
vt 0.049046 0.850496
vt 0.138084 0.842733
vt 0.049381 0.542200
vt 0.137545 0.549259
vt 0.137928 0.550804
vt 0.386034 0.553295
vt 0.300656 0.555189
vt 0.386551 0.551734
vt 0.300682 0.553768
vt 0.049857 0.543099
vt 0.348195 0.840151
vt 0.437886 0.848332
vt 0.243101 0.836386
vt 0.348135 0.837823
vt 0.438069 0.842948
vt 0.438254 0.845687
vt 0.140024 0.877063
vt 0.050487 0.868412
vt 0.244729 0.881261
vt 0.140064 0.879391
vt 0.050257 0.873814
vt 0.050095 0.871064
vt 0.474960 0.729701
vt 0.134691 0.718945
vt 0.220796 0.717374
vt 0.134526 0.721188
vt 0.474711 0.727149
vt 0.384735 0.716469
vt 0.298296 0.714332
vt 0.298267 0.712909
vt 0.475956 0.538199
vt 0.475743 0.540760
vt 0.222975 0.550751
vt 0.349520 0.877662
vt 0.439174 0.869653
vt 0.439533 0.872305
vt 0.439337 0.875051
vt 0.349452 0.879991
vt 0.044509 0.729770
vt 0.044753 0.727200
vt 0.385130 0.718035
vt 0.137881 0.840491
vt 0.047909 0.848952
vt 0.047537 0.846295
vt 0.047723 0.843543
vt 0.137936 0.838159
vt 0.138258 0.553860
vt 0.138447 0.552354
vt 0.386233 0.554811
vt 0.300520 0.560883
vt 0.300622 0.557998
vt 0.137480 0.556630
vt 0.049649 0.543892
vt 0.437493 0.841363
vt 0.347790 0.836132
vt 0.243099 0.834193
vt 0.243096 0.832367
vt 0.347290 0.834438
vt 0.437010 0.840427
vt 0.050818 0.875406
vt 0.140392 0.881080
vt 0.244717 0.883451
vt 0.244706 0.885271
vt 0.140875 0.882772
vt 0.051294 0.876351
vt 0.474104 0.725600
vt 0.135603 0.715822
vt 0.220892 0.713722
vt 0.135078 0.717386
vt 0.220852 0.715141
vt 0.473633 0.724717
vt 0.384205 0.714897
vt 0.298227 0.710096
vt 0.384399 0.713370
vt 0.475150 0.542325
vt 0.474679 0.543227
vt 0.223086 0.554397
vt 0.349102 0.881679
vt 0.438755 0.876636
vt 0.438268 0.877574
vt 0.348597 0.883369
vt 0.223041 0.552980
vt 0.045361 0.725648
vt 0.045836 0.724762
vt 0.138278 0.836463
vt 0.048301 0.841948
vt 0.048785 0.841004
vt 0.138775 0.834764
vt 0.385851 0.704659
vt 0.475231 0.721178
vt 0.384874 0.710833
vt 0.132708 0.705273
vt 0.219040 0.694189
vt 0.219830 0.701832
vt 0.222990 0.567207
vt 0.135602 0.563488
vt 0.386839 0.696931
vt 0.478655 0.714407
vt 0.048032 0.546813
vt 0.388516 0.564756
vt 0.299777 0.576253
vt 0.300163 0.568028
vt 0.130741 0.680267
vt 0.218893 0.686840
vt 0.130081 0.688973
vt 0.133657 0.571918
vt 0.043914 0.554088
vt 0.350624 0.824262
vt 0.438991 0.836859
vt 0.348451 0.830283
vt 0.243145 0.820367
vt 0.243195 0.812529
vt 0.352920 0.816039
vt 0.443369 0.830176
vt 0.137109 0.893922
vt 0.049191 0.880363
vt 0.139597 0.887167
vt 0.244304 0.897535
vt 0.243973 0.905415
vt 0.134475 0.902725
vt 0.044498 0.888359
vt 0.384696 0.671168
vt 0.295461 0.679067
vt 0.295433 0.670673
vt 0.390987 0.581196
vt 0.484465 0.565202
vt 0.486501 0.575751
vt 0.485818 0.586689
vt 0.390544 0.588986
vt 0.222852 0.582569
vt 0.132657 0.580006
vt 0.243749 0.913671
vt 0.353413 0.902434
vt 0.354408 0.911787
vt 0.448031 0.898370
vt 0.450077 0.909881
vt 0.449251 0.922338
vt 0.353954 0.921777
vt 0.299547 0.583175
vt 0.038179 0.704907
vt 0.036739 0.694256
vt 0.037775 0.682775
vt 0.387410 0.688899
vt 0.295870 0.693678
vt 0.295493 0.686526
vt 0.243239 0.804138
vt 0.133626 0.815133
vt 0.132541 0.805636
vt 0.039089 0.818975
vt 0.037112 0.807348
vt 0.037996 0.794996
vt 0.132958 0.795785
vt 0.039749 0.563754
vt 0.133023 0.588208
vt 0.390155 0.573339
vt 0.038181 0.585676
vt 0.037581 0.574378
vt 0.347568 0.832779
vt 0.243092 0.828737
vt 0.243105 0.826293
vt 0.437240 0.839608
vt 0.140586 0.884426
vt 0.244686 0.888886
vt 0.244590 0.891400
vt 0.051057 0.877174
vt 0.135413 0.714301
vt 0.220662 0.708259
vt 0.220953 0.710916
vt 0.473833 0.723938
vt 0.297902 0.707487
vt 0.296894 0.701165
vt 0.474891 0.544022
vt 0.386918 0.557651
vt 0.223103 0.560088
vt 0.348870 0.885026
vt 0.438496 0.878396
vt 0.349647 0.887640
vt 0.223156 0.557197
vt 0.045635 0.723979
vt 0.134623 0.711677
vt 0.138494 0.833101
vt 0.048553 0.840180
vt 0.137672 0.830425
vt 0.042423 0.597832
vt 0.135208 0.597346
vt 0.386202 0.604957
vt 0.299289 0.597839
vt 0.388326 0.597792
vt 0.299412 0.589926
vt 0.046756 0.607439
vt 0.354186 0.806693
vt 0.447874 0.820741
vt 0.353907 0.796816
vt 0.449638 0.796914
vt 0.450268 0.809348
vt 0.133002 0.912040
vt 0.039722 0.898950
vt 0.133166 0.921836
vt 0.037707 0.922457
vt 0.037181 0.910394
vt 0.482115 0.705233
vt 0.386921 0.680425
vt 0.130822 0.697263
vt 0.483097 0.683194
vt 0.483906 0.694637
vt 0.222880 0.575464
vt 0.476472 0.547147
vt 0.480472 0.555027
vt 0.351501 0.894000
vt 0.440104 0.881321
vt 0.444043 0.888511
vt 0.044339 0.721159
vt 0.041233 0.714217
vt 0.135689 0.823870
vt 0.046943 0.837079
vt 0.043022 0.829367
vt 0.047542 0.610683
vt 0.137323 0.604725
vt 0.137678 0.607170
vt 0.386271 0.610396
vt 0.299296 0.610871
vt 0.299283 0.609281
vt 0.385850 0.607318
vt 0.299223 0.604377
vt 0.136662 0.611810
vt 0.047154 0.612118
vt 0.137252 0.610223
vt 0.445115 0.783713
vt 0.351648 0.786124
vt 0.243282 0.795549
vt 0.243340 0.786086
vt 0.349357 0.777542
vt 0.440492 0.773398
vt 0.042208 0.935529
vt 0.135424 0.932629
vt 0.243613 0.922374
vt 0.243547 0.932064
vt 0.137753 0.941311
vt 0.046843 0.945858
vt 0.478707 0.671066
vt 0.135289 0.663242
vt 0.219365 0.670628
vt 0.133096 0.670807
vt 0.219101 0.679192
vt 0.474296 0.661538
vt 0.382226 0.661326
vt 0.295428 0.663865
vt 0.295371 0.661640
vt 0.481514 0.598555
vt 0.477153 0.607992
vt 0.223045 0.597636
vt 0.351558 0.932628
vt 0.444612 0.935541
vt 0.439930 0.945860
vt 0.349180 0.941300
vt 0.222909 0.589540
vt 0.042207 0.670606
vt 0.046585 0.661035
vt 0.382583 0.663768
vt 0.135345 0.785077
vt 0.042679 0.781785
vt 0.047390 0.771390
vt 0.137727 0.776446
vt 0.136399 0.613357
vt 0.046035 0.613896
vt 0.386839 0.615091
vt 0.299300 0.612288
vt 0.387142 0.613539
vt 0.386867 0.611976
vt 0.046103 0.616894
vt 0.045616 0.615392
vt 0.439611 0.769904
vt 0.348937 0.774683
vt 0.243387 0.778382
vt 0.243397 0.775825
vt 0.349408 0.771311
vt 0.243403 0.770324
vt 0.350048 0.769533
vt 0.439974 0.768471
vt 0.047714 0.949363
vt 0.138172 0.944203
vt 0.243523 0.939887
vt 0.243513 0.942480
vt 0.137685 0.947571
vt 0.243492 0.947978
vt 0.137028 0.949353
vt 0.047341 0.950795
vt 0.473490 0.658317
vt 0.135229 0.657739
vt 0.219482 0.657052
vt 0.219514 0.658659
vt 0.135664 0.660730
vt 0.219556 0.663689
vt 0.383256 0.656655
vt 0.473888 0.656866
vt 0.382662 0.658237
vt 0.295498 0.655856
vt 0.383524 0.655088
vt 0.476366 0.611185
vt 0.476751 0.612628
vt 0.223087 0.610859
vt 0.348739 0.944188
vt 0.439032 0.949360
vt 0.439395 0.950790
vt 0.349842 0.949333
vt 0.349203 0.947552
vt 0.243501 0.946135
vt 0.223153 0.604301
vt 0.223230 0.606481
vt 0.047388 0.657802
vt 0.047006 0.656404
vt 0.134627 0.656150
vt 0.295500 0.657271
vt 0.138169 0.773568
vt 0.048297 0.767865
vt 0.047938 0.766433
vt 0.137074 0.768428
vt 0.137713 0.770211
vt 0.243404 0.772168
vt 0.047314 0.618722
vt 0.136693 0.614896
vt 0.137336 0.616613
vt 0.385184 0.618979
vt 0.299235 0.615428
vt 0.386193 0.616781
vt 0.299276 0.613705
vt 0.049191 0.621026
vt 0.350316 0.767828
vt 0.441135 0.766569
vt 0.243403 0.768466
vt 0.349995 0.766136
vt 0.441007 0.763481
vt 0.441537 0.765023
vt 0.136746 0.951055
vt 0.046154 0.952707
vt 0.243482 0.949835
vt 0.137068 0.952742
vt 0.046264 0.955792
vt 0.045737 0.954253
vt 0.475011 0.655100
vt 0.134670 0.653124
vt 0.219475 0.655656
vt 0.134371 0.654634
vt 0.474929 0.652091
vt 0.475428 0.653600
vt 0.382581 0.651838
vt 0.295480 0.654440
vt 0.295457 0.652721
vt 0.477873 0.614407
vt 0.478296 0.615906
vt 0.477804 0.617407
vt 0.223085 0.612269
vt 0.350104 0.951032
vt 0.440561 0.952699
vt 0.440961 0.954244
vt 0.440423 0.955780
vt 0.349772 0.952717
vt 0.045880 0.654628
vt 0.045471 0.653148
vt 0.045962 0.651660
vt 0.383218 0.653527
vt 0.136811 0.766731
vt 0.046782 0.764518
vt 0.046387 0.762975
vt 0.046927 0.761446
vt 0.137144 0.765053
vt 0.051627 0.623769
vt 0.138339 0.618829
vt 0.139640 0.621509
vt 0.382639 0.624146
vt 0.299098 0.620475
vt 0.383872 0.621645
vt 0.299175 0.617699
vt 0.053922 0.626318
vt 0.439698 0.761552
vt 0.349313 0.764294
vt 0.243412 0.766607
vt 0.243425 0.764760
vt 0.348322 0.762090
vt 0.437680 0.759115
vt 0.047587 0.957718
vt 0.137765 0.954581
vt 0.243476 0.951692
vt 0.243474 0.953538
vt 0.138788 0.956787
vt 0.049635 0.960151
vt 0.473711 0.650269
vt 0.136355 0.649189
vt 0.219582 0.652517
vt 0.135331 0.651407
vt 0.219513 0.654260
vt 0.471830 0.647972
vt 0.380315 0.646975
vt 0.295425 0.650455
vt 0.295389 0.647684
vt 0.476584 0.619227
vt 0.474691 0.621520
vt 0.223162 0.615423
vt 0.349072 0.954553
vt 0.439097 0.957704
vt 0.437054 0.960133
vt 0.348053 0.956757
vt 0.223114 0.613678
vt 0.047180 0.649829
vt 0.049061 0.647520
vt 0.381593 0.649642
vt 0.137849 0.763222
vt 0.048258 0.759533
vt 0.050310 0.757120
vt 0.138877 0.761027
vt 0.055383 0.628119
vt 0.140861 0.624024
vt 0.141627 0.625787
vt 0.381457 0.627575
vt 0.298988 0.624890
vt 0.381862 0.625891
vt 0.299030 0.623083
vt 0.056152 0.629719
vt 0.435078 0.756214
vt 0.347035 0.759438
vt 0.243444 0.762657
vt 0.243470 0.760124
vt 0.345823 0.756950
vt 0.432639 0.753522
vt 0.052284 0.963045
vt 0.140123 0.959441
vt 0.243476 0.955644
vt 0.243482 0.958181
vt 0.141386 0.961929
vt 0.054773 0.965729
vt 0.469398 0.645233
vt 0.138916 0.643984
vt 0.219811 0.647455
vt 0.137678 0.646505
vt 0.219684 0.650236
vt 0.467112 0.642685
vt 0.378375 0.642721
vt 0.295361 0.645081
vt 0.295347 0.643276
vt 0.472232 0.624247
vt 0.469913 0.626781
vt 0.223319 0.620492
vt 0.346732 0.959408
vt 0.434421 0.963023
vt 0.431954 0.965704
vt 0.345488 0.961893
vt 0.223232 0.617707
vt 0.051492 0.644767
vt 0.053776 0.642205
vt 0.379120 0.644470
vt 0.140214 0.758388
vt 0.052958 0.754250
vt 0.055443 0.751588
vt 0.141476 0.755912
vt 0.499007 0.042907
vt 0.531399 0.129118
vt 0.499289 0.129897
vt 0.531951 0.244997
vt 0.499944 0.245128
vt 0.497808 0.245134
vt 0.497286 0.129764
vt 0.431096 0.751621
vt 0.345040 0.755138
vt 0.243496 0.757747
vt 0.243516 0.755977
vt 0.344597 0.753429
vt 0.430264 0.749979
vt 0.056355 0.967625
vt 0.142208 0.963737
vt 0.243490 0.960563
vt 0.243499 0.962330
vt 0.142693 0.965392
vt 0.057220 0.969243
vt 0.465666 0.640880
vt 0.140078 0.640531
vt 0.219995 0.643020
vt 0.139687 0.642213
vt 0.219926 0.644840
vt 0.464912 0.639288
vt 0.623435 0.037796
vt 0.707657 0.125846
vt 0.623319 0.126861
vt 0.468434 0.628572
vt 0.467648 0.630167
vt 0.223442 0.624927
vt 0.142012 0.627488
vt 0.344685 0.963700
vt 0.430391 0.967598
vt 0.429543 0.969212
vt 0.344216 0.965352
vt 0.223396 0.623107
vt 0.055220 0.640391
vt 0.055972 0.638792
vt 0.378003 0.641060
vt 0.142296 0.754112
vt 0.057021 0.749707
vt 0.057884 0.748073
vt 0.142773 0.752411
vt 0.502101 0.478687
vt 0.532931 0.449548
vt 0.533105 0.480291
vt 0.532899 0.482118
vt 0.501998 0.480186
vt 0.500872 0.479897
vt 0.500615 0.478766
vt 0.499782 0.448760
vt 0.501502 0.448565
vt 0.963073 0.130956
vt 0.997348 0.042652
vt 0.995200 0.132519
vt 0.997021 0.132398
vt 0.995241 0.244629
vt 0.993285 0.244629
vt 0.961544 0.244568
vt 0.868856 0.451727
vt 0.963771 0.479112
vt 0.868858 0.483591
vt 0.869003 0.485955
vt 0.623501 0.484168
vt 0.706766 0.453663
vt 0.706712 0.485796
vt 0.706687 0.488360
vt 0.623353 0.486516
vt 0.506498 0.741865
vt 0.507213 0.740053
vt 0.508270 0.738899
vt 0.508556 0.740771
vt 0.507857 0.742099
vt 0.470955 0.861484
vt 0.472856 0.862008
vt 0.471490 0.862832
vt 0.472522 0.864113
vt 0.016373 0.526212
vt 0.052473 0.531544
vt 0.015776 0.527447
vt 0.014685 0.528585
vt 0.014479 0.526623
vt 0.015187 0.525858
vt 0.015386 0.855955
vt 0.014698 0.857645
vt 0.014020 0.856790
vt 0.014344 0.854674
vt 0.015929 0.857307
vt 0.469644 0.856561
vt 0.470181 0.855219
vt 0.471212 0.853944
vt 0.471539 0.856042
vt 0.012004 0.740044
vt 0.011347 0.742098
vt 0.010652 0.740759
vt 0.010947 0.738880
vt 0.012714 0.741869
vt 0.018652 0.859931
vt 0.018112 0.861276
vt 0.017073 0.862552
vt 0.016749 0.860441
vt 0.017425 0.859590
vt 0.508768 0.527451
vt 0.509361 0.525859
vt 0.510067 0.526622
vt 0.509860 0.528589
vt 0.508173 0.526217
vt 0.509633 0.737585
vt 0.474680 0.732169
vt 0.510671 0.736179
vt 0.510928 0.738274
vt 0.509549 0.739686
vt 0.473902 0.865599
vt 0.473896 0.863259
vt 0.475324 0.864886
vt 0.474966 0.867135
vt 0.013271 0.529912
vt 0.048880 0.535597
vt 0.012201 0.531343
vt 0.011941 0.529189
vt 0.013387 0.527731
vt 0.012949 0.853188
vt 0.012968 0.855539
vt 0.011524 0.853911
vt 0.011873 0.851650
vt 0.472593 0.852466
vt 0.473659 0.850938
vt 0.474007 0.853180
vt 0.472578 0.854798
vt 0.009582 0.737552
vt 0.009659 0.739664
vt 0.008279 0.738239
vt 0.008544 0.736135
vt 0.044797 0.732258
vt 0.015680 0.864031
vt 0.014598 0.865564
vt 0.014260 0.863303
vt 0.015702 0.861685
vt 0.511278 0.529917
vt 0.511161 0.527730
vt 0.512610 0.529188
vt 0.512356 0.531351
vt 0.475638 0.535722
vt 0.511122 0.733743
vt 0.511086 0.731139
vt 0.512486 0.731148
vt 0.512590 0.733958
vt 0.475521 0.869724
vt 0.476458 0.866728
vt 0.477031 0.869610
vt 0.476955 0.872544
vt 0.475489 0.872473
vt 0.011741 0.533831
vt 0.011784 0.536490
vt 0.010353 0.536485
vt 0.010240 0.533614
vt 0.011304 0.849052
vt 0.010376 0.852066
vt 0.009788 0.849173
vt 0.009851 0.846222
vt 0.011326 0.846289
vt 0.474220 0.848359
vt 0.474195 0.845619
vt 0.475657 0.845552
vt 0.475723 0.848477
vt 0.475143 0.851347
vt 0.006625 0.733895
vt 0.008100 0.733684
vt 0.006739 0.731071
vt 0.008146 0.731067
vt 0.014007 0.868159
vt 0.014004 0.870920
vt 0.012529 0.870975
vt 0.012493 0.868027
vt 0.013105 0.865140
vt 0.514339 0.533623
vt 0.512834 0.533849
vt 0.514246 0.536504
vt 0.512811 0.536518
vt 0.510750 0.729753
vt 0.510432 0.728935
vt 0.511925 0.728949
vt 0.512129 0.729715
vt 0.476609 0.874068
vt 0.475153 0.873961
vt 0.476409 0.874886
vt 0.474834 0.874838
vt 0.012132 0.537905
vt 0.012457 0.538739
vt 0.010935 0.538732
vt 0.010722 0.537949
vt 0.010194 0.844688
vt 0.011659 0.844792
vt 0.010395 0.843864
vt 0.011979 0.843911
vt 0.473864 0.844134
vt 0.473548 0.843259
vt 0.475119 0.843215
vt 0.475316 0.844031
vt 0.007104 0.729633
vt 0.008490 0.729676
vt 0.007313 0.728864
vt 0.008812 0.728854
vt 0.014322 0.872417
vt 0.014632 0.873299
vt 0.013048 0.873334
vt 0.012856 0.872510
vt 0.513888 0.537973
vt 0.512474 0.537937
vt 0.513681 0.538758
vt 0.512155 0.538773
vt 0.511737 0.724957
vt 0.514814 0.717508
vt 0.517954 0.707564
vt 0.516184 0.717892
vt 0.513083 0.725334
vt 0.479697 0.886827
vt 0.477712 0.878678
vt 0.481153 0.886485
vt 0.483197 0.897320
vt 0.476287 0.879019
vt 0.011023 0.542911
vt 0.007594 0.550834
vt 0.004089 0.561255
vt 0.006214 0.550463
vt 0.009657 0.542548
vt 0.007323 0.830960
vt 0.009150 0.839817
vt 0.005859 0.831295
vt 0.004002 0.819815
vt 0.010592 0.839480
vt 0.475223 0.839318
vt 0.479183 0.832157
vt 0.483328 0.822153
vt 0.480633 0.832473
vt 0.476633 0.839644
vt 0.007823 0.724813
vt 0.004242 0.717615
vt 0.005600 0.717220
vt 0.001983 0.707499
vt 0.003366 0.707227
vt 0.012951 0.877833
vt 0.008871 0.886665
vt 0.004628 0.898098
vt 0.007413 0.886321
vt 0.011521 0.877488
vt 0.516807 0.551977
vt 0.514898 0.542856
vt 0.518191 0.551586
vt 0.520137 0.563056
vt 0.513522 0.543235
vt 0.474972 0.875604
vt 0.476481 0.875528
vt 0.511985 0.728342
vt 0.510555 0.728215
vt 0.011839 0.843142
vt 0.010323 0.843216
vt 0.010878 0.539355
vt 0.012335 0.539472
vt 0.008690 0.728129
vt 0.007255 0.728254
vt 0.475192 0.842573
vt 0.473687 0.842496
vt 0.512282 0.539508
vt 0.513742 0.539382
vt 0.012971 0.873982
vt 0.014486 0.874066
vt 0.519486 0.696269
vt 0.518472 0.684205
vt 0.519860 0.684060
vt 0.520861 0.696330
vt 0.519346 0.707819
vt 0.484917 0.909307
vt 0.484673 0.897116
vt 0.486366 0.909304
vt 0.485332 0.922345
vt 0.483873 0.922136
vt 0.002350 0.572638
vt 0.003227 0.584651
vt 0.001835 0.584796
vt 0.000973 0.572577
vt 0.002693 0.561003
vt 0.002421 0.807735
vt 0.002524 0.820015
vt 0.000973 0.807739
vt 0.002081 0.794824
vt 0.003542 0.795029
vt 0.485417 0.810147
vt 0.484549 0.797239
vt 0.486906 0.810127
vt 0.484815 0.822336
vt 0.000973 0.695956
vt 0.002375 0.695884
vt 0.002278 0.683615
vt 0.003672 0.683761
vt 0.002456 0.910107
vt 0.003171 0.922437
vt 0.000973 0.910099
vt 0.003144 0.897883
vt 0.521760 0.574346
vt 0.521531 0.562783
vt 0.523132 0.574269
vt 0.522231 0.586057
vt 0.520846 0.585918
vt 0.514454 0.670897
vt 0.510587 0.659658
vt 0.512038 0.659478
vt 0.515845 0.670627
vt 0.481030 0.936656
vt 0.479568 0.936324
vt 0.476913 0.948485
vt 0.475398 0.948264
vt 0.007158 0.598081
vt 0.010969 0.609482
vt 0.009519 0.609664
vt 0.005764 0.598353
vt 0.006426 0.780484
vt 0.007891 0.780812
vt 0.010574 0.768549
vt 0.012091 0.768770
vt 0.480305 0.783075
vt 0.476171 0.771130
vt 0.477689 0.770913
vt 0.481765 0.782745
vt 0.006403 0.670200
vt 0.007794 0.670473
vt 0.010198 0.659071
vt 0.011644 0.659252
vt 0.007284 0.936323
vt 0.011364 0.948243
vt 0.009846 0.948451
vt 0.005825 0.936642
vt 0.518297 0.599271
vt 0.516910 0.598996
vt 0.514529 0.610389
vt 0.513083 0.610203
vt 0.510045 0.655635
vt 0.510479 0.654408
vt 0.511439 0.652381
vt 0.511947 0.654687
vt 0.511626 0.655793
vt 0.476431 0.952325
vt 0.474818 0.952476
vt 0.476734 0.953465
vt 0.476145 0.955868
vt 0.475229 0.953722
vt 0.011482 0.613547
vt 0.011059 0.614769
vt 0.010119 0.616800
vt 0.009600 0.614499
vt 0.009914 0.613394
vt 0.011073 0.764663
vt 0.012686 0.764518
vt 0.010773 0.763519
vt 0.011372 0.761119
vt 0.012282 0.763268
vt 0.475603 0.766914
vt 0.476013 0.765667
vt 0.476931 0.763525
vt 0.477523 0.765927
vt 0.477219 0.767068
vt 0.010612 0.655413
vt 0.012169 0.655254
vt 0.010298 0.654325
vt 0.010816 0.652040
vt 0.011748 0.654057
vt 0.011915 0.952455
vt 0.011493 0.953700
vt 0.010547 0.955850
vt 0.009985 0.953433
vt 0.010300 0.952293
vt 0.514131 0.614063
vt 0.512562 0.614212
vt 0.514444 0.615166
vt 0.513933 0.617472
vt 0.512985 0.615435
vt 0.511665 0.651108
vt 0.511185 0.649793
vt 0.512622 0.649380
vt 0.513058 0.650993
vt 0.512872 0.652505
vt 0.476348 0.957206
vt 0.477635 0.955758
vt 0.477798 0.957348
vt 0.477328 0.959042
vt 0.475832 0.958582
vt 0.009895 0.618071
vt 0.010368 0.619385
vt 0.008934 0.619802
vt 0.008505 0.618192
vt 0.008691 0.616680
vt 0.011172 0.759779
vt 0.009879 0.761223
vt 0.009720 0.759633
vt 0.010196 0.757947
vt 0.011693 0.758408
vt 0.477137 0.762186
vt 0.476626 0.760807
vt 0.478126 0.760353
vt 0.478590 0.762049
vt 0.478423 0.763637
vt 0.010596 0.650771
vt 0.009391 0.652162
vt 0.009206 0.650657
vt 0.009637 0.649048
vt 0.011072 0.649458
vt 0.010330 0.957191
vt 0.010839 0.958568
vt 0.009337 0.959017
vt 0.008876 0.957323
vt 0.009055 0.955729
vt 0.514158 0.618743
vt 0.515358 0.617352
vt 0.515543 0.618867
vt 0.515111 0.620474
vt 0.513682 0.620053
vt 0.509781 0.647842
vt 0.507376 0.645356
vt 0.508611 0.644515
vt 0.511122 0.647122
vt 0.475739 0.961417
vt 0.474348 0.960630
vt 0.473081 0.964159
vt 0.471806 0.963244
vt 0.011757 0.621338
vt 0.014147 0.623826
vt 0.012917 0.624674
vt 0.010418 0.622063
vt 0.011790 0.755587
vt 0.013182 0.756375
vt 0.014454 0.752867
vt 0.015729 0.753784
vt 0.475156 0.758752
vt 0.472636 0.756127
vt 0.473919 0.755219
vt 0.476554 0.757972
vt 0.011119 0.646791
vt 0.012460 0.647507
vt 0.013603 0.644180
vt 0.014839 0.645017
vt 0.012317 0.960618
vt 0.014861 0.963234
vt 0.013580 0.964142
vt 0.010919 0.961396
vt 0.513613 0.622727
vt 0.512283 0.621996
vt 0.511094 0.625323
vt 0.509873 0.624470
vt 0.504195 0.642432
vt 0.501219 0.639731
vt 0.502395 0.638897
vt 0.505377 0.641572
vt 0.469657 0.967252
vt 0.468440 0.966318
vt 0.466500 0.970062
vt 0.465289 0.969155
vt 0.017321 0.626748
vt 0.020298 0.629443
vt 0.019130 0.630287
vt 0.016146 0.627616
vt 0.017887 0.749801
vt 0.019105 0.750739
vt 0.021059 0.747016
vt 0.022268 0.747929
vt 0.469299 0.753037
vt 0.466176 0.750186
vt 0.467395 0.749285
vt 0.470525 0.752110
vt 0.016804 0.641231
vt 0.017987 0.642086
vt 0.019756 0.638548
vt 0.020933 0.639378
vt 0.018240 0.966310
vt 0.021409 0.969149
vt 0.020195 0.970055
vt 0.017016 0.967241
vt 0.507837 0.628247
vt 0.506672 0.627374
vt 0.504825 0.630900
vt 0.503667 0.630052
vt 0.499327 0.637841
vt 0.498372 0.636268
vt 0.499560 0.636035
vt 0.500511 0.637052
vt 0.464503 0.971996
vt 0.463282 0.971136
vt 0.463486 0.973055
vt 0.462245 0.972779
vt 0.022199 0.631325
vt 0.023168 0.632896
vt 0.021982 0.633137
vt 0.021023 0.632124
vt 0.023069 0.745098
vt 0.024288 0.745963
vt 0.024094 0.744045
vt 0.025338 0.744327
vt 0.464187 0.748194
vt 0.463165 0.746545
vt 0.464409 0.746277
vt 0.465416 0.747342
vt 0.021621 0.636698
vt 0.022807 0.637483
vt 0.022563 0.635680
vt 0.023750 0.635908
vt 0.023434 0.971132
vt 0.024487 0.972778
vt 0.023239 0.973053
vt 0.022211 0.971992
vt 0.502912 0.632727
vt 0.501745 0.631922
vt 0.501942 0.633735
vt 0.500760 0.633487
vt 0.053091 0.530156
vt 0.223029 0.545770
vt 0.384396 0.540092
vt 0.451152 0.003325
vt 0.483952 0.000973
vt 0.484106 0.002427
vt 0.485543 0.001036
vt 0.486091 0.002328
vt 0.453360 0.037282
vt 0.129193 0.387721
vt 0.247510 0.298616
vt 0.247254 0.387574
vt 0.129545 0.135077
vt 0.042311 0.037585
vt 0.247703 0.135864
vt 0.037716 0.387667
vt 0.127749 0.298511
vt 0.492394 0.223436
vt 0.003281 0.134454
vt 0.009959 0.037275
vt 0.005492 0.134551
vt 0.037978 0.134572
vt 0.003056 0.387560
vt 0.003385 0.298235
vt 0.005268 0.387477
vt 0.010070 0.519115
vt 0.009508 0.485038
vt 0.011499 0.519128
vt 0.041822 0.484919
vt 0.011599 0.520565
vt 0.010506 0.520198
vt 0.010546 0.003226
vt 0.011978 0.003222
vt 0.010984 0.002143
vt 0.012079 0.001782
vt 0.127877 0.223081
vt 0.367509 0.223518
vt 0.365948 0.135195
vt 0.459519 0.223450
vt 0.220864 0.722363
vt 0.457165 0.389714
vt 0.036043 0.298342
vt 0.001050 0.222612
vt 0.361422 0.039812
vt 0.365383 0.388796
vt 0.367314 0.299178
vt 0.623322 0.003763
vt 0.708442 0.003899
vt 0.623466 0.006205
vt 0.247626 0.223578
vt 0.360424 0.484424
vt 0.358085 0.516525
vt 0.358132 0.518267
vt 0.359253 0.007720
vt 0.359308 0.005975
vt 0.997291 0.012065
vt 0.965014 0.008251
vt 0.997423 0.010525
vt 0.998568 0.010832
vt 0.998806 0.011996
vt 0.999027 0.042476
vt 0.964527 0.041234
vt 0.964782 0.010140
vt 0.499224 0.013021
vt 0.530709 0.009222
vt 0.530932 0.011079
vt 0.531043 0.041614
vt 0.497285 0.042721
vt 0.497735 0.012953
vt 0.497976 0.011815
vt 0.499099 0.011514
vt 0.869451 0.127310
vt 0.781929 0.244333
vt 0.782786 0.125906
vt 0.781879 0.488247
vt 0.781884 0.485673
vt 0.623250 0.244624
vt 0.781922 0.453489
vt 0.623472 0.452458
vt 0.870637 0.005584
vt 0.783501 0.035841
vt 0.783714 0.003671
vt 0.783740 0.000973
vt 0.870806 0.003123
vt 0.707012 0.244415
vt 0.868328 0.244380
vt 0.870399 0.037454
vt 0.996524 0.477210
vt 0.998371 0.446809
vt 0.998040 0.477275
vt 0.997793 0.478432
vt 0.996647 0.478737
vt 0.963989 0.480964
vt 0.963648 0.448028
vt 0.996691 0.446640
vt 0.623344 0.362785
vt 0.706830 0.363315
vt 0.708252 0.035984
vt 0.781883 0.363044
vt 0.868574 0.361634
vt 0.532472 0.361307
vt 0.962586 0.358240
vt 0.994846 0.356758
vt 0.996667 0.356875
vt 0.500711 0.360789
vt 0.498704 0.360932
vt 0.036144 0.222718
vt 0.000973 0.298238
vt 0.003460 0.222633
vt 0.495340 0.223415
vt 0.221069 0.725610
vt 0.223228 0.542953
vt 0.220934 0.712316
vt 0.298238 0.711505
vt 0.223134 0.555800
vt 0.300630 0.556591
vt 0.219650 0.661409
vt 0.299158 0.606501
vt 0.220028 0.641230
vt 0.295352 0.641501
vt 0.298963 0.626701
vt 0.223450 0.626750
vt 0.708447 0.001210
vt 0.047701 0.611378
vt 0.137908 0.608690
vt 0.385612 0.608849
vt 0.381991 0.659785
vt 0.295499 0.658858
vt 0.439441 0.769213
vt 0.348690 0.773007
vt 0.047880 0.950051
vt 0.138414 0.945875
vt 0.473324 0.657613
vt 0.135896 0.659239
vt 0.476203 0.611882
vt 0.348484 0.945858
vt 0.438860 0.950047
vt 0.223103 0.609254
vt 0.047549 0.657123
vt 0.138425 0.771904
vt 0.048467 0.767181
vt 0.509996 0.655136
vt 0.511651 0.655406
vt 0.476455 0.952720
vt 0.474767 0.952983
vt 0.011527 0.614045
vt 0.009886 0.613782
vt 0.011051 0.764264
vt 0.012738 0.764009
vt 0.475553 0.766406
vt 0.477244 0.766673
vt 0.010587 0.655033
vt 0.012215 0.654765
vt 0.011963 0.952961
vt 0.010274 0.952688
vt 0.514158 0.614447
vt 0.512515 0.614706
vt 0.219718 0.660035
vt 0.223291 0.607866
vt 0.295332 0.660249
vt 0.243404 0.773996
vt 0.243506 0.944308
vt 0.299111 0.607891
vt 0.758451 0.020633
vt 0.637815 0.371323
vt 0.646024 0.022709
vt 0.692494 0.357353
vt 0.655545 0.343185
vt 0.011964 0.856839
vt 0.007998 0.873887
vt 0.659844 0.834782
vt 0.006223 0.969758
vt 0.648517 0.739467
vt 0.655694 0.968168
vt 0.007541 0.761472
vt 0.244745 0.871982
vt 0.298183 0.724714
vt 0.243114 0.845695
vt 0.044001 0.520346
vt 0.449797 0.522936
vt 0.495340 0.299702
vt 0.044527 0.002184
vt 0.243094 0.830553
vt 0.244695 0.887077
vt 0.243534 0.754215
vt 0.243507 0.964090
vt 0.472353 0.860399
vt 0.471035 0.857645
vt 0.512008 0.736636
vt 0.010830 0.530874
vt 0.007199 0.736588
vt 0.513730 0.530874
vt 0.006464 0.725191
vt 0.485986 0.797022
vt 0.001741 0.922637
vt 0.300587 0.543805
vt 0.451159 0.001786
vt 0.008232 0.037162
vt 0.007783 0.485141
s 1
f 409/1/1 1295/2/2 1031/3/3
f 1031/3/3 898/4/4 409/1/1
f 409/1/1 1121/5/5 1027/6/6
f 1027/6/6 1043/7/7 409/1/1
f 410/8/8 1298/9/9 1034/10/10
f 1034/10/10 886/11/11 410/8/8
f 410/8/8 1122/12/12 1028/13/13
f 1028/13/13 1044/14/14 410/8/8
f 1045/15/15 1025/16/16 411/17/17
f 411/17/17 1119/18/18 893/19/19
f 893/19/19 757/20/20 411/17/17
f 411/17/17 1303/21/21 1045/15/15
f 975/22/22 640/23/23 412/24/24
f 412/24/24 1102/25/25 641/26/26
f 412/24/24 1101/27/27 972/28/28
f 972/28/28 975/22/22 412/24/24
f 413/29/29 1260/30/30 643/31/31
f 413/29/29 1100/32/32 644/33/33
f 644/33/33 959/34/34 413/29/29
f 959/34/34 961/35/35 413/29/29
f 1046/36/36 1026/37/37 414/38/38
f 414/38/38 1120/39/39 889/40/40
f 889/40/40 770/41/41 414/38/38
f 414/38/38 1306/42/42 1046/36/36
f 415/43/43 1228/44/44 750/45/45
f 1171/46/46 422/47/47 911/48/48
f 415/49/43 1110/50/49 657/51/50
f 657/52/50 913/53/51 415/43/43
f 901/54/52 763/55/53 416/56/54
f 763/57/53 899/58/55 416/59/54
f 416/59/54 1108/60/56 659/61/57
f 659/62/57 901/54/52 416/56/54
f 417/63/58 1141/64/59 664/65/60
f 417/66/58 1109/67/61 909/68/62
f 727/69/63 910/70/64 417/63/58
f 418/71/65 1267/72/66 981/73/67
f 418/71/65 1268/74/68 980/75/69
f 418/71/65 1109/67/61 650/76/70
f 418/71/65 1110/50/49 649/77/71
f 419/78/72 1270/79/73 986/80/74
f 419/78/72 1269/81/75 984/82/76
f 419/78/72 1107/83/77 653/84/78
f 419/78/72 1108/60/56 652/85/79
f 906/86/80 666/87/81 420/88/82
f 420/89/82 1107/83/77 905/90/83
f 420/88/82 1224/91/84 906/86/80
f 421/92/85 1139/93/86 661/94/87
f 421/95/85 1106/96/88 912/97/89
f 912/97/89 746/98/90 421/95/85
f 746/99/90 914/100/91 421/92/85
f 982/101/92 649/77/71 422/47/47
f 649/77/71 911/48/48 422/47/47
f 750/102/45 911/48/48 415/49/43
f 747/103/93 982/101/92 422/47/47
f 423/104/94 1140/105/95 662/106/96
f 662/107/96 900/108/97 423/109/94
f 423/109/94 1168/110/98 759/111/99
f 759/112/99 902/113/100 423/104/94
f 907/114/101 731/115/102 424/116/103
f 731/117/102 908/118/104 424/119/103
f 424/119/103 1105/120/105 662/107/96
f 424/116/103 1140/105/95 907/114/101
f 425/121/106 1138/122/107 659/62/57
f 659/61/57 653/84/78 425/123/106
f 653/84/78 666/124/81 425/123/106
f 666/87/81 701/125/108 425/121/106
f 702/126/109 657/52/50 426/127/110
f 657/51/50 650/76/70 426/128/110
f 650/76/70 664/129/60 426/128/110
f 664/65/60 702/126/109 426/127/110
f 427/130/111 1269/81/75 654/131/112
f 654/131/112 655/132/113 427/130/111
f 427/130/111 1106/96/88 904/133/114
f 904/133/114 987/134/115 427/130/111
f 983/135/116 730/136/117 428/137/118
f 909/68/62 980/75/69 428/137/118
f 428/137/118 1268/74/68 983/135/116
f 1007/138/119 997/139/120 429/140/121
f 429/140/121 1173/141/122 916/142/123
f 916/142/123 673/143/124 429/140/121
f 673/143/124 1007/138/119 429/140/121
f 903/144/125 744/145/126 430/146/127
f 430/147/127 1169/148/128 904/133/114
f 904/133/114 661/149/87 430/147/127
f 430/146/127 1139/93/86 903/144/125
f 431/150/129 1309/151/130 1063/152/131
f 1063/152/131 918/153/132 431/150/129
f 431/150/129 1252/154/133 845/155/134
f 845/155/134 1079/156/135 431/150/129
f 1080/157/136 1067/158/137 432/159/138
f 432/159/138 1245/160/139 926/161/140
f 926/161/140 1064/162/141 432/159/138
f 432/159/138 1310/163/142 1080/157/136
f 433/164/143 1310/163/142 1064/162/141
f 433/164/143 1152/165/144 930/166/145
f 930/166/145 850/167/146 433/164/143
f 850/167/146 1081/168/147 433/164/143
f 1082/169/148 1070/170/149 434/171/150
f 1070/170/149 938/172/151 434/171/150
f 434/171/150 1151/173/152 1063/152/131
f 1063/152/131 1082/169/148 434/171/150
f 1008/174/153 674/175/154 435/176/155
f 435/176/155 1115/177/156 669/178/157
f 669/178/157 672/179/158 435/176/155
f 435/176/155 1272/180/159 1008/174/153
f 436/181/160 1273/182/161 673/143/124
f 673/143/124 670/183/162 436/181/160
f 436/181/160 1114/184/163 671/185/164
f 671/185/164 1009/186/165 436/181/160
f 1010/187/166 672/179/158 437/188/167
f 437/188/167 1116/189/168 933/190/169
f 437/188/167 1183/191/170 793/192/171
f 437/188/167 1286/193/172 1010/187/166
f 438/194/173 1271/195/174 671/185/164
f 671/185/164 921/196/175 438/194/173
f 438/194/173 1177/197/176 786/198/177
f 438/194/173 1283/199/178 1011/200/179
f 1083/201/180 1073/202/181 439/203/182
f 1073/202/181 920/204/183 439/203/182
f 439/203/182 1149/205/184 1061/206/185
f 439/203/182 1307/207/186 1083/201/180
f 1084/208/187 1076/209/188 440/210/189
f 1076/209/188 932/211/190 440/210/189
f 440/210/189 1150/212/191 1062/213/192
f 440/210/189 1308/214/193 1084/208/187
f 441/215/194 1270/79/73 988/216/195
f 988/216/195 900/108/97 441/215/194
f 441/215/194 1105/120/105 656/217/196
f 656/217/196 985/218/197 441/215/194
f 442/219/198 1301/220/199 1037/221/200
f 1037/221/200 894/222/201 442/219/198
f 442/219/198 1124/223/202 1030/224/203
f 1030/224/203 1047/225/204 442/219/198
f 443/226/205 1258/227/206 963/228/207
f 963/228/207 888/229/208 443/226/205
f 443/226/205 1098/230/209 955/231/210
f 955/231/210 957/232/211 443/226/205
f 444/233/212 1304/234/213 1040/235/214
f 1040/235/214 890/236/215 444/233/212
f 444/233/212 1123/237/216 1029/238/217
f 1029/238/217 1048/239/218 444/233/212
f 1049/240/219 1028/13/13 445/241/220
f 445/241/220 1122/12/12 677/242/221
f 677/242/221 1026/37/37 445/241/220
f 445/241/220 1290/243/222 1049/240/219
f 446/244/223 1291/245/224 1027/6/6
f 1027/6/6 678/246/225 446/244/223
f 446/244/223 1119/18/18 1025/16/16
f 1025/16/16 1050/247/226 446/244/223
f 968/248/227 974/249/228 447/250/229
f 447/250/229 1265/251/230 972/28/28
f 972/28/28 892/252/231 447/250/229
f 447/250/229 1161/253/232 968/248/227
f 1051/254/233 1029/238/217 448/255/234
f 448/255/234 1123/237/216 896/256/235
f 896/256/235 725/257/236 448/255/234
f 448/255/234 1297/258/237 1051/254/233
f 449/259/238 1263/260/239 977/261/240
f 977/261/240 724/262/241 449/259/238
f 449/259/238 1166/263/242 721/264/243
f 721/264/243 956/265/244 449/259/238
f 964/266/245 969/267/246 450/268/247
f 969/267/246 885/269/248 450/268/247
f 885/269/248 643/31/31 450/268/247
f 643/31/31 964/266/245 450/268/247
f 884/270/249 684/271/250 451/272/251
f 451/272/251 1130/273/252 941/274/253
f 941/274/253 808/275/254 451/272/251
f 451/272/251 1189/276/255 884/270/249
f 452/277/256 1191/278/257 810/279/258
f 810/279/258 944/280/259 452/277/256
f 452/277/256 1130/273/252 684/271/250
f 684/271/250 894/222/201 452/277/256
f 893/19/19 679/281/260 453/282/261
f 453/282/261 1125/283/262 943/284/263
f 943/284/263 813/285/264 453/282/261
f 453/282/261 1192/286/265 893/19/19
f 454/287/266 1194/288/267 815/289/268
f 815/289/268 946/290/269 454/287/266
f 454/287/266 1129/291/270 683/292/271
f 683/292/271 890/236/215 454/287/266
f 677/242/221 682/293/272 455/294/273
f 455/294/273 1128/295/274 685/296/275
f 685/296/275 680/297/276 455/294/273
f 455/294/273 1120/39/39 677/242/221
f 456/298/277 1121/5/5 681/299/278
f 681/299/278 686/300/279 456/298/277
f 456/298/277 1125/283/262 679/281/260
f 679/281/260 678/246/225 456/298/277
f 939/301/280 691/302/281 457/303/282
f 457/303/282 1135/304/283 919/305/284
f 457/303/282 1209/306/285 821/307/286
f 457/303/282 1198/308/287 939/301/280
f 889/40/40 680/297/276 458/309/288
f 458/309/288 1126/310/289 945/311/290
f 945/311/290 818/312/291 458/309/288
f 458/309/288 1195/313/292 889/40/40
f 459/314/293 1185/315/294 800/316/295
f 800/316/295 940/317/296 459/314/293
f 459/314/293 1127/318/297 681/299/278
f 681/299/278 898/4/4 459/314/293
f 460/319/298 1188/320/299 805/321/300
f 805/321/300 942/322/301 460/319/298
f 460/319/298 1128/295/274 682/293/272
f 682/293/272 886/11/11 460/319/298
f 461/323/302 1130/273/252 692/324/303
f 692/324/303 931/325/304 461/323/302
f 461/323/302 1212/326/305 824/327/306
f 824/327/306 941/274/253 461/323/302
f 944/280/259 825/328/307 462/329/308
f 462/329/308 1216/330/309 923/331/310
f 923/331/310 692/324/303 462/329/308
f 462/329/308 1130/273/252 944/280/259
f 463/332/311 1125/283/262 687/333/312
f 687/333/312 925/334/313 463/332/311
f 463/332/311 1215/335/314 827/336/315
f 827/336/315 943/284/263 463/332/311
f 946/290/269 828/337/316 464/338/317
f 464/338/317 1219/339/318 935/340/319
f 935/340/319 691/302/281 464/338/317
f 464/338/317 1129/291/270 946/290/269
f 685/296/275 690/341/320 465/342/321
f 465/342/321 1134/343/322 693/344/323
f 465/342/321 1132/345/324 688/346/325
f 688/346/325 685/296/275 465/342/321
f 466/347/326 1127/318/297 689/348/327
f 466/347/326 1133/349/328 694/350/329
f 466/347/326 1131/351/330 687/333/312
f 687/333/312 686/300/279 466/347/326
f 947/352/331 855/353/332 467/354/333
f 467/354/333 1222/355/334 907/114/101
f 907/114/101 706/356/335 467/354/333
f 467/354/333 1146/357/336 947/352/331
f 468/358/337 1126/310/289 688/346/325
f 688/346/325 937/359/338 468/358/337
f 468/358/337 1218/360/339 830/361/340
f 830/361/340 945/311/290 468/358/337
f 469/362/341 1197/363/342 819/364/343
f 819/364/343 915/365/344 469/362/341
f 469/362/341 1133/349/328 689/348/327
f 689/348/327 940/317/296 469/362/341
f 942/322/301 822/366/345 470/367/346
f 470/367/346 1213/368/347 927/369/348
f 927/369/348 690/341/320 470/367/346
f 470/367/346 1128/295/274 942/322/301
f 471/370/349 1145/371/350 705/372/351
f 705/372/351 914/100/91 471/370/349
f 471/370/349 1227/373/352 862/374/353
f 862/374/353 952/375/354 471/370/349
f 949/376/355 860/377/356 472/378/357
f 472/378/357 1225/379/358 903/144/125
f 472/378/357 1139/93/86 705/372/351
f 705/372/351 949/376/355 472/378/357
f 954/380/359 706/356/335 473/381/360
f 706/356/335 902/113/100 473/381/360
f 473/381/360 1230/382/361 867/383/362
f 867/383/362 954/380/359 473/381/360
f 951/384/363 865/385/364 474/386/365
f 474/386/365 1228/44/44 913/53/51
f 913/53/51 703/387/366 474/386/365
f 474/386/365 1143/388/367 951/384/363
f 709/389/368 704/390/369 475/391/370
f 704/390/369 701/125/108 475/391/370
f 475/391/370 1142/392/371 708/393/372
f 708/393/372 709/389/368 475/391/370
f 710/394/373 703/387/366 476/395/374
f 476/395/374 1137/396/375 702/126/109
f 476/395/374 1141/64/59 707/397/376
f 707/397/376 710/394/373 476/395/374
f 477/398/377 1148/399/378 708/393/372
f 708/393/372 906/86/80 477/398/377
f 906/86/80 857/400/379 477/398/377
f 477/398/377 1236/401/380 950/402/381
f 478/403/382 1147/404/383 707/397/376
f 707/397/376 910/70/64 478/403/382
f 478/403/382 1221/405/384 852/406/385
f 852/406/385 948/407/386 478/403/382
f 953/408/387 870/409/388 479/410/389
f 479/410/389 1231/411/390 901/54/52
f 479/410/389 1138/122/107 704/390/369
f 479/410/389 1144/412/391 953/408/387
f 926/161/140 873/413/392 480/414/393
f 480/414/393 1234/415/394 947/352/331
f 947/352/331 714/416/395 480/414/393
f 480/414/393 1152/165/144 926/161/140
f 481/417/396 1151/173/152 713/418/397
f 713/418/397 952/375/354 481/417/396
f 481/417/396 1239/419/398 877/420/399
f 877/420/399 918/153/132 481/417/396
f 482/421/400 1248/422/401 876/423/402
f 876/423/402 949/376/355 482/421/400
f 482/421/400 1145/371/350 713/418/397
f 713/418/397 938/172/151 482/421/400
f 930/166/145 714/416/395 483/424/403
f 483/424/403 1146/357/336 954/380/359
f 954/380/359 880/425/404 483/424/403
f 483/424/403 1255/426/405 930/166/145
f 484/427/406 1251/428/407 879/429/408
f 879/429/408 951/384/363 484/427/406
f 484/427/406 1143/388/367 711/430/409
f 711/430/409 920/204/183 484/427/406
f 485/431/410 1150/212/191 712/432/411
f 712/432/411 709/389/368 485/431/410
f 709/389/368 716/433/412 485/431/410
f 485/431/410 1154/434/413 717/435/414
f 486/436/415 1149/205/184 711/430/409
f 711/430/409 710/394/373 486/436/415
f 486/436/415 1147/404/383 715/437/416
f 486/436/415 1153/438/417 718/439/418
f 934/440/419 716/433/412 487/441/420
f 487/441/420 1148/399/378 950/402/381
f 950/402/381 874/442/421 487/441/420
f 487/441/420 1249/443/422 934/440/419
f 922/444/423 715/437/416 488/445/424
f 488/445/424 1147/404/383 948/407/386
f 948/407/386 871/446/425 488/445/424
f 488/445/424 1246/447/426 922/444/423
f 489/448/427 1254/449/428 882/450/429
f 882/450/429 953/408/387 489/448/427
f 489/448/427 1144/412/391 712/432/411
f 712/432/411 932/211/190 489/448/427
f 490/451/430 1311/452/431 1065/453/432
f 490/451/430 1153/438/417 922/444/423
f 922/444/423 835/454/433 490/451/430
f 835/454/433 1085/455/434 490/451/430
f 491/456/435 1285/457/436 1003/458/437
f 1003/458/437 924/459/438 491/456/435
f 491/456/435 1118/460/439 676/461/440
f 676/461/440 1012/462/441 491/456/435
f 492/463/442 1312/464/443 1066/465/444
f 492/463/442 1154/434/413 934/440/419
f 934/440/419 840/466/445 492/463/442
f 840/466/445 1086/467/446 492/463/442
f 493/468/447 1288/469/448 1006/470/449
f 1006/470/449 936/471/450 493/468/447
f 493/468/447 1117/472/451 675/473/452
f 675/473/452 1013/474/453 493/468/447
f 1087/475/454 1062/213/192 494/476/455
f 1062/213/192 717/435/414 494/476/455
f 717/435/414 1066/465/444 494/476/455
f 1066/465/444 1087/475/454 494/476/455
f 495/477/456 1307/207/186 1061/206/185
f 1061/206/185 718/439/418 495/477/456
f 495/477/456 1153/438/417 1065/453/432
f 1065/453/432 1088/478/457 495/477/456
f 896/256/235 683/292/271 496/479/458
f 496/479/458 1129/291/270 939/301/280
f 939/301/280 803/480/459 496/479/458
f 496/479/458 1186/481/460 896/256/235
f 497/482/461 1282/483/462 1000/484/463
f 497/482/461 1179/485/464 928/486/465
f 928/486/465 674/175/154 497/482/461
f 497/482/461 1274/487/466 1014/488/467
f 1015/489/468 675/473/452 498/490/469
f 498/490/469 1117/472/451 917/491/470
f 917/491/470 772/492/471 498/490/469
f 498/490/469 1277/493/472 1015/489/468
f 1016/494/473 676/461/440 499/495/474
f 499/495/474 1118/460/439 929/496/475
f 929/496/475 779/497/476 499/495/474
f 499/495/474 1280/498/477 1016/494/473
f 500/499/478 1295/2/2 720/500/479
f 720/501/479 721/264/243 500/502/478
f 500/502/478 1166/263/242 1032/503/480
f 1032/504/480 1052/505/481 500/499/478
f 501/506/482 1296/507/483 1032/508/480
f 1032/503/480 724/262/241 501/509/482
f 724/262/241 1033/510/484 501/509/482
f 501/506/482 1297/258/237 1053/511/485
f 502/512/486 1221/405/384 727/69/63
f 728/513/487 726/514/488 502/512/486
f 729/515/489 728/516/487 503/517/490
f 503/518/490 1170/519/491 731/117/102
f 503/517/490 1222/355/334 729/515/489
f 504/520/492 1298/9/9 733/521/493
f 733/522/493 734/523/494 504/524/492
f 504/524/492 1157/525/495 1035/526/496
f 1035/527/496 1054/528/497 504/520/492
f 1055/529/498 1035/530/496 505/531/499
f 1035/526/496 737/532/500 505/533/499
f 737/532/500 1036/534/501 505/533/499
f 505/531/499 1300/535/502 1055/529/498
f 506/536/503 1224/91/84 740/537/504
f 741/538/505 739/539/506 506/536/503
f 742/540/507 741/541/505 507/542/508
f 507/543/508 1169/148/128 744/544/126
f 507/542/508 1225/379/358 742/540/507
f 508/545/509 1227/373/352 746/99/90
f 508/546/509 1172/547/510 747/103/93
f 748/548/511 745/549/512 508/545/509
f 749/550/513 748/551/511 509/552/514
f 509/553/514 1171/46/46 750/102/45
f 748/554/511 747/103/93 1171/46/46
f 509/552/514 1228/44/44 749/550/513
f 510/555/515 1301/220/199 752/556/516
f 752/557/516 753/558/517 510/559/515
f 753/558/517 1038/560/518 510/559/515
f 1038/561/518 1056/562/519 510/555/515
f 1057/563/520 1038/564/518 511/565/521
f 1038/560/518 756/566/522 511/567/521
f 756/566/522 1039/568/523 511/567/521
f 511/565/521 1303/21/21 1057/563/520
f 512/569/524 1230/382/361 759/112/99
f 512/570/524 1168/110/98 760/571/525
f 761/572/526 758/573/527 512/569/524
f 762/574/528 761/575/526 513/576/529
f 513/576/529 1231/411/390 762/574/528
f 514/577/530 1304/234/213 765/578/531
f 765/579/531 766/580/532 514/581/530
f 766/580/532 1041/582/533 514/581/530
f 514/577/530 1305/583/534 1058/584/535
f 1059/585/536 1041/586/533 515/587/537
f 515/588/537 1160/589/538 769/590/539
f 769/590/539 1042/591/540 515/588/537
f 515/587/537 1306/42/42 1059/585/536
f 1017/592/541 772/492/471 516/593/542
f 516/593/542 1174/594/543 773/595/544
f 773/595/544 996/596/545 516/593/542
f 516/593/542 1278/597/546 1017/592/541
f 1018/598/547 996/599/545 517/600/548
f 517/600/548 1175/601/549 776/602/550
f 776/602/550 997/139/120 517/600/548
f 517/600/548 1279/603/551 1018/598/547
f 1019/604/552 779/497/476 518/605/553
f 518/605/553 1180/606/554 780/607/555
f 780/607/555 999/608/556 518/605/553
f 518/605/553 1281/609/557 1019/604/552
f 1020/610/558 999/611/556 519/612/559
f 519/612/559 1181/613/560 783/614/561
f 783/614/561 1000/484/463 519/612/559
f 1000/484/463 1020/610/558 519/612/559
f 1021/615/562 786/198/177 520/616/563
f 786/198/177 787/617/564 520/616/563
f 520/616/563 1178/618/565 1002/619/566
f 1002/619/566 1021/615/562 520/616/563
f 521/620/567 1284/621/568 1002/622/566
f 1002/622/566 790/623/569 521/620/567
f 521/620/567 1176/624/570 1003/458/437
f 1003/458/437 1022/625/571 521/620/567
f 522/626/572 1286/193/172 793/192/171
f 793/192/171 794/627/573 522/626/572
f 522/626/572 1184/628/574 1005/629/575
f 1005/629/575 1023/630/576 522/626/572
f 523/631/577 1287/632/578 1005/633/575
f 1005/633/575 797/634/579 523/631/577
f 523/631/577 1182/635/580 1006/470/449
f 1006/470/449 1024/636/581 523/631/577
f 524/637/582 1197/363/342 800/316/295
f 800/316/295 719/638/583 524/637/582
f 524/637/582 1187/639/584 801/640/585
f 801/640/585 799/641/586 524/637/582
f 802/642/587 801/643/585 525/644/588
f 525/644/588 1187/645/584 723/646/589
f 723/646/589 803/480/459 525/644/588
f 525/644/588 1198/308/287 802/642/587
f 526/647/590 1200/648/591 805/321/300
f 805/321/300 732/649/592 526/647/590
f 526/647/590 1190/650/593 806/651/594
f 806/651/594 804/652/595 526/647/590
f 807/653/596 806/654/594 527/655/597
f 527/655/597 1190/656/593 736/657/598
f 736/657/598 808/275/254 527/655/597
f 527/655/597 1201/658/599 807/653/596
f 528/659/600 1203/660/601 810/279/258
f 810/279/258 751/661/602 528/659/600
f 528/659/600 1193/662/603 811/663/604
f 811/663/604 809/664/605 528/659/600
f 812/665/606 811/666/604 529/667/607
f 529/667/607 1193/668/603 755/669/608
f 755/669/608 813/285/264 529/667/607
f 529/667/607 1204/670/609 812/665/606
f 530/671/610 1206/672/611 815/289/268
f 815/289/268 764/673/612 530/671/610
f 530/671/610 1196/674/613 816/675/614
f 816/675/614 814/676/615 530/671/610
f 817/677/616 816/678/614 531/679/617
f 531/679/617 1196/680/613 768/681/618
f 768/681/618 818/312/291 531/679/617
f 531/679/617 1207/682/619 817/677/616
f 532/683/620 1210/684/621 819/364/343
f 819/364/343 799/641/586 532/683/620
f 532/683/620 1199/685/622 820/686/623
f 820/686/623 775/687/624 532/683/620
f 533/688/625 1211/689/626 820/690/623
f 820/690/623 802/642/587 533/688/625
f 802/642/587 821/307/286 533/688/625
f 821/307/286 771/691/627 533/688/625
f 782/692/628 822/366/345 534/693/629
f 534/693/629 1200/648/591 804/652/595
f 804/652/595 823/694/630 534/693/629
f 534/693/629 1214/695/631 782/692/628
f 778/696/632 823/697/630 535/698/633
f 535/698/633 1202/699/634 807/653/596
f 535/698/633 1201/658/599 824/327/306
f 824/327/306 778/696/632 535/698/633
f 789/700/635 825/328/307 536/701/636
f 536/701/636 1203/660/601 809/664/605
f 536/701/636 1205/702/637 826/703/638
f 826/703/638 789/700/635 536/701/636
f 537/704/639 1217/705/640 826/706/638
f 826/706/638 812/665/606 537/704/639
f 537/704/639 1204/670/609 827/336/315
f 827/336/315 785/707/641 537/704/639
f 796/708/642 828/337/316 538/709/643
f 538/709/643 1206/672/611 814/676/615
f 538/709/643 1208/710/644 829/711/645
f 829/711/645 796/708/642 538/709/643
f 539/712/646 1220/713/647 829/714/645
f 829/714/645 817/677/616 539/712/646
f 539/712/646 1207/682/619 830/361/340
f 830/361/340 792/715/648 539/712/646
f 1089/716/649 832/717/650 540/718/651
f 540/718/651 1176/624/570 790/623/569
f 540/718/651 1178/719/565 1068/720/652
f 540/718/651 1314/721/653 1089/716/649
f 541/722/654 1314/723/653 1068/724/652
f 1068/724/652 787/617/564 541/722/654
f 541/722/654 1177/197/176 1069/725/655
f 1069/725/655 1090/726/656 541/722/654
f 1091/727/657 837/728/658 542/729/659
f 542/729/659 1182/635/580 797/634/579
f 542/729/659 1184/730/574 1071/731/660
f 542/729/659 1317/732/661 1091/727/657
f 543/733/662 1317/734/661 1071/735/660
f 1071/735/660 794/627/573 543/733/662
f 543/733/662 1183/191/170 1072/736/663
f 1072/736/663 1092/737/664 543/733/662
f 1093/738/665 842/739/666 544/740/667
f 544/740/667 1173/141/122 776/602/550
f 776/602/550 1074/741/668 544/740/667
f 544/740/667 1320/742/669 1093/738/665
f 545/743/670 1320/744/669 1074/745/668
f 545/743/670 1175/746/549 773/595/544
f 545/743/670 1174/594/543 1075/747/671
f 1075/747/671 1094/748/672 545/743/670
f 1095/749/673 847/750/674 546/751/675
f 546/751/675 1179/485/464 783/614/561
f 783/614/561 1077/752/676 546/751/675
f 546/751/675 1323/753/677 1095/749/673
f 547/754/678 1323/755/677 1077/756/676
f 1077/756/676 780/607/555 547/754/678
f 547/754/678 1180/606/554 1078/757/679
f 1078/757/679 1096/758/680 547/754/678
f 548/759/681 1233/760/682 852/406/385
f 852/406/385 726/514/488 548/759/681
f 548/759/681 1223/761/683 853/762/684
f 853/762/684 851/763/685 548/759/681
f 854/764/686 853/765/684 549/766/687
f 549/766/687 1223/767/683 729/515/489
f 729/515/489 855/353/332 549/766/687
f 549/766/687 1234/415/394 854/764/686
f 550/768/688 1236/401/380 857/400/379
f 857/400/379 739/539/506 550/768/688
f 550/768/688 1226/769/689 858/770/690
f 858/770/690 856/771/691 550/768/688
f 551/772/692 1238/773/693 858/774/690
f 858/774/690 742/540/507 551/772/692
f 742/540/507 860/377/356 551/772/692
f 551/772/692 1237/775/694 859/776/695
f 552/777/696 1239/419/398 862/374/353
f 862/374/353 745/549/512 552/777/696
f 552/777/696 1229/778/697 863/779/698
f 863/779/698 861/780/699 552/777/696
f 864/781/700 863/782/698 553/783/701
f 553/783/701 1229/784/697 749/550/513
f 749/550/513 865/385/364 553/783/701
f 553/783/701 1240/785/702 864/781/700
f 554/786/703 1242/787/704 867/383/362
f 867/383/362 758/573/527 554/786/703
f 758/573/527 868/788/705 554/786/703
f 554/786/703 1244/789/706 866/790/707
f 869/791/708 868/792/705 555/793/709
f 555/793/709 1232/794/710 762/574/528
f 762/574/528 870/409/388 555/793/709
f 555/793/709 1243/795/711 869/791/708
f 834/796/712 871/446/425 556/797/713
f 556/797/713 1233/760/682 851/763/685
f 851/763/685 872/798/714 556/797/713
f 556/797/713 1247/799/715 834/796/712
f 831/800/716 872/801/714 557/802/717
f 557/802/717 1235/803/718 854/764/686
f 854/764/686 873/413/392 557/802/717
f 873/413/392 831/800/716 557/802/717
f 839/804/719 874/442/421 558/805/720
f 558/805/720 1236/401/380 856/771/691
f 856/771/691 875/806/721 558/805/720
f 558/805/720 1250/807/722 839/804/719
f 559/808/723 1250/809/722 875/810/721
f 875/810/721 859/776/695 559/808/723
f 559/808/723 1237/775/694 876/423/402
f 876/423/402 836/811/724 559/808/723
f 844/812/725 877/420/399 560/813/726
f 877/420/399 861/780/699 560/813/726
f 560/813/726 1241/814/727 878/815/728
f 878/815/728 844/812/725 560/813/726
f 561/816/729 1253/817/730 878/818/728
f 878/818/728 864/781/700 561/816/729
f 561/816/729 1240/785/702 879/429/408
f 879/429/408 841/819/731 561/816/729
f 849/820/732 880/425/404 562/821/733
f 562/821/733 1242/787/704 866/790/707
f 866/790/707 881/822/734 562/821/733
f 562/821/733 1256/823/735 849/820/732
f 563/824/736 1256/825/735 881/826/734
f 881/826/734 869/791/708 563/824/736
f 563/824/736 1243/795/711 882/450/429
f 882/450/429 846/827/737 563/824/736
f 1060/828/738 1030/224/203 564/829/739
f 564/829/739 1124/223/202 884/270/249
f 884/270/249 738/830/740 564/829/739
f 564/829/739 1300/535/502 1060/828/738
f 565/831/741 1264/832/742 976/833/743
f 976/833/743 956/265/244 565/831/741
f 565/831/741 1165/834/744 897/835/745
f 897/835/745 640/23/23 565/831/741
f 566/836/746 1259/837/747 962/838/748
f 962/838/748 957/232/211 566/836/746
f 566/836/746 1257/839/749 646/840/750
f 646/840/750 645/841/751 566/836/746
f 567/842/752 1104/843/753 960/844/754
f 960/844/754 961/35/35 567/842/752
f 567/842/752 1259/837/747 645/841/751
f 645/841/751 639/845/755 567/842/752
f 568/846/756 1099/847/757 887/848/758
f 887/848/758 958/849/759 568/846/756
f 568/846/756 1258/227/206 962/838/748
f 568/846/756 1259/837/747 959/34/34
f 569/850/760 1158/851/761 769/590/539
f 569/850/760 1160/589/538 766/580/532
f 766/580/532 963/228/207 569/850/760
f 963/228/207 958/849/759 569/850/760
f 570/852/762 1261/853/763 967/854/764
f 967/854/764 964/266/245 570/852/762
f 570/852/762 1260/30/30 960/844/754
f 960/844/754 965/855/765 570/852/762
f 571/856/766 1097/857/767 883/858/768
f 883/858/768 966/859/769 571/856/766
f 571/856/766 1262/860/770 967/854/764
f 967/854/764 647/861/771 571/856/766
f 753/558/517 978/862/772 572/863/773
f 572/863/773 1266/864/774 968/248/227
f 968/248/227 756/566/522 572/863/773
f 572/863/773 1163/865/775 753/558/517
f 966/859/769 737/532/500 573/866/776
f 573/866/776 1157/525/495 734/523/494
f 734/523/494 969/267/246 573/866/776
f 573/866/776 1262/860/770 966/859/769
f 973/867/777 965/855/765 574/868/778
f 574/868/778 1104/843/753 642/869/779
f 642/869/779 974/249/228 574/868/778
f 574/868/778 1266/864/774 973/867/777
f 639/845/755 971/870/780 575/871/781
f 575/871/781 1264/832/742 975/22/22
f 575/871/781 1265/251/230 642/869/779
f 642/869/779 639/845/755 575/871/781
f 576/872/782 1103/873/783 646/840/750
f 646/840/750 970/874/784 576/872/782
f 576/872/782 1263/260/239 976/833/743
f 976/833/743 971/870/780 576/872/782
f 577/875/785 1257/839/749 955/231/210
f 955/231/210 895/876/786 577/875/785
f 577/875/785 1164/877/787 977/261/240
f 977/261/240 970/874/784 577/875/785
f 891/878/788 647/861/771 578/879/789
f 578/879/789 1261/853/763 973/867/777
f 973/867/777 978/862/772 578/879/789
f 578/879/789 1162/880/790 891/878/788
f 979/881/791 648/882/792 579/883/793
f 648/882/792 651/884/794 579/883/793
f 579/883/793 1268/74/68 981/73/67
f 579/883/793 1267/72/66 979/881/791
f 580/885/795 1111/886/796 979/881/791
f 979/881/791 982/101/92 580/885/795
f 580/885/795 1172/547/510 912/97/89
f 912/97/89 655/132/113 580/885/795
f 656/217/196 908/118/104 581/887/797
f 581/887/797 1170/519/491 983/135/116
f 983/135/116 651/884/794 581/887/797
f 581/887/797 1112/888/798 656/217/196
f 582/889/799 1112/888/798 648/882/792
f 582/889/799 1111/886/796 654/131/112
f 654/131/112 986/80/74 582/889/799
f 986/80/74 985/218/197 582/889/799
f 905/90/83 984/82/76 583/890/800
f 984/82/76 987/134/115 583/890/800
f 987/134/115 743/891/801 583/890/800
f 1167/892/802 513/893/529 761/894/526
f 760/571/525 988/216/195 584/895/803
f 988/216/195 652/85/79 584/895/803
f 652/85/79 899/58/55 584/895/803
f 585/896/804 1210/684/621 777/897/805
f 585/896/804 1279/603/551 1007/138/119
f 585/896/804 1273/182/161 991/898/806
f 991/898/806 915/365/344 585/896/804
f 693/344/323 992/899/807 586/900/808
f 586/900/808 1274/487/466 1008/174/153
f 1008/174/153 990/901/809 586/900/808
f 990/901/809 693/344/323 586/900/808
f 694/350/329 991/898/806 587/902/810
f 991/898/806 1009/186/165 587/902/810
f 587/902/810 1271/195/174 989/903/811
f 989/903/811 694/350/329 587/902/810
f 588/904/812 1132/345/324 990/901/809
f 588/904/812 1272/180/159 1010/187/166
f 588/904/812 1286/193/172 1004/905/813
f 1004/905/813 937/359/338 588/904/812
f 589/906/814 1131/351/330 989/903/811
f 989/903/811 1011/200/179 589/906/814
f 589/906/814 1283/199/178 1001/907/815
f 1001/907/815 925/334/313 589/906/814
f 923/331/310 791/908/816 590/909/817
f 791/908/816 1012/462/441 590/909/817
f 590/909/817 1276/910/818 994/911/819
f 590/909/817 1136/912/820 923/331/310
f 935/340/319 798/913/821 591/914/822
f 798/913/821 1013/474/453 591/914/822
f 591/914/822 1275/915/823 993/916/824
f 591/914/822 1135/304/283 935/340/319
f 927/369/348 784/917/825 592/918/826
f 784/917/825 1014/488/467 592/918/826
f 1014/488/467 992/899/807 592/918/826
f 592/918/826 1134/343/322 927/369/348
f 919/305/284 993/916/824 593/919/827
f 593/919/827 1275/915/823 1015/489/468
f 1015/489/468 995/920/828 593/919/827
f 593/919/827 1209/306/285 919/305/284
f 594/921/829 1136/912/820 994/911/819
f 594/921/829 1276/910/818 1016/494/473
f 1016/494/473 998/922/830 594/921/829
f 998/922/830 931/325/304 594/921/829
f 771/691/627 995/920/828 595/923/831
f 595/923/831 1277/493/472 1017/592/541
f 1017/592/541 774/924/832 595/923/831
f 595/923/831 1211/689/626 771/691/627
f 596/925/833 1211/926/626 774/927/832
f 596/925/833 1278/928/546 1018/598/547
f 1018/598/547 777/897/805 596/925/833
f 777/897/805 775/687/624 596/925/833
f 597/929/834 1212/326/305 998/922/830
f 597/929/834 1280/498/477 1019/604/552
f 1019/604/552 781/930/835 597/929/834
f 597/929/834 1214/931/631 778/696/632
f 782/692/628 781/932/835 598/933/836
f 598/933/836 1281/934/557 1020/610/558
f 598/933/836 1282/483/462 784/917/825
f 598/933/836 1213/368/347 782/692/628
f 599/935/837 1215/335/314 1001/907/815
f 599/935/837 1283/199/178 1021/615/562
f 599/935/837 1284/936/568 788/937/838
f 788/937/838 785/707/641 599/935/837
f 600/938/839 1217/939/640 788/940/838
f 788/940/838 1022/625/571 600/938/839
f 600/938/839 1285/457/436 791/908/816
f 600/938/839 1216/330/309 789/700/635
f 601/941/840 1218/360/339 1004/905/813
f 1004/905/813 1023/630/576 601/941/840
f 601/941/840 1287/942/578 795/943/841
f 795/943/841 792/715/648 601/941/840
f 602/944/842 1220/945/647 795/946/841
f 795/946/841 1024/636/581 602/944/842
f 602/944/842 1288/469/448 798/913/821
f 602/944/842 1219/339/318 796/708/642
f 603/947/843 1165/834/744 720/501/479
f 720/500/479 1043/7/7 603/948/843
f 603/948/843 1291/245/224 663/949/844
f 663/950/844 897/835/745 603/947/843
f 604/951/845 1156/952/846 733/522/493
f 733/521/493 1044/14/14 604/953/845
f 604/953/845 1292/954/847 665/955/848
f 665/956/848 885/269/248 604/951/845
f 605/957/849 1101/27/27 658/958/850
f 658/959/850 1045/15/15 605/960/849
f 1045/15/15 1039/961/523 605/960/849
f 1039/568/523 892/252/231 605/957/849
f 887/848/758 660/962/851 606/963/852
f 606/964/852 1290/243/222 1046/36/36
f 1046/36/36 1042/965/540 606/964/852
f 606/963/852 1158/851/761 887/848/758
f 607/966/853 1162/880/790 752/557/516
f 752/556/516 1047/225/204 607/967/853
f 607/967/853 1294/968/854 668/969/855
f 668/970/855 891/878/788 607/966/853
f 608/971/856 1159/972/857 765/579/531
f 765/578/531 1048/239/218 608/973/856
f 608/973/856 1293/974/858 667/975/859
f 667/976/859 888/229/208 608/971/856
f 644/33/33 665/956/848 609/977/860
f 609/978/860 1292/954/847 1049/240/219
f 1049/240/219 660/979/851 609/978/860
f 609/977/860 1099/847/757 644/33/33
f 610/980/861 1102/25/25 663/950/844
f 663/949/844 1050/247/226 610/981/861
f 610/981/861 1289/982/862 658/959/850
f 658/958/850 641/26/26 610/980/861
f 611/983/863 1098/230/209 667/976/859
f 611/984/863 1293/974/858 1051/254/233
f 1051/254/233 1033/985/484 611/984/863
f 611/983/863 1164/877/787 895/876/786
f 612/986/864 1185/315/294 1031/3/3
f 1031/3/3 1052/505/481 612/986/864
f 612/986/864 1296/987/483 722/988/865
f 722/988/865 719/638/583 612/986/864
f 723/646/589 722/989/865 613/990/866
f 722/989/865 1053/511/485 613/990/866
f 1053/511/485 725/257/236 613/990/866
f 613/990/866 1186/481/460 723/646/589
f 614/991/867 1188/320/299 1034/10/10
f 1034/10/10 1054/528/497 614/991/867
f 614/991/867 1299/992/868 735/993/869
f 735/993/869 732/649/592 614/991/867
f 736/657/598 735/994/869 615/995/870
f 615/995/870 1299/996/868 1055/529/498
f 1055/529/498 738/830/740 615/995/870
f 615/995/870 1189/276/255 736/657/598
f 616/997/871 1191/278/257 1037/221/200
f 1037/221/200 1056/562/519 616/997/871
f 616/997/871 1302/998/872 754/999/873
f 754/999/873 751/661/602 616/997/871
f 755/669/608 754/1000/873 617/1001/874
f 617/1001/874 1302/1002/872 1057/563/520
f 1057/563/520 757/20/20 617/1001/874
f 617/1001/874 1192/286/265 755/669/608
f 618/1003/875 1194/288/267 1040/235/214
f 1040/235/214 1058/584/535 618/1003/875
f 618/1003/875 1305/583/534 767/1004/876
f 767/1004/876 764/673/612 618/1003/875
f 768/681/618 767/1005/876 619/1006/877
f 619/1006/877 1305/1007/534 1059/585/536
f 1059/585/536 770/41/41 619/1006/877
f 619/1006/877 1195/313/292 768/681/618
f 883/858/768 668/970/855 620/1008/878
f 620/1009/878 1294/968/854 1060/828/738
f 1060/828/738 1036/1010/501 620/1009/878
f 620/1008/878 1155/1011/879 883/858/768
f 621/1012/880 1117/472/451 697/1013/881
f 697/1013/881 1079/156/135 621/1012/880
f 621/1012/880 1321/1014/882 1075/747/671
f 1075/747/671 917/491/470 621/1012/880
f 924/459/438 832/717/650 622/1015/883
f 622/1015/883 1313/1016/884 1080/157/136
f 1080/157/136 698/1017/885 622/1015/883
f 622/1015/883 1118/460/439 924/459/438
f 623/1018/886 1118/460/439 698/1017/885
f 698/1017/885 1081/168/147 623/1018/886
f 623/1018/886 1324/1019/887 1078/757/679
f 1078/757/679 929/496/475 623/1018/886
f 936/471/450 837/728/658 624/1020/888
f 624/1020/888 1316/1021/889 1082/169/148
f 624/1020/888 1309/151/130 697/1013/881
f 697/1013/881 936/471/450 624/1020/888
f 916/142/123 842/739/666 625/1022/890
f 625/1022/890 1319/1023/891 1083/201/180
f 1083/201/180 695/1024/892 625/1022/890
f 625/1022/890 1113/1025/893 916/142/123
f 928/486/465 847/750/674 626/1026/894
f 626/1026/894 1322/1027/895 1084/208/187
f 1084/208/187 696/1028/896 626/1026/894
f 626/1026/894 1115/177/156 928/486/465
f 627/1029/897 1114/184/163 699/1030/898
f 699/1030/898 1085/455/434 627/1029/897
f 627/1029/897 1315/1031/899 1069/725/655
f 1069/725/655 921/196/175 627/1029/897
f 628/1032/900 1116/189/168 700/1033/901
f 700/1033/901 1086/467/446 628/1032/900
f 628/1032/900 1318/1034/902 1072/736/663
f 1072/736/663 933/190/169 628/1032/900
f 669/178/157 696/1028/896 629/1035/903
f 629/1035/903 1308/214/193 1087/475/454
f 629/1035/903 1312/464/443 700/1033/901
f 700/1033/901 669/178/157 629/1035/903
f 630/1036/904 1113/1025/893 695/1024/892
f 695/1024/892 1088/478/457 630/1036/904
f 630/1036/904 1311/452/431 699/1030/898
f 699/1030/898 670/183/162 630/1036/904
f 831/800/716 1067/158/137 631/1037/905
f 631/1037/905 1313/1016/884 1089/716/649
f 1089/716/649 833/1038/906 631/1037/905
f 631/1037/905 1247/1039/715 831/800/716
f 834/796/712 833/1040/906 632/1041/907
f 833/1040/906 1090/726/656 632/1041/907
f 632/1041/907 1315/1031/899 835/454/433
f 632/1041/907 1246/447/426 834/796/712
f 633/1042/908 1248/422/401 1070/170/149
f 633/1042/908 1316/1021/889 1091/727/657
f 1091/727/657 838/1043/909 633/1042/908
f 838/1043/909 836/811/724 633/1042/908
f 839/804/719 838/1044/909 634/1045/910
f 838/1044/909 1092/737/664 634/1045/910
f 634/1045/910 1318/1034/902 840/466/445
f 634/1045/910 1249/443/422 839/804/719
f 635/1046/911 1251/428/407 1073/202/181
f 635/1046/911 1319/1023/891 1093/738/665
f 1093/738/665 843/1047/912 635/1046/911
f 843/1047/912 841/819/731 635/1046/911
f 636/1048/913 1253/1049/730 843/1050/912
f 843/1050/912 1094/748/672 636/1048/913
f 636/1048/913 1321/1014/882 845/155/134
f 845/155/134 844/812/725 636/1048/913
f 637/1051/914 1254/449/428 1076/209/188
f 637/1051/914 1322/1027/895 1095/749/673
f 1095/749/673 848/1052/915 637/1051/914
f 848/1052/915 846/827/737 637/1051/914
f 638/1053/916 1256/823/735 848/1054/915
f 848/1054/915 1096/758/680 638/1053/916
f 638/1053/916 1324/1019/887 850/167/146
f 638/1053/916 1255/426/405 849/820/732
f 760/571/525 761/894/526 512/570/524
f 1325/1055/917 502/1056/486 727/1057/63
f 730/136/117 728/1058/487 1325/1055/917
f 909/68/62 727/1057/63 417/66/58
f 428/137/118 1325/1055/917 909/68/62
f 584/895/803 1167/892/802 760/571/525
f 583/890/800 1326/1059/918 905/90/83
f 743/891/801 741/1060/505 1326/1059/918
f 1326/1059/918 420/89/82 905/90/83
f 1326/1059/918 506/1061/503 740/1062/504
f 1569/1063/919 1879/1064/920 1327/1065/921
f 1327/1065/921 2051/1066/922 1603/1067/923
f 1603/1067/923 1880/1068/924 1327/1065/921
f 1327/1065/921 2016/1069/925 1569/1063/919
f 1329/1070/926 2296/1071/927 2227/1072/928
f 1328/1073/929 2045/1074/930 1617/1075/931
f 1617/1075/931 1872/1076/932 1328/1073/929
f 1877/1077/933 2226/1078/934 1334/1079/935
f 1878/1080/936 2230/1081/937 1342/1082/938
f 1329/1070/926 2048/1083/939 1624/1084/940
f 1624/1084/940 1876/1085/941 1329/1070/926
f 1865/1086/942 2228/1087/943 1542/1088/944
f 1570/1089/945 1867/1090/946 1330/1091/947
f 1330/1091/947 2042/1092/948 1610/1093/949
f 1610/1093/949 1868/1094/950 1330/1091/947
f 1330/1091/947 2015/1095/951 1570/1089/945
f 1331/1096/952 2054/1097/953 1866/1098/954
f 1343/1099/955 2300/1100/956 2231/1101/957
f 2231/1101/957 1876/1085/941 1343/1099/955
f 1881/1102/958 1630/1103/959 1331/1096/952
f 1332/1104/960 2044/1105/961 1869/1106/962
f 1869/1106/962 1570/1089/945 1332/1104/960
f 1332/1104/960 2015/1095/951 1870/1107/963
f 1870/1107/963 1612/1108/964 1332/1104/960
f 1333/1109/965 2047/1110/966 1873/1111/967
f 1873/1111/967 1569/1063/919 1333/1109/965
f 1333/1109/965 2016/1069/925 1874/1112/968
f 1874/1112/968 1619/1113/969 1333/1109/965
f 1334/1079/935 2050/1114/970 1877/1077/933
f 1334/1079/935 2297/1115/971 1878/1080/936
f 2225/1116/972 1871/1117/973 1328/1073/929
f 1878/1080/936 1598/1118/974 1334/1079/935
f 1982/1119/975 1986/1120/976 1335/1121/977
f 1335/1121/977 2211/1122/978 1567/1123/979
f 1335/1121/977 2014/1124/980 1873/1125/967
f 1873/1125/967 1982/1119/975 1335/1121/977
f 1336/1126/981 2213/1127/982 1989/1128/983
f 1336/1126/981 2050/1129/970 1597/1130/984
f 1336/1126/981 2052/1131/985 1601/1132/986
f 1601/1132/986 1993/1133/987 1336/1126/981
f 1991/1134/988 1990/1135/989 1337/1136/990
f 1337/1136/990 2045/1137/930 1871/1138/973
f 1549/1139/991 2352/1140/992 2223/1141/993
f 2223/1141/993 1877/1142/933 1549/1139/991
f 1979/1143/994 1983/1144/995 1338/1145/996
f 1983/1144/995 1867/1146/946 1338/1145/996
f 1338/1145/996 2013/1147/997 1977/1148/998
f 1338/1145/996 2209/1149/999 1979/1143/994
f 1650/1150/1000 1881/1102/958 1339/1151/1001
f 1894/1152/1002 2235/1153/1003 1351/1154/1004
f 1351/1154/1004 2300/1100/956 1886/1155/1005
f 1339/1151/1001 2078/1156/1006 1650/1150/1000
f 1340/1157/1007 2057/1158/1008 1870/1107/963
f 1870/1107/963 1572/1159/1009 1340/1157/1007
f 1340/1157/1007 2017/1160/1010 1883/1161/1011
f 1883/1161/1011 1635/1162/1012 1340/1157/1007
f 1341/1163/1013 2060/1164/1014 1874/1112/968
f 1874/1112/968 1571/1165/1015 1341/1163/1013
f 1341/1163/1013 2018/1166/1016 1885/1167/1017
f 1885/1167/1017 1640/1168/1018 1341/1163/1013
f 1342/1082/938 2063/1169/1019 1878/1080/936
f 1345/1170/1020 2302/1171/1021 2229/1172/1022
f 2229/1172/1022 1872/1076/932 1345/1170/1020
f 1887/1173/1023 1625/1174/1024 1342/1082/938
f 1350/1175/1025 2301/1176/1026 2234/1177/1027
f 1343/1099/955 2059/1178/1028 1644/1179/1029
f 1644/1179/1029 1886/1155/1005 1343/1099/955
f 1331/1096/952 2299/1180/1030 1881/1102/958
f 1571/1165/1015 1880/1068/924 1344/1181/1031
f 1344/1181/1031 2062/1182/1032 1629/1183/1033
f 1629/1183/1033 1888/1184/1034 1344/1181/1031
f 1344/1181/1031 2018/1166/1016 1571/1165/1015
f 1866/1098/954 2232/1185/1035 1331/1096/952
f 1345/1170/1020 2056/1186/1036 1639/1187/1037
f 1639/1187/1037 1884/1188/1038 1345/1170/1020
f 1342/1082/938 2301/1176/1026 1887/1173/1023
f 1572/1159/1009 1868/1094/950 1346/1189/1039
f 1346/1189/1039 2053/1190/1040 1634/1191/1041
f 1634/1191/1041 1882/1192/1042 1346/1189/1039
f 1346/1189/1039 2017/1160/1010 1572/1159/1009
f 1670/1193/1043 1889/1194/1044 1347/1195/1045
f 1902/1196/1046 2239/1197/1047 1359/1198/1048
f 1359/1198/1048 2304/1199/1049 1894/1152/1002
f 1347/1195/1045 2090/1200/1050 1670/1193/1043
f 1348/1201/1051 2069/1202/1052 1883/1161/1011
f 1883/1161/1011 1574/1203/1053 1348/1201/1051
f 1574/1203/1053 1891/1204/1054 1348/1201/1051
f 1348/1201/1051 2081/1205/1055 1655/1206/1056
f 1349/1207/1057 2072/1208/1058 1885/1167/1017
f 1885/1167/1017 1573/1209/1059 1349/1207/1057
f 1573/1209/1059 1893/1210/1060 1349/1207/1057
f 1349/1207/1057 2084/1211/1061 1660/1212/1062
f 1645/1213/1063 1887/1173/1023 1350/1175/1025
f 1892/1214/1064 2233/1215/1065 1353/1216/1066
f 1353/1216/1066 2302/1171/1021 1884/1188/1038
f 1350/1175/1025 2087/1217/1067 1645/1213/1063
f 1358/1218/1068 2305/1219/1069 2238/1220/1070
f 1886/1155/1005 1664/1221/1071 1351/1154/1004
f 1351/1154/1004 2083/1222/1072 1894/1152/1002
f 2236/1223/1073 1889/1194/1044 1339/1151/1001
f 1573/1209/1059 1888/1184/1034 1352/1224/1074
f 1352/1224/1074 2074/1225/1075 1649/1226/1076
f 1352/1224/1074 2086/1227/1077 1896/1228/1078
f 1896/1228/1078 1573/1209/1059 1352/1224/1074
f 1339/1151/1001 2299/1180/1030 2236/1223/1073
f 1884/1188/1038 1659/1229/1079 1353/1216/1066
f 1353/1216/1066 2080/1230/1080 1892/1214/1064
f 2234/1177/1027 1895/1231/1081 1350/1175/1025
f 1574/1203/1053 1882/1192/1042 1354/1232/1082
f 1354/1232/1082 2065/1233/1083 1654/1234/1084
f 1354/1232/1082 2077/1235/1085 1890/1236/1086
f 1890/1236/1086 1574/1203/1053 1354/1232/1082
f 1355/1237/1087 2090/1200/1050 1897/1238/1088
f 1375/1239/1089 2318/1240/1090 2243/1241/1091
f 2243/1241/1091 1902/1196/1046 1375/1239/1089
f 1905/1242/1092 1718/1243/1093 1355/1237/1087
f 1675/1244/1094 1891/1204/1054 1356/1245/1095
f 1356/1245/1095 2019/1246/1096 1576/1247/1097
f 1576/1247/1097 1899/1248/1098 1356/1245/1095
f 1356/1245/1095 2093/1249/1099 1675/1244/1094
f 1680/1250/1100 1893/1210/1060 1357/1251/1101
f 1357/1251/1101 2020/1252/1102 1575/1253/1103
f 1575/1253/1103 1901/1254/1104 1357/1251/1101
f 1357/1251/1101 2096/1255/1105 1680/1250/1100
f 1665/1256/1106 1895/1231/1081 1358/1218/1068
f 1900/1257/1107 2237/1258/1108 1361/1259/1109
f 1361/1259/1109 2306/1260/1110 1892/1214/1064
f 1358/1218/1068 2099/1261/1111 1665/1256/1106
f 1903/1262/1112 2242/1263/1113 1374/1264/1114
f 1894/1152/1002 1684/1265/1115 1359/1198/1048
f 1359/1198/1048 2095/1266/1116 1902/1196/1046
f 2240/1267/1117 1897/1238/1088 1347/1195/1045
f 1360/1268/1118 2020/1252/1102 1896/1228/1078
f 1896/1228/1078 1669/1269/1119 1360/1268/1118
f 1360/1268/1118 2098/1270/1120 1904/1271/1121
f 1904/1271/1121 1575/1253/1103 1360/1268/1118
f 1347/1195/1045 2303/1272/1122 2240/1267/1117
f 1892/1214/1064 1679/1273/1123 1361/1259/1109
f 1361/1259/1109 2092/1274/1124 1900/1257/1107
f 2238/1220/1070 1903/1262/1112 1358/1218/1068
f 1362/1275/1125 2019/1246/1096 1890/1236/1086
f 1890/1236/1086 1674/1276/1126 1362/1275/1125
f 1362/1275/1125 2089/1277/1127 1898/1278/1128
f 1898/1278/1128 1576/1247/1097 1362/1275/1125
f 1363/1279/1129 2113/1280/1130 1911/1281/1131
f 1385/1282/1132 2314/1283/1133 2246/1284/1134
f 1905/1242/1092 2247/1285/1135 1364/1286/1136
f 1925/1287/1137 1686/1288/1138 1363/1279/1129
f 1364/1286/1136 2116/1289/1139 1905/1242/1092
f 1383/1290/1140 2312/1291/1141 2248/1292/1142
f 1920/1293/1143 2249/1294/1144 1369/1295/1145
f 1913/1296/1146 1693/1297/1147 1364/1286/1136
f 1365/1298/1148 2119/1299/1149 1907/1300/1150
f 1907/1300/1150 1580/1301/1151 1365/1298/1148
f 1365/1298/1148 2023/1302/1152 1917/1303/1153
f 1917/1303/1153 1700/1304/1154 1365/1298/1148
f 1366/1305/1155 2122/1306/1156 1909/1307/1157
f 1909/1307/1157 1579/1308/1158 1366/1305/1155
f 1366/1305/1155 2024/1309/1159 1921/1310/1160
f 1921/1310/1160 1707/1311/1161 1366/1305/1155
f 1390/1312/1162 2321/1313/1163 2254/1314/1164
f 1367/1315/1165 2107/1316/1166 1744/1317/1167
f 1367/1315/1165 2131/1318/1168 1924/1319/1169
f 1913/1296/1146 2252/1320/1170 1371/1321/1171
f 1581/1322/1172 1927/1323/1173 1368/1324/1174
f 1368/1324/1174 2110/1325/1175 1729/1326/1176
f 1368/1324/1174 2134/1327/1177 1928/1328/1178
f 1928/1328/1178 1581/1322/1172 1368/1324/1174
f 1924/1319/1169 2251/1329/1179 1367/1315/1165
f 1369/1295/1145 2104/1330/1180 1739/1331/1181
f 1369/1295/1145 2128/1332/1182 1920/1293/1143
f 1382/1333/1183 2313/1334/1184 2250/1335/1185
f 1582/1336/1186 1915/1337/1187 1370/1338/1188
f 1370/1338/1188 2101/1339/1189 1734/1340/1190
f 1370/1338/1188 2125/1341/1191 1916/1342/1192
f 1916/1342/1192 1582/1336/1186 1370/1338/1188
f 1371/1321/1171 2102/1343/1193 1913/1296/1146
f 2252/1320/1170 1914/1344/1194 1371/1321/1171
f 2251/1329/1179 1923/1345/1195 1367/1315/1165
f 1371/1321/1171 2126/1346/1196 1730/1347/1197
f 1372/1348/1198 2093/1249/1099 1899/1248/1098
f 1899/1248/1098 1578/1349/1199 1372/1348/1198
f 1372/1348/1198 2026/1350/1200 1907/1300/1150
f 1907/1300/1150 1721/1351/1201 1372/1348/1198
f 1373/1352/1202 2096/1255/1105 1901/1254/1104
f 1901/1254/1104 1577/1353/1203 1373/1352/1202
f 1373/1352/1202 2025/1354/1204 1909/1307/1157
f 1909/1307/1157 1724/1355/1205 1373/1352/1202
f 1374/1264/1114 2099/1261/1111 1903/1262/1112
f 1377/1356/1206 2316/1357/1207 2241/1358/1208
f 2241/1358/1208 1900/1257/1107 1377/1356/1206
f 1911/1281/1131 1715/1359/1209 1374/1264/1114
f 1363/1279/1129 2315/1360/1210 2245/1361/1211
f 1375/1239/1089 2095/1266/1116 1722/1362/1212
f 1722/1362/1212 1910/1363/1213 1375/1239/1089
f 1355/1237/1087 2317/1364/1214 1905/1242/1092
f 1577/1353/1203 1904/1271/1121 1376/1365/1215
f 1376/1365/1215 2098/1270/1120 1713/1366/1216
f 1713/1366/1216 1912/1367/1217 1376/1365/1215
f 1376/1365/1215 2025/1354/1204 1577/1353/1203
f 1897/1238/1088 2244/1368/1218 1355/1237/1087
f 1377/1356/1206 2092/1274/1124 1719/1369/1219
f 1719/1369/1219 1908/1370/1220 1377/1356/1206
f 2242/1263/1113 1911/1281/1131 1374/1264/1114
f 1578/1349/1199 1898/1278/1128 1378/1371/1221
f 1378/1371/1221 2089/1277/1127 1716/1372/1222
f 1716/1372/1222 1906/1373/1223 1378/1371/1221
f 1378/1371/1221 2026/1350/1200 1578/1349/1199
f 1750/1374/1224 1914/1344/1194 1379/1375/1225
f 1934/1376/1226 2255/1377/1227 1391/1378/1228
f 1391/1378/1228 2320/1379/1229 1924/1319/1169
f 1379/1375/1225 2138/1380/1230 1750/1374/1224
f 1380/1381/1231 2105/1382/1232 1917/1303/1153
f 1917/1303/1153 1582/1336/1186 1380/1381/1231
f 1582/1336/1186 1918/1383/1233 1380/1381/1231
f 1380/1381/1231 2129/1384/1234 1735/1385/1235
f 1381/1386/1236 2108/1387/1237 1921/1310/1160
f 1921/1310/1160 1581/1322/1172 1381/1386/1236
f 1581/1322/1172 1922/1388/1238 1381/1386/1236
f 1381/1386/1236 2132/1389/1239 1740/1390/1240
f 1382/1333/1183 2111/1391/1241 1925/1287/1137
f 2250/1335/1185 1926/1392/1242 1382/1333/1183
f 2249/1294/1144 1919/1393/1243 1369/1295/1145
f 1382/1333/1183 2135/1394/1244 1725/1395/1245
f 1364/1286/1136 2311/1396/1246 1913/1296/1146
f 1383/1290/1140 2123/1397/1247 1712/1398/1248
f 1712/1398/1248 1923/1345/1195 1383/1290/1140
f 2248/1292/1142 1910/1363/1213 1383/1290/1140
f 1579/1308/1158 1912/1367/1217 1384/1399/1249
f 1384/1399/1249 2114/1400/1250 1691/1401/1251
f 1691/1401/1251 1927/1323/1173 1384/1399/1249
f 1384/1399/1249 2024/1309/1159 1579/1308/1158
f 2245/1361/1211 1925/1287/1137 1363/1279/1129
f 1385/1282/1132 2120/1402/1252 1705/1403/1253
f 1705/1403/1253 1919/1393/1243 1385/1282/1132
f 2246/1284/1134 1908/1370/1220 1385/1282/1132
f 1580/1301/1151 1906/1373/1223 1386/1404/1254
f 1386/1404/1254 2117/1405/1255 1698/1406/1256
f 1698/1406/1256 1915/1337/1187 1386/1404/1254
f 1386/1404/1254 2023/1302/1152 1580/1301/1151
f 2420/1407/1257 1929/1408/1258 2391/1409/1259
f 1399/1410/1260 2328/1411/1261 2259/1412/1262
f 2395/1413/1263 2324/1414/1264 1934/1376/1226
f 1937/1415/1265 1770/1416/1266 1387/1417/1267
f 1755/1418/1268 1918/1383/1233 1388/1419/1269
f 1388/1419/1269 2027/1420/1270 1584/1421/1271
f 1584/1421/1271 1931/1422/1272 1388/1419/1269
f 1388/1419/1269 2141/1423/1273 1755/1418/1268
f 1760/1424/1274 1922/1388/1238 1389/1425/1275
f 1389/1425/1275 2028/1426/1276 1583/1427/1277
f 1583/1427/1277 1933/1428/1278 1389/1425/1275
f 1389/1425/1275 2144/1429/1279 1760/1424/1274
f 1745/1430/1280 1926/1392/1242 1390/1312/1162
f 1932/1431/1281 2253/1432/1282 1393/1433/1283
f 1393/1433/1283 2322/1434/1284 1920/1293/1143
f 1390/1312/1162 2147/1435/1285 1745/1430/1280
f 2394/1436/1286 2325/1437/1287 2417/1438/1288
f 1924/1319/1169 1764/1439/1289 1391/1378/1228
f 1391/1378/1228 2143/1440/1290 1934/1376/1226
f 2256/1441/1291 1929/1408/1258 1379/1375/1225
f 1392/1442/1292 2028/1426/1276 1928/1328/1178
f 1928/1328/1178 1749/1443/1293 1392/1442/1292
f 1392/1442/1292 2146/1444/1294 1936/1445/1295
f 1936/1445/1295 1583/1427/1277 1392/1442/1292
f 1379/1375/1225 2319/1446/1296 2256/1441/1291
f 1920/1293/1143 1759/1447/1297 1393/1433/1283
f 1393/1433/1283 2140/1448/1298 1932/1431/1281
f 2254/1314/1164 1935/1449/1299 1390/1312/1162
f 1394/1450/1300 2027/1420/1270 1916/1342/1192
f 1916/1342/1192 1754/1451/1301 1394/1450/1300
f 1394/1450/1300 2137/1452/1302 1930/1453/1303
f 1930/1453/1303 1584/1421/1271 1394/1450/1300
f 1395/1454/1304 2150/1455/1305 1937/1415/1265
f 1950/1456/1306 2263/1457/1307 1407/1458/1308
f 2263/1457/1307 1942/1459/1309 1407/1458/1308
f 1395/1454/1304 2162/1460/1310 1790/1461/1311
f 2421/1462/1312 1931/1422/1272 2392/1463/1313
f 2392/1463/1313 2029/1464/1314 2408/1465/1315
f 1396/1466/1316 2031/1467/1317 1939/1468/1318
f 1939/1468/1318 1775/1469/1319 1396/1466/1316
f 2422/1470/1320 1933/1428/1278 2393/1471/1321
f 2393/1471/1321 2030/1472/1322 2407/1473/1323
f 1397/1474/1324 2032/1475/1325 1941/1476/1326
f 1941/1476/1326 1780/1477/1327 1397/1474/1324
f 2419/1478/1328 1935/1449/1299 2394/1436/1286
f 1401/1479/1329 2330/1480/1330 2257/1481/1331
f 2397/1482/1332 2326/1483/1333 1932/1431/1281
f 1943/1484/1334 1765/1485/1335 1398/1486/1336
f 1943/1484/1334 2262/1487/1337 1406/1488/1338
f 1934/1376/1226 2416/1489/1339 2395/1413/1263
f 1784/1490/1340 1942/1459/1309 1399/1410/1260
f 1387/1417/1267 2327/1491/1341 1937/1415/1265
f 2396/1492/1342 2030/1472/1322 1936/1445/1295
f 1936/1445/1295 2410/1493/1343 2396/1492/1342
f 1769/1494/1344 1944/1495/1345 1400/1496/1346
f 1400/1496/1346 2032/1475/1325 1585/1497/1347
f 2391/1409/1259 2323/1498/1348 2418/1499/1349
f 1932/1431/1281 2414/1500/1350 2397/1482/1332
f 1779/1501/1351 1940/1502/1352 1401/1479/1329
f 1398/1486/1336 2329/1503/1353 1943/1484/1334
f 2398/1504/1354 2029/1464/1314 1930/1453/1303
f 1930/1453/1303 2412/1505/1355 2398/1504/1354
f 1774/1506/1356 1938/1507/1357 1402/1508/1358
f 1402/1508/1358 2031/1467/1317 1586/1509/1359
f 1810/1510/1360 1945/1511/1361 1403/1512/1362
f 1958/1513/1363 2267/1514/1364 1415/1515/1365
f 1415/1515/1365 2332/1516/1366 1950/1456/1306
f 1403/1512/1362 2174/1517/1367 1810/1510/1360
f 1404/1518/1368 2153/1519/1369 1939/1468/1318
f 1939/1468/1318 1588/1520/1370 1404/1518/1368
f 1588/1520/1370 1947/1521/1371 1404/1518/1368
f 1404/1518/1368 2165/1522/1372 1795/1523/1373
f 1405/1524/1374 2156/1525/1375 1941/1476/1326
f 1941/1476/1326 1587/1526/1376 1405/1524/1374
f 1587/1526/1376 1949/1527/1377 1405/1524/1374
f 1405/1524/1374 2168/1528/1378 1800/1529/1379
f 1406/1488/1338 2159/1530/1380 1943/1484/1334
f 1948/1531/1381 2261/1532/1382 1409/1533/1383
f 2261/1532/1382 1940/1502/1352 1409/1533/1383
f 1406/1488/1338 2171/1534/1384 1785/1535/1385
f 1414/1536/1386 2333/1537/1387 2266/1538/1388
f 1407/1458/1308 2155/1539/1389 1804/1540/1390
f 1407/1458/1308 2167/1541/1391 1950/1456/1306
f 2264/1542/1392 1945/1511/1361 1395/1454/1304
f 1587/1526/1376 1944/1495/1345 1408/1543/1393
f 1408/1543/1393 2158/1544/1394 1789/1545/1395
f 1408/1543/1393 2170/1546/1396 1952/1547/1397
f 1952/1547/1397 1587/1526/1376 1408/1543/1393
f 1937/1415/1265 2264/1542/1392 1395/1454/1304
f 1409/1533/1383 2152/1548/1398 1799/1549/1399
f 1409/1533/1383 2164/1550/1400 1948/1531/1381
f 2262/1487/1337 1951/1551/1401 1406/1488/1338
f 1588/1520/1370 1938/1507/1357 1410/1552/1402
f 1410/1552/1402 2149/1553/1403 1794/1554/1404
f 1410/1552/1402 2161/1555/1405 1946/1556/1406
f 1946/1556/1406 1588/1520/1370 1410/1552/1402
f 1830/1557/1407 1953/1558/1408 1411/1559/1409
f 1966/1560/1410 2271/1561/1411 1423/1562/1412
f 1423/1562/1412 2336/1563/1413 1958/1513/1363
f 1411/1559/1409 2186/1564/1414 1830/1557/1407
f 1815/1565/1415 1947/1521/1371 1412/1566/1416
f 1412/1566/1416 2033/1567/1417 1590/1568/1418
f 1590/1568/1418 1955/1569/1419 1412/1566/1416
f 1412/1566/1416 2177/1570/1420 1815/1565/1415
f 1820/1571/1421 1949/1527/1377 1413/1572/1422
f 1413/1572/1422 2034/1573/1423 1589/1574/1424
f 1589/1574/1424 1957/1575/1425 1413/1572/1422
f 1413/1572/1422 2180/1576/1426 1820/1571/1421
f 1805/1577/1427 1951/1551/1401 1414/1536/1386
f 1956/1578/1428 2265/1579/1429 1417/1580/1430
f 1417/1580/1430 2334/1581/1431 1948/1531/1381
f 1414/1536/1386 2183/1582/1432 1805/1577/1427
f 1422/1583/1433 2337/1584/1434 2270/1585/1435
f 1950/1456/1306 1824/1586/1436 1415/1515/1365
f 1415/1515/1365 2179/1587/1437 1958/1513/1363
f 2268/1588/1438 1953/1558/1408 1403/1512/1362
f 1416/1589/1439 2034/1573/1423 1952/1547/1397
f 1952/1547/1397 1809/1590/1440 1416/1589/1439
f 1416/1589/1439 2182/1591/1441 1960/1592/1442
f 1960/1592/1442 1589/1574/1424 1416/1589/1439
f 1403/1512/1362 2331/1593/1443 2268/1588/1438
f 1948/1531/1381 1819/1594/1444 1417/1580/1430
f 1417/1580/1430 2176/1595/1445 1956/1578/1428
f 2266/1538/1388 1959/1596/1446 1414/1536/1386
f 1418/1597/1447 2033/1567/1417 1946/1556/1406
f 1946/1556/1406 1814/1598/1448 1418/1597/1447
f 1418/1597/1447 2173/1599/1449 1954/1600/1450
f 1954/1600/1450 1590/1568/1418 1418/1597/1447
f 1850/1601/1451 1961/1602/1452 1419/1603/1453
f 1974/1604/1454 2275/1605/1455 1431/1606/1456
f 1431/1606/1456 2340/1607/1457 1966/1560/1410
f 1419/1603/1453 2198/1608/1458 1850/1601/1451
f 1835/1609/1459 1955/1569/1419 1420/1610/1460
f 1420/1610/1460 2035/1611/1461 1592/1612/1462
f 1592/1612/1462 1963/1613/1463 1420/1610/1460
f 1420/1610/1460 2189/1614/1464 1835/1609/1459
f 1840/1615/1465 1957/1575/1425 1421/1616/1466
f 1421/1616/1466 2036/1617/1467 1591/1618/1468
f 1591/1618/1468 1965/1619/1469 1421/1616/1466
f 1421/1616/1466 2192/1620/1470 1840/1615/1465
f 1825/1621/1471 1959/1596/1446 1422/1583/1433
f 1964/1622/1472 2269/1623/1473 1425/1624/1474
f 1425/1624/1474 2338/1625/1475 1956/1578/1428
f 1422/1583/1433 2195/1626/1476 1825/1621/1471
f 1430/1627/1477 2341/1628/1478 2274/1629/1479
f 1958/1513/1363 1844/1630/1480 1423/1562/1412
f 1423/1562/1412 2191/1631/1481 1966/1560/1410
f 2272/1632/1482 1961/1602/1452 1411/1559/1409
f 1424/1633/1483 2036/1617/1467 1960/1592/1442
f 1960/1592/1442 1829/1634/1484 1424/1633/1483
f 1424/1633/1483 2194/1635/1485 1968/1636/1486
f 1968/1636/1486 1591/1618/1468 1424/1633/1483
f 1411/1559/1409 2335/1637/1487 2272/1632/1482
f 1956/1578/1428 1839/1638/1488 1425/1624/1474
f 1425/1624/1474 2188/1639/1489 1964/1622/1472
f 2270/1585/1435 1967/1640/1490 1422/1583/1433
f 1426/1641/1491 2035/1611/1461 1954/1600/1450
f 1954/1600/1450 1834/1642/1492 1426/1641/1491
f 1426/1641/1491 2185/1643/1493 1962/1644/1494
f 1962/1644/1494 1592/1612/1462 1426/1641/1491
f 1996/1645/1495 1999/1646/1496 1427/1647/1497
f 1427/1647/1497 2215/1648/1498 1595/1649/1499
f 1427/1647/1497 2039/1650/1500 1970/1651/1501
f 1970/1651/1501 1996/1645/1495 1427/1647/1497
f 1855/1652/1502 1963/1613/1463 1428/1653/1503
f 1428/1653/1503 2037/1654/1504 1594/1655/1505
f 1594/1655/1505 1971/1656/1506 1428/1653/1503
f 1428/1653/1503 2201/1657/1507 1855/1652/1502
f 1860/1658/1508 1965/1619/1469 1429/1659/1509
f 1429/1659/1509 2038/1660/1510 1593/1661/1511
f 1593/1661/1511 1973/1662/1512 1429/1659/1509
f 1429/1659/1509 2204/1663/1513 1860/1658/1508
f 1845/1664/1514 1967/1640/1490 1430/1627/1477
f 1972/1665/1515 2273/1666/1516 1433/1667/1517
f 1433/1667/1517 2342/1668/1518 1964/1622/1472
f 1430/1627/1477 2207/1669/1519 1845/1664/1514
f 1998/1670/1520 2277/1671/1521 1557/1672/1522
f 1966/1560/1410 1864/1673/1523 1431/1606/1456
f 1431/1606/1456 2203/1674/1524 1974/1604/1454
f 2276/1675/1525 1969/1676/1526 1419/1603/1453
f 1432/1677/1527 2038/1660/1510 1968/1636/1486
f 1968/1636/1486 1849/1678/1528 1432/1677/1527
f 1432/1677/1527 2206/1679/1529 1976/1680/1530
f 1976/1680/1530 1593/1661/1511 1432/1677/1527
f 1419/1603/1453 2339/1681/1531 2276/1675/1525
f 1964/1622/1472 1859/1682/1532 1433/1667/1517
f 1433/1667/1517 2200/1683/1533 1972/1665/1515
f 2274/1629/1479 1975/1684/1534 1430/1627/1477
f 1434/1685/1535 2037/1654/1504 1962/1644/1494
f 1962/1644/1494 1854/1686/1536 1434/1685/1535
f 1434/1685/1535 2197/1687/1537 1970/1688/1501
f 1970/1688/1501 1594/1655/1505 1434/1685/1535
f 1435/1689/1538 2220/1690/1539 2008/1691/1540
f 1435/1689/1538 2200/1692/1533 1858/1693/1541
f 1435/1689/1538 2202/1694/1542 1856/1695/1543
f 1435/1689/1538 2201/1696/1507 2012/1697/1544
f 2004/1698/1545 2003/1699/1546 1436/1700/1547
f 2003/1699/1546 1973/1701/1512 1436/1700/1547
f 1436/1700/1547 2040/1702/1548 2002/1703/1549
f 1436/1700/1547 2217/1704/1550 2004/1698/1545
f 2010/1705/1551 2007/1706/1552 1437/1707/1553
f 2007/1706/1552 1975/1708/1534 1437/1707/1553
f 1558/1709/1554 2356/1710/1555 2279/1711/1556
f 1558/1709/1554 2346/1712/1557 1972/1713/1515
f 1597/1714/984 1598/1118/974 1438/1715/1558
f 1438/1715/1558 2063/1169/1019 1599/1716/1559
f 1599/1716/1559 1600/1717/1560 1438/1715/1558
f 1438/1715/1558 2052/1718/985 1597/1714/984
f 1601/1719/986 1600/1720/1560 1439/1721/1561
f 1600/1720/1560 1602/1722/1562 1439/1721/1561
f 1439/1721/1561 2062/1182/1032 1603/1067/923
f 1603/1067/923 1601/1719/986 1439/1721/1561
f 1604/1723/1563 1605/1724/1564 1440/1725/1565
f 1440/1725/1565 2054/1097/953 1606/1726/1566
f 1606/1726/1566 1607/1727/1567 1440/1725/1565
f 1440/1725/1565 2043/1728/1568 1604/1723/1563
f 1441/1729/1569 2043/1730/1568 1607/1731/1567
f 1607/1731/1567 1609/1732/1570 1441/1729/1569
f 1441/1729/1569 2053/1190/1040 1610/1093/949
f 1610/1093/949 1608/1733/1571 1441/1729/1569
f 1611/1734/1572 1612/1108/964 1442/1735/1573
f 1442/1735/1573 2057/1158/1008 1613/1736/1574
f 1613/1736/1574 1614/1737/1575 1442/1735/1573
f 1614/1737/1575 1611/1734/1572 1442/1735/1573
f 1443/1738/1576 2046/1739/1577 1614/1740/1575
f 1614/1740/1575 1616/1741/1578 1443/1738/1576
f 1443/1738/1576 2056/1186/1036 1617/1075/931
f 1617/1075/931 1615/1742/1579 1443/1738/1576
f 1618/1743/1580 1619/1113/969 1444/1744/1581
f 1444/1744/1581 2060/1164/1014 1620/1745/1582
f 1620/1745/1582 1621/1746/1583 1444/1744/1581
f 1444/1744/1581 2049/1747/1584 1618/1743/1580
f 1445/1748/1585 2049/1749/1584 1621/1750/1583
f 1621/1750/1583 1623/1751/1586 1445/1748/1585
f 1445/1748/1585 2059/1178/1028 1624/1084/940
f 1624/1084/940 1622/1752/1587 1445/1748/1585
f 1599/1716/1559 1625/1174/1024 1446/1753/1588
f 1446/1753/1588 2075/1754/1589 1626/1755/1590
f 1626/1755/1590 1627/1756/1591 1446/1753/1588
f 1446/1753/1588 2064/1757/1592 1599/1716/1559
f 1447/1758/1593 2064/1759/1592 1627/1760/1591
f 1627/1760/1591 1628/1761/1594 1447/1758/1593
f 1447/1758/1593 2074/1225/1075 1629/1183/1033
f 1629/1183/1033 1602/1722/1562 1447/1758/1593
f 1606/1726/1566 1630/1103/959 1448/1762/1595
f 1448/1762/1595 2066/1763/1596 1631/1764/1597
f 1631/1764/1597 1632/1765/1598 1448/1762/1595
f 1448/1762/1595 2055/1766/1599 1606/1726/1566
f 1449/1767/1600 2055/1768/1599 1632/1769/1598
f 1632/1769/1598 1633/1770/1601 1449/1767/1600
f 1449/1767/1600 2065/1233/1083 1634/1191/1041
f 1634/1191/1041 1609/1732/1570 1449/1767/1600
f 1613/1736/1574 1635/1162/1012 1450/1771/1602
f 1450/1771/1602 2069/1202/1052 1636/1772/1603
f 1636/1772/1603 1637/1773/1604 1450/1771/1602
f 1450/1771/1602 2058/1774/1605 1613/1736/1574
f 1451/1775/1606 2058/1776/1605 1637/1777/1604
f 1637/1777/1604 1638/1778/1607 1451/1775/1606
f 1451/1775/1606 2068/1779/1608 1639/1187/1037
f 1639/1187/1037 1616/1741/1578 1451/1775/1606
f 1620/1745/1582 1640/1168/1018 1452/1780/1609
f 1452/1780/1609 2072/1208/1058 1641/1781/1610
f 1641/1781/1610 1642/1782/1611 1452/1780/1609
f 1452/1780/1609 2061/1783/1612 1620/1745/1582
f 1453/1784/1613 2061/1785/1612 1642/1786/1611
f 1642/1786/1611 1643/1787/1614 1453/1784/1613
f 1453/1784/1613 2071/1788/1615 1644/1179/1029
f 1644/1179/1029 1623/1751/1586 1453/1784/1613
f 1626/1755/1590 1645/1213/1063 1454/1789/1616
f 1645/1213/1063 1646/1790/1617 1454/1789/1616
f 1454/1789/1616 2088/1791/1618 1647/1792/1619
f 1647/1792/1619 1626/1755/1590 1454/1789/1616
f 1455/1793/1620 2076/1794/1621 1647/1795/1619
f 1455/1793/1620 2088/1796/1618 1648/1797/1622
f 1648/1797/1622 1649/1226/1076 1455/1793/1620
f 1649/1226/1076 1628/1761/1594 1455/1793/1620
f 1631/1764/1597 1650/1150/1000 1456/1798/1623
f 1650/1150/1000 1651/1799/1624 1456/1798/1623
f 1456/1798/1623 2079/1800/1625 1652/1801/1626
f 1652/1801/1626 1631/1764/1597 1456/1798/1623
f 1457/1802/1627 2067/1803/1628 1652/1804/1626
f 1457/1802/1627 2079/1805/1625 1653/1806/1629
f 1653/1806/1629 1654/1234/1084 1457/1802/1627
f 1654/1234/1084 1633/1770/1601 1457/1802/1627
f 1636/1772/1603 1655/1206/1056 1458/1807/1630
f 1655/1206/1056 1656/1808/1631 1458/1807/1630
f 1458/1807/1630 2082/1809/1632 1657/1810/1633
f 1458/1807/1630 2070/1811/1634 1636/1772/1603
f 1638/1778/1607 1657/1812/1633 1459/1813/1635
f 1459/1813/1635 2082/1814/1632 1658/1815/1636
f 1658/1815/1636 1659/1229/1079 1459/1813/1635
f 1659/1229/1079 1638/1778/1607 1459/1813/1635
f 1641/1781/1610 1660/1212/1062 1460/1816/1637
f 1660/1212/1062 1661/1817/1638 1460/1816/1637
f 1460/1816/1637 2085/1818/1639 1662/1819/1640
f 1460/1816/1637 2073/1820/1641 1641/1781/1610
f 1643/1787/1614 1662/1821/1640 1461/1822/1642
f 1461/1822/1642 2085/1823/1639 1663/1824/1643
f 1663/1824/1643 1664/1221/1071 1461/1822/1642
f 1664/1221/1071 1643/1787/1614 1461/1822/1642
f 1462/1825/1644 2087/1217/1067 1665/1256/1106
f 1665/1256/1106 1666/1826/1645 1462/1825/1644
f 1462/1825/1644 2100/1827/1646 1667/1828/1647
f 1667/1828/1647 1646/1790/1617 1462/1825/1644
f 1648/1797/1622 1667/1829/1647 1463/1830/1648
f 1463/1830/1648 2100/1831/1646 1668/1832/1649
f 1668/1832/1649 1669/1269/1119 1463/1830/1648
f 1463/1830/1648 2086/1227/1077 1648/1797/1622
f 1464/1833/1650 2078/1156/1006 1670/1193/1043
f 1670/1193/1043 1671/1834/1651 1464/1833/1650
f 1464/1833/1650 2091/1835/1652 1672/1836/1653
f 1672/1836/1653 1651/1799/1624 1464/1833/1650
f 1653/1806/1629 1672/1837/1653 1465/1838/1654
f 1465/1838/1654 2091/1839/1652 1673/1840/1655
f 1673/1840/1655 1674/1276/1126 1465/1838/1654
f 1465/1838/1654 2077/1235/1085 1653/1806/1629
f 1466/1841/1656 2081/1205/1055 1675/1244/1094
f 1675/1244/1094 1676/1842/1657 1466/1841/1656
f 1466/1841/1656 2094/1843/1658 1677/1844/1659
f 1677/1844/1659 1656/1808/1631 1466/1841/1656
f 1658/1815/1636 1677/1845/1659 1467/1846/1660
f 1467/1846/1660 2094/1847/1658 1678/1848/1661
f 1678/1848/1661 1679/1273/1123 1467/1846/1660
f 1467/1846/1660 2080/1230/1080 1658/1815/1636
f 1468/1849/1662 2084/1211/1061 1680/1250/1100
f 1680/1250/1100 1681/1850/1663 1468/1849/1662
f 1468/1849/1662 2097/1851/1664 1682/1852/1665
f 1682/1852/1665 1661/1817/1638 1468/1849/1662
f 1663/1824/1643 1682/1853/1665 1469/1854/1666
f 1469/1854/1666 2097/1855/1664 1683/1856/1667
f 1683/1856/1667 1684/1265/1115 1469/1854/1666
f 1469/1854/1666 2083/1222/1072 1663/1824/1643
f 1685/1857/1668 1686/1288/1138 1470/1858/1669
f 1470/1858/1669 2111/1391/1241 1687/1859/1670
f 1687/1859/1670 1688/1860/1671 1470/1858/1669
f 1470/1858/1669 2115/1861/1672 1685/1857/1668
f 1471/1862/1673 2115/1863/1672 1688/1864/1671
f 1688/1864/1671 1690/1865/1674 1471/1862/1673
f 1471/1862/1673 2110/1325/1175 1691/1401/1251
f 1691/1401/1251 1689/1866/1675 1471/1862/1673
f 1692/1867/1676 1693/1297/1147 1472/1868/1677
f 1472/1868/1677 2102/1343/1193 1694/1869/1678
f 1694/1869/1678 1695/1870/1679 1472/1868/1677
f 1472/1868/1677 2118/1871/1680 1692/1867/1676
f 1473/1872/1681 2118/1873/1680 1695/1874/1679
f 1695/1874/1679 1697/1875/1682 1473/1872/1681
f 1473/1872/1681 2101/1339/1189 1698/1406/1256
f 1698/1406/1256 1696/1876/1683 1473/1872/1681
f 1699/1877/1684 1700/1304/1154 1474/1878/1685
f 1474/1878/1685 2105/1382/1232 1701/1879/1686
f 1701/1879/1686 1702/1880/1687 1474/1878/1685
f 1474/1878/1685 2121/1881/1688 1699/1877/1684
f 1703/1882/1689 1702/1883/1687 1475/1884/1690
f 1475/1884/1690 2106/1885/1691 1704/1886/1692
f 1475/1884/1690 2104/1330/1180 1705/1403/1253
f 1705/1403/1253 1703/1882/1689 1475/1884/1690
f 1706/1887/1693 1707/1311/1161 1476/1888/1694
f 1476/1888/1694 2108/1387/1237 1708/1889/1695
f 1708/1889/1695 1709/1890/1696 1476/1888/1694
f 1476/1888/1694 2124/1891/1697 1706/1887/1693
f 1477/1892/1698 2124/1893/1697 1709/1894/1696
f 1709/1894/1696 1711/1895/1699 1477/1892/1698
f 1477/1892/1698 2107/1316/1166 1712/1398/1248
f 1712/1398/1248 1710/1896/1700 1477/1892/1698
f 1478/1897/1701 2114/1400/1250 1713/1366/1216
f 1713/1366/1216 1668/1832/1649 1478/1897/1701
f 1478/1897/1701 2100/1831/1646 1714/1898/1702
f 1714/1898/1702 1689/1866/1675 1478/1897/1701
f 1685/1857/1668 1714/1899/1702 1479/1900/1703
f 1479/1900/1703 2100/1827/1646 1666/1826/1645
f 1666/1826/1645 1715/1359/1209 1479/1900/1703
f 1479/1900/1703 2113/1280/1130 1685/1857/1668
f 1480/1901/1704 2117/1405/1255 1716/1372/1222
f 1716/1372/1222 1673/1840/1655 1480/1901/1704
f 1480/1901/1704 2091/1839/1652 1717/1902/1705
f 1717/1902/1705 1696/1876/1683 1480/1901/1704
f 1692/1867/1676 1717/1903/1705 1481/1904/1706
f 1481/1904/1706 2091/1835/1652 1671/1834/1651
f 1671/1834/1651 1718/1243/1093 1481/1904/1706
f 1481/1904/1706 2116/1289/1139 1692/1867/1676
f 1482/1905/1707 2120/1402/1252 1719/1369/1219
f 1719/1369/1219 1678/1848/1661 1482/1905/1707
f 1482/1905/1707 2094/1847/1658 1720/1906/1708
f 1720/1906/1708 1703/1882/1689 1482/1905/1707
f 1699/1877/1684 1720/1907/1708 1483/1908/1709
f 1483/1908/1709 2094/1843/1658 1676/1842/1657
f 1676/1842/1657 1721/1351/1201 1483/1908/1709
f 1483/1908/1709 2119/1299/1149 1699/1877/1684
f 1484/1909/1710 2123/1397/1247 1722/1362/1212
f 1722/1362/1212 1683/1856/1667 1484/1909/1710
f 1484/1909/1710 2097/1855/1664 1723/1910/1711
f 1723/1910/1711 1710/1896/1700 1484/1909/1710
f 1706/1887/1693 1723/1911/1711 1485/1912/1712
f 1485/1912/1712 2097/1851/1664 1681/1850/1663
f 1681/1850/1663 1724/1355/1205 1485/1912/1712
f 1485/1912/1712 2122/1306/1156 1706/1887/1693
f 1687/1859/1670 1725/1395/1245 1486/1913/1713
f 1725/1395/1245 1726/1914/1714 1486/1913/1713
f 1486/1913/1713 2136/1915/1715 1727/1916/1716
f 1486/1913/1713 2112/1917/1717 1687/1859/1670
f 1487/1918/1718 2112/1919/1717 1727/1920/1716
f 1487/1918/1718 2136/1921/1715 1728/1922/1719
f 1728/1922/1719 1729/1326/1176 1487/1918/1718
f 1729/1326/1176 1690/1865/1674 1487/1918/1718
f 1694/1869/1678 1730/1347/1197 1488/1923/1720
f 1730/1347/1197 1731/1924/1721 1488/1923/1720
f 1488/1923/1720 2127/1925/1722 1732/1926/1723
f 1488/1923/1720 2103/1927/1724 1694/1869/1678
f 1489/1928/1725 2103/1929/1724 1732/1930/1723
f 1489/1928/1725 2127/1931/1722 1733/1932/1726
f 1733/1932/1726 1734/1340/1190 1489/1928/1725
f 1734/1340/1190 1697/1875/1682 1489/1928/1725
f 1701/1879/1686 1735/1385/1235 1490/1933/1727
f 1735/1385/1235 1736/1934/1728 1490/1933/1727
f 1736/1934/1728 1737/1935/1729 1490/1933/1727
f 1490/1933/1727 2106/1936/1691 1701/1879/1686
f 1704/1886/1692 1737/1937/1729 1491/1938/1730
f 1491/1938/1730 2130/1939/1731 1738/1940/1732
f 1738/1940/1732 1739/1331/1181 1491/1938/1730
f 1739/1331/1181 1704/1886/1692 1491/1938/1730
f 1708/1889/1695 1740/1390/1240 1492/1941/1733
f 1740/1390/1240 1741/1942/1734 1492/1941/1733
f 1741/1942/1734 1742/1943/1735 1492/1941/1733
f 1492/1941/1733 2109/1944/1736 1708/1889/1695
f 1493/1945/1737 2109/1946/1736 1742/1947/1735
f 1493/1945/1737 2133/1948/1738 1743/1949/1739
f 1743/1949/1739 1744/1317/1167 1493/1945/1737
f 1744/1317/1167 1711/1895/1699 1493/1945/1737
f 1494/1950/1740 2135/1394/1244 1745/1430/1280
f 1745/1430/1280 1746/1951/1741 1494/1950/1740
f 1494/1950/1740 2148/1952/1742 1747/1953/1743
f 1747/1953/1743 1726/1914/1714 1494/1950/1740
f 1728/1922/1719 1747/1954/1743 1495/1955/1744
f 1495/1955/1744 2148/1956/1742 1748/1957/1745
f 1748/1957/1745 1749/1443/1293 1495/1955/1744
f 1495/1955/1744 2134/1327/1177 1728/1922/1719
f 1496/1958/1746 2126/1346/1196 1750/1374/1224
f 1750/1374/1224 1751/1959/1747 1496/1958/1746
f 1496/1958/1746 2139/1960/1748 1752/1961/1749
f 1752/1961/1749 1731/1924/1721 1496/1958/1746
f 1733/1932/1726 1752/1962/1749 1497/1963/1750
f 1497/1963/1750 2139/1964/1748 1753/1965/1751
f 1753/1965/1751 1754/1451/1301 1497/1963/1750
f 1497/1963/1750 2125/1341/1191 1733/1932/1726
f 1498/1966/1752 2129/1384/1234 1755/1418/1268
f 1755/1418/1268 1756/1967/1753 1498/1966/1752
f 1498/1966/1752 2142/1968/1754 1757/1969/1755
f 1757/1969/1755 1736/1934/1728 1498/1966/1752
f 1738/1940/1732 1757/1970/1755 1499/1971/1756
f 1499/1971/1756 2142/1972/1754 1758/1973/1757
f 1758/1973/1757 1759/1447/1297 1499/1971/1756
f 1499/1971/1756 2128/1332/1182 1738/1940/1732
f 1500/1974/1758 2132/1389/1239 1760/1424/1274
f 1760/1424/1274 1761/1975/1759 1500/1974/1758
f 1500/1974/1758 2145/1976/1760 1762/1977/1761
f 1762/1977/1761 1741/1942/1734 1500/1974/1758
f 1743/1949/1739 1762/1978/1761 1501/1979/1762
f 1501/1979/1762 2145/1980/1760 1763/1981/1763
f 1763/1981/1763 1764/1439/1289 1501/1979/1762
f 1501/1979/1762 2131/1318/1168 1743/1949/1739
f 2399/1982/1764 2147/1435/1285 2419/1478/1328
f 1502/1983/1765 2159/1530/1380 1766/1984/1766
f 1766/1984/1766 1767/1985/1767 1502/1983/1765
f 2409/1986/1768 1746/1951/1741 2399/1982/1764
f 1748/1957/1745 2409/1987/1768 2400/1988/1769
f 1767/1989/1767 1768/1990/1770 1503/1991/1771
f 1503/1991/1771 2158/1544/1394 1769/1494/1344
f 2400/1988/1769 2146/1444/1294 1748/1957/1745
f 2401/1992/1772 2138/1380/1230 2420/1407/1257
f 1504/1993/1773 2150/1455/1305 1771/1994/1774
f 1771/1994/1774 1772/1995/1775 1504/1993/1773
f 2411/1996/1776 1751/1959/1747 2401/1992/1772
f 1753/1965/1751 2411/1997/1776 2402/1998/1777
f 1772/1999/1775 1773/2000/1778 1505/2001/1779
f 1505/2001/1779 2149/1553/1403 1774/1506/1356
f 2402/1998/1777 2137/1452/1302 1753/1965/1751
f 2403/2002/1780 2141/1423/1273 2421/1462/1312
f 1506/2003/1781 2153/1519/1369 1776/2004/1782
f 1776/2004/1782 1777/2005/1783 1506/2003/1781
f 2413/2006/1784 1756/1967/1753 2403/2002/1780
f 1758/1973/1757 2413/2007/1784 2404/2008/1785
f 1777/2009/1783 1778/2010/1786 1507/2011/1787
f 1507/2011/1787 2152/1548/1398 1779/1501/1351
f 2404/2008/1785 2140/1448/1298 1758/1973/1757
f 2405/2012/1788 2144/1429/1279 2422/1470/1320
f 1508/2013/1789 2156/1525/1375 1781/2014/1790
f 1781/2014/1790 1782/2015/1791 1508/2013/1789
f 2415/2016/1792 1761/1975/1759 2405/2012/1788
f 1763/1981/1763 2415/2017/1792 2406/2018/1793
f 1782/2019/1791 1783/2020/1794 1509/2021/1795
f 1509/2021/1795 2155/1539/1389 1784/1490/1340
f 2406/2018/1793 2143/1440/1290 1763/1981/1763
f 1766/1984/1766 1785/1535/1385 1510/2022/1796
f 1785/1535/1385 1786/2023/1797 1510/2022/1796
f 1510/2022/1796 2172/2024/1798 1787/2025/1799
f 1510/2022/1796 2160/2026/1800 1766/1984/1766
f 1511/2027/1801 2160/2028/1800 1787/2029/1799
f 1511/2027/1801 2172/2030/1798 1788/2031/1802
f 1788/2031/1802 1789/1545/1395 1511/2027/1801
f 1789/1545/1395 1768/1990/1770 1511/2027/1801
f 1771/1994/1774 1790/1461/1311 1512/2032/1803
f 1790/1461/1311 1791/2033/1804 1512/2032/1803
f 1512/2032/1803 2163/2034/1805 1792/2035/1806
f 1512/2032/1803 2151/2036/1807 1771/1994/1774
f 1513/2037/1808 2151/2038/1807 1792/2039/1806
f 1513/2037/1808 2163/2040/1805 1793/2041/1809
f 1793/2041/1809 1794/1554/1404 1513/2037/1808
f 1794/1554/1404 1773/2000/1778 1513/2037/1808
f 1776/2004/1782 1795/1523/1373 1514/2042/1810
f 1795/1523/1373 1796/2043/1811 1514/2042/1810
f 1514/2042/1810 2166/2044/1812 1797/2045/1813
f 1514/2042/1810 2154/2046/1814 1776/2004/1782
f 1515/2047/1815 2154/2048/1814 1797/2049/1813
f 1515/2047/1815 2166/2050/1812 1798/2051/1816
f 1798/2051/1816 1799/1549/1399 1515/2047/1815
f 1799/1549/1399 1778/2010/1786 1515/2047/1815
f 1781/2014/1790 1800/1529/1379 1516/2052/1817
f 1800/1529/1379 1801/2053/1818 1516/2052/1817
f 1516/2052/1817 2169/2054/1819 1802/2055/1820
f 1516/2052/1817 2157/2056/1821 1781/2014/1790
f 1517/2057/1822 2157/2058/1821 1802/2059/1820
f 1517/2057/1822 2169/2060/1819 1803/2061/1823
f 1803/2061/1823 1804/1540/1390 1517/2057/1822
f 1804/1540/1390 1783/2020/1794 1517/2057/1822
f 1518/2062/1824 2171/1534/1384 1805/1577/1427
f 1805/1577/1427 1806/2063/1825 1518/2062/1824
f 1518/2062/1824 2184/2064/1826 1807/2065/1827
f 1807/2065/1827 1786/2023/1797 1518/2062/1824
f 1788/2031/1802 1807/2066/1827 1519/2067/1828
f 1519/2067/1828 2184/2068/1826 1808/2069/1829
f 1808/2069/1829 1809/1590/1440 1519/2067/1828
f 1519/2067/1828 2170/1546/1396 1788/2031/1802
f 1520/2070/1830 2162/1460/1310 1810/1510/1360
f 1810/1510/1360 1811/2071/1831 1520/2070/1830
f 1520/2070/1830 2175/2072/1832 1812/2073/1833
f 1812/2073/1833 1791/2033/1804 1520/2070/1830
f 1793/2041/1809 1812/2074/1833 1521/2075/1834
f 1521/2075/1834 2175/2076/1832 1813/2077/1835
f 1813/2077/1835 1814/1598/1448 1521/2075/1834
f 1521/2075/1834 2161/1555/1405 1793/2041/1809
f 1522/2078/1836 2165/1522/1372 1815/1565/1415
f 1815/1565/1415 1816/2079/1837 1522/2078/1836
f 1522/2078/1836 2178/2080/1838 1817/2081/1839
f 1817/2081/1839 1796/2043/1811 1522/2078/1836
f 1798/2051/1816 1817/2082/1839 1523/2083/1840
f 1523/2083/1840 2178/2084/1838 1818/2085/1841
f 1818/2085/1841 1819/1594/1444 1523/2083/1840
f 1523/2083/1840 2164/1550/1400 1798/2051/1816
f 1524/2086/1842 2168/1528/1378 1820/1571/1421
f 1820/1571/1421 1821/2087/1843 1524/2086/1842
f 1524/2086/1842 2181/2088/1844 1822/2089/1845
f 1822/2089/1845 1801/2053/1818 1524/2086/1842
f 1803/2061/1823 1822/2090/1845 1525/2091/1846
f 1525/2091/1846 2181/2092/1844 1823/2093/1847
f 1823/2093/1847 1824/1586/1436 1525/2091/1846
f 1525/2091/1846 2167/1541/1391 1803/2061/1823
f 1526/2094/1848 2183/1582/1432 1825/1621/1471
f 1825/1621/1471 1826/2095/1849 1526/2094/1848
f 1526/2094/1848 2196/2096/1850 1827/2097/1851
f 1827/2097/1851 1806/2063/1825 1526/2094/1848
f 1808/2069/1829 1827/2098/1851 1527/2099/1852
f 1527/2099/1852 2196/2100/1850 1828/2101/1853
f 1828/2101/1853 1829/1634/1484 1527/2099/1852
f 1527/2099/1852 2182/1591/1441 1808/2069/1829
f 1528/2102/1854 2174/1517/1367 1830/1557/1407
f 1830/1557/1407 1831/2103/1855 1528/2102/1854
f 1528/2102/1854 2187/2104/1856 1832/2105/1857
f 1832/2105/1857 1811/2071/1831 1528/2102/1854
f 1813/2077/1835 1832/2106/1857 1529/2107/1858
f 1529/2107/1858 2187/2108/1856 1833/2109/1859
f 1833/2109/1859 1834/1642/1492 1529/2107/1858
f 1529/2107/1858 2173/1599/1449 1813/2077/1835
f 1530/2110/1860 2177/1570/1420 1835/1609/1459
f 1835/1609/1459 1836/2111/1861 1530/2110/1860
f 1530/2110/1860 2190/2112/1862 1837/2113/1863
f 1837/2113/1863 1816/2079/1837 1530/2110/1860
f 1818/2085/1841 1837/2114/1863 1531/2115/1864
f 1531/2115/1864 2190/2116/1862 1838/2117/1865
f 1838/2117/1865 1839/1638/1488 1531/2115/1864
f 1531/2115/1864 2176/1595/1445 1818/2085/1841
f 1532/2118/1866 2180/1576/1426 1840/1615/1465
f 1840/1615/1465 1841/2119/1867 1532/2118/1866
f 1532/2118/1866 2193/2120/1868 1842/2121/1869
f 1842/2121/1869 1821/2087/1843 1532/2118/1866
f 1823/2093/1847 1842/2122/1869 1533/2123/1870
f 1533/2123/1870 2193/2124/1868 1843/2125/1871
f 1843/2125/1871 1844/1630/1480 1533/2123/1870
f 1533/2123/1870 2179/1587/1437 1823/2093/1847
f 1534/2126/1872 2195/1626/1476 1845/1664/1514
f 1845/1664/1514 1846/2127/1873 1534/2126/1872
f 1534/2126/1872 2208/2128/1874 1847/2129/1875
f 1847/2129/1875 1826/2095/1849 1534/2126/1872
f 1828/2101/1853 1847/2130/1875 1535/2131/1876
f 1535/2131/1876 2208/2132/1874 1848/2133/1877
f 1848/2133/1877 1849/1678/1528 1535/2131/1876
f 1535/2131/1876 2194/1635/1485 1828/2101/1853
f 1536/2134/1878 2186/1564/1414 1850/1601/1451
f 1850/1601/1451 1851/2135/1879 1536/2134/1878
f 1536/2134/1878 2199/2136/1880 1852/2137/1881
f 1852/2137/1881 1831/2103/1855 1536/2134/1878
f 1833/2109/1859 1852/2138/1881 1537/2139/1882
f 1537/2139/1882 2199/2140/1880 1853/2141/1883
f 1853/2141/1883 1854/1686/1536 1537/2139/1882
f 1537/2139/1882 2185/1643/1493 1833/2109/1859
f 1538/2142/1884 2189/1614/1464 1855/1652/1502
f 1855/1652/1502 1856/2143/1543 1538/2142/1884
f 1538/2142/1884 2202/2144/1542 1857/2145/1885
f 1857/2145/1885 1836/2111/1861 1538/2142/1884
f 1838/2117/1865 1857/2146/1885 1539/2147/1886
f 1539/2147/1886 2202/2148/1542 1858/2149/1541
f 1858/2149/1541 1859/1682/1532 1539/2147/1886
f 1539/2147/1886 2188/1639/1489 1838/2117/1865
f 1540/2150/1887 2192/1620/1470 1860/1658/1508
f 1860/1658/1508 1861/2151/1888 1540/2150/1887
f 1540/2150/1887 2205/2152/1889 1862/2153/1890
f 1862/2153/1890 1841/2119/1867 1540/2150/1887
f 1843/2125/1871 1862/2154/1890 1541/2155/1891
f 1541/2155/1891 2205/2156/1889 1863/2157/1892
f 1863/2157/1892 1864/1673/1523 1541/2155/1891
f 1541/2155/1891 2191/1631/1481 1843/2125/1871
f 1542/1088/944 2041/2158/1893 1865/1086/942
f 1542/1088/944 2295/2159/1894 1866/1098/954
f 2227/1072/928 1875/2160/1895 1329/1070/926
f 1866/1098/954 1605/1724/1564 1542/1088/944
f 1994/2161/1896 1611/2162/1572 1543/2163/1897
f 1543/2163/1897 2046/2164/1577 1615/2165/1579
f 1543/2163/1897 2045/1137/930 1990/1135/989
f 1543/2163/1897 2214/2166/1898 1994/2161/1896
f 1548/2167/1899 2293/2168/1900 1984/2169/1901
f 1544/2170/1902 2210/2171/1903 1979/1143/994
f 1979/1143/994 1568/2172/1904 1544/2170/1902
f 1985/2173/1905 2281/2174/1906 1548/2167/1899
f 1871/1138/973 2224/2175/1907 1337/1136/990
f 1865/2176/942 1980/2177/1908 1545/2178/1909
f 1980/2177/1908 1981/2179/1910 1545/2178/1909
f 1875/2180/1895 2222/2181/1911 1550/2182/1912
f 1622/2183/1587 1988/2184/1913 1546/2185/1914
f 1546/2185/1914 2212/2186/1915 1982/1119/975
f 1982/1119/975 1618/2187/1580 1546/2185/1914
f 1546/2185/1914 2049/2188/1584 1622/2183/1587
f 1980/2177/1908 1604/2189/1563 1547/2190/1916
f 1547/2190/1916 2043/2191/1568 1608/2192/1571
f 1608/2192/1571 1983/1144/995 1547/2190/1916
f 1547/2190/1916 2210/2171/1903 1980/2177/1908
f 2282/2193/1917 1981/2179/1910 1544/2170/1902
f 1991/1134/988 2283/2194/1918 1551/2195/1919
f 1984/2169/1901 1986/1120/976 1548/2167/1899
f 1548/2167/1899 2212/2186/1915 1985/2173/1905
f 1337/1136/990 2351/2196/1920 1991/1134/988
f 1328/1073/929 2298/2197/1921 2225/1116/972
f 1549/1139/991 2050/1129/970 1989/1128/983
f 1989/1128/983 1992/2198/1922 1549/1139/991
f 1550/2182/1912 2349/2199/1923 1985/2173/1905
f 1545/2178/1909 2289/2200/1924 1865/2176/942
f 1985/2173/1905 1988/2184/1913 1550/2182/1912
f 1988/2184/1913 1875/2180/1895 1550/2182/1912
f 1568/2172/1904 1978/2201/1925 1551/2195/1919
f 1551/2195/1919 2214/2166/1898 1991/1134/988
f 1552/2202/1926 2293/2168/1900 2284/2203/1927
f 1969/2204/1526 2286/2205/1928 1559/2206/1929
f 2284/2203/1927 1992/2198/1922 1552/2202/1926
f 1551/2195/1919 2294/2207/1930 1568/2172/1904
f 1552/2202/1926 2213/1127/982 1987/2208/1931
f 1987/2208/1931 1984/2169/1901 1552/2202/1926
f 1553/2209/1932 2211/1122/978 1987/2208/1931
f 1987/2208/1931 1993/1133/987 1553/2209/1932
f 1993/1133/987 1879/2210/920 1553/2209/1932
f 1553/2209/1932 2014/1124/980 1567/1123/979
f 1554/2211/1933 2013/1147/997 1869/2212/962
f 1869/2212/962 1994/2161/1896 1554/2211/1933
f 1994/2161/1896 1978/2201/1925 1554/2211/1933
f 1554/2211/1933 2209/1149/999 1977/1148/998
f 1555/2213/1934 2203/2214/1524 1863/2215/1892
f 1555/2213/1934 2205/2216/1889 1861/2217/1888
f 1555/2213/1934 2204/2218/1513 2003/1699/1546
f 1555/2213/1934 2218/2219/1935 2006/2220/1936
f 1556/2221/1937 2198/2222/1458 2001/2223/1938
f 1556/2221/1937 2216/2224/1939 1996/1645/1495
f 1556/2221/1937 2197/2225/1537 1853/2226/1883
f 1556/2221/1937 2199/2227/1880 1851/2228/1879
f 1560/2229/1940 2348/2230/1941 2278/2231/1942
f 1437/1707/1553 2345/2232/1943 2280/2233/1944
f 1997/2234/1945 1999/1646/1496 1557/1672/1522
f 1557/1672/1522 2216/2224/1939 1998/1670/1520
f 1437/1707/1553 2355/2235/1946 2010/1705/1551
f 1544/2170/1902 2294/2207/1930 2282/2193/1917
f 1972/1713/1515 2008/1691/1540 1558/1709/1554
f 2008/1691/1540 2009/2236/1947 1558/1709/1554
f 1562/2237/1948 2353/2238/1949 2285/2239/1950
f 1562/2237/1948 2344/2240/1951 1974/2241/1454
f 1998/1670/1520 2001/2223/1938 1559/2206/1929
f 2001/2223/1938 1969/2204/1526 1559/2206/1929
f 1557/1672/1522 2347/2242/1952 1997/2234/1945
f 1560/2229/1940 2218/2219/1935 2004/1698/1545
f 2004/1698/1545 1596/2243/1953 1560/2229/1940
f 2278/2231/1942 1995/2244/1954 1560/2229/1940
f 1561/2245/1955 2206/2246/1529 1848/2247/1877
f 1561/2245/1955 2208/2248/1874 1846/2249/1873
f 1561/2245/1955 2207/2250/1519 2007/1706/1552
f 1561/2245/1955 2219/2251/1956 2011/2252/1957
f 1563/2253/1958 2347/2242/1952 2288/2254/1959
f 1974/2241/1454 2006/2220/1936 1562/2237/1948
f 2006/2220/1936 1995/2244/1954 1562/2237/1948
f 1559/2206/1929 2354/2255/1960 1998/1670/1520
f 2010/1705/1551 2287/2256/1961 1564/2257/1962
f 1564/2257/1962 2348/2230/1941 1596/2243/1953
f 1563/2253/1958 2220/1690/1539 2000/2258/1963
f 2000/2258/1963 1997/2234/1945 1563/2253/1958
f 1596/2243/1953 2005/2259/1964 1564/2257/1962
f 1564/2257/1962 2219/2251/1956 2010/1705/1551
f 2288/2254/1959 2009/2236/1947 1563/2253/1958
f 1565/2260/1965 2040/1702/1548 1976/2261/1530
f 1976/2261/1530 2011/2252/1957 1565/2260/1965
f 2011/2252/1957 2005/2259/1964 1565/2260/1965
f 1565/2260/1965 2217/1704/1550 2002/1703/1549
f 1566/2262/1966 2215/1648/1498 2000/2258/1963
f 2000/2258/1963 2012/1697/1544 1566/2262/1966
f 2012/1697/1544 1971/2263/1506 1566/2262/1966
f 1566/2262/1966 2039/1650/1500 1595/1649/1499
f 2222/2181/1911 2350/2264/1967 2349/2199/1923
f 2290/2265/1968 2221/2266/1969 2222/2181/1911
f 2351/2196/1920 2223/1141/993 2352/1140/992
f 2292/2267/1970 2223/1141/993 2224/2175/1907
f 2297/1115/971 2225/1116/972 2298/2197/1921
f 2226/1078/934 2292/2268/1970 2225/1116/972
f 2228/1087/943 2296/1071/927 2295/2159/1894
f 2289/2269/1924 2227/1072/928 2228/1087/943
f 2230/1081/937 2302/1171/1021 2301/1176/1026
f 2230/1081/937 2298/2197/1921 2229/1172/1022
f 2299/1180/1030 2231/1101/957 2300/1100/956
f 2295/2159/1894 2231/1101/957 2232/1185/1035
f 2234/1177/1027 2306/1260/1110 2305/1219/1069
f 2301/1176/1026 2233/1215/1065 2234/1177/1027
f 2303/1272/1122 2235/1153/1003 2304/1199/1049
f 2236/1223/1073 2300/1100/956 2235/1153/1003
f 2238/1220/1070 2310/2270/1971 2309/2271/1972
f 2305/1219/1069 2237/1258/1108 2238/1220/1070
f 2307/2272/1973 2239/1197/1047 2308/2273/1974
f 2240/1267/1117 2304/1199/1049 2239/1197/1047
f 2315/1360/1210 2241/1358/1208 2316/1357/1207
f 2309/2271/1972 2241/1358/1208 2242/1263/1113
f 2244/1368/1218 2318/1240/1090 2317/1364/1214
f 2244/1368/1218 2308/2273/1974 2243/1241/1091
f 2316/1357/1207 2245/1361/1211 2315/1360/1210
f 2246/1284/1134 2313/1334/1184 2245/1361/1211
f 2248/1292/1142 2317/1364/1214 2318/1240/1090
f 2312/1291/1141 2247/1285/1135 2248/1292/1142
f 2250/1335/1185 2322/1434/1284 2321/1313/1163
f 2250/1335/1185 2314/1283/1133 2249/1294/1144
f 2319/1446/1296 2251/1329/1179 2320/1379/1229
f 2311/1396/1246 2251/1329/1179 2252/1320/1170
f 2254/1314/1164 2326/1483/1333 2325/1437/1287
f 2321/1313/1163 2253/1432/1282 2254/1314/1164
f 2323/1498/1348 2255/1377/1227 2324/1414/1264
f 2256/1441/1291 2320/1379/1229 2255/1377/1227
f 2329/1503/1353 2257/1481/1331 2330/1480/1330
f 2325/1437/1287 2423/2274/1975 2417/1438/1288
f 2327/1491/1341 2259/1412/1262 2328/1411/1261
f 2418/1499/1349 2324/1414/1264 2424/2275/1976
f 2262/1487/1337 2334/1581/1431 2333/1537/1387
f 2262/1487/1337 2330/1480/1330 2261/1532/1382
f 2331/1593/1443 2263/1457/1307 2332/1516/1366
f 2264/1542/1392 2328/1411/1261 2263/1457/1307
f 2266/1538/1388 2338/1625/1475 2337/1584/1434
f 2333/1537/1387 2265/1579/1429 2266/1538/1388
f 2335/1637/1487 2267/1514/1364 2336/1563/1413
f 2268/1588/1438 2332/1516/1366 2267/1514/1364
f 2270/1585/1435 2342/1668/1518 2341/1628/1478
f 2337/1584/1434 2269/1623/1473 2270/1585/1435
f 2339/1681/1531 2271/1561/1411 2340/1607/1457
f 2272/1632/1482 2336/1563/1413 2271/1561/1411
f 2274/1629/1479 2346/2276/1557 2345/2277/1943
f 2341/1628/1478 2273/1666/1516 2274/1629/1479
f 2276/1675/1525 2344/2278/1951 2343/2279/1977
f 2276/1675/1525 2340/1607/1457 2275/1605/1455
f 2278/2231/1942 2354/2255/1960 2353/2238/1949
f 2348/2230/1941 2277/1671/1521 2278/2231/1942
f 2280/2233/1944 2356/1710/1555 2355/2235/1946
f 2345/2232/1943 2279/1711/1556 2280/2233/1944
f 2282/2193/1917 2349/2199/1923 2350/2264/1967
f 2294/2207/1930 2281/2174/1906 2282/2193/1917
f 2352/1140/992 2283/2194/1918 2351/2196/1920
f 2293/2168/1900 2283/2194/1918 2284/2203/1927
f 2286/2205/1928 2353/2238/1949 2354/2255/1960
f 2343/2280/1977 2285/2239/1950 2286/2205/1928
f 2288/2254/1959 2355/2235/1946 2356/1710/1555
f 2347/2242/1952 2287/2256/1961 2288/2254/1959
f 1545/2178/1909 2350/2264/1967 2221/2266/1969
f 1387/1417/1267 2378/2281/1978 2357/2282/1979
f 2259/1412/1262 2361/2283/1980 1399/1410/1260
f 2360/2284/1981 2258/2285/1982 1398/1486/1336
f 1396/1466/1316 2381/2286/1983 2358/2287/1984
f 2358/2287/1984 1586/1509/1359 1396/1466/1316
f 1397/1474/1324 2384/2288/1985 2359/2289/1986
f 2359/2289/1986 1585/1497/1347 1397/1474/1324
f 1398/1486/1336 2375/2290/1987 2360/2284/1981
f 2257/1481/1331 2363/2291/1988 1401/1479/1329
f 1399/1410/1260 2386/2292/1989 1784/1490/1340
f 1585/1497/1347 2362/2293/1990 1400/1496/1346
f 1400/1496/1346 2377/2294/1991 1769/1494/1344
f 2357/2282/1979 2260/2295/1992 1387/1417/1267
f 1401/1479/1329 2383/2296/1993 1779/1501/1351
f 1586/1509/1359 2364/2297/1994 1402/1508/1358
f 1402/1508/1358 2380/2298/1995 1774/1506/1356
f 2365/2299/1996 1765/1485/1335 1502/1983/1765
f 1502/1983/1765 2376/2300/1997 2365/2299/1996
f 1503/1991/1771 2376/2301/1997 1767/1989/1767
f 1769/1494/1344 2366/2302/1998 1503/1991/1771
f 2367/2303/1999 1770/1416/1266 1504/1993/1773
f 1504/1993/1773 2379/2304/2000 2367/2303/1999
f 1505/2001/1779 2379/2305/2000 1772/1999/1775
f 1774/1506/1356 2368/2306/2001 1505/2001/1779
f 2369/2307/2002 1775/1469/1319 1506/2003/1781
f 1506/2003/1781 2382/2308/2003 2369/2307/2002
f 1507/2011/1787 2382/2309/2003 1777/2009/1783
f 1779/1501/1351 2370/2310/2004 1507/2011/1787
f 2371/2311/2005 1780/1477/1327 1508/2013/1789
f 1508/2013/1789 2385/2312/2006 2371/2311/2005
f 1509/2021/1795 2385/2313/2006 1782/2019/1791
f 1784/1490/1340 2372/2314/2007 1509/2021/1795
f 2258/2285/1982 2388/2315/2008 2257/1481/1331
f 2389/2316/2009 2259/1412/1262 2260/2295/1992
f 2378/2281/1978 2391/1409/1259 2357/2282/1979
f 2361/2283/1980 2424/2275/1976 2395/1413/1263
f 2360/2284/1981 2417/1438/1288 2387/2317/2010
f 2381/2286/1983 2392/1463/1313 2358/2287/1984
f 2358/2287/1984 2408/1465/1315 2374/2318/2011
f 2384/2288/1985 2393/1471/1321 2359/2289/1986
f 2359/2289/1986 2407/1473/1323 2373/2319/2012
f 2375/2290/1987 2394/1436/1286 2360/2284/1981
f 2363/2291/1988 2423/2274/1975 2397/1482/1332
f 2395/1413/1263 2386/2292/1989 2361/2283/1980
f 2362/2293/1990 2407/1473/1323 2396/1492/1342
f 2396/1492/1342 2377/2294/1991 2362/2293/1990
f 2357/2282/1979 2418/1499/1349 2389/2316/2009
f 2397/1482/1332 2383/2296/1993 2363/2291/1988
f 2364/2297/1994 2408/1465/1315 2398/1504/1354
f 2398/1504/1354 2380/2298/1995 2364/2297/1994
f 2365/2299/1996 2419/1478/1328 2375/2290/1987
f 2376/2300/1997 2399/1982/1764 2365/2299/1996
f 2400/1988/1769 2376/2301/1997 2366/2302/1998
f 2366/2302/1998 2410/1493/1343 2400/1988/1769
f 2367/2303/1999 2420/1407/1257 2378/2281/1978
f 2379/2304/2000 2401/1992/1772 2367/2303/1999
f 2402/1998/1777 2379/2305/2000 2368/2306/2001
f 2368/2306/2001 2412/1505/1355 2402/1998/1777
f 2369/2307/2002 2421/1462/1312 2381/2286/1983
f 2382/2308/2003 2403/2002/1780 2369/2307/2002
f 2404/2008/1785 2382/2309/2003 2370/2310/2004
f 2370/2310/2004 2414/1500/1350 2404/2008/1785
f 2371/2311/2005 2422/1470/1320 2384/2288/1985
f 2385/2312/2006 2405/2012/1788 2371/2311/2005
f 2406/2018/1793 2385/2313/2006 2372/2314/2007
f 2372/2314/2007 2416/1489/1339 2406/2018/1793
f 2417/1438/1288 2388/2315/2008 2387/2317/2010
f 2389/2316/2009 2424/2275/1976 2390/2320/2013
f 2425/1/2014 3311/2/2015 3047/3/2016
f 3047/3/2016 2914/4/2017 2425/1/2014
f 2425/1/2014 3137/5/2018 3043/6/2019
f 3043/6/2019 3059/7/2020 2425/1/2014
f 2426/8/2021 3314/9/2022 3050/10/2023
f 3050/10/2023 2902/11/2024 2426/8/2021
f 2426/8/2021 3138/12/2025 3044/13/2026
f 3044/13/2026 3060/14/2027 2426/8/2021
f 3061/15/2028 3041/16/2029 2427/17/2030
f 2427/17/2030 3135/18/2031 2909/19/2032
f 2909/19/2032 2773/20/2033 2427/17/2030
f 2427/17/2030 3319/21/2034 3061/15/2028
f 2991/22/2035 2656/23/2036 2428/24/2037
f 2428/24/2037 3118/25/2038 2657/26/2039
f 2428/24/2037 3117/27/2040 2988/28/2041
f 2988/28/2041 2991/22/2035 2428/24/2037
f 2429/29/2042 3276/30/2043 2659/31/2044
f 2429/29/2042 3116/32/2045 2660/33/2046
f 2660/33/2046 2975/34/2047 2429/29/2042
f 2975/34/2047 2977/35/2048 2429/29/2042
f 3062/36/2049 3042/37/2050 2430/38/2051
f 2430/38/2051 3136/39/2052 2905/40/2053
f 2905/40/2053 2786/41/2054 2430/38/2051
f 2430/38/2051 3322/42/2055 3062/36/2049
f 2431/43/2056 3244/44/2057 2766/45/2058
f 3187/46/2059 2438/47/2060 2927/48/2061
f 2431/49/2056 3126/50/2062 2673/51/2063
f 2673/52/2063 2929/53/2064 2431/43/2056
f 2917/54/2065 2779/55/2066 2432/56/2067
f 2779/57/2066 2915/58/2068 2432/59/2067
f 2432/59/2067 3124/60/2069 2675/61/2070
f 2675/62/2070 2917/54/2065 2432/56/2067
f 2433/63/2071 3157/64/2072 2680/65/2073
f 2433/66/2071 3125/67/2074 2925/68/2075
f 2743/69/2076 2926/70/2077 2433/63/2071
f 2434/71/2078 3283/72/2079 2997/73/2080
f 2434/71/2078 3284/74/2081 2996/75/2082
f 2434/71/2078 3125/67/2074 2666/76/2083
f 2434/71/2078 3126/50/2062 2665/77/2084
f 2435/78/2085 3286/79/2086 3002/80/2087
f 2435/78/2085 3285/81/2088 3000/82/2089
f 2435/78/2085 3123/83/2090 2669/84/2091
f 2435/78/2085 3124/60/2069 2668/85/2092
f 2922/86/2093 2682/87/2094 2436/88/2095
f 2436/89/2095 3123/83/2090 2921/90/2096
f 2436/88/2095 3240/91/2097 2922/86/2093
f 2437/92/2098 3155/93/2099 2677/94/2100
f 2437/95/2098 3122/96/2101 2928/97/2102
f 2928/97/2102 2762/98/2103 2437/95/2098
f 2762/99/2103 2930/100/2104 2437/92/2098
f 2998/101/2105 2665/77/2084 2438/47/2060
f 2665/77/2084 2927/48/2061 2438/47/2060
f 2766/102/2058 2927/48/2061 2431/49/2056
f 2763/103/2106 2998/101/2105 2438/47/2060
f 2439/104/2107 3156/105/2108 2678/106/2109
f 2678/107/2109 2916/108/2110 2439/109/2107
f 2439/109/2107 3184/110/2111 2775/111/2112
f 2775/112/2112 2918/113/2113 2439/104/2107
f 2923/114/2114 2747/115/2115 2440/116/2116
f 2747/117/2115 2924/118/2117 2440/119/2116
f 2440/119/2116 3121/120/2118 2678/107/2109
f 2440/116/2116 3156/105/2108 2923/114/2114
f 2441/121/2119 3154/122/2120 2675/62/2070
f 2675/61/2070 2669/84/2091 2441/123/2119
f 2669/84/2091 2682/124/2094 2441/123/2119
f 2682/87/2094 2717/125/2121 2441/121/2119
f 2718/126/2122 2673/52/2063 2442/127/2123
f 2673/51/2063 2666/76/2083 2442/128/2123
f 2666/76/2083 2680/129/2073 2442/128/2123
f 2680/65/2073 2718/126/2122 2442/127/2123
f 2443/130/2124 3285/81/2088 2670/131/2125
f 2670/131/2125 2671/132/2126 2443/130/2124
f 2443/130/2124 3122/96/2101 2920/133/2127
f 2920/133/2127 3003/134/2128 2443/130/2124
f 2999/135/2129 2746/136/2130 2444/137/2131
f 2925/68/2075 2996/75/2082 2444/137/2131
f 2444/137/2131 3284/74/2081 2999/135/2129
f 3023/138/2132 3013/139/2133 2445/140/2134
f 2445/140/2134 3189/141/2135 2932/142/2136
f 2932/142/2136 2689/143/2137 2445/140/2134
f 2689/143/2137 3023/138/2132 2445/140/2134
f 2919/144/2138 2760/145/2139 2446/146/2140
f 2446/147/2140 3185/148/2141 2920/133/2127
f 2920/133/2127 2677/149/2100 2446/147/2140
f 2446/146/2140 3155/93/2099 2919/144/2138
f 2447/150/2142 3325/151/2143 3079/152/2144
f 3079/152/2144 2934/153/2145 2447/150/2142
f 2447/150/2142 3268/154/2146 2861/155/2147
f 2861/155/2147 3095/156/2148 2447/150/2142
f 3096/157/2149 3083/158/2150 2448/159/2151
f 2448/159/2151 3261/160/2152 2942/161/2153
f 2942/161/2153 3080/162/2154 2448/159/2151
f 2448/159/2151 3326/163/2155 3096/157/2149
f 2449/164/2156 3326/163/2155 3080/162/2154
f 2449/164/2156 3168/165/2157 2946/166/2158
f 2946/166/2158 2866/167/2159 2449/164/2156
f 2866/167/2159 3097/168/2160 2449/164/2156
f 3098/169/2161 3086/170/2162 2450/171/2163
f 3086/170/2162 2954/172/2164 2450/171/2163
f 2450/171/2163 3167/173/2165 3079/152/2144
f 3079/152/2144 3098/169/2161 2450/171/2163
f 3024/174/2166 2690/175/2167 2451/176/2168
f 2451/176/2168 3131/177/2169 2685/178/2170
f 2685/178/2170 2688/179/2171 2451/176/2168
f 2451/176/2168 3288/180/2172 3024/174/2166
f 2452/181/2173 3289/182/2174 2689/143/2137
f 2689/143/2137 2686/183/2175 2452/181/2173
f 2452/181/2173 3130/184/2176 2687/185/2177
f 2687/185/2177 3025/186/2178 2452/181/2173
f 3026/187/2179 2688/179/2171 2453/188/2180
f 2453/188/2180 3132/189/2181 2949/190/2182
f 2453/188/2180 3199/191/2183 2809/192/2184
f 2453/188/2180 3302/193/2185 3026/187/2179
f 2454/194/2186 3287/195/2187 2687/185/2177
f 2687/185/2177 2937/196/2188 2454/194/2186
f 2454/194/2186 3193/197/2189 2802/198/2190
f 2454/194/2186 3299/199/2191 3027/200/2192
f 3099/201/2193 3089/202/2194 2455/203/2195
f 3089/202/2194 2936/204/2196 2455/203/2195
f 2455/203/2195 3165/205/2197 3077/206/2198
f 2455/203/2195 3323/207/2199 3099/201/2193
f 3100/208/2200 3092/209/2201 2456/210/2202
f 3092/209/2201 2948/211/2203 2456/210/2202
f 2456/210/2202 3166/212/2204 3078/213/2205
f 2456/210/2202 3324/214/2206 3100/208/2200
f 2457/215/2207 3286/79/2086 3004/216/2208
f 3004/216/2208 2916/108/2110 2457/215/2207
f 2457/215/2207 3121/120/2118 2672/217/2209
f 2672/217/2209 3001/218/2210 2457/215/2207
f 2458/219/2211 3317/220/2212 3053/221/2213
f 3053/221/2213 2910/222/2214 2458/219/2211
f 2458/219/2211 3140/223/2215 3046/224/2216
f 3046/224/2216 3063/225/2217 2458/219/2211
f 2459/226/2218 3274/227/2219 2979/228/2220
f 2979/228/2220 2904/229/2221 2459/226/2218
f 2459/226/2218 3114/230/2222 2971/231/2223
f 2971/231/2223 2973/232/2224 2459/226/2218
f 2460/233/2225 3320/234/2226 3056/235/2227
f 3056/235/2227 2906/236/2228 2460/233/2225
f 2460/233/2225 3139/237/2229 3045/238/2230
f 3045/238/2230 3064/239/2231 2460/233/2225
f 3065/240/2232 3044/13/2026 2461/241/2233
f 2461/241/2233 3138/12/2025 2693/242/2234
f 2693/242/2234 3042/37/2050 2461/241/2233
f 2461/241/2233 3306/243/2235 3065/240/2232
f 2462/244/2236 3307/245/2237 3043/6/2019
f 3043/6/2019 2694/246/2238 2462/244/2236
f 2462/244/2236 3135/18/2031 3041/16/2029
f 3041/16/2029 3066/247/2239 2462/244/2236
f 2984/248/2240 2990/249/2241 2463/250/2242
f 2463/250/2242 3281/251/2243 2988/28/2041
f 2988/28/2041 2908/252/2244 2463/250/2242
f 2463/250/2242 3177/253/2245 2984/248/2240
f 3067/254/2246 3045/238/2230 2464/255/2247
f 2464/255/2247 3139/237/2229 2912/256/2248
f 2912/256/2248 2741/257/2249 2464/255/2247
f 2464/255/2247 3313/258/2250 3067/254/2246
f 2465/259/2251 3279/260/2252 2993/261/2253
f 2993/261/2253 2740/262/2254 2465/259/2251
f 2465/259/2251 3182/263/2255 2737/264/2256
f 2737/264/2256 2972/265/2257 2465/259/2251
f 2980/266/2258 2985/267/2259 2466/268/2260
f 2985/267/2259 2901/269/2261 2466/268/2260
f 2901/269/2261 2659/31/2044 2466/268/2260
f 2659/31/2044 2980/266/2258 2466/268/2260
f 2900/270/2262 2700/271/2263 2467/272/2264
f 2467/272/2264 3146/273/2265 2957/274/2266
f 2957/274/2266 2824/275/2267 2467/272/2264
f 2467/272/2264 3205/276/2268 2900/270/2262
f 2468/277/2269 3207/278/2270 2826/279/2271
f 2826/279/2271 2960/280/2272 2468/277/2269
f 2468/277/2269 3146/273/2265 2700/271/2263
f 2700/271/2263 2910/222/2214 2468/277/2269
f 2909/19/2032 2695/281/2273 2469/282/2274
f 2469/282/2274 3141/283/2275 2959/284/2276
f 2959/284/2276 2829/285/2277 2469/282/2274
f 2469/282/2274 3208/286/2278 2909/19/2032
f 2470/287/2279 3210/288/2280 2831/289/2281
f 2831/289/2281 2962/290/2282 2470/287/2279
f 2470/287/2279 3145/291/2283 2699/292/2284
f 2699/292/2284 2906/236/2228 2470/287/2279
f 2693/242/2234 2698/293/2285 2471/294/2286
f 2471/294/2286 3144/295/2287 2701/296/2288
f 2701/296/2288 2696/297/2289 2471/294/2286
f 2471/294/2286 3136/39/2052 2693/242/2234
f 2472/298/2290 3137/5/2018 2697/299/2291
f 2697/299/2291 2702/300/2292 2472/298/2290
f 2472/298/2290 3141/283/2275 2695/281/2273
f 2695/281/2273 2694/246/2238 2472/298/2290
f 2955/301/2293 2707/302/2294 2473/303/2295
f 2473/303/2295 3151/304/2296 2935/305/2297
f 2473/303/2295 3225/306/2298 2837/307/2299
f 2473/303/2295 3214/308/2300 2955/301/2293
f 2905/40/2053 2696/297/2289 2474/309/2301
f 2474/309/2301 3142/310/2302 2961/311/2303
f 2961/311/2303 2834/312/2304 2474/309/2301
f 2474/309/2301 3211/313/2305 2905/40/2053
f 2475/314/2306 3201/315/2307 2816/316/2308
f 2816/316/2308 2956/317/2309 2475/314/2306
f 2475/314/2306 3143/318/2310 2697/299/2291
f 2697/299/2291 2914/4/2017 2475/314/2306
f 2476/319/2311 3204/320/2312 2821/321/2313
f 2821/321/2313 2958/322/2314 2476/319/2311
f 2476/319/2311 3144/295/2287 2698/293/2285
f 2698/293/2285 2902/11/2024 2476/319/2311
f 2477/323/2315 3146/273/2265 2708/324/2316
f 2708/324/2316 2947/325/2317 2477/323/2315
f 2477/323/2315 3228/326/2318 2840/327/2319
f 2840/327/2319 2957/274/2266 2477/323/2315
f 2960/280/2272 2841/328/2320 2478/329/2321
f 2478/329/2321 3232/330/2322 2939/331/2323
f 2939/331/2323 2708/324/2316 2478/329/2321
f 2478/329/2321 3146/273/2265 2960/280/2272
f 2479/332/2324 3141/283/2275 2703/333/2325
f 2703/333/2325 2941/334/2326 2479/332/2324
f 2479/332/2324 3231/335/2327 2843/336/2328
f 2843/336/2328 2959/284/2276 2479/332/2324
f 2962/290/2282 2844/337/2329 2480/338/2330
f 2480/338/2330 3235/339/2331 2951/340/2332
f 2951/340/2332 2707/302/2294 2480/338/2330
f 2480/338/2330 3145/291/2283 2962/290/2282
f 2701/296/2288 2706/341/2333 2481/342/2334
f 2481/342/2334 3150/343/2335 2709/344/2336
f 2481/342/2334 3148/345/2337 2704/346/2338
f 2704/346/2338 2701/296/2288 2481/342/2334
f 2482/347/2339 3143/318/2310 2705/348/2340
f 2482/347/2339 3149/349/2341 2710/350/2342
f 2482/347/2339 3147/351/2343 2703/333/2325
f 2703/333/2325 2702/300/2292 2482/347/2339
f 2963/352/2344 2871/353/2345 2483/354/2346
f 2483/354/2346 3238/355/2347 2923/114/2114
f 2923/114/2114 2722/356/2348 2483/354/2346
f 2483/354/2346 3162/357/2349 2963/352/2344
f 2484/358/2350 3142/310/2302 2704/346/2338
f 2704/346/2338 2953/359/2351 2484/358/2350
f 2484/358/2350 3234/360/2352 2846/361/2353
f 2846/361/2353 2961/311/2303 2484/358/2350
f 2485/362/2354 3213/363/2355 2835/364/2356
f 2835/364/2356 2931/365/2357 2485/362/2354
f 2485/362/2354 3149/349/2341 2705/348/2340
f 2705/348/2340 2956/317/2309 2485/362/2354
f 2958/322/2314 2838/366/2358 2486/367/2359
f 2486/367/2359 3229/368/2360 2943/369/2361
f 2943/369/2361 2706/341/2333 2486/367/2359
f 2486/367/2359 3144/295/2287 2958/322/2314
f 2487/370/2362 3161/371/2363 2721/372/2364
f 2721/372/2364 2930/100/2104 2487/370/2362
f 2487/370/2362 3243/373/2365 2878/374/2366
f 2878/374/2366 2968/375/2367 2487/370/2362
f 2965/376/2368 2876/377/2369 2488/378/2370
f 2488/378/2370 3241/379/2371 2919/144/2138
f 2488/378/2370 3155/93/2099 2721/372/2364
f 2721/372/2364 2965/376/2368 2488/378/2370
f 2970/380/2372 2722/356/2348 2489/381/2373
f 2722/356/2348 2918/113/2113 2489/381/2373
f 2489/381/2373 3246/382/2374 2883/383/2375
f 2883/383/2375 2970/380/2372 2489/381/2373
f 2967/384/2376 2881/385/2377 2490/386/2378
f 2490/386/2378 3244/44/2057 2929/53/2064
f 2929/53/2064 2719/387/2379 2490/386/2378
f 2490/386/2378 3159/388/2380 2967/384/2376
f 2725/389/2381 2720/390/2382 2491/391/2383
f 2720/390/2382 2717/125/2121 2491/391/2383
f 2491/391/2383 3158/392/2384 2724/393/2385
f 2724/393/2385 2725/389/2381 2491/391/2383
f 2726/394/2386 2719/387/2379 2492/395/2387
f 2492/395/2387 3153/396/2388 2718/126/2122
f 2492/395/2387 3157/64/2072 2723/397/2389
f 2723/397/2389 2726/394/2386 2492/395/2387
f 2493/398/2390 3164/399/2391 2724/393/2385
f 2724/393/2385 2922/86/2093 2493/398/2390
f 2922/86/2093 2873/400/2392 2493/398/2390
f 2493/398/2390 3252/401/2393 2966/402/2394
f 2494/403/2395 3163/404/2396 2723/397/2389
f 2723/397/2389 2926/70/2077 2494/403/2395
f 2494/403/2395 3237/405/2397 2868/406/2398
f 2868/406/2398 2964/407/2399 2494/403/2395
f 2969/408/2400 2886/409/2401 2495/410/2402
f 2495/410/2402 3247/411/2403 2917/54/2065
f 2495/410/2402 3154/122/2120 2720/390/2382
f 2495/410/2402 3160/412/2404 2969/408/2400
f 2942/161/2153 2889/413/2405 2496/414/2406
f 2496/414/2406 3250/415/2407 2963/352/2344
f 2963/352/2344 2730/416/2408 2496/414/2406
f 2496/414/2406 3168/165/2157 2942/161/2153
f 2497/417/2409 3167/173/2165 2729/418/2410
f 2729/418/2410 2968/375/2367 2497/417/2409
f 2497/417/2409 3255/419/2411 2893/420/2412
f 2893/420/2412 2934/153/2145 2497/417/2409
f 2498/421/2413 3264/422/2414 2892/423/2415
f 2892/423/2415 2965/376/2368 2498/421/2413
f 2498/421/2413 3161/371/2363 2729/418/2410
f 2729/418/2410 2954/172/2164 2498/421/2413
f 2946/166/2158 2730/416/2408 2499/424/2416
f 2499/424/2416 3162/357/2349 2970/380/2372
f 2970/380/2372 2896/425/2417 2499/424/2416
f 2499/424/2416 3271/426/2418 2946/166/2158
f 2500/427/2419 3267/428/2420 2895/429/2421
f 2895/429/2421 2967/384/2376 2500/427/2419
f 2500/427/2419 3159/388/2380 2727/430/2422
f 2727/430/2422 2936/204/2196 2500/427/2419
f 2501/431/2423 3166/212/2204 2728/432/2424
f 2728/432/2424 2725/389/2381 2501/431/2423
f 2725/389/2381 2732/433/2425 2501/431/2423
f 2501/431/2423 3170/434/2426 2733/435/2427
f 2502/436/2428 3165/205/2197 2727/430/2422
f 2727/430/2422 2726/394/2386 2502/436/2428
f 2502/436/2428 3163/404/2396 2731/437/2429
f 2502/436/2428 3169/438/2430 2734/439/2431
f 2950/440/2432 2732/433/2425 2503/441/2433
f 2503/441/2433 3164/399/2391 2966/402/2394
f 2966/402/2394 2890/442/2434 2503/441/2433
f 2503/441/2433 3265/443/2435 2950/440/2432
f 2938/444/2436 2731/437/2429 2504/445/2437
f 2504/445/2437 3163/404/2396 2964/407/2399
f 2964/407/2399 2887/446/2438 2504/445/2437
f 2504/445/2437 3262/447/2439 2938/444/2436
f 2505/448/2440 3270/449/2441 2898/450/2442
f 2898/450/2442 2969/408/2400 2505/448/2440
f 2505/448/2440 3160/412/2404 2728/432/2424
f 2728/432/2424 2948/211/2203 2505/448/2440
f 2506/451/2443 3327/452/2444 3081/453/2445
f 2506/451/2443 3169/438/2430 2938/444/2436
f 2938/444/2436 2851/454/2446 2506/451/2443
f 2851/454/2446 3101/455/2447 2506/451/2443
f 2507/456/2448 3301/457/2449 3019/458/2450
f 3019/458/2450 2940/459/2451 2507/456/2448
f 2507/456/2448 3134/460/2452 2692/461/2453
f 2692/461/2453 3028/462/2454 2507/456/2448
f 2508/463/2455 3328/464/2456 3082/465/2457
f 2508/463/2455 3170/434/2426 2950/440/2432
f 2950/440/2432 2856/466/2458 2508/463/2455
f 2856/466/2458 3102/467/2459 2508/463/2455
f 2509/468/2460 3304/469/2461 3022/470/2462
f 3022/470/2462 2952/471/2463 2509/468/2460
f 2509/468/2460 3133/472/2464 2691/473/2465
f 2691/473/2465 3029/474/2466 2509/468/2460
f 3103/475/2467 3078/213/2205 2510/476/2468
f 3078/213/2205 2733/435/2427 2510/476/2468
f 2733/435/2427 3082/465/2457 2510/476/2468
f 3082/465/2457 3103/475/2467 2510/476/2468
f 2511/477/2469 3323/207/2199 3077/206/2198
f 3077/206/2198 2734/439/2431 2511/477/2469
f 2511/477/2469 3169/438/2430 3081/453/2445
f 3081/453/2445 3104/478/2470 2511/477/2469
f 2912/256/2248 2699/292/2284 2512/479/2471
f 2512/479/2471 3145/291/2283 2955/301/2293
f 2955/301/2293 2819/480/2472 2512/479/2471
f 2512/479/2471 3202/481/2473 2912/256/2248
f 2513/482/2474 3298/483/2475 3016/484/2476
f 2513/482/2474 3195/485/2477 2944/486/2478
f 2944/486/2478 2690/175/2167 2513/482/2474
f 2513/482/2474 3290/487/2479 3030/488/2480
f 3031/489/2481 2691/473/2465 2514/490/2482
f 2514/490/2482 3133/472/2464 2933/491/2483
f 2933/491/2483 2788/492/2484 2514/490/2482
f 2514/490/2482 3293/493/2485 3031/489/2481
f 3032/494/2486 2692/461/2453 2515/495/2487
f 2515/495/2487 3134/460/2452 2945/496/2488
f 2945/496/2488 2795/497/2489 2515/495/2487
f 2515/495/2487 3296/498/2490 3032/494/2486
f 2516/499/2491 3311/2/2015 2736/500/2492
f 2736/501/2492 2737/264/2256 2516/502/2491
f 2516/502/2491 3182/263/2255 3048/503/2493
f 3048/504/2493 3068/505/2494 2516/499/2491
f 2517/506/2495 3312/507/2496 3048/508/2493
f 3048/503/2493 2740/262/2254 2517/509/2495
f 2740/262/2254 3049/510/2497 2517/509/2495
f 2517/506/2495 3313/258/2250 3069/511/2498
f 2518/512/2499 3237/405/2397 2743/69/2076
f 2744/513/2500 2742/514/2501 2518/512/2499
f 2745/515/2502 2744/516/2500 2519/517/2503
f 2519/518/2503 3186/519/2504 2747/117/2115
f 2519/517/2503 3238/355/2347 2745/515/2502
f 2520/520/2505 3314/9/2022 2749/521/2506
f 2749/522/2506 2750/523/2507 2520/524/2505
f 2520/524/2505 3173/525/2508 3051/526/2509
f 3051/527/2509 3070/528/2510 2520/520/2505
f 3071/529/2511 3051/530/2509 2521/531/2512
f 3051/526/2509 2753/532/2513 2521/533/2512
f 2753/532/2513 3052/534/2514 2521/533/2512
f 2521/531/2512 3316/535/2515 3071/529/2511
f 2522/536/2516 3240/91/2097 2756/537/2517
f 2757/538/2518 2755/539/2519 2522/536/2516
f 2758/540/2520 2757/541/2518 2523/542/2521
f 2523/543/2521 3185/148/2141 2760/544/2139
f 2523/542/2521 3241/379/2371 2758/540/2520
f 2524/545/2522 3243/373/2365 2762/99/2103
f 2524/546/2522 3188/547/2523 2763/103/2106
f 2764/548/2524 2761/549/2525 2524/545/2522
f 2765/550/2526 2764/551/2524 2525/552/2527
f 2525/553/2527 3187/46/2059 2766/102/2058
f 2764/554/2524 2763/103/2106 3187/46/2059
f 2525/552/2527 3244/44/2057 2765/550/2526
f 2526/555/2528 3317/220/2212 2768/556/2529
f 2768/557/2529 2769/558/2530 2526/559/2528
f 2769/558/2530 3054/560/2531 2526/559/2528
f 3054/561/2531 3072/562/2532 2526/555/2528
f 3073/563/2533 3054/564/2531 2527/565/2534
f 3054/560/2531 2772/566/2535 2527/567/2534
f 2772/566/2535 3055/568/2536 2527/567/2534
f 2527/565/2534 3319/21/2034 3073/563/2533
f 2528/569/2537 3246/382/2374 2775/112/2112
f 2528/570/2537 3184/110/2111 2776/571/2538
f 2777/572/2539 2774/573/2540 2528/569/2537
f 2778/574/2541 2777/575/2539 2529/576/2542
f 2529/576/2542 3247/411/2403 2778/574/2541
f 2530/577/2543 3320/234/2226 2781/578/2544
f 2781/579/2544 2782/580/2545 2530/581/2543
f 2782/580/2545 3057/582/2546 2530/581/2543
f 2530/577/2543 3321/583/2547 3074/584/2548
f 3075/585/2549 3057/586/2546 2531/587/2550
f 2531/588/2550 3176/589/2551 2785/590/2552
f 2785/590/2552 3058/591/2553 2531/588/2550
f 2531/587/2550 3322/42/2055 3075/585/2549
f 3033/592/2554 2788/492/2484 2532/593/2555
f 2532/593/2555 3190/594/2556 2789/595/2557
f 2789/595/2557 3012/596/2558 2532/593/2555
f 2532/593/2555 3294/597/2559 3033/592/2554
f 3034/598/2560 3012/599/2558 2533/600/2561
f 2533/600/2561 3191/601/2562 2792/602/2563
f 2792/602/2563 3013/139/2133 2533/600/2561
f 2533/600/2561 3295/603/2564 3034/598/2560
f 3035/604/2565 2795/497/2489 2534/605/2566
f 2534/605/2566 3196/606/2567 2796/607/2568
f 2796/607/2568 3015/608/2569 2534/605/2566
f 2534/605/2566 3297/609/2570 3035/604/2565
f 3036/610/2571 3015/611/2569 2535/612/2572
f 2535/612/2572 3197/613/2573 2799/614/2574
f 2799/614/2574 3016/484/2476 2535/612/2572
f 3016/484/2476 3036/610/2571 2535/612/2572
f 3037/615/2575 2802/198/2190 2536/616/2576
f 2802/198/2190 2803/617/2577 2536/616/2576
f 2536/616/2576 3194/618/2578 3018/619/2579
f 3018/619/2579 3037/615/2575 2536/616/2576
f 2537/620/2580 3300/621/2581 3018/622/2579
f 3018/622/2579 2806/623/2582 2537/620/2580
f 2537/620/2580 3192/624/2583 3019/458/2450
f 3019/458/2450 3038/625/2584 2537/620/2580
f 2538/626/2585 3302/193/2185 2809/192/2184
f 2809/192/2184 2810/627/2586 2538/626/2585
f 2538/626/2585 3200/628/2587 3021/629/2588
f 3021/629/2588 3039/630/2589 2538/626/2585
f 2539/631/2590 3303/632/2591 3021/633/2588
f 3021/633/2588 2813/634/2592 2539/631/2590
f 2539/631/2590 3198/635/2593 3022/470/2462
f 3022/470/2462 3040/636/2594 2539/631/2590
f 2540/637/2595 3213/363/2355 2816/316/2308
f 2816/316/2308 2735/638/2596 2540/637/2595
f 2540/637/2595 3203/639/2597 2817/640/2598
f 2817/640/2598 2815/641/2599 2540/637/2595
f 2818/642/2600 2817/643/2598 2541/644/2601
f 2541/644/2601 3203/645/2597 2739/646/2602
f 2739/646/2602 2819/480/2472 2541/644/2601
f 2541/644/2601 3214/308/2300 2818/642/2600
f 2542/647/2603 3216/648/2604 2821/321/2313
f 2821/321/2313 2748/649/2605 2542/647/2603
f 2542/647/2603 3206/650/2606 2822/651/2607
f 2822/651/2607 2820/652/2608 2542/647/2603
f 2823/653/2609 2822/654/2607 2543/655/2610
f 2543/655/2610 3206/656/2606 2752/657/2611
f 2752/657/2611 2824/275/2267 2543/655/2610
f 2543/655/2610 3217/658/2612 2823/653/2609
f 2544/659/2613 3219/660/2614 2826/279/2271
f 2826/279/2271 2767/661/2615 2544/659/2613
f 2544/659/2613 3209/662/2616 2827/663/2617
f 2827/663/2617 2825/664/2618 2544/659/2613
f 2828/665/2619 2827/666/2617 2545/667/2620
f 2545/667/2620 3209/668/2616 2771/669/2621
f 2771/669/2621 2829/285/2277 2545/667/2620
f 2545/667/2620 3220/670/2622 2828/665/2619
f 2546/671/2623 3222/672/2624 2831/289/2281
f 2831/289/2281 2780/673/2625 2546/671/2623
f 2546/671/2623 3212/674/2626 2832/675/2627
f 2832/675/2627 2830/676/2628 2546/671/2623
f 2833/677/2629 2832/678/2627 2547/679/2630
f 2547/679/2630 3212/680/2626 2784/681/2631
f 2784/681/2631 2834/312/2304 2547/679/2630
f 2547/679/2630 3223/682/2632 2833/677/2629
f 2548/683/2633 3226/684/2634 2835/364/2356
f 2835/364/2356 2815/641/2599 2548/683/2633
f 2548/683/2633 3215/685/2635 2836/686/2636
f 2836/686/2636 2791/687/2637 2548/683/2633
f 2549/688/2638 3227/689/2639 2836/690/2636
f 2836/690/2636 2818/642/2600 2549/688/2638
f 2818/642/2600 2837/307/2299 2549/688/2638
f 2837/307/2299 2787/691/2640 2549/688/2638
f 2798/692/2641 2838/366/2358 2550/693/2642
f 2550/693/2642 3216/648/2604 2820/652/2608
f 2820/652/2608 2839/694/2643 2550/693/2642
f 2550/693/2642 3230/695/2644 2798/692/2641
f 2794/696/2645 2839/697/2643 2551/698/2646
f 2551/698/2646 3218/699/2647 2823/653/2609
f 2551/698/2646 3217/658/2612 2840/327/2319
f 2840/327/2319 2794/696/2645 2551/698/2646
f 2805/700/2648 2841/328/2320 2552/701/2649
f 2552/701/2649 3219/660/2614 2825/664/2618
f 2552/701/2649 3221/702/2650 2842/703/2651
f 2842/703/2651 2805/700/2648 2552/701/2649
f 2553/704/2652 3233/705/2653 2842/706/2651
f 2842/706/2651 2828/665/2619 2553/704/2652
f 2553/704/2652 3220/670/2622 2843/336/2328
f 2843/336/2328 2801/707/2654 2553/704/2652
f 2812/708/2655 2844/337/2329 2554/709/2656
f 2554/709/2656 3222/672/2624 2830/676/2628
f 2554/709/2656 3224/710/2657 2845/711/2658
f 2845/711/2658 2812/708/2655 2554/709/2656
f 2555/712/2659 3236/713/2660 2845/714/2658
f 2845/714/2658 2833/677/2629 2555/712/2659
f 2555/712/2659 3223/682/2632 2846/361/2353
f 2846/361/2353 2808/715/2661 2555/712/2659
f 3105/716/2662 2848/717/2663 2556/718/2664
f 2556/718/2664 3192/624/2583 2806/623/2582
f 2556/718/2664 3194/719/2578 3084/720/2665
f 2556/718/2664 3330/721/2666 3105/716/2662
f 2557/722/2667 3330/723/2666 3084/724/2665
f 3084/724/2665 2803/617/2577 2557/722/2667
f 2557/722/2667 3193/197/2189 3085/725/2668
f 3085/725/2668 3106/726/2669 2557/722/2667
f 3107/727/2670 2853/728/2671 2558/729/2672
f 2558/729/2672 3198/635/2593 2813/634/2592
f 2558/729/2672 3200/730/2587 3087/731/2673
f 2558/729/2672 3333/732/2674 3107/727/2670
f 2559/733/2675 3333/734/2674 3087/735/2673
f 3087/735/2673 2810/627/2586 2559/733/2675
f 2559/733/2675 3199/191/2183 3088/736/2676
f 3088/736/2676 3108/737/2677 2559/733/2675
f 3109/738/2678 2858/739/2679 2560/740/2680
f 2560/740/2680 3189/141/2135 2792/602/2563
f 2792/602/2563 3090/741/2681 2560/740/2680
f 2560/740/2680 3336/742/2682 3109/738/2678
f 2561/743/2683 3336/744/2682 3090/745/2681
f 2561/743/2683 3191/746/2562 2789/595/2557
f 2561/743/2683 3190/594/2556 3091/747/2684
f 3091/747/2684 3110/748/2685 2561/743/2683
f 3111/749/2686 2863/750/2687 2562/751/2688
f 2562/751/2688 3195/485/2477 2799/614/2574
f 2799/614/2574 3093/752/2689 2562/751/2688
f 2562/751/2688 3339/753/2690 3111/749/2686
f 2563/754/2691 3339/755/2690 3093/756/2689
f 3093/756/2689 2796/607/2568 2563/754/2691
f 2563/754/2691 3196/606/2567 3094/757/2692
f 3094/757/2692 3112/758/2693 2563/754/2691
f 2564/759/2694 3249/760/2695 2868/406/2398
f 2868/406/2398 2742/514/2501 2564/759/2694
f 2564/759/2694 3239/761/2696 2869/762/2697
f 2869/762/2697 2867/763/2698 2564/759/2694
f 2870/764/2699 2869/765/2697 2565/766/2700
f 2565/766/2700 3239/767/2696 2745/515/2502
f 2745/515/2502 2871/353/2345 2565/766/2700
f 2565/766/2700 3250/415/2407 2870/764/2699
f 2566/768/2701 3252/401/2393 2873/400/2392
f 2873/400/2392 2755/539/2519 2566/768/2701
f 2566/768/2701 3242/769/2702 2874/770/2703
f 2874/770/2703 2872/771/2704 2566/768/2701
f 2567/772/2705 3254/773/2706 2874/774/2703
f 2874/774/2703 2758/540/2520 2567/772/2705
f 2758/540/2520 2876/377/2369 2567/772/2705
f 2567/772/2705 3253/775/2707 2875/776/2708
f 2568/777/2709 3255/419/2411 2878/374/2366
f 2878/374/2366 2761/549/2525 2568/777/2709
f 2568/777/2709 3245/778/2710 2879/779/2711
f 2879/779/2711 2877/780/2712 2568/777/2709
f 2880/781/2713 2879/782/2711 2569/783/2714
f 2569/783/2714 3245/784/2710 2765/550/2526
f 2765/550/2526 2881/385/2377 2569/783/2714
f 2569/783/2714 3256/785/2715 2880/781/2713
f 2570/786/2716 3258/787/2717 2883/383/2375
f 2883/383/2375 2774/573/2540 2570/786/2716
f 2774/573/2540 2884/788/2718 2570/786/2716
f 2570/786/2716 3260/789/2719 2882/790/2720
f 2885/791/2721 2884/792/2718 2571/793/2722
f 2571/793/2722 3248/794/2723 2778/574/2541
f 2778/574/2541 2886/409/2401 2571/793/2722
f 2571/793/2722 3259/795/2724 2885/791/2721
f 2850/796/2725 2887/446/2438 2572/797/2726
f 2572/797/2726 3249/760/2695 2867/763/2698
f 2867/763/2698 2888/798/2727 2572/797/2726
f 2572/797/2726 3263/799/2728 2850/796/2725
f 2847/800/2729 2888/801/2727 2573/802/2730
f 2573/802/2730 3251/803/2731 2870/764/2699
f 2870/764/2699 2889/413/2405 2573/802/2730
f 2889/413/2405 2847/800/2729 2573/802/2730
f 2855/804/2732 2890/442/2434 2574/805/2733
f 2574/805/2733 3252/401/2393 2872/771/2704
f 2872/771/2704 2891/806/2734 2574/805/2733
f 2574/805/2733 3266/807/2735 2855/804/2732
f 2575/808/2736 3266/809/2735 2891/810/2734
f 2891/810/2734 2875/776/2708 2575/808/2736
f 2575/808/2736 3253/775/2707 2892/423/2415
f 2892/423/2415 2852/811/2737 2575/808/2736
f 2860/812/2738 2893/420/2412 2576/813/2739
f 2893/420/2412 2877/780/2712 2576/813/2739
f 2576/813/2739 3257/814/2740 2894/815/2741
f 2894/815/2741 2860/812/2738 2576/813/2739
f 2577/816/2742 3269/817/2743 2894/818/2741
f 2894/818/2741 2880/781/2713 2577/816/2742
f 2577/816/2742 3256/785/2715 2895/429/2421
f 2895/429/2421 2857/819/2744 2577/816/2742
f 2865/820/2745 2896/425/2417 2578/821/2746
f 2578/821/2746 3258/787/2717 2882/790/2720
f 2882/790/2720 2897/822/2747 2578/821/2746
f 2578/821/2746 3272/823/2748 2865/820/2745
f 2579/824/2749 3272/825/2748 2897/826/2747
f 2897/826/2747 2885/791/2721 2579/824/2749
f 2579/824/2749 3259/795/2724 2898/450/2442
f 2898/450/2442 2862/827/2750 2579/824/2749
f 3076/828/2751 3046/224/2216 2580/829/2752
f 2580/829/2752 3140/223/2215 2900/270/2262
f 2900/270/2262 2754/830/2753 2580/829/2752
f 2580/829/2752 3316/535/2515 3076/828/2751
f 2581/831/2754 3280/832/2755 2992/833/2756
f 2992/833/2756 2972/265/2257 2581/831/2754
f 2581/831/2754 3181/834/2757 2913/835/2758
f 2913/835/2758 2656/23/2036 2581/831/2754
f 2582/836/2759 3275/837/2760 2978/838/2761
f 2978/838/2761 2973/232/2224 2582/836/2759
f 2582/836/2759 3273/839/2762 2662/840/2763
f 2662/840/2763 2661/841/2764 2582/836/2759
f 2583/842/2765 3120/843/2766 2976/844/2767
f 2976/844/2767 2977/35/2048 2583/842/2765
f 2583/842/2765 3275/837/2760 2661/841/2764
f 2661/841/2764 2655/845/2768 2583/842/2765
f 2584/846/2769 3115/847/2770 2903/848/2771
f 2903/848/2771 2974/849/2772 2584/846/2769
f 2584/846/2769 3274/227/2219 2978/838/2761
f 2584/846/2769 3275/837/2760 2975/34/2047
f 2585/850/2773 3174/851/2774 2785/590/2552
f 2585/850/2773 3176/589/2551 2782/580/2545
f 2782/580/2545 2979/228/2220 2585/850/2773
f 2979/228/2220 2974/849/2772 2585/850/2773
f 2586/852/2775 3277/853/2776 2983/854/2777
f 2983/854/2777 2980/266/2258 2586/852/2775
f 2586/852/2775 3276/30/2043 2976/844/2767
f 2976/844/2767 2981/855/2778 2586/852/2775
f 2587/856/2779 3113/857/2780 2899/858/2781
f 2899/858/2781 2982/859/2782 2587/856/2779
f 2587/856/2779 3278/860/2783 2983/854/2777
f 2983/854/2777 2663/861/2784 2587/856/2779
f 2769/558/2530 2994/862/2785 2588/863/2786
f 2588/863/2786 3282/864/2787 2984/248/2240
f 2984/248/2240 2772/566/2535 2588/863/2786
f 2588/863/2786 3179/865/2788 2769/558/2530
f 2982/859/2782 2753/532/2513 2589/866/2789
f 2589/866/2789 3173/525/2508 2750/523/2507
f 2750/523/2507 2985/267/2259 2589/866/2789
f 2589/866/2789 3278/860/2783 2982/859/2782
f 2989/867/2790 2981/855/2778 2590/868/2791
f 2590/868/2791 3120/843/2766 2658/869/2792
f 2658/869/2792 2990/249/2241 2590/868/2791
f 2590/868/2791 3282/864/2787 2989/867/2790
f 2655/845/2768 2987/870/2793 2591/871/2794
f 2591/871/2794 3280/832/2755 2991/22/2035
f 2591/871/2794 3281/251/2243 2658/869/2792
f 2658/869/2792 2655/845/2768 2591/871/2794
f 2592/872/2795 3119/873/2796 2662/840/2763
f 2662/840/2763 2986/874/2797 2592/872/2795
f 2592/872/2795 3279/260/2252 2992/833/2756
f 2992/833/2756 2987/870/2793 2592/872/2795
f 2593/875/2798 3273/839/2762 2971/231/2223
f 2971/231/2223 2911/876/2799 2593/875/2798
f 2593/875/2798 3180/877/2800 2993/261/2253
f 2993/261/2253 2986/874/2797 2593/875/2798
f 2907/878/2801 2663/861/2784 2594/879/2802
f 2594/879/2802 3277/853/2776 2989/867/2790
f 2989/867/2790 2994/862/2785 2594/879/2802
f 2594/879/2802 3178/880/2803 2907/878/2801
f 2995/881/2804 2664/882/2805 2595/883/2806
f 2664/882/2805 2667/884/2807 2595/883/2806
f 2595/883/2806 3284/74/2081 2997/73/2080
f 2595/883/2806 3283/72/2079 2995/881/2804
f 2596/885/2808 3127/886/2809 2995/881/2804
f 2995/881/2804 2998/101/2105 2596/885/2808
f 2596/885/2808 3188/547/2523 2928/97/2102
f 2928/97/2102 2671/132/2126 2596/885/2808
f 2672/217/2209 2924/118/2117 2597/887/2810
f 2597/887/2810 3186/519/2504 2999/135/2129
f 2999/135/2129 2667/884/2807 2597/887/2810
f 2597/887/2810 3128/888/2811 2672/217/2209
f 2598/889/2812 3128/888/2811 2664/882/2805
f 2598/889/2812 3127/886/2809 2670/131/2125
f 2670/131/2125 3002/80/2087 2598/889/2812
f 3002/80/2087 3001/218/2210 2598/889/2812
f 2921/90/2096 3000/82/2089 2599/890/2813
f 3000/82/2089 3003/134/2128 2599/890/2813
f 3003/134/2128 2759/891/2814 2599/890/2813
f 3183/892/2815 2529/893/2542 2777/894/2539
f 2776/571/2538 3004/216/2208 2600/895/2816
f 3004/216/2208 2668/85/2092 2600/895/2816
f 2668/85/2092 2915/58/2068 2600/895/2816
f 2601/896/2817 3226/684/2634 2793/897/2818
f 2601/896/2817 3295/603/2564 3023/138/2132
f 2601/896/2817 3289/182/2174 3007/898/2819
f 3007/898/2819 2931/365/2357 2601/896/2817
f 2709/344/2336 3008/899/2820 2602/900/2821
f 2602/900/2821 3290/487/2479 3024/174/2166
f 3024/174/2166 3006/901/2822 2602/900/2821
f 3006/901/2822 2709/344/2336 2602/900/2821
f 2710/350/2342 3007/898/2819 2603/902/2823
f 3007/898/2819 3025/186/2178 2603/902/2823
f 2603/902/2823 3287/195/2187 3005/903/2824
f 3005/903/2824 2710/350/2342 2603/902/2823
f 2604/904/2825 3148/345/2337 3006/901/2822
f 2604/904/2825 3288/180/2172 3026/187/2179
f 2604/904/2825 3302/193/2185 3020/905/2826
f 3020/905/2826 2953/359/2351 2604/904/2825
f 2605/906/2827 3147/351/2343 3005/903/2824
f 3005/903/2824 3027/200/2192 2605/906/2827
f 2605/906/2827 3299/199/2191 3017/907/2828
f 3017/907/2828 2941/334/2326 2605/906/2827
f 2939/331/2323 2807/908/2829 2606/909/2830
f 2807/908/2829 3028/462/2454 2606/909/2830
f 2606/909/2830 3292/910/2831 3010/911/2832
f 2606/909/2830 3152/912/2833 2939/331/2323
f 2951/340/2332 2814/913/2834 2607/914/2835
f 2814/913/2834 3029/474/2466 2607/914/2835
f 2607/914/2835 3291/915/2836 3009/916/2837
f 2607/914/2835 3151/304/2296 2951/340/2332
f 2943/369/2361 2800/917/2838 2608/918/2839
f 2800/917/2838 3030/488/2480 2608/918/2839
f 3030/488/2480 3008/899/2820 2608/918/2839
f 2608/918/2839 3150/343/2335 2943/369/2361
f 2935/305/2297 3009/916/2837 2609/919/2840
f 2609/919/2840 3291/915/2836 3031/489/2481
f 3031/489/2481 3011/920/2841 2609/919/2840
f 2609/919/2840 3225/306/2298 2935/305/2297
f 2610/921/2842 3152/912/2833 3010/911/2832
f 2610/921/2842 3292/910/2831 3032/494/2486
f 3032/494/2486 3014/922/2843 2610/921/2842
f 3014/922/2843 2947/325/2317 2610/921/2842
f 2787/691/2640 3011/920/2841 2611/923/2844
f 2611/923/2844 3293/493/2485 3033/592/2554
f 3033/592/2554 2790/924/2845 2611/923/2844
f 2611/923/2844 3227/689/2639 2787/691/2640
f 2612/925/2846 3227/926/2639 2790/927/2845
f 2612/925/2846 3294/928/2559 3034/598/2560
f 3034/598/2560 2793/897/2818 2612/925/2846
f 2793/897/2818 2791/687/2637 2612/925/2846
f 2613/929/2847 3228/326/2318 3014/922/2843
f 2613/929/2847 3296/498/2490 3035/604/2565
f 3035/604/2565 2797/930/2848 2613/929/2847
f 2613/929/2847 3230/931/2644 2794/696/2645
f 2798/692/2641 2797/932/2848 2614/933/2849
f 2614/933/2849 3297/934/2570 3036/610/2571
f 2614/933/2849 3298/483/2475 2800/917/2838
f 2614/933/2849 3229/368/2360 2798/692/2641
f 2615/935/2850 3231/335/2327 3017/907/2828
f 2615/935/2850 3299/199/2191 3037/615/2575
f 2615/935/2850 3300/936/2581 2804/937/2851
f 2804/937/2851 2801/707/2654 2615/935/2850
f 2616/938/2852 3233/939/2653 2804/940/2851
f 2804/940/2851 3038/625/2584 2616/938/2852
f 2616/938/2852 3301/457/2449 2807/908/2829
f 2616/938/2852 3232/330/2322 2805/700/2648
f 2617/941/2853 3234/360/2352 3020/905/2826
f 3020/905/2826 3039/630/2589 2617/941/2853
f 2617/941/2853 3303/942/2591 2811/943/2854
f 2811/943/2854 2808/715/2661 2617/941/2853
f 2618/944/2855 3236/945/2660 2811/946/2854
f 2811/946/2854 3040/636/2594 2618/944/2855
f 2618/944/2855 3304/469/2461 2814/913/2834
f 2618/944/2855 3235/339/2331 2812/708/2655
f 2619/947/2856 3181/834/2757 2736/501/2492
f 2736/500/2492 3059/7/2020 2619/948/2856
f 2619/948/2856 3307/245/2237 2679/949/2857
f 2679/950/2857 2913/835/2758 2619/947/2856
f 2620/951/2858 3172/952/2859 2749/522/2506
f 2749/521/2506 3060/14/2027 2620/953/2858
f 2620/953/2858 3308/954/2860 2681/955/2861
f 2681/956/2861 2901/269/2261 2620/951/2858
f 2621/957/2862 3117/27/2040 2674/958/2863
f 2674/959/2863 3061/15/2028 2621/960/2862
f 3061/15/2028 3055/961/2536 2621/960/2862
f 3055/568/2536 2908/252/2244 2621/957/2862
f 2903/848/2771 2676/962/2864 2622/963/2865
f 2622/964/2865 3306/243/2235 3062/36/2049
f 3062/36/2049 3058/965/2553 2622/964/2865
f 2622/963/2865 3174/851/2774 2903/848/2771
f 2623/966/2866 3178/880/2803 2768/557/2529
f 2768/556/2529 3063/225/2217 2623/967/2866
f 2623/967/2866 3310/968/2867 2684/969/2868
f 2684/970/2868 2907/878/2801 2623/966/2866
f 2624/971/2869 3175/972/2870 2781/579/2544
f 2781/578/2544 3064/239/2231 2624/973/2869
f 2624/973/2869 3309/974/2871 2683/975/2872
f 2683/976/2872 2904/229/2221 2624/971/2869
f 2660/33/2046 2681/956/2861 2625/977/2873
f 2625/978/2873 3308/954/2860 3065/240/2232
f 3065/240/2232 2676/979/2864 2625/978/2873
f 2625/977/2873 3115/847/2770 2660/33/2046
f 2626/980/2874 3118/25/2038 2679/950/2857
f 2679/949/2857 3066/247/2239 2626/981/2874
f 2626/981/2874 3305/982/2875 2674/959/2863
f 2674/958/2863 2657/26/2039 2626/980/2874
f 2627/983/2876 3114/230/2222 2683/976/2872
f 2627/984/2876 3309/974/2871 3067/254/2246
f 3067/254/2246 3049/985/2497 2627/984/2876
f 2627/983/2876 3180/877/2800 2911/876/2799
f 2628/986/2877 3201/315/2307 3047/3/2016
f 3047/3/2016 3068/505/2494 2628/986/2877
f 2628/986/2877 3312/987/2496 2738/988/2878
f 2738/988/2878 2735/638/2596 2628/986/2877
f 2739/646/2602 2738/989/2878 2629/990/2879
f 2738/989/2878 3069/511/2498 2629/990/2879
f 3069/511/2498 2741/257/2249 2629/990/2879
f 2629/990/2879 3202/481/2473 2739/646/2602
f 2630/991/2880 3204/320/2312 3050/10/2023
f 3050/10/2023 3070/528/2510 2630/991/2880
f 2630/991/2880 3315/992/2881 2751/993/2882
f 2751/993/2882 2748/649/2605 2630/991/2880
f 2752/657/2611 2751/994/2882 2631/995/2883
f 2631/995/2883 3315/996/2881 3071/529/2511
f 3071/529/2511 2754/830/2753 2631/995/2883
f 2631/995/2883 3205/276/2268 2752/657/2611
f 2632/997/2884 3207/278/2270 3053/221/2213
f 3053/221/2213 3072/562/2532 2632/997/2884
f 2632/997/2884 3318/998/2885 2770/999/2886
f 2770/999/2886 2767/661/2615 2632/997/2884
f 2771/669/2621 2770/1000/2886 2633/1001/2887
f 2633/1001/2887 3318/1002/2885 3073/563/2533
f 3073/563/2533 2773/20/2033 2633/1001/2887
f 2633/1001/2887 3208/286/2278 2771/669/2621
f 2634/1003/2888 3210/288/2280 3056/235/2227
f 3056/235/2227 3074/584/2548 2634/1003/2888
f 2634/1003/2888 3321/583/2547 2783/1004/2889
f 2783/1004/2889 2780/673/2625 2634/1003/2888
f 2784/681/2631 2783/1005/2889 2635/1006/2890
f 2635/1006/2890 3321/1007/2547 3075/585/2549
f 3075/585/2549 2786/41/2054 2635/1006/2890
f 2635/1006/2890 3211/313/2305 2784/681/2631
f 2899/858/2781 2684/970/2868 2636/1008/2891
f 2636/1009/2891 3310/968/2867 3076/828/2751
f 3076/828/2751 3052/1010/2514 2636/1009/2891
f 2636/1008/2891 3171/1011/2892 2899/858/2781
f 2637/1012/2893 3133/472/2464 2713/1013/2894
f 2713/1013/2894 3095/156/2148 2637/1012/2893
f 2637/1012/2893 3337/1014/2895 3091/747/2684
f 3091/747/2684 2933/491/2483 2637/1012/2893
f 2940/459/2451 2848/717/2663 2638/1015/2896
f 2638/1015/2896 3329/1016/2897 3096/157/2149
f 3096/157/2149 2714/1017/2898 2638/1015/2896
f 2638/1015/2896 3134/460/2452 2940/459/2451
f 2639/1018/2899 3134/460/2452 2714/1017/2898
f 2714/1017/2898 3097/168/2160 2639/1018/2899
f 2639/1018/2899 3340/1019/2900 3094/757/2692
f 3094/757/2692 2945/496/2488 2639/1018/2899
f 2952/471/2463 2853/728/2671 2640/1020/2901
f 2640/1020/2901 3332/1021/2902 3098/169/2161
f 2640/1020/2901 3325/151/2143 2713/1013/2894
f 2713/1013/2894 2952/471/2463 2640/1020/2901
f 2932/142/2136 2858/739/2679 2641/1022/2903
f 2641/1022/2903 3335/1023/2904 3099/201/2193
f 3099/201/2193 2711/1024/2905 2641/1022/2903
f 2641/1022/2903 3129/1025/2906 2932/142/2136
f 2944/486/2478 2863/750/2687 2642/1026/2907
f 2642/1026/2907 3338/1027/2908 3100/208/2200
f 3100/208/2200 2712/1028/2909 2642/1026/2907
f 2642/1026/2907 3131/177/2169 2944/486/2478
f 2643/1029/2910 3130/184/2176 2715/1030/2911
f 2715/1030/2911 3101/455/2447 2643/1029/2910
f 2643/1029/2910 3331/1031/2912 3085/725/2668
f 3085/725/2668 2937/196/2188 2643/1029/2910
f 2644/1032/2913 3132/189/2181 2716/1033/2914
f 2716/1033/2914 3102/467/2459 2644/1032/2913
f 2644/1032/2913 3334/1034/2915 3088/736/2676
f 3088/736/2676 2949/190/2182 2644/1032/2913
f 2685/178/2170 2712/1028/2909 2645/1035/2916
f 2645/1035/2916 3324/214/2206 3103/475/2467
f 2645/1035/2916 3328/464/2456 2716/1033/2914
f 2716/1033/2914 2685/178/2170 2645/1035/2916
f 2646/1036/2917 3129/1025/2906 2711/1024/2905
f 2711/1024/2905 3104/478/2470 2646/1036/2917
f 2646/1036/2917 3327/452/2444 2715/1030/2911
f 2715/1030/2911 2686/183/2175 2646/1036/2917
f 2847/800/2729 3083/158/2150 2647/1037/2918
f 2647/1037/2918 3329/1016/2897 3105/716/2662
f 3105/716/2662 2849/1038/2919 2647/1037/2918
f 2647/1037/2918 3263/1039/2728 2847/800/2729
f 2850/796/2725 2849/1040/2919 2648/1041/2920
f 2849/1040/2919 3106/726/2669 2648/1041/2920
f 2648/1041/2920 3331/1031/2912 2851/454/2446
f 2648/1041/2920 3262/447/2439 2850/796/2725
f 2649/1042/2921 3264/422/2414 3086/170/2162
f 2649/1042/2921 3332/1021/2902 3107/727/2670
f 3107/727/2670 2854/1043/2922 2649/1042/2921
f 2854/1043/2922 2852/811/2737 2649/1042/2921
f 2855/804/2732 2854/1044/2922 2650/1045/2923
f 2854/1044/2922 3108/737/2677 2650/1045/2923
f 2650/1045/2923 3334/1034/2915 2856/466/2458
f 2650/1045/2923 3265/443/2435 2855/804/2732
f 2651/1046/2924 3267/428/2420 3089/202/2194
f 2651/1046/2924 3335/1023/2904 3109/738/2678
f 3109/738/2678 2859/1047/2925 2651/1046/2924
f 2859/1047/2925 2857/819/2744 2651/1046/2924
f 2652/1048/2926 3269/1049/2743 2859/1050/2925
f 2859/1050/2925 3110/748/2685 2652/1048/2926
f 2652/1048/2926 3337/1014/2895 2861/155/2147
f 2861/155/2147 2860/812/2738 2652/1048/2926
f 2653/1051/2927 3270/449/2441 3092/209/2201
f 2653/1051/2927 3338/1027/2908 3111/749/2686
f 3111/749/2686 2864/1052/2928 2653/1051/2927
f 2864/1052/2928 2862/827/2750 2653/1051/2927
f 2654/1053/2929 3272/823/2748 2864/1054/2928
f 2864/1054/2928 3112/758/2693 2654/1053/2929
f 2654/1053/2929 3340/1019/2900 2866/167/2159
f 2654/1053/2929 3271/426/2418 2865/820/2745
f 2776/571/2538 2777/894/2539 2528/570/2537
f 3341/1055/2930 2518/1056/2499 2743/1057/2076
f 2746/136/2130 2744/1058/2500 3341/1055/2930
f 2925/68/2075 2743/1057/2076 2433/66/2071
f 2444/137/2131 3341/1055/2930 2925/68/2075
f 2600/895/2816 3183/892/2815 2776/571/2538
f 2599/890/2813 3342/1059/2931 2921/90/2096
f 2759/891/2814 2757/1060/2518 3342/1059/2931
f 3342/1059/2931 2436/89/2095 2921/90/2096
f 3342/1059/2931 2522/1061/2516 2756/1062/2517
f 3585/1063/2932 3895/1064/2933 3343/1065/2934
f 3343/1065/2934 4067/1066/2935 3619/1067/2936
f 3619/1067/2936 3896/1068/2937 3343/1065/2934
f 3343/1065/2934 4032/1069/2938 3585/1063/2932
f 3345/1070/2939 4312/1071/2940 4243/1072/2941
f 3344/1073/2942 4061/1074/2943 3633/1075/2944
f 3633/1075/2944 3888/1076/2945 3344/1073/2942
f 3893/1077/2946 4242/1078/2947 3350/1079/2948
f 3894/1080/2949 4246/1081/2950 3358/1082/2951
f 3345/1070/2939 4064/1083/2952 3640/1084/2953
f 3640/1084/2953 3892/1085/2954 3345/1070/2939
f 3881/1086/2955 4244/1087/2956 3558/1088/2957
f 3586/1089/2958 3883/1090/2959 3346/1091/2960
f 3346/1091/2960 4058/1092/2961 3626/1093/2962
f 3626/1093/2962 3884/1094/2963 3346/1091/2960
f 3346/1091/2960 4031/1095/2964 3586/1089/2958
f 3347/1096/2965 4070/1097/2966 3882/1098/2967
f 3359/1099/2968 4316/1100/2969 4247/1101/2970
f 4247/1101/2970 3892/1085/2954 3359/1099/2968
f 3897/1102/2971 3646/1103/2972 3347/1096/2965
f 3348/1104/2973 4060/1105/2974 3885/1106/2975
f 3885/1106/2975 3586/1089/2958 3348/1104/2973
f 3348/1104/2973 4031/1095/2964 3886/1107/2976
f 3886/1107/2976 3628/1108/2977 3348/1104/2973
f 3349/1109/2978 4063/1110/2979 3889/1111/2980
f 3889/1111/2980 3585/1063/2932 3349/1109/2978
f 3349/1109/2978 4032/1069/2938 3890/1112/2981
f 3890/1112/2981 3635/1113/2982 3349/1109/2978
f 3350/1079/2948 4066/1114/2983 3893/1077/2946
f 3350/1079/2948 4313/1115/2984 3894/1080/2949
f 4241/1116/2985 3887/1117/2986 3344/1073/2942
f 3894/1080/2949 3614/1118/2987 3350/1079/2948
f 3998/1119/2988 4002/1120/2989 3351/1121/2990
f 3351/1121/2990 4227/1122/2991 3583/1123/2992
f 3351/1121/2990 4030/1124/2993 3889/1125/2980
f 3889/1125/2980 3998/1119/2988 3351/1121/2990
f 3352/1126/2994 4229/1127/2995 4005/1128/2996
f 3352/1126/2994 4066/1129/2983 3613/1130/2997
f 3352/1126/2994 4068/1131/2998 3617/1132/2999
f 3617/1132/2999 4009/1133/3000 3352/1126/2994
f 4007/1134/3001 4006/1135/3002 3353/1136/3003
f 3353/1136/3003 4061/1137/2943 3887/1138/2986
f 3565/1139/3004 4368/1140/3005 4239/1141/3006
f 4239/1141/3006 3893/1142/2946 3565/1139/3004
f 3995/1143/3007 3999/1144/3008 3354/1145/3009
f 3999/1144/3008 3883/1146/2959 3354/1145/3009
f 3354/1145/3009 4029/1147/3010 3993/1148/3011
f 3354/1145/3009 4225/1149/3012 3995/1143/3007
f 3666/1150/3013 3897/1102/2971 3355/1151/3014
f 3910/1152/3015 4251/1153/3016 3367/1154/3017
f 3367/1154/3017 4316/1100/2969 3902/1155/3018
f 3355/1151/3014 4094/1156/3019 3666/1150/3013
f 3356/1157/3020 4073/1158/3021 3886/1107/2976
f 3886/1107/2976 3588/1159/3022 3356/1157/3020
f 3356/1157/3020 4033/1160/3023 3899/1161/3024
f 3899/1161/3024 3651/1162/3025 3356/1157/3020
f 3357/1163/3026 4076/1164/3027 3890/1112/2981
f 3890/1112/2981 3587/1165/3028 3357/1163/3026
f 3357/1163/3026 4034/1166/3029 3901/1167/3030
f 3901/1167/3030 3656/1168/3031 3357/1163/3026
f 3358/1082/2951 4079/1169/3032 3894/1080/2949
f 3361/1170/3033 4318/1171/3034 4245/1172/3035
f 4245/1172/3035 3888/1076/2945 3361/1170/3033
f 3903/1173/3036 3641/1174/3037 3358/1082/2951
f 3366/1175/3038 4317/1176/3039 4250/1177/3040
f 3359/1099/2968 4075/1178/3041 3660/1179/3042
f 3660/1179/3042 3902/1155/3018 3359/1099/2968
f 3347/1096/2965 4315/1180/3043 3897/1102/2971
f 3587/1165/3028 3896/1068/2937 3360/1181/3044
f 3360/1181/3044 4078/1182/3045 3645/1183/3046
f 3645/1183/3046 3904/1184/3047 3360/1181/3044
f 3360/1181/3044 4034/1166/3029 3587/1165/3028
f 3882/1098/2967 4248/1185/3048 3347/1096/2965
f 3361/1170/3033 4072/1186/3049 3655/1187/3050
f 3655/1187/3050 3900/1188/3051 3361/1170/3033
f 3358/1082/2951 4317/1176/3039 3903/1173/3036
f 3588/1159/3022 3884/1094/2963 3362/1189/3052
f 3362/1189/3052 4069/1190/3053 3650/1191/3054
f 3650/1191/3054 3898/1192/3055 3362/1189/3052
f 3362/1189/3052 4033/1160/3023 3588/1159/3022
f 3686/1193/3056 3905/1194/3057 3363/1195/3058
f 3918/1196/3059 4255/1197/3060 3375/1198/3061
f 3375/1198/3061 4320/1199/3062 3910/1152/3015
f 3363/1195/3058 4106/1200/3063 3686/1193/3056
f 3364/1201/3064 4085/1202/3065 3899/1161/3024
f 3899/1161/3024 3590/1203/3066 3364/1201/3064
f 3590/1203/3066 3907/1204/3067 3364/1201/3064
f 3364/1201/3064 4097/1205/3068 3671/1206/3069
f 3365/1207/3070 4088/1208/3071 3901/1167/3030
f 3901/1167/3030 3589/1209/3072 3365/1207/3070
f 3589/1209/3072 3909/1210/3073 3365/1207/3070
f 3365/1207/3070 4100/1211/3074 3676/1212/3075
f 3661/1213/3076 3903/1173/3036 3366/1175/3038
f 3908/1214/3077 4249/1215/3078 3369/1216/3079
f 3369/1216/3079 4318/1171/3034 3900/1188/3051
f 3366/1175/3038 4103/1217/3080 3661/1213/3076
f 3374/1218/3081 4321/1219/3082 4254/1220/3083
f 3902/1155/3018 3680/1221/3084 3367/1154/3017
f 3367/1154/3017 4099/1222/3085 3910/1152/3015
f 4252/1223/3086 3905/1194/3057 3355/1151/3014
f 3589/1209/3072 3904/1184/3047 3368/1224/3087
f 3368/1224/3087 4090/1225/3088 3665/1226/3089
f 3368/1224/3087 4102/1227/3090 3912/1228/3091
f 3912/1228/3091 3589/1209/3072 3368/1224/3087
f 3355/1151/3014 4315/1180/3043 4252/1223/3086
f 3900/1188/3051 3675/1229/3092 3369/1216/3079
f 3369/1216/3079 4096/1230/3093 3908/1214/3077
f 4250/1177/3040 3911/1231/3094 3366/1175/3038
f 3590/1203/3066 3898/1192/3055 3370/1232/3095
f 3370/1232/3095 4081/1233/3096 3670/1234/3097
f 3370/1232/3095 4093/1235/3098 3906/1236/3099
f 3906/1236/3099 3590/1203/3066 3370/1232/3095
f 3371/1237/3100 4106/1200/3063 3913/1238/3101
f 3391/1239/3102 4334/1240/3103 4259/1241/3104
f 4259/1241/3104 3918/1196/3059 3391/1239/3102
f 3921/1242/3105 3734/1243/3106 3371/1237/3100
f 3691/1244/3107 3907/1204/3067 3372/1245/3108
f 3372/1245/3108 4035/1246/3109 3592/1247/3110
f 3592/1247/3110 3915/1248/3111 3372/1245/3108
f 3372/1245/3108 4109/1249/3112 3691/1244/3107
f 3696/1250/3113 3909/1210/3073 3373/1251/3114
f 3373/1251/3114 4036/1252/3115 3591/1253/3116
f 3591/1253/3116 3917/1254/3117 3373/1251/3114
f 3373/1251/3114 4112/1255/3118 3696/1250/3113
f 3681/1256/3119 3911/1231/3094 3374/1218/3081
f 3916/1257/3120 4253/1258/3121 3377/1259/3122
f 3377/1259/3122 4322/1260/3123 3908/1214/3077
f 3374/1218/3081 4115/1261/3124 3681/1256/3119
f 3919/1262/3125 4258/1263/3126 3390/1264/3127
f 3910/1152/3015 3700/1265/3128 3375/1198/3061
f 3375/1198/3061 4111/1266/3129 3918/1196/3059
f 4256/1267/3130 3913/1238/3101 3363/1195/3058
f 3376/1268/3131 4036/1252/3115 3912/1228/3091
f 3912/1228/3091 3685/1269/3132 3376/1268/3131
f 3376/1268/3131 4114/1270/3133 3920/1271/3134
f 3920/1271/3134 3591/1253/3116 3376/1268/3131
f 3363/1195/3058 4319/1272/3135 4256/1267/3130
f 3908/1214/3077 3695/1273/3136 3377/1259/3122
f 3377/1259/3122 4108/1274/3137 3916/1257/3120
f 4254/1220/3083 3919/1262/3125 3374/1218/3081
f 3378/1275/3138 4035/1246/3109 3906/1236/3099
f 3906/1236/3099 3690/1276/3139 3378/1275/3138
f 3378/1275/3138 4105/1277/3140 3914/1278/3141
f 3914/1278/3141 3592/1247/3110 3378/1275/3138
f 3379/1279/3142 4129/1280/3143 3927/1281/3144
f 3401/1282/3145 4330/1283/3146 4262/1284/3147
f 3921/1242/3105 4263/1285/3148 3380/1286/3149
f 3941/1287/3150 3702/1288/3151 3379/1279/3142
f 3380/1286/3149 4132/1289/3152 3921/1242/3105
f 3399/1290/3153 4328/1291/3154 4264/1292/3155
f 3936/1293/3156 4265/1294/3157 3385/1295/3158
f 3929/1296/3159 3709/1297/3160 3380/1286/3149
f 3381/1298/3161 4135/1299/3162 3923/1300/3163
f 3923/1300/3163 3596/1301/3164 3381/1298/3161
f 3381/1298/3161 4039/1302/3165 3933/1303/3166
f 3933/1303/3166 3716/1304/3167 3381/1298/3161
f 3382/1305/3168 4138/1306/3169 3925/1307/3170
f 3925/1307/3170 3595/1308/3171 3382/1305/3168
f 3382/1305/3168 4040/1309/3172 3937/1310/3173
f 3937/1310/3173 3723/1311/3174 3382/1305/3168
f 3406/1312/3175 4337/1313/3176 4270/1314/3177
f 3383/1315/3178 4123/1316/3179 3760/1317/3180
f 3383/1315/3178 4147/1318/3181 3940/1319/3182
f 3929/1296/3159 4268/1320/3183 3387/1321/3184
f 3597/1322/3185 3943/1323/3186 3384/1324/3187
f 3384/1324/3187 4126/1325/3188 3745/1326/3189
f 3384/1324/3187 4150/1327/3190 3944/1328/3191
f 3944/1328/3191 3597/1322/3185 3384/1324/3187
f 3940/1319/3182 4267/1329/3192 3383/1315/3178
f 3385/1295/3158 4120/1330/3193 3755/1331/3194
f 3385/1295/3158 4144/1332/3195 3936/1293/3156
f 3398/1333/3196 4329/1334/3197 4266/1335/3198
f 3598/1336/3199 3931/1337/3200 3386/1338/3201
f 3386/1338/3201 4117/1339/3202 3750/1340/3203
f 3386/1338/3201 4141/1341/3204 3932/1342/3205
f 3932/1342/3205 3598/1336/3199 3386/1338/3201
f 3387/1321/3184 4118/1343/3206 3929/1296/3159
f 4268/1320/3183 3930/1344/3207 3387/1321/3184
f 4267/1329/3192 3939/1345/3208 3383/1315/3178
f 3387/1321/3184 4142/1346/3209 3746/1347/3210
f 3388/1348/3211 4109/1249/3112 3915/1248/3111
f 3915/1248/3111 3594/1349/3212 3388/1348/3211
f 3388/1348/3211 4042/1350/3213 3923/1300/3163
f 3923/1300/3163 3737/1351/3214 3388/1348/3211
f 3389/1352/3215 4112/1255/3118 3917/1254/3117
f 3917/1254/3117 3593/1353/3216 3389/1352/3215
f 3389/1352/3215 4041/1354/3217 3925/1307/3170
f 3925/1307/3170 3740/1355/3218 3389/1352/3215
f 3390/1264/3127 4115/1261/3124 3919/1262/3125
f 3393/1356/3219 4332/1357/3220 4257/1358/3221
f 4257/1358/3221 3916/1257/3120 3393/1356/3219
f 3927/1281/3144 3731/1359/3222 3390/1264/3127
f 3379/1279/3142 4331/1360/3223 4261/1361/3224
f 3391/1239/3102 4111/1266/3129 3738/1362/3225
f 3738/1362/3225 3926/1363/3226 3391/1239/3102
f 3371/1237/3100 4333/1364/3227 3921/1242/3105
f 3593/1353/3216 3920/1271/3134 3392/1365/3228
f 3392/1365/3228 4114/1270/3133 3729/1366/3229
f 3729/1366/3229 3928/1367/3230 3392/1365/3228
f 3392/1365/3228 4041/1354/3217 3593/1353/3216
f 3913/1238/3101 4260/1368/3231 3371/1237/3100
f 3393/1356/3219 4108/1274/3137 3735/1369/3232
f 3735/1369/3232 3924/1370/3233 3393/1356/3219
f 4258/1263/3126 3927/1281/3144 3390/1264/3127
f 3594/1349/3212 3914/1278/3141 3394/1371/3234
f 3394/1371/3234 4105/1277/3140 3732/1372/3235
f 3732/1372/3235 3922/1373/3236 3394/1371/3234
f 3394/1371/3234 4042/1350/3213 3594/1349/3212
f 3766/1374/3237 3930/1344/3207 3395/1375/3238
f 3950/1376/3239 4271/1377/3240 3407/1378/3241
f 3407/1378/3241 4336/1379/3242 3940/1319/3182
f 3395/1375/3238 4154/1380/3243 3766/1374/3237
f 3396/1381/3244 4121/1382/3245 3933/1303/3166
f 3933/1303/3166 3598/1336/3199 3396/1381/3244
f 3598/1336/3199 3934/1383/3246 3396/1381/3244
f 3396/1381/3244 4145/1384/3247 3751/1385/3248
f 3397/1386/3249 4124/1387/3250 3937/1310/3173
f 3937/1310/3173 3597/1322/3185 3397/1386/3249
f 3597/1322/3185 3938/1388/3251 3397/1386/3249
f 3397/1386/3249 4148/1389/3252 3756/1390/3253
f 3398/1333/3196 4127/1391/3254 3941/1287/3150
f 4266/1335/3198 3942/1392/3255 3398/1333/3196
f 4265/1294/3157 3935/1393/3256 3385/1295/3158
f 3398/1333/3196 4151/1394/3257 3741/1395/3258
f 3380/1286/3149 4327/1396/3259 3929/1296/3159
f 3399/1290/3153 4139/1397/3260 3728/1398/3261
f 3728/1398/3261 3939/1345/3208 3399/1290/3153
f 4264/1292/3155 3926/1363/3226 3399/1290/3153
f 3595/1308/3171 3928/1367/3230 3400/1399/3262
f 3400/1399/3262 4130/1400/3263 3707/1401/3264
f 3707/1401/3264 3943/1323/3186 3400/1399/3262
f 3400/1399/3262 4040/1309/3172 3595/1308/3171
f 4261/1361/3224 3941/1287/3150 3379/1279/3142
f 3401/1282/3145 4136/1402/3265 3721/1403/3266
f 3721/1403/3266 3935/1393/3256 3401/1282/3145
f 4262/1284/3147 3924/1370/3233 3401/1282/3145
f 3596/1301/3164 3922/1373/3236 3402/1404/3267
f 3402/1404/3267 4133/1405/3268 3714/1406/3269
f 3714/1406/3269 3931/1337/3200 3402/1404/3267
f 3402/1404/3267 4039/1302/3165 3596/1301/3164
f 4436/1407/3270 3945/1408/3271 4407/1409/3272
f 3415/1410/3273 4344/1411/3274 4275/1412/3275
f 4411/1413/3276 4340/1414/3277 3950/1376/3239
f 3953/1415/3278 3786/1416/3279 3403/1417/3280
f 3771/1418/3281 3934/1383/3246 3404/1419/3282
f 3404/1419/3282 4043/1420/3283 3600/1421/3284
f 3600/1421/3284 3947/1422/3285 3404/1419/3282
f 3404/1419/3282 4157/1423/3286 3771/1418/3281
f 3776/1424/3287 3938/1388/3251 3405/1425/3288
f 3405/1425/3288 4044/1426/3289 3599/1427/3290
f 3599/1427/3290 3949/1428/3291 3405/1425/3288
f 3405/1425/3288 4160/1429/3292 3776/1424/3287
f 3761/1430/3293 3942/1392/3255 3406/1312/3175
f 3948/1431/3294 4269/1432/3295 3409/1433/3296
f 3409/1433/3296 4338/1434/3297 3936/1293/3156
f 3406/1312/3175 4163/1435/3298 3761/1430/3293
f 4410/1436/3299 4341/1437/3300 4433/1438/3301
f 3940/1319/3182 3780/1439/3302 3407/1378/3241
f 3407/1378/3241 4159/1440/3303 3950/1376/3239
f 4272/1441/3304 3945/1408/3271 3395/1375/3238
f 3408/1442/3305 4044/1426/3289 3944/1328/3191
f 3944/1328/3191 3765/1443/3306 3408/1442/3305
f 3408/1442/3305 4162/1444/3307 3952/1445/3308
f 3952/1445/3308 3599/1427/3290 3408/1442/3305
f 3395/1375/3238 4335/1446/3309 4272/1441/3304
f 3936/1293/3156 3775/1447/3310 3409/1433/3296
f 3409/1433/3296 4156/1448/3311 3948/1431/3294
f 4270/1314/3177 3951/1449/3312 3406/1312/3175
f 3410/1450/3313 4043/1420/3283 3932/1342/3205
f 3932/1342/3205 3770/1451/3314 3410/1450/3313
f 3410/1450/3313 4153/1452/3315 3946/1453/3316
f 3946/1453/3316 3600/1421/3284 3410/1450/3313
f 3411/1454/3317 4166/1455/3318 3953/1415/3278
f 3966/1456/3319 4279/1457/3320 3423/1458/3321
f 4279/1457/3320 3958/1459/3322 3423/1458/3321
f 3411/1454/3317 4178/1460/3323 3806/1461/3324
f 4437/1462/3325 3947/1422/3285 4408/1463/3326
f 4408/1463/3326 4045/1464/3327 4424/1465/3328
f 3412/1466/3329 4047/1467/3330 3955/1468/3331
f 3955/1468/3331 3791/1469/3332 3412/1466/3329
f 4438/1470/3333 3949/1428/3291 4409/1471/3334
f 4409/1471/3334 4046/1472/3335 4423/1473/3336
f 3413/1474/3337 4048/1475/3338 3957/1476/3339
f 3957/1476/3339 3796/1477/3340 3413/1474/3337
f 4435/1478/3341 3951/1449/3312 4410/1436/3299
f 3417/1479/3342 4346/1480/3343 4273/1481/3344
f 4413/1482/3345 4342/1483/3346 3948/1431/3294
f 3959/1484/3347 3781/1485/3348 3414/1486/3349
f 3959/1484/3347 4278/1487/3350 3422/1488/3351
f 3950/1376/3239 4432/1489/3352 4411/1413/3276
f 3800/1490/3353 3958/1459/3322 3415/1410/3273
f 3403/1417/3280 4343/1491/3354 3953/1415/3278
f 4412/1492/3355 4046/1472/3335 3952/1445/3308
f 3952/1445/3308 4426/1493/3356 4412/1492/3355
f 3785/1494/3357 3960/1495/3358 3416/1496/3359
f 3416/1496/3359 4048/1475/3338 3601/1497/3360
f 4407/1409/3272 4339/1498/3361 4434/1499/3362
f 3948/1431/3294 4430/1500/3363 4413/1482/3345
f 3795/1501/3364 3956/1502/3365 3417/1479/3342
f 3414/1486/3349 4345/1503/3366 3959/1484/3347
f 4414/1504/3367 4045/1464/3327 3946/1453/3316
f 3946/1453/3316 4428/1505/3368 4414/1504/3367
f 3790/1506/3369 3954/1507/3370 3418/1508/3371
f 3418/1508/3371 4047/1467/3330 3602/1509/3372
f 3826/1510/3373 3961/1511/3374 3419/1512/3375
f 3974/1513/3376 4283/1514/3377 3431/1515/3378
f 3431/1515/3378 4348/1516/3379 3966/1456/3319
f 3419/1512/3375 4190/1517/3380 3826/1510/3373
f 3420/1518/3381 4169/1519/3382 3955/1468/3331
f 3955/1468/3331 3604/1520/3383 3420/1518/3381
f 3604/1520/3383 3963/1521/3384 3420/1518/3381
f 3420/1518/3381 4181/1522/3385 3811/1523/3386
f 3421/1524/3387 4172/1525/3388 3957/1476/3339
f 3957/1476/3339 3603/1526/3389 3421/1524/3387
f 3603/1526/3389 3965/1527/3390 3421/1524/3387
f 3421/1524/3387 4184/1528/3391 3816/1529/3392
f 3422/1488/3351 4175/1530/3393 3959/1484/3347
f 3964/1531/3394 4277/1532/3395 3425/1533/3396
f 4277/1532/3395 3956/1502/3365 3425/1533/3396
f 3422/1488/3351 4187/1534/3397 3801/1535/3398
f 3430/1536/3399 4349/1537/3400 4282/1538/3401
f 3423/1458/3321 4171/1539/3402 3820/1540/3403
f 3423/1458/3321 4183/1541/3404 3966/1456/3319
f 4280/1542/3405 3961/1511/3374 3411/1454/3317
f 3603/1526/3389 3960/1495/3358 3424/1543/3406
f 3424/1543/3406 4174/1544/3407 3805/1545/3408
f 3424/1543/3406 4186/1546/3409 3968/1547/3410
f 3968/1547/3410 3603/1526/3389 3424/1543/3406
f 3953/1415/3278 4280/1542/3405 3411/1454/3317
f 3425/1533/3396 4168/1548/3411 3815/1549/3412
f 3425/1533/3396 4180/1550/3413 3964/1531/3394
f 4278/1487/3350 3967/1551/3414 3422/1488/3351
f 3604/1520/3383 3954/1507/3370 3426/1552/3415
f 3426/1552/3415 4165/1553/3416 3810/1554/3417
f 3426/1552/3415 4177/1555/3418 3962/1556/3419
f 3962/1556/3419 3604/1520/3383 3426/1552/3415
f 3846/1557/3420 3969/1558/3421 3427/1559/3422
f 3982/1560/3423 4287/1561/3424 3439/1562/3425
f 3439/1562/3425 4352/1563/3426 3974/1513/3376
f 3427/1559/3422 4202/1564/3427 3846/1557/3420
f 3831/1565/3428 3963/1521/3384 3428/1566/3429
f 3428/1566/3429 4049/1567/3430 3606/1568/3431
f 3606/1568/3431 3971/1569/3432 3428/1566/3429
f 3428/1566/3429 4193/1570/3433 3831/1565/3428
f 3836/1571/3434 3965/1527/3390 3429/1572/3435
f 3429/1572/3435 4050/1573/3436 3605/1574/3437
f 3605/1574/3437 3973/1575/3438 3429/1572/3435
f 3429/1572/3435 4196/1576/3439 3836/1571/3434
f 3821/1577/3440 3967/1551/3414 3430/1536/3399
f 3972/1578/3441 4281/1579/3442 3433/1580/3443
f 3433/1580/3443 4350/1581/3444 3964/1531/3394
f 3430/1536/3399 4199/1582/3445 3821/1577/3440
f 3438/1583/3446 4353/1584/3447 4286/1585/3448
f 3966/1456/3319 3840/1586/3449 3431/1515/3378
f 3431/1515/3378 4195/1587/3450 3974/1513/3376
f 4284/1588/3451 3969/1558/3421 3419/1512/3375
f 3432/1589/3452 4050/1573/3436 3968/1547/3410
f 3968/1547/3410 3825/1590/3453 3432/1589/3452
f 3432/1589/3452 4198/1591/3454 3976/1592/3455
f 3976/1592/3455 3605/1574/3437 3432/1589/3452
f 3419/1512/3375 4347/1593/3456 4284/1588/3451
f 3964/1531/3394 3835/1594/3457 3433/1580/3443
f 3433/1580/3443 4192/1595/3458 3972/1578/3441
f 4282/1538/3401 3975/1596/3459 3430/1536/3399
f 3434/1597/3460 4049/1567/3430 3962/1556/3419
f 3962/1556/3419 3830/1598/3461 3434/1597/3460
f 3434/1597/3460 4189/1599/3462 3970/1600/3463
f 3970/1600/3463 3606/1568/3431 3434/1597/3460
f 3866/1601/3464 3977/1602/3465 3435/1603/3466
f 3990/1604/3467 4291/1605/3468 3447/1606/3469
f 3447/1606/3469 4356/1607/3470 3982/1560/3423
f 3435/1603/3466 4214/1608/3471 3866/1601/3464
f 3851/1609/3472 3971/1569/3432 3436/1610/3473
f 3436/1610/3473 4051/1611/3474 3608/1612/3475
f 3608/1612/3475 3979/1613/3476 3436/1610/3473
f 3436/1610/3473 4205/1614/3477 3851/1609/3472
f 3856/1615/3478 3973/1575/3438 3437/1616/3479
f 3437/1616/3479 4052/1617/3480 3607/1618/3481
f 3607/1618/3481 3981/1619/3482 3437/1616/3479
f 3437/1616/3479 4208/1620/3483 3856/1615/3478
f 3841/1621/3484 3975/1596/3459 3438/1583/3446
f 3980/1622/3485 4285/1623/3486 3441/1624/3487
f 3441/1624/3487 4354/1625/3488 3972/1578/3441
f 3438/1583/3446 4211/1626/3489 3841/1621/3484
f 3446/1627/3490 4357/1628/3491 4290/1629/3492
f 3974/1513/3376 3860/1630/3493 3439/1562/3425
f 3439/1562/3425 4207/1631/3494 3982/1560/3423
f 4288/1632/3495 3977/1602/3465 3427/1559/3422
f 3440/1633/3496 4052/1617/3480 3976/1592/3455
f 3976/1592/3455 3845/1634/3497 3440/1633/3496
f 3440/1633/3496 4210/1635/3498 3984/1636/3499
f 3984/1636/3499 3607/1618/3481 3440/1633/3496
f 3427/1559/3422 4351/1637/3500 4288/1632/3495
f 3972/1578/3441 3855/1638/3501 3441/1624/3487
f 3441/1624/3487 4204/1639/3502 3980/1622/3485
f 4286/1585/3448 3983/1640/3503 3438/1583/3446
f 3442/1641/3504 4051/1611/3474 3970/1600/3463
f 3970/1600/3463 3850/1642/3505 3442/1641/3504
f 3442/1641/3504 4201/1643/3506 3978/1644/3507
f 3978/1644/3507 3608/1612/3475 3442/1641/3504
f 4012/1645/3508 4015/1646/3509 3443/1647/3510
f 3443/1647/3510 4231/1648/3511 3611/1649/3512
f 3443/1647/3510 4055/1650/3513 3986/1651/3514
f 3986/1651/3514 4012/1645/3508 3443/1647/3510
f 3871/1652/3515 3979/1613/3476 3444/1653/3516
f 3444/1653/3516 4053/1654/3517 3610/1655/3518
f 3610/1655/3518 3987/1656/3519 3444/1653/3516
f 3444/1653/3516 4217/1657/3520 3871/1652/3515
f 3876/1658/3521 3981/1619/3482 3445/1659/3522
f 3445/1659/3522 4054/1660/3523 3609/1661/3524
f 3609/1661/3524 3989/1662/3525 3445/1659/3522
f 3445/1659/3522 4220/1663/3526 3876/1658/3521
f 3861/1664/3527 3983/1640/3503 3446/1627/3490
f 3988/1665/3528 4289/1666/3529 3449/1667/3530
f 3449/1667/3530 4358/1668/3531 3980/1622/3485
f 3446/1627/3490 4223/1669/3532 3861/1664/3527
f 4014/1670/3533 4293/1671/3534 3573/1672/3535
f 3982/1560/3423 3880/1673/3536 3447/1606/3469
f 3447/1606/3469 4219/1674/3537 3990/1604/3467
f 4292/1675/3538 3985/1676/3539 3435/1603/3466
f 3448/1677/3540 4054/1660/3523 3984/1636/3499
f 3984/1636/3499 3865/1678/3541 3448/1677/3540
f 3448/1677/3540 4222/1679/3542 3992/1680/3543
f 3992/1680/3543 3609/1661/3524 3448/1677/3540
f 3435/1603/3466 4355/1681/3544 4292/1675/3538
f 3980/1622/3485 3875/1682/3545 3449/1667/3530
f 3449/1667/3530 4216/1683/3546 3988/1665/3528
f 4290/1629/3492 3991/1684/3547 3446/1627/3490
f 3450/1685/3548 4053/1654/3517 3978/1644/3507
f 3978/1644/3507 3870/1686/3549 3450/1685/3548
f 3450/1685/3548 4213/1687/3550 3986/1688/3514
f 3986/1688/3514 3610/1655/3518 3450/1685/3548
f 3451/1689/3551 4236/1690/3552 4024/1691/3553
f 3451/1689/3551 4216/1692/3546 3874/1693/3554
f 3451/1689/3551 4218/1694/3555 3872/1695/3556
f 3451/1689/3551 4217/1696/3520 4028/1697/3557
f 4020/1698/3558 4019/1699/3559 3452/1700/3560
f 4019/1699/3559 3989/1701/3525 3452/1700/3560
f 3452/1700/3560 4056/1702/3561 4018/1703/3562
f 3452/1700/3560 4233/1704/3563 4020/1698/3558
f 4026/1705/3564 4023/1706/3565 3453/1707/3566
f 4023/1706/3565 3991/1708/3547 3453/1707/3566
f 3574/1709/3567 4372/1710/3568 4295/1711/3569
f 3574/1709/3567 4362/1712/3570 3988/1713/3528
f 3613/1714/2997 3614/1118/2987 3454/1715/3571
f 3454/1715/3571 4079/1169/3032 3615/1716/3572
f 3615/1716/3572 3616/1717/3573 3454/1715/3571
f 3454/1715/3571 4068/1718/2998 3613/1714/2997
f 3617/1719/2999 3616/1720/3573 3455/1721/3574
f 3616/1720/3573 3618/1722/3575 3455/1721/3574
f 3455/1721/3574 4078/1182/3045 3619/1067/2936
f 3619/1067/2936 3617/1719/2999 3455/1721/3574
f 3620/1723/3576 3621/1724/3577 3456/1725/3578
f 3456/1725/3578 4070/1097/2966 3622/1726/3579
f 3622/1726/3579 3623/1727/3580 3456/1725/3578
f 3456/1725/3578 4059/1728/3581 3620/1723/3576
f 3457/1729/3582 4059/1730/3581 3623/1731/3580
f 3623/1731/3580 3625/1732/3583 3457/1729/3582
f 3457/1729/3582 4069/1190/3053 3626/1093/2962
f 3626/1093/2962 3624/1733/3584 3457/1729/3582
f 3627/1734/3585 3628/1108/2977 3458/1735/3586
f 3458/1735/3586 4073/1158/3021 3629/1736/3587
f 3629/1736/3587 3630/1737/3588 3458/1735/3586
f 3630/1737/3588 3627/1734/3585 3458/1735/3586
f 3459/1738/3589 4062/1739/3590 3630/1740/3588
f 3630/1740/3588 3632/1741/3591 3459/1738/3589
f 3459/1738/3589 4072/1186/3049 3633/1075/2944
f 3633/1075/2944 3631/1742/3592 3459/1738/3589
f 3634/1743/3593 3635/1113/2982 3460/1744/3594
f 3460/1744/3594 4076/1164/3027 3636/1745/3595
f 3636/1745/3595 3637/1746/3596 3460/1744/3594
f 3460/1744/3594 4065/1747/3597 3634/1743/3593
f 3461/1748/3598 4065/1749/3597 3637/1750/3596
f 3637/1750/3596 3639/1751/3599 3461/1748/3598
f 3461/1748/3598 4075/1178/3041 3640/1084/2953
f 3640/1084/2953 3638/1752/3600 3461/1748/3598
f 3615/1716/3572 3641/1174/3037 3462/1753/3601
f 3462/1753/3601 4091/1754/3602 3642/1755/3603
f 3642/1755/3603 3643/1756/3604 3462/1753/3601
f 3462/1753/3601 4080/1757/3605 3615/1716/3572
f 3463/1758/3606 4080/1759/3605 3643/1760/3604
f 3643/1760/3604 3644/1761/3607 3463/1758/3606
f 3463/1758/3606 4090/1225/3088 3645/1183/3046
f 3645/1183/3046 3618/1722/3575 3463/1758/3606
f 3622/1726/3579 3646/1103/2972 3464/1762/3608
f 3464/1762/3608 4082/1763/3609 3647/1764/3610
f 3647/1764/3610 3648/1765/3611 3464/1762/3608
f 3464/1762/3608 4071/1766/3612 3622/1726/3579
f 3465/1767/3613 4071/1768/3612 3648/1769/3611
f 3648/1769/3611 3649/1770/3614 3465/1767/3613
f 3465/1767/3613 4081/1233/3096 3650/1191/3054
f 3650/1191/3054 3625/1732/3583 3465/1767/3613
f 3629/1736/3587 3651/1162/3025 3466/1771/3615
f 3466/1771/3615 4085/1202/3065 3652/1772/3616
f 3652/1772/3616 3653/1773/3617 3466/1771/3615
f 3466/1771/3615 4074/1774/3618 3629/1736/3587
f 3467/1775/3619 4074/1776/3618 3653/1777/3617
f 3653/1777/3617 3654/1778/3620 3467/1775/3619
f 3467/1775/3619 4084/1779/3621 3655/1187/3050
f 3655/1187/3050 3632/1741/3591 3467/1775/3619
f 3636/1745/3595 3656/1168/3031 3468/1780/3622
f 3468/1780/3622 4088/1208/3071 3657/1781/3623
f 3657/1781/3623 3658/1782/3624 3468/1780/3622
f 3468/1780/3622 4077/1783/3625 3636/1745/3595
f 3469/1784/3626 4077/1785/3625 3658/1786/3624
f 3658/1786/3624 3659/1787/3627 3469/1784/3626
f 3469/1784/3626 4087/1788/3628 3660/1179/3042
f 3660/1179/3042 3639/1751/3599 3469/1784/3626
f 3642/1755/3603 3661/1213/3076 3470/1789/3629
f 3661/1213/3076 3662/1790/3630 3470/1789/3629
f 3470/1789/3629 4104/1791/3631 3663/1792/3632
f 3663/1792/3632 3642/1755/3603 3470/1789/3629
f 3471/1793/3633 4092/1794/3634 3663/1795/3632
f 3471/1793/3633 4104/1796/3631 3664/1797/3635
f 3664/1797/3635 3665/1226/3089 3471/1793/3633
f 3665/1226/3089 3644/1761/3607 3471/1793/3633
f 3647/1764/3610 3666/1150/3013 3472/1798/3636
f 3666/1150/3013 3667/1799/3637 3472/1798/3636
f 3472/1798/3636 4095/1800/3638 3668/1801/3639
f 3668/1801/3639 3647/1764/3610 3472/1798/3636
f 3473/1802/3640 4083/1803/3641 3668/1804/3639
f 3473/1802/3640 4095/1805/3638 3669/1806/3642
f 3669/1806/3642 3670/1234/3097 3473/1802/3640
f 3670/1234/3097 3649/1770/3614 3473/1802/3640
f 3652/1772/3616 3671/1206/3069 3474/1807/3643
f 3671/1206/3069 3672/1808/3644 3474/1807/3643
f 3474/1807/3643 4098/1809/3645 3673/1810/3646
f 3474/1807/3643 4086/1811/3647 3652/1772/3616
f 3654/1778/3620 3673/1812/3646 3475/1813/3648
f 3475/1813/3648 4098/1814/3645 3674/1815/3649
f 3674/1815/3649 3675/1229/3092 3475/1813/3648
f 3675/1229/3092 3654/1778/3620 3475/1813/3648
f 3657/1781/3623 3676/1212/3075 3476/1816/3650
f 3676/1212/3075 3677/1817/3651 3476/1816/3650
f 3476/1816/3650 4101/1818/3652 3678/1819/3653
f 3476/1816/3650 4089/1820/3654 3657/1781/3623
f 3659/1787/3627 3678/1821/3653 3477/1822/3655
f 3477/1822/3655 4101/1823/3652 3679/1824/3656
f 3679/1824/3656 3680/1221/3084 3477/1822/3655
f 3680/1221/3084 3659/1787/3627 3477/1822/3655
f 3478/1825/3657 4103/1217/3080 3681/1256/3119
f 3681/1256/3119 3682/1826/3658 3478/1825/3657
f 3478/1825/3657 4116/1827/3659 3683/1828/3660
f 3683/1828/3660 3662/1790/3630 3478/1825/3657
f 3664/1797/3635 3683/1829/3660 3479/1830/3661
f 3479/1830/3661 4116/1831/3659 3684/1832/3662
f 3684/1832/3662 3685/1269/3132 3479/1830/3661
f 3479/1830/3661 4102/1227/3090 3664/1797/3635
f 3480/1833/3663 4094/1156/3019 3686/1193/3056
f 3686/1193/3056 3687/1834/3664 3480/1833/3663
f 3480/1833/3663 4107/1835/3665 3688/1836/3666
f 3688/1836/3666 3667/1799/3637 3480/1833/3663
f 3669/1806/3642 3688/1837/3666 3481/1838/3667
f 3481/1838/3667 4107/1839/3665 3689/1840/3668
f 3689/1840/3668 3690/1276/3139 3481/1838/3667
f 3481/1838/3667 4093/1235/3098 3669/1806/3642
f 3482/1841/3669 4097/1205/3068 3691/1244/3107
f 3691/1244/3107 3692/1842/3670 3482/1841/3669
f 3482/1841/3669 4110/1843/3671 3693/1844/3672
f 3693/1844/3672 3672/1808/3644 3482/1841/3669
f 3674/1815/3649 3693/1845/3672 3483/1846/3673
f 3483/1846/3673 4110/1847/3671 3694/1848/3674
f 3694/1848/3674 3695/1273/3136 3483/1846/3673
f 3483/1846/3673 4096/1230/3093 3674/1815/3649
f 3484/1849/3675 4100/1211/3074 3696/1250/3113
f 3696/1250/3113 3697/1850/3676 3484/1849/3675
f 3484/1849/3675 4113/1851/3677 3698/1852/3678
f 3698/1852/3678 3677/1817/3651 3484/1849/3675
f 3679/1824/3656 3698/1853/3678 3485/1854/3679
f 3485/1854/3679 4113/1855/3677 3699/1856/3680
f 3699/1856/3680 3700/1265/3128 3485/1854/3679
f 3485/1854/3679 4099/1222/3085 3679/1824/3656
f 3701/1857/3681 3702/1288/3151 3486/1858/3682
f 3486/1858/3682 4127/1391/3254 3703/1859/3683
f 3703/1859/3683 3704/1860/3684 3486/1858/3682
f 3486/1858/3682 4131/1861/3685 3701/1857/3681
f 3487/1862/3686 4131/1863/3685 3704/1864/3684
f 3704/1864/3684 3706/1865/3687 3487/1862/3686
f 3487/1862/3686 4126/1325/3188 3707/1401/3264
f 3707/1401/3264 3705/1866/3688 3487/1862/3686
f 3708/1867/3689 3709/1297/3160 3488/1868/3690
f 3488/1868/3690 4118/1343/3206 3710/1869/3691
f 3710/1869/3691 3711/1870/3692 3488/1868/3690
f 3488/1868/3690 4134/1871/3693 3708/1867/3689
f 3489/1872/3694 4134/1873/3693 3711/1874/3692
f 3711/1874/3692 3713/1875/3695 3489/1872/3694
f 3489/1872/3694 4117/1339/3202 3714/1406/3269
f 3714/1406/3269 3712/1876/3696 3489/1872/3694
f 3715/1877/3697 3716/1304/3167 3490/1878/3698
f 3490/1878/3698 4121/1382/3245 3717/1879/3699
f 3717/1879/3699 3718/1880/3700 3490/1878/3698
f 3490/1878/3698 4137/1881/3701 3715/1877/3697
f 3719/1882/3702 3718/1883/3700 3491/1884/3703
f 3491/1884/3703 4122/1885/3704 3720/1886/3705
f 3491/1884/3703 4120/1330/3193 3721/1403/3266
f 3721/1403/3266 3719/1882/3702 3491/1884/3703
f 3722/1887/3706 3723/1311/3174 3492/1888/3707
f 3492/1888/3707 4124/1387/3250 3724/1889/3708
f 3724/1889/3708 3725/1890/3709 3492/1888/3707
f 3492/1888/3707 4140/1891/3710 3722/1887/3706
f 3493/1892/3711 4140/1893/3710 3725/1894/3709
f 3725/1894/3709 3727/1895/3712 3493/1892/3711
f 3493/1892/3711 4123/1316/3179 3728/1398/3261
f 3728/1398/3261 3726/1896/3713 3493/1892/3711
f 3494/1897/3714 4130/1400/3263 3729/1366/3229
f 3729/1366/3229 3684/1832/3662 3494/1897/3714
f 3494/1897/3714 4116/1831/3659 3730/1898/3715
f 3730/1898/3715 3705/1866/3688 3494/1897/3714
f 3701/1857/3681 3730/1899/3715 3495/1900/3716
f 3495/1900/3716 4116/1827/3659 3682/1826/3658
f 3682/1826/3658 3731/1359/3222 3495/1900/3716
f 3495/1900/3716 4129/1280/3143 3701/1857/3681
f 3496/1901/3717 4133/1405/3268 3732/1372/3235
f 3732/1372/3235 3689/1840/3668 3496/1901/3717
f 3496/1901/3717 4107/1839/3665 3733/1902/3718
f 3733/1902/3718 3712/1876/3696 3496/1901/3717
f 3708/1867/3689 3733/1903/3718 3497/1904/3719
f 3497/1904/3719 4107/1835/3665 3687/1834/3664
f 3687/1834/3664 3734/1243/3106 3497/1904/3719
f 3497/1904/3719 4132/1289/3152 3708/1867/3689
f 3498/1905/3720 4136/1402/3265 3735/1369/3232
f 3735/1369/3232 3694/1848/3674 3498/1905/3720
f 3498/1905/3720 4110/1847/3671 3736/1906/3721
f 3736/1906/3721 3719/1882/3702 3498/1905/3720
f 3715/1877/3697 3736/1907/3721 3499/1908/3722
f 3499/1908/3722 4110/1843/3671 3692/1842/3670
f 3692/1842/3670 3737/1351/3214 3499/1908/3722
f 3499/1908/3722 4135/1299/3162 3715/1877/3697
f 3500/1909/3723 4139/1397/3260 3738/1362/3225
f 3738/1362/3225 3699/1856/3680 3500/1909/3723
f 3500/1909/3723 4113/1855/3677 3739/1910/3724
f 3739/1910/3724 3726/1896/3713 3500/1909/3723
f 3722/1887/3706 3739/1911/3724 3501/1912/3725
f 3501/1912/3725 4113/1851/3677 3697/1850/3676
f 3697/1850/3676 3740/1355/3218 3501/1912/3725
f 3501/1912/3725 4138/1306/3169 3722/1887/3706
f 3703/1859/3683 3741/1395/3258 3502/1913/3726
f 3741/1395/3258 3742/1914/3727 3502/1913/3726
f 3502/1913/3726 4152/1915/3728 3743/1916/3729
f 3502/1913/3726 4128/1917/3730 3703/1859/3683
f 3503/1918/3731 4128/1919/3730 3743/1920/3729
f 3503/1918/3731 4152/1921/3728 3744/1922/3732
f 3744/1922/3732 3745/1326/3189 3503/1918/3731
f 3745/1326/3189 3706/1865/3687 3503/1918/3731
f 3710/1869/3691 3746/1347/3210 3504/1923/3733
f 3746/1347/3210 3747/1924/3734 3504/1923/3733
f 3504/1923/3733 4143/1925/3735 3748/1926/3736
f 3504/1923/3733 4119/1927/3737 3710/1869/3691
f 3505/1928/3738 4119/1929/3737 3748/1930/3736
f 3505/1928/3738 4143/1931/3735 3749/1932/3739
f 3749/1932/3739 3750/1340/3203 3505/1928/3738
f 3750/1340/3203 3713/1875/3695 3505/1928/3738
f 3717/1879/3699 3751/1385/3248 3506/1933/3740
f 3751/1385/3248 3752/1934/3741 3506/1933/3740
f 3752/1934/3741 3753/1935/3742 3506/1933/3740
f 3506/1933/3740 4122/1936/3704 3717/1879/3699
f 3720/1886/3705 3753/1937/3742 3507/1938/3743
f 3507/1938/3743 4146/1939/3744 3754/1940/3745
f 3754/1940/3745 3755/1331/3194 3507/1938/3743
f 3755/1331/3194 3720/1886/3705 3507/1938/3743
f 3724/1889/3708 3756/1390/3253 3508/1941/3746
f 3756/1390/3253 3757/1942/3747 3508/1941/3746
f 3757/1942/3747 3758/1943/3748 3508/1941/3746
f 3508/1941/3746 4125/1944/3749 3724/1889/3708
f 3509/1945/3750 4125/1946/3749 3758/1947/3748
f 3509/1945/3750 4149/1948/3751 3759/1949/3752
f 3759/1949/3752 3760/1317/3180 3509/1945/3750
f 3760/1317/3180 3727/1895/3712 3509/1945/3750
f 3510/1950/3753 4151/1394/3257 3761/1430/3293
f 3761/1430/3293 3762/1951/3754 3510/1950/3753
f 3510/1950/3753 4164/1952/3755 3763/1953/3756
f 3763/1953/3756 3742/1914/3727 3510/1950/3753
f 3744/1922/3732 3763/1954/3756 3511/1955/3757
f 3511/1955/3757 4164/1956/3755 3764/1957/3758
f 3764/1957/3758 3765/1443/3306 3511/1955/3757
f 3511/1955/3757 4150/1327/3190 3744/1922/3732
f 3512/1958/3759 4142/1346/3209 3766/1374/3237
f 3766/1374/3237 3767/1959/3760 3512/1958/3759
f 3512/1958/3759 4155/1960/3761 3768/1961/3762
f 3768/1961/3762 3747/1924/3734 3512/1958/3759
f 3749/1932/3739 3768/1962/3762 3513/1963/3763
f 3513/1963/3763 4155/1964/3761 3769/1965/3764
f 3769/1965/3764 3770/1451/3314 3513/1963/3763
f 3513/1963/3763 4141/1341/3204 3749/1932/3739
f 3514/1966/3765 4145/1384/3247 3771/1418/3281
f 3771/1418/3281 3772/1967/3766 3514/1966/3765
f 3514/1966/3765 4158/1968/3767 3773/1969/3768
f 3773/1969/3768 3752/1934/3741 3514/1966/3765
f 3754/1940/3745 3773/1970/3768 3515/1971/3769
f 3515/1971/3769 4158/1972/3767 3774/1973/3770
f 3774/1973/3770 3775/1447/3310 3515/1971/3769
f 3515/1971/3769 4144/1332/3195 3754/1940/3745
f 3516/1974/3771 4148/1389/3252 3776/1424/3287
f 3776/1424/3287 3777/1975/3772 3516/1974/3771
f 3516/1974/3771 4161/1976/3773 3778/1977/3774
f 3778/1977/3774 3757/1942/3747 3516/1974/3771
f 3759/1949/3752 3778/1978/3774 3517/1979/3775
f 3517/1979/3775 4161/1980/3773 3779/1981/3776
f 3779/1981/3776 3780/1439/3302 3517/1979/3775
f 3517/1979/3775 4147/1318/3181 3759/1949/3752
f 4415/1982/3777 4163/1435/3298 4435/1478/3341
f 3518/1983/3778 4175/1530/3393 3782/1984/3779
f 3782/1984/3779 3783/1985/3780 3518/1983/3778
f 4425/1986/3781 3762/1951/3754 4415/1982/3777
f 3764/1957/3758 4425/1987/3781 4416/1988/3782
f 3783/1989/3780 3784/1990/3783 3519/1991/3784
f 3519/1991/3784 4174/1544/3407 3785/1494/3357
f 4416/1988/3782 4162/1444/3307 3764/1957/3758
f 4417/1992/3785 4154/1380/3243 4436/1407/3270
f 3520/1993/3786 4166/1455/3318 3787/1994/3787
f 3787/1994/3787 3788/1995/3788 3520/1993/3786
f 4427/1996/3789 3767/1959/3760 4417/1992/3785
f 3769/1965/3764 4427/1997/3789 4418/1998/3790
f 3788/1999/3788 3789/2000/3791 3521/2001/3792
f 3521/2001/3792 4165/1553/3416 3790/1506/3369
f 4418/1998/3790 4153/1452/3315 3769/1965/3764
f 4419/2002/3793 4157/1423/3286 4437/1462/3325
f 3522/2003/3794 4169/1519/3382 3792/2004/3795
f 3792/2004/3795 3793/2005/3796 3522/2003/3794
f 4429/2006/3797 3772/1967/3766 4419/2002/3793
f 3774/1973/3770 4429/2007/3797 4420/2008/3798
f 3793/2009/3796 3794/2010/3799 3523/2011/3800
f 3523/2011/3800 4168/1548/3411 3795/1501/3364
f 4420/2008/3798 4156/1448/3311 3774/1973/3770
f 4421/2012/3801 4160/1429/3292 4438/1470/3333
f 3524/2013/3802 4172/1525/3388 3797/2014/3803
f 3797/2014/3803 3798/2015/3804 3524/2013/3802
f 4431/2016/3805 3777/1975/3772 4421/2012/3801
f 3779/1981/3776 4431/2017/3805 4422/2018/3806
f 3798/2019/3804 3799/2020/3807 3525/2021/3808
f 3525/2021/3808 4171/1539/3402 3800/1490/3353
f 4422/2018/3806 4159/1440/3303 3779/1981/3776
f 3782/1984/3779 3801/1535/3398 3526/2022/3809
f 3801/1535/3398 3802/2023/3810 3526/2022/3809
f 3526/2022/3809 4188/2024/3811 3803/2025/3812
f 3526/2022/3809 4176/2026/3813 3782/1984/3779
f 3527/2027/3814 4176/2028/3813 3803/2029/3812
f 3527/2027/3814 4188/2030/3811 3804/2031/3815
f 3804/2031/3815 3805/1545/3408 3527/2027/3814
f 3805/1545/3408 3784/1990/3783 3527/2027/3814
f 3787/1994/3787 3806/1461/3324 3528/2032/3816
f 3806/1461/3324 3807/2033/3817 3528/2032/3816
f 3528/2032/3816 4179/2034/3818 3808/2035/3819
f 3528/2032/3816 4167/2036/3820 3787/1994/3787
f 3529/2037/3821 4167/2038/3820 3808/2039/3819
f 3529/2037/3821 4179/2040/3818 3809/2041/3822
f 3809/2041/3822 3810/1554/3417 3529/2037/3821
f 3810/1554/3417 3789/2000/3791 3529/2037/3821
f 3792/2004/3795 3811/1523/3386 3530/2042/3823
f 3811/1523/3386 3812/2043/3824 3530/2042/3823
f 3530/2042/3823 4182/2044/3825 3813/2045/3826
f 3530/2042/3823 4170/2046/3827 3792/2004/3795
f 3531/2047/3828 4170/2048/3827 3813/2049/3826
f 3531/2047/3828 4182/2050/3825 3814/2051/3829
f 3814/2051/3829 3815/1549/3412 3531/2047/3828
f 3815/1549/3412 3794/2010/3799 3531/2047/3828
f 3797/2014/3803 3816/1529/3392 3532/2052/3830
f 3816/1529/3392 3817/2053/3831 3532/2052/3830
f 3532/2052/3830 4185/2054/3832 3818/2055/3833
f 3532/2052/3830 4173/2056/3834 3797/2014/3803
f 3533/2057/3835 4173/2058/3834 3818/2059/3833
f 3533/2057/3835 4185/2060/3832 3819/2061/3836
f 3819/2061/3836 3820/1540/3403 3533/2057/3835
f 3820/1540/3403 3799/2020/3807 3533/2057/3835
f 3534/2062/3837 4187/1534/3397 3821/1577/3440
f 3821/1577/3440 3822/2063/3838 3534/2062/3837
f 3534/2062/3837 4200/2064/3839 3823/2065/3840
f 3823/2065/3840 3802/2023/3810 3534/2062/3837
f 3804/2031/3815 3823/2066/3840 3535/2067/3841
f 3535/2067/3841 4200/2068/3839 3824/2069/3842
f 3824/2069/3842 3825/1590/3453 3535/2067/3841
f 3535/2067/3841 4186/1546/3409 3804/2031/3815
f 3536/2070/3843 4178/1460/3323 3826/1510/3373
f 3826/1510/3373 3827/2071/3844 3536/2070/3843
f 3536/2070/3843 4191/2072/3845 3828/2073/3846
f 3828/2073/3846 3807/2033/3817 3536/2070/3843
f 3809/2041/3822 3828/2074/3846 3537/2075/3847
f 3537/2075/3847 4191/2076/3845 3829/2077/3848
f 3829/2077/3848 3830/1598/3461 3537/2075/3847
f 3537/2075/3847 4177/1555/3418 3809/2041/3822
f 3538/2078/3849 4181/1522/3385 3831/1565/3428
f 3831/1565/3428 3832/2079/3850 3538/2078/3849
f 3538/2078/3849 4194/2080/3851 3833/2081/3852
f 3833/2081/3852 3812/2043/3824 3538/2078/3849
f 3814/2051/3829 3833/2082/3852 3539/2083/3853
f 3539/2083/3853 4194/2084/3851 3834/2085/3854
f 3834/2085/3854 3835/1594/3457 3539/2083/3853
f 3539/2083/3853 4180/1550/3413 3814/2051/3829
f 3540/2086/3855 4184/1528/3391 3836/1571/3434
f 3836/1571/3434 3837/2087/3856 3540/2086/3855
f 3540/2086/3855 4197/2088/3857 3838/2089/3858
f 3838/2089/3858 3817/2053/3831 3540/2086/3855
f 3819/2061/3836 3838/2090/3858 3541/2091/3859
f 3541/2091/3859 4197/2092/3857 3839/2093/3860
f 3839/2093/3860 3840/1586/3449 3541/2091/3859
f 3541/2091/3859 4183/1541/3404 3819/2061/3836
f 3542/2094/3861 4199/1582/3445 3841/1621/3484
f 3841/1621/3484 3842/2095/3862 3542/2094/3861
f 3542/2094/3861 4212/2096/3863 3843/2097/3864
f 3843/2097/3864 3822/2063/3838 3542/2094/3861
f 3824/2069/3842 3843/2098/3864 3543/2099/3865
f 3543/2099/3865 4212/2100/3863 3844/2101/3866
f 3844/2101/3866 3845/1634/3497 3543/2099/3865
f 3543/2099/3865 4198/1591/3454 3824/2069/3842
f 3544/2102/3867 4190/1517/3380 3846/1557/3420
f 3846/1557/3420 3847/2103/3868 3544/2102/3867
f 3544/2102/3867 4203/2104/3869 3848/2105/3870
f 3848/2105/3870 3827/2071/3844 3544/2102/3867
f 3829/2077/3848 3848/2106/3870 3545/2107/3871
f 3545/2107/3871 4203/2108/3869 3849/2109/3872
f 3849/2109/3872 3850/1642/3505 3545/2107/3871
f 3545/2107/3871 4189/1599/3462 3829/2077/3848
f 3546/2110/3873 4193/1570/3433 3851/1609/3472
f 3851/1609/3472 3852/2111/3874 3546/2110/3873
f 3546/2110/3873 4206/2112/3875 3853/2113/3876
f 3853/2113/3876 3832/2079/3850 3546/2110/3873
f 3834/2085/3854 3853/2114/3876 3547/2115/3877
f 3547/2115/3877 4206/2116/3875 3854/2117/3878
f 3854/2117/3878 3855/1638/3501 3547/2115/3877
f 3547/2115/3877 4192/1595/3458 3834/2085/3854
f 3548/2118/3879 4196/1576/3439 3856/1615/3478
f 3856/1615/3478 3857/2119/3880 3548/2118/3879
f 3548/2118/3879 4209/2120/3881 3858/2121/3882
f 3858/2121/3882 3837/2087/3856 3548/2118/3879
f 3839/2093/3860 3858/2122/3882 3549/2123/3883
f 3549/2123/3883 4209/2124/3881 3859/2125/3884
f 3859/2125/3884 3860/1630/3493 3549/2123/3883
f 3549/2123/3883 4195/1587/3450 3839/2093/3860
f 3550/2126/3885 4211/1626/3489 3861/1664/3527
f 3861/1664/3527 3862/2127/3886 3550/2126/3885
f 3550/2126/3885 4224/2128/3887 3863/2129/3888
f 3863/2129/3888 3842/2095/3862 3550/2126/3885
f 3844/2101/3866 3863/2130/3888 3551/2131/3889
f 3551/2131/3889 4224/2132/3887 3864/2133/3890
f 3864/2133/3890 3865/1678/3541 3551/2131/3889
f 3551/2131/3889 4210/1635/3498 3844/2101/3866
f 3552/2134/3891 4202/1564/3427 3866/1601/3464
f 3866/1601/3464 3867/2135/3892 3552/2134/3891
f 3552/2134/3891 4215/2136/3893 3868/2137/3894
f 3868/2137/3894 3847/2103/3868 3552/2134/3891
f 3849/2109/3872 3868/2138/3894 3553/2139/3895
f 3553/2139/3895 4215/2140/3893 3869/2141/3896
f 3869/2141/3896 3870/1686/3549 3553/2139/3895
f 3553/2139/3895 4201/1643/3506 3849/2109/3872
f 3554/2142/3897 4205/1614/3477 3871/1652/3515
f 3871/1652/3515 3872/2143/3556 3554/2142/3897
f 3554/2142/3897 4218/2144/3555 3873/2145/3898
f 3873/2145/3898 3852/2111/3874 3554/2142/3897
f 3854/2117/3878 3873/2146/3898 3555/2147/3899
f 3555/2147/3899 4218/2148/3555 3874/2149/3554
f 3874/2149/3554 3875/1682/3545 3555/2147/3899
f 3555/2147/3899 4204/1639/3502 3854/2117/3878
f 3556/2150/3900 4208/1620/3483 3876/1658/3521
f 3876/1658/3521 3877/2151/3901 3556/2150/3900
f 3556/2150/3900 4221/2152/3902 3878/2153/3903
f 3878/2153/3903 3857/2119/3880 3556/2150/3900
f 3859/2125/3884 3878/2154/3903 3557/2155/3904
f 3557/2155/3904 4221/2156/3902 3879/2157/3905
f 3879/2157/3905 3880/1673/3536 3557/2155/3904
f 3557/2155/3904 4207/1631/3494 3859/2125/3884
f 3558/1088/2957 4057/2158/3906 3881/1086/2955
f 3558/1088/2957 4311/2159/3907 3882/1098/2967
f 4243/1072/2941 3891/2160/3908 3345/1070/2939
f 3882/1098/2967 3621/1724/3577 3558/1088/2957
f 4010/2161/3909 3627/2162/3585 3559/2163/3910
f 3559/2163/3910 4062/2164/3590 3631/2165/3592
f 3559/2163/3910 4061/1137/2943 4006/1135/3002
f 3559/2163/3910 4230/2166/3911 4010/2161/3909
f 3564/2167/3912 4309/2168/3913 4000/2169/3914
f 3560/2170/3915 4226/2171/3916 3995/1143/3007
f 3995/1143/3007 3584/2172/3917 3560/2170/3915
f 4001/2173/3918 4297/2174/3919 3564/2167/3912
f 3887/1138/2986 4240/2175/3920 3353/1136/3003
f 3881/2176/2955 3996/2177/3921 3561/2178/3922
f 3996/2177/3921 3997/2179/3923 3561/2178/3922
f 3891/2180/3908 4238/2181/3924 3566/2182/3925
f 3638/2183/3600 4004/2184/3926 3562/2185/3927
f 3562/2185/3927 4228/2186/3928 3998/1119/2988
f 3998/1119/2988 3634/2187/3593 3562/2185/3927
f 3562/2185/3927 4065/2188/3597 3638/2183/3600
f 3996/2177/3921 3620/2189/3576 3563/2190/3929
f 3563/2190/3929 4059/2191/3581 3624/2192/3584
f 3624/2192/3584 3999/1144/3008 3563/2190/3929
f 3563/2190/3929 4226/2171/3916 3996/2177/3921
f 4298/2193/3930 3997/2179/3923 3560/2170/3915
f 4007/1134/3001 4299/2194/3931 3567/2195/3932
f 4000/2169/3914 4002/1120/2989 3564/2167/3912
f 3564/2167/3912 4228/2186/3928 4001/2173/3918
f 3353/1136/3003 4367/2196/3933 4007/1134/3001
f 3344/1073/2942 4314/2197/3934 4241/1116/2985
f 3565/1139/3004 4066/1129/2983 4005/1128/2996
f 4005/1128/2996 4008/2198/3935 3565/1139/3004
f 3566/2182/3925 4365/2199/3936 4001/2173/3918
f 3561/2178/3922 4305/2200/3937 3881/2176/2955
f 4001/2173/3918 4004/2184/3926 3566/2182/3925
f 4004/2184/3926 3891/2180/3908 3566/2182/3925
f 3584/2172/3917 3994/2201/3938 3567/2195/3932
f 3567/2195/3932 4230/2166/3911 4007/1134/3001
f 3568/2202/3939 4309/2168/3913 4300/2203/3940
f 3985/2204/3539 4302/2205/3941 3575/2206/3942
f 4300/2203/3940 4008/2198/3935 3568/2202/3939
f 3567/2195/3932 4310/2207/3943 3584/2172/3917
f 3568/2202/3939 4229/1127/2995 4003/2208/3944
f 4003/2208/3944 4000/2169/3914 3568/2202/3939
f 3569/2209/3945 4227/1122/2991 4003/2208/3944
f 4003/2208/3944 4009/1133/3000 3569/2209/3945
f 4009/1133/3000 3895/2210/2933 3569/2209/3945
f 3569/2209/3945 4030/1124/2993 3583/1123/2992
f 3570/2211/3946 4029/1147/3010 3885/2212/2975
f 3885/2212/2975 4010/2161/3909 3570/2211/3946
f 4010/2161/3909 3994/2201/3938 3570/2211/3946
f 3570/2211/3946 4225/1149/3012 3993/1148/3011
f 3571/2213/3947 4219/2214/3537 3879/2215/3905
f 3571/2213/3947 4221/2216/3902 3877/2217/3901
f 3571/2213/3947 4220/2218/3526 4019/1699/3559
f 3571/2213/3947 4234/2219/3948 4022/2220/3949
f 3572/2221/3950 4214/2222/3471 4017/2223/3951
f 3572/2221/3950 4232/2224/3952 4012/1645/3508
f 3572/2221/3950 4213/2225/3550 3869/2226/3896
f 3572/2221/3950 4215/2227/3893 3867/2228/3892
f 3576/2229/3953 4364/2230/3954 4294/2231/3955
f 3453/1707/3566 4361/2232/3956 4296/2233/3957
f 4013/2234/3958 4015/1646/3509 3573/1672/3535
f 3573/1672/3535 4232/2224/3952 4014/1670/3533
f 3453/1707/3566 4371/2235/3959 4026/1705/3564
f 3560/2170/3915 4310/2207/3943 4298/2193/3930
f 3988/1713/3528 4024/1691/3553 3574/1709/3567
f 4024/1691/3553 4025/2236/3960 3574/1709/3567
f 3578/2237/3961 4369/2238/3962 4301/2239/3963
f 3578/2237/3961 4360/2240/3964 3990/2241/3467
f 4014/1670/3533 4017/2223/3951 3575/2206/3942
f 4017/2223/3951 3985/2204/3539 3575/2206/3942
f 3573/1672/3535 4363/2242/3965 4013/2234/3958
f 3576/2229/3953 4234/2219/3948 4020/1698/3558
f 4020/1698/3558 3612/2243/3966 3576/2229/3953
f 4294/2231/3955 4011/2244/3967 3576/2229/3953
f 3577/2245/3968 4222/2246/3542 3864/2247/3890
f 3577/2245/3968 4224/2248/3887 3862/2249/3886
f 3577/2245/3968 4223/2250/3532 4023/1706/3565
f 3577/2245/3968 4235/2251/3969 4027/2252/3970
f 3579/2253/3971 4363/2242/3965 4304/2254/3972
f 3990/2241/3467 4022/2220/3949 3578/2237/3961
f 4022/2220/3949 4011/2244/3967 3578/2237/3961
f 3575/2206/3942 4370/2255/3973 4014/1670/3533
f 4026/1705/3564 4303/2256/3974 3580/2257/3975
f 3580/2257/3975 4364/2230/3954 3612/2243/3966
f 3579/2253/3971 4236/1690/3552 4016/2258/3976
f 4016/2258/3976 4013/2234/3958 3579/2253/3971
f 3612/2243/3966 4021/2259/3977 3580/2257/3975
f 3580/2257/3975 4235/2251/3969 4026/1705/3564
f 4304/2254/3972 4025/2236/3960 3579/2253/3971
f 3581/2260/3978 4056/1702/3561 3992/2261/3543
f 3992/2261/3543 4027/2252/3970 3581/2260/3978
f 4027/2252/3970 4021/2259/3977 3581/2260/3978
f 3581/2260/3978 4233/1704/3563 4018/1703/3562
f 3582/2262/3979 4231/1648/3511 4016/2258/3976
f 4016/2258/3976 4028/1697/3557 3582/2262/3979
f 4028/1697/3557 3987/2263/3519 3582/2262/3979
f 3582/2262/3979 4055/1650/3513 3611/1649/3512
f 4238/2181/3924 4366/2264/3980 4365/2199/3936
f 4306/2265/3981 4237/2266/3982 4238/2181/3924
f 4367/2196/3933 4239/1141/3006 4368/1140/3005
f 4308/2267/3983 4239/1141/3006 4240/2175/3920
f 4313/1115/2984 4241/1116/2985 4314/2197/3934
f 4242/1078/2947 4308/2268/3983 4241/1116/2985
f 4244/1087/2956 4312/1071/2940 4311/2159/3907
f 4305/2269/3937 4243/1072/2941 4244/1087/2956
f 4246/1081/2950 4318/1171/3034 4317/1176/3039
f 4246/1081/2950 4314/2197/3934 4245/1172/3035
f 4315/1180/3043 4247/1101/2970 4316/1100/2969
f 4311/2159/3907 4247/1101/2970 4248/1185/3048
f 4250/1177/3040 4322/1260/3123 4321/1219/3082
f 4317/1176/3039 4249/1215/3078 4250/1177/3040
f 4319/1272/3135 4251/1153/3016 4320/1199/3062
f 4252/1223/3086 4316/1100/2969 4251/1153/3016
f 4254/1220/3083 4326/2270/3984 4325/2271/3985
f 4321/1219/3082 4253/1258/3121 4254/1220/3083
f 4323/2272/3986 4255/1197/3060 4324/2273/3987
f 4256/1267/3130 4320/1199/3062 4255/1197/3060
f 4331/1360/3223 4257/1358/3221 4332/1357/3220
f 4325/2271/3985 4257/1358/3221 4258/1263/3126
f 4260/1368/3231 4334/1240/3103 4333/1364/3227
f 4260/1368/3231 4324/2273/3987 4259/1241/3104
f 4332/1357/3220 4261/1361/3224 4331/1360/3223
f 4262/1284/3147 4329/1334/3197 4261/1361/3224
f 4264/1292/3155 4333/1364/3227 4334/1240/3103
f 4328/1291/3154 4263/1285/3148 4264/1292/3155
f 4266/1335/3198 4338/1434/3297 4337/1313/3176
f 4266/1335/3198 4330/1283/3146 4265/1294/3157
f 4335/1446/3309 4267/1329/3192 4336/1379/3242
f 4327/1396/3259 4267/1329/3192 4268/1320/3183
f 4270/1314/3177 4342/1483/3346 4341/1437/3300
f 4337/1313/3176 4269/1432/3295 4270/1314/3177
f 4339/1498/3361 4271/1377/3240 4340/1414/3277
f 4272/1441/3304 4336/1379/3242 4271/1377/3240
f 4345/1503/3366 4273/1481/3344 4346/1480/3343
f 4341/1437/3300 4439/2274/3988 4433/1438/3301
f 4276/2295/3989 4344/1411/3274 4343/1491/3354
f 4434/1499/3362 4340/1414/3277 4440/2275/3990
f 4278/1487/3350 4350/1581/3444 4349/1537/3400
f 4278/1487/3350 4346/1480/3343 4277/1532/3395
f 4347/1593/3456 4279/1457/3320 4348/1516/3379
f 4280/1542/3405 4344/1411/3274 4279/1457/3320
f 4282/1538/3401 4354/1625/3488 4353/1584/3447
f 4349/1537/3400 4281/1579/3442 4282/1538/3401
f 4351/1637/3500 4283/1514/3377 4352/1563/3426
f 4284/1588/3451 4348/1516/3379 4283/1514/3377
f 4286/1585/3448 4358/1668/3531 4357/1628/3491
f 4353/1584/3447 4285/1623/3486 4286/1585/3448
f 4355/1681/3544 4287/1561/3424 4356/1607/3470
f 4288/1632/3495 4352/1563/3426 4287/1561/3424
f 4290/1629/3492 4362/2276/3570 4361/2277/3956
f 4357/1628/3491 4289/1666/3529 4290/1629/3492
f 4292/1675/3538 4360/2278/3964 4359/2279/3991
f 4292/1675/3538 4356/1607/3470 4291/1605/3468
f 4294/2231/3955 4370/2255/3973 4369/2238/3962
f 4364/2230/3954 4293/1671/3534 4294/2231/3955
f 4296/2233/3957 4372/1710/3568 4371/2235/3959
f 4361/2232/3956 4295/1711/3569 4296/2233/3957
f 4298/2193/3930 4365/2199/3936 4366/2264/3980
f 4310/2207/3943 4297/2174/3919 4298/2193/3930
f 4368/1140/3005 4299/2194/3931 4367/2196/3933
f 4309/2168/3913 4299/2194/3931 4300/2203/3940
f 4302/2205/3941 4369/2238/3962 4370/2255/3973
f 4359/2280/3991 4301/2239/3963 4302/2205/3941
f 4304/2254/3972 4371/2235/3959 4372/1710/3568
f 4363/2242/3965 4303/2256/3974 4304/2254/3972
f 3561/2178/3922 4366/2264/3980 4237/2266/3982
f 3403/1417/3280 4394/2281/3992 4373/2282/3993
f 4275/1412/3275 4377/2283/3994 3415/1410/3273
f 4376/2284/3995 4274/2285/3996 3414/1486/3349
f 3412/1466/3329 4397/2286/3997 4374/2287/3998
f 4374/2287/3998 3602/1509/3372 3412/1466/3329
f 3413/1474/3337 4400/2288/3999 4375/2289/4000
f 4375/2289/4000 3601/1497/3360 3413/1474/3337
f 3414/1486/3349 4391/2290/4001 4376/2284/3995
f 4273/1481/3344 4379/2291/4002 3417/1479/3342
f 3415/1410/3273 4402/2292/4003 3800/1490/3353
f 3601/1497/3360 4378/2293/4004 3416/1496/3359
f 3416/1496/3359 4393/2294/4005 3785/1494/3357
f 4373/2282/3993 4276/2295/3989 3403/1417/3280
f 3417/1479/3342 4399/2296/4006 3795/1501/3364
f 3602/1509/3372 4380/2297/4007 3418/1508/3371
f 3418/1508/3371 4396/2298/4008 3790/1506/3369
f 4381/2299/4009 3781/1485/3348 3518/1983/3778
f 3518/1983/3778 4392/2300/4010 4381/2299/4009
f 3519/1991/3784 4392/2301/4010 3783/1989/3780
f 3785/1494/3357 4382/2302/4011 3519/1991/3784
f 4383/2303/4012 3786/1416/3279 3520/1993/3786
f 3520/1993/3786 4395/2304/4013 4383/2303/4012
f 3521/2001/3792 4395/2305/4013 3788/1999/3788
f 3790/1506/3369 4384/2306/4014 3521/2001/3792
f 4385/2307/4015 3791/1469/3332 3522/2003/3794
f 3522/2003/3794 4398/2308/4016 4385/2307/4015
f 3523/2011/3800 4398/2309/4016 3793/2009/3796
f 3795/1501/3364 4386/2310/4017 3523/2011/3800
f 4387/2311/4018 3796/1477/3340 3524/2013/3802
f 3524/2013/3802 4401/2312/4019 4387/2311/4018
f 3525/2021/3808 4401/2313/4019 3798/2019/3804
f 3800/1490/3353 4388/2314/4020 3525/2021/3808
f 4274/2285/3996 4404/2315/4021 4273/1481/3344
f 4405/2316/4022 4275/1412/3275 4276/2295/3989
f 4394/2281/3992 4407/1409/3272 4373/2282/3993
f 4377/2283/3994 4440/2275/3990 4411/1413/3276
f 4376/2284/3995 4433/1438/3301 4403/2317/4023
f 4397/2286/3997 4408/1463/3326 4374/2287/3998
f 4374/2287/3998 4424/1465/3328 4390/2318/4024
f 4400/2288/3999 4409/1471/3334 4375/2289/4000
f 4375/2289/4000 4423/1473/3336 4389/2319/4025
f 4391/2290/4001 4410/1436/3299 4376/2284/3995
f 4379/2291/4002 4439/2274/3988 4413/1482/3345
f 4411/1413/3276 4402/2292/4003 4377/2283/3994
f 4378/2293/4004 4423/1473/3336 4412/1492/3355
f 4412/1492/3355 4393/2294/4005 4378/2293/4004
f 4373/2282/3993 4434/1499/3362 4405/2316/4022
f 4413/1482/3345 4399/2296/4006 4379/2291/4002
f 4380/2297/4007 4424/1465/3328 4414/1504/3367
f 4414/1504/3367 4396/2298/4008 4380/2297/4007
f 4381/2299/4009 4435/1478/3341 4391/2290/4001
f 4392/2300/4010 4415/1982/3777 4381/2299/4009
f 4416/1988/3782 4392/2301/4010 4382/2302/4011
f 4382/2302/4011 4426/1493/3356 4416/1988/3782
f 4383/2303/4012 4436/1407/3270 4394/2281/3992
f 4395/2304/4013 4417/1992/3785 4383/2303/4012
f 4418/1998/3790 4395/2305/4013 4384/2306/4014
f 4384/2306/4014 4428/1505/3368 4418/1998/3790
f 4385/2307/4015 4437/1462/3325 4397/2286/3997
f 4398/2308/4016 4419/2002/3793 4385/2307/4015
f 4420/2008/3798 4398/2309/4016 4386/2310/4017
f 4386/2310/4017 4430/1500/3363 4420/2008/3798
f 4387/2311/4018 4438/1470/3333 4400/2288/3999
f 4401/2312/4019 4421/2012/3801 4387/2311/4018
f 4422/2018/3806 4401/2313/4019 4388/2314/4020
f 4388/2314/4020 4432/1489/3352 4422/2018/3806
f 4433/1438/3301 4404/2315/4021 4403/2317/4023
f 4434/1499/3362 4406/2320/4026 4405/2316/4022
f 409/1/1 1043/7/7 1295/2/2
f 1031/3/3 1185/315/294 898/4/4
f 409/1/1 898/4/4 1121/5/5
f 1027/6/6 1291/245/224 1043/7/7
f 410/8/8 1044/14/14 1298/9/9
f 1034/10/10 1188/320/299 886/11/11
f 410/8/8 886/11/11 1122/12/12
f 1028/13/13 1292/954/847 1044/14/14
f 1045/15/15 1289/982/862 1025/16/16
f 411/17/17 1025/16/16 1119/18/18
f 893/19/19 1192/286/265 757/20/20
f 411/17/17 757/20/20 1303/21/21
f 975/22/22 1264/832/742 640/23/23
f 412/24/24 640/23/23 1102/25/25
f 412/24/24 641/26/26 1101/27/27
f 972/28/28 1265/251/230 975/22/22
f 413/29/29 961/35/35 1260/30/30
f 413/29/29 643/31/31 1100/32/32
f 644/33/33 1099/847/757 959/34/34
f 959/34/34 1259/837/747 961/35/35
f 1046/36/36 1290/243/222 1026/37/37
f 414/38/38 1026/37/37 1120/39/39
f 889/40/40 1195/313/292 770/41/41
f 414/38/38 770/41/41 1306/42/42
f 415/43/43 913/53/51 1228/44/44
f 1171/46/46 747/103/93 422/47/47
f 415/49/43 911/48/48 1110/50/49
f 657/52/50 1137/396/375 913/53/51
f 901/54/52 1231/411/390 763/55/53
f 763/57/53 1167/892/802 899/58/55
f 416/59/54 899/58/55 1108/60/56
f 659/62/57 1138/122/107 901/54/52
f 417/63/58 910/70/64 1141/64/59
f 417/66/58 664/129/60 1109/67/61
f 727/69/63 1221/405/384 910/70/64
f 418/71/65 649/77/71 1267/72/66
f 418/71/65 981/73/67 1268/74/68
f 418/71/65 980/75/69 1109/67/61
f 418/71/65 650/76/70 1110/50/49
f 419/78/72 652/85/79 1270/79/73
f 419/78/72 986/80/74 1269/81/75
f 419/78/72 984/82/76 1107/83/77
f 419/78/72 653/84/78 1108/60/56
f 906/86/80 1142/392/371 666/87/81
f 420/89/82 666/124/81 1107/83/77
f 420/88/82 740/537/504 1224/91/84
f 421/92/85 914/100/91 1139/93/86
f 421/95/85 661/149/87 1106/96/88
f 912/97/89 1172/547/510 746/98/90
f 746/99/90 1227/373/352 914/100/91
f 982/101/92 1267/72/66 649/77/71
f 649/77/71 1110/50/49 911/48/48
f 750/102/45 1171/46/46 911/48/48
f 747/103/93 1172/547/510 982/101/92
f 423/104/94 902/113/100 1140/105/95
f 662/107/96 1105/120/105 900/108/97
f 423/109/94 900/108/97 1168/110/98
f 759/112/99 1230/382/361 902/113/100
f 907/114/101 1222/355/334 731/115/102
f 731/117/102 1170/519/491 908/118/104
f 424/119/103 908/118/104 1105/120/105
f 424/116/103 662/106/96 1140/105/95
f 425/121/106 701/125/108 1138/122/107
f 659/61/57 1108/60/56 653/84/78
f 653/84/78 1107/83/77 666/124/81
f 666/87/81 1142/392/371 701/125/108
f 702/126/109 1137/396/375 657/52/50
f 657/51/50 1110/50/49 650/76/70
f 650/76/70 1109/67/61 664/129/60
f 664/65/60 1141/64/59 702/126/109
f 427/130/111 987/134/115 1269/81/75
f 654/131/112 1111/886/796 655/132/113
f 427/130/111 655/132/113 1106/96/88
f 904/133/114 1169/148/128 987/134/115
f 983/135/116 1170/519/491 730/136/117
f 909/68/62 1109/67/61 980/75/69
f 428/137/118 980/75/69 1268/74/68
f 1007/138/119 1279/603/551 997/139/120
f 429/140/121 997/139/120 1173/141/122
f 916/142/123 1113/1025/893 673/143/124
f 673/143/124 1273/182/161 1007/138/119
f 903/144/125 1225/379/358 744/145/126
f 430/147/127 744/544/126 1169/148/128
f 904/133/114 1106/96/88 661/149/87
f 430/146/127 661/94/87 1139/93/86
f 431/150/129 1079/156/135 1309/151/130
f 1063/152/131 1151/173/152 918/153/132
f 431/150/129 918/153/132 1252/154/133
f 845/155/134 1321/1014/882 1079/156/135
f 1080/157/136 1313/1016/884 1067/158/137
f 432/159/138 1067/158/137 1245/160/139
f 926/161/140 1152/165/144 1064/162/141
f 432/159/138 1064/162/141 1310/163/142
f 433/164/143 1081/168/147 1310/163/142
f 433/164/143 1064/162/141 1152/165/144
f 930/166/145 1255/426/405 850/167/146
f 850/167/146 1324/1019/887 1081/168/147
f 1082/169/148 1316/1021/889 1070/170/149
f 1070/170/149 1248/422/401 938/172/151
f 434/171/150 938/172/151 1151/173/152
f 1063/152/131 1309/151/130 1082/169/148
f 1008/174/153 1274/487/466 674/175/154
f 435/176/155 674/175/154 1115/177/156
f 669/178/157 1116/189/168 672/179/158
f 435/176/155 672/179/158 1272/180/159
f 436/181/160 1009/186/165 1273/182/161
f 673/143/124 1113/1025/893 670/183/162
f 436/181/160 670/183/162 1114/184/163
f 671/185/164 1271/195/174 1009/186/165
f 1010/187/166 1272/180/159 672/179/158
f 437/188/167 672/179/158 1116/189/168
f 437/188/167 933/190/169 1183/191/170
f 437/188/167 793/192/171 1286/193/172
f 438/194/173 1011/200/179 1271/195/174
f 671/185/164 1114/184/163 921/196/175
f 438/194/173 921/196/175 1177/197/176
f 438/194/173 786/198/177 1283/199/178
f 1083/201/180 1319/1023/891 1073/202/181
f 1073/202/181 1251/428/407 920/204/183
f 439/203/182 920/204/183 1149/205/184
f 439/203/182 1061/206/185 1307/207/186
f 1084/208/187 1322/1027/895 1076/209/188
f 1076/209/188 1254/449/428 932/211/190
f 440/210/189 932/211/190 1150/212/191
f 440/210/189 1062/213/192 1308/214/193
f 441/215/194 985/218/197 1270/79/73
f 988/216/195 1168/110/98 900/108/97
f 441/215/194 900/108/97 1105/120/105
f 656/217/196 1112/888/798 985/218/197
f 442/219/198 1047/225/204 1301/220/199
f 1037/221/200 1191/278/257 894/222/201
f 442/219/198 894/222/201 1124/223/202
f 1030/224/203 1294/968/854 1047/225/204
f 443/226/205 957/232/211 1258/227/206
f 963/228/207 1159/972/857 888/229/208
f 443/226/205 888/229/208 1098/230/209
f 955/231/210 1257/839/749 957/232/211
f 444/233/212 1048/239/218 1304/234/213
f 1040/235/214 1194/288/267 890/236/215
f 444/233/212 890/236/215 1123/237/216
f 1029/238/217 1293/974/858 1048/239/218
f 1049/240/219 1292/954/847 1028/13/13
f 445/241/220 1028/13/13 1122/12/12
f 677/242/221 1120/39/39 1026/37/37
f 445/241/220 1026/37/37 1290/243/222
f 446/244/223 1050/247/226 1291/245/224
f 1027/6/6 1121/5/5 678/246/225
f 446/244/223 678/246/225 1119/18/18
f 1025/16/16 1289/982/862 1050/247/226
f 968/248/227 1266/864/774 974/249/228
f 447/250/229 974/249/228 1265/251/230
f 972/28/28 1101/27/27 892/252/231
f 447/250/229 892/252/231 1161/253/232
f 1051/254/233 1293/974/858 1029/238/217
f 448/255/234 1029/238/217 1123/237/216
f 896/256/235 1186/481/460 725/257/236
f 448/255/234 725/257/236 1297/258/237
f 449/259/238 956/265/244 1263/260/239
f 977/261/240 1164/877/787 724/262/241
f 449/259/238 724/262/241 1166/263/242
f 721/264/243 1165/834/744 956/265/244
f 964/266/245 1262/860/770 969/267/246
f 969/267/246 1156/952/846 885/269/248
f 885/269/248 1100/32/32 643/31/31
f 643/31/31 1260/30/30 964/266/245
f 884/270/249 1124/223/202 684/271/250
f 451/272/251 684/271/250 1130/273/252
f 941/274/253 1201/658/599 808/275/254
f 451/272/251 808/275/254 1189/276/255
f 452/277/256 894/222/201 1191/278/257
f 810/279/258 1203/660/601 944/280/259
f 452/277/256 944/280/259 1130/273/252
f 684/271/250 1124/223/202 894/222/201
f 893/19/19 1119/18/18 679/281/260
f 453/282/261 679/281/260 1125/283/262
f 943/284/263 1204/670/609 813/285/264
f 453/282/261 813/285/264 1192/286/265
f 454/287/266 890/236/215 1194/288/267
f 815/289/268 1206/672/611 946/290/269
f 454/287/266 946/290/269 1129/291/270
f 683/292/271 1123/237/216 890/236/215
f 677/242/221 1122/12/12 682/293/272
f 455/294/273 682/293/272 1128/295/274
f 685/296/275 1126/310/289 680/297/276
f 455/294/273 680/297/276 1120/39/39
f 456/298/277 678/246/225 1121/5/5
f 681/299/278 1127/318/297 686/300/279
f 456/298/277 686/300/279 1125/283/262
f 679/281/260 1119/18/18 678/246/225
f 939/301/280 1129/291/270 691/302/281
f 457/303/282 691/302/281 1135/304/283
f 457/303/282 919/305/284 1209/306/285
f 457/303/282 821/307/286 1198/308/287
f 889/40/40 1120/39/39 680/297/276
f 458/309/288 680/297/276 1126/310/289
f 945/311/290 1207/682/619 818/312/291
f 458/309/288 818/312/291 1195/313/292
f 459/314/293 898/4/4 1185/315/294
f 800/316/295 1197/363/342 940/317/296
f 459/314/293 940/317/296 1127/318/297
f 681/299/278 1121/5/5 898/4/4
f 460/319/298 886/11/11 1188/320/299
f 805/321/300 1200/648/591 942/322/301
f 460/319/298 942/322/301 1128/295/274
f 682/293/272 1122/12/12 886/11/11
f 461/323/302 941/274/253 1130/273/252
f 692/324/303 1136/912/820 931/325/304
f 461/323/302 931/325/304 1212/326/305
f 824/327/306 1201/658/599 941/274/253
f 944/280/259 1203/660/601 825/328/307
f 462/329/308 825/328/307 1216/330/309
f 923/331/310 1136/912/820 692/324/303
f 462/329/308 692/324/303 1130/273/252
f 463/332/311 943/284/263 1125/283/262
f 687/333/312 1131/351/330 925/334/313
f 463/332/311 925/334/313 1215/335/314
f 827/336/315 1204/670/609 943/284/263
f 946/290/269 1206/672/611 828/337/316
f 464/338/317 828/337/316 1219/339/318
f 935/340/319 1135/304/283 691/302/281
f 464/338/317 691/302/281 1129/291/270
f 685/296/275 1128/295/274 690/341/320
f 465/342/321 690/341/320 1134/343/322
f 465/342/321 693/344/323 1132/345/324
f 688/346/325 1126/310/289 685/296/275
f 466/347/326 686/300/279 1127/318/297
f 466/347/326 689/348/327 1133/349/328
f 466/347/326 694/350/329 1131/351/330
f 687/333/312 1125/283/262 686/300/279
f 947/352/331 1234/415/394 855/353/332
f 467/354/333 855/353/332 1222/355/334
f 907/114/101 1140/105/95 706/356/335
f 467/354/333 706/356/335 1146/357/336
f 468/358/337 945/311/290 1126/310/289
f 688/346/325 1132/345/324 937/359/338
f 468/358/337 937/359/338 1218/360/339
f 830/361/340 1207/682/619 945/311/290
f 469/362/341 940/317/296 1197/363/342
f 819/364/343 1210/684/621 915/365/344
f 469/362/341 915/365/344 1133/349/328
f 689/348/327 1127/318/297 940/317/296
f 942/322/301 1200/648/591 822/366/345
f 470/367/346 822/366/345 1213/368/347
f 927/369/348 1134/343/322 690/341/320
f 470/367/346 690/341/320 1128/295/274
f 471/370/349 952/375/354 1145/371/350
f 705/372/351 1139/93/86 914/100/91
f 471/370/349 914/100/91 1227/373/352
f 862/374/353 1239/419/398 952/375/354
f 949/376/355 1237/775/694 860/377/356
f 472/378/357 860/377/356 1225/379/358
f 472/378/357 903/144/125 1139/93/86
f 705/372/351 1145/371/350 949/376/355
f 954/380/359 1146/357/336 706/356/335
f 706/356/335 1140/105/95 902/113/100
f 473/381/360 902/113/100 1230/382/361
f 867/383/362 1242/787/704 954/380/359
f 951/384/363 1240/785/702 865/385/364
f 474/386/365 865/385/364 1228/44/44
f 913/53/51 1137/396/375 703/387/366
f 474/386/365 703/387/366 1143/388/367
f 709/389/368 1144/412/391 704/390/369
f 704/390/369 1138/122/107 701/125/108
f 475/391/370 701/125/108 1142/392/371
f 708/393/372 1148/399/378 709/389/368
f 710/394/373 1143/388/367 703/387/366
f 476/395/374 703/387/366 1137/396/375
f 476/395/374 702/126/109 1141/64/59
f 707/397/376 1147/404/383 710/394/373
f 477/398/377 950/402/381 1148/399/378
f 708/393/372 1142/392/371 906/86/80
f 906/86/80 1224/91/84 857/400/379
f 477/398/377 857/400/379 1236/401/380
f 478/403/382 948/407/386 1147/404/383
f 707/397/376 1141/64/59 910/70/64
f 478/403/382 910/70/64 1221/405/384
f 852/406/385 1233/760/682 948/407/386
f 953/408/387 1243/795/711 870/409/388
f 479/410/389 870/409/388 1231/411/390
f 479/410/389 901/54/52 1138/122/107
f 479/410/389 704/390/369 1144/412/391
f 926/161/140 1245/160/139 873/413/392
f 480/414/393 873/413/392 1234/415/394
f 947/352/331 1146/357/336 714/416/395
f 480/414/393 714/416/395 1152/165/144
f 481/417/396 918/153/132 1151/173/152
f 713/418/397 1145/371/350 952/375/354
f 481/417/396 952/375/354 1239/419/398
f 877/420/399 1252/154/133 918/153/132
f 482/421/400 938/172/151 1248/422/401
f 876/423/402 1237/775/694 949/376/355
f 482/421/400 949/376/355 1145/371/350
f 713/418/397 1151/173/152 938/172/151
f 930/166/145 1152/165/144 714/416/395
f 483/424/403 714/416/395 1146/357/336
f 954/380/359 1242/787/704 880/425/404
f 483/424/403 880/425/404 1255/426/405
f 484/427/406 920/204/183 1251/428/407
f 879/429/408 1240/785/702 951/384/363
f 484/427/406 951/384/363 1143/388/367
f 711/430/409 1149/205/184 920/204/183
f 485/431/410 717/435/414 1150/212/191
f 712/432/411 1144/412/391 709/389/368
f 709/389/368 1148/399/378 716/433/412
f 485/431/410 716/433/412 1154/434/413
f 486/436/415 718/439/418 1149/205/184
f 711/430/409 1143/388/367 710/394/373
f 486/436/415 710/394/373 1147/404/383
f 486/436/415 715/437/416 1153/438/417
f 934/440/419 1154/434/413 716/433/412
f 487/441/420 716/433/412 1148/399/378
f 950/402/381 1236/401/380 874/442/421
f 487/441/420 874/442/421 1249/443/422
f 922/444/423 1153/438/417 715/437/416
f 488/445/424 715/437/416 1147/404/383
f 948/407/386 1233/760/682 871/446/425
f 488/445/424 871/446/425 1246/447/426
f 489/448/427 932/211/190 1254/449/428
f 882/450/429 1243/795/711 953/408/387
f 489/448/427 953/408/387 1144/412/391
f 712/432/411 1150/212/191 932/211/190
f 490/451/430 1085/455/434 1311/452/431
f 490/451/430 1065/453/432 1153/438/417
f 922/444/423 1246/447/426 835/454/433
f 835/454/433 1315/1031/899 1085/455/434
f 491/456/435 1012/462/441 1285/457/436
f 1003/458/437 1176/624/570 924/459/438
f 491/456/435 924/459/438 1118/460/439
f 676/461/440 1276/910/818 1012/462/441
f 492/463/442 1086/467/446 1312/464/443
f 492/463/442 1066/465/444 1154/434/413
f 934/440/419 1249/443/422 840/466/445
f 840/466/445 1318/1034/902 1086/467/446
f 493/468/447 1013/474/453 1288/469/448
f 1006/470/449 1182/635/580 936/471/450
f 493/468/447 936/471/450 1117/472/451
f 675/473/452 1275/915/823 1013/474/453
f 1087/475/454 1308/214/193 1062/213/192
f 1062/213/192 1150/212/191 717/435/414
f 717/435/414 1154/434/413 1066/465/444
f 1066/465/444 1312/464/443 1087/475/454
f 495/477/456 1088/478/457 1307/207/186
f 1061/206/185 1149/205/184 718/439/418
f 495/477/456 718/439/418 1153/438/417
f 1065/453/432 1311/452/431 1088/478/457
f 896/256/235 1123/237/216 683/292/271
f 496/479/458 683/292/271 1129/291/270
f 939/301/280 1198/308/287 803/480/459
f 496/479/458 803/480/459 1186/481/460
f 497/482/461 1014/488/467 1282/483/462
f 497/482/461 1000/484/463 1179/485/464
f 928/486/465 1115/177/156 674/175/154
f 497/482/461 674/175/154 1274/487/466
f 1015/489/468 1275/915/823 675/473/452
f 498/490/469 675/473/452 1117/472/451
f 917/491/470 1174/594/543 772/492/471
f 498/490/469 772/492/471 1277/493/472
f 1016/494/473 1276/910/818 676/461/440
f 499/495/474 676/461/440 1118/460/439
f 929/496/475 1180/606/554 779/497/476
f 499/495/474 779/497/476 1280/498/477
f 500/499/478 1052/505/481 1295/2/2
f 720/501/479 1165/834/744 721/264/243
f 500/502/478 721/264/243 1166/263/242
f 1032/504/480 1296/987/483 1052/505/481
f 501/506/482 1053/511/485 1296/507/483
f 1032/503/480 1166/263/242 724/262/241
f 724/262/241 1164/877/787 1033/510/484
f 501/506/482 1033/985/484 1297/258/237
f 502/512/486 726/514/488 1221/405/384
f 728/513/487 1223/761/683 726/514/488
f 729/515/489 1223/767/683 728/516/487
f 503/518/490 730/136/117 1170/519/491
f 503/517/490 731/115/102 1222/355/334
f 504/520/492 1054/528/497 1298/9/9
f 733/522/493 1156/952/846 734/523/494
f 504/524/492 734/523/494 1157/525/495
f 1035/527/496 1299/992/868 1054/528/497
f 1055/529/498 1299/996/868 1035/530/496
f 1035/526/496 1157/525/495 737/532/500
f 737/532/500 1155/1011/879 1036/534/501
f 505/531/499 1036/1010/501 1300/535/502
f 506/536/503 739/539/506 1224/91/84
f 741/538/505 1226/769/689 739/539/506
f 742/540/507 1226/2321/689 741/541/505
f 507/543/508 743/891/801 1169/148/128
f 507/542/508 744/145/126 1225/379/358
f 508/545/509 745/549/512 1227/373/352
f 508/546/509 746/98/90 1172/547/510
f 748/548/511 1229/778/697 745/549/512
f 749/550/513 1229/784/697 748/551/511
f 509/553/514 748/554/511 1171/46/46
f 748/554/511 508/546/509 747/103/93
f 509/552/514 750/45/45 1228/44/44
f 510/555/515 1056/562/519 1301/220/199
f 752/557/516 1162/880/790 753/558/517
f 753/558/517 1163/865/775 1038/560/518
f 1038/561/518 1302/998/872 1056/562/519
f 1057/563/520 1302/1002/872 1038/564/518
f 1038/560/518 1163/865/775 756/566/522
f 756/566/522 1161/253/232 1039/568/523
f 511/565/521 1039/961/523 1303/21/21
f 512/569/524 758/573/527 1230/382/361
f 512/570/524 759/111/99 1168/110/98
f 761/572/526 1232/2322/710 758/573/527
f 762/574/528 1232/794/710 761/575/526
f 513/576/529 763/55/53 1231/411/390
f 514/577/530 1058/584/535 1304/234/213
f 765/579/531 1159/972/857 766/580/532
f 766/580/532 1160/589/538 1041/582/533
f 514/577/530 1041/2323/533 1305/583/534
f 1059/585/536 1305/1007/534 1041/586/533
f 515/588/537 1041/582/533 1160/589/538
f 769/590/539 1158/851/761 1042/591/540
f 515/587/537 1042/965/540 1306/42/42
f 1017/592/541 1277/493/472 772/492/471
f 516/593/542 772/492/471 1174/594/543
f 773/595/544 1175/746/549 996/596/545
f 516/593/542 996/596/545 1278/597/546
f 1018/598/547 1278/928/546 996/599/545
f 517/600/548 996/599/545 1175/601/549
f 776/602/550 1173/141/122 997/139/120
f 517/600/548 997/139/120 1279/603/551
f 1019/604/552 1280/498/477 779/497/476
f 518/605/553 779/497/476 1180/606/554
f 780/607/555 1181/2324/560 999/608/556
f 518/605/553 999/608/556 1281/609/557
f 1020/610/558 1281/934/557 999/611/556
f 519/612/559 999/611/556 1181/613/560
f 783/614/561 1179/485/464 1000/484/463
f 1000/484/463 1282/483/462 1020/610/558
f 1021/615/562 1283/199/178 786/198/177
f 786/198/177 1177/197/176 787/617/564
f 520/616/563 787/617/564 1178/618/565
f 1002/619/566 1284/936/568 1021/615/562
f 521/620/567 1022/625/571 1284/621/568
f 1002/622/566 1178/719/565 790/623/569
f 521/620/567 790/623/569 1176/624/570
f 1003/458/437 1285/457/436 1022/625/571
f 522/626/572 1023/630/576 1286/193/172
f 793/192/171 1183/191/170 794/627/573
f 522/626/572 794/627/573 1184/628/574
f 1005/629/575 1287/942/578 1023/630/576
f 523/631/577 1024/636/581 1287/632/578
f 1005/633/575 1184/730/574 797/634/579
f 523/631/577 797/634/579 1182/635/580
f 1006/470/449 1288/469/448 1024/636/581
f 524/637/582 799/641/586 1197/363/342
f 800/316/295 1185/315/294 719/638/583
f 524/637/582 719/638/583 1187/639/584
f 801/640/585 1199/685/622 799/641/586
f 802/642/587 1199/2325/622 801/643/585
f 525/644/588 801/643/585 1187/645/584
f 723/646/589 1186/481/460 803/480/459
f 525/644/588 803/480/459 1198/308/287
f 526/647/590 804/652/595 1200/648/591
f 805/321/300 1188/320/299 732/649/592
f 526/647/590 732/649/592 1190/650/593
f 806/651/594 1202/2326/634 804/652/595
f 807/653/596 1202/699/634 806/654/594
f 527/655/597 806/654/594 1190/656/593
f 736/657/598 1189/276/255 808/275/254
f 527/655/597 808/275/254 1201/658/599
f 528/659/600 809/664/605 1203/660/601
f 810/279/258 1191/278/257 751/661/602
f 528/659/600 751/661/602 1193/662/603
f 811/663/604 1205/702/637 809/664/605
f 812/665/606 1205/2327/637 811/666/604
f 529/667/607 811/666/604 1193/668/603
f 755/669/608 1192/286/265 813/285/264
f 529/667/607 813/285/264 1204/670/609
f 530/671/610 814/676/615 1206/672/611
f 815/289/268 1194/288/267 764/673/612
f 530/671/610 764/673/612 1196/674/613
f 816/675/614 1208/710/644 814/676/615
f 817/677/616 1208/2328/644 816/678/614
f 531/679/617 816/678/614 1196/680/613
f 768/681/618 1195/313/292 818/312/291
f 531/679/617 818/312/291 1207/682/619
f 532/683/620 775/687/624 1210/684/621
f 819/364/343 1197/363/342 799/641/586
f 532/683/620 799/641/586 1199/685/622
f 820/686/623 1211/926/626 775/687/624
f 533/688/625 771/691/627 1211/689/626
f 820/690/623 1199/2325/622 802/642/587
f 802/642/587 1198/308/287 821/307/286
f 821/307/286 1209/306/285 771/691/627
f 782/692/628 1213/368/347 822/366/345
f 534/693/629 822/366/345 1200/648/591
f 804/652/595 1202/2326/634 823/694/630
f 534/693/629 823/694/630 1214/695/631
f 778/696/632 1214/931/631 823/697/630
f 535/698/633 823/697/630 1202/699/634
f 535/698/633 807/653/596 1201/658/599
f 824/327/306 1212/326/305 778/696/632
f 789/700/635 1216/330/309 825/328/307
f 536/701/636 825/328/307 1203/660/601
f 536/701/636 809/664/605 1205/702/637
f 826/703/638 1217/939/640 789/700/635
f 537/704/639 785/707/641 1217/705/640
f 826/706/638 1205/2327/637 812/665/606
f 537/704/639 812/665/606 1204/670/609
f 827/336/315 1215/335/314 785/707/641
f 796/708/642 1219/339/318 828/337/316
f 538/709/643 828/337/316 1206/672/611
f 538/709/643 814/676/615 1208/710/644
f 829/711/645 1220/945/647 796/708/642
f 539/712/646 792/715/648 1220/713/647
f 829/714/645 1208/2328/644 817/677/616
f 539/712/646 817/677/616 1207/682/619
f 830/361/340 1218/360/339 792/715/648
f 1089/716/649 1313/1016/884 832/717/650
f 540/718/651 832/717/650 1176/624/570
f 540/718/651 790/623/569 1178/719/565
f 540/718/651 1068/720/652 1314/721/653
f 541/722/654 1090/726/656 1314/723/653
f 1068/724/652 1178/618/565 787/617/564
f 541/722/654 787/617/564 1177/197/176
f 1069/725/655 1315/1031/899 1090/726/656
f 1091/727/657 1316/1021/889 837/728/658
f 542/729/659 837/728/658 1182/635/580
f 542/729/659 797/634/579 1184/730/574
f 542/729/659 1071/731/660 1317/732/661
f 543/733/662 1092/737/664 1317/734/661
f 1071/735/660 1184/628/574 794/627/573
f 543/733/662 794/627/573 1183/191/170
f 1072/736/663 1318/1034/902 1092/737/664
f 1093/738/665 1319/1023/891 842/739/666
f 544/740/667 842/739/666 1173/141/122
f 776/602/550 1175/601/549 1074/741/668
f 544/740/667 1074/741/668 1320/742/669
f 545/743/670 1094/748/672 1320/744/669
f 545/743/670 1074/745/668 1175/746/549
f 545/743/670 773/595/544 1174/594/543
f 1075/747/671 1321/1014/882 1094/748/672
f 1095/749/673 1322/1027/895 847/750/674
f 546/751/675 847/750/674 1179/485/464
f 783/614/561 1181/613/560 1077/752/676
f 546/751/675 1077/752/676 1323/753/677
f 547/754/678 1096/758/680 1323/755/677
f 1077/756/676 1181/2324/560 780/607/555
f 547/754/678 780/607/555 1180/606/554
f 1078/757/679 1324/1019/887 1096/758/680
f 548/759/681 851/763/685 1233/760/682
f 852/406/385 1221/405/384 726/514/488
f 548/759/681 726/514/488 1223/761/683
f 853/762/684 1235/2329/718 851/763/685
f 854/764/686 1235/803/718 853/765/684
f 549/766/687 853/765/684 1223/767/683
f 729/515/489 1222/355/334 855/353/332
f 549/766/687 855/353/332 1234/415/394
f 550/768/688 856/771/691 1236/401/380
f 857/400/379 1224/91/84 739/539/506
f 550/768/688 739/539/506 1226/769/689
f 858/770/690 1238/2330/693 856/771/691
f 551/772/692 859/776/695 1238/773/693
f 858/774/690 1226/2321/689 742/540/507
f 742/540/507 1225/379/358 860/377/356
f 551/772/692 860/377/356 1237/775/694
f 552/777/696 861/780/699 1239/419/398
f 862/374/353 1227/373/352 745/549/512
f 552/777/696 745/549/512 1229/778/697
f 863/779/698 1241/814/727 861/780/699
f 864/781/700 1241/2331/727 863/782/698
f 553/783/701 863/782/698 1229/784/697
f 749/550/513 1228/44/44 865/385/364
f 553/783/701 865/385/364 1240/785/702
f 554/786/703 866/790/707 1242/787/704
f 867/383/362 1230/382/361 758/573/527
f 758/573/527 1232/2322/710 868/788/705
f 554/786/703 868/788/705 1244/789/706
f 869/791/708 1244/2332/706 868/792/705
f 555/793/709 868/792/705 1232/794/710
f 762/574/528 1231/411/390 870/409/388
f 555/793/709 870/409/388 1243/795/711
f 834/796/712 1246/447/426 871/446/425
f 556/797/713 871/446/425 1233/760/682
f 851/763/685 1235/2329/718 872/798/714
f 556/797/713 872/798/714 1247/799/715
f 831/800/716 1247/1039/715 872/801/714
f 557/802/717 872/801/714 1235/803/718
f 854/764/686 1234/415/394 873/413/392
f 873/413/392 1245/160/139 831/800/716
f 839/804/719 1249/443/422 874/442/421
f 558/805/720 874/442/421 1236/401/380
f 856/771/691 1238/2330/693 875/806/721
f 558/805/720 875/806/721 1250/807/722
f 559/808/723 836/811/724 1250/809/722
f 875/810/721 1238/773/693 859/776/695
f 559/808/723 859/776/695 1237/775/694
f 876/423/402 1248/422/401 836/811/724
f 844/812/725 1252/154/133 877/420/399
f 877/420/399 1239/419/398 861/780/699
f 560/813/726 861/780/699 1241/814/727
f 878/815/728 1253/1049/730 844/812/725
f 561/816/729 841/819/731 1253/817/730
f 878/818/728 1241/2331/727 864/781/700
f 561/816/729 864/781/700 1240/785/702
f 879/429/408 1251/428/407 841/819/731
f 849/820/732 1255/426/405 880/425/404
f 562/821/733 880/425/404 1242/787/704
f 866/790/707 1244/789/706 881/822/734
f 562/821/733 881/822/734 1256/823/735
f 563/824/736 846/827/737 1256/825/735
f 881/826/734 1244/2332/706 869/791/708
f 563/824/736 869/791/708 1243/795/711
f 882/450/429 1254/449/428 846/827/737
f 1060/828/738 1294/968/854 1030/224/203
f 564/829/739 1030/224/203 1124/223/202
f 884/270/249 1189/276/255 738/830/740
f 564/829/739 738/830/740 1300/535/502
f 565/831/741 640/23/23 1264/832/742
f 976/833/743 1263/260/239 956/265/244
f 565/831/741 956/265/244 1165/834/744
f 897/835/745 1102/25/25 640/23/23
f 566/836/746 645/841/751 1259/837/747
f 962/838/748 1258/227/206 957/232/211
f 566/836/746 957/232/211 1257/839/749
f 646/840/750 1103/873/783 645/841/751
f 567/842/752 639/845/755 1104/843/753
f 960/844/754 1260/30/30 961/35/35
f 567/842/752 961/35/35 1259/837/747
f 645/841/751 1103/873/783 639/845/755
f 568/846/756 959/34/34 1099/847/757
f 887/848/758 1158/851/761 958/849/759
f 568/846/756 958/849/759 1258/227/206
f 568/846/756 962/838/748 1259/837/747
f 569/850/760 958/849/759 1158/851/761
f 569/850/760 769/590/539 1160/589/538
f 766/580/532 1159/972/857 963/228/207
f 963/228/207 1258/227/206 958/849/759
f 570/852/762 965/855/765 1261/853/763
f 967/854/764 1262/860/770 964/266/245
f 570/852/762 964/266/245 1260/30/30
f 960/844/754 1104/843/753 965/855/765
f 571/856/766 647/861/771 1097/857/767
f 883/858/768 1155/1011/879 966/859/769
f 571/856/766 966/859/769 1262/860/770
f 967/854/764 1261/853/763 647/861/771
f 753/558/517 1162/880/790 978/862/772
f 572/863/773 978/862/772 1266/864/774
f 968/248/227 1161/253/232 756/566/522
f 572/863/773 756/566/522 1163/865/775
f 966/859/769 1155/1011/879 737/532/500
f 573/866/776 737/532/500 1157/525/495
f 734/523/494 1156/952/846 969/267/246
f 573/866/776 969/267/246 1262/860/770
f 973/867/777 1261/853/763 965/855/765
f 574/868/778 965/855/765 1104/843/753
f 642/869/779 1265/251/230 974/249/228
f 574/868/778 974/249/228 1266/864/774
f 639/845/755 1103/873/783 971/870/780
f 575/871/781 971/870/780 1264/832/742
f 575/871/781 975/22/22 1265/251/230
f 642/869/779 1104/843/753 639/845/755
f 576/872/782 971/870/780 1103/873/783
f 646/840/750 1257/839/749 970/874/784
f 576/872/782 970/874/784 1263/260/239
f 976/833/743 1264/832/742 971/870/780
f 577/875/785 970/874/784 1257/839/749
f 955/231/210 1098/230/209 895/876/786
f 577/875/785 895/876/786 1164/877/787
f 977/261/240 1263/260/239 970/874/784
f 891/878/788 1097/857/767 647/861/771
f 578/879/789 647/861/771 1261/853/763
f 973/867/777 1266/864/774 978/862/772
f 578/879/789 978/862/772 1162/880/790
f 979/881/791 1111/886/796 648/882/792
f 648/882/792 1112/888/798 651/884/794
f 579/883/793 651/884/794 1268/74/68
f 579/883/793 981/73/67 1267/72/66
f 580/885/795 655/132/113 1111/886/796
f 979/881/791 1267/72/66 982/101/92
f 580/885/795 982/101/92 1172/547/510
f 912/97/89 1106/96/88 655/132/113
f 656/217/196 1105/120/105 908/118/104
f 581/887/797 908/118/104 1170/519/491
f 983/135/116 1268/74/68 651/884/794
f 581/887/797 651/884/794 1112/888/798
f 582/889/799 985/218/197 1112/888/798
f 582/889/799 648/882/792 1111/886/796
f 654/131/112 1269/81/75 986/80/74
f 986/80/74 1270/79/73 985/218/197
f 905/90/83 1107/83/77 984/82/76
f 984/82/76 1269/81/75 987/134/115
f 987/134/115 1169/148/128 743/891/801
f 1167/892/802 763/57/53 513/893/529
f 760/571/525 1168/110/98 988/216/195
f 988/216/195 1270/79/73 652/85/79
f 652/85/79 1108/60/56 899/58/55
f 585/896/804 915/365/344 1210/684/621
f 585/896/804 777/897/805 1279/603/551
f 585/896/804 1007/138/119 1273/182/161
f 991/898/806 1133/349/328 915/365/344
f 693/344/323 1134/343/322 992/899/807
f 586/900/808 992/899/807 1274/487/466
f 1008/174/153 1272/180/159 990/901/809
f 990/901/809 1132/345/324 693/344/323
f 694/350/329 1133/349/328 991/898/806
f 991/898/806 1273/182/161 1009/186/165
f 587/902/810 1009/186/165 1271/195/174
f 989/903/811 1131/351/330 694/350/329
f 588/904/812 937/359/338 1132/345/324
f 588/904/812 990/901/809 1272/180/159
f 588/904/812 1010/187/166 1286/193/172
f 1004/905/813 1218/360/339 937/359/338
f 589/906/814 925/334/313 1131/351/330
f 989/903/811 1271/195/174 1011/200/179
f 589/906/814 1011/200/179 1283/199/178
f 1001/907/815 1215/335/314 925/334/313
f 923/331/310 1216/330/309 791/908/816
f 791/908/816 1285/457/436 1012/462/441
f 590/909/817 1012/462/441 1276/910/818
f 590/909/817 994/911/819 1136/912/820
f 935/340/319 1219/339/318 798/913/821
f 798/913/821 1288/469/448 1013/474/453
f 591/914/822 1013/474/453 1275/915/823
f 591/914/822 993/916/824 1135/304/283
f 927/369/348 1213/368/347 784/917/825
f 784/917/825 1282/483/462 1014/488/467
f 1014/488/467 1274/487/466 992/899/807
f 592/918/826 992/899/807 1134/343/322
f 919/305/284 1135/304/283 993/916/824
f 593/919/827 993/916/824 1275/915/823
f 1015/489/468 1277/493/472 995/920/828
f 593/919/827 995/920/828 1209/306/285
f 594/921/829 931/325/304 1136/912/820
f 594/921/829 994/911/819 1276/910/818
f 1016/494/473 1280/498/477 998/922/830
f 998/922/830 1212/326/305 931/325/304
f 771/691/627 1209/306/285 995/920/828
f 595/923/831 995/920/828 1277/493/472
f 1017/592/541 1278/597/546 774/924/832
f 595/923/831 774/924/832 1211/689/626
f 596/925/833 775/687/624 1211/926/626
f 596/925/833 774/927/832 1278/928/546
f 1018/598/547 1279/603/551 777/897/805
f 777/897/805 1210/684/621 775/687/624
f 597/929/834 778/696/632 1212/326/305
f 597/929/834 998/922/830 1280/498/477
f 1019/604/552 1281/609/557 781/930/835
f 597/929/834 781/930/835 1214/931/631
f 782/692/628 1214/695/631 781/932/835
f 598/933/836 781/932/835 1281/934/557
f 598/933/836 1020/610/558 1282/483/462
f 598/933/836 784/917/825 1213/368/347
f 599/935/837 785/707/641 1215/335/314
f 599/935/837 1001/907/815 1283/199/178
f 599/935/837 1021/615/562 1284/936/568
f 788/937/838 1217/705/640 785/707/641
f 600/938/839 789/700/635 1217/939/640
f 788/940/838 1284/621/568 1022/625/571
f 600/938/839 1022/625/571 1285/457/436
f 600/938/839 791/908/816 1216/330/309
f 601/941/840 792/715/648 1218/360/339
f 1004/905/813 1286/193/172 1023/630/576
f 601/941/840 1023/630/576 1287/942/578
f 795/943/841 1220/713/647 792/715/648
f 602/944/842 796/708/642 1220/945/647
f 795/946/841 1287/632/578 1024/636/581
f 602/944/842 1024/636/581 1288/469/448
f 602/944/842 798/913/821 1219/339/318
f 603/947/843 897/835/745 1165/834/744
f 720/500/479 1295/2/2 1043/7/7
f 603/948/843 1043/7/7 1291/245/224
f 663/950/844 1102/25/25 897/835/745
f 604/951/845 885/269/248 1156/952/846
f 733/521/493 1298/9/9 1044/14/14
f 604/953/845 1044/14/14 1292/954/847
f 665/956/848 1100/32/32 885/269/248
f 605/957/849 892/252/231 1101/27/27
f 658/959/850 1289/982/862 1045/15/15
f 1045/15/15 1303/21/21 1039/961/523
f 1039/568/523 1161/253/232 892/252/231
f 887/848/758 1099/847/757 660/962/851
f 606/964/852 660/979/851 1290/243/222
f 1046/36/36 1306/42/42 1042/965/540
f 606/963/852 1042/591/540 1158/851/761
f 607/966/853 891/878/788 1162/880/790
f 752/556/516 1301/220/199 1047/225/204
f 607/967/853 1047/225/204 1294/968/854
f 668/970/855 1097/857/767 891/878/788
f 608/971/856 888/229/208 1159/972/857
f 765/578/531 1304/234/213 1048/239/218
f 608/973/856 1048/239/218 1293/974/858
f 667/976/859 1098/230/209 888/229/208
f 644/33/33 1100/32/32 665/956/848
f 609/978/860 665/955/848 1292/954/847
f 1049/240/219 1290/243/222 660/979/851
f 609/977/860 660/962/851 1099/847/757
f 610/980/861 641/26/26 1102/25/25
f 663/949/844 1291/245/224 1050/247/226
f 610/981/861 1050/247/226 1289/982/862
f 658/958/850 1101/27/27 641/26/26
f 611/983/863 895/876/786 1098/230/209
f 611/984/863 667/975/859 1293/974/858
f 1051/254/233 1297/258/237 1033/985/484
f 611/983/863 1033/510/484 1164/877/787
f 612/986/864 719/638/583 1185/315/294
f 1031/3/3 1295/2/2 1052/505/481
f 612/986/864 1052/505/481 1296/987/483
f 722/988/865 1187/639/584 719/638/583
f 723/646/589 1187/645/584 722/989/865
f 722/989/865 1296/507/483 1053/511/485
f 1053/511/485 1297/258/237 725/257/236
f 613/990/866 725/257/236 1186/481/460
f 614/991/867 732/649/592 1188/320/299
f 1034/10/10 1298/9/9 1054/528/497
f 614/991/867 1054/528/497 1299/992/868
f 735/993/869 1190/650/593 732/649/592
f 736/657/598 1190/656/593 735/994/869
f 615/995/870 735/994/869 1299/996/868
f 1055/529/498 1300/535/502 738/830/740
f 615/995/870 738/830/740 1189/276/255
f 616/997/871 751/661/602 1191/278/257
f 1037/221/200 1301/220/199 1056/562/519
f 616/997/871 1056/562/519 1302/998/872
f 754/999/873 1193/662/603 751/661/602
f 755/669/608 1193/668/603 754/1000/873
f 617/1001/874 754/1000/873 1302/1002/872
f 1057/563/520 1303/21/21 757/20/20
f 617/1001/874 757/20/20 1192/286/265
f 618/1003/875 764/673/612 1194/288/267
f 1040/235/214 1304/234/213 1058/584/535
f 618/1003/875 1058/584/535 1305/583/534
f 767/1004/876 1196/674/613 764/673/612
f 768/681/618 1196/680/613 767/1005/876
f 619/1006/877 767/1005/876 1305/1007/534
f 1059/585/536 1306/42/42 770/41/41
f 619/1006/877 770/41/41 1195/313/292
f 883/858/768 1097/857/767 668/970/855
f 620/1009/878 668/969/855 1294/968/854
f 1060/828/738 1300/535/502 1036/1010/501
f 620/1008/878 1036/534/501 1155/1011/879
f 621/1012/880 917/491/470 1117/472/451
f 697/1013/881 1309/151/130 1079/156/135
f 621/1012/880 1079/156/135 1321/1014/882
f 1075/747/671 1174/594/543 917/491/470
f 924/459/438 1176/624/570 832/717/650
f 622/1015/883 832/717/650 1313/1016/884
f 1080/157/136 1310/163/142 698/1017/885
f 622/1015/883 698/1017/885 1118/460/439
f 623/1018/886 929/496/475 1118/460/439
f 698/1017/885 1310/163/142 1081/168/147
f 623/1018/886 1081/168/147 1324/1019/887
f 1078/757/679 1180/606/554 929/496/475
f 936/471/450 1182/635/580 837/728/658
f 624/1020/888 837/728/658 1316/1021/889
f 624/1020/888 1082/169/148 1309/151/130
f 697/1013/881 1117/472/451 936/471/450
f 916/142/123 1173/141/122 842/739/666
f 625/1022/890 842/739/666 1319/1023/891
f 1083/201/180 1307/207/186 695/1024/892
f 625/1022/890 695/1024/892 1113/1025/893
f 928/486/465 1179/485/464 847/750/674
f 626/1026/894 847/750/674 1322/1027/895
f 1084/208/187 1308/214/193 696/1028/896
f 626/1026/894 696/1028/896 1115/177/156
f 627/1029/897 921/196/175 1114/184/163
f 699/1030/898 1311/452/431 1085/455/434
f 627/1029/897 1085/455/434 1315/1031/899
f 1069/725/655 1177/197/176 921/196/175
f 628/1032/900 933/190/169 1116/189/168
f 700/1033/901 1312/464/443 1086/467/446
f 628/1032/900 1086/467/446 1318/1034/902
f 1072/736/663 1183/191/170 933/190/169
f 669/178/157 1115/177/156 696/1028/896
f 629/1035/903 696/1028/896 1308/214/193
f 629/1035/903 1087/475/454 1312/464/443
f 700/1033/901 1116/189/168 669/178/157
f 630/1036/904 670/183/162 1113/1025/893
f 695/1024/892 1307/207/186 1088/478/457
f 630/1036/904 1088/478/457 1311/452/431
f 699/1030/898 1114/184/163 670/183/162
f 831/800/716 1245/160/139 1067/158/137
f 631/1037/905 1067/158/137 1313/1016/884
f 1089/716/649 1314/721/653 833/1038/906
f 631/1037/905 833/1038/906 1247/1039/715
f 834/796/712 1247/799/715 833/1040/906
f 833/1040/906 1314/723/653 1090/726/656
f 632/1041/907 1090/726/656 1315/1031/899
f 632/1041/907 835/454/433 1246/447/426
f 633/1042/908 836/811/724 1248/422/401
f 633/1042/908 1070/170/149 1316/1021/889
f 1091/727/657 1317/732/661 838/1043/909
f 838/1043/909 1250/809/722 836/811/724
f 839/804/719 1250/807/722 838/1044/909
f 838/1044/909 1317/734/661 1092/737/664
f 634/1045/910 1092/737/664 1318/1034/902
f 634/1045/910 840/466/445 1249/443/422
f 635/1046/911 841/819/731 1251/428/407
f 635/1046/911 1073/202/181 1319/1023/891
f 1093/738/665 1320/742/669 843/1047/912
f 843/1047/912 1253/817/730 841/819/731
f 636/1048/913 844/812/725 1253/1049/730
f 843/1050/912 1320/744/669 1094/748/672
f 636/1048/913 1094/748/672 1321/1014/882
f 845/155/134 1252/154/133 844/812/725
f 637/1051/914 846/827/737 1254/449/428
f 637/1051/914 1076/209/188 1322/1027/895
f 1095/749/673 1323/753/677 848/1052/915
f 848/1052/915 1256/825/735 846/827/737
f 638/1053/916 849/820/732 1256/823/735
f 848/1054/915 1323/755/677 1096/758/680
f 638/1053/916 1096/758/680 1324/1019/887
f 638/1053/916 850/167/146 1255/426/405
f 760/571/525 1167/892/802 761/894/526
f 1325/1055/917 728/1058/487 502/1056/486
f 730/136/117 503/518/490 728/1058/487
f 909/68/62 1325/1055/917 727/1057/63
f 428/137/118 730/136/117 1325/1055/917
f 584/895/803 899/58/55 1167/892/802
f 583/890/800 743/891/801 1326/1059/918
f 743/891/801 507/543/508 741/1060/505
f 1326/1059/918 740/1062/504 420/89/82
f 1326/1059/918 741/1060/505 506/1061/503
f 1569/1063/919 2014/2333/980 1879/1064/920
f 1327/1065/921 1879/1064/920 2051/1066/922
f 1603/1067/923 2062/1182/1032 1880/1068/924
f 1327/1065/921 1880/1068/924 2016/1069/925
f 1329/1070/926 1876/1085/941 2296/1071/927
f 1328/1073/929 1871/1117/973 2045/1074/930
f 1617/1075/931 2056/1186/1036 1872/1076/932
f 1877/1077/933 2291/2334/4027 2226/1078/934
f 1878/1080/936 2297/1115/971 2230/1081/937
f 1329/1070/926 1875/2160/1895 2048/1083/939
f 1624/1084/940 2059/1178/1028 1876/1085/941
f 1865/1086/942 2289/2269/1924 2228/1087/943
f 1570/1089/945 2013/2335/997 1867/1090/946
f 1330/1091/947 1867/1090/946 2042/1092/948
f 1610/1093/949 2053/1190/1040 1868/1094/950
f 1330/1091/947 1868/1094/950 2015/1095/951
f 1331/1096/952 1630/1103/959 2054/1097/953
f 1343/1099/955 1886/1155/1005 2300/1100/956
f 2231/1101/957 2296/1071/927 1876/1085/941
f 1881/1102/958 2066/1763/1596 1630/1103/959
f 1332/1104/960 1612/1108/964 2044/1105/961
f 1869/1106/962 2013/2335/997 1570/1089/945
f 1332/1104/960 1570/1089/945 2015/1095/951
f 1870/1107/963 2057/1158/1008 1612/1108/964
f 1333/1109/965 1619/1113/969 2047/1110/966
f 1873/1111/967 2014/2333/980 1569/1063/919
f 1333/1109/965 1569/1063/919 2016/1069/925
f 1874/1112/968 2060/1164/1014 1619/1113/969
f 1334/1079/935 1598/1118/974 2050/1114/970
f 1334/1079/935 2226/1078/934 2297/1115/971
f 2225/1116/972 2292/2268/1970 1871/1117/973
f 1878/1080/936 2063/1169/1019 1598/1118/974
f 1982/1119/975 2212/2186/1915 1986/1120/976
f 1335/1121/977 1986/1120/976 2211/1122/978
f 1335/1121/977 1567/1123/979 2014/1124/980
f 1873/1125/967 2047/2336/966 1982/1119/975
f 1336/1126/981 1993/1133/987 2213/1127/982
f 1336/1126/981 1989/1128/983 2050/1129/970
f 1336/1126/981 1597/1130/984 2052/1131/985
f 1601/1132/986 2051/2337/922 1993/1133/987
f 1991/1134/988 2214/2166/1898 1990/1135/989
f 1337/1136/990 1990/1135/989 2045/1137/930
f 1549/1139/991 1992/2198/1922 2352/1140/992
f 2223/1141/993 2291/2338/4027 1877/1142/933
f 1979/1143/994 2210/2171/1903 1983/1144/995
f 1983/1144/995 2042/2339/948 1867/1146/946
f 1338/1145/996 1867/1146/946 2013/1147/997
f 1338/1145/996 1977/1148/998 2209/1149/999
f 1650/1150/1000 2066/1763/1596 1881/1102/958
f 1894/1152/1002 2304/1199/1049 2235/1153/1003
f 1351/1154/1004 2235/1153/1003 2300/1100/956
f 1339/1151/1001 1889/1194/1044 2078/1156/1006
f 1340/1157/1007 1635/1162/1012 2057/1158/1008
f 1870/1107/963 2015/1095/951 1572/1159/1009
f 1340/1157/1007 1572/1159/1009 2017/1160/1010
f 1883/1161/1011 2069/1202/1052 1635/1162/1012
f 1341/1163/1013 1640/1168/1018 2060/1164/1014
f 1874/1112/968 2016/1069/925 1571/1165/1015
f 1341/1163/1013 1571/1165/1015 2018/1166/1016
f 1885/1167/1017 2072/1208/1058 1640/1168/1018
f 1342/1082/938 1625/1174/1024 2063/1169/1019
f 1345/1170/1020 1884/1188/1038 2302/1171/1021
f 2229/1172/1022 2298/2197/1921 1872/1076/932
f 1887/1173/1023 2075/1754/1589 1625/1174/1024
f 1350/1175/1025 1887/1173/1023 2301/1176/1026
f 1343/1099/955 1876/1085/941 2059/1178/1028
f 1644/1179/1029 2071/1788/1615 1886/1155/1005
f 1331/1096/952 2232/1185/1035 2299/1180/1030
f 1571/1165/1015 2016/1069/925 1880/1068/924
f 1344/1181/1031 1880/1068/924 2062/1182/1032
f 1629/1183/1033 2074/1225/1075 1888/1184/1034
f 1344/1181/1031 1888/1184/1034 2018/1166/1016
f 1866/1098/954 2295/2159/1894 2232/1185/1035
f 1345/1170/1020 1872/1076/932 2056/1186/1036
f 1639/1187/1037 2068/1779/1608 1884/1188/1038
f 1342/1082/938 2230/1081/937 2301/1176/1026
f 1572/1159/1009 2015/1095/951 1868/1094/950
f 1346/1189/1039 1868/1094/950 2053/1190/1040
f 1634/1191/1041 2065/1233/1083 1882/1192/1042
f 1346/1189/1039 1882/1192/1042 2017/1160/1010
f 1670/1193/1043 2078/1156/1006 1889/1194/1044
f 1902/1196/1046 2308/2273/1974 2239/1197/1047
f 1359/1198/1048 2239/1197/1047 2304/1199/1049
f 1347/1195/1045 1897/1238/1088 2090/1200/1050
f 1348/1201/1051 1655/1206/1056 2069/1202/1052
f 1883/1161/1011 2017/1160/1010 1574/1203/1053
f 1574/1203/1053 2019/1246/1096 1891/1204/1054
f 1348/1201/1051 1891/1204/1054 2081/1205/1055
f 1349/1207/1057 1660/1212/1062 2072/1208/1058
f 1885/1167/1017 2018/1166/1016 1573/1209/1059
f 1573/1209/1059 2020/1252/1102 1893/1210/1060
f 1349/1207/1057 1893/1210/1060 2084/1211/1061
f 1645/1213/1063 2075/1754/1589 1887/1173/1023
f 1892/1214/1064 2306/1260/1110 2233/1215/1065
f 1353/1216/1066 2233/1215/1065 2302/1171/1021
f 1350/1175/1025 1895/1231/1081 2087/1217/1067
f 1358/1218/1068 1895/1231/1081 2305/1219/1069
f 1886/1155/1005 2071/1788/1615 1664/1221/1071
f 1351/1154/1004 1664/1221/1071 2083/1222/1072
f 2236/1223/1073 2303/1272/1122 1889/1194/1044
f 1573/1209/1059 2018/1166/1016 1888/1184/1034
f 1352/1224/1074 1888/1184/1034 2074/1225/1075
f 1352/1224/1074 1649/1226/1076 2086/1227/1077
f 1896/1228/1078 2020/1252/1102 1573/1209/1059
f 1339/1151/1001 1881/1102/958 2299/1180/1030
f 1884/1188/1038 2068/1779/1608 1659/1229/1079
f 1353/1216/1066 1659/1229/1079 2080/1230/1080
f 2234/1177/1027 2305/1219/1069 1895/1231/1081
f 1574/1203/1053 2017/1160/1010 1882/1192/1042
f 1354/1232/1082 1882/1192/1042 2065/1233/1083
f 1354/1232/1082 1654/1234/1084 2077/1235/1085
f 1890/1236/1086 2019/1246/1096 1574/1203/1053
f 1355/1237/1087 1718/1243/1093 2090/1200/1050
f 1375/1239/1089 1910/1363/1213 2318/1240/1090
f 2243/1241/1091 2308/2273/1974 1902/1196/1046
f 1905/1242/1092 2116/1289/1139 1718/1243/1093
f 1675/1244/1094 2081/1205/1055 1891/1204/1054
f 1356/1245/1095 1891/1204/1054 2019/1246/1096
f 1576/1247/1097 2021/2340/4028 1899/1248/1098
f 1356/1245/1095 1899/1248/1098 2093/1249/1099
f 1680/1250/1100 2084/1211/1061 1893/1210/1060
f 1357/1251/1101 1893/1210/1060 2020/1252/1102
f 1575/1253/1103 2022/2341/4029 1901/1254/1104
f 1357/1251/1101 1901/1254/1104 2096/1255/1105
f 1665/1256/1106 2087/1217/1067 1895/1231/1081
f 1900/1257/1107 2310/2270/1971 2237/1258/1108
f 1361/1259/1109 2237/1258/1108 2306/1260/1110
f 1358/1218/1068 1903/1262/1112 2099/1261/1111
f 1903/1262/1112 2309/2271/1972 2242/1263/1113
f 1894/1152/1002 2083/1222/1072 1684/1265/1115
f 1359/1198/1048 1684/1265/1115 2095/1266/1116
f 2240/1267/1117 2307/2272/1973 1897/1238/1088
f 1360/1268/1118 1575/1253/1103 2020/1252/1102
f 1896/1228/1078 2086/1227/1077 1669/1269/1119
f 1360/1268/1118 1669/1269/1119 2098/1270/1120
f 1904/1271/1121 2022/2341/4029 1575/1253/1103
f 1347/1195/1045 1889/1194/1044 2303/1272/1122
f 1892/1214/1064 2080/1230/1080 1679/1273/1123
f 1361/1259/1109 1679/1273/1123 2092/1274/1124
f 2238/1220/1070 2309/2271/1972 1903/1262/1112
f 1362/1275/1125 1576/1247/1097 2019/1246/1096
f 1890/1236/1086 2077/1235/1085 1674/1276/1126
f 1362/1275/1125 1674/1276/1126 2089/1277/1127
f 1898/1278/1128 2021/2340/4028 1576/1247/1097
f 1363/1279/1129 1686/1288/1138 2113/1280/1130
f 1385/1282/1132 1919/1393/1243 2314/1283/1133
f 1905/1242/1092 2317/1364/1214 2247/1285/1135
f 1925/1287/1137 2111/1391/1241 1686/1288/1138
f 1364/1286/1136 1693/1297/1147 2116/1289/1139
f 1383/1290/1140 1923/1345/1195 2312/1291/1141
f 1920/1293/1143 2322/1434/1284 2249/1294/1144
f 1913/1296/1146 2102/1343/1193 1693/1297/1147
f 1365/1298/1148 1700/1304/1154 2119/1299/1149
f 1907/1300/1150 2026/1350/1200 1580/1301/1151
f 1365/1298/1148 1580/1301/1151 2023/1302/1152
f 1917/1303/1153 2105/1382/1232 1700/1304/1154
f 1366/1305/1155 1707/1311/1161 2122/1306/1156
f 1909/1307/1157 2025/1354/1204 1579/1308/1158
f 1366/1305/1155 1579/1308/1158 2024/1309/1159
f 1921/1310/1160 2108/1387/1237 1707/1311/1161
f 1390/1312/1162 1926/1392/1242 2321/1313/1163
f 1367/1315/1165 1923/1345/1195 2107/1316/1166
f 1367/1315/1165 1744/1317/1167 2131/1318/1168
f 1913/1296/1146 2311/1396/1246 2252/1320/1170
f 1581/1322/1172 2024/1309/1159 1927/1323/1173
f 1368/1324/1174 1927/1323/1173 2110/1325/1175
f 1368/1324/1174 1729/1326/1176 2134/1327/1177
f 1928/1328/1178 2028/1426/1276 1581/1322/1172
f 1924/1319/1169 2320/1379/1229 2251/1329/1179
f 1369/1295/1145 1919/1393/1243 2104/1330/1180
f 1369/1295/1145 1739/1331/1181 2128/1332/1182
f 1382/1333/1183 1925/1287/1137 2313/1334/1184
f 1582/1336/1186 2023/1302/1152 1915/1337/1187
f 1370/1338/1188 1915/1337/1187 2101/1339/1189
f 1370/1338/1188 1734/1340/1190 2125/1341/1191
f 1916/1342/1192 2027/1420/1270 1582/1336/1186
f 1371/1321/1171 1730/1347/1197 2102/1343/1193
f 2252/1320/1170 2319/1446/1296 1914/1344/1194
f 2251/1329/1179 2312/1291/1141 1923/1345/1195
f 1371/1321/1171 1914/1344/1194 2126/1346/1196
f 1372/1348/1198 1721/1351/1201 2093/1249/1099
f 1899/1248/1098 2021/2340/4028 1578/1349/1199
f 1372/1348/1198 1578/1349/1199 2026/1350/1200
f 1907/1300/1150 2119/1299/1149 1721/1351/1201
f 1373/1352/1202 1724/1355/1205 2096/1255/1105
f 1901/1254/1104 2022/2341/4029 1577/1353/1203
f 1373/1352/1202 1577/1353/1203 2025/1354/1204
f 1909/1307/1157 2122/1306/1156 1724/1355/1205
f 1374/1264/1114 1715/1359/1209 2099/1261/1111
f 1377/1356/1206 1908/1370/1220 2316/1357/1207
f 2241/1358/1208 2310/2270/1971 1900/1257/1107
f 1911/1281/1131 2113/1280/1130 1715/1359/1209
f 1363/1279/1129 1911/1281/1131 2315/1360/1210
f 1375/1239/1089 1902/1196/1046 2095/1266/1116
f 1722/1362/1212 2123/1397/1247 1910/1363/1213
f 1355/1237/1087 2244/1368/1218 2317/1364/1214
f 1577/1353/1203 2022/2341/4029 1904/1271/1121
f 1376/1365/1215 1904/1271/1121 2098/1270/1120
f 1713/1366/1216 2114/1400/1250 1912/1367/1217
f 1376/1365/1215 1912/1367/1217 2025/1354/1204
f 1897/1238/1088 2307/2272/1973 2244/1368/1218
f 1377/1356/1206 1900/1257/1107 2092/1274/1124
f 1719/1369/1219 2120/1402/1252 1908/1370/1220
f 2242/1263/1113 2315/1360/1210 1911/1281/1131
f 1578/1349/1199 2021/2340/4028 1898/1278/1128
f 1378/1371/1221 1898/1278/1128 2089/1277/1127
f 1716/1372/1222 2117/1405/1255 1906/1373/1223
f 1378/1371/1221 1906/1373/1223 2026/1350/1200
f 1750/1374/1224 2126/1346/1196 1914/1344/1194
f 1934/1376/1226 2324/1414/1264 2255/1377/1227
f 1391/1378/1228 2255/1377/1227 2320/1379/1229
f 1379/1375/1225 1929/1408/1258 2138/1380/1230
f 1380/1381/1231 1735/1385/1235 2105/1382/1232
f 1917/1303/1153 2023/1302/1152 1582/1336/1186
f 1582/1336/1186 2027/1420/1270 1918/1383/1233
f 1380/1381/1231 1918/1383/1233 2129/1384/1234
f 1381/1386/1236 1740/1390/1240 2108/1387/1237
f 1921/1310/1160 2024/1309/1159 1581/1322/1172
f 1581/1322/1172 2028/1426/1276 1922/1388/1238
f 1381/1386/1236 1922/1388/1238 2132/1389/1239
f 1382/1333/1183 1725/1395/1245 2111/1391/1241
f 2250/1335/1185 2321/1313/1163 1926/1392/1242
f 2249/1294/1144 2314/1283/1133 1919/1393/1243
f 1382/1333/1183 1926/1392/1242 2135/1394/1244
f 1364/1286/1136 2247/1285/1135 2311/1396/1246
f 1383/1290/1140 1910/1363/1213 2123/1397/1247
f 1712/1398/1248 2107/1316/1166 1923/1345/1195
f 2248/1292/1142 2318/1240/1090 1910/1363/1213
f 1579/1308/1158 2025/1354/1204 1912/1367/1217
f 1384/1399/1249 1912/1367/1217 2114/1400/1250
f 1691/1401/1251 2110/1325/1175 1927/1323/1173
f 1384/1399/1249 1927/1323/1173 2024/1309/1159
f 2245/1361/1211 2313/1334/1184 1925/1287/1137
f 1385/1282/1132 1908/1370/1220 2120/1402/1252
f 1705/1403/1253 2104/1330/1180 1919/1393/1243
f 2246/1284/1134 2316/1357/1207 1908/1370/1220
f 1580/1301/1151 2026/1350/1200 1906/1373/1223
f 1386/1404/1254 1906/1373/1223 2117/1405/1255
f 1698/1406/1256 2101/1339/1189 1915/1337/1187
f 1386/1404/1254 1915/1337/1187 2023/1302/1152
f 2420/1407/1257 2138/1380/1230 1929/1408/1258
f 1399/1410/1260 1942/1459/1309 2328/1411/1261
f 2395/1413/1263 2424/2275/1976 2324/1414/1264
f 1937/1415/1265 2150/1455/1305 1770/1416/1266
f 1755/1418/1268 2129/1384/1234 1918/1383/1233
f 1388/1419/1269 1918/1383/1233 2027/1420/1270
f 1584/1421/1271 2029/1464/1314 1931/1422/1272
f 1388/1419/1269 1931/1422/1272 2141/1423/1273
f 1760/1424/1274 2132/1389/1239 1922/1388/1238
f 1389/1425/1275 1922/1388/1238 2028/1426/1276
f 1583/1427/1277 2030/1472/1322 1933/1428/1278
f 1389/1425/1275 1933/1428/1278 2144/1429/1279
f 1745/1430/1280 2135/1394/1244 1926/1392/1242
f 1932/1431/1281 2326/1483/1333 2253/1432/1282
f 1393/1433/1283 2253/1432/1282 2322/1434/1284
f 1390/1312/1162 1935/1449/1299 2147/1435/1285
f 2394/1436/1286 1935/1449/1299 2325/1437/1287
f 1924/1319/1169 2131/1318/1168 1764/1439/1289
f 1391/1378/1228 1764/1439/1289 2143/1440/1290
f 2256/1441/1291 2323/1498/1348 1929/1408/1258
f 1392/1442/1292 1583/1427/1277 2028/1426/1276
f 1928/1328/1178 2134/1327/1177 1749/1443/1293
f 1392/1442/1292 1749/1443/1293 2146/1444/1294
f 1936/1445/1295 2030/1472/1322 1583/1427/1277
f 1379/1375/1225 1914/1344/1194 2319/1446/1296
f 1920/1293/1143 2128/1332/1182 1759/1447/1297
f 1393/1433/1283 1759/1447/1297 2140/1448/1298
f 2254/1314/1164 2325/1437/1287 1935/1449/1299
f 1394/1450/1300 1584/1421/1271 2027/1420/1270
f 1916/1342/1192 2125/1341/1191 1754/1451/1301
f 1394/1450/1300 1754/1451/1301 2137/1452/1302
f 1930/1453/1303 2029/1464/1314 1584/1421/1271
f 1395/1454/1304 1790/1461/1311 2150/1455/1305
f 1950/1456/1306 2332/1516/1366 2263/1457/1307
f 2263/1457/1307 2328/1411/1261 1942/1459/1309
f 1395/1454/1304 1945/1511/1361 2162/1460/1310
f 2421/1462/1312 2141/1423/1273 1931/1422/1272
f 2392/1463/1313 1931/1422/1272 2029/1464/1314
f 1396/1466/1316 1586/1509/1359 2031/1467/1317
f 1939/1468/1318 2153/1519/1369 1775/1469/1319
f 2422/1470/1320 2144/1429/1279 1933/1428/1278
f 2393/1471/1321 1933/1428/1278 2030/1472/1322
f 1397/1474/1324 1585/1497/1347 2032/1475/1325
f 1941/1476/1326 2156/1525/1375 1780/1477/1327
f 2419/1478/1328 2147/1435/1285 1935/1449/1299
f 1401/1479/1329 1940/1502/1352 2330/1480/1330
f 2397/1482/1332 2423/2274/1975 2326/1483/1333
f 1943/1484/1334 2159/1530/1380 1765/1485/1335
f 1943/1484/1334 2329/1503/1353 2262/1487/1337
f 1934/1376/1226 2143/1440/1290 2416/1489/1339
f 1784/1490/1340 2155/1539/1389 1942/1459/1309
f 1387/1417/1267 2260/2295/1992 2327/1491/1341
f 2396/1492/1342 2407/1473/1323 2030/1472/1322
f 1936/1445/1295 2146/1444/1294 2410/1493/1343
f 1769/1494/1344 2158/1544/1394 1944/1495/1345
f 1400/1496/1346 1944/1495/1345 2032/1475/1325
f 2391/1409/1259 1929/1408/1258 2323/1498/1348
f 1932/1431/1281 2140/1448/1298 2414/1500/1350
f 1779/1501/1351 2152/1548/1398 1940/1502/1352
f 1398/1486/1336 2258/2285/1982 2329/1503/1353
f 2398/1504/1354 2408/1465/1315 2029/1464/1314
f 1930/1453/1303 2137/1452/1302 2412/1505/1355
f 1774/1506/1356 2149/1553/1403 1938/1507/1357
f 1402/1508/1358 1938/1507/1357 2031/1467/1317
f 1810/1510/1360 2162/1460/1310 1945/1511/1361
f 1958/1513/1363 2336/1563/1413 2267/1514/1364
f 1415/1515/1365 2267/1514/1364 2332/1516/1366
f 1403/1512/1362 1953/1558/1408 2174/1517/1367
f 1404/1518/1368 1795/1523/1373 2153/1519/1369
f 1939/1468/1318 2031/1467/1317 1588/1520/1370
f 1588/1520/1370 2033/1567/1417 1947/1521/1371
f 1404/1518/1368 1947/1521/1371 2165/1522/1372
f 1405/1524/1374 1800/1529/1379 2156/1525/1375
f 1941/1476/1326 2032/1475/1325 1587/1526/1376
f 1587/1526/1376 2034/1573/1423 1949/1527/1377
f 1405/1524/1374 1949/1527/1377 2168/1528/1378
f 1406/1488/1338 1785/1535/1385 2159/1530/1380
f 1948/1531/1381 2334/1581/1431 2261/1532/1382
f 2261/1532/1382 2330/1480/1330 1940/1502/1352
f 1406/1488/1338 1951/1551/1401 2171/1534/1384
f 1414/1536/1386 1951/1551/1401 2333/1537/1387
f 1407/1458/1308 1942/1459/1309 2155/1539/1389
f 1407/1458/1308 1804/1540/1390 2167/1541/1391
f 2264/1542/1392 2331/1593/1443 1945/1511/1361
f 1587/1526/1376 2032/1475/1325 1944/1495/1345
f 1408/1543/1393 1944/1495/1345 2158/1544/1394
f 1408/1543/1393 1789/1545/1395 2170/1546/1396
f 1952/1547/1397 2034/1573/1423 1587/1526/1376
f 1937/1415/1265 2327/1491/1341 2264/1542/1392
f 1409/1533/1383 1940/1502/1352 2152/1548/1398
f 1409/1533/1383 1799/1549/1399 2164/1550/1400
f 2262/1487/1337 2333/1537/1387 1951/1551/1401
f 1588/1520/1370 2031/1467/1317 1938/1507/1357
f 1410/1552/1402 1938/1507/1357 2149/1553/1403
f 1410/1552/1402 1794/1554/1404 2161/1555/1405
f 1946/1556/1406 2033/1567/1417 1588/1520/1370
f 1830/1557/1407 2174/1517/1367 1953/1558/1408
f 1966/1560/1410 2340/1607/1457 2271/1561/1411
f 1423/1562/1412 2271/1561/1411 2336/1563/1413
f 1411/1559/1409 1961/1602/1452 2186/1564/1414
f 1815/1565/1415 2165/1522/1372 1947/1521/1371
f 1412/1566/1416 1947/1521/1371 2033/1567/1417
f 1590/1568/1418 2035/1611/1461 1955/1569/1419
f 1412/1566/1416 1955/1569/1419 2177/1570/1420
f 1820/1571/1421 2168/1528/1378 1949/1527/1377
f 1413/1572/1422 1949/1527/1377 2034/1573/1423
f 1589/1574/1424 2036/1617/1467 1957/1575/1425
f 1413/1572/1422 1957/1575/1425 2180/1576/1426
f 1805/1577/1427 2171/1534/1384 1951/1551/1401
f 1956/1578/1428 2338/1625/1475 2265/1579/1429
f 1417/1580/1430 2265/1579/1429 2334/1581/1431
f 1414/1536/1386 1959/1596/1446 2183/1582/1432
f 1422/1583/1433 1959/1596/1446 2337/1584/1434
f 1950/1456/1306 2167/1541/1391 1824/1586/1436
f 1415/1515/1365 1824/1586/1436 2179/1587/1437
f 2268/1588/1438 2335/1637/1487 1953/1558/1408
f 1416/1589/1439 1589/1574/1424 2034/1573/1423
f 1952/1547/1397 2170/1546/1396 1809/1590/1440
f 1416/1589/1439 1809/1590/1440 2182/1591/1441
f 1960/1592/1442 2036/1617/1467 1589/1574/1424
f 1403/1512/1362 1945/1511/1361 2331/1593/1443
f 1948/1531/1381 2164/1550/1400 1819/1594/1444
f 1417/1580/1430 1819/1594/1444 2176/1595/1445
f 2266/1538/1388 2337/1584/1434 1959/1596/1446
f 1418/1597/1447 1590/1568/1418 2033/1567/1417
f 1946/1556/1406 2161/1555/1405 1814/1598/1448
f 1418/1597/1447 1814/1598/1448 2173/1599/1449
f 1954/1600/1450 2035/1611/1461 1590/1568/1418
f 1850/1601/1451 2186/1564/1414 1961/1602/1452
f 1974/1604/1454 2344/2278/1951 2275/1605/1455
f 1431/1606/1456 2275/1605/1455 2340/1607/1457
f 1419/1603/1453 1969/1676/1526 2198/1608/1458
f 1835/1609/1459 2177/1570/1420 1955/1569/1419
f 1420/1610/1460 1955/1569/1419 2035/1611/1461
f 1592/1612/1462 2037/1654/1504 1963/1613/1463
f 1420/1610/1460 1963/1613/1463 2189/1614/1464
f 1840/1615/1465 2180/1576/1426 1957/1575/1425
f 1421/1616/1466 1957/1575/1425 2036/1617/1467
f 1591/1618/1468 2038/1660/1510 1965/1619/1469
f 1421/1616/1466 1965/1619/1469 2192/1620/1470
f 1825/1621/1471 2183/1582/1432 1959/1596/1446
f 1964/1622/1472 2342/1668/1518 2269/1623/1473
f 1425/1624/1474 2269/1623/1473 2338/1625/1475
f 1422/1583/1433 1967/1640/1490 2195/1626/1476
f 1430/1627/1477 1967/1640/1490 2341/1628/1478
f 1958/1513/1363 2179/1587/1437 1844/1630/1480
f 1423/1562/1412 1844/1630/1480 2191/1631/1481
f 2272/1632/1482 2339/1681/1531 1961/1602/1452
f 1424/1633/1483 1591/1618/1468 2036/1617/1467
f 1960/1592/1442 2182/1591/1441 1829/1634/1484
f 1424/1633/1483 1829/1634/1484 2194/1635/1485
f 1968/1636/1486 2038/1660/1510 1591/1618/1468
f 1411/1559/1409 1953/1558/1408 2335/1637/1487
f 1956/1578/1428 2176/1595/1445 1839/1638/1488
f 1425/1624/1474 1839/1638/1488 2188/1639/1489
f 2270/1585/1435 2341/1628/1478 1967/1640/1490
f 1426/1641/1491 1592/1612/1462 2035/1611/1461
f 1954/1600/1450 2173/1599/1449 1834/1642/1492
f 1426/1641/1491 1834/1642/1492 2185/1643/1493
f 1962/1644/1494 2037/1654/1504 1592/1612/1462
f 1996/1645/1495 2216/2224/1939 1999/1646/1496
f 1427/1647/1497 1999/1646/1496 2215/1648/1498
f 1427/1647/1497 1595/1649/1499 2039/1650/1500
f 1970/1651/1501 2197/2225/1537 1996/1645/1495
f 1855/1652/1502 2189/1614/1464 1963/1613/1463
f 1428/1653/1503 1963/1613/1463 2037/1654/1504
f 1594/1655/1505 2039/2342/1500 1971/1656/1506
f 1428/1653/1503 1971/1656/1506 2201/1657/1507
f 1860/1658/1508 2192/1620/1470 1965/1619/1469
f 1429/1659/1509 1965/1619/1469 2038/1660/1510
f 1593/1661/1511 2040/2343/1548 1973/1662/1512
f 1429/1659/1509 1973/1662/1512 2204/1663/1513
f 1845/1664/1514 2195/1626/1476 1967/1640/1490
f 1972/1665/1515 2346/2276/1557 2273/1666/1516
f 1433/1667/1517 2273/1666/1516 2342/1668/1518
f 1430/1627/1477 1975/1684/1534 2207/1669/1519
f 1998/1670/1520 2354/2255/1960 2277/1671/1521
f 1966/1560/1410 2191/1631/1481 1864/1673/1523
f 1431/1606/1456 1864/1673/1523 2203/1674/1524
f 2276/1675/1525 2343/2279/1977 1969/1676/1526
f 1432/1677/1527 1593/1661/1511 2038/1660/1510
f 1968/1636/1486 2194/1635/1485 1849/1678/1528
f 1432/1677/1527 1849/1678/1528 2206/1679/1529
f 1976/1680/1530 2040/2343/1548 1593/1661/1511
f 1419/1603/1453 1961/1602/1452 2339/1681/1531
f 1964/1622/1472 2188/1639/1489 1859/1682/1532
f 1433/1667/1517 1859/1682/1532 2200/1683/1533
f 2274/1629/1479 2345/2277/1943 1975/1684/1534
f 1434/1685/1535 1594/1655/1505 2037/1654/1504
f 1962/1644/1494 2185/1643/1493 1854/1686/1536
f 1434/1685/1535 1854/1686/1536 2197/1687/1537
f 1970/1688/1501 2039/2342/1500 1594/1655/1505
f 1435/1689/1538 2012/1697/1544 2220/1690/1539
f 1435/1689/1538 2008/1691/1540 2200/1692/1533
f 1435/1689/1538 1858/1693/1541 2202/1694/1542
f 1435/1689/1538 1856/1695/1543 2201/1696/1507
f 2004/1698/1545 2218/2219/1935 2003/1699/1546
f 2003/1699/1546 2204/2218/1513 1973/1701/1512
f 1436/1700/1547 1973/1701/1512 2040/1702/1548
f 1436/1700/1547 2002/1703/1549 2217/1704/1550
f 2010/1705/1551 2219/2251/1956 2007/1706/1552
f 2007/1706/1552 2207/2250/1519 1975/1708/1534
f 1558/1709/1554 2009/2236/1947 2356/1710/1555
f 1558/1709/1554 2279/1711/1556 2346/1712/1557
f 1597/1714/984 2050/1114/970 1598/1118/974
f 1438/1715/1558 1598/1118/974 2063/1169/1019
f 1599/1716/1559 2064/1757/1592 1600/1717/1560
f 1438/1715/1558 1600/1717/1560 2052/1718/985
f 1601/1719/986 2052/2344/985 1600/1720/1560
f 1600/1720/1560 2064/1759/1592 1602/1722/1562
f 1439/1721/1561 1602/1722/1562 2062/1182/1032
f 1603/1067/923 2051/1066/922 1601/1719/986
f 1604/1723/1563 2041/2158/1893 1605/1724/1564
f 1440/1725/1565 1605/1724/1564 2054/1097/953
f 1606/1726/1566 2055/1766/1599 1607/1727/1567
f 1440/1725/1565 1607/1727/1567 2043/1728/1568
f 1441/1729/1569 1608/1733/1571 2043/1730/1568
f 1607/1731/1567 2055/1768/1599 1609/1732/1570
f 1441/1729/1569 1609/1732/1570 2053/1190/1040
f 1610/1093/949 2042/1092/948 1608/1733/1571
f 1611/1734/1572 2044/1105/961 1612/1108/964
f 1442/1735/1573 1612/1108/964 2057/1158/1008
f 1613/1736/1574 2058/1774/1605 1614/1737/1575
f 1614/1737/1575 2046/2345/1577 1611/1734/1572
f 1443/1738/1576 1615/1742/1579 2046/1739/1577
f 1614/1740/1575 2058/1776/1605 1616/1741/1578
f 1443/1738/1576 1616/1741/1578 2056/1186/1036
f 1617/1075/931 2045/1074/930 1615/1742/1579
f 1618/1743/1580 2047/1110/966 1619/1113/969
f 1444/1744/1581 1619/1113/969 2060/1164/1014
f 1620/1745/1582 2061/1783/1612 1621/1746/1583
f 1444/1744/1581 1621/1746/1583 2049/1747/1584
f 1445/1748/1585 1622/1752/1587 2049/1749/1584
f 1621/1750/1583 2061/1785/1612 1623/1751/1586
f 1445/1748/1585 1623/1751/1586 2059/1178/1028
f 1624/1084/940 2048/1083/939 1622/1752/1587
f 1599/1716/1559 2063/1169/1019 1625/1174/1024
f 1446/1753/1588 1625/1174/1024 2075/1754/1589
f 1626/1755/1590 2076/2346/1621 1627/1756/1591
f 1446/1753/1588 1627/1756/1591 2064/1757/1592
f 1447/1758/1593 1602/1722/1562 2064/1759/1592
f 1627/1760/1591 2076/1794/1621 1628/1761/1594
f 1447/1758/1593 1628/1761/1594 2074/1225/1075
f 1629/1183/1033 2062/1182/1032 1602/1722/1562
f 1606/1726/1566 2054/1097/953 1630/1103/959
f 1448/1762/1595 1630/1103/959 2066/1763/1596
f 1631/1764/1597 2067/2347/1628 1632/1765/1598
f 1448/1762/1595 1632/1765/1598 2055/1766/1599
f 1449/1767/1600 1609/1732/1570 2055/1768/1599
f 1632/1769/1598 2067/1803/1628 1633/1770/1601
f 1449/1767/1600 1633/1770/1601 2065/1233/1083
f 1634/1191/1041 2053/1190/1040 1609/1732/1570
f 1613/1736/1574 2057/1158/1008 1635/1162/1012
f 1450/1771/1602 1635/1162/1012 2069/1202/1052
f 1636/1772/1603 2070/1811/1634 1637/1773/1604
f 1450/1771/1602 1637/1773/1604 2058/1774/1605
f 1451/1775/1606 1616/1741/1578 2058/1776/1605
f 1637/1777/1604 2070/2348/1634 1638/1778/1607
f 1451/1775/1606 1638/1778/1607 2068/1779/1608
f 1639/1187/1037 2056/1186/1036 1616/1741/1578
f 1620/1745/1582 2060/1164/1014 1640/1168/1018
f 1452/1780/1609 1640/1168/1018 2072/1208/1058
f 1641/1781/1610 2073/1820/1641 1642/1782/1611
f 1452/1780/1609 1642/1782/1611 2061/1783/1612
f 1453/1784/1613 1623/1751/1586 2061/1785/1612
f 1642/1786/1611 2073/2349/1641 1643/1787/1614
f 1453/1784/1613 1643/1787/1614 2071/1788/1615
f 1644/1179/1029 2059/1178/1028 1623/1751/1586
f 1626/1755/1590 2075/1754/1589 1645/1213/1063
f 1645/1213/1063 2087/1217/1067 1646/1790/1617
f 1454/1789/1616 1646/1790/1617 2088/1791/1618
f 1647/1792/1619 2076/2346/1621 1626/1755/1590
f 1455/1793/1620 1628/1761/1594 2076/1794/1621
f 1455/1793/1620 1647/1795/1619 2088/1796/1618
f 1648/1797/1622 2086/1227/1077 1649/1226/1076
f 1649/1226/1076 2074/1225/1075 1628/1761/1594
f 1631/1764/1597 2066/1763/1596 1650/1150/1000
f 1650/1150/1000 2078/1156/1006 1651/1799/1624
f 1456/1798/1623 1651/1799/1624 2079/1800/1625
f 1652/1801/1626 2067/2347/1628 1631/1764/1597
f 1457/1802/1627 1633/1770/1601 2067/1803/1628
f 1457/1802/1627 1652/1804/1626 2079/1805/1625
f 1653/1806/1629 2077/1235/1085 1654/1234/1084
f 1654/1234/1084 2065/1233/1083 1633/1770/1601
f 1636/1772/1603 2069/1202/1052 1655/1206/1056
f 1655/1206/1056 2081/1205/1055 1656/1808/1631
f 1458/1807/1630 1656/1808/1631 2082/1809/1632
f 1458/1807/1630 1657/1810/1633 2070/1811/1634
f 1638/1778/1607 2070/2348/1634 1657/1812/1633
f 1459/1813/1635 1657/1812/1633 2082/1814/1632
f 1658/1815/1636 2080/1230/1080 1659/1229/1079
f 1659/1229/1079 2068/1779/1608 1638/1778/1607
f 1641/1781/1610 2072/1208/1058 1660/1212/1062
f 1660/1212/1062 2084/1211/1061 1661/1817/1638
f 1460/1816/1637 1661/1817/1638 2085/1818/1639
f 1460/1816/1637 1662/1819/1640 2073/1820/1641
f 1643/1787/1614 2073/2349/1641 1662/1821/1640
f 1461/1822/1642 1662/1821/1640 2085/1823/1639
f 1663/1824/1643 2083/1222/1072 1664/1221/1071
f 1664/1221/1071 2071/1788/1615 1643/1787/1614
f 1462/1825/1644 1646/1790/1617 2087/1217/1067
f 1665/1256/1106 2099/1261/1111 1666/1826/1645
f 1462/1825/1644 1666/1826/1645 2100/1827/1646
f 1667/1828/1647 2088/1791/1618 1646/1790/1617
f 1648/1797/1622 2088/1796/1618 1667/1829/1647
f 1463/1830/1648 1667/1829/1647 2100/1831/1646
f 1668/1832/1649 2098/1270/1120 1669/1269/1119
f 1463/1830/1648 1669/1269/1119 2086/1227/1077
f 1464/1833/1650 1651/1799/1624 2078/1156/1006
f 1670/1193/1043 2090/1200/1050 1671/1834/1651
f 1464/1833/1650 1671/1834/1651 2091/1835/1652
f 1672/1836/1653 2079/1800/1625 1651/1799/1624
f 1653/1806/1629 2079/1805/1625 1672/1837/1653
f 1465/1838/1654 1672/1837/1653 2091/1839/1652
f 1673/1840/1655 2089/1277/1127 1674/1276/1126
f 1465/1838/1654 1674/1276/1126 2077/1235/1085
f 1466/1841/1656 1656/1808/1631 2081/1205/1055
f 1675/1244/1094 2093/1249/1099 1676/1842/1657
f 1466/1841/1656 1676/1842/1657 2094/1843/1658
f 1677/1844/1659 2082/1809/1632 1656/1808/1631
f 1658/1815/1636 2082/1814/1632 1677/1845/1659
f 1467/1846/1660 1677/1845/1659 2094/1847/1658
f 1678/1848/1661 2092/1274/1124 1679/1273/1123
f 1467/1846/1660 1679/1273/1123 2080/1230/1080
f 1468/1849/1662 1661/1817/1638 2084/1211/1061
f 1680/1250/1100 2096/1255/1105 1681/1850/1663
f 1468/1849/1662 1681/1850/1663 2097/1851/1664
f 1682/1852/1665 2085/1818/1639 1661/1817/1638
f 1663/1824/1643 2085/1823/1639 1682/1853/1665
f 1469/1854/1666 1682/1853/1665 2097/1855/1664
f 1683/1856/1667 2095/1266/1116 1684/1265/1115
f 1469/1854/1666 1684/1265/1115 2083/1222/1072
f 1685/1857/1668 2113/1280/1130 1686/1288/1138
f 1470/1858/1669 1686/1288/1138 2111/1391/1241
f 1687/1859/1670 2112/1917/1717 1688/1860/1671
f 1470/1858/1669 1688/1860/1671 2115/1861/1672
f 1471/1862/1673 1689/1866/1675 2115/1863/1672
f 1688/1864/1671 2112/1919/1717 1690/1865/1674
f 1471/1862/1673 1690/1865/1674 2110/1325/1175
f 1691/1401/1251 2114/1400/1250 1689/1866/1675
f 1692/1867/1676 2116/1289/1139 1693/1297/1147
f 1472/1868/1677 1693/1297/1147 2102/1343/1193
f 1694/1869/1678 2103/1927/1724 1695/1870/1679
f 1472/1868/1677 1695/1870/1679 2118/1871/1680
f 1473/1872/1681 1696/1876/1683 2118/1873/1680
f 1695/1874/1679 2103/1929/1724 1697/1875/1682
f 1473/1872/1681 1697/1875/1682 2101/1339/1189
f 1698/1406/1256 2117/1405/1255 1696/1876/1683
f 1699/1877/1684 2119/1299/1149 1700/1304/1154
f 1474/1878/1685 1700/1304/1154 2105/1382/1232
f 1701/1879/1686 2106/1936/1691 1702/1880/1687
f 1474/1878/1685 1702/1880/1687 2121/1881/1688
f 1703/1882/1689 2121/2350/1688 1702/1883/1687
f 1475/1884/1690 1702/1883/1687 2106/1885/1691
f 1475/1884/1690 1704/1886/1692 2104/1330/1180
f 1705/1403/1253 2120/1402/1252 1703/1882/1689
f 1706/1887/1693 2122/1306/1156 1707/1311/1161
f 1476/1888/1694 1707/1311/1161 2108/1387/1237
f 1708/1889/1695 2109/1944/1736 1709/1890/1696
f 1476/1888/1694 1709/1890/1696 2124/1891/1697
f 1477/1892/1698 1710/1896/1700 2124/1893/1697
f 1709/1894/1696 2109/1946/1736 1711/1895/1699
f 1477/1892/1698 1711/1895/1699 2107/1316/1166
f 1712/1398/1248 2123/1397/1247 1710/1896/1700
f 1478/1897/1701 1689/1866/1675 2114/1400/1250
f 1713/1366/1216 2098/1270/1120 1668/1832/1649
f 1478/1897/1701 1668/1832/1649 2100/1831/1646
f 1714/1898/1702 2115/1863/1672 1689/1866/1675
f 1685/1857/1668 2115/1861/1672 1714/1899/1702
f 1479/1900/1703 1714/1899/1702 2100/1827/1646
f 1666/1826/1645 2099/1261/1111 1715/1359/1209
f 1479/1900/1703 1715/1359/1209 2113/1280/1130
f 1480/1901/1704 1696/1876/1683 2117/1405/1255
f 1716/1372/1222 2089/1277/1127 1673/1840/1655
f 1480/1901/1704 1673/1840/1655 2091/1839/1652
f 1717/1902/1705 2118/1873/1680 1696/1876/1683
f 1692/1867/1676 2118/1871/1680 1717/1903/1705
f 1481/1904/1706 1717/1903/1705 2091/1835/1652
f 1671/1834/1651 2090/1200/1050 1718/1243/1093
f 1481/1904/1706 1718/1243/1093 2116/1289/1139
f 1482/1905/1707 1703/1882/1689 2120/1402/1252
f 1719/1369/1219 2092/1274/1124 1678/1848/1661
f 1482/1905/1707 1678/1848/1661 2094/1847/1658
f 1720/1906/1708 2121/2350/1688 1703/1882/1689
f 1699/1877/1684 2121/1881/1688 1720/1907/1708
f 1483/1908/1709 1720/1907/1708 2094/1843/1658
f 1676/1842/1657 2093/1249/1099 1721/1351/1201
f 1483/1908/1709 1721/1351/1201 2119/1299/1149
f 1484/1909/1710 1710/1896/1700 2123/1397/1247
f 1722/1362/1212 2095/1266/1116 1683/1856/1667
f 1484/1909/1710 1683/1856/1667 2097/1855/1664
f 1723/1910/1711 2124/1893/1697 1710/1896/1700
f 1706/1887/1693 2124/1891/1697 1723/1911/1711
f 1485/1912/1712 1723/1911/1711 2097/1851/1664
f 1681/1850/1663 2096/1255/1105 1724/1355/1205
f 1485/1912/1712 1724/1355/1205 2122/1306/1156
f 1687/1859/1670 2111/1391/1241 1725/1395/1245
f 1725/1395/1245 2135/1394/1244 1726/1914/1714
f 1486/1913/1713 1726/1914/1714 2136/1915/1715
f 1486/1913/1713 1727/1916/1716 2112/1917/1717
f 1487/1918/1718 1690/1865/1674 2112/1919/1717
f 1487/1918/1718 1727/1920/1716 2136/1921/1715
f 1728/1922/1719 2134/1327/1177 1729/1326/1176
f 1729/1326/1176 2110/1325/1175 1690/1865/1674
f 1694/1869/1678 2102/1343/1193 1730/1347/1197
f 1730/1347/1197 2126/1346/1196 1731/1924/1721
f 1488/1923/1720 1731/1924/1721 2127/1925/1722
f 1488/1923/1720 1732/1926/1723 2103/1927/1724
f 1489/1928/1725 1697/1875/1682 2103/1929/1724
f 1489/1928/1725 1732/1930/1723 2127/1931/1722
f 1733/1932/1726 2125/1341/1191 1734/1340/1190
f 1734/1340/1190 2101/1339/1189 1697/1875/1682
f 1701/1879/1686 2105/1382/1232 1735/1385/1235
f 1735/1385/1235 2129/1384/1234 1736/1934/1728
f 1736/1934/1728 2130/2351/1731 1737/1935/1729
f 1490/1933/1727 1737/1935/1729 2106/1936/1691
f 1704/1886/1692 2106/1885/1691 1737/1937/1729
f 1491/1938/1730 1737/1937/1729 2130/1939/1731
f 1738/1940/1732 2128/1332/1182 1739/1331/1181
f 1739/1331/1181 2104/1330/1180 1704/1886/1692
f 1708/1889/1695 2108/1387/1237 1740/1390/1240
f 1740/1390/1240 2132/1389/1239 1741/1942/1734
f 1741/1942/1734 2133/2352/1738 1742/1943/1735
f 1492/1941/1733 1742/1943/1735 2109/1944/1736
f 1493/1945/1737 1711/1895/1699 2109/1946/1736
f 1493/1945/1737 1742/1947/1735 2133/1948/1738
f 1743/1949/1739 2131/1318/1168 1744/1317/1167
f 1744/1317/1167 2107/1316/1166 1711/1895/1699
f 1494/1950/1740 1726/1914/1714 2135/1394/1244
f 1745/1430/1280 2147/1435/1285 1746/1951/1741
f 1494/1950/1740 1746/1951/1741 2148/1952/1742
f 1747/1953/1743 2136/1915/1715 1726/1914/1714
f 1728/1922/1719 2136/1921/1715 1747/1954/1743
f 1495/1955/1744 1747/1954/1743 2148/1956/1742
f 1748/1957/1745 2146/1444/1294 1749/1443/1293
f 1495/1955/1744 1749/1443/1293 2134/1327/1177
f 1496/1958/1746 1731/1924/1721 2126/1346/1196
f 1750/1374/1224 2138/1380/1230 1751/1959/1747
f 1496/1958/1746 1751/1959/1747 2139/1960/1748
f 1752/1961/1749 2127/1925/1722 1731/1924/1721
f 1733/1932/1726 2127/1931/1722 1752/1962/1749
f 1497/1963/1750 1752/1962/1749 2139/1964/1748
f 1753/1965/1751 2137/1452/1302 1754/1451/1301
f 1497/1963/1750 1754/1451/1301 2125/1341/1191
f 1498/1966/1752 1736/1934/1728 2129/1384/1234
f 1755/1418/1268 2141/1423/1273 1756/1967/1753
f 1498/1966/1752 1756/1967/1753 2142/1968/1754
f 1757/1969/1755 2130/2351/1731 1736/1934/1728
f 1738/1940/1732 2130/1939/1731 1757/1970/1755
f 1499/1971/1756 1757/1970/1755 2142/1972/1754
f 1758/1973/1757 2140/1448/1298 1759/1447/1297
f 1499/1971/1756 1759/1447/1297 2128/1332/1182
f 1500/1974/1758 1741/1942/1734 2132/1389/1239
f 1760/1424/1274 2144/1429/1279 1761/1975/1759
f 1500/1974/1758 1761/1975/1759 2145/1976/1760
f 1762/1977/1761 2133/2352/1738 1741/1942/1734
f 1743/1949/1739 2133/1948/1738 1762/1978/1761
f 1501/1979/1762 1762/1978/1761 2145/1980/1760
f 1763/1981/1763 2143/1440/1290 1764/1439/1289
f 1501/1979/1762 1764/1439/1289 2131/1318/1168
f 2399/1982/1764 1746/1951/1741 2147/1435/1285
f 1502/1983/1765 1765/1485/1335 2159/1530/1380
f 1766/1984/1766 2160/2026/1800 1767/1985/1767
f 2409/1986/1768 2148/1952/1742 1746/1951/1741
f 1748/1957/1745 2148/1956/1742 2409/1987/1768
f 1767/1989/1767 2160/2028/1800 1768/1990/1770
f 1503/1991/1771 1768/1990/1770 2158/1544/1394
f 2400/1988/1769 2410/1493/1343 2146/1444/1294
f 2401/1992/1772 1751/1959/1747 2138/1380/1230
f 1504/1993/1773 1770/1416/1266 2150/1455/1305
f 1771/1994/1774 2151/2036/1807 1772/1995/1775
f 2411/1996/1776 2139/1960/1748 1751/1959/1747
f 1753/1965/1751 2139/1964/1748 2411/1997/1776
f 1772/1999/1775 2151/2038/1807 1773/2000/1778
f 1505/2001/1779 1773/2000/1778 2149/1553/1403
f 2402/1998/1777 2412/1505/1355 2137/1452/1302
f 2403/2002/1780 1756/1967/1753 2141/1423/1273
f 1506/2003/1781 1775/1469/1319 2153/1519/1369
f 1776/2004/1782 2154/2046/1814 1777/2005/1783
f 2413/2006/1784 2142/1968/1754 1756/1967/1753
f 1758/1973/1757 2142/1972/1754 2413/2007/1784
f 1777/2009/1783 2154/2048/1814 1778/2010/1786
f 1507/2011/1787 1778/2010/1786 2152/1548/1398
f 2404/2008/1785 2414/1500/1350 2140/1448/1298
f 2405/2012/1788 1761/1975/1759 2144/1429/1279
f 1508/2013/1789 1780/1477/1327 2156/1525/1375
f 1781/2014/1790 2157/2056/1821 1782/2015/1791
f 2415/2016/1792 2145/1976/1760 1761/1975/1759
f 1763/1981/1763 2145/1980/1760 2415/2017/1792
f 1782/2019/1791 2157/2058/1821 1783/2020/1794
f 1509/2021/1795 1783/2020/1794 2155/1539/1389
f 2406/2018/1793 2416/1489/1339 2143/1440/1290
f 1766/1984/1766 2159/1530/1380 1785/1535/1385
f 1785/1535/1385 2171/1534/1384 1786/2023/1797
f 1510/2022/1796 1786/2023/1797 2172/2024/1798
f 1510/2022/1796 1787/2025/1799 2160/2026/1800
f 1511/2027/1801 1768/1990/1770 2160/2028/1800
f 1511/2027/1801 1787/2029/1799 2172/2030/1798
f 1788/2031/1802 2170/1546/1396 1789/1545/1395
f 1789/1545/1395 2158/1544/1394 1768/1990/1770
f 1771/1994/1774 2150/1455/1305 1790/1461/1311
f 1790/1461/1311 2162/1460/1310 1791/2033/1804
f 1512/2032/1803 1791/2033/1804 2163/2034/1805
f 1512/2032/1803 1792/2035/1806 2151/2036/1807
f 1513/2037/1808 1773/2000/1778 2151/2038/1807
f 1513/2037/1808 1792/2039/1806 2163/2040/1805
f 1793/2041/1809 2161/1555/1405 1794/1554/1404
f 1794/1554/1404 2149/1553/1403 1773/2000/1778
f 1776/2004/1782 2153/1519/1369 1795/1523/1373
f 1795/1523/1373 2165/1522/1372 1796/2043/1811
f 1514/2042/1810 1796/2043/1811 2166/2044/1812
f 1514/2042/1810 1797/2045/1813 2154/2046/1814
f 1515/2047/1815 1778/2010/1786 2154/2048/1814
f 1515/2047/1815 1797/2049/1813 2166/2050/1812
f 1798/2051/1816 2164/1550/1400 1799/1549/1399
f 1799/1549/1399 2152/1548/1398 1778/2010/1786
f 1781/2014/1790 2156/1525/1375 1800/1529/1379
f 1800/1529/1379 2168/1528/1378 1801/2053/1818
f 1516/2052/1817 1801/2053/1818 2169/2054/1819
f 1516/2052/1817 1802/2055/1820 2157/2056/1821
f 1517/2057/1822 1783/2020/1794 2157/2058/1821
f 1517/2057/1822 1802/2059/1820 2169/2060/1819
f 1803/2061/1823 2167/1541/1391 1804/1540/1390
f 1804/1540/1390 2155/1539/1389 1783/2020/1794
f 1518/2062/1824 1786/2023/1797 2171/1534/1384
f 1805/1577/1427 2183/1582/1432 1806/2063/1825
f 1518/2062/1824 1806/2063/1825 2184/2064/1826
f 1807/2065/1827 2172/2024/1798 1786/2023/1797
f 1788/2031/1802 2172/2030/1798 1807/2066/1827
f 1519/2067/1828 1807/2066/1827 2184/2068/1826
f 1808/2069/1829 2182/1591/1441 1809/1590/1440
f 1519/2067/1828 1809/1590/1440 2170/1546/1396
f 1520/2070/1830 1791/2033/1804 2162/1460/1310
f 1810/1510/1360 2174/1517/1367 1811/2071/1831
f 1520/2070/1830 1811/2071/1831 2175/2072/1832
f 1812/2073/1833 2163/2034/1805 1791/2033/1804
f 1793/2041/1809 2163/2040/1805 1812/2074/1833
f 1521/2075/1834 1812/2074/1833 2175/2076/1832
f 1813/2077/1835 2173/1599/1449 1814/1598/1448
f 1521/2075/1834 1814/1598/1448 2161/1555/1405
f 1522/2078/1836 1796/2043/1811 2165/1522/1372
f 1815/1565/1415 2177/1570/1420 1816/2079/1837
f 1522/2078/1836 1816/2079/1837 2178/2080/1838
f 1817/2081/1839 2166/2044/1812 1796/2043/1811
f 1798/2051/1816 2166/2050/1812 1817/2082/1839
f 1523/2083/1840 1817/2082/1839 2178/2084/1838
f 1818/2085/1841 2176/1595/1445 1819/1594/1444
f 1523/2083/1840 1819/1594/1444 2164/1550/1400
f 1524/2086/1842 1801/2053/1818 2168/1528/1378
f 1820/1571/1421 2180/1576/1426 1821/2087/1843
f 1524/2086/1842 1821/2087/1843 2181/2088/1844
f 1822/2089/1845 2169/2054/1819 1801/2053/1818
f 1803/2061/1823 2169/2060/1819 1822/2090/1845
f 1525/2091/1846 1822/2090/1845 2181/2092/1844
f 1823/2093/1847 2179/1587/1437 1824/1586/1436
f 1525/2091/1846 1824/1586/1436 2167/1541/1391
f 1526/2094/1848 1806/2063/1825 2183/1582/1432
f 1825/1621/1471 2195/1626/1476 1826/2095/1849
f 1526/2094/1848 1826/2095/1849 2196/2096/1850
f 1827/2097/1851 2184/2064/1826 1806/2063/1825
f 1808/2069/1829 2184/2068/1826 1827/2098/1851
f 1527/2099/1852 1827/2098/1851 2196/2100/1850
f 1828/2101/1853 2194/1635/1485 1829/1634/1484
f 1527/2099/1852 1829/1634/1484 2182/1591/1441
f 1528/2102/1854 1811/2071/1831 2174/1517/1367
f 1830/1557/1407 2186/1564/1414 1831/2103/1855
f 1528/2102/1854 1831/2103/1855 2187/2104/1856
f 1832/2105/1857 2175/2072/1832 1811/2071/1831
f 1813/2077/1835 2175/2076/1832 1832/2106/1857
f 1529/2107/1858 1832/2106/1857 2187/2108/1856
f 1833/2109/1859 2185/1643/1493 1834/1642/1492
f 1529/2107/1858 1834/1642/1492 2173/1599/1449
f 1530/2110/1860 1816/2079/1837 2177/1570/1420
f 1835/1609/1459 2189/1614/1464 1836/2111/1861
f 1530/2110/1860 1836/2111/1861 2190/2112/1862
f 1837/2113/1863 2178/2080/1838 1816/2079/1837
f 1818/2085/1841 2178/2084/1838 1837/2114/1863
f 1531/2115/1864 1837/2114/1863 2190/2116/1862
f 1838/2117/1865 2188/1639/1489 1839/1638/1488
f 1531/2115/1864 1839/1638/1488 2176/1595/1445
f 1532/2118/1866 1821/2087/1843 2180/1576/1426
f 1840/1615/1465 2192/1620/1470 1841/2119/1867
f 1532/2118/1866 1841/2119/1867 2193/2120/1868
f 1842/2121/1869 2181/2088/1844 1821/2087/1843
f 1823/2093/1847 2181/2092/1844 1842/2122/1869
f 1533/2123/1870 1842/2122/1869 2193/2124/1868
f 1843/2125/1871 2191/1631/1481 1844/1630/1480
f 1533/2123/1870 1844/1630/1480 2179/1587/1437
f 1534/2126/1872 1826/2095/1849 2195/1626/1476
f 1845/1664/1514 2207/1669/1519 1846/2127/1873
f 1534/2126/1872 1846/2127/1873 2208/2128/1874
f 1847/2129/1875 2196/2096/1850 1826/2095/1849
f 1828/2101/1853 2196/2100/1850 1847/2130/1875
f 1535/2131/1876 1847/2130/1875 2208/2132/1874
f 1848/2133/1877 2206/1679/1529 1849/1678/1528
f 1535/2131/1876 1849/1678/1528 2194/1635/1485
f 1536/2134/1878 1831/2103/1855 2186/1564/1414
f 1850/1601/1451 2198/1608/1458 1851/2135/1879
f 1536/2134/1878 1851/2135/1879 2199/2136/1880
f 1852/2137/1881 2187/2104/1856 1831/2103/1855
f 1833/2109/1859 2187/2108/1856 1852/2138/1881
f 1537/2139/1882 1852/2138/1881 2199/2140/1880
f 1853/2141/1883 2197/1687/1537 1854/1686/1536
f 1537/2139/1882 1854/1686/1536 2185/1643/1493
f 1538/2142/1884 1836/2111/1861 2189/1614/1464
f 1855/1652/1502 2201/1657/1507 1856/2143/1543
f 1538/2142/1884 1856/2143/1543 2202/2144/1542
f 1857/2145/1885 2190/2112/1862 1836/2111/1861
f 1838/2117/1865 2190/2116/1862 1857/2146/1885
f 1539/2147/1886 1857/2146/1885 2202/2148/1542
f 1858/2149/1541 2200/1683/1533 1859/1682/1532
f 1539/2147/1886 1859/1682/1532 2188/1639/1489
f 1540/2150/1887 1841/2119/1867 2192/1620/1470
f 1860/1658/1508 2204/1663/1513 1861/2151/1888
f 1540/2150/1887 1861/2151/1888 2205/2152/1889
f 1862/2153/1890 2193/2120/1868 1841/2119/1867
f 1843/2125/1871 2193/2124/1868 1862/2154/1890
f 1541/2155/1891 1862/2154/1890 2205/2156/1889
f 1863/2157/1892 2203/1674/1524 1864/1673/1523
f 1541/2155/1891 1864/1673/1523 2191/1631/1481
f 1542/1088/944 1605/1724/1564 2041/2158/1893
f 1542/1088/944 2228/1087/943 2295/2159/1894
f 2227/1072/928 2290/2353/1968 1875/2160/1895
f 1866/1098/954 2054/1097/953 1605/1724/1564
f 1994/2161/1896 2044/2354/961 1611/2162/1572
f 1543/2163/1897 1611/2162/1572 2046/2164/1577
f 1543/2163/1897 1615/2165/1579 2045/1137/930
f 1543/2163/1897 1990/1135/989 2214/2166/1898
f 1548/2167/1899 2281/2174/1906 2293/2168/1900
f 1544/2170/1902 1981/2179/1910 2210/2171/1903
f 1979/1143/994 2209/1149/999 1568/2172/1904
f 1985/2173/1905 2349/2199/1923 2281/2174/1906
f 1871/1138/973 2292/2267/1970 2224/2175/1907
f 1865/2176/942 2041/2355/1893 1980/2177/1908
f 1980/2177/1908 2210/2171/1903 1981/2179/1910
f 1875/2180/1895 2290/2265/1968 2222/2181/1911
f 1622/2183/1587 2048/2356/939 1988/2184/1913
f 1546/2185/1914 1988/2184/1913 2212/2186/1915
f 1982/1119/975 2047/2336/966 1618/2187/1580
f 1546/2185/1914 1618/2187/1580 2049/2188/1584
f 1980/2177/1908 2041/2355/1893 1604/2189/1563
f 1547/2190/1916 1604/2189/1563 2043/2191/1568
f 1608/2192/1571 2042/2339/948 1983/1144/995
f 1547/2190/1916 1983/1144/995 2210/2171/1903
f 2282/2193/1917 2350/2264/1967 1981/2179/1910
f 1991/1134/988 2351/2196/1920 2283/2194/1918
f 1984/2169/1901 2211/1122/978 1986/1120/976
f 1548/2167/1899 1986/1120/976 2212/2186/1915
f 1337/1136/990 2224/2175/1907 2351/2196/1920
f 1328/1073/929 1872/1076/932 2298/2197/1921
f 1549/1139/991 1877/1142/933 2050/1129/970
f 1989/1128/983 2213/1127/982 1992/2198/1922
f 1550/2182/1912 2222/2181/1911 2349/2199/1923
f 1545/2178/1909 2221/2266/1969 2289/2200/1924
f 1985/2173/1905 2212/2186/1915 1988/2184/1913
f 1988/2184/1913 2048/2356/939 1875/2180/1895
f 1568/2172/1904 2209/1149/999 1978/2201/1925
f 1551/2195/1919 1978/2201/1925 2214/2166/1898
f 1552/2202/1926 1984/2169/1901 2293/2168/1900
f 1969/2204/1526 2343/2280/1977 2286/2205/1928
f 2284/2203/1927 2352/1140/992 1992/2198/1922
f 1551/2195/1919 2283/2194/1918 2294/2207/1930
f 1552/2202/1926 1992/2198/1922 2213/1127/982
f 1987/2208/1931 2211/1122/978 1984/2169/1901
f 1553/2209/1932 1567/1123/979 2211/1122/978
f 1987/2208/1931 2213/1127/982 1993/1133/987
f 1993/1133/987 2051/2337/922 1879/2210/920
f 1553/2209/1932 1879/2210/920 2014/1124/980
f 1554/2211/1933 1977/1148/998 2013/1147/997
f 1869/2212/962 2044/2354/961 1994/2161/1896
f 1994/2161/1896 2214/2166/1898 1978/2201/1925
f 1554/2211/1933 1978/2201/1925 2209/1149/999
f 1555/2213/1934 2006/2220/1936 2203/2214/1524
f 1555/2213/1934 1863/2215/1892 2205/2216/1889
f 1555/2213/1934 1861/2217/1888 2204/2218/1513
f 1555/2213/1934 2003/1699/1546 2218/2219/1935
f 1556/2221/1937 1851/2228/1879 2198/2222/1458
f 1556/2221/1937 2001/2223/1938 2216/2224/1939
f 1556/2221/1937 1996/1645/1495 2197/2225/1537
f 1556/2221/1937 1853/2226/1883 2199/2227/1880
f 1560/2229/1940 1596/2243/1953 2348/2230/1941
f 1437/1707/1553 1975/1708/1534 2345/2232/1943
f 1997/2234/1945 2215/1648/1498 1999/1646/1496
f 1557/1672/1522 1999/1646/1496 2216/2224/1939
f 1437/1707/1553 2280/2233/1944 2355/2235/1946
f 1544/2170/1902 1568/2172/1904 2294/2207/1930
f 1972/1713/1515 2200/1692/1533 2008/1691/1540
f 2008/1691/1540 2220/1690/1539 2009/2236/1947
f 1562/2237/1948 1995/2244/1954 2353/2238/1949
f 1562/2237/1948 2285/2239/1950 2344/2240/1951
f 1998/1670/1520 2216/2224/1939 2001/2223/1938
f 2001/2223/1938 2198/2222/1458 1969/2204/1526
f 1557/1672/1522 2277/1671/1521 2347/2242/1952
f 1560/2229/1940 1995/2244/1954 2218/2219/1935
f 2004/1698/1545 2217/1704/1550 1596/2243/1953
f 2278/2231/1942 2353/2238/1949 1995/2244/1954
f 1561/2245/1955 2011/2252/1957 2206/2246/1529
f 1561/2245/1955 1848/2247/1877 2208/2248/1874
f 1561/2245/1955 1846/2249/1873 2207/2250/1519
f 1561/2245/1955 2007/1706/1552 2219/2251/1956
f 1563/2253/1958 1997/2234/1945 2347/2242/1952
f 1974/2241/1454 2203/2214/1524 2006/2220/1936
f 2006/2220/1936 2218/2219/1935 1995/2244/1954
f 1559/2206/1929 2286/2205/1928 2354/2255/1960
f 2010/1705/1551 2355/2235/1946 2287/2256/1961
f 1564/2257/1962 2287/2256/1961 2348/2230/1941
f 1563/2253/1958 2009/2236/1947 2220/1690/1539
f 2000/2258/1963 2215/1648/1498 1997/2234/1945
f 1596/2243/1953 2217/1704/1550 2005/2259/1964
f 1564/2257/1962 2005/2259/1964 2219/2251/1956
f 2288/2254/1959 2356/1710/1555 2009/2236/1947
f 1565/2260/1965 2002/1703/1549 2040/1702/1548
f 1976/2261/1530 2206/2246/1529 2011/2252/1957
f 2011/2252/1957 2219/2251/1956 2005/2259/1964
f 1565/2260/1965 2005/2259/1964 2217/1704/1550
f 1566/2262/1966 1595/1649/1499 2215/1648/1498
f 2000/2258/1963 2220/1690/1539 2012/1697/1544
f 2012/1697/1544 2201/1696/1507 1971/2263/1506
f 1566/2262/1966 1971/2263/1506 2039/1650/1500
f 2222/2181/1911 2221/2266/1969 2350/2264/1967
f 2290/2265/1968 2289/2200/1924 2221/2266/1969
f 2351/2196/1920 2224/2175/1907 2223/1141/993
f 2292/2267/1970 2291/2338/4027 2223/1141/993
f 2297/1115/971 2226/1078/934 2225/1116/972
f 2226/1078/934 2291/2334/4027 2292/2268/1970
f 2228/1087/943 2227/1072/928 2296/1071/927
f 2289/2269/1924 2290/2353/1968 2227/1072/928
f 2230/1081/937 2229/1172/1022 2302/1171/1021
f 2230/1081/937 2297/1115/971 2298/2197/1921
f 2299/1180/1030 2232/1185/1035 2231/1101/957
f 2295/2159/1894 2296/1071/927 2231/1101/957
f 2234/1177/1027 2233/1215/1065 2306/1260/1110
f 2301/1176/1026 2302/1171/1021 2233/1215/1065
f 2303/1272/1122 2236/1223/1073 2235/1153/1003
f 2236/1223/1073 2299/1180/1030 2300/1100/956
f 2238/1220/1070 2237/1258/1108 2310/2270/1971
f 2305/1219/1069 2306/1260/1110 2237/1258/1108
f 2307/2272/1973 2240/1267/1117 2239/1197/1047
f 2240/1267/1117 2303/1272/1122 2304/1199/1049
f 2315/1360/1210 2242/1263/1113 2241/1358/1208
f 2309/2271/1972 2310/2270/1971 2241/1358/1208
f 2244/1368/1218 2243/1241/1091 2318/1240/1090
f 2244/1368/1218 2307/2272/1973 2308/2273/1974
f 2316/1357/1207 2246/1284/1134 2245/1361/1211
f 2246/1284/1134 2314/1283/1133 2313/1334/1184
f 2248/1292/1142 2247/1285/1135 2317/1364/1214
f 2312/1291/1141 2311/1396/1246 2247/1285/1135
f 2250/1335/1185 2249/1294/1144 2322/1434/1284
f 2250/1335/1185 2313/1334/1184 2314/1283/1133
f 2319/1446/1296 2252/1320/1170 2251/1329/1179
f 2311/1396/1246 2312/1291/1141 2251/1329/1179
f 2254/1314/1164 2253/1432/1282 2326/1483/1333
f 2321/1313/1163 2322/1434/1284 2253/1432/1282
f 2323/1498/1348 2256/1441/1291 2255/1377/1227
f 2256/1441/1291 2319/1446/1296 2320/1379/1229
f 2329/1503/1353 2258/2285/1982 2257/1481/1331
f 2325/1437/1287 2326/1483/1333 2423/2274/1975
f 2327/1491/1341 2260/2295/1992 2259/1412/1262
f 2418/1499/1349 2323/1498/1348 2324/1414/1264
f 2262/1487/1337 2261/1532/1382 2334/1581/1431
f 2262/1487/1337 2329/1503/1353 2330/1480/1330
f 2331/1593/1443 2264/1542/1392 2263/1457/1307
f 2264/1542/1392 2327/1491/1341 2328/1411/1261
f 2266/1538/1388 2265/1579/1429 2338/1625/1475
f 2333/1537/1387 2334/1581/1431 2265/1579/1429
f 2335/1637/1487 2268/1588/1438 2267/1514/1364
f 2268/1588/1438 2331/1593/1443 2332/1516/1366
f 2270/1585/1435 2269/1623/1473 2342/1668/1518
f 2337/1584/1434 2338/1625/1475 2269/1623/1473
f 2339/1681/1531 2272/1632/1482 2271/1561/1411
f 2272/1632/1482 2335/1637/1487 2336/1563/1413
f 2274/1629/1479 2273/1666/1516 2346/2276/1557
f 2341/1628/1478 2342/1668/1518 2273/1666/1516
f 2276/1675/1525 2275/1605/1455 2344/2278/1951
f 2276/1675/1525 2339/1681/1531 2340/1607/1457
f 2278/2231/1942 2277/1671/1521 2354/2255/1960
f 2348/2230/1941 2347/2242/1952 2277/1671/1521
f 2280/2233/1944 2279/1711/1556 2356/1710/1555
f 2345/2232/1943 2346/1712/1557 2279/1711/1556
f 2282/2193/1917 2281/2174/1906 2349/2199/1923
f 2294/2207/1930 2293/2168/1900 2281/2174/1906
f 2352/1140/992 2284/2203/1927 2283/2194/1918
f 2293/2168/1900 2294/2207/1930 2283/2194/1918
f 2286/2205/1928 2285/2239/1950 2353/2238/1949
f 2343/2280/1977 2344/2240/1951 2285/2239/1950
f 2288/2254/1959 2287/2256/1961 2355/2235/1946
f 2347/2242/1952 2348/2230/1941 2287/2256/1961
f 1545/2178/1909 1981/2179/1910 2350/2264/1967
f 1387/1417/1267 1770/1416/1266 2378/2281/1978
f 2259/1412/1262 2390/2320/2013 2361/2283/1980
f 2360/2284/1981 2387/2317/2010 2258/2285/1982
f 1396/1466/1316 1775/1469/1319 2381/2286/1983
f 2358/2287/1984 2374/2318/2011 1586/1509/1359
f 1397/1474/1324 1780/1477/1327 2384/2288/1985
f 2359/2289/1986 2373/2319/2012 1585/1497/1347
f 1398/1486/1336 1765/1485/1335 2375/2290/1987
f 2257/1481/1331 2388/2315/2008 2363/2291/1988
f 1399/1410/1260 2361/2283/1980 2386/2292/1989
f 1585/1497/1347 2373/2319/2012 2362/2293/1990
f 1400/1496/1346 2362/2293/1990 2377/2294/1991
f 2357/2282/1979 2389/2316/2009 2260/2295/1992
f 1401/1479/1329 2363/2291/1988 2383/2296/1993
f 1586/1509/1359 2374/2318/2011 2364/2297/1994
f 1402/1508/1358 2364/2297/1994 2380/2298/1995
f 2365/2299/1996 2375/2290/1987 1765/1485/1335
f 1502/1983/1765 1767/1985/1767 2376/2300/1997
f 1503/1991/1771 2366/2302/1998 2376/2301/1997
f 1769/1494/1344 2377/2294/1991 2366/2302/1998
f 2367/2303/1999 2378/2281/1978 1770/1416/1266
f 1504/1993/1773 1772/1995/1775 2379/2304/2000
f 1505/2001/1779 2368/2306/2001 2379/2305/2000
f 1774/1506/1356 2380/2298/1995 2368/2306/2001
f 2369/2307/2002 2381/2286/1983 1775/1469/1319
f 1506/2003/1781 1777/2005/1783 2382/2308/2003
f 1507/2011/1787 2370/2310/2004 2382/2309/2003
f 1779/1501/1351 2383/2296/1993 2370/2310/2004
f 2371/2311/2005 2384/2288/1985 1780/1477/1327
f 1508/2013/1789 1782/2015/1791 2385/2312/2006
f 1509/2021/1795 2372/2314/2007 2385/2313/2006
f 1784/1490/1340 2386/2292/1989 2372/2314/2007
f 2258/2285/1982 2387/2317/2010 2388/2315/2008
f 2389/2316/2009 2390/2320/2013 2259/1412/1262
f 2378/2281/1978 2420/1407/1257 2391/1409/1259
f 2361/2283/1980 2390/2320/2013 2424/2275/1976
f 2360/2284/1981 2394/1436/1286 2417/1438/1288
f 2381/2286/1983 2421/1462/1312 2392/1463/1313
f 2358/2287/1984 2392/1463/1313 2408/1465/1315
f 2384/2288/1985 2422/1470/1320 2393/1471/1321
f 2359/2289/1986 2393/1471/1321 2407/1473/1323
f 2375/2290/1987 2419/1478/1328 2394/1436/1286
f 2363/2291/1988 2388/2315/2008 2423/2274/1975
f 2395/1413/1263 2416/1489/1339 2386/2292/1989
f 2362/2293/1990 2373/2319/2012 2407/1473/1323
f 2396/1492/1342 2410/1493/1343 2377/2294/1991
f 2357/2282/1979 2391/1409/1259 2418/1499/1349
f 2397/1482/1332 2414/1500/1350 2383/2296/1993
f 2364/2297/1994 2374/2318/2011 2408/1465/1315
f 2398/1504/1354 2412/1505/1355 2380/2298/1995
f 2365/2299/1996 2399/1982/1764 2419/1478/1328
f 2376/2300/1997 2409/1986/1768 2399/1982/1764
f 2400/1988/1769 2409/1987/1768 2376/2301/1997
f 2366/2302/1998 2377/2294/1991 2410/1493/1343
f 2367/2303/1999 2401/1992/1772 2420/1407/1257
f 2379/2304/2000 2411/1996/1776 2401/1992/1772
f 2402/1998/1777 2411/1997/1776 2379/2305/2000
f 2368/2306/2001 2380/2298/1995 2412/1505/1355
f 2369/2307/2002 2403/2002/1780 2421/1462/1312
f 2382/2308/2003 2413/2006/1784 2403/2002/1780
f 2404/2008/1785 2413/2007/1784 2382/2309/2003
f 2370/2310/2004 2383/2296/1993 2414/1500/1350
f 2371/2311/2005 2405/2012/1788 2422/1470/1320
f 2385/2312/2006 2415/2016/1792 2405/2012/1788
f 2406/2018/1793 2415/2017/1792 2385/2313/2006
f 2372/2314/2007 2386/2292/1989 2416/1489/1339
f 2417/1438/1288 2423/2274/1975 2388/2315/2008
f 2389/2316/2009 2418/1499/1349 2424/2275/1976
f 2425/1/2014 3059/7/2020 3311/2/2015
f 3047/3/2016 3201/315/2307 2914/4/2017
f 2425/1/2014 2914/4/2017 3137/5/2018
f 3043/6/2019 3307/245/2237 3059/7/2020
f 2426/8/2021 3060/14/2027 3314/9/2022
f 3050/10/2023 3204/320/2312 2902/11/2024
f 2426/8/2021 2902/11/2024 3138/12/2025
f 3044/13/2026 3308/954/2860 3060/14/2027
f 3061/15/2028 3305/982/2875 3041/16/2029
f 2427/17/2030 3041/16/2029 3135/18/2031
f 2909/19/2032 3208/286/2278 2773/20/2033
f 2427/17/2030 2773/20/2033 3319/21/2034
f 2991/22/2035 3280/832/2755 2656/23/2036
f 2428/24/2037 2656/23/2036 3118/25/2038
f 2428/24/2037 2657/26/2039 3117/27/2040
f 2988/28/2041 3281/251/2243 2991/22/2035
f 2429/29/2042 2977/35/2048 3276/30/2043
f 2429/29/2042 2659/31/2044 3116/32/2045
f 2660/33/2046 3115/847/2770 2975/34/2047
f 2975/34/2047 3275/837/2760 2977/35/2048
f 3062/36/2049 3306/243/2235 3042/37/2050
f 2430/38/2051 3042/37/2050 3136/39/2052
f 2905/40/2053 3211/313/2305 2786/41/2054
f 2430/38/2051 2786/41/2054 3322/42/2055
f 2431/43/2056 2929/53/2064 3244/44/2057
f 3187/46/2059 2763/103/2106 2438/47/2060
f 2431/49/2056 2927/48/2061 3126/50/2062
f 2673/52/2063 3153/396/2388 2929/53/2064
f 2917/54/2065 3247/411/2403 2779/55/2066
f 2779/57/2066 3183/892/2815 2915/58/2068
f 2432/59/2067 2915/58/2068 3124/60/2069
f 2675/62/2070 3154/122/2120 2917/54/2065
f 2433/63/2071 2926/70/2077 3157/64/2072
f 2433/66/2071 2680/129/2073 3125/67/2074
f 2743/69/2076 3237/405/2397 2926/70/2077
f 2434/71/2078 2665/77/2084 3283/72/2079
f 2434/71/2078 2997/73/2080 3284/74/2081
f 2434/71/2078 2996/75/2082 3125/67/2074
f 2434/71/2078 2666/76/2083 3126/50/2062
f 2435/78/2085 2668/85/2092 3286/79/2086
f 2435/78/2085 3002/80/2087 3285/81/2088
f 2435/78/2085 3000/82/2089 3123/83/2090
f 2435/78/2085 2669/84/2091 3124/60/2069
f 2922/86/2093 3158/392/2384 2682/87/2094
f 2436/89/2095 2682/124/2094 3123/83/2090
f 2436/88/2095 2756/537/2517 3240/91/2097
f 2437/92/2098 2930/100/2104 3155/93/2099
f 2437/95/2098 2677/149/2100 3122/96/2101
f 2928/97/2102 3188/547/2523 2762/98/2103
f 2762/99/2103 3243/373/2365 2930/100/2104
f 2998/101/2105 3283/72/2079 2665/77/2084
f 2665/77/2084 3126/50/2062 2927/48/2061
f 2766/102/2058 3187/46/2059 2927/48/2061
f 2763/103/2106 3188/547/2523 2998/101/2105
f 2439/104/2107 2918/113/2113 3156/105/2108
f 2678/107/2109 3121/120/2118 2916/108/2110
f 2439/109/2107 2916/108/2110 3184/110/2111
f 2775/112/2112 3246/382/2374 2918/113/2113
f 2923/114/2114 3238/355/2347 2747/115/2115
f 2747/117/2115 3186/519/2504 2924/118/2117
f 2440/119/2116 2924/118/2117 3121/120/2118
f 2440/116/2116 2678/106/2109 3156/105/2108
f 2441/121/2119 2717/125/2121 3154/122/2120
f 2675/61/2070 3124/60/2069 2669/84/2091
f 2669/84/2091 3123/83/2090 2682/124/2094
f 2682/87/2094 3158/392/2384 2717/125/2121
f 2718/126/2122 3153/396/2388 2673/52/2063
f 2673/51/2063 3126/50/2062 2666/76/2083
f 2666/76/2083 3125/67/2074 2680/129/2073
f 2680/65/2073 3157/64/2072 2718/126/2122
f 2443/130/2124 3003/134/2128 3285/81/2088
f 2670/131/2125 3127/886/2809 2671/132/2126
f 2443/130/2124 2671/132/2126 3122/96/2101
f 2920/133/2127 3185/148/2141 3003/134/2128
f 2999/135/2129 3186/519/2504 2746/136/2130
f 2925/68/2075 3125/67/2074 2996/75/2082
f 2444/137/2131 2996/75/2082 3284/74/2081
f 3023/138/2132 3295/603/2564 3013/139/2133
f 2445/140/2134 3013/139/2133 3189/141/2135
f 2932/142/2136 3129/1025/2906 2689/143/2137
f 2689/143/2137 3289/182/2174 3023/138/2132
f 2919/144/2138 3241/379/2371 2760/145/2139
f 2446/147/2140 2760/544/2139 3185/148/2141
f 2920/133/2127 3122/96/2101 2677/149/2100
f 2446/146/2140 2677/94/2100 3155/93/2099
f 2447/150/2142 3095/156/2148 3325/151/2143
f 3079/152/2144 3167/173/2165 2934/153/2145
f 2447/150/2142 2934/153/2145 3268/154/2146
f 2861/155/2147 3337/1014/2895 3095/156/2148
f 3096/157/2149 3329/1016/2897 3083/158/2150
f 2448/159/2151 3083/158/2150 3261/160/2152
f 2942/161/2153 3168/165/2157 3080/162/2154
f 2448/159/2151 3080/162/2154 3326/163/2155
f 2449/164/2156 3097/168/2160 3326/163/2155
f 2449/164/2156 3080/162/2154 3168/165/2157
f 2946/166/2158 3271/426/2418 2866/167/2159
f 2866/167/2159 3340/1019/2900 3097/168/2160
f 3098/169/2161 3332/1021/2902 3086/170/2162
f 3086/170/2162 3264/422/2414 2954/172/2164
f 2450/171/2163 2954/172/2164 3167/173/2165
f 3079/152/2144 3325/151/2143 3098/169/2161
f 3024/174/2166 3290/487/2479 2690/175/2167
f 2451/176/2168 2690/175/2167 3131/177/2169
f 2685/178/2170 3132/189/2181 2688/179/2171
f 2451/176/2168 2688/179/2171 3288/180/2172
f 2452/181/2173 3025/186/2178 3289/182/2174
f 2689/143/2137 3129/1025/2906 2686/183/2175
f 2452/181/2173 2686/183/2175 3130/184/2176
f 2687/185/2177 3287/195/2187 3025/186/2178
f 3026/187/2179 3288/180/2172 2688/179/2171
f 2453/188/2180 2688/179/2171 3132/189/2181
f 2453/188/2180 2949/190/2182 3199/191/2183
f 2453/188/2180 2809/192/2184 3302/193/2185
f 2454/194/2186 3027/200/2192 3287/195/2187
f 2687/185/2177 3130/184/2176 2937/196/2188
f 2454/194/2186 2937/196/2188 3193/197/2189
f 2454/194/2186 2802/198/2190 3299/199/2191
f 3099/201/2193 3335/1023/2904 3089/202/2194
f 3089/202/2194 3267/428/2420 2936/204/2196
f 2455/203/2195 2936/204/2196 3165/205/2197
f 2455/203/2195 3077/206/2198 3323/207/2199
f 3100/208/2200 3338/1027/2908 3092/209/2201
f 3092/209/2201 3270/449/2441 2948/211/2203
f 2456/210/2202 2948/211/2203 3166/212/2204
f 2456/210/2202 3078/213/2205 3324/214/2206
f 2457/215/2207 3001/218/2210 3286/79/2086
f 3004/216/2208 3184/110/2111 2916/108/2110
f 2457/215/2207 2916/108/2110 3121/120/2118
f 2672/217/2209 3128/888/2811 3001/218/2210
f 2458/219/2211 3063/225/2217 3317/220/2212
f 3053/221/2213 3207/278/2270 2910/222/2214
f 2458/219/2211 2910/222/2214 3140/223/2215
f 3046/224/2216 3310/968/2867 3063/225/2217
f 2459/226/2218 2973/232/2224 3274/227/2219
f 2979/228/2220 3175/972/2870 2904/229/2221
f 2459/226/2218 2904/229/2221 3114/230/2222
f 2971/231/2223 3273/839/2762 2973/232/2224
f 2460/233/2225 3064/239/2231 3320/234/2226
f 3056/235/2227 3210/288/2280 2906/236/2228
f 2460/233/2225 2906/236/2228 3139/237/2229
f 3045/238/2230 3309/974/2871 3064/239/2231
f 3065/240/2232 3308/954/2860 3044/13/2026
f 2461/241/2233 3044/13/2026 3138/12/2025
f 2693/242/2234 3136/39/2052 3042/37/2050
f 2461/241/2233 3042/37/2050 3306/243/2235
f 2462/244/2236 3066/247/2239 3307/245/2237
f 3043/6/2019 3137/5/2018 2694/246/2238
f 2462/244/2236 2694/246/2238 3135/18/2031
f 3041/16/2029 3305/982/2875 3066/247/2239
f 2984/248/2240 3282/864/2787 2990/249/2241
f 2463/250/2242 2990/249/2241 3281/251/2243
f 2988/28/2041 3117/27/2040 2908/252/2244
f 2463/250/2242 2908/252/2244 3177/253/2245
f 3067/254/2246 3309/974/2871 3045/238/2230
f 2464/255/2247 3045/238/2230 3139/237/2229
f 2912/256/2248 3202/481/2473 2741/257/2249
f 2464/255/2247 2741/257/2249 3313/258/2250
f 2465/259/2251 2972/265/2257 3279/260/2252
f 2993/261/2253 3180/877/2800 2740/262/2254
f 2465/259/2251 2740/262/2254 3182/263/2255
f 2737/264/2256 3181/834/2757 2972/265/2257
f 2980/266/2258 3278/860/2783 2985/267/2259
f 2985/267/2259 3172/952/2859 2901/269/2261
f 2901/269/2261 3116/32/2045 2659/31/2044
f 2659/31/2044 3276/30/2043 2980/266/2258
f 2900/270/2262 3140/223/2215 2700/271/2263
f 2467/272/2264 2700/271/2263 3146/273/2265
f 2957/274/2266 3217/658/2612 2824/275/2267
f 2467/272/2264 2824/275/2267 3205/276/2268
f 2468/277/2269 2910/222/2214 3207/278/2270
f 2826/279/2271 3219/660/2614 2960/280/2272
f 2468/277/2269 2960/280/2272 3146/273/2265
f 2700/271/2263 3140/223/2215 2910/222/2214
f 2909/19/2032 3135/18/2031 2695/281/2273
f 2469/282/2274 2695/281/2273 3141/283/2275
f 2959/284/2276 3220/670/2622 2829/285/2277
f 2469/282/2274 2829/285/2277 3208/286/2278
f 2470/287/2279 2906/236/2228 3210/288/2280
f 2831/289/2281 3222/672/2624 2962/290/2282
f 2470/287/2279 2962/290/2282 3145/291/2283
f 2699/292/2284 3139/237/2229 2906/236/2228
f 2693/242/2234 3138/12/2025 2698/293/2285
f 2471/294/2286 2698/293/2285 3144/295/2287
f 2701/296/2288 3142/310/2302 2696/297/2289
f 2471/294/2286 2696/297/2289 3136/39/2052
f 2472/298/2290 2694/246/2238 3137/5/2018
f 2697/299/2291 3143/318/2310 2702/300/2292
f 2472/298/2290 2702/300/2292 3141/283/2275
f 2695/281/2273 3135/18/2031 2694/246/2238
f 2955/301/2293 3145/291/2283 2707/302/2294
f 2473/303/2295 2707/302/2294 3151/304/2296
f 2473/303/2295 2935/305/2297 3225/306/2298
f 2473/303/2295 2837/307/2299 3214/308/2300
f 2905/40/2053 3136/39/2052 2696/297/2289
f 2474/309/2301 2696/297/2289 3142/310/2302
f 2961/311/2303 3223/682/2632 2834/312/2304
f 2474/309/2301 2834/312/2304 3211/313/2305
f 2475/314/2306 2914/4/2017 3201/315/2307
f 2816/316/2308 3213/363/2355 2956/317/2309
f 2475/314/2306 2956/317/2309 3143/318/2310
f 2697/299/2291 3137/5/2018 2914/4/2017
f 2476/319/2311 2902/11/2024 3204/320/2312
f 2821/321/2313 3216/648/2604 2958/322/2314
f 2476/319/2311 2958/322/2314 3144/295/2287
f 2698/293/2285 3138/12/2025 2902/11/2024
f 2477/323/2315 2957/274/2266 3146/273/2265
f 2708/324/2316 3152/912/2833 2947/325/2317
f 2477/323/2315 2947/325/2317 3228/326/2318
f 2840/327/2319 3217/658/2612 2957/274/2266
f 2960/280/2272 3219/660/2614 2841/328/2320
f 2478/329/2321 2841/328/2320 3232/330/2322
f 2939/331/2323 3152/912/2833 2708/324/2316
f 2478/329/2321 2708/324/2316 3146/273/2265
f 2479/332/2324 2959/284/2276 3141/283/2275
f 2703/333/2325 3147/351/2343 2941/334/2326
f 2479/332/2324 2941/334/2326 3231/335/2327
f 2843/336/2328 3220/670/2622 2959/284/2276
f 2962/290/2282 3222/672/2624 2844/337/2329
f 2480/338/2330 2844/337/2329 3235/339/2331
f 2951/340/2332 3151/304/2296 2707/302/2294
f 2480/338/2330 2707/302/2294 3145/291/2283
f 2701/296/2288 3144/295/2287 2706/341/2333
f 2481/342/2334 2706/341/2333 3150/343/2335
f 2481/342/2334 2709/344/2336 3148/345/2337
f 2704/346/2338 3142/310/2302 2701/296/2288
f 2482/347/2339 2702/300/2292 3143/318/2310
f 2482/347/2339 2705/348/2340 3149/349/2341
f 2482/347/2339 2710/350/2342 3147/351/2343
f 2703/333/2325 3141/283/2275 2702/300/2292
f 2963/352/2344 3250/415/2407 2871/353/2345
f 2483/354/2346 2871/353/2345 3238/355/2347
f 2923/114/2114 3156/105/2108 2722/356/2348
f 2483/354/2346 2722/356/2348 3162/357/2349
f 2484/358/2350 2961/311/2303 3142/310/2302
f 2704/346/2338 3148/345/2337 2953/359/2351
f 2484/358/2350 2953/359/2351 3234/360/2352
f 2846/361/2353 3223/682/2632 2961/311/2303
f 2485/362/2354 2956/317/2309 3213/363/2355
f 2835/364/2356 3226/684/2634 2931/365/2357
f 2485/362/2354 2931/365/2357 3149/349/2341
f 2705/348/2340 3143/318/2310 2956/317/2309
f 2958/322/2314 3216/648/2604 2838/366/2358
f 2486/367/2359 2838/366/2358 3229/368/2360
f 2943/369/2361 3150/343/2335 2706/341/2333
f 2486/367/2359 2706/341/2333 3144/295/2287
f 2487/370/2362 2968/375/2367 3161/371/2363
f 2721/372/2364 3155/93/2099 2930/100/2104
f 2487/370/2362 2930/100/2104 3243/373/2365
f 2878/374/2366 3255/419/2411 2968/375/2367
f 2965/376/2368 3253/775/2707 2876/377/2369
f 2488/378/2370 2876/377/2369 3241/379/2371
f 2488/378/2370 2919/144/2138 3155/93/2099
f 2721/372/2364 3161/371/2363 2965/376/2368
f 2970/380/2372 3162/357/2349 2722/356/2348
f 2722/356/2348 3156/105/2108 2918/113/2113
f 2489/381/2373 2918/113/2113 3246/382/2374
f 2883/383/2375 3258/787/2717 2970/380/2372
f 2967/384/2376 3256/785/2715 2881/385/2377
f 2490/386/2378 2881/385/2377 3244/44/2057
f 2929/53/2064 3153/396/2388 2719/387/2379
f 2490/386/2378 2719/387/2379 3159/388/2380
f 2725/389/2381 3160/412/2404 2720/390/2382
f 2720/390/2382 3154/122/2120 2717/125/2121
f 2491/391/2383 2717/125/2121 3158/392/2384
f 2724/393/2385 3164/399/2391 2725/389/2381
f 2726/394/2386 3159/388/2380 2719/387/2379
f 2492/395/2387 2719/387/2379 3153/396/2388
f 2492/395/2387 2718/126/2122 3157/64/2072
f 2723/397/2389 3163/404/2396 2726/394/2386
f 2493/398/2390 2966/402/2394 3164/399/2391
f 2724/393/2385 3158/392/2384 2922/86/2093
f 2922/86/2093 3240/91/2097 2873/400/2392
f 2493/398/2390 2873/400/2392 3252/401/2393
f 2494/403/2395 2964/407/2399 3163/404/2396
f 2723/397/2389 3157/64/2072 2926/70/2077
f 2494/403/2395 2926/70/2077 3237/405/2397
f 2868/406/2398 3249/760/2695 2964/407/2399
f 2969/408/2400 3259/795/2724 2886/409/2401
f 2495/410/2402 2886/409/2401 3247/411/2403
f 2495/410/2402 2917/54/2065 3154/122/2120
f 2495/410/2402 2720/390/2382 3160/412/2404
f 2942/161/2153 3261/160/2152 2889/413/2405
f 2496/414/2406 2889/413/2405 3250/415/2407
f 2963/352/2344 3162/357/2349 2730/416/2408
f 2496/414/2406 2730/416/2408 3168/165/2157
f 2497/417/2409 2934/153/2145 3167/173/2165
f 2729/418/2410 3161/371/2363 2968/375/2367
f 2497/417/2409 2968/375/2367 3255/419/2411
f 2893/420/2412 3268/154/2146 2934/153/2145
f 2498/421/2413 2954/172/2164 3264/422/2414
f 2892/423/2415 3253/775/2707 2965/376/2368
f 2498/421/2413 2965/376/2368 3161/371/2363
f 2729/418/2410 3167/173/2165 2954/172/2164
f 2946/166/2158 3168/165/2157 2730/416/2408
f 2499/424/2416 2730/416/2408 3162/357/2349
f 2970/380/2372 3258/787/2717 2896/425/2417
f 2499/424/2416 2896/425/2417 3271/426/2418
f 2500/427/2419 2936/204/2196 3267/428/2420
f 2895/429/2421 3256/785/2715 2967/384/2376
f 2500/427/2419 2967/384/2376 3159/388/2380
f 2727/430/2422 3165/205/2197 2936/204/2196
f 2501/431/2423 2733/435/2427 3166/212/2204
f 2728/432/2424 3160/412/2404 2725/389/2381
f 2725/389/2381 3164/399/2391 2732/433/2425
f 2501/431/2423 2732/433/2425 3170/434/2426
f 2502/436/2428 2734/439/2431 3165/205/2197
f 2727/430/2422 3159/388/2380 2726/394/2386
f 2502/436/2428 2726/394/2386 3163/404/2396
f 2502/436/2428 2731/437/2429 3169/438/2430
f 2950/440/2432 3170/434/2426 2732/433/2425
f 2503/441/2433 2732/433/2425 3164/399/2391
f 2966/402/2394 3252/401/2393 2890/442/2434
f 2503/441/2433 2890/442/2434 3265/443/2435
f 2938/444/2436 3169/438/2430 2731/437/2429
f 2504/445/2437 2731/437/2429 3163/404/2396
f 2964/407/2399 3249/760/2695 2887/446/2438
f 2504/445/2437 2887/446/2438 3262/447/2439
f 2505/448/2440 2948/211/2203 3270/449/2441
f 2898/450/2442 3259/795/2724 2969/408/2400
f 2505/448/2440 2969/408/2400 3160/412/2404
f 2728/432/2424 3166/212/2204 2948/211/2203
f 2506/451/2443 3101/455/2447 3327/452/2444
f 2506/451/2443 3081/453/2445 3169/438/2430
f 2938/444/2436 3262/447/2439 2851/454/2446
f 2851/454/2446 3331/1031/2912 3101/455/2447
f 2507/456/2448 3028/462/2454 3301/457/2449
f 3019/458/2450 3192/624/2583 2940/459/2451
f 2507/456/2448 2940/459/2451 3134/460/2452
f 2692/461/2453 3292/910/2831 3028/462/2454
f 2508/463/2455 3102/467/2459 3328/464/2456
f 2508/463/2455 3082/465/2457 3170/434/2426
f 2950/440/2432 3265/443/2435 2856/466/2458
f 2856/466/2458 3334/1034/2915 3102/467/2459
f 2509/468/2460 3029/474/2466 3304/469/2461
f 3022/470/2462 3198/635/2593 2952/471/2463
f 2509/468/2460 2952/471/2463 3133/472/2464
f 2691/473/2465 3291/915/2836 3029/474/2466
f 3103/475/2467 3324/214/2206 3078/213/2205
f 3078/213/2205 3166/212/2204 2733/435/2427
f 2733/435/2427 3170/434/2426 3082/465/2457
f 3082/465/2457 3328/464/2456 3103/475/2467
f 2511/477/2469 3104/478/2470 3323/207/2199
f 3077/206/2198 3165/205/2197 2734/439/2431
f 2511/477/2469 2734/439/2431 3169/438/2430
f 3081/453/2445 3327/452/2444 3104/478/2470
f 2912/256/2248 3139/237/2229 2699/292/2284
f 2512/479/2471 2699/292/2284 3145/291/2283
f 2955/301/2293 3214/308/2300 2819/480/2472
f 2512/479/2471 2819/480/2472 3202/481/2473
f 2513/482/2474 3030/488/2480 3298/483/2475
f 2513/482/2474 3016/484/2476 3195/485/2477
f 2944/486/2478 3131/177/2169 2690/175/2167
f 2513/482/2474 2690/175/2167 3290/487/2479
f 3031/489/2481 3291/915/2836 2691/473/2465
f 2514/490/2482 2691/473/2465 3133/472/2464
f 2933/491/2483 3190/594/2556 2788/492/2484
f 2514/490/2482 2788/492/2484 3293/493/2485
f 3032/494/2486 3292/910/2831 2692/461/2453
f 2515/495/2487 2692/461/2453 3134/460/2452
f 2945/496/2488 3196/606/2567 2795/497/2489
f 2515/495/2487 2795/497/2489 3296/498/2490
f 2516/499/2491 3068/505/2494 3311/2/2015
f 2736/501/2492 3181/834/2757 2737/264/2256
f 2516/502/2491 2737/264/2256 3182/263/2255
f 3048/504/2493 3312/987/2496 3068/505/2494
f 2517/506/2495 3069/511/2498 3312/507/2496
f 3048/503/2493 3182/263/2255 2740/262/2254
f 2740/262/2254 3180/877/2800 3049/510/2497
f 2517/506/2495 3049/985/2497 3313/258/2250
f 2518/512/2499 2742/514/2501 3237/405/2397
f 2744/513/2500 3239/761/2696 2742/514/2501
f 2745/515/2502 3239/767/2696 2744/516/2500
f 2519/518/2503 2746/136/2130 3186/519/2504
f 2519/517/2503 2747/115/2115 3238/355/2347
f 2520/520/2505 3070/528/2510 3314/9/2022
f 2749/522/2506 3172/952/2859 2750/523/2507
f 2520/524/2505 2750/523/2507 3173/525/2508
f 3051/527/2509 3315/992/2881 3070/528/2510
f 3071/529/2511 3315/996/2881 3051/530/2509
f 3051/526/2509 3173/525/2508 2753/532/2513
f 2753/532/2513 3171/1011/2892 3052/534/2514
f 2521/531/2512 3052/1010/2514 3316/535/2515
f 2522/536/2516 2755/539/2519 3240/91/2097
f 2757/538/2518 3242/769/2702 2755/539/2519
f 2758/540/2520 3242/2321/2702 2757/541/2518
f 2523/543/2521 2759/891/2814 3185/148/2141
f 2523/542/2521 2760/145/2139 3241/379/2371
f 2524/545/2522 2761/549/2525 3243/373/2365
f 2524/546/2522 2762/98/2103 3188/547/2523
f 2764/548/2524 3245/778/2710 2761/549/2525
f 2765/550/2526 3245/784/2710 2764/551/2524
f 2525/553/2527 2764/554/2524 3187/46/2059
f 2764/554/2524 2524/546/2522 2763/103/2106
f 2525/552/2527 2766/45/2058 3244/44/2057
f 2526/555/2528 3072/562/2532 3317/220/2212
f 2768/557/2529 3178/880/2803 2769/558/2530
f 2769/558/2530 3179/865/2788 3054/560/2531
f 3054/561/2531 3318/998/2885 3072/562/2532
f 3073/563/2533 3318/1002/2885 3054/564/2531
f 3054/560/2531 3179/865/2788 2772/566/2535
f 2772/566/2535 3177/253/2245 3055/568/2536
f 2527/565/2534 3055/961/2536 3319/21/2034
f 2528/569/2537 2774/573/2540 3246/382/2374
f 2528/570/2537 2775/111/2112 3184/110/2111
f 2777/572/2539 3248/2322/2723 2774/573/2540
f 2778/574/2541 3248/794/2723 2777/575/2539
f 2529/576/2542 2779/55/2066 3247/411/2403
f 2530/577/2543 3074/584/2548 3320/234/2226
f 2781/579/2544 3175/972/2870 2782/580/2545
f 2782/580/2545 3176/589/2551 3057/582/2546
f 2530/577/2543 3057/2323/2546 3321/583/2547
f 3075/585/2549 3321/1007/2547 3057/586/2546
f 2531/588/2550 3057/582/2546 3176/589/2551
f 2785/590/2552 3174/851/2774 3058/591/2553
f 2531/587/2550 3058/965/2553 3322/42/2055
f 3033/592/2554 3293/493/2485 2788/492/2484
f 2532/593/2555 2788/492/2484 3190/594/2556
f 2789/595/2557 3191/746/2562 3012/596/2558
f 2532/593/2555 3012/596/2558 3294/597/2559
f 3034/598/2560 3294/928/2559 3012/599/2558
f 2533/600/2561 3012/599/2558 3191/601/2562
f 2792/602/2563 3189/141/2135 3013/139/2133
f 2533/600/2561 3013/139/2133 3295/603/2564
f 3035/604/2565 3296/498/2490 2795/497/2489
f 2534/605/2566 2795/497/2489 3196/606/2567
f 2796/607/2568 3197/2324/2573 3015/608/2569
f 2534/605/2566 3015/608/2569 3297/609/2570
f 3036/610/2571 3297/934/2570 3015/611/2569
f 2535/612/2572 3015/611/2569 3197/613/2573
f 2799/614/2574 3195/485/2477 3016/484/2476
f 3016/484/2476 3298/483/2475 3036/610/2571
f 3037/615/2575 3299/199/2191 2802/198/2190
f 2802/198/2190 3193/197/2189 2803/617/2577
f 2536/616/2576 2803/617/2577 3194/618/2578
f 3018/619/2579 3300/936/2581 3037/615/2575
f 2537/620/2580 3038/625/2584 3300/621/2581
f 3018/622/2579 3194/719/2578 2806/623/2582
f 2537/620/2580 2806/623/2582 3192/624/2583
f 3019/458/2450 3301/457/2449 3038/625/2584
f 2538/626/2585 3039/630/2589 3302/193/2185
f 2809/192/2184 3199/191/2183 2810/627/2586
f 2538/626/2585 2810/627/2586 3200/628/2587
f 3021/629/2588 3303/942/2591 3039/630/2589
f 2539/631/2590 3040/636/2594 3303/632/2591
f 3021/633/2588 3200/730/2587 2813/634/2592
f 2539/631/2590 2813/634/2592 3198/635/2593
f 3022/470/2462 3304/469/2461 3040/636/2594
f 2540/637/2595 2815/641/2599 3213/363/2355
f 2816/316/2308 3201/315/2307 2735/638/2596
f 2540/637/2595 2735/638/2596 3203/639/2597
f 2817/640/2598 3215/685/2635 2815/641/2599
f 2818/642/2600 3215/2325/2635 2817/643/2598
f 2541/644/2601 2817/643/2598 3203/645/2597
f 2739/646/2602 3202/481/2473 2819/480/2472
f 2541/644/2601 2819/480/2472 3214/308/2300
f 2542/647/2603 2820/652/2608 3216/648/2604
f 2821/321/2313 3204/320/2312 2748/649/2605
f 2542/647/2603 2748/649/2605 3206/650/2606
f 2822/651/2607 3218/2326/2647 2820/652/2608
f 2823/653/2609 3218/699/2647 2822/654/2607
f 2543/655/2610 2822/654/2607 3206/656/2606
f 2752/657/2611 3205/276/2268 2824/275/2267
f 2543/655/2610 2824/275/2267 3217/658/2612
f 2544/659/2613 2825/664/2618 3219/660/2614
f 2826/279/2271 3207/278/2270 2767/661/2615
f 2544/659/2613 2767/661/2615 3209/662/2616
f 2827/663/2617 3221/702/2650 2825/664/2618
f 2828/665/2619 3221/2327/2650 2827/666/2617
f 2545/667/2620 2827/666/2617 3209/668/2616
f 2771/669/2621 3208/286/2278 2829/285/2277
f 2545/667/2620 2829/285/2277 3220/670/2622
f 2546/671/2623 2830/676/2628 3222/672/2624
f 2831/289/2281 3210/288/2280 2780/673/2625
f 2546/671/2623 2780/673/2625 3212/674/2626
f 2832/675/2627 3224/710/2657 2830/676/2628
f 2833/677/2629 3224/2328/2657 2832/678/2627
f 2547/679/2630 2832/678/2627 3212/680/2626
f 2784/681/2631 3211/313/2305 2834/312/2304
f 2547/679/2630 2834/312/2304 3223/682/2632
f 2548/683/2633 2791/687/2637 3226/684/2634
f 2835/364/2356 3213/363/2355 2815/641/2599
f 2548/683/2633 2815/641/2599 3215/685/2635
f 2836/686/2636 3227/926/2639 2791/687/2637
f 2549/688/2638 2787/691/2640 3227/689/2639
f 2836/690/2636 3215/2325/2635 2818/642/2600
f 2818/642/2600 3214/308/2300 2837/307/2299
f 2837/307/2299 3225/306/2298 2787/691/2640
f 2798/692/2641 3229/368/2360 2838/366/2358
f 2550/693/2642 2838/366/2358 3216/648/2604
f 2820/652/2608 3218/2326/2647 2839/694/2643
f 2550/693/2642 2839/694/2643 3230/695/2644
f 2794/696/2645 3230/931/2644 2839/697/2643
f 2551/698/2646 2839/697/2643 3218/699/2647
f 2551/698/2646 2823/653/2609 3217/658/2612
f 2840/327/2319 3228/326/2318 2794/696/2645
f 2805/700/2648 3232/330/2322 2841/328/2320
f 2552/701/2649 2841/328/2320 3219/660/2614
f 2552/701/2649 2825/664/2618 3221/702/2650
f 2842/703/2651 3233/939/2653 2805/700/2648
f 2553/704/2652 2801/707/2654 3233/705/2653
f 2842/706/2651 3221/2327/2650 2828/665/2619
f 2553/704/2652 2828/665/2619 3220/670/2622
f 2843/336/2328 3231/335/2327 2801/707/2654
f 2812/708/2655 3235/339/2331 2844/337/2329
f 2554/709/2656 2844/337/2329 3222/672/2624
f 2554/709/2656 2830/676/2628 3224/710/2657
f 2845/711/2658 3236/945/2660 2812/708/2655
f 2555/712/2659 2808/715/2661 3236/713/2660
f 2845/714/2658 3224/2328/2657 2833/677/2629
f 2555/712/2659 2833/677/2629 3223/682/2632
f 2846/361/2353 3234/360/2352 2808/715/2661
f 3105/716/2662 3329/1016/2897 2848/717/2663
f 2556/718/2664 2848/717/2663 3192/624/2583
f 2556/718/2664 2806/623/2582 3194/719/2578
f 2556/718/2664 3084/720/2665 3330/721/2666
f 2557/722/2667 3106/726/2669 3330/723/2666
f 3084/724/2665 3194/618/2578 2803/617/2577
f 2557/722/2667 2803/617/2577 3193/197/2189
f 3085/725/2668 3331/1031/2912 3106/726/2669
f 3107/727/2670 3332/1021/2902 2853/728/2671
f 2558/729/2672 2853/728/2671 3198/635/2593
f 2558/729/2672 2813/634/2592 3200/730/2587
f 2558/729/2672 3087/731/2673 3333/732/2674
f 2559/733/2675 3108/737/2677 3333/734/2674
f 3087/735/2673 3200/628/2587 2810/627/2586
f 2559/733/2675 2810/627/2586 3199/191/2183
f 3088/736/2676 3334/1034/2915 3108/737/2677
f 3109/738/2678 3335/1023/2904 2858/739/2679
f 2560/740/2680 2858/739/2679 3189/141/2135
f 2792/602/2563 3191/601/2562 3090/741/2681
f 2560/740/2680 3090/741/2681 3336/742/2682
f 2561/743/2683 3110/748/2685 3336/744/2682
f 2561/743/2683 3090/745/2681 3191/746/2562
f 2561/743/2683 2789/595/2557 3190/594/2556
f 3091/747/2684 3337/1014/2895 3110/748/2685
f 3111/749/2686 3338/1027/2908 2863/750/2687
f 2562/751/2688 2863/750/2687 3195/485/2477
f 2799/614/2574 3197/613/2573 3093/752/2689
f 2562/751/2688 3093/752/2689 3339/753/2690
f 2563/754/2691 3112/758/2693 3339/755/2690
f 3093/756/2689 3197/2324/2573 2796/607/2568
f 2563/754/2691 2796/607/2568 3196/606/2567
f 3094/757/2692 3340/1019/2900 3112/758/2693
f 2564/759/2694 2867/763/2698 3249/760/2695
f 2868/406/2398 3237/405/2397 2742/514/2501
f 2564/759/2694 2742/514/2501 3239/761/2696
f 2869/762/2697 3251/2329/2731 2867/763/2698
f 2870/764/2699 3251/803/2731 2869/765/2697
f 2565/766/2700 2869/765/2697 3239/767/2696
f 2745/515/2502 3238/355/2347 2871/353/2345
f 2565/766/2700 2871/353/2345 3250/415/2407
f 2566/768/2701 2872/771/2704 3252/401/2393
f 2873/400/2392 3240/91/2097 2755/539/2519
f 2566/768/2701 2755/539/2519 3242/769/2702
f 2874/770/2703 3254/2330/2706 2872/771/2704
f 2567/772/2705 2875/776/2708 3254/773/2706
f 2874/774/2703 3242/2321/2702 2758/540/2520
f 2758/540/2520 3241/379/2371 2876/377/2369
f 2567/772/2705 2876/377/2369 3253/775/2707
f 2568/777/2709 2877/780/2712 3255/419/2411
f 2878/374/2366 3243/373/2365 2761/549/2525
f 2568/777/2709 2761/549/2525 3245/778/2710
f 2879/779/2711 3257/814/2740 2877/780/2712
f 2880/781/2713 3257/2331/2740 2879/782/2711
f 2569/783/2714 2879/782/2711 3245/784/2710
f 2765/550/2526 3244/44/2057 2881/385/2377
f 2569/783/2714 2881/385/2377 3256/785/2715
f 2570/786/2716 2882/790/2720 3258/787/2717
f 2883/383/2375 3246/382/2374 2774/573/2540
f 2774/573/2540 3248/2322/2723 2884/788/2718
f 2570/786/2716 2884/788/2718 3260/789/2719
f 2885/791/2721 3260/2332/2719 2884/792/2718
f 2571/793/2722 2884/792/2718 3248/794/2723
f 2778/574/2541 3247/411/2403 2886/409/2401
f 2571/793/2722 2886/409/2401 3259/795/2724
f 2850/796/2725 3262/447/2439 2887/446/2438
f 2572/797/2726 2887/446/2438 3249/760/2695
f 2867/763/2698 3251/2329/2731 2888/798/2727
f 2572/797/2726 2888/798/2727 3263/799/2728
f 2847/800/2729 3263/1039/2728 2888/801/2727
f 2573/802/2730 2888/801/2727 3251/803/2731
f 2870/764/2699 3250/415/2407 2889/413/2405
f 2889/413/2405 3261/160/2152 2847/800/2729
f 2855/804/2732 3265/443/2435 2890/442/2434
f 2574/805/2733 2890/442/2434 3252/401/2393
f 2872/771/2704 3254/2330/2706 2891/806/2734
f 2574/805/2733 2891/806/2734 3266/807/2735
f 2575/808/2736 2852/811/2737 3266/809/2735
f 2891/810/2734 3254/773/2706 2875/776/2708
f 2575/808/2736 2875/776/2708 3253/775/2707
f 2892/423/2415 3264/422/2414 2852/811/2737
f 2860/812/2738 3268/154/2146 2893/420/2412
f 2893/420/2412 3255/419/2411 2877/780/2712
f 2576/813/2739 2877/780/2712 3257/814/2740
f 2894/815/2741 3269/1049/2743 2860/812/2738
f 2577/816/2742 2857/819/2744 3269/817/2743
f 2894/818/2741 3257/2331/2740 2880/781/2713
f 2577/816/2742 2880/781/2713 3256/785/2715
f 2895/429/2421 3267/428/2420 2857/819/2744
f 2865/820/2745 3271/426/2418 2896/425/2417
f 2578/821/2746 2896/425/2417 3258/787/2717
f 2882/790/2720 3260/789/2719 2897/822/2747
f 2578/821/2746 2897/822/2747 3272/823/2748
f 2579/824/2749 2862/827/2750 3272/825/2748
f 2897/826/2747 3260/2332/2719 2885/791/2721
f 2579/824/2749 2885/791/2721 3259/795/2724
f 2898/450/2442 3270/449/2441 2862/827/2750
f 3076/828/2751 3310/968/2867 3046/224/2216
f 2580/829/2752 3046/224/2216 3140/223/2215
f 2900/270/2262 3205/276/2268 2754/830/2753
f 2580/829/2752 2754/830/2753 3316/535/2515
f 2581/831/2754 2656/23/2036 3280/832/2755
f 2992/833/2756 3279/260/2252 2972/265/2257
f 2581/831/2754 2972/265/2257 3181/834/2757
f 2913/835/2758 3118/25/2038 2656/23/2036
f 2582/836/2759 2661/841/2764 3275/837/2760
f 2978/838/2761 3274/227/2219 2973/232/2224
f 2582/836/2759 2973/232/2224 3273/839/2762
f 2662/840/2763 3119/873/2796 2661/841/2764
f 2583/842/2765 2655/845/2768 3120/843/2766
f 2976/844/2767 3276/30/2043 2977/35/2048
f 2583/842/2765 2977/35/2048 3275/837/2760
f 2661/841/2764 3119/873/2796 2655/845/2768
f 2584/846/2769 2975/34/2047 3115/847/2770
f 2903/848/2771 3174/851/2774 2974/849/2772
f 2584/846/2769 2974/849/2772 3274/227/2219
f 2584/846/2769 2978/838/2761 3275/837/2760
f 2585/850/2773 2974/849/2772 3174/851/2774
f 2585/850/2773 2785/590/2552 3176/589/2551
f 2782/580/2545 3175/972/2870 2979/228/2220
f 2979/228/2220 3274/227/2219 2974/849/2772
f 2586/852/2775 2981/855/2778 3277/853/2776
f 2983/854/2777 3278/860/2783 2980/266/2258
f 2586/852/2775 2980/266/2258 3276/30/2043
f 2976/844/2767 3120/843/2766 2981/855/2778
f 2587/856/2779 2663/861/2784 3113/857/2780
f 2899/858/2781 3171/1011/2892 2982/859/2782
f 2587/856/2779 2982/859/2782 3278/860/2783
f 2983/854/2777 3277/853/2776 2663/861/2784
f 2769/558/2530 3178/880/2803 2994/862/2785
f 2588/863/2786 2994/862/2785 3282/864/2787
f 2984/248/2240 3177/253/2245 2772/566/2535
f 2588/863/2786 2772/566/2535 3179/865/2788
f 2982/859/2782 3171/1011/2892 2753/532/2513
f 2589/866/2789 2753/532/2513 3173/525/2508
f 2750/523/2507 3172/952/2859 2985/267/2259
f 2589/866/2789 2985/267/2259 3278/860/2783
f 2989/867/2790 3277/853/2776 2981/855/2778
f 2590/868/2791 2981/855/2778 3120/843/2766
f 2658/869/2792 3281/251/2243 2990/249/2241
f 2590/868/2791 2990/249/2241 3282/864/2787
f 2655/845/2768 3119/873/2796 2987/870/2793
f 2591/871/2794 2987/870/2793 3280/832/2755
f 2591/871/2794 2991/22/2035 3281/251/2243
f 2658/869/2792 3120/843/2766 2655/845/2768
f 2592/872/2795 2987/870/2793 3119/873/2796
f 2662/840/2763 3273/839/2762 2986/874/2797
f 2592/872/2795 2986/874/2797 3279/260/2252
f 2992/833/2756 3280/832/2755 2987/870/2793
f 2593/875/2798 2986/874/2797 3273/839/2762
f 2971/231/2223 3114/230/2222 2911/876/2799
f 2593/875/2798 2911/876/2799 3180/877/2800
f 2993/261/2253 3279/260/2252 2986/874/2797
f 2907/878/2801 3113/857/2780 2663/861/2784
f 2594/879/2802 2663/861/2784 3277/853/2776
f 2989/867/2790 3282/864/2787 2994/862/2785
f 2594/879/2802 2994/862/2785 3178/880/2803
f 2995/881/2804 3127/886/2809 2664/882/2805
f 2664/882/2805 3128/888/2811 2667/884/2807
f 2595/883/2806 2667/884/2807 3284/74/2081
f 2595/883/2806 2997/73/2080 3283/72/2079
f 2596/885/2808 2671/132/2126 3127/886/2809
f 2995/881/2804 3283/72/2079 2998/101/2105
f 2596/885/2808 2998/101/2105 3188/547/2523
f 2928/97/2102 3122/96/2101 2671/132/2126
f 2672/217/2209 3121/120/2118 2924/118/2117
f 2597/887/2810 2924/118/2117 3186/519/2504
f 2999/135/2129 3284/74/2081 2667/884/2807
f 2597/887/2810 2667/884/2807 3128/888/2811
f 2598/889/2812 3001/218/2210 3128/888/2811
f 2598/889/2812 2664/882/2805 3127/886/2809
f 2670/131/2125 3285/81/2088 3002/80/2087
f 3002/80/2087 3286/79/2086 3001/218/2210
f 2921/90/2096 3123/83/2090 3000/82/2089
f 3000/82/2089 3285/81/2088 3003/134/2128
f 3003/134/2128 3185/148/2141 2759/891/2814
f 3183/892/2815 2779/57/2066 2529/893/2542
f 2776/571/2538 3184/110/2111 3004/216/2208
f 3004/216/2208 3286/79/2086 2668/85/2092
f 2668/85/2092 3124/60/2069 2915/58/2068
f 2601/896/2817 2931/365/2357 3226/684/2634
f 2601/896/2817 2793/897/2818 3295/603/2564
f 2601/896/2817 3023/138/2132 3289/182/2174
f 3007/898/2819 3149/349/2341 2931/365/2357
f 2709/344/2336 3150/343/2335 3008/899/2820
f 2602/900/2821 3008/899/2820 3290/487/2479
f 3024/174/2166 3288/180/2172 3006/901/2822
f 3006/901/2822 3148/345/2337 2709/344/2336
f 2710/350/2342 3149/349/2341 3007/898/2819
f 3007/898/2819 3289/182/2174 3025/186/2178
f 2603/902/2823 3025/186/2178 3287/195/2187
f 3005/903/2824 3147/351/2343 2710/350/2342
f 2604/904/2825 2953/359/2351 3148/345/2337
f 2604/904/2825 3006/901/2822 3288/180/2172
f 2604/904/2825 3026/187/2179 3302/193/2185
f 3020/905/2826 3234/360/2352 2953/359/2351
f 2605/906/2827 2941/334/2326 3147/351/2343
f 3005/903/2824 3287/195/2187 3027/200/2192
f 2605/906/2827 3027/200/2192 3299/199/2191
f 3017/907/2828 3231/335/2327 2941/334/2326
f 2939/331/2323 3232/330/2322 2807/908/2829
f 2807/908/2829 3301/457/2449 3028/462/2454
f 2606/909/2830 3028/462/2454 3292/910/2831
f 2606/909/2830 3010/911/2832 3152/912/2833
f 2951/340/2332 3235/339/2331 2814/913/2834
f 2814/913/2834 3304/469/2461 3029/474/2466
f 2607/914/2835 3029/474/2466 3291/915/2836
f 2607/914/2835 3009/916/2837 3151/304/2296
f 2943/369/2361 3229/368/2360 2800/917/2838
f 2800/917/2838 3298/483/2475 3030/488/2480
f 3030/488/2480 3290/487/2479 3008/899/2820
f 2608/918/2839 3008/899/2820 3150/343/2335
f 2935/305/2297 3151/304/2296 3009/916/2837
f 2609/919/2840 3009/916/2837 3291/915/2836
f 3031/489/2481 3293/493/2485 3011/920/2841
f 2609/919/2840 3011/920/2841 3225/306/2298
f 2610/921/2842 2947/325/2317 3152/912/2833
f 2610/921/2842 3010/911/2832 3292/910/2831
f 3032/494/2486 3296/498/2490 3014/922/2843
f 3014/922/2843 3228/326/2318 2947/325/2317
f 2787/691/2640 3225/306/2298 3011/920/2841
f 2611/923/2844 3011/920/2841 3293/493/2485
f 3033/592/2554 3294/597/2559 2790/924/2845
f 2611/923/2844 2790/924/2845 3227/689/2639
f 2612/925/2846 2791/687/2637 3227/926/2639
f 2612/925/2846 2790/927/2845 3294/928/2559
f 3034/598/2560 3295/603/2564 2793/897/2818
f 2793/897/2818 3226/684/2634 2791/687/2637
f 2613/929/2847 2794/696/2645 3228/326/2318
f 2613/929/2847 3014/922/2843 3296/498/2490
f 3035/604/2565 3297/609/2570 2797/930/2848
f 2613/929/2847 2797/930/2848 3230/931/2644
f 2798/692/2641 3230/695/2644 2797/932/2848
f 2614/933/2849 2797/932/2848 3297/934/2570
f 2614/933/2849 3036/610/2571 3298/483/2475
f 2614/933/2849 2800/917/2838 3229/368/2360
f 2615/935/2850 2801/707/2654 3231/335/2327
f 2615/935/2850 3017/907/2828 3299/199/2191
f 2615/935/2850 3037/615/2575 3300/936/2581
f 2804/937/2851 3233/705/2653 2801/707/2654
f 2616/938/2852 2805/700/2648 3233/939/2653
f 2804/940/2851 3300/621/2581 3038/625/2584
f 2616/938/2852 3038/625/2584 3301/457/2449
f 2616/938/2852 2807/908/2829 3232/330/2322
f 2617/941/2853 2808/715/2661 3234/360/2352
f 3020/905/2826 3302/193/2185 3039/630/2589
f 2617/941/2853 3039/630/2589 3303/942/2591
f 2811/943/2854 3236/713/2660 2808/715/2661
f 2618/944/2855 2812/708/2655 3236/945/2660
f 2811/946/2854 3303/632/2591 3040/636/2594
f 2618/944/2855 3040/636/2594 3304/469/2461
f 2618/944/2855 2814/913/2834 3235/339/2331
f 2619/947/2856 2913/835/2758 3181/834/2757
f 2736/500/2492 3311/2/2015 3059/7/2020
f 2619/948/2856 3059/7/2020 3307/245/2237
f 2679/950/2857 3118/25/2038 2913/835/2758
f 2620/951/2858 2901/269/2261 3172/952/2859
f 2749/521/2506 3314/9/2022 3060/14/2027
f 2620/953/2858 3060/14/2027 3308/954/2860
f 2681/956/2861 3116/32/2045 2901/269/2261
f 2621/957/2862 2908/252/2244 3117/27/2040
f 2674/959/2863 3305/982/2875 3061/15/2028
f 3061/15/2028 3319/21/2034 3055/961/2536
f 3055/568/2536 3177/253/2245 2908/252/2244
f 2903/848/2771 3115/847/2770 2676/962/2864
f 2622/964/2865 2676/979/2864 3306/243/2235
f 3062/36/2049 3322/42/2055 3058/965/2553
f 2622/963/2865 3058/591/2553 3174/851/2774
f 2623/966/2866 2907/878/2801 3178/880/2803
f 2768/556/2529 3317/220/2212 3063/225/2217
f 2623/967/2866 3063/225/2217 3310/968/2867
f 2684/970/2868 3113/857/2780 2907/878/2801
f 2624/971/2869 2904/229/2221 3175/972/2870
f 2781/578/2544 3320/234/2226 3064/239/2231
f 2624/973/2869 3064/239/2231 3309/974/2871
f 2683/976/2872 3114/230/2222 2904/229/2221
f 2660/33/2046 3116/32/2045 2681/956/2861
f 2625/978/2873 2681/955/2861 3308/954/2860
f 3065/240/2232 3306/243/2235 2676/979/2864
f 2625/977/2873 2676/962/2864 3115/847/2770
f 2626/980/2874 2657/26/2039 3118/25/2038
f 2679/949/2857 3307/245/2237 3066/247/2239
f 2626/981/2874 3066/247/2239 3305/982/2875
f 2674/958/2863 3117/27/2040 2657/26/2039
f 2627/983/2876 2911/876/2799 3114/230/2222
f 2627/984/2876 2683/975/2872 3309/974/2871
f 3067/254/2246 3313/258/2250 3049/985/2497
f 2627/983/2876 3049/510/2497 3180/877/2800
f 2628/986/2877 2735/638/2596 3201/315/2307
f 3047/3/2016 3311/2/2015 3068/505/2494
f 2628/986/2877 3068/505/2494 3312/987/2496
f 2738/988/2878 3203/639/2597 2735/638/2596
f 2739/646/2602 3203/645/2597 2738/989/2878
f 2738/989/2878 3312/507/2496 3069/511/2498
f 3069/511/2498 3313/258/2250 2741/257/2249
f 2629/990/2879 2741/257/2249 3202/481/2473
f 2630/991/2880 2748/649/2605 3204/320/2312
f 3050/10/2023 3314/9/2022 3070/528/2510
f 2630/991/2880 3070/528/2510 3315/992/2881
f 2751/993/2882 3206/650/2606 2748/649/2605
f 2752/657/2611 3206/656/2606 2751/994/2882
f 2631/995/2883 2751/994/2882 3315/996/2881
f 3071/529/2511 3316/535/2515 2754/830/2753
f 2631/995/2883 2754/830/2753 3205/276/2268
f 2632/997/2884 2767/661/2615 3207/278/2270
f 3053/221/2213 3317/220/2212 3072/562/2532
f 2632/997/2884 3072/562/2532 3318/998/2885
f 2770/999/2886 3209/662/2616 2767/661/2615
f 2771/669/2621 3209/668/2616 2770/1000/2886
f 2633/1001/2887 2770/1000/2886 3318/1002/2885
f 3073/563/2533 3319/21/2034 2773/20/2033
f 2633/1001/2887 2773/20/2033 3208/286/2278
f 2634/1003/2888 2780/673/2625 3210/288/2280
f 3056/235/2227 3320/234/2226 3074/584/2548
f 2634/1003/2888 3074/584/2548 3321/583/2547
f 2783/1004/2889 3212/674/2626 2780/673/2625
f 2784/681/2631 3212/680/2626 2783/1005/2889
f 2635/1006/2890 2783/1005/2889 3321/1007/2547
f 3075/585/2549 3322/42/2055 2786/41/2054
f 2635/1006/2890 2786/41/2054 3211/313/2305
f 2899/858/2781 3113/857/2780 2684/970/2868
f 2636/1009/2891 2684/969/2868 3310/968/2867
f 3076/828/2751 3316/535/2515 3052/1010/2514
f 2636/1008/2891 3052/534/2514 3171/1011/2892
f 2637/1012/2893 2933/491/2483 3133/472/2464
f 2713/1013/2894 3325/151/2143 3095/156/2148
f 2637/1012/2893 3095/156/2148 3337/1014/2895
f 3091/747/2684 3190/594/2556 2933/491/2483
f 2940/459/2451 3192/624/2583 2848/717/2663
f 2638/1015/2896 2848/717/2663 3329/1016/2897
f 3096/157/2149 3326/163/2155 2714/1017/2898
f 2638/1015/2896 2714/1017/2898 3134/460/2452
f 2639/1018/2899 2945/496/2488 3134/460/2452
f 2714/1017/2898 3326/163/2155 3097/168/2160
f 2639/1018/2899 3097/168/2160 3340/1019/2900
f 3094/757/2692 3196/606/2567 2945/496/2488
f 2952/471/2463 3198/635/2593 2853/728/2671
f 2640/1020/2901 2853/728/2671 3332/1021/2902
f 2640/1020/2901 3098/169/2161 3325/151/2143
f 2713/1013/2894 3133/472/2464 2952/471/2463
f 2932/142/2136 3189/141/2135 2858/739/2679
f 2641/1022/2903 2858/739/2679 3335/1023/2904
f 3099/201/2193 3323/207/2199 2711/1024/2905
f 2641/1022/2903 2711/1024/2905 3129/1025/2906
f 2944/486/2478 3195/485/2477 2863/750/2687
f 2642/1026/2907 2863/750/2687 3338/1027/2908
f 3100/208/2200 3324/214/2206 2712/1028/2909
f 2642/1026/2907 2712/1028/2909 3131/177/2169
f 2643/1029/2910 2937/196/2188 3130/184/2176
f 2715/1030/2911 3327/452/2444 3101/455/2447
f 2643/1029/2910 3101/455/2447 3331/1031/2912
f 3085/725/2668 3193/197/2189 2937/196/2188
f 2644/1032/2913 2949/190/2182 3132/189/2181
f 2716/1033/2914 3328/464/2456 3102/467/2459
f 2644/1032/2913 3102/467/2459 3334/1034/2915
f 3088/736/2676 3199/191/2183 2949/190/2182
f 2685/178/2170 3131/177/2169 2712/1028/2909
f 2645/1035/2916 2712/1028/2909 3324/214/2206
f 2645/1035/2916 3103/475/2467 3328/464/2456
f 2716/1033/2914 3132/189/2181 2685/178/2170
f 2646/1036/2917 2686/183/2175 3129/1025/2906
f 2711/1024/2905 3323/207/2199 3104/478/2470
f 2646/1036/2917 3104/478/2470 3327/452/2444
f 2715/1030/2911 3130/184/2176 2686/183/2175
f 2847/800/2729 3261/160/2152 3083/158/2150
f 2647/1037/2918 3083/158/2150 3329/1016/2897
f 3105/716/2662 3330/721/2666 2849/1038/2919
f 2647/1037/2918 2849/1038/2919 3263/1039/2728
f 2850/796/2725 3263/799/2728 2849/1040/2919
f 2849/1040/2919 3330/723/2666 3106/726/2669
f 2648/1041/2920 3106/726/2669 3331/1031/2912
f 2648/1041/2920 2851/454/2446 3262/447/2439
f 2649/1042/2921 2852/811/2737 3264/422/2414
f 2649/1042/2921 3086/170/2162 3332/1021/2902
f 3107/727/2670 3333/732/2674 2854/1043/2922
f 2854/1043/2922 3266/809/2735 2852/811/2737
f 2855/804/2732 3266/807/2735 2854/1044/2922
f 2854/1044/2922 3333/734/2674 3108/737/2677
f 2650/1045/2923 3108/737/2677 3334/1034/2915
f 2650/1045/2923 2856/466/2458 3265/443/2435
f 2651/1046/2924 2857/819/2744 3267/428/2420
f 2651/1046/2924 3089/202/2194 3335/1023/2904
f 3109/738/2678 3336/742/2682 2859/1047/2925
f 2859/1047/2925 3269/817/2743 2857/819/2744
f 2652/1048/2926 2860/812/2738 3269/1049/2743
f 2859/1050/2925 3336/744/2682 3110/748/2685
f 2652/1048/2926 3110/748/2685 3337/1014/2895
f 2861/155/2147 3268/154/2146 2860/812/2738
f 2653/1051/2927 2862/827/2750 3270/449/2441
f 2653/1051/2927 3092/209/2201 3338/1027/2908
f 3111/749/2686 3339/753/2690 2864/1052/2928
f 2864/1052/2928 3272/825/2748 2862/827/2750
f 2654/1053/2929 2865/820/2745 3272/823/2748
f 2864/1054/2928 3339/755/2690 3112/758/2693
f 2654/1053/2929 3112/758/2693 3340/1019/2900
f 2654/1053/2929 2866/167/2159 3271/426/2418
f 2776/571/2538 3183/892/2815 2777/894/2539
f 3341/1055/2930 2744/1058/2500 2518/1056/2499
f 2746/136/2130 2519/518/2503 2744/1058/2500
f 2925/68/2075 3341/1055/2930 2743/1057/2076
f 2444/137/2131 2746/136/2130 3341/1055/2930
f 2600/895/2816 2915/58/2068 3183/892/2815
f 2599/890/2813 2759/891/2814 3342/1059/2931
f 2759/891/2814 2523/543/2521 2757/1060/2518
f 3342/1059/2931 2756/1062/2517 2436/89/2095
f 3342/1059/2931 2757/1060/2518 2522/1061/2516
f 3585/1063/2932 4030/2333/2993 3895/1064/2933
f 3343/1065/2934 3895/1064/2933 4067/1066/2935
f 3619/1067/2936 4078/1182/3045 3896/1068/2937
f 3343/1065/2934 3896/1068/2937 4032/1069/2938
f 3345/1070/2939 3892/1085/2954 4312/1071/2940
f 3344/1073/2942 3887/1117/2986 4061/1074/2943
f 3633/1075/2944 4072/1186/3049 3888/1076/2945
f 3893/1077/2946 4307/2334/4030 4242/1078/2947
f 3894/1080/2949 4313/1115/2984 4246/1081/2950
f 3345/1070/2939 3891/2160/3908 4064/1083/2952
f 3640/1084/2953 4075/1178/3041 3892/1085/2954
f 3881/1086/2955 4305/2269/3937 4244/1087/2956
f 3586/1089/2958 4029/2335/3010 3883/1090/2959
f 3346/1091/2960 3883/1090/2959 4058/1092/2961
f 3626/1093/2962 4069/1190/3053 3884/1094/2963
f 3346/1091/2960 3884/1094/2963 4031/1095/2964
f 3347/1096/2965 3646/1103/2972 4070/1097/2966
f 3359/1099/2968 3902/1155/3018 4316/1100/2969
f 4247/1101/2970 4312/1071/2940 3892/1085/2954
f 3897/1102/2971 4082/1763/3609 3646/1103/2972
f 3348/1104/2973 3628/1108/2977 4060/1105/2974
f 3885/1106/2975 4029/2335/3010 3586/1089/2958
f 3348/1104/2973 3586/1089/2958 4031/1095/2964
f 3886/1107/2976 4073/1158/3021 3628/1108/2977
f 3349/1109/2978 3635/1113/2982 4063/1110/2979
f 3889/1111/2980 4030/2333/2993 3585/1063/2932
f 3349/1109/2978 3585/1063/2932 4032/1069/2938
f 3890/1112/2981 4076/1164/3027 3635/1113/2982
f 3350/1079/2948 3614/1118/2987 4066/1114/2983
f 3350/1079/2948 4242/1078/2947 4313/1115/2984
f 4241/1116/2985 4308/2268/3983 3887/1117/2986
f 3894/1080/2949 4079/1169/3032 3614/1118/2987
f 3998/1119/2988 4228/2186/3928 4002/1120/2989
f 3351/1121/2990 4002/1120/2989 4227/1122/2991
f 3351/1121/2990 3583/1123/2992 4030/1124/2993
f 3889/1125/2980 4063/2336/2979 3998/1119/2988
f 3352/1126/2994 4009/1133/3000 4229/1127/2995
f 3352/1126/2994 4005/1128/2996 4066/1129/2983
f 3352/1126/2994 3613/1130/2997 4068/1131/2998
f 3617/1132/2999 4067/2337/2935 4009/1133/3000
f 4007/1134/3001 4230/2166/3911 4006/1135/3002
f 3353/1136/3003 4006/1135/3002 4061/1137/2943
f 3565/1139/3004 4008/2198/3935 4368/1140/3005
f 4239/1141/3006 4307/2338/4030 3893/1142/2946
f 3995/1143/3007 4226/2171/3916 3999/1144/3008
f 3999/1144/3008 4058/2339/2961 3883/1146/2959
f 3354/1145/3009 3883/1146/2959 4029/1147/3010
f 3354/1145/3009 3993/1148/3011 4225/1149/3012
f 3666/1150/3013 4082/1763/3609 3897/1102/2971
f 3910/1152/3015 4320/1199/3062 4251/1153/3016
f 3367/1154/3017 4251/1153/3016 4316/1100/2969
f 3355/1151/3014 3905/1194/3057 4094/1156/3019
f 3356/1157/3020 3651/1162/3025 4073/1158/3021
f 3886/1107/2976 4031/1095/2964 3588/1159/3022
f 3356/1157/3020 3588/1159/3022 4033/1160/3023
f 3899/1161/3024 4085/1202/3065 3651/1162/3025
f 3357/1163/3026 3656/1168/3031 4076/1164/3027
f 3890/1112/2981 4032/1069/2938 3587/1165/3028
f 3357/1163/3026 3587/1165/3028 4034/1166/3029
f 3901/1167/3030 4088/1208/3071 3656/1168/3031
f 3358/1082/2951 3641/1174/3037 4079/1169/3032
f 3361/1170/3033 3900/1188/3051 4318/1171/3034
f 4245/1172/3035 4314/2197/3934 3888/1076/2945
f 3903/1173/3036 4091/1754/3602 3641/1174/3037
f 3366/1175/3038 3903/1173/3036 4317/1176/3039
f 3359/1099/2968 3892/1085/2954 4075/1178/3041
f 3660/1179/3042 4087/1788/3628 3902/1155/3018
f 3347/1096/2965 4248/1185/3048 4315/1180/3043
f 3587/1165/3028 4032/1069/2938 3896/1068/2937
f 3360/1181/3044 3896/1068/2937 4078/1182/3045
f 3645/1183/3046 4090/1225/3088 3904/1184/3047
f 3360/1181/3044 3904/1184/3047 4034/1166/3029
f 3882/1098/2967 4311/2159/3907 4248/1185/3048
f 3361/1170/3033 3888/1076/2945 4072/1186/3049
f 3655/1187/3050 4084/1779/3621 3900/1188/3051
f 3358/1082/2951 4246/1081/2950 4317/1176/3039
f 3588/1159/3022 4031/1095/2964 3884/1094/2963
f 3362/1189/3052 3884/1094/2963 4069/1190/3053
f 3650/1191/3054 4081/1233/3096 3898/1192/3055
f 3362/1189/3052 3898/1192/3055 4033/1160/3023
f 3686/1193/3056 4094/1156/3019 3905/1194/3057
f 3918/1196/3059 4324/2273/3987 4255/1197/3060
f 3375/1198/3061 4255/1197/3060 4320/1199/3062
f 3363/1195/3058 3913/1238/3101 4106/1200/3063
f 3364/1201/3064 3671/1206/3069 4085/1202/3065
f 3899/1161/3024 4033/1160/3023 3590/1203/3066
f 3590/1203/3066 4035/1246/3109 3907/1204/3067
f 3364/1201/3064 3907/1204/3067 4097/1205/3068
f 3365/1207/3070 3676/1212/3075 4088/1208/3071
f 3901/1167/3030 4034/1166/3029 3589/1209/3072
f 3589/1209/3072 4036/1252/3115 3909/1210/3073
f 3365/1207/3070 3909/1210/3073 4100/1211/3074
f 3661/1213/3076 4091/1754/3602 3903/1173/3036
f 3908/1214/3077 4322/1260/3123 4249/1215/3078
f 3369/1216/3079 4249/1215/3078 4318/1171/3034
f 3366/1175/3038 3911/1231/3094 4103/1217/3080
f 3374/1218/3081 3911/1231/3094 4321/1219/3082
f 3902/1155/3018 4087/1788/3628 3680/1221/3084
f 3367/1154/3017 3680/1221/3084 4099/1222/3085
f 4252/1223/3086 4319/1272/3135 3905/1194/3057
f 3589/1209/3072 4034/1166/3029 3904/1184/3047
f 3368/1224/3087 3904/1184/3047 4090/1225/3088
f 3368/1224/3087 3665/1226/3089 4102/1227/3090
f 3912/1228/3091 4036/1252/3115 3589/1209/3072
f 3355/1151/3014 3897/1102/2971 4315/1180/3043
f 3900/1188/3051 4084/1779/3621 3675/1229/3092
f 3369/1216/3079 3675/1229/3092 4096/1230/3093
f 4250/1177/3040 4321/1219/3082 3911/1231/3094
f 3590/1203/3066 4033/1160/3023 3898/1192/3055
f 3370/1232/3095 3898/1192/3055 4081/1233/3096
f 3370/1232/3095 3670/1234/3097 4093/1235/3098
f 3906/1236/3099 4035/1246/3109 3590/1203/3066
f 3371/1237/3100 3734/1243/3106 4106/1200/3063
f 3391/1239/3102 3926/1363/3226 4334/1240/3103
f 4259/1241/3104 4324/2273/3987 3918/1196/3059
f 3921/1242/3105 4132/1289/3152 3734/1243/3106
f 3691/1244/3107 4097/1205/3068 3907/1204/3067
f 3372/1245/3108 3907/1204/3067 4035/1246/3109
f 3592/1247/3110 4037/2340/4031 3915/1248/3111
f 3372/1245/3108 3915/1248/3111 4109/1249/3112
f 3696/1250/3113 4100/1211/3074 3909/1210/3073
f 3373/1251/3114 3909/1210/3073 4036/1252/3115
f 3591/1253/3116 4038/2341/4032 3917/1254/3117
f 3373/1251/3114 3917/1254/3117 4112/1255/3118
f 3681/1256/3119 4103/1217/3080 3911/1231/3094
f 3916/1257/3120 4326/2270/3984 4253/1258/3121
f 3377/1259/3122 4253/1258/3121 4322/1260/3123
f 3374/1218/3081 3919/1262/3125 4115/1261/3124
f 3919/1262/3125 4325/2271/3985 4258/1263/3126
f 3910/1152/3015 4099/1222/3085 3700/1265/3128
f 3375/1198/3061 3700/1265/3128 4111/1266/3129
f 4256/1267/3130 4323/2272/3986 3913/1238/3101
f 3376/1268/3131 3591/1253/3116 4036/1252/3115
f 3912/1228/3091 4102/1227/3090 3685/1269/3132
f 3376/1268/3131 3685/1269/3132 4114/1270/3133
f 3920/1271/3134 4038/2341/4032 3591/1253/3116
f 3363/1195/3058 3905/1194/3057 4319/1272/3135
f 3908/1214/3077 4096/1230/3093 3695/1273/3136
f 3377/1259/3122 3695/1273/3136 4108/1274/3137
f 4254/1220/3083 4325/2271/3985 3919/1262/3125
f 3378/1275/3138 3592/1247/3110 4035/1246/3109
f 3906/1236/3099 4093/1235/3098 3690/1276/3139
f 3378/1275/3138 3690/1276/3139 4105/1277/3140
f 3914/1278/3141 4037/2340/4031 3592/1247/3110
f 3379/1279/3142 3702/1288/3151 4129/1280/3143
f 3401/1282/3145 3935/1393/3256 4330/1283/3146
f 3921/1242/3105 4333/1364/3227 4263/1285/3148
f 3941/1287/3150 4127/1391/3254 3702/1288/3151
f 3380/1286/3149 3709/1297/3160 4132/1289/3152
f 3399/1290/3153 3939/1345/3208 4328/1291/3154
f 3936/1293/3156 4338/1434/3297 4265/1294/3157
f 3929/1296/3159 4118/1343/3206 3709/1297/3160
f 3381/1298/3161 3716/1304/3167 4135/1299/3162
f 3923/1300/3163 4042/1350/3213 3596/1301/3164
f 3381/1298/3161 3596/1301/3164 4039/1302/3165
f 3933/1303/3166 4121/1382/3245 3716/1304/3167
f 3382/1305/3168 3723/1311/3174 4138/1306/3169
f 3925/1307/3170 4041/1354/3217 3595/1308/3171
f 3382/1305/3168 3595/1308/3171 4040/1309/3172
f 3937/1310/3173 4124/1387/3250 3723/1311/3174
f 3406/1312/3175 3942/1392/3255 4337/1313/3176
f 3383/1315/3178 3939/1345/3208 4123/1316/3179
f 3383/1315/3178 3760/1317/3180 4147/1318/3181
f 3929/1296/3159 4327/1396/3259 4268/1320/3183
f 3597/1322/3185 4040/1309/3172 3943/1323/3186
f 3384/1324/3187 3943/1323/3186 4126/1325/3188
f 3384/1324/3187 3745/1326/3189 4150/1327/3190
f 3944/1328/3191 4044/1426/3289 3597/1322/3185
f 3940/1319/3182 4336/1379/3242 4267/1329/3192
f 3385/1295/3158 3935/1393/3256 4120/1330/3193
f 3385/1295/3158 3755/1331/3194 4144/1332/3195
f 3398/1333/3196 3941/1287/3150 4329/1334/3197
f 3598/1336/3199 4039/1302/3165 3931/1337/3200
f 3386/1338/3201 3931/1337/3200 4117/1339/3202
f 3386/1338/3201 3750/1340/3203 4141/1341/3204
f 3932/1342/3205 4043/1420/3283 3598/1336/3199
f 3387/1321/3184 3746/1347/3210 4118/1343/3206
f 4268/1320/3183 4335/1446/3309 3930/1344/3207
f 4267/1329/3192 4328/1291/3154 3939/1345/3208
f 3387/1321/3184 3930/1344/3207 4142/1346/3209
f 3388/1348/3211 3737/1351/3214 4109/1249/3112
f 3915/1248/3111 4037/2340/4031 3594/1349/3212
f 3388/1348/3211 3594/1349/3212 4042/1350/3213
f 3923/1300/3163 4135/1299/3162 3737/1351/3214
f 3389/1352/3215 3740/1355/3218 4112/1255/3118
f 3917/1254/3117 4038/2341/4032 3593/1353/3216
f 3389/1352/3215 3593/1353/3216 4041/1354/3217
f 3925/1307/3170 4138/1306/3169 3740/1355/3218
f 3390/1264/3127 3731/1359/3222 4115/1261/3124
f 3393/1356/3219 3924/1370/3233 4332/1357/3220
f 4257/1358/3221 4326/2270/3984 3916/1257/3120
f 3927/1281/3144 4129/1280/3143 3731/1359/3222
f 3379/1279/3142 3927/1281/3144 4331/1360/3223
f 3391/1239/3102 3918/1196/3059 4111/1266/3129
f 3738/1362/3225 4139/1397/3260 3926/1363/3226
f 3371/1237/3100 4260/1368/3231 4333/1364/3227
f 3593/1353/3216 4038/2341/4032 3920/1271/3134
f 3392/1365/3228 3920/1271/3134 4114/1270/3133
f 3729/1366/3229 4130/1400/3263 3928/1367/3230
f 3392/1365/3228 3928/1367/3230 4041/1354/3217
f 3913/1238/3101 4323/2272/3986 4260/1368/3231
f 3393/1356/3219 3916/1257/3120 4108/1274/3137
f 3735/1369/3232 4136/1402/3265 3924/1370/3233
f 4258/1263/3126 4331/1360/3223 3927/1281/3144
f 3594/1349/3212 4037/2340/4031 3914/1278/3141
f 3394/1371/3234 3914/1278/3141 4105/1277/3140
f 3732/1372/3235 4133/1405/3268 3922/1373/3236
f 3394/1371/3234 3922/1373/3236 4042/1350/3213
f 3766/1374/3237 4142/1346/3209 3930/1344/3207
f 3950/1376/3239 4340/1414/3277 4271/1377/3240
f 3407/1378/3241 4271/1377/3240 4336/1379/3242
f 3395/1375/3238 3945/1408/3271 4154/1380/3243
f 3396/1381/3244 3751/1385/3248 4121/1382/3245
f 3933/1303/3166 4039/1302/3165 3598/1336/3199
f 3598/1336/3199 4043/1420/3283 3934/1383/3246
f 3396/1381/3244 3934/1383/3246 4145/1384/3247
f 3397/1386/3249 3756/1390/3253 4124/1387/3250
f 3937/1310/3173 4040/1309/3172 3597/1322/3185
f 3597/1322/3185 4044/1426/3289 3938/1388/3251
f 3397/1386/3249 3938/1388/3251 4148/1389/3252
f 3398/1333/3196 3741/1395/3258 4127/1391/3254
f 4266/1335/3198 4337/1313/3176 3942/1392/3255
f 4265/1294/3157 4330/1283/3146 3935/1393/3256
f 3398/1333/3196 3942/1392/3255 4151/1394/3257
f 3380/1286/3149 4263/1285/3148 4327/1396/3259
f 3399/1290/3153 3926/1363/3226 4139/1397/3260
f 3728/1398/3261 4123/1316/3179 3939/1345/3208
f 4264/1292/3155 4334/1240/3103 3926/1363/3226
f 3595/1308/3171 4041/1354/3217 3928/1367/3230
f 3400/1399/3262 3928/1367/3230 4130/1400/3263
f 3707/1401/3264 4126/1325/3188 3943/1323/3186
f 3400/1399/3262 3943/1323/3186 4040/1309/3172
f 4261/1361/3224 4329/1334/3197 3941/1287/3150
f 3401/1282/3145 3924/1370/3233 4136/1402/3265
f 3721/1403/3266 4120/1330/3193 3935/1393/3256
f 4262/1284/3147 4332/1357/3220 3924/1370/3233
f 3596/1301/3164 4042/1350/3213 3922/1373/3236
f 3402/1404/3267 3922/1373/3236 4133/1405/3268
f 3714/1406/3269 4117/1339/3202 3931/1337/3200
f 3402/1404/3267 3931/1337/3200 4039/1302/3165
f 4436/1407/3270 4154/1380/3243 3945/1408/3271
f 3415/1410/3273 3958/1459/3322 4344/1411/3274
f 4411/1413/3276 4440/2275/3990 4340/1414/3277
f 3953/1415/3278 4166/1455/3318 3786/1416/3279
f 3771/1418/3281 4145/1384/3247 3934/1383/3246
f 3404/1419/3282 3934/1383/3246 4043/1420/3283
f 3600/1421/3284 4045/1464/3327 3947/1422/3285
f 3404/1419/3282 3947/1422/3285 4157/1423/3286
f 3776/1424/3287 4148/1389/3252 3938/1388/3251
f 3405/1425/3288 3938/1388/3251 4044/1426/3289
f 3599/1427/3290 4046/1472/3335 3949/1428/3291
f 3405/1425/3288 3949/1428/3291 4160/1429/3292
f 3761/1430/3293 4151/1394/3257 3942/1392/3255
f 3948/1431/3294 4342/1483/3346 4269/1432/3295
f 3409/1433/3296 4269/1432/3295 4338/1434/3297
f 3406/1312/3175 3951/1449/3312 4163/1435/3298
f 4410/1436/3299 3951/1449/3312 4341/1437/3300
f 3940/1319/3182 4147/1318/3181 3780/1439/3302
f 3407/1378/3241 3780/1439/3302 4159/1440/3303
f 4272/1441/3304 4339/1498/3361 3945/1408/3271
f 3408/1442/3305 3599/1427/3290 4044/1426/3289
f 3944/1328/3191 4150/1327/3190 3765/1443/3306
f 3408/1442/3305 3765/1443/3306 4162/1444/3307
f 3952/1445/3308 4046/1472/3335 3599/1427/3290
f 3395/1375/3238 3930/1344/3207 4335/1446/3309
f 3936/1293/3156 4144/1332/3195 3775/1447/3310
f 3409/1433/3296 3775/1447/3310 4156/1448/3311
f 4270/1314/3177 4341/1437/3300 3951/1449/3312
f 3410/1450/3313 3600/1421/3284 4043/1420/3283
f 3932/1342/3205 4141/1341/3204 3770/1451/3314
f 3410/1450/3313 3770/1451/3314 4153/1452/3315
f 3946/1453/3316 4045/1464/3327 3600/1421/3284
f 3411/1454/3317 3806/1461/3324 4166/1455/3318
f 3966/1456/3319 4348/1516/3379 4279/1457/3320
f 4279/1457/3320 4344/1411/3274 3958/1459/3322
f 3411/1454/3317 3961/1511/3374 4178/1460/3323
f 4437/1462/3325 4157/1423/3286 3947/1422/3285
f 4408/1463/3326 3947/1422/3285 4045/1464/3327
f 3412/1466/3329 3602/1509/3372 4047/1467/3330
f 3955/1468/3331 4169/1519/3382 3791/1469/3332
f 4438/1470/3333 4160/1429/3292 3949/1428/3291
f 4409/1471/3334 3949/1428/3291 4046/1472/3335
f 3413/1474/3337 3601/1497/3360 4048/1475/3338
f 3957/1476/3339 4172/1525/3388 3796/1477/3340
f 4435/1478/3341 4163/1435/3298 3951/1449/3312
f 3417/1479/3342 3956/1502/3365 4346/1480/3343
f 4413/1482/3345 4439/2274/3988 4342/1483/3346
f 3959/1484/3347 4175/1530/3393 3781/1485/3348
f 3959/1484/3347 4345/1503/3366 4278/1487/3350
f 3950/1376/3239 4159/1440/3303 4432/1489/3352
f 3800/1490/3353 4171/1539/3402 3958/1459/3322
f 3403/1417/3280 4276/2295/3989 4343/1491/3354
f 4412/1492/3355 4423/1473/3336 4046/1472/3335
f 3952/1445/3308 4162/1444/3307 4426/1493/3356
f 3785/1494/3357 4174/1544/3407 3960/1495/3358
f 3416/1496/3359 3960/1495/3358 4048/1475/3338
f 4407/1409/3272 3945/1408/3271 4339/1498/3361
f 3948/1431/3294 4156/1448/3311 4430/1500/3363
f 3795/1501/3364 4168/1548/3411 3956/1502/3365
f 3414/1486/3349 4274/2285/3996 4345/1503/3366
f 4414/1504/3367 4424/1465/3328 4045/1464/3327
f 3946/1453/3316 4153/1452/3315 4428/1505/3368
f 3790/1506/3369 4165/1553/3416 3954/1507/3370
f 3418/1508/3371 3954/1507/3370 4047/1467/3330
f 3826/1510/3373 4178/1460/3323 3961/1511/3374
f 3974/1513/3376 4352/1563/3426 4283/1514/3377
f 3431/1515/3378 4283/1514/3377 4348/1516/3379
f 3419/1512/3375 3969/1558/3421 4190/1517/3380
f 3420/1518/3381 3811/1523/3386 4169/1519/3382
f 3955/1468/3331 4047/1467/3330 3604/1520/3383
f 3604/1520/3383 4049/1567/3430 3963/1521/3384
f 3420/1518/3381 3963/1521/3384 4181/1522/3385
f 3421/1524/3387 3816/1529/3392 4172/1525/3388
f 3957/1476/3339 4048/1475/3338 3603/1526/3389
f 3603/1526/3389 4050/1573/3436 3965/1527/3390
f 3421/1524/3387 3965/1527/3390 4184/1528/3391
f 3422/1488/3351 3801/1535/3398 4175/1530/3393
f 3964/1531/3394 4350/1581/3444 4277/1532/3395
f 4277/1532/3395 4346/1480/3343 3956/1502/3365
f 3422/1488/3351 3967/1551/3414 4187/1534/3397
f 3430/1536/3399 3967/1551/3414 4349/1537/3400
f 3423/1458/3321 3958/1459/3322 4171/1539/3402
f 3423/1458/3321 3820/1540/3403 4183/1541/3404
f 4280/1542/3405 4347/1593/3456 3961/1511/3374
f 3603/1526/3389 4048/1475/3338 3960/1495/3358
f 3424/1543/3406 3960/1495/3358 4174/1544/3407
f 3424/1543/3406 3805/1545/3408 4186/1546/3409
f 3968/1547/3410 4050/1573/3436 3603/1526/3389
f 3953/1415/3278 4343/1491/3354 4280/1542/3405
f 3425/1533/3396 3956/1502/3365 4168/1548/3411
f 3425/1533/3396 3815/1549/3412 4180/1550/3413
f 4278/1487/3350 4349/1537/3400 3967/1551/3414
f 3604/1520/3383 4047/1467/3330 3954/1507/3370
f 3426/1552/3415 3954/1507/3370 4165/1553/3416
f 3426/1552/3415 3810/1554/3417 4177/1555/3418
f 3962/1556/3419 4049/1567/3430 3604/1520/3383
f 3846/1557/3420 4190/1517/3380 3969/1558/3421
f 3982/1560/3423 4356/1607/3470 4287/1561/3424
f 3439/1562/3425 4287/1561/3424 4352/1563/3426
f 3427/1559/3422 3977/1602/3465 4202/1564/3427
f 3831/1565/3428 4181/1522/3385 3963/1521/3384
f 3428/1566/3429 3963/1521/3384 4049/1567/3430
f 3606/1568/3431 4051/1611/3474 3971/1569/3432
f 3428/1566/3429 3971/1569/3432 4193/1570/3433
f 3836/1571/3434 4184/1528/3391 3965/1527/3390
f 3429/1572/3435 3965/1527/3390 4050/1573/3436
f 3605/1574/3437 4052/1617/3480 3973/1575/3438
f 3429/1572/3435 3973/1575/3438 4196/1576/3439
f 3821/1577/3440 4187/1534/3397 3967/1551/3414
f 3972/1578/3441 4354/1625/3488 4281/1579/3442
f 3433/1580/3443 4281/1579/3442 4350/1581/3444
f 3430/1536/3399 3975/1596/3459 4199/1582/3445
f 3438/1583/3446 3975/1596/3459 4353/1584/3447
f 3966/1456/3319 4183/1541/3404 3840/1586/3449
f 3431/1515/3378 3840/1586/3449 4195/1587/3450
f 4284/1588/3451 4351/1637/3500 3969/1558/3421
f 3432/1589/3452 3605/1574/3437 4050/1573/3436
f 3968/1547/3410 4186/1546/3409 3825/1590/3453
f 3432/1589/3452 3825/1590/3453 4198/1591/3454
f 3976/1592/3455 4052/1617/3480 3605/1574/3437
f 3419/1512/3375 3961/1511/3374 4347/1593/3456
f 3964/1531/3394 4180/1550/3413 3835/1594/3457
f 3433/1580/3443 3835/1594/3457 4192/1595/3458
f 4282/1538/3401 4353/1584/3447 3975/1596/3459
f 3434/1597/3460 3606/1568/3431 4049/1567/3430
f 3962/1556/3419 4177/1555/3418 3830/1598/3461
f 3434/1597/3460 3830/1598/3461 4189/1599/3462
f 3970/1600/3463 4051/1611/3474 3606/1568/3431
f 3866/1601/3464 4202/1564/3427 3977/1602/3465
f 3990/1604/3467 4360/2278/3964 4291/1605/3468
f 3447/1606/3469 4291/1605/3468 4356/1607/3470
f 3435/1603/3466 3985/1676/3539 4214/1608/3471
f 3851/1609/3472 4193/1570/3433 3971/1569/3432
f 3436/1610/3473 3971/1569/3432 4051/1611/3474
f 3608/1612/3475 4053/1654/3517 3979/1613/3476
f 3436/1610/3473 3979/1613/3476 4205/1614/3477
f 3856/1615/3478 4196/1576/3439 3973/1575/3438
f 3437/1616/3479 3973/1575/3438 4052/1617/3480
f 3607/1618/3481 4054/1660/3523 3981/1619/3482
f 3437/1616/3479 3981/1619/3482 4208/1620/3483
f 3841/1621/3484 4199/1582/3445 3975/1596/3459
f 3980/1622/3485 4358/1668/3531 4285/1623/3486
f 3441/1624/3487 4285/1623/3486 4354/1625/3488
f 3438/1583/3446 3983/1640/3503 4211/1626/3489
f 3446/1627/3490 3983/1640/3503 4357/1628/3491
f 3974/1513/3376 4195/1587/3450 3860/1630/3493
f 3439/1562/3425 3860/1630/3493 4207/1631/3494
f 4288/1632/3495 4355/1681/3544 3977/1602/3465
f 3440/1633/3496 3607/1618/3481 4052/1617/3480
f 3976/1592/3455 4198/1591/3454 3845/1634/3497
f 3440/1633/3496 3845/1634/3497 4210/1635/3498
f 3984/1636/3499 4054/1660/3523 3607/1618/3481
f 3427/1559/3422 3969/1558/3421 4351/1637/3500
f 3972/1578/3441 4192/1595/3458 3855/1638/3501
f 3441/1624/3487 3855/1638/3501 4204/1639/3502
f 4286/1585/3448 4357/1628/3491 3983/1640/3503
f 3442/1641/3504 3608/1612/3475 4051/1611/3474
f 3970/1600/3463 4189/1599/3462 3850/1642/3505
f 3442/1641/3504 3850/1642/3505 4201/1643/3506
f 3978/1644/3507 4053/1654/3517 3608/1612/3475
f 4012/1645/3508 4232/2224/3952 4015/1646/3509
f 3443/1647/3510 4015/1646/3509 4231/1648/3511
f 3443/1647/3510 3611/1649/3512 4055/1650/3513
f 3986/1651/3514 4213/2225/3550 4012/1645/3508
f 3871/1652/3515 4205/1614/3477 3979/1613/3476
f 3444/1653/3516 3979/1613/3476 4053/1654/3517
f 3610/1655/3518 4055/2342/3513 3987/1656/3519
f 3444/1653/3516 3987/1656/3519 4217/1657/3520
f 3876/1658/3521 4208/1620/3483 3981/1619/3482
f 3445/1659/3522 3981/1619/3482 4054/1660/3523
f 3609/1661/3524 4056/2343/3561 3989/1662/3525
f 3445/1659/3522 3989/1662/3525 4220/1663/3526
f 3861/1664/3527 4211/1626/3489 3983/1640/3503
f 3988/1665/3528 4362/2276/3570 4289/1666/3529
f 3449/1667/3530 4289/1666/3529 4358/1668/3531
f 3446/1627/3490 3991/1684/3547 4223/1669/3532
f 4014/1670/3533 4370/2255/3973 4293/1671/3534
f 3982/1560/3423 4207/1631/3494 3880/1673/3536
f 3447/1606/3469 3880/1673/3536 4219/1674/3537
f 4292/1675/3538 4359/2279/3991 3985/1676/3539
f 3448/1677/3540 3609/1661/3524 4054/1660/3523
f 3984/1636/3499 4210/1635/3498 3865/1678/3541
f 3448/1677/3540 3865/1678/3541 4222/1679/3542
f 3992/1680/3543 4056/2343/3561 3609/1661/3524
f 3435/1603/3466 3977/1602/3465 4355/1681/3544
f 3980/1622/3485 4204/1639/3502 3875/1682/3545
f 3449/1667/3530 3875/1682/3545 4216/1683/3546
f 4290/1629/3492 4361/2277/3956 3991/1684/3547
f 3450/1685/3548 3610/1655/3518 4053/1654/3517
f 3978/1644/3507 4201/1643/3506 3870/1686/3549
f 3450/1685/3548 3870/1686/3549 4213/1687/3550
f 3986/1688/3514 4055/2342/3513 3610/1655/3518
f 3451/1689/3551 4028/1697/3557 4236/1690/3552
f 3451/1689/3551 4024/1691/3553 4216/1692/3546
f 3451/1689/3551 3874/1693/3554 4218/1694/3555
f 3451/1689/3551 3872/1695/3556 4217/1696/3520
f 4020/1698/3558 4234/2219/3948 4019/1699/3559
f 4019/1699/3559 4220/2218/3526 3989/1701/3525
f 3452/1700/3560 3989/1701/3525 4056/1702/3561
f 3452/1700/3560 4018/1703/3562 4233/1704/3563
f 4026/1705/3564 4235/2251/3969 4023/1706/3565
f 4023/1706/3565 4223/2250/3532 3991/1708/3547
f 3574/1709/3567 4025/2236/3960 4372/1710/3568
f 3574/1709/3567 4295/1711/3569 4362/1712/3570
f 3613/1714/2997 4066/1114/2983 3614/1118/2987
f 3454/1715/3571 3614/1118/2987 4079/1169/3032
f 3615/1716/3572 4080/1757/3605 3616/1717/3573
f 3454/1715/3571 3616/1717/3573 4068/1718/2998
f 3617/1719/2999 4068/2344/2998 3616/1720/3573
f 3616/1720/3573 4080/1759/3605 3618/1722/3575
f 3455/1721/3574 3618/1722/3575 4078/1182/3045
f 3619/1067/2936 4067/1066/2935 3617/1719/2999
f 3620/1723/3576 4057/2158/3906 3621/1724/3577
f 3456/1725/3578 3621/1724/3577 4070/1097/2966
f 3622/1726/3579 4071/1766/3612 3623/1727/3580
f 3456/1725/3578 3623/1727/3580 4059/1728/3581
f 3457/1729/3582 3624/1733/3584 4059/1730/3581
f 3623/1731/3580 4071/1768/3612 3625/1732/3583
f 3457/1729/3582 3625/1732/3583 4069/1190/3053
f 3626/1093/2962 4058/1092/2961 3624/1733/3584
f 3627/1734/3585 4060/1105/2974 3628/1108/2977
f 3458/1735/3586 3628/1108/2977 4073/1158/3021
f 3629/1736/3587 4074/1774/3618 3630/1737/3588
f 3630/1737/3588 4062/2345/3590 3627/1734/3585
f 3459/1738/3589 3631/1742/3592 4062/1739/3590
f 3630/1740/3588 4074/1776/3618 3632/1741/3591
f 3459/1738/3589 3632/1741/3591 4072/1186/3049
f 3633/1075/2944 4061/1074/2943 3631/1742/3592
f 3634/1743/3593 4063/1110/2979 3635/1113/2982
f 3460/1744/3594 3635/1113/2982 4076/1164/3027
f 3636/1745/3595 4077/1783/3625 3637/1746/3596
f 3460/1744/3594 3637/1746/3596 4065/1747/3597
f 3461/1748/3598 3638/1752/3600 4065/1749/3597
f 3637/1750/3596 4077/1785/3625 3639/1751/3599
f 3461/1748/3598 3639/1751/3599 4075/1178/3041
f 3640/1084/2953 4064/1083/2952 3638/1752/3600
f 3615/1716/3572 4079/1169/3032 3641/1174/3037
f 3462/1753/3601 3641/1174/3037 4091/1754/3602
f 3642/1755/3603 4092/2346/3634 3643/1756/3604
f 3462/1753/3601 3643/1756/3604 4080/1757/3605
f 3463/1758/3606 3618/1722/3575 4080/1759/3605
f 3643/1760/3604 4092/1794/3634 3644/1761/3607
f 3463/1758/3606 3644/1761/3607 4090/1225/3088
f 3645/1183/3046 4078/1182/3045 3618/1722/3575
f 3622/1726/3579 4070/1097/2966 3646/1103/2972
f 3464/1762/3608 3646/1103/2972 4082/1763/3609
f 3647/1764/3610 4083/2347/3641 3648/1765/3611
f 3464/1762/3608 3648/1765/3611 4071/1766/3612
f 3465/1767/3613 3625/1732/3583 4071/1768/3612
f 3648/1769/3611 4083/1803/3641 3649/1770/3614
f 3465/1767/3613 3649/1770/3614 4081/1233/3096
f 3650/1191/3054 4069/1190/3053 3625/1732/3583
f 3629/1736/3587 4073/1158/3021 3651/1162/3025
f 3466/1771/3615 3651/1162/3025 4085/1202/3065
f 3652/1772/3616 4086/1811/3647 3653/1773/3617
f 3466/1771/3615 3653/1773/3617 4074/1774/3618
f 3467/1775/3619 3632/1741/3591 4074/1776/3618
f 3653/1777/3617 4086/2348/3647 3654/1778/3620
f 3467/1775/3619 3654/1778/3620 4084/1779/3621
f 3655/1187/3050 4072/1186/3049 3632/1741/3591
f 3636/1745/3595 4076/1164/3027 3656/1168/3031
f 3468/1780/3622 3656/1168/3031 4088/1208/3071
f 3657/1781/3623 4089/1820/3654 3658/1782/3624
f 3468/1780/3622 3658/1782/3624 4077/1783/3625
f 3469/1784/3626 3639/1751/3599 4077/1785/3625
f 3658/1786/3624 4089/2349/3654 3659/1787/3627
f 3469/1784/3626 3659/1787/3627 4087/1788/3628
f 3660/1179/3042 4075/1178/3041 3639/1751/3599
f 3642/1755/3603 4091/1754/3602 3661/1213/3076
f 3661/1213/3076 4103/1217/3080 3662/1790/3630
f 3470/1789/3629 3662/1790/3630 4104/1791/3631
f 3663/1792/3632 4092/2346/3634 3642/1755/3603
f 3471/1793/3633 3644/1761/3607 4092/1794/3634
f 3471/1793/3633 3663/1795/3632 4104/1796/3631
f 3664/1797/3635 4102/1227/3090 3665/1226/3089
f 3665/1226/3089 4090/1225/3088 3644/1761/3607
f 3647/1764/3610 4082/1763/3609 3666/1150/3013
f 3666/1150/3013 4094/1156/3019 3667/1799/3637
f 3472/1798/3636 3667/1799/3637 4095/1800/3638
f 3668/1801/3639 4083/2347/3641 3647/1764/3610
f 3473/1802/3640 3649/1770/3614 4083/1803/3641
f 3473/1802/3640 3668/1804/3639 4095/1805/3638
f 3669/1806/3642 4093/1235/3098 3670/1234/3097
f 3670/1234/3097 4081/1233/3096 3649/1770/3614
f 3652/1772/3616 4085/1202/3065 3671/1206/3069
f 3671/1206/3069 4097/1205/3068 3672/1808/3644
f 3474/1807/3643 3672/1808/3644 4098/1809/3645
f 3474/1807/3643 3673/1810/3646 4086/1811/3647
f 3654/1778/3620 4086/2348/3647 3673/1812/3646
f 3475/1813/3648 3673/1812/3646 4098/1814/3645
f 3674/1815/3649 4096/1230/3093 3675/1229/3092
f 3675/1229/3092 4084/1779/3621 3654/1778/3620
f 3657/1781/3623 4088/1208/3071 3676/1212/3075
f 3676/1212/3075 4100/1211/3074 3677/1817/3651
f 3476/1816/3650 3677/1817/3651 4101/1818/3652
f 3476/1816/3650 3678/1819/3653 4089/1820/3654
f 3659/1787/3627 4089/2349/3654 3678/1821/3653
f 3477/1822/3655 3678/1821/3653 4101/1823/3652
f 3679/1824/3656 4099/1222/3085 3680/1221/3084
f 3680/1221/3084 4087/1788/3628 3659/1787/3627
f 3478/1825/3657 3662/1790/3630 4103/1217/3080
f 3681/1256/3119 4115/1261/3124 3682/1826/3658
f 3478/1825/3657 3682/1826/3658 4116/1827/3659
f 3683/1828/3660 4104/1791/3631 3662/1790/3630
f 3664/1797/3635 4104/1796/3631 3683/1829/3660
f 3479/1830/3661 3683/1829/3660 4116/1831/3659
f 3684/1832/3662 4114/1270/3133 3685/1269/3132
f 3479/1830/3661 3685/1269/3132 4102/1227/3090
f 3480/1833/3663 3667/1799/3637 4094/1156/3019
f 3686/1193/3056 4106/1200/3063 3687/1834/3664
f 3480/1833/3663 3687/1834/3664 4107/1835/3665
f 3688/1836/3666 4095/1800/3638 3667/1799/3637
f 3669/1806/3642 4095/1805/3638 3688/1837/3666
f 3481/1838/3667 3688/1837/3666 4107/1839/3665
f 3689/1840/3668 4105/1277/3140 3690/1276/3139
f 3481/1838/3667 3690/1276/3139 4093/1235/3098
f 3482/1841/3669 3672/1808/3644 4097/1205/3068
f 3691/1244/3107 4109/1249/3112 3692/1842/3670
f 3482/1841/3669 3692/1842/3670 4110/1843/3671
f 3693/1844/3672 4098/1809/3645 3672/1808/3644
f 3674/1815/3649 4098/1814/3645 3693/1845/3672
f 3483/1846/3673 3693/1845/3672 4110/1847/3671
f 3694/1848/3674 4108/1274/3137 3695/1273/3136
f 3483/1846/3673 3695/1273/3136 4096/1230/3093
f 3484/1849/3675 3677/1817/3651 4100/1211/3074
f 3696/1250/3113 4112/1255/3118 3697/1850/3676
f 3484/1849/3675 3697/1850/3676 4113/1851/3677
f 3698/1852/3678 4101/1818/3652 3677/1817/3651
f 3679/1824/3656 4101/1823/3652 3698/1853/3678
f 3485/1854/3679 3698/1853/3678 4113/1855/3677
f 3699/1856/3680 4111/1266/3129 3700/1265/3128
f 3485/1854/3679 3700/1265/3128 4099/1222/3085
f 3701/1857/3681 4129/1280/3143 3702/1288/3151
f 3486/1858/3682 3702/1288/3151 4127/1391/3254
f 3703/1859/3683 4128/1917/3730 3704/1860/3684
f 3486/1858/3682 3704/1860/3684 4131/1861/3685
f 3487/1862/3686 3705/1866/3688 4131/1863/3685
f 3704/1864/3684 4128/1919/3730 3706/1865/3687
f 3487/1862/3686 3706/1865/3687 4126/1325/3188
f 3707/1401/3264 4130/1400/3263 3705/1866/3688
f 3708/1867/3689 4132/1289/3152 3709/1297/3160
f 3488/1868/3690 3709/1297/3160 4118/1343/3206
f 3710/1869/3691 4119/1927/3737 3711/1870/3692
f 3488/1868/3690 3711/1870/3692 4134/1871/3693
f 3489/1872/3694 3712/1876/3696 4134/1873/3693
f 3711/1874/3692 4119/1929/3737 3713/1875/3695
f 3489/1872/3694 3713/1875/3695 4117/1339/3202
f 3714/1406/3269 4133/1405/3268 3712/1876/3696
f 3715/1877/3697 4135/1299/3162 3716/1304/3167
f 3490/1878/3698 3716/1304/3167 4121/1382/3245
f 3717/1879/3699 4122/1936/3704 3718/1880/3700
f 3490/1878/3698 3718/1880/3700 4137/1881/3701
f 3719/1882/3702 4137/2350/3701 3718/1883/3700
f 3491/1884/3703 3718/1883/3700 4122/1885/3704
f 3491/1884/3703 3720/1886/3705 4120/1330/3193
f 3721/1403/3266 4136/1402/3265 3719/1882/3702
f 3722/1887/3706 4138/1306/3169 3723/1311/3174
f 3492/1888/3707 3723/1311/3174 4124/1387/3250
f 3724/1889/3708 4125/1944/3749 3725/1890/3709
f 3492/1888/3707 3725/1890/3709 4140/1891/3710
f 3493/1892/3711 3726/1896/3713 4140/1893/3710
f 3725/1894/3709 4125/1946/3749 3727/1895/3712
f 3493/1892/3711 3727/1895/3712 4123/1316/3179
f 3728/1398/3261 4139/1397/3260 3726/1896/3713
f 3494/1897/3714 3705/1866/3688 4130/1400/3263
f 3729/1366/3229 4114/1270/3133 3684/1832/3662
f 3494/1897/3714 3684/1832/3662 4116/1831/3659
f 3730/1898/3715 4131/1863/3685 3705/1866/3688
f 3701/1857/3681 4131/1861/3685 3730/1899/3715
f 3495/1900/3716 3730/1899/3715 4116/1827/3659
f 3682/1826/3658 4115/1261/3124 3731/1359/3222
f 3495/1900/3716 3731/1359/3222 4129/1280/3143
f 3496/1901/3717 3712/1876/3696 4133/1405/3268
f 3732/1372/3235 4105/1277/3140 3689/1840/3668
f 3496/1901/3717 3689/1840/3668 4107/1839/3665
f 3733/1902/3718 4134/1873/3693 3712/1876/3696
f 3708/1867/3689 4134/1871/3693 3733/1903/3718
f 3497/1904/3719 3733/1903/3718 4107/1835/3665
f 3687/1834/3664 4106/1200/3063 3734/1243/3106
f 3497/1904/3719 3734/1243/3106 4132/1289/3152
f 3498/1905/3720 3719/1882/3702 4136/1402/3265
f 3735/1369/3232 4108/1274/3137 3694/1848/3674
f 3498/1905/3720 3694/1848/3674 4110/1847/3671
f 3736/1906/3721 4137/2350/3701 3719/1882/3702
f 3715/1877/3697 4137/1881/3701 3736/1907/3721
f 3499/1908/3722 3736/1907/3721 4110/1843/3671
f 3692/1842/3670 4109/1249/3112 3737/1351/3214
f 3499/1908/3722 3737/1351/3214 4135/1299/3162
f 3500/1909/3723 3726/1896/3713 4139/1397/3260
f 3738/1362/3225 4111/1266/3129 3699/1856/3680
f 3500/1909/3723 3699/1856/3680 4113/1855/3677
f 3739/1910/3724 4140/1893/3710 3726/1896/3713
f 3722/1887/3706 4140/1891/3710 3739/1911/3724
f 3501/1912/3725 3739/1911/3724 4113/1851/3677
f 3697/1850/3676 4112/1255/3118 3740/1355/3218
f 3501/1912/3725 3740/1355/3218 4138/1306/3169
f 3703/1859/3683 4127/1391/3254 3741/1395/3258
f 3741/1395/3258 4151/1394/3257 3742/1914/3727
f 3502/1913/3726 3742/1914/3727 4152/1915/3728
f 3502/1913/3726 3743/1916/3729 4128/1917/3730
f 3503/1918/3731 3706/1865/3687 4128/1919/3730
f 3503/1918/3731 3743/1920/3729 4152/1921/3728
f 3744/1922/3732 4150/1327/3190 3745/1326/3189
f 3745/1326/3189 4126/1325/3188 3706/1865/3687
f 3710/1869/3691 4118/1343/3206 3746/1347/3210
f 3746/1347/3210 4142/1346/3209 3747/1924/3734
f 3504/1923/3733 3747/1924/3734 4143/1925/3735
f 3504/1923/3733 3748/1926/3736 4119/1927/3737
f 3505/1928/3738 3713/1875/3695 4119/1929/3737
f 3505/1928/3738 3748/1930/3736 4143/1931/3735
f 3749/1932/3739 4141/1341/3204 3750/1340/3203
f 3750/1340/3203 4117/1339/3202 3713/1875/3695
f 3717/1879/3699 4121/1382/3245 3751/1385/3248
f 3751/1385/3248 4145/1384/3247 3752/1934/3741
f 3752/1934/3741 4146/2351/3744 3753/1935/3742
f 3506/1933/3740 3753/1935/3742 4122/1936/3704
f 3720/1886/3705 4122/1885/3704 3753/1937/3742
f 3507/1938/3743 3753/1937/3742 4146/1939/3744
f 3754/1940/3745 4144/1332/3195 3755/1331/3194
f 3755/1331/3194 4120/1330/3193 3720/1886/3705
f 3724/1889/3708 4124/1387/3250 3756/1390/3253
f 3756/1390/3253 4148/1389/3252 3757/1942/3747
f 3757/1942/3747 4149/2352/3751 3758/1943/3748
f 3508/1941/3746 3758/1943/3748 4125/1944/3749
f 3509/1945/3750 3727/1895/3712 4125/1946/3749
f 3509/1945/3750 3758/1947/3748 4149/1948/3751
f 3759/1949/3752 4147/1318/3181 3760/1317/3180
f 3760/1317/3180 4123/1316/3179 3727/1895/3712
f 3510/1950/3753 3742/1914/3727 4151/1394/3257
f 3761/1430/3293 4163/1435/3298 3762/1951/3754
f 3510/1950/3753 3762/1951/3754 4164/1952/3755
f 3763/1953/3756 4152/1915/3728 3742/1914/3727
f 3744/1922/3732 4152/1921/3728 3763/1954/3756
f 3511/1955/3757 3763/1954/3756 4164/1956/3755
f 3764/1957/3758 4162/1444/3307 3765/1443/3306
f 3511/1955/3757 3765/1443/3306 4150/1327/3190
f 3512/1958/3759 3747/1924/3734 4142/1346/3209
f 3766/1374/3237 4154/1380/3243 3767/1959/3760
f 3512/1958/3759 3767/1959/3760 4155/1960/3761
f 3768/1961/3762 4143/1925/3735 3747/1924/3734
f 3749/1932/3739 4143/1931/3735 3768/1962/3762
f 3513/1963/3763 3768/1962/3762 4155/1964/3761
f 3769/1965/3764 4153/1452/3315 3770/1451/3314
f 3513/1963/3763 3770/1451/3314 4141/1341/3204
f 3514/1966/3765 3752/1934/3741 4145/1384/3247
f 3771/1418/3281 4157/1423/3286 3772/1967/3766
f 3514/1966/3765 3772/1967/3766 4158/1968/3767
f 3773/1969/3768 4146/2351/3744 3752/1934/3741
f 3754/1940/3745 4146/1939/3744 3773/1970/3768
f 3515/1971/3769 3773/1970/3768 4158/1972/3767
f 3774/1973/3770 4156/1448/3311 3775/1447/3310
f 3515/1971/3769 3775/1447/3310 4144/1332/3195
f 3516/1974/3771 3757/1942/3747 4148/1389/3252
f 3776/1424/3287 4160/1429/3292 3777/1975/3772
f 3516/1974/3771 3777/1975/3772 4161/1976/3773
f 3778/1977/3774 4149/2352/3751 3757/1942/3747
f 3759/1949/3752 4149/1948/3751 3778/1978/3774
f 3517/1979/3775 3778/1978/3774 4161/1980/3773
f 3779/1981/3776 4159/1440/3303 3780/1439/3302
f 3517/1979/3775 3780/1439/3302 4147/1318/3181
f 4415/1982/3777 3762/1951/3754 4163/1435/3298
f 3518/1983/3778 3781/1485/3348 4175/1530/3393
f 3782/1984/3779 4176/2026/3813 3783/1985/3780
f 4425/1986/3781 4164/1952/3755 3762/1951/3754
f 3764/1957/3758 4164/1956/3755 4425/1987/3781
f 3783/1989/3780 4176/2028/3813 3784/1990/3783
f 3519/1991/3784 3784/1990/3783 4174/1544/3407
f 4416/1988/3782 4426/1493/3356 4162/1444/3307
f 4417/1992/3785 3767/1959/3760 4154/1380/3243
f 3520/1993/3786 3786/1416/3279 4166/1455/3318
f 3787/1994/3787 4167/2036/3820 3788/1995/3788
f 4427/1996/3789 4155/1960/3761 3767/1959/3760
f 3769/1965/3764 4155/1964/3761 4427/1997/3789
f 3788/1999/3788 4167/2038/3820 3789/2000/3791
f 3521/2001/3792 3789/2000/3791 4165/1553/3416
f 4418/1998/3790 4428/1505/3368 4153/1452/3315
f 4419/2002/3793 3772/1967/3766 4157/1423/3286
f 3522/2003/3794 3791/1469/3332 4169/1519/3382
f 3792/2004/3795 4170/2046/3827 3793/2005/3796
f 4429/2006/3797 4158/1968/3767 3772/1967/3766
f 3774/1973/3770 4158/1972/3767 4429/2007/3797
f 3793/2009/3796 4170/2048/3827 3794/2010/3799
f 3523/2011/3800 3794/2010/3799 4168/1548/3411
f 4420/2008/3798 4430/1500/3363 4156/1448/3311
f 4421/2012/3801 3777/1975/3772 4160/1429/3292
f 3524/2013/3802 3796/1477/3340 4172/1525/3388
f 3797/2014/3803 4173/2056/3834 3798/2015/3804
f 4431/2016/3805 4161/1976/3773 3777/1975/3772
f 3779/1981/3776 4161/1980/3773 4431/2017/3805
f 3798/2019/3804 4173/2058/3834 3799/2020/3807
f 3525/2021/3808 3799/2020/3807 4171/1539/3402
f 4422/2018/3806 4432/1489/3352 4159/1440/3303
f 3782/1984/3779 4175/1530/3393 3801/1535/3398
f 3801/1535/3398 4187/1534/3397 3802/2023/3810
f 3526/2022/3809 3802/2023/3810 4188/2024/3811
f 3526/2022/3809 3803/2025/3812 4176/2026/3813
f 3527/2027/3814 3784/1990/3783 4176/2028/3813
f 3527/2027/3814 3803/2029/3812 4188/2030/3811
f 3804/2031/3815 4186/1546/3409 3805/1545/3408
f 3805/1545/3408 4174/1544/3407 3784/1990/3783
f 3787/1994/3787 4166/1455/3318 3806/1461/3324
f 3806/1461/3324 4178/1460/3323 3807/2033/3817
f 3528/2032/3816 3807/2033/3817 4179/2034/3818
f 3528/2032/3816 3808/2035/3819 4167/2036/3820
f 3529/2037/3821 3789/2000/3791 4167/2038/3820
f 3529/2037/3821 3808/2039/3819 4179/2040/3818
f 3809/2041/3822 4177/1555/3418 3810/1554/3417
f 3810/1554/3417 4165/1553/3416 3789/2000/3791
f 3792/2004/3795 4169/1519/3382 3811/1523/3386
f 3811/1523/3386 4181/1522/3385 3812/2043/3824
f 3530/2042/3823 3812/2043/3824 4182/2044/3825
f 3530/2042/3823 3813/2045/3826 4170/2046/3827
f 3531/2047/3828 3794/2010/3799 4170/2048/3827
f 3531/2047/3828 3813/2049/3826 4182/2050/3825
f 3814/2051/3829 4180/1550/3413 3815/1549/3412
f 3815/1549/3412 4168/1548/3411 3794/2010/3799
f 3797/2014/3803 4172/1525/3388 3816/1529/3392
f 3816/1529/3392 4184/1528/3391 3817/2053/3831
f 3532/2052/3830 3817/2053/3831 4185/2054/3832
f 3532/2052/3830 3818/2055/3833 4173/2056/3834
f 3533/2057/3835 3799/2020/3807 4173/2058/3834
f 3533/2057/3835 3818/2059/3833 4185/2060/3832
f 3819/2061/3836 4183/1541/3404 3820/1540/3403
f 3820/1540/3403 4171/1539/3402 3799/2020/3807
f 3534/2062/3837 3802/2023/3810 4187/1534/3397
f 3821/1577/3440 4199/1582/3445 3822/2063/3838
f 3534/2062/3837 3822/2063/3838 4200/2064/3839
f 3823/2065/3840 4188/2024/3811 3802/2023/3810
f 3804/2031/3815 4188/2030/3811 3823/2066/3840
f 3535/2067/3841 3823/2066/3840 4200/2068/3839
f 3824/2069/3842 4198/1591/3454 3825/1590/3453
f 3535/2067/3841 3825/1590/3453 4186/1546/3409
f 3536/2070/3843 3807/2033/3817 4178/1460/3323
f 3826/1510/3373 4190/1517/3380 3827/2071/3844
f 3536/2070/3843 3827/2071/3844 4191/2072/3845
f 3828/2073/3846 4179/2034/3818 3807/2033/3817
f 3809/2041/3822 4179/2040/3818 3828/2074/3846
f 3537/2075/3847 3828/2074/3846 4191/2076/3845
f 3829/2077/3848 4189/1599/3462 3830/1598/3461
f 3537/2075/3847 3830/1598/3461 4177/1555/3418
f 3538/2078/3849 3812/2043/3824 4181/1522/3385
f 3831/1565/3428 4193/1570/3433 3832/2079/3850
f 3538/2078/3849 3832/2079/3850 4194/2080/3851
f 3833/2081/3852 4182/2044/3825 3812/2043/3824
f 3814/2051/3829 4182/2050/3825 3833/2082/3852
f 3539/2083/3853 3833/2082/3852 4194/2084/3851
f 3834/2085/3854 4192/1595/3458 3835/1594/3457
f 3539/2083/3853 3835/1594/3457 4180/1550/3413
f 3540/2086/3855 3817/2053/3831 4184/1528/3391
f 3836/1571/3434 4196/1576/3439 3837/2087/3856
f 3540/2086/3855 3837/2087/3856 4197/2088/3857
f 3838/2089/3858 4185/2054/3832 3817/2053/3831
f 3819/2061/3836 4185/2060/3832 3838/2090/3858
f 3541/2091/3859 3838/2090/3858 4197/2092/3857
f 3839/2093/3860 4195/1587/3450 3840/1586/3449
f 3541/2091/3859 3840/1586/3449 4183/1541/3404
f 3542/2094/3861 3822/2063/3838 4199/1582/3445
f 3841/1621/3484 4211/1626/3489 3842/2095/3862
f 3542/2094/3861 3842/2095/3862 4212/2096/3863
f 3843/2097/3864 4200/2064/3839 3822/2063/3838
f 3824/2069/3842 4200/2068/3839 3843/2098/3864
f 3543/2099/3865 3843/2098/3864 4212/2100/3863
f 3844/2101/3866 4210/1635/3498 3845/1634/3497
f 3543/2099/3865 3845/1634/3497 4198/1591/3454
f 3544/2102/3867 3827/2071/3844 4190/1517/3380
f 3846/1557/3420 4202/1564/3427 3847/2103/3868
f 3544/2102/3867 3847/2103/3868 4203/2104/3869
f 3848/2105/3870 4191/2072/3845 3827/2071/3844
f 3829/2077/3848 4191/2076/3845 3848/2106/3870
f 3545/2107/3871 3848/2106/3870 4203/2108/3869
f 3849/2109/3872 4201/1643/3506 3850/1642/3505
f 3545/2107/3871 3850/1642/3505 4189/1599/3462
f 3546/2110/3873 3832/2079/3850 4193/1570/3433
f 3851/1609/3472 4205/1614/3477 3852/2111/3874
f 3546/2110/3873 3852/2111/3874 4206/2112/3875
f 3853/2113/3876 4194/2080/3851 3832/2079/3850
f 3834/2085/3854 4194/2084/3851 3853/2114/3876
f 3547/2115/3877 3853/2114/3876 4206/2116/3875
f 3854/2117/3878 4204/1639/3502 3855/1638/3501
f 3547/2115/3877 3855/1638/3501 4192/1595/3458
f 3548/2118/3879 3837/2087/3856 4196/1576/3439
f 3856/1615/3478 4208/1620/3483 3857/2119/3880
f 3548/2118/3879 3857/2119/3880 4209/2120/3881
f 3858/2121/3882 4197/2088/3857 3837/2087/3856
f 3839/2093/3860 4197/2092/3857 3858/2122/3882
f 3549/2123/3883 3858/2122/3882 4209/2124/3881
f 3859/2125/3884 4207/1631/3494 3860/1630/3493
f 3549/2123/3883 3860/1630/3493 4195/1587/3450
f 3550/2126/3885 3842/2095/3862 4211/1626/3489
f 3861/1664/3527 4223/1669/3532 3862/2127/3886
f 3550/2126/3885 3862/2127/3886 4224/2128/3887
f 3863/2129/3888 4212/2096/3863 3842/2095/3862
f 3844/2101/3866 4212/2100/3863 3863/2130/3888
f 3551/2131/3889 3863/2130/3888 4224/2132/3887
f 3864/2133/3890 4222/1679/3542 3865/1678/3541
f 3551/2131/3889 3865/1678/3541 4210/1635/3498
f 3552/2134/3891 3847/2103/3868 4202/1564/3427
f 3866/1601/3464 4214/1608/3471 3867/2135/3892
f 3552/2134/3891 3867/2135/3892 4215/2136/3893
f 3868/2137/3894 4203/2104/3869 3847/2103/3868
f 3849/2109/3872 4203/2108/3869 3868/2138/3894
f 3553/2139/3895 3868/2138/3894 4215/2140/3893
f 3869/2141/3896 4213/1687/3550 3870/1686/3549
f 3553/2139/3895 3870/1686/3549 4201/1643/3506
f 3554/2142/3897 3852/2111/3874 4205/1614/3477
f 3871/1652/3515 4217/1657/3520 3872/2143/3556
f 3554/2142/3897 3872/2143/3556 4218/2144/3555
f 3873/2145/3898 4206/2112/3875 3852/2111/3874
f 3854/2117/3878 4206/2116/3875 3873/2146/3898
f 3555/2147/3899 3873/2146/3898 4218/2148/3555
f 3874/2149/3554 4216/1683/3546 3875/1682/3545
f 3555/2147/3899 3875/1682/3545 4204/1639/3502
f 3556/2150/3900 3857/2119/3880 4208/1620/3483
f 3876/1658/3521 4220/1663/3526 3877/2151/3901
f 3556/2150/3900 3877/2151/3901 4221/2152/3902
f 3878/2153/3903 4209/2120/3881 3857/2119/3880
f 3859/2125/3884 4209/2124/3881 3878/2154/3903
f 3557/2155/3904 3878/2154/3903 4221/2156/3902
f 3879/2157/3905 4219/1674/3537 3880/1673/3536
f 3557/2155/3904 3880/1673/3536 4207/1631/3494
f 3558/1088/2957 3621/1724/3577 4057/2158/3906
f 3558/1088/2957 4244/1087/2956 4311/2159/3907
f 4243/1072/2941 4306/2353/3981 3891/2160/3908
f 3882/1098/2967 4070/1097/2966 3621/1724/3577
f 4010/2161/3909 4060/2354/2974 3627/2162/3585
f 3559/2163/3910 3627/2162/3585 4062/2164/3590
f 3559/2163/3910 3631/2165/3592 4061/1137/2943
f 3559/2163/3910 4006/1135/3002 4230/2166/3911
f 3564/2167/3912 4297/2174/3919 4309/2168/3913
f 3560/2170/3915 3997/2179/3923 4226/2171/3916
f 3995/1143/3007 4225/1149/3012 3584/2172/3917
f 4001/2173/3918 4365/2199/3936 4297/2174/3919
f 3887/1138/2986 4308/2267/3983 4240/2175/3920
f 3881/2176/2955 4057/2355/3906 3996/2177/3921
f 3996/2177/3921 4226/2171/3916 3997/2179/3923
f 3891/2180/3908 4306/2265/3981 4238/2181/3924
f 3638/2183/3600 4064/2356/2952 4004/2184/3926
f 3562/2185/3927 4004/2184/3926 4228/2186/3928
f 3998/1119/2988 4063/2336/2979 3634/2187/3593
f 3562/2185/3927 3634/2187/3593 4065/2188/3597
f 3996/2177/3921 4057/2355/3906 3620/2189/3576
f 3563/2190/3929 3620/2189/3576 4059/2191/3581
f 3624/2192/3584 4058/2339/2961 3999/1144/3008
f 3563/2190/3929 3999/1144/3008 4226/2171/3916
f 4298/2193/3930 4366/2264/3980 3997/2179/3923
f 4007/1134/3001 4367/2196/3933 4299/2194/3931
f 4000/2169/3914 4227/1122/2991 4002/1120/2989
f 3564/2167/3912 4002/1120/2989 4228/2186/3928
f 3353/1136/3003 4240/2175/3920 4367/2196/3933
f 3344/1073/2942 3888/1076/2945 4314/2197/3934
f 3565/1139/3004 3893/1142/2946 4066/1129/2983
f 4005/1128/2996 4229/1127/2995 4008/2198/3935
f 3566/2182/3925 4238/2181/3924 4365/2199/3936
f 3561/2178/3922 4237/2266/3982 4305/2200/3937
f 4001/2173/3918 4228/2186/3928 4004/2184/3926
f 4004/2184/3926 4064/2356/2952 3891/2180/3908
f 3584/2172/3917 4225/1149/3012 3994/2201/3938
f 3567/2195/3932 3994/2201/3938 4230/2166/3911
f 3568/2202/3939 4000/2169/3914 4309/2168/3913
f 3985/2204/3539 4359/2280/3991 4302/2205/3941
f 4300/2203/3940 4368/1140/3005 4008/2198/3935
f 3567/2195/3932 4299/2194/3931 4310/2207/3943
f 3568/2202/3939 4008/2198/3935 4229/1127/2995
f 4003/2208/3944 4227/1122/2991 4000/2169/3914
f 3569/2209/3945 3583/1123/2992 4227/1122/2991
f 4003/2208/3944 4229/1127/2995 4009/1133/3000
f 4009/1133/3000 4067/2337/2935 3895/2210/2933
f 3569/2209/3945 3895/2210/2933 4030/1124/2993
f 3570/2211/3946 3993/1148/3011 4029/1147/3010
f 3885/2212/2975 4060/2354/2974 4010/2161/3909
f 4010/2161/3909 4230/2166/3911 3994/2201/3938
f 3570/2211/3946 3994/2201/3938 4225/1149/3012
f 3571/2213/3947 4022/2220/3949 4219/2214/3537
f 3571/2213/3947 3879/2215/3905 4221/2216/3902
f 3571/2213/3947 3877/2217/3901 4220/2218/3526
f 3571/2213/3947 4019/1699/3559 4234/2219/3948
f 3572/2221/3950 3867/2228/3892 4214/2222/3471
f 3572/2221/3950 4017/2223/3951 4232/2224/3952
f 3572/2221/3950 4012/1645/3508 4213/2225/3550
f 3572/2221/3950 3869/2226/3896 4215/2227/3893
f 3576/2229/3953 3612/2243/3966 4364/2230/3954
f 3453/1707/3566 3991/1708/3547 4361/2232/3956
f 4013/2234/3958 4231/1648/3511 4015/1646/3509
f 3573/1672/3535 4015/1646/3509 4232/2224/3952
f 3453/1707/3566 4296/2233/3957 4371/2235/3959
f 3560/2170/3915 3584/2172/3917 4310/2207/3943
f 3988/1713/3528 4216/1692/3546 4024/1691/3553
f 4024/1691/3553 4236/1690/3552 4025/2236/3960
f 3578/2237/3961 4011/2244/3967 4369/2238/3962
f 3578/2237/3961 4301/2239/3963 4360/2240/3964
f 4014/1670/3533 4232/2224/3952 4017/2223/3951
f 4017/2223/3951 4214/2222/3471 3985/2204/3539
f 3573/1672/3535 4293/1671/3534 4363/2242/3965
f 3576/2229/3953 4011/2244/3967 4234/2219/3948
f 4020/1698/3558 4233/1704/3563 3612/2243/3966
f 4294/2231/3955 4369/2238/3962 4011/2244/3967
f 3577/2245/3968 4027/2252/3970 4222/2246/3542
f 3577/2245/3968 3864/2247/3890 4224/2248/3887
f 3577/2245/3968 3862/2249/3886 4223/2250/3532
f 3577/2245/3968 4023/1706/3565 4235/2251/3969
f 3579/2253/3971 4013/2234/3958 4363/2242/3965
f 3990/2241/3467 4219/2214/3537 4022/2220/3949
f 4022/2220/3949 4234/2219/3948 4011/2244/3967
f 3575/2206/3942 4302/2205/3941 4370/2255/3973
f 4026/1705/3564 4371/2235/3959 4303/2256/3974
f 3580/2257/3975 4303/2256/3974 4364/2230/3954
f 3579/2253/3971 4025/2236/3960 4236/1690/3552
f 4016/2258/3976 4231/1648/3511 4013/2234/3958
f 3612/2243/3966 4233/1704/3563 4021/2259/3977
f 3580/2257/3975 4021/2259/3977 4235/2251/3969
f 4304/2254/3972 4372/1710/3568 4025/2236/3960
f 3581/2260/3978 4018/1703/3562 4056/1702/3561
f 3992/2261/3543 4222/2246/3542 4027/2252/3970
f 4027/2252/3970 4235/2251/3969 4021/2259/3977
f 3581/2260/3978 4021/2259/3977 4233/1704/3563
f 3582/2262/3979 3611/1649/3512 4231/1648/3511
f 4016/2258/3976 4236/1690/3552 4028/1697/3557
f 4028/1697/3557 4217/1696/3520 3987/2263/3519
f 3582/2262/3979 3987/2263/3519 4055/1650/3513
f 4238/2181/3924 4237/2266/3982 4366/2264/3980
f 4306/2265/3981 4305/2200/3937 4237/2266/3982
f 4367/2196/3933 4240/2175/3920 4239/1141/3006
f 4308/2267/3983 4307/2338/4030 4239/1141/3006
f 4313/1115/2984 4242/1078/2947 4241/1116/2985
f 4242/1078/2947 4307/2334/4030 4308/2268/3983
f 4244/1087/2956 4243/1072/2941 4312/1071/2940
f 4305/2269/3937 4306/2353/3981 4243/1072/2941
f 4246/1081/2950 4245/1172/3035 4318/1171/3034
f 4246/1081/2950 4313/1115/2984 4314/2197/3934
f 4315/1180/3043 4248/1185/3048 4247/1101/2970
f 4311/2159/3907 4312/1071/2940 4247/1101/2970
f 4250/1177/3040 4249/1215/3078 4322/1260/3123
f 4317/1176/3039 4318/1171/3034 4249/1215/3078
f 4319/1272/3135 4252/1223/3086 4251/1153/3016
f 4252/1223/3086 4315/1180/3043 4316/1100/2969
f 4254/1220/3083 4253/1258/3121 4326/2270/3984
f 4321/1219/3082 4322/1260/3123 4253/1258/3121
f 4323/2272/3986 4256/1267/3130 4255/1197/3060
f 4256/1267/3130 4319/1272/3135 4320/1199/3062
f 4331/1360/3223 4258/1263/3126 4257/1358/3221
f 4325/2271/3985 4326/2270/3984 4257/1358/3221
f 4260/1368/3231 4259/1241/3104 4334/1240/3103
f 4260/1368/3231 4323/2272/3986 4324/2273/3987
f 4332/1357/3220 4262/1284/3147 4261/1361/3224
f 4262/1284/3147 4330/1283/3146 4329/1334/3197
f 4264/1292/3155 4263/1285/3148 4333/1364/3227
f 4328/1291/3154 4327/1396/3259 4263/1285/3148
f 4266/1335/3198 4265/1294/3157 4338/1434/3297
f 4266/1335/3198 4329/1334/3197 4330/1283/3146
f 4335/1446/3309 4268/1320/3183 4267/1329/3192
f 4327/1396/3259 4328/1291/3154 4267/1329/3192
f 4270/1314/3177 4269/1432/3295 4342/1483/3346
f 4337/1313/3176 4338/1434/3297 4269/1432/3295
f 4339/1498/3361 4272/1441/3304 4271/1377/3240
f 4272/1441/3304 4335/1446/3309 4336/1379/3242
f 4345/1503/3366 4274/2285/3996 4273/1481/3344
f 4341/1437/3300 4342/1483/3346 4439/2274/3988
f 4276/2295/3989 4275/1412/3275 4344/1411/3274
f 4434/1499/3362 4339/1498/3361 4340/1414/3277
f 4278/1487/3350 4277/1532/3395 4350/1581/3444
f 4278/1487/3350 4345/1503/3366 4346/1480/3343
f 4347/1593/3456 4280/1542/3405 4279/1457/3320
f 4280/1542/3405 4343/1491/3354 4344/1411/3274
f 4282/1538/3401 4281/1579/3442 4354/1625/3488
f 4349/1537/3400 4350/1581/3444 4281/1579/3442
f 4351/1637/3500 4284/1588/3451 4283/1514/3377
f 4284/1588/3451 4347/1593/3456 4348/1516/3379
f 4286/1585/3448 4285/1623/3486 4358/1668/3531
f 4353/1584/3447 4354/1625/3488 4285/1623/3486
f 4355/1681/3544 4288/1632/3495 4287/1561/3424
f 4288/1632/3495 4351/1637/3500 4352/1563/3426
f 4290/1629/3492 4289/1666/3529 4362/2276/3570
f 4357/1628/3491 4358/1668/3531 4289/1666/3529
f 4292/1675/3538 4291/1605/3468 4360/2278/3964
f 4292/1675/3538 4355/1681/3544 4356/1607/3470
f 4294/2231/3955 4293/1671/3534 4370/2255/3973
f 4364/2230/3954 4363/2242/3965 4293/1671/3534
f 4296/2233/3957 4295/1711/3569 4372/1710/3568
f 4361/2232/3956 4362/1712/3570 4295/1711/3569
f 4298/2193/3930 4297/2174/3919 4365/2199/3936
f 4310/2207/3943 4309/2168/3913 4297/2174/3919
f 4368/1140/3005 4300/2203/3940 4299/2194/3931
f 4309/2168/3913 4310/2207/3943 4299/2194/3931
f 4302/2205/3941 4301/2239/3963 4369/2238/3962
f 4359/2280/3991 4360/2240/3964 4301/2239/3963
f 4304/2254/3972 4303/2256/3974 4371/2235/3959
f 4363/2242/3965 4364/2230/3954 4303/2256/3974
f 3561/2178/3922 3997/2179/3923 4366/2264/3980
f 3403/1417/3280 3786/1416/3279 4394/2281/3992
f 4275/1412/3275 4406/2320/4026 4377/2283/3994
f 4376/2284/3995 4403/2317/4023 4274/2285/3996
f 3412/1466/3329 3791/1469/3332 4397/2286/3997
f 4374/2287/3998 4390/2318/4024 3602/1509/3372
f 3413/1474/3337 3796/1477/3340 4400/2288/3999
f 4375/2289/4000 4389/2319/4025 3601/1497/3360
f 3414/1486/3349 3781/1485/3348 4391/2290/4001
f 4273/1481/3344 4404/2315/4021 4379/2291/4002
f 3415/1410/3273 4377/2283/3994 4402/2292/4003
f 3601/1497/3360 4389/2319/4025 4378/2293/4004
f 3416/1496/3359 4378/2293/4004 4393/2294/4005
f 4373/2282/3993 4405/2316/4022 4276/2295/3989
f 3417/1479/3342 4379/2291/4002 4399/2296/4006
f 3602/1509/3372 4390/2318/4024 4380/2297/4007
f 3418/1508/3371 4380/2297/4007 4396/2298/4008
f 4381/2299/4009 4391/2290/4001 3781/1485/3348
f 3518/1983/3778 3783/1985/3780 4392/2300/4010
f 3519/1991/3784 4382/2302/4011 4392/2301/4010
f 3785/1494/3357 4393/2294/4005 4382/2302/4011
f 4383/2303/4012 4394/2281/3992 3786/1416/3279
f 3520/1993/3786 3788/1995/3788 4395/2304/4013
f 3521/2001/3792 4384/2306/4014 4395/2305/4013
f 3790/1506/3369 4396/2298/4008 4384/2306/4014
f 4385/2307/4015 4397/2286/3997 3791/1469/3332
f 3522/2003/3794 3793/2005/3796 4398/2308/4016
f 3523/2011/3800 4386/2310/4017 4398/2309/4016
f 3795/1501/3364 4399/2296/4006 4386/2310/4017
f 4387/2311/4018 4400/2288/3999 3796/1477/3340
f 3524/2013/3802 3798/2015/3804 4401/2312/4019
f 3525/2021/3808 4388/2314/4020 4401/2313/4019
f 3800/1490/3353 4402/2292/4003 4388/2314/4020
f 4274/2285/3996 4403/2317/4023 4404/2315/4021
f 4405/2316/4022 4406/2320/4026 4275/1412/3275
f 4394/2281/3992 4436/1407/3270 4407/1409/3272
f 4377/2283/3994 4406/2320/4026 4440/2275/3990
f 4376/2284/3995 4410/1436/3299 4433/1438/3301
f 4397/2286/3997 4437/1462/3325 4408/1463/3326
f 4374/2287/3998 4408/1463/3326 4424/1465/3328
f 4400/2288/3999 4438/1470/3333 4409/1471/3334
f 4375/2289/4000 4409/1471/3334 4423/1473/3336
f 4391/2290/4001 4435/1478/3341 4410/1436/3299
f 4379/2291/4002 4404/2315/4021 4439/2274/3988
f 4411/1413/3276 4432/1489/3352 4402/2292/4003
f 4378/2293/4004 4389/2319/4025 4423/1473/3336
f 4412/1492/3355 4426/1493/3356 4393/2294/4005
f 4373/2282/3993 4407/1409/3272 4434/1499/3362
f 4413/1482/3345 4430/1500/3363 4399/2296/4006
f 4380/2297/4007 4390/2318/4024 4424/1465/3328
f 4414/1504/3367 4428/1505/3368 4396/2298/4008
f 4381/2299/4009 4415/1982/3777 4435/1478/3341
f 4392/2300/4010 4425/1986/3781 4415/1982/3777
f 4416/1988/3782 4425/1987/3781 4392/2301/4010
f 4382/2302/4011 4393/2294/4005 4426/1493/3356
f 4383/2303/4012 4417/1992/3785 4436/1407/3270
f 4395/2304/4013 4427/1996/3789 4417/1992/3785
f 4418/1998/3790 4427/1997/3789 4395/2305/4013
f 4384/2306/4014 4396/2298/4008 4428/1505/3368
f 4385/2307/4015 4419/2002/3793 4437/1462/3325
f 4398/2308/4016 4429/2006/3797 4419/2002/3793
f 4420/2008/3798 4429/2007/3797 4398/2309/4016
f 4386/2310/4017 4399/2296/4006 4430/1500/3363
f 4387/2311/4018 4421/2012/3801 4438/1470/3333
f 4401/2312/4019 4431/2016/3805 4421/2012/3801
f 4422/2018/3806 4431/2017/3805 4401/2313/4019
f 4388/2314/4020 4402/2292/4003 4432/1489/3352
f 4433/1438/3301 4439/2274/3988 4404/2315/4021
f 4434/1499/3362 4440/2275/3990 4406/2320/4026
l 3 1
l 1 2
l 2 4
l 4 3
l 6 5
l 7 6
l 8 7
l 9 8
l 10 9
l 11 10
l 12 11
l 13 12
l 14 13
l 15 14
l 16 15
l 17 16
l 18 17
l 19 18
l 20 19
l 21 20
l 22 21
l 23 22
l 24 23
l 25 24
l 26 25
l 27 26
l 28 27
l 29 28
l 30 29
l 31 30
l 32 31
l 33 32
l 34 33
l 35 34
l 36 35
l 5 36
l 38 37
l 39 38
l 40 39
l 41 40
l 42 41
l 43 42
l 44 43
l 45 44
l 46 45
l 47 46
l 48 47
l 49 48
l 50 49
l 51 50
l 52 51
l 53 52
l 54 53
l 55 54
l 56 55
l 57 56
l 58 57
l 59 58
l 60 59
l 61 60
l 62 61
l 63 62
l 64 63
l 65 64
l 66 65
l 67 66
l 68 67
l 37 68
l 70 92
l 71 70
l 72 71
l 73 72
l 74 73
l 75 74
l 76 75
l 100 76
l 78 100
l 79 78
l 80 79
l 81 80
l 82 81
l 83 82
l 84 83
l 69 84
l 85 69
l 86 85
l 87 86
l 88 87
l 89 88
l 90 89
l 91 90
l 77 91
l 93 77
l 94 93
l 95 94
l 96 95
l 97 96
l 98 97
l 99 98
l 92 99
l 103 104
l 101 102
l 107 105
l 105 106
l 106 108
l 108 107
l 143 141
l 141 142
l 142 144
l 144 143
l 147 145
l 145 146
l 146 148
l 148 147
l 151 149
l 149 150
l 150 152
l 152 151
l 155 153
l 153 154
l 154 156
l 156 155
l 159 157
l 157 158
l 158 160
l 160 159
l 163 161
l 161 162
l 162 164
l 164 163
l 167 165
l 165 166
l 166 168
l 168 167
l 171 169
l 169 170
l 170 172
l 172 171
l 177 178
l 178 179
l 179 180
l 180 181
l 181 182
l 183 177
l 184 183
l 185 184
l 186 185
l 187 186
l 188 187
l 189 188
l 190 189
l 191 190
l 192 191
l 193 192
l 194 193
l 195 194
l 196 195
l 197 196
l 198 197
l 199 198
l 200 199
l 201 200
l 202 201
l 203 202
l 204 203
l 205 206
l 206 207
l 207 208
l 208 209
l 209 210
l 211 205
l 212 211
l 213 212
l 214 213
l 215 214
l 216 215
l 217 216
l 218 217
l 219 218
l 220 219
l 221 220
l 222 221
l 223 222
l 224 223
l 225 224
l 226 225
l 227 226
l 228 227
l 229 228
l 230 229
l 231 230
l 232 231
