# Blender 3.6.23
# www.blender.org
o sol.013
v 2.535247 1.562911 -3.274140
v 2.535994 1.563218 -3.274141
v 2.536309 1.563960 -3.274141
v 2.535905 1.564466 -3.274140
v 2.535261 1.564739 -3.274140
v 2.534613 1.564476 -3.274140
v 2.534202 1.563977 -3.274141
v 2.534504 1.563230 -3.274141
v 2.534504 1.563230 -3.274223
v 2.534202 1.563977 -3.274223
v 2.534613 1.564476 -3.274222
v 2.535261 1.564739 -3.274222
v 2.535905 1.564466 -3.274222
v 2.536309 1.563960 -3.274223
v 2.535994 1.563218 -3.274223
v 2.535247 1.562911 -3.274222
v 2.535247 1.562911 -3.276321
v 2.535994 1.563218 -3.276322
v 2.536309 1.563960 -3.276322
v 2.535905 1.564466 -3.276321
v 2.535261 1.564739 -3.276321
v 2.534613 1.564476 -3.276321
v 2.534202 1.563977 -3.276322
v 2.534504 1.563230 -3.276322
v 2.535193 1.563777 -3.288521
v 2.535169 1.563837 -3.288521
v 2.535202 1.563878 -3.288521
v 2.535255 1.563899 -3.288521
v 2.535307 1.563877 -3.288521
v 2.535339 1.563836 -3.288521
v 2.535314 1.563776 -3.288521
v 2.535254 1.563751 -3.288521
v 2.534662 1.563355 -3.283164
v 2.535248 1.563103 -3.283163
v 2.534423 1.563945 -3.283164
v 2.534748 1.564339 -3.283163
v 2.535260 1.564547 -3.283163
v 2.535769 1.564331 -3.283163
v 2.536087 1.563932 -3.283164
v 2.535839 1.563346 -3.283164
v 2.845688 1.937691 -3.273332
v 2.846428 1.938013 -3.273317
v 2.846727 1.938761 -3.273270
v 2.846313 1.939257 -3.273233
v 2.845664 1.939515 -3.273211
v 2.845021 1.939239 -3.273225
v 2.844621 1.938732 -3.273257
v 2.844939 1.937993 -3.273308
v 2.844938 1.937999 -3.273390
v 2.844620 1.938738 -3.273339
v 2.845021 1.939245 -3.273307
v 2.845663 1.939520 -3.273293
v 2.846313 1.939262 -3.273315
v 2.846726 1.938766 -3.273351
v 2.846428 1.938019 -3.273399
v 2.845687 1.937697 -3.273414
v 2.845672 1.937835 -3.275508
v 2.846413 1.938157 -3.275493
v 2.846712 1.938904 -3.275446
v 2.846298 1.939400 -3.275409
v 2.845649 1.939658 -3.275388
v 2.845006 1.939383 -3.275401
v 2.844605 1.938876 -3.275433
v 2.844924 1.938137 -3.275484
v 2.845515 1.939500 -3.287624
v 2.845490 1.939560 -3.287620
v 2.845522 1.939601 -3.287617
v 2.845574 1.939623 -3.287616
v 2.845626 1.939602 -3.287618
v 2.845660 1.939562 -3.287621
v 2.845636 1.939502 -3.287625
v 2.845576 1.939476 -3.287626
v 2.845030 1.938715 -3.282303
v 2.845622 1.938477 -3.282322
v 2.844779 1.939299 -3.282263
v 2.845095 1.939699 -3.282238
v 2.845603 1.939917 -3.282227
v 2.846116 1.939713 -3.282244
v 2.846443 1.939321 -3.282274
v 2.846207 1.938731 -3.282311
v 2.859037 1.543857 -3.274140
v 2.859832 1.544001 -3.274142
v 2.860295 1.544661 -3.274142
v 2.860007 1.545240 -3.274140
v 2.859435 1.545641 -3.274140
v 2.858746 1.545521 -3.274140
v 2.858239 1.545119 -3.274142
v 2.858378 1.544325 -3.274142
v 2.858378 1.544325 -3.274224
v 2.858239 1.545119 -3.274224
v 2.858746 1.545521 -3.274223
v 2.859435 1.545641 -3.274223
v 2.860007 1.545240 -3.274223
v 2.860295 1.544661 -3.274224
v 2.859832 1.544001 -3.274224
v 2.859037 1.543858 -3.274223
v 2.859037 1.543858 -3.276322
v 2.859832 1.544001 -3.276323
v 2.860295 1.544661 -3.276323
v 2.860007 1.545240 -3.276322
v 2.859435 1.545641 -3.276322
v 2.858746 1.545521 -3.276322
v 2.858239 1.545119 -3.276323
v 2.858378 1.544325 -3.276323
v 2.859167 1.544715 -3.288522
v 2.859156 1.544779 -3.288522
v 2.859196 1.544812 -3.288522
v 2.859252 1.544822 -3.288522
v 2.859298 1.544789 -3.288522
v 2.859322 1.544742 -3.288522
v 2.859284 1.544689 -3.288522
v 2.859220 1.544677 -3.288522
v 2.858559 1.544414 -3.283164
v 2.859079 1.544045 -3.283163
v 2.858449 1.545041 -3.283164
v 2.858849 1.545359 -3.283163
v 2.859393 1.545454 -3.283163
v 2.859845 1.545137 -3.283163
v 2.860073 1.544679 -3.283164
v 2.859707 1.544158 -3.283164
v 2.445253 1.956877 -3.274436
v 2.445986 1.957217 -3.274433
v 2.446266 1.957973 -3.274431
v 2.445840 1.958460 -3.274434
v 2.445184 1.958703 -3.274439
v 2.444549 1.958411 -3.274443
v 2.444161 1.957894 -3.274446
v 2.444497 1.957161 -3.274443
v 2.444498 1.957161 -3.274525
v 2.444161 1.957893 -3.274529
v 2.444549 1.958411 -3.274525
v 2.445185 1.958703 -3.274521
v 2.445841 1.958460 -3.274516
v 2.446266 1.957973 -3.274513
v 2.445986 1.957217 -3.274515
v 2.445254 1.956877 -3.274519
v 2.445269 1.956875 -3.276618
v 2.446002 1.957215 -3.276614
v 2.446281 1.957971 -3.276613
v 2.445856 1.958458 -3.276615
v 2.445200 1.958701 -3.276620
v 2.444564 1.958409 -3.276624
v 2.444176 1.957891 -3.276627
v 2.444513 1.957159 -3.276624
v 2.445264 1.957725 -3.288819
v 2.445237 1.957784 -3.288819
v 2.445268 1.957826 -3.288819
v 2.445319 1.957850 -3.288818
v 2.445372 1.957830 -3.288818
v 2.445407 1.957790 -3.288818
v 2.445384 1.957729 -3.288818
v 2.445325 1.957702 -3.288818
v 2.444714 1.957284 -3.283465
v 2.445311 1.957060 -3.283459
v 2.444448 1.957863 -3.283467
v 2.444754 1.958272 -3.283465
v 2.445256 1.958502 -3.283461
v 2.445774 1.958310 -3.283457
v 2.446111 1.957926 -3.283455
v 2.445889 1.957329 -3.283456
v 3.169713 1.591947 -3.274140
v 3.170461 1.592253 -3.274141
v 3.170776 1.592995 -3.274141
v 3.170373 1.593502 -3.274140
v 3.169730 1.593775 -3.274140
v 3.169081 1.593513 -3.274140
v 3.168670 1.593014 -3.274141
v 3.168972 1.592267 -3.274141
v 3.168972 1.592267 -3.274224
v 3.168670 1.593014 -3.274224
v 3.169081 1.593513 -3.274222
v 3.169730 1.593775 -3.274222
v 3.170373 1.593502 -3.274222
v 3.170776 1.592995 -3.274224
v 3.170461 1.592253 -3.274224
v 3.169713 1.591948 -3.274222
v 3.169713 1.591948 -3.276321
v 3.170461 1.592253 -3.276323
v 3.170776 1.592995 -3.276323
v 3.170373 1.593502 -3.276321
v 3.169730 1.593775 -3.276321
v 3.169081 1.593513 -3.276321
v 3.168670 1.593014 -3.276323
v 3.168972 1.592267 -3.276323
v 3.169661 1.592813 -3.288521
v 3.169637 1.592874 -3.288521
v 3.169670 1.592914 -3.288521
v 3.169722 1.592935 -3.288521
v 3.169775 1.592913 -3.288521
v 3.169807 1.592872 -3.288521
v 3.169782 1.592812 -3.288521
v 3.169721 1.592787 -3.288521
v 3.169129 1.592392 -3.283164
v 3.169715 1.592139 -3.283163
v 3.168891 1.592982 -3.283164
v 3.169216 1.593376 -3.283163
v 3.169728 1.593583 -3.283163
v 3.170237 1.593367 -3.283163
v 3.170555 1.592967 -3.283164
v 3.170306 1.592381 -3.283164
v 2.654064 2.009857 -3.274140
v 2.654800 2.010190 -3.274141
v 2.655089 2.010942 -3.274141
v 2.654668 2.011434 -3.274140
v 2.654015 2.011684 -3.274140
v 2.653377 2.011399 -3.274140
v 2.652983 2.010886 -3.274141
v 2.653311 2.010150 -3.274141
v 2.653311 2.010150 -3.274224
v 2.652983 2.010886 -3.274224
v 2.653377 2.011400 -3.274222
v 2.654015 2.011684 -3.274222
v 2.654668 2.011434 -3.274222
v 2.655089 2.010942 -3.274224
v 2.654800 2.010190 -3.274224
v 2.654064 2.009857 -3.274222
v 2.654064 2.009857 -3.276321
v 2.654800 2.010190 -3.276323
v 2.655089 2.010942 -3.276323
v 2.654668 2.011434 -3.276321
v 2.654015 2.011684 -3.276321
v 2.653377 2.011400 -3.276321
v 2.652983 2.010886 -3.276323
v 2.653311 2.010150 -3.276323
v 2.653980 2.010720 -3.288521
v 2.653954 2.010780 -3.288521
v 2.653986 2.010822 -3.288521
v 2.654037 2.010844 -3.288521
v 2.654090 2.010824 -3.288521
v 2.654124 2.010785 -3.288521
v 2.654101 2.010724 -3.288521
v 2.654042 2.010697 -3.288521
v 2.653464 2.010280 -3.283164
v 2.654059 2.010049 -3.283163
v 2.653205 2.010862 -3.283164
v 2.653516 2.011267 -3.283163
v 2.654021 2.011492 -3.283163
v 2.654536 2.011294 -3.283163
v 2.654868 2.010906 -3.283164
v 2.654640 2.010312 -3.283164
v 2.964771 1.621507 -3.274141
v 2.965525 1.621794 -3.274142
v 2.965859 1.622528 -3.274142
v 2.965469 1.623044 -3.274141
v 2.964832 1.623333 -3.274141
v 2.964177 1.623087 -3.274141
v 2.963754 1.622599 -3.274142
v 2.964037 1.621844 -3.274142
v 2.964037 1.621844 -3.274224
v 2.963754 1.622599 -3.274224
v 2.964177 1.623087 -3.274223
v 2.964832 1.623333 -3.274223
v 2.965469 1.623044 -3.274223
v 2.965859 1.622528 -3.274224
v 2.965526 1.621794 -3.274224
v 2.964771 1.621507 -3.274223
v 2.964771 1.621507 -3.276322
v 2.965526 1.621794 -3.276323
v 2.965859 1.622528 -3.276323
v 2.965469 1.623044 -3.276322
v 2.964832 1.623333 -3.276322
v 2.964177 1.623087 -3.276322
v 2.963754 1.622599 -3.276323
v 2.964037 1.621844 -3.276323
v 2.964740 1.622373 -3.288522
v 2.964717 1.622434 -3.288522
v 2.964751 1.622474 -3.288522
v 2.964804 1.622494 -3.288522
v 2.964855 1.622470 -3.288522
v 2.964887 1.622429 -3.288522
v 2.964860 1.622369 -3.288522
v 2.964799 1.622346 -3.288522
v 2.964198 1.621965 -3.283165
v 2.964777 1.621698 -3.283164
v 2.963974 1.622561 -3.283165
v 2.964309 1.622947 -3.283164
v 2.964826 1.623141 -3.283164
v 2.965329 1.622913 -3.283164
v 2.965637 1.622505 -3.283165
v 2.965374 1.621925 -3.283165
v 3.257152 2.001452 -3.274140
v 3.257897 2.001765 -3.274141
v 3.258205 2.002510 -3.274141
v 3.257798 2.003012 -3.274140
v 3.257152 2.003280 -3.274140
v 3.256506 2.003012 -3.274140
v 3.256099 2.002510 -3.274141
v 3.256407 2.001765 -3.274141
v 3.256407 2.001765 -3.274223
v 3.256099 2.002510 -3.274223
v 3.256506 2.003012 -3.274222
v 3.257152 2.003280 -3.274222
v 3.257798 2.003012 -3.274222
v 3.258205 2.002510 -3.274223
v 3.257897 2.001765 -3.274223
v 3.257152 2.001452 -3.274222
v 3.257152 2.001452 -3.276321
v 3.257897 2.001765 -3.276322
v 3.258205 2.002510 -3.276322
v 3.257798 2.003012 -3.276321
v 3.257152 2.003280 -3.276321
v 3.256506 2.003012 -3.276321
v 3.256099 2.002510 -3.276322
v 3.256407 2.001765 -3.276322
v 3.257092 2.002318 -3.288521
v 3.257067 2.002378 -3.288521
v 3.257100 2.002419 -3.288521
v 3.257152 2.002440 -3.288521
v 3.257205 2.002419 -3.288521
v 3.257237 2.002378 -3.288521
v 3.257212 2.002318 -3.288521
v 3.257152 2.002292 -3.288521
v 3.256564 2.001891 -3.283164
v 3.257152 2.001645 -3.283163
v 3.256320 2.002480 -3.283164
v 3.256642 2.002877 -3.283163
v 3.257152 2.003088 -3.283163
v 3.257663 2.002877 -3.283163
v 3.257984 2.002480 -3.283164
v 3.257740 2.001891 -3.283164
v 3.401615 1.650489 -3.266406
v 3.402234 1.651006 -3.266445
v 3.402312 1.651796 -3.266587
v 3.401779 1.652143 -3.266702
v 3.401086 1.652198 -3.266780
v 3.400548 1.651752 -3.266748
v 3.400306 1.651159 -3.266660
v 3.400816 1.650556 -3.266497
v 3.400824 1.650541 -3.266577
v 3.400314 1.651144 -3.266741
v 3.400556 1.651737 -3.266828
v 3.401094 1.652183 -3.266860
v 3.401787 1.652128 -3.266783
v 3.402320 1.651781 -3.266667
v 3.402242 1.650991 -3.266525
v 3.401623 1.650474 -3.266486
v 3.401822 1.650086 -3.268540
v 3.402441 1.650604 -3.268578
v 3.402519 1.651393 -3.268720
v 3.401985 1.651740 -3.268836
v 3.401293 1.651795 -3.268914
v 3.400755 1.651349 -3.268881
v 3.400513 1.650756 -3.268794
v 3.401022 1.650153 -3.268631
v 3.402669 1.648623 -3.280653
v 3.402628 1.648672 -3.280666
v 3.402647 1.648720 -3.280673
v 3.402691 1.648756 -3.280676
v 3.402747 1.648751 -3.280669
v 3.402790 1.648723 -3.280660
v 3.402784 1.648659 -3.280649
v 3.402734 1.648617 -3.280645
v 3.401782 1.649054 -3.275344
v 3.402414 1.649002 -3.275272
v 3.401380 1.649531 -3.275473
v 3.401571 1.649999 -3.275542
v 3.401996 1.650351 -3.275567
v 3.402543 1.650308 -3.275506
v 3.402965 1.650034 -3.275414
v 3.402903 1.649410 -3.275302
v -2.438674 1.511187 -0.684900
v -2.438676 1.511500 -0.684155
v -2.438676 1.512244 -0.683847
v -2.438674 1.512747 -0.684254
v -2.438674 1.513015 -0.684900
v -2.438674 1.512747 -0.685546
v -2.438676 1.512244 -0.685953
v -2.438676 1.511500 -0.685645
v -2.438758 1.511500 -0.685645
v -2.438758 1.512244 -0.685953
v -2.438756 1.512747 -0.685546
v -2.438756 1.513015 -0.684900
v -2.438756 1.512747 -0.684254
v -2.438758 1.512244 -0.683847
v -2.438758 1.511500 -0.684155
v -2.438756 1.511187 -0.684900
v -2.440856 1.511187 -0.684900
v -2.440857 1.511500 -0.684155
v -2.440857 1.512244 -0.683847
v -2.440856 1.512747 -0.684254
v -2.440856 1.513015 -0.684900
v -2.440856 1.512747 -0.685546
v -2.440857 1.512244 -0.685953
v -2.440857 1.511500 -0.685645
v -2.453055 1.512052 -0.684960
v -2.453055 1.512112 -0.684985
v -2.453055 1.512153 -0.684952
v -2.453055 1.512175 -0.684900
v -2.453055 1.512153 -0.684848
v -2.453055 1.512112 -0.684815
v -2.453055 1.512052 -0.684840
v -2.453055 1.512027 -0.684900
v -2.447698 1.511626 -0.685488
v -2.447697 1.511379 -0.684900
v -2.447698 1.512214 -0.685732
v -2.447697 1.512611 -0.685410
v -2.447697 1.512823 -0.684900
v -2.447697 1.512611 -0.684389
v -2.447698 1.512214 -0.684068
v -2.447698 1.511626 -0.684312
v -2.438674 1.760713 -0.149845
v -2.438676 1.760903 -0.149060
v -2.438676 1.761589 -0.148638
v -2.438674 1.762150 -0.148960
v -2.438674 1.762517 -0.149555
v -2.438674 1.762355 -0.150235
v -2.438676 1.761924 -0.150717
v -2.438676 1.761140 -0.150531
v -2.438758 1.761140 -0.150531
v -2.438758 1.761924 -0.150717
v -2.438757 1.762355 -0.150235
v -2.438757 1.762517 -0.149555
v -2.438757 1.762150 -0.148960
v -2.438758 1.761589 -0.148638
v -2.438758 1.760903 -0.149060
v -2.438757 1.760713 -0.149845
v -2.440856 1.760713 -0.149845
v -2.440857 1.760903 -0.149060
v -2.440857 1.761589 -0.148638
v -2.440856 1.762150 -0.148960
v -2.440856 1.762517 -0.149555
v -2.440856 1.762355 -0.150235
v -2.440857 1.761924 -0.150717
v -2.440857 1.761140 -0.150531
v -2.453056 1.761576 -0.149767
v -2.453056 1.761640 -0.149782
v -2.453056 1.761675 -0.149744
v -2.453056 1.761688 -0.149688
v -2.453056 1.761658 -0.149640
v -2.453056 1.761613 -0.149614
v -2.453056 1.761557 -0.149648
v -2.453056 1.761542 -0.149712
v -2.447698 1.761240 -0.150356
v -2.447698 1.760902 -0.149815
v -2.447698 1.761859 -0.150504
v -2.447698 1.762200 -0.150123
v -2.447698 1.762327 -0.149586
v -2.447698 1.762038 -0.149115
v -2.447698 1.761595 -0.148861
v -2.447698 1.761053 -0.149195
v -2.438543 1.663435 -0.501640
v -2.438614 1.663741 -0.500896
v -2.438748 1.664475 -0.500589
v -2.438823 1.664971 -0.500997
v -2.438854 1.665236 -0.501643
v -2.438794 1.664973 -0.502289
v -2.438701 1.664479 -0.502695
v -2.438581 1.663744 -0.502385
v -2.438662 1.663730 -0.502387
v -2.438782 1.664465 -0.502696
v -2.438875 1.664959 -0.502290
v -2.438935 1.665222 -0.501645
v -2.438904 1.664957 -0.500998
v -2.438829 1.664461 -0.500590
v -2.438695 1.663727 -0.500897
v -2.438624 1.663421 -0.501641
v -2.440692 1.663064 -0.501688
v -2.440763 1.663370 -0.500944
v -2.440897 1.664104 -0.500637
v -2.440972 1.664600 -0.501045
v -2.441003 1.664865 -0.501692
v -2.440943 1.664602 -0.502337
v -2.440850 1.664108 -0.502743
v -2.440730 1.663373 -0.502433
v -2.452857 1.661840 -0.502023
v -2.452867 1.661899 -0.502048
v -2.452874 1.661940 -0.502015
v -2.452879 1.661961 -0.501963
v -2.452876 1.661939 -0.501910
v -2.452870 1.661899 -0.501877
v -2.452859 1.661840 -0.501902
v -2.452854 1.661815 -0.501962
v -2.447495 1.662333 -0.502430
v -2.447465 1.662089 -0.501841
v -2.447589 1.662913 -0.502675
v -2.447663 1.663304 -0.502354
v -2.447711 1.663511 -0.501844
v -2.447686 1.663302 -0.501334
v -2.447627 1.662910 -0.501011
v -2.447521 1.662331 -0.501254
v -2.437740 2.036489 0.003472
v -2.437853 2.036869 0.004175
v -2.438119 2.037597 0.004397
v -2.438297 2.038014 0.003936
v -2.438392 2.038184 0.003264
v -2.438297 2.037858 0.002653
v -2.438119 2.037342 0.002306
v -2.437853 2.036689 0.002697
v -2.437930 2.036659 0.002700
v -2.438195 2.037313 0.002310
v -2.438374 2.037828 0.002657
v -2.438469 2.038155 0.003268
v -2.438374 2.037986 0.003939
v -2.438195 2.037569 0.004401
v -2.437930 2.036840 0.004179
v -2.437817 2.036460 0.003475
v -2.439778 2.035717 0.003566
v -2.439891 2.036097 0.004270
v -2.440156 2.036825 0.004492
v -2.440335 2.037242 0.004030
v -2.440430 2.037412 0.003359
v -2.440335 2.037085 0.002748
v -2.440156 2.036569 0.002401
v -2.439891 2.035916 0.002791
v -2.451484 2.032192 0.003937
v -2.451505 2.032244 0.003905
v -2.451520 2.032286 0.003933
v -2.451527 2.032313 0.003983
v -2.451520 2.032299 0.004037
v -2.451505 2.032265 0.004074
v -2.451484 2.032206 0.004056
v -2.451475 2.032176 0.003999
v -2.446327 2.033630 0.003229
v -2.446238 2.033472 0.003841
v -2.446537 2.034145 0.002920
v -2.446678 2.034553 0.003194
v -2.446753 2.034811 0.003677
v -2.446678 2.034677 0.004208
v -2.446537 2.034348 0.004572
v -2.446327 2.033772 0.004397
v -2.438674 2.050604 -0.509003
v -2.438676 2.050888 -0.508247
v -2.438676 2.051620 -0.507910
v -2.438674 2.052138 -0.508298
v -2.438674 2.052430 -0.508933
v -2.438674 2.052187 -0.509589
v -2.438676 2.051701 -0.510015
v -2.438676 2.050945 -0.509735
v -2.438758 2.050945 -0.509735
v -2.438758 2.051701 -0.510015
v -2.438757 2.052187 -0.509589
v -2.438757 2.052430 -0.508933
v -2.438757 2.052138 -0.508298
v -2.438758 2.051620 -0.507910
v -2.438758 2.050888 -0.508247
v -2.438757 2.050604 -0.509003
v -2.440856 2.050604 -0.509003
v -2.440857 2.050888 -0.508247
v -2.440857 2.051620 -0.507910
v -2.440856 2.052138 -0.508298
v -2.440856 2.052430 -0.508933
v -2.440856 2.052187 -0.509589
v -2.440857 2.051701 -0.510015
v -2.440857 2.050945 -0.509735
v -2.453056 2.051471 -0.509030
v -2.453056 2.051532 -0.509053
v -2.453056 2.051571 -0.509018
v -2.453056 2.051591 -0.508965
v -2.453056 2.051567 -0.508914
v -2.453056 2.051525 -0.508882
v -2.453056 2.051466 -0.508910
v -2.453056 2.051443 -0.508971
v -2.447698 2.051065 -0.509574
v -2.447698 2.050796 -0.508996
v -2.447698 2.051662 -0.509795
v -2.447698 2.052047 -0.509458
v -2.447698 2.052238 -0.508940
v -2.447698 2.052007 -0.508438
v -2.447698 2.051599 -0.508132
v -2.447698 2.051020 -0.508398
v -2.438674 1.730396 0.002766
v -2.438676 1.730709 0.003511
v -2.438676 1.731454 0.003819
v -2.438674 1.731956 0.003412
v -2.438674 1.732224 0.002766
v -2.438674 1.731956 0.002120
v -2.438676 1.731454 0.001713
v -2.438676 1.730709 0.002021
v -2.438758 1.730709 0.002021
v -2.438758 1.731454 0.001713
v -2.438757 1.731956 0.002120
v -2.438757 1.732224 0.002766
v -2.438757 1.731956 0.003412
v -2.438758 1.731454 0.003819
v -2.438758 1.730709 0.003511
v -2.438757 1.730396 0.002766
v -2.440856 1.730396 0.002766
v -2.440857 1.730709 0.003511
v -2.440857 1.731454 0.003819
v -2.440856 1.731956 0.003412
v -2.440856 1.732224 0.002766
v -2.440856 1.731956 0.002120
v -2.440857 1.731454 0.001713
v -2.440857 1.730709 0.002021
v -2.453056 1.731261 0.002706
v -2.453056 1.731322 0.002681
v -2.453056 1.731362 0.002714
v -2.453056 1.731384 0.002766
v -2.453056 1.731362 0.002818
v -2.453056 1.731322 0.002851
v -2.453056 1.731261 0.002826
v -2.453056 1.731236 0.002766
v -2.447698 1.730835 0.002178
v -2.447698 1.730588 0.002766
v -2.447698 1.731423 0.001934
v -2.447698 1.731820 0.002256
v -2.447698 1.732032 0.002766
v -2.447698 1.731820 0.003276
v -2.447698 1.731423 0.003598
v -2.447698 1.730835 0.003354
v -2.438674 1.969676 -0.670403
v -2.438676 1.970011 -0.669668
v -2.438676 1.970765 -0.669382
v -2.438674 1.971255 -0.669804
v -2.438674 1.971503 -0.670458
v -2.438674 1.971216 -0.671096
v -2.438676 1.970701 -0.671488
v -2.438676 1.969966 -0.671157
v -2.438758 1.969966 -0.671157
v -2.438758 1.970701 -0.671487
v -2.438757 1.971216 -0.671096
v -2.438757 1.971503 -0.670458
v -2.438757 1.971255 -0.669804
v -2.438758 1.970765 -0.669382
v -2.438758 1.970011 -0.669668
v -2.438757 1.969676 -0.670403
v -2.440856 1.969676 -0.670403
v -2.440857 1.970011 -0.669668
v -2.440857 1.970765 -0.669382
v -2.440856 1.971255 -0.669804
v -2.440856 1.971503 -0.670458
v -2.440856 1.971216 -0.671096
v -2.440857 1.970701 -0.671487
v -2.440857 1.969966 -0.671157
v -2.453056 1.970539 -0.670489
v -2.453056 1.970598 -0.670516
v -2.453056 1.970640 -0.670484
v -2.453056 1.970663 -0.670433
v -2.453056 1.970643 -0.670380
v -2.453056 1.970603 -0.670346
v -2.453056 1.970543 -0.670369
v -2.453056 1.970515 -0.670428
v -2.447698 1.970097 -0.671004
v -2.447698 1.969868 -0.670409
v -2.447698 1.970677 -0.671265
v -2.447698 1.971084 -0.670956
v -2.447698 1.971311 -0.670452
v -2.447698 1.971115 -0.669936
v -2.447698 1.970728 -0.669602
v -2.447698 1.970132 -0.669828
v -2.438674 1.680899 -0.295309
v -2.438676 1.681208 -0.294563
v -2.438676 1.681952 -0.294251
v -2.438674 1.682456 -0.294656
v -2.438674 1.682727 -0.295300
v -2.438674 1.682462 -0.295948
v -2.438676 1.681962 -0.296357
v -2.438676 1.681216 -0.296052
v -2.438758 1.681216 -0.296052
v -2.438758 1.681962 -0.296357
v -2.438757 1.682462 -0.295948
v -2.438757 1.682727 -0.295300
v -2.438757 1.682456 -0.294656
v -2.438758 1.681952 -0.294251
v -2.438758 1.681208 -0.294563
v -2.438757 1.680899 -0.295309
v -2.440856 1.680899 -0.295309
v -2.440857 1.681208 -0.294563
v -2.440857 1.681952 -0.294251
v -2.440856 1.682456 -0.294656
v -2.440856 1.682727 -0.295300
v -2.440856 1.682462 -0.295948
v -2.440857 1.681962 -0.296357
v -2.440857 1.681216 -0.296052
v -2.453056 1.681765 -0.295365
v -2.453056 1.681825 -0.295390
v -2.453056 1.681866 -0.295357
v -2.453056 1.681887 -0.295304
v -2.453056 1.681865 -0.295252
v -2.453056 1.681824 -0.295219
v -2.453056 1.681764 -0.295245
v -2.453056 1.681739 -0.295305
v -2.447698 1.681341 -0.295895
v -2.447698 1.681092 -0.295308
v -2.447698 1.681931 -0.296136
v -2.447698 1.682326 -0.295813
v -2.447698 1.682535 -0.295301
v -2.447698 1.682321 -0.294792
v -2.447698 1.681923 -0.294472
v -2.447698 1.681336 -0.294719
v -2.438674 2.017816 -0.380981
v -2.438676 2.018129 -0.380236
v -2.438676 2.018873 -0.379928
v -2.438674 2.019376 -0.380335
v -2.438674 2.019644 -0.380981
v -2.438674 2.019376 -0.381627
v -2.438676 2.018873 -0.382034
v -2.438676 2.018129 -0.381726
v -2.438758 2.018129 -0.381726
v -2.438758 2.018873 -0.382034
v -2.438757 2.019376 -0.381627
v -2.438757 2.019644 -0.380981
v -2.438757 2.019376 -0.380335
v -2.438758 2.018873 -0.379928
v -2.438758 2.018129 -0.380236
v -2.438757 2.017816 -0.380981
v -2.440856 2.017816 -0.380981
v -2.440857 2.018129 -0.380236
v -2.440857 2.018873 -0.379928
v -2.440856 2.019376 -0.380335
v -2.440856 2.019644 -0.380981
v -2.440856 2.019376 -0.381627
v -2.440857 2.018873 -0.382034
v -2.440857 2.018129 -0.381726
v -2.453056 2.018681 -0.381041
v -2.453056 2.018742 -0.381066
v -2.453056 2.018782 -0.381033
v -2.453056 2.018804 -0.380981
v -2.453056 2.018782 -0.380929
v -2.453056 2.018742 -0.380896
v -2.453056 2.018681 -0.380921
v -2.453056 2.018656 -0.380981
v -2.447698 2.018255 -0.381569
v -2.447698 2.018008 -0.380981
v -2.447698 2.018843 -0.381813
v -2.447698 2.019240 -0.381492
v -2.447698 2.019452 -0.380981
v -2.447698 2.019240 -0.380471
v -2.447698 2.018843 -0.380149
v -2.447698 2.018255 -0.380393
v 2.232600 0.816597 -1.371590
v 2.232169 0.816160 -1.371508
v 2.232597 0.815721 -1.371589
v 2.233029 0.816157 -1.371672
v 2.233799 0.816602 -1.365429
v 2.233368 0.816166 -1.365343
v 2.233796 0.815726 -1.365428
v 2.234227 0.816163 -1.365514
v 2.234697 0.816606 -1.361012
v 2.234264 0.816170 -1.360935
v 2.234694 0.815730 -1.361010
v 2.235126 0.816166 -1.361087
v 2.235260 0.816610 -1.357232
v 2.234821 0.816174 -1.357218
v 2.235257 0.815734 -1.357230
v 2.235696 0.816170 -1.357244
v 2.235024 0.816615 -1.354558
v 2.234618 0.816178 -1.354725
v 2.235021 0.815739 -1.354557
v 2.235426 0.816176 -1.354389
v 2.233842 0.816621 -1.353158
v 2.233597 0.816184 -1.353521
v 2.233838 0.815746 -1.353156
v 2.234083 0.816183 -1.352793
v 2.232024 0.816629 -1.352578
v 2.231961 0.816191 -1.353011
v 2.232021 0.815753 -1.352577
v 2.232085 0.816192 -1.352144
v 2.230042 0.816636 -1.352625
v 2.230181 0.816197 -1.353040
v 2.230039 0.815760 -1.352624
v 2.229901 0.816199 -1.352210
v 2.228338 0.816640 -1.353860
v 2.228684 0.816201 -1.354125
v 2.228334 0.815765 -1.353858
v 2.227988 0.816204 -1.353593
v 2.227157 0.816640 -1.356975
v 2.227578 0.816200 -1.357089
v 2.227154 0.815764 -1.356974
v 2.226732 0.816203 -1.356860
v 2.226331 0.816635 -1.361901
v 2.226762 0.816195 -1.361969
v 2.226328 0.815759 -1.361899
v 2.225897 0.816199 -1.361832
v 2.225451 0.816628 -1.367816
v 2.225882 0.816189 -1.367881
v 2.225447 0.815753 -1.367815
v 2.225016 0.816192 -1.367749
v 2.224537 0.816622 -1.373637
v 2.224970 0.816183 -1.373686
v 2.224534 0.815747 -1.373635
v 2.224100 0.816186 -1.373587
v 2.224208 0.816616 -1.378247
v 2.224642 0.816177 -1.378203
v 2.224205 0.815741 -1.378246
v 2.223771 0.816180 -1.378290
v 2.224977 0.816609 -1.381023
v 2.225335 0.816170 -1.380773
v 2.224974 0.815734 -1.381022
v 2.224616 0.816172 -1.381272
v 2.226665 0.816601 -1.382249
v 2.226828 0.816163 -1.381843
v 2.226661 0.815726 -1.382248
v 2.226498 0.816163 -1.382654
v 2.228665 0.816593 -1.382543
v 2.228598 0.816156 -1.382110
v 2.228662 0.815718 -1.382542
v 2.228728 0.816155 -1.382975
v 2.230541 0.816588 -1.381653
v 2.230235 0.816152 -1.381338
v 2.230538 0.815712 -1.381652
v 2.230845 0.816149 -1.381966
v 2.232142 0.816587 -1.378513
v 2.231729 0.816151 -1.378361
v 2.232138 0.815712 -1.378512
v 2.232551 0.816148 -1.378664
v 2.233522 0.816591 -1.372699
v 2.233092 0.816155 -1.372609
v 2.233519 0.815716 -1.372697
v 2.233949 0.816152 -1.372788
v 2.234892 0.816599 -1.365118
v 2.234459 0.816162 -1.365039
v 2.234889 0.815723 -1.365117
v 2.235321 0.816159 -1.365196
v 2.236320 0.816606 -1.357333
v 2.235888 0.816170 -1.357258
v 2.236317 0.815730 -1.357332
v 2.236750 0.816166 -1.357407
v 2.237396 0.816612 -1.350730
v 2.236958 0.816176 -1.350692
v 2.237393 0.815737 -1.350728
v 2.237830 0.816173 -1.350767
v 2.237441 0.816619 -1.346259
v 2.237014 0.816183 -1.346363
v 2.237437 0.815744 -1.346258
v 2.237864 0.816180 -1.346154
v 2.236221 0.816627 -1.343984
v 2.235925 0.816190 -1.344307
v 2.236218 0.815752 -1.343982
v 2.236514 0.816189 -1.343659
v 2.234108 0.816636 -1.343094
v 2.234012 0.816198 -1.343521
v 2.234105 0.815761 -1.343093
v 2.234202 0.816199 -1.342666
v 2.231703 0.816645 -1.343003
v 2.231796 0.816207 -1.343430
v 2.231700 0.815770 -1.343002
v 2.231607 0.816209 -1.342575
v 2.229557 0.816651 -1.344100
v 2.229865 0.816212 -1.344409
v 2.229554 0.815776 -1.344099
v 2.229246 0.816215 -1.343790
v 2.228011 0.816652 -1.347127
v 2.228421 0.816213 -1.347273
v 2.228008 0.815777 -1.347126
v 2.227597 0.816216 -1.346979
v 2.226941 0.816648 -1.352069
v 2.227369 0.816209 -1.352151
v 2.226938 0.815773 -1.352068
v 2.226509 0.816212 -1.351986
v 2.225811 0.816642 -1.358767
v 2.226242 0.816202 -1.358837
v 2.225808 0.815766 -1.358766
v 2.225378 0.816205 -1.358696
v 2.224038 0.816630 -1.370076
v 2.224470 0.816190 -1.370138
v 2.224035 0.815754 -1.370075
v 2.223603 0.816194 -1.370013
v 2.224120 0.816630 -1.369554
v 2.224552 0.816191 -1.369617
v 2.224117 0.815755 -1.369553
v 2.223685 0.816194 -1.369491
v 2.233133 0.816158 -1.371136
v 2.232702 0.815721 -1.371053
v 2.232273 0.816161 -1.370971
v 2.232705 0.816597 -1.371054
v 2.248038 0.816800 -1.318424
v 2.248025 0.816360 -1.318859
v 2.247848 0.815946 -1.318434
v 2.247860 0.816386 -1.317999
v 2.242253 0.819397 -1.319352
v 2.242073 0.819027 -1.319814
v 2.241789 0.818656 -1.319407
v 2.241969 0.819027 -1.318945
v 2.238408 0.822701 -1.319615
v 2.238161 0.822381 -1.320084
v 2.237830 0.822047 -1.319682
v 2.238076 0.822367 -1.319213
v 2.235262 0.825613 -1.319918
v 2.235047 0.825265 -1.320382
v 2.234673 0.824970 -1.319986
v 2.234888 0.825319 -1.319523
v 2.233282 0.827515 -1.320712
v 2.233183 0.827050 -1.321108
v 2.232681 0.826883 -1.320787
v 2.232780 0.827348 -1.320391
v 2.232623 0.828361 -1.322121
v 2.232620 0.827772 -1.322312
v 2.232007 0.827747 -1.322226
v 2.232010 0.828336 -1.322036
v 2.232810 0.828547 -1.323964
v 2.232798 0.827928 -1.323952
v 2.232196 0.827937 -1.324097
v 2.232208 0.828556 -1.324109
v 2.233541 0.828249 -1.325829
v 2.233450 0.827666 -1.325640
v 2.232935 0.827635 -1.325982
v 2.233026 0.828217 -1.326171
v 2.235102 0.827086 -1.327155
v 2.234870 0.826606 -1.326840
v 2.234523 0.826454 -1.327330
v 2.234756 0.826934 -1.327644
v 2.237979 0.824715 -1.327521
v 2.237662 0.824301 -1.327188
v 2.237459 0.824037 -1.327710
v 2.237776 0.824451 -1.328043
v 2.242262 0.821661 -1.327010
v 2.241960 0.821236 -1.326676
v 2.241845 0.820913 -1.327191
v 2.242146 0.821338 -1.327526
v 2.247565 0.819081 -1.326081
v 2.247329 0.818625 -1.325736
v 2.247288 0.818265 -1.326238
v 2.247524 0.818722 -1.326584
v 2.253010 0.817614 -1.324995
v 2.252823 0.817144 -1.324638
v 2.252869 0.816760 -1.325121
v 2.253056 0.817230 -1.325478
v 2.257295 0.817042 -1.323654
v 2.257067 0.816577 -1.323313
v 2.257248 0.816172 -1.323745
v 2.257476 0.816636 -1.324086
v 2.259547 0.816868 -1.321929
v 2.259181 0.816417 -1.321714
v 2.259549 0.815994 -1.321977
v 2.259914 0.816445 -1.322192
v 2.260045 0.816820 -1.319922
v 2.259613 0.816376 -1.319927
v 2.260057 0.815944 -1.319934
v 2.260489 0.816388 -1.319929
v 2.259568 0.816811 -1.317965
v 2.259195 0.816369 -1.318187
v 2.259576 0.815935 -1.317963
v 2.259949 0.816377 -1.317741
v 2.258041 0.816811 -1.316562
v 2.257866 0.816369 -1.316960
v 2.258044 0.815935 -1.316556
v 2.258219 0.816377 -1.316158
v 2.254531 0.816811 -1.316258
v 2.254546 0.816369 -1.316692
v 2.254531 0.815935 -1.316251
v 2.254517 0.816377 -1.315817
v 2.248625 0.816811 -1.317162
v 2.248702 0.816369 -1.317589
v 2.248624 0.815935 -1.317155
v 2.248546 0.816377 -1.316728
v 2.241084 0.816811 -1.318739
v 2.241173 0.816369 -1.319164
v 2.241083 0.815935 -1.318732
v 2.240995 0.816377 -1.318307
v 2.233333 0.816811 -1.320338
v 2.233425 0.816369 -1.320762
v 2.233331 0.815935 -1.320331
v 2.233239 0.816377 -1.319907
v 2.226809 0.816811 -1.321821
v 2.226937 0.816369 -1.322236
v 2.226807 0.815935 -1.321814
v 2.226679 0.816377 -1.321399
v 2.222650 0.816811 -1.323458
v 2.222904 0.816369 -1.323810
v 2.222646 0.815935 -1.323452
v 2.222391 0.816377 -1.323100
v 2.221000 0.816811 -1.325441
v 2.221407 0.816369 -1.325591
v 2.220993 0.815935 -1.325438
v 2.220586 0.816377 -1.325288
v 2.220969 0.816811 -1.327731
v 2.221397 0.816369 -1.327659
v 2.220962 0.815935 -1.327732
v 2.220534 0.816377 -1.327804
v 2.221787 0.816811 -1.329993
v 2.222145 0.816369 -1.329747
v 2.221781 0.815935 -1.329998
v 2.221424 0.816377 -1.330243
v 2.223603 0.816813 -1.331567
v 2.223780 0.816370 -1.331172
v 2.223609 0.815938 -1.331581
v 2.223432 0.816381 -1.331975
v 2.226939 0.816887 -1.331908
v 2.226957 0.816439 -1.331481
v 2.226984 0.816013 -1.331929
v 2.226966 0.816461 -1.332356
v 2.231725 0.817270 -1.331296
v 2.231736 0.816821 -1.330870
v 2.231847 0.816403 -1.331313
v 2.231836 0.816852 -1.331739
v 2.237812 0.818473 -1.330618
v 2.237889 0.818037 -1.330185
v 2.238032 0.817626 -1.330624
v 2.237956 0.818062 -1.331057
v 2.247629 0.821631 -1.330067
v 2.247753 0.821210 -1.329631
v 2.247919 0.820805 -1.330069
v 2.247795 0.821226 -1.330505
v 2.247607 0.816499 -1.318040
v 2.247587 0.816062 -1.318476
v 2.247770 0.816475 -1.318900
v 2.247789 0.816912 -1.318463
v 2.247361 0.821545 -1.330082
v 2.247484 0.821123 -1.329646
v 2.247649 0.820718 -1.330084
v 2.247526 0.821140 -1.330521
v 2.214620 0.816895 -1.362349
v 2.214505 0.816447 -1.361937
v 2.214649 0.816020 -1.362361
v 2.214765 0.816467 -1.362773
v 2.220617 0.817069 -1.360503
v 2.220505 0.816621 -1.360090
v 2.220646 0.816194 -1.360515
v 2.220758 0.816641 -1.360928
v 2.224934 0.817195 -1.359213
v 2.224813 0.816747 -1.358803
v 2.224963 0.816320 -1.359225
v 2.225085 0.816768 -1.359635
v 2.228532 0.817297 -1.357929
v 2.228353 0.816847 -1.357543
v 2.228561 0.816422 -1.357941
v 2.228741 0.816871 -1.358327
v 2.230779 0.817351 -1.356461
v 2.230455 0.816899 -1.356190
v 2.230808 0.816476 -1.356473
v 2.231132 0.816929 -1.356744
v 2.231457 0.817351 -1.354758
v 2.231036 0.816898 -1.354721
v 2.231486 0.816476 -1.354770
v 2.231907 0.816928 -1.354807
v 2.231113 0.817313 -1.352883
v 2.230716 0.816864 -1.353038
v 2.231142 0.816438 -1.352894
v 2.231539 0.816887 -1.352739
v 2.230139 0.817257 -1.351157
v 2.229853 0.816814 -1.351482
v 2.230168 0.816382 -1.351169
v 2.230453 0.816825 -1.350844
v 2.228248 0.817181 -1.350235
v 2.228192 0.816747 -1.350673
v 2.228278 0.816306 -1.350247
v 2.228334 0.816740 -1.349809
v 2.224945 0.817077 -1.350662
v 2.225058 0.816649 -1.351094
v 2.224974 0.816202 -1.350673
v 2.224862 0.816631 -1.350241
v 2.220214 0.816942 -1.352254
v 2.220371 0.816515 -1.352674
v 2.220243 0.816067 -1.352266
v 2.220085 0.816494 -1.351846
v 2.214584 0.816782 -1.354264
v 2.214744 0.816355 -1.354683
v 2.214613 0.815907 -1.354277
v 2.214453 0.816334 -1.353858
v 2.209022 0.816624 -1.356201
v 2.209197 0.816197 -1.356614
v 2.209051 0.815749 -1.356213
v 2.208875 0.816175 -1.355801
v 2.204801 0.816509 -1.358084
v 2.205059 0.816085 -1.358454
v 2.204830 0.815634 -1.358096
v 2.204573 0.816058 -1.357726
v 2.202716 0.816467 -1.360070
v 2.203120 0.816045 -1.360276
v 2.202745 0.815592 -1.360082
v 2.202341 0.816014 -1.359876
v 2.202429 0.816486 -1.362136
v 2.202878 0.816062 -1.362097
v 2.202458 0.815611 -1.362148
v 2.202008 0.816034 -1.362188
v 2.203111 0.816535 -1.364038
v 2.203476 0.816105 -1.363783
v 2.203140 0.815660 -1.364050
v 2.202774 0.816089 -1.364305
v 2.204779 0.816607 -1.365274
v 2.204926 0.816168 -1.364863
v 2.204808 0.815732 -1.365286
v 2.204660 0.816171 -1.365697
v 2.208300 0.816724 -1.365206
v 2.208255 0.816278 -1.364778
v 2.208329 0.815849 -1.365218
v 2.208375 0.816294 -1.365646
v 2.214076 0.816895 -1.363684
v 2.213968 0.816447 -1.363270
v 2.214106 0.816020 -1.363696
v 2.214214 0.816467 -1.364110
v 2.221406 0.817106 -1.361320
v 2.221287 0.816659 -1.360909
v 2.221435 0.816231 -1.361332
v 2.221554 0.816679 -1.361743
v 2.228942 0.817324 -1.358912
v 2.228820 0.816876 -1.358502
v 2.228971 0.816449 -1.358924
v 2.229094 0.816897 -1.359334
v 2.235271 0.817505 -1.356749
v 2.235113 0.817056 -1.356353
v 2.235300 0.816630 -1.356761
v 2.235457 0.817079 -1.357157
v 2.239233 0.817608 -1.354682
v 2.238956 0.817157 -1.354362
v 2.239263 0.816733 -1.354694
v 2.239540 0.817185 -1.355014
v 2.240666 0.817626 -1.352534
v 2.240257 0.817173 -1.352433
v 2.240695 0.816751 -1.352546
v 2.241105 0.817205 -1.352648
v 2.240456 0.817588 -1.350252
v 2.240050 0.817138 -1.350376
v 2.240485 0.816713 -1.350264
v 2.240892 0.817163 -1.350140
v 2.239405 0.817523 -1.348087
v 2.239087 0.817079 -1.348378
v 2.239434 0.816648 -1.348099
v 2.239752 0.817093 -1.347809
v 2.237427 0.817438 -1.346712
v 2.237315 0.817002 -1.347137
v 2.237456 0.816563 -1.346724
v 2.237569 0.816999 -1.346299
v 2.234031 0.817326 -1.346774
v 2.234110 0.816897 -1.347213
v 2.234060 0.816451 -1.346786
v 2.233981 0.816881 -1.346347
v 2.229170 0.817183 -1.348159
v 2.229313 0.816756 -1.348584
v 2.229199 0.816308 -1.348172
v 2.229055 0.816736 -1.347747
v 2.222732 0.816999 -1.350319
v 2.222888 0.816572 -1.350740
v 2.222761 0.816124 -1.350331
v 2.222605 0.816551 -1.349911
v 2.211926 0.816691 -1.354084
v 2.212090 0.816264 -1.354501
v 2.211956 0.815816 -1.354096
v 2.211792 0.816243 -1.353678
v 2.215177 0.816479 -1.362646
v 2.215062 0.816032 -1.362234
v 2.214918 0.816459 -1.361810
v 2.215033 0.816907 -1.362222
v 2.212308 0.816702 -1.353951
v 2.212471 0.816275 -1.354369
v 2.212337 0.815827 -1.353963
v 2.212174 0.816254 -1.353545
v 2.190328 0.818982 -1.295191
v 2.190324 0.818411 -1.295338
v 2.190457 0.818103 -1.295821
v 2.190608 0.818336 -1.296202
v 2.190730 0.818768 -1.296445
v 2.190734 0.819263 -1.296320
v 2.190662 0.819614 -1.296012
v 2.190469 0.819479 -1.295473
v 2.190412 0.819485 -1.295493
v 2.190606 0.819619 -1.296031
v 2.190677 0.819268 -1.296339
v 2.190673 0.818773 -1.296464
v 2.190552 0.818341 -1.296221
v 2.190401 0.818108 -1.295840
v 2.190267 0.818416 -1.295357
v 2.190272 0.818987 -1.295210
v 2.188826 0.819122 -1.295696
v 2.188821 0.818551 -1.295843
v 2.188955 0.818243 -1.296326
v 2.189106 0.818476 -1.296707
v 2.189227 0.818908 -1.296950
v 2.189231 0.819403 -1.296825
v 2.189160 0.819754 -1.296517
v 2.188966 0.819619 -1.295978
v 2.180617 0.819847 -1.299120
v 2.180633 0.819858 -1.299163
v 2.180638 0.819830 -1.299188
v 2.180638 0.819790 -1.299199
v 2.180628 0.819755 -1.299179
v 2.180616 0.819736 -1.299148
v 2.180605 0.819761 -1.299109
v 2.180605 0.819807 -1.299097
v 2.184265 0.819932 -1.297635
v 2.184155 0.819539 -1.297412
v 2.184418 0.820038 -1.298061
v 2.184475 0.819761 -1.298303
v 2.184472 0.819370 -1.298402
v 2.184375 0.819029 -1.298211
v 2.184256 0.818844 -1.297909
v 2.184151 0.819088 -1.297528
v 2.208886 0.817491 -1.305470
v 2.209428 0.817135 -1.305951
v 2.209927 0.817384 -1.306534
v 2.209931 0.818011 -1.306690
v 2.209700 0.818666 -1.306608
v 2.209230 0.818977 -1.306193
v 2.208784 0.818958 -1.305725
v 2.208620 0.818248 -1.305380
v 2.208562 0.818235 -1.305436
v 2.208726 0.818944 -1.305781
v 2.209172 0.818963 -1.306249
v 2.209641 0.818653 -1.306664
v 2.209872 0.817998 -1.306745
v 2.209869 0.817370 -1.306590
v 2.209370 0.817122 -1.306007
v 2.208827 0.817477 -1.305526
v 2.207332 0.817127 -1.306957
v 2.207874 0.816771 -1.307438
v 2.208373 0.817020 -1.308021
v 2.208377 0.817647 -1.308177
v 2.208146 0.818302 -1.308095
v 2.207676 0.818613 -1.307680
v 2.207231 0.818594 -1.307212
v 2.207067 0.817884 -1.306867
v 2.198994 0.815693 -1.315790
v 2.199008 0.815750 -1.315818
v 2.199044 0.815752 -1.315856
v 2.199082 0.815727 -1.315889
v 2.199100 0.815674 -1.315896
v 2.199100 0.815623 -1.315883
v 2.199060 0.815603 -1.315836
v 2.199016 0.815632 -1.315797
v 2.202334 0.816707 -1.311669
v 2.202544 0.816109 -1.311741
v 2.202464 0.817268 -1.311942
v 2.202816 0.817283 -1.312312
v 2.203187 0.817037 -1.312640
v 2.203370 0.816520 -1.312704
v 2.203367 0.816024 -1.312581
v 2.202972 0.815828 -1.312121
v 2.198004 0.820899 -1.300576
v 2.198227 0.820355 -1.300527
v 2.198751 0.820129 -1.300386
v 2.199103 0.820425 -1.300281
v 2.199290 0.820896 -1.300220
v 2.199100 0.821368 -1.300262
v 2.198746 0.821665 -1.300355
v 2.198223 0.821441 -1.300505
v 2.198239 0.821443 -1.300563
v 2.198762 0.821667 -1.300413
v 2.199116 0.821369 -1.300320
v 2.199306 0.820897 -1.300277
v 2.199119 0.820426 -1.300339
v 2.198767 0.820130 -1.300444
v 2.198243 0.820356 -1.300584
v 2.198021 0.820900 -1.300634
v 2.198430 0.820931 -1.302109
v 2.198652 0.820387 -1.302060
v 2.199176 0.820161 -1.301919
v 2.199528 0.820457 -1.301814
v 2.199715 0.820928 -1.301753
v 2.199525 0.821400 -1.301796
v 2.199171 0.821697 -1.301888
v 2.198648 0.821474 -1.302038
v 2.201415 0.821153 -1.310516
v 2.201458 0.821172 -1.310503
v 2.201486 0.821147 -1.310496
v 2.201502 0.821109 -1.310493
v 2.201487 0.821071 -1.310498
v 2.201458 0.821047 -1.310506
v 2.201416 0.821065 -1.310517
v 2.201398 0.821109 -1.310521
v 2.200070 0.821460 -1.306825
v 2.199898 0.821031 -1.306881
v 2.200483 0.821637 -1.306707
v 2.200763 0.821402 -1.306634
v 2.200913 0.821029 -1.306600
v 2.200766 0.820657 -1.306648
v 2.200488 0.820423 -1.306731
v 2.200073 0.820602 -1.306842
vn -0.7140 -0.7002 -0.0000
vn -0.0082 -1.0000 -0.0000
vn -0.0086 -1.0000 -0.0000
vn -0.9882 0.1532 -0.0007
vn -0.7142 -0.6999 -0.0000
vn -0.5914 0.8064 -0.0000
vn -0.9883 0.1528 -0.0004
vn 0.0070 1.0000 -0.0000
vn -0.5909 0.8067 -0.0000
vn 0.6051 0.7962 -0.0000
vn 0.0073 1.0000 -0.0000
vn 0.9905 0.1373 -0.0000
vn 0.6047 0.7964 -0.0000
vn 0.7030 -0.7112 -0.0000
vn 0.9906 0.1364 -0.0000
vn 0.7034 -0.7108 -0.0000
vn -0.0077 -0.9999 -0.0140
vn 0.7034 -0.7106 -0.0146
vn 0.9906 0.1359 -0.0163
vn 0.6046 0.7964 -0.0138
vn 0.0077 0.9999 -0.0140
vn -0.5922 0.8057 -0.0139
vn -0.9883 0.1514 -0.0162
vn -0.7144 -0.6996 -0.0146
vn -0.0045 -0.7388 -0.6739
vn 0.0063 0.7375 -0.6754
vn 0.5181 -0.5235 -0.6764
vn -0.4233 0.5782 -0.6975
vn -0.5233 -0.5162 -0.6780
vn -0.7463 0.1148 -0.6556
vn 0.4294 0.5709 -0.6998
vn 0.7421 0.1045 -0.6621
vn -0.7131 -0.6969 -0.0764
vn -0.0078 -0.9973 -0.0733
vn -0.9850 0.1507 -0.0846
vn -0.5912 0.8032 -0.0728
vn 0.0079 0.9973 -0.0733
vn 0.6037 0.7939 -0.0728
vn 0.9873 0.1347 -0.0847
vn 0.7016 -0.7084 -0.0763
vn 0.0118 -0.9979 -0.0633
vn -0.6986 -0.7143 -0.0419
vn 0.0134 -0.9978 -0.0646
vn -0.9916 0.1288 0.0152
vn -0.6978 -0.7151 -0.0416
vn -0.6084 0.7915 0.0578
vn -0.9915 0.1295 0.0153
vn -0.0147 0.9977 0.0669
vn -0.6080 0.7917 0.0593
vn 0.5878 0.8075 0.0489
vn -0.0141 0.9977 0.0663
vn 0.9874 0.1583 0.0038
vn 0.5880 0.8074 0.0488
vn 0.7182 -0.6941 -0.0496
vn 0.9875 0.1575 0.0036
vn 0.7188 -0.6934 -0.0502
vn 0.0129 -0.9967 -0.0798
vn 0.7180 -0.6930 -0.0654
vn 0.9874 0.1577 -0.0129
vn 0.5879 0.8082 0.0352
vn -0.0131 0.9986 0.0519
vn -0.6089 0.7921 0.0427
vn -0.9914 0.1309 -0.0007
vn -0.6997 -0.7122 -0.0567
vn 0.0061 -0.6932 -0.7207
vn -0.0200 0.7810 -0.6241
vn 0.5198 -0.4703 -0.7131
vn -0.4362 0.6137 -0.6581
vn -0.5146 -0.4832 -0.7083
vn -0.7469 0.1457 -0.6488
vn 0.4095 0.6268 -0.6629
vn 0.7429 0.1569 -0.6508
vn -0.6988 -0.7055 -0.1181
vn 0.0125 -0.9902 -0.1389
vn -0.9885 0.1347 -0.0690
vn -0.6084 0.7934 -0.0164
vn -0.0136 0.9999 -0.0074
vn 0.5863 0.8097 -0.0237
vn 0.9835 0.1615 -0.0811
vn 0.7161 -0.6864 -0.1269
vn -0.8444 -0.5357 -0.0001
vn -0.2184 -0.9759 -0.0007
vn -0.2193 -0.9757 -0.0015
vn -0.9346 0.3556 -0.0002
vn -0.8447 -0.5352 -0.0000
vn -0.4094 0.9123 -0.0008
vn -0.9348 0.3553 -0.0000
vn 0.2172 0.9761 -0.0000
vn -0.4100 0.9121 -0.0018
vn 0.7580 0.6523 -0.0000
vn 0.9972 -0.0749 0.0001
vn 0.7581 0.6522 -0.0000
vn 0.5386 -0.8425 0.0008
vn 0.9972 -0.0750 -0.0000
vn 0.5373 -0.8434 0.0017
vn -0.2175 -0.9760 -0.0140
vn 0.5385 -0.8425 -0.0146
vn 0.9970 -0.0753 -0.0162
vn 0.7585 0.6515 -0.0138
vn 0.2175 0.9760 -0.0140
vn -0.4098 0.9121 -0.0139
vn -0.9345 0.3555 -0.0162
vn -0.8453 -0.5341 -0.0146
vn -0.1612 -0.7206 -0.6743
vn 0.1608 0.7199 -0.6752
vn 0.3946 -0.6216 -0.6766
vn -0.2935 0.6524 -0.6987
vn -0.6208 -0.3966 -0.6762
vn -0.7025 0.2645 -0.6608
vn 0.5393 0.4697 -0.6989
vn 0.7510 -0.0518 -0.6583
vn -0.8434 -0.5319 -0.0764
vn -0.2169 -0.9734 -0.0733
vn -0.9313 0.3543 -0.0846
vn -0.4091 0.9096 -0.0728
vn 0.2170 0.9734 -0.0733
vn 0.7566 0.6498 -0.0728
vn 0.9936 -0.0748 -0.0847
vn 0.5378 -0.8396 -0.0764
vn -0.6815 -0.7318 -0.0031
vn 0.0382 -0.9993 0.0007
vn 0.0386 -0.9993 -0.0000
vn -0.9945 0.1047 -0.0074
vn -0.6814 -0.7319 -0.0036
vn -0.9945 0.1044 -0.0075
vn -0.6281 0.7781 -0.0052
vn -0.0378 0.9993 -0.0000
vn -0.6281 0.7781 -0.0051
vn 0.5673 0.8235 0.0034
vn -0.0379 0.9993 -0.0006
vn 0.5675 0.8234 0.0036
vn 0.9834 0.1813 0.0080
vn 0.9834 0.1814 0.0091
vn 0.7347 -0.6783 0.0061
vn 0.7348 -0.6783 0.0062
vn 0.0379 -0.9992 -0.0127
vn 0.7352 -0.6778 -0.0086
vn 0.9835 0.1808 -0.0093
vn 0.5679 0.8230 -0.0106
vn -0.0377 0.9992 -0.0152
vn -0.6281 0.7779 -0.0191
vn -0.9941 0.1060 -0.0235
vn -0.6816 -0.7315 -0.0188
vn 0.0357 -0.7392 -0.6725
vn -0.0244 0.7366 -0.6759
vn 0.5416 -0.5043 -0.6725
vn -0.4424 0.5571 -0.7028
vn -0.4905 -0.5441 -0.6807
vn -0.7391 0.0776 -0.6691
vn 0.4065 0.5920 -0.6959
vn 0.7389 0.1338 -0.6604
vn -0.6797 -0.7290 -0.0805
vn 0.0384 -0.9967 -0.0720
vn -0.9902 0.1056 -0.0919
vn -0.6265 0.7755 -0.0781
vn -0.0372 0.9965 -0.0746
vn 0.5670 0.8207 -0.0696
vn 0.9805 0.1805 -0.0778
vn 0.7342 -0.6753 -0.0704
vn -0.7154 -0.6987 -0.0002
vn -0.0091 -1.0000 -0.0014
vn -0.0090 -1.0000 -0.0030
vn -0.9883 0.1523 -0.0000
vn -0.7154 -0.6987 -0.0000
vn -0.5911 0.8066 -0.0000
vn -0.9884 0.1521 -0.0000
vn 0.0087 1.0000 -0.0000
vn -0.5907 0.8069 -0.0000
vn 0.6047 0.7965 -0.0000
vn 0.0089 1.0000 -0.0000
vn 0.9910 0.1342 -0.0000
vn 0.6052 0.7961 -0.0000
vn 0.7023 -0.7119 -0.0000
vn 0.9909 0.1343 -0.0000
vn 0.7025 -0.7117 -0.0000
vn -0.0089 -0.9999 -0.0140
vn 0.7027 -0.7114 -0.0146
vn 0.9907 0.1348 -0.0162
vn 0.6054 0.7958 -0.0138
vn 0.0089 0.9999 -0.0140
vn -0.5913 0.8064 -0.0138
vn -0.9882 0.1523 -0.0163
vn -0.7151 -0.6988 -0.0146
vn -0.0031 -0.7388 -0.6739
vn 0.0069 0.7372 -0.6756
vn 0.5176 -0.5224 -0.6777
vn -0.4198 0.5789 -0.6990
vn -0.5243 -0.5174 -0.6763
vn -0.7407 0.1170 -0.6616
vn 0.4309 0.5700 -0.6996
vn 0.7441 0.1037 -0.6600
vn -0.7138 -0.6962 -0.0764
vn -0.0090 -0.9973 -0.0732
vn -0.9847 0.1521 -0.0846
vn -0.5900 0.8041 -0.0728
vn 0.0090 0.9973 -0.0733
vn 0.6044 0.7934 -0.0728
vn 0.9873 0.1343 -0.0846
vn 0.7011 -0.7090 -0.0763
vn -0.6897 -0.7241 -0.0021
vn 0.0260 -0.9997 -0.0000
vn 0.0253 -0.9997 -0.0000
vn -0.9931 0.1171 -0.0001
vn -0.6900 -0.7238 -0.0011
vn -0.6190 0.7854 0.0008
vn -0.9931 0.1169 -0.0000
vn -0.0274 0.9996 0.0001
vn -0.6186 0.7857 0.0016
vn 0.5762 0.8173 -0.0000
vn -0.0270 0.9996 -0.0000
vn 0.9857 0.1685 -0.0000
vn 0.5766 0.8170 -0.0000
vn 0.7276 -0.6860 -0.0000
vn 0.9856 0.1690 -0.0000
vn 0.0265 -0.9996 -0.0140
vn 0.7275 -0.6860 -0.0146
vn 0.9853 0.1699 -0.0163
vn 0.5768 0.8168 -0.0139
vn -0.0266 0.9995 -0.0140
vn -0.6194 0.7850 -0.0138
vn -0.9930 0.1172 -0.0162
vn -0.6899 -0.7237 -0.0145
vn 0.0218 -0.7382 -0.6742
vn -0.0193 0.7367 -0.6760
vn 0.5319 -0.5087 -0.6770
vn -0.4424 0.5628 -0.6982
vn -0.5052 -0.5340 -0.6779
vn -0.7460 0.0916 -0.6597
vn 0.4144 0.5832 -0.6986
vn 0.7388 0.1241 -0.6624
vn -0.6882 -0.7215 -0.0763
vn 0.0265 -0.9970 -0.0732
vn -0.9896 0.1167 -0.0847
vn -0.6181 0.7827 -0.0728
vn -0.0265 0.9970 -0.0733
vn 0.5759 0.8143 -0.0728
vn 0.9819 0.1695 -0.0846
vn 0.7260 -0.6835 -0.0763
vn -0.7319 -0.6815 -0.0007
vn -0.0336 -0.9994 -0.0007
vn -0.0338 -0.9994 -0.0015
vn -0.9840 0.1782 0.0010
vn -0.7324 -0.6809 -0.0004
vn -0.5705 0.8213 0.0001
vn -0.9840 0.1780 0.0006
vn 0.0328 0.9995 -0.0000
vn -0.5699 0.8217 -0.0000
vn 0.6253 0.7803 -0.0000
vn 0.0334 0.9994 -0.0000
vn 0.9938 0.1116 0.0001
vn 0.6255 0.7802 -0.0000
vn 0.6851 -0.7284 0.0008
vn 0.9939 0.1107 -0.0000
vn 0.6841 -0.7294 0.0017
vn -0.0337 -0.9993 -0.0140
vn 0.6848 -0.7285 -0.0146
vn 0.9938 0.1104 -0.0162
vn 0.6251 0.7805 -0.0138
vn 0.0338 0.9993 -0.0140
vn -0.5708 0.8210 -0.0138
vn -0.9841 0.1770 -0.0162
vn -0.7321 -0.6810 -0.0146
vn -0.0239 -0.7382 -0.6742
vn 0.0258 0.7370 -0.6754
vn 0.5015 -0.5390 -0.6767
vn -0.4047 0.5897 -0.6988
vn -0.5375 -0.5034 -0.6765
vn -0.7380 0.1352 -0.6611
vn 0.4443 0.5592 -0.6999
vn 0.7446 0.0825 -0.6624
vn -0.7308 -0.6783 -0.0764
vn -0.0340 -0.9967 -0.0732
vn -0.9807 0.1760 -0.0847
vn -0.5701 0.8183 -0.0729
vn 0.0336 0.9967 -0.0733
vn 0.6239 0.7781 -0.0728
vn 0.9904 0.1097 -0.0847
vn 0.6833 -0.7262 -0.0764
vn -0.7085 -0.7057 -0.0000
vn 0.0001 -1.0000 -0.0000
vn -0.9897 0.1432 -0.0000
vn -0.7086 -0.7056 -0.0000
vn -0.5977 0.8017 -0.0000
vn -0.9897 0.1430 -0.0000
vn -0.0000 1.0000 -0.0000
vn -0.5969 0.8023 -0.0000
vn 0.5972 0.8021 -0.0000
vn 0.9895 0.1444 -0.0000
vn 0.5978 0.8016 -0.0000
vn 0.7078 -0.7064 -0.0000
vn 0.9896 0.1437 -0.0000
vn 0.7083 -0.7059 -0.0000
vn -0.0001 -0.9999 -0.0140
vn 0.7089 -0.7051 -0.0146
vn 0.9895 0.1437 -0.0162
vn 0.5983 0.8011 -0.0138
vn -0.0000 0.9999 -0.0140
vn -0.5984 0.8011 -0.0138
vn -0.9895 0.1437 -0.0162
vn -0.7090 -0.7051 -0.0146
vn 0.0026 -0.7389 -0.6738
vn -0.0015 0.7379 -0.6749
vn 0.5220 -0.5200 -0.6761
vn -0.4262 0.5742 -0.6991
vn -0.5195 -0.5208 -0.6774
vn -0.7433 0.1087 -0.6600
vn 0.4254 0.5740 -0.6997
vn 0.7438 0.1058 -0.6600
vn -0.7077 -0.7024 -0.0764
vn -0.0000 -0.9973 -0.0733
vn -0.9861 0.1433 -0.0846
vn -0.5975 0.7985 -0.0728
vn -0.0001 0.9973 -0.0733
vn 0.5973 0.7987 -0.0728
vn 0.9861 0.1431 -0.0846
vn 0.7075 -0.7026 -0.0764
vn -0.4709 -0.8741 0.1192
vn 0.2884 -0.9353 0.2049
vn 0.2872 -0.9356 0.2052
vn -0.9842 -0.1646 -0.0652
vn -0.4710 -0.8740 0.1193
vn -0.8019 0.5683 -0.1845
vn -0.9842 -0.1645 -0.0648
vn -0.8022 0.5680 -0.1840
vn -0.2899 0.9352 -0.2035
vn 0.3361 0.9312 -0.1412
vn -0.2905 0.9352 -0.2025
vn 0.9012 0.4333 0.0046
vn 0.3368 0.9308 -0.1421
vn 0.8801 -0.4438 0.1689
vn 0.9014 0.4330 0.0038
vn 0.8797 -0.4445 0.1690
vn 0.2910 -0.9375 0.1910
vn 0.8810 -0.4471 0.1548
vn 0.9023 0.4309 -0.0106
vn 0.3392 0.9276 -0.1566
vn -0.2882 0.9323 -0.2183
vn -0.8006 0.5654 -0.1984
vn -0.9825 -0.1681 -0.0799
vn -0.4698 -0.8765 0.1052
vn 0.2778 -0.8156 -0.5076
vn -0.1521 0.5651 -0.8109
vn 0.7090 -0.4550 -0.5388
vn -0.5058 0.2806 -0.8157
vn -0.2786 -0.7682 -0.5764
vn -0.6766 -0.2441 -0.6947
vn 0.3041 0.5353 -0.7881
vn 0.7419 0.2027 -0.6391
vn -0.4628 -0.8854 0.0443
vn 0.2957 -0.9461 0.1324
vn -0.9725 -0.1809 -0.1466
vn -0.7935 0.5524 -0.2556
vn -0.2818 0.9189 -0.2759
vn 0.3448 0.9140 -0.2137
vn 0.9058 0.4165 -0.0775
vn 0.8845 -0.4569 0.0938
vn -0.0000 0.7064 0.7078
vn -0.0000 -0.1446 0.9895
vn -0.0000 0.7059 0.7083
vn -0.0000 -0.8011 0.5985
vn -0.0000 -0.1440 0.9896
vn -0.0000 -1.0000 -0.0000
vn -0.0000 -0.8009 0.5988
vn -0.0000 -0.8017 -0.5977
vn -0.0000 -0.1447 -0.9895
vn -0.0000 -0.8015 -0.5980
vn -0.0000 0.7064 -0.7078
vn -0.0000 -0.1440 -0.9896
vn -0.0000 0.7059 -0.7083
vn 0.0140 0.9999 -0.0000
vn 0.0146 0.7052 -0.7089
vn 0.0162 -0.1435 -0.9895
vn 0.0138 -0.8010 -0.5984
vn 0.0140 -0.9999 -0.0001
vn 0.0138 -0.8011 0.5984
vn 0.0162 -0.1435 0.9895
vn 0.0146 0.7051 0.7089
vn 0.6745 0.7383 0.0002
vn 0.6747 -0.7381 0.0002
vn 0.6769 0.5201 -0.5208
vn 0.6992 -0.5744 0.4256
vn 0.6770 0.5199 0.5209
vn 0.6599 -0.1079 0.7436
vn 0.6992 -0.5745 -0.4255
vn 0.6599 -0.1079 -0.7436
vn 0.0764 0.7026 0.7075
vn 0.0732 0.9973 0.0001
vn 0.0847 -0.1432 0.9861
vn 0.0728 -0.7986 0.5974
vn 0.0733 -0.9973 0.0001
vn 0.0728 -0.7987 -0.5973
vn 0.0847 -0.1432 -0.9861
vn 0.0763 0.7026 -0.7075
vn 0.0003 0.5834 0.8122
vn -0.0000 0.9873 0.1586
vn -0.0000 -0.2982 0.9545
vn 0.0001 0.5836 0.8121
vn -0.0000 -0.8864 0.4630
vn -0.0000 -0.2984 0.9544
vn -0.0017 -0.9872 -0.1592
vn 0.0002 -0.8868 0.4622
vn -0.0001 -0.6961 -0.7180
vn -0.0009 -0.9873 -0.1590
vn -0.0004 0.0157 -0.9999
vn -0.0001 -0.6962 -0.7178
vn -0.0002 0.8087 -0.5883
vn -0.0002 0.0156 -0.9999
vn -0.0001 0.8087 -0.5882
vn 0.0140 0.9872 0.1591
vn 0.0146 0.8089 -0.5878
vn 0.0162 0.0154 -0.9997
vn 0.0138 -0.6958 -0.7181
vn 0.0140 -0.9872 -0.1589
vn 0.0138 -0.8859 0.4636
vn 0.0162 -0.2990 0.9541
vn 0.0146 0.5834 0.8121
vn 0.6743 0.7291 0.1169
vn 0.6745 -0.7291 -0.1157
vn 0.6773 0.5973 -0.4296
vn 0.6990 -0.6352 0.3285
vn 0.6777 0.4311 0.5957
vn 0.6601 -0.2267 0.7162
vn 0.6993 -0.5008 -0.5102
vn 0.6602 0.0093 -0.7510
vn 0.0733 0.9847 0.1584
vn 0.0764 0.5813 0.8101
vn 0.0847 -0.2978 0.9509
vn 0.0728 -0.8834 0.4629
vn 0.0733 -0.9846 -0.1584
vn 0.0728 -0.6936 -0.7167
vn 0.0846 0.0156 -0.9963
vn 0.0764 0.8061 -0.5869
vn -0.1352 0.6938 0.7074
vn -0.1696 0.9855 -0.0018
vn -0.1690 0.9856 -0.0015
vn 0.0028 -0.1434 0.9897
vn -0.1355 0.6936 0.7075
vn 0.1220 -0.7909 0.5997
vn 0.0026 -0.1436 0.9896
vn 0.1702 -0.9854 0.0021
vn 0.1226 -0.7908 0.5997
vn 0.1497 -0.7883 -0.5968
vn 0.1702 -0.9854 0.0019
vn 0.0457 -0.1406 -0.9890
vn 0.1499 -0.7883 -0.5968
vn -0.1043 0.6963 -0.7101
vn 0.0462 -0.1405 -0.9890
vn -0.1043 0.6964 -0.7101
vn -0.1564 0.9877 -0.0016
vn -0.0898 0.6987 -0.7097
vn 0.0626 -0.1368 -0.9886
vn 0.1634 -0.7860 -0.5962
vn 0.1840 -0.9829 0.0024
vn 0.1366 -0.7882 0.6001
vn 0.0184 -0.1407 0.9899
vn -0.1215 0.6960 0.7077
vn 0.5387 0.8424 0.0134
vn 0.7907 -0.6120 0.0172
vn 0.5901 0.6297 -0.5052
vn 0.7769 -0.4477 0.4426
vn 0.5669 0.6276 0.5337
vn 0.6525 0.0032 0.7577
vn 0.7962 -0.4458 -0.4089
vn 0.6875 0.0055 -0.7262
vn -0.0602 0.7041 0.7075
vn -0.0976 0.9952 -0.0005
vn 0.0857 -0.1284 0.9880
vn 0.1943 -0.7758 0.6004
vn 0.2419 -0.9703 0.0036
vn 0.2210 -0.7734 -0.5942
vn 0.1297 -0.1244 -0.9837
vn -0.0286 0.7068 -0.7069
vn -0.2507 0.7420 0.6218
vn -0.3570 0.9272 -0.1135
vn -0.3573 0.9271 -0.1134
vn 0.0511 -0.0138 0.9986
vn -0.2511 0.7409 0.6229
vn 0.2861 -0.6705 0.6846
vn 0.0512 -0.0138 0.9986
vn 0.3569 -0.9271 0.1144
vn 0.2863 -0.6705 0.6844
vn 0.2850 -0.8158 -0.5032
vn 0.3568 -0.9272 0.1137
vn 0.0505 -0.2538 -0.9659
vn 0.2855 -0.8158 -0.5030
vn -0.2510 0.5686 -0.7834
vn 0.0510 -0.2539 -0.9659
vn -0.2506 0.5697 -0.7828
vn -0.3437 0.9321 -0.1140
vn -0.2380 0.5730 -0.7842
vn 0.0663 -0.2474 -0.9666
vn 0.2987 -0.8106 -0.5037
vn 0.3698 -0.9222 0.1129
vn 0.2987 -0.6653 0.6843
vn 0.0664 -0.0073 0.9978
vn -0.2380 0.7451 0.6231
vn 0.3655 0.9239 -0.1137
vn 0.8934 -0.4458 0.0551
vn 0.4463 0.6600 -0.6043
vn 0.8584 -0.2324 0.4573
vn 0.4467 0.7863 0.4268
vn 0.6551 0.2244 0.7214
vn 0.8583 -0.3375 -0.3866
vn 0.6554 0.0421 -0.7541
vn -0.1794 0.7646 0.6191
vn -0.2874 0.9507 -0.1165
vn 0.1301 0.0173 0.9914
vn 0.3529 -0.6422 0.6805
vn 0.4243 -0.8988 0.1099
vn 0.3530 -0.7873 -0.5055
vn 0.1302 -0.2226 -0.9662
vn -0.1793 0.5925 -0.7853
vn 0.0007 0.6782 0.7349
vn 0.0008 0.9993 0.0385
vn 0.0017 0.9992 0.0388
vn -0.0000 -0.1806 0.9836
vn 0.0004 0.6777 0.7354
vn -0.0000 -0.8239 0.5667
vn -0.0000 -0.1807 0.9835
vn -0.0018 -0.9992 -0.0388
vn -0.0000 -0.8243 0.5661
vn -0.0006 -0.7781 -0.6281
vn -0.0010 -0.9993 -0.0387
vn -0.0012 -0.7783 -0.6279
vn -0.0002 -0.1051 -0.9945
vn -0.0005 -0.1050 -0.9945
vn -0.0003 0.7321 -0.6812
vn -0.0005 0.7323 -0.6810
vn 0.0140 0.9992 0.0383
vn 0.0146 0.7318 -0.6814
vn 0.0162 -0.1054 -0.9943
vn 0.0138 -0.7775 -0.6288
vn 0.0140 -0.9992 -0.0382
vn 0.0138 -0.8234 0.5673
vn 0.0162 -0.1814 0.9833
vn 0.0146 0.6774 0.7354
vn 0.6733 0.7387 0.0298
vn 0.6753 -0.7370 -0.0272
vn 0.6775 0.5406 -0.4987
vn 0.6997 -0.5884 0.4052
vn 0.6770 0.5004 0.5397
vn 0.6602 -0.1345 0.7390
vn 0.6993 -0.5567 -0.4485
vn 0.6597 -0.0787 -0.7474
vn 0.0764 0.6749 0.7340
vn 0.0733 0.9966 0.0383
vn 0.0846 -0.1807 0.9799
vn 0.0728 -0.8210 0.5662
vn 0.0733 -0.9966 -0.0385
vn 0.0728 -0.7752 -0.6275
vn 0.0847 -0.1052 -0.9908
vn 0.0764 0.7292 -0.6800
vn 0.0001 0.7051 0.7092
vn -0.0000 1.0000 0.0001
vn 0.0001 -0.1434 0.9897
vn 0.0001 0.7052 0.7090
vn 0.0002 -0.1436 0.9896
vn 0.0001 -0.8017 0.5978
vn -0.0000 -1.0000 0.0005
vn 0.0001 -0.8021 0.5972
vn -0.0001 -0.8011 -0.5985
vn -0.0000 -1.0000 0.0002
vn -0.0002 -0.1428 -0.9898
vn -0.0001 0.7040 -0.7102
vn -0.0001 -0.1430 -0.9897
vn -0.0001 0.7045 -0.7097
vn 0.0146 0.7051 -0.7089
vn 0.0162 -0.1436 -0.9895
vn 0.0138 -0.8011 -0.5984
vn 0.0140 -0.9999 -0.0000
vn 0.0162 -0.1436 0.9895
vn 0.0146 0.7051 0.7090
vn 0.6744 0.7384 -0.0000
vn 0.6747 -0.7381 0.0001
vn 0.6992 -0.5745 0.4255
vn 0.6769 0.5202 0.5208
vn 0.6599 -0.1078 0.7436
vn 0.6992 -0.5745 -0.4254
vn 0.0764 0.7026 0.7074
vn 0.0733 0.9973 -0.0001
vn 0.0847 -0.1431 0.9861
vn 0.0728 -0.7987 0.5973
vn 0.0733 -0.9973 -0.0000
vn 0.0728 -0.7987 -0.5974
vn 0.0847 -0.1431 -0.9861
vn 0.0764 0.7026 -0.7075
vn 0.0013 0.7263 0.6873
vn 0.0009 0.9996 -0.0299
vn 0.0018 0.9996 -0.0295
vn 0.0005 -0.1123 0.9937
vn 0.0006 0.7261 0.6876
vn -0.0000 -0.7833 0.6217
vn 0.0002 -0.1128 0.9936
vn -0.0000 -0.9995 0.0318
vn -0.0000 -0.7839 0.6208
vn -0.0000 -0.8197 -0.5728
vn -0.0000 -0.9995 0.0309
vn -0.0000 -0.1734 -0.9848
vn -0.0000 -0.8194 -0.5733
vn 0.0005 0.6832 -0.7302
vn -0.0000 -0.1733 -0.9849
vn 0.0010 0.6834 -0.7300
vn 0.0140 0.9994 -0.0302
vn 0.0146 0.6834 -0.7299
vn 0.0162 -0.1734 -0.9847
vn 0.0138 -0.8188 -0.5739
vn 0.0140 -0.9995 0.0300
vn 0.0138 -0.7828 0.6221
vn 0.0162 -0.1138 0.9934
vn 0.0146 0.7262 0.6874
vn 0.6735 0.7388 -0.0218
vn 0.6752 -0.7373 0.0211
vn 0.6772 0.5056 -0.5345
vn 0.6993 -0.5597 0.4447
vn 0.6764 0.5378 0.5033
vn 0.6598 -0.0851 0.7466
vn 0.6990 -0.5858 -0.4103
vn 0.6602 -0.1304 -0.7396
vn 0.0763 0.7237 0.6859
vn 0.0733 0.9969 -0.0301
vn 0.0847 -0.1130 0.9900
vn 0.0728 -0.7803 0.6212
vn 0.0733 -0.9969 0.0303
vn 0.0728 -0.8164 -0.5728
vn 0.0846 -0.1727 -0.9813
vn 0.0763 0.6809 -0.7284
vn -0.0000 0.7020 0.7122
vn -0.0000 1.0000 0.0052
vn -0.0001 1.0000 0.0059
vn -0.0000 -0.1479 0.9890
vn -0.0000 0.7019 0.7122
vn 0.0003 -0.8047 0.5937
vn -0.0000 -0.1485 0.9889
vn -0.0001 -1.0000 -0.0030
vn 0.0002 -0.8043 0.5943
vn -0.0008 -0.7987 -0.6018
vn -0.0000 -1.0000 -0.0038
vn -0.0005 -0.1386 -0.9904
vn -0.0017 -0.7989 -0.6015
vn -0.0000 0.7082 -0.7060
vn -0.0002 -0.1391 -0.9903
vn -0.0000 0.7080 -0.7062
vn 0.0140 0.9999 0.0046
vn 0.0146 0.7084 -0.7057
vn 0.0162 -0.1391 -0.9901
vn 0.0138 -0.7984 -0.6020
vn 0.0140 -0.9999 -0.0048
vn 0.0138 -0.8040 0.5945
vn 0.0162 -0.1484 0.9888
vn 0.0146 0.7018 0.7122
vn 0.6739 0.7388 0.0034
vn 0.6750 -0.7378 -0.0054
vn 0.6772 0.5229 -0.5176
vn 0.6993 -0.5767 0.4224
vn 0.6771 0.5189 0.5218
vn 0.6604 -0.1096 0.7429
vn 0.6990 -0.5729 -0.4281
vn 0.6601 -0.1084 -0.7433
vn 0.0733 0.9973 0.0050
vn 0.0764 0.6993 0.7108
vn 0.0847 -0.1478 0.9854
vn 0.0728 -0.8015 0.5935
vn 0.0733 -0.9973 -0.0047
vn 0.0728 -0.7957 -0.6013
vn 0.0846 -0.1381 -0.9868
vn 0.0764 0.7062 -0.7039
vn 0.0004 0.7050 0.7092
vn -0.0000 1.0000 -0.0001
vn 0.0006 -0.1435 0.9897
vn 0.0002 0.7051 0.7091
vn 0.0013 -0.1437 0.9896
vn 0.0002 -0.8017 0.5978
vn -0.0002 -1.0000 0.0006
vn 0.0004 -0.8021 0.5972
vn -0.0001 -1.0000 0.0002
vn -0.0000 -0.1436 -0.9896
vn -0.0000 -0.8014 -0.5981
vn -0.0000 0.7054 -0.7088
vn -0.0000 -0.1433 -0.9897
vn -0.0000 0.7057 -0.7085
vn 0.0162 -0.1434 -0.9895
vn 0.0138 -0.8010 -0.5985
vn 0.0138 -0.8010 0.5985
vn 0.0162 -0.1434 0.9895
vn 0.0146 0.7052 0.7089
vn 0.6733 0.7393 -0.0001
vn 0.6752 -0.7376 -0.0001
vn 0.6775 0.5221 -0.5181
vn 0.6991 -0.5731 0.4276
vn 0.6775 0.5220 0.5182
vn 0.6597 -0.1064 0.7440
vn 0.6990 -0.5730 -0.4278
vn 0.6598 -0.1061 -0.7439
vn 0.0763 0.7026 0.7075
vn 0.0733 0.9973 -0.0000
vn 0.0728 -0.7988 0.5972
vn 0.0728 -0.7988 -0.5971
vn 0.0847 -0.1433 -0.9860
vn 0.0034 1.0000 -0.0016
vn 0.9808 -0.0039 -0.1951
vn 0.9816 -0.0037 -0.1909
vn -0.9816 0.0038 0.1910
vn 0.0018 1.0000 -0.0012
vn -0.0054 -1.0000 0.0019
vn -0.0036 -1.0000 0.0017
vn 0.0153 0.9999 -0.0035
vn -0.9848 0.0041 0.1736
vn -0.9808 0.0038 0.1951
vn 0.0078 -1.0000 -0.0002
vn 0.0556 0.9985 -0.0016
vn 0.9849 -0.0039 -0.1732
vn -0.9994 0.0035 0.0335
vn 0.0487 -0.9988 0.0015
vn 0.1277 0.9905 0.0516
vn 0.9996 -0.0035 -0.0290
vn -0.9232 0.0027 -0.3843
vn 0.1206 -0.9912 0.0547
vn 0.5577 -0.0006 0.8300
vn 0.9223 -0.0026 0.3864
vn 0.0738 0.9922 0.1003
vn 0.0666 -0.9924 0.1035
vn 0.1419 0.0011 0.9899
vn -0.5541 0.0005 -0.8325
vn 0.0137 0.9974 0.0707
vn 0.0066 -0.9972 0.0738
vn -0.0403 0.9915 0.1238
vn 0.3189 -0.0027 -0.9478
vn -0.1427 -0.0009 -0.9898
vn -0.0475 -0.9908 0.1269
vn -0.7928 0.0039 0.6094
vn -0.3220 0.0026 0.9467
vn -0.0976 0.9922 0.0776
vn -0.1046 -0.9912 0.0808
vn -0.9652 0.0037 0.2616
vn 0.7945 -0.0037 -0.6073
vn -0.0383 0.9992 0.0109
vn -0.0452 -0.9989 0.0140
vn -0.9877 0.0038 0.1563
vn 0.9660 -0.0038 -0.2585
vn -0.0003 1.0000 -0.0009
vn -0.0077 -1.0000 0.0024
vn -0.9885 0.0037 0.1512
vn 0.9877 -0.0040 -0.1561
vn 0.0053 1.0000 -0.0018
vn -0.0019 -1.0000 0.0013
vn -0.0154 0.9999 0.0003
vn 0.9935 -0.0035 -0.1139
vn 0.9885 -0.0038 -0.1512
vn -0.0223 -0.9997 0.0034
vn -0.0712 0.9974 -0.0106
vn -0.9936 0.0037 0.1131
vn 0.9954 -0.0033 0.0956
vn -0.0784 -0.9969 -0.0074
vn -0.1172 0.9894 -0.0857
vn -0.9949 0.0035 -0.1003
vn 0.8217 -0.0022 0.5699
vn -0.1244 -0.9888 -0.0826
vn -0.3777 -0.0001 -0.9259
vn -0.8216 0.0020 -0.5701
vn -0.0370 0.9943 -0.0999
vn -0.0443 -0.9943 -0.0967
vn 0.0240 0.9913 -0.1298
vn -0.1462 0.0021 0.9893
vn 0.3759 0.0002 0.9266
vn 0.0168 -0.9918 -0.1268
vn 0.1034 0.9890 -0.1058
vn 0.1494 -0.0020 -0.9888
vn -0.6971 0.0038 0.7170
vn 0.0962 -0.9901 -0.1027
vn 0.9384 -0.0042 -0.3455
vn 0.6959 -0.0036 -0.7181
vn 0.0527 0.9984 -0.0211
vn 0.0452 -0.9988 -0.0178
vn 0.9789 -0.0039 -0.2045
vn -0.9397 0.0038 0.3419
vn 0.0154 0.9999 -0.0041
vn 0.0082 -1.0000 -0.0010
vn 0.9838 -0.0040 -0.1791
vn -0.9789 0.0038 0.2043
vn 0.0033 1.0000 -0.0015
vn -0.0041 -1.0000 0.0017
vn 0.0079 1.0000 -0.0023
vn -0.9853 0.0039 0.1707
vn -0.9838 0.0039 0.1792
vn 0.0008 -1.0000 0.0008
vn 0.0373 0.9993 -0.0039
vn 0.9853 -0.0036 -0.1706
vn -0.9962 0.0038 0.0871
vn 0.0299 -0.9996 -0.0006
vn 0.1110 0.9935 0.0265
vn 0.9963 -0.0038 -0.0854
vn -0.9718 0.0032 -0.2359
vn 0.1037 -0.9942 0.0296
vn 0.1046 0.9886 0.1080
vn 0.9707 -0.0032 0.2402
vn -0.6731 0.0013 -0.7396
vn 0.0974 -0.9890 0.1110
vn 0.2169 0.0008 0.9762
vn 0.6744 -0.0013 0.7384
vn 0.0216 0.9969 0.0756
vn 0.0145 -0.9968 0.0789
vn -0.0220 0.9939 0.1084
vn 0.2138 -0.0023 -0.9769
vn -0.2136 -0.0009 -0.9769
vn -0.0292 -0.9933 0.1114
vn -0.0932 0.9910 0.0963
vn -0.2172 0.0023 0.9761
vn 0.7073 -0.0037 -0.7069
vn -0.1004 -0.9900 0.0995
vn -0.9416 0.0040 0.3367
vn -0.7065 0.0036 0.7077
vn -0.0502 0.9986 0.0189
vn -0.0574 -0.9981 0.0222
vn -0.9820 0.0038 0.1890
vn 0.9428 -0.0039 -0.3333
vn -0.0062 1.0000 0.0005
vn -0.0135 -0.9999 0.0036
vn -0.9870 0.0039 0.1606
vn 0.9820 -0.0040 -0.1886
vn 0.0011 1.0000 -0.0012
vn -0.0062 -1.0000 0.0020
vn -0.0838 0.8159 -0.5720
vn -0.9879 0.0039 0.1550
vn 0.0038 1.0000 -0.0016
vn 0.7217 -0.0036 -0.6922
vn 0.9879 -0.0038 -0.1550
vn -0.0038 -1.0000 0.0015
vn -0.0902 -0.8171 -0.5693
vn -0.8932 0.0024 -0.4496
vn 0.9870 -0.0038 -0.1606
vn -0.1065 0.8159 -0.5683
vn -0.1125 -0.8170 -0.5655
vn -0.9111 0.0028 -0.4123
vn 0.6926 -0.0037 -0.7213
vn 0.4028 0.9142 0.0458
vn -0.1529 -0.0567 0.9866
vn -0.1507 0.0171 0.9884
vn 0.0846 -0.0540 -0.9949
vn 0.1512 -0.0168 -0.9884
vn -0.5275 -0.8460 -0.0781
vn -0.4020 -0.9145 -0.0458
vn 0.5322 0.8454 0.0445
vn -0.1015 -0.0224 0.9946
vn 0.0909 0.0102 -0.9958
vn -0.6604 -0.7475 -0.0716
vn 0.6632 0.7381 0.1238
vn 0.6597 0.7472 0.0810
vn 0.1790 -0.0593 -0.9821
vn -0.6825 -0.7302 -0.0327
vn 0.6122 0.7643 0.2025
vn -0.1826 0.0622 0.9812
vn 0.4525 -0.3487 -0.8207
vn -0.7461 -0.6652 0.0286
vn 0.5955 0.7861 0.1658
vn -0.4673 0.3373 0.8172
vn 0.6877 -0.6539 -0.3156
vn -0.7019 0.6379 0.3169
vn -0.6762 0.7142 -0.1806
vn 0.6444 0.7522 0.1374
vn -0.7532 -0.6366 -0.1657
vn -0.7930 -0.6049 -0.0727
vn 0.6221 0.7774 0.0927
vn 0.4798 -0.6355 0.6050
vn 0.6693 -0.7206 0.1810
vn -0.7475 -0.6146 -0.2519
vn -0.1392 0.3662 -0.9200
vn -0.4884 0.6251 -0.6089
vn 0.6414 0.7611 0.0967
vn -0.6724 -0.6775 -0.2982
vn 0.1162 0.1538 -0.9812
vn 0.1174 -0.3855 0.9152
vn 0.5988 0.7813 0.1761
vn -0.5896 -0.7672 -0.2524
vn 0.1940 0.0828 -0.9775
vn -0.1472 -0.1914 0.9704
vn 0.4783 0.8548 0.2014
vn -0.4762 -0.8535 -0.2119
vn 0.2099 0.0711 -0.9751
vn -0.2316 -0.1497 0.9612
vn 0.3152 0.9319 0.1797
vn -0.3151 -0.9319 -0.1796
vn 0.1656 0.9783 0.1246
vn -0.2706 -0.1307 0.9538
vn -0.2367 -0.1506 0.9598
vn -0.1544 -0.9744 -0.1632
vn 0.0909 0.9952 0.0353
vn 0.2610 0.0685 -0.9629
vn -0.4641 -0.0906 0.8811
vn -0.0172 -0.9856 -0.1684
vn 0.1243 0.9919 -0.0273
vn 0.4660 0.0493 -0.8834
vn -0.8370 -0.0483 0.5450
vn 0.1218 -0.9836 -0.1327
vn 1.0000 0.0085 -0.0022
vn 0.8372 0.0204 -0.5465
vn 0.0936 0.9955 0.0134
vn 0.1190 -0.9928 -0.0148
vn 0.1027 0.9926 0.0648
vn -0.8618 -0.0116 -0.5071
vn -0.9998 -0.0201 0.0003
vn 0.1196 -0.9904 0.0691
vn 0.0559 0.9906 0.1244
vn 0.8603 0.0069 0.5097
vn -0.4028 -0.0097 -0.9152
vn 0.0624 -0.9884 0.1387
vn -0.0322 0.0077 0.9995
vn 0.4044 0.0072 0.9146
vn -0.0001 0.9990 0.0446
vn -0.0006 -0.9981 0.0609
vn -0.1780 0.0081 0.9840
vn 0.0359 -0.0087 -0.9993
vn -0.0006 1.0000 0.0039
vn -0.0035 -0.9998 0.0201
vn -0.2033 0.0081 0.9791
vn 0.1783 -0.0083 -0.9839
vn 0.0018 1.0000 -0.0085
vn -0.0015 -1.0000 0.0074
vn 0.0007 1.0000 -0.0035
vn 0.2118 -0.0082 -0.9773
vn 0.2034 -0.0081 -0.9791
vn -0.0027 -0.9999 0.0124
vn -0.0081 0.9997 0.0242
vn -0.2118 0.0081 0.9773
vn 0.2933 -0.0084 -0.9560
vn -0.0130 -0.9991 0.0397
vn -0.0617 0.9947 0.0826
vn -0.2950 0.0079 0.9555
vn 0.5835 -0.0092 -0.8121
vn -0.0709 -0.9929 0.0953
vn -0.1321 0.9900 0.0497
vn -0.5871 0.0073 0.8095
vn 0.9381 -0.0099 -0.3461
vn -0.1469 -0.9876 0.0551
vn -0.9862 0.0076 -0.1655
vn -0.9376 0.0073 0.3476
vn -0.0705 0.9975 -0.0109
vn -0.0864 -0.9962 -0.0136
vn -0.0859 0.9945 -0.0598
vn 0.8252 -0.0097 0.5647
vn 0.9856 -0.0086 0.1689
vn -0.0989 -0.9926 -0.0700
vn -0.0614 0.9922 -0.1086
vn -0.8234 0.0074 -0.5674
vn 0.3971 -0.0201 0.9176
vn -0.0470 -0.9894 -0.1377
vn 0.0108 0.0120 -0.9999
vn -0.3981 0.0066 -0.9173
vn -0.0517 0.9983 -0.0267
vn 0.0504 -0.9960 -0.0739
vn 0.1173 0.0094 -0.9931
vn -0.0127 -0.0409 0.9991
vn -0.1398 0.9899 0.0237
vn 0.1387 -0.9902 -0.0149
vn 0.0832 0.0022 -0.9965
vn -0.1104 -0.0605 0.9921
vn -0.2522 0.9674 0.0208
vn 0.2502 -0.9682 0.0046
vn 0.2852 0.9579 0.0323
vn 0.0498 0.0200 -0.9986
vn -0.3063 0.9519 0.0031
vn -0.0500 -0.0198 0.9986
vn 0.3064 -0.9519 -0.0035
vn 0.5071 0.1657 0.8458
vn 0.5868 0.1981 -0.7851
vn 0.8074 -0.5893 0.0281
vn 0.3921 -0.1741 0.9033
vn 0.6724 -0.2138 -0.7087
vn 0.7908 0.6006 0.1179
vn 0.2970 -0.9522 0.0714
vn -0.0703 -0.0523 0.9962
vn -0.0333 0.9994 0.0137
vn 0.2895 0.0229 -0.9569
vn 0.2932 0.0229 -0.9558
vn -0.2934 -0.0228 0.9557
vn -0.0337 0.9993 0.0156
vn 0.0327 -0.9994 -0.0121
vn 0.0333 -0.9993 -0.0137
vn -0.0295 0.9996 0.0027
vn -0.3103 -0.0233 0.9504
vn -0.2895 -0.0228 0.9569
vn 0.0371 -0.9990 -0.0248
vn -0.0086 0.9994 -0.0323
vn 0.3107 0.0235 -0.9502
vn -0.4407 -0.0272 0.8973
vn 0.0578 -0.9965 -0.0599
vn 0.0722 0.9949 -0.0707
vn 0.4448 0.0271 -0.8952
vn -0.7733 -0.0344 0.6331
vn 0.1380 -0.9856 -0.0979
vn 0.9943 0.0344 -0.1008
vn 0.7747 0.0343 -0.6314
vn 0.0897 0.9960 -0.0002
vn 0.1558 -0.9874 -0.0275
vn 0.9396 0.0267 0.3413
vn -0.9947 -0.0344 0.0964
vn 0.0350 0.9986 0.0387
vn 0.1016 -0.9948 0.0114
vn 0.0568 0.9922 0.1114
vn -0.6856 -0.0129 -0.7279
vn -0.9398 -0.0266 -0.3406
vn 0.1230 -0.9888 0.0842
vn 0.1643 -0.0080 0.9864
vn 0.6834 0.0127 0.7299
vn -0.0107 0.9901 0.1400
vn 0.0553 -0.9921 0.1128
vn -0.2236 -0.0208 0.9745
vn -0.1614 0.0082 -0.9869
vn -0.0419 0.9975 0.0562
vn 0.0246 -0.9993 0.0288
vn -0.3269 -0.0239 0.9447
vn 0.2266 0.0208 -0.9738
vn -0.0345 0.9992 0.0177
vn 0.0320 -0.9994 -0.0100
vn -0.3318 -0.0241 0.9430
vn 0.3271 0.0240 -0.9447
vn -0.0327 0.9994 0.0121
vn 0.0339 -0.9993 -0.0154
vn -0.0405 0.9987 0.0313
vn 0.3671 0.0252 -0.9299
vn 0.3319 0.0239 -0.9430
vn 0.0260 -0.9997 0.0037
vn -0.0765 0.9942 0.0757
vn -0.3678 -0.0250 0.9296
vn 0.5527 0.0299 -0.8328
vn -0.0101 -0.9988 0.0482
vn -0.1639 0.9832 0.0805
vn -0.5566 -0.0300 0.8302
vn 0.8892 0.0357 -0.4561
vn -0.0982 -0.9937 0.0534
vn -0.9942 -0.0314 -0.1032
vn -0.8893 -0.0359 0.4559
vn -0.1388 0.9903 0.0032
vn -0.0731 -0.9970 -0.0243
vn -0.1366 0.9885 -0.0649
vn 0.8035 0.0186 0.5950
vn 0.9940 0.0317 0.1051
vn -0.0705 -0.9933 -0.0921
vn -0.0779 0.9893 -0.1234
vn -0.8016 -0.0185 -0.5976
vn 0.3042 -0.0030 0.9526
vn -0.0120 -0.9885 -0.1507
vn 0.1370 0.0182 -0.9904
vn -0.3058 0.0029 -0.9521
vn -0.0273 0.9989 -0.0386
vn 0.0392 -0.9970 -0.0662
vn 0.2803 0.0225 -0.9596
vn -0.1407 -0.0184 0.9899
vn -0.0299 0.9995 0.0020
vn 0.0366 -0.9990 -0.0255
vn 0.3050 0.0233 -0.9521
vn -0.2805 -0.0226 0.9596
vn -0.0334 0.9993 0.0143
vn 0.0331 -0.9994 -0.0133
vn -0.0318 0.9994 0.0095
vn -0.3131 -0.0236 0.9494
vn -0.3050 -0.0232 0.9521
vn 0.0348 -0.9992 -0.0182
vn -0.0195 0.9997 -0.0169
vn 0.3132 0.0236 -0.9494
vn -0.3920 -0.0257 0.9196
vn 0.0471 -0.9979 -0.0444
vn 0.0421 0.9968 -0.0677
vn 0.3935 0.0257 -0.9190
vn -0.6653 -0.0324 0.7459
vn 0.1083 -0.9896 -0.0952
vn 0.1112 0.9935 -0.0238
vn 0.6686 0.0326 -0.7429
vn -0.9688 -0.0355 0.2452
vn 0.1768 -0.9829 -0.0511
vn 0.9628 0.0281 0.2687
vn 0.9684 0.0356 -0.2468
vn 0.0436 0.9985 0.0342
vn 0.1096 -0.9940 0.0067
vn 0.0519 0.9948 0.0881
vn -0.7608 -0.0163 -0.6488
vn -0.9619 -0.0283 -0.2719
vn 0.1181 -0.9912 0.0607
vn 0.0077 0.9894 0.1451
vn 0.7585 0.0163 0.6515
vn -0.2905 0.0034 -0.9569
vn 0.0736 -0.9903 0.1179
vn -0.1462 -0.0185 0.9891
vn 0.2915 -0.0035 0.9566
vn -0.0404 0.9967 0.0708
vn 0.0260 -0.9987 0.0433
vn -0.2954 -0.0231 0.9551
vn 0.1497 0.0186 -0.9886
vn -0.0362 0.9991 0.0236
vn 0.0304 -0.9995 -0.0040
vn -0.3228 -0.0239 0.9462
vn 0.2958 0.0230 -0.9550
vn -0.0341 0.9993 0.0161
vn 0.0325 -0.9994 -0.0114
vn -0.5713 0.8005 -0.1810
vn -0.3285 -0.0239 0.9442
vn -0.0333 0.9993 0.0139
vn -0.2708 0.0042 -0.9626
vn 0.3281 0.0238 -0.9444
vn 0.0333 -0.9994 -0.0137
vn -0.5170 -0.8314 -0.2036
vn -0.3105 0.0026 -0.9506
vn -0.5240 -0.8322 -0.1814
vn -0.7922 -0.0347 0.6093
vn -0.5782 0.8002 -0.1591
vn 0.3229 0.0238 -0.9461
vn -0.8172 -0.0353 0.5753
vn -0.1188 0.8097 0.5747
vn -0.3012 0.1601 0.9400
vn -0.3013 0.1607 0.9399
vn 0.1746 0.9501 -0.2584
vn -0.1182 0.8098 0.5746
vn 0.3222 0.4595 -0.8277
vn 0.1750 0.9500 -0.2585
vn 0.3011 -0.1600 -0.9401
vn 0.3233 0.4591 -0.8275
vn 0.1615 -0.7155 -0.6797
vn 0.3011 -0.1598 -0.9401
vn -0.0879 -0.9961 -0.0113
vn 0.1614 -0.7162 -0.6790
vn -0.3079 -0.5833 0.7517
vn -0.0881 -0.9960 -0.0118
vn -0.3090 -0.5821 0.7521
vn -0.3143 0.1611 0.9356
vn -0.3208 -0.5830 0.7464
vn -0.1043 -0.9944 -0.0169
vn 0.1482 -0.7154 -0.6828
vn 0.2879 -0.1589 -0.9444
vn 0.3080 0.4613 -0.8320
vn 0.1600 0.9513 -0.2634
vn -0.1314 0.8111 0.5699
vn -0.8595 0.1769 0.4796
vn -0.4150 -0.0581 -0.9080
vn -0.8648 -0.3705 0.3389
vn -0.4310 0.3887 -0.8144
vn -0.7251 0.6564 0.2082
vn -0.4891 0.7738 -0.4025
vn -0.5438 -0.4493 -0.7088
vn -0.6898 -0.6906 -0.2174
vn -0.3694 0.1662 0.9143
vn -0.1892 0.8147 0.5482
vn 0.0948 0.9540 -0.2843
vn 0.2514 0.4660 -0.8483
vn 0.2311 -0.1530 -0.9608
vn 0.0919 -0.7086 -0.6996
vn -0.1685 -0.9849 -0.0386
vn -0.3781 -0.5762 0.7246
vn -0.6996 0.0756 0.7105
vn -0.4451 -0.6435 0.6227
vn -0.4447 -0.6438 0.6226
vn -0.4734 0.8318 0.2898
vn -0.6992 0.0759 0.7109
vn 0.0326 0.9624 -0.2697
vn -0.4730 0.8320 0.2899
vn 0.4453 0.6442 -0.6218
vn 0.0325 0.9623 -0.2699
vn 0.6807 0.0688 -0.7293
vn 0.4455 0.6436 -0.6224
vn 0.6015 -0.6470 -0.4686
vn 0.6811 0.0684 -0.7289
vn 0.0701 -0.9834 0.1674
vn 0.6011 -0.6471 -0.4688
vn 0.0695 -0.9834 0.1678
vn -0.4553 -0.6455 0.6132
vn 0.0601 -0.9858 0.1570
vn 0.5891 -0.6497 -0.4804
vn 0.6715 0.0660 -0.7380
vn 0.4354 0.6409 -0.6322
vn 0.0224 0.9601 -0.2786
vn -0.4843 0.8291 0.2794
vn -0.7090 0.0738 0.7014
vn -0.8087 -0.5882 0.0005
vn -0.1535 0.3650 -0.9183
vn -0.4328 -0.8359 -0.3377
vn -0.4741 0.5706 -0.6706
vn -0.9963 -0.0607 0.0613
vn -0.8259 0.5126 -0.2349
vn -0.0108 -0.0608 -0.9981
vn -0.0187 -0.5907 -0.8067
vn -0.7511 0.0638 0.6571
vn -0.4963 -0.6538 0.5711
vn -0.5315 0.8148 0.2317
vn -0.0202 0.9480 -0.3177
vn 0.3921 0.6293 -0.6711
vn 0.6279 0.0551 -0.7764
vn 0.5383 -0.6590 -0.5253
vn 0.0165 -0.9933 0.1141
vn -0.6812 0.7107 -0.1755
vn -0.9635 0.0025 -0.2676
vn -0.9634 0.0028 -0.2681
vn 0.1335 0.9893 0.0581
vn -0.6814 0.7107 -0.1748
vn 0.7704 0.5964 0.2256
vn 0.1345 0.9892 0.0583
vn 0.9631 -0.0021 0.2690
vn 0.7707 0.5961 0.2250
vn 0.7748 -0.5991 0.2019
vn 0.9634 -0.0021 0.2682
vn 0.1421 -0.9897 0.0185
vn 0.7755 -0.5983 0.2016
vn -0.6778 -0.7068 -0.2026
vn 0.1424 -0.9896 0.0187
vn -0.6775 -0.7070 -0.2026
vn -0.9598 0.0023 -0.2805
vn -0.6731 -0.7071 -0.2165
vn 0.1464 -0.9892 0.0030
vn 0.7778 -0.5996 0.1886
vn 0.9673 -0.0020 0.2536
vn 0.7736 0.5969 0.2126
vn 0.1392 0.9894 0.0425
vn -0.6781 0.7105 -0.1882
vn -0.5304 0.0152 -0.8476
vn 0.8917 0.0085 -0.4525
vn -0.3185 -0.5053 -0.8020
vn 0.7401 0.4380 -0.5104
vn -0.3225 0.5344 -0.7813
vn 0.2783 0.7557 -0.5928
vn 0.7406 -0.4146 -0.5288
vn 0.2827 -0.7292 -0.6232
vn -0.6592 0.7102 -0.2471
vn -0.9415 0.0034 -0.3370
vn 0.1568 0.9873 -0.0237
vn 0.7869 0.5973 0.1551
vn 0.9807 -0.0004 0.1958
vn 0.7911 -0.5974 0.1312
vn 0.1637 -0.9845 -0.0632
vn -0.6543 -0.7043 -0.2755
vt 0.000000 0.000000
s 1
f 8/1/1 16/1/2 1/1/3
f 7/1/4 9/1/5 8/1/1
f 7/1/4 11/1/6 10/1/7
f 5/1/8 11/1/6 6/1/9
f 4/1/10 12/1/11 5/1/8
f 3/1/12 13/1/13 4/1/10
f 2/1/14 14/1/15 3/1/12
f 2/1/14 16/1/2 15/1/16
f 15/1/16 17/1/17 18/1/18
f 15/1/16 19/1/19 14/1/15
f 14/1/15 20/1/20 13/1/13
f 13/1/13 21/1/21 12/1/11
f 12/1/11 22/1/22 11/1/6
f 10/1/7 22/1/22 23/1/23
f 10/1/7 24/1/24 9/1/5
f 9/1/5 17/1/17 16/1/2
f 32/1/25 28/1/26 31/1/27
f 27/1/28 25/1/29 26/1/30
f 31/1/27 29/1/31 30/1/32
f 33/1/33 17/1/17 24/1/24
f 25/1/29 34/1/34 33/1/33
f 35/1/35 24/1/24 23/1/23
f 26/1/30 33/1/33 35/1/35
f 22/1/22 35/1/35 23/1/23
f 36/1/36 26/1/30 35/1/35
f 37/1/37 22/1/22 21/1/21
f 37/1/37 27/1/28 36/1/36
f 20/1/20 37/1/37 21/1/21
f 29/1/31 37/1/37 38/1/38
f 39/1/39 20/1/20 19/1/19
f 30/1/32 38/1/38 39/1/39
f 18/1/18 39/1/39 19/1/19
f 40/1/40 30/1/32 39/1/39
f 17/1/17 40/1/40 18/1/18
f 34/1/34 31/1/27 40/1/40
f 41/1/41 49/1/42 56/1/43
f 47/1/44 49/1/42 48/1/45
f 47/1/44 51/1/46 50/1/47
f 45/1/48 51/1/46 46/1/49
f 45/1/48 53/1/50 52/1/51
f 43/1/52 53/1/50 44/1/53
f 42/1/54 54/1/55 43/1/52
f 42/1/54 56/1/43 55/1/56
f 55/1/56 57/1/57 58/1/58
f 55/1/56 59/1/59 54/1/55
f 54/1/55 60/1/60 53/1/50
f 52/1/51 60/1/60 61/1/61
f 51/1/46 61/1/61 62/1/62
f 50/1/47 62/1/62 63/1/63
f 50/1/47 64/1/64 49/1/42
f 49/1/42 57/1/57 56/1/43
f 72/1/65 68/1/66 71/1/67
f 67/1/68 65/1/69 66/1/70
f 71/1/67 69/1/71 70/1/72
f 73/1/73 57/1/57 64/1/64
f 65/1/69 74/1/74 73/1/73
f 75/1/75 64/1/64 63/1/63
f 66/1/70 73/1/73 75/1/75
f 62/1/62 75/1/75 63/1/63
f 76/1/76 66/1/70 75/1/75
f 77/1/77 62/1/62 61/1/61
f 68/1/66 76/1/76 77/1/77
f 60/1/60 77/1/77 61/1/61
f 78/1/78 68/1/66 77/1/77
f 79/1/79 60/1/60 59/1/59
f 70/1/72 78/1/78 79/1/79
f 58/1/58 79/1/79 59/1/59
f 80/1/80 70/1/72 79/1/79
f 57/1/57 80/1/80 58/1/58
f 74/1/74 71/1/67 80/1/80
f 88/1/81 96/1/82 81/1/83
f 87/1/84 89/1/85 88/1/81
f 87/1/84 91/1/86 90/1/87
f 85/1/88 91/1/86 86/1/89
f 84/1/90 92/1/88 85/1/88
f 83/1/91 93/1/92 84/1/90
f 83/1/91 95/1/93 94/1/94
f 82/1/95 96/1/82 95/1/93
f 95/1/93 97/1/96 98/1/97
f 95/1/93 99/1/98 94/1/94
f 94/1/94 100/1/99 93/1/92
f 93/1/92 101/1/100 92/1/88
f 92/1/88 102/1/101 91/1/86
f 90/1/87 102/1/101 103/1/102
f 90/1/87 104/1/103 89/1/85
f 89/1/85 97/1/96 96/1/82
f 112/1/104 108/1/105 111/1/106
f 107/1/107 105/1/108 106/1/109
f 111/1/106 109/1/110 110/1/111
f 113/1/112 97/1/96 104/1/103
f 105/1/108 114/1/113 113/1/112
f 115/1/114 104/1/103 103/1/102
f 106/1/109 113/1/112 115/1/114
f 102/1/101 115/1/114 103/1/102
f 116/1/115 106/1/109 115/1/114
f 117/1/116 102/1/101 101/1/100
f 117/1/116 107/1/107 116/1/115
f 118/1/117 101/1/100 100/1/99
f 109/1/110 117/1/116 118/1/117
f 119/1/118 100/1/99 99/1/98
f 110/1/111 118/1/117 119/1/118
f 98/1/97 119/1/118 99/1/98
f 120/1/119 110/1/111 119/1/118
f 114/1/113 98/1/97 97/1/96
f 114/1/113 111/1/106 120/1/119
f 128/1/120 136/1/121 121/1/122
f 128/1/120 130/1/123 129/1/124
f 127/1/125 131/1/126 130/1/123
f 125/1/127 131/1/126 126/1/128
f 125/1/127 133/1/129 132/1/130
f 124/1/131 134/1/132 133/1/129
f 123/1/133 135/1/134 134/1/132
f 122/1/135 136/1/121 135/1/134
f 135/1/134 137/1/136 138/1/137
f 134/1/132 138/1/137 139/1/138
f 134/1/132 140/1/139 133/1/129
f 133/1/129 141/1/140 132/1/130
f 131/1/126 141/1/140 142/1/141
f 130/1/123 142/1/141 143/1/142
f 129/1/124 143/1/142 144/1/143
f 129/1/124 137/1/136 136/1/121
f 152/1/144 148/1/145 151/1/146
f 147/1/147 145/1/148 146/1/149
f 151/1/146 149/1/150 150/1/151
f 153/1/152 137/1/136 144/1/143
f 145/1/148 154/1/153 153/1/152
f 155/1/154 144/1/143 143/1/142
f 146/1/149 153/1/152 155/1/154
f 142/1/141 155/1/154 143/1/142
f 156/1/155 146/1/149 155/1/154
f 157/1/156 142/1/141 141/1/140
f 157/1/156 147/1/147 156/1/155
f 140/1/139 157/1/156 141/1/140
f 149/1/150 157/1/156 158/1/157
f 159/1/158 140/1/139 139/1/138
f 150/1/151 158/1/157 159/1/158
f 138/1/137 159/1/158 139/1/138
f 160/1/159 150/1/151 159/1/158
f 137/1/136 160/1/159 138/1/137
f 154/1/153 151/1/146 160/1/159
f 168/1/160 176/1/161 161/1/162
f 167/1/163 169/1/164 168/1/160
f 167/1/163 171/1/165 170/1/166
f 165/1/167 171/1/165 166/1/168
f 164/1/169 172/1/170 165/1/167
f 163/1/171 173/1/172 164/1/169
f 162/1/173 174/1/174 163/1/171
f 162/1/173 176/1/161 175/1/175
f 175/1/175 177/1/176 178/1/177
f 175/1/175 179/1/178 174/1/174
f 174/1/174 180/1/179 173/1/172
f 173/1/172 181/1/180 172/1/170
f 172/1/170 182/1/181 171/1/165
f 170/1/166 182/1/181 183/1/182
f 170/1/166 184/1/183 169/1/164
f 169/1/164 177/1/176 176/1/161
f 192/1/184 188/1/185 191/1/186
f 187/1/187 185/1/188 186/1/189
f 191/1/186 189/1/190 190/1/191
f 193/1/192 177/1/176 184/1/183
f 185/1/188 194/1/193 193/1/192
f 195/1/194 184/1/183 183/1/182
f 186/1/189 193/1/192 195/1/194
f 182/1/181 195/1/194 183/1/182
f 196/1/195 186/1/189 195/1/194
f 181/1/180 196/1/195 182/1/181
f 188/1/185 196/1/195 197/1/196
f 180/1/179 197/1/196 181/1/180
f 189/1/190 197/1/196 198/1/197
f 199/1/198 180/1/179 179/1/178
f 190/1/191 198/1/197 199/1/198
f 178/1/177 199/1/198 179/1/178
f 200/1/199 190/1/191 199/1/198
f 177/1/176 200/1/199 178/1/177
f 194/1/193 191/1/186 200/1/199
f 208/1/200 216/1/201 201/1/202
f 207/1/203 209/1/204 208/1/200
f 207/1/203 211/1/205 210/1/206
f 205/1/207 211/1/205 206/1/208
f 204/1/209 212/1/210 205/1/207
f 203/1/211 213/1/212 204/1/209
f 202/1/213 214/1/214 203/1/211
f 202/1/213 216/1/201 215/1/213
f 215/1/213 217/1/215 218/1/216
f 215/1/213 219/1/217 214/1/214
f 214/1/214 220/1/218 213/1/212
f 213/1/212 221/1/219 212/1/210
f 212/1/210 222/1/220 211/1/205
f 210/1/206 222/1/220 223/1/221
f 210/1/206 224/1/222 209/1/204
f 209/1/204 217/1/215 216/1/201
f 232/1/223 228/1/224 231/1/225
f 227/1/226 225/1/227 226/1/228
f 231/1/225 229/1/229 230/1/230
f 233/1/231 217/1/215 224/1/222
f 225/1/227 234/1/232 233/1/231
f 235/1/233 224/1/222 223/1/221
f 226/1/228 233/1/231 235/1/233
f 222/1/220 235/1/233 223/1/221
f 236/1/234 226/1/228 235/1/233
f 221/1/219 236/1/234 222/1/220
f 228/1/224 236/1/234 237/1/235
f 220/1/218 237/1/235 221/1/219
f 229/1/229 237/1/235 238/1/236
f 239/1/237 220/1/218 219/1/217
f 230/1/230 238/1/236 239/1/237
f 218/1/216 239/1/237 219/1/217
f 240/1/238 230/1/230 239/1/237
f 217/1/215 240/1/238 218/1/216
f 234/1/232 231/1/225 240/1/238
f 248/1/239 256/1/240 241/1/241
f 247/1/242 249/1/243 248/1/239
f 247/1/242 251/1/244 250/1/245
f 245/1/246 251/1/244 246/1/247
f 245/1/246 253/1/248 252/1/249
f 243/1/250 253/1/248 244/1/251
f 243/1/250 255/1/252 254/1/253
f 242/1/254 256/1/240 255/1/252
f 255/1/252 257/1/255 258/1/256
f 255/1/252 259/1/257 254/1/253
f 254/1/253 260/1/258 253/1/248
f 253/1/248 261/1/259 252/1/249
f 252/1/249 262/1/260 251/1/244
f 250/1/245 262/1/260 263/1/261
f 250/1/245 264/1/262 249/1/243
f 249/1/243 257/1/255 256/1/240
f 272/1/263 268/1/264 271/1/265
f 267/1/266 265/1/267 266/1/268
f 271/1/265 269/1/269 270/1/270
f 273/1/271 257/1/255 264/1/262
f 265/1/267 274/1/272 273/1/271
f 275/1/273 264/1/262 263/1/261
f 266/1/268 273/1/271 275/1/273
f 262/1/260 275/1/273 263/1/261
f 276/1/274 266/1/268 275/1/273
f 261/1/259 276/1/274 262/1/260
f 277/1/275 267/1/266 276/1/274
f 260/1/258 277/1/275 261/1/259
f 269/1/269 277/1/275 278/1/276
f 279/1/277 260/1/258 259/1/257
f 270/1/270 278/1/276 279/1/277
f 258/1/256 279/1/277 259/1/257
f 280/1/278 270/1/270 279/1/277
f 257/1/255 280/1/278 258/1/256
f 274/1/272 271/1/265 280/1/278
f 288/1/279 296/1/280 281/1/280
f 287/1/281 289/1/282 288/1/279
f 287/1/281 291/1/283 290/1/284
f 285/1/285 291/1/283 286/1/286
f 284/1/287 292/1/285 285/1/285
f 283/1/288 293/1/289 284/1/287
f 282/1/290 294/1/291 283/1/288
f 282/1/290 296/1/280 295/1/292
f 295/1/292 297/1/293 298/1/294
f 295/1/292 299/1/295 294/1/291
f 294/1/291 300/1/296 293/1/289
f 293/1/289 301/1/297 292/1/285
f 292/1/285 302/1/298 291/1/283
f 290/1/284 302/1/298 303/1/299
f 290/1/284 304/1/300 289/1/282
f 289/1/282 297/1/293 296/1/280
f 312/1/301 308/1/302 311/1/303
f 307/1/304 305/1/305 306/1/306
f 311/1/303 309/1/307 310/1/308
f 313/1/309 297/1/293 304/1/300
f 305/1/305 314/1/310 313/1/309
f 315/1/311 304/1/300 303/1/299
f 306/1/306 313/1/309 315/1/311
f 302/1/298 315/1/311 303/1/299
f 316/1/312 306/1/306 315/1/311
f 301/1/297 316/1/312 302/1/298
f 308/1/302 316/1/312 317/1/313
f 318/1/314 301/1/297 300/1/296
f 309/1/307 317/1/313 318/1/314
f 319/1/315 300/1/296 299/1/295
f 310/1/308 318/1/314 319/1/315
f 298/1/294 319/1/315 299/1/295
f 320/1/316 310/1/308 319/1/315
f 297/1/293 320/1/316 298/1/294
f 314/1/310 311/1/303 320/1/316
f 328/1/317 336/1/318 321/1/319
f 327/1/320 329/1/321 328/1/317
f 327/1/320 331/1/322 330/1/323
f 326/1/324 332/1/325 331/1/322
f 324/1/326 332/1/325 325/1/327
f 324/1/326 334/1/328 333/1/329
f 322/1/330 334/1/328 323/1/331
f 322/1/330 336/1/318 335/1/332
f 335/1/332 337/1/333 338/1/334
f 334/1/328 338/1/334 339/1/335
f 334/1/328 340/1/336 333/1/329
f 333/1/329 341/1/337 332/1/325
f 331/1/322 341/1/337 342/1/338
f 330/1/323 342/1/338 343/1/339
f 330/1/323 344/1/340 329/1/321
f 329/1/321 337/1/333 336/1/318
f 352/1/341 348/1/342 351/1/343
f 347/1/344 345/1/345 346/1/346
f 351/1/343 349/1/347 350/1/348
f 353/1/349 337/1/333 344/1/340
f 345/1/345 354/1/350 353/1/349
f 355/1/351 344/1/340 343/1/339
f 346/1/346 353/1/349 355/1/351
f 342/1/338 355/1/351 343/1/339
f 356/1/352 346/1/346 355/1/351
f 341/1/337 356/1/352 342/1/338
f 357/1/353 347/1/344 356/1/352
f 340/1/336 357/1/353 341/1/337
f 358/1/354 348/1/342 357/1/353
f 359/1/355 340/1/336 339/1/335
f 350/1/348 358/1/354 359/1/355
f 338/1/334 359/1/355 339/1/335
f 360/1/356 350/1/348 359/1/355
f 337/1/333 360/1/356 338/1/334
f 354/1/350 351/1/343 360/1/356
f 368/1/357 376/1/285 361/1/285
f 367/1/358 369/1/359 368/1/357
f 367/1/358 371/1/360 370/1/361
f 365/1/362 371/1/360 366/1/363
f 364/1/364 372/1/362 365/1/362
f 363/1/365 373/1/366 364/1/364
f 362/1/367 374/1/368 363/1/365
f 362/1/367 376/1/285 375/1/369
f 375/1/369 377/1/370 378/1/371
f 375/1/369 379/1/372 374/1/368
f 374/1/368 380/1/373 373/1/366
f 373/1/366 381/1/374 372/1/362
f 372/1/362 382/1/375 371/1/360
f 370/1/361 382/1/375 383/1/376
f 370/1/361 384/1/377 369/1/359
f 369/1/359 377/1/370 376/1/285
f 392/1/378 388/1/379 391/1/380
f 387/1/381 385/1/382 386/1/383
f 391/1/380 389/1/384 390/1/385
f 393/1/386 377/1/370 384/1/377
f 385/1/382 394/1/387 393/1/386
f 395/1/388 384/1/377 383/1/376
f 386/1/383 393/1/386 395/1/388
f 382/1/375 395/1/388 383/1/376
f 396/1/389 386/1/383 395/1/388
f 397/1/390 382/1/375 381/1/374
f 397/1/390 387/1/381 396/1/389
f 398/1/391 381/1/374 380/1/373
f 389/1/384 397/1/390 398/1/391
f 399/1/392 380/1/373 379/1/372
f 390/1/385 398/1/391 399/1/392
f 378/1/371 399/1/392 379/1/372
f 400/1/393 390/1/385 399/1/392
f 377/1/370 400/1/393 378/1/371
f 394/1/387 391/1/380 400/1/393
f 408/1/394 416/1/395 401/1/395
f 407/1/396 409/1/397 408/1/394
f 407/1/396 411/1/398 410/1/399
f 405/1/400 411/1/398 406/1/401
f 405/1/400 413/1/402 412/1/403
f 403/1/404 413/1/402 404/1/405
f 402/1/406 414/1/407 403/1/404
f 402/1/406 416/1/395 415/1/408
f 415/1/408 417/1/409 418/1/410
f 415/1/408 419/1/411 414/1/407
f 414/1/407 420/1/412 413/1/402
f 413/1/402 421/1/413 412/1/403
f 412/1/403 422/1/414 411/1/398
f 410/1/399 422/1/414 423/1/415
f 410/1/399 424/1/416 409/1/397
f 409/1/397 417/1/409 416/1/395
f 432/1/417 428/1/418 431/1/419
f 427/1/420 425/1/421 426/1/422
f 431/1/419 429/1/423 430/1/424
f 424/1/416 434/1/425 417/1/409
f 425/1/421 434/1/425 433/1/426
f 435/1/427 424/1/416 423/1/415
f 426/1/422 433/1/426 435/1/427
f 422/1/414 435/1/427 423/1/415
f 436/1/428 426/1/422 435/1/427
f 421/1/413 436/1/428 422/1/414
f 428/1/418 436/1/428 437/1/429
f 438/1/430 421/1/413 420/1/412
f 438/1/430 428/1/418 437/1/429
f 439/1/431 420/1/412 419/1/411
f 430/1/424 438/1/430 439/1/431
f 418/1/410 439/1/431 419/1/411
f 440/1/432 430/1/424 439/1/431
f 417/1/409 440/1/432 418/1/410
f 434/1/425 431/1/419 440/1/432
f 448/1/433 456/1/434 441/1/435
f 447/1/436 449/1/437 448/1/433
f 446/1/438 450/1/439 447/1/436
f 445/1/440 451/1/441 446/1/438
f 445/1/440 453/1/442 452/1/443
f 443/1/444 453/1/442 444/1/445
f 442/1/446 454/1/447 443/1/444
f 442/1/446 456/1/434 455/1/448
f 455/1/448 457/1/449 458/1/450
f 454/1/447 458/1/450 459/1/451
f 454/1/447 460/1/452 453/1/442
f 453/1/442 461/1/453 452/1/443
f 451/1/441 461/1/453 462/1/454
f 450/1/439 462/1/454 463/1/455
f 450/1/439 464/1/456 449/1/437
f 449/1/437 457/1/449 456/1/434
f 472/1/457 468/1/458 471/1/459
f 467/1/460 465/1/461 466/1/462
f 471/1/459 469/1/463 470/1/464
f 473/1/465 457/1/449 464/1/456
f 465/1/461 474/1/466 473/1/465
f 475/1/467 464/1/456 463/1/455
f 466/1/462 473/1/465 475/1/467
f 462/1/454 475/1/467 463/1/455
f 476/1/468 466/1/462 475/1/467
f 477/1/469 462/1/454 461/1/453
f 468/1/458 476/1/468 477/1/469
f 478/1/470 461/1/453 460/1/452
f 478/1/470 468/1/458 477/1/469
f 479/1/471 460/1/452 459/1/451
f 470/1/464 478/1/470 479/1/471
f 458/1/450 479/1/471 459/1/451
f 480/1/472 470/1/464 479/1/471
f 457/1/449 480/1/472 458/1/450
f 474/1/466 471/1/459 480/1/472
f 488/1/473 496/1/474 481/1/475
f 487/1/476 489/1/477 488/1/473
f 487/1/476 491/1/478 490/1/479
f 485/1/480 491/1/478 486/1/481
f 484/1/482 492/1/483 485/1/480
f 483/1/484 493/1/485 484/1/482
f 483/1/484 495/1/486 494/1/487
f 482/1/488 496/1/474 495/1/486
f 495/1/486 497/1/489 498/1/490
f 495/1/486 499/1/491 494/1/487
f 494/1/487 500/1/492 493/1/485
f 492/1/483 500/1/492 501/1/493
f 492/1/483 502/1/494 491/1/478
f 490/1/479 502/1/494 503/1/495
f 489/1/477 503/1/495 504/1/496
f 489/1/477 497/1/489 496/1/474
f 512/1/497 508/1/498 511/1/499
f 507/1/500 505/1/501 506/1/502
f 511/1/499 509/1/503 510/1/504
f 513/1/505 497/1/489 504/1/496
f 505/1/501 514/1/506 513/1/505
f 515/1/507 504/1/496 503/1/495
f 506/1/502 513/1/505 515/1/507
f 502/1/494 515/1/507 503/1/495
f 516/1/508 506/1/502 515/1/507
f 501/1/493 516/1/508 502/1/494
f 517/1/509 507/1/500 516/1/508
f 518/1/510 501/1/493 500/1/492
f 509/1/503 517/1/509 518/1/510
f 519/1/511 500/1/492 499/1/491
f 510/1/504 518/1/510 519/1/511
f 498/1/490 519/1/511 499/1/491
f 520/1/512 510/1/504 519/1/511
f 497/1/489 520/1/512 498/1/490
f 514/1/506 511/1/499 520/1/512
f 528/1/513 536/1/514 521/1/515
f 527/1/516 529/1/517 528/1/513
f 527/1/516 531/1/518 530/1/519
f 525/1/520 531/1/518 526/1/521
f 525/1/520 533/1/522 532/1/523
f 524/1/524 534/1/525 533/1/522
f 523/1/526 535/1/527 534/1/525
f 522/1/528 536/1/514 535/1/527
f 535/1/527 537/1/529 538/1/530
f 535/1/527 539/1/531 534/1/525
f 534/1/525 540/1/532 533/1/522
f 533/1/522 541/1/533 532/1/523
f 532/1/523 542/1/534 531/1/518
f 530/1/519 542/1/534 543/1/535
f 530/1/519 544/1/536 529/1/517
f 529/1/517 537/1/529 536/1/514
f 552/1/537 548/1/538 551/1/539
f 547/1/540 545/1/541 546/1/542
f 551/1/539 549/1/543 550/1/544
f 553/1/545 537/1/529 544/1/536
f 545/1/541 554/1/546 553/1/545
f 555/1/547 544/1/536 543/1/535
f 546/1/542 553/1/545 555/1/547
f 542/1/534 555/1/547 543/1/535
f 556/1/548 546/1/542 555/1/547
f 541/1/533 556/1/548 542/1/534
f 548/1/538 556/1/548 557/1/549
f 558/1/550 541/1/533 540/1/532
f 558/1/550 548/1/538 557/1/549
f 559/1/551 540/1/532 539/1/531
f 550/1/544 558/1/550 559/1/551
f 538/1/530 559/1/551 539/1/531
f 560/1/552 550/1/544 559/1/551
f 537/1/529 560/1/552 538/1/530
f 554/1/546 551/1/539 560/1/552
f 568/1/553 576/1/285 561/1/554
f 568/1/553 570/1/555 569/1/556
f 567/1/557 571/1/558 570/1/555
f 565/1/559 571/1/558 566/1/560
f 564/1/561 572/1/562 565/1/559
f 563/1/563 573/1/561 564/1/561
f 562/1/564 574/1/565 563/1/563
f 562/1/564 576/1/285 575/1/566
f 575/1/566 577/1/370 578/1/567
f 575/1/566 579/1/568 574/1/565
f 574/1/565 580/1/569 573/1/561
f 573/1/561 581/1/570 572/1/562
f 572/1/562 582/1/375 571/1/558
f 570/1/555 582/1/375 583/1/571
f 570/1/555 584/1/572 569/1/556
f 569/1/556 577/1/370 576/1/285
f 592/1/573 588/1/574 591/1/380
f 587/1/575 585/1/576 586/1/577
f 591/1/380 589/1/578 590/1/385
f 593/1/579 577/1/370 584/1/572
f 585/1/576 594/1/580 593/1/579
f 595/1/581 584/1/572 583/1/571
f 586/1/577 593/1/579 595/1/581
f 582/1/375 595/1/581 583/1/571
f 596/1/582 586/1/577 595/1/581
f 581/1/570 596/1/582 582/1/375
f 588/1/574 596/1/582 597/1/583
f 598/1/584 581/1/570 580/1/569
f 598/1/584 588/1/574 597/1/583
f 599/1/585 580/1/569 579/1/568
f 590/1/385 598/1/584 599/1/585
f 578/1/567 599/1/585 579/1/568
f 600/1/586 590/1/385 599/1/585
f 577/1/370 600/1/586 578/1/567
f 594/1/580 591/1/380 600/1/586
f 608/1/587 616/1/588 601/1/589
f 607/1/590 609/1/591 608/1/587
f 607/1/590 611/1/592 610/1/593
f 605/1/594 611/1/592 606/1/595
f 604/1/596 612/1/597 605/1/594
f 603/1/598 613/1/599 604/1/596
f 603/1/598 615/1/600 614/1/601
f 602/1/602 616/1/588 615/1/600
f 615/1/600 617/1/603 618/1/604
f 615/1/600 619/1/605 614/1/601
f 614/1/601 620/1/606 613/1/599
f 613/1/599 621/1/607 612/1/597
f 612/1/597 622/1/608 611/1/592
f 610/1/593 622/1/608 623/1/609
f 610/1/593 624/1/610 609/1/591
f 609/1/591 617/1/603 616/1/588
f 632/1/611 628/1/612 631/1/613
f 627/1/614 625/1/615 626/1/616
f 631/1/613 629/1/617 630/1/618
f 633/1/619 617/1/603 624/1/610
f 625/1/615 634/1/620 633/1/619
f 635/1/621 624/1/610 623/1/609
f 626/1/616 633/1/619 635/1/621
f 622/1/608 635/1/621 623/1/609
f 636/1/622 626/1/616 635/1/621
f 621/1/607 636/1/622 622/1/608
f 628/1/612 636/1/622 637/1/623
f 620/1/606 637/1/623 621/1/607
f 638/1/624 628/1/612 637/1/623
f 639/1/625 620/1/606 619/1/605
f 630/1/618 638/1/624 639/1/625
f 618/1/604 639/1/625 619/1/605
f 640/1/626 630/1/618 639/1/625
f 634/1/620 618/1/604 617/1/603
f 634/1/620 631/1/613 640/1/626
f 648/1/627 656/1/628 641/1/629
f 647/1/630 649/1/631 648/1/627
f 646/1/632 650/1/633 647/1/630
f 645/1/634 651/1/635 646/1/632
f 645/1/634 653/1/636 652/1/637
f 643/1/638 653/1/636 644/1/639
f 643/1/638 655/1/640 654/1/641
f 642/1/642 656/1/628 655/1/640
f 655/1/640 657/1/643 658/1/644
f 655/1/640 659/1/645 654/1/641
f 654/1/641 660/1/646 653/1/636
f 653/1/636 661/1/647 652/1/637
f 652/1/637 662/1/648 651/1/635
f 650/1/633 662/1/648 663/1/649
f 650/1/633 664/1/650 649/1/631
f 649/1/631 657/1/643 656/1/628
f 672/1/651 668/1/652 671/1/653
f 667/1/654 665/1/655 666/1/656
f 671/1/653 669/1/657 670/1/658
f 664/1/650 674/1/659 657/1/643
f 665/1/655 674/1/659 673/1/660
f 675/1/661 664/1/650 663/1/649
f 666/1/656 673/1/660 675/1/661
f 662/1/648 675/1/661 663/1/649
f 676/1/662 666/1/656 675/1/661
f 661/1/647 676/1/662 662/1/648
f 677/1/663 667/1/654 676/1/662
f 660/1/646 677/1/663 661/1/647
f 678/1/664 668/1/652 677/1/663
f 679/1/665 660/1/646 659/1/645
f 670/1/658 678/1/664 679/1/665
f 658/1/644 679/1/665 659/1/645
f 680/1/666 670/1/658 679/1/665
f 657/1/643 680/1/666 658/1/644
f 674/1/659 671/1/653 680/1/666
f 688/1/667 696/1/668 681/1/285
f 688/1/667 690/1/669 689/1/670
f 687/1/671 691/1/672 690/1/669
f 685/1/673 691/1/672 686/1/674
f 684/1/364 692/1/675 685/1/673
f 683/1/676 693/1/677 684/1/364
f 683/1/676 695/1/678 694/1/679
f 682/1/680 696/1/668 695/1/678
f 695/1/678 697/1/370 698/1/567
f 695/1/678 699/1/681 694/1/679
f 694/1/679 700/1/682 693/1/677
f 693/1/677 701/1/570 692/1/675
f 692/1/675 702/1/683 691/1/672
f 690/1/669 702/1/683 703/1/684
f 690/1/669 704/1/685 689/1/670
f 689/1/670 697/1/370 696/1/668
f 712/1/686 708/1/687 711/1/688
f 707/1/689 705/1/690 706/1/691
f 711/1/688 709/1/692 710/1/693
f 713/1/694 697/1/370 704/1/685
f 705/1/690 714/1/695 713/1/694
f 715/1/388 704/1/685 703/1/684
f 706/1/691 713/1/694 715/1/388
f 702/1/683 715/1/388 703/1/684
f 716/1/696 706/1/691 715/1/388
f 701/1/570 716/1/696 702/1/683
f 708/1/687 716/1/696 717/1/583
f 718/1/697 701/1/570 700/1/682
f 709/1/692 717/1/583 718/1/697
f 719/1/698 700/1/682 699/1/681
f 710/1/693 718/1/697 719/1/698
f 698/1/567 719/1/698 699/1/681
f 720/1/393 710/1/693 719/1/698
f 697/1/370 720/1/393 698/1/567
f 714/1/695 711/1/688 720/1/393
f 856/1/699 728/1/700 853/1/701
f 855/1/702 725/1/703 856/1/699
f 727/1/704 855/1/702 854/1/705
f 728/1/700 854/1/705 853/1/701
f 729/1/706 728/1/700 725/1/703
f 730/1/707 725/1/703 726/1/708
f 727/1/704 730/1/707 726/1/708
f 728/1/700 731/1/709 727/1/704
f 733/1/710 732/1/711 729/1/706
f 734/1/712 729/1/706 730/1/707
f 731/1/709 734/1/712 730/1/707
f 732/1/711 735/1/713 731/1/709
f 737/1/714 736/1/715 733/1/710
f 738/1/716 733/1/710 734/1/712
f 735/1/713 738/1/716 734/1/712
f 736/1/715 739/1/717 735/1/713
f 737/1/714 744/1/718 740/1/719
f 738/1/716 741/1/720 737/1/714
f 743/1/721 738/1/716 739/1/717
f 744/1/718 739/1/717 740/1/719
f 741/1/720 748/1/722 744/1/718
f 742/1/723 745/1/724 741/1/720
f 747/1/725 742/1/723 743/1/721
f 748/1/722 743/1/721 744/1/718
f 749/1/726 748/1/722 745/1/724
f 750/1/727 745/1/724 746/1/728
f 747/1/725 750/1/727 746/1/728
f 748/1/722 751/1/729 747/1/725
f 749/1/726 756/1/730 752/1/731
f 750/1/727 753/1/732 749/1/726
f 755/1/733 750/1/727 751/1/729
f 756/1/730 751/1/729 752/1/731
f 753/1/732 760/1/734 756/1/730
f 754/1/735 757/1/736 753/1/732
f 759/1/737 754/1/735 755/1/733
f 760/1/734 755/1/733 756/1/730
f 757/1/736 764/1/738 760/1/734
f 758/1/739 761/1/740 757/1/736
f 763/1/741 758/1/739 759/1/737
f 764/1/738 759/1/737 760/1/734
f 761/1/740 768/1/742 764/1/738
f 762/1/743 765/1/744 761/1/740
f 767/1/745 762/1/743 763/1/741
f 768/1/742 763/1/741 764/1/738
f 769/1/746 768/1/742 765/1/744
f 770/1/747 765/1/744 766/1/748
f 767/1/745 770/1/747 766/1/748
f 768/1/742 771/1/749 767/1/745
f 773/1/750 772/1/751 769/1/746
f 774/1/752 769/1/746 770/1/747
f 771/1/749 774/1/752 770/1/747
f 772/1/751 775/1/753 771/1/749
f 777/1/754 776/1/755 773/1/750
f 778/1/756 773/1/750 774/1/752
f 775/1/753 778/1/756 774/1/752
f 776/1/755 779/1/757 775/1/753
f 777/1/754 784/1/758 780/1/759
f 778/1/756 781/1/760 777/1/754
f 783/1/761 778/1/756 779/1/757
f 784/1/758 779/1/757 780/1/759
f 785/1/762 784/1/758 781/1/760
f 786/1/763 781/1/760 782/1/764
f 783/1/761 786/1/763 782/1/764
f 784/1/758 787/1/765 783/1/761
f 789/1/766 788/1/767 785/1/762
f 790/1/768 785/1/762 786/1/763
f 787/1/765 790/1/768 786/1/763
f 788/1/767 791/1/769 787/1/765
f 789/1/766 796/1/770 792/1/771
f 790/1/768 793/1/772 789/1/766
f 795/1/773 790/1/768 791/1/769
f 796/1/770 791/1/769 792/1/771
f 793/1/772 800/1/774 796/1/770
f 794/1/775 797/1/776 793/1/772
f 799/1/777 794/1/775 795/1/773
f 800/1/774 795/1/773 796/1/770
f 797/1/776 804/1/778 800/1/774
f 798/1/779 801/1/780 797/1/776
f 803/1/781 798/1/779 799/1/777
f 804/1/778 799/1/777 800/1/774
f 805/1/782 804/1/778 801/1/780
f 806/1/783 801/1/780 802/1/784
f 803/1/781 806/1/783 802/1/784
f 804/1/778 807/1/785 803/1/781
f 809/1/786 808/1/787 805/1/782
f 810/1/788 805/1/782 806/1/783
f 807/1/785 810/1/788 806/1/783
f 808/1/787 811/1/789 807/1/785
f 813/1/790 812/1/791 809/1/786
f 814/1/792 809/1/786 810/1/788
f 811/1/789 814/1/792 810/1/788
f 812/1/791 815/1/793 811/1/789
f 817/1/794 816/1/795 813/1/790
f 818/1/796 813/1/790 814/1/792
f 815/1/793 818/1/796 814/1/792
f 816/1/795 819/1/797 815/1/793
f 817/1/794 824/1/798 820/1/799
f 818/1/796 821/1/800 817/1/794
f 823/1/801 818/1/796 819/1/797
f 824/1/798 819/1/797 820/1/799
f 825/1/802 824/1/798 821/1/800
f 826/1/803 821/1/800 822/1/804
f 823/1/801 826/1/803 822/1/804
f 824/1/798 827/1/805 823/1/801
f 829/1/806 828/1/807 825/1/802
f 830/1/808 825/1/802 826/1/803
f 827/1/805 830/1/808 826/1/803
f 828/1/807 831/1/809 827/1/805
f 829/1/806 836/1/810 832/1/811
f 830/1/808 833/1/812 829/1/806
f 835/1/813 830/1/808 831/1/809
f 836/1/810 831/1/809 832/1/811
f 833/1/812 840/1/814 836/1/810
f 834/1/815 837/1/816 833/1/812
f 839/1/817 834/1/815 835/1/813
f 840/1/814 835/1/813 836/1/810
f 837/1/816 844/1/818 840/1/814
f 838/1/819 841/1/820 837/1/816
f 843/1/821 838/1/819 839/1/817
f 844/1/818 839/1/817 840/1/814
f 845/1/822 852/1/823 849/1/824
f 846/1/825 849/1/824 850/1/826
f 851/1/827 846/1/825 850/1/826
f 852/1/823 847/1/828 851/1/827
f 848/1/829 846/1/825 847/1/828
f 844/1/818 851/1/827 843/1/821
f 843/1/821 850/1/826 842/1/830
f 850/1/826 841/1/820 842/1/830
f 849/1/824 844/1/818 841/1/820
f 721/1/831 723/1/832 722/1/833
f 724/1/834 854/1/705 723/1/832
f 723/1/832 855/1/702 722/1/833
f 855/1/702 721/1/831 722/1/833
f 856/1/699 724/1/834 721/1/831
f 988/1/835 864/1/836 985/1/837
f 862/1/838 988/1/835 987/1/839
f 863/1/840 987/1/839 986/1/841
f 985/1/837 863/1/840 986/1/841
f 861/1/842 868/1/843 864/1/836
f 866/1/844 861/1/842 862/1/838
f 867/1/845 862/1/838 863/1/840
f 864/1/836 867/1/845 863/1/840
f 869/1/846 868/1/843 865/1/847
f 870/1/848 865/1/847 866/1/844
f 867/1/845 870/1/848 866/1/844
f 868/1/843 871/1/849 867/1/845
f 873/1/850 872/1/851 869/1/846
f 874/1/852 869/1/846 870/1/848
f 871/1/849 874/1/852 870/1/848
f 872/1/851 875/1/853 871/1/849
f 877/1/854 876/1/855 873/1/850
f 874/1/852 877/1/854 873/1/850
f 875/1/853 878/1/856 874/1/852
f 880/1/857 875/1/853 876/1/855
f 877/1/854 884/1/858 880/1/857
f 878/1/856 881/1/859 877/1/854
f 883/1/860 878/1/856 879/1/861
f 884/1/858 879/1/861 880/1/857
f 885/1/862 884/1/858 881/1/859
f 886/1/863 881/1/859 882/1/864
f 883/1/860 886/1/863 882/1/864
f 884/1/858 887/1/865 883/1/860
f 885/1/862 892/1/866 888/1/867
f 886/1/863 889/1/868 885/1/862
f 891/1/869 886/1/863 887/1/865
f 892/1/866 887/1/865 888/1/867
f 889/1/868 896/1/870 892/1/866
f 890/1/871 893/1/872 889/1/868
f 895/1/873 890/1/871 891/1/869
f 896/1/870 891/1/869 892/1/866
f 893/1/872 900/1/874 896/1/870
f 894/1/875 897/1/876 893/1/872
f 899/1/877 894/1/875 895/1/873
f 900/1/874 895/1/873 896/1/870
f 897/1/876 904/1/878 900/1/874
f 898/1/879 901/1/880 897/1/876
f 903/1/881 898/1/879 899/1/877
f 904/1/878 899/1/877 900/1/874
f 905/1/882 904/1/878 901/1/880
f 906/1/883 901/1/880 902/1/884
f 903/1/881 906/1/883 902/1/884
f 904/1/878 907/1/885 903/1/881
f 909/1/886 908/1/887 905/1/882
f 910/1/888 905/1/882 906/1/883
f 907/1/885 910/1/888 906/1/883
f 908/1/887 911/1/889 907/1/885
f 913/1/890 912/1/891 909/1/886
f 914/1/892 909/1/886 910/1/888
f 911/1/889 914/1/892 910/1/888
f 912/1/891 915/1/893 911/1/889
f 913/1/890 920/1/894 916/1/895
f 914/1/892 917/1/896 913/1/890
f 919/1/897 914/1/892 915/1/893
f 920/1/894 915/1/893 916/1/895
f 921/1/898 920/1/894 917/1/896
f 922/1/899 917/1/896 918/1/900
f 919/1/897 922/1/899 918/1/900
f 920/1/894 923/1/901 919/1/897
f 925/1/902 924/1/903 921/1/898
f 926/1/904 921/1/898 922/1/899
f 923/1/901 926/1/904 922/1/899
f 924/1/903 927/1/905 923/1/901
f 925/1/902 932/1/906 928/1/907
f 926/1/904 929/1/908 925/1/902
f 931/1/909 926/1/904 927/1/905
f 932/1/906 927/1/905 928/1/907
f 929/1/908 936/1/910 932/1/906
f 930/1/911 933/1/912 929/1/908
f 935/1/913 930/1/911 931/1/909
f 936/1/910 931/1/909 932/1/906
f 933/1/912 940/1/914 936/1/910
f 934/1/915 937/1/916 933/1/912
f 939/1/917 934/1/915 935/1/913
f 940/1/914 935/1/913 936/1/910
f 941/1/918 940/1/914 937/1/916
f 942/1/919 937/1/916 938/1/920
f 939/1/917 942/1/919 938/1/920
f 940/1/914 943/1/921 939/1/917
f 945/1/922 944/1/923 941/1/918
f 946/1/924 941/1/918 942/1/919
f 943/1/921 946/1/924 942/1/919
f 944/1/923 947/1/925 943/1/921
f 949/1/926 948/1/927 945/1/922
f 950/1/928 945/1/922 946/1/924
f 947/1/925 950/1/928 946/1/924
f 948/1/927 951/1/929 947/1/925
f 953/1/930 952/1/931 949/1/926
f 954/1/932 949/1/926 950/1/928
f 951/1/929 954/1/932 950/1/928
f 952/1/931 955/1/933 951/1/929
f 953/1/930 960/1/934 956/1/935
f 954/1/932 957/1/936 953/1/930
f 959/1/937 954/1/932 955/1/933
f 960/1/934 955/1/933 956/1/935
f 961/1/938 960/1/934 957/1/936
f 962/1/939 957/1/936 958/1/940
f 959/1/937 962/1/939 958/1/940
f 960/1/934 963/1/941 959/1/937
f 965/1/942 964/1/943 961/1/938
f 966/1/944 961/1/938 962/1/939
f 963/1/941 966/1/944 962/1/939
f 964/1/943 967/1/945 963/1/941
f 965/1/942 972/1/946 968/1/947
f 966/1/944 969/1/948 965/1/942
f 971/1/949 966/1/944 967/1/945
f 972/1/946 967/1/945 968/1/947
f 969/1/948 976/1/950 972/1/946
f 970/1/951 973/1/952 969/1/948
f 975/1/953 970/1/951 971/1/949
f 976/1/950 971/1/949 972/1/946
f 973/1/952 980/1/954 976/1/950
f 974/1/955 977/1/956 973/1/952
f 979/1/957 974/1/955 975/1/953
f 980/1/954 975/1/953 976/1/950
f 981/1/958 992/1/959 989/1/960
f 990/1/961 981/1/958 989/1/960
f 991/1/962 982/1/963 990/1/961
f 984/1/964 991/1/962 992/1/959
f 983/1/965 981/1/958 982/1/963
f 860/1/966 858/1/967 857/1/968
f 860/1/966 986/1/841 859/1/969
f 986/1/841 858/1/967 859/1/969
f 987/1/839 857/1/968 858/1/967
f 857/1/968 985/1/837 860/1/966
f 980/1/954 991/1/962 979/1/957
f 991/1/962 978/1/970 979/1/957
f 990/1/961 977/1/956 978/1/970
f 977/1/956 992/1/959 980/1/954
f 1124/1/971 1000/1/972 1121/1/973
f 1123/1/974 997/1/975 1124/1/971
f 999/1/976 1123/1/974 1122/1/977
f 1000/1/972 1122/1/977 1121/1/973
f 1001/1/978 1000/1/972 997/1/975
f 1002/1/979 997/1/975 998/1/980
f 999/1/976 1002/1/979 998/1/980
f 1000/1/972 1003/1/981 999/1/976
f 1005/1/982 1004/1/983 1001/1/978
f 1006/1/984 1001/1/978 1002/1/979
f 1003/1/981 1006/1/984 1002/1/979
f 1004/1/983 1007/1/985 1003/1/981
f 1009/1/986 1008/1/987 1005/1/982
f 1010/1/988 1005/1/982 1006/1/984
f 1007/1/985 1010/1/988 1006/1/984
f 1008/1/987 1011/1/989 1007/1/985
f 1009/1/986 1016/1/990 1012/1/991
f 1010/1/988 1013/1/992 1009/1/986
f 1015/1/993 1010/1/988 1011/1/989
f 1016/1/990 1011/1/989 1012/1/991
f 1013/1/992 1020/1/994 1016/1/990
f 1014/1/995 1017/1/996 1013/1/992
f 1019/1/997 1014/1/995 1015/1/993
f 1020/1/994 1015/1/993 1016/1/990
f 1021/1/998 1020/1/994 1017/1/996
f 1022/1/999 1017/1/996 1018/1/1000
f 1019/1/997 1022/1/999 1018/1/1000
f 1020/1/994 1023/1/1001 1019/1/997
f 1021/1/998 1028/1/1002 1024/1/1003
f 1022/1/999 1025/1/1004 1021/1/998
f 1027/1/1005 1022/1/999 1023/1/1001
f 1028/1/1002 1023/1/1001 1024/1/1003
f 1025/1/1004 1032/1/1006 1028/1/1002
f 1026/1/1007 1029/1/1008 1025/1/1004
f 1031/1/1009 1026/1/1007 1027/1/1005
f 1032/1/1006 1027/1/1005 1028/1/1002
f 1029/1/1008 1036/1/1010 1032/1/1006
f 1030/1/1011 1033/1/1012 1029/1/1008
f 1035/1/1013 1030/1/1011 1031/1/1009
f 1036/1/1010 1031/1/1009 1032/1/1006
f 1033/1/1012 1040/1/1014 1036/1/1010
f 1034/1/1015 1037/1/1016 1033/1/1012
f 1039/1/1017 1034/1/1015 1035/1/1013
f 1040/1/1014 1035/1/1013 1036/1/1010
f 1041/1/1018 1040/1/1014 1037/1/1016
f 1042/1/1019 1037/1/1016 1038/1/1020
f 1039/1/1017 1042/1/1019 1038/1/1020
f 1040/1/1014 1043/1/1021 1039/1/1017
f 1045/1/1022 1044/1/1023 1041/1/1018
f 1046/1/1024 1041/1/1018 1042/1/1019
f 1043/1/1021 1046/1/1024 1042/1/1019
f 1044/1/1023 1047/1/1025 1043/1/1021
f 1049/1/1026 1048/1/1027 1045/1/1022
f 1050/1/1028 1045/1/1022 1046/1/1024
f 1047/1/1025 1050/1/1028 1046/1/1024
f 1048/1/1027 1051/1/1029 1047/1/1025
f 1049/1/1026 1056/1/1030 1052/1/1031
f 1050/1/1028 1053/1/1032 1049/1/1026
f 1055/1/1033 1050/1/1028 1051/1/1029
f 1056/1/1030 1051/1/1029 1052/1/1031
f 1057/1/1034 1056/1/1030 1053/1/1032
f 1058/1/1035 1053/1/1032 1054/1/1036
f 1055/1/1033 1058/1/1035 1054/1/1036
f 1056/1/1030 1059/1/1037 1055/1/1033
f 1061/1/1038 1060/1/1039 1057/1/1034
f 1062/1/1040 1057/1/1034 1058/1/1035
f 1059/1/1037 1062/1/1040 1058/1/1035
f 1060/1/1039 1063/1/1041 1059/1/1037
f 1061/1/1038 1068/1/1042 1064/1/1043
f 1062/1/1040 1065/1/1044 1061/1/1038
f 1067/1/1045 1062/1/1040 1063/1/1041
f 1068/1/1042 1063/1/1041 1064/1/1043
f 1065/1/1044 1072/1/1046 1068/1/1042
f 1066/1/1047 1069/1/1048 1065/1/1044
f 1071/1/1049 1066/1/1047 1067/1/1045
f 1072/1/1046 1067/1/1045 1068/1/1042
f 1069/1/1048 1076/1/1050 1072/1/1046
f 1070/1/1051 1073/1/1052 1069/1/1048
f 1075/1/1053 1070/1/1051 1071/1/1049
f 1076/1/1050 1071/1/1049 1072/1/1046
f 1077/1/1054 1076/1/1050 1073/1/1052
f 1078/1/1055 1073/1/1052 1074/1/1056
f 1075/1/1053 1078/1/1055 1074/1/1056
f 1076/1/1050 1079/1/1057 1075/1/1053
f 1081/1/1058 1080/1/1059 1077/1/1054
f 1082/1/1060 1077/1/1054 1078/1/1055
f 1079/1/1057 1082/1/1060 1078/1/1055
f 1080/1/1059 1083/1/1061 1079/1/1057
f 1085/1/1062 1084/1/1063 1081/1/1058
f 1086/1/1064 1081/1/1058 1082/1/1060
f 1083/1/1061 1086/1/1064 1082/1/1060
f 1084/1/1063 1087/1/1065 1083/1/1061
f 1089/1/1066 1088/1/1067 1085/1/1062
f 1090/1/1068 1085/1/1062 1086/1/1064
f 1087/1/1065 1090/1/1068 1086/1/1064
f 1088/1/1067 1091/1/1069 1087/1/1065
f 1089/1/1066 1096/1/1070 1092/1/1071
f 1090/1/1068 1093/1/1072 1089/1/1066
f 1095/1/1073 1090/1/1068 1091/1/1069
f 1096/1/1070 1091/1/1069 1092/1/1071
f 1097/1/1074 1096/1/1070 1093/1/1072
f 1098/1/1075 1093/1/1072 1094/1/1076
f 1095/1/1073 1098/1/1075 1094/1/1076
f 1096/1/1070 1099/1/1077 1095/1/1073
f 1101/1/1078 1100/1/1079 1097/1/1074
f 1102/1/1080 1097/1/1074 1098/1/1075
f 1099/1/1077 1102/1/1080 1098/1/1075
f 1100/1/1079 1103/1/1081 1099/1/1077
f 1101/1/1078 1108/1/1082 1104/1/1083
f 1102/1/1080 1105/1/1084 1101/1/1078
f 1107/1/1085 1102/1/1080 1103/1/1081
f 1108/1/1082 1103/1/1081 1104/1/1083
f 1105/1/1084 1112/1/1086 1108/1/1082
f 1106/1/1087 1109/1/1088 1105/1/1084
f 1111/1/1089 1106/1/1087 1107/1/1085
f 1112/1/1086 1107/1/1085 1108/1/1082
f 1109/1/1088 1116/1/1090 1112/1/1086
f 1110/1/1091 1113/1/1092 1109/1/1088
f 1115/1/1093 1110/1/1091 1111/1/1089
f 1116/1/1090 1111/1/1089 1112/1/1086
f 1117/1/1094 1128/1/1095 1125/1/1096
f 1118/1/1097 1125/1/1096 1126/1/1098
f 1127/1/1099 1118/1/1097 1126/1/1098
f 1128/1/1095 1119/1/1100 1127/1/1099
f 996/1/1101 1122/1/977 995/1/1102
f 995/1/1102 1123/1/974 994/1/1103
f 1123/1/974 993/1/1104 994/1/1103
f 1124/1/971 996/1/1101 993/1/1104
f 1116/1/1090 1127/1/1099 1115/1/1093
f 1115/1/1093 1126/1/1098 1114/1/1105
f 1126/1/1098 1113/1/1092 1114/1/1105
f 1125/1/1096 1116/1/1090 1113/1/1092
f 996/1/1101 994/1/1103 993/1/1104
f 1120/1/1106 1118/1/1097 1119/1/1100
f 1136/1/1107 1144/1/1108 1129/1/1109
f 1135/1/1110 1137/1/1111 1136/1/1107
f 1135/1/1110 1139/1/1112 1138/1/1113
f 1133/1/1114 1139/1/1112 1134/1/1115
f 1132/1/1116 1140/1/1117 1133/1/1114
f 1131/1/1118 1141/1/1119 1132/1/1116
f 1131/1/1118 1143/1/1120 1142/1/1121
f 1129/1/1109 1143/1/1120 1130/1/1122
f 1143/1/1120 1145/1/1123 1146/1/1124
f 1143/1/1120 1147/1/1125 1142/1/1121
f 1142/1/1121 1148/1/1126 1141/1/1119
f 1140/1/1117 1148/1/1126 1149/1/1127
f 1140/1/1117 1150/1/1128 1139/1/1112
f 1138/1/1113 1150/1/1128 1151/1/1129
f 1138/1/1113 1152/1/1130 1137/1/1111
f 1137/1/1111 1145/1/1123 1144/1/1108
f 1160/1/1131 1156/1/1132 1159/1/1133
f 1155/1/1134 1153/1/1135 1154/1/1136
f 1159/1/1133 1157/1/1137 1158/1/1138
f 1152/1/1130 1162/1/1139 1145/1/1123
f 1153/1/1135 1162/1/1139 1161/1/1140
f 1163/1/1141 1152/1/1130 1151/1/1129
f 1154/1/1136 1161/1/1140 1163/1/1141
f 1150/1/1128 1163/1/1141 1151/1/1129
f 1164/1/1142 1154/1/1136 1163/1/1141
f 1165/1/1143 1150/1/1128 1149/1/1127
f 1156/1/1132 1164/1/1142 1165/1/1143
f 1148/1/1126 1165/1/1143 1149/1/1127
f 1166/1/1144 1156/1/1132 1165/1/1143
f 1167/1/1145 1148/1/1126 1147/1/1125
f 1158/1/1138 1166/1/1144 1167/1/1145
f 1146/1/1124 1167/1/1145 1147/1/1125
f 1168/1/1146 1158/1/1138 1167/1/1145
f 1145/1/1123 1168/1/1146 1146/1/1124
f 1162/1/1139 1159/1/1133 1168/1/1146
f 1176/1/1147 1184/1/1148 1169/1/1149
f 1175/1/1150 1177/1/1151 1176/1/1147
f 1175/1/1150 1179/1/1152 1178/1/1153
f 1173/1/1154 1179/1/1152 1174/1/1155
f 1172/1/1156 1180/1/1157 1173/1/1154
f 1171/1/1158 1181/1/1159 1172/1/1156
f 1171/1/1158 1183/1/1160 1182/1/1161
f 1170/1/1162 1184/1/1148 1183/1/1160
f 1183/1/1160 1185/1/1163 1186/1/1164
f 1182/1/1161 1186/1/1164 1187/1/1165
f 1182/1/1161 1188/1/1166 1181/1/1159
f 1181/1/1159 1189/1/1167 1180/1/1157
f 1179/1/1152 1189/1/1167 1190/1/1168
f 1178/1/1153 1190/1/1168 1191/1/1169
f 1178/1/1153 1192/1/1170 1177/1/1151
f 1177/1/1151 1185/1/1163 1184/1/1148
f 1200/1/1171 1196/1/1172 1199/1/1173
f 1195/1/1174 1193/1/1175 1194/1/1176
f 1199/1/1173 1197/1/1177 1198/1/1178
f 1201/1/1179 1185/1/1163 1192/1/1170
f 1193/1/1175 1202/1/1180 1201/1/1179
f 1203/1/1181 1192/1/1170 1191/1/1169
f 1194/1/1176 1201/1/1179 1203/1/1181
f 1190/1/1168 1203/1/1181 1191/1/1169
f 1204/1/1182 1194/1/1176 1203/1/1181
f 1205/1/1183 1190/1/1168 1189/1/1167
f 1205/1/1183 1195/1/1174 1204/1/1182
f 1188/1/1166 1205/1/1183 1189/1/1167
f 1197/1/1177 1205/1/1183 1206/1/1184
f 1207/1/1185 1188/1/1166 1187/1/1165
f 1198/1/1178 1206/1/1184 1207/1/1185
f 1186/1/1164 1207/1/1185 1187/1/1165
f 1208/1/1186 1198/1/1178 1207/1/1185
f 1185/1/1163 1208/1/1186 1186/1/1164
f 1202/1/1180 1199/1/1173 1208/1/1186
f 1216/1/1187 1224/1/1188 1209/1/1189
f 1215/1/1190 1217/1/1191 1216/1/1187
f 1215/1/1190 1219/1/1192 1218/1/1193
f 1213/1/1194 1219/1/1192 1214/1/1195
f 1213/1/1194 1221/1/1196 1220/1/1197
f 1211/1/1198 1221/1/1196 1212/1/1199
f 1210/1/1200 1222/1/1201 1211/1/1198
f 1210/1/1200 1224/1/1188 1223/1/1202
f 1223/1/1202 1225/1/1203 1226/1/1204
f 1222/1/1201 1226/1/1204 1227/1/1205
f 1222/1/1201 1228/1/1206 1221/1/1196
f 1221/1/1196 1229/1/1207 1220/1/1197
f 1220/1/1197 1230/1/1208 1219/1/1192
f 1218/1/1193 1230/1/1208 1231/1/1209
f 1217/1/1191 1231/1/1209 1232/1/1210
f 1217/1/1191 1225/1/1203 1224/1/1188
f 1240/1/1211 1236/1/1212 1239/1/1213
f 1235/1/1214 1233/1/1215 1234/1/1216
f 1239/1/1213 1237/1/1217 1238/1/1218
f 1241/1/1219 1225/1/1203 1232/1/1210
f 1233/1/1215 1242/1/1220 1241/1/1219
f 1243/1/1221 1232/1/1210 1231/1/1209
f 1234/1/1216 1241/1/1219 1243/1/1221
f 1230/1/1208 1243/1/1221 1231/1/1209
f 1244/1/1222 1234/1/1216 1243/1/1221
f 1229/1/1207 1244/1/1222 1230/1/1208
f 1236/1/1212 1244/1/1222 1245/1/1223
f 1246/1/1224 1229/1/1207 1228/1/1206
f 1246/1/1224 1236/1/1212 1245/1/1223
f 1247/1/1225 1228/1/1206 1227/1/1205
f 1238/1/1218 1246/1/1224 1247/1/1225
f 1226/1/1204 1247/1/1225 1227/1/1205
f 1248/1/1226 1238/1/1218 1247/1/1225
f 1225/1/1203 1248/1/1226 1226/1/1204
f 1242/1/1220 1239/1/1213 1248/1/1226
f 8/1/1 9/1/5 16/1/2
f 7/1/4 10/1/7 9/1/5
f 7/1/4 6/1/9 11/1/6
f 5/1/8 12/1/11 11/1/6
f 4/1/10 13/1/13 12/1/11
f 3/1/12 14/1/15 13/1/13
f 2/1/14 15/1/16 14/1/15
f 2/1/14 1/1/3 16/1/2
f 15/1/16 16/1/2 17/1/17
f 15/1/16 18/1/18 19/1/19
f 14/1/15 19/1/19 20/1/20
f 13/1/13 20/1/20 21/1/21
f 12/1/11 21/1/21 22/1/22
f 10/1/7 11/1/6 22/1/22
f 10/1/7 23/1/23 24/1/24
f 9/1/5 24/1/24 17/1/17
f 32/1/25 27/1/28 28/1/26
f 27/1/28 32/1/25 25/1/29
f 31/1/27 28/1/26 29/1/31
f 33/1/33 34/1/34 17/1/17
f 25/1/29 32/1/25 34/1/34
f 35/1/35 33/1/33 24/1/24
f 26/1/30 25/1/29 33/1/33
f 22/1/22 36/1/36 35/1/35
f 36/1/36 27/1/28 26/1/30
f 37/1/37 36/1/36 22/1/22
f 37/1/37 28/1/26 27/1/28
f 20/1/20 38/1/38 37/1/37
f 29/1/31 28/1/26 37/1/37
f 39/1/39 38/1/38 20/1/20
f 30/1/32 29/1/31 38/1/38
f 18/1/18 40/1/40 39/1/39
f 40/1/40 31/1/27 30/1/32
f 17/1/17 34/1/34 40/1/40
f 34/1/34 32/1/25 31/1/27
f 41/1/41 48/1/45 49/1/42
f 47/1/44 50/1/47 49/1/42
f 47/1/44 46/1/49 51/1/46
f 45/1/48 52/1/51 51/1/46
f 45/1/48 44/1/53 53/1/50
f 43/1/52 54/1/55 53/1/50
f 42/1/54 55/1/56 54/1/55
f 42/1/54 41/1/41 56/1/43
f 55/1/56 56/1/43 57/1/57
f 55/1/56 58/1/58 59/1/59
f 54/1/55 59/1/59 60/1/60
f 52/1/51 53/1/50 60/1/60
f 51/1/46 52/1/51 61/1/61
f 50/1/47 51/1/46 62/1/62
f 50/1/47 63/1/63 64/1/64
f 49/1/42 64/1/64 57/1/57
f 72/1/65 67/1/68 68/1/66
f 67/1/68 72/1/65 65/1/69
f 71/1/67 68/1/66 69/1/71
f 73/1/73 74/1/74 57/1/57
f 65/1/69 72/1/65 74/1/74
f 75/1/75 73/1/73 64/1/64
f 66/1/70 65/1/69 73/1/73
f 62/1/62 76/1/76 75/1/75
f 76/1/76 67/1/68 66/1/70
f 77/1/77 76/1/76 62/1/62
f 68/1/66 67/1/68 76/1/76
f 60/1/60 78/1/78 77/1/77
f 78/1/78 69/1/71 68/1/66
f 79/1/79 78/1/78 60/1/60
f 70/1/72 69/1/71 78/1/78
f 58/1/58 80/1/80 79/1/79
f 80/1/80 71/1/67 70/1/72
f 57/1/57 74/1/74 80/1/80
f 74/1/74 72/1/65 71/1/67
f 88/1/81 89/1/85 96/1/82
f 87/1/84 90/1/87 89/1/85
f 87/1/84 86/1/89 91/1/86
f 85/1/88 92/1/88 91/1/86
f 84/1/90 93/1/92 92/1/88
f 83/1/91 94/1/94 93/1/92
f 83/1/91 82/1/95 95/1/93
f 82/1/95 81/1/83 96/1/82
f 95/1/93 96/1/82 97/1/96
f 95/1/93 98/1/97 99/1/98
f 94/1/94 99/1/98 100/1/99
f 93/1/92 100/1/99 101/1/100
f 92/1/88 101/1/100 102/1/101
f 90/1/87 91/1/86 102/1/101
f 90/1/87 103/1/102 104/1/103
f 89/1/85 104/1/103 97/1/96
f 112/1/104 107/1/107 108/1/105
f 107/1/107 112/1/104 105/1/108
f 111/1/106 108/1/105 109/1/110
f 113/1/112 114/1/113 97/1/96
f 105/1/108 112/1/104 114/1/113
f 115/1/114 113/1/112 104/1/103
f 106/1/109 105/1/108 113/1/112
f 102/1/101 116/1/115 115/1/114
f 116/1/115 107/1/107 106/1/109
f 117/1/116 116/1/115 102/1/101
f 117/1/116 108/1/105 107/1/107
f 118/1/117 117/1/116 101/1/100
f 109/1/110 108/1/105 117/1/116
f 119/1/118 118/1/117 100/1/99
f 110/1/111 109/1/110 118/1/117
f 98/1/97 120/1/119 119/1/118
f 120/1/119 111/1/106 110/1/111
f 114/1/113 120/1/119 98/1/97
f 114/1/113 112/1/104 111/1/106
f 128/1/120 129/1/124 136/1/121
f 128/1/120 127/1/125 130/1/123
f 127/1/125 126/1/128 131/1/126
f 125/1/127 132/1/130 131/1/126
f 125/1/127 124/1/131 133/1/129
f 124/1/131 123/1/133 134/1/132
f 123/1/133 122/1/135 135/1/134
f 122/1/135 121/1/122 136/1/121
f 135/1/134 136/1/121 137/1/136
f 134/1/132 135/1/134 138/1/137
f 134/1/132 139/1/138 140/1/139
f 133/1/129 140/1/139 141/1/140
f 131/1/126 132/1/130 141/1/140
f 130/1/123 131/1/126 142/1/141
f 129/1/124 130/1/123 143/1/142
f 129/1/124 144/1/143 137/1/136
f 152/1/144 147/1/147 148/1/145
f 147/1/147 152/1/144 145/1/148
f 151/1/146 148/1/145 149/1/150
f 153/1/152 154/1/153 137/1/136
f 145/1/148 152/1/144 154/1/153
f 155/1/154 153/1/152 144/1/143
f 146/1/149 145/1/148 153/1/152
f 142/1/141 156/1/155 155/1/154
f 156/1/155 147/1/147 146/1/149
f 157/1/156 156/1/155 142/1/141
f 157/1/156 148/1/145 147/1/147
f 140/1/139 158/1/157 157/1/156
f 149/1/150 148/1/145 157/1/156
f 159/1/158 158/1/157 140/1/139
f 150/1/151 149/1/150 158/1/157
f 138/1/137 160/1/159 159/1/158
f 160/1/159 151/1/146 150/1/151
f 137/1/136 154/1/153 160/1/159
f 154/1/153 152/1/144 151/1/146
f 168/1/160 169/1/164 176/1/161
f 167/1/163 170/1/166 169/1/164
f 167/1/163 166/1/168 171/1/165
f 165/1/167 172/1/170 171/1/165
f 164/1/169 173/1/172 172/1/170
f 163/1/171 174/1/174 173/1/172
f 162/1/173 175/1/175 174/1/174
f 162/1/173 161/1/162 176/1/161
f 175/1/175 176/1/161 177/1/176
f 175/1/175 178/1/177 179/1/178
f 174/1/174 179/1/178 180/1/179
f 173/1/172 180/1/179 181/1/180
f 172/1/170 181/1/180 182/1/181
f 170/1/166 171/1/165 182/1/181
f 170/1/166 183/1/182 184/1/183
f 169/1/164 184/1/183 177/1/176
f 192/1/184 187/1/187 188/1/185
f 187/1/187 192/1/184 185/1/188
f 191/1/186 188/1/185 189/1/190
f 193/1/192 194/1/193 177/1/176
f 185/1/188 192/1/184 194/1/193
f 195/1/194 193/1/192 184/1/183
f 186/1/189 185/1/188 193/1/192
f 182/1/181 196/1/195 195/1/194
f 196/1/195 187/1/187 186/1/189
f 181/1/180 197/1/196 196/1/195
f 188/1/185 187/1/187 196/1/195
f 180/1/179 198/1/197 197/1/196
f 189/1/190 188/1/185 197/1/196
f 199/1/198 198/1/197 180/1/179
f 190/1/191 189/1/190 198/1/197
f 178/1/177 200/1/199 199/1/198
f 200/1/199 191/1/186 190/1/191
f 177/1/176 194/1/193 200/1/199
f 194/1/193 192/1/184 191/1/186
f 208/1/200 209/1/204 216/1/201
f 207/1/203 210/1/206 209/1/204
f 207/1/203 206/1/208 211/1/205
f 205/1/207 212/1/210 211/1/205
f 204/1/209 213/1/212 212/1/210
f 203/1/211 214/1/214 213/1/212
f 202/1/213 215/1/213 214/1/214
f 202/1/213 201/1/202 216/1/201
f 215/1/213 216/1/201 217/1/215
f 215/1/213 218/1/216 219/1/217
f 214/1/214 219/1/217 220/1/218
f 213/1/212 220/1/218 221/1/219
f 212/1/210 221/1/219 222/1/220
f 210/1/206 211/1/205 222/1/220
f 210/1/206 223/1/221 224/1/222
f 209/1/204 224/1/222 217/1/215
f 232/1/223 227/1/226 228/1/224
f 227/1/226 232/1/223 225/1/227
f 231/1/225 228/1/224 229/1/229
f 233/1/231 234/1/232 217/1/215
f 225/1/227 232/1/223 234/1/232
f 235/1/233 233/1/231 224/1/222
f 226/1/228 225/1/227 233/1/231
f 222/1/220 236/1/234 235/1/233
f 236/1/234 227/1/226 226/1/228
f 221/1/219 237/1/235 236/1/234
f 228/1/224 227/1/226 236/1/234
f 220/1/218 238/1/236 237/1/235
f 229/1/229 228/1/224 237/1/235
f 239/1/237 238/1/236 220/1/218
f 230/1/230 229/1/229 238/1/236
f 218/1/216 240/1/238 239/1/237
f 240/1/238 231/1/225 230/1/230
f 217/1/215 234/1/232 240/1/238
f 234/1/232 232/1/223 231/1/225
f 248/1/239 249/1/243 256/1/240
f 247/1/242 250/1/245 249/1/243
f 247/1/242 246/1/247 251/1/244
f 245/1/246 252/1/249 251/1/244
f 245/1/246 244/1/251 253/1/248
f 243/1/250 254/1/253 253/1/248
f 243/1/250 242/1/254 255/1/252
f 242/1/254 241/1/241 256/1/240
f 255/1/252 256/1/240 257/1/255
f 255/1/252 258/1/256 259/1/257
f 254/1/253 259/1/257 260/1/258
f 253/1/248 260/1/258 261/1/259
f 252/1/249 261/1/259 262/1/260
f 250/1/245 251/1/244 262/1/260
f 250/1/245 263/1/261 264/1/262
f 249/1/243 264/1/262 257/1/255
f 272/1/263 267/1/266 268/1/264
f 267/1/266 272/1/263 265/1/267
f 271/1/265 268/1/264 269/1/269
f 273/1/271 274/1/272 257/1/255
f 265/1/267 272/1/263 274/1/272
f 275/1/273 273/1/271 264/1/262
f 266/1/268 265/1/267 273/1/271
f 262/1/260 276/1/274 275/1/273
f 276/1/274 267/1/266 266/1/268
f 261/1/259 277/1/275 276/1/274
f 277/1/275 268/1/264 267/1/266
f 260/1/258 278/1/276 277/1/275
f 269/1/269 268/1/264 277/1/275
f 279/1/277 278/1/276 260/1/258
f 270/1/270 269/1/269 278/1/276
f 258/1/256 280/1/278 279/1/277
f 280/1/278 271/1/265 270/1/270
f 257/1/255 274/1/272 280/1/278
f 274/1/272 272/1/263 271/1/265
f 288/1/279 289/1/282 296/1/280
f 287/1/281 290/1/284 289/1/282
f 287/1/281 286/1/286 291/1/283
f 285/1/285 292/1/285 291/1/283
f 284/1/287 293/1/289 292/1/285
f 283/1/288 294/1/291 293/1/289
f 282/1/290 295/1/292 294/1/291
f 282/1/290 281/1/280 296/1/280
f 295/1/292 296/1/280 297/1/293
f 295/1/292 298/1/294 299/1/295
f 294/1/291 299/1/295 300/1/296
f 293/1/289 300/1/296 301/1/297
f 292/1/285 301/1/297 302/1/298
f 290/1/284 291/1/283 302/1/298
f 290/1/284 303/1/299 304/1/300
f 289/1/282 304/1/300 297/1/293
f 312/1/301 307/1/304 308/1/302
f 307/1/304 312/1/301 305/1/305
f 311/1/303 308/1/302 309/1/307
f 313/1/309 314/1/310 297/1/293
f 305/1/305 312/1/301 314/1/310
f 315/1/311 313/1/309 304/1/300
f 306/1/306 305/1/305 313/1/309
f 302/1/298 316/1/312 315/1/311
f 316/1/312 307/1/304 306/1/306
f 301/1/297 317/1/313 316/1/312
f 308/1/302 307/1/304 316/1/312
f 318/1/314 317/1/313 301/1/297
f 309/1/307 308/1/302 317/1/313
f 319/1/315 318/1/314 300/1/296
f 310/1/308 309/1/307 318/1/314
f 298/1/294 320/1/316 319/1/315
f 320/1/316 311/1/303 310/1/308
f 297/1/293 314/1/310 320/1/316
f 314/1/310 312/1/301 311/1/303
f 328/1/317 329/1/321 336/1/318
f 327/1/320 330/1/323 329/1/321
f 327/1/320 326/1/324 331/1/322
f 326/1/324 325/1/327 332/1/325
f 324/1/326 333/1/329 332/1/325
f 324/1/326 323/1/331 334/1/328
f 322/1/330 335/1/332 334/1/328
f 322/1/330 321/1/319 336/1/318
f 335/1/332 336/1/318 337/1/333
f 334/1/328 335/1/332 338/1/334
f 334/1/328 339/1/335 340/1/336
f 333/1/329 340/1/336 341/1/337
f 331/1/322 332/1/325 341/1/337
f 330/1/323 331/1/322 342/1/338
f 330/1/323 343/1/339 344/1/340
f 329/1/321 344/1/340 337/1/333
f 352/1/341 347/1/344 348/1/342
f 347/1/344 352/1/341 345/1/345
f 351/1/343 348/1/342 349/1/347
f 353/1/349 354/1/350 337/1/333
f 345/1/345 352/1/341 354/1/350
f 355/1/351 353/1/349 344/1/340
f 346/1/346 345/1/345 353/1/349
f 342/1/338 356/1/352 355/1/351
f 356/1/352 347/1/344 346/1/346
f 341/1/337 357/1/353 356/1/352
f 357/1/353 348/1/342 347/1/344
f 340/1/336 358/1/354 357/1/353
f 358/1/354 349/1/347 348/1/342
f 359/1/355 358/1/354 340/1/336
f 350/1/348 349/1/347 358/1/354
f 338/1/334 360/1/356 359/1/355
f 360/1/356 351/1/343 350/1/348
f 337/1/333 354/1/350 360/1/356
f 354/1/350 352/1/341 351/1/343
f 368/1/357 369/1/359 376/1/285
f 367/1/358 370/1/361 369/1/359
f 367/1/358 366/1/363 371/1/360
f 365/1/362 372/1/362 371/1/360
f 364/1/364 373/1/366 372/1/362
f 363/1/365 374/1/368 373/1/366
f 362/1/367 375/1/369 374/1/368
f 362/1/367 361/1/285 376/1/285
f 375/1/369 376/1/285 377/1/370
f 375/1/369 378/1/371 379/1/372
f 374/1/368 379/1/372 380/1/373
f 373/1/366 380/1/373 381/1/374
f 372/1/362 381/1/374 382/1/375
f 370/1/361 371/1/360 382/1/375
f 370/1/361 383/1/376 384/1/377
f 369/1/359 384/1/377 377/1/370
f 392/1/378 387/1/381 388/1/379
f 387/1/381 392/1/378 385/1/382
f 391/1/380 388/1/379 389/1/384
f 393/1/386 394/1/387 377/1/370
f 385/1/382 392/1/378 394/1/387
f 395/1/388 393/1/386 384/1/377
f 386/1/383 385/1/382 393/1/386
f 382/1/375 396/1/389 395/1/388
f 396/1/389 387/1/381 386/1/383
f 397/1/390 396/1/389 382/1/375
f 397/1/390 388/1/379 387/1/381
f 398/1/391 397/1/390 381/1/374
f 389/1/384 388/1/379 397/1/390
f 399/1/392 398/1/391 380/1/373
f 390/1/385 389/1/384 398/1/391
f 378/1/371 400/1/393 399/1/392
f 400/1/393 391/1/380 390/1/385
f 377/1/370 394/1/387 400/1/393
f 394/1/387 392/1/378 391/1/380
f 408/1/394 409/1/397 416/1/395
f 407/1/396 410/1/399 409/1/397
f 407/1/396 406/1/401 411/1/398
f 405/1/400 412/1/403 411/1/398
f 405/1/400 404/1/405 413/1/402
f 403/1/404 414/1/407 413/1/402
f 402/1/406 415/1/408 414/1/407
f 402/1/406 401/1/395 416/1/395
f 415/1/408 416/1/395 417/1/409
f 415/1/408 418/1/410 419/1/411
f 414/1/407 419/1/411 420/1/412
f 413/1/402 420/1/412 421/1/413
f 412/1/403 421/1/413 422/1/414
f 410/1/399 411/1/398 422/1/414
f 410/1/399 423/1/415 424/1/416
f 409/1/397 424/1/416 417/1/409
f 432/1/417 427/1/420 428/1/418
f 427/1/420 432/1/417 425/1/421
f 431/1/419 428/1/418 429/1/423
f 424/1/416 433/1/426 434/1/425
f 425/1/421 432/1/417 434/1/425
f 435/1/427 433/1/426 424/1/416
f 426/1/422 425/1/421 433/1/426
f 422/1/414 436/1/428 435/1/427
f 436/1/428 427/1/420 426/1/422
f 421/1/413 437/1/429 436/1/428
f 428/1/418 427/1/420 436/1/428
f 438/1/430 437/1/429 421/1/413
f 438/1/430 429/1/423 428/1/418
f 439/1/431 438/1/430 420/1/412
f 430/1/424 429/1/423 438/1/430
f 418/1/410 440/1/432 439/1/431
f 440/1/432 431/1/419 430/1/424
f 417/1/409 434/1/425 440/1/432
f 434/1/425 432/1/417 431/1/419
f 448/1/433 449/1/437 456/1/434
f 447/1/436 450/1/439 449/1/437
f 446/1/438 451/1/441 450/1/439
f 445/1/440 452/1/443 451/1/441
f 445/1/440 444/1/445 453/1/442
f 443/1/444 454/1/447 453/1/442
f 442/1/446 455/1/448 454/1/447
f 442/1/446 441/1/435 456/1/434
f 455/1/448 456/1/434 457/1/449
f 454/1/447 455/1/448 458/1/450
f 454/1/447 459/1/451 460/1/452
f 453/1/442 460/1/452 461/1/453
f 451/1/441 452/1/443 461/1/453
f 450/1/439 451/1/441 462/1/454
f 450/1/439 463/1/455 464/1/456
f 449/1/437 464/1/456 457/1/449
f 472/1/457 467/1/460 468/1/458
f 467/1/460 472/1/457 465/1/461
f 471/1/459 468/1/458 469/1/463
f 473/1/465 474/1/466 457/1/449
f 465/1/461 472/1/457 474/1/466
f 475/1/467 473/1/465 464/1/456
f 466/1/462 465/1/461 473/1/465
f 462/1/454 476/1/468 475/1/467
f 476/1/468 467/1/460 466/1/462
f 477/1/469 476/1/468 462/1/454
f 468/1/458 467/1/460 476/1/468
f 478/1/470 477/1/469 461/1/453
f 478/1/470 469/1/463 468/1/458
f 479/1/471 478/1/470 460/1/452
f 470/1/464 469/1/463 478/1/470
f 458/1/450 480/1/472 479/1/471
f 480/1/472 471/1/459 470/1/464
f 457/1/449 474/1/466 480/1/472
f 474/1/466 472/1/457 471/1/459
f 488/1/473 489/1/477 496/1/474
f 487/1/476 490/1/479 489/1/477
f 487/1/476 486/1/481 491/1/478
f 485/1/480 492/1/483 491/1/478
f 484/1/482 493/1/485 492/1/483
f 483/1/484 494/1/487 493/1/485
f 483/1/484 482/1/488 495/1/486
f 482/1/488 481/1/475 496/1/474
f 495/1/486 496/1/474 497/1/489
f 495/1/486 498/1/490 499/1/491
f 494/1/487 499/1/491 500/1/492
f 492/1/483 493/1/485 500/1/492
f 492/1/483 501/1/493 502/1/494
f 490/1/479 491/1/478 502/1/494
f 489/1/477 490/1/479 503/1/495
f 489/1/477 504/1/496 497/1/489
f 512/1/497 507/1/500 508/1/498
f 507/1/500 512/1/497 505/1/501
f 511/1/499 508/1/498 509/1/503
f 513/1/505 514/1/506 497/1/489
f 505/1/501 512/1/497 514/1/506
f 515/1/507 513/1/505 504/1/496
f 506/1/502 505/1/501 513/1/505
f 502/1/494 516/1/508 515/1/507
f 516/1/508 507/1/500 506/1/502
f 501/1/493 517/1/509 516/1/508
f 517/1/509 508/1/498 507/1/500
f 518/1/510 517/1/509 501/1/493
f 509/1/503 508/1/498 517/1/509
f 519/1/511 518/1/510 500/1/492
f 510/1/504 509/1/503 518/1/510
f 498/1/490 520/1/512 519/1/511
f 520/1/512 511/1/499 510/1/504
f 497/1/489 514/1/506 520/1/512
f 514/1/506 512/1/497 511/1/499
f 528/1/513 529/1/517 536/1/514
f 527/1/516 530/1/519 529/1/517
f 527/1/516 526/1/521 531/1/518
f 525/1/520 532/1/523 531/1/518
f 525/1/520 524/1/524 533/1/522
f 524/1/524 523/1/526 534/1/525
f 523/1/526 522/1/528 535/1/527
f 522/1/528 521/1/515 536/1/514
f 535/1/527 536/1/514 537/1/529
f 535/1/527 538/1/530 539/1/531
f 534/1/525 539/1/531 540/1/532
f 533/1/522 540/1/532 541/1/533
f 532/1/523 541/1/533 542/1/534
f 530/1/519 531/1/518 542/1/534
f 530/1/519 543/1/535 544/1/536
f 529/1/517 544/1/536 537/1/529
f 552/1/537 547/1/540 548/1/538
f 547/1/540 552/1/537 545/1/541
f 551/1/539 548/1/538 549/1/543
f 553/1/545 554/1/546 537/1/529
f 545/1/541 552/1/537 554/1/546
f 555/1/547 553/1/545 544/1/536
f 546/1/542 545/1/541 553/1/545
f 542/1/534 556/1/548 555/1/547
f 556/1/548 547/1/540 546/1/542
f 541/1/533 557/1/549 556/1/548
f 548/1/538 547/1/540 556/1/548
f 558/1/550 557/1/549 541/1/533
f 558/1/550 549/1/543 548/1/538
f 559/1/551 558/1/550 540/1/532
f 550/1/544 549/1/543 558/1/550
f 538/1/530 560/1/552 559/1/551
f 560/1/552 551/1/539 550/1/544
f 537/1/529 554/1/546 560/1/552
f 554/1/546 552/1/537 551/1/539
f 568/1/553 569/1/556 576/1/285
f 568/1/553 567/1/557 570/1/555
f 567/1/557 566/1/560 571/1/558
f 565/1/559 572/1/562 571/1/558
f 564/1/561 573/1/561 572/1/562
f 563/1/563 574/1/565 573/1/561
f 562/1/564 575/1/566 574/1/565
f 562/1/564 561/1/554 576/1/285
f 575/1/566 576/1/285 577/1/370
f 575/1/566 578/1/567 579/1/568
f 574/1/565 579/1/568 580/1/569
f 573/1/561 580/1/569 581/1/570
f 572/1/562 581/1/570 582/1/375
f 570/1/555 571/1/558 582/1/375
f 570/1/555 583/1/571 584/1/572
f 569/1/556 584/1/572 577/1/370
f 592/1/573 587/1/575 588/1/574
f 587/1/575 592/1/573 585/1/576
f 591/1/380 588/1/574 589/1/578
f 593/1/579 594/1/580 577/1/370
f 585/1/576 592/1/573 594/1/580
f 595/1/581 593/1/579 584/1/572
f 586/1/577 585/1/576 593/1/579
f 582/1/375 596/1/582 595/1/581
f 596/1/582 587/1/575 586/1/577
f 581/1/570 597/1/583 596/1/582
f 588/1/574 587/1/575 596/1/582
f 598/1/584 597/1/583 581/1/570
f 598/1/584 589/1/578 588/1/574
f 599/1/585 598/1/584 580/1/569
f 590/1/385 589/1/578 598/1/584
f 578/1/567 600/1/586 599/1/585
f 600/1/586 591/1/380 590/1/385
f 577/1/370 594/1/580 600/1/586
f 594/1/580 592/1/573 591/1/380
f 608/1/587 609/1/591 616/1/588
f 607/1/590 610/1/593 609/1/591
f 607/1/590 606/1/595 611/1/592
f 605/1/594 612/1/597 611/1/592
f 604/1/596 613/1/599 612/1/597
f 603/1/598 614/1/601 613/1/599
f 603/1/598 602/1/602 615/1/600
f 602/1/602 601/1/589 616/1/588
f 615/1/600 616/1/588 617/1/603
f 615/1/600 618/1/604 619/1/605
f 614/1/601 619/1/605 620/1/606
f 613/1/599 620/1/606 621/1/607
f 612/1/597 621/1/607 622/1/608
f 610/1/593 611/1/592 622/1/608
f 610/1/593 623/1/609 624/1/610
f 609/1/591 624/1/610 617/1/603
f 632/1/611 627/1/614 628/1/612
f 627/1/614 632/1/611 625/1/615
f 631/1/613 628/1/612 629/1/617
f 633/1/619 634/1/620 617/1/603
f 625/1/615 632/1/611 634/1/620
f 635/1/621 633/1/619 624/1/610
f 626/1/616 625/1/615 633/1/619
f 622/1/608 636/1/622 635/1/621
f 636/1/622 627/1/614 626/1/616
f 621/1/607 637/1/623 636/1/622
f 628/1/612 627/1/614 636/1/622
f 620/1/606 638/1/624 637/1/623
f 638/1/624 629/1/617 628/1/612
f 639/1/625 638/1/624 620/1/606
f 630/1/618 629/1/617 638/1/624
f 618/1/604 640/1/626 639/1/625
f 640/1/626 631/1/613 630/1/618
f 634/1/620 640/1/626 618/1/604
f 634/1/620 632/1/611 631/1/613
f 648/1/627 649/1/631 656/1/628
f 647/1/630 650/1/633 649/1/631
f 646/1/632 651/1/635 650/1/633
f 645/1/634 652/1/637 651/1/635
f 645/1/634 644/1/639 653/1/636
f 643/1/638 654/1/641 653/1/636
f 643/1/638 642/1/642 655/1/640
f 642/1/642 641/1/629 656/1/628
f 655/1/640 656/1/628 657/1/643
f 655/1/640 658/1/644 659/1/645
f 654/1/641 659/1/645 660/1/646
f 653/1/636 660/1/646 661/1/647
f 652/1/637 661/1/647 662/1/648
f 650/1/633 651/1/635 662/1/648
f 650/1/633 663/1/649 664/1/650
f 649/1/631 664/1/650 657/1/643
f 672/1/651 667/1/654 668/1/652
f 667/1/654 672/1/651 665/1/655
f 671/1/653 668/1/652 669/1/657
f 664/1/650 673/1/660 674/1/659
f 665/1/655 672/1/651 674/1/659
f 675/1/661 673/1/660 664/1/650
f 666/1/656 665/1/655 673/1/660
f 662/1/648 676/1/662 675/1/661
f 676/1/662 667/1/654 666/1/656
f 661/1/647 677/1/663 676/1/662
f 677/1/663 668/1/652 667/1/654
f 660/1/646 678/1/664 677/1/663
f 678/1/664 669/1/657 668/1/652
f 679/1/665 678/1/664 660/1/646
f 670/1/658 669/1/657 678/1/664
f 658/1/644 680/1/666 679/1/665
f 680/1/666 671/1/653 670/1/658
f 657/1/643 674/1/659 680/1/666
f 674/1/659 672/1/651 671/1/653
f 688/1/667 689/1/670 696/1/668
f 688/1/667 687/1/671 690/1/669
f 687/1/671 686/1/674 691/1/672
f 685/1/673 692/1/675 691/1/672
f 684/1/364 693/1/677 692/1/675
f 683/1/676 694/1/679 693/1/677
f 683/1/676 682/1/680 695/1/678
f 682/1/680 681/1/285 696/1/668
f 695/1/678 696/1/668 697/1/370
f 695/1/678 698/1/567 699/1/681
f 694/1/679 699/1/681 700/1/682
f 693/1/677 700/1/682 701/1/570
f 692/1/675 701/1/570 702/1/683
f 690/1/669 691/1/672 702/1/683
f 690/1/669 703/1/684 704/1/685
f 689/1/670 704/1/685 697/1/370
f 712/1/686 707/1/689 708/1/687
f 707/1/689 712/1/686 705/1/690
f 711/1/688 708/1/687 709/1/692
f 713/1/694 714/1/695 697/1/370
f 705/1/690 712/1/686 714/1/695
f 715/1/388 713/1/694 704/1/685
f 706/1/691 705/1/690 713/1/694
f 702/1/683 716/1/696 715/1/388
f 716/1/696 707/1/689 706/1/691
f 701/1/570 717/1/583 716/1/696
f 708/1/687 707/1/689 716/1/696
f 718/1/697 717/1/583 701/1/570
f 709/1/692 708/1/687 717/1/583
f 719/1/698 718/1/697 700/1/682
f 710/1/693 709/1/692 718/1/697
f 698/1/567 720/1/393 719/1/698
f 720/1/393 711/1/688 710/1/693
f 697/1/370 714/1/695 720/1/393
f 714/1/695 712/1/686 711/1/688
f 856/1/699 725/1/703 728/1/700
f 855/1/702 726/1/708 725/1/703
f 727/1/704 726/1/708 855/1/702
f 728/1/700 727/1/704 854/1/705
f 729/1/706 732/1/711 728/1/700
f 730/1/707 729/1/706 725/1/703
f 727/1/704 731/1/709 730/1/707
f 728/1/700 732/1/711 731/1/709
f 733/1/710 736/1/715 732/1/711
f 734/1/712 733/1/710 729/1/706
f 731/1/709 735/1/713 734/1/712
f 732/1/711 736/1/715 735/1/713
f 737/1/714 740/1/719 736/1/715
f 738/1/716 737/1/714 733/1/710
f 735/1/713 739/1/717 738/1/716
f 736/1/715 740/1/719 739/1/717
f 737/1/714 741/1/720 744/1/718
f 738/1/716 742/1/723 741/1/720
f 743/1/721 742/1/723 738/1/716
f 744/1/718 743/1/721 739/1/717
f 741/1/720 745/1/724 748/1/722
f 742/1/723 746/1/728 745/1/724
f 747/1/725 746/1/728 742/1/723
f 748/1/722 747/1/725 743/1/721
f 749/1/726 752/1/731 748/1/722
f 750/1/727 749/1/726 745/1/724
f 747/1/725 751/1/729 750/1/727
f 748/1/722 752/1/731 751/1/729
f 749/1/726 753/1/732 756/1/730
f 750/1/727 754/1/735 753/1/732
f 755/1/733 754/1/735 750/1/727
f 756/1/730 755/1/733 751/1/729
f 753/1/732 757/1/736 760/1/734
f 754/1/735 758/1/739 757/1/736
f 759/1/737 758/1/739 754/1/735
f 760/1/734 759/1/737 755/1/733
f 757/1/736 761/1/740 764/1/738
f 758/1/739 762/1/743 761/1/740
f 763/1/741 762/1/743 758/1/739
f 764/1/738 763/1/741 759/1/737
f 761/1/740 765/1/744 768/1/742
f 762/1/743 766/1/748 765/1/744
f 767/1/745 766/1/748 762/1/743
f 768/1/742 767/1/745 763/1/741
f 769/1/746 772/1/751 768/1/742
f 770/1/747 769/1/746 765/1/744
f 767/1/745 771/1/749 770/1/747
f 768/1/742 772/1/751 771/1/749
f 773/1/750 776/1/755 772/1/751
f 774/1/752 773/1/750 769/1/746
f 771/1/749 775/1/753 774/1/752
f 772/1/751 776/1/755 775/1/753
f 777/1/754 780/1/759 776/1/755
f 778/1/756 777/1/754 773/1/750
f 775/1/753 779/1/757 778/1/756
f 776/1/755 780/1/759 779/1/757
f 777/1/754 781/1/760 784/1/758
f 778/1/756 782/1/764 781/1/760
f 783/1/761 782/1/764 778/1/756
f 784/1/758 783/1/761 779/1/757
f 785/1/762 788/1/767 784/1/758
f 786/1/763 785/1/762 781/1/760
f 783/1/761 787/1/765 786/1/763
f 784/1/758 788/1/767 787/1/765
f 789/1/766 792/1/771 788/1/767
f 790/1/768 789/1/766 785/1/762
f 787/1/765 791/1/769 790/1/768
f 788/1/767 792/1/771 791/1/769
f 789/1/766 793/1/772 796/1/770
f 790/1/768 794/1/775 793/1/772
f 795/1/773 794/1/775 790/1/768
f 796/1/770 795/1/773 791/1/769
f 793/1/772 797/1/776 800/1/774
f 794/1/775 798/1/779 797/1/776
f 799/1/777 798/1/779 794/1/775
f 800/1/774 799/1/777 795/1/773
f 797/1/776 801/1/780 804/1/778
f 798/1/779 802/1/784 801/1/780
f 803/1/781 802/1/784 798/1/779
f 804/1/778 803/1/781 799/1/777
f 805/1/782 808/1/787 804/1/778
f 806/1/783 805/1/782 801/1/780
f 803/1/781 807/1/785 806/1/783
f 804/1/778 808/1/787 807/1/785
f 809/1/786 812/1/791 808/1/787
f 810/1/788 809/1/786 805/1/782
f 807/1/785 811/1/789 810/1/788
f 808/1/787 812/1/791 811/1/789
f 813/1/790 816/1/795 812/1/791
f 814/1/792 813/1/790 809/1/786
f 811/1/789 815/1/793 814/1/792
f 812/1/791 816/1/795 815/1/793
f 817/1/794 820/1/799 816/1/795
f 818/1/796 817/1/794 813/1/790
f 815/1/793 819/1/797 818/1/796
f 816/1/795 820/1/799 819/1/797
f 817/1/794 821/1/800 824/1/798
f 818/1/796 822/1/804 821/1/800
f 823/1/801 822/1/804 818/1/796
f 824/1/798 823/1/801 819/1/797
f 825/1/802 828/1/807 824/1/798
f 826/1/803 825/1/802 821/1/800
f 823/1/801 827/1/805 826/1/803
f 824/1/798 828/1/807 827/1/805
f 829/1/806 832/1/811 828/1/807
f 830/1/808 829/1/806 825/1/802
f 827/1/805 831/1/809 830/1/808
f 828/1/807 832/1/811 831/1/809
f 829/1/806 833/1/812 836/1/810
f 830/1/808 834/1/815 833/1/812
f 835/1/813 834/1/815 830/1/808
f 836/1/810 835/1/813 831/1/809
f 833/1/812 837/1/816 840/1/814
f 834/1/815 838/1/819 837/1/816
f 839/1/817 838/1/819 834/1/815
f 840/1/814 839/1/817 835/1/813
f 837/1/816 841/1/820 844/1/818
f 838/1/819 842/1/830 841/1/820
f 843/1/821 842/1/830 838/1/819
f 844/1/818 843/1/821 839/1/817
f 845/1/822 848/1/829 852/1/823
f 846/1/825 845/1/822 849/1/824
f 851/1/827 847/1/828 846/1/825
f 852/1/823 848/1/829 847/1/828
f 848/1/829 845/1/822 846/1/825
f 844/1/818 852/1/823 851/1/827
f 843/1/821 851/1/827 850/1/826
f 850/1/826 849/1/824 841/1/820
f 849/1/824 852/1/823 844/1/818
f 721/1/831 724/1/834 723/1/832
f 724/1/834 853/1/701 854/1/705
f 723/1/832 854/1/705 855/1/702
f 855/1/702 856/1/699 721/1/831
f 856/1/699 853/1/701 724/1/834
f 988/1/835 861/1/842 864/1/836
f 862/1/838 861/1/842 988/1/835
f 863/1/840 862/1/838 987/1/839
f 985/1/837 864/1/836 863/1/840
f 861/1/842 865/1/847 868/1/843
f 866/1/844 865/1/847 861/1/842
f 867/1/845 866/1/844 862/1/838
f 864/1/836 868/1/843 867/1/845
f 869/1/846 872/1/851 868/1/843
f 870/1/848 869/1/846 865/1/847
f 867/1/845 871/1/849 870/1/848
f 868/1/843 872/1/851 871/1/849
f 873/1/850 876/1/855 872/1/851
f 874/1/852 873/1/850 869/1/846
f 871/1/849 875/1/853 874/1/852
f 872/1/851 876/1/855 875/1/853
f 877/1/854 880/1/857 876/1/855
f 874/1/852 878/1/856 877/1/854
f 875/1/853 879/1/861 878/1/856
f 880/1/857 879/1/861 875/1/853
f 877/1/854 881/1/859 884/1/858
f 878/1/856 882/1/864 881/1/859
f 883/1/860 882/1/864 878/1/856
f 884/1/858 883/1/860 879/1/861
f 885/1/862 888/1/867 884/1/858
f 886/1/863 885/1/862 881/1/859
f 883/1/860 887/1/865 886/1/863
f 884/1/858 888/1/867 887/1/865
f 885/1/862 889/1/868 892/1/866
f 886/1/863 890/1/871 889/1/868
f 891/1/869 890/1/871 886/1/863
f 892/1/866 891/1/869 887/1/865
f 889/1/868 893/1/872 896/1/870
f 890/1/871 894/1/875 893/1/872
f 895/1/873 894/1/875 890/1/871
f 896/1/870 895/1/873 891/1/869
f 893/1/872 897/1/876 900/1/874
f 894/1/875 898/1/879 897/1/876
f 899/1/877 898/1/879 894/1/875
f 900/1/874 899/1/877 895/1/873
f 897/1/876 901/1/880 904/1/878
f 898/1/879 902/1/884 901/1/880
f 903/1/881 902/1/884 898/1/879
f 904/1/878 903/1/881 899/1/877
f 905/1/882 908/1/887 904/1/878
f 906/1/883 905/1/882 901/1/880
f 903/1/881 907/1/885 906/1/883
f 904/1/878 908/1/887 907/1/885
f 909/1/886 912/1/891 908/1/887
f 910/1/888 909/1/886 905/1/882
f 907/1/885 911/1/889 910/1/888
f 908/1/887 912/1/891 911/1/889
f 913/1/890 916/1/895 912/1/891
f 914/1/892 913/1/890 909/1/886
f 911/1/889 915/1/893 914/1/892
f 912/1/891 916/1/895 915/1/893
f 913/1/890 917/1/896 920/1/894
f 914/1/892 918/1/900 917/1/896
f 919/1/897 918/1/900 914/1/892
f 920/1/894 919/1/897 915/1/893
f 921/1/898 924/1/903 920/1/894
f 922/1/899 921/1/898 917/1/896
f 919/1/897 923/1/901 922/1/899
f 920/1/894 924/1/903 923/1/901
f 925/1/902 928/1/907 924/1/903
f 926/1/904 925/1/902 921/1/898
f 923/1/901 927/1/905 926/1/904
f 924/1/903 928/1/907 927/1/905
f 925/1/902 929/1/908 932/1/906
f 926/1/904 930/1/911 929/1/908
f 931/1/909 930/1/911 926/1/904
f 932/1/906 931/1/909 927/1/905
f 929/1/908 933/1/912 936/1/910
f 930/1/911 934/1/915 933/1/912
f 935/1/913 934/1/915 930/1/911
f 936/1/910 935/1/913 931/1/909
f 933/1/912 937/1/916 940/1/914
f 934/1/915 938/1/920 937/1/916
f 939/1/917 938/1/920 934/1/915
f 940/1/914 939/1/917 935/1/913
f 941/1/918 944/1/923 940/1/914
f 942/1/919 941/1/918 937/1/916
f 939/1/917 943/1/921 942/1/919
f 940/1/914 944/1/923 943/1/921
f 945/1/922 948/1/927 944/1/923
f 946/1/924 945/1/922 941/1/918
f 943/1/921 947/1/925 946/1/924
f 944/1/923 948/1/927 947/1/925
f 949/1/926 952/1/931 948/1/927
f 950/1/928 949/1/926 945/1/922
f 947/1/925 951/1/929 950/1/928
f 948/1/927 952/1/931 951/1/929
f 953/1/930 956/1/935 952/1/931
f 954/1/932 953/1/930 949/1/926
f 951/1/929 955/1/933 954/1/932
f 952/1/931 956/1/935 955/1/933
f 953/1/930 957/1/936 960/1/934
f 954/1/932 958/1/940 957/1/936
f 959/1/937 958/1/940 954/1/932
f 960/1/934 959/1/937 955/1/933
f 961/1/938 964/1/943 960/1/934
f 962/1/939 961/1/938 957/1/936
f 959/1/937 963/1/941 962/1/939
f 960/1/934 964/1/943 963/1/941
f 965/1/942 968/1/947 964/1/943
f 966/1/944 965/1/942 961/1/938
f 963/1/941 967/1/945 966/1/944
f 964/1/943 968/1/947 967/1/945
f 965/1/942 969/1/948 972/1/946
f 966/1/944 970/1/951 969/1/948
f 971/1/949 970/1/951 966/1/944
f 972/1/946 971/1/949 967/1/945
f 969/1/948 973/1/952 976/1/950
f 970/1/951 974/1/955 973/1/952
f 975/1/953 974/1/955 970/1/951
f 976/1/950 975/1/953 971/1/949
f 973/1/952 977/1/956 980/1/954
f 974/1/955 978/1/970 977/1/956
f 979/1/957 978/1/970 974/1/955
f 980/1/954 979/1/957 975/1/953
f 981/1/958 984/1/964 992/1/959
f 990/1/961 982/1/963 981/1/958
f 991/1/962 983/1/965 982/1/963
f 984/1/964 983/1/965 991/1/962
f 983/1/965 984/1/964 981/1/958
f 860/1/966 859/1/969 858/1/967
f 860/1/966 985/1/837 986/1/841
f 986/1/841 987/1/839 858/1/967
f 987/1/839 988/1/835 857/1/968
f 857/1/968 988/1/835 985/1/837
f 980/1/954 992/1/959 991/1/962
f 991/1/962 990/1/961 978/1/970
f 990/1/961 989/1/960 977/1/956
f 977/1/956 989/1/960 992/1/959
f 1124/1/971 997/1/975 1000/1/972
f 1123/1/974 998/1/980 997/1/975
f 999/1/976 998/1/980 1123/1/974
f 1000/1/972 999/1/976 1122/1/977
f 1001/1/978 1004/1/983 1000/1/972
f 1002/1/979 1001/1/978 997/1/975
f 999/1/976 1003/1/981 1002/1/979
f 1000/1/972 1004/1/983 1003/1/981
f 1005/1/982 1008/1/987 1004/1/983
f 1006/1/984 1005/1/982 1001/1/978
f 1003/1/981 1007/1/985 1006/1/984
f 1004/1/983 1008/1/987 1007/1/985
f 1009/1/986 1012/1/991 1008/1/987
f 1010/1/988 1009/1/986 1005/1/982
f 1007/1/985 1011/1/989 1010/1/988
f 1008/1/987 1012/1/991 1011/1/989
f 1009/1/986 1013/1/992 1016/1/990
f 1010/1/988 1014/1/995 1013/1/992
f 1015/1/993 1014/1/995 1010/1/988
f 1016/1/990 1015/1/993 1011/1/989
f 1013/1/992 1017/1/996 1020/1/994
f 1014/1/995 1018/1/1000 1017/1/996
f 1019/1/997 1018/1/1000 1014/1/995
f 1020/1/994 1019/1/997 1015/1/993
f 1021/1/998 1024/1/1003 1020/1/994
f 1022/1/999 1021/1/998 1017/1/996
f 1019/1/997 1023/1/1001 1022/1/999
f 1020/1/994 1024/1/1003 1023/1/1001
f 1021/1/998 1025/1/1004 1028/1/1002
f 1022/1/999 1026/1/1007 1025/1/1004
f 1027/1/1005 1026/1/1007 1022/1/999
f 1028/1/1002 1027/1/1005 1023/1/1001
f 1025/1/1004 1029/1/1008 1032/1/1006
f 1026/1/1007 1030/1/1011 1029/1/1008
f 1031/1/1009 1030/1/1011 1026/1/1007
f 1032/1/1006 1031/1/1009 1027/1/1005
f 1029/1/1008 1033/1/1012 1036/1/1010
f 1030/1/1011 1034/1/1015 1033/1/1012
f 1035/1/1013 1034/1/1015 1030/1/1011
f 1036/1/1010 1035/1/1013 1031/1/1009
f 1033/1/1012 1037/1/1016 1040/1/1014
f 1034/1/1015 1038/1/1020 1037/1/1016
f 1039/1/1017 1038/1/1020 1034/1/1015
f 1040/1/1014 1039/1/1017 1035/1/1013
f 1041/1/1018 1044/1/1023 1040/1/1014
f 1042/1/1019 1041/1/1018 1037/1/1016
f 1039/1/1017 1043/1/1021 1042/1/1019
f 1040/1/1014 1044/1/1023 1043/1/1021
f 1045/1/1022 1048/1/1027 1044/1/1023
f 1046/1/1024 1045/1/1022 1041/1/1018
f 1043/1/1021 1047/1/1025 1046/1/1024
f 1044/1/1023 1048/1/1027 1047/1/1025
f 1049/1/1026 1052/1/1031 1048/1/1027
f 1050/1/1028 1049/1/1026 1045/1/1022
f 1047/1/1025 1051/1/1029 1050/1/1028
f 1048/1/1027 1052/1/1031 1051/1/1029
f 1049/1/1026 1053/1/1032 1056/1/1030
f 1050/1/1028 1054/1/1036 1053/1/1032
f 1055/1/1033 1054/1/1036 1050/1/1028
f 1056/1/1030 1055/1/1033 1051/1/1029
f 1057/1/1034 1060/1/1039 1056/1/1030
f 1058/1/1035 1057/1/1034 1053/1/1032
f 1055/1/1033 1059/1/1037 1058/1/1035
f 1056/1/1030 1060/1/1039 1059/1/1037
f 1061/1/1038 1064/1/1043 1060/1/1039
f 1062/1/1040 1061/1/1038 1057/1/1034
f 1059/1/1037 1063/1/1041 1062/1/1040
f 1060/1/1039 1064/1/1043 1063/1/1041
f 1061/1/1038 1065/1/1044 1068/1/1042
f 1062/1/1040 1066/1/1047 1065/1/1044
f 1067/1/1045 1066/1/1047 1062/1/1040
f 1068/1/1042 1067/1/1045 1063/1/1041
f 1065/1/1044 1069/1/1048 1072/1/1046
f 1066/1/1047 1070/1/1051 1069/1/1048
f 1071/1/1049 1070/1/1051 1066/1/1047
f 1072/1/1046 1071/1/1049 1067/1/1045
f 1069/1/1048 1073/1/1052 1076/1/1050
f 1070/1/1051 1074/1/1056 1073/1/1052
f 1075/1/1053 1074/1/1056 1070/1/1051
f 1076/1/1050 1075/1/1053 1071/1/1049
f 1077/1/1054 1080/1/1059 1076/1/1050
f 1078/1/1055 1077/1/1054 1073/1/1052
f 1075/1/1053 1079/1/1057 1078/1/1055
f 1076/1/1050 1080/1/1059 1079/1/1057
f 1081/1/1058 1084/1/1063 1080/1/1059
f 1082/1/1060 1081/1/1058 1077/1/1054
f 1079/1/1057 1083/1/1061 1082/1/1060
f 1080/1/1059 1084/1/1063 1083/1/1061
f 1085/1/1062 1088/1/1067 1084/1/1063
f 1086/1/1064 1085/1/1062 1081/1/1058
f 1083/1/1061 1087/1/1065 1086/1/1064
f 1084/1/1063 1088/1/1067 1087/1/1065
f 1089/1/1066 1092/1/1071 1088/1/1067
f 1090/1/1068 1089/1/1066 1085/1/1062
f 1087/1/1065 1091/1/1069 1090/1/1068
f 1088/1/1067 1092/1/1071 1091/1/1069
f 1089/1/1066 1093/1/1072 1096/1/1070
f 1090/1/1068 1094/1/1076 1093/1/1072
f 1095/1/1073 1094/1/1076 1090/1/1068
f 1096/1/1070 1095/1/1073 1091/1/1069
f 1097/1/1074 1100/1/1079 1096/1/1070
f 1098/1/1075 1097/1/1074 1093/1/1072
f 1095/1/1073 1099/1/1077 1098/1/1075
f 1096/1/1070 1100/1/1079 1099/1/1077
f 1101/1/1078 1104/1/1083 1100/1/1079
f 1102/1/1080 1101/1/1078 1097/1/1074
f 1099/1/1077 1103/1/1081 1102/1/1080
f 1100/1/1079 1104/1/1083 1103/1/1081
f 1101/1/1078 1105/1/1084 1108/1/1082
f 1102/1/1080 1106/1/1087 1105/1/1084
f 1107/1/1085 1106/1/1087 1102/1/1080
f 1108/1/1082 1107/1/1085 1103/1/1081
f 1105/1/1084 1109/1/1088 1112/1/1086
f 1106/1/1087 1110/1/1091 1109/1/1088
f 1111/1/1089 1110/1/1091 1106/1/1087
f 1112/1/1086 1111/1/1089 1107/1/1085
f 1109/1/1088 1113/1/1092 1116/1/1090
f 1110/1/1091 1114/1/1105 1113/1/1092
f 1115/1/1093 1114/1/1105 1110/1/1091
f 1116/1/1090 1115/1/1093 1111/1/1089
f 1117/1/1094 1120/1/1106 1128/1/1095
f 1118/1/1097 1117/1/1094 1125/1/1096
f 1127/1/1099 1119/1/1100 1118/1/1097
f 1128/1/1095 1120/1/1106 1119/1/1100
f 996/1/1101 1121/1/973 1122/1/977
f 995/1/1102 1122/1/977 1123/1/974
f 1123/1/974 1124/1/971 993/1/1104
f 1124/1/971 1121/1/973 996/1/1101
f 1116/1/1090 1128/1/1095 1127/1/1099
f 1115/1/1093 1127/1/1099 1126/1/1098
f 1126/1/1098 1125/1/1096 1113/1/1092
f 1125/1/1096 1128/1/1095 1116/1/1090
f 996/1/1101 995/1/1102 994/1/1103
f 1120/1/1106 1117/1/1094 1118/1/1097
f 1136/1/1107 1137/1/1111 1144/1/1108
f 1135/1/1110 1138/1/1113 1137/1/1111
f 1135/1/1110 1134/1/1115 1139/1/1112
f 1133/1/1114 1140/1/1117 1139/1/1112
f 1132/1/1116 1141/1/1119 1140/1/1117
f 1131/1/1118 1142/1/1121 1141/1/1119
f 1131/1/1118 1130/1/1122 1143/1/1120
f 1129/1/1109 1144/1/1108 1143/1/1120
f 1143/1/1120 1144/1/1108 1145/1/1123
f 1143/1/1120 1146/1/1124 1147/1/1125
f 1142/1/1121 1147/1/1125 1148/1/1126
f 1140/1/1117 1141/1/1119 1148/1/1126
f 1140/1/1117 1149/1/1127 1150/1/1128
f 1138/1/1113 1139/1/1112 1150/1/1128
f 1138/1/1113 1151/1/1129 1152/1/1130
f 1137/1/1111 1152/1/1130 1145/1/1123
f 1160/1/1131 1155/1/1134 1156/1/1132
f 1155/1/1134 1160/1/1131 1153/1/1135
f 1159/1/1133 1156/1/1132 1157/1/1137
f 1152/1/1130 1161/1/1140 1162/1/1139
f 1153/1/1135 1160/1/1131 1162/1/1139
f 1163/1/1141 1161/1/1140 1152/1/1130
f 1154/1/1136 1153/1/1135 1161/1/1140
f 1150/1/1128 1164/1/1142 1163/1/1141
f 1164/1/1142 1155/1/1134 1154/1/1136
f 1165/1/1143 1164/1/1142 1150/1/1128
f 1156/1/1132 1155/1/1134 1164/1/1142
f 1148/1/1126 1166/1/1144 1165/1/1143
f 1166/1/1144 1157/1/1137 1156/1/1132
f 1167/1/1145 1166/1/1144 1148/1/1126
f 1158/1/1138 1157/1/1137 1166/1/1144
f 1146/1/1124 1168/1/1146 1167/1/1145
f 1168/1/1146 1159/1/1133 1158/1/1138
f 1145/1/1123 1162/1/1139 1168/1/1146
f 1162/1/1139 1160/1/1131 1159/1/1133
f 1176/1/1147 1177/1/1151 1184/1/1148
f 1175/1/1150 1178/1/1153 1177/1/1151
f 1175/1/1150 1174/1/1155 1179/1/1152
f 1173/1/1154 1180/1/1157 1179/1/1152
f 1172/1/1156 1181/1/1159 1180/1/1157
f 1171/1/1158 1182/1/1161 1181/1/1159
f 1171/1/1158 1170/1/1162 1183/1/1160
f 1170/1/1162 1169/1/1149 1184/1/1148
f 1183/1/1160 1184/1/1148 1185/1/1163
f 1182/1/1161 1183/1/1160 1186/1/1164
f 1182/1/1161 1187/1/1165 1188/1/1166
f 1181/1/1159 1188/1/1166 1189/1/1167
f 1179/1/1152 1180/1/1157 1189/1/1167
f 1178/1/1153 1179/1/1152 1190/1/1168
f 1178/1/1153 1191/1/1169 1192/1/1170
f 1177/1/1151 1192/1/1170 1185/1/1163
f 1200/1/1171 1195/1/1174 1196/1/1172
f 1195/1/1174 1200/1/1171 1193/1/1175
f 1199/1/1173 1196/1/1172 1197/1/1177
f 1201/1/1179 1202/1/1180 1185/1/1163
f 1193/1/1175 1200/1/1171 1202/1/1180
f 1203/1/1181 1201/1/1179 1192/1/1170
f 1194/1/1176 1193/1/1175 1201/1/1179
f 1190/1/1168 1204/1/1182 1203/1/1181
f 1204/1/1182 1195/1/1174 1194/1/1176
f 1205/1/1183 1204/1/1182 1190/1/1168
f 1205/1/1183 1196/1/1172 1195/1/1174
f 1188/1/1166 1206/1/1184 1205/1/1183
f 1197/1/1177 1196/1/1172 1205/1/1183
f 1207/1/1185 1206/1/1184 1188/1/1166
f 1198/1/1178 1197/1/1177 1206/1/1184
f 1186/1/1164 1208/1/1186 1207/1/1185
f 1208/1/1186 1199/1/1173 1198/1/1178
f 1185/1/1163 1202/1/1180 1208/1/1186
f 1202/1/1180 1200/1/1171 1199/1/1173
f 1216/1/1187 1217/1/1191 1224/1/1188
f 1215/1/1190 1218/1/1193 1217/1/1191
f 1215/1/1190 1214/1/1195 1219/1/1192
f 1213/1/1194 1220/1/1197 1219/1/1192
f 1213/1/1194 1212/1/1199 1221/1/1196
f 1211/1/1198 1222/1/1201 1221/1/1196
f 1210/1/1200 1223/1/1202 1222/1/1201
f 1210/1/1200 1209/1/1189 1224/1/1188
f 1223/1/1202 1224/1/1188 1225/1/1203
f 1222/1/1201 1223/1/1202 1226/1/1204
f 1222/1/1201 1227/1/1205 1228/1/1206
f 1221/1/1196 1228/1/1206 1229/1/1207
f 1220/1/1197 1229/1/1207 1230/1/1208
f 1218/1/1193 1219/1/1192 1230/1/1208
f 1217/1/1191 1218/1/1193 1231/1/1209
f 1217/1/1191 1232/1/1210 1225/1/1203
f 1240/1/1211 1235/1/1214 1236/1/1212
f 1235/1/1214 1240/1/1211 1233/1/1215
f 1239/1/1213 1236/1/1212 1237/1/1217
f 1241/1/1219 1242/1/1220 1225/1/1203
f 1233/1/1215 1240/1/1211 1242/1/1220
f 1243/1/1221 1241/1/1219 1232/1/1210
f 1234/1/1216 1233/1/1215 1241/1/1219
f 1230/1/1208 1244/1/1222 1243/1/1221
f 1244/1/1222 1235/1/1214 1234/1/1216
f 1229/1/1207 1245/1/1223 1244/1/1222
f 1236/1/1212 1235/1/1214 1244/1/1222
f 1246/1/1224 1245/1/1223 1229/1/1207
f 1246/1/1224 1237/1/1217 1236/1/1212
f 1247/1/1225 1246/1/1224 1228/1/1206
f 1238/1/1218 1237/1/1217 1246/1/1224
f 1226/1/1204 1248/1/1226 1247/1/1225
f 1248/1/1226 1239/1/1213 1238/1/1218
f 1225/1/1203 1242/1/1220 1248/1/1226
f 1242/1/1220 1240/1/1211 1239/1/1213
